Month 0,Month 1,Month 2,Month 3,Month 4,Month 5,Month 6,Month 7,Month 8,Month 9,Month 10,Month 11,Month 12,Month 13,Month 14,Month 15,Month 16,Month 17,Month 18,Month 19,Month 20,Month 21,Month 22,Month 23,Month 24,Month 25,Month 26,Month 27,Month 28,Month 29,Month 30,Month 31,Month 32,Month 33,Month 34,Month 35,Month 36,Month 37,Month 38,Month 39,Month 40,Month 41,Month 42,Month 43,Month 44,Month 45,Month 46,Month 47,Month 48,Month 49,Month 50,Month 51,Month 52,Month 53,Month 54,Month 55,Month 56,Month 57,Month 58,Month 59,Month 60,Month 61,Month 62,Month 63,Month 64,Month 65,Month 66,Month 67,Month 68,Month 69,Month 70,Month 71,Month 72,Month 73,Month 74,Month 75,Month 76,Month 77,Month 78,Month 79,Month 80,Month 81,Month 82,Month 83,Month 84,Month 85,Month 86,Month 87,Month 88,Month 89,Month 90,Month 91,Month 92,Month 93,Month 94,Month 95,Month 96,Month 97,Month 98,Month 99,Month 100,Month 101,Month 102,Month 103,Month 104,Month 105,Month 106,Month 107,Month 108,Month 109,Month 110,Month 111,Month 112,Month 113,Month 114,Month 115,Month 116,Month 117,Month 118,Month 119,Month 120
1500,1498,1508,1509,1491,1490,1501,1517,1517,1516,1514,1517,1541,1540,1580,1581,1587,1585,1581,1575,1587,1581,1586,1596,1598,1601,1594,1593,1595,1556,1551,1545,1558,1542,1543,1525,1516,1509,1503,1513,1475,1475,1466,1470,1462,1477,1464,1480,1480,1472,1463,1470,1470,1509,1495,1492,1491,1488,1499,1499,1494,1503,1501,1501,1501,1504,1461,1466,1461,1479,1470,1467,1469,1453,1444,1447,1451,1442,1442,1430,1393,1390,1400,1407,1396,1382,1379,1387,1457,1425,1445,1446,1445,1430,1436,1456,1450,1453,1467,1479,1482,1474,1475,1476,1479,1516,1500,1486,1470,1461,1459,1458,1446,1446,1441,1441,1442,1439,1444,1442,1437
1500,1492,1497,1481,1479,1475,1469,1471,1473,1473,1453,1453,1455,1453,1457,1449,1449,1451,1447,1454,1454,1456,1473,1466,1466,1471,1479,1492,1494,1511,1513,1540,1554,1557,1558,1541,1528,1530,1552,1556,1554,1561,1571,1566,1551,1545,1541,1547,1529,1527,1515,1555,1551,1550,1542,1506,1512,1505,1513,1512,1551,1549,1555,1549,1549,1522,1517,1512,1522,1494,1488,1486,1481,1477,1479,1475,1484,1479,1475,1473,1473,1472,1480,1489,1489,1488,1538,1542,1560,1566,1571,1586,1591,1595,1626,1612,1596,1581,1590,1601,1584,1587,1585,1570,1550,1546,1545,1545,1528,1522,1520,1517,1528,1518,1519,1519,1518,1519,1494,1478,1477
1500,1489,1502,1505,1510,1516,1519,1571,1590,1586,1607,1601,1596,1596,1594,1593,1582,1576,1576,1574,1607,1608,1596,1599,1624,1622,1601,1542,1537,1534,1571,1563,1568,1567,1565,1566,1570,1618,1611,1607,1617,1621,1613,1613,1605,1604,1590,1631,1635,1677,1680,1682,1688,1680,1680,1683,1697,1693,1700,1710,1705,1711,1656,1660,1652,1648,1669,1669,1654,1620,1631,1630,1631,1637,1637,1615,1611,1615,1620,1644,1639,1654,1644,1648,1668,1674,1677,1707,1717,1719,1714,1718,1725,1704,1697,1696,1683,1704,1716,1706,1707,1700,1681,1669,1675,1684,1710,1706,1677,1677,1661,1652,1645,1661,1687,1699,1699,1681,1679,1677,1683
1500,1541,1549,1546,1563,1558,1553,1538,1541,1530,1530,1561,1520,1475,1471,1466,1458,1440,1447,1448,1445,1458,1436,1436,1445,1453,1447,1460,1437,1430,1426,1402,1389,1389,1389,1405,1398,1398,1397,1385,1374,1379,1386,1379,1380,1370,1370,1353,1354,1353,1345,1351,1341,1342,1342,1342,1372,1348,1335,1335,1319,1320,1323,1323,1287,1290,1287,1294,1308,1315,1315,1315,1315,1322,1334,1356,1363,1365,1368,1411,1417,1413,1403,1402,1390,1413,1405,1396,1401,1399,1399,1379,1395,1389,1388,1388,1388,1393,1395,1385,1390,1386,1381,1388,1377,1380,1353,1353,1345,1340,1357,1355,1351,1351,1341,1338,1306,1314,1293,1291,1292
1500,1507,1463,1461,1465,1461,1466,1466,1467,1467,1467,1470,1471,1476,1463,1449,1449,1449,1445,1440,1438,1435,1436,1436,1417,1417,1429,1417,1423,1399,1399,1387,1375,1377,1368,1372,1377,1377,1408,1408,1404,1407,1407,1400,1390,1411,1408,1406,1414,1413,1418,1428,1426,1425,1420,1411,1415,1397,1391,1391,1384,1370,1373,1369,1375,1357,1350,1351,1351,1356,1355,1348,1350,1344,1337,1320,1318,1322,1329,1324,1311,1308,1351,1357,1351,1351,1336,1339,1340,1341,1349,1357,1360,1356,1356,1359,1365,1349,1354,1360,1371,1359,1359,1359,1337,1334,1338,1336,1333,1337,1338,1344,1329,1319,1327,1327,1333,1327,1307,1309,1306
1500,1520,1509,1527,1520,1504,1496,1504,1505,1504,1506,1500,1497,1510,1504,1537,1547,1538,1511,1511,1493,1486,1498,1514,1538,1565,1566,1567,1573,1543,1531,1552,1554,1556,1557,1537,1506,1513,1510,1523,1521,1526,1522,1509,1515,1511,1511,1518,1518,1517,1528,1526,1518,1520,1529,1525,1502,1517,1516,1521,1524,1534,1552,1545,1537,1535,1535,1565,1606,1601,1597,1597,1600,1606,1607,1606,1604,1592,1589,1579,1578,1583,1573,1558,1562,1570,1579,1566,1559,1557,1554,1561,1561,1554,1552,1553,1545,1518,1515,1529,1531,1537,1525,1536,1536,1533,1550,1554,1573,1560,1557,1554,1555,1538,1545,1555,1545,1545,1542,1536,1565
1500,1515,1511,1510,1497,1517,1513,1510,1499,1510,1512,1528,1538,1559,1531,1541,1543,1586,1556,1579,1572,1594,1548,1543,1544,1549,1555,1553,1567,1560,1580,1578,1580,1566,1565,1571,1577,1573,1572,1565,1599,1604,1626,1634,1634,1635,1641,1630,1625,1628,1626,1657,1656,1665,1683,1674,1670,1637,1646,1652,1648,1634,1655,1646,1644,1649,1651,1652,1663,1659,1651,1651,1648,1652,1654,1659,1659,1662,1659,1644,1644,1642,1647,1667,1640,1630,1640,1642,1591,1591,1592,1595,1579,1582,1581,1585,1573,1569,1567,1565,1575,1575,1570,1572,1596,1613,1619,1611,1606,1592,1594,1583,1599,1587,1578,1587,1585,1587,1586,1590,1602
1500,1505,1508,1543,1550,1550,1538,1532,1539,1526,1557,1575,1577,1589,1583,1580,1589,1601,1597,1600,1601,1597,1578,1578,1579,1572,1570,1537,1541,1537,1539,1540,1553,1551,1550,1555,1548,1545,1535,1485,1487,1485,1496,1497,1497,1504,1503,1515,1518,1516,1536,1533,1521,1537,1516,1510,1515,1532,1509,1461,1461,1471,1472,1454,1452,1446,1445,1427,1446,1452,1457,1456,1452,1458,1464,1469,1470,1469,1445,1443,1423,1417,1410,1408,1416,1409,1416,1417,1419,1435,1452,1453,1452,1433,1435,1434,1428,1421,1410,1409,1414,1432,1432,1441,1444,1443,1456,1419,1407,1412,1422,1422,1422,1422,1419,1428,1432,1442,1454,1468,1469
1500,1500,1474,1466,1467,1464,1469,1458,1452,1449,1451,1426,1424,1431,1405,1409,1409,1418,1418,1428,1439,1454,1463,1438,1443,1443,1466,1515,1508,1515,1530,1535,1512,1517,1504,1472,1471,1452,1415,1414,1420,1414,1400,1409,1403,1398,1390,1394,1410,1409,1389,1411,1389,1427,1424,1426,1427,1423,1421,1413,1411,1403,1403,1400,1397,1407,1417,1411,1415,1420,1423,1468,1483,1487,1483,1490,1492,1498,1492,1482,1470,1441,1436,1436,1425,1428,1420,1418,1410,1399,1381,1380,1383,1392,1393,1392,1386,1385,1396,1391,1370,1383,1382,1384,1388,1382,1376,1371,1369,1382,1377,1369,1364,1367,1366,1379,1378,1389,1389,1394,1398
1500,1495,1487,1458,1461,1460,1454,1473,1478,1463,1453,1446,1452,1448,1449,1455,1443,1443,1435,1437,1437,1458,1398,1411,1411,1406,1416,1380,1380,1378,1378,1381,1371,1378,1384,1384,1377,1375,1372,1350,1343,1344,1331,1329,1349,1349,1329,1333,1331,1333,1318,1303,1294,1296,1290,1290,1288,1304,1303,1297,1297,1298,1292,1284,1275,1275,1269,1269,1256,1253,1244,1240,1238,1241,1241,1239,1236,1237,1240,1242,1242,1242,1244,1248,1235,1235,1236,1235,1233,1233,1216,1216,1221,1212,1198,1187,1186,1204,1204,1196,1205,1208,1203,1212,1210,1201,1201,1204,1210,1211,1215,1216,1216,1215,1217,1207,1207,1207,1199,1209,1249
1500,1493,1495,1486,1484,1489,1493,1502,1483,1476,1478,1475,1469,1465,1465,1471,1480,1480,1461,1454,1446,1447,1451,1445,1447,1435,1421,1384,1328,1345,1345,1335,1331,1330,1334,1334,1323,1311,1308,1302,1304,1304,1312,1309,1311,1305,1301,1299,1309,1310,1308,1307,1306,1309,1303,1323,1323,1322,1322,1335,1344,1370,1367,1380,1371,1402,1412,1410,1386,1399,1404,1423,1416,1414,1420,1429,1427,1424,1428,1429,1426,1441,1442,1440,1440,1443,1437,1431,1429,1442,1458,1458,1455,1449,1444,1459,1451,1455,1423,1420,1410,1414,1464,1478,1486,1468,1460,1470,1495,1492,1487,1484,1488,1487,1481,1481,1532,1529,1523,1519,1523
1500,1500,1507,1505,1503,1504,1532,1515,1528,1513,1490,1517,1517,1513,1522,1533,1533,1525,1513,1510,1553,1558,1576,1575,1575,1563,1563,1560,1586,1561,1566,1562,1567,1567,1571,1569,1563,1570,1557,1546,1530,1559,1556,1559,1562,1555,1548,1544,1542,1539,1535,1540,1537,1533,1545,1540,1538,1543,1547,1545,1535,1539,1532,1529,1536,1545,1526,1541,1545,1543,1544,1541,1517,1531,1533,1531,1527,1551,1546,1541,1567,1570,1574,1583,1584,1587,1573,1571,1566,1564,1584,1581,1578,1574,1574,1548,1543,1528,1538,1550,1541,1538,1547,1553,1546,1550,1570,1566,1562,1554,1561,1573,1579,1586,1601,1602,1608,1587,1589,1592,1601
1500,1487,1484,1482,1483,1483,1475,1482,1497,1506,1537,1541,1533,1532,1531,1527,1524,1515,1515,1489,1492,1488,1481,1485,1485,1475,1476,1477,1473,1509,1509,1511,1510,1511,1533,1520,1516,1510,1515,1520,1526,1522,1515,1498,1493,1489,1464,1460,1476,1493,1488,1495,1496,1480,1479,1471,1462,1462,1483,1484,1485,1493,1506,1525,1516,1520,1530,1532,1557,1564,1551,1546,1539,1570,1572,1580,1579,1561,1560,1547,1552,1558,1568,1562,1579,1583,1592,1597,1598,1604,1604,1607,1607,1600,1604,1601,1609,1602,1594,1590,1605,1627,1626,1615,1611,1620,1601,1605,1603,1611,1624,1636,1619,1560,1570,1577,1581,1568,1574,1555,1542
1500,1488,1489,1489,1501,1507,1515,1477,1473,1480,1472,1472,1481,1475,1475,1475,1473,1477,1487,1511,1508,1496,1508,1516,1512,1525,1521,1521,1519,1515,1521,1508,1504,1521,1544,1545,1506,1520,1540,1542,1558,1559,1542,1543,1570,1569,1543,1543,1542,1542,1527,1527,1526,1531,1537,1503,1503,1504,1489,1485,1493,1494,1494,1495,1492,1505,1485,1497,1486,1487,1487,1507,1511,1504,1495,1507,1527,1529,1527,1522,1490,1495,1492,1490,1493,1490,1492,1494,1490,1504,1526,1534,1539,1538,1546,1565,1567,1566,1560,1566,1570,1570,1569,1554,1524,1518,1518,1516,1505,1505,1510,1515,1514,1513,1510,1508,1506,1511,1509,1512,1509
1500,1514,1523,1527,1525,1535,1528,1528,1526,1583,1602,1600,1603,1599,1598,1569,1568,1566,1550,1552,1554,1555,1555,1561,1552,1551,1548,1544,1549,1548,1548,1566,1576,1574,1570,1567,1558,1528,1525,1532,1531,1541,1554,1541,1494,1496,1482,1481,1483,1483,1475,1463,1475,1470,1459,1459,1440,1437,1442,1423,1451,1464,1444,1448,1448,1435,1441,1450,1458,1464,1464,1520,1535,1536,1521,1505,1498,1489,1492,1490,1499,1501,1480,1492,1547,1575,1588,1586,1590,1564,1560,1560,1567,1570,1563,1557,1584,1589,1579,1570,1610,1649,1666,1664,1659,1686,1701,1698,1690,1695,1708,1716,1714,1712,1726,1703,1702,1703,1696,1711,1709
1500,1494,1499,1501,1478,1486,1492,1496,1501,1503,1508,1511,1504,1489,1477,1472,1484,1461,1455,1443,1419,1415,1402,1417,1411,1407,1369,1372,1372,1382,1392,1391,1398,1386,1379,1366,1370,1360,1350,1349,1348,1354,1348,1348,1350,1358,1351,1357,1352,1351,1345,1339,1336,1333,1335,1329,1348,1353,1364,1365,1362,1371,1374,1371,1376,1379,1376,1369,1365,1365,1341,1366,1362,1383,1386,1386,1411,1405,1414,1406,1414,1426,1427,1444,1439,1403,1409,1442,1428,1422,1422,1420,1419,1419,1416,1446,1443,1421,1414,1414,1414,1407,1413,1429,1427,1432,1442,1456,1425,1428,1428,1436,1408,1426,1454,1450,1462,1478,1473,1457,1448
1500,1464,1452,1452,1451,1487,1480,1479,1488,1485,1486,1480,1476,1486,1488,1486,1497,1495,1511,1519,1511,1514,1508,1482,1482,1478,1477,1490,1498,1503,1497,1486,1510,1527,1521,1517,1516,1517,1526,1521,1520,1513,1513,1505,1482,1474,1462,1463,1433,1429,1429,1435,1435,1428,1422,1428,1409,1416,1395,1383,1385,1360,1359,1356,1356,1361,1350,1344,1341,1329,1336,1332,1326,1345,1349,1351,1336,1327,1322,1344,1327,1326,1320,1304,1304,1302,1304,1302,1306,1290,1288,1282,1278,1266,1268,1273,1313,1315,1312,1307,1288,1285,1284,1299,1289,1282,1281,1281,1282,1280,1289,1292,1333,1331,1334,1334,1331,1337,1344,1363,1368
1500,1495,1501,1500,1493,1482,1481,1473,1513,1500,1509,1528,1531,1535,1522,1535,1528,1527,1535,1517,1511,1507,1485,1479,1481,1476,1469,1478,1474,1474,1476,1471,1480,1477,1478,1484,1467,1456,1450,1456,1454,1467,1483,1488,1478,1475,1478,1484,1483,1482,1482,1490,1475,1479,1471,1496,1494,1450,1437,1437,1444,1441,1452,1446,1447,1458,1460,1448,1439,1545,1550,1554,1553,1552,1565,1563,1572,1583,1578,1583,1623,1606,1597,1585,1580,1577,1569,1569,1557,1580,1580,1576,1577,1584,1584,1597,1562,1558,1554,1556,1558,1560,1536,1531,1529,1529,1520,1516,1484,1480,1476,1479,1466,1461,1478,1493,1492,1492,1493,1477,1456
1500,1501,1495,1495,1509,1588,1592,1596,1598,1595,1576,1573,1579,1579,1593,1590,1581,1569,1571,1582,1592,1605,1618,1619,1606,1591,1568,1565,1538,1531,1531,1525,1528,1520,1525,1515,1514,1516,1531,1523,1526,1534,1524,1522,1526,1521,1521,1529,1529,1528,1535,1535,1542,1544,1538,1529,1534,1535,1534,1538,1552,1558,1566,1539,1555,1549,1543,1541,1542,1550,1542,1525,1528,1537,1507,1492,1519,1515,1506,1501,1509,1508,1507,1536,1536,1533,1541,1537,1529,1531,1556,1555,1562,1567,1581,1580,1580,1584,1593,1612,1611,1617,1628,1628,1630,1633,1630,1601,1616,1593,1587,1595,1598,1600,1623,1619,1595,1621,1621,1624,1625
1500,1551,1545,1547,1537,1545,1545,1541,1538,1527,1515,1502,1484,1477,1479,1496,1497,1501,1516,1526,1531,1535,1536,1546,1540,1529,1546,1542,1554,1531,1530,1526,1539,1544,1558,1570,1570,1571,1581,1578,1582,1580,1592,1598,1614,1615,1615,1614,1623,1635,1619,1616,1615,1608,1603,1600,1605,1629,1629,1612,1639,1634,1628,1637,1639,1627,1637,1633,1631,1615,1596,1612,1614,1625,1634,1617,1657,1660,1658,1657,1668,1675,1672,1661,1648,1629,1629,1642,1641,1624,1616,1613,1613,1614,1612,1564,1560,1548,1553,1557,1559,1615,1602,1647,1649,1646,1625,1624,1588,1599,1596,1595,1562,1557,1573,1572,1627,1615,1610,1613,1622
1500,1500,1499,1495,1452,1479,1469,1458,1456,1465,1462,1451,1421,1420,1421,1380,1363,1369,1386,1379,1373,1375,1345,1343,1343,1343,1358,1405,1421,1413,1412,1421,1428,1428,1452,1453,1439,1435,1433,1433,1421,1425,1425,1439,1464,1466,1457,1455,1453,1441,1431,1425,1430,1427,1423,1425,1424,1415,1432,1434,1432,1428,1427,1418,1431,1418,1418,1422,1422,1422,1406,1400,1400,1402,1399,1431,1431,1417,1418,1416,1428,1434,1441,1441,1443,1440,1465,1454,1453,1441,1444,1447,1456,1458,1456,1450,1453,1463,1465,1459,1457,1463,1461,1448,1475,1492,1493,1499,1513,1497,1506,1495,1499,1501,1505,1504,1499,1493,1490,1497,1508
1500,1484,1489,1494,1486,1482,1487,1483,1479,1473,1473,1484,1481,1417,1414,1407,1408,1408,1404,1407,1408,1430,1449,1452,1455,1442,1467,1476,1481,1474,1465,1463,1458,1466,1473,1447,1432,1459,1457,1463,1463,1465,1461,1448,1444,1454,1449,1462,1465,1480,1480,1474,1480,1456,1442,1438,1447,1445,1438,1462,1460,1459,1461,1504,1500,1494,1503,1511,1516,1517,1514,1515,1490,1489,1452,1451,1457,1423,1443,1429,1407,1407,1405,1411,1409,1398,1401,1398,1400,1397,1392,1381,1379,1376,1388,1387,1386,1372,1366,1358,1363,1322,1305,1317,1286,1290,1293,1286,1296,1291,1291,1311,1326,1324,1315,1302,1293,1282,1276,1268,1264
1500,1487,1481,1472,1473,1476,1477,1473,1471,1482,1480,1495,1493,1490,1515,1513,1520,1494,1527,1555,1556,1558,1588,1577,1579,1581,1522,1524,1552,1553,1540,1536,1543,1536,1526,1534,1528,1526,1546,1533,1545,1538,1514,1506,1504,1484,1426,1412,1419,1409,1407,1405,1391,1423,1424,1428,1431,1430,1420,1406,1406,1426,1456,1481,1477,1476,1481,1478,1473,1452,1451,1562,1559,1559,1560,1578,1596,1596,1584,1586,1592,1600,1599,1598,1598,1604,1610,1616,1637,1637,1641,1648,1656,1677,1661,1659,1669,1665,1656,1650,1679,1684,1677,1704,1693,1691,1691,1692,1692,1672,1688,1665,1657,1637,1637,1623,1621,1633,1635,1617,1654
1500,1506,1489,1458,1473,1478,1478,1484,1510,1511,1497,1514,1514,1541,1537,1535,1506,1499,1468,1459,1481,1492,1504,1503,1530,1530,1527,1504,1505,1496,1510,1510,1522,1522,1522,1526,1524,1522,1525,1521,1515,1516,1529,1528,1503,1472,1473,1464,1468,1472,1474,1484,1489,1482,1499,1500,1512,1507,1511,1522,1527,1544,1544,1529,1530,1533,1523,1513,1515,1520,1518,1518,1514,1504,1506,1509,1513,1501,1520,1510,1500,1500,1498,1488,1484,1496,1467,1457,1458,1449,1455,1453,1475,1470,1459,1456,1448,1440,1436,1439,1434,1430,1429,1421,1422,1424,1424,1413,1414,1419,1394,1397,1400,1386,1384,1383,1396,1396,1395,1394,1390
1500,1514,1512,1530,1518,1528,1526,1525,1521,1500,1507,1513,1507,1507,1507,1512,1536,1530,1540,1543,1556,1553,1540,1544,1525,1532,1530,1503,1484,1491,1497,1498,1495,1505,1509,1516,1536,1543,1544,1528,1526,1539,1536,1534,1535,1545,1545,1547,1543,1542,1590,1585,1613,1614,1604,1587,1587,1584,1579,1592,1609,1606,1615,1619,1623,1620,1632,1630,1637,1611,1619,1615,1649,1658,1642,1652,1652,1637,1649,1639,1653,1687,1692,1689,1706,1702,1691,1688,1687,1682,1689,1692,1694,1707,1711,1712,1704,1703,1680,1676,1687,1691,1679,1679,1674,1667,1653,1657,1658,1651,1671,1685,1708,1701,1698,1695,1694,1690,1703,1696,1699
1500,1494,1459,1459,1445,1444,1444,1448,1454,1460,1443,1450,1449,1439,1463,1451,1452,1462,1462,1482,1484,1480,1475,1491,1489,1505,1504,1504,1478,1467,1483,1493,1497,1497,1507,1501,1490,1475,1470,1468,1466,1460,1451,1444,1444,1450,1441,1441,1442,1444,1541,1564,1582,1591,1590,1594,1595,1590,1592,1591,1598,1609,1596,1597,1617,1626,1620,1595,1590,1601,1607,1604,1604,1585,1584,1581,1580,1580,1565,1576,1574,1572,1577,1576,1569,1576,1566,1554,1571,1571,1546,1530,1529,1524,1532,1541,1589,1593,1594,1606,1639,1632,1619,1602,1601,1611,1612,1604,1608,1593,1596,1604,1600,1616,1602,1589,1582,1598,1599,1580,1607
1500,1496,1487,1497,1493,1470,1464,1452,1441,1445,1444,1453,1460,1461,1455,1453,1458,1465,1469,1457,1468,1479,1506,1494,1508,1483,1489,1499,1511,1528,1534,1534,1539,1526,1514,1532,1505,1503,1512,1536,1529,1535,1521,1536,1527,1525,1515,1514,1524,1532,1630,1626,1616,1611,1608,1653,1641,1642,1640,1637,1632,1616,1605,1607,1640,1633,1631,1623,1644,1648,1652,1661,1695,1691,1682,1681,1661,1648,1665,1663,1661,1659,1667,1663,1672,1673,1641,1691,1686,1676,1679,1679,1672,1665,1681,1681,1632,1633,1643,1629,1633,1658,1648,1626,1632,1625,1622,1623,1616,1600,1609,1608,1672,1646,1640,1625,1638,1610,1607,1613,1613
1500,1495,1502,1508,1482,1480,1470,1461,1455,1430,1433,1421,1390,1377,1366,1364,1364,1363,1361,1339,1334,1340,1342,1334,1334,1332,1330,1320,1320,1323,1321,1317,1312,1337,1327,1327,1327,1327,1319,1328,1339,1339,1329,1329,1327,1333,1326,1326,1328,1327,1331,1328,1324,1316,1312,1311,1296,1270,1268,1274,1273,1262,1263,1290,1287,1297,1297,1298,1315,1313,1313,1305,1305,1304,1303,1313,1308,1306,1309,1299,1299,1304,1301,1301,1301,1298,1296,1293,1260,1263,1258,1235,1228,1198,1191,1169,1159,1160,1157,1157,1167,1164,1156,1160,1159,1160,1170,1168,1168,1170,1167,1161,1153,1136,1146,1146,1151,1155,1155,1155,1155
1500,1488,1490,1471,1464,1472,1491,1493,1499,1496,1496,1494,1528,1519,1505,1500,1538,1545,1552,1496,1494,1468,1463,1453,1459,1466,1465,1470,1455,1448,1448,1480,1432,1433,1435,1423,1433,1370,1373,1381,1383,1383,1384,1380,1375,1377,1369,1361,1357,1352,1357,1371,1378,1374,1374,1366,1363,1376,1383,1375,1380,1399,1403,1403,1392,1389,1381,1384,1382,1386,1390,1387,1382,1383,1376,1369,1366,1360,1356,1359,1411,1415,1415,1416,1410,1419,1419,1441,1441,1440,1445,1441,1430,1422,1415,1428,1423,1423,1426,1429,1365,1353,1354,1354,1371,1362,1361,1367,1366,1363,1351,1375,1368,1384,1378,1366,1366,1364,1362,1354,1352
1500,1498,1474,1490,1473,1476,1487,1486,1474,1467,1474,1471,1465,1464,1479,1504,1499,1527,1506,1486,1487,1487,1501,1508,1508,1506,1504,1499,1498,1557,1563,1563,1565,1560,1556,1555,1568,1536,1548,1541,1542,1532,1542,1540,1549,1550,1549,1558,1564,1563,1560,1567,1576,1579,1580,1594,1589,1583,1620,1638,1632,1637,1641,1635,1641,1633,1640,1633,1628,1624,1621,1614,1634,1605,1610,1613,1590,1597,1599,1554,1547,1550,1560,1561,1557,1537,1534,1510,1499,1507,1536,1538,1544,1549,1548,1553,1587,1584,1560,1562,1548,1573,1571,1571,1578,1547,1551,1559,1530,1519,1504,1488,1483,1486,1507,1502,1482,1475,1474,1471,1488
1500,1502,1501,1495,1515,1516,1513,1512,1529,1534,1528,1537,1530,1536,1511,1506,1504,1504,1501,1492,1492,1492,1492,1493,1489,1489,1486,1541,1543,1543,1536,1539,1550,1548,1552,1549,1549,1565,1565,1561,1558,1554,1541,1534,1526,1531,1525,1529,1529,1527,1520,1515,1523,1539,1552,1552,1544,1536,1535,1534,1532,1535,1530,1539,1536,1544,1575,1586,1586,1585,1589,1591,1576,1575,1575,1579,1564,1575,1591,1594,1592,1603,1603,1616,1605,1605,1615,1615,1615,1614,1607,1604,1607,1582,1587,1585,1583,1602,1615,1614,1614,1615,1613,1606,1606,1618,1632,1665,1665,1661,1646,1644,1642,1676,1678,1671,1663,1659,1664,1658,1663
1500,1503,1501,1504,1501,1492,1492,1500,1500,1498,1495,1485,1490,1494,1500,1509,1522,1513,1508,1513,1487,1475,1469,1471,1474,1472,1467,1452,1457,1457,1463,1440,1440,1439,1408,1408,1400,1404,1392,1391,1389,1389,1376,1397,1405,1404,1399,1406,1383,1383,1391,1399,1407,1393,1390,1392,1388,1422,1434,1437,1435,1435,1437,1435,1468,1457,1462,1463,1473,1463,1445,1490,1493,1494,1491,1502,1503,1507,1503,1497,1495,1478,1476,1473,1460,1468,1468,1461,1455,1451,1496,1495,1524,1563,1555,1556,1563,1576,1579,1582,1605,1607,1607,1558,1562,1558,1550,1546,1550,1560,1558,1548,1557,1563,1562,1572,1578,1562,1538,1533,1506
1500,1498,1500,1489,1483,1488,1501,1494,1494,1487,1477,1470,1469,1469,1472,1466,1466,1448,1464,1454,1456,1452,1437,1446,1446,1454,1444,1443,1443,1444,1450,1449,1428,1423,1429,1404,1403,1400,1417,1417,1399,1409,1389,1397,1392,1376,1376,1374,1361,1349,1349,1365,1365,1363,1362,1397,1389,1407,1401,1410,1403,1398,1386,1385,1376,1379,1380,1376,1374,1383,1395,1381,1354,1350,1348,1359,1345,1355,1344,1345,1335,1335,1343,1348,1381,1392,1387,1385,1378,1378,1391,1391,1401,1405,1399,1414,1416,1404,1420,1418,1417,1405,1417,1425,1427,1435,1430,1410,1424,1397,1394,1391,1382,1374,1377,1386,1400,1365,1362,1358,1357
1500,1495,1496,1493,1477,1466,1426,1410,1410,1418,1409,1415,1418,1412,1442,1445,1475,1476,1476,1476,1476,1485,1492,1477,1485,1475,1496,1505,1499,1498,1502,1495,1496,1542,1549,1550,1549,1561,1555,1580,1565,1540,1544,1542,1555,1558,1574,1566,1577,1579,1572,1575,1571,1576,1576,1579,1612,1599,1603,1600,1588,1579,1601,1614,1615,1606,1637,1633,1639,1635,1628,1615,1622,1630,1623,1623,1609,1607,1594,1615,1618,1631,1629,1636,1666,1672,1667,1670,1660,1655,1668,1667,1645,1654,1637,1643,1639,1642,1643,1644,1643,1641,1637,1633,1590,1597,1599,1599,1589,1599,1607,1615,1618,1603,1593,1594,1589,1589,1579,1585,1614
1500,1499,1466,1470,1483,1483,1495,1495,1495,1500,1487,1478,1470,1483,1503,1493,1483,1480,1482,1488,1495,1501,1504,1503,1505,1514,1500,1496,1494,1487,1493,1488,1488,1454,1459,1457,1464,1457,1441,1436,1436,1437,1447,1449,1443,1458,1458,1468,1461,1458,1457,1462,1485,1479,1479,1477,1477,1495,1493,1495,1493,1487,1485,1500,1502,1481,1485,1484,1499,1496,1488,1479,1481,1482,1483,1491,1485,1471,1468,1428,1428,1401,1406,1405,1416,1412,1407,1375,1375,1382,1365,1363,1365,1365,1319,1321,1323,1305,1293,1285,1290,1284,1278,1277,1276,1272,1277,1271,1278,1270,1264,1238,1225,1225,1225,1222,1222,1210,1211,1209,1209
1500,1509,1519,1519,1523,1523,1519,1523,1539,1534,1523,1537,1531,1531,1530,1525,1530,1515,1506,1505,1527,1516,1520,1521,1562,1568,1568,1568,1575,1604,1614,1620,1642,1648,1645,1656,1658,1660,1663,1663,1656,1665,1657,1655,1654,1656,1653,1663,1662,1678,1682,1728,1706,1693,1712,1717,1719,1708,1690,1684,1686,1686,1685,1691,1693,1683,1719,1712,1712,1743,1776,1780,1783,1773,1756,1758,1757,1774,1769,1756,1755,1716,1729,1708,1697,1698,1712,1693,1685,1699,1719,1731,1769,1768,1755,1746,1754,1745,1754,1756,1797,1797,1795,1810,1802,1781,1781,1854,1853,1849,1829,1831,1834,1823,1818,1786,1797,1802,1789,1793,1789
1500,1524,1526,1533,1529,1529,1542,1541,1537,1537,1529,1539,1550,1563,1569,1573,1573,1577,1584,1578,1554,1561,1557,1542,1537,1527,1525,1539,1537,1523,1542,1536,1536,1517,1519,1520,1523,1516,1523,1521,1538,1539,1538,1525,1522,1538,1550,1542,1532,1536,1543,1599,1607,1612,1611,1584,1568,1550,1550,1543,1552,1542,1527,1573,1591,1594,1615,1618,1614,1613,1601,1605,1601,1630,1614,1616,1643,1641,1654,1625,1623,1639,1644,1658,1662,1662,1655,1656,1655,1648,1642,1646,1632,1615,1630,1636,1639,1643,1656,1670,1680,1686,1710,1705,1715,1716,1710,1675,1673,1664,1649,1641,1627,1589,1587,1581,1579,1586,1697,1691,1700
1500,1506,1506,1492,1491,1489,1515,1514,1497,1491,1496,1501,1507,1516,1519,1510,1509,1523,1497,1494,1493,1499,1516,1527,1518,1518,1516,1520,1519,1505,1500,1502,1487,1490,1484,1473,1461,1467,1470,1477,1500,1493,1493,1514,1497,1482,1495,1485,1493,1512,1507,1490,1492,1489,1465,1450,1448,1438,1428,1467,1470,1470,1457,1473,1489,1484,1463,1471,1468,1463,1473,1470,1470,1470,1470,1469,1457,1462,1466,1473,1469,1468,1448,1453,1470,1461,1454,1417,1407,1410,1405,1396,1396,1406,1398,1404,1401,1405,1402,1400,1401,1395,1416,1408,1405,1401,1415,1417,1417,1417,1416,1401,1394,1395,1392,1406,1403,1398,1390,1390,1393
1500,1489,1481,1465,1478,1477,1474,1504,1502,1508,1501,1511,1523,1529,1525,1519,1522,1518,1526,1508,1514,1514,1513,1519,1524,1513,1514,1515,1530,1552,1553,1561,1542,1538,1545,1553,1550,1540,1535,1538,1537,1550,1550,1582,1577,1594,1637,1628,1619,1611,1611,1614,1621,1621,1607,1621,1622,1622,1622,1625,1618,1594,1599,1595,1595,1588,1671,1656,1645,1658,1655,1662,1687,1670,1644,1638,1619,1613,1618,1624,1623,1614,1622,1624,1613,1617,1627,1619,1643,1647,1650,1648,1654,1661,1675,1696,1689,1679,1688,1672,1673,1668,1669,1666,1658,1639,1641,1671,1644,1675,1682,1667,1679,1683,1678,1668,1665,1667,1673,1665,1662
1500,1499,1495,1445,1459,1473,1469,1439,1433,1428,1450,1461,1459,1448,1449,1457,1475,1473,1461,1468,1467,1492,1452,1410,1400,1400,1384,1369,1372,1372,1368,1370,1362,1358,1353,1339,1346,1346,1341,1351,1367,1364,1394,1392,1391,1384,1382,1373,1375,1375,1397,1390,1401,1395,1403,1413,1415,1429,1424,1424,1416,1400,1399,1405,1403,1409,1409,1434,1432,1435,1437,1425,1457,1459,1454,1414,1403,1385,1384,1373,1375,1369,1371,1358,1348,1345,1347,1337,1327,1328,1323,1321,1311,1309,1312,1305,1319,1325,1320,1321,1321,1311,1312,1312,1314,1313,1317,1315,1297,1299,1288,1289,1284,1279,1277,1285,1285,1271,1273,1283,1277
1500,1510,1510,1506,1516,1510,1495,1504,1514,1510,1513,1501,1501,1503,1531,1535,1547,1529,1517,1513,1518,1519,1547,1561,1558,1552,1551,1556,1603,1588,1587,1587,1591,1590,1594,1618,1623,1627,1634,1633,1630,1623,1620,1617,1591,1591,1566,1568,1586,1584,1593,1588,1587,1575,1573,1567,1588,1578,1577,1564,1560,1548,1538,1543,1546,1543,1546,1551,1559,1563,1587,1593,1586,1591,1589,1597,1578,1578,1571,1571,1565,1569,1588,1583,1595,1592,1581,1576,1586,1595,1598,1582,1586,1581,1589,1585,1593,1599,1604,1600,1604,1622,1621,1649,1649,1654,1648,1643,1639,1646,1630,1627,1624,1613,1613,1622,1630,1634,1623,1614,1607
1500,1480,1458,1445,1438,1437,1434,1419,1420,1410,1410,1410,1405,1406,1421,1420,1417,1425,1417,1419,1423,1422,1400,1414,1424,1461,1477,1478,1467,1488,1502,1497,1513,1497,1511,1509,1512,1506,1505,1492,1488,1488,1495,1466,1460,1442,1441,1427,1440,1443,1447,1446,1450,1456,1450,1447,1461,1468,1463,1457,1464,1466,1474,1478,1481,1472,1467,1475,1482,1482,1456,1460,1448,1441,1436,1448,1452,1458,1450,1450,1457,1451,1440,1435,1431,1430,1430,1430,1422,1427,1427,1429,1435,1436,1443,1445,1442,1442,1417,1410,1415,1407,1410,1413,1389,1386,1386,1385,1367,1368,1388,1388,1376,1347,1346,1356,1356,1325,1327,1327,1327
1500,1489,1491,1481,1481,1493,1495,1489,1488,1485,1495,1495,1505,1499,1498,1497,1508,1509,1501,1504,1518,1481,1479,1481,1475,1485,1476,1479,1484,1483,1486,1486,1488,1495,1511,1503,1496,1504,1507,1506,1495,1492,1481,1521,1512,1521,1521,1525,1519,1517,1548,1549,1560,1584,1580,1581,1588,1576,1574,1593,1599,1603,1621,1614,1627,1628,1615,1620,1625,1625,1627,1630,1637,1634,1629,1608,1618,1611,1612,1623,1619,1623,1623,1612,1608,1606,1614,1608,1605,1613,1616,1614,1610,1605,1600,1605,1588,1595,1586,1551,1542,1522,1496,1501,1488,1480,1489,1466,1472,1455,1448,1442,1452,1445,1455,1440,1436,1431,1519,1523,1514
1500,1496,1487,1487,1491,1491,1491,1473,1476,1456,1453,1428,1436,1428,1434,1421,1411,1413,1433,1432,1428,1427,1428,1429,1422,1409,1422,1369,1373,1367,1380,1357,1378,1384,1375,1374,1374,1356,1354,1355,1356,1353,1357,1355,1369,1371,1379,1378,1371,1374,1372,1372,1374,1374,1351,1361,1354,1354,1345,1345,1347,1333,1336,1340,1353,1345,1353,1365,1360,1368,1367,1364,1399,1405,1401,1362,1350,1350,1347,1343,1342,1348,1326,1327,1324,1323,1329,1329,1329,1328,1324,1341,1323,1320,1327,1333,1328,1327,1329,1341,1341,1341,1337,1336,1336,1329,1296,1291,1278,1280,1250,1275,1285,1285,1282,1280,1278,1266,1259,1278,1278
1500,1497,1493,1495,1485,1474,1466,1468,1463,1470,1501,1493,1475,1455,1465,1465,1465,1461,1455,1456,1454,1469,1470,1473,1478,1489,1505,1504,1503,1491,1515,1518,1515,1496,1485,1488,1488,1532,1554,1546,1547,1536,1533,1538,1540,1548,1538,1537,1537,1534,1552,1561,1561,1561,1559,1559,1554,1566,1611,1607,1613,1601,1605,1598,1627,1628,1622,1618,1618,1631,1640,1636,1623,1614,1616,1628,1651,1652,1670,1668,1681,1651,1650,1655,1655,1628,1627,1627,1625,1608,1576,1581,1579,1587,1580,1570,1571,1583,1577,1566,1561,1561,1545,1543,1547,1563,1564,1574,1574,1558,1567,1572,1567,1553,1558,1550,1559,1571,1571,1589,1585
1500,1520,1510,1511,1497,1500,1504,1509,1515,1514,1516,1484,1480,1468,1470,1463,1455,1456,1451,1459,1466,1459,1495,1488,1473,1473,1464,1465,1470,1447,1407,1417,1417,1417,1410,1398,1411,1415,1416,1398,1385,1385,1376,1364,1369,1367,1372,1399,1402,1413,1414,1416,1401,1394,1395,1397,1396,1414,1415,1431,1432,1424,1416,1416,1416,1409,1426,1443,1431,1424,1424,1421,1416,1414,1434,1419,1409,1410,1397,1397,1392,1386,1387,1424,1424,1411,1415,1428,1429,1429,1442,1424,1395,1384,1385,1388,1379,1372,1380,1382,1390,1394,1391,1396,1424,1423,1413,1413,1409,1396,1383,1402,1401,1389,1360,1353,1357,1352,1354,1356,1358
1500,1517,1518,1509,1613,1620,1601,1613,1581,1591,1566,1544,1524,1524,1519,1524,1509,1509,1530,1527,1528,1529,1526,1528,1529,1578,1613,1668,1661,1660,1646,1632,1620,1622,1611,1608,1598,1592,1591,1586,1586,1586,1584,1548,1548,1552,1555,1552,1602,1609,1621,1622,1632,1633,1625,1630,1610,1595,1582,1582,1580,1580,1587,1598,1596,1598,1595,1599,1593,1592,1607,1613,1634,1677,1683,1674,1675,1680,1672,1665,1662,1659,1659,1662,1644,1659,1670,1675,1669,1657,1647,1641,1625,1618,1633,1622,1616,1616,1614,1617,1614,1641,1651,1655,1657,1659,1694,1678,1660,1675,1689,1696,1694,1690,1707,1728,1737,1737,1735,1732,1736
1500,1511,1544,1539,1529,1542,1543,1538,1537,1537,1537,1533,1533,1542,1555,1552,1555,1563,1562,1557,1560,1600,1600,1576,1578,1583,1592,1595,1608,1602,1593,1596,1592,1639,1634,1619,1612,1613,1608,1607,1601,1600,1630,1619,1619,1618,1589,1591,1592,1593,1642,1632,1627,1621,1625,1615,1594,1608,1608,1607,1603,1601,1618,1625,1658,1652,1655,1640,1643,1644,1652,1643,1646,1646,1659,1659,1632,1638,1630,1633,1650,1639,1648,1649,1652,1666,1663,1640,1653,1657,1670,1674,1672,1676,1669,1706,1700,1701,1712,1712,1727,1721,1754,1763,1745,1754,1754,1762,1760,1778,1784,1760,1759,1765,1778,1771,1763,1773,1761,1719,1719
1500,1499,1531,1531,1532,1531,1526,1540,1547,1547,1545,1541,1544,1541,1545,1542,1542,1539,1546,1539,1539,1529,1531,1501,1512,1518,1514,1527,1527,1468,1470,1471,1474,1487,1479,1475,1480,1488,1499,1499,1499,1512,1512,1516,1502,1489,1499,1506,1512,1521,1512,1502,1499,1485,1493,1494,1494,1491,1482,1484,1486,1486,1496,1496,1489,1489,1492,1497,1470,1473,1479,1486,1487,1486,1457,1470,1460,1457,1461,1461,1459,1471,1479,1479,1487,1492,1511,1476,1488,1500,1483,1480,1458,1458,1468,1444,1434,1436,1438,1429,1431,1421,1443,1471,1455,1465,1466,1467,1477,1492,1503,1499,1498,1501,1495,1490,1514,1514,1510,1512,1521
1500,1500,1510,1506,1507,1520,1514,1514,1525,1522,1520,1546,1539,1526,1530,1530,1519,1524,1521,1533,1522,1513,1514,1510,1511,1496,1496,1495,1494,1491,1483,1492,1495,1497,1497,1540,1538,1537,1517,1510,1510,1499,1495,1492,1508,1505,1505,1477,1475,1481,1475,1465,1451,1447,1439,1449,1449,1446,1447,1435,1438,1435,1435,1428,1420,1417,1409,1409,1409,1415,1415,1394,1369,1356,1357,1344,1341,1324,1332,1324,1313,1329,1326,1326,1325,1325,1355,1341,1341,1359,1360,1357,1356,1365,1353,1339,1339,1339,1338,1332,1351,1346,1345,1345,1333,1337,1336,1362,1357,1345,1346,1346,1338,1341,1335,1346,1345,1347,1341,1341,1336
1500,1489,1462,1461,1450,1437,1432,1426,1426,1425,1429,1428,1433,1428,1439,1448,1453,1447,1458,1455,1447,1457,1421,1437,1436,1426,1422,1421,1411,1408,1400,1409,1408,1418,1411,1402,1412,1404,1390,1382,1379,1380,1371,1375,1373,1368,1360,1354,1403,1410,1406,1404,1383,1399,1396,1374,1374,1383,1394,1388,1387,1393,1393,1393,1385,1389,1392,1387,1394,1394,1399,1397,1392,1374,1369,1383,1372,1371,1389,1391,1415,1418,1403,1407,1384,1388,1392,1402,1397,1400,1422,1407,1416,1406,1397,1401,1397,1389,1384,1381,1384,1403,1396,1399,1412,1415,1424,1411,1417,1434,1429,1409,1404,1400,1404,1412,1462,1462,1460,1440,1446
1500,1495,1475,1475,1471,1473,1471,1459,1432,1437,1437,1446,1447,1457,1464,1464,1448,1458,1452,1452,1456,1462,1463,1460,1466,1463,1431,1434,1414,1409,1395,1392,1395,1390,1392,1384,1387,1394,1386,1385,1383,1379,1365,1384,1392,1392,1392,1396,1390,1387,1377,1390,1386,1388,1383,1378,1378,1385,1403,1398,1396,1393,1397,1400,1398,1389,1387,1386,1383,1382,1391,1404,1404,1406,1414,1412,1409,1393,1390,1394,1399,1409,1409,1406,1404,1407,1385,1383,1385,1399,1406,1418,1431,1427,1426,1427,1428,1411,1410,1410,1416,1447,1444,1431,1433,1428,1431,1432,1439,1440,1444,1446,1444,1449,1443,1444,1459,1450,1448,1450,1445
1500,1506,1490,1486,1490,1496,1492,1483,1477,1492,1502,1476,1505,1485,1492,1484,1499,1505,1475,1471,1479,1473,1478,1468,1468,1479,1492,1492,1496,1500,1484,1484,1480,1482,1492,1502,1513,1485,1485,1496,1491,1488,1499,1497,1506,1506,1505,1515,1524,1523,1523,1512,1508,1521,1513,1560,1553,1559,1561,1556,1555,1558,1553,1555,1555,1555,1556,1554,1536,1545,1572,1584,1578,1575,1579,1582,1586,1589,1613,1615,1574,1573,1690,1687,1681,1700,1705,1697,1690,1701,1701,1694,1661,1657,1657,1684,1677,1677,1688,1635,1655,1656,1665,1663,1665,1647,1635,1634,1634,1632,1636,1639,1630,1631,1637,1634,1630,1623,1621,1619,1604
1500,1488,1450,1450,1462,1464,1464,1486,1492,1481,1481,1481,1491,1506,1504,1503,1469,1487,1490,1469,1468,1470,1492,1488,1487,1472,1484,1485,1481,1478,1496,1502,1502,1483,1501,1522,1519,1514,1525,1524,1524,1517,1517,1506,1489,1488,1489,1516,1464,1459,1469,1476,1478,1477,1476,1475,1472,1474,1474,1493,1484,1477,1480,1484,1483,1477,1471,1458,1458,1467,1476,1480,1476,1484,1480,1485,1483,1483,1470,1468,1448,1449,1450,1439,1442,1441,1438,1439,1435,1430,1414,1436,1432,1446,1466,1454,1445,1455,1441,1433,1432,1479,1490,1490,1490,1504,1493,1498,1501,1488,1490,1490,1488,1477,1486,1507,1516,1522,1516,1514,1512
1500,1502,1496,1494,1504,1481,1487,1496,1490,1489,1488,1490,1468,1482,1473,1472,1460,1476,1481,1499,1498,1503,1502,1535,1528,1515,1520,1514,1513,1502,1492,1490,1495,1477,1504,1482,1488,1479,1469,1463,1461,1464,1459,1459,1459,1456,1448,1444,1444,1456,1462,1462,1468,1450,1451,1451,1463,1461,1459,1485,1489,1485,1480,1451,1460,1417,1420,1436,1444,1444,1446,1442,1457,1486,1511,1505,1501,1496,1504,1517,1499,1520,1522,1522,1518,1516,1515,1510,1470,1456,1454,1443,1436,1435,1429,1417,1420,1417,1417,1418,1418,1410,1409,1403,1407,1410,1418,1400,1398,1377,1387,1377,1376,1367,1370,1389,1381,1386,1399,1406,1406
1500,1515,1507,1498,1498,1498,1504,1498,1491,1494,1504,1498,1504,1514,1503,1503,1503,1497,1473,1446,1440,1440,1407,1415,1405,1405,1402,1395,1390,1386,1385,1469,1469,1486,1480,1502,1470,1475,1474,1477,1482,1469,1475,1476,1493,1494,1501,1496,1499,1514,1529,1525,1553,1565,1574,1579,1581,1596,1594,1600,1592,1587,1586,1581,1568,1575,1578,1577,1571,1568,1572,1572,1572,1600,1597,1591,1576,1571,1555,1550,1540,1571,1581,1577,1569,1556,1559,1558,1554,1550,1529,1525,1524,1506,1506,1506,1504,1499,1492,1488,1497,1500,1498,1495,1508,1503,1486,1486,1489,1487,1486,1478,1483,1488,1489,1483,1464,1462,1460,1454,1423
1500,1483,1491,1537,1557,1562,1550,1543,1573,1569,1563,1557,1519,1519,1519,1515,1510,1477,1476,1457,1481,1489,1483,1473,1478,1498,1476,1484,1473,1493,1510,1496,1505,1512,1521,1527,1529,1513,1516,1506,1497,1494,1492,1481,1479,1479,1482,1477,1473,1473,1465,1481,1478,1501,1500,1499,1478,1478,1474,1465,1470,1473,1474,1473,1472,1479,1469,1485,1492,1487,1471,1471,1471,1470,1499,1493,1505,1503,1505,1501,1485,1476,1481,1478,1498,1475,1467,1474,1471,1477,1485,1483,1482,1482,1480,1475,1477,1493,1493,1476,1487,1458,1458,1450,1436,1446,1461,1475,1484,1488,1492,1498,1500,1493,1493,1491,1491,1477,1473,1498,1498
1500,1489,1501,1496,1492,1480,1481,1481,1490,1489,1493,1490,1494,1495,1492,1494,1497,1493,1495,1514,1513,1511,1502,1516,1518,1521,1532,1545,1557,1556,1554,1549,1536,1542,1529,1525,1539,1548,1549,1567,1569,1567,1594,1596,1596,1622,1616,1612,1618,1618,1608,1607,1604,1597,1595,1574,1570,1566,1570,1570,1564,1568,1570,1569,1555,1522,1524,1534,1521,1523,1517,1517,1519,1525,1543,1540,1549,1586,1584,1584,1559,1560,1560,1555,1555,1548,1545,1553,1553,1570,1601,1597,1600,1605,1580,1569,1574,1589,1587,1574,1561,1562,1565,1559,1545,1565,1579,1578,1578,1573,1567,1627,1626,1624,1624,1623,1604,1604,1608,1614,1629
1500,1492,1499,1496,1513,1536,1533,1545,1551,1548,1558,1560,1556,1539,1539,1532,1535,1531,1497,1493,1507,1523,1540,1543,1543,1544,1544,1542,1509,1502,1502,1508,1500,1491,1504,1514,1519,1529,1523,1509,1505,1511,1512,1510,1522,1531,1536,1535,1542,1542,1525,1527,1534,1522,1507,1507,1501,1496,1500,1492,1492,1499,1507,1534,1557,1535,1532,1531,1530,1537,1534,1528,1498,1506,1503,1503,1502,1502,1505,1501,1527,1518,1495,1528,1539,1541,1584,1591,1586,1584,1598,1600,1591,1560,1560,1562,1562,1578,1587,1581,1580,1575,1591,1589,1598,1576,1571,1570,1617,1631,1625,1626,1640,1637,1628,1605,1605,1611,1610,1634,1635
1500,1494,1491,1499,1502,1493,1500,1494,1495,1494,1494,1494,1488,1484,1478,1458,1456,1482,1485,1484,1480,1480,1477,1487,1494,1491,1451,1449,1440,1445,1439,1432,1440,1436,1439,1397,1418,1418,1407,1403,1403,1401,1396,1390,1381,1379,1372,1362,1368,1363,1363,1371,1365,1394,1415,1458,1454,1455,1455,1464,1480,1486,1486,1484,1487,1491,1515,1520,1524,1534,1521,1564,1556,1558,1553,1555,1569,1556,1555,1568,1584,1591,1588,1590,1583,1559,1555,1550,1563,1572,1579,1579,1540,1526,1520,1522,1507,1495,1473,1474,1483,1466,1466,1455,1455,1511,1509,1517,1507,1504,1474,1485,1486,1486,1485,1537,1537,1559,1559,1560,1586
1500,1499,1491,1493,1480,1477,1485,1498,1498,1496,1487,1498,1481,1452,1453,1445,1442,1434,1448,1449,1468,1462,1470,1476,1483,1465,1475,1475,1490,1484,1463,1462,1454,1454,1462,1456,1464,1450,1443,1444,1439,1466,1474,1478,1469,1464,1459,1461,1447,1459,1454,1454,1455,1487,1484,1484,1479,1487,1503,1500,1496,1491,1486,1499,1506,1517,1516,1515,1527,1536,1535,1528,1482,1481,1481,1471,1437,1442,1439,1471,1480,1486,1505,1534,1549,1520,1522,1518,1519,1541,1554,1547,1541,1542,1550,1554,1553,1554,1583,1584,1568,1561,1562,1545,1546,1548,1523,1544,1536,1540,1527,1551,1560,1509,1506,1510,1499,1496,1469,1471,1471
1500,1507,1503,1509,1502,1498,1462,1439,1439,1436,1438,1432,1432,1441,1455,1455,1454,1447,1449,1451,1451,1448,1443,1446,1453,1474,1457,1430,1424,1424,1437,1435,1444,1457,1465,1464,1463,1447,1429,1448,1461,1456,1447,1430,1428,1429,1441,1449,1443,1420,1404,1400,1398,1391,1381,1399,1357,1358,1358,1350,1351,1351,1338,1348,1342,1326,1330,1328,1329,1309,1314,1309,1309,1317,1312,1312,1310,1337,1331,1330,1324,1324,1315,1314,1311,1303,1293,1288,1288,1270,1281,1267,1268,1268,1265,1259,1252,1250,1256,1270,1259,1270,1278,1219,1217,1230,1236,1238,1229,1213,1194,1195,1188,1188,1188,1190,1196,1196,1196,1204,1210
1500,1488,1485,1486,1486,1509,1511,1511,1503,1520,1529,1525,1523,1523,1503,1501,1531,1524,1513,1513,1499,1495,1495,1523,1527,1529,1582,1556,1557,1583,1572,1617,1581,1586,1582,1578,1577,1611,1609,1601,1598,1596,1597,1595,1579,1583,1692,1690,1699,1715,1682,1683,1694,1688,1688,1705,1697,1663,1662,1623,1612,1605,1606,1605,1589,1611,1607,1608,1609,1626,1625,1631,1644,1634,1604,1624,1627,1624,1615,1611,1607,1593,1586,1582,1563,1584,1544,1524,1520,1523,1520,1518,1521,1511,1501,1497,1498,1508,1518,1525,1516,1522,1519,1523,1511,1517,1522,1534,1527,1513,1512,1517,1487,1502,1498,1495,1499,1513,1513,1506,1514
1500,1511,1525,1504,1525,1556,1539,1531,1528,1534,1540,1577,1583,1596,1598,1595,1595,1591,1591,1577,1581,1581,1597,1591,1590,1596,1585,1583,1583,1567,1567,1567,1575,1570,1571,1574,1580,1567,1571,1570,1533,1532,1535,1512,1519,1512,1519,1514,1509,1492,1488,1483,1479,1463,1456,1462,1451,1441,1440,1445,1439,1439,1439,1451,1455,1455,1451,1457,1471,1472,1501,1498,1604,1602,1612,1620,1629,1623,1623,1644,1647,1640,1648,1658,1657,1628,1615,1624,1616,1624,1635,1633,1661,1687,1691,1704,1714,1717,1735,1739,1769,1772,1775,1786,1772,1775,1787,1782,1779,1820,1812,1791,1792,1792,1798,1801,1814,1809,1803,1812,1814
1500,1502,1505,1504,1508,1502,1499,1501,1499,1474,1480,1507,1491,1498,1502,1516,1513,1508,1504,1489,1495,1493,1486,1485,1493,1499,1488,1507,1518,1509,1504,1516,1520,1522,1487,1482,1483,1503,1496,1493,1473,1479,1460,1460,1455,1455,1458,1459,1458,1458,1456,1452,1448,1444,1438,1437,1439,1436,1424,1438,1438,1477,1480,1473,1466,1466,1443,1441,1427,1421,1443,1444,1447,1451,1447,1455,1430,1440,1440,1459,1470,1478,1455,1451,1448,1430,1433,1432,1432,1446,1463,1467,1467,1476,1476,1464,1455,1462,1465,1414,1417,1427,1426,1419,1430,1383,1383,1388,1372,1370,1369,1378,1401,1397,1397,1403,1403,1403,1408,1406,1411
1500,1501,1514,1499,1498,1488,1488,1497,1498,1488,1482,1491,1493,1494,1477,1476,1473,1478,1506,1446,1424,1434,1435,1422,1422,1422,1413,1419,1412,1405,1445,1443,1443,1450,1427,1410,1400,1409,1407,1430,1434,1429,1427,1412,1411,1398,1399,1393,1391,1364,1367,1367,1365,1350,1345,1355,1352,1343,1352,1345,1363,1357,1356,1360,1380,1380,1399,1406,1406,1394,1399,1399,1404,1398,1408,1382,1394,1395,1391,1391,1403,1429,1436,1442,1440,1443,1451,1459,1454,1444,1443,1441,1449,1478,1508,1512,1512,1514,1514,1512,1512,1506,1507,1502,1501,1509,1473,1475,1475,1459,1456,1464,1461,1489,1503,1492,1492,1501,1490,1490,1493
1500,1505,1508,1473,1472,1459,1475,1461,1499,1492,1492,1497,1493,1499,1488,1488,1502,1509,1518,1524,1522,1551,1573,1571,1575,1604,1606,1599,1589,1605,1563,1574,1574,1616,1605,1616,1618,1622,1631,1630,1637,1656,1666,1688,1692,1702,1702,1705,1694,1694,1684,1669,1664,1665,1675,1669,1719,1707,1706,1718,1727,1709,1712,1703,1690,1781,1774,1757,1761,1759,1758,1753,1753,1751,1715,1711,1718,1706,1700,1702,1709,1708,1712,1723,1724,1677,1697,1674,1667,1687,1686,1692,1689,1687,1683,1711,1687,1694,1692,1693,1697,1697,1696,1682,1697,1701,1698,1716,1712,1713,1708,1714,1714,1713,1727,1727,1733,1737,1736,1738,1758
1500,1509,1504,1494,1487,1481,1486,1464,1466,1460,1460,1450,1447,1442,1440,1440,1434,1434,1435,1429,1435,1416,1413,1397,1391,1385,1371,1358,1345,1343,1326,1334,1330,1330,1326,1326,1321,1358,1346,1334,1332,1338,1344,1334,1338,1338,1336,1336,1329,1341,1333,1338,1340,1337,1342,1335,1335,1342,1340,1359,1367,1370,1371,1368,1363,1364,1362,1363,1363,1370,1370,1368,1372,1372,1385,1363,1353,1360,1356,1363,1378,1371,1355,1350,1344,1344,1331,1325,1325,1330,1330,1331,1324,1334,1335,1336,1336,1346,1341,1349,1349,1323,1324,1319,1319,1321,1310,1325,1319,1317,1316,1316,1313,1330,1326,1308,1306,1303,1303,1319,1315
1500,1511,1518,1498,1524,1522,1520,1526,1522,1513,1518,1528,1528,1537,1529,1526,1501,1499,1516,1506,1489,1486,1484,1486,1462,1462,1459,1452,1452,1440,1455,1462,1462,1463,1469,1481,1481,1477,1474,1474,1474,1469,1478,1471,1453,1451,1445,1447,1449,1394,1394,1403,1394,1401,1399,1399,1405,1415,1418,1411,1405,1398,1382,1378,1383,1377,1395,1395,1401,1409,1400,1399,1417,1417,1415,1422,1425,1443,1434,1434,1421,1414,1406,1407,1432,1434,1419,1419,1399,1397,1399,1413,1411,1418,1414,1414,1402,1409,1408,1386,1386,1360,1347,1334,1334,1329,1335,1343,1343,1345,1345,1343,1326,1331,1340,1351,1350,1347,1349,1349,1313
1500,1484,1486,1486,1488,1459,1447,1442,1440,1440,1424,1500,1496,1493,1485,1482,1472,1466,1471,1477,1438,1440,1434,1427,1438,1445,1446,1448,1482,1475,1462,1469,1470,1461,1446,1431,1431,1454,1455,1460,1472,1470,1471,1478,1510,1519,1539,1529,1540,1522,1532,1536,1516,1522,1522,1534,1534,1536,1519,1519,1527,1537,1525,1525,1528,1510,1516,1518,1519,1519,1519,1526,1542,1548,1544,1527,1493,1486,1479,1488,1463,1453,1453,1457,1507,1498,1489,1512,1512,1508,1466,1458,1443,1438,1451,1448,1464,1466,1476,1515,1513,1508,1500,1521,1529,1523,1517,1527,1529,1538,1535,1537,1534,1542,1546,1536,1528,1528,1518,1517,1520
1500,1494,1490,1487,1480,1496,1497,1497,1490,1479,1482,1471,1450,1473,1466,1465,1443,1442,1448,1448,1490,1481,1476,1495,1494,1487,1496,1494,1497,1501,1497,1533,1562,1567,1557,1568,1576,1580,1621,1615,1644,1652,1659,1662,1635,1639,1639,1664,1649,1641,1641,1659,1650,1665,1650,1705,1701,1707,1708,1692,1687,1682,1681,1661,1657,1649,1676,1673,1677,1664,1664,1666,1666,1666,1706,1711,1709,1709,1709,1712,1705,1723,1714,1701,1708,1714,1718,1719,1723,1721,1734,1735,1745,1737,1731,1731,1725,1725,1719,1723,1711,1733,1731,1740,1749,1753,1748,1749,1746,1750,1750,1746,1738,1741,1742,1768,1765,1769,1769,1801,1808
1500,1499,1474,1499,1474,1470,1474,1463,1452,1445,1447,1444,1440,1433,1405,1405,1396,1394,1395,1383,1383,1383,1376,1389,1373,1372,1377,1377,1385,1394,1402,1403,1403,1403,1392,1383,1381,1378,1377,1377,1377,1377,1406,1405,1405,1400,1406,1402,1393,1384,1379,1377,1379,1365,1374,1374,1379,1401,1398,1409,1409,1416,1421,1420,1415,1409,1407,1398,1398,1399,1391,1393,1390,1385,1363,1364,1370,1368,1380,1365,1354,1358,1343,1325,1330,1319,1314,1320,1313,1314,1322,1317,1311,1311,1302,1293,1304,1310,1298,1294,1294,1294,1272,1268,1258,1252,1248,1246,1251,1251,1251,1226,1221,1221,1221,1221,1237,1230,1245,1247,1245
1500,1498,1493,1519,1522,1516,1510,1511,1543,1543,1552,1534,1514,1513,1509,1517,1517,1534,1534,1525,1525,1553,1559,1557,1559,1551,1553,1552,1552,1564,1570,1547,1549,1551,1565,1555,1553,1559,1559,1559,1558,1562,1558,1573,1567,1570,1561,1559,1551,1555,1545,1545,1565,1567,1574,1566,1575,1573,1573,1565,1550,1534,1527,1535,1538,1565,1570,1576,1527,1523,1522,1523,1540,1524,1532,1528,1515,1506,1495,1512,1511,1509,1501,1517,1511,1517,1518,1514,1509,1509,1526,1518,1516,1516,1517,1513,1514,1501,1501,1527,1525,1530,1535,1534,1487,1481,1491,1491,1478,1468,1502,1495,1491,1493,1491,1483,1515,1539,1565,1574,1573
1500,1531,1531,1529,1527,1524,1491,1475,1449,1440,1441,1446,1443,1462,1475,1481,1480,1477,1473,1483,1496,1493,1478,1479,1489,1490,1484,1485,1483,1483,1481,1476,1498,1498,1485,1474,1462,1464,1443,1445,1464,1486,1478,1476,1478,1465,1459,1459,1468,1468,1487,1491,1486,1500,1499,1508,1494,1507,1504,1505,1505,1495,1493,1503,1503,1508,1507,1511,1497,1493,1493,1485,1487,1547,1550,1537,1537,1524,1526,1532,1527,1524,1520,1509,1489,1489,1480,1478,1472,1465,1461,1464,1456,1449,1442,1443,1454,1446,1479,1497,1518,1511,1525,1522,1519,1520,1520,1509,1517,1496,1485,1479,1493,1486,1508,1507,1514,1513,1511,1502,1510
1500,1510,1510,1513,1503,1499,1506,1508,1481,1479,1485,1485,1484,1465,1459,1450,1453,1460,1439,1458,1442,1441,1441,1442,1440,1438,1436,1431,1430,1426,1421,1416,1409,1405,1426,1426,1424,1425,1425,1422,1411,1396,1403,1393,1393,1400,1396,1398,1401,1406,1406,1398,1398,1394,1392,1400,1378,1377,1384,1394,1395,1407,1406,1405,1397,1387,1385,1365,1362,1367,1356,1385,1355,1342,1370,1372,1372,1384,1382,1388,1372,1369,1344,1341,1329,1327,1344,1338,1336,1336,1342,1348,1348,1361,1361,1375,1383,1381,1372,1363,1376,1365,1361,1374,1383,1390,1405,1405,1404,1402,1402,1402,1401,1399,1383,1392,1364,1362,1367,1373,1393
1500,1508,1512,1502,1481,1461,1470,1470,1508,1507,1509,1519,1528,1530,1503,1518,1511,1505,1515,1530,1531,1529,1534,1562,1559,1543,1557,1556,1564,1582,1610,1608,1605,1624,1623,1618,1622,1621,1620,1631,1631,1606,1611,1627,1635,1637,1647,1640,1656,1650,1640,1628,1622,1597,1595,1606,1566,1591,1585,1560,1531,1531,1542,1539,1560,1556,1558,1566,1565,1583,1587,1591,1579,1586,1599,1638,1637,1604,1603,1605,1598,1591,1587,1624,1630,1646,1645,1648,1653,1657,1661,1658,1748,1766,1762,1771,1771,1761,1749,1745,1731,1737,1753,1768,1764,1767,1768,1765,1776,1784,1774,1770,1776,1777,1781,1794,1801,1805,1811,1804,1784
1500,1497,1515,1537,1577,1581,1590,1576,1528,1524,1536,1500,1493,1489,1490,1495,1521,1523,1543,1535,1525,1530,1514,1502,1489,1486,1484,1484,1488,1489,1490,1525,1524,1537,1542,1540,1538,1547,1547,1545,1541,1544,1531,1529,1528,1529,1527,1541,1549,1548,1558,1594,1592,1592,1594,1594,1591,1608,1580,1593,1599,1589,1601,1600,1603,1617,1611,1613,1608,1601,1595,1597,1601,1603,1601,1608,1605,1605,1605,1590,1588,1591,1586,1582,1579,1578,1582,1596,1593,1583,1580,1575,1573,1583,1594,1596,1598,1600,1601,1601,1587,1592,1597,1585,1566,1561,1560,1562,1552,1554,1559,1559,1569,1556,1567,1561,1551,1562,1549,1549,1544
1500,1516,1518,1514,1515,1510,1507,1511,1521,1521,1535,1538,1517,1516,1526,1527,1537,1542,1542,1545,1532,1531,1570,1550,1550,1549,1552,1541,1556,1562,1582,1580,1580,1571,1627,1648,1654,1658,1656,1651,1639,1634,1653,1648,1647,1665,1658,1604,1610,1602,1604,1595,1593,1613,1610,1611,1625,1661,1662,1667,1660,1668,1650,1670,1676,1680,1676,1676,1669,1670,1670,1662,1664,1659,1661,1605,1576,1594,1584,1580,1570,1578,1577,1587,1580,1591,1592,1591,1589,1599,1585,1579,1571,1576,1574,1571,1578,1578,1567,1568,1618,1608,1607,1599,1601,1597,1595,1632,1623,1625,1644,1649,1641,1685,1656,1656,1649,1656,1696,1674,1668
1500,1515,1517,1509,1518,1502,1499,1499,1476,1449,1449,1445,1442,1436,1441,1440,1388,1383,1369,1372,1371,1355,1371,1371,1361,1357,1350,1339,1371,1371,1359,1357,1357,1368,1368,1370,1370,1385,1386,1402,1387,1374,1360,1346,1338,1340,1342,1342,1340,1342,1365,1363,1372,1369,1358,1337,1328,1329,1331,1333,1325,1350,1331,1338,1364,1357,1350,1337,1351,1351,1335,1333,1329,1321,1321,1319,1319,1328,1328,1312,1305,1292,1294,1294,1294,1294,1291,1305,1309,1304,1296,1290,1289,1289,1289,1289,1289,1302,1315,1325,1326,1328,1307,1291,1300,1300,1300,1302,1302,1302,1302,1296,1296,1309,1310,1307,1303,1319,1319,1323,1325
1500,1511,1506,1507,1500,1496,1469,1469,1472,1486,1477,1488,1488,1475,1479,1507,1507,1505,1497,1490,1490,1501,1514,1515,1525,1523,1517,1514,1506,1498,1498,1490,1484,1482,1458,1460,1459,1475,1459,1458,1442,1442,1433,1435,1440,1418,1417,1380,1379,1373,1389,1387,1384,1435,1424,1427,1413,1414,1454,1473,1479,1470,1473,1477,1502,1491,1499,1495,1512,1515,1516,1515,1516,1516,1509,1512,1516,1513,1511,1542,1526,1529,1512,1529,1514,1514,1504,1505,1499,1503,1492,1491,1499,1491,1492,1505,1512,1493,1518,1511,1549,1535,1543,1551,1565,1567,1576,1560,1565,1567,1571,1562,1521,1551,1551,1546,1547,1544,1538,1535,1580
1500,1503,1506,1506,1504,1483,1483,1507,1506,1513,1519,1499,1500,1500,1469,1489,1487,1482,1498,1504,1500,1497,1501,1495,1491,1487,1484,1491,1480,1480,1476,1468,1466,1464,1451,1449,1448,1435,1527,1515,1513,1531,1478,1484,1477,1477,1467,1461,1455,1456,1481,1482,1477,1482,1495,1504,1511,1493,1500,1502,1511,1533,1521,1525,1519,1510,1516,1479,1476,1478,1465,1456,1459,1444,1448,1446,1475,1471,1468,1496,1509,1507,1501,1500,1490,1490,1498,1490,1490,1492,1501,1502,1518,1534,1530,1536,1558,1563,1575,1564,1594,1594,1593,1588,1561,1567,1578,1578,1580,1588,1633,1643,1637,1635,1648,1648,1653,1645,1620,1617,1623
1500,1494,1493,1492,1492,1485,1473,1476,1481,1495,1490,1503,1497,1497,1503,1504,1505,1510,1506,1502,1506,1513,1503,1494,1493,1494,1494,1486,1491,1502,1500,1502,1499,1485,1501,1502,1509,1509,1518,1514,1489,1487,1478,1486,1488,1496,1479,1469,1486,1470,1501,1518,1505,1492,1484,1498,1487,1480,1471,1471,1480,1482,1489,1479,1481,1497,1480,1448,1443,1447,1458,1453,1450,1430,1429,1437,1435,1417,1408,1408,1417,1441,1441,1436,1432,1430,1403,1402,1411,1425,1424,1417,1418,1424,1411,1411,1410,1417,1395,1387,1383,1384,1382,1385,1362,1360,1355,1354,1347,1350,1346,1356,1347,1336,1335,1332,1326,1327,1323,1324,1324
1500,1500,1499,1472,1492,1501,1495,1479,1474,1475,1488,1496,1491,1499,1491,1517,1523,1512,1519,1516,1497,1498,1492,1477,1489,1502,1501,1499,1501,1492,1476,1481,1462,1451,1458,1456,1449,1433,1447,1462,1462,1475,1482,1482,1486,1484,1500,1495,1495,1487,1484,1516,1532,1540,1542,1559,1550,1541,1540,1538,1534,1542,1533,1530,1524,1524,1513,1513,1525,1535,1522,1524,1523,1525,1513,1521,1522,1554,1560,1532,1533,1536,1535,1533,1533,1528,1525,1532,1540,1539,1540,1531,1526,1534,1541,1547,1538,1559,1538,1532,1546,1550,1546,1536,1519,1536,1549,1555,1558,1552,1589,1579,1590,1594,1610,1611,1556,1545,1539,1526,1526
1500,1501,1514,1507,1495,1499,1499,1472,1471,1475,1475,1490,1487,1482,1482,1477,1456,1455,1462,1467,1421,1413,1405,1416,1412,1402,1409,1409,1489,1477,1471,1464,1469,1460,1456,1441,1430,1433,1432,1430,1434,1433,1437,1448,1448,1436,1435,1431,1438,1436,1425,1439,1438,1453,1447,1449,1469,1467,1467,1472,1469,1516,1530,1527,1525,1480,1456,1450,1444,1455,1462,1467,1468,1468,1468,1474,1479,1460,1466,1451,1443,1429,1453,1424,1428,1424,1410,1417,1415,1413,1416,1436,1437,1416,1415,1390,1389,1384,1376,1376,1372,1371,1378,1386,1387,1386,1384,1409,1399,1396,1384,1384,1380,1380,1367,1365,1364,1367,1360,1366,1381
1500,1483,1479,1480,1476,1470,1453,1448,1446,1448,1448,1457,1455,1454,1467,1467,1464,1479,1487,1477,1485,1477,1488,1499,1495,1500,1472,1475,1475,1491,1490,1493,1496,1459,1462,1457,1464,1459,1457,1453,1443,1521,1524,1531,1518,1493,1482,1495,1498,1497,1510,1513,1519,1516,1500,1506,1515,1518,1518,1514,1511,1516,1521,1518,1514,1522,1517,1501,1498,1511,1512,1509,1509,1522,1496,1478,1462,1478,1477,1475,1467,1485,1481,1478,1460,1462,1462,1465,1470,1458,1457,1460,1461,1446,1447,1441,1443,1447,1447,1457,1449,1438,1432,1429,1427,1430,1423,1446,1451,1449,1455,1461,1451,1449,1449,1439,1432,1416,1415,1415,1413
1500,1500,1506,1494,1481,1488,1490,1490,1503,1499,1494,1490,1493,1489,1499,1493,1502,1502,1527,1527,1511,1523,1520,1503,1502,1503,1513,1520,1514,1506,1501,1500,1500,1456,1454,1458,1460,1446,1448,1451,1444,1459,1451,1437,1442,1460,1454,1453,1429,1429,1433,1419,1419,1409,1402,1411,1407,1391,1392,1404,1396,1384,1390,1381,1432,1422,1457,1471,1477,1477,1474,1473,1459,1451,1441,1447,1420,1435,1434,1442,1421,1415,1419,1412,1401,1398,1408,1414,1414,1409,1409,1403,1405,1390,1400,1392,1365,1359,1344,1364,1364,1364,1374,1383,1366,1361,1366,1366,1375,1366,1339,1346,1346,1346,1350,1344,1345,1335,1345,1343,1355
1500,1509,1520,1522,1527,1510,1494,1494,1501,1512,1517,1512,1529,1524,1512,1504,1505,1512,1493,1505,1523,1519,1520,1513,1509,1500,1491,1491,1487,1469,1462,1487,1479,1479,1497,1497,1489,1477,1495,1495,1499,1491,1501,1496,1500,1551,1550,1542,1528,1517,1520,1520,1532,1505,1499,1615,1616,1620,1621,1624,1606,1598,1700,1677,1691,1705,1709,1696,1694,1691,1684,1691,1689,1693,1673,1670,1683,1680,1676,1677,1679,1677,1674,1666,1666,1657,1661,1657,1651,1646,1647,1653,1644,1650,1650,1650,1648,1652,1652,1656,1645,1652,1644,1666,1660,1653,1669,1670,1666,1670,1666,1661,1640,1661,1638,1636,1630,1631,1630,1677,1685
1500,1491,1527,1530,1529,1522,1529,1534,1532,1529,1539,1526,1526,1529,1514,1512,1520,1513,1498,1573,1563,1561,1553,1562,1551,1549,1560,1533,1536,1536,1545,1530,1530,1550,1530,1547,1569,1591,1591,1587,1585,1609,1608,1616,1618,1644,1648,1652,1652,1663,1638,1647,1639,1639,1637,1634,1615,1618,1601,1594,1605,1602,1601,1575,1538,1538,1551,1548,1559,1575,1556,1562,1572,1562,1563,1594,1610,1638,1651,1658,1660,1663,1666,1680,1679,1689,1686,1675,1669,1682,1661,1671,1663,1660,1662,1681,1676,1668,1685,1659,1657,1681,1691,1673,1675,1686,1689,1681,1679,1665,1631,1630,1623,1626,1622,1629,1621,1632,1626,1627,1621
1500,1506,1506,1536,1557,1563,1561,1570,1566,1564,1551,1546,1540,1540,1548,1542,1531,1554,1554,1557,1554,1557,1546,1546,1543,1547,1550,1553,1540,1538,1545,1547,1550,1554,1546,1548,1545,1555,1544,1542,1526,1527,1491,1461,1477,1479,1479,1486,1488,1481,1485,1490,1487,1483,1484,1487,1492,1478,1474,1480,1469,1463,1458,1440,1451,1448,1452,1463,1462,1461,1464,1471,1483,1482,1436,1421,1423,1406,1425,1428,1435,1441,1425,1426,1421,1413,1399,1393,1384,1430,1429,1428,1434,1432,1443,1443,1446,1445,1437,1458,1458,1462,1457,1457,1460,1462,1454,1460,1476,1457,1459,1468,1462,1445,1435,1426,1427,1431,1422,1447,1434
1500,1516,1514,1514,1528,1534,1570,1567,1563,1533,1543,1542,1537,1535,1541,1547,1554,1545,1559,1558,1555,1560,1557,1557,1550,1550,1564,1664,1652,1653,1648,1656,1658,1672,1698,1692,1690,1705,1663,1646,1638,1634,1632,1630,1634,1623,1624,1615,1609,1610,1608,1611,1619,1626,1616,1629,1629,1633,1639,1635,1634,1638,1639,1636,1631,1646,1641,1598,1611,1612,1586,1586,1588,1594,1610,1620,1618,1604,1593,1605,1555,1549,1553,1558,1564,1571,1568,1570,1562,1565,1566,1550,1548,1546,1550,1544,1626,1642,1646,1623,1615,1608,1610,1645,1644,1644,1633,1620,1621,1626,1620,1637,1641,1640,1641,1644,1638,1635,1634,1620,1623
1500,1500,1500,1500,1510,1508,1502,1504,1515,1514,1489,1504,1512,1521,1531,1531,1526,1524,1520,1512,1520,1526,1532,1533,1517,1510,1492,1492,1488,1488,1478,1460,1459,1449,1455,1455,1449,1443,1454,1458,1457,1434,1440,1437,1439,1430,1432,1405,1375,1391,1388,1389,1380,1370,1367,1340,1311,1312,1306,1306,1303,1326,1320,1334,1325,1329,1319,1321,1309,1308,1319,1325,1307,1313,1310,1303,1297,1298,1282,1286,1291,1304,1300,1300,1290,1275,1277,1263,1310,1354,1371,1378,1367,1373,1376,1379,1393,1408,1409,1395,1395,1395,1404,1409,1409,1409,1412,1404,1409,1406,1409,1408,1424,1426,1406,1398,1398,1420,1415,1410,1411
1500,1488,1474,1474,1472,1474,1473,1458,1464,1464,1468,1473,1494,1494,1506,1507,1509,1505,1476,1468,1466,1472,1467,1470,1493,1492,1493,1493,1498,1499,1499,1510,1500,1507,1509,1509,1491,1497,1462,1467,1471,1458,1476,1475,1478,1479,1491,1493,1489,1488,1491,1481,1502,1501,1503,1503,1489,1489,1489,1482,1487,1485,1490,1483,1482,1474,1472,1457,1451,1449,1449,1447,1452,1455,1461,1480,1483,1479,1485,1485,1522,1522,1517,1521,1514,1504,1511,1516,1517,1516,1522,1512,1512,1556,1540,1540,1528,1587,1580,1596,1590,1579,1579,1589,1587,1585,1572,1563,1575,1584,1584,1599,1602,1610,1588,1588,1571,1578,1589,1605,1603
1500,1523,1523,1524,1539,1538,1542,1547,1539,1546,1560,1550,1541,1540,1546,1546,1551,1563,1560,1539,1538,1560,1571,1550,1547,1552,1545,1545,1537,1531,1547,1535,1533,1509,1503,1489,1471,1469,1460,1463,1463,1460,1462,1460,1459,1459,1467,1396,1394,1411,1411,1387,1389,1389,1388,1387,1400,1406,1383,1390,1390,1395,1403,1404,1403,1403,1397,1395,1393,1392,1394,1393,1398,1397,1403,1400,1398,1414,1422,1428,1428,1447,1439,1440,1453,1468,1472,1471,1461,1456,1456,1456,1448,1450,1454,1438,1433,1421,1415,1429,1411,1413,1442,1425,1421,1423,1420,1420,1420,1431,1374,1373,1360,1346,1371,1369,1357,1371,1374,1367,1356
1500,1490,1489,1478,1475,1479,1484,1470,1466,1470,1482,1474,1474,1458,1460,1487,1457,1467,1468,1470,1553,1552,1553,1558,1553,1540,1539,1535,1529,1525,1512,1504,1504,1521,1529,1534,1523,1523,1541,1537,1538,1546,1547,1534,1550,1551,1578,1578,1584,1583,1588,1594,1590,1597,1595,1600,1602,1589,1556,1558,1577,1570,1570,1568,1560,1541,1521,1511,1505,1505,1497,1484,1480,1477,1478,1478,1478,1463,1472,1481,1479,1477,1481,1482,1459,1460,1500,1495,1543,1538,1538,1543,1540,1503,1514,1515,1513,1502,1497,1499,1497,1510,1512,1520,1627,1631,1631,1595,1577,1561,1577,1575,1571,1567,1566,1564,1564,1545,1543,1548,1549
1500,1526,1524,1528,1530,1527,1553,1563,1557,1542,1543,1540,1526,1510,1510,1506,1523,1518,1508,1512,1519,1507,1530,1526,1506,1482,1485,1479,1478,1469,1477,1476,1465,1467,1426,1410,1406,1402,1390,1394,1389,1405,1421,1425,1400,1400,1394,1389,1416,1414,1406,1413,1422,1423,1418,1414,1404,1407,1405,1401,1397,1382,1398,1400,1421,1448,1450,1435,1439,1428,1407,1442,1442,1435,1430,1435,1438,1448,1438,1437,1444,1457,1457,1470,1469,1470,1471,1471,1479,1470,1488,1490,1494,1494,1484,1479,1478,1478,1478,1470,1476,1491,1490,1495,1483,1489,1484,1459,1468,1468,1470,1481,1480,1492,1501,1499,1486,1495,1501,1499,1517
1500,1502,1504,1541,1545,1545,1543,1556,1559,1559,1561,1561,1581,1585,1535,1542,1526,1530,1529,1529,1526,1519,1531,1537,1558,1549,1553,1549,1553,1561,1556,1564,1564,1563,1555,1578,1586,1589,1587,1580,1577,1584,1574,1580,1589,1598,1597,1605,1628,1624,1624,1609,1611,1610,1613,1615,1625,1620,1595,1591,1591,1596,1622,1615,1607,1604,1602,1597,1588,1587,1577,1571,1578,1572,1579,1583,1603,1613,1613,1615,1608,1605,1599,1598,1605,1613,1617,1623,1601,1595,1628,1637,1643,1598,1586,1594,1608,1598,1597,1595,1591,1601,1595,1609,1609,1608,1619,1613,1609,1609,1585,1593,1588,1582,1577,1578,1571,1564,1545,1546,1555
1500,1497,1511,1513,1516,1516,1515,1514,1539,1539,1543,1527,1523,1498,1484,1483,1470,1473,1513,1507,1514,1514,1529,1564,1553,1550,1569,1540,1540,1547,1547,1561,1560,1541,1547,1550,1559,1557,1564,1564,1564,1569,1589,1598,1606,1597,1600,1600,1606,1624,1622,1616,1631,1625,1619,1624,1621,1609,1595,1592,1602,1606,1613,1624,1611,1604,1606,1611,1617,1610,1608,1610,1607,1607,1604,1601,1601,1606,1600,1598,1592,1589,1572,1580,1578,1583,1570,1561,1573,1583,1571,1581,1573,1573,1567,1552,1561,1560,1552,1564,1565,1566,1572,1565,1581,1564,1557,1545,1545,1544,1535,1554,1560,1569,1567,1570,1569,1563,1557,1578,1578
1500,1510,1516,1520,1529,1524,1518,1517,1521,1513,1515,1481,1481,1481,1480,1487,1471,1476,1462,1461,1456,1451,1459,1465,1454,1453,1432,1422,1431,1430,1438,1428,1432,1442,1435,1447,1458,1447,1447,1449,1488,1501,1510,1512,1525,1528,1536,1535,1563,1565,1563,1565,1564,1566,1559,1529,1527,1499,1499,1493,1494,1493,1536,1552,1557,1552,1552,1556,1567,1571,1581,1588,1582,1585,1581,1587,1585,1581,1579,1575,1554,1559,1558,1547,1526,1514,1516,1446,1449,1469,1469,1471,1481,1480,1466,1462,1430,1421,1392,1398,1396,1393,1393,1393,1379,1375,1373,1385,1390,1378,1386,1383,1385,1384,1384,1382,1380,1386,1384,1410,1410
1500,1493,1525,1523,1529,1517,1521,1527,1527,1530,1566,1585,1586,1599,1597,1611,1614,1621,1623,1623,1624,1620,1630,1625,1637,1631,1623,1621,1620,1610,1613,1585,1594,1606,1602,1594,1601,1571,1576,1582,1575,1579,1587,1573,1579,1567,1564,1569,1567,1559,1557,1565,1557,1557,1563,1559,1592,1584,1592,1601,1574,1577,1574,1573,1579,1577,1576,1570,1570,1551,1558,1558,1560,1571,1566,1557,1573,1572,1573,1571,1582,1582,1570,1581,1568,1567,1574,1566,1555,1540,1536,1553,1558,1558,1558,1553,1555,1547,1548,1547,1546,1547,1497,1495,1499,1504,1509,1495,1482,1484,1497,1497,1497,1524,1520,1520,1522,1522,1522,1525,1525
1500,1500,1521,1526,1531,1579,1581,1581,1581,1600,1591,1589,1598,1574,1581,1601,1601,1590,1593,1584,1583,1582,1583,1585,1583,1590,1589,1592,1618,1614,1607,1606,1618,1638,1618,1604,1654,1662,1649,1650,1660,1650,1648,1645,1643,1642,1642,1642,1634,1634,1632,1638,1640,1622,1615,1616,1616,1623,1630,1632,1629,1617,1613,1596,1607,1597,1613,1609,1622,1598,1602,1596,1594,1594,1595,1597,1592,1590,1584,1582,1573,1569,1551,1590,1587,1590,1593,1595,1624,1626,1628,1637,1642,1651,1668,1677,1681,1678,1671,1667,1663,1645,1643,1600,1600,1582,1583,1598,1581,1577,1582,1587,1603,1597,1601,1620,1617,1603,1598,1596,1595
1500,1502,1508,1529,1530,1503,1466,1469,1481,1467,1477,1468,1450,1441,1450,1443,1441,1425,1423,1411,1431,1431,1425,1423,1434,1432,1444,1452,1461,1479,1480,1489,1493,1520,1526,1517,1525,1525,1500,1516,1516,1615,1632,1621,1621,1636,1645,1638,1638,1641,1639,1593,1592,1596,1591,1598,1605,1604,1606,1619,1609,1604,1602,1600,1602,1575,1583,1588,1596,1595,1595,1592,1552,1561,1536,1542,1538,1539,1539,1502,1498,1479,1481,1475,1482,1522,1513,1529,1529,1518,1528,1523,1504,1508,1495,1492,1508,1512,1507,1490,1479,1472,1474,1492,1501,1497,1492,1490,1466,1454,1467,1470,1473,1478,1472,1447,1444,1444,1434,1426,1421
1500,1497,1499,1494,1489,1486,1497,1493,1494,1507,1505,1527,1517,1521,1514,1501,1475,1460,1456,1450,1458,1451,1451,1470,1466,1458,1455,1457,1455,1469,1477,1472,1485,1470,1473,1471,1475,1459,1461,1466,1479,1479,1473,1471,1473,1472,1469,1468,1455,1456,1441,1483,1469,1476,1481,1479,1488,1481,1474,1484,1486,1495,1497,1466,1468,1468,1478,1483,1504,1500,1500,1496,1481,1456,1451,1452,1454,1441,1442,1426,1409,1411,1414,1420,1406,1389,1379,1379,1379,1395,1394,1419,1419,1419,1415,1423,1409,1407,1402,1402,1381,1382,1378,1381,1371,1378,1363,1371,1367,1385,1385,1378,1381,1390,1389,1389,1389,1408,1357,1350,1348
1500,1500,1496,1496,1498,1508,1499,1501,1501,1502,1510,1510,1512,1512,1498,1519,1528,1537,1528,1524,1531,1544,1535,1524,1518,1510,1531,1528,1532,1547,1554,1552,1539,1552,1547,1548,1542,1533,1525,1550,1521,1520,1480,1533,1530,1539,1549,1541,1506,1489,1440,1441,1435,1440,1452,1451,1442,1437,1427,1463,1477,1474,1457,1456,1448,1458,1451,1421,1418,1418,1421,1418,1418,1407,1407,1399,1388,1386,1390,1382,1401,1408,1410,1411,1449,1449,1472,1470,1451,1451,1446,1438,1445,1456,1456,1443,1440,1429,1438,1430,1445,1444,1448,1446,1450,1475,1472,1442,1444,1443,1438,1432,1421,1396,1396,1400,1411,1413,1404,1404,1392
1500,1496,1467,1469,1462,1467,1464,1450,1450,1449,1441,1441,1448,1478,1497,1495,1495,1499,1512,1496,1495,1500,1504,1522,1522,1547,1557,1573,1572,1559,1540,1537,1540,1554,1525,1525,1540,1558,1555,1524,1522,1526,1526,1530,1530,1537,1534,1529,1528,1518,1528,1535,1526,1527,1527,1547,1555,1549,1544,1551,1556,1572,1576,1584,1572,1566,1538,1541,1540,1542,1549,1549,1563,1560,1555,1558,1558,1574,1572,1589,1583,1588,1623,1624,1627,1631,1639,1645,1671,1668,1670,1669,1662,1655,1633,1631,1618,1613,1628,1660,1647,1644,1638,1630,1649,1638,1637,1633,1633,1642,1635,1629,1635,1626,1636,1639,1631,1628,1621,1591,1614
1500,1500,1520,1515,1511,1508,1504,1496,1492,1496,1489,1486,1481,1477,1457,1457,1460,1460,1430,1428,1441,1445,1450,1444,1443,1444,1425,1406,1401,1385,1372,1382,1370,1376,1376,1376,1370,1359,1364,1360,1355,1353,1363,1401,1415,1428,1430,1430,1423,1430,1430,1427,1433,1409,1413,1413,1405,1404,1400,1400,1401,1417,1417,1425,1421,1422,1424,1408,1424,1466,1468,1448,1445,1441,1437,1432,1439,1434,1425,1425,1425,1433,1451,1445,1445,1453,1453,1402,1376,1362,1364,1365,1348,1357,1362,1357,1357,1356,1395,1387,1394,1408,1409,1417,1409,1431,1444,1439,1432,1402,1384,1397,1392,1382,1375,1374,1356,1369,1370,1402,1402
1500,1511,1500,1490,1476,1484,1497,1507,1473,1473,1483,1480,1478,1472,1470,1476,1491,1491,1500,1505,1521,1530,1538,1553,1554,1536,1537,1522,1521,1521,1520,1530,1529,1506,1502,1531,1559,1564,1560,1558,1558,1568,1582,1584,1579,1594,1590,1587,1599,1604,1604,1616,1613,1581,1586,1609,1622,1618,1625,1628,1633,1648,1647,1655,1655,1652,1643,1634,1668,1657,1660,1660,1675,1685,1685,1717,1718,1722,1712,1709,1728,1734,1728,1730,1729,1732,1746,1743,1739,1737,1752,1745,1775,1776,1750,1699,1684,1672,1668,1651,1622,1640,1638,1618,1614,1613,1617,1603,1609,1604,1610,1618,1629,1636,1630,1629,1649,1661,1658,1644,1639
1500,1497,1472,1466,1463,1460,1460,1461,1466,1453,1455,1458,1458,1446,1441,1434,1424,1436,1439,1433,1426,1420,1420,1452,1457,1438,1452,1447,1443,1445,1439,1426,1426,1451,1449,1450,1467,1476,1505,1561,1561,1565,1529,1527,1536,1532,1508,1509,1504,1492,1462,1459,1463,1448,1454,1457,1456,1452,1454,1456,1454,1464,1441,1439,1439,1438,1488,1455,1467,1456,1452,1443,1441,1480,1477,1497,1496,1495,1492,1493,1485,1494,1495,1503,1505,1505,1507,1514,1512,1523,1507,1507,1497,1494,1487,1482,1478,1470,1474,1471,1471,1471,1461,1462,1460,1462,1466,1463,1472,1462,1495,1505,1492,1497,1497,1513,1515,1521,1465,1465,1454
1500,1500,1506,1504,1507,1518,1495,1498,1498,1492,1507,1489,1489,1447,1454,1454,1448,1443,1435,1413,1412,1412,1422,1424,1424,1436,1447,1454,1463,1467,1459,1458,1456,1457,1452,1466,1469,1514,1516,1515,1513,1516,1505,1496,1499,1498,1518,1528,1535,1524,1517,1520,1520,1519,1508,1511,1526,1517,1527,1519,1529,1522,1531,1516,1506,1535,1535,1552,1566,1562,1563,1539,1547,1555,1554,1548,1547,1538,1530,1487,1477,1481,1481,1496,1498,1473,1463,1451,1458,1449,1468,1479,1470,1472,1468,1467,1471,1474,1472,1492,1494,1501,1502,1496,1494,1501,1501,1507,1516,1516,1529,1548,1557,1563,1551,1552,1552,1557,1553,1548,1546
1500,1471,1472,1470,1458,1460,1490,1491,1504,1496,1489,1490,1484,1494,1494,1479,1520,1517,1509,1482,1488,1487,1483,1491,1505,1505,1507,1484,1482,1486,1448,1447,1454,1454,1444,1441,1438,1427,1408,1406,1402,1400,1396,1391,1390,1388,1394,1378,1382,1381,1363,1365,1375,1382,1396,1413,1415,1408,1407,1395,1392,1401,1376,1369,1370,1385,1385,1384,1358,1331,1337,1327,1330,1331,1329,1329,1363,1376,1390,1384,1402,1388,1397,1414,1395,1366,1375,1375,1353,1353,1354,1354,1347,1345,1351,1345,1334,1339,1339,1341,1335,1327,1337,1335,1336,1357,1391,1392,1392,1383,1375,1373,1370,1384,1383,1377,1376,1366,1362,1360,1365
1500,1491,1481,1485,1465,1455,1460,1423,1430,1428,1427,1427,1432,1424,1431,1440,1435,1461,1445,1445,1440,1440,1424,1424,1424,1421,1427,1417,1419,1414,1397,1391,1412,1405,1403,1415,1415,1415,1414,1421,1444,1446,1448,1459,1452,1450,1439,1439,1410,1420,1426,1422,1423,1423,1439,1436,1432,1436,1436,1433,1440,1452,1450,1451,1443,1455,1449,1439,1438,1452,1449,1457,1447,1459,1449,1458,1454,1447,1439,1441,1430,1434,1432,1426,1419,1401,1406,1396,1393,1397,1386,1391,1376,1377,1383,1380,1387,1388,1388,1388,1388,1394,1398,1396,1392,1386,1379,1371,1367,1367,1373,1378,1384,1388,1390,1379,1374,1370,1370,1372,1371
1500,1503,1494,1486,1478,1468,1477,1481,1492,1492,1492,1488,1485,1483,1485,1489,1490,1529,1550,1531,1526,1534,1517,1517,1517,1502,1503,1481,1483,1483,1451,1452,1466,1463,1454,1408,1413,1414,1430,1429,1424,1432,1485,1475,1451,1455,1448,1442,1443,1434,1432,1428,1444,1433,1460,1449,1462,1469,1471,1466,1467,1471,1480,1464,1442,1436,1436,1439,1448,1448,1449,1446,1437,1448,1447,1441,1429,1444,1441,1393,1403,1418,1414,1388,1393,1378,1375,1365,1354,1352,1376,1371,1378,1366,1361,1364,1362,1374,1376,1359,1361,1356,1355,1355,1351,1347,1332,1318,1307,1301,1299,1290,1302,1302,1309,1308,1304,1305,1302,1299,1308
1500,1492,1484,1471,1477,1483,1468,1471,1473,1479,1472,1478,1484,1478,1474,1493,1488,1473,1471,1505,1513,1520,1509,1508,1538,1530,1528,1538,1533,1542,1539,1537,1543,1538,1525,1513,1481,1483,1485,1481,1474,1450,1438,1436,1454,1450,1428,1439,1443,1442,1438,1439,1439,1440,1446,1444,1455,1448,1446,1451,1432,1431,1432,1443,1443,1437,1437,1441,1441,1435,1437,1436,1411,1416,1410,1405,1403,1373,1397,1411,1414,1417,1415,1435,1425,1422,1412,1416,1403,1406,1406,1409,1436,1443,1460,1456,1459,1459,1470,1466,1463,1465,1463,1477,1456,1457,1445,1492,1484,1492,1493,1491,1495,1502,1557,1565,1562,1597,1592,1592,1559
1500,1492,1466,1456,1444,1436,1436,1438,1432,1432,1432,1439,1444,1405,1397,1423,1396,1394,1391,1396,1403,1399,1397,1389,1392,1392,1382,1399,1409,1441,1435,1431,1411,1418,1415,1399,1410,1388,1371,1374,1410,1403,1407,1410,1411,1410,1423,1422,1420,1419,1423,1419,1419,1426,1426,1426,1426,1414,1431,1431,1429,1436,1438,1444,1448,1466,1460,1458,1455,1440,1438,1439,1418,1418,1415,1381,1376,1364,1355,1353,1346,1317,1322,1361,1361,1362,1343,1343,1338,1336,1336,1340,1323,1323,1325,1322,1320,1317,1307,1312,1312,1292,1296,1301,1301,1294,1271,1276,1266,1264,1266,1266,1254,1246,1242,1242,1249,1246,1249,1246,1242
1500,1501,1508,1512,1508,1511,1505,1508,1511,1507,1500,1504,1494,1511,1499,1483,1481,1481,1483,1530,1531,1522,1521,1526,1533,1537,1516,1539,1560,1562,1559,1561,1586,1575,1584,1600,1596,1599,1588,1598,1582,1581,1585,1589,1593,1617,1623,1602,1601,1595,1585,1572,1568,1566,1578,1588,1588,1583,1580,1610,1619,1621,1627,1628,1617,1632,1629,1607,1604,1623,1640,1669,1647,1649,1653,1646,1649,1637,1638,1686,1727,1724,1710,1712,1731,1731,1723,1726,1728,1729,1724,1719,1711,1699,1683,1687,1693,1704,1726,1693,1693,1691,1683,1666,1701,1701,1686,1672,1675,1676,1676,1666,1671,1672,1669,1664,1629,1636,1632,1613,1617
1500,1492,1498,1505,1507,1467,1468,1458,1461,1455,1484,1479,1473,1475,1442,1435,1434,1436,1447,1455,1462,1465,1460,1491,1487,1487,1483,1491,1487,1486,1491,1481,1487,1486,1483,1477,1474,1504,1506,1513,1517,1536,1539,1544,1547,1543,1531,1529,1519,1524,1515,1509,1509,1502,1502,1526,1526,1485,1485,1491,1499,1508,1521,1508,1492,1486,1492,1500,1469,1479,1488,1488,1508,1512,1512,1503,1507,1491,1481,1496,1517,1516,1504,1494,1479,1474,1488,1488,1511,1507,1504,1513,1515,1517,1514,1511,1529,1528,1554,1561,1559,1551,1569,1568,1579,1572,1589,1584,1583,1579,1574,1570,1563,1565,1559,1554,1503,1504,1506,1513,1510
1500,1495,1496,1508,1505,1501,1494,1507,1492,1485,1488,1491,1523,1533,1554,1562,1560,1556,1556,1557,1544,1536,1539,1541,1531,1528,1523,1523,1515,1515,1533,1568,1564,1595,1587,1583,1581,1578,1568,1571,1571,1571,1559,1545,1539,1539,1546,1588,1631,1628,1628,1627,1574,1576,1609,1602,1582,1622,1620,1591,1586,1589,1587,1580,1572,1575,1586,1550,1550,1556,1565,1567,1572,1548,1506,1506,1514,1485,1527,1523,1532,1517,1517,1522,1516,1512,1545,1535,1535,1533,1525,1527,1543,1541,1543,1543,1552,1555,1553,1554,1542,1564,1577,1565,1561,1554,1565,1557,1562,1558,1552,1546,1555,1545,1564,1564,1565,1569,1547,1549,1557
1500,1510,1510,1517,1517,1513,1528,1526,1527,1528,1520,1522,1525,1520,1498,1502,1499,1500,1510,1528,1527,1531,1536,1546,1551,1543,1541,1545,1586,1601,1598,1581,1577,1569,1571,1576,1563,1568,1563,1558,1565,1569,1590,1594,1589,1600,1588,1600,1562,1558,1554,1550,1552,1557,1564,1614,1611,1626,1634,1628,1639,1630,1646,1659,1655,1636,1631,1635,1637,1630,1628,1629,1627,1619,1606,1620,1594,1570,1571,1585,1610,1613,1638,1635,1634,1632,1659,1657,1667,1671,1663,1666,1656,1645,1642,1639,1630,1634,1622,1622,1629,1591,1601,1612,1617,1617,1586,1584,1592,1588,1601,1624,1622,1618,1607,1594,1603,1596,1629,1659,1682
1500,1492,1484,1471,1473,1470,1470,1467,1485,1484,1494,1507,1515,1526,1523,1554,1551,1563,1566,1583,1562,1530,1538,1537,1537,1538,1531,1530,1540,1540,1529,1529,1542,1536,1535,1530,1505,1497,1503,1494,1480,1469,1437,1467,1473,1473,1444,1467,1474,1474,1475,1485,1485,1479,1480,1493,1496,1503,1508,1516,1529,1535,1526,1515,1508,1525,1518,1503,1505,1491,1494,1476,1465,1465,1463,1462,1459,1450,1456,1445,1450,1447,1444,1443,1434,1429,1426,1407,1399,1389,1341,1341,1355,1368,1381,1378,1383,1364,1362,1373,1369,1361,1361,1360,1360,1375,1386,1367,1367,1354,1367,1372,1370,1360,1351,1349,1349,1349,1343,1337,1336
1500,1513,1511,1519,1521,1520,1505,1494,1497,1497,1517,1528,1528,1561,1566,1577,1580,1580,1574,1574,1591,1591,1591,1592,1580,1584,1557,1572,1570,1566,1567,1549,1559,1559,1602,1595,1624,1614,1623,1625,1633,1634,1635,1623,1625,1581,1592,1594,1587,1592,1592,1594,1592,1601,1603,1600,1595,1603,1594,1588,1571,1550,1550,1538,1538,1534,1526,1526,1533,1531,1523,1529,1522,1515,1513,1519,1529,1485,1485,1484,1489,1479,1499,1494,1496,1512,1511,1499,1511,1496,1482,1487,1493,1509,1510,1512,1501,1522,1511,1494,1485,1489,1484,1482,1488,1489,1487,1496,1486,1486,1494,1499,1499,1491,1496,1489,1505,1497,1503,1500,1502
1500,1479,1479,1486,1498,1497,1462,1466,1470,1466,1476,1492,1488,1497,1498,1493,1492,1500,1505,1507,1508,1554,1549,1542,1540,1554,1543,1521,1534,1524,1536,1565,1553,1546,1552,1570,1570,1579,1563,1576,1593,1531,1523,1545,1556,1554,1539,1539,1552,1543,1546,1550,1556,1571,1560,1565,1552,1545,1540,1540,1548,1539,1559,1561,1563,1578,1583,1624,1613,1604,1609,1621,1621,1614,1624,1644,1647,1644,1634,1625,1626,1636,1643,1638,1648,1656,1678,1670,1695,1691,1706,1708,1698,1698,1700,1725,1717,1720,1726,1762,1771,1765,1764,1738,1724,1715,1700,1702,1685,1690,1687,1690,1686,1670,1677,1678,1691,1694,1696,1692,1698
1500,1500,1532,1524,1535,1536,1544,1567,1565,1549,1554,1555,1574,1564,1564,1573,1567,1565,1564,1555,1567,1529,1531,1531,1532,1521,1516,1522,1529,1510,1518,1515,1480,1459,1456,1496,1497,1494,1497,1512,1507,1494,1491,1463,1448,1459,1472,1472,1462,1470,1476,1464,1463,1461,1455,1449,1470,1472,1470,1471,1471,1483,1482,1499,1504,1494,1494,1485,1495,1490,1489,1504,1486,1491,1495,1498,1473,1476,1478,1518,1528,1538,1532,1527,1519,1520,1488,1496,1481,1482,1501,1503,1547,1553,1541,1540,1543,1537,1532,1571,1556,1531,1538,1536,1536,1545,1550,1552,1605,1603,1597,1591,1580,1582,1547,1537,1569,1574,1584,1591,1578
1500,1500,1502,1493,1488,1488,1488,1483,1481,1474,1458,1449,1451,1500,1488,1487,1487,1493,1485,1471,1466,1451,1449,1450,1450,1419,1420,1407,1396,1366,1375,1379,1379,1377,1382,1382,1382,1376,1374,1369,1378,1402,1392,1403,1399,1398,1380,1375,1384,1384,1392,1384,1376,1386,1391,1393,1398,1396,1395,1391,1390,1357,1357,1370,1386,1385,1390,1390,1369,1374,1368,1365,1362,1383,1380,1381,1381,1388,1384,1383,1385,1382,1384,1384,1390,1406,1406,1406,1439,1448,1455,1464,1461,1474,1459,1456,1480,1486,1486,1476,1485,1480,1484,1484,1468,1455,1471,1474,1475,1590,1585,1589,1586,1583,1573,1583,1587,1597,1606,1604,1597
1500,1528,1530,1529,1524,1531,1531,1535,1529,1527,1527,1518,1520,1525,1530,1539,1526,1525,1528,1519,1524,1524,1522,1511,1503,1498,1496,1527,1530,1526,1526,1513,1520,1536,1513,1526,1524,1524,1545,1548,1553,1565,1528,1530,1527,1531,1523,1530,1533,1562,1561,1567,1563,1593,1574,1540,1541,1525,1523,1538,1529,1624,1652,1647,1633,1608,1615,1622,1620,1614,1614,1616,1620,1610,1614,1616,1624,1635,1647,1662,1657,1658,1663,1685,1678,1674,1657,1645,1643,1618,1607,1613,1591,1614,1609,1641,1634,1648,1641,1638,1646,1650,1647,1664,1658,1660,1656,1653,1642,1626,1626,1638,1669,1676,1667,1659,1667,1665,1657,1656,1658
1500,1499,1486,1490,1494,1481,1489,1498,1490,1488,1487,1476,1476,1468,1469,1466,1471,1458,1434,1426,1448,1448,1444,1460,1460,1475,1482,1494,1489,1514,1512,1522,1523,1522,1518,1516,1516,1519,1517,1517,1479,1489,1479,1469,1447,1449,1446,1463,1466,1463,1467,1468,1475,1483,1494,1485,1482,1486,1493,1488,1488,1476,1459,1451,1440,1436,1424,1442,1441,1441,1445,1445,1448,1459,1455,1456,1456,1445,1451,1445,1447,1423,1461,1432,1430,1432,1429,1428,1438,1433,1432,1433,1415,1434,1464,1473,1470,1463,1436,1431,1418,1411,1510,1513,1510,1533,1543,1572,1576,1577,1585,1583,1576,1553,1529,1544,1526,1524,1520,1523,1531
1500,1499,1499,1494,1505,1504,1508,1486,1485,1491,1488,1486,1489,1493,1493,1503,1507,1521,1514,1508,1517,1536,1538,1554,1551,1572,1567,1566,1570,1575,1569,1564,1573,1551,1562,1562,1573,1569,1588,1585,1589,1590,1585,1590,1599,1605,1596,1596,1597,1587,1576,1581,1584,1584,1582,1581,1581,1580,1611,1600,1597,1612,1634,1634,1636,1632,1625,1655,1646,1637,1674,1705,1705,1713,1711,1733,1733,1740,1750,1752,1751,1780,1785,1787,1786,1778,1770,1770,1756,1726,1721,1718,1715,1705,1721,1718,1692,1709,1698,1698,1700,1698,1684,1673,1665,1665,1668,1667,1666,1661,1658,1661,1640,1640,1643,1637,1638,1673,1672,1675,1678
1500,1498,1466,1478,1483,1483,1498,1500,1491,1496,1506,1497,1522,1518,1507,1526,1531,1528,1525,1553,1547,1542,1543,1540,1525,1518,1523,1511,1537,1525,1522,1520,1539,1537,1541,1544,1498,1498,1496,1490,1489,1488,1486,1491,1494,1487,1488,1506,1517,1514,1467,1458,1451,1450,1444,1443,1441,1454,1456,1472,1480,1480,1451,1405,1392,1392,1399,1377,1372,1369,1388,1395,1394,1387,1385,1382,1382,1384,1393,1383,1360,1366,1365,1360,1354,1363,1358,1371,1372,1372,1373,1379,1376,1363,1362,1361,1361,1359,1360,1355,1348,1353,1346,1338,1331,1320,1329,1329,1332,1331,1339,1331,1336,1328,1336,1368,1381,1371,1366,1350,1353
1500,1532,1525,1510,1499,1501,1494,1501,1473,1484,1478,1478,1478,1458,1458,1458,1465,1476,1470,1492,1494,1481,1496,1495,1488,1480,1478,1499,1490,1514,1514,1508,1515,1527,1521,1516,1510,1520,1523,1523,1529,1473,1467,1456,1457,1454,1457,1471,1466,1459,1462,1479,1476,1468,1461,1455,1457,1446,1440,1445,1467,1460,1454,1454,1431,1406,1413,1409,1410,1412,1416,1426,1422,1425,1419,1410,1402,1384,1383,1389,1394,1381,1379,1384,1382,1376,1353,1364,1378,1375,1391,1409,1408,1396,1386,1382,1394,1412,1424,1429,1431,1429,1399,1396,1389,1389,1392,1415,1427,1433,1454,1448,1453,1448,1427,1407,1400,1399,1394,1389,1390
1500,1497,1497,1497,1497,1497,1498,1496,1503,1475,1489,1511,1509,1522,1536,1533,1543,1554,1552,1551,1549,1554,1564,1563,1579,1560,1564,1581,1581,1580,1577,1573,1571,1575,1578,1563,1566,1568,1583,1584,1576,1576,1577,1576,1570,1550,1546,1547,1541,1554,1552,1548,1565,1559,1575,1566,1568,1562,1569,1573,1571,1563,1562,1562,1554,1554,1554,1540,1532,1533,1531,1491,1502,1498,1510,1527,1529,1516,1515,1509,1509,1507,1495,1475,1484,1477,1453,1440,1444,1443,1444,1453,1451,1441,1452,1451,1440,1440,1447,1475,1475,1465,1463,1455,1467,1470,1463,1460,1470,1457,1422,1434,1439,1454,1454,1443,1446,1445,1457,1456,1453
1500,1500,1490,1479,1486,1498,1507,1502,1495,1500,1496,1496,1496,1493,1469,1460,1473,1475,1433,1433,1416,1407,1407,1395,1404,1404,1402,1389,1391,1402,1406,1396,1417,1417,1424,1419,1415,1419,1433,1425,1450,1455,1440,1441,1437,1443,1485,1496,1488,1487,1464,1473,1459,1486,1506,1489,1484,1492,1499,1492,1495,1494,1500,1496,1488,1487,1474,1470,1467,1467,1469,1481,1471,1499,1501,1537,1527,1539,1546,1533,1527,1552,1555,1547,1554,1557,1557,1557,1555,1545,1557,1537,1541,1549,1554,1563,1560,1568,1569,1556,1542,1543,1533,1527,1525,1540,1544,1542,1584,1583,1581,1582,1569,1585,1598,1619,1626,1562,1562,1542,1532
1500,1492,1493,1496,1526,1526,1518,1514,1515,1514,1509,1526,1524,1523,1533,1524,1521,1514,1514,1543,1543,1543,1542,1538,1522,1523,1530,1523,1516,1521,1506,1506,1501,1508,1508,1504,1466,1469,1466,1457,1461,1450,1443,1445,1446,1429,1396,1387,1395,1393,1410,1426,1424,1401,1396,1397,1371,1368,1365,1341,1333,1332,1338,1336,1336,1329,1338,1331,1334,1325,1317,1317,1315,1317,1317,1335,1334,1319,1318,1314,1311,1316,1314,1314,1311,1312,1310,1304,1315,1317,1302,1295,1288,1299,1296,1271,1283,1279,1279,1293,1284,1291,1291,1290,1307,1324,1338,1336,1340,1331,1322,1332,1334,1334,1333,1323,1325,1305,1303,1303,1309
1500,1506,1506,1500,1529,1547,1560,1564,1566,1544,1545,1515,1505,1532,1538,1546,1546,1538,1543,1558,1562,1548,1525,1523,1539,1565,1564,1555,1562,1542,1549,1538,1555,1554,1565,1579,1595,1594,1599,1606,1599,1596,1593,1594,1604,1605,1618,1568,1544,1545,1533,1500,1507,1519,1517,1525,1547,1524,1517,1527,1548,1574,1559,1549,1570,1572,1575,1570,1573,1587,1581,1571,1586,1586,1594,1593,1590,1596,1601,1597,1608,1609,1614,1622,1623,1616,1714,1708,1721,1701,1677,1686,1675,1673,1661,1656,1650,1657,1657,1645,1653,1651,1650,1658,1642,1645,1628,1631,1629,1629,1620,1616,1597,1598,1598,1600,1604,1593,1600,1608,1609
1500,1505,1498,1487,1482,1473,1472,1470,1467,1494,1492,1507,1507,1519,1529,1531,1528,1519,1518,1516,1525,1523,1517,1539,1539,1536,1540,1555,1563,1550,1552,1573,1563,1570,1584,1578,1576,1556,1552,1517,1514,1509,1510,1519,1523,1522,1514,1514,1517,1513,1513,1532,1524,1521,1514,1517,1501,1495,1493,1493,1481,1480,1496,1496,1499,1499,1505,1515,1514,1508,1517,1516,1500,1492,1490,1490,1493,1489,1514,1502,1495,1494,1500,1503,1504,1522,1517,1518,1525,1539,1528,1531,1527,1542,1547,1554,1561,1593,1587,1573,1564,1565,1579,1563,1570,1572,1572,1568,1572,1541,1546,1517,1517,1522,1519,1506,1508,1494,1492,1492,1483
1500,1498,1495,1497,1489,1494,1493,1498,1478,1488,1503,1507,1507,1491,1486,1473,1483,1476,1480,1481,1483,1474,1471,1468,1457,1457,1446,1436,1429,1421,1422,1420,1421,1422,1422,1422,1442,1446,1448,1425,1429,1433,1437,1423,1420,1420,1417,1418,1416,1427,1427,1433,1427,1445,1475,1470,1476,1480,1479,1491,1490,1495,1513,1513,1517,1514,1512,1509,1511,1511,1525,1549,1549,1557,1576,1576,1561,1561,1577,1603,1588,1612,1608,1584,1580,1574,1516,1517,1511,1476,1499,1502,1497,1504,1511,1508,1500,1504,1506,1504,1498,1498,1500,1498,1498,1503,1507,1506,1542,1566,1577,1569,1579,1580,1573,1579,1603,1604,1601,1644,1661
1500,1516,1516,1486,1482,1492,1498,1495,1493,1498,1497,1499,1501,1502,1502,1505,1505,1521,1527,1524,1527,1532,1527,1543,1526,1519,1504,1510,1509,1509,1503,1499,1483,1485,1489,1519,1531,1530,1529,1544,1594,1589,1613,1606,1610,1609,1620,1632,1637,1631,1610,1609,1602,1600,1604,1626,1619,1598,1607,1604,1584,1580,1593,1580,1592,1592,1592,1634,1643,1641,1636,1629,1631,1632,1615,1613,1598,1601,1593,1598,1586,1565,1567,1566,1572,1572,1585,1583,1570,1589,1598,1583,1591,1594,1617,1623,1626,1636,1640,1658,1663,1667,1676,1677,1693,1696,1690,1688,1690,1681,1696,1677,1666,1644,1645,1644,1651,1640,1641,1638,1616
1500,1511,1521,1531,1548,1552,1545,1551,1543,1534,1535,1535,1527,1520,1524,1535,1533,1533,1530,1532,1528,1526,1534,1532,1529,1529,1530,1530,1528,1525,1532,1532,1527,1542,1544,1544,1544,1522,1522,1527,1521,1520,1520,1515,1514,1517,1513,1515,1488,1491,1508,1524,1521,1539,1546,1557,1542,1536,1545,1537,1553,1501,1527,1530,1578,1565,1567,1576,1578,1582,1582,1576,1586,1589,1596,1602,1596,1612,1596,1596,1585,1583,1581,1572,1571,1545,1581,1571,1569,1565,1561,1567,1569,1562,1561,1558,1554,1547,1549,1551,1545,1544,1550,1528,1534,1515,1504,1507,1470,1463,1451,1470,1456,1451,1441,1444,1445,1451,1464,1471,1529
1500,1497,1501,1490,1487,1493,1489,1491,1459,1462,1475,1486,1461,1471,1443,1453,1461,1453,1449,1450,1458,1457,1453,1452,1455,1451,1447,1444,1474,1454,1451,1464,1461,1453,1452,1452,1462,1469,1468,1468,1467,1477,1479,1517,1507,1501,1497,1492,1496,1508,1502,1498,1550,1549,1547,1561,1531,1522,1532,1524,1517,1520,1528,1543,1554,1554,1537,1541,1541,1545,1543,1567,1560,1570,1573,1569,1561,1578,1578,1578,1595,1596,1593,1578,1583,1581,1595,1580,1586,1577,1580,1617,1601,1598,1599,1605,1610,1610,1626,1634,1645,1631,1587,1595,1584,1583,1568,1552,1553,1547,1553,1564,1562,1548,1543,1554,1564,1564,1564,1570,1572
1500,1490,1491,1535,1522,1494,1526,1514,1520,1526,1525,1532,1530,1525,1527,1531,1502,1521,1520,1525,1520,1517,1535,1525,1528,1526,1541,1525,1533,1494,1514,1521,1523,1517,1517,1506,1513,1516,1516,1516,1510,1520,1522,1521,1521,1507,1511,1506,1506,1502,1528,1536,1529,1517,1512,1560,1558,1566,1573,1577,1604,1600,1594,1582,1578,1583,1582,1583,1580,1593,1590,1579,1605,1607,1599,1605,1607,1586,1573,1568,1567,1593,1584,1583,1596,1609,1629,1639,1651,1669,1667,1674,1675,1676,1671,1669,1668,1654,1652,1660,1666,1677,1678,1676,1613,1602,1607,1612,1598,1611,1610,1605,1608,1612,1608,1626,1601,1604,1604,1593,1601
1500,1524,1526,1556,1544,1540,1540,1541,1558,1550,1550,1580,1584,1583,1584,1577,1557,1561,1567,1561,1557,1545,1558,1554,1554,1570,1565,1575,1575,1575,1571,1571,1561,1565,1564,1551,1550,1545,1545,1546,1557,1551,1543,1530,1556,1556,1550,1547,1596,1589,1581,1571,1581,1579,1567,1571,1571,1530,1536,1545,1503,1522,1530,1532,1532,1521,1509,1531,1533,1542,1538,1539,1551,1512,1498,1498,1510,1510,1510,1502,1507,1499,1487,1481,1482,1475,1465,1464,1464,1451,1462,1462,1462,1474,1451,1449,1449,1456,1456,1460,1457,1463,1475,1469,1473,1471,1470,1470,1468,1480,1505,1504,1481,1481,1488,1503,1560,1538,1532,1527,1495
1500,1499,1524,1527,1529,1526,1527,1528,1519,1514,1543,1545,1546,1531,1526,1520,1515,1515,1518,1523,1522,1530,1533,1541,1568,1569,1570,1570,1574,1566,1612,1639,1636,1638,1634,1633,1651,1653,1652,1659,1663,1651,1637,1613,1606,1605,1608,1611,1606,1613,1606,1622,1636,1654,1666,1669,1668,1646,1644,1655,1656,1655,1648,1635,1649,1644,1632,1635,1625,1643,1644,1637,1609,1609,1609,1607,1600,1593,1591,1589,1594,1596,1597,1615,1617,1616,1618,1620,1613,1613,1625,1620,1619,1623,1646,1638,1640,1641,1642,1641,1656,1658,1657,1665,1686,1704,1726,1744,1743,1702,1701,1694,1700,1704,1715,1750,1756,1751,1752,1757,1753
1500,1495,1481,1469,1516,1514,1510,1515,1537,1584,1584,1584,1580,1587,1577,1551,1579,1581,1576,1558,1570,1568,1573,1576,1576,1593,1586,1588,1585,1564,1562,1569,1576,1552,1550,1556,1558,1555,1559,1559,1554,1556,1554,1574,1581,1581,1578,1576,1545,1555,1543,1538,1533,1526,1528,1560,1569,1562,1561,1559,1563,1566,1551,1565,1552,1546,1544,1539,1540,1542,1556,1562,1558,1553,1553,1551,1534,1539,1547,1534,1550,1552,1539,1519,1534,1527,1522,1517,1520,1522,1488,1493,1494,1473,1475,1483,1487,1488,1486,1484,1509,1513,1513,1515,1506,1498,1502,1489,1493,1511,1510,1516,1513,1503,1493,1492,1546,1532,1552,1546,1530
1500,1498,1490,1489,1488,1492,1494,1478,1484,1494,1485,1483,1485,1487,1494,1493,1501,1507,1500,1495,1495,1481,1485,1473,1474,1474,1490,1493,1494,1475,1473,1483,1475,1461,1471,1471,1504,1515,1505,1505,1497,1482,1484,1543,1524,1524,1522,1514,1522,1520,1513,1497,1504,1502,1505,1524,1526,1523,1519,1522,1545,1514,1508,1503,1512,1496,1500,1507,1507,1511,1508,1482,1482,1473,1470,1482,1497,1499,1504,1500,1490,1496,1497,1483,1480,1513,1506,1489,1490,1489,1497,1491,1490,1491,1486,1486,1457,1467,1467,1465,1469,1467,1460,1461,1459,1473,1467,1467,1455,1467,1471,1473,1471,1456,1448,1450,1443,1443,1445,1449,1450
1500,1489,1514,1500,1521,1505,1509,1541,1543,1550,1545,1573,1570,1568,1604,1600,1604,1604,1602,1577,1581,1574,1568,1565,1560,1562,1562,1568,1559,1558,1563,1559,1567,1581,1572,1578,1578,1589,1593,1591,1601,1602,1599,1599,1586,1577,1577,1577,1579,1576,1587,1595,1592,1594,1549,1563,1576,1580,1582,1585,1581,1572,1572,1568,1546,1551,1546,1517,1521,1518,1525,1533,1531,1531,1527,1510,1505,1553,1521,1515,1516,1523,1542,1537,1537,1523,1515,1512,1515,1518,1518,1517,1513,1513,1533,1535,1538,1533,1539,1548,1555,1552,1552,1544,1556,1547,1575,1598,1601,1596,1588,1554,1558,1565,1573,1571,1571,1570,1519,1525,1534
1500,1526,1523,1528,1534,1536,1541,1535,1532,1538,1561,1539,1537,1534,1562,1559,1566,1567,1563,1558,1556,1569,1568,1566,1574,1574,1595,1601,1610,1598,1598,1600,1595,1581,1586,1574,1553,1551,1557,1557,1555,1572,1570,1531,1537,1535,1557,1545,1545,1559,1560,1569,1585,1585,1585,1598,1590,1598,1597,1597,1599,1595,1595,1599,1597,1605,1612,1599,1588,1590,1582,1562,1562,1554,1556,1542,1577,1570,1572,1567,1571,1566,1568,1585,1584,1591,1579,1573,1571,1567,1559,1555,1565,1548,1546,1547,1538,1537,1528,1525,1520,1505,1507,1502,1525,1525,1522,1503,1494,1494,1485,1486,1495,1505,1495,1495,1483,1520,1532,1533,1528
1500,1494,1491,1463,1457,1452,1447,1444,1443,1456,1460,1459,1463,1488,1483,1475,1478,1484,1488,1485,1477,1478,1474,1476,1482,1486,1503,1513,1500,1499,1501,1505,1500,1498,1482,1480,1487,1471,1469,1488,1483,1457,1471,1456,1458,1456,1453,1447,1444,1448,1450,1471,1468,1475,1497,1467,1472,1481,1468,1450,1449,1448,1457,1458,1450,1463,1456,1448,1442,1436,1432,1425,1415,1452,1447,1446,1440,1442,1449,1451,1449,1440,1440,1441,1472,1464,1462,1452,1477,1463,1469,1477,1470,1476,1474,1469,1489,1490,1500,1508,1517,1516,1513,1510,1511,1493,1492,1503,1507,1498,1527,1554,1556,1535,1542,1538,1528,1513,1492,1500,1492
1500,1510,1514,1504,1506,1502,1506,1498,1501,1506,1517,1517,1523,1470,1470,1463,1462,1465,1455,1448,1445,1444,1445,1441,1444,1436,1452,1453,1454,1438,1413,1401,1386,1336,1324,1314,1310,1309,1309,1308,1304,1303,1300,1297,1290,1281,1269,1269,1250,1247,1251,1251,1259,1259,1262,1261,1238,1276,1273,1273,1273,1255,1255,1253,1253,1249,1289,1300,1297,1294,1302,1302,1295,1301,1299,1295,1295,1295,1295,1293,1284,1284,1283,1282,1282,1287,1283,1295,1292,1283,1274,1281,1271,1319,1334,1328,1330,1324,1339,1343,1341,1350,1356,1345,1341,1333,1326,1345,1344,1360,1363,1361,1361,1362,1357,1341,1421,1414,1410,1426,1428
1500,1492,1498,1497,1496,1489,1487,1477,1489,1476,1479,1474,1491,1484,1482,1488,1494,1492,1497,1512,1510,1512,1493,1495,1491,1475,1470,1457,1457,1464,1463,1450,1450,1454,1450,1444,1441,1443,1446,1449,1450,1455,1447,1432,1451,1446,1446,1449,1439,1444,1439,1438,1452,1452,1446,1443,1443,1465,1452,1470,1470,1470,1471,1483,1488,1487,1509,1508,1505,1501,1549,1546,1543,1497,1492,1468,1428,1437,1439,1439,1437,1421,1414,1408,1403,1413,1412,1403,1398,1402,1386,1385,1404,1409,1411,1405,1397,1383,1386,1382,1380,1363,1364,1337,1341,1349,1347,1359,1357,1352,1349,1348,1343,1343,1347,1360,1355,1405,1404,1396,1394
1500,1500,1494,1489,1489,1477,1484,1482,1475,1478,1475,1474,1479,1490,1487,1472,1488,1494,1493,1485,1486,1478,1480,1484,1493,1480,1475,1483,1489,1495,1472,1448,1478,1490,1489,1483,1493,1509,1513,1512,1497,1510,1509,1527,1534,1530,1514,1465,1459,1454,1459,1455,1451,1446,1444,1440,1428,1427,1428,1434,1434,1453,1438,1425,1433,1437,1437,1415,1412,1423,1423,1425,1412,1395,1399,1403,1388,1344,1344,1343,1359,1364,1356,1356,1366,1381,1379,1375,1380,1380,1386,1385,1393,1382,1366,1366,1356,1339,1345,1348,1344,1338,1326,1325,1307,1303,1304,1341,1339,1341,1353,1355,1350,1352,1336,1332,1327,1324,1331,1322,1321
1500,1499,1499,1488,1488,1500,1512,1488,1495,1487,1491,1466,1465,1464,1462,1461,1453,1450,1433,1410,1418,1417,1421,1431,1481,1479,1474,1467,1464,1466,1463,1457,1510,1518,1511,1524,1531,1525,1521,1554,1558,1536,1523,1524,1540,1555,1559,1558,1547,1547,1541,1534,1534,1527,1526,1521,1525,1536,1535,1523,1519,1529,1534,1549,1554,1556,1559,1547,1530,1525,1525,1524,1519,1514,1472,1473,1473,1473,1482,1474,1474,1474,1474,1436,1437,1437,1454,1450,1447,1458,1467,1489,1477,1457,1528,1530,1528,1527,1524,1513,1512,1501,1499,1498,1501,1504,1504,1500,1503,1489,1486,1478,1471,1476,1480,1480,1469,1469,1469,1475,1469
1500,1501,1509,1502,1506,1495,1492,1493,1489,1482,1494,1470,1471,1483,1482,1480,1482,1489,1483,1478,1456,1453,1460,1456,1460,1460,1452,1450,1457,1442,1442,1435,1435,1429,1424,1449,1456,1478,1480,1461,1500,1500,1504,1539,1528,1522,1532,1538,1536,1516,1519,1516,1516,1507,1504,1514,1522,1528,1516,1516,1520,1524,1516,1513,1512,1493,1491,1482,1504,1500,1502,1521,1506,1495,1489,1489,1431,1430,1418,1417,1413,1422,1428,1429,1429,1421,1424,1430,1444,1457,1457,1464,1460,1465,1465,1452,1451,1445,1441,1447,1429,1425,1445,1452,1452,1452,1452,1439,1444,1443,1461,1459,1454,1462,1460,1473,1478,1478,1513,1513,1509
1500,1511,1483,1480,1471,1478,1480,1530,1528,1490,1497,1483,1503,1505,1523,1516,1516,1509,1508,1503,1511,1507,1498,1493,1497,1498,1496,1499,1505,1512,1546,1532,1541,1534,1521,1526,1532,1645,1635,1625,1625,1635,1635,1653,1640,1638,1639,1644,1658,1645,1669,1665,1661,1656,1653,1635,1605,1602,1591,1595,1595,1604,1619,1614,1611,1612,1618,1602,1602,1572,1570,1608,1604,1595,1599,1610,1654,1642,1648,1649,1687,1689,1691,1688,1690,1685,1677,1682,1677,1676,1677,1643,1666,1669,1680,1677,1685,1686,1679,1668,1665,1666,1659,1664,1651,1666,1669,1645,1646,1654,1655,1691,1683,1675,1681,1684,1666,1668,1662,1669,1663
1500,1522,1530,1521,1518,1469,1473,1450,1450,1450,1450,1454,1472,1464,1479,1490,1450,1461,1458,1457,1453,1443,1438,1438,1427,1423,1397,1400,1408,1405,1404,1404,1408,1414,1420,1420,1386,1387,1392,1410,1405,1359,1359,1369,1375,1343,1335,1351,1361,1359,1388,1398,1398,1408,1413,1411,1409,1407,1416,1421,1425,1429,1422,1419,1416,1396,1393,1399,1398,1397,1397,1395,1410,1394,1383,1359,1348,1356,1362,1363,1355,1360,1334,1328,1328,1330,1341,1337,1340,1338,1328,1321,1326,1341,1342,1376,1374,1374,1383,1399,1399,1422,1427,1427,1437,1434,1428,1449,1443,1460,1440,1473,1477,1446,1482,1483,1497,1459,1457,1459,1452
1500,1491,1480,1490,1481,1477,1477,1480,1493,1485,1493,1501,1488,1481,1480,1475,1483,1464,1453,1466,1483,1490,1497,1497,1516,1526,1521,1524,1522,1531,1534,1562,1555,1558,1558,1556,1541,1531,1526,1521,1515,1471,1473,1457,1421,1422,1461,1458,1458,1447,1480,1492,1491,1491,1482,1483,1482,1483,1479,1502,1502,1512,1517,1517,1511,1499,1485,1488,1489,1488,1476,1466,1483,1479,1487,1471,1471,1463,1475,1482,1467,1453,1457,1462,1462,1470,1468,1472,1458,1458,1455,1452,1453,1444,1448,1437,1431,1414,1421,1416,1422,1443,1443,1447,1445,1451,1462,1470,1483,1462,1461,1441,1439,1449,1465,1466,1475,1474,1469,1467,1446
1500,1495,1504,1506,1504,1494,1491,1496,1496,1487,1498,1507,1509,1519,1509,1515,1512,1518,1521,1509,1524,1527,1530,1532,1532,1543,1557,1553,1537,1538,1534,1572,1551,1551,1551,1546,1555,1557,1541,1534,1533,1528,1548,1565,1538,1541,1536,1534,1519,1518,1530,1538,1546,1543,1535,1520,1501,1518,1516,1513,1522,1532,1529,1518,1511,1507,1495,1490,1489,1484,1487,1488,1488,1488,1487,1480,1460,1460,1455,1452,1427,1432,1432,1440,1439,1440,1460,1460,1460,1460,1484,1487,1462,1453,1455,1451,1449,1446,1442,1440,1438,1444,1434,1436,1430,1430,1432,1434,1434,1432,1436,1441,1441,1428,1421,1405,1418,1414,1402,1398,1404
1500,1490,1495,1490,1492,1477,1483,1514,1514,1504,1505,1509,1513,1512,1498,1511,1520,1517,1507,1522,1521,1511,1511,1507,1504,1500,1504,1507,1505,1527,1533,1506,1500,1501,1499,1485,1485,1485,1497,1496,1500,1499,1496,1492,1484,1491,1494,1464,1442,1445,1446,1445,1443,1448,1445,1440,1452,1448,1452,1452,1455,1448,1441,1444,1439,1439,1431,1426,1416,1418,1438,1424,1424,1421,1426,1410,1407,1407,1402,1400,1398,1400,1405,1406,1401,1392,1393,1378,1378,1406,1410,1421,1407,1401,1397,1393,1393,1381,1388,1392,1394,1416,1414,1417,1422,1414,1379,1384,1389,1386,1382,1382,1374,1375,1373,1374,1377,1373,1370,1357,1357
1500,1476,1459,1468,1447,1444,1444,1440,1440,1440,1469,1467,1469,1460,1458,1455,1471,1473,1479,1471,1471,1477,1470,1464,1453,1462,1452,1447,1436,1434,1403,1410,1406,1406,1406,1410,1411,1415,1433,1435,1426,1417,1402,1397,1392,1417,1410,1436,1424,1420,1420,1413,1410,1403,1402,1419,1423,1415,1410,1410,1416,1418,1407,1400,1416,1419,1396,1391,1395,1399,1398,1390,1393,1366,1361,1364,1360,1362,1362,1387,1382,1378,1377,1377,1377,1376,1376,1371,1353,1356,1368,1349,1347,1342,1344,1349,1343,1362,1357,1357,1357,1355,1343,1335,1343,1347,1346,1353,1345,1343,1356,1361,1357,1358,1359,1349,1334,1333,1336,1331,1316
1500,1518,1510,1508,1522,1522,1510,1523,1521,1525,1524,1508,1508,1504,1510,1507,1501,1511,1501,1490,1482,1479,1487,1480,1480,1484,1496,1494,1502,1499,1474,1471,1460,1466,1460,1467,1467,1466,1487,1503,1480,1490,1485,1480,1480,1506,1499,1501,1496,1487,1496,1489,1448,1451,1456,1453,1446,1482,1494,1506,1499,1477,1462,1453,1455,1456,1449,1448,1444,1444,1444,1439,1451,1456,1447,1448,1437,1433,1438,1475,1470,1484,1462,1445,1466,1487,1490,1486,1480,1480,1487,1490,1499,1500,1515,1511,1513,1515,1516,1517,1511,1526,1515,1514,1515,1528,1515,1513,1515,1513,1524,1528,1545,1548,1550,1556,1571,1591,1621,1629,1636
1500,1494,1514,1527,1516,1520,1500,1504,1498,1494,1494,1492,1490,1488,1488,1488,1493,1498,1499,1498,1539,1512,1500,1501,1507,1513,1508,1509,1510,1503,1542,1548,1551,1572,1576,1566,1565,1571,1579,1588,1581,1583,1600,1600,1581,1593,1606,1613,1628,1624,1595,1589,1603,1595,1626,1625,1622,1621,1621,1621,1625,1630,1624,1613,1592,1590,1587,1588,1585,1594,1589,1591,1579,1580,1580,1574,1604,1602,1608,1605,1594,1589,1586,1597,1588,1584,1588,1611,1601,1580,1616,1616,1611,1602,1586,1567,1567,1572,1580,1583,1583,1610,1627,1643,1646,1651,1640,1639,1643,1659,1679,1678,1689,1695,1690,1687,1683,1694,1693,1704,1702
1500,1503,1514,1487,1489,1485,1486,1492,1484,1485,1475,1468,1468,1475,1481,1481,1481,1485,1485,1500,1510,1509,1515,1511,1505,1542,1533,1537,1533,1547,1558,1566,1541,1546,1545,1547,1542,1535,1538,1537,1567,1597,1595,1613,1612,1597,1595,1591,1591,1601,1601,1609,1601,1610,1616,1616,1617,1627,1616,1606,1604,1598,1586,1583,1586,1578,1610,1616,1606,1608,1605,1610,1605,1612,1609,1611,1626,1626,1627,1631,1631,1628,1616,1652,1652,1652,1655,1655,1651,1646,1676,1704,1723,1733,1736,1737,1733,1720,1737,1745,1744,1744,1745,1726,1732,1729,1731,1730,1729,1726,1730,1733,1732,1710,1722,1731,1726,1714,1702,1721,1719
1500,1483,1465,1462,1452,1452,1457,1464,1455,1450,1436,1445,1453,1455,1474,1472,1472,1480,1479,1481,1479,1490,1485,1484,1483,1434,1419,1431,1426,1428,1421,1415,1415,1407,1400,1400,1407,1407,1409,1417,1423,1420,1434,1455,1461,1500,1506,1505,1498,1507,1514,1510,1513,1509,1476,1473,1473,1472,1485,1491,1484,1493,1489,1485,1467,1459,1459,1457,1435,1434,1433,1424,1413,1413,1410,1408,1409,1416,1421,1440,1456,1470,1464,1467,1465,1486,1494,1494,1488,1482,1480,1474,1467,1494,1527,1505,1524,1555,1555,1560,1565,1579,1557,1568,1569,1575,1587,1573,1564,1567,1575,1564,1547,1552,1527,1527,1514,1512,1518,1520,1524
1500,1514,1504,1510,1505,1503,1502,1517,1520,1512,1524,1520,1512,1515,1513,1527,1536,1536,1538,1538,1539,1574,1581,1593,1599,1606,1627,1625,1624,1628,1623,1626,1632,1633,1640,1623,1641,1639,1645,1646,1655,1688,1692,1693,1694,1702,1702,1722,1713,1765,1778,1774,1784,1806,1821,1801,1796,1797,1780,1773,1773,1779,1778,1763,1769,1768,1787,1772,1765,1760,1775,1796,1799,1793,1793,1803,1816,1809,1818,1814,1798,1798,1789,1807,1782,1772,1773,1754,1750,1751,1748,1741,1729,1734,1773,1746,1745,1742,1747,1772,1757,1768,1778,1770,1767,1767,1737,1738,1769,1792,1810,1810,1803,1803,1813,1812,1783,1763,1806,1797,1792
1500,1495,1494,1483,1475,1479,1480,1477,1481,1449,1426,1425,1425,1421,1407,1402,1396,1393,1391,1386,1393,1390,1384,1342,1342,1347,1326,1318,1330,1330,1311,1305,1307,1315,1313,1313,1303,1311,1304,1301,1310,1316,1308,1307,1312,1323,1323,1314,1346,1345,1350,1344,1367,1372,1381,1373,1375,1379,1392,1396,1396,1394,1395,1399,1401,1397,1414,1412,1411,1411,1394,1378,1378,1379,1379,1378,1390,1390,1380,1384,1401,1403,1395,1395,1386,1364,1367,1371,1377,1377,1373,1377,1375,1364,1366,1359,1360,1363,1382,1382,1376,1396,1440,1431,1431,1436,1438,1410,1413,1402,1396,1384,1395,1390,1410,1408,1411,1411,1422,1421,1419
1500,1498,1504,1495,1489,1467,1463,1442,1428,1428,1444,1444,1421,1422,1411,1406,1384,1368,1368,1378,1382,1383,1409,1419,1425,1426,1435,1448,1430,1428,1424,1418,1420,1440,1423,1412,1391,1396,1371,1371,1367,1360,1357,1360,1364,1369,1334,1333,1328,1336,1344,1339,1330,1328,1326,1320,1319,1293,1285,1293,1292,1292,1284,1269,1249,1249,1249,1243,1242,1237,1233,1239,1238,1234,1230,1230,1228,1228,1228,1233,1220,1220,1233,1228,1228,1239,1251,1255,1262,1257,1257,1251,1240,1227,1228,1228,1216,1246,1242,1253,1262,1255,1252,1270,1284,1284,1278,1278,1279,1287,1287,1255,1255,1260,1263,1270,1277,1276,1270,1270,1280
1500,1496,1484,1481,1465,1468,1463,1449,1554,1550,1554,1558,1542,1548,1549,1540,1540,1537,1537,1542,1539,1528,1527,1527,1534,1516,1512,1509,1503,1501,1509,1504,1504,1506,1466,1456,1482,1480,1482,1490,1490,1492,1493,1476,1477,1475,1448,1473,1460,1466,1469,1467,1438,1436,1443,1440,1448,1442,1451,1439,1413,1409,1414,1401,1404,1404,1387,1381,1379,1415,1415,1394,1359,1332,1326,1326,1323,1325,1316,1319,1318,1309,1306,1312,1319,1313,1313,1306,1307,1314,1314,1314,1340,1374,1377,1384,1384,1383,1363,1359,1361,1357,1347,1325,1322,1291,1301,1300,1290,1284,1283,1284,1285,1286,1279,1274,1270,1264,1275,1271,1316
1500,1484,1495,1497,1494,1492,1492,1492,1476,1480,1482,1447,1453,1455,1468,1471,1462,1460,1456,1465,1462,1455,1440,1431,1430,1434,1428,1420,1411,1408,1383,1390,1387,1396,1395,1400,1412,1436,1437,1422,1425,1426,1418,1418,1416,1410,1399,1399,1403,1396,1398,1398,1390,1417,1432,1431,1399,1386,1385,1377,1371,1371,1371,1371,1371,1373,1389,1383,1387,1386,1383,1378,1395,1400,1393,1392,1393,1398,1387,1391,1392,1395,1386,1398,1391,1397,1391,1384,1382,1373,1373,1371,1344,1345,1327,1323,1314,1314,1318,1326,1326,1330,1314,1338,1338,1319,1317,1317,1318,1314,1324,1325,1323,1326,1337,1334,1327,1325,1327,1320,1314
1500,1491,1480,1464,1458,1439,1433,1419,1420,1421,1420,1430,1425,1424,1426,1419,1421,1405,1387,1420,1420,1419,1427,1407,1400,1397,1381,1419,1414,1420,1420,1435,1435,1435,1434,1433,1462,1468,1458,1451,1459,1481,1475,1482,1484,1489,1499,1499,1536,1545,1527,1535,1531,1519,1516,1510,1508,1509,1512,1497,1488,1477,1469,1493,1497,1491,1487,1474,1481,1516,1541,1533,1518,1520,1513,1526,1487,1488,1504,1509,1511,1508,1519,1514,1504,1503,1510,1512,1536,1535,1546,1527,1570,1568,1586,1570,1562,1540,1552,1560,1536,1519,1514,1527,1528,1529,1553,1532,1534,1533,1533,1530,1533,1529,1535,1529,1536,1534,1534,1539,1540
1500,1527,1520,1527,1502,1506,1504,1478,1472,1445,1439,1458,1453,1436,1433,1431,1430,1422,1420,1410,1408,1408,1384,1380,1378,1378,1369,1387,1388,1380,1412,1377,1390,1422,1422,1427,1427,1461,1465,1469,1482,1496,1499,1492,1487,1497,1489,1489,1501,1499,1509,1509,1525,1531,1533,1533,1542,1588,1571,1578,1572,1611,1575,1573,1569,1580,1609,1611,1604,1629,1613,1605,1576,1578,1586,1579,1568,1560,1533,1530,1530,1529,1511,1518,1537,1537,1538,1543,1543,1542,1540,1551,1562,1551,1534,1533,1532,1531,1531,1531,1519,1528,1532,1530,1523,1540,1539,1539,1528,1530,1525,1532,1585,1597,1597,1608,1608,1606,1607,1606,1611
1500,1517,1515,1519,1521,1516,1510,1513,1513,1509,1497,1499,1489,1480,1514,1519,1523,1537,1535,1555,1571,1564,1564,1589,1622,1616,1619,1621,1633,1635,1635,1647,1665,1654,1659,1629,1636,1638,1634,1633,1628,1633,1635,1642,1646,1638,1610,1612,1609,1609,1611,1618,1618,1608,1636,1622,1619,1632,1638,1643,1653,1646,1635,1633,1636,1641,1642,1643,1636,1633,1626,1612,1627,1630,1626,1633,1635,1639,1634,1661,1650,1648,1653,1644,1653,1653,1631,1628,1629,1628,1618,1612,1603,1606,1597,1596,1591,1564,1553,1526,1531,1519,1515,1509,1510,1524,1531,1532,1527,1527,1535,1527,1526,1518,1516,1517,1541,1557,1564,1568,1555
1500,1507,1515,1511,1510,1508,1532,1510,1528,1531,1514,1510,1505,1496,1492,1474,1470,1473,1496,1544,1547,1534,1531,1548,1555,1579,1580,1585,1595,1602,1589,1564,1564,1558,1569,1557,1537,1546,1532,1532,1562,1559,1559,1559,1567,1555,1577,1562,1567,1565,1579,1578,1580,1582,1576,1605,1588,1577,1570,1563,1567,1571,1577,1570,1580,1584,1578,1582,1584,1584,1580,1569,1563,1559,1560,1564,1563,1563,1538,1529,1533,1526,1520,1517,1517,1512,1511,1518,1520,1510,1515,1505,1511,1493,1491,1477,1477,1470,1470,1471,1460,1454,1446,1453,1456,1455,1454,1462,1460,1481,1508,1508,1504,1515,1524,1514,1522,1519,1524,1524,1519
1500,1506,1510,1502,1526,1532,1540,1547,1559,1559,1559,1551,1553,1558,1546,1541,1514,1500,1487,1499,1494,1492,1492,1469,1471,1472,1487,1497,1491,1497,1498,1498,1496,1491,1496,1499,1500,1496,1491,1483,1489,1441,1450,1434,1435,1435,1433,1440,1441,1430,1435,1429,1427,1432,1461,1454,1456,1401,1401,1378,1378,1398,1401,1401,1401,1401,1401,1388,1381,1376,1368,1368,1366,1360,1362,1378,1371,1371,1365,1362,1364,1365,1359,1362,1362,1360,1361,1361,1370,1335,1327,1334,1361,1359,1354,1354,1351,1314,1314,1321,1332,1323,1329,1327,1352,1353,1365,1364,1382,1362,1359,1350,1350,1354,1350,1350,1350,1350,1355,1355,1359
1500,1480,1475,1474,1476,1477,1482,1494,1482,1499,1502,1491,1491,1491,1523,1521,1535,1529,1532,1528,1539,1526,1518,1532,1521,1524,1510,1493,1495,1482,1487,1492,1492,1499,1501,1506,1508,1508,1539,1544,1537,1544,1544,1542,1577,1575,1575,1564,1577,1577,1562,1561,1560,1563,1560,1563,1570,1572,1565,1567,1573,1566,1567,1571,1570,1583,1602,1602,1619,1613,1615,1624,1629,1635,1611,1594,1587,1574,1568,1595,1618,1625,1669,1668,1652,1657,1642,1642,1652,1652,1646,1648,1671,1671,1676,1677,1677,1689,1689,1688,1710,1713,1747,1745,1735,1740,1733,1740,1715,1710,1687,1654,1648,1666,1686,1685,1674,1666,1674,1689,1681
1500,1499,1503,1500,1500,1498,1505,1505,1503,1508,1499,1499,1506,1515,1534,1536,1538,1608,1619,1618,1632,1629,1631,1628,1634,1636,1636,1642,1632,1601,1600,1611,1611,1609,1642,1642,1634,1633,1625,1558,1558,1560,1564,1502,1487,1506,1516,1517,1519,1517,1528,1517,1523,1521,1525,1525,1525,1517,1518,1518,1518,1530,1534,1546,1557,1555,1530,1534,1531,1529,1529,1523,1521,1518,1521,1517,1534,1569,1575,1569,1577,1589,1579,1569,1566,1567,1581,1583,1589,1606,1622,1571,1579,1575,1584,1592,1590,1600,1608,1615,1612,1615,1606,1636,1644,1641,1640,1640,1663,1653,1637,1645,1641,1641,1643,1647,1645,1641,1623,1620,1619
1500,1496,1502,1502,1504,1503,1517,1533,1533,1561,1550,1554,1530,1538,1537,1541,1543,1543,1548,1548,1551,1551,1534,1533,1547,1543,1527,1503,1491,1503,1505,1503,1513,1484,1502,1493,1498,1494,1495,1472,1472,1476,1476,1482,1482,1487,1497,1504,1496,1501,1479,1469,1469,1471,1477,1487,1472,1470,1461,1461,1457,1456,1448,1440,1441,1431,1421,1425,1410,1435,1419,1436,1442,1458,1452,1457,1458,1465,1447,1463,1461,1463,1463,1469,1428,1460,1459,1459,1450,1445,1447,1455,1440,1449,1445,1445,1437,1437,1437,1446,1446,1446,1453,1456,1456,1456,1450,1463,1470,1461,1438,1436,1449,1438,1445,1450,1445,1444,1450,1445,1430
1500,1488,1482,1477,1469,1448,1449,1449,1445,1455,1458,1454,1427,1426,1426,1433,1427,1422,1421,1413,1414,1416,1407,1405,1411,1416,1413,1457,1478,1486,1520,1525,1525,1523,1537,1528,1525,1530,1530,1534,1526,1522,1515,1518,1510,1507,1507,1537,1533,1524,1537,1530,1515,1512,1550,1537,1535,1538,1547,1543,1543,1545,1549,1549,1548,1543,1566,1566,1584,1595,1597,1542,1547,1546,1554,1543,1541,1547,1538,1530,1544,1535,1543,1552,1536,1553,1566,1571,1583,1590,1579,1579,1592,1592,1594,1603,1590,1584,1583,1585,1600,1614,1626,1619,1631,1631,1633,1616,1615,1615,1633,1655,1680,1686,1693,1680,1690,1704,1700,1696,1688
1500,1500,1500,1500,1492,1479,1486,1470,1470,1479,1471,1466,1472,1464,1462,1453,1483,1486,1477,1491,1491,1471,1469,1498,1479,1484,1485,1484,1484,1453,1447,1444,1448,1443,1435,1435,1433,1430,1425,1414,1409,1419,1417,1426,1398,1387,1381,1367,1364,1362,1362,1364,1367,1370,1365,1378,1387,1376,1365,1365,1337,1340,1345,1337,1330,1332,1342,1331,1325,1325,1321,1319,1318,1319,1324,1324,1320,1310,1304,1322,1336,1332,1325,1325,1325,1324,1317,1317,1311,1309,1312,1308,1313,1294,1310,1311,1371,1481,1461,1453,1429,1426,1423,1418,1398,1398,1390,1396,1399,1411,1378,1375,1375,1387,1387,1389,1389,1388,1388,1380,1377
1500,1487,1485,1490,1496,1503,1503,1497,1518,1523,1533,1533,1551,1549,1560,1560,1579,1608,1607,1612,1603,1611,1617,1599,1615,1593,1591,1584,1584,1555,1555,1557,1582,1581,1579,1579,1583,1593,1595,1607,1588,1588,1591,1589,1602,1599,1600,1628,1634,1635,1633,1598,1594,1590,1583,1582,1604,1594,1589,1586,1562,1559,1540,1527,1527,1525,1517,1507,1515,1515,1523,1525,1514,1564,1538,1529,1529,1527,1529,1531,1532,1542,1548,1542,1541,1574,1571,1570,1574,1590,1589,1587,1581,1589,1563,1583,1598,1591,1590,1586,1595,1634,1642,1640,1639,1618,1620,1627,1624,1632,1634,1625,1581,1584,1584,1592,1597,1598,1613,1614,1611
1500,1483,1475,1469,1461,1457,1449,1449,1476,1478,1477,1508,1487,1473,1452,1449,1454,1450,1447,1453,1453,1451,1449,1451,1465,1452,1439,1438,1452,1449,1445,1447,1444,1455,1443,1459,1459,1454,1432,1439,1451,1449,1445,1452,1447,1435,1425,1453,1435,1428,1444,1457,1460,1460,1445,1445,1442,1449,1451,1449,1430,1436,1434,1436,1415,1413,1441,1439,1442,1462,1464,1462,1461,1470,1448,1480,1480,1468,1468,1471,1448,1462,1453,1453,1459,1461,1456,1446,1449,1445,1504,1509,1509,1514,1510,1510,1510,1515,1492,1448,1438,1437,1443,1430,1427,1426,1429,1436,1424,1424,1417,1414,1399,1397,1400,1389,1393,1424,1458,1442,1447
1500,1500,1474,1455,1451,1466,1473,1458,1457,1457,1461,1459,1453,1454,1452,1450,1455,1440,1446,1440,1448,1417,1405,1400,1399,1394,1390,1390,1382,1379,1398,1385,1383,1383,1384,1410,1414,1409,1409,1402,1406,1407,1402,1401,1394,1390,1397,1397,1396,1398,1391,1413,1424,1424,1420,1427,1436,1461,1468,1467,1455,1456,1456,1456,1463,1463,1463,1444,1448,1455,1453,1447,1449,1449,1446,1459,1447,1411,1414,1414,1408,1410,1406,1405,1403,1457,1457,1469,1466,1474,1480,1474,1473,1472,1467,1472,1475,1492,1496,1490,1487,1475,1462,1472,1467,1460,1443,1446,1449,1436,1428,1439,1442,1448,1454,1462,1462,1458,1474,1482,1465
1500,1502,1502,1525,1528,1530,1539,1543,1536,1550,1587,1591,1559,1554,1549,1519,1519,1501,1502,1470,1470,1464,1461,1461,1460,1466,1463,1469,1451,1434,1437,1438,1435,1443,1449,1436,1436,1432,1440,1419,1419,1421,1417,1434,1434,1436,1432,1427,1449,1458,1449,1443,1445,1445,1452,1457,1489,1488,1499,1497,1512,1503,1503,1498,1520,1517,1517,1521,1595,1578,1585,1564,1559,1559,1553,1573,1573,1574,1574,1558,1577,1577,1577,1571,1572,1555,1555,1554,1548,1544,1544,1563,1555,1545,1536,1487,1498,1492,1490,1490,1490,1497,1523,1519,1530,1526,1537,1514,1508,1500,1513,1498,1494,1488,1478,1477,1471,1476,1468,1467,1467
1500,1504,1530,1531,1526,1518,1513,1512,1511,1513,1496,1520,1516,1516,1516,1512,1506,1506,1505,1494,1495,1484,1468,1469,1448,1443,1448,1460,1475,1475,1480,1474,1476,1462,1448,1434,1425,1422,1423,1423,1423,1410,1412,1402,1403,1398,1413,1390,1398,1394,1397,1399,1405,1402,1399,1399,1403,1397,1392,1372,1364,1363,1348,1339,1321,1346,1334,1324,1324,1324,1329,1332,1329,1325,1332,1331,1366,1376,1369,1382,1398,1409,1427,1423,1422,1432,1431,1435,1455,1444,1437,1430,1420,1423,1459,1456,1463,1462,1475,1476,1463,1457,1449,1449,1451,1429,1430,1443,1484,1505,1502,1514,1500,1499,1508,1500,1484,1484,1477,1470,1462
1500,1501,1503,1514,1531,1529,1525,1521,1514,1511,1506,1506,1507,1502,1505,1515,1519,1524,1525,1511,1511,1498,1498,1494,1498,1508,1517,1516,1504,1518,1526,1578,1571,1572,1574,1576,1574,1567,1572,1555,1554,1560,1559,1561,1560,1560,1559,1570,1555,1566,1568,1498,1476,1459,1475,1475,1475,1473,1490,1496,1489,1481,1483,1458,1464,1477,1476,1472,1452,1466,1476,1471,1466,1464,1464,1464,1473,1486,1499,1503,1498,1521,1513,1492,1492,1482,1504,1494,1493,1496,1492,1494,1494,1498,1504,1508,1515,1522,1537,1537,1527,1531,1502,1512,1515,1499,1504,1496,1496,1506,1503,1511,1498,1520,1525,1519,1514,1491,1494,1443,1446
1500,1468,1458,1449,1467,1468,1462,1472,1470,1470,1466,1462,1464,1476,1488,1472,1482,1473,1472,1476,1478,1471,1463,1464,1466,1470,1474,1486,1453,1454,1455,1463,1455,1463,1469,1469,1463,1469,1465,1448,1451,1448,1446,1441,1433,1431,1431,1431,1443,1435,1429,1427,1427,1423,1417,1450,1452,1450,1424,1423,1415,1404,1406,1405,1405,1391,1384,1386,1386,1386,1363,1362,1356,1355,1334,1336,1311,1308,1308,1288,1284,1288,1292,1284,1284,1287,1288,1250,1255,1262,1256,1263,1261,1261,1261,1267,1267,1268,1262,1280,1275,1279,1279,1254,1254,1225,1232,1233,1218,1220,1209,1217,1229,1220,1233,1234,1228,1236,1233,1227,1224
1500,1482,1486,1484,1485,1495,1497,1490,1492,1496,1501,1489,1523,1523,1534,1531,1550,1539,1575,1566,1554,1550,1546,1550,1532,1547,1561,1542,1527,1519,1519,1510,1505,1505,1516,1518,1514,1509,1499,1499,1503,1523,1517,1529,1511,1534,1535,1562,1567,1570,1562,1569,1559,1566,1568,1553,1567,1587,1581,1574,1576,1581,1634,1633,1643,1645,1666,1662,1662,1655,1664,1659,1669,1669,1666,1652,1648,1763,1763,1751,1748,1751,1753,1760,1733,1724,1716,1699,1691,1679,1670,1691,1703,1695,1690,1688,1695,1676,1674,1671,1658,1669,1662,1655,1656,1656,1651,1668,1657,1662,1661,1650,1646,1656,1653,1590,1589,1553,1522,1525,1530
1500,1500,1502,1506,1528,1529,1526,1519,1515,1503,1483,1478,1477,1469,1478,1468,1470,1470,1466,1471,1435,1423,1427,1413,1406,1379,1377,1371,1372,1373,1391,1379,1372,1374,1368,1396,1400,1387,1384,1386,1387,1394,1394,1389,1389,1391,1395,1395,1387,1393,1394,1385,1383,1383,1381,1440,1445,1452,1446,1446,1484,1494,1496,1487,1483,1480,1477,1471,1503,1491,1482,1501,1502,1536,1537,1525,1525,1565,1564,1557,1555,1572,1566,1561,1549,1530,1532,1532,1520,1561,1566,1540,1548,1545,1549,1524,1509,1490,1482,1470,1473,1472,1460,1456,1480,1481,1478,1495,1495,1505,1506,1506,1511,1506,1524,1539,1523,1523,1512,1512,1513
1500,1484,1481,1516,1511,1518,1549,1553,1577,1577,1576,1571,1583,1591,1587,1567,1579,1571,1577,1619,1648,1660,1650,1670,1681,1683,1689,1708,1697,1683,1689,1683,1669,1667,1660,1660,1658,1657,1633,1637,1648,1653,1660,1660,1663,1661,1690,1673,1684,1682,1687,1698,1708,1701,1703,1708,1706,1711,1728,1725,1734,1721,1678,1677,1682,1682,1740,1736,1734,1744,1741,1735,1742,1712,1724,1745,1746,1749,1759,1768,1772,1773,1767,1762,1756,1754,1767,1774,1794,1769,1744,1736,1740,1738,1735,1734,1731,1740,1702,1702,1739,1740,1735,1743,1738,1744,1754,1720,1722,1728,1712,1731,1733,1724,1723,1702,1703,1686,1684,1681,1693
1500,1543,1549,1552,1533,1528,1527,1545,1544,1542,1539,1524,1517,1503,1483,1467,1473,1469,1496,1506,1489,1484,1527,1536,1544,1553,1547,1550,1539,1559,1545,1561,1534,1534,1533,1532,1547,1550,1552,1547,1544,1562,1560,1559,1559,1562,1566,1567,1581,1585,1574,1564,1582,1589,1598,1578,1550,1557,1549,1539,1547,1541,1544,1555,1542,1545,1560,1555,1530,1520,1519,1523,1504,1505,1501,1506,1502,1510,1510,1504,1516,1509,1503,1506,1501,1501,1513,1504,1504,1508,1506,1516,1511,1517,1505,1535,1533,1528,1536,1527,1502,1499,1492,1494,1500,1491,1492,1464,1458,1472,1469,1472,1466,1479,1487,1470,1491,1491,1493,1489,1487
1500,1498,1482,1482,1480,1486,1479,1473,1472,1473,1466,1468,1472,1486,1478,1472,1476,1471,1471,1458,1450,1458,1468,1461,1467,1482,1478,1468,1459,1457,1457,1415,1402,1414,1413,1413,1414,1402,1406,1409,1403,1399,1398,1399,1404,1397,1405,1411,1415,1392,1397,1394,1394,1390,1385,1393,1393,1401,1404,1391,1388,1372,1371,1362,1357,1348,1352,1360,1364,1360,1354,1368,1368,1362,1351,1351,1349,1341,1352,1348,1355,1356,1357,1355,1354,1361,1380,1378,1397,1387,1392,1392,1389,1392,1404,1406,1398,1399,1380,1373,1373,1375,1372,1368,1376,1362,1357,1431,1430,1390,1408,1418,1425,1419,1424,1419,1436,1429,1422,1438,1414
1500,1504,1509,1515,1508,1516,1523,1517,1526,1519,1519,1498,1455,1451,1447,1441,1410,1412,1412,1421,1424,1424,1428,1423,1384,1376,1377,1348,1344,1338,1343,1343,1366,1347,1344,1346,1355,1342,1346,1330,1334,1327,1330,1297,1284,1294,1300,1295,1279,1292,1283,1283,1283,1279,1279,1290,1289,1264,1260,1254,1256,1265,1260,1264,1255,1254,1251,1251,1251,1258,1249,1258,1258,1261,1261,1271,1263,1258,1258,1265,1283,1281,1273,1275,1252,1259,1255,1245,1230,1229,1237,1237,1237,1241,1231,1221,1222,1229,1254,1260,1258,1272,1270,1268,1268,1273,1273,1276,1280,1288,1287,1283,1298,1297,1287,1285,1278,1280,1278,1278,1286
1500,1481,1485,1467,1468,1463,1466,1459,1442,1443,1444,1456,1458,1490,1490,1483,1469,1460,1447,1443,1443,1443,1438,1434,1429,1427,1421,1422,1422,1415,1398,1393,1391,1394,1386,1378,1392,1392,1396,1397,1396,1399,1406,1404,1397,1398,1398,1369,1349,1350,1342,1340,1333,1330,1353,1353,1353,1355,1368,1373,1390,1384,1370,1370,1368,1358,1372,1365,1360,1390,1389,1388,1406,1392,1373,1376,1368,1344,1336,1326,1312,1312,1311,1309,1309,1320,1318,1310,1338,1322,1320,1377,1400,1383,1383,1385,1374,1374,1369,1370,1363,1364,1355,1349,1358,1357,1374,1377,1365,1365,1364,1354,1358,1364,1365,1320,1314,1328,1328,1322,1309
1500,1486,1486,1505,1493,1502,1499,1499,1485,1484,1439,1426,1439,1438,1440,1439,1436,1434,1444,1447,1448,1454,1458,1436,1436,1429,1419,1446,1444,1496,1486,1494,1482,1476,1484,1484,1484,1480,1492,1479,1451,1461,1468,1555,1565,1568,1567,1555,1536,1540,1548,1514,1515,1517,1522,1512,1515,1510,1504,1500,1520,1542,1532,1525,1514,1516,1520,1517,1506,1538,1538,1543,1516,1518,1516,1496,1496,1486,1486,1455,1470,1468,1478,1504,1494,1494,1493,1502,1500,1498,1499,1496,1485,1487,1468,1467,1450,1446,1446,1405,1419,1419,1404,1397,1393,1394,1384,1399,1399,1404,1402,1426,1436,1430,1427,1428,1441,1439,1441,1438,1435
1500,1500,1490,1486,1522,1530,1533,1538,1542,1536,1539,1531,1526,1549,1566,1584,1584,1571,1565,1565,1572,1572,1568,1581,1589,1598,1583,1578,1571,1554,1557,1555,1537,1548,1540,1550,1520,1519,1513,1517,1522,1523,1532,1519,1523,1552,1552,1549,1539,1541,1543,1511,1616,1629,1632,1631,1642,1649,1650,1657,1668,1664,1660,1662,1671,1670,1674,1664,1655,1675,1682,1679,1677,1704,1704,1703,1699,1709,1689,1684,1674,1673,1683,1674,1683,1683,1689,1686,1678,1697,1707,1744,1755,1756,1767,1772,1777,1778,1761,1735,1739,1732,1704,1698,1708,1709,1743,1750,1744,1759,1753,1775,1788,1791,1791,1775,1769,1765,1769,1770,1773
1500,1504,1504,1511,1502,1490,1487,1505,1511,1510,1479,1485,1486,1497,1500,1511,1506,1495,1494,1440,1435,1431,1428,1422,1415,1405,1390,1375,1373,1368,1391,1386,1386,1405,1410,1410,1406,1397,1389,1382,1380,1390,1410,1397,1374,1382,1389,1381,1388,1383,1381,1380,1377,1375,1373,1366,1364,1369,1319,1319,1319,1312,1308,1306,1303,1302,1329,1355,1345,1345,1372,1377,1379,1379,1385,1399,1400,1443,1428,1413,1417,1411,1412,1437,1438,1441,1439,1447,1461,1467,1483,1483,1474,1477,1472,1462,1464,1460,1464,1461,1457,1455,1465,1465,1449,1441,1446,1437,1437,1439,1450,1444,1445,1445,1445,1456,1455,1448,1457,1418,1434
1500,1495,1496,1478,1480,1461,1451,1452,1444,1441,1442,1477,1487,1484,1489,1489,1479,1472,1472,1471,1495,1492,1487,1488,1524,1523,1555,1526,1528,1524,1554,1557,1569,1566,1547,1554,1543,1537,1541,1538,1538,1528,1536,1536,1542,1532,1534,1544,1536,1548,1541,1538,1508,1507,1507,1498,1489,1529,1532,1539,1552,1549,1518,1502,1508,1509,1506,1505,1499,1510,1508,1488,1488,1479,1476,1477,1473,1463,1453,1436,1444,1448,1440,1451,1451,1449,1449,1439,1438,1403,1412,1411,1386,1399,1393,1386,1408,1417,1423,1431,1445,1453,1448,1448,1437,1436,1432,1451,1449,1454,1450,1448,1453,1443,1437,1433,1428,1439,1439,1435,1435
1500,1480,1491,1492,1498,1498,1495,1497,1513,1513,1509,1515,1512,1500,1509,1509,1511,1511,1559,1557,1564,1552,1552,1565,1561,1554,1514,1513,1526,1526,1527,1523,1512,1513,1503,1520,1514,1503,1500,1491,1493,1521,1525,1521,1521,1531,1499,1490,1489,1496,1491,1491,1496,1509,1509,1484,1471,1473,1446,1459,1461,1492,1517,1543,1536,1548,1540,1539,1539,1538,1540,1539,1540,1537,1536,1544,1553,1543,1526,1521,1524,1521,1513,1500,1498,1488,1494,1492,1486,1494,1491,1470,1463,1459,1460,1465,1467,1475,1504,1496,1498,1463,1459,1458,1441,1434,1433,1433,1435,1451,1453,1498,1485,1492,1492,1501,1498,1481,1483,1482,1477
1500,1481,1481,1477,1470,1480,1479,1484,1484,1490,1480,1468,1595,1615,1639,1644,1642,1645,1644,1601,1615,1627,1625,1640,1633,1642,1638,1627,1624,1620,1617,1619,1579,1598,1617,1607,1615,1620,1613,1613,1620,1619,1611,1612,1611,1608,1606,1604,1606,1617,1621,1619,1626,1644,1631,1634,1627,1624,1623,1623,1623,1621,1620,1634,1634,1635,1654,1623,1610,1616,1584,1583,1584,1575,1564,1560,1567,1572,1585,1583,1592,1583,1589,1588,1585,1571,1573,1554,1559,1549,1542,1532,1536,1539,1526,1525,1526,1526,1518,1513,1514,1523,1523,1523,1520,1518,1517,1513,1511,1497,1495,1501,1468,1463,1463,1449,1468,1470,1462,1464,1471
1500,1492,1492,1475,1477,1474,1470,1476,1471,1477,1476,1477,1494,1502,1514,1531,1530,1545,1574,1574,1570,1570,1581,1591,1558,1564,1555,1555,1548,1559,1556,1552,1662,1682,1677,1687,1703,1717,1716,1725,1709,1707,1708,1673,1684,1674,1669,1658,1668,1666,1669,1678,1681,1670,1656,1654,1661,1653,1646,1669,1657,1666,1670,1690,1690,1700,1723,1731,1729,1761,1755,1755,1755,1760,1781,1788,1793,1788,1782,1783,1778,1776,1768,1761,1756,1750,1732,1730,1735,1734,1734,1717,1698,1712,1725,1727,1717,1701,1698,1705,1730,1730,1731,1760,1761,1759,1766,1779,1781,1768,1808,1808,1812,1785,1794,1830,1822,1820,1830,1828,1821
1500,1513,1536,1551,1541,1543,1536,1541,1545,1544,1549,1556,1556,1564,1553,1544,1542,1550,1549,1578,1577,1594,1593,1592,1572,1566,1587,1579,1577,1573,1572,1590,1629,1636,1643,1639,1644,1651,1630,1633,1659,1674,1675,1675,1651,1645,1651,1672,1672,1675,1661,1672,1664,1658,1659,1652,1652,1651,1645,1643,1629,1656,1651,1649,1623,1619,1609,1608,1609,1652,1643,1641,1631,1627,1621,1615,1628,1638,1640,1623,1617,1628,1630,1628,1626,1607,1608,1611,1621,1640,1639,1669,1660,1656,1655,1652,1657,1660,1701,1687,1689,1691,1690,1699,1695,1685,1691,1688,1708,1708,1717,1716,1715,1711,1700,1708,1699,1677,1684,1681,1684
1500,1496,1506,1496,1494,1497,1501,1499,1499,1495,1501,1482,1478,1478,1475,1462,1466,1473,1464,1474,1459,1455,1458,1440,1428,1435,1431,1437,1429,1431,1420,1420,1407,1418,1417,1417,1417,1446,1443,1443,1441,1423,1426,1415,1415,1414,1409,1409,1429,1429,1448,1459,1449,1458,1457,1456,1466,1461,1462,1419,1413,1420,1409,1406,1416,1411,1411,1408,1450,1450,1454,1449,1449,1448,1444,1447,1438,1422,1418,1403,1407,1407,1391,1413,1413,1409,1386,1382,1388,1371,1377,1404,1404,1388,1383,1377,1376,1384,1384,1382,1386,1398,1398,1390,1389,1390,1399,1399,1394,1403,1403,1387,1398,1396,1393,1393,1388,1391,1388,1400,1405
1500,1490,1492,1537,1541,1546,1551,1556,1564,1561,1549,1556,1557,1557,1540,1530,1534,1574,1587,1579,1573,1573,1579,1582,1579,1576,1566,1519,1515,1518,1522,1517,1516,1512,1509,1509,1509,1508,1510,1507,1515,1495,1491,1492,1500,1500,1512,1512,1535,1530,1537,1540,1539,1538,1528,1524,1518,1521,1522,1521,1525,1523,1548,1558,1581,1573,1582,1582,1587,1572,1546,1551,1529,1522,1529,1528,1528,1519,1519,1507,1511,1507,1508,1513,1517,1540,1539,1541,1532,1519,1535,1544,1544,1536,1541,1544,1541,1551,1560,1561,1579,1578,1584,1584,1582,1573,1573,1575,1550,1540,1539,1540,1535,1525,1535,1525,1525,1537,1533,1548,1554
1500,1492,1506,1503,1533,1544,1559,1561,1561,1566,1563,1578,1575,1572,1583,1581,1588,1662,1655,1644,1634,1602,1602,1601,1603,1595,1585,1569,1532,1532,1524,1538,1540,1539,1540,1539,1588,1598,1581,1574,1606,1604,1600,1588,1588,1598,1615,1615,1609,1602,1593,1599,1598,1592,1586,1600,1594,1598,1616,1625,1624,1618,1625,1621,1625,1625,1645,1649,1645,1639,1651,1655,1650,1642,1677,1682,1691,1690,1695,1688,1691,1691,1677,1689,1688,1660,1666,1627,1634,1636,1646,1605,1606,1596,1576,1581,1583,1562,1568,1577,1590,1577,1576,1571,1571,1573,1568,1572,1562,1565,1539,1545,1543,1512,1514,1515,1511,1490,1493,1459,1441
1500,1548,1554,1575,1619,1611,1596,1595,1583,1573,1571,1564,1566,1563,1564,1564,1519,1519,1520,1509,1514,1507,1509,1509,1509,1506,1506,1508,1493,1495,1512,1511,1515,1514,1518,1521,1526,1519,1517,1525,1521,1527,1540,1539,1549,1543,1555,1559,1576,1570,1577,1565,1596,1597,1615,1608,1637,1630,1628,1628,1636,1638,1641,1629,1617,1617,1585,1620,1613,1611,1608,1615,1621,1606,1588,1587,1586,1607,1624,1623,1622,1616,1622,1622,1603,1612,1607,1600,1597,1592,1600,1594,1575,1582,1574,1583,1586,1580,1582,1582,1561,1601,1562,1537,1543,1544,1540,1540,1539,1547,1636,1634,1628,1618,1620,1623,1730,1725,1727,1753,1745
1500,1517,1516,1509,1503,1503,1488,1499,1496,1496,1494,1481,1495,1501,1500,1496,1480,1477,1483,1488,1501,1496,1496,1493,1511,1511,1488,1481,1464,1468,1492,1490,1487,1487,1476,1476,1476,1474,1470,1457,1432,1440,1426,1416,1411,1413,1420,1425,1430,1430,1444,1446,1448,1448,1436,1450,1453,1454,1477,1482,1477,1427,1423,1410,1445,1441,1441,1437,1437,1455,1465,1479,1479,1468,1455,1474,1471,1459,1456,1455,1478,1457,1461,1486,1486,1485,1497,1494,1504,1503,1511,1510,1517,1517,1523,1517,1513,1510,1504,1461,1464,1464,1481,1482,1491,1491,1490,1507,1507,1522,1517,1523,1529,1547,1536,1536,1540,1600,1600,1604,1621
1500,1499,1498,1508,1504,1512,1501,1485,1486,1464,1464,1464,1450,1455,1433,1410,1380,1382,1388,1393,1411,1419,1422,1447,1449,1433,1430,1431,1432,1416,1401,1379,1412,1405,1406,1409,1413,1395,1390,1396,1395,1388,1388,1443,1455,1439,1420,1432,1428,1435,1438,1438,1432,1415,1416,1411,1410,1410,1403,1405,1406,1426,1433,1419,1409,1402,1398,1392,1388,1405,1406,1406,1450,1448,1448,1438,1463,1470,1449,1443,1446,1462,1458,1499,1497,1497,1509,1534,1565,1558,1559,1588,1591,1590,1614,1627,1595,1598,1616,1607,1606,1598,1600,1606,1590,1592,1588,1589,1595,1592,1590,1593,1596,1588,1588,1593,1600,1602,1616,1617,1618
1500,1526,1529,1543,1551,1552,1552,1579,1578,1586,1591,1592,1597,1594,1603,1582,1581,1581,1575,1574,1576,1570,1573,1607,1599,1605,1603,1601,1619,1620,1634,1629,1618,1621,1604,1604,1607,1589,1607,1612,1607,1594,1608,1635,1639,1631,1631,1650,1644,1640,1635,1673,1666,1664,1662,1623,1618,1620,1629,1630,1629,1637,1644,1638,1627,1625,1627,1602,1602,1602,1597,1563,1557,1534,1528,1526,1521,1513,1511,1500,1487,1486,1484,1535,1523,1527,1531,1534,1589,1586,1625,1630,1623,1593,1577,1581,1584,1584,1571,1536,1544,1542,1541,1556,1545,1533,1541,1555,1554,1559,1557,1566,1566,1595,1580,1553,1531,1534,1530,1524,1534
1500,1476,1471,1475,1451,1461,1461,1453,1452,1450,1455,1461,1467,1468,1459,1474,1463,1461,1450,1492,1476,1484,1469,1487,1496,1493,1472,1482,1482,1492,1496,1488,1492,1501,1506,1491,1485,1510,1506,1513,1473,1474,1448,1456,1459,1466,1482,1477,1472,1478,1480,1473,1469,1483,1489,1505,1491,1489,1490,1490,1496,1505,1503,1504,1494,1495,1492,1482,1481,1466,1425,1426,1434,1443,1447,1453,1455,1461,1491,1491,1518,1514,1513,1519,1474,1493,1470,1462,1459,1446,1420,1429,1430,1409,1391,1391,1404,1392,1359,1382,1382,1382,1366,1366,1361,1374,1346,1308,1301,1312,1306,1300,1300,1308,1255,1262,1268,1268,1267,1283,1286
1500,1504,1504,1526,1508,1513,1523,1520,1497,1496,1496,1501,1504,1503,1486,1486,1487,1496,1494,1519,1518,1529,1520,1525,1540,1534,1538,1538,1531,1531,1538,1538,1536,1562,1576,1578,1576,1573,1576,1578,1578,1582,1591,1584,1574,1585,1581,1585,1574,1576,1593,1571,1575,1575,1574,1578,1576,1580,1585,1571,1585,1585,1570,1570,1571,1569,1572,1572,1573,1593,1593,1591,1584,1577,1584,1582,1586,1585,1592,1590,1606,1599,1595,1584,1581,1569,1568,1577,1577,1540,1536,1536,1534,1525,1520,1444,1438,1429,1422,1400,1393,1393,1393,1393,1349,1378,1372,1367,1373,1371,1380,1390,1390,1398,1402,1404,1413,1408,1411,1406,1411
1500,1489,1495,1495,1496,1500,1498,1474,1476,1477,1530,1528,1516,1516,1488,1486,1419,1429,1430,1431,1443,1440,1443,1443,1419,1416,1421,1408,1408,1425,1425,1412,1407,1426,1422,1433,1444,1450,1453,1445,1464,1456,1471,1449,1448,1444,1440,1430,1424,1410,1404,1404,1398,1449,1445,1445,1461,1451,1453,1453,1440,1419,1412,1417,1421,1423,1444,1457,1453,1464,1452,1447,1444,1443,1438,1446,1446,1430,1448,1453,1456,1487,1482,1478,1461,1461,1465,1465,1467,1467,1462,1463,1461,1424,1412,1415,1420,1414,1421,1426,1419,1418,1426,1439,1419,1410,1420,1418,1425,1420,1421,1415,1432,1366,1377,1366,1365,1365,1384,1384,1385
1500,1484,1484,1506,1513,1499,1503,1501,1500,1500,1485,1474,1479,1477,1478,1485,1485,1484,1464,1463,1457,1457,1445,1438,1436,1427,1437,1431,1427,1427,1430,1441,1454,1469,1469,1481,1477,1474,1478,1478,1482,1461,1471,1478,1474,1496,1472,1504,1506,1503,1497,1497,1497,1488,1484,1482,1472,1451,1445,1431,1422,1425,1440,1430,1430,1480,1465,1468,1471,1463,1452,1460,1471,1465,1446,1452,1458,1458,1453,1468,1478,1478,1419,1415,1409,1411,1418,1433,1392,1392,1386,1396,1395,1396,1384,1382,1403,1401,1398,1408,1406,1406,1391,1390,1380,1379,1395,1417,1415,1428,1428,1434,1421,1427,1433,1413,1411,1414,1416,1416,1412
1500,1499,1496,1501,1473,1480,1471,1440,1445,1428,1427,1425,1425,1433,1427,1427,1427,1436,1432,1429,1433,1420,1419,1409,1403,1415,1403,1397,1401,1400,1382,1390,1390,1389,1399,1398,1440,1443,1438,1442,1432,1486,1431,1433,1429,1438,1440,1437,1415,1413,1410,1406,1399,1400,1412,1410,1407,1399,1392,1396,1401,1403,1411,1420,1412,1431,1411,1417,1427,1419,1424,1419,1419,1415,1406,1397,1386,1384,1376,1381,1381,1370,1370,1371,1372,1376,1379,1376,1365,1338,1336,1346,1345,1340,1341,1324,1362,1350,1352,1354,1384,1382,1377,1375,1372,1369,1364,1364,1362,1359,1346,1341,1348,1365,1361,1364,1365,1364,1356,1379,1370
1500,1488,1483,1490,1499,1450,1431,1453,1431,1431,1435,1424,1418,1424,1424,1431,1429,1427,1429,1419,1416,1395,1384,1385,1372,1369,1371,1349,1352,1344,1338,1334,1334,1335,1329,1327,1327,1330,1331,1331,1332,1330,1317,1317,1317,1317,1322,1297,1289,1295,1302,1293,1293,1259,1244,1252,1250,1258,1258,1258,1262,1267,1261,1260,1235,1233,1243,1244,1237,1239,1243,1257,1259,1256,1256,1241,1233,1230,1228,1208,1209,1210,1210,1212,1250,1253,1256,1261,1249,1250,1255,1255,1253,1254,1243,1243,1233,1232,1219,1219,1214,1214,1214,1214,1204,1201,1203,1203,1211,1202,1204,1204,1201,1206,1205,1215,1215,1204,1198,1216,1202
1500,1499,1498,1509,1509,1527,1509,1519,1517,1513,1514,1525,1523,1523,1531,1531,1518,1515,1513,1513,1510,1506,1492,1477,1487,1493,1496,1496,1492,1498,1510,1513,1518,1543,1559,1568,1565,1581,1597,1600,1552,1560,1555,1573,1573,1575,1572,1570,1574,1583,1578,1586,1587,1576,1550,1549,1569,1577,1571,1571,1573,1577,1598,1593,1599,1604,1610,1622,1623,1617,1620,1615,1612,1610,1607,1608,1608,1592,1582,1573,1556,1560,1563,1557,1564,1562,1568,1579,1579,1586,1591,1590,1603,1615,1592,1593,1585,1570,1569,1567,1567,1571,1594,1590,1613,1610,1617,1608,1613,1616,1619,1628,1634,1620,1618,1614,1615,1627,1629,1659,1686
1500,1486,1482,1489,1490,1495,1501,1499,1499,1485,1479,1478,1478,1473,1467,1460,1463,1467,1463,1467,1501,1505,1501,1495,1494,1484,1509,1499,1498,1499,1506,1507,1516,1536,1552,1561,1548,1508,1498,1499,1492,1493,1500,1497,1507,1499,1501,1504,1498,1507,1508,1515,1538,1536,1539,1559,1558,1565,1625,1651,1652,1655,1652,1651,1655,1656,1662,1655,1652,1611,1617,1596,1598,1595,1593,1600,1608,1615,1618,1614,1614,1593,1585,1577,1590,1593,1590,1590,1598,1605,1608,1627,1624,1641,1648,1657,1658,1646,1633,1629,1635,1622,1612,1592,1586,1603,1619,1624,1624,1620,1618,1618,1605,1590,1595,1590,1601,1576,1586,1595,1570
1500,1491,1490,1428,1417,1415,1416,1405,1400,1399,1395,1389,1384,1395,1401,1400,1401,1410,1413,1412,1407,1408,1405,1409,1414,1434,1419,1422,1422,1423,1434,1429,1449,1436,1437,1418,1409,1409,1406,1417,1418,1431,1438,1540,1529,1529,1534,1536,1531,1541,1543,1563,1549,1538,1532,1530,1530,1523,1531,1529,1529,1503,1506,1512,1497,1480,1474,1474,1456,1463,1468,1476,1474,1476,1484,1600,1603,1596,1577,1577,1573,1618,1699,1685,1686,1696,1702,1711,1710,1721,1728,1728,1728,1763,1756,1754,1742,1738,1814,1802,1809,1801,1755,1749,1743,1750,1734,1745,1751,1773,1776,1727,1739,1741,1744,1730,1732,1722,1720,1718,1744
1500,1518,1519,1518,1520,1516,1516,1511,1499,1500,1492,1483,1494,1497,1501,1495,1519,1519,1508,1514,1533,1544,1581,1581,1586,1570,1583,1579,1581,1589,1587,1579,1582,1584,1569,1563,1605,1608,1595,1596,1590,1582,1579,1592,1592,1585,1616,1624,1639,1625,1625,1623,1617,1621,1614,1600,1600,1594,1590,1594,1602,1593,1590,1575,1564,1573,1584,1578,1579,1578,1576,1580,1582,1587,1630,1631,1632,1622,1623,1620,1628,1615,1609,1607,1606,1620,1618,1616,1605,1611,1592,1595,1594,1598,1597,1587,1578,1570,1564,1580,1585,1569,1607,1609,1608,1605,1604,1612,1610,1619,1618,1620,1620,1599,1585,1584,1586,1593,1597,1596,1596
1500,1487,1481,1481,1481,1470,1470,1468,1466,1466,1460,1453,1464,1493,1493,1484,1472,1482,1482,1482,1490,1485,1482,1529,1584,1570,1570,1565,1578,1571,1578,1576,1559,1568,1568,1573,1579,1584,1585,1585,1585,1584,1595,1572,1589,1578,1579,1545,1552,1550,1559,1554,1548,1559,1541,1532,1534,1541,1546,1558,1554,1549,1553,1538,1537,1532,1544,1543,1554,1546,1544,1546,1544,1550,1541,1548,1533,1529,1530,1540,1565,1565,1565,1565,1566,1568,1564,1560,1566,1582,1590,1599,1549,1548,1545,1546,1548,1564,1556,1545,1535,1538,1542,1541,1550,1530,1538,1535,1526,1523,1534,1542,1537,1528,1521,1540,1545,1543,1543,1538,1515
1500,1488,1490,1507,1547,1547,1557,1548,1540,1543,1546,1545,1551,1545,1538,1551,1556,1566,1562,1562,1560,1559,1564,1567,1583,1617,1614,1614,1609,1611,1622,1622,1631,1626,1631,1646,1686,1628,1627,1622,1642,1619,1616,1622,1627,1617,1608,1592,1581,1578,1574,1571,1567,1579,1586,1568,1574,1609,1603,1555,1532,1536,1541,1546,1557,1567,1545,1544,1535,1518,1540,1542,1559,1565,1570,1574,1578,1578,1578,1599,1608,1621,1620,1621,1608,1649,1658,1654,1679,1678,1673,1673,1654,1649,1629,1631,1608,1607,1601,1607,1609,1602,1601,1592,1595,1595,1595,1565,1557,1549,1526,1520,1512,1512,1512,1517,1528,1530,1529,1516,1524
1500,1493,1493,1513,1497,1469,1479,1478,1475,1467,1459,1457,1454,1457,1460,1447,1449,1469,1477,1492,1490,1509,1529,1515,1513,1513,1513,1512,1503,1519,1508,1509,1510,1497,1496,1488,1483,1483,1512,1482,1462,1462,1467,1526,1519,1514,1513,1522,1496,1502,1497,1509,1522,1499,1499,1507,1502,1510,1484,1478,1478,1473,1478,1478,1479,1481,1483,1483,1475,1486,1481,1463,1485,1486,1499,1506,1508,1500,1491,1491,1494,1527,1549,1544,1551,1542,1502,1613,1577,1576,1561,1558,1563,1563,1570,1574,1574,1579,1574,1568,1568,1570,1576,1580,1599,1610,1590,1587,1589,1599,1588,1595,1591,1591,1566,1558,1552,1547,1547,1557,1552
1500,1498,1489,1487,1487,1489,1483,1498,1490,1488,1500,1489,1444,1434,1433,1433,1424,1418,1414,1409,1408,1425,1426,1427,1440,1449,1458,1458,1455,1456,1462,1465,1465,1460,1471,1487,1496,1483,1483,1472,1480,1482,1489,1499,1481,1478,1471,1441,1442,1442,1443,1437,1437,1408,1409,1408,1401,1417,1412,1412,1402,1401,1401,1403,1402,1394,1396,1416,1411,1402,1398,1413,1392,1387,1386,1383,1380,1380,1385,1386,1377,1379,1369,1377,1368,1371,1371,1369,1382,1379,1375,1354,1353,1369,1359,1358,1362,1359,1353,1353,1354,1362,1359,1352,1364,1364,1367,1365,1349,1344,1339,1339,1336,1326,1325,1313,1309,1306,1316,1326,1330
1500,1498,1492,1497,1497,1507,1512,1550,1579,1578,1584,1585,1576,1577,1573,1606,1612,1580,1586,1586,1544,1553,1563,1586,1579,1590,1588,1589,1595,1612,1604,1600,1622,1620,1613,1616,1618,1617,1609,1614,1600,1610,1618,1626,1625,1611,1590,1590,1580,1576,1575,1587,1588,1584,1580,1600,1600,1599,1607,1618,1624,1650,1637,1637,1651,1653,1658,1644,1637,1638,1643,1646,1646,1638,1628,1621,1602,1599,1598,1598,1627,1616,1623,1611,1598,1598,1597,1614,1613,1645,1659,1659,1675,1678,1673,1673,1667,1658,1652,1648,1639,1642,1638,1643,1663,1659,1660,1659,1655,1657,1662,1656,1662,1666,1706,1704,1711,1723,1729,1733,1743
1500,1520,1520,1516,1514,1516,1510,1509,1519,1522,1523,1535,1552,1567,1579,1580,1578,1555,1534,1516,1509,1507,1543,1554,1558,1564,1540,1534,1549,1540,1533,1541,1531,1519,1522,1529,1539,1529,1516,1514,1511,1503,1492,1529,1533,1552,1558,1593,1583,1579,1580,1559,1573,1586,1587,1582,1578,1571,1584,1582,1584,1585,1564,1566,1561,1559,1557,1546,1556,1553,1511,1511,1516,1507,1501,1504,1504,1501,1495,1504,1516,1520,1519,1516,1516,1515,1509,1502,1500,1526,1536,1530,1521,1515,1501,1495,1466,1460,1464,1472,1467,1454,1461,1461,1468,1453,1457,1443,1430,1413,1417,1419,1418,1417,1360,1358,1350,1348,1345,1328,1341
1500,1494,1518,1515,1520,1528,1537,1536,1534,1523,1523,1534,1516,1504,1506,1481,1474,1452,1481,1488,1499,1501,1494,1505,1509,1526,1508,1504,1504,1509,1521,1519,1520,1506,1502,1505,1477,1469,1468,1482,1487,1481,1475,1478,1491,1490,1483,1488,1477,1471,1484,1483,1498,1493,1492,1500,1506,1511,1506,1501,1507,1508,1509,1508,1495,1501,1500,1499,1468,1464,1450,1447,1446,1451,1440,1444,1437,1464,1462,1466,1474,1480,1485,1505,1505,1453,1424,1425,1392,1400,1398,1376,1376,1380,1380,1387,1384,1390,1375,1413,1384,1381,1390,1393,1376,1381,1375,1371,1372,1365,1381,1381,1381,1381,1379,1376,1381,1453,1448,1449,1446
1500,1504,1496,1502,1498,1488,1489,1508,1498,1509,1507,1504,1494,1506,1512,1483,1493,1494,1508,1516,1509,1518,1501,1496,1506,1509,1559,1566,1570,1613,1637,1632,1674,1671,1672,1674,1666,1664,1653,1657,1654,1660,1666,1676,1668,1677,1668,1641,1641,1661,1659,1649,1650,1652,1661,1645,1641,1664,1662,1678,1676,1686,1684,1683,1686,1697,1693,1712,1706,1684,1686,1678,1688,1690,1701,1695,1689,1686,1679,1671,1677,1679,1674,1660,1653,1647,1657,1654,1655,1654,1652,1660,1636,1644,1633,1625,1625,1623,1626,1632,1625,1617,1620,1606,1593,1568,1543,1550,1551,1551,1507,1512,1501,1500,1500,1462,1459,1456,1455,1465,1451
1500,1518,1519,1511,1524,1523,1510,1493,1490,1488,1482,1483,1498,1522,1520,1518,1527,1493,1488,1494,1495,1497,1500,1500,1500,1495,1493,1498,1491,1492,1471,1489,1484,1478,1477,1484,1471,1480,1480,1481,1470,1471,1479,1437,1429,1419,1412,1414,1410,1405,1408,1410,1409,1407,1384,1395,1401,1406,1404,1393,1403,1392,1382,1381,1373,1388,1388,1396,1394,1397,1397,1384,1355,1367,1357,1362,1422,1443,1450,1438,1447,1444,1502,1501,1523,1517,1510,1494,1494,1495,1507,1503,1481,1518,1509,1501,1500,1516,1516,1523,1526,1505,1505,1505,1507,1507,1497,1492,1505,1509,1520,1520,1520,1531,1542,1530,1529,1526,1523,1516,1503
1500,1489,1490,1480,1521,1515,1519,1510,1488,1471,1461,1461,1472,1472,1472,1460,1485,1495,1489,1471,1456,1453,1444,1443,1434,1430,1432,1432,1459,1467,1460,1461,1444,1435,1434,1432,1429,1425,1424,1406,1381,1381,1376,1373,1371,1366,1359,1364,1360,1363,1374,1371,1367,1373,1372,1363,1323,1314,1327,1326,1326,1324,1317,1317,1319,1319,1315,1314,1301,1288,1275,1275,1278,1275,1280,1279,1264,1264,1258,1252,1242,1242,1222,1217,1219,1216,1209,1193,1193,1193,1190,1198,1199,1190,1190,1192,1192,1192,1171,1173,1171,1171,1178,1178,1176,1179,1205,1212,1211,1211,1211,1211,1185,1189,1179,1171,1151,1154,1153,1156,1159
1500,1500,1497,1487,1480,1445,1454,1450,1457,1452,1452,1442,1469,1478,1478,1477,1484,1456,1449,1439,1441,1433,1410,1397,1407,1408,1419,1427,1421,1429,1440,1451,1457,1449,1461,1461,1457,1482,1479,1479,1472,1469,1468,1465,1466,1466,1465,1476,1501,1511,1509,1502,1511,1510,1514,1516,1513,1515,1524,1526,1522,1511,1510,1513,1514,1500,1500,1500,1511,1511,1514,1525,1533,1532,1527,1526,1531,1553,1580,1586,1579,1576,1608,1610,1603,1611,1614,1608,1626,1649,1654,1668,1659,1673,1677,1666,1667,1659,1660,1668,1670,1706,1700,1713,1711,1712,1694,1689,1699,1695,1704,1718,1722,1718,1696,1694,1721,1720,1707,1713,1706
1500,1500,1505,1515,1519,1518,1489,1487,1489,1512,1518,1526,1534,1527,1522,1518,1483,1487,1469,1469,1439,1407,1400,1400,1407,1401,1426,1425,1418,1391,1413,1426,1426,1426,1429,1423,1428,1428,1428,1421,1427,1426,1428,1426,1422,1424,1425,1424,1435,1433,1446,1444,1433,1441,1421,1423,1417,1421,1416,1416,1414,1421,1421,1430,1454,1450,1448,1448,1451,1448,1444,1437,1431,1421,1430,1435,1447,1447,1450,1438,1416,1418,1410,1410,1405,1398,1401,1385,1386,1366,1353,1346,1362,1366,1352,1347,1343,1342,1338,1333,1331,1331,1331,1322,1317,1318,1317,1311,1313,1321,1321,1327,1364,1356,1341,1341,1340,1315,1315,1317,1332
1500,1524,1528,1512,1497,1496,1504,1508,1491,1497,1496,1496,1503,1487,1483,1474,1473,1467,1466,1463,1473,1467,1466,1464,1472,1479,1466,1467,1469,1463,1460,1470,1470,1470,1470,1471,1479,1479,1485,1495,1488,1486,1491,1507,1530,1518,1509,1504,1494,1494,1494,1525,1510,1519,1527,1523,1505,1511,1511,1517,1509,1505,1519,1490,1501,1527,1526,1532,1528,1539,1538,1540,1530,1533,1536,1543,1537,1532,1502,1487,1482,1468,1468,1445,1470,1474,1478,1491,1494,1501,1500,1514,1493,1491,1485,1483,1469,1450,1472,1465,1449,1451,1453,1450,1445,1441,1442,1450,1463,1463,1466,1457,1455,1457,1440,1432,1432,1441,1461,1460,1471
1500,1491,1520,1519,1538,1538,1531,1534,1528,1526,1523,1529,1546,1540,1538,1551,1551,1552,1547,1543,1541,1539,1527,1528,1528,1529,1576,1572,1567,1572,1593,1645,1639,1640,1643,1642,1637,1644,1646,1637,1612,1614,1618,1612,1608,1601,1592,1586,1585,1580,1582,1579,1587,1588,1579,1572,1565,1564,1574,1575,1575,1545,1543,1524,1525,1520,1520,1489,1493,1485,1481,1480,1480,1455,1448,1454,1468,1468,1462,1459,1462,1458,1446,1449,1453,1453,1459,1467,1456,1456,1469,1454,1454,1438,1427,1423,1422,1423,1414,1412,1408,1431,1428,1429,1431,1444,1458,1463,1463,1437,1434,1435,1417,1415,1414,1410,1412,1411,1424,1426,1432
1500,1496,1492,1489,1486,1485,1505,1488,1489,1491,1483,1485,1491,1497,1494,1496,1495,1488,1483,1484,1492,1494,1501,1517,1529,1534,1531,1529,1532,1526,1541,1531,1546,1554,1572,1570,1560,1561,1559,1557,1558,1581,1591,1596,1591,1589,1571,1570,1572,1578,1579,1579,1574,1570,1570,1559,1559,1554,1549,1537,1572,1587,1586,1613,1613,1620,1623,1612,1607,1601,1585,1592,1622,1615,1624,1619,1623,1623,1617,1612,1611,1610,1593,1607,1603,1604,1610,1615,1600,1610,1599,1598,1597,1602,1603,1605,1597,1602,1598,1619,1659,1677,1683,1684,1684,1691,1682,1695,1671,1665,1657,1676,1682,1720,1715,1706,1731,1731,1749,1742,1751
1500,1507,1517,1517,1516,1518,1544,1555,1542,1536,1548,1562,1561,1539,1545,1554,1554,1552,1560,1599,1591,1587,1595,1616,1619,1614,1650,1643,1645,1642,1652,1656,1605,1602,1612,1628,1629,1630,1619,1620,1627,1616,1613,1622,1619,1614,1619,1620,1607,1592,1587,1579,1573,1547,1527,1534,1534,1526,1528,1516,1507,1508,1513,1511,1497,1516,1513,1509,1505,1497,1521,1509,1511,1522,1526,1526,1527,1537,1549,1538,1513,1512,1500,1510,1498,1489,1505,1511,1518,1521,1509,1524,1527,1526,1526,1524,1525,1531,1523,1526,1524,1515,1510,1510,1541,1520,1504,1519,1532,1526,1530,1529,1527,1542,1545,1542,1530,1513,1513,1519,1558
1500,1493,1493,1507,1511,1512,1517,1524,1518,1573,1578,1569,1573,1570,1576,1583,1579,1574,1543,1520,1514,1514,1506,1503,1499,1498,1504,1499,1503,1502,1447,1450,1451,1453,1468,1458,1465,1454,1446,1451,1452,1437,1423,1461,1467,1459,1462,1464,1464,1473,1448,1461,1494,1504,1511,1506,1511,1509,1527,1531,1542,1534,1552,1557,1585,1571,1574,1574,1578,1578,1570,1561,1567,1554,1566,1566,1564,1569,1567,1570,1576,1571,1582,1583,1584,1574,1596,1595,1593,1596,1600,1600,1603,1586,1581,1575,1569,1557,1556,1567,1564,1553,1551,1546,1528,1529,1537,1535,1540,1540,1539,1537,1595,1595,1600,1600,1606,1592,1605,1615,1619
1500,1497,1496,1494,1493,1500,1504,1503,1503,1492,1476,1463,1455,1449,1465,1484,1481,1491,1488,1503,1484,1482,1475,1474,1487,1487,1491,1479,1472,1472,1449,1445,1421,1415,1413,1413,1412,1419,1427,1434,1424,1432,1420,1426,1420,1423,1428,1406,1400,1409,1421,1421,1410,1410,1389,1371,1371,1372,1372,1368,1365,1375,1370,1377,1366,1360,1361,1350,1457,1447,1468,1498,1514,1496,1508,1499,1509,1515,1516,1518,1525,1519,1509,1525,1518,1513,1511,1539,1533,1522,1510,1508,1520,1500,1497,1462,1463,1453,1453,1454,1454,1451,1443,1438,1448,1436,1411,1414,1421,1407,1406,1417,1422,1434,1440,1430,1428,1428,1423,1418,1400
1500,1498,1538,1538,1535,1542,1542,1540,1554,1560,1563,1587,1589,1562,1563,1557,1573,1566,1590,1592,1594,1601,1601,1597,1600,1612,1607,1606,1602,1603,1604,1602,1598,1593,1586,1591,1596,1557,1533,1546,1544,1540,1543,1547,1554,1573,1563,1570,1572,1580,1572,1583,1580,1572,1579,1571,1587,1627,1641,1642,1638,1644,1650,1658,1658,1663,1650,1654,1651,1635,1635,1638,1638,1638,1643,1642,1652,1648,1650,1652,1613,1610,1610,1590,1590,1588,1576,1575,1581,1581,1596,1584,1573,1573,1575,1572,1572,1565,1550,1534,1507,1537,1546,1580,1580,1584,1588,1588,1600,1601,1601,1609,1616,1623,1623,1626,1623,1641,1643,1668,1672
1500,1496,1483,1490,1515,1505,1496,1475,1467,1467,1498,1495,1474,1470,1470,1477,1471,1463,1463,1478,1462,1464,1505,1511,1506,1500,1506,1505,1506,1496,1546,1541,1541,1555,1552,1557,1549,1532,1536,1532,1530,1516,1521,1534,1530,1517,1514,1514,1528,1511,1506,1506,1502,1518,1525,1557,1565,1559,1560,1564,1551,1546,1548,1564,1574,1569,1573,1581,1566,1566,1558,1545,1550,1560,1555,1546,1538,1511,1514,1508,1524,1524,1532,1530,1529,1535,1541,1541,1541,1515,1521,1526,1522,1523,1526,1517,1524,1525,1529,1531,1534,1514,1527,1498,1505,1519,1519,1519,1523,1550,1568,1562,1560,1554,1608,1614,1612,1612,1606,1606,1601
1500,1499,1495,1487,1477,1477,1468,1481,1485,1490,1510,1523,1527,1545,1527,1576,1577,1576,1609,1605,1640,1627,1630,1648,1637,1637,1628,1625,1617,1621,1626,1624,1592,1585,1583,1558,1564,1556,1550,1555,1549,1555,1579,1564,1568,1561,1554,1551,1546,1535,1542,1542,1536,1524,1540,1581,1579,1581,1575,1587,1577,1578,1581,1585,1595,1606,1602,1594,1598,1589,1571,1564,1538,1547,1551,1539,1537,1537,1531,1538,1524,1541,1537,1546,1577,1581,1579,1580,1579,1590,1591,1589,1591,1591,1588,1597,1593,1590,1580,1589,1577,1572,1532,1527,1528,1526,1540,1540,1546,1533,1529,1521,1514,1475,1475,1476,1474,1487,1492,1487,1486
1500,1457,1457,1455,1455,1455,1460,1454,1445,1439,1439,1438,1428,1423,1436,1422,1432,1431,1442,1449,1449,1448,1431,1429,1440,1436,1415,1413,1411,1411,1411,1425,1419,1420,1422,1466,1448,1443,1438,1438,1441,1437,1416,1414,1406,1413,1404,1403,1396,1393,1401,1394,1418,1418,1431,1431,1438,1450,1440,1438,1431,1429,1436,1439,1433,1424,1446,1445,1399,1395,1382,1404,1423,1412,1371,1371,1378,1396,1394,1404,1397,1382,1383,1383,1390,1384,1373,1361,1362,1355,1353,1353,1355,1349,1370,1384,1380,1380,1380,1383,1387,1384,1403,1396,1395,1399,1393,1378,1382,1388,1391,1392,1388,1391,1380,1380,1379,1375,1373,1373,1377
1500,1502,1502,1501,1555,1548,1548,1592,1592,1590,1590,1583,1585,1592,1603,1594,1594,1584,1601,1603,1594,1600,1593,1619,1619,1625,1625,1617,1628,1660,1658,1650,1694,1679,1691,1710,1710,1708,1709,1706,1721,1747,1738,1739,1745,1748,1746,1738,1739,1754,1749,1736,1740,1740,1749,1777,1773,1755,1716,1717,1718,1749,1756,1763,1757,1760,1761,1754,1765,1764,1785,1785,1778,1793,1793,1797,1786,1776,1802,1792,1796,1789,1790,1791,1921,1926,1925,1933,1908,1914,1901,1893,1893,1897,1897,1911,1913,1916,1943,1932,1925,1922,1927,1941,1882,1878,1897,1896,1864,1869,1858,1857,1854,1851,1861,1862,1898,1895,1897,1896,1891
1500,1516,1527,1535,1531,1527,1547,1543,1545,1530,1530,1533,1547,1551,1544,1549,1542,1546,1541,1552,1552,1549,1546,1529,1529,1544,1551,1548,1558,1542,1546,1544,1556,1575,1582,1582,1583,1578,1577,1570,1592,1590,1593,1597,1583,1552,1552,1553,1549,1549,1536,1537,1538,1515,1519,1523,1546,1546,1549,1556,1559,1564,1546,1553,1560,1553,1556,1565,1562,1562,1547,1547,1547,1552,1553,1553,1553,1553,1553,1599,1592,1592,1592,1582,1562,1559,1585,1582,1576,1580,1583,1577,1542,1538,1541,1529,1521,1524,1510,1510,1517,1502,1507,1486,1486,1492,1494,1501,1497,1496,1492,1495,1493,1481,1486,1478,1485,1530,1528,1538,1531
1500,1494,1498,1515,1535,1520,1520,1511,1511,1509,1521,1525,1517,1508,1512,1513,1517,1514,1516,1520,1519,1527,1538,1539,1545,1543,1552,1539,1537,1534,1538,1528,1558,1562,1543,1555,1543,1542,1527,1515,1513,1514,1496,1496,1498,1486,1472,1486,1506,1505,1495,1486,1480,1480,1480,1484,1476,1460,1457,1456,1462,1465,1465,1454,1452,1433,1414,1427,1431,1439,1403,1399,1387,1401,1389,1425,1389,1395,1405,1394,1412,1413,1420,1420,1417,1424,1418,1410,1409,1398,1437,1431,1436,1435,1445,1426,1431,1448,1420,1424,1423,1426,1426,1435,1432,1434,1454,1449,1443,1443,1437,1414,1420,1419,1419,1417,1448,1442,1442,1453,1457
1500,1504,1504,1497,1498,1497,1517,1513,1496,1487,1472,1472,1475,1488,1491,1508,1502,1479,1480,1485,1473,1466,1492,1490,1500,1498,1488,1480,1474,1472,1462,1467,1476,1475,1481,1484,1479,1468,1464,1450,1451,1493,1499,1476,1481,1484,1500,1486,1487,1484,1498,1490,1491,1492,1495,1518,1505,1505,1490,1477,1473,1476,1501,1496,1511,1508,1510,1520,1527,1534,1538,1536,1530,1492,1489,1491,1487,1500,1517,1521,1520,1509,1520,1525,1521,1521,1544,1591,1596,1573,1549,1557,1560,1565,1531,1518,1526,1514,1555,1580,1578,1573,1569,1581,1586,1593,1592,1580,1572,1545,1543,1544,1544,1558,1561,1568,1560,1560,1555,1554,1566
1500,1508,1504,1508,1499,1492,1492,1484,1520,1511,1509,1507,1509,1517,1532,1535,1566,1575,1574,1574,1582,1590,1590,1608,1598,1613,1615,1625,1629,1583,1581,1571,1566,1566,1562,1557,1563,1551,1549,1540,1547,1540,1532,1562,1559,1553,1550,1579,1581,1565,1566,1566,1572,1583,1575,1578,1570,1580,1574,1574,1567,1569,1569,1569,1569,1573,1573,1590,1588,1591,1560,1550,1550,1571,1557,1547,1536,1536,1541,1535,1519,1514,1516,1458,1455,1447,1455,1450,1446,1453,1442,1442,1442,1447,1448,1442,1439,1472,1457,1457,1458,1457,1431,1463,1452,1475,1470,1469,1478,1480,1488,1541,1543,1543,1546,1546,1556,1570,1604,1592,1591
1500,1502,1502,1496,1510,1551,1554,1555,1565,1571,1570,1561,1516,1516,1510,1499,1499,1524,1534,1542,1541,1540,1514,1518,1512,1523,1521,1533,1534,1522,1522,1504,1496,1487,1476,1484,1484,1483,1487,1473,1486,1492,1506,1513,1512,1507,1523,1525,1514,1515,1510,1510,1505,1506,1503,1532,1518,1517,1509,1501,1516,1514,1526,1526,1540,1540,1540,1544,1542,1562,1602,1592,1537,1528,1521,1472,1479,1476,1459,1481,1484,1500,1491,1500,1508,1508,1502,1500,1523,1523,1525,1541,1563,1555,1552,1560,1588,1582,1587,1594,1592,1594,1607,1603,1604,1605,1605,1597,1576,1618,1617,1607,1600,1600,1601,1598,1599,1582,1576,1572,1582
1500,1526,1535,1525,1532,1511,1518,1521,1508,1510,1512,1500,1499,1498,1484,1464,1482,1474,1474,1469,1470,1488,1494,1507,1505,1496,1483,1479,1484,1482,1474,1446,1460,1454,1460,1461,1460,1451,1460,1455,1451,1431,1426,1429,1437,1445,1440,1433,1423,1401,1406,1422,1415,1415,1427,1424,1426,1425,1422,1436,1439,1452,1455,1451,1447,1443,1437,1436,1430,1443,1409,1399,1392,1376,1383,1396,1396,1353,1345,1346,1346,1360,1376,1378,1377,1361,1361,1357,1352,1356,1346,1346,1334,1334,1335,1325,1327,1311,1309,1329,1314,1263,1267,1287,1283,1274,1267,1260,1265,1281,1279,1279,1279,1282,1284,1288,1295,1295,1327,1333,1343
1500,1498,1501,1497,1503,1515,1515,1528,1499,1479,1476,1476,1469,1489,1488,1486,1489,1472,1476,1509,1512,1516,1526,1538,1539,1538,1558,1541,1533,1536,1533,1512,1515,1507,1510,1511,1498,1490,1492,1502,1515,1524,1541,1537,1538,1558,1569,1563,1563,1557,1555,1545,1545,1546,1567,1582,1574,1569,1576,1630,1643,1624,1625,1623,1631,1668,1680,1683,1709,1726,1725,1735,1729,1727,1743,1745,1752,1738,1744,1738,1730,1735,1736,1722,1744,1751,1749,1751,1745,1745,1731,1730,1717,1719,1719,1720,1720,1717,1744,1713,1714,1707,1697,1702,1700,1698,1702,1704,1699,1708,1692,1678,1676,1684,1679,1678,1682,1693,1707,1691,1698
1500,1503,1548,1560,1560,1554,1548,1555,1565,1570,1554,1535,1529,1542,1533,1521,1521,1528,1531,1533,1530,1526,1502,1498,1511,1505,1505,1506,1503,1504,1479,1489,1480,1475,1475,1475,1481,1489,1489,1489,1481,1477,1478,1471,1465,1481,1478,1477,1476,1496,1482,1480,1450,1473,1477,1468,1460,1458,1466,1472,1470,1464,1464,1444,1446,1446,1444,1460,1443,1450,1445,1447,1445,1439,1446,1442,1448,1447,1442,1439,1439,1462,1431,1432,1414,1419,1419,1420,1412,1406,1408,1412,1426,1433,1429,1439,1434,1442,1435,1420,1420,1407,1410,1438,1432,1448,1448,1440,1478,1472,1479,1479,1470,1490,1492,1502,1520,1529,1536,1557,1558
1500,1498,1487,1474,1473,1453,1448,1453,1442,1447,1464,1467,1459,1482,1487,1489,1499,1532,1532,1534,1538,1558,1564,1560,1557,1557,1565,1567,1568,1540,1539,1541,1524,1524,1526,1528,1536,1541,1522,1536,1521,1522,1522,1516,1516,1526,1529,1533,1582,1587,1568,1563,1601,1599,1604,1576,1572,1591,1588,1589,1594,1569,1565,1571,1574,1553,1553,1552,1567,1560,1558,1574,1584,1587,1567,1578,1573,1585,1589,1587,1596,1583,1587,1582,1572,1589,1537,1535,1535,1535,1535,1549,1541,1543,1548,1552,1543,1537,1534,1530,1521,1527,1536,1536,1511,1507,1508,1505,1510,1511,1555,1562,1560,1553,1545,1538,1537,1523,1523,1524,1524
1500,1497,1474,1479,1498,1500,1492,1496,1485,1489,1488,1497,1517,1495,1507,1527,1570,1565,1573,1565,1573,1580,1578,1565,1568,1583,1585,1595,1595,1597,1595,1601,1618,1615,1615,1611,1588,1638,1637,1628,1626,1634,1640,1640,1624,1616,1625,1621,1624,1613,1598,1596,1595,1612,1612,1588,1584,1582,1579,1594,1576,1578,1597,1607,1611,1618,1616,1614,1597,1609,1615,1651,1657,1657,1653,1642,1635,1617,1611,1613,1609,1612,1609,1601,1602,1606,1599,1584,1568,1553,1550,1571,1555,1560,1555,1557,1554,1551,1539,1516,1515,1523,1522,1531,1538,1537,1526,1529,1527,1528,1529,1522,1522,1522,1524,1524,1523,1550,1547,1563,1557
1500,1501,1499,1498,1496,1493,1508,1503,1502,1501,1493,1508,1544,1545,1541,1509,1508,1508,1485,1474,1481,1486,1505,1487,1488,1487,1496,1496,1495,1474,1488,1491,1501,1475,1475,1475,1482,1476,1469,1467,1485,1462,1470,1470,1479,1473,1468,1468,1461,1463,1457,1464,1444,1448,1440,1437,1441,1452,1486,1474,1479,1481,1483,1502,1495,1491,1498,1498,1479,1479,1480,1490,1492,1462,1445,1445,1475,1477,1483,1477,1476,1481,1491,1488,1488,1485,1485,1491,1474,1473,1462,1464,1455,1450,1439,1462,1465,1460,1453,1461,1464,1485,1481,1480,1493,1485,1474,1469,1470,1470,1482,1480,1487,1482,1469,1463,1469,1465,1471,1465,1475
1500,1489,1492,1492,1475,1474,1468,1461,1468,1447,1448,1468,1463,1449,1470,1465,1482,1484,1472,1480,1475,1480,1462,1467,1459,1456,1477,1469,1460,1466,1458,1457,1464,1459,1444,1471,1490,1489,1487,1489,1489,1497,1500,1499,1501,1519,1470,1462,1428,1424,1423,1423,1419,1415,1416,1397,1395,1394,1391,1389,1392,1380,1375,1375,1387,1387,1385,1376,1373,1369,1370,1371,1371,1368,1368,1366,1368,1371,1374,1402,1412,1394,1395,1397,1400,1390,1388,1408,1412,1416,1389,1397,1389,1400,1352,1358,1346,1339,1345,1345,1354,1374,1373,1365,1364,1361,1356,1340,1349,1347,1350,1332,1329,1322,1299,1300,1309,1314,1327,1335,1342
1500,1530,1522,1524,1503,1499,1494,1503,1489,1481,1474,1469,1471,1465,1451,1467,1456,1458,1439,1418,1426,1431,1420,1413,1405,1398,1369,1374,1377,1380,1372,1400,1395,1397,1410,1407,1396,1407,1407,1447,1419,1422,1415,1410,1433,1428,1440,1458,1452,1467,1464,1444,1465,1459,1467,1464,1473,1463,1463,1469,1458,1442,1443,1438,1435,1436,1421,1427,1430,1441,1441,1450,1454,1455,1454,1454,1451,1439,1435,1434,1434,1444,1444,1450,1429,1438,1429,1423,1420,1446,1454,1453,1453,1456,1450,1429,1435,1435,1468,1468,1464,1441,1414,1401,1395,1384,1383,1378,1381,1386,1392,1394,1388,1402,1397,1382,1386,1380,1376,1383,1393
1500,1494,1490,1505,1508,1505,1487,1486,1497,1500,1503,1503,1513,1523,1530,1522,1522,1524,1505,1515,1486,1479,1464,1461,1465,1473,1460,1396,1395,1421,1419,1438,1397,1370,1369,1382,1374,1380,1382,1384,1408,1431,1432,1432,1425,1531,1531,1520,1508,1507,1522,1519,1518,1522,1551,1547,1541,1530,1521,1512,1520,1534,1527,1523,1521,1514,1519,1518,1511,1519,1499,1502,1496,1502,1492,1494,1502,1506,1504,1514,1504,1509,1500,1489,1525,1527,1527,1526,1520,1520,1494,1508,1508,1514,1520,1518,1531,1522,1511,1534,1523,1528,1511,1512,1513,1529,1521,1520,1519,1516,1541,1561,1557,1558,1534,1533,1538,1540,1578,1605,1605
1500,1477,1457,1469,1467,1456,1451,1459,1438,1440,1427,1434,1433,1435,1431,1431,1436,1440,1436,1438,1434,1449,1441,1447,1455,1447,1443,1453,1433,1426,1430,1428,1428,1427,1419,1422,1425,1425,1435,1425,1414,1422,1415,1421,1423,1424,1427,1416,1416,1416,1410,1428,1425,1417,1409,1413,1421,1414,1392,1400,1403,1409,1410,1420,1424,1430,1430,1436,1458,1412,1412,1387,1378,1367,1382,1395,1387,1367,1367,1365,1364,1358,1350,1350,1346,1342,1327,1335,1333,1322,1329,1327,1322,1320,1306,1309,1309,1308,1311,1298,1293,1293,1292,1308,1305,1309,1313,1321,1326,1335,1334,1341,1339,1343,1347,1345,1340,1333,1375,1374,1355
1500,1499,1518,1518,1522,1527,1521,1533,1541,1534,1525,1519,1511,1511,1505,1508,1503,1492,1489,1474,1464,1464,1467,1460,1462,1464,1454,1449,1449,1446,1439,1441,1442,1418,1404,1392,1389,1379,1406,1400,1376,1375,1379,1395,1396,1394,1396,1427,1427,1464,1449,1449,1458,1457,1439,1452,1481,1475,1478,1454,1406,1407,1407,1404,1404,1409,1393,1401,1403,1407,1412,1433,1432,1433,1426,1429,1423,1422,1436,1448,1444,1441,1442,1439,1446,1446,1456,1438,1428,1422,1415,1416,1436,1421,1430,1417,1420,1421,1399,1400,1394,1389,1389,1388,1394,1397,1414,1412,1413,1412,1412,1391,1391,1358,1358,1347,1340,1325,1334,1323,1319
1500,1510,1509,1499,1478,1514,1533,1535,1525,1534,1523,1528,1540,1544,1546,1548,1546,1560,1558,1553,1556,1581,1587,1587,1611,1617,1620,1620,1628,1637,1613,1613,1635,1631,1632,1641,1638,1662,1660,1656,1647,1642,1639,1640,1640,1647,1624,1633,1650,1662,1674,1682,1631,1675,1654,1655,1650,1661,1676,1679,1681,1673,1669,1665,1686,1689,1691,1697,1707,1699,1688,1697,1683,1677,1708,1740,1719,1719,1721,1722,1724,1726,1751,1762,1754,1752,1750,1744,1747,1744,1749,1731,1742,1730,1734,1725,1729,1730,1732,1705,1711,1711,1703,1700,1703,1703,1707,1696,1716,1720,1713,1702,1742,1745,1754,1751,1734,1732,1733,1744,1744
1500,1499,1504,1498,1499,1499,1491,1485,1508,1513,1508,1499,1506,1488,1490,1497,1506,1504,1502,1490,1489,1494,1482,1475,1488,1510,1516,1519,1526,1526,1526,1527,1526,1530,1531,1588,1581,1571,1570,1568,1594,1575,1532,1534,1539,1545,1556,1532,1550,1543,1564,1563,1545,1501,1508,1517,1477,1484,1514,1514,1523,1546,1546,1526,1525,1549,1547,1545,1559,1559,1563,1549,1550,1547,1546,1544,1534,1520,1506,1508,1511,1511,1488,1485,1494,1492,1474,1477,1493,1503,1487,1488,1494,1497,1510,1504,1510,1510,1509,1540,1543,1542,1537,1540,1543,1540,1553,1532,1532,1540,1544,1542,1548,1546,1556,1568,1576,1579,1581,1566,1566
1500,1489,1485,1492,1477,1477,1477,1475,1492,1500,1513,1502,1507,1497,1503,1499,1490,1485,1471,1479,1480,1492,1490,1500,1507,1484,1484,1479,1487,1485,1477,1499,1500,1501,1484,1499,1493,1491,1481,1490,1490,1505,1527,1516,1510,1560,1552,1534,1539,1526,1515,1544,1548,1548,1553,1551,1544,1541,1541,1540,1536,1553,1554,1570,1554,1557,1561,1563,1553,1560,1573,1573,1571,1574,1579,1567,1581,1592,1597,1578,1578,1586,1584,1609,1615,1616,1580,1585,1580,1580,1582,1573,1563,1558,1564,1558,1563,1562,1547,1571,1589,1582,1609,1603,1604,1597,1587,1593,1586,1598,1577,1574,1550,1540,1535,1585,1590,1596,1589,1598,1622
1500,1496,1490,1496,1494,1484,1484,1478,1475,1492,1458,1442,1419,1437,1445,1457,1482,1485,1484,1483,1483,1492,1495,1491,1489,1486,1459,1459,1470,1467,1455,1454,1458,1419,1419,1419,1411,1387,1393,1388,1397,1392,1399,1392,1403,1404,1417,1384,1381,1379,1368,1379,1379,1382,1389,1381,1372,1371,1350,1347,1343,1326,1334,1328,1317,1319,1314,1272,1277,1276,1275,1264,1265,1257,1247,1261,1261,1268,1270,1263,1267,1267,1270,1262,1263,1260,1271,1271,1253,1263,1266,1264,1267,1266,1266,1271,1271,1271,1274,1281,1281,1280,1295,1306,1317,1291,1289,1286,1276,1290,1289,1289,1288,1297,1296,1293,1298,1300,1269,1265,1289
1500,1535,1536,1497,1497,1497,1505,1503,1503,1504,1513,1494,1503,1475,1474,1461,1461,1461,1452,1470,1454,1434,1425,1413,1409,1404,1417,1417,1423,1418,1418,1428,1430,1420,1437,1438,1438,1417,1421,1414,1414,1408,1408,1407,1412,1425,1409,1409,1412,1398,1391,1386,1391,1392,1409,1410,1410,1401,1401,1398,1398,1391,1392,1392,1413,1423,1390,1387,1396,1396,1395,1384,1390,1388,1390,1392,1375,1368,1363,1369,1361,1360,1352,1344,1344,1340,1369,1371,1372,1371,1378,1362,1416,1416,1426,1450,1443,1427,1417,1422,1399,1414,1433,1436,1436,1436,1434,1443,1451,1451,1452,1449,1443,1443,1432,1437,1467,1464,1466,1463,1463
1500,1501,1504,1508,1514,1545,1538,1546,1533,1535,1537,1544,1540,1552,1550,1553,1551,1537,1526,1532,1531,1530,1533,1534,1535,1559,1567,1578,1597,1600,1603,1599,1599,1585,1582,1577,1565,1525,1517,1541,1552,1557,1555,1568,1580,1579,1575,1575,1571,1589,1582,1567,1563,1559,1552,1552,1544,1543,1536,1544,1537,1540,1530,1535,1535,1531,1532,1535,1527,1504,1500,1502,1510,1510,1511,1505,1519,1515,1518,1519,1496,1504,1506,1508,1500,1521,1518,1488,1484,1490,1483,1521,1527,1513,1497,1496,1484,1488,1486,1480,1479,1488,1485,1485,1484,1487,1485,1484,1473,1475,1479,1469,1471,1467,1462,1492,1485,1500,1486,1470,1482
1500,1494,1487,1480,1467,1470,1468,1479,1468,1468,1463,1465,1467,1423,1423,1431,1430,1429,1433,1430,1447,1457,1455,1458,1444,1425,1430,1436,1440,1437,1455,1451,1430,1553,1561,1556,1556,1563,1562,1539,1522,1541,1539,1533,1550,1543,1544,1540,1543,1539,1543,1597,1609,1625,1618,1620,1628,1627,1651,1666,1677,1670,1659,1647,1641,1652,1646,1660,1681,1649,1655,1658,1644,1646,1668,1663,1647,1661,1666,1666,1667,1665,1656,1676,1671,1670,1682,1681,1685,1673,1665,1655,1676,1676,1672,1658,1668,1671,1693,1689,1680,1702,1685,1644,1650,1642,1642,1641,1617,1616,1632,1643,1655,1633,1635,1596,1629,1642,1637,1646,1638
1500,1487,1481,1486,1495,1476,1498,1509,1505,1508,1503,1500,1500,1503,1533,1527,1524,1511,1515,1515,1515,1534,1534,1549,1549,1572,1585,1599,1634,1635,1609,1606,1607,1604,1608,1609,1612,1612,1611,1611,1611,1633,1632,1632,1642,1643,1648,1628,1631,1645,1609,1593,1593,1603,1602,1618,1615,1575,1570,1588,1604,1638,1647,1624,1644,1645,1672,1670,1679,1682,1644,1636,1667,1674,1667,1660,1657,1637,1652,1637,1659,1651,1643,1623,1615,1600,1599,1622,1612,1597,1583,1581,1573,1562,1575,1574,1593,1596,1590,1606,1606,1611,1618,1640,1651,1659,1688,1687,1704,1669,1674,1707,1709,1704,1718,1722,1721,1743,1722,1727,1711
1500,1484,1469,1469,1476,1462,1460,1467,1487,1481,1465,1446,1438,1435,1451,1452,1424,1420,1417,1419,1431,1430,1441,1441,1443,1447,1451,1443,1434,1440,1435,1423,1418,1410,1422,1415,1412,1392,1390,1381,1362,1367,1374,1384,1382,1379,1366,1376,1381,1381,1387,1396,1399,1399,1392,1391,1419,1417,1423,1425,1420,1407,1413,1400,1403,1403,1349,1363,1373,1370,1348,1341,1324,1332,1342,1357,1342,1345,1351,1351,1373,1380,1371,1376,1366,1366,1383,1378,1386,1386,1373,1359,1380,1377,1373,1369,1381,1384,1384,1389,1389,1383,1381,1383,1374,1365,1365,1379,1383,1388,1388,1373,1383,1386,1395,1390,1390,1392,1385,1386,1384
1500,1487,1492,1485,1489,1488,1487,1492,1485,1490,1494,1532,1530,1532,1538,1531,1522,1497,1491,1506,1498,1490,1492,1492,1491,1505,1489,1494,1503,1490,1487,1495,1490,1493,1488,1470,1470,1470,1485,1492,1493,1493,1490,1459,1475,1475,1472,1453,1451,1458,1451,1462,1462,1456,1453,1457,1457,1445,1452,1445,1451,1443,1451,1457,1457,1459,1456,1466,1461,1458,1491,1489,1495,1496,1496,1500,1492,1488,1484,1477,1438,1438,1432,1413,1402,1401,1404,1408,1400,1405,1407,1397,1397,1432,1452,1456,1456,1464,1460,1453,1451,1436,1440,1439,1441,1441,1431,1440,1451,1463,1451,1457,1464,1463,1464,1457,1455,1450,1456,1476,1479
1500,1502,1494,1462,1457,1432,1432,1433,1439,1443,1415,1415,1414,1406,1410,1408,1392,1392,1401,1404,1405,1414,1418,1407,1414,1430,1423,1432,1428,1425,1423,1417,1408,1414,1432,1461,1439,1439,1424,1426,1419,1405,1407,1412,1405,1404,1409,1401,1371,1371,1349,1351,1356,1355,1347,1340,1341,1344,1339,1355,1352,1354,1357,1358,1346,1356,1347,1397,1402,1430,1429,1445,1445,1462,1453,1441,1440,1419,1430,1441,1452,1451,1451,1430,1438,1472,1476,1481,1478,1478,1479,1498,1510,1522,1512,1503,1498,1501,1505,1498,1482,1489,1507,1498,1496,1500,1494,1498,1508,1504,1485,1482,1491,1489,1472,1472,1468,1471,1449,1448,1444
1500,1505,1496,1554,1543,1539,1548,1544,1547,1589,1605,1620,1613,1622,1651,1646,1650,1599,1608,1608,1620,1626,1611,1607,1612,1603,1613,1613,1592,1540,1539,1534,1558,1545,1544,1530,1562,1558,1561,1546,1547,1541,1520,1522,1521,1527,1527,1536,1539,1539,1536,1531,1536,1539,1551,1576,1550,1549,1547,1547,1546,1546,1552,1551,1548,1569,1594,1592,1602,1602,1615,1600,1586,1565,1556,1558,1554,1558,1563,1563,1557,1562,1549,1552,1551,1546,1573,1575,1550,1541,1545,1546,1547,1520,1539,1533,1540,1536,1549,1555,1554,1544,1552,1542,1535,1533,1549,1560,1548,1547,1577,1561,1570,1562,1571,1574,1577,1587,1594,1595,1592
1500,1502,1514,1512,1490,1524,1522,1536,1552,1551,1558,1565,1570,1570,1578,1579,1595,1608,1603,1606,1607,1607,1609,1615,1600,1599,1598,1596,1604,1595,1599,1595,1598,1603,1587,1594,1609,1611,1624,1631,1638,1635,1649,1647,1654,1653,1661,1698,1679,1671,1657,1673,1691,1699,1689,1682,1687,1691,1709,1714,1720,1722,1731,1728,1732,1731,1729,1731,1722,1722,1716,1705,1696,1703,1701,1705,1721,1712,1729,1745,1755,1753,1759,1744,1748,1752,1777,1778,1812,1807,1796,1795,1813,1813,1811,1810,1808,1801,1803,1804,1797,1803,1861,1863,1874,1864,1874,1874,1853,1846,1836,1844,1854,1844,1844,1866,1868,1844,1822,1836,1829
1500,1491,1493,1495,1503,1489,1482,1443,1440,1458,1458,1465,1463,1408,1418,1422,1412,1417,1378,1368,1368,1368,1366,1363,1371,1379,1375,1390,1394,1387,1380,1372,1370,1369,1369,1378,1380,1397,1390,1383,1374,1383,1382,1395,1390,1399,1405,1402,1401,1424,1423,1417,1425,1417,1408,1421,1419,1410,1407,1403,1413,1413,1413,1413,1404,1410,1406,1376,1369,1369,1370,1379,1368,1363,1357,1357,1367,1365,1367,1364,1359,1359,1364,1364,1353,1354,1345,1374,1387,1382,1375,1369,1370,1364,1363,1353,1350,1366,1362,1362,1355,1358,1356,1357,1350,1356,1347,1350,1340,1348,1341,1349,1346,1369,1364,1362,1354,1356,1350,1317,1318
1500,1545,1549,1559,1563,1561,1560,1554,1548,1554,1557,1564,1563,1543,1547,1557,1571,1585,1574,1611,1595,1592,1605,1604,1609,1611,1616,1620,1609,1602,1602,1585,1572,1561,1541,1539,1534,1539,1528,1533,1534,1532,1554,1553,1567,1587,1598,1593,1592,1587,1590,1604,1603,1651,1651,1653,1653,1661,1647,1646,1645,1647,1641,1643,1634,1643,1651,1661,1654,1637,1636,1631,1631,1624,1624,1614,1618,1610,1614,1620,1624,1621,1612,1622,1610,1614,1625,1597,1597,1561,1560,1565,1558,1563,1563,1563,1554,1563,1561,1549,1562,1567,1553,1554,1547,1553,1562,1569,1568,1557,1555,1549,1552,1558,1560,1552,1553,1567,1569,1560,1555
1500,1493,1489,1521,1497,1497,1495,1509,1508,1515,1515,1510,1533,1533,1526,1525,1519,1522,1531,1553,1569,1579,1617,1624,1638,1647,1657,1657,1658,1663,1678,1680,1692,1724,1738,1738,1737,1710,1716,1730,1719,1714,1697,1688,1688,1704,1708,1727,1726,1720,1716,1711,1708,1711,1716,1710,1749,1743,1739,1740,1753,1747,1771,1720,1692,1679,1677,1675,1681,1677,1673,1668,1666,1661,1655,1649,1641,1641,1625,1645,1651,1662,1663,1694,1709,1703,1674,1702,1715,1724,1724,1716,1706,1757,1734,1733,1724,1708,1708,1709,1717,1714,1684,1701,1687,1697,1687,1691,1703,1705,1752,1780,1784,1765,1765,1759,1755,1762,1763,1754,1751
1500,1495,1497,1517,1526,1529,1543,1535,1549,1554,1573,1555,1555,1553,1529,1531,1534,1533,1525,1529,1531,1520,1513,1509,1500,1477,1473,1481,1476,1428,1428,1432,1447,1447,1448,1448,1448,1471,1469,1456,1456,1459,1449,1445,1446,1460,1459,1456,1458,1444,1435,1429,1430,1431,1428,1426,1420,1425,1418,1416,1414,1414,1419,1434,1425,1419,1411,1394,1391,1396,1407,1405,1405,1412,1409,1372,1372,1350,1357,1367,1359,1360,1324,1317,1312,1321,1331,1331,1333,1337,1352,1360,1358,1360,1366,1365,1368,1369,1410,1419,1420,1449,1449,1438,1458,1454,1459,1469,1497,1499,1503,1503,1508,1500,1505,1517,1558,1557,1554,1549,1550
1500,1500,1504,1525,1531,1542,1545,1564,1565,1558,1568,1573,1563,1569,1583,1571,1576,1588,1609,1636,1638,1632,1622,1624,1622,1644,1626,1629,1641,1639,1633,1665,1664,1620,1625,1646,1644,1644,1646,1642,1661,1666,1652,1644,1630,1640,1648,1671,1671,1668,1669,1664,1656,1650,1651,1649,1647,1650,1640,1645,1620,1628,1606,1602,1587,1591,1575,1584,1587,1587,1579,1547,1498,1498,1501,1516,1532,1534,1527,1527,1532,1519,1517,1521,1524,1532,1532,1524,1511,1506,1528,1530,1546,1547,1515,1513,1479,1475,1474,1487,1479,1487,1481,1482,1484,1459,1449,1459,1451,1453,1451,1447,1444,1445,1437,1437,1466,1473,1454,1457,1476
1500,1507,1491,1480,1480,1466,1495,1494,1494,1483,1474,1480,1474,1470,1489,1487,1492,1494,1494,1498,1506,1498,1498,1505,1489,1483,1473,1478,1511,1486,1477,1484,1478,1476,1481,1493,1476,1492,1509,1499,1537,1540,1545,1539,1537,1527,1553,1550,1547,1547,1577,1585,1577,1559,1564,1565,1546,1580,1575,1574,1552,1550,1552,1517,1525,1525,1509,1512,1513,1508,1503,1506,1505,1496,1496,1479,1487,1493,1497,1542,1529,1529,1527,1519,1540,1530,1534,1543,1512,1527,1561,1561,1570,1575,1586,1591,1585,1585,1584,1587,1583,1587,1593,1593,1587,1577,1571,1566,1562,1566,1549,1527,1533,1506,1506,1512,1503,1514,1527,1533,1532
1500,1489,1485,1476,1477,1471,1495,1495,1499,1493,1490,1484,1483,1476,1468,1464,1468,1485,1484,1478,1489,1489,1500,1502,1499,1509,1503,1488,1483,1497,1516,1511,1465,1465,1486,1489,1491,1496,1486,1493,1450,1450,1448,1445,1445,1431,1418,1421,1406,1406,1410,1393,1382,1390,1389,1385,1381,1377,1382,1426,1426,1419,1417,1411,1411,1406,1406,1398,1388,1394,1410,1410,1410,1424,1420,1404,1397,1398,1395,1400,1380,1377,1368,1376,1381,1368,1364,1357,1351,1351,1351,1367,1365,1358,1353,1354,1337,1338,1332,1333,1331,1322,1323,1312,1312,1313,1308,1315,1315,1312,1310,1293,1284,1287,1289,1289,1289,1287,1249,1258,1260
1500,1505,1513,1506,1503,1494,1497,1519,1520,1523,1572,1573,1562,1534,1560,1580,1585,1602,1703,1708,1708,1702,1712,1716,1713,1680,1720,1668,1669,1660,1668,1676,1679,1683,1660,1672,1670,1665,1692,1693,1698,1697,1697,1695,1681,1693,1705,1687,1692,1693,1693,1696,1699,1694,1697,1697,1686,1662,1661,1654,1633,1633,1627,1620,1631,1617,1584,1582,1583,1580,1584,1577,1553,1552,1556,1556,1584,1607,1615,1608,1619,1618,1619,1632,1618,1619,1618,1599,1598,1592,1592,1593,1581,1589,1590,1587,1570,1577,1560,1555,1553,1555,1578,1576,1567,1566,1557,1556,1556,1578,1565,1593,1602,1596,1605,1600,1602,1647,1656,1678,1692
1500,1507,1493,1485,1487,1494,1493,1484,1489,1503,1504,1505,1499,1500,1488,1486,1495,1502,1515,1512,1512,1512,1512,1513,1498,1498,1499,1497,1485,1460,1458,1453,1456,1458,1460,1459,1457,1441,1432,1433,1447,1445,1442,1478,1478,1471,1465,1454,1453,1451,1442,1446,1439,1464,1459,1459,1437,1436,1431,1465,1453,1446,1449,1451,1411,1398,1403,1403,1407,1405,1419,1429,1411,1397,1397,1393,1386,1375,1366,1373,1373,1404,1406,1405,1401,1402,1398,1398,1398,1396,1398,1392,1374,1373,1374,1364,1344,1342,1387,1391,1391,1395,1440,1439,1430,1435,1434,1402,1396,1401,1396,1383,1380,1382,1376,1371,1357,1353,1353,1422,1442
1500,1496,1487,1482,1476,1476,1486,1488,1483,1500,1497,1485,1488,1502,1503,1499,1512,1491,1484,1487,1484,1474,1441,1448,1445,1445,1439,1433,1439,1439,1419,1409,1406,1403,1407,1405,1404,1404,1404,1389,1389,1381,1375,1366,1366,1358,1359,1365,1366,1358,1351,1343,1342,1355,1350,1347,1354,1344,1342,1342,1337,1346,1329,1333,1321,1325,1331,1338,1331,1333,1326,1313,1310,1310,1312,1312,1305,1312,1326,1326,1322,1317,1305,1317,1316,1327,1314,1314,1304,1302,1302,1317,1316,1314,1330,1327,1362,1362,1362,1356,1356,1344,1345,1344,1341,1340,1340,1345,1346,1346,1362,1362,1406,1411,1376,1375,1390,1374,1373,1373,1371
1500,1500,1602,1589,1588,1592,1589,1603,1651,1651,1649,1642,1637,1635,1622,1633,1632,1634,1648,1647,1661,1654,1657,1666,1666,1666,1654,1654,1657,1665,1660,1647,1666,1666,1676,1682,1682,1684,1679,1689,1685,1679,1687,1685,1669,1665,1670,1669,1669,1671,1685,1677,1663,1715,1706,1680,1674,1664,1677,1677,1673,1675,1672,1666,1639,1632,1648,1647,1661,1635,1630,1595,1594,1600,1594,1608,1605,1611,1599,1605,1614,1626,1655,1649,1643,1630,1609,1609,1603,1606,1599,1599,1600,1600,1577,1578,1580,1578,1577,1590,1582,1566,1569,1571,1610,1587,1590,1589,1581,1597,1600,1605,1611,1625,1617,1614,1616,1616,1612,1599,1623
1500,1485,1489,1502,1497,1508,1510,1496,1491,1487,1486,1489,1490,1502,1481,1511,1498,1488,1500,1493,1500,1518,1505,1497,1488,1459,1460,1442,1441,1452,1452,1460,1453,1446,1437,1436,1438,1448,1441,1428,1454,1479,1477,1472,1478,1481,1478,1474,1464,1449,1479,1483,1486,1490,1479,1473,1432,1432,1441,1457,1465,1462,1468,1460,1468,1487,1490,1484,1484,1493,1489,1484,1489,1494,1493,1503,1489,1480,1478,1479,1477,1484,1484,1482,1479,1469,1511,1531,1536,1534,1543,1537,1523,1527,1533,1545,1546,1534,1508,1509,1501,1500,1500,1518,1522,1524,1524,1501,1494,1468,1475,1463,1463,1461,1468,1481,1481,1486,1490,1487,1494
1500,1487,1479,1491,1474,1473,1465,1465,1465,1463,1445,1456,1455,1469,1457,1459,1458,1472,1469,1468,1464,1466,1464,1462,1498,1504,1499,1497,1525,1516,1516,1508,1494,1494,1481,1467,1467,1471,1471,1473,1468,1468,1468,1469,1450,1451,1446,1467,1472,1478,1479,1477,1500,1494,1490,1490,1481,1488,1485,1479,1477,1469,1491,1499,1495,1512,1488,1487,1494,1502,1512,1517,1516,1542,1563,1555,1557,1554,1562,1545,1552,1550,1548,1550,1522,1503,1506,1505,1489,1483,1477,1482,1481,1484,1491,1491,1478,1476,1469,1465,1469,1473,1528,1533,1528,1519,1519,1513,1514,1512,1524,1524,1535,1525,1489,1483,1476,1476,1467,1467,1474
1500,1517,1512,1508,1508,1477,1480,1470,1473,1496,1504,1495,1490,1497,1501,1484,1487,1476,1476,1481,1479,1480,1480,1484,1474,1474,1476,1471,1480,1510,1525,1599,1592,1613,1609,1608,1603,1615,1618,1612,1606,1623,1611,1615,1605,1603,1591,1597,1608,1614,1604,1602,1553,1550,1541,1547,1522,1527,1524,1527,1543,1543,1561,1558,1551,1596,1577,1576,1569,1557,1580,1570,1556,1549,1542,1548,1557,1566,1567,1558,1557,1552,1530,1519,1522,1549,1554,1551,1573,1571,1561,1562,1559,1561,1577,1578,1574,1533,1524,1525,1505,1499,1484,1480,1480,1486,1485,1479,1438,1428,1422,1399,1423,1435,1449,1453,1443,1448,1448,1531,1553
1500,1499,1490,1483,1460,1445,1442,1442,1442,1442,1442,1442,1434,1442,1447,1434,1458,1458,1456,1462,1465,1465,1470,1469,1459,1456,1455,1458,1460,1457,1472,1490,1493,1518,1517,1511,1511,1511,1546,1537,1525,1525,1514,1514,1490,1484,1483,1483,1483,1471,1448,1449,1447,1430,1465,1457,1456,1456,1477,1472,1476,1510,1481,1472,1475,1434,1449,1456,1443,1430,1435,1430,1430,1433,1436,1421,1421,1416,1416,1415,1416,1422,1420,1420,1418,1409,1424,1424,1412,1426,1427,1434,1434,1426,1430,1431,1436,1446,1446,1440,1426,1411,1397,1402,1407,1408,1415,1412,1410,1413,1410,1405,1431,1422,1418,1432,1439,1449,1444,1440,1431
1500,1496,1500,1505,1509,1508,1514,1545,1560,1552,1544,1539,1543,1541,1536,1542,1548,1552,1551,1550,1542,1533,1517,1520,1498,1498,1487,1526,1522,1565,1565,1568,1567,1564,1606,1612,1612,1610,1621,1615,1594,1551,1556,1564,1566,1568,1562,1570,1549,1567,1565,1565,1558,1593,1591,1577,1553,1553,1550,1535,1542,1544,1534,1554,1557,1558,1558,1553,1548,1542,1535,1549,1552,1553,1555,1572,1585,1585,1614,1599,1596,1595,1604,1602,1589,1593,1624,1630,1622,1618,1606,1598,1601,1592,1598,1606,1608,1584,1579,1581,1597,1605,1603,1600,1592,1586,1596,1624,1631,1631,1607,1557,1555,1560,1554,1561,1565,1550,1539,1558,1560
1500,1497,1556,1546,1544,1550,1562,1552,1549,1555,1545,1550,1556,1551,1578,1558,1560,1563,1534,1530,1530,1535,1516,1515,1507,1508,1519,1514,1523,1572,1567,1560,1552,1528,1542,1553,1550,1540,1532,1522,1525,1524,1527,1528,1534,1533,1521,1523,1526,1512,1489,1489,1497,1496,1503,1498,1508,1519,1571,1575,1585,1581,1559,1579,1552,1552,1552,1551,1530,1562,1562,1565,1562,1593,1610,1605,1598,1578,1578,1573,1573,1575,1576,1576,1570,1556,1556,1536,1520,1454,1468,1466,1466,1469,1479,1476,1466,1472,1471,1473,1467,1471,1446,1451,1456,1489,1482,1483,1484,1478,1472,1483,1483,1474,1482,1518,1531,1532,1535,1541,1515
1500,1510,1516,1523,1531,1525,1519,1519,1507,1492,1496,1496,1496,1494,1490,1496,1486,1491,1482,1479,1475,1492,1520,1537,1522,1483,1468,1468,1468,1472,1474,1475,1470,1461,1450,1452,1410,1408,1418,1399,1399,1393,1381,1387,1387,1376,1339,1344,1345,1344,1351,1347,1335,1318,1314,1342,1339,1330,1337,1326,1324,1358,1351,1351,1349,1356,1349,1345,1344,1310,1312,1300,1315,1305,1297,1299,1294,1287,1315,1302,1297,1294,1294,1299,1292,1294,1304,1297,1282,1282,1252,1270,1265,1248,1238,1238,1241,1242,1240,1241,1244,1244,1250,1253,1241,1241,1268,1264,1264,1269,1275,1254,1253,1252,1247,1253,1260,1265,1260,1264,1256
1500,1489,1498,1495,1489,1484,1495,1494,1493,1491,1494,1503,1508,1506,1500,1518,1531,1534,1548,1554,1539,1543,1527,1514,1514,1521,1537,1537,1537,1532,1546,1538,1538,1539,1518,1500,1505,1517,1504,1507,1511,1523,1520,1517,1518,1513,1514,1504,1501,1496,1503,1512,1513,1514,1515,1515,1543,1558,1562,1557,1566,1564,1578,1582,1583,1594,1592,1578,1580,1575,1570,1562,1561,1564,1569,1566,1568,1561,1560,1571,1568,1537,1532,1528,1523,1519,1489,1492,1482,1488,1477,1464,1465,1465,1465,1460,1458,1455,1457,1459,1460,1469,1456,1456,1461,1471,1461,1461,1452,1452,1454,1448,1448,1436,1436,1445,1445,1450,1440,1421,1416
1500,1507,1476,1472,1476,1486,1489,1493,1486,1494,1482,1480,1480,1476,1476,1466,1472,1478,1498,1504,1507,1496,1500,1499,1484,1488,1484,1499,1491,1487,1482,1483,1476,1498,1498,1492,1491,1480,1431,1427,1431,1417,1410,1421,1411,1401,1408,1449,1479,1479,1477,1477,1458,1452,1452,1480,1476,1460,1453,1454,1455,1463,1460,1457,1450,1431,1433,1433,1429,1399,1402,1403,1420,1420,1420,1424,1426,1427,1419,1428,1426,1424,1422,1422,1443,1444,1477,1481,1512,1501,1502,1467,1462,1465,1460,1476,1502,1507,1497,1480,1480,1474,1477,1484,1490,1493,1481,1480,1473,1476,1491,1461,1468,1468,1466,1466,1464,1467,1478,1469,1458
1500,1483,1482,1483,1490,1480,1485,1485,1485,1483,1483,1481,1471,1461,1452,1448,1448,1436,1443,1432,1449,1448,1458,1449,1449,1448,1447,1439,1438,1425,1415,1428,1427,1422,1433,1440,1435,1433,1431,1414,1393,1389,1391,1385,1390,1413,1408,1412,1425,1429,1450,1450,1455,1453,1439,1434,1441,1442,1441,1415,1416,1411,1398,1390,1379,1385,1379,1389,1405,1402,1401,1398,1400,1399,1375,1381,1379,1369,1365,1363,1365,1360,1363,1355,1366,1365,1360,1344,1328,1348,1338,1331,1331,1332,1338,1338,1336,1342,1343,1343,1381,1385,1392,1379,1356,1353,1361,1348,1346,1341,1332,1339,1339,1337,1316,1314,1317,1317,1305,1289,1294
1500,1492,1476,1482,1478,1467,1460,1469,1464,1477,1478,1484,1484,1471,1468,1482,1464,1442,1443,1441,1436,1440,1443,1465,1478,1486,1485,1477,1482,1498,1498,1498,1497,1492,1483,1485,1465,1468,1466,1465,1470,1470,1471,1471,1462,1467,1470,1444,1421,1415,1412,1400,1391,1390,1388,1388,1418,1418,1409,1402,1403,1415,1419,1425,1427,1432,1430,1425,1432,1432,1429,1420,1420,1414,1412,1408,1398,1395,1389,1395,1422,1429,1418,1421,1423,1429,1405,1410,1420,1420,1420,1420,1400,1394,1397,1394,1394,1394,1402,1395,1399,1392,1403,1403,1402,1424,1421,1425,1427,1433,1429,1432,1432,1415,1416,1429,1425,1418,1421,1428,1439
1500,1500,1506,1506,1506,1484,1496,1479,1478,1466,1461,1452,1449,1449,1468,1478,1468,1476,1485,1482,1486,1494,1502,1514,1511,1500,1487,1487,1487,1504,1519,1497,1486,1478,1487,1486,1489,1459,1459,1461,1471,1473,1470,1470,1475,1476,1469,1457,1464,1456,1433,1430,1435,1436,1440,1437,1415,1416,1408,1421,1427,1376,1390,1380,1375,1379,1392,1398,1408,1408,1407,1402,1415,1414,1397,1399,1438,1431,1426,1425,1422,1403,1385,1391,1389,1383,1391,1390,1392,1384,1385,1385,1389,1392,1384,1378,1403,1402,1401,1482,1484,1485,1485,1480,1469,1471,1468,1464,1463,1468,1462,1462,1482,1500,1492,1482,1477,1471,1474,1458,1478
1500,1499,1487,1500,1504,1480,1472,1478,1486,1486,1482,1488,1479,1483,1471,1470,1461,1460,1461,1463,1470,1481,1477,1482,1464,1459,1466,1506,1511,1504,1506,1512,1501,1505,1505,1497,1505,1505,1510,1515,1523,1547,1534,1534,1531,1520,1525,1517,1517,1526,1532,1525,1522,1522,1540,1534,1517,1512,1516,1514,1517,1508,1511,1501,1514,1511,1511,1507,1513,1495,1489,1513,1509,1506,1481,1484,1477,1474,1471,1459,1457,1457,1458,1458,1468,1449,1449,1449,1410,1377,1377,1362,1360,1370,1365,1357,1366,1377,1367,1371,1375,1363,1339,1339,1346,1336,1336,1358,1337,1367,1377,1354,1374,1382,1382,1406,1409,1425,1437,1432,1427
1500,1496,1479,1485,1486,1527,1518,1487,1483,1490,1487,1479,1475,1462,1469,1476,1480,1472,1477,1487,1463,1466,1478,1483,1477,1502,1502,1493,1495,1494,1516,1521,1526,1531,1530,1554,1554,1550,1540,1542,1557,1559,1571,1567,1677,1669,1652,1658,1664,1679,1673,1672,1669,1671,1671,1661,1669,1677,1672,1633,1638,1636,1639,1636,1623,1630,1645,1640,1659,1643,1652,1652,1656,1659,1668,1602,1604,1594,1588,1567,1570,1565,1552,1560,1560,1560,1556,1567,1560,1555,1556,1540,1558,1515,1518,1512,1509,1502,1502,1507,1507,1531,1534,1579,1586,1569,1570,1567,1566,1566,1565,1568,1573,1572,1561,1559,1549,1548,1558,1542,1543
1500,1502,1502,1503,1505,1497,1494,1492,1479,1479,1477,1477,1463,1461,1473,1453,1436,1426,1426,1428,1434,1440,1434,1431,1445,1454,1461,1454,1441,1429,1434,1458,1466,1459,1459,1452,1486,1486,1480,1479,1466,1481,1481,1494,1454,1449,1436,1416,1402,1391,1405,1402,1391,1386,1384,1361,1355,1359,1359,1342,1367,1368,1364,1361,1380,1381,1383,1409,1409,1413,1407,1419,1422,1422,1422,1424,1437,1438,1436,1429,1423,1417,1424,1420,1409,1416,1416,1421,1410,1409,1376,1362,1362,1361,1378,1377,1381,1387,1386,1386,1386,1389,1387,1391,1364,1369,1375,1383,1374,1394,1387,1382,1381,1378,1406,1401,1398,1399,1385,1387,1387
1500,1515,1513,1516,1510,1510,1522,1518,1518,1523,1522,1538,1540,1540,1548,1548,1548,1532,1526,1531,1513,1506,1509,1493,1493,1496,1489,1474,1454,1453,1451,1443,1431,1432,1441,1435,1433,1435,1439,1429,1429,1420,1428,1415,1414,1410,1413,1422,1436,1436,1432,1434,1434,1440,1439,1443,1453,1457,1457,1449,1437,1438,1441,1428,1412,1416,1414,1411,1414,1410,1405,1405,1408,1406,1396,1391,1389,1384,1378,1368,1373,1370,1353,1338,1337,1346,1347,1346,1354,1346,1352,1353,1344,1346,1343,1356,1393,1393,1389,1382,1382,1385,1380,1372,1376,1368,1354,1351,1351,1364,1374,1372,1371,1364,1364,1346,1346,1341,1325,1318,1303
1500,1500,1503,1516,1515,1499,1518,1517,1523,1529,1527,1527,1537,1548,1544,1544,1544,1553,1546,1548,1557,1557,1567,1566,1565,1549,1550,1565,1554,1549,1547,1559,1530,1517,1512,1473,1474,1432,1425,1421,1456,1452,1433,1434,1428,1413,1417,1434,1441,1449,1443,1441,1441,1465,1470,1462,1449,1444,1437,1436,1455,1448,1448,1440,1444,1450,1449,1450,1451,1450,1456,1471,1471,1485,1478,1480,1483,1480,1490,1489,1486,1486,1477,1498,1508,1503,1501,1504,1497,1481,1477,1455,1463,1453,1448,1444,1446,1449,1449,1451,1449,1449,1475,1485,1488,1473,1473,1478,1471,1466,1449,1459,1452,1452,1511,1517,1569,1609,1609,1620,1643
1500,1494,1491,1494,1498,1504,1493,1493,1498,1488,1472,1499,1511,1512,1512,1500,1497,1499,1495,1495,1494,1489,1466,1466,1483,1481,1488,1487,1479,1461,1454,1442,1450,1449,1450,1449,1449,1451,1447,1446,1446,1453,1454,1439,1432,1440,1439,1439,1425,1429,1419,1420,1409,1411,1415,1409,1386,1407,1405,1406,1408,1405,1415,1414,1420,1417,1418,1410,1387,1384,1383,1385,1370,1372,1376,1365,1359,1351,1350,1369,1372,1373,1380,1362,1366,1368,1356,1363,1366,1386,1408,1414,1413,1416,1410,1436,1429,1435,1443,1443,1448,1440,1432,1424,1399,1392,1377,1365,1373,1370,1368,1368,1358,1358,1361,1391,1391,1396,1393,1376,1381
1500,1503,1503,1496,1495,1503,1508,1503,1503,1512,1507,1501,1512,1511,1511,1511,1513,1520,1521,1511,1491,1461,1467,1486,1508,1508,1557,1556,1559,1559,1554,1554,1536,1528,1528,1530,1524,1522,1545,1549,1549,1558,1565,1560,1577,1591,1550,1547,1547,1544,1545,1543,1534,1524,1510,1514,1510,1506,1506,1508,1505,1493,1497,1497,1492,1501,1478,1470,1475,1483,1482,1486,1493,1490,1485,1469,1464,1461,1460,1468,1463,1445,1429,1436,1431,1435,1421,1419,1426,1426,1421,1413,1393,1392,1378,1381,1371,1382,1364,1352,1382,1386,1368,1378,1378,1378,1401,1379,1386,1394,1388,1384,1395,1390,1389,1389,1389,1391,1394,1393,1377
1500,1502,1500,1519,1536,1532,1543,1541,1646,1648,1642,1672,1653,1630,1608,1600,1607,1610,1590,1585,1584,1586,1568,1566,1559,1556,1589,1584,1582,1585,1584,1602,1591,1587,1573,1574,1575,1583,1575,1583,1611,1610,1604,1589,1577,1572,1587,1618,1612,1622,1642,1645,1645,1646,1637,1638,1635,1622,1652,1651,1649,1653,1650,1631,1632,1637,1650,1643,1640,1625,1621,1609,1602,1614,1615,1613,1619,1612,1612,1615,1619,1617,1626,1609,1604,1602,1607,1607,1593,1588,1595,1596,1591,1585,1576,1591,1615,1611,1595,1585,1591,1598,1606,1606,1605,1592,1595,1604,1626,1590,1564,1557,1580,1578,1580,1594,1594,1618,1588,1599,1586
1500,1503,1494,1499,1500,1494,1488,1479,1475,1478,1477,1449,1450,1445,1444,1445,1478,1460,1440,1429,1416,1416,1421,1436,1443,1441,1453,1455,1467,1453,1453,1451,1441,1450,1433,1430,1439,1438,1445,1422,1422,1415,1431,1431,1423,1416,1409,1398,1396,1419,1417,1422,1422,1415,1410,1404,1433,1432,1456,1463,1467,1465,1470,1478,1463,1460,1492,1492,1485,1504,1510,1514,1514,1537,1532,1527,1523,1515,1507,1476,1513,1510,1493,1485,1482,1475,1455,1470,1470,1468,1483,1518,1502,1496,1465,1475,1476,1463,1484,1485,1485,1490,1480,1481,1486,1474,1479,1473,1469,1491,1490,1468,1478,1479,1477,1478,1472,1460,1462,1455,1457
1500,1489,1489,1497,1491,1493,1493,1487,1471,1463,1450,1450,1452,1454,1447,1450,1445,1451,1462,1461,1443,1444,1445,1431,1426,1423,1412,1417,1421,1435,1435,1444,1433,1430,1425,1416,1435,1435,1451,1447,1443,1425,1417,1417,1409,1409,1421,1420,1422,1405,1399,1410,1408,1406,1420,1421,1422,1426,1422,1430,1428,1418,1416,1422,1444,1441,1425,1429,1421,1423,1420,1419,1418,1438,1428,1430,1421,1434,1434,1433,1475,1470,1470,1460,1512,1524,1551,1563,1702,1718,1718,1736,1735,1724,1721,1725,1725,1725,1749,1757,1752,1749,1757,1748,1746,1739,1746,1742,1774,1777,1777,1768,1780,1779,1769,1778,1801,1798,1782,1778,1777
1500,1499,1498,1493,1500,1507,1521,1502,1504,1523,1517,1510,1553,1578,1570,1583,1599,1598,1610,1618,1616,1612,1604,1601,1599,1600,1602,1596,1581,1580,1567,1571,1596,1600,1620,1609,1609,1606,1597,1573,1559,1558,1553,1562,1557,1558,1574,1573,1529,1526,1523,1509,1500,1520,1553,1545,1566,1570,1595,1594,1598,1606,1603,1614,1597,1615,1619,1619,1598,1598,1600,1633,1734,1762,1761,1761,1766,1766,1764,1764,1752,1751,1734,1738,1729,1741,1751,1766,1766,1774,1777,1773,1768,1769,1764,1760,1782,1781,1800,1785,1779,1767,1740,1730,1730,1773,1790,1760,1751,1745,1740,1740,1740,1732,1745,1731,1731,1745,1747,1741,1739
1500,1515,1517,1531,1531,1525,1528,1529,1541,1538,1553,1551,1554,1558,1544,1560,1594,1607,1616,1607,1620,1609,1589,1589,1588,1588,1592,1596,1589,1588,1592,1589,1587,1594,1592,1603,1604,1618,1629,1633,1628,1613,1641,1641,1644,1647,1652,1635,1643,1633,1635,1633,1632,1632,1626,1637,1619,1614,1618,1628,1649,1647,1645,1638,1634,1641,1641,1608,1618,1605,1617,1589,1598,1577,1580,1569,1594,1608,1608,1605,1607,1588,1590,1598,1598,1598,1586,1591,1597,1589,1610,1616,1618,1622,1630,1627,1622,1632,1642,1632,1635,1636,1630,1639,1599,1599,1599,1606,1597,1587,1594,1592,1586,1584,1583,1590,1639,1621,1622,1636,1631
1500,1494,1488,1480,1473,1480,1474,1467,1467,1466,1467,1467,1466,1489,1481,1487,1500,1486,1483,1473,1473,1494,1495,1519,1510,1508,1496,1493,1474,1489,1489,1484,1491,1491,1445,1445,1441,1441,1479,1480,1480,1473,1465,1461,1449,1511,1496,1498,1497,1493,1507,1499,1514,1512,1506,1506,1515,1508,1511,1489,1494,1530,1539,1544,1538,1547,1546,1527,1526,1527,1533,1532,1544,1525,1520,1523,1505,1503,1485,1471,1468,1466,1467,1462,1470,1457,1446,1445,1441,1434,1432,1432,1421,1417,1392,1410,1411,1410,1405,1400,1400,1393,1399,1402,1404,1382,1381,1403,1403,1402,1425,1431,1419,1424,1422,1411,1386,1393,1394,1388,1385
1500,1520,1513,1493,1497,1506,1500,1489,1490,1496,1539,1538,1541,1543,1538,1525,1534,1554,1560,1559,1539,1539,1510,1509,1521,1521,1528,1531,1525,1524,1524,1527,1524,1529,1502,1497,1521,1546,1546,1558,1553,1571,1558,1579,1583,1603,1593,1588,1586,1585,1589,1576,1566,1541,1533,1524,1532,1540,1542,1563,1555,1551,1581,1583,1576,1572,1570,1552,1554,1560,1570,1578,1576,1570,1585,1596,1596,1599,1598,1596,1595,1589,1578,1584,1590,1600,1612,1593,1596,1582,1582,1581,1602,1606,1614,1610,1615,1619,1577,1570,1571,1575,1605,1603,1600,1597,1561,1556,1550,1556,1555,1549,1549,1549,1545,1547,1563,1561,1566,1566,1557
1500,1494,1513,1508,1487,1497,1485,1467,1456,1443,1422,1413,1440,1463,1459,1441,1436,1433,1433,1418,1394,1403,1406,1422,1410,1408,1408,1410,1412,1410,1409,1408,1411,1407,1388,1387,1401,1399,1389,1392,1394,1420,1423,1438,1437,1442,1451,1450,1443,1443,1466,1466,1459,1453,1454,1464,1470,1462,1456,1455,1441,1434,1429,1455,1489,1479,1479,1520,1515,1495,1471,1467,1477,1472,1483,1477,1482,1496,1503,1503,1490,1488,1499,1499,1493,1487,1487,1484,1457,1414,1414,1429,1429,1424,1420,1368,1370,1365,1362,1362,1356,1345,1347,1320,1314,1316,1316,1308,1291,1292,1316,1334,1308,1307,1307,1310,1301,1300,1288,1288,1288
1500,1498,1499,1510,1512,1513,1528,1502,1502,1498,1482,1479,1511,1528,1553,1541,1534,1535,1532,1544,1541,1555,1553,1553,1554,1551,1553,1560,1547,1548,1538,1536,1547,1540,1546,1546,1549,1549,1546,1554,1542,1544,1558,1556,1554,1553,1541,1545,1565,1570,1573,1555,1561,1548,1531,1529,1525,1520,1509,1515,1515,1525,1525,1536,1532,1541,1542,1538,1532,1536,1538,1540,1595,1594,1592,1562,1560,1553,1550,1544,1527,1523,1529,1533,1537,1537,1539,1547,1560,1566,1570,1532,1544,1531,1529,1516,1522,1508,1467,1468,1464,1461,1459,1458,1458,1455,1457,1457,1454,1461,1459,1458,1450,1434,1437,1440,1443,1443,1443,1429,1421
1500,1506,1506,1521,1509,1510,1508,1500,1500,1506,1505,1496,1539,1530,1530,1529,1538,1518,1508,1499,1497,1513,1513,1506,1517,1526,1533,1534,1524,1531,1522,1522,1523,1538,1527,1540,1537,1541,1536,1534,1534,1546,1555,1558,1565,1573,1595,1595,1596,1599,1633,1638,1631,1631,1625,1619,1622,1625,1629,1633,1631,1629,1627,1638,1635,1653,1669,1665,1670,1672,1664,1690,1714,1705,1705,1711,1688,1683,1692,1705,1696,1702,1702,1725,1731,1733,1734,1731,1724,1713,1732,1751,1760,1770,1778,1781,1795,1795,1773,1774,1757,1765,1745,1746,1748,1751,1753,1755,1758,1754,1741,1691,1704,1699,1693,1707,1679,1679,1678,1678,1681
1500,1501,1501,1498,1486,1484,1490,1484,1476,1478,1478,1483,1485,1483,1488,1486,1483,1483,1419,1404,1415,1382,1386,1385,1393,1380,1382,1388,1380,1386,1382,1377,1363,1361,1366,1364,1361,1352,1371,1393,1396,1393,1384,1382,1385,1381,1370,1369,1380,1382,1389,1386,1396,1396,1391,1347,1346,1340,1345,1348,1349,1353,1337,1335,1335,1327,1326,1324,1341,1320,1314,1323,1343,1347,1341,1339,1344,1344,1345,1344,1344,1339,1339,1332,1316,1309,1306,1301,1303,1297,1294,1284,1271,1282,1280,1278,1286,1278,1301,1311,1309,1308,1295,1343,1356,1382,1392,1374,1373,1373,1372,1409,1428,1421,1421,1415,1421,1417,1409,1429,1430
1500,1448,1448,1448,1441,1454,1456,1453,1443,1446,1440,1443,1417,1416,1401,1423,1426,1438,1426,1427,1442,1439,1433,1427,1411,1405,1405,1421,1409,1412,1415,1432,1429,1429,1463,1452,1451,1447,1447,1468,1466,1466,1452,1472,1470,1467,1457,1459,1468,1477,1482,1482,1487,1485,1487,1500,1499,1498,1499,1498,1497,1499,1503,1502,1494,1494,1492,1476,1476,1483,1463,1455,1455,1476,1474,1484,1480,1480,1484,1468,1461,1451,1451,1444,1442,1451,1442,1427,1425,1424,1451,1444,1443,1439,1438,1438,1444,1394,1370,1363,1364,1371,1349,1349,1391,1405,1404,1403,1404,1409,1416,1429,1437,1441,1417,1419,1402,1403,1408,1412,1402
1500,1502,1512,1512,1533,1524,1538,1540,1505,1522,1521,1494,1495,1493,1523,1525,1501,1506,1513,1519,1519,1525,1522,1513,1523,1528,1544,1551,1536,1541,1534,1542,1538,1534,1533,1562,1606,1612,1553,1557,1581,1568,1575,1581,1576,1598,1598,1588,1587,1588,1586,1534,1528,1532,1597,1595,1591,1581,1573,1551,1549,1547,1552,1559,1559,1550,1534,1534,1579,1584,1585,1585,1582,1560,1556,1557,1564,1561,1538,1560,1563,1568,1575,1581,1583,1577,1569,1566,1563,1537,1532,1538,1559,1557,1563,1554,1540,1531,1527,1542,1501,1493,1490,1489,1467,1472,1490,1526,1532,1533,1532,1533,1538,1529,1528,1528,1524,1547,1550,1546,1554
1500,1500,1521,1521,1529,1524,1518,1521,1518,1520,1520,1549,1549,1547,1548,1513,1505,1512,1502,1505,1499,1515,1515,1521,1523,1525,1493,1494,1509,1514,1512,1491,1515,1535,1527,1530,1551,1558,1592,1595,1596,1604,1610,1602,1606,1606,1613,1559,1564,1571,1574,1587,1591,1590,1575,1576,1585,1588,1559,1545,1560,1553,1553,1539,1546,1570,1583,1583,1590,1587,1591,1592,1596,1601,1598,1601,1592,1603,1603,1600,1614,1618,1625,1622,1627,1616,1599,1584,1635,1632,1640,1635,1631,1644,1679,1678,1672,1679,1690,1676,1671,1668,1689,1687,1697,1697,1690,1688,1700,1693,1695,1672,1667,1670,1670,1664,1664,1670,1674,1667,1674
1500,1501,1488,1487,1495,1484,1500,1496,1496,1499,1515,1488,1495,1499,1468,1453,1464,1467,1463,1469,1478,1488,1488,1485,1485,1484,1486,1486,1470,1470,1457,1463,1451,1439,1430,1433,1435,1440,1441,1422,1425,1431,1444,1443,1406,1393,1356,1349,1345,1340,1342,1352,1370,1361,1354,1367,1358,1351,1356,1347,1342,1342,1350,1343,1324,1310,1307,1304,1310,1307,1307,1301,1301,1301,1299,1292,1289,1293,1291,1288,1285,1281,1280,1282,1284,1284,1283,1283,1282,1283,1289,1283,1286,1274,1281,1275,1272,1275,1273,1275,1280,1279,1299,1305,1305,1293,1288,1287,1274,1276,1282,1298,1296,1337,1323,1352,1364,1353,1345,1334,1325
1500,1500,1495,1497,1492,1490,1492,1498,1488,1482,1487,1489,1509,1505,1505,1518,1526,1522,1521,1522,1527,1515,1532,1522,1522,1524,1517,1506,1514,1529,1484,1486,1493,1495,1479,1476,1484,1497,1498,1458,1501,1498,1492,1494,1492,1481,1488,1471,1461,1450,1452,1460,1451,1451,1450,1449,1449,1461,1451,1469,1471,1472,1480,1479,1489,1486,1488,1487,1496,1496,1487,1487,1498,1475,1476,1465,1469,1468,1478,1487,1531,1541,1541,1581,1581,1583,1578,1579,1581,1590,1586,1636,1630,1638,1612,1611,1599,1609,1594,1623,1620,1621,1626,1619,1611,1625,1639,1637,1639,1643,1646,1643,1646,1647,1635,1638,1641,1656,1656,1637,1645
1500,1495,1495,1489,1492,1492,1476,1474,1498,1498,1497,1499,1501,1512,1506,1498,1480,1465,1467,1459,1456,1464,1471,1484,1487,1486,1472,1478,1481,1482,1499,1489,1501,1502,1506,1495,1476,1482,1492,1492,1494,1506,1506,1511,1504,1534,1529,1541,1552,1538,1544,1539,1539,1542,1531,1498,1492,1492,1480,1466,1476,1480,1478,1438,1407,1394,1389,1389,1386,1396,1404,1407,1401,1396,1390,1366,1364,1368,1376,1378,1378,1385,1396,1398,1399,1395,1385,1375,1372,1372,1372,1370,1377,1377,1378,1377,1369,1362,1346,1346,1348,1354,1338,1335,1339,1343,1340,1328,1344,1343,1343,1344,1358,1393,1391,1378,1377,1354,1354,1349,1367
1500,1500,1500,1489,1493,1488,1488,1501,1496,1492,1492,1492,1497,1497,1498,1503,1516,1525,1504,1514,1514,1523,1521,1505,1517,1511,1502,1503,1489,1491,1491,1506,1506,1502,1501,1498,1494,1485,1481,1472,1467,1459,1467,1466,1482,1483,1491,1477,1482,1483,1474,1480,1471,1477,1482,1496,1492,1479,1469,1476,1468,1483,1484,1479,1499,1491,1501,1499,1502,1508,1493,1493,1497,1497,1492,1492,1500,1504,1502,1507,1522,1506,1504,1509,1484,1486,1486,1490,1497,1497,1505,1533,1532,1542,1540,1533,1516,1622,1621,1623,1631,1620,1631,1638,1640,1644,1635,1623,1607,1610,1607,1621,1620,1621,1598,1593,1569,1569,1573,1567,1594
1500,1495,1498,1458,1459,1472,1484,1478,1476,1477,1478,1487,1485,1487,1498,1495,1487,1486,1486,1492,1478,1483,1482,1484,1443,1480,1476,1482,1470,1466,1461,1458,1451,1437,1428,1438,1445,1443,1444,1444,1437,1442,1439,1438,1437,1450,1461,1466,1406,1400,1405,1403,1400,1399,1425,1406,1401,1420,1423,1424,1426,1432,1443,1469,1473,1469,1480,1477,1477,1477,1450,1448,1424,1413,1413,1407,1387,1383,1387,1386,1331,1334,1342,1343,1335,1357,1359,1378,1373,1370,1354,1353,1351,1349,1353,1356,1355,1360,1358,1372,1372,1358,1352,1354,1351,1357,1367,1366,1369,1369,1387,1357,1355,1353,1375,1383,1383,1374,1374,1377,1367
1500,1510,1510,1503,1496,1472,1477,1479,1483,1478,1476,1474,1473,1468,1464,1450,1455,1485,1469,1480,1481,1477,1470,1459,1459,1464,1470,1475,1500,1487,1483,1483,1495,1495,1518,1483,1464,1464,1454,1457,1443,1431,1436,1490,1500,1513,1497,1488,1487,1483,1463,1463,1447,1436,1425,1404,1413,1413,1412,1418,1422,1404,1409,1447,1446,1437,1402,1407,1386,1409,1438,1437,1455,1459,1468,1468,1465,1465,1463,1471,1481,1495,1526,1526,1527,1515,1515,1519,1508,1504,1505,1511,1519,1481,1485,1470,1470,1462,1444,1442,1427,1450,1449,1467,1459,1449,1450,1456,1453,1462,1486,1493,1488,1495,1478,1504,1516,1508,1483,1485,1494
1500,1499,1505,1510,1520,1526,1530,1529,1531,1576,1564,1562,1565,1567,1561,1580,1576,1560,1560,1562,1563,1571,1590,1583,1589,1585,1570,1564,1566,1547,1523,1536,1539,1539,1538,1533,1518,1514,1494,1488,1502,1499,1508,1528,1527,1527,1520,1517,1516,1514,1521,1526,1526,1524,1530,1529,1537,1537,1538,1551,1575,1583,1583,1566,1566,1564,1686,1692,1708,1707,1706,1706,1705,1713,1732,1718,1721,1729,1747,1760,1769,1766,1763,1758,1745,1744,1774,1768,1776,1779,1777,1812,1802,1791,1787,1789,1792,1802,1787,1797,1806,1806,1811,1835,1843,1848,1845,1816,1816,1811,1784,1777,1793,1826,1821,1805,1801,1819,1816,1821,1823
1500,1495,1496,1494,1495,1488,1467,1447,1445,1445,1425,1436,1449,1450,1445,1421,1437,1444,1429,1417,1426,1452,1460,1455,1439,1440,1432,1442,1453,1461,1439,1451,1446,1451,1451,1446,1419,1422,1493,1501,1465,1466,1455,1449,1452,1448,1473,1474,1500,1498,1494,1456,1488,1502,1502,1509,1495,1492,1498,1500,1500,1537,1537,1525,1526,1532,1533,1535,1513,1496,1508,1545,1546,1546,1547,1533,1530,1539,1543,1551,1548,1534,1546,1558,1551,1543,1530,1524,1523,1519,1525,1534,1536,1534,1536,1556,1567,1564,1553,1574,1576,1572,1579,1600,1590,1597,1594,1595,1592,1587,1588,1580,1572,1585,1578,1569,1579,1571,1572,1559,1552
1500,1503,1533,1523,1519,1515,1518,1518,1507,1519,1509,1503,1503,1500,1495,1502,1515,1544,1526,1527,1542,1556,1552,1563,1531,1538,1538,1537,1536,1529,1526,1522,1523,1498,1506,1524,1522,1526,1543,1544,1541,1512,1518,1515,1521,1524,1514,1517,1514,1511,1504,1504,1509,1532,1512,1516,1516,1517,1522,1522,1525,1520,1525,1525,1530,1530,1549,1545,1545,1555,1555,1525,1513,1513,1515,1514,1523,1532,1531,1534,1536,1530,1530,1533,1529,1513,1507,1511,1501,1504,1503,1480,1487,1481,1484,1486,1486,1509,1511,1510,1519,1516,1524,1509,1500,1500,1496,1480,1466,1467,1465,1472,1464,1464,1454,1464,1465,1455,1448,1452,1457
1500,1516,1520,1521,1520,1520,1528,1537,1538,1519,1516,1500,1510,1517,1516,1514,1501,1511,1506,1488,1488,1529,1534,1544,1547,1552,1560,1567,1573,1569,1577,1573,1574,1568,1564,1561,1563,1496,1499,1499,1501,1511,1503,1501,1493,1529,1562,1563,1533,1533,1513,1496,1492,1492,1526,1522,1504,1506,1506,1498,1502,1515,1500,1524,1519,1514,1504,1506,1506,1515,1547,1551,1531,1531,1528,1526,1538,1529,1566,1561,1577,1586,1582,1592,1581,1582,1562,1553,1547,1575,1560,1554,1545,1551,1575,1578,1578,1553,1576,1581,1588,1575,1573,1602,1612,1602,1602,1593,1584,1575,1561,1564,1564,1561,1543,1544,1554,1558,1561,1561,1613
1500,1522,1520,1519,1505,1503,1512,1507,1477,1484,1489,1489,1492,1496,1501,1500,1510,1513,1513,1512,1520,1521,1531,1551,1517,1533,1533,1516,1523,1515,1513,1513,1513,1501,1504,1516,1500,1499,1507,1479,1483,1483,1486,1480,1482,1473,1528,1523,1506,1503,1498,1480,1478,1485,1486,1486,1486,1479,1479,1481,1490,1484,1489,1495,1498,1504,1510,1487,1469,1476,1476,1471,1469,1459,1456,1464,1458,1450,1460,1455,1437,1437,1424,1450,1446,1454,1469,1462,1461,1479,1479,1483,1485,1474,1468,1472,1481,1486,1491,1499,1517,1517,1518,1513,1519,1524,1503,1506,1491,1491,1486,1480,1479,1483,1485,1481,1499,1449,1457,1463,1454
1500,1446,1427,1429,1437,1435,1438,1416,1419,1422,1398,1409,1410,1407,1397,1399,1418,1409,1420,1415,1414,1499,1514,1512,1505,1502,1502,1504,1500,1467,1466,1473,1476,1475,1475,1434,1432,1424,1401,1404,1414,1431,1440,1435,1435,1445,1447,1450,1440,1456,1446,1437,1446,1443,1437,1439,1404,1429,1439,1424,1418,1419,1423,1422,1401,1404,1393,1398,1398,1398,1390,1383,1366,1372,1377,1383,1366,1363,1368,1365,1367,1369,1369,1382,1387,1384,1363,1360,1364,1350,1352,1351,1345,1345,1349,1346,1331,1332,1327,1325,1322,1323,1326,1326,1331,1340,1339,1352,1351,1362,1359,1362,1362,1360,1361,1368,1376,1380,1357,1365,1353
1500,1491,1498,1504,1512,1507,1517,1522,1518,1520,1539,1561,1562,1570,1613,1624,1622,1614,1617,1617,1615,1641,1634,1652,1661,1650,1654,1653,1648,1640,1653,1634,1628,1623,1623,1611,1616,1608,1596,1587,1578,1618,1580,1577,1579,1566,1566,1558,1572,1567,1556,1552,1552,1552,1553,1550,1566,1581,1574,1574,1570,1570,1587,1592,1608,1628,1625,1618,1627,1630,1627,1627,1618,1653,1658,1662,1677,1671,1674,1687,1674,1684,1683,1677,1674,1682,1689,1720,1697,1691,1700,1695,1692,1707,1726,1723,1724,1727,1721,1707,1735,1733,1732,1723,1721,1733,1774,1764,1793,1803,1805,1818,1804,1804,1786,1789,1788,1793,1795,1827,1827
1500,1510,1518,1511,1508,1534,1533,1533,1528,1533,1531,1537,1531,1545,1539,1542,1536,1537,1547,1549,1556,1553,1557,1565,1557,1547,1546,1541,1556,1568,1566,1563,1559,1558,1558,1563,1567,1573,1561,1572,1576,1574,1581,1597,1598,1599,1605,1606,1615,1618,1601,1609,1602,1601,1592,1596,1566,1564,1524,1494,1471,1477,1469,1467,1463,1460,1465,1473,1475,1464,1451,1446,1443,1433,1423,1398,1398,1419,1444,1490,1487,1482,1481,1461,1463,1481,1490,1471,1473,1465,1454,1454,1447,1447,1452,1443,1445,1472,1450,1452,1450,1451,1458,1470,1464,1463,1479,1484,1484,1483,1475,1461,1480,1496,1492,1491,1495,1480,1482,1472,1475
1500,1489,1494,1494,1502,1502,1494,1494,1510,1506,1506,1499,1502,1496,1502,1502,1482,1487,1467,1491,1492,1483,1486,1482,1488,1474,1474,1482,1483,1478,1472,1450,1450,1449,1454,1499,1500,1496,1492,1490,1533,1533,1502,1530,1525,1524,1527,1524,1537,1536,1515,1501,1505,1504,1507,1504,1499,1494,1494,1492,1499,1516,1500,1499,1527,1519,1510,1508,1508,1517,1512,1508,1522,1522,1540,1533,1532,1525,1527,1532,1519,1504,1450,1443,1442,1436,1430,1424,1429,1428,1420,1420,1420,1415,1418,1402,1412,1419,1420,1420,1419,1432,1409,1399,1402,1391,1401,1401,1398,1398,1350,1350,1348,1344,1342,1335,1333,1332,1332,1338,1338
1500,1474,1474,1483,1486,1479,1482,1499,1500,1486,1480,1466,1419,1446,1446,1431,1436,1434,1425,1427,1427,1430,1424,1439,1437,1415,1414,1420,1420,1414,1398,1397,1377,1373,1373,1367,1365,1353,1354,1356,1344,1357,1351,1345,1346,1353,1355,1355,1360,1374,1384,1371,1365,1365,1364,1364,1361,1364,1368,1368,1368,1353,1328,1326,1317,1309,1305,1305,1355,1357,1385,1388,1382,1378,1377,1371,1395,1397,1389,1393,1385,1403,1433,1436,1425,1433,1437,1435,1444,1436,1436,1441,1441,1439,1437,1437,1438,1431,1418,1438,1435,1436,1436,1441,1432,1433,1433,1448,1433,1430,1439,1437,1432,1429,1428,1424,1424,1425,1419,1417,1419
1500,1490,1498,1505,1498,1498,1502,1505,1505,1497,1479,1489,1487,1484,1483,1497,1488,1483,1474,1464,1464,1465,1463,1464,1452,1438,1434,1445,1454,1454,1433,1432,1466,1466,1459,1451,1441,1439,1443,1447,1463,1471,1488,1508,1550,1555,1554,1578,1577,1565,1578,1575,1579,1575,1566,1566,1555,1632,1638,1655,1654,1649,1651,1676,1684,1699,1704,1721,1715,1704,1697,1705,1700,1681,1684,1671,1669,1643,1640,1635,1628,1625,1622,1622,1623,1653,1635,1663,1663,1666,1645,1654,1649,1644,1648,1643,1608,1612,1651,1652,1654,1636,1621,1626,1621,1624,1603,1607,1619,1619,1615,1589,1597,1576,1598,1598,1600,1594,1581,1581,1584
1500,1500,1477,1479,1485,1482,1482,1492,1479,1439,1440,1399,1399,1398,1408,1408,1404,1402,1411,1400,1410,1410,1407,1410,1410,1407,1417,1406,1414,1433,1439,1438,1440,1429,1422,1432,1431,1434,1448,1446,1436,1439,1441,1427,1428,1422,1417,1435,1431,1432,1439,1449,1433,1426,1426,1427,1436,1437,1429,1424,1422,1415,1421,1413,1415,1415,1414,1387,1384,1392,1388,1370,1383,1391,1387,1379,1381,1381,1357,1356,1363,1358,1343,1348,1335,1340,1347,1359,1363,1369,1358,1350,1375,1383,1400,1397,1379,1376,1367,1365,1361,1362,1352,1364,1365,1365,1363,1363,1376,1380,1377,1384,1389,1389,1419,1404,1393,1393,1383,1379,1379
1500,1492,1492,1493,1494,1510,1528,1532,1536,1503,1473,1473,1470,1469,1462,1457,1463,1456,1456,1454,1458,1456,1431,1427,1417,1417,1393,1392,1361,1356,1354,1351,1360,1360,1352,1352,1353,1322,1344,1346,1343,1342,1337,1305,1305,1326,1327,1333,1305,1314,1420,1430,1428,1440,1440,1471,1491,1492,1485,1475,1473,1475,1459,1466,1464,1464,1457,1474,1466,1466,1460,1455,1463,1463,1455,1448,1441,1446,1451,1461,1469,1467,1465,1466,1487,1478,1456,1466,1471,1460,1467,1462,1470,1479,1512,1512,1488,1496,1496,1487,1488,1488,1482,1481,1466,1458,1444,1444,1480,1489,1475,1489,1489,1482,1473,1474,1459,1455,1455,1464,1473
1500,1526,1501,1495,1493,1493,1463,1468,1456,1466,1489,1492,1505,1502,1502,1522,1507,1507,1501,1495,1499,1494,1492,1494,1485,1487,1487,1493,1484,1467,1449,1444,1444,1447,1448,1451,1449,1452,1448,1446,1447,1437,1432,1465,1464,1465,1461,1437,1434,1423,1402,1439,1442,1442,1437,1450,1430,1430,1421,1416,1419,1419,1409,1406,1416,1419,1418,1429,1430,1418,1417,1421,1421,1416,1412,1408,1408,1428,1431,1395,1393,1394,1475,1474,1485,1489,1506,1505,1508,1506,1509,1512,1519,1538,1544,1531,1525,1518,1527,1516,1532,1530,1533,1529,1519,1521,1522,1536,1529,1506,1491,1491,1461,1473,1450,1437,1398,1389,1390,1379,1372
1500,1493,1503,1487,1489,1479,1476,1474,1484,1484,1492,1493,1478,1487,1485,1483,1483,1460,1459,1475,1485,1484,1483,1487,1495,1495,1503,1502,1479,1430,1444,1440,1440,1400,1404,1394,1388,1388,1392,1396,1391,1430,1435,1433,1407,1391,1391,1401,1401,1401,1409,1411,1409,1405,1400,1415,1371,1375,1373,1365,1364,1395,1403,1418,1418,1403,1408,1413,1413,1416,1427,1422,1410,1404,1405,1406,1422,1418,1419,1386,1401,1403,1413,1411,1410,1423,1420,1419,1416,1432,1420,1437,1431,1443,1436,1441,1433,1432,1423,1429,1421,1420,1421,1404,1404,1400,1399,1399,1411,1420,1409,1404,1407,1415,1412,1413,1513,1521,1537,1540,1536
1500,1523,1526,1502,1491,1476,1482,1514,1509,1485,1498,1498,1488,1490,1494,1487,1470,1486,1491,1483,1497,1501,1505,1506,1483,1476,1478,1488,1483,1478,1498,1493,1492,1505,1486,1491,1497,1497,1500,1506,1509,1495,1485,1468,1467,1475,1474,1464,1472,1473,1468,1468,1462,1462,1465,1459,1436,1436,1387,1386,1385,1381,1381,1364,1367,1358,1360,1360,1392,1348,1342,1335,1331,1337,1339,1340,1353,1350,1302,1295,1292,1285,1288,1288,1277,1275,1278,1278,1268,1265,1265,1267,1272,1264,1262,1264,1266,1252,1256,1288,1306,1309,1324,1315,1316,1317,1307,1311,1319,1316,1310,1310,1312,1307,1280,1289,1289,1343,1343,1343,1380
1500,1516,1516,1521,1544,1553,1568,1570,1570,1539,1534,1536,1522,1527,1527,1519,1513,1523,1528,1533,1561,1555,1548,1537,1534,1572,1563,1558,1562,1611,1603,1618,1617,1608,1603,1625,1616,1606,1587,1596,1591,1588,1608,1605,1600,1601,1586,1583,1585,1579,1578,1564,1563,1564,1575,1593,1583,1592,1592,1605,1605,1601,1606,1581,1588,1581,1574,1573,1580,1583,1580,1589,1594,1589,1606,1584,1600,1601,1608,1610,1614,1609,1604,1622,1617,1616,1586,1584,1579,1566,1557,1555,1587,1592,1591,1608,1608,1617,1635,1669,1699,1708,1703,1727,1723,1706,1739,1757,1759,1726,1710,1709,1702,1702,1747,1724,1724,1719,1713,1711,1706
1500,1505,1510,1515,1518,1528,1528,1542,1548,1568,1564,1588,1590,1583,1578,1573,1540,1538,1538,1548,1545,1549,1542,1538,1545,1541,1541,1541,1541,1545,1544,1527,1507,1507,1504,1516,1519,1533,1531,1536,1535,1548,1549,1556,1552,1551,1553,1559,1557,1568,1562,1549,1549,1560,1550,1553,1542,1541,1535,1527,1516,1518,1517,1517,1519,1514,1525,1564,1561,1535,1527,1537,1538,1541,1519,1509,1496,1509,1516,1528,1544,1541,1531,1519,1524,1525,1523,1526,1524,1520,1516,1499,1498,1491,1488,1487,1498,1498,1502,1484,1481,1491,1492,1488,1502,1533,1529,1509,1512,1489,1496,1515,1523,1514,1515,1521,1489,1487,1492,1499,1509
1500,1486,1470,1470,1477,1479,1491,1465,1472,1467,1437,1442,1454,1448,1465,1472,1471,1471,1477,1459,1451,1457,1457,1451,1399,1419,1413,1401,1402,1414,1414,1412,1406,1412,1403,1408,1412,1392,1389,1381,1383,1363,1379,1379,1358,1358,1360,1355,1357,1376,1395,1396,1398,1394,1417,1426,1430,1437,1430,1433,1434,1432,1440,1417,1419,1437,1437,1431,1432,1443,1446,1445,1438,1434,1417,1410,1410,1430,1433,1430,1437,1437,1437,1440,1446,1437,1436,1420,1420,1443,1428,1428,1429,1432,1412,1396,1398,1388,1394,1400,1384,1395,1400,1400,1399,1397,1393,1382,1381,1384,1374,1363,1352,1366,1363,1358,1359,1365,1364,1364,1364
1500,1505,1510,1540,1543,1550,1550,1545,1545,1538,1533,1577,1546,1553,1546,1545,1548,1545,1536,1573,1573,1565,1551,1543,1548,1563,1560,1556,1573,1575,1574,1557,1559,1549,1528,1503,1506,1526,1507,1520,1519,1482,1498,1494,1512,1514,1486,1497,1496,1494,1485,1510,1523,1521,1521,1517,1538,1536,1538,1546,1550,1559,1563,1564,1570,1559,1545,1569,1598,1595,1597,1607,1610,1618,1621,1608,1606,1616,1623,1623,1663,1655,1657,1661,1659,1662,1657,1655,1617,1648,1644,1654,1651,1647,1640,1645,1644,1642,1640,1640,1634,1626,1608,1594,1596,1613,1664,1663,1651,1632,1633,1632,1634,1636,1626,1613,1634,1635,1629,1659,1678
1500,1480,1466,1473,1435,1436,1435,1427,1420,1400,1392,1362,1367,1374,1370,1368,1356,1363,1363,1358,1342,1340,1333,1334,1339,1340,1318,1315,1311,1313,1309,1313,1314,1326,1325,1298,1323,1312,1317,1315,1327,1347,1346,1360,1357,1367,1366,1366,1365,1370,1356,1346,1338,1330,1333,1321,1320,1312,1312,1312,1310,1305,1303,1309,1335,1333,1331,1323,1302,1300,1295,1338,1337,1336,1340,1342,1341,1391,1403,1402,1363,1363,1368,1362,1362,1357,1346,1346,1346,1359,1358,1358,1332,1303,1311,1307,1324,1337,1336,1335,1334,1337,1342,1347,1352,1365,1357,1368,1359,1374,1375,1373,1366,1363,1362,1364,1367,1373,1356,1362,1353
1500,1510,1536,1578,1582,1579,1573,1570,1570,1555,1561,1537,1522,1521,1511,1526,1521,1534,1534,1528,1539,1534,1520,1518,1517,1520,1514,1481,1491,1492,1499,1505,1511,1516,1511,1508,1512,1508,1508,1501,1501,1509,1498,1503,1483,1476,1476,1481,1478,1473,1477,1466,1442,1440,1440,1436,1455,1455,1434,1433,1443,1438,1446,1450,1450,1445,1445,1446,1444,1443,1440,1441,1438,1433,1428,1428,1431,1440,1440,1447,1464,1448,1441,1432,1440,1440,1439,1446,1460,1442,1443,1455,1454,1461,1464,1466,1453,1453,1451,1462,1462,1457,1424,1419,1421,1425,1399,1411,1426,1424,1416,1416,1436,1409,1408,1408,1402,1384,1384,1378,1377
1500,1495,1534,1527,1525,1551,1590,1588,1596,1593,1590,1595,1586,1572,1571,1564,1572,1570,1564,1559,1561,1534,1570,1572,1562,1566,1530,1530,1528,1522,1534,1546,1540,1545,1541,1536,1525,1523,1513,1527,1536,1545,1548,1540,1541,1547,1534,1540,1520,1527,1524,1523,1521,1517,1533,1533,1533,1534,1541,1546,1547,1543,1540,1566,1682,1670,1677,1704,1694,1687,1686,1651,1636,1636,1630,1630,1638,1630,1620,1608,1604,1598,1582,1583,1598,1599,1560,1564,1564,1560,1564,1559,1553,1556,1555,1588,1572,1587,1587,1586,1588,1595,1596,1573,1579,1619,1626,1624,1623,1628,1641,1682,1650,1648,1651,1647,1647,1653,1647,1645,1685
1500,1503,1496,1499,1483,1483,1484,1479,1434,1434,1434,1436,1446,1434,1406,1406,1447,1452,1451,1452,1447,1459,1459,1456,1447,1432,1428,1433,1401,1401,1406,1405,1397,1375,1345,1349,1345,1340,1340,1340,1334,1336,1336,1330,1328,1327,1326,1331,1322,1322,1317,1316,1315,1316,1324,1319,1318,1323,1326,1324,1373,1374,1375,1377,1389,1373,1386,1383,1383,1385,1402,1396,1392,1397,1395,1407,1397,1400,1400,1395,1397,1397,1362,1366,1371,1380,1390,1390,1395,1388,1393,1412,1415,1413,1405,1405,1420,1423,1427,1444,1452,1461,1455,1451,1451,1452,1450,1442,1442,1452,1457,1450,1438,1423,1437,1433,1411,1425,1414,1420,1389
1500,1501,1497,1459,1458,1473,1481,1482,1488,1492,1490,1486,1486,1491,1486,1489,1489,1487,1481,1477,1479,1484,1486,1480,1500,1526,1520,1529,1527,1507,1503,1511,1501,1500,1498,1504,1494,1474,1491,1493,1490,1464,1468,1475,1470,1472,1470,1463,1458,1484,1484,1490,1493,1485,1486,1499,1496,1480,1473,1473,1468,1474,1470,1478,1474,1484,1484,1509,1503,1524,1536,1539,1568,1562,1557,1553,1557,1541,1538,1526,1524,1569,1559,1561,1597,1599,1590,1550,1559,1559,1563,1557,1566,1590,1594,1586,1580,1588,1593,1591,1591,1618,1625,1637,1618,1612,1612,1618,1626,1632,1643,1649,1640,1625,1628,1615,1653,1651,1655,1655,1647
1500,1497,1493,1475,1475,1478,1484,1484,1435,1430,1440,1439,1419,1419,1422,1424,1424,1424,1414,1434,1438,1429,1422,1431,1419,1404,1408,1406,1403,1410,1426,1439,1459,1459,1460,1455,1442,1442,1442,1449,1446,1438,1433,1425,1411,1428,1429,1430,1429,1425,1425,1414,1421,1429,1435,1422,1438,1445,1445,1448,1461,1472,1483,1501,1501,1495,1494,1495,1486,1484,1489,1504,1500,1495,1501,1501,1501,1514,1521,1523,1518,1535,1491,1488,1509,1509,1509,1502,1501,1499,1490,1489,1485,1461,1458,1458,1454,1471,1472,1476,1474,1464,1467,1466,1466,1464,1455,1444,1444,1436,1428,1419,1418,1414,1437,1439,1445,1460,1457,1450,1472
1500,1498,1482,1469,1439,1443,1443,1451,1456,1446,1446,1455,1443,1443,1441,1442,1465,1466,1480,1478,1452,1456,1451,1451,1451,1447,1443,1459,1444,1444,1418,1431,1428,1429,1432,1446,1424,1421,1408,1402,1408,1404,1410,1429,1429,1428,1428,1428,1416,1425,1429,1440,1440,1436,1432,1431,1434,1437,1439,1449,1451,1442,1474,1474,1441,1451,1436,1426,1410,1397,1402,1400,1401,1396,1395,1390,1425,1422,1423,1437,1437,1434,1435,1429,1418,1424,1424,1417,1416,1430,1423,1423,1437,1430,1434,1436,1430,1427,1418,1418,1428,1415,1415,1390,1327,1327,1306,1308,1297,1313,1313,1313,1313,1310,1304,1294,1294,1317,1316,1312,1311
1500,1474,1469,1470,1459,1476,1483,1473,1471,1467,1467,1467,1466,1442,1429,1435,1433,1427,1389,1381,1402,1394,1388,1390,1386,1380,1395,1420,1413,1411,1411,1422,1430,1430,1433,1438,1445,1444,1444,1444,1458,1470,1455,1450,1470,1482,1488,1489,1484,1489,1489,1493,1479,1479,1479,1464,1464,1460,1456,1456,1439,1425,1425,1432,1437,1448,1448,1461,1459,1448,1446,1456,1460,1457,1460,1455,1439,1451,1469,1469,1464,1494,1489,1496,1499,1491,1490,1485,1481,1461,1469,1475,1468,1474,1479,1476,1473,1482,1471,1464,1469,1454,1443,1452,1452,1431,1430,1436,1448,1453,1463,1467,1467,1474,1462,1459,1586,1589,1589,1590,1590
1500,1498,1479,1484,1492,1495,1495,1490,1458,1464,1464,1466,1483,1482,1479,1490,1490,1506,1503,1492,1541,1542,1534,1524,1522,1524,1526,1533,1525,1522,1522,1517,1492,1496,1497,1505,1505,1505,1493,1511,1494,1511,1507,1500,1496,1500,1501,1494,1511,1503,1505,1506,1503,1518,1527,1533,1537,1542,1538,1542,1538,1540,1540,1549,1506,1551,1541,1551,1547,1546,1552,1559,1585,1589,1593,1599,1596,1594,1598,1600,1576,1589,1589,1600,1598,1580,1580,1580,1581,1580,1625,1617,1610,1612,1616,1618,1596,1598,1602,1610,1618,1607,1568,1563,1572,1558,1571,1582,1595,1595,1590,1570,1573,1573,1552,1561,1540,1582,1582,1583,1583
1500,1511,1504,1547,1540,1540,1545,1545,1567,1581,1576,1570,1575,1575,1582,1580,1567,1556,1556,1560,1563,1576,1568,1568,1568,1559,1568,1568,1568,1570,1558,1529,1531,1512,1513,1513,1510,1510,1514,1513,1514,1496,1494,1492,1500,1489,1487,1487,1487,1484,1474,1482,1487,1491,1503,1495,1501,1496,1499,1488,1489,1489,1507,1488,1475,1469,1466,1587,1577,1569,1569,1572,1578,1566,1566,1560,1548,1555,1555,1536,1517,1501,1506,1498,1499,1499,1511,1491,1483,1521,1520,1515,1518,1522,1525,1542,1554,1559,1565,1579,1581,1576,1589,1588,1587,1586,1573,1551,1544,1535,1534,1545,1535,1523,1521,1519,1523,1508,1497,1493,1482
1500,1503,1503,1492,1493,1495,1518,1491,1491,1493,1493,1490,1491,1491,1512,1522,1528,1535,1535,1536,1536,1529,1537,1530,1531,1531,1500,1527,1531,1534,1551,1545,1548,1545,1538,1535,1559,1560,1557,1558,1523,1526,1527,1521,1518,1518,1516,1516,1516,1509,1502,1508,1504,1494,1494,1504,1509,1511,1522,1516,1524,1535,1541,1541,1566,1573,1569,1581,1573,1526,1516,1516,1516,1510,1512,1512,1508,1497,1496,1484,1484,1456,1436,1422,1386,1385,1381,1379,1392,1446,1446,1450,1450,1461,1450,1450,1450,1458,1449,1455,1455,1463,1453,1452,1448,1445,1440,1444,1433,1443,1450,1445,1408,1420,1417,1415,1416,1414,1403,1397,1426
1500,1499,1506,1502,1489,1486,1493,1485,1505,1508,1503,1499,1489,1486,1484,1480,1488,1471,1455,1461,1473,1466,1467,1467,1467,1464,1448,1453,1426,1455,1456,1456,1467,1474,1473,1485,1494,1494,1500,1512,1515,1505,1512,1527,1524,1542,1536,1543,1545,1529,1529,1539,1545,1511,1510,1474,1465,1459,1450,1445,1442,1438,1449,1458,1466,1445,1448,1453,1446,1447,1435,1435,1433,1407,1404,1403,1392,1388,1419,1426,1416,1432,1451,1459,1430,1430,1426,1426,1422,1430,1441,1454,1449,1441,1437,1471,1463,1452,1451,1443,1418,1416,1406,1409,1413,1413,1415,1421,1414,1444,1455,1489,1459,1452,1479,1479,1472,1474,1478,1473,1466
1500,1520,1531,1532,1540,1538,1538,1530,1537,1535,1544,1574,1569,1518,1520,1520,1529,1554,1532,1539,1547,1544,1514,1518,1519,1527,1547,1553,1547,1537,1531,1524,1537,1508,1494,1490,1466,1466,1471,1486,1483,1505,1510,1513,1520,1523,1523,1551,1553,1560,1551,1539,1516,1516,1515,1521,1520,1524,1524,1524,1527,1549,1541,1540,1536,1541,1539,1536,1526,1514,1470,1474,1479,1480,1476,1486,1519,1524,1524,1526,1532,1540,1558,1557,1565,1551,1545,1557,1569,1569,1564,1559,1549,1549,1554,1538,1545,1533,1546,1561,1570,1574,1569,1569,1530,1535,1535,1555,1553,1567,1569,1570,1571,1569,1574,1574,1574,1569,1569,1570,1608
1500,1471,1477,1477,1473,1478,1469,1457,1439,1439,1445,1452,1445,1443,1443,1443,1433,1433,1433,1427,1410,1404,1415,1415,1416,1427,1432,1425,1417,1417,1410,1400,1397,1398,1402,1373,1380,1375,1365,1365,1366,1364,1380,1370,1367,1366,1369,1370,1371,1369,1383,1384,1404,1407,1420,1399,1399,1388,1388,1375,1375,1370,1373,1371,1371,1352,1356,1356,1344,1342,1343,1347,1348,1343,1342,1329,1335,1333,1318,1318,1314,1321,1324,1332,1325,1322,1320,1321,1313,1313,1313,1309,1305,1348,1353,1341,1325,1319,1371,1396,1384,1370,1360,1360,1362,1364,1358,1353,1363,1368,1362,1361,1354,1356,1349,1354,1322,1318,1319,1326,1326
1500,1489,1462,1442,1446,1439,1442,1445,1453,1436,1429,1420,1419,1419,1419,1419,1418,1430,1431,1431,1426,1433,1446,1485,1477,1470,1466,1468,1468,1463,1424,1414,1416,1403,1347,1347,1324,1437,1438,1436,1439,1446,1446,1432,1428,1434,1434,1433,1441,1457,1461,1460,1469,1489,1471,1466,1453,1436,1441,1450,1441,1431,1423,1417,1407,1407,1412,1405,1391,1384,1395,1397,1397,1396,1407,1376,1355,1362,1372,1370,1373,1367,1359,1327,1326,1320,1313,1281,1283,1283,1276,1280,1328,1335,1315,1319,1320,1325,1331,1322,1352,1352,1330,1332,1328,1330,1343,1334,1319,1326,1325,1324,1320,1319,1326,1326,1332,1369,1388,1391,1391
1500,1501,1498,1513,1513,1511,1534,1546,1546,1555,1519,1528,1484,1491,1490,1495,1515,1518,1516,1512,1516,1516,1515,1513,1515,1511,1508,1517,1511,1516,1502,1474,1460,1442,1430,1401,1408,1383,1385,1381,1381,1397,1394,1394,1388,1378,1375,1387,1415,1412,1438,1438,1440,1440,1447,1438,1444,1450,1441,1436,1442,1442,1424,1414,1409,1412,1409,1404,1404,1424,1425,1426,1410,1407,1407,1397,1403,1401,1399,1402,1403,1401,1391,1395,1378,1378,1384,1407,1432,1429,1421,1432,1428,1428,1425,1425,1424,1423,1435,1434,1440,1446,1443,1441,1452,1453,1465,1453,1440,1440,1438,1448,1445,1432,1431,1436,1436,1428,1428,1421,1422
1500,1479,1480,1476,1488,1487,1508,1494,1498,1471,1470,1466,1459,1477,1474,1484,1487,1492,1500,1508,1489,1491,1493,1525,1534,1529,1516,1500,1489,1494,1494,1504,1498,1494,1484,1469,1484,1483,1476,1476,1466,1470,1450,1447,1445,1444,1436,1446,1430,1424,1432,1472,1477,1456,1451,1434,1418,1395,1398,1403,1406,1407,1396,1412,1414,1414,1413,1415,1413,1407,1431,1431,1449,1444,1443,1434,1431,1429,1428,1423,1418,1417,1437,1418,1426,1411,1398,1397,1387,1390,1400,1400,1395,1391,1395,1395,1388,1407,1394,1393,1403,1393,1393,1397,1397,1388,1388,1384,1379,1357,1388,1387,1374,1364,1368,1368,1364,1356,1352,1361,1354
1500,1500,1495,1497,1495,1496,1514,1507,1512,1515,1512,1513,1508,1513,1539,1545,1544,1528,1554,1554,1532,1526,1540,1535,1541,1535,1544,1563,1522,1520,1514,1512,1512,1525,1530,1533,1506,1545,1546,1534,1526,1535,1548,1547,1550,1558,1591,1584,1540,1547,1547,1539,1522,1554,1501,1501,1503,1503,1498,1511,1499,1487,1491,1510,1492,1491,1492,1488,1482,1480,1475,1482,1485,1485,1485,1489,1494,1495,1489,1493,1491,1488,1462,1505,1503,1482,1482,1481,1464,1444,1443,1431,1428,1424,1395,1394,1394,1403,1428,1422,1430,1428,1424,1429,1428,1428,1428,1419,1432,1431,1430,1408,1437,1409,1414,1410,1408,1406,1424,1416,1417
1500,1494,1492,1495,1494,1506,1507,1504,1504,1495,1507,1512,1508,1503,1499,1486,1489,1488,1487,1477,1481,1483,1471,1493,1493,1500,1527,1529,1528,1530,1547,1563,1565,1563,1565,1568,1579,1580,1577,1578,1578,1587,1587,1602,1593,1601,1596,1596,1588,1589,1601,1593,1601,1607,1603,1621,1624,1626,1628,1644,1663,1667,1644,1650,1681,1666,1666,1665,1653,1666,1658,1652,1655,1660,1653,1675,1675,1682,1736,1730,1727,1722,1726,1725,1739,1751,1759,1744,1718,1725,1722,1737,1737,1768,1752,1740,1724,1722,1717,1718,1704,1706,1695,1709,1701,1709,1692,1682,1683,1697,1695,1683,1667,1669,1658,1673,1670,1670,1667,1676,1679
1500,1499,1509,1488,1468,1470,1476,1472,1475,1494,1483,1481,1481,1484,1477,1480,1478,1477,1477,1477,1469,1472,1481,1480,1473,1477,1478,1471,1481,1491,1491,1516,1478,1480,1461,1456,1448,1468,1457,1444,1442,1459,1465,1479,1499,1498,1492,1471,1471,1473,1473,1483,1477,1478,1477,1477,1472,1479,1478,1491,1502,1499,1546,1540,1540,1532,1526,1533,1540,1533,1529,1542,1532,1530,1539,1541,1537,1521,1507,1486,1498,1497,1492,1494,1504,1495,1490,1515,1509,1506,1537,1533,1518,1520,1525,1534,1544,1551,1562,1556,1556,1553,1560,1565,1576,1568,1537,1535,1530,1579,1584,1585,1587,1586,1574,1577,1590,1588,1588,1603,1583
1500,1475,1474,1483,1520,1529,1510,1510,1514,1509,1512,1493,1497,1490,1489,1479,1503,1517,1516,1520,1521,1525,1521,1531,1538,1537,1536,1490,1498,1518,1499,1497,1499,1531,1524,1527,1532,1540,1557,1567,1575,1566,1564,1567,1580,1567,1577,1588,1589,1583,1582,1565,1570,1559,1594,1594,1587,1581,1599,1599,1597,1603,1619,1622,1610,1609,1601,1614,1608,1610,1603,1603,1597,1596,1594,1640,1651,1640,1660,1662,1663,1663,1670,1655,1668,1667,1631,1619,1635,1631,1631,1629,1630,1619,1611,1619,1623,1628,1628,1649,1647,1669,1667,1680,1689,1672,1670,1654,1650,1655,1685,1693,1697,1715,1699,1711,1694,1697,1693,1709,1703
1500,1478,1482,1480,1474,1470,1469,1463,1464,1462,1450,1435,1441,1434,1433,1434,1450,1438,1424,1384,1407,1405,1395,1401,1390,1386,1387,1385,1385,1393,1385,1398,1393,1400,1390,1390,1390,1395,1390,1410,1409,1407,1417,1426,1423,1403,1389,1381,1397,1421,1427,1441,1441,1413,1386,1403,1406,1402,1401,1401,1397,1402,1397,1394,1388,1381,1381,1390,1406,1411,1425,1403,1407,1398,1392,1400,1397,1403,1397,1398,1406,1401,1408,1396,1391,1383,1378,1378,1380,1383,1382,1396,1386,1384,1388,1417,1423,1432,1427,1425,1425,1415,1393,1396,1396,1385,1387,1382,1370,1370,1382,1384,1384,1391,1405,1393,1384,1409,1387,1380,1433
1500,1488,1478,1478,1480,1475,1469,1459,1461,1464,1459,1454,1458,1450,1441,1456,1459,1447,1446,1444,1433,1418,1398,1390,1378,1373,1389,1391,1404,1397,1402,1402,1402,1400,1396,1396,1404,1404,1394,1397,1396,1394,1387,1374,1367,1365,1358,1363,1360,1359,1354,1343,1343,1369,1401,1395,1399,1378,1373,1386,1386,1386,1386,1396,1389,1385,1385,1377,1383,1450,1444,1424,1431,1437,1433,1419,1414,1394,1394,1393,1393,1387,1396,1402,1447,1448,1453,1456,1472,1468,1455,1452,1455,1451,1438,1437,1438,1434,1451,1445,1458,1449,1448,1461,1476,1474,1469,1476,1484,1471,1486,1481,1486,1487,1497,1494,1494,1491,1496,1509,1559
1500,1488,1479,1479,1488,1508,1507,1510,1537,1544,1551,1503,1515,1508,1516,1522,1524,1524,1520,1526,1532,1525,1536,1539,1544,1546,1529,1529,1536,1531,1526,1513,1550,1546,1519,1528,1528,1506,1498,1498,1511,1513,1514,1512,1512,1511,1513,1514,1515,1509,1507,1527,1527,1518,1509,1515,1516,1526,1526,1529,1516,1518,1518,1521,1520,1490,1491,1492,1502,1500,1486,1488,1488,1488,1488,1460,1468,1473,1467,1467,1465,1465,1465,1460,1470,1475,1482,1461,1492,1491,1483,1474,1453,1450,1446,1431,1440,1440,1440,1457,1471,1478,1472,1464,1485,1454,1467,1421,1370,1398,1409,1430,1451,1451,1454,1449,1459,1468,1476,1472,1492
1500,1510,1506,1500,1499,1506,1502,1495,1501,1501,1507,1511,1539,1544,1546,1554,1549,1546,1536,1533,1546,1542,1562,1558,1533,1522,1528,1526,1510,1522,1523,1511,1513,1509,1522,1518,1526,1526,1528,1525,1514,1512,1515,1499,1501,1503,1501,1532,1534,1532,1499,1514,1507,1522,1530,1531,1534,1535,1531,1532,1538,1526,1527,1492,1496,1493,1474,1479,1478,1477,1478,1497,1494,1479,1477,1487,1483,1474,1503,1500,1515,1514,1510,1512,1508,1509,1497,1505,1509,1502,1491,1483,1483,1482,1461,1459,1443,1441,1442,1442,1447,1446,1446,1453,1456,1450,1450,1442,1439,1445,1441,1454,1452,1493,1493,1485,1492,1487,1495,1480,1480
1500,1532,1539,1482,1479,1482,1483,1488,1474,1482,1491,1495,1496,1501,1481,1449,1439,1439,1435,1414,1418,1418,1404,1414,1426,1446,1440,1425,1438,1435,1402,1406,1389,1383,1383,1521,1518,1518,1513,1499,1500,1510,1510,1523,1503,1521,1499,1502,1498,1505,1515,1540,1538,1544,1551,1540,1543,1549,1544,1544,1542,1538,1534,1542,1543,1543,1574,1584,1584,1586,1596,1596,1597,1627,1623,1630,1622,1601,1588,1580,1582,1572,1568,1576,1577,1574,1566,1568,1568,1582,1570,1578,1592,1611,1639,1626,1633,1635,1632,1631,1615,1613,1611,1590,1598,1583,1578,1556,1542,1536,1479,1491,1490,1479,1450,1467,1465,1484,1479,1477,1472
1500,1493,1459,1461,1461,1456,1466,1468,1468,1463,1461,1458,1445,1455,1478,1478,1473,1469,1480,1487,1492,1491,1484,1476,1479,1487,1499,1495,1508,1495,1482,1493,1487,1484,1510,1498,1566,1557,1552,1545,1548,1558,1557,1563,1563,1581,1618,1614,1596,1604,1609,1594,1593,1590,1573,1564,1571,1567,1574,1576,1574,1573,1573,1588,1586,1613,1616,1626,1620,1618,1632,1625,1617,1597,1600,1600,1600,1592,1594,1599,1559,1608,1607,1610,1602,1606,1607,1605,1628,1627,1633,1641,1644,1644,1650,1650,1673,1663,1672,1675,1675,1660,1655,1655,1655,1643,1643,1613,1604,1602,1609,1613,1597,1593,1598,1595,1607,1607,1607,1604,1604
1500,1491,1483,1456,1455,1436,1426,1427,1475,1460,1464,1474,1489,1481,1488,1473,1483,1483,1482,1485,1493,1528,1535,1533,1541,1535,1531,1523,1529,1527,1524,1527,1511,1507,1503,1501,1502,1499,1504,1512,1518,1502,1540,1536,1540,1529,1531,1531,1531,1529,1534,1532,1537,1539,1546,1541,1536,1534,1554,1552,1576,1557,1551,1552,1553,1553,1564,1547,1550,1567,1567,1570,1573,1576,1562,1556,1594,1594,1591,1589,1591,1591,1590,1590,1597,1592,1583,1592,1596,1598,1596,1589,1612,1620,1616,1611,1604,1601,1601,1594,1591,1616,1615,1583,1576,1570,1570,1570,1570,1561,1570,1565,1568,1562,1563,1564,1540,1551,1564,1571,1566
1500,1505,1501,1506,1495,1501,1497,1501,1501,1510,1510,1507,1524,1474,1448,1446,1455,1457,1461,1461,1447,1449,1446,1448,1443,1443,1443,1443,1447,1450,1453,1454,1459,1459,1472,1514,1510,1502,1511,1501,1513,1486,1471,1474,1497,1478,1428,1423,1432,1442,1435,1443,1456,1457,1472,1478,1485,1494,1539,1535,1525,1521,1521,1523,1521,1546,1553,1591,1579,1596,1598,1580,1578,1563,1560,1555,1560,1542,1549,1578,1569,1564,1568,1545,1545,1550,1581,1578,1579,1524,1548,1548,1542,1540,1537,1549,1546,1531,1532,1532,1518,1508,1514,1507,1508,1484,1474,1474,1463,1470,1470,1446,1434,1432,1428,1433,1425,1415,1415,1415,1404
1500,1487,1488,1504,1507,1512,1536,1539,1539,1529,1526,1539,1523,1520,1537,1547,1547,1574,1577,1574,1576,1576,1579,1583,1610,1602,1604,1600,1611,1612,1622,1608,1581,1598,1600,1599,1592,1557,1560,1590,1590,1591,1600,1601,1604,1600,1588,1590,1615,1624,1611,1607,1604,1615,1621,1598,1591,1584,1581,1577,1597,1595,1597,1598,1605,1631,1614,1620,1627,1627,1628,1623,1629,1633,1634,1645,1647,1649,1646,1646,1637,1654,1673,1688,1689,1691,1692,1702,1709,1707,1707,1720,1721,1726,1734,1734,1731,1722,1721,1722,1727,1725,1722,1725,1720,1773,1786,1779,1776,1825,1834,1825,1825,1820,1821,1813,1795,1798,1788,1795,1789
1500,1453,1446,1448,1422,1416,1417,1411,1376,1370,1371,1371,1369,1352,1346,1342,1349,1390,1390,1388,1386,1384,1386,1384,1363,1363,1370,1379,1420,1413,1418,1416,1405,1405,1410,1411,1405,1397,1394,1380,1371,1372,1372,1372,1363,1355,1332,1327,1317,1318,1334,1368,1360,1353,1355,1361,1350,1349,1364,1360,1371,1351,1351,1344,1340,1335,1311,1316,1312,1318,1309,1315,1326,1321,1318,1313,1312,1312,1314,1310,1313,1319,1316,1317,1316,1316,1325,1318,1288,1281,1286,1279,1280,1278,1280,1277,1297,1256,1227,1226,1228,1229,1223,1214,1201,1201,1197,1204,1200,1187,1192,1214,1212,1187,1189,1193,1188,1206,1199,1205,1204
1500,1502,1514,1524,1511,1497,1499,1511,1503,1489,1494,1488,1496,1498,1496,1486,1486,1474,1472,1454,1459,1409,1403,1396,1396,1391,1391,1391,1388,1391,1395,1388,1386,1394,1410,1410,1401,1391,1391,1403,1396,1393,1396,1404,1390,1394,1393,1392,1395,1395,1375,1375,1383,1386,1399,1399,1398,1393,1385,1373,1370,1366,1351,1348,1342,1333,1350,1352,1363,1350,1350,1339,1335,1335,1347,1349,1349,1349,1367,1360,1361,1358,1349,1349,1330,1330,1326,1325,1320,1328,1342,1329,1330,1322,1322,1325,1326,1326,1320,1327,1324,1320,1321,1319,1316,1306,1306,1309,1311,1315,1315,1312,1306,1306,1285,1294,1294,1302,1298,1298,1294
1500,1495,1495,1493,1491,1491,1474,1475,1466,1447,1448,1454,1458,1463,1464,1461,1464,1468,1471,1476,1478,1480,1490,1485,1493,1505,1501,1498,1497,1511,1518,1521,1512,1521,1515,1516,1545,1565,1589,1554,1544,1565,1562,1569,1579,1580,1531,1527,1527,1542,1542,1573,1577,1581,1583,1581,1576,1543,1560,1550,1565,1565,1563,1566,1566,1575,1585,1585,1624,1611,1615,1615,1615,1621,1629,1613,1625,1622,1608,1624,1611,1600,1586,1607,1616,1587,1579,1589,1594,1548,1537,1536,1546,1518,1553,1557,1557,1539,1533,1540,1549,1551,1560,1554,1576,1564,1540,1543,1534,1536,1534,1521,1553,1575,1569,1560,1562,1545,1545,1548,1542
1500,1497,1498,1498,1495,1477,1473,1451,1446,1487,1494,1501,1499,1483,1494,1532,1534,1502,1503,1493,1494,1500,1517,1538,1539,1539,1535,1545,1550,1550,1537,1539,1532,1506,1512,1510,1505,1505,1506,1484,1482,1485,1488,1480,1485,1493,1489,1477,1484,1466,1464,1470,1469,1468,1458,1453,1454,1463,1454,1444,1441,1453,1425,1419,1424,1431,1440,1441,1436,1440,1416,1409,1409,1407,1377,1400,1395,1395,1391,1382,1379,1379,1377,1392,1395,1395,1407,1425,1437,1421,1434,1425,1431,1464,1447,1451,1439,1439,1448,1450,1450,1449,1448,1448,1449,1448,1432,1414,1422,1421,1425,1419,1411,1417,1417,1406,1398,1402,1395,1399,1401
1500,1492,1505,1505,1499,1494,1490,1513,1516,1516,1496,1491,1482,1480,1478,1476,1470,1475,1485,1519,1527,1534,1530,1523,1526,1525,1522,1525,1534,1534,1539,1538,1522,1513,1517,1515,1514,1524,1522,1522,1521,1522,1529,1527,1525,1528,1534,1568,1581,1580,1574,1571,1560,1571,1571,1601,1598,1610,1612,1610,1618,1605,1603,1596,1598,1595,1588,1559,1555,1575,1570,1551,1540,1539,1575,1587,1595,1595,1598,1642,1622,1602,1599,1597,1588,1592,1574,1583,1592,1605,1607,1626,1614,1610,1595,1595,1588,1586,1587,1596,1605,1589,1574,1566,1562,1576,1630,1618,1624,1623,1643,1644,1660,1649,1637,1632,1650,1658,1626,1625,1628
1500,1499,1492,1488,1488,1488,1481,1489,1462,1466,1467,1467,1465,1473,1466,1465,1480,1510,1500,1487,1487,1532,1531,1534,1535,1532,1533,1538,1538,1537,1554,1570,1567,1551,1543,1543,1552,1552,1560,1558,1564,1556,1576,1562,1567,1563,1589,1589,1594,1589,1605,1608,1612,1612,1612,1597,1598,1605,1619,1612,1591,1586,1582,1590,1587,1585,1585,1581,1571,1572,1559,1545,1544,1534,1541,1541,1536,1534,1535,1541,1529,1529,1517,1515,1513,1516,1514,1540,1541,1562,1570,1570,1577,1584,1582,1577,1579,1583,1580,1560,1556,1557,1528,1532,1541,1557,1565,1568,1576,1580,1583,1584,1586,1601,1604,1599,1598,1603,1600,1592,1620
1500,1495,1479,1479,1476,1485,1489,1458,1462,1458,1462,1462,1449,1452,1450,1452,1450,1456,1457,1454,1454,1463,1477,1475,1469,1463,1465,1457,1459,1459,1482,1502,1509,1510,1507,1502,1515,1504,1504,1488,1488,1490,1498,1498,1491,1489,1489,1486,1478,1425,1412,1386,1363,1347,1352,1352,1352,1352,1342,1334,1325,1357,1344,1339,1342,1336,1334,1334,1332,1328,1328,1332,1324,1304,1296,1296,1290,1293,1293,1285,1284,1283,1280,1289,1295,1317,1317,1312,1319,1319,1319,1329,1331,1325,1320,1304,1301,1315,1321,1303,1303,1304,1277,1274,1281,1278,1280,1270,1276,1279,1278,1271,1275,1268,1268,1273,1303,1294,1287,1283,1277
1500,1486,1477,1471,1487,1514,1547,1535,1515,1515,1515,1525,1523,1514,1522,1519,1570,1565,1565,1577,1591,1588,1613,1615,1615,1605,1603,1612,1606,1605,1603,1604,1591,1592,1584,1598,1611,1613,1608,1630,1624,1622,1616,1608,1612,1614,1612,1611,1647,1662,1664,1650,1647,1638,1630,1643,1643,1643,1599,1605,1589,1585,1585,1596,1596,1583,1574,1583,1599,1595,1576,1569,1569,1596,1601,1602,1610,1626,1625,1614,1633,1640,1642,1639,1637,1652,1636,1625,1592,1570,1579,1563,1566,1564,1570,1562,1558,1559,1561,1552,1551,1550,1523,1515,1512,1511,1497,1490,1474,1472,1475,1467,1478,1495,1496,1496,1502,1542,1571,1580,1587
1500,1506,1506,1520,1513,1513,1498,1491,1498,1507,1511,1516,1525,1527,1529,1531,1538,1538,1560,1552,1558,1549,1546,1552,1545,1541,1542,1550,1558,1548,1542,1546,1546,1537,1538,1531,1533,1497,1492,1567,1574,1574,1573,1573,1562,1542,1533,1520,1520,1528,1530,1527,1522,1516,1505,1505,1525,1526,1525,1521,1522,1527,1531,1532,1558,1559,1584,1579,1579,1608,1608,1621,1620,1616,1613,1602,1603,1628,1623,1613,1642,1628,1640,1659,1651,1653,1653,1637,1637,1646,1658,1640,1641,1642,1637,1637,1654,1624,1611,1611,1624,1626,1634,1628,1632,1630,1591,1595,1600,1604,1596,1572,1560,1559,1534,1542,1558,1551,1551,1540,1548
1500,1514,1514,1516,1523,1517,1530,1530,1529,1534,1527,1518,1513,1506,1500,1495,1494,1485,1475,1482,1424,1440,1440,1424,1428,1427,1414,1414,1408,1418,1416,1403,1409,1402,1402,1407,1401,1401,1409,1410,1397,1385,1384,1378,1380,1360,1363,1363,1357,1357,1354,1353,1352,1365,1362,1355,1354,1354,1364,1350,1353,1355,1359,1353,1337,1331,1292,1289,1285,1285,1325,1324,1320,1328,1294,1294,1299,1304,1303,1301,1321,1323,1348,1353,1371,1379,1366,1344,1340,1338,1346,1343,1351,1348,1342,1349,1354,1352,1336,1333,1343,1352,1359,1356,1381,1371,1368,1368,1357,1365,1367,1360,1360,1338,1322,1320,1298,1295,1311,1311,1305
1500,1498,1480,1491,1515,1504,1509,1529,1499,1498,1499,1495,1493,1530,1541,1549,1549,1546,1555,1543,1554,1550,1545,1581,1581,1584,1578,1578,1566,1568,1572,1575,1569,1568,1585,1565,1556,1567,1575,1569,1565,1555,1559,1553,1559,1545,1541,1549,1523,1538,1538,1526,1546,1536,1545,1534,1545,1550,1539,1516,1516,1513,1536,1537,1532,1534,1535,1537,1527,1534,1479,1474,1497,1488,1493,1495,1493,1459,1461,1454,1454,1437,1439,1436,1444,1442,1433,1431,1437,1439,1455,1449,1450,1460,1457,1457,1439,1440,1441,1442,1434,1434,1432,1422,1427,1448,1438,1436,1436,1433,1433,1432,1445,1443,1424,1430,1436,1439,1453,1438,1461
1500,1504,1505,1546,1528,1529,1537,1529,1529,1515,1521,1525,1554,1560,1553,1546,1547,1543,1529,1524,1523,1509,1525,1569,1569,1569,1566,1545,1539,1522,1528,1534,1552,1578,1587,1604,1644,1635,1638,1650,1660,1661,1658,1663,1675,1670,1670,1667,1667,1665,1658,1666,1657,1652,1667,1659,1654,1685,1691,1691,1691,1696,1705,1705,1717,1730,1728,1735,1729,1727,1738,1719,1716,1713,1693,1698,1683,1678,1684,1674,1674,1679,1678,1668,1630,1604,1607,1612,1601,1599,1598,1591,1628,1640,1642,1640,1632,1654,1661,1661,1663,1660,1658,1663,1660,1646,1651,1639,1682,1670,1668,1675,1616,1623,1598,1595,1592,1585,1588,1580,1559
1500,1495,1496,1494,1498,1498,1492,1494,1494,1506,1508,1505,1512,1512,1523,1534,1540,1530,1520,1520,1520,1535,1535,1510,1526,1525,1511,1547,1548,1551,1551,1545,1535,1531,1542,1541,1539,1525,1542,1530,1531,1537,1548,1541,1541,1534,1531,1521,1521,1516,1517,1519,1523,1518,1526,1522,1522,1516,1528,1568,1572,1562,1562,1531,1518,1519,1524,1497,1587,1582,1552,1559,1561,1557,1559,1561,1588,1576,1580,1580,1577,1575,1601,1602,1615,1622,1618,1637,1635,1608,1593,1586,1574,1556,1555,1550,1540,1556,1512,1509,1508,1492,1491,1485,1518,1527,1505,1503,1492,1492,1477,1474,1483,1496,1497,1495,1488,1490,1501,1501,1511
1500,1506,1504,1510,1511,1511,1509,1510,1513,1467,1448,1449,1444,1443,1425,1429,1444,1433,1436,1436,1436,1444,1446,1459,1441,1417,1420,1430,1425,1432,1455,1455,1445,1445,1443,1444,1437,1435,1434,1431,1430,1432,1443,1450,1446,1463,1461,1472,1472,1468,1482,1473,1491,1497,1504,1504,1519,1556,1591,1580,1574,1567,1573,1567,1565,1564,1564,1579,1583,1590,1578,1563,1557,1563,1558,1555,1559,1559,1567,1561,1560,1559,1558,1559,1581,1572,1570,1570,1566,1571,1569,1562,1563,1583,1585,1584,1581,1577,1607,1624,1607,1608,1565,1543,1539,1542,1547,1547,1542,1555,1542,1540,1528,1529,1533,1543,1555,1553,1543,1567,1567
1500,1494,1499,1493,1492,1485,1484,1486,1472,1469,1463,1474,1459,1465,1469,1491,1487,1509,1503,1503,1511,1510,1501,1502,1491,1482,1471,1472,1449,1449,1449,1438,1431,1445,1445,1439,1433,1443,1450,1445,1446,1434,1432,1412,1414,1424,1442,1437,1445,1443,1449,1446,1436,1436,1425,1427,1441,1435,1432,1426,1434,1453,1467,1444,1437,1444,1442,1422,1416,1420,1417,1426,1427,1418,1423,1424,1411,1408,1395,1395,1391,1401,1402,1411,1404,1404,1405,1407,1409,1420,1410,1403,1353,1359,1344,1332,1323,1331,1330,1331,1331,1333,1304,1298,1303,1290,1291,1291,1284,1284,1291,1291,1285,1286,1284,1300,1299,1294,1280,1291,1288
1500,1509,1527,1524,1532,1527,1491,1491,1488,1488,1495,1490,1495,1495,1504,1503,1489,1489,1490,1489,1462,1471,1464,1468,1448,1447,1432,1424,1473,1473,1459,1459,1469,1463,1449,1452,1450,1450,1449,1429,1423,1416,1424,1424,1446,1471,1459,1457,1464,1471,1464,1464,1457,1481,1485,1478,1482,1474,1484,1490,1495,1505,1500,1495,1497,1517,1519,1529,1528,1550,1543,1546,1559,1564,1570,1547,1537,1562,1558,1560,1578,1582,1614,1618,1595,1587,1591,1608,1602,1583,1577,1570,1572,1569,1609,1609,1624,1625,1630,1623,1639,1631,1626,1619,1625,1635,1635,1627,1619,1619,1616,1617,1605,1607,1613,1584,1608,1613,1621,1629,1613
1500,1502,1501,1478,1487,1471,1465,1478,1485,1479,1483,1489,1486,1472,1463,1475,1464,1464,1482,1473,1491,1496,1505,1499,1517,1505,1496,1480,1484,1471,1485,1486,1483,1493,1486,1486,1478,1519,1526,1522,1519,1517,1515,1511,1516,1497,1496,1485,1484,1482,1480,1478,1512,1537,1531,1531,1534,1536,1530,1525,1491,1485,1485,1489,1486,1497,1495,1491,1486,1502,1485,1496,1488,1483,1480,1468,1484,1479,1484,1489,1482,1483,1492,1487,1471,1477,1488,1490,1499,1495,1484,1487,1487,1522,1524,1521,1530,1522,1528,1541,1534,1557,1568,1573,1569,1573,1598,1591,1604,1611,1589,1583,1583,1572,1572,1568,1569,1551,1526,1530,1533
1500,1490,1499,1481,1485,1494,1493,1493,1502,1482,1483,1511,1496,1479,1504,1501,1487,1482,1479,1478,1437,1430,1430,1431,1432,1436,1438,1444,1441,1452,1458,1450,1426,1426,1422,1418,1421,1424,1425,1423,1422,1435,1439,1438,1455,1462,1454,1480,1452,1458,1430,1430,1433,1441,1435,1438,1439,1439,1449,1447,1440,1447,1446,1453,1433,1415,1445,1445,1415,1419,1422,1416,1422,1422,1411,1400,1390,1382,1384,1374,1371,1369,1368,1368,1365,1356,1355,1350,1328,1326,1335,1325,1344,1344,1352,1322,1286,1292,1286,1310,1317,1307,1310,1319,1321,1334,1326,1314,1323,1327,1343,1325,1325,1318,1318,1307,1309,1299,1282,1292,1291
1500,1502,1478,1490,1475,1484,1484,1497,1474,1490,1490,1489,1505,1503,1494,1496,1495,1494,1498,1508,1499,1495,1499,1499,1500,1489,1489,1490,1477,1485,1480,1481,1485,1489,1490,1465,1451,1446,1443,1428,1421,1421,1422,1429,1423,1428,1436,1429,1427,1424,1421,1429,1422,1424,1422,1432,1432,1446,1444,1444,1442,1431,1427,1425,1425,1409,1382,1396,1390,1360,1360,1374,1359,1360,1355,1356,1353,1332,1339,1335,1335,1357,1352,1341,1341,1340,1332,1330,1324,1316,1348,1342,1346,1356,1355,1352,1354,1361,1347,1351,1346,1354,1344,1344,1350,1354,1339,1340,1342,1351,1364,1359,1355,1352,1365,1364,1369,1359,1355,1355,1364
1500,1473,1468,1453,1453,1453,1433,1411,1421,1414,1418,1415,1425,1419,1424,1417,1415,1403,1406,1392,1407,1407,1405,1402,1397,1384,1381,1378,1365,1367,1354,1354,1359,1356,1352,1346,1341,1347,1315,1323,1317,1321,1321,1320,1322,1322,1322,1322,1315,1313,1307,1282,1278,1281,1281,1272,1270,1269,1285,1285,1282,1281,1281,1258,1251,1255,1245,1243,1238,1207,1210,1201,1197,1216,1209,1205,1204,1210,1205,1205,1207,1210,1230,1228,1242,1247,1250,1235,1235,1230,1227,1224,1231,1230,1245,1249,1243,1249,1248,1243,1242,1261,1260,1264,1266,1265,1268,1233,1233,1230,1231,1214,1222,1229,1203,1205,1205,1205,1201,1190,1177
1500,1505,1530,1518,1524,1525,1531,1530,1538,1559,1546,1547,1629,1619,1606,1610,1606,1608,1619,1614,1613,1613,1617,1604,1575,1572,1585,1568,1574,1569,1575,1574,1579,1572,1567,1564,1576,1577,1575,1567,1619,1650,1654,1653,1660,1644,1646,1644,1648,1650,1641,1641,1643,1645,1644,1644,1648,1656,1660,1607,1622,1630,1626,1625,1622,1614,1617,1628,1630,1624,1609,1600,1607,1607,1607,1607,1610,1604,1596,1582,1581,1579,1576,1579,1559,1559,1571,1565,1549,1549,1553,1542,1542,1545,1537,1542,1552,1549,1547,1553,1577,1593,1588,1587,1570,1568,1594,1598,1610,1609,1622,1632,1643,1632,1611,1608,1609,1605,1610,1605,1598
1500,1507,1505,1503,1511,1527,1539,1531,1534,1547,1571,1561,1585,1586,1581,1585,1585,1581,1583,1581,1568,1553,1546,1534,1528,1521,1516,1501,1514,1500,1526,1508,1491,1491,1482,1493,1488,1511,1515,1522,1526,1509,1515,1517,1521,1521,1556,1549,1556,1566,1568,1570,1596,1585,1574,1582,1552,1563,1558,1560,1575,1578,1588,1583,1585,1594,1572,1588,1581,1584,1590,1648,1646,1636,1630,1637,1638,1641,1648,1665,1677,1674,1662,1664,1658,1654,1636,1638,1622,1635,1632,1636,1654,1650,1646,1643,1642,1604,1611,1611,1621,1620,1621,1623,1620,1649,1653,1656,1649,1681,1676,1667,1676,1686,1676,1660,1663,1669,1671,1673,1669
1500,1499,1491,1494,1494,1494,1487,1514,1491,1468,1474,1473,1470,1471,1461,1507,1495,1521,1534,1532,1537,1537,1546,1550,1550,1550,1529,1526,1522,1546,1523,1537,1535,1528,1523,1523,1537,1517,1504,1505,1516,1525,1525,1486,1488,1475,1468,1473,1472,1450,1450,1450,1443,1438,1442,1468,1466,1477,1470,1495,1495,1511,1520,1515,1517,1517,1507,1505,1500,1512,1521,1536,1552,1547,1546,1581,1560,1570,1559,1556,1556,1559,1546,1529,1536,1526,1502,1457,1470,1468,1475,1479,1458,1464,1472,1467,1465,1460,1458,1462,1466,1469,1458,1459,1484,1480,1498,1494,1537,1537,1547,1550,1606,1598,1602,1606,1633,1633,1624,1621,1651
1500,1508,1456,1464,1464,1471,1469,1479,1519,1521,1524,1533,1500,1500,1510,1506,1511,1520,1521,1517,1501,1487,1489,1463,1472,1484,1501,1507,1521,1533,1545,1525,1511,1510,1515,1503,1481,1473,1476,1458,1468,1473,1478,1480,1479,1469,1466,1469,1499,1499,1484,1517,1506,1487,1490,1496,1530,1535,1544,1545,1542,1519,1521,1568,1574,1592,1608,1593,1584,1584,1564,1554,1559,1564,1554,1559,1583,1620,1619,1634,1631,1642,1637,1661,1654,1661,1649,1683,1700,1715,1726,1723,1708,1703,1707,1706,1733,1741,1731,1747,1766,1755,1759,1752,1756,1747,1735,1740,1741,1767,1751,1714,1704,1692,1690,1692,1682,1679,1679,1681,1691
1500,1487,1492,1494,1522,1554,1579,1566,1567,1566,1573,1574,1577,1595,1592,1619,1618,1622,1600,1596,1628,1633,1626,1635,1631,1627,1624,1641,1638,1639,1648,1604,1626,1609,1608,1618,1609,1607,1610,1619,1612,1613,1610,1610,1610,1617,1620,1566,1565,1557,1548,1544,1539,1536,1544,1557,1585,1583,1587,1589,1596,1589,1578,1586,1586,1571,1570,1586,1604,1593,1594,1599,1605,1610,1609,1600,1606,1614,1629,1626,1601,1595,1611,1610,1602,1610,1595,1577,1595,1592,1600,1596,1594,1563,1561,1576,1571,1567,1572,1566,1613,1585,1581,1584,1592,1594,1596,1591,1581,1575,1579,1577,1581,1596,1596,1595,1620,1629,1642,1630,1632
1500,1482,1478,1482,1479,1484,1477,1474,1454,1458,1458,1445,1447,1436,1436,1438,1444,1432,1445,1418,1418,1424,1436,1448,1426,1422,1455,1455,1454,1463,1469,1428,1432,1431,1433,1425,1431,1395,1435,1438,1445,1437,1404,1397,1398,1388,1389,1387,1360,1352,1345,1353,1348,1341,1341,1341,1348,1346,1346,1348,1348,1318,1319,1309,1311,1304,1308,1299,1290,1290,1292,1290,1291,1289,1291,1329,1330,1326,1324,1323,1343,1351,1356,1346,1359,1353,1351,1351,1369,1371,1346,1360,1359,1363,1361,1358,1358,1358,1380,1390,1381,1375,1370,1366,1367,1365,1365,1367,1368,1376,1379,1341,1340,1376,1375,1373,1333,1327,1325,1329,1322
1500,1494,1479,1513,1506,1498,1502,1502,1505,1512,1540,1549,1555,1561,1557,1519,1522,1513,1519,1520,1527,1532,1552,1556,1557,1556,1558,1558,1558,1511,1509,1499,1498,1599,1606,1587,1586,1588,1586,1589,1592,1590,1586,1593,1616,1612,1607,1604,1588,1595,1595,1582,1593,1589,1580,1564,1570,1569,1568,1561,1545,1527,1528,1554,1552,1523,1512,1506,1511,1537,1547,1530,1533,1535,1528,1545,1552,1554,1560,1562,1569,1564,1549,1561,1567,1567,1571,1568,1574,1565,1556,1533,1534,1532,1528,1547,1545,1558,1558,1560,1558,1559,1559,1551,1546,1536,1535,1529,1527,1548,1549,1555,1545,1531,1538,1524,1529,1529,1512,1520,1512
1500,1515,1561,1553,1552,1545,1547,1539,1538,1538,1544,1542,1545,1532,1542,1556,1559,1551,1567,1544,1560,1553,1550,1552,1544,1534,1535,1552,1556,1535,1533,1536,1536,1541,1533,1535,1524,1522,1521,1511,1540,1540,1545,1544,1533,1531,1527,1525,1518,1522,1512,1521,1574,1568,1544,1513,1515,1491,1485,1493,1499,1482,1453,1451,1435,1433,1506,1506,1501,1488,1488,1502,1487,1491,1478,1484,1481,1480,1487,1497,1517,1513,1506,1502,1488,1488,1487,1476,1472,1472,1473,1481,1481,1487,1486,1469,1457,1457,1464,1461,1461,1443,1437,1442,1446,1437,1459,1442,1442,1468,1439,1442,1432,1452,1439,1429,1411,1413,1394,1395,1399
1500,1501,1508,1508,1492,1497,1490,1474,1479,1478,1478,1471,1474,1471,1469,1494,1489,1450,1446,1444,1435,1431,1429,1454,1461,1451,1445,1452,1559,1550,1545,1553,1562,1541,1541,1539,1536,1510,1517,1508,1510,1491,1502,1507,1510,1500,1499,1507,1505,1518,1519,1550,1545,1532,1527,1507,1510,1530,1510,1506,1496,1502,1501,1502,1507,1493,1495,1489,1508,1499,1502,1502,1498,1503,1502,1493,1500,1497,1490,1507,1514,1514,1525,1525,1530,1533,1521,1506,1518,1513,1521,1519,1516,1516,1524,1516,1513,1520,1531,1539,1535,1534,1531,1572,1550,1557,1556,1539,1533,1520,1518,1535,1524,1546,1539,1511,1504,1496,1532,1539,1544
1500,1505,1514,1527,1531,1530,1530,1513,1513,1522,1502,1506,1504,1506,1537,1559,1557,1571,1557,1557,1541,1530,1517,1519,1516,1516,1502,1494,1503,1507,1520,1528,1569,1571,1558,1552,1552,1537,1544,1534,1531,1554,1555,1552,1523,1516,1524,1531,1532,1554,1559,1557,1541,1550,1532,1517,1523,1520,1538,1531,1537,1565,1561,1561,1566,1558,1553,1567,1583,1578,1584,1584,1587,1587,1578,1589,1569,1573,1591,1571,1565,1562,1606,1600,1583,1586,1588,1581,1595,1589,1591,1588,1586,1585,1592,1629,1643,1646,1644,1646,1625,1623,1632,1617,1616,1611,1595,1588,1572,1578,1570,1569,1574,1579,1588,1594,1595,1591,1601,1638,1629
1500,1504,1511,1504,1502,1510,1513,1519,1523,1525,1531,1523,1537,1514,1501,1503,1522,1527,1517,1522,1526,1530,1521,1520,1525,1524,1509,1500,1502,1477,1480,1480,1480,1489,1485,1480,1497,1495,1495,1492,1478,1470,1450,1451,1427,1423,1423,1417,1415,1423,1432,1431,1425,1431,1432,1437,1428,1444,1409,1410,1410,1382,1371,1368,1370,1367,1357,1351,1333,1335,1355,1344,1327,1327,1329,1332,1331,1330,1325,1325,1323,1330,1337,1353,1363,1367,1375,1353,1369,1369,1375,1377,1370,1362,1349,1348,1341,1338,1338,1329,1338,1370,1375,1380,1371,1371,1379,1376,1396,1398,1391,1390,1384,1392,1400,1398,1395,1401,1391,1397,1401
1500,1504,1498,1472,1437,1446,1458,1453,1462,1467,1431,1415,1428,1436,1443,1444,1456,1459,1452,1452,1450,1432,1453,1459,1494,1477,1479,1493,1487,1479,1479,1485,1490,1490,1473,1452,1421,1412,1398,1410,1413,1424,1449,1477,1479,1473,1470,1484,1514,1509,1501,1494,1494,1480,1490,1494,1514,1456,1446,1434,1421,1424,1427,1424,1451,1453,1428,1435,1434,1434,1464,1469,1460,1460,1457,1451,1454,1454,1463,1462,1469,1467,1460,1457,1467,1465,1458,1442,1446,1450,1459,1452,1466,1467,1462,1457,1472,1477,1485,1493,1501,1508,1502,1502,1517,1517,1472,1478,1478,1466,1440,1439,1434,1453,1443,1394,1378,1375,1422,1429,1412
1500,1497,1507,1508,1511,1514,1501,1619,1618,1618,1614,1616,1629,1636,1634,1637,1637,1637,1663,1666,1666,1663,1664,1664,1668,1658,1649,1657,1660,1662,1650,1644,1641,1652,1658,1654,1623,1623,1623,1638,1632,1624,1641,1657,1654,1683,1657,1642,1681,1699,1701,1702,1685,1669,1664,1619,1611,1615,1617,1626,1633,1632,1631,1639,1639,1647,1657,1655,1671,1667,1658,1658,1660,1673,1672,1666,1662,1656,1649,1652,1647,1631,1635,1643,1648,1647,1649,1643,1654,1617,1628,1608,1608,1580,1580,1581,1581,1597,1590,1585,1580,1575,1568,1569,1576,1577,1582,1596,1610,1617,1611,1615,1657,1663,1664,1678,1670,1676,1673,1681,1686
1500,1473,1481,1485,1505,1498,1499,1481,1496,1490,1485,1511,1525,1484,1481,1480,1469,1481,1497,1507,1510,1514,1508,1507,1499,1497,1508,1515,1499,1507,1513,1506,1505,1501,1491,1495,1489,1483,1487,1486,1484,1500,1497,1489,1484,1489,1493,1497,1491,1486,1483,1496,1468,1471,1455,1453,1431,1448,1453,1456,1453,1454,1445,1428,1465,1474,1462,1455,1457,1465,1456,1447,1457,1449,1446,1461,1431,1438,1430,1435,1434,1442,1447,1481,1468,1467,1450,1428,1425,1419,1419,1419,1401,1403,1415,1423,1410,1411,1407,1413,1401,1389,1387,1400,1408,1399,1394,1383,1388,1383,1389,1358,1355,1355,1368,1363,1355,1346,1366,1383,1380
1500,1507,1508,1522,1520,1523,1499,1504,1503,1502,1492,1483,1485,1475,1468,1458,1455,1463,1488,1506,1502,1505,1500,1495,1465,1479,1460,1484,1483,1477,1488,1467,1467,1506,1469,1455,1445,1428,1456,1456,1461,1457,1461,1489,1489,1469,1465,1464,1474,1476,1464,1479,1479,1430,1428,1423,1440,1439,1446,1421,1429,1442,1434,1431,1441,1440,1447,1444,1438,1478,1470,1464,1448,1454,1446,1461,1463,1463,1461,1460,1454,1449,1448,1448,1439,1445,1433,1417,1415,1408,1408,1395,1395,1375,1368,1376,1385,1388,1380,1375,1375,1373,1368,1358,1354,1363,1357,1352,1353,1342,1371,1371,1371,1381,1381,1406,1409,1403,1409,1394,1426
1500,1487,1485,1474,1485,1487,1482,1477,1570,1596,1558,1566,1556,1561,1531,1560,1595,1594,1589,1593,1591,1597,1622,1618,1603,1660,1641,1653,1648,1643,1659,1760,1764,1767,1781,1775,1774,1762,1777,1802,1803,1800,1799,1774,1784,1797,1812,1814,1812,1815,1815,1813,1822,1798,1789,1782,1804,1806,1803,1812,1802,1800,1794,1796,1789,1807,1806,1818,1800,1802,1820,1818,1826,1825,1781,1775,1775,1792,1787,1785,1792,1798,1802,1755,1776,1776,1775,1789,1796,1800,1815,1821,1814,1819,1809,1911,1931,1929,1930,1930,1944,1948,1993,1990,1994,1999,1999,2007,2019,2018,2017,2043,2064,2053,2050,2033,2029,2019,2032,2022,2026
1500,1464,1452,1452,1477,1484,1506,1499,1499,1508,1497,1497,1493,1497,1504,1511,1511,1511,1515,1521,1518,1516,1503,1504,1502,1505,1507,1516,1515,1516,1496,1504,1524,1527,1534,1532,1532,1529,1539,1532,1527,1528,1505,1524,1515,1504,1503,1484,1486,1518,1511,1517,1524,1515,1520,1502,1512,1510,1555,1550,1562,1571,1572,1565,1606,1598,1613,1623,1637,1659,1648,1638,1634,1636,1623,1626,1627,1627,1623,1621,1632,1632,1683,1683,1707,1706,1706,1703,1702,1723,1713,1703,1708,1697,1706,1707,1706,1690,1694,1695,1691,1704,1705,1709,1699,1678,1655,1640,1645,1653,1649,1665,1665,1667,1657,1646,1650,1651,1649,1644,1651
1500,1489,1490,1486,1489,1500,1474,1484,1488,1486,1490,1522,1524,1523,1522,1526,1510,1494,1494,1488,1486,1492,1492,1479,1493,1487,1478,1500,1506,1508,1536,1501,1504,1502,1491,1476,1472,1469,1462,1465,1477,1478,1465,1445,1444,1446,1444,1440,1431,1423,1433,1433,1440,1438,1445,1447,1447,1460,1484,1484,1491,1491,1483,1489,1487,1479,1475,1477,1479,1489,1507,1509,1508,1500,1499,1501,1499,1494,1494,1483,1498,1512,1509,1509,1496,1499,1489,1488,1491,1491,1488,1479,1490,1493,1472,1452,1449,1434,1434,1453,1466,1449,1454,1449,1442,1479,1455,1452,1452,1455,1455,1467,1460,1462,1460,1462,1431,1432,1466,1468,1466
1500,1502,1502,1508,1508,1510,1518,1513,1509,1508,1532,1534,1530,1522,1526,1521,1528,1526,1531,1526,1536,1564,1551,1550,1545,1560,1597,1589,1583,1582,1566,1570,1573,1563,1580,1592,1606,1607,1609,1595,1594,1581,1583,1588,1581,1545,1548,1553,1578,1571,1555,1557,1552,1519,1524,1516,1517,1516,1523,1542,1542,1551,1545,1549,1571,1558,1559,1571,1571,1569,1569,1570,1572,1572,1576,1572,1572,1572,1560,1551,1540,1543,1508,1509,1507,1500,1500,1510,1531,1541,1544,1549,1550,1548,1536,1538,1548,1558,1554,1559,1571,1571,1588,1587,1634,1641,1641,1645,1644,1651,1638,1638,1634,1570,1570,1550,1546,1546,1560,1603,1588
1500,1503,1505,1499,1498,1499,1519,1521,1504,1490,1491,1494,1476,1472,1458,1455,1454,1453,1456,1456,1449,1458,1451,1451,1447,1456,1466,1465,1468,1475,1461,1463,1413,1401,1399,1406,1413,1408,1408,1398,1397,1392,1381,1381,1384,1377,1385,1396,1417,1413,1413,1413,1387,1398,1406,1401,1398,1395,1395,1394,1385,1379,1363,1366,1373,1346,1344,1374,1374,1379,1379,1371,1366,1406,1393,1384,1384,1367,1363,1368,1368,1368,1355,1340,1347,1347,1355,1352,1358,1373,1365,1370,1372,1364,1360,1360,1363,1356,1370,1380,1381,1407,1402,1409,1412,1418,1441,1434,1450,1490,1477,1478,1501,1505,1525,1523,1523,1488,1494,1504,1506
1500,1481,1484,1484,1522,1510,1515,1510,1526,1506,1503,1490,1476,1478,1468,1472,1474,1452,1461,1462,1457,1459,1457,1467,1466,1473,1522,1521,1525,1524,1534,1527,1532,1520,1517,1517,1541,1533,1533,1531,1538,1535,1537,1553,1553,1552,1549,1547,1552,1552,1545,1546,1544,1539,1538,1552,1550,1566,1561,1561,1553,1556,1554,1550,1575,1570,1571,1564,1572,1525,1529,1529,1527,1523,1519,1527,1523,1511,1501,1498,1494,1499,1484,1485,1482,1486,1486,1491,1500,1495,1498,1506,1509,1508,1505,1522,1523,1518,1502,1502,1523,1514,1514,1514,1513,1516,1542,1543,1543,1536,1535,1528,1525,1528,1489,1493,1492,1490,1521,1508,1524
1500,1554,1562,1555,1535,1531,1530,1521,1520,1521,1521,1499,1490,1488,1515,1509,1521,1509,1500,1492,1490,1496,1475,1471,1493,1483,1494,1496,1507,1504,1494,1480,1506,1531,1529,1523,1506,1505,1502,1507,1502,1487,1491,1490,1482,1485,1471,1449,1460,1453,1463,1463,1471,1467,1455,1449,1455,1454,1464,1455,1458,1468,1482,1476,1485,1485,1485,1494,1489,1470,1461,1481,1468,1463,1459,1455,1452,1458,1444,1447,1449,1445,1450,1480,1482,1480,1478,1484,1486,1488,1491,1495,1483,1500,1500,1500,1478,1467,1482,1482,1484,1481,1518,1516,1506,1507,1497,1496,1499,1499,1496,1480,1482,1479,1469,1469,1461,1453,1457,1460,1452
1500,1498,1507,1511,1515,1554,1596,1594,1595,1584,1586,1572,1581,1583,1579,1582,1595,1587,1551,1560,1549,1548,1572,1569,1559,1587,1599,1615,1635,1629,1637,1620,1618,1606,1606,1610,1612,1606,1596,1585,1580,1582,1577,1574,1562,1555,1555,1565,1586,1590,1627,1634,1630,1627,1678,1636,1644,1637,1640,1629,1622,1618,1614,1621,1579,1576,1585,1584,1587,1584,1583,1592,1585,1575,1577,1590,1584,1585,1584,1584,1584,1579,1573,1565,1570,1551,1552,1534,1529,1545,1547,1552,1515,1508,1524,1534,1534,1528,1544,1510,1525,1520,1521,1528,1509,1516,1526,1509,1507,1486,1494,1488,1486,1489,1498,1596,1593,1611,1618,1616,1612
1500,1444,1447,1465,1453,1446,1446,1444,1444,1443,1453,1452,1454,1461,1466,1467,1471,1466,1470,1459,1458,1461,1415,1425,1437,1437,1437,1426,1432,1419,1413,1409,1398,1403,1417,1420,1418,1424,1458,1468,1446,1436,1442,1443,1457,1445,1448,1446,1453,1508,1505,1495,1498,1524,1539,1564,1603,1625,1629,1627,1630,1628,1630,1632,1654,1654,1646,1644,1642,1636,1641,1647,1645,1646,1657,1638,1639,1636,1659,1666,1655,1631,1633,1643,1667,1665,1634,1602,1604,1599,1594,1592,1582,1617,1642,1683,1692,1701,1683,1700,1689,1687,1681,1657,1661,1668,1668,1647,1626,1612,1609,1615,1605,1595,1599,1596,1591,1597,1590,1594,1582
1500,1514,1516,1515,1513,1487,1491,1490,1496,1495,1498,1480,1493,1491,1522,1517,1520,1507,1505,1511,1530,1545,1526,1529,1544,1541,1547,1556,1560,1575,1578,1554,1558,1572,1572,1549,1516,1526,1529,1537,1551,1550,1554,1553,1556,1554,1522,1519,1538,1534,1514,1510,1554,1545,1544,1550,1544,1544,1530,1527,1480,1504,1502,1510,1507,1484,1494,1483,1527,1529,1536,1542,1507,1498,1514,1516,1512,1516,1522,1510,1503,1483,1526,1524,1518,1499,1504,1509,1512,1512,1485,1492,1502,1501,1495,1503,1477,1519,1519,1521,1545,1543,1539,1532,1521,1518,1500,1497,1506,1506,1504,1506,1504,1492,1499,1505,1494,1495,1504,1504,1509
1500,1498,1495,1505,1503,1491,1493,1483,1469,1476,1460,1463,1502,1495,1495,1494,1495,1440,1434,1431,1429,1431,1466,1450,1460,1460,1458,1458,1449,1449,1466,1466,1462,1464,1477,1475,1474,1467,1471,1475,1478,1467,1470,1476,1481,1484,1475,1467,1455,1442,1435,1417,1418,1418,1423,1428,1403,1374,1383,1384,1395,1404,1413,1419,1417,1420,1411,1414,1422,1421,1430,1433,1417,1422,1449,1444,1448,1446,1425,1452,1456,1450,1450,1465,1460,1455,1448,1456,1466,1475,1434,1442,1447,1465,1453,1454,1454,1467,1452,1457,1462,1482,1472,1482,1484,1511,1511,1512,1531,1544,1542,1539,1546,1553,1556,1546,1543,1543,1533,1535,1526
1500,1494,1498,1487,1471,1465,1456,1456,1475,1467,1473,1473,1459,1460,1459,1452,1462,1454,1444,1439,1463,1522,1531,1528,1527,1533,1505,1515,1511,1523,1545,1545,1553,1555,1558,1602,1601,1584,1567,1570,1555,1535,1535,1538,1540,1548,1552,1545,1550,1542,1547,1547,1530,1542,1542,1545,1529,1529,1553,1547,1563,1596,1589,1629,1645,1639,1645,1620,1610,1606,1573,1574,1579,1589,1588,1636,1638,1643,1642,1636,1635,1669,1667,1665,1664,1660,1650,1652,1650,1631,1625,1624,1639,1615,1628,1624,1620,1630,1634,1619,1629,1634,1633,1626,1646,1646,1646,1648,1646,1651,1643,1649,1652,1657,1649,1648,1656,1658,1643,1633,1632
1500,1493,1496,1495,1485,1481,1478,1472,1472,1467,1468,1465,1463,1473,1463,1423,1423,1414,1411,1402,1402,1399,1397,1435,1432,1432,1417,1420,1424,1427,1417,1413,1400,1398,1403,1389,1400,1402,1366,1370,1371,1369,1353,1355,1353,1358,1356,1354,1352,1371,1369,1376,1378,1383,1383,1383,1388,1387,1391,1389,1371,1374,1374,1396,1386,1378,1401,1389,1386,1376,1381,1344,1340,1343,1337,1339,1334,1332,1363,1370,1373,1362,1350,1344,1346,1351,1345,1347,1349,1349,1341,1348,1361,1407,1420,1432,1433,1439,1451,1473,1472,1458,1474,1461,1458,1481,1484,1481,1490,1496,1490,1485,1474,1484,1484,1478,1477,1488,1500,1498,1504
1500,1495,1498,1496,1492,1495,1485,1490,1491,1492,1496,1504,1503,1514,1515,1524,1524,1521,1517,1510,1501,1481,1480,1477,1494,1487,1525,1522,1514,1517,1515,1515,1534,1527,1542,1535,1550,1558,1555,1598,1598,1598,1621,1606,1616,1619,1625,1628,1652,1637,1632,1599,1587,1590,1583,1571,1574,1563,1563,1563,1556,1555,1555,1557,1589,1605,1612,1609,1582,1581,1585,1597,1595,1586,1587,1587,1617,1616,1611,1622,1638,1639,1643,1641,1633,1626,1628,1626,1635,1631,1637,1622,1620,1628,1626,1627,1625,1596,1596,1616,1623,1611,1645,1610,1609,1597,1596,1601,1608,1607,1592,1601,1609,1606,1604,1600,1584,1572,1558,1569,1567
1500,1500,1495,1490,1474,1472,1517,1516,1492,1494,1502,1504,1499,1506,1504,1511,1519,1562,1567,1562,1559,1576,1587,1587,1598,1604,1631,1654,1648,1643,1637,1633,1633,1640,1657,1661,1653,1769,1780,1780,1760,1763,1770,1768,1753,1759,1757,1751,1744,1745,1742,1737,1733,1726,1717,1718,1709,1718,1713,1705,1709,1683,1675,1695,1660,1653,1667,1656,1626,1660,1661,1667,1678,1677,1675,1669,1680,1685,1679,1675,1674,1700,1718,1716,1714,1724,1724,1739,1739,1735,1738,1735,1745,1758,1757,1785,1786,1789,1793,1802,1797,1791,1816,1819,1818,1762,1783,1788,1780,1780,1779,1776,1775,1754,1755,1755,1765,1755,1758,1757,1753
1500,1502,1501,1518,1516,1509,1535,1533,1530,1507,1507,1495,1492,1489,1489,1497,1484,1493,1486,1494,1504,1477,1475,1466,1467,1480,1482,1515,1508,1477,1496,1495,1487,1519,1504,1504,1508,1500,1484,1484,1461,1449,1449,1440,1440,1439,1450,1458,1479,1489,1474,1469,1465,1466,1465,1450,1445,1451,1457,1456,1454,1455,1460,1456,1457,1480,1487,1483,1494,1493,1503,1507,1507,1508,1522,1569,1601,1617,1618,1608,1600,1614,1616,1613,1614,1600,1600,1604,1604,1592,1596,1602,1606,1615,1608,1607,1607,1604,1604,1615,1608,1616,1603,1605,1609,1606,1619,1599,1599,1599,1592,1593,1583,1596,1585,1634,1630,1638,1649,1636,1656
1500,1493,1491,1491,1495,1500,1516,1516,1516,1513,1510,1503,1506,1501,1471,1499,1505,1513,1513,1505,1501,1479,1486,1480,1472,1467,1484,1493,1498,1509,1505,1514,1513,1497,1503,1458,1448,1441,1451,1467,1430,1429,1416,1416,1416,1446,1445,1434,1432,1442,1448,1454,1478,1447,1416,1421,1411,1404,1420,1465,1465,1465,1456,1460,1461,1465,1420,1402,1400,1394,1394,1374,1372,1368,1368,1355,1361,1366,1374,1373,1349,1344,1330,1326,1321,1320,1320,1321,1334,1334,1333,1327,1325,1316,1327,1321,1335,1316,1355,1344,1353,1353,1351,1338,1334,1324,1289,1289,1287,1282,1291,1290,1295,1294,1290,1290,1268,1264,1262,1254,1241
1500,1502,1506,1538,1567,1570,1566,1567,1563,1560,1579,1585,1577,1567,1573,1585,1578,1580,1605,1603,1590,1579,1572,1572,1561,1563,1557,1557,1558,1557,1539,1534,1531,1533,1531,1534,1529,1532,1498,1496,1488,1488,1511,1464,1450,1459,1445,1445,1465,1465,1492,1482,1482,1483,1486,1474,1469,1469,1466,1466,1468,1463,1458,1508,1493,1491,1486,1471,1480,1481,1474,1472,1469,1459,1452,1445,1454,1433,1427,1456,1458,1468,1466,1469,1470,1466,1480,1461,1459,1451,1452,1435,1424,1414,1393,1393,1407,1410,1413,1418,1419,1395,1399,1396,1396,1394,1388,1402,1398,1399,1391,1391,1391,1364,1379,1379,1382,1387,1383,1379,1403
1500,1496,1493,1503,1501,1492,1512,1511,1511,1508,1509,1492,1491,1510,1504,1491,1512,1524,1517,1505,1510,1492,1488,1498,1478,1475,1472,1472,1461,1466,1479,1461,1461,1451,1464,1468,1468,1460,1479,1482,1478,1491,1475,1491,1533,1530,1530,1514,1508,1486,1483,1479,1464,1483,1493,1491,1513,1506,1481,1467,1474,1460,1472,1464,1463,1436,1429,1413,1405,1395,1385,1378,1381,1380,1370,1365,1338,1354,1350,1350,1353,1337,1340,1333,1334,1351,1350,1358,1358,1372,1364,1317,1312,1301,1301,1298,1308,1305,1313,1308,1305,1303,1304,1295,1287,1285,1280,1287,1283,1283,1294,1285,1280,1280,1278,1277,1258,1280,1281,1281,1285
1500,1500,1504,1490,1497,1501,1504,1510,1512,1506,1503,1502,1505,1509,1509,1507,1506,1498,1506,1523,1515,1517,1516,1515,1507,1506,1504,1504,1511,1512,1514,1519,1515,1517,1513,1540,1520,1527,1512,1511,1519,1509,1512,1505,1503,1507,1512,1519,1505,1493,1489,1499,1505,1493,1490,1504,1502,1507,1520,1508,1508,1509,1504,1499,1504,1497,1503,1525,1506,1496,1501,1516,1516,1532,1532,1540,1545,1513,1526,1547,1555,1555,1550,1539,1527,1531,1527,1523,1521,1531,1534,1538,1539,1539,1543,1559,1567,1537,1532,1535,1540,1540,1539,1534,1522,1517,1522,1522,1538,1532,1523,1521,1515,1526,1537,1542,1507,1508,1508,1519,1529
1500,1496,1494,1501,1506,1521,1521,1525,1525,1525,1537,1543,1543,1544,1555,1563,1563,1563,1621,1616,1600,1551,1516,1537,1561,1565,1566,1560,1600,1626,1705,1705,1701,1729,1706,1688,1696,1700,1700,1715,1713,1704,1689,1677,1678,1677,1670,1668,1667,1674,1661,1666,1678,1676,1684,1687,1686,1692,1693,1688,1692,1693,1690,1684,1647,1651,1630,1630,1616,1608,1568,1570,1566,1619,1648,1687,1712,1682,1669,1648,1650,1634,1632,1634,1634,1642,1649,1648,1655,1663,1635,1630,1608,1613,1630,1607,1610,1616,1604,1601,1566,1572,1594,1606,1608,1635,1625,1611,1610,1638,1624,1636,1629,1607,1619,1616,1622,1622,1623,1612,1601
1500,1506,1513,1510,1509,1506,1506,1501,1515,1509,1531,1524,1521,1521,1519,1531,1531,1540,1551,1568,1560,1560,1593,1588,1595,1601,1599,1738,1726,1736,1713,1714,1686,1687,1694,1677,1676,1699,1692,1679,1683,1686,1683,1686,1699,1698,1701,1709,1702,1693,1688,1686,1688,1686,1681,1681,1722,1712,1724,1721,1719,1722,1712,1721,1702,1698,1691,1682,1680,1678,1692,1697,1699,1701,1688,1686,1637,1657,1670,1673,1667,1634,1621,1611,1621,1612,1608,1602,1582,1577,1569,1585,1576,1537,1535,1537,1535,1564,1562,1561,1561,1554,1584,1580,1573,1568,1562,1637,1644,1655,1655,1652,1661,1680,1663,1691,1685,1670,1672,1671,1650
1500,1509,1509,1503,1504,1519,1517,1510,1528,1528,1543,1544,1553,1591,1563,1562,1548,1552,1547,1530,1522,1521,1528,1527,1514,1521,1520,1511,1519,1511,1517,1514,1507,1487,1494,1464,1461,1479,1512,1540,1555,1545,1543,1553,1561,1552,1565,1561,1590,1605,1603,1603,1613,1647,1653,1653,1639,1633,1643,1638,1649,1665,1661,1649,1645,1645,1638,1633,1634,1608,1603,1595,1608,1596,1600,1601,1619,1615,1628,1618,1614,1630,1613,1620,1606,1648,1633,1630,1632,1632,1632,1627,1669,1656,1650,1682,1696,1695,1693,1696,1711,1714,1738,1742,1745,1736,1718,1715,1737,1743,1729,1709,1708,1706,1699,1703,1705,1713,1710,1715,1697
1500,1489,1499,1502,1493,1490,1485,1485,1485,1485,1490,1488,1488,1481,1495,1502,1515,1511,1505,1528,1531,1528,1544,1555,1555,1546,1534,1534,1534,1534,1534,1558,1570,1556,1563,1607,1605,1623,1634,1643,1651,1647,1654,1659,1658,1657,1658,1671,1654,1634,1636,1635,1631,1619,1622,1622,1612,1604,1608,1612,1602,1609,1619,1613,1626,1631,1644,1642,1667,1651,1650,1663,1670,1677,1670,1672,1664,1654,1668,1666,1664,1680,1690,1686,1701,1686,1665,1660,1654,1653,1597,1583,1571,1568,1560,1561,1556,1584,1596,1573,1580,1601,1594,1622,1641,1641,1629,1625,1651,1636,1652,1658,1675,1675,1679,1677,1680,1676,1690,1690,1707
1500,1498,1499,1485,1481,1481,1494,1495,1490,1496,1494,1503,1499,1497,1497,1511,1516,1523,1529,1533,1537,1552,1546,1539,1536,1533,1527,1514,1518,1515,1507,1502,1497,1484,1490,1486,1486,1471,1465,1472,1473,1472,1462,1475,1453,1446,1452,1451,1463,1441,1444,1435,1435,1469,1469,1473,1478,1473,1479,1495,1538,1536,1523,1520,1529,1537,1526,1514,1509,1521,1521,1514,1513,1506,1496,1494,1493,1482,1482,1487,1504,1480,1474,1477,1483,1490,1487,1486,1486,1490,1491,1497,1466,1471,1491,1500,1502,1501,1500,1499,1504,1501,1499,1500,1487,1467,1463,1461,1451,1446,1441,1456,1445,1445,1459,1456,1451,1465,1465,1474,1477
1500,1499,1493,1499,1501,1501,1471,1485,1494,1494,1493,1533,1522,1522,1501,1506,1508,1507,1514,1500,1500,1521,1521,1509,1512,1543,1542,1535,1518,1528,1529,1528,1527,1510,1518,1512,1509,1512,1491,1466,1472,1472,1475,1448,1449,1438,1447,1454,1458,1458,1452,1445,1455,1455,1467,1467,1476,1483,1486,1481,1481,1483,1481,1493,1493,1497,1503,1502,1481,1481,1482,1482,1482,1484,1474,1492,1494,1496,1478,1476,1466,1474,1496,1495,1493,1487,1487,1494,1480,1467,1467,1463,1463,1476,1477,1498,1518,1517,1516,1514,1494,1486,1486,1504,1472,1488,1471,1461,1461,1469,1482,1491,1474,1489,1485,1484,1479,1474,1473,1478,1465
1500,1499,1488,1436,1436,1439,1388,1397,1409,1408,1425,1407,1399,1414,1421,1433,1429,1436,1436,1437,1435,1441,1447,1453,1439,1444,1437,1456,1463,1485,1478,1478,1478,1479,1478,1476,1463,1462,1461,1465,1503,1500,1532,1532,1520,1522,1531,1578,1555,1561,1581,1575,1572,1574,1574,1579,1580,1585,1589,1590,1590,1581,1585,1583,1576,1581,1570,1556,1561,1564,1571,1566,1557,1568,1575,1588,1573,1580,1572,1572,1557,1558,1551,1536,1543,1541,1536,1532,1530,1526,1506,1497,1501,1494,1487,1485,1487,1479,1476,1477,1477,1481,1482,1472,1473,1454,1423,1415,1417,1422,1413,1421,1428,1430,1417,1417,1418,1394,1394,1387,1378
1500,1494,1497,1492,1490,1505,1511,1508,1523,1519,1507,1527,1531,1527,1526,1539,1539,1545,1539,1547,1534,1523,1529,1522,1520,1518,1515,1514,1474,1468,1477,1483,1468,1466,1457,1457,1460,1447,1445,1455,1454,1441,1449,1459,1453,1447,1454,1454,1453,1442,1407,1409,1412,1414,1399,1393,1393,1391,1381,1378,1386,1390,1392,1378,1365,1368,1365,1351,1353,1336,1337,1337,1332,1332,1335,1325,1350,1349,1363,1374,1368,1363,1353,1355,1355,1351,1351,1347,1341,1325,1333,1329,1329,1327,1330,1342,1348,1351,1358,1371,1366,1376,1376,1387,1370,1376,1376,1376,1369,1373,1372,1377,1373,1369,1366,1371,1358,1348,1338,1349,1350
1500,1497,1502,1507,1505,1510,1505,1509,1511,1515,1515,1526,1577,1584,1593,1594,1535,1535,1541,1567,1577,1579,1580,1589,1591,1593,1596,1587,1573,1571,1599,1603,1605,1611,1613,1620,1619,1615,1619,1629,1619,1578,1561,1566,1562,1562,1554,1545,1550,1541,1552,1554,1546,1555,1551,1559,1565,1567,1567,1554,1562,1561,1551,1565,1551,1549,1536,1536,1536,1562,1548,1535,1544,1535,1543,1550,1537,1542,1538,1505,1499,1496,1529,1522,1540,1541,1529,1519,1519,1517,1530,1533,1538,1543,1541,1543,1543,1529,1577,1567,1583,1583,1601,1605,1600,1593,1587,1583,1595,1593,1620,1637,1635,1661,1664,1666,1705,1708,1706,1695,1699
1500,1500,1498,1510,1502,1502,1496,1492,1501,1507,1494,1501,1539,1547,1542,1547,1583,1580,1583,1587,1579,1567,1567,1601,1613,1612,1611,1609,1609,1637,1638,1644,1634,1630,1630,1641,1643,1667,1654,1661,1665,1666,1671,1685,1685,1704,1722,1724,1689,1688,1692,1692,1679,1693,1688,1681,1681,1652,1660,1644,1636,1637,1640,1643,1640,1646,1632,1617,1630,1639,1675,1678,1681,1678,1703,1705,1704,1703,1707,1695,1712,1724,1704,1708,1682,1701,1703,1694,1695,1712,1711,1745,1770,1768,1770,1753,1745,1748,1755,1773,1783,1760,1760,1773,1787,1777,1758,1758,1763,1765,1752,1750,1749,1763,1776,1785,1814,1826,1834,1807,1812
1500,1506,1512,1503,1506,1506,1509,1482,1505,1524,1525,1501,1502,1490,1485,1498,1509,1517,1517,1549,1554,1550,1548,1544,1569,1571,1560,1640,1649,1638,1609,1606,1615,1611,1591,1573,1573,1577,1587,1593,1614,1622,1593,1590,1587,1578,1584,1587,1583,1567,1586,1586,1584,1587,1604,1595,1588,1590,1588,1596,1598,1595,1593,1598,1593,1580,1576,1587,1600,1600,1596,1592,1584,1575,1556,1547,1564,1559,1558,1533,1532,1538,1532,1535,1536,1535,1529,1550,1487,1506,1479,1522,1517,1515,1524,1518,1518,1585,1610,1600,1597,1613,1613,1613,1605,1586,1588,1579,1569,1575,1582,1582,1542,1538,1507,1510,1507,1509,1508,1505,1505
1500,1494,1501,1540,1550,1549,1566,1566,1582,1584,1585,1599,1601,1601,1601,1590,1591,1592,1585,1607,1612,1625,1620,1644,1635,1630,1637,1634,1630,1612,1625,1626,1661,1656,1654,1656,1699,1730,1732,1734,1742,1744,1745,1738,1752,1750,1749,1743,1745,1770,1765,1756,1755,1747,1768,1774,1808,1816,1825,1835,1826,1836,1835,1835,1832,1826,1846,1835,1832,1827,1799,1789,1797,1788,1786,1794,1829,1842,1834,1828,1831,1832,1833,1830,1823,1811,1815,1820,1843,1843,1834,1833,1859,1862,1856,1849,1849,1853,1864,1883,1897,1897,1886,1867,1863,1858,1871,1888,1887,1878,1877,1875,1873,1869,1887,1885,1896,1900,1917,1940,1946
1500,1500,1507,1521,1511,1511,1509,1498,1518,1519,1515,1517,1523,1528,1525,1524,1515,1498,1495,1495,1498,1498,1498,1498,1496,1500,1500,1509,1522,1537,1547,1527,1523,1511,1504,1497,1513,1513,1513,1517,1514,1513,1534,1515,1505,1491,1491,1471,1470,1445,1445,1436,1436,1444,1415,1422,1452,1456,1470,1472,1475,1479,1475,1481,1494,1501,1494,1498,1521,1521,1538,1531,1545,1547,1538,1551,1561,1582,1584,1587,1590,1544,1545,1541,1516,1525,1537,1537,1519,1524,1525,1516,1520,1542,1555,1555,1567,1562,1561,1583,1585,1589,1576,1563,1571,1580,1585,1583,1576,1567,1576,1559,1555,1555,1561,1557,1567,1559,1559,1559,1553
1500,1503,1500,1491,1483,1478,1472,1470,1463,1461,1459,1451,1452,1475,1473,1474,1452,1460,1460,1484,1483,1484,1511,1517,1498,1497,1514,1520,1525,1527,1529,1572,1576,1563,1544,1541,1548,1579,1584,1587,1587,1594,1594,1592,1594,1595,1600,1626,1626,1607,1613,1606,1611,1589,1589,1587,1569,1579,1624,1613,1613,1617,1620,1653,1658,1654,1648,1658,1680,1679,1654,1669,1662,1669,1693,1689,1672,1681,1686,1695,1654,1633,1633,1639,1621,1622,1624,1656,1659,1665,1687,1665,1664,1663,1659,1668,1674,1676,1694,1675,1685,1681,1676,1671,1681,1682,1675,1673,1684,1680,1669,1669,1642,1632,1629,1623,1608,1591,1576,1586,1578
1500,1510,1498,1490,1481,1475,1474,1473,1528,1557,1564,1569,1569,1556,1541,1538,1544,1539,1534,1528,1533,1527,1533,1538,1526,1513,1521,1517,1516,1521,1521,1531,1529,1527,1531,1532,1527,1532,1527,1525,1507,1489,1492,1489,1491,1496,1491,1491,1461,1458,1443,1437,1433,1428,1434,1415,1421,1436,1436,1436,1434,1431,1477,1471,1468,1473,1473,1473,1475,1480,1481,1487,1457,1455,1454,1444,1436,1440,1443,1451,1454,1454,1455,1451,1446,1446,1425,1416,1411,1400,1399,1429,1429,1436,1425,1427,1432,1443,1443,1432,1439,1436,1431,1435,1427,1424,1428,1422,1418,1440,1438,1420,1426,1423,1405,1411,1417,1438,1436,1436,1435
1500,1476,1481,1470,1462,1474,1473,1471,1491,1478,1471,1471,1499,1472,1458,1452,1458,1460,1466,1431,1432,1458,1476,1474,1462,1440,1433,1445,1437,1425,1431,1420,1407,1393,1384,1368,1373,1365,1362,1366,1355,1357,1357,1358,1360,1360,1350,1309,1310,1312,1332,1337,1379,1383,1367,1364,1387,1389,1389,1399,1410,1407,1409,1404,1375,1368,1373,1382,1377,1372,1364,1364,1360,1366,1366,1366,1364,1364,1362,1360,1360,1351,1354,1349,1350,1340,1340,1343,1374,1371,1378,1370,1389,1345,1345,1345,1345,1345,1348,1338,1359,1359,1371,1359,1364,1364,1361,1353,1335,1341,1356,1349,1349,1347,1334,1334,1340,1341,1341,1335,1336
1500,1498,1485,1501,1534,1539,1536,1527,1527,1526,1524,1607,1604,1598,1606,1598,1628,1637,1642,1631,1631,1621,1618,1605,1605,1609,1618,1623,1627,1618,1597,1592,1586,1595,1594,1590,1604,1606,1604,1624,1627,1622,1623,1613,1624,1629,1632,1625,1615,1617,1625,1625,1624,1601,1600,1592,1598,1592,1585,1578,1580,1582,1568,1560,1558,1580,1581,1590,1590,1591,1586,1587,1579,1586,1586,1603,1605,1610,1612,1611,1610,1593,1590,1595,1596,1607,1630,1635,1633,1618,1624,1645,1641,1649,1661,1674,1676,1673,1667,1680,1695,1710,1704,1705,1704,1689,1667,1667,1665,1672,1675,1662,1676,1668,1627,1613,1611,1618,1628,1635,1652
1500,1513,1513,1527,1527,1536,1532,1556,1551,1545,1555,1558,1559,1560,1561,1551,1561,1558,1560,1553,1561,1562,1560,1564,1554,1564,1570,1573,1566,1560,1554,1519,1513,1511,1497,1497,1486,1500,1500,1504,1503,1496,1484,1472,1476,1523,1504,1543,1557,1547,1540,1533,1532,1530,1536,1530,1518,1519,1512,1514,1464,1460,1466,1482,1469,1469,1471,1461,1465,1483,1488,1457,1480,1483,1469,1461,1464,1469,1452,1440,1443,1441,1443,1440,1439,1436,1424,1424,1426,1409,1397,1385,1400,1402,1412,1410,1410,1409,1408,1404,1388,1385,1379,1379,1365,1373,1383,1379,1378,1365,1349,1346,1338,1339,1343,1339,1328,1329,1347,1331,1301
1500,1500,1500,1489,1485,1484,1455,1461,1430,1425,1430,1421,1419,1447,1436,1465,1462,1475,1479,1507,1506,1510,1499,1602,1594,1590,1600,1582,1582,1582,1605,1609,1602,1592,1619,1609,1610,1630,1611,1621,1606,1592,1588,1584,1589,1585,1585,1585,1579,1585,1572,1593,1594,1583,1574,1572,1583,1584,1567,1563,1560,1561,1552,1556,1576,1575,1573,1573,1570,1568,1574,1575,1571,1583,1568,1570,1550,1545,1538,1534,1526,1513,1511,1520,1516,1516,1517,1513,1517,1516,1513,1513,1498,1499,1497,1505,1512,1511,1516,1501,1511,1512,1523,1499,1498,1485,1496,1497,1455,1444,1438,1434,1432,1435,1430,1444,1448,1473,1479,1491,1495
1500,1504,1491,1492,1484,1456,1477,1472,1477,1482,1482,1499,1494,1494,1482,1489,1460,1457,1448,1450,1458,1472,1487,1481,1431,1429,1443,1441,1426,1434,1425,1423,1429,1436,1434,1438,1424,1424,1431,1431,1433,1427,1419,1430,1437,1443,1526,1530,1523,1526,1524,1530,1537,1541,1553,1570,1572,1589,1592,1602,1599,1599,1599,1631,1629,1620,1593,1589,1575,1602,1601,1585,1584,1582,1565,1549,1561,1562,1590,1593,1591,1597,1587,1587,1576,1568,1566,1571,1574,1570,1571,1569,1574,1569,1564,1552,1557,1561,1559,1544,1540,1537,1555,1550,1518,1524,1516,1529,1539,1499,1495,1506,1511,1489,1483,1480,1490,1510,1501,1479,1483
1500,1488,1488,1503,1501,1504,1503,1491,1482,1477,1490,1489,1496,1496,1503,1510,1492,1499,1499,1488,1496,1484,1477,1447,1448,1466,1473,1462,1490,1479,1477,1480,1482,1492,1493,1503,1503,1495,1546,1555,1548,1564,1557,1544,1552,1549,1504,1503,1508,1470,1483,1482,1484,1450,1437,1439,1436,1446,1455,1456,1452,1442,1464,1453,1457,1456,1456,1467,1462,1452,1454,1444,1441,1438,1451,1453,1444,1440,1449,1428,1418,1410,1404,1410,1399,1387,1403,1412,1412,1411,1411,1410,1400,1409,1410,1389,1384,1407,1404,1402,1392,1396,1395,1406,1405,1401,1412,1409,1412,1407,1394,1396,1397,1399,1398,1389,1385,1386,1398,1397,1401
1500,1515,1494,1488,1486,1486,1470,1460,1465,1456,1467,1475,1466,1460,1460,1456,1460,1458,1460,1466,1445,1444,1438,1445,1446,1467,1467,1472,1471,1466,1480,1480,1464,1472,1464,1464,1470,1472,1478,1494,1504,1497,1491,1486,1484,1483,1487,1487,1490,1536,1525,1520,1528,1535,1526,1556,1552,1536,1543,1562,1556,1562,1561,1527,1525,1531,1533,1525,1512,1514,1514,1498,1481,1471,1482,1479,1502,1502,1502,1494,1494,1491,1469,1472,1463,1451,1440,1435,1435,1428,1419,1412,1402,1396,1398,1393,1388,1372,1376,1374,1397,1409,1410,1396,1402,1403,1408,1409,1405,1403,1404,1429,1487,1499,1498,1488,1484,1467,1467,1479,1479
1500,1532,1525,1529,1528,1520,1516,1518,1509,1499,1498,1497,1497,1491,1494,1497,1496,1499,1498,1503,1490,1487,1479,1479,1477,1475,1482,1490,1472,1466,1461,1461,1462,1449,1447,1457,1463,1466,1467,1465,1460,1450,1445,1438,1439,1435,1432,1393,1407,1406,1397,1402,1408,1397,1411,1419,1419,1425,1418,1413,1407,1410,1414,1415,1408,1408,1415,1430,1426,1436,1433,1433,1443,1431,1409,1412,1420,1412,1415,1415,1408,1410,1417,1417,1435,1426,1429,1416,1419,1419,1417,1411,1406,1424,1419,1419,1418,1412,1410,1408,1408,1408,1410,1406,1399,1393,1384,1361,1362,1361,1360,1331,1321,1305,1299,1297,1309,1306,1306,1309,1303
1500,1490,1484,1475,1488,1490,1501,1498,1533,1534,1534,1556,1568,1566,1545,1541,1578,1573,1555,1555,1555,1599,1599,1608,1613,1613,1618,1612,1610,1609,1629,1629,1628,1676,1666,1660,1650,1639,1640,1661,1661,1665,1678,1678,1695,1705,1680,1679,1678,1677,1685,1693,1651,1652,1654,1665,1664,1666,1666,1669,1658,1675,1672,1679,1672,1667,1677,1696,1695,1692,1695,1693,1698,1697,1706,1716,1749,1748,1756,1760,1755,1751,1746,1747,1747,1722,1724,1713,1716,1699,1701,1703,1699,1716,1728,1680,1673,1675,1653,1647,1632,1622,1630,1627,1625,1630,1627,1620,1611,1631,1623,1612,1611,1602,1615,1619,1610,1611,1607,1615,1616
1500,1500,1492,1506,1507,1497,1496,1480,1482,1481,1481,1469,1468,1457,1460,1467,1465,1475,1481,1471,1466,1464,1427,1425,1409,1417,1408,1415,1418,1408,1410,1390,1378,1378,1381,1381,1370,1379,1398,1424,1427,1435,1431,1425,1438,1422,1433,1473,1465,1463,1471,1469,1461,1453,1455,1440,1412,1410,1417,1415,1411,1410,1426,1423,1427,1403,1410,1419,1411,1447,1447,1449,1464,1456,1443,1457,1457,1462,1475,1453,1439,1434,1426,1432,1430,1427,1437,1438,1420,1424,1416,1409,1388,1396,1389,1379,1388,1409,1409,1401,1401,1400,1413,1413,1420,1422,1429,1397,1392,1401,1397,1395,1394,1393,1398,1410,1396,1396,1391,1372,1365
1500,1503,1496,1494,1485,1485,1491,1493,1522,1505,1506,1498,1494,1510,1514,1515,1496,1493,1491,1488,1489,1479,1459,1448,1453,1439,1447,1446,1448,1440,1439,1453,1446,1441,1445,1439,1431,1425,1427,1409,1395,1401,1400,1422,1426,1423,1423,1415,1407,1413,1430,1441,1442,1455,1471,1465,1466,1454,1448,1453,1459,1462,1457,1451,1458,1456,1449,1439,1450,1450,1470,1460,1459,1451,1490,1474,1472,1472,1463,1460,1462,1462,1469,1466,1444,1444,1438,1442,1441,1428,1434,1425,1437,1427,1415,1418,1416,1425,1434,1432,1441,1446,1402,1415,1412,1409,1398,1399,1400,1451,1428,1418,1446,1448,1456,1456,1441,1439,1439,1416,1404
1500,1449,1477,1484,1482,1470,1470,1469,1472,1470,1467,1468,1473,1471,1461,1458,1475,1474,1472,1464,1474,1485,1480,1442,1455,1463,1446,1427,1427,1424,1431,1418,1420,1420,1411,1409,1421,1416,1412,1405,1401,1419,1422,1368,1368,1371,1406,1402,1424,1424,1417,1391,1375,1375,1368,1366,1361,1363,1364,1477,1480,1472,1468,1475,1474,1484,1479,1483,1528,1512,1512,1504,1515,1525,1531,1527,1523,1525,1526,1518,1501,1495,1492,1499,1494,1489,1482,1482,1479,1488,1492,1492,1504,1481,1477,1446,1456,1456,1444,1431,1420,1400,1406,1406,1435,1438,1429,1429,1446,1444,1444,1438,1437,1441,1435,1427,1426,1439,1431,1427,1428
1500,1513,1511,1517,1540,1529,1527,1522,1534,1525,1522,1512,1510,1501,1499,1493,1502,1500,1500,1507,1505,1513,1513,1515,1517,1490,1490,1489,1490,1500,1502,1474,1460,1466,1464,1472,1488,1493,1509,1507,1460,1460,1466,1471,1464,1482,1479,1483,1483,1487,1511,1497,1504,1508,1511,1505,1509,1507,1507,1500,1493,1504,1501,1475,1480,1462,1474,1487,1493,1495,1521,1537,1535,1526,1526,1530,1532,1535,1530,1533,1493,1486,1486,1482,1470,1477,1463,1472,1474,1484,1476,1463,1478,1483,1486,1485,1502,1502,1501,1509,1494,1483,1472,1466,1468,1431,1428,1442,1452,1454,1447,1442,1431,1435,1430,1414,1410,1408,1407,1407,1421
1500,1510,1510,1522,1516,1506,1521,1528,1537,1532,1530,1542,1544,1543,1542,1531,1532,1519,1513,1506,1494,1505,1489,1487,1484,1475,1488,1486,1487,1487,1500,1497,1499,1494,1511,1509,1511,1506,1508,1507,1494,1489,1478,1487,1488,1475,1477,1465,1462,1461,1454,1451,1451,1459,1460,1456,1447,1440,1441,1392,1427,1426,1424,1427,1418,1403,1416,1422,1412,1401,1394,1399,1390,1383,1378,1389,1391,1390,1389,1396,1377,1377,1375,1370,1369,1363,1361,1377,1376,1376,1416,1416,1421,1419,1416,1427,1425,1426,1426,1420,1399,1398,1387,1385,1385,1416,1418,1431,1425,1407,1405,1396,1384,1419,1425,1449,1439,1444,1461,1436,1431
1500,1461,1454,1466,1470,1473,1472,1523,1519,1522,1492,1492,1492,1495,1492,1492,1488,1479,1515,1507,1505,1499,1534,1550,1542,1515,1512,1522,1514,1500,1500,1505,1522,1510,1510,1497,1499,1499,1509,1512,1505,1517,1510,1505,1496,1497,1505,1506,1539,1533,1530,1529,1510,1510,1507,1507,1506,1510,1532,1531,1526,1522,1514,1512,1525,1514,1528,1526,1529,1508,1512,1532,1526,1532,1533,1523,1525,1524,1524,1507,1509,1494,1500,1489,1448,1442,1448,1454,1466,1453,1462,1464,1460,1451,1453,1422,1432,1428,1387,1390,1345,1371,1371,1364,1377,1406,1397,1406,1397,1397,1395,1396,1389,1391,1398,1359,1359,1359,1358,1357,1359
1500,1489,1498,1482,1482,1482,1480,1487,1486,1484,1487,1483,1479,1479,1478,1478,1445,1434,1440,1426,1418,1432,1464,1465,1479,1458,1506,1505,1517,1522,1527,1521,1516,1513,1511,1508,1525,1531,1535,1543,1542,1546,1564,1572,1576,1570,1577,1588,1596,1588,1568,1577,1580,1566,1562,1567,1564,1595,1579,1579,1579,1632,1638,1638,1624,1671,1679,1672,1666,1667,1660,1656,1650,1650,1645,1639,1642,1647,1646,1642,1640,1637,1647,1652,1656,1647,1562,1564,1567,1592,1590,1591,1593,1594,1589,1583,1577,1568,1561,1547,1551,1553,1555,1564,1559,1587,1597,1581,1581,1533,1540,1534,1533,1540,1559,1595,1598,1553,1529,1525,1533
1500,1483,1483,1485,1496,1503,1512,1524,1531,1518,1522,1537,1532,1524,1511,1493,1495,1497,1498,1488,1493,1497,1494,1503,1505,1512,1516,1492,1503,1504,1497,1481,1475,1471,1495,1497,1509,1502,1499,1482,1487,1472,1470,1487,1483,1501,1514,1509,1510,1510,1522,1523,1519,1501,1497,1494,1478,1486,1489,1488,1486,1482,1476,1479,1447,1447,1453,1489,1493,1492,1499,1515,1504,1507,1486,1453,1473,1476,1470,1461,1452,1428,1426,1405,1396,1397,1400,1391,1390,1412,1413,1405,1404,1402,1378,1380,1380,1366,1358,1358,1355,1350,1348,1325,1331,1330,1327,1324,1316,1303,1319,1300,1290,1290,1297,1295,1290,1286,1280,1254,1249
1500,1508,1508,1508,1515,1499,1496,1491,1488,1458,1457,1463,1457,1470,1469,1475,1453,1445,1443,1416,1416,1413,1413,1402,1412,1412,1390,1389,1412,1409,1419,1417,1417,1411,1413,1413,1411,1420,1397,1397,1404,1402,1389,1395,1394,1393,1399,1415,1415,1416,1398,1418,1440,1436,1435,1433,1431,1464,1465,1434,1434,1439,1443,1436,1482,1499,1501,1503,1512,1504,1509,1522,1517,1518,1513,1540,1546,1556,1548,1551,1543,1522,1526,1509,1506,1504,1514,1514,1521,1509,1517,1510,1511,1521,1519,1522,1526,1514,1518,1539,1536,1546,1548,1549,1564,1564,1608,1621,1625,1608,1617,1615,1612,1597,1597,1583,1599,1610,1597,1600,1595
1500,1520,1517,1526,1529,1529,1531,1522,1520,1524,1521,1515,1505,1500,1501,1501,1491,1489,1491,1495,1488,1471,1480,1493,1494,1487,1487,1497,1501,1513,1520,1516,1518,1509,1550,1552,1547,1551,1553,1558,1563,1562,1553,1550,1555,1562,1564,1550,1552,1563,1565,1588,1588,1580,1579,1565,1580,1582,1556,1549,1559,1572,1568,1565,1560,1554,1554,1546,1530,1529,1532,1533,1513,1525,1537,1549,1535,1535,1535,1549,1547,1533,1517,1521,1518,1506,1507,1501,1494,1493,1480,1538,1546,1533,1536,1530,1527,1537,1545,1551,1571,1573,1570,1571,1581,1581,1573,1574,1568,1570,1570,1565,1578,1583,1601,1611,1622,1608,1619,1604,1608
1500,1507,1499,1502,1499,1499,1498,1504,1505,1501,1502,1507,1507,1518,1520,1527,1542,1541,1536,1539,1543,1528,1514,1493,1490,1487,1492,1517,1513,1497,1496,1474,1478,1493,1482,1480,1481,1480,1476,1486,1499,1507,1502,1502,1505,1487,1480,1471,1465,1448,1454,1449,1449,1457,1455,1461,1466,1462,1471,1485,1465,1463,1463,1463,1490,1494,1478,1485,1509,1491,1468,1463,1439,1442,1441,1447,1447,1446,1438,1443,1440,1431,1451,1455,1465,1462,1470,1470,1452,1460,1453,1468,1461,1456,1468,1473,1456,1460,1481,1481,1474,1483,1483,1483,1492,1489,1478,1478,1473,1476,1479,1469,1462,1449,1421,1428,1420,1413,1390,1399,1400
1500,1493,1499,1509,1507,1504,1501,1493,1488,1487,1493,1489,1491,1491,1488,1488,1514,1512,1522,1515,1520,1542,1540,1547,1551,1551,1551,1543,1534,1527,1529,1519,1519,1515,1516,1518,1494,1478,1471,1454,1455,1466,1463,1466,1481,1479,1481,1494,1494,1499,1482,1465,1468,1471,1484,1483,1486,1507,1517,1524,1524,1523,1517,1517,1517,1513,1482,1483,1483,1488,1478,1472,1475,1492,1476,1461,1460,1468,1451,1445,1437,1441,1443,1455,1438,1444,1445,1441,1440,1440,1433,1425,1408,1412,1413,1413,1416,1361,1360,1368,1363,1368,1369,1375,1374,1341,1335,1333,1341,1342,1332,1334,1329,1332,1351,1355,1369,1355,1354,1335,1330
1500,1498,1496,1497,1495,1493,1469,1456,1449,1454,1463,1462,1458,1468,1480,1480,1502,1501,1511,1501,1497,1490,1492,1475,1487,1478,1509,1507,1503,1493,1492,1497,1512,1509,1508,1507,1523,1543,1537,1531,1531,1535,1542,1544,1554,1528,1534,1524,1519,1519,1490,1490,1497,1510,1451,1431,1431,1435,1437,1438,1440,1429,1431,1440,1437,1452,1449,1435,1405,1397,1389,1402,1427,1457,1465,1458,1463,1471,1473,1441,1430,1435,1437,1433,1409,1432,1440,1443,1469,1467,1450,1446,1436,1434,1441,1444,1446,1431,1421,1412,1403,1400,1388,1386,1391,1383,1380,1382,1386,1379,1387,1387,1384,1379,1366,1370,1367,1368,1364,1360,1368
1500,1489,1527,1530,1529,1526,1507,1500,1508,1500,1512,1523,1550,1546,1542,1545,1545,1548,1551,1558,1555,1549,1552,1553,1570,1571,1563,1573,1569,1568,1545,1530,1521,1521,1527,1528,1546,1546,1536,1534,1534,1537,1513,1514,1506,1502,1499,1499,1502,1506,1494,1491,1488,1495,1502,1494,1494,1498,1498,1498,1483,1477,1483,1479,1479,1457,1451,1442,1466,1506,1506,1531,1521,1518,1526,1539,1512,1507,1498,1508,1522,1527,1520,1527,1527,1516,1512,1524,1526,1520,1553,1547,1541,1551,1550,1560,1560,1558,1549,1541,1538,1534,1533,1541,1544,1560,1571,1566,1564,1564,1580,1571,1575,1556,1551,1545,1550,1549,1544,1536,1531
1500,1504,1488,1488,1469,1464,1461,1475,1502,1505,1496,1496,1489,1490,1489,1475,1472,1470,1473,1476,1470,1453,1443,1431,1442,1444,1464,1427,1430,1421,1425,1427,1427,1417,1417,1397,1395,1393,1390,1396,1386,1386,1376,1376,1379,1405,1410,1413,1408,1401,1393,1391,1384,1421,1426,1427,1434,1431,1442,1449,1448,1399,1399,1402,1399,1398,1393,1392,1396,1394,1394,1396,1408,1399,1408,1401,1393,1389,1378,1378,1380,1382,1382,1367,1364,1360,1392,1377,1381,1373,1401,1401,1386,1398,1399,1396,1406,1395,1413,1399,1402,1401,1399,1407,1425,1428,1423,1428,1436,1431,1430,1431,1423,1426,1426,1428,1437,1435,1431,1431,1427
1500,1506,1519,1497,1497,1474,1474,1464,1465,1474,1474,1470,1471,1482,1469,1473,1476,1485,1485,1477,1475,1477,1477,1497,1494,1489,1515,1509,1513,1508,1478,1476,1489,1489,1483,1452,1451,1449,1452,1452,1442,1439,1449,1450,1437,1433,1456,1454,1470,1475,1446,1457,1457,1443,1451,1436,1433,1424,1424,1416,1416,1410,1417,1416,1410,1407,1408,1397,1393,1383,1381,1361,1347,1346,1346,1334,1342,1336,1346,1350,1344,1348,1348,1342,1348,1343,1346,1345,1343,1348,1341,1345,1324,1354,1349,1355,1359,1359,1365,1373,1373,1387,1386,1387,1380,1380,1382,1385,1388,1380,1375,1372,1369,1319,1312,1311,1340,1339,1338,1334,1334
1500,1505,1511,1507,1525,1531,1534,1531,1526,1529,1543,1548,1542,1551,1555,1555,1559,1550,1520,1511,1538,1554,1560,1558,1559,1549,1540,1551,1563,1547,1552,1557,1555,1562,1532,1530,1577,1584,1585,1591,1588,1584,1591,1597,1596,1612,1610,1601,1599,1598,1604,1605,1600,1580,1554,1544,1589,1572,1573,1570,1582,1579,1576,1566,1568,1572,1578,1579,1580,1573,1562,1562,1570,1576,1582,1552,1550,1550,1530,1527,1535,1557,1567,1574,1595,1594,1591,1589,1587,1605,1605,1610,1601,1601,1600,1599,1603,1614,1608,1606,1615,1618,1628,1624,1623,1624,1614,1629,1593,1567,1567,1577,1562,1547,1552,1536,1535,1535,1552,1591,1587
1500,1503,1498,1504,1504,1502,1503,1511,1501,1496,1489,1480,1482,1491,1513,1509,1495,1497,1473,1473,1479,1467,1467,1470,1470,1465,1453,1438,1436,1421,1450,1453,1403,1402,1424,1422,1433,1440,1444,1454,1460,1441,1437,1428,1426,1456,1435,1435,1436,1437,1437,1435,1425,1421,1424,1457,1452,1466,1462,1442,1456,1463,1462,1460,1439,1439,1439,1423,1435,1429,1427,1408,1401,1401,1397,1409,1429,1417,1413,1451,1449,1447,1438,1441,1440,1429,1428,1433,1442,1447,1446,1445,1437,1444,1436,1463,1469,1475,1472,1451,1458,1453,1454,1445,1446,1448,1460,1451,1488,1488,1488,1509,1508,1495,1494,1475,1473,1507,1515,1505,1511
1500,1509,1505,1512,1563,1567,1567,1579,1578,1582,1610,1610,1612,1626,1608,1610,1603,1631,1633,1618,1621,1620,1625,1625,1626,1640,1629,1625,1594,1614,1609,1615,1623,1616,1598,1589,1591,1586,1597,1600,1577,1577,1576,1562,1559,1571,1564,1542,1525,1526,1554,1546,1545,1555,1554,1554,1580,1592,1597,1570,1560,1556,1556,1567,1573,1557,1568,1587,1611,1615,1610,1618,1598,1597,1606,1602,1602,1598,1598,1596,1602,1588,1589,1580,1578,1566,1568,1568,1569,1537,1540,1541,1554,1554,1567,1589,1598,1597,1604,1603,1599,1597,1613,1593,1603,1595,1621,1621,1614,1608,1628,1631,1641,1641,1654,1654,1636,1630,1640,1635,1643
1500,1494,1464,1457,1474,1460,1415,1427,1420,1462,1452,1450,1462,1474,1462,1457,1456,1447,1440,1441,1454,1452,1458,1460,1469,1453,1452,1468,1468,1450,1443,1454,1459,1462,1487,1482,1464,1469,1477,1484,1491,1491,1493,1473,1474,1478,1476,1475,1475,1473,1474,1469,1486,1484,1496,1490,1497,1503,1482,1477,1474,1465,1447,1443,1454,1451,1453,1447,1449,1465,1481,1448,1438,1430,1419,1438,1431,1421,1416,1425,1407,1420,1403,1385,1383,1384,1353,1356,1349,1356,1356,1359,1355,1331,1325,1317,1315,1324,1324,1355,1339,1320,1334,1326,1316,1301,1305,1316,1314,1315,1314,1320,1321,1319,1326,1325,1325,1325,1320,1352,1304
1500,1493,1494,1504,1526,1528,1529,1535,1512,1511,1498,1497,1490,1491,1495,1501,1503,1521,1531,1540,1554,1547,1540,1544,1538,1538,1532,1525,1527,1516,1541,1532,1549,1556,1551,1544,1556,1549,1545,1531,1532,1547,1550,1603,1608,1606,1613,1613,1613,1608,1616,1627,1620,1615,1616,1613,1612,1574,1560,1567,1562,1563,1571,1576,1570,1578,1563,1563,1557,1608,1604,1602,1598,1611,1590,1591,1591,1573,1608,1607,1611,1611,1606,1596,1603,1614,1612,1603,1573,1539,1573,1554,1551,1551,1547,1568,1587,1589,1618,1617,1622,1619,1630,1633,1634,1648,1648,1634,1631,1628,1665,1666,1649,1655,1657,1652,1651,1651,1663,1674,1682
1500,1494,1490,1490,1499,1475,1470,1473,1479,1494,1483,1493,1486,1472,1472,1474,1476,1468,1470,1460,1456,1456,1456,1483,1479,1481,1501,1501,1486,1486,1474,1474,1473,1456,1457,1459,1459,1460,1423,1415,1417,1441,1441,1436,1435,1434,1401,1402,1412,1403,1399,1406,1404,1411,1390,1387,1400,1406,1403,1405,1408,1401,1405,1430,1430,1428,1421,1429,1429,1430,1409,1396,1394,1407,1402,1404,1391,1390,1413,1417,1415,1445,1452,1436,1417,1414,1405,1410,1425,1431,1435,1451,1421,1424,1431,1442,1453,1457,1468,1519,1508,1524,1524,1538,1562,1547,1547,1535,1541,1576,1584,1578,1567,1597,1587,1586,1547,1549,1552,1550,1546
1500,1510,1515,1529,1548,1541,1541,1541,1564,1559,1562,1547,1567,1538,1535,1534,1542,1517,1538,1543,1533,1533,1532,1531,1542,1542,1539,1525,1536,1556,1552,1552,1556,1552,1543,1546,1543,1542,1533,1524,1528,1510,1510,1499,1481,1478,1478,1481,1466,1472,1469,1464,1481,1481,1477,1473,1469,1589,1588,1587,1573,1568,1553,1557,1565,1564,1596,1603,1603,1592,1580,1604,1615,1624,1622,1613,1616,1722,1720,1720,1720,1704,1698,1696,1704,1695,1688,1704,1695,1688,1702,1684,1676,1666,1666,1668,1656,1663,1657,1679,1672,1673,1681,1679,1662,1655,1655,1658,1654,1654,1658,1663,1663,1679,1686,1700,1705,1715,1714,1706,1712
1500,1508,1505,1519,1521,1530,1499,1499,1493,1493,1483,1486,1468,1468,1470,1462,1466,1452,1433,1433,1437,1448,1438,1433,1430,1430,1435,1430,1443,1465,1507,1491,1485,1458,1454,1449,1453,1458,1484,1479,1477,1482,1482,1495,1493,1485,1478,1474,1473,1484,1472,1469,1475,1471,1428,1424,1425,1423,1409,1431,1451,1455,1455,1431,1438,1438,1437,1434,1439,1448,1439,1438,1466,1477,1517,1508,1511,1516,1506,1500,1500,1487,1497,1505,1506,1505,1484,1482,1488,1488,1465,1473,1475,1474,1488,1483,1480,1509,1509,1547,1547,1545,1540,1504,1488,1493,1473,1468,1474,1474,1481,1501,1490,1484,1522,1529,1558,1544,1558,1564,1579
1500,1492,1496,1541,1535,1546,1547,1531,1534,1533,1542,1543,1527,1547,1534,1536,1526,1530,1529,1520,1520,1534,1536,1542,1552,1562,1569,1574,1581,1574,1574,1537,1527,1544,1542,1559,1568,1562,1554,1590,1589,1609,1605,1608,1579,1551,1547,1550,1540,1547,1537,1529,1542,1533,1519,1518,1518,1513,1513,1486,1479,1485,1486,1426,1440,1440,1438,1441,1449,1453,1453,1461,1450,1448,1441,1423,1409,1411,1421,1421,1405,1401,1401,1420,1437,1541,1548,1563,1563,1575,1575,1586,1585,1583,1599,1629,1627,1638,1633,1634,1614,1599,1597,1588,1604,1655,1660,1656,1648,1650,1680,1683,1689,1682,1682,1681,1668,1642,1637,1637,1634
1500,1488,1478,1509,1508,1507,1502,1469,1468,1460,1459,1457,1451,1451,1445,1487,1485,1498,1495,1495,1495,1423,1433,1435,1446,1427,1443,1440,1440,1447,1465,1465,1471,1584,1582,1577,1575,1570,1563,1562,1572,1569,1547,1558,1559,1578,1601,1601,1593,1601,1600,1604,1600,1590,1606,1599,1595,1594,1583,1578,1581,1546,1542,1543,1528,1528,1526,1524,1520,1511,1460,1468,1468,1472,1483,1503,1504,1503,1498,1494,1501,1533,1505,1513,1500,1498,1503,1502,1501,1498,1495,1493,1470,1463,1457,1462,1465,1487,1486,1482,1490,1480,1479,1474,1476,1474,1487,1466,1466,1457,1455,1444,1439,1433,1449,1447,1459,1467,1462,1448,1440
1500,1473,1485,1490,1499,1499,1508,1509,1506,1506,1503,1486,1514,1517,1521,1511,1514,1531,1521,1525,1529,1525,1524,1525,1528,1536,1510,1509,1511,1508,1502,1473,1475,1474,1467,1467,1459,1454,1464,1464,1474,1472,1461,1482,1474,1455,1447,1442,1442,1436,1437,1452,1445,1445,1425,1429,1428,1424,1427,1416,1412,1412,1435,1432,1432,1448,1478,1480,1473,1478,1519,1519,1525,1542,1548,1518,1515,1524,1521,1514,1479,1479,1486,1484,1489,1486,1483,1494,1504,1497,1492,1484,1500,1499,1481,1478,1471,1471,1464,1468,1477,1489,1489,1490,1495,1517,1521,1557,1547,1546,1545,1531,1534,1543,1544,1533,1529,1535,1545,1538,1531
1500,1501,1502,1499,1494,1500,1502,1519,1515,1530,1557,1555,1557,1575,1576,1578,1577,1584,1595,1587,1579,1570,1538,1533,1486,1468,1470,1472,1442,1437,1423,1428,1418,1409,1392,1383,1390,1367,1357,1354,1354,1360,1363,1379,1374,1372,1363,1368,1373,1374,1322,1315,1316,1311,1319,1319,1307,1301,1301,1301,1303,1303,1280,1275,1269,1265,1265,1279,1295,1281,1280,1271,1268,1291,1297,1296,1295,1304,1308,1302,1306,1308,1329,1326,1332,1331,1316,1316,1322,1320,1331,1351,1348,1346,1384,1388,1377,1377,1380,1376,1364,1364,1363,1394,1401,1414,1413,1415,1402,1402,1402,1411,1401,1407,1441,1430,1422,1419,1426,1402,1400
1500,1500,1496,1508,1513,1528,1501,1494,1490,1496,1498,1490,1496,1496,1490,1490,1505,1511,1506,1503,1504,1502,1513,1486,1477,1478,1476,1477,1481,1495,1488,1489,1493,1479,1476,1490,1482,1471,1473,1500,1506,1508,1513,1495,1493,1494,1505,1514,1502,1498,1490,1500,1492,1508,1509,1505,1521,1555,1548,1552,1550,1550,1539,1500,1497,1509,1523,1523,1537,1522,1502,1495,1495,1493,1502,1503,1509,1509,1494,1489,1487,1482,1477,1484,1489,1477,1472,1473,1486,1536,1543,1543,1539,1533,1523,1528,1533,1533,1520,1522,1520,1531,1523,1528,1520,1534,1497,1488,1485,1486,1481,1481,1504,1536,1536,1549,1526,1526,1524,1524,1516
1500,1497,1505,1491,1488,1487,1487,1483,1490,1498,1482,1484,1475,1512,1510,1501,1515,1513,1511,1513,1502,1489,1472,1477,1510,1508,1519,1519,1508,1555,1562,1578,1575,1584,1580,1581,1579,1577,1575,1591,1574,1571,1570,1571,1568,1565,1563,1577,1552,1556,1551,1555,1558,1550,1551,1557,1548,1548,1552,1546,1546,1555,1550,1550,1555,1560,1566,1564,1568,1536,1544,1532,1536,1526,1501,1491,1489,1470,1478,1466,1470,1442,1438,1443,1451,1451,1447,1444,1436,1427,1424,1426,1423,1415,1409,1422,1414,1403,1425,1424,1454,1446,1448,1438,1438,1443,1433,1441,1451,1473,1457,1456,1456,1449,1450,1429,1430,1442,1422,1397,1393
1500,1487,1510,1514,1511,1528,1521,1526,1524,1528,1538,1491,1480,1476,1473,1478,1480,1480,1472,1471,1460,1458,1458,1465,1465,1453,1451,1467,1469,1491,1480,1480,1487,1486,1478,1491,1495,1500,1496,1494,1490,1457,1455,1462,1461,1468,1454,1454,1455,1445,1460,1460,1472,1475,1466,1466,1481,1488,1485,1485,1515,1512,1512,1515,1516,1508,1503,1503,1492,1486,1484,1477,1481,1480,1464,1446,1437,1437,1431,1427,1432,1428,1419,1416,1409,1400,1422,1426,1407,1413,1411,1405,1406,1395,1425,1433,1434,1430,1430,1430,1438,1450,1442,1442,1463,1455,1460,1460,1466,1462,1465,1468,1469,1474,1469,1465,1436,1434,1463,1461,1462
1500,1507,1507,1516,1521,1514,1469,1486,1505,1494,1500,1509,1494,1479,1480,1474,1479,1496,1497,1495,1494,1483,1454,1448,1452,1454,1461,1462,1443,1431,1432,1413,1412,1402,1399,1401,1399,1396,1390,1396,1395,1386,1391,1391,1389,1404,1399,1403,1400,1399,1406,1400,1398,1399,1408,1405,1418,1428,1426,1415,1415,1410,1427,1414,1411,1408,1407,1407,1440,1438,1435,1439,1444,1437,1430,1424,1430,1425,1432,1430,1420,1420,1422,1424,1419,1419,1415,1411,1405,1405,1430,1426,1445,1456,1457,1450,1460,1454,1450,1453,1438,1436,1432,1427,1414,1412,1404,1337,1337,1353,1361,1347,1346,1341,1338,1335,1334,1334,1325,1347,1349
1500,1519,1492,1483,1471,1465,1458,1458,1469,1466,1462,1462,1475,1467,1483,1462,1473,1474,1467,1466,1486,1487,1485,1472,1475,1483,1489,1483,1484,1478,1485,1487,1473,1474,1467,1461,1457,1450,1438,1437,1430,1428,1410,1391,1398,1407,1403,1407,1380,1388,1396,1401,1405,1412,1404,1399,1394,1403,1403,1402,1411,1407,1411,1406,1394,1392,1393,1382,1382,1364,1360,1408,1422,1421,1443,1442,1444,1423,1424,1457,1457,1468,1463,1461,1466,1464,1463,1432,1429,1422,1420,1416,1415,1414,1414,1422,1420,1396,1382,1396,1350,1350,1352,1375,1362,1358,1367,1378,1347,1342,1345,1333,1324,1319,1361,1361,1369,1374,1373,1373,1372
1500,1493,1460,1459,1453,1458,1456,1477,1475,1464,1461,1456,1452,1452,1453,1455,1465,1467,1458,1469,1482,1492,1491,1505,1539,1539,1539,1527,1506,1517,1503,1488,1477,1481,1487,1479,1479,1497,1502,1526,1514,1554,1559,1575,1587,1586,1610,1580,1592,1561,1560,1560,1581,1556,1551,1539,1563,1561,1569,1573,1570,1560,1575,1573,1596,1610,1590,1556,1556,1562,1612,1613,1613,1614,1591,1595,1596,1621,1617,1647,1644,1632,1643,1647,1607,1612,1615,1615,1627,1619,1618,1620,1605,1590,1590,1588,1583,1585,1607,1609,1611,1625,1623,1632,1615,1612,1613,1626,1619,1624,1623,1627,1629,1626,1637,1592,1548,1529,1524,1522,1530
1500,1495,1482,1493,1486,1476,1477,1482,1454,1449,1447,1451,1445,1441,1444,1449,1437,1434,1463,1457,1451,1479,1476,1474,1482,1489,1483,1481,1480,1478,1484,1484,1483,1470,1473,1479,1462,1449,1432,1433,1427,1526,1546,1546,1538,1548,1550,1547,1558,1558,1549,1549,1551,1537,1530,1529,1529,1524,1528,1522,1523,1520,1515,1522,1522,1505,1492,1505,1498,1497,1500,1502,1497,1498,1522,1508,1509,1512,1519,1517,1517,1500,1499,1504,1511,1515,1512,1522,1524,1525,1547,1544,1545,1529,1527,1525,1503,1502,1497,1505,1518,1539,1539,1536,1518,1518,1511,1505,1488,1508,1510,1509,1498,1482,1466,1473,1471,1481,1499,1492,1509
1500,1500,1498,1491,1499,1493,1484,1487,1485,1489,1492,1485,1488,1475,1471,1471,1463,1448,1448,1448,1439,1383,1409,1408,1415,1442,1433,1426,1425,1419,1418,1418,1419,1419,1421,1419,1419,1496,1502,1482,1488,1487,1490,1539,1553,1544,1544,1555,1551,1547,1557,1575,1543,1535,1549,1542,1534,1524,1547,1554,1549,1544,1532,1531,1525,1533,1533,1538,1566,1569,1569,1562,1546,1529,1524,1521,1518,1534,1534,1518,1497,1497,1493,1490,1490,1491,1462,1462,1450,1449,1461,1470,1474,1464,1477,1484,1472,1470,1445,1434,1428,1423,1425,1435,1455,1444,1441,1429,1427,1426,1431,1448,1448,1449,1424,1415,1416,1414,1403,1401,1409
1500,1498,1491,1495,1495,1469,1472,1425,1430,1438,1429,1429,1428,1432,1455,1446,1441,1432,1394,1397,1395,1395,1390,1389,1392,1411,1407,1403,1404,1404,1400,1370,1368,1374,1357,1351,1365,1362,1350,1351,1344,1343,1352,1397,1414,1397,1409,1409,1422,1442,1445,1414,1406,1402,1396,1392,1398,1401,1409,1413,1413,1432,1403,1419,1439,1435,1419,1424,1420,1415,1427,1414,1412,1413,1426,1420,1422,1430,1431,1431,1428,1428,1434,1432,1429,1428,1442,1449,1453,1451,1456,1445,1445,1446,1440,1438,1444,1425,1414,1393,1395,1354,1356,1358,1350,1366,1366,1361,1359,1365,1373,1368,1366,1374,1348,1349,1370,1402,1395,1394,1394
1500,1499,1529,1527,1526,1527,1521,1512,1489,1489,1488,1504,1499,1498,1491,1479,1459,1448,1430,1426,1430,1425,1444,1447,1440,1472,1486,1490,1497,1482,1462,1471,1461,1471,1476,1485,1484,1491,1488,1493,1470,1470,1473,1466,1462,1464,1459,1448,1448,1442,1419,1423,1426,1452,1427,1422,1417,1404,1405,1404,1404,1399,1392,1390,1380,1381,1375,1370,1385,1398,1386,1364,1347,1443,1472,1472,1472,1469,1469,1472,1474,1476,1481,1483,1491,1525,1527,1522,1521,1525,1530,1519,1495,1493,1485,1499,1490,1482,1479,1480,1491,1481,1481,1480,1489,1483,1480,1469,1469,1461,1457,1457,1455,1443,1456,1469,1465,1478,1476,1472,1463
1500,1520,1536,1572,1561,1563,1575,1577,1577,1575,1584,1579,1577,1529,1517,1492,1489,1494,1472,1461,1441,1455,1479,1485,1491,1498,1495,1492,1486,1517,1532,1532,1521,1530,1520,1520,1517,1526,1509,1508,1506,1503,1442,1481,1474,1473,1461,1462,1455,1449,1444,1446,1431,1439,1435,1431,1433,1429,1422,1428,1414,1419,1418,1420,1416,1419,1418,1416,1414,1417,1417,1411,1403,1399,1383,1383,1384,1412,1429,1430,1437,1462,1463,1461,1440,1456,1470,1460,1458,1458,1457,1450,1441,1461,1469,1470,1469,1458,1458,1458,1455,1441,1448,1457,1456,1449,1451,1458,1459,1447,1469,1467,1460,1461,1470,1469,1484,1527,1527,1520,1527
1500,1512,1513,1523,1529,1537,1532,1533,1515,1513,1515,1523,1542,1535,1535,1541,1536,1536,1548,1565,1565,1544,1563,1566,1563,1552,1554,1546,1537,1548,1543,1548,1546,1546,1560,1547,1550,1547,1551,1559,1536,1530,1528,1530,1522,1521,1531,1531,1536,1532,1538,1518,1508,1518,1518,1512,1512,1470,1451,1451,1457,1454,1453,1443,1443,1445,1435,1435,1409,1425,1426,1420,1415,1420,1402,1395,1402,1398,1395,1403,1402,1415,1435,1403,1404,1430,1440,1440,1428,1443,1438,1436,1434,1474,1480,1475,1469,1467,1479,1479,1480,1476,1483,1481,1492,1461,1459,1443,1447,1452,1461,1496,1493,1503,1506,1495,1494,1481,1477,1487,1479
1500,1455,1507,1498,1496,1496,1489,1485,1490,1498,1498,1520,1504,1503,1493,1498,1506,1515,1508,1526,1541,1540,1551,1580,1593,1599,1606,1559,1569,1602,1592,1593,1571,1568,1570,1563,1562,1565,1545,1540,1532,1540,1537,1528,1523,1529,1552,1547,1540,1524,1518,1511,1520,1526,1524,1496,1538,1541,1532,1535,1521,1514,1512,1510,1505,1500,1500,1494,1515,1528,1519,1503,1506,1513,1495,1494,1503,1508,1521,1517,1511,1507,1501,1494,1495,1493,1493,1500,1496,1516,1513,1518,1512,1507,1512,1529,1531,1522,1530,1544,1543,1541,1542,1543,1547,1549,1518,1515,1508,1481,1482,1493,1502,1514,1511,1510,1527,1523,1505,1549,1544
1500,1501,1494,1500,1482,1492,1491,1487,1494,1507,1508,1505,1514,1527,1534,1544,1549,1551,1541,1568,1576,1572,1574,1566,1556,1574,1562,1562,1541,1537,1535,1534,1532,1537,1542,1544,1562,1569,1572,1568,1563,1567,1570,1557,1562,1559,1547,1539,1527,1543,1530,1546,1527,1523,1517,1525,1521,1533,1521,1499,1497,1525,1543,1543,1547,1549,1548,1551,1572,1563,1550,1541,1539,1536,1551,1578,1588,1643,1653,1642,1629,1624,1613,1614,1612,1612,1596,1591,1590,1611,1599,1597,1593,1610,1621,1619,1613,1604,1591,1586,1592,1592,1599,1602,1599,1599,1576,1563,1567,1563,1563,1555,1570,1562,1562,1552,1558,1558,1531,1538,1534
1500,1499,1516,1527,1596,1596,1599,1599,1609,1601,1599,1609,1612,1609,1630,1632,1591,1586,1594,1599,1599,1628,1633,1621,1569,1569,1533,1564,1560,1545,1537,1538,1539,1580,1587,1584,1577,1555,1547,1553,1549,1558,1556,1542,1553,1547,1546,1518,1515,1509,1519,1542,1547,1546,1545,1575,1577,1593,1593,1592,1578,1592,1586,1583,1589,1569,1559,1548,1565,1556,1556,1542,1565,1573,1614,1616,1620,1629,1618,1620,1620,1603,1593,1587,1587,1588,1588,1586,1580,1589,1556,1558,1569,1568,1573,1575,1575,1545,1547,1538,1538,1545,1545,1545,1554,1555,1552,1556,1555,1534,1535,1561,1576,1546,1543,1554,1553,1558,1579,1573,1584
1500,1507,1498,1515,1516,1505,1502,1511,1526,1527,1521,1524,1520,1544,1536,1485,1477,1478,1484,1487,1470,1478,1477,1453,1452,1452,1468,1448,1468,1433,1420,1420,1415,1416,1416,1428,1435,1425,1446,1436,1448,1447,1448,1462,1469,1452,1451,1424,1428,1462,1456,1439,1441,1442,1447,1447,1446,1439,1453,1450,1452,1469,1469,1470,1486,1486,1477,1477,1469,1465,1484,1484,1486,1486,1471,1471,1465,1483,1489,1504,1504,1510,1513,1522,1519,1505,1512,1512,1517,1521,1515,1515,1515,1518,1518,1538,1561,1575,1596,1587,1574,1600,1586,1600,1575,1571,1559,1576,1589,1584,1584,1594,1589,1598,1586,1584,1597,1613,1613,1611,1614
1500,1500,1517,1512,1524,1515,1503,1506,1495,1480,1489,1478,1480,1504,1506,1499,1502,1499,1498,1495,1474,1460,1462,1460,1449,1435,1553,1556,1552,1549,1523,1522,1532,1534,1544,1531,1521,1512,1527,1534,1548,1547,1536,1548,1501,1508,1507,1487,1487,1489,1489,1481,1485,1496,1500,1450,1450,1442,1442,1445,1448,1471,1446,1448,1446,1443,1436,1430,1430,1428,1451,1455,1492,1490,1490,1494,1494,1515,1519,1518,1503,1494,1495,1493,1486,1490,1475,1475,1486,1483,1470,1463,1465,1455,1469,1470,1463,1474,1463,1468,1431,1441,1447,1445,1447,1435,1420,1418,1409,1413,1411,1419,1403,1386,1370,1373,1377,1368,1373,1389,1376
1500,1504,1495,1498,1505,1534,1520,1510,1510,1508,1515,1510,1508,1507,1501,1501,1509,1512,1512,1524,1522,1525,1524,1521,1515,1515,1551,1548,1552,1565,1568,1574,1579,1572,1575,1589,1591,1598,1598,1600,1563,1543,1539,1514,1519,1543,1537,1550,1555,1555,1555,1564,1561,1576,1579,1571,1573,1583,1565,1560,1558,1562,1560,1563,1553,1569,1570,1570,1578,1588,1587,1598,1597,1594,1573,1578,1564,1576,1579,1603,1598,1583,1589,1588,1593,1593,1610,1627,1642,1642,1631,1629,1604,1612,1623,1620,1620,1540,1533,1525,1508,1507,1506,1496,1506,1490,1530,1528,1528,1542,1532,1516,1516,1529,1543,1564,1587,1595,1586,1573,1573
1500,1500,1502,1511,1496,1487,1487,1494,1492,1485,1480,1476,1470,1462,1458,1451,1448,1453,1446,1452,1440,1437,1437,1441,1431,1431,1431,1430,1430,1438,1446,1446,1416,1412,1399,1387,1383,1390,1391,1391,1392,1388,1384,1403,1385,1383,1416,1406,1415,1415,1416,1396,1396,1402,1419,1427,1426,1429,1424,1411,1413,1408,1410,1399,1394,1398,1380,1349,1354,1356,1358,1347,1341,1321,1321,1319,1319,1319,1323,1342,1336,1331,1331,1333,1333,1333,1333,1326,1324,1334,1330,1345,1347,1339,1348,1348,1348,1347,1344,1345,1345,1344,1349,1367,1381,1394,1394,1394,1389,1413,1418,1419,1416,1419,1432,1435,1425,1423,1422,1422,1419
1500,1498,1494,1498,1498,1495,1519,1562,1541,1542,1552,1554,1558,1552,1547,1544,1546,1545,1545,1562,1534,1540,1536,1514,1510,1516,1522,1520,1516,1506,1500,1501,1502,1503,1502,1438,1438,1447,1442,1452,1453,1435,1442,1447,1457,1457,1443,1459,1475,1470,1464,1449,1440,1448,1454,1449,1457,1493,1500,1484,1498,1504,1506,1526,1531,1522,1498,1497,1507,1502,1501,1501,1493,1485,1490,1478,1477,1482,1481,1482,1469,1456,1452,1458,1450,1433,1428,1420,1420,1422,1437,1431,1440,1460,1459,1465,1479,1473,1475,1479,1466,1460,1463,1455,1459,1453,1453,1444,1454,1454,1462,1467,1472,1470,1464,1467,1467,1460,1460,1470,1452
1500,1511,1498,1499,1491,1497,1507,1512,1502,1500,1501,1500,1492,1504,1511,1511,1505,1503,1498,1505,1504,1585,1585,1585,1569,1569,1573,1570,1572,1572,1574,1567,1562,1562,1554,1560,1559,1557,1532,1557,1545,1545,1531,1540,1523,1532,1507,1510,1511,1545,1536,1540,1540,1596,1530,1532,1533,1538,1534,1534,1533,1526,1500,1500,1498,1492,1496,1488,1469,1478,1476,1478,1482,1512,1507,1493,1493,1476,1486,1452,1456,1459,1471,1467,1472,1472,1460,1448,1469,1469,1471,1484,1491,1511,1522,1506,1506,1513,1499,1484,1486,1494,1488,1469,1481,1455,1453,1467,1464,1472,1470,1502,1514,1513,1511,1511,1509,1501,1501,1498,1490
1500,1492,1506,1495,1492,1494,1504,1496,1508,1508,1518,1517,1504,1520,1509,1528,1526,1539,1551,1550,1550,1555,1575,1583,1581,1584,1577,1535,1535,1535,1543,1547,1541,1536,1537,1538,1539,1536,1531,1572,1562,1561,1571,1569,1571,1575,1566,1571,1591,1585,1583,1601,1589,1596,1593,1590,1610,1605,1601,1601,1612,1588,1598,1608,1605,1603,1607,1611,1607,1586,1585,1587,1582,1578,1584,1577,1535,1535,1535,1562,1566,1563,1544,1571,1570,1569,1593,1583,1569,1557,1551,1553,1553,1556,1589,1589,1589,1608,1596,1594,1571,1566,1540,1563,1558,1558,1554,1550,1548,1557,1564,1544,1539,1525,1497,1498,1500,1494,1494,1531,1547
1500,1497,1481,1461,1456,1442,1435,1436,1450,1456,1456,1462,1483,1480,1500,1510,1504,1559,1573,1568,1585,1581,1543,1536,1526,1532,1527,1512,1506,1498,1532,1529,1529,1525,1491,1485,1463,1455,1450,1459,1453,1459,1461,1446,1443,1439,1430,1425,1431,1427,1410,1464,1464,1463,1457,1452,1453,1457,1449,1445,1430,1429,1433,1434,1441,1438,1432,1424,1424,1430,1436,1431,1437,1422,1421,1418,1440,1436,1449,1454,1462,1461,1456,1456,1462,1444,1426,1411,1404,1388,1371,1375,1383,1395,1408,1410,1401,1408,1406,1409,1402,1391,1389,1380,1374,1369,1361,1364,1356,1343,1344,1346,1318,1316,1308,1304,1306,1298,1303,1303,1301
1500,1517,1511,1526,1517,1516,1518,1500,1507,1500,1495,1505,1505,1477,1475,1525,1524,1520,1522,1509,1495,1494,1483,1483,1483,1472,1471,1468,1466,1460,1440,1449,1457,1470,1472,1482,1526,1525,1531,1530,1520,1501,1504,1529,1539,1557,1547,1543,1549,1550,1544,1526,1523,1515,1455,1474,1462,1471,1463,1464,1448,1431,1431,1431,1435,1433,1427,1447,1431,1423,1396,1393,1386,1385,1381,1374,1373,1381,1367,1367,1354,1354,1354,1351,1346,1347,1352,1346,1346,1333,1337,1337,1329,1321,1328,1326,1336,1328,1327,1333,1333,1334,1345,1347,1342,1351,1349,1353,1350,1345,1332,1335,1310,1312,1311,1310,1253,1226,1255,1249,1241
1500,1516,1516,1516,1511,1501,1495,1497,1500,1498,1499,1507,1518,1517,1517,1517,1516,1515,1522,1519,1543,1540,1544,1541,1542,1540,1540,1537,1551,1527,1534,1531,1527,1518,1510,1608,1603,1638,1639,1638,1631,1610,1565,1567,1572,1571,1570,1563,1561,1561,1565,1567,1567,1565,1565,1571,1571,1585,1585,1620,1625,1614,1617,1621,1633,1637,1671,1678,1667,1692,1692,1692,1689,1714,1704,1693,1697,1704,1701,1706,1701,1699,1703,1701,1702,1701,1704,1693,1691,1697,1691,1687,1690,1684,1680,1676,1672,1685,1676,1689,1693,1668,1667,1667,1674,1678,1663,1666,1666,1674,1667,1658,1658,1655,1647,1665,1666,1666,1659,1654,1654
1500,1506,1513,1522,1507,1508,1503,1518,1505,1503,1496,1515,1515,1511,1524,1524,1551,1546,1543,1555,1554,1549,1550,1583,1586,1591,1587,1578,1580,1579,1563,1556,1567,1528,1520,1532,1530,1529,1516,1517,1519,1512,1504,1506,1501,1504,1492,1501,1490,1467,1461,1455,1443,1442,1447,1451,1454,1477,1469,1475,1470,1470,1475,1472,1477,1474,1444,1441,1436,1444,1437,1467,1468,1490,1486,1487,1474,1480,1489,1485,1488,1480,1505,1505,1514,1534,1530,1529,1506,1509,1502,1492,1494,1471,1472,1502,1497,1488,1479,1494,1474,1470,1495,1490,1459,1467,1465,1469,1484,1592,1591,1598,1571,1569,1570,1570,1575,1569,1574,1588,1584
1500,1500,1492,1517,1526,1522,1525,1519,1519,1515,1516,1515,1492,1518,1514,1513,1496,1475,1491,1486,1496,1503,1516,1515,1517,1514,1500,1482,1482,1493,1512,1506,1508,1501,1467,1458,1458,1465,1478,1479,1484,1492,1492,1480,1491,1505,1445,1458,1463,1473,1476,1482,1487,1492,1467,1475,1474,1486,1478,1468,1485,1489,1482,1507,1507,1500,1492,1492,1486,1488,1494,1500,1500,1475,1471,1444,1439,1438,1429,1430,1422,1416,1415,1423,1430,1425,1413,1416,1418,1417,1417,1417,1428,1428,1413,1413,1408,1420,1416,1402,1400,1395,1392,1398,1397,1396,1393,1398,1412,1402,1413,1419,1412,1396,1419,1423,1425,1449,1445,1450,1447
1500,1490,1489,1477,1483,1487,1503,1499,1518,1515,1513,1517,1516,1516,1512,1520,1526,1565,1554,1562,1567,1553,1560,1560,1562,1564,1564,1577,1570,1568,1579,1574,1584,1586,1586,1577,1574,1579,1600,1605,1621,1614,1608,1616,1604,1610,1603,1573,1580,1583,1589,1571,1564,1588,1592,1602,1586,1581,1582,1600,1596,1598,1593,1603,1605,1630,1631,1637,1634,1626,1627,1624,1601,1578,1573,1571,1558,1558,1557,1557,1551,1556,1556,1552,1554,1588,1582,1575,1591,1577,1567,1544,1549,1541,1550,1577,1563,1575,1585,1600,1604,1602,1588,1581,1573,1573,1578,1573,1539,1524,1525,1503,1513,1513,1533,1549,1548,1545,1551,1547,1545
1500,1500,1494,1494,1492,1488,1468,1469,1469,1471,1471,1474,1501,1497,1491,1490,1484,1490,1476,1471,1457,1457,1455,1456,1457,1457,1463,1463,1465,1464,1460,1460,1456,1462,1462,1449,1461,1457,1453,1464,1459,1459,1456,1508,1516,1498,1509,1507,1505,1522,1519,1519,1514,1512,1511,1510,1490,1492,1494,1491,1498,1493,1491,1495,1491,1499,1495,1488,1481,1473,1487,1494,1523,1525,1556,1562,1552,1556,1576,1575,1587,1573,1566,1516,1510,1506,1496,1522,1541,1522,1529,1538,1531,1528,1496,1497,1503,1508,1503,1504,1505,1499,1510,1515,1530,1543,1522,1525,1532,1552,1542,1541,1544,1551,1568,1585,1567,1577,1565,1560,1572
1500,1496,1477,1477,1471,1460,1455,1452,1473,1459,1421,1416,1397,1401,1405,1413,1426,1428,1428,1429,1465,1463,1408,1421,1419,1417,1421,1452,1452,1444,1446,1445,1442,1456,1442,1420,1417,1414,1409,1409,1413,1446,1425,1418,1424,1424,1430,1432,1426,1432,1429,1427,1428,1425,1426,1412,1412,1417,1423,1414,1425,1425,1451,1451,1445,1445,1452,1452,1445,1453,1469,1432,1429,1436,1430,1416,1396,1392,1371,1370,1369,1370,1380,1380,1374,1385,1379,1378,1423,1443,1449,1449,1449,1443,1449,1449,1447,1451,1450,1455,1459,1465,1476,1464,1463,1463,1464,1466,1452,1445,1448,1445,1416,1417,1428,1422,1419,1405,1403,1403,1398
1500,1488,1488,1478,1476,1476,1478,1448,1451,1461,1457,1462,1466,1490,1490,1503,1488,1497,1501,1499,1497,1505,1506,1554,1534,1546,1504,1504,1503,1526,1488,1490,1497,1486,1486,1487,1465,1460,1484,1452,1462,1455,1457,1457,1441,1455,1455,1405,1383,1382,1382,1382,1386,1399,1399,1417,1418,1423,1423,1415,1415,1411,1411,1411,1423,1420,1417,1405,1412,1421,1417,1415,1408,1411,1417,1415,1408,1364,1369,1344,1343,1341,1329,1312,1312,1311,1303,1287,1282,1283,1282,1282,1282,1282,1280,1307,1309,1307,1306,1305,1305,1311,1300,1299,1289,1289,1307,1301,1311,1309,1317,1357,1346,1326,1325,1333,1329,1318,1311,1286,1277
1500,1490,1454,1460,1469,1482,1471,1468,1470,1470,1470,1471,1470,1452,1450,1454,1448,1444,1444,1445,1447,1447,1447,1445,1449,1450,1450,1454,1446,1428,1443,1444,1456,1450,1453,1443,1439,1428,1429,1431,1433,1405,1423,1411,1419,1416,1418,1418,1412,1396,1384,1384,1384,1376,1379,1406,1404,1402,1405,1408,1419,1405,1415,1446,1456,1462,1467,1463,1463,1459,1462,1458,1461,1460,1463,1477,1490,1506,1510,1527,1551,1543,1544,1544,1555,1548,1531,1519,1517,1510,1504,1516,1531,1515,1505,1496,1514,1506,1497,1489,1489,1489,1501,1496,1504,1534,1536,1543,1541,1560,1560,1557,1606,1586,1613,1608,1564,1560,1562,1562,1554
1500,1481,1491,1485,1526,1516,1538,1550,1546,1546,1555,1584,1532,1538,1539,1540,1538,1537,1521,1520,1520,1496,1499,1487,1478,1467,1501,1506,1512,1513,1572,1580,1573,1581,1579,1574,1578,1578,1574,1544,1547,1558,1553,1566,1538,1546,1589,1589,1610,1641,1640,1650,1636,1647,1647,1639,1652,1648,1647,1660,1668,1666,1690,1696,1697,1718,1734,1728,1717,1702,1695,1697,1696,1694,1694,1697,1695,1704,1716,1715,1707,1693,1681,1684,1702,1703,1711,1717,1711,1705,1712,1712,1711,1711,1703,1693,1689,1667,1661,1642,1641,1645,1681,1689,1689,1708,1710,1703,1695,1685,1681,1689,1688,1692,1682,1667,1670,1669,1664,1659,1674
1500,1489,1488,1488,1477,1492,1482,1488,1481,1475,1462,1455,1458,1450,1453,1435,1431,1430,1421,1420,1421,1421,1375,1379,1379,1395,1388,1390,1390,1366,1345,1343,1357,1356,1355,1354,1345,1344,1386,1385,1385,1386,1384,1369,1367,1367,1366,1357,1348,1353,1357,1342,1374,1395,1391,1400,1400,1411,1409,1405,1402,1425,1432,1431,1425,1428,1452,1452,1456,1464,1456,1439,1432,1417,1419,1418,1407,1406,1404,1388,1380,1380,1383,1383,1380,1372,1352,1352,1345,1340,1308,1297,1297,1286,1286,1311,1311,1318,1301,1301,1303,1306,1316,1296,1286,1286,1286,1286,1282,1279,1285,1292,1292,1296,1290,1276,1274,1274,1262,1258,1254
1500,1510,1518,1543,1539,1538,1539,1564,1566,1555,1541,1518,1513,1496,1495,1496,1498,1496,1510,1509,1496,1519,1513,1504,1507,1504,1504,1499,1486,1479,1472,1464,1449,1441,1439,1442,1442,1449,1462,1459,1454,1460,1459,1452,1433,1417,1416,1416,1415,1407,1373,1373,1364,1372,1359,1359,1357,1370,1363,1351,1348,1345,1365,1390,1382,1383,1397,1404,1385,1382,1358,1348,1346,1360,1363,1359,1353,1345,1350,1352,1361,1357,1355,1389,1403,1403,1403,1402,1403,1399,1415,1422,1425,1421,1420,1408,1407,1405,1404,1415,1391,1388,1387,1390,1389,1382,1375,1386,1376,1373,1381,1389,1384,1384,1396,1390,1385,1400,1402,1403,1391
1500,1499,1498,1488,1479,1470,1468,1467,1480,1490,1486,1518,1523,1518,1517,1517,1517,1527,1500,1484,1480,1478,1471,1475,1475,1461,1457,1457,1445,1437,1436,1444,1440,1435,1438,1447,1450,1450,1442,1442,1443,1416,1414,1414,1413,1412,1436,1432,1430,1437,1431,1439,1452,1449,1455,1448,1454,1427,1428,1425,1422,1416,1411,1413,1404,1399,1393,1397,1391,1391,1358,1347,1372,1370,1377,1377,1380,1380,1376,1386,1395,1387,1383,1383,1379,1361,1357,1348,1352,1360,1355,1355,1349,1337,1337,1333,1332,1329,1332,1331,1324,1318,1341,1339,1322,1306,1306,1304,1304,1327,1319,1328,1326,1319,1319,1318,1344,1343,1380,1386,1371
1500,1535,1539,1541,1541,1543,1548,1557,1560,1568,1566,1567,1558,1563,1568,1578,1548,1549,1588,1593,1582,1612,1596,1600,1599,1594,1594,1590,1588,1588,1595,1609,1606,1610,1602,1638,1663,1666,1665,1654,1637,1639,1628,1641,1653,1653,1655,1648,1615,1613,1606,1606,1606,1590,1583,1539,1543,1547,1533,1540,1541,1531,1534,1528,1530,1544,1546,1546,1510,1502,1505,1495,1528,1530,1528,1526,1516,1485,1471,1470,1469,1469,1468,1478,1478,1473,1483,1479,1484,1464,1464,1447,1449,1459,1453,1456,1429,1421,1438,1438,1454,1458,1458,1462,1457,1443,1445,1466,1473,1488,1490,1490,1487,1445,1446,1451,1491,1463,1463,1460,1464
1500,1494,1476,1468,1464,1452,1449,1435,1414,1430,1431,1426,1440,1440,1456,1448,1463,1454,1462,1458,1448,1448,1441,1450,1434,1437,1439,1432,1431,1431,1394,1376,1376,1377,1409,1409,1402,1402,1406,1395,1399,1398,1397,1401,1399,1402,1396,1396,1413,1414,1402,1412,1416,1402,1402,1380,1369,1369,1369,1368,1364,1314,1295,1290,1272,1250,1228,1228,1226,1224,1211,1229,1238,1235,1235,1239,1240,1242,1242,1236,1235,1235,1230,1236,1234,1231,1232,1253,1243,1253,1251,1269,1262,1267,1269,1274,1299,1298,1290,1307,1307,1313,1313,1313,1329,1307,1337,1337,1327,1323,1325,1325,1330,1340,1327,1330,1327,1331,1332,1333,1330
1500,1501,1501,1498,1499,1499,1482,1491,1485,1469,1461,1457,1459,1453,1449,1443,1443,1449,1445,1442,1442,1432,1432,1400,1397,1398,1401,1401,1383,1371,1398,1398,1397,1374,1370,1385,1387,1379,1377,1380,1379,1365,1375,1379,1381,1373,1375,1338,1338,1310,1293,1293,1293,1292,1291,1295,1296,1296,1277,1274,1276,1281,1281,1268,1283,1280,1327,1327,1323,1321,1264,1261,1281,1277,1282,1290,1289,1289,1279,1256,1257,1252,1253,1253,1262,1259,1249,1252,1253,1253,1254,1255,1256,1258,1257,1249,1249,1250,1257,1274,1267,1272,1268,1276,1283,1269,1267,1266,1266,1256,1225,1225,1223,1220,1225,1241,1238,1248,1247,1244,1241
1500,1493,1492,1481,1475,1473,1470,1462,1457,1451,1443,1436,1420,1409,1420,1417,1412,1437,1434,1449,1473,1467,1469,1435,1437,1441,1442,1422,1420,1413,1411,1407,1386,1383,1386,1367,1387,1388,1380,1364,1379,1508,1503,1503,1507,1510,1511,1515,1506,1504,1462,1457,1460,1457,1472,1443,1431,1423,1438,1435,1430,1431,1443,1459,1463,1442,1441,1421,1404,1407,1400,1399,1399,1401,1401,1417,1399,1399,1399,1409,1396,1378,1433,1433,1436,1434,1432,1432,1432,1437,1449,1442,1450,1447,1435,1432,1429,1423,1410,1411,1407,1425,1422,1416,1407,1392,1372,1385,1385,1376,1378,1384,1395,1394,1373,1396,1371,1371,1374,1368,1365
1500,1494,1459,1476,1470,1515,1518,1521,1519,1537,1505,1504,1527,1517,1522,1527,1535,1568,1563,1551,1551,1544,1571,1552,1552,1558,1548,1553,1589,1592,1597,1587,1580,1584,1574,1534,1538,1538,1524,1521,1516,1512,1509,1504,1521,1513,1501,1495,1509,1512,1525,1535,1532,1524,1528,1517,1531,1522,1530,1523,1536,1536,1521,1517,1491,1490,1491,1481,1467,1469,1461,1490,1490,1475,1466,1466,1462,1477,1474,1485,1491,1491,1483,1487,1496,1534,1541,1538,1544,1543,1533,1543,1556,1558,1563,1559,1553,1553,1545,1545,1542,1555,1555,1557,1556,1552,1565,1574,1577,1565,1579,1594,1594,1601,1620,1617,1620,1620,1624,1650,1643
1500,1498,1483,1478,1478,1442,1437,1436,1406,1407,1402,1387,1389,1392,1406,1402,1428,1419,1411,1407,1395,1393,1386,1385,1383,1424,1425,1418,1430,1455,1478,1481,1489,1500,1509,1516,1516,1563,1557,1554,1561,1534,1539,1535,1537,1539,1541,1568,1621,1621,1596,1589,1589,1590,1576,1589,1592,1590,1590,1590,1590,1583,1585,1585,1601,1583,1583,1588,1608,1605,1606,1603,1611,1582,1582,1578,1561,1563,1563,1566,1581,1580,1616,1603,1614,1614,1616,1611,1608,1586,1584,1578,1574,1580,1574,1581,1578,1579,1586,1556,1547,1546,1560,1573,1541,1535,1545,1539,1537,1544,1544,1539,1515,1509,1519,1512,1512,1508,1519,1521,1522
1500,1490,1505,1501,1510,1474,1469,1489,1494,1490,1492,1486,1537,1541,1541,1539,1541,1539,1528,1529,1525,1532,1544,1537,1549,1570,1569,1576,1573,1563,1558,1547,1544,1545,1539,1539,1540,1546,1551,1567,1579,1591,1553,1566,1564,1575,1571,1569,1580,1555,1550,1538,1533,1539,1535,1530,1524,1532,1543,1541,1561,1569,1567,1560,1537,1537,1535,1530,1522,1507,1507,1505,1540,1527,1526,1532,1532,1562,1557,1589,1591,1580,1579,1597,1607,1601,1592,1591,1585,1527,1520,1514,1519,1517,1524,1512,1509,1509,1478,1493,1495,1489,1482,1470,1474,1474,1462,1457,1464,1465,1461,1473,1467,1472,1466,1454,1455,1423,1417,1407,1398
1500,1496,1522,1522,1486,1493,1476,1467,1474,1478,1474,1484,1484,1485,1480,1474,1473,1468,1467,1467,1464,1465,1466,1462,1465,1478,1481,1498,1493,1496,1510,1521,1495,1495,1485,1506,1502,1508,1497,1507,1508,1510,1506,1504,1504,1495,1492,1491,1486,1492,1502,1494,1485,1486,1492,1514,1495,1495,1474,1475,1474,1472,1456,1487,1486,1484,1477,1469,1436,1444,1431,1428,1420,1407,1379,1369,1372,1370,1370,1368,1369,1391,1398,1394,1450,1452,1440,1446,1406,1403,1403,1395,1382,1376,1388,1381,1377,1368,1367,1367,1364,1362,1359,1353,1354,1354,1360,1357,1386,1372,1371,1362,1364,1344,1345,1345,1354,1358,1347,1344,1342
1500,1489,1492,1490,1476,1439,1440,1440,1436,1436,1434,1449,1447,1455,1413,1413,1414,1405,1396,1404,1400,1396,1404,1397,1494,1499,1503,1493,1489,1488,1498,1494,1498,1492,1496,1503,1503,1493,1481,1475,1469,1470,1462,1453,1464,1470,1463,1463,1467,1443,1443,1438,1435,1427,1421,1422,1445,1445,1440,1440,1432,1428,1441,1429,1432,1441,1436,1436,1437,1467,1453,1451,1453,1453,1454,1479,1493,1503,1497,1488,1480,1480,1476,1486,1496,1506,1505,1493,1499,1490,1498,1494,1473,1482,1477,1475,1494,1490,1488,1490,1490,1486,1482,1481,1481,1481,1478,1478,1462,1480,1480,1477,1412,1426,1435,1438,1444,1434,1430,1426,1392
1500,1501,1512,1520,1541,1533,1539,1530,1541,1539,1555,1555,1551,1552,1547,1562,1564,1568,1567,1558,1597,1598,1595,1592,1574,1569,1575,1570,1569,1579,1623,1610,1617,1605,1568,1571,1541,1536,1522,1513,1523,1523,1533,1524,1524,1535,1524,1548,1552,1547,1545,1546,1562,1596,1595,1600,1594,1588,1592,1588,1586,1601,1598,1596,1596,1612,1610,1613,1594,1594,1588,1588,1605,1599,1600,1593,1591,1602,1595,1590,1578,1584,1570,1570,1558,1567,1568,1578,1568,1579,1575,1584,1583,1584,1587,1583,1606,1629,1594,1566,1563,1561,1565,1565,1561,1562,1565,1554,1550,1550,1566,1564,1587,1575,1581,1578,1600,1594,1593,1587,1595
1500,1499,1490,1490,1496,1505,1511,1510,1526,1522,1511,1522,1522,1506,1494,1485,1481,1475,1480,1483,1500,1501,1465,1457,1455,1457,1453,1461,1456,1449,1426,1421,1413,1415,1433,1427,1424,1426,1426,1416,1400,1401,1405,1395,1415,1415,1422,1423,1409,1393,1385,1386,1393,1396,1396,1400,1382,1392,1383,1383,1381,1402,1397,1391,1396,1404,1404,1433,1433,1430,1416,1416,1416,1412,1408,1434,1453,1449,1498,1503,1498,1516,1510,1506,1507,1506,1505,1509,1535,1534,1539,1546,1519,1525,1529,1523,1524,1517,1520,1526,1524,1517,1516,1530,1526,1515,1522,1519,1518,1522,1506,1514,1514,1512,1512,1518,1534,1510,1508,1519,1519
1500,1492,1480,1487,1513,1495,1484,1484,1484,1482,1439,1423,1418,1417,1413,1409,1410,1410,1427,1457,1466,1441,1428,1432,1442,1430,1505,1478,1462,1459,1457,1456,1454,1433,1430,1434,1427,1437,1438,1442,1449,1448,1454,1460,1465,1475,1469,1456,1455,1463,1470,1469,1473,1467,1454,1456,1456,1476,1488,1487,1475,1475,1487,1485,1492,1489,1492,1511,1500,1524,1536,1531,1540,1526,1519,1515,1517,1499,1491,1497,1492,1486,1485,1495,1511,1512,1512,1512,1507,1498,1522,1528,1530,1513,1468,1468,1464,1495,1495,1489,1490,1489,1488,1484,1490,1496,1469,1459,1482,1492,1488,1507,1503,1490,1482,1481,1497,1504,1514,1508,1512
1500,1506,1524,1487,1466,1470,1461,1463,1465,1478,1487,1477,1481,1467,1468,1517,1519,1516,1507,1508,1507,1517,1532,1536,1546,1549,1518,1512,1512,1508,1491,1490,1460,1449,1450,1436,1441,1430,1454,1454,1433,1438,1427,1428,1422,1428,1428,1430,1441,1444,1438,1431,1437,1453,1454,1454,1451,1454,1432,1432,1392,1386,1367,1363,1360,1343,1340,1354,1336,1326,1313,1310,1310,1334,1334,1341,1336,1323,1331,1331,1330,1328,1331,1346,1337,1331,1339,1355,1346,1356,1346,1346,1346,1346,1350,1358,1331,1348,1339,1333,1349,1365,1373,1370,1365,1358,1359,1345,1360,1363,1364,1364,1369,1381,1382,1400,1393,1390,1389,1397,1394
1500,1504,1516,1539,1555,1570,1616,1624,1626,1643,1653,1659,1635,1634,1618,1593,1580,1586,1594,1597,1597,1586,1612,1603,1603,1595,1602,1619,1619,1618,1632,1667,1671,1676,1689,1672,1651,1663,1663,1659,1646,1648,1639,1631,1631,1615,1629,1609,1605,1606,1612,1600,1586,1584,1581,1584,1591,1591,1621,1611,1609,1608,1593,1596,1595,1599,1582,1573,1565,1565,1572,1548,1557,1559,1559,1546,1552,1573,1567,1568,1574,1551,1551,1524,1540,1543,1530,1524,1532,1512,1492,1487,1475,1465,1471,1469,1450,1436,1433,1442,1440,1438,1435,1440,1427,1440,1447,1445,1442,1465,1466,1452,1473,1476,1469,1491,1481,1484,1499,1494,1502
1500,1500,1490,1483,1484,1482,1473,1472,1478,1518,1515,1514,1511,1516,1512,1501,1499,1491,1495,1500,1499,1507,1509,1506,1488,1464,1484,1477,1482,1476,1467,1455,1454,1468,1483,1456,1462,1444,1434,1429,1422,1428,1426,1431,1436,1407,1408,1408,1405,1405,1412,1412,1411,1431,1422,1445,1472,1460,1462,1455,1446,1449,1452,1455,1430,1432,1431,1430,1433,1423,1436,1434,1423,1432,1448,1442,1450,1457,1444,1444,1435,1436,1437,1438,1437,1445,1405,1408,1401,1391,1398,1395,1391,1397,1392,1391,1381,1395,1410,1407,1399,1399,1389,1388,1392,1390,1390,1378,1386,1377,1382,1382,1379,1379,1372,1404,1408,1408,1383,1355,1357
1500,1508,1514,1508,1483,1484,1467,1454,1494,1485,1486,1490,1542,1534,1532,1522,1498,1501,1498,1494,1496,1493,1495,1493,1504,1509,1501,1526,1500,1496,1492,1499,1485,1475,1475,1478,1470,1469,1469,1465,1471,1471,1471,1486,1486,1496,1487,1477,1481,1481,1471,1491,1501,1504,1490,1489,1499,1491,1483,1478,1478,1479,1480,1480,1487,1481,1481,1448,1438,1421,1431,1437,1473,1475,1463,1470,1466,1477,1468,1464,1464,1469,1475,1468,1484,1478,1481,1470,1470,1471,1468,1466,1499,1504,1512,1504,1495,1484,1480,1486,1486,1489,1501,1495,1490,1503,1503,1506,1503,1495,1506,1518,1516,1503,1530,1516,1516,1511,1561,1555,1532
1500,1487,1493,1488,1477,1483,1458,1463,1470,1472,1473,1487,1494,1496,1501,1508,1494,1489,1489,1493,1503,1508,1523,1575,1580,1584,1584,1592,1598,1606,1581,1580,1584,1584,1578,1599,1595,1598,1603,1603,1604,1595,1587,1590,1594,1596,1596,1590,1588,1604,1604,1622,1634,1646,1650,1645,1642,1647,1640,1652,1658,1650,1657,1649,1580,1587,1602,1605,1600,1599,1595,1596,1591,1597,1600,1594,1623,1637,1628,1623,1615,1620,1623,1629,1625,1621,1623,1615,1620,1624,1616,1620,1635,1627,1636,1632,1633,1634,1628,1625,1630,1627,1631,1625,1645,1614,1607,1609,1609,1606,1597,1559,1562,1559,1564,1556,1566,1575,1574,1592,1592
1500,1500,1505,1485,1478,1482,1491,1498,1504,1518,1499,1505,1508,1511,1500,1499,1451,1454,1482,1485,1471,1456,1456,1463,1462,1468,1456,1450,1444,1442,1444,1441,1432,1439,1437,1428,1428,1431,1436,1429,1421,1417,1415,1433,1421,1434,1434,1423,1423,1411,1407,1402,1420,1438,1428,1475,1470,1471,1468,1450,1437,1426,1408,1409,1420,1416,1408,1397,1394,1393,1375,1370,1370,1373,1370,1368,1368,1370,1363,1363,1353,1334,1379,1372,1325,1331,1330,1316,1291,1293,1283,1280,1300,1300,1300,1314,1318,1301,1300,1300,1291,1299,1295,1287,1284,1289,1284,1297,1314,1314,1300,1295,1298,1282,1276,1301,1298,1301,1308,1347,1339
1500,1495,1497,1503,1516,1512,1513,1510,1527,1514,1510,1503,1478,1485,1496,1493,1480,1487,1498,1478,1508,1491,1454,1464,1462,1453,1457,1458,1459,1456,1448,1445,1445,1452,1450,1447,1454,1449,1475,1477,1497,1494,1490,1492,1478,1483,1489,1488,1496,1497,1493,1491,1487,1495,1464,1457,1447,1454,1452,1446,1454,1459,1462,1459,1442,1438,1432,1426,1423,1418,1399,1399,1405,1407,1405,1437,1426,1425,1400,1409,1412,1425,1390,1378,1356,1351,1344,1340,1347,1344,1356,1366,1366,1362,1350,1351,1349,1334,1379,1374,1393,1376,1377,1371,1375,1374,1370,1373,1374,1385,1385,1385,1385,1393,1382,1374,1379,1368,1372,1366,1358
1500,1502,1502,1505,1505,1501,1493,1493,1488,1483,1472,1477,1471,1485,1480,1506,1490,1495,1497,1539,1542,1532,1545,1527,1529,1560,1566,1562,1569,1565,1574,1581,1616,1620,1571,1587,1581,1574,1582,1590,1592,1606,1575,1574,1596,1584,1588,1585,1560,1566,1563,1552,1552,1516,1515,1514,1517,1520,1527,1561,1561,1563,1561,1566,1564,1572,1580,1587,1580,1578,1635,1638,1668,1657,1657,1654,1662,1663,1664,1660,1655,1669,1672,1678,1677,1671,1679,1670,1667,1639,1637,1625,1617,1610,1606,1606,1605,1601,1605,1592,1588,1585,1592,1590,1587,1589,1573,1594,1554,1569,1561,1557,1557,1540,1539,1536,1536,1579,1571,1570,1570
1500,1526,1536,1536,1537,1534,1540,1538,1536,1539,1537,1536,1532,1526,1528,1524,1524,1524,1519,1516,1502,1505,1516,1535,1519,1509,1514,1501,1529,1529,1540,1542,1543,1533,1537,1535,1536,1532,1530,1528,1532,1533,1493,1493,1486,1474,1469,1435,1428,1425,1421,1422,1411,1395,1399,1396,1389,1378,1385,1377,1377,1383,1383,1372,1364,1372,1370,1372,1376,1380,1373,1370,1363,1360,1359,1359,1351,1351,1349,1349,1348,1342,1352,1352,1352,1352,1346,1356,1356,1377,1377,1377,1334,1337,1330,1333,1330,1323,1326,1326,1341,1328,1356,1344,1343,1366,1364,1344,1348,1343,1350,1349,1353,1353,1359,1343,1349,1351,1351,1359,1357
1500,1526,1520,1535,1527,1531,1509,1516,1511,1519,1538,1531,1539,1553,1550,1571,1552,1554,1554,1548,1548,1545,1540,1547,1568,1589,1589,1595,1595,1588,1590,1592,1599,1599,1605,1596,1613,1612,1607,1572,1575,1575,1574,1563,1557,1551,1567,1567,1556,1566,1576,1571,1571,1568,1576,1550,1548,1532,1530,1524,1546,1545,1537,1533,1531,1531,1536,1537,1534,1553,1580,1580,1580,1577,1626,1612,1623,1621,1629,1616,1651,1626,1622,1619,1620,1620,1623,1624,1588,1582,1582,1576,1570,1569,1558,1560,1560,1566,1558,1548,1536,1581,1573,1574,1571,1581,1590,1593,1597,1596,1590,1577,1587,1593,1592,1585,1585,1584,1573,1575,1553
1500,1508,1504,1498,1503,1484,1490,1478,1478,1482,1471,1481,1481,1483,1469,1464,1462,1463,1479,1461,1457,1458,1445,1443,1442,1431,1427,1440,1437,1436,1439,1441,1440,1448,1440,1449,1442,1488,1480,1479,1483,1478,1474,1453,1423,1416,1414,1414,1425,1418,1424,1419,1414,1389,1386,1383,1382,1380,1368,1370,1370,1373,1367,1362,1369,1376,1380,1373,1386,1397,1398,1402,1407,1403,1406,1403,1403,1401,1400,1400,1403,1387,1381,1375,1391,1397,1407,1398,1391,1402,1399,1397,1397,1359,1355,1314,1321,1317,1297,1296,1303,1302,1309,1302,1290,1285,1272,1262,1259,1262,1267,1267,1260,1252,1297,1302,1314,1320,1325,1325,1318
1500,1485,1482,1493,1497,1491,1484,1489,1522,1524,1534,1531,1537,1592,1554,1566,1568,1564,1555,1541,1544,1526,1515,1511,1506,1531,1523,1523,1511,1521,1513,1506,1513,1524,1519,1523,1547,1550,1576,1570,1569,1567,1561,1564,1564,1558,1541,1563,1558,1578,1587,1581,1552,1549,1563,1548,1597,1597,1592,1587,1580,1574,1584,1580,1587,1596,1602,1613,1656,1605,1615,1613,1617,1611,1580,1580,1579,1573,1569,1570,1571,1578,1572,1552,1555,1556,1550,1552,1550,1556,1560,1553,1585,1591,1598,1596,1602,1592,1609,1611,1612,1601,1600,1610,1587,1584,1587,1554,1549,1549,1540,1537,1537,1527,1537,1588,1592,1592,1611,1598,1596
1500,1508,1511,1486,1495,1497,1497,1504,1511,1501,1500,1502,1500,1476,1479,1459,1454,1464,1461,1477,1479,1477,1470,1469,1474,1480,1459,1444,1443,1447,1442,1444,1443,1440,1433,1445,1443,1471,1458,1466,1464,1470,1464,1474,1467,1464,1466,1467,1463,1463,1480,1484,1476,1474,1489,1493,1493,1453,1446,1463,1456,1452,1452,1468,1470,1461,1462,1464,1452,1449,1466,1460,1454,1439,1439,1444,1441,1438,1446,1452,1443,1450,1451,1444,1432,1427,1412,1418,1416,1421,1403,1391,1391,1369,1373,1374,1367,1361,1362,1359,1349,1345,1386,1384,1376,1374,1375,1368,1360,1362,1369,1369,1371,1372,1362,1362,1367,1364,1365,1348,1340
1500,1485,1486,1469,1454,1452,1462,1462,1462,1447,1439,1469,1466,1467,1464,1473,1471,1471,1471,1478,1477,1470,1470,1447,1437,1434,1450,1445,1446,1452,1462,1479,1477,1471,1482,1485,1495,1495,1491,1498,1501,1497,1489,1481,1487,1476,1478,1466,1455,1443,1435,1427,1434,1430,1430,1436,1436,1445,1492,1508,1516,1506,1564,1554,1550,1576,1565,1565,1578,1579,1588,1623,1624,1632,1632,1631,1650,1668,1699,1696,1702,1702,1737,1735,1764,1767,1771,1766,1761,1759,1763,1793,1784,1777,1775,1784,1787,1789,1773,1771,1771,1759,1753,1780,1780,1758,1761,1707,1695,1697,1704,1746,1750,1759,1759,1766,1755,1755,1757,1751,1765
1500,1484,1471,1513,1510,1509,1511,1465,1465,1479,1479,1490,1485,1485,1485,1483,1483,1486,1491,1486,1486,1487,1489,1473,1460,1462,1469,1475,1473,1476,1476,1485,1492,1496,1501,1491,1494,1494,1498,1516,1511,1495,1493,1491,1470,1466,1472,1476,1485,1495,1494,1487,1482,1487,1481,1487,1483,1471,1474,1475,1484,1474,1462,1448,1437,1443,1449,1434,1433,1430,1450,1443,1453,1442,1440,1445,1457,1440,1440,1434,1445,1442,1443,1441,1481,1480,1474,1477,1522,1512,1509,1520,1531,1549,1548,1527,1526,1526,1531,1544,1563,1552,1579,1589,1578,1578,1575,1583,1597,1602,1611,1641,1654,1654,1655,1647,1654,1673,1673,1700,1691
1500,1476,1482,1484,1481,1483,1482,1455,1440,1456,1464,1455,1499,1512,1529,1531,1526,1523,1523,1516,1529,1536,1536,1530,1552,1592,1594,1593,1590,1586,1570,1565,1531,1538,1537,1538,1539,1542,1542,1507,1505,1505,1509,1530,1550,1559,1535,1546,1548,1570,1561,1576,1553,1555,1573,1573,1576,1571,1562,1545,1549,1549,1539,1546,1549,1512,1527,1524,1545,1552,1556,1562,1557,1536,1546,1542,1535,1546,1549,1568,1560,1566,1569,1566,1570,1576,1554,1564,1574,1562,1570,1558,1550,1540,1541,1544,1558,1555,1541,1544,1540,1544,1532,1536,1540,1546,1555,1563,1561,1579,1556,1551,1572,1571,1575,1563,1554,1560,1551,1554,1559
1500,1530,1525,1527,1510,1495,1496,1501,1504,1503,1513,1513,1536,1551,1549,1549,1541,1541,1541,1538,1538,1537,1532,1532,1529,1534,1543,1537,1531,1551,1538,1542,1562,1558,1552,1563,1563,1562,1590,1590,1577,1590,1598,1593,1573,1564,1522,1527,1526,1519,1513,1525,1513,1507,1530,1526,1530,1528,1534,1555,1555,1536,1542,1552,1559,1551,1553,1570,1574,1574,1574,1568,1572,1576,1580,1584,1583,1575,1578,1586,1591,1583,1578,1566,1564,1545,1531,1525,1543,1538,1525,1524,1526,1523,1523,1558,1574,1584,1587,1599,1606,1606,1625,1631,1629,1640,1629,1619,1576,1572,1582,1583,1578,1572,1573,1573,1551,1567,1569,1569,1569
1500,1465,1463,1459,1463,1453,1437,1441,1442,1438,1431,1451,1454,1454,1453,1459,1458,1449,1442,1446,1414,1412,1423,1414,1423,1419,1405,1420,1420,1440,1436,1444,1469,1471,1468,1481,1480,1486,1496,1512,1520,1530,1528,1518,1518,1514,1505,1508,1507,1498,1504,1528,1531,1538,1538,1522,1527,1527,1542,1566,1570,1570,1591,1594,1598,1606,1606,1631,1620,1628,1638,1625,1632,1635,1600,1610,1645,1646,1639,1639,1632,1636,1626,1636,1634,1651,1656,1655,1658,1645,1654,1650,1656,1652,1654,1646,1649,1648,1644,1635,1613,1607,1620,1629,1626,1633,1651,1654,1651,1659,1687,1665,1693,1670,1666,1672,1714,1718,1723,1710,1727
1500,1500,1502,1490,1475,1473,1480,1482,1460,1456,1456,1473,1477,1487,1491,1500,1484,1482,1482,1467,1467,1475,1467,1454,1454,1464,1464,1462,1455,1460,1491,1507,1532,1518,1516,1471,1475,1469,1473,1472,1472,1475,1481,1481,1476,1497,1483,1489,1494,1467,1477,1494,1488,1485,1507,1555,1551,1549,1548,1540,1535,1548,1545,1552,1554,1555,1557,1578,1582,1598,1627,1637,1637,1612,1608,1610,1606,1613,1610,1607,1589,1587,1583,1588,1585,1582,1591,1607,1606,1598,1598,1587,1573,1573,1573,1567,1559,1562,1560,1558,1569,1570,1569,1577,1574,1571,1569,1564,1557,1557,1558,1560,1587,1534,1549,1556,1563,1567,1569,1568,1551
1500,1459,1466,1468,1459,1458,1444,1451,1450,1438,1439,1439,1462,1460,1445,1456,1459,1463,1480,1461,1459,1461,1461,1469,1381,1380,1366,1351,1353,1351,1349,1347,1356,1353,1353,1359,1359,1343,1338,1336,1339,1337,1328,1337,1330,1330,1319,1334,1334,1329,1365,1365,1365,1365,1356,1325,1304,1311,1306,1315,1328,1326,1323,1313,1308,1302,1299,1305,1303,1290,1285,1287,1286,1256,1256,1246,1246,1243,1251,1336,1336,1335,1330,1328,1314,1302,1302,1307,1302,1303,1301,1299,1299,1298,1283,1277,1285,1291,1290,1286,1286,1292,1296,1291,1289,1302,1285,1280,1286,1284,1313,1313,1300,1298,1293,1291,1280,1284,1294,1280,1266
1500,1492,1499,1509,1511,1514,1511,1506,1506,1513,1506,1497,1505,1522,1523,1523,1530,1528,1523,1529,1507,1479,1471,1478,1464,1474,1457,1481,1521,1513,1508,1492,1486,1496,1494,1511,1508,1501,1502,1505,1540,1540,1533,1549,1550,1532,1541,1545,1548,1537,1536,1536,1541,1538,1544,1545,1535,1532,1527,1536,1539,1535,1542,1544,1531,1532,1529,1523,1538,1540,1540,1544,1535,1532,1538,1544,1544,1544,1546,1546,1546,1550,1539,1538,1525,1525,1506,1507,1506,1506,1501,1506,1549,1539,1537,1550,1599,1593,1595,1587,1582,1574,1573,1562,1573,1576,1596,1596,1597,1586,1579,1576,1576,1574,1570,1573,1574,1556,1554,1557,1561
1500,1487,1492,1493,1486,1482,1484,1490,1496,1496,1486,1515,1514,1513,1513,1501,1499,1495,1499,1502,1475,1474,1466,1467,1459,1442,1442,1461,1454,1454,1460,1456,1462,1462,1461,1462,1512,1536,1489,1488,1475,1473,1471,1457,1468,1468,1475,1462,1465,1477,1478,1473,1468,1475,1475,1430,1430,1431,1414,1440,1426,1416,1399,1421,1415,1420,1420,1431,1421,1419,1419,1424,1421,1411,1409,1417,1414,1424,1436,1436,1436,1431,1425,1422,1446,1447,1448,1459,1457,1457,1437,1424,1418,1429,1431,1415,1415,1404,1391,1398,1400,1400,1404,1392,1386,1388,1384,1376,1385,1385,1382,1394,1389,1368,1356,1359,1358,1351,1347,1338,1345
1500,1504,1498,1498,1501,1499,1524,1530,1530,1519,1513,1511,1516,1518,1528,1514,1517,1529,1552,1545,1538,1539,1530,1530,1531,1534,1529,1527,1513,1507,1514,1514,1513,1509,1505,1522,1507,1504,1517,1572,1565,1559,1556,1567,1559,1557,1556,1561,1565,1545,1535,1533,1541,1542,1552,1548,1574,1563,1553,1559,1559,1570,1569,1571,1575,1579,1580,1611,1628,1620,1623,1679,1668,1669,1664,1667,1688,1687,1690,1682,1694,1694,1685,1688,1690,1702,1683,1673,1611,1607,1617,1621,1605,1631,1641,1629,1632,1617,1639,1629,1632,1624,1616,1616,1634,1630,1631,1634,1616,1623,1618,1618,1612,1608,1639,1636,1643,1637,1631,1627,1632
1500,1497,1498,1478,1478,1478,1478,1479,1452,1447,1442,1427,1420,1416,1418,1417,1393,1390,1391,1390,1389,1383,1379,1388,1337,1321,1331,1323,1325,1318,1325,1316,1309,1312,1311,1349,1338,1339,1336,1346,1336,1318,1315,1309,1308,1311,1309,1312,1297,1289,1289,1281,1279,1279,1279,1257,1255,1257,1258,1266,1276,1274,1281,1272,1304,1335,1345,1335,1376,1387,1388,1377,1378,1382,1380,1382,1389,1387,1394,1402,1413,1400,1397,1405,1406,1406,1401,1403,1412,1409,1362,1370,1384,1384,1382,1364,1372,1357,1353,1353,1357,1350,1350,1348,1358,1348,1342,1348,1340,1345,1342,1339,1340,1330,1330,1322,1327,1327,1325,1311,1305
1500,1500,1502,1512,1518,1518,1525,1483,1479,1476,1485,1479,1483,1485,1485,1477,1469,1476,1471,1469,1479,1474,1451,1456,1451,1441,1456,1453,1451,1449,1460,1458,1450,1443,1438,1427,1427,1427,1402,1402,1392,1392,1382,1384,1384,1385,1381,1373,1372,1371,1380,1371,1366,1368,1368,1369,1365,1365,1368,1383,1401,1395,1403,1397,1393,1394,1386,1388,1370,1365,1362,1367,1369,1366,1375,1367,1397,1397,1393,1391,1370,1361,1351,1352,1352,1353,1351,1357,1359,1361,1361,1349,1338,1315,1315,1320,1323,1322,1318,1294,1327,1309,1307,1291,1311,1309,1310,1305,1305,1306,1324,1306,1317,1318,1313,1312,1313,1309,1296,1287,1284
1500,1509,1511,1511,1511,1518,1521,1510,1516,1516,1519,1518,1535,1536,1537,1533,1523,1517,1494,1486,1473,1475,1493,1484,1485,1483,1494,1496,1498,1490,1482,1494,1507,1505,1509,1514,1527,1526,1527,1522,1512,1503,1500,1511,1516,1507,1503,1515,1507,1511,1511,1517,1517,1528,1530,1522,1522,1524,1536,1548,1556,1565,1560,1567,1569,1555,1561,1559,1559,1647,1645,1659,1664,1656,1640,1635,1651,1651,1654,1656,1655,1652,1651,1651,1638,1640,1639,1641,1650,1670,1680,1680,1672,1710,1723,1724,1721,1725,1720,1708,1721,1722,1718,1720,1720,1723,1717,1724,1721,1714,1694,1706,1686,1683,1732,1727,1748,1767,1756,1759,1750
1500,1497,1516,1489,1500,1503,1498,1487,1496,1499,1486,1484,1496,1505,1490,1489,1494,1496,1498,1516,1522,1524,1516,1516,1526,1537,1587,1590,1600,1625,1626,1625,1621,1644,1608,1610,1615,1611,1611,1611,1609,1601,1608,1600,1604,1604,1614,1597,1593,1592,1592,1597,1591,1587,1593,1592,1582,1563,1547,1553,1551,1548,1546,1554,1553,1551,1556,1578,1553,1541,1552,1549,1566,1570,1573,1570,1564,1563,1555,1545,1543,1528,1537,1537,1542,1537,1541,1552,1576,1574,1581,1562,1570,1575,1582,1586,1586,1590,1588,1591,1596,1624,1619,1633,1651,1627,1625,1625,1630,1628,1625,1631,1628,1640,1624,1620,1620,1615,1617,1617,1609
1500,1513,1517,1517,1503,1505,1520,1534,1531,1530,1524,1517,1498,1509,1541,1537,1517,1519,1515,1519,1518,1517,1487,1487,1485,1493,1485,1499,1495,1493,1516,1512,1529,1517,1525,1521,1531,1530,1519,1513,1512,1515,1508,1516,1521,1510,1509,1503,1506,1526,1526,1538,1544,1540,1535,1538,1564,1567,1569,1569,1572,1571,1549,1560,1572,1571,1577,1583,1588,1604,1603,1608,1607,1592,1595,1594,1589,1582,1587,1598,1584,1584,1576,1576,1580,1592,1583,1578,1551,1541,1536,1536,1534,1529,1541,1542,1543,1539,1536,1545,1557,1592,1568,1570,1569,1567,1566,1553,1540,1542,1550,1551,1545,1542,1537,1540,1541,1544,1539,1547,1546
1500,1492,1501,1485,1488,1488,1501,1506,1517,1521,1502,1500,1482,1482,1479,1472,1479,1485,1481,1478,1470,1482,1497,1487,1487,1469,1471,1472,1472,1478,1470,1453,1449,1459,1461,1440,1437,1416,1405,1378,1364,1371,1371,1378,1390,1398,1413,1413,1417,1409,1410,1414,1398,1394,1396,1393,1343,1342,1343,1336,1336,1337,1358,1355,1355,1353,1353,1344,1352,1346,1344,1344,1351,1340,1334,1336,1371,1375,1375,1364,1349,1349,1347,1342,1343,1333,1330,1317,1296,1309,1305,1301,1294,1296,1288,1288,1280,1276,1273,1258,1254,1249,1246,1235,1224,1222,1217,1214,1187,1180,1180,1173,1186,1193,1193,1190,1203,1186,1184,1188,1185
1500,1511,1519,1511,1521,1536,1545,1526,1527,1525,1526,1531,1535,1531,1530,1529,1531,1531,1524,1520,1520,1520,1521,1512,1523,1510,1502,1464,1463,1472,1472,1468,1475,1481,1476,1481,1467,1471,1454,1439,1471,1471,1467,1463,1451,1448,1468,1464,1468,1462,1460,1455,1465,1476,1471,1474,1485,1495,1465,1474,1476,1474,1519,1513,1509,1461,1461,1454,1458,1456,1464,1419,1404,1404,1386,1388,1386,1384,1385,1388,1388,1388,1393,1388,1387,1388,1406,1406,1405,1425,1416,1412,1419,1420,1420,1416,1420,1417,1397,1398,1395,1384,1384,1386,1381,1384,1374,1373,1372,1371,1351,1351,1351,1339,1332,1329,1327,1358,1346,1343,1354
1500,1503,1499,1503,1499,1519,1519,1487,1495,1496,1494,1490,1478,1474,1484,1488,1481,1468,1468,1471,1474,1469,1449,1447,1450,1451,1485,1445,1437,1433,1445,1436,1429,1442,1449,1454,1448,1447,1452,1413,1423,1425,1416,1416,1412,1410,1419,1412,1409,1410,1396,1398,1400,1423,1434,1415,1410,1409,1413,1418,1416,1416,1422,1435,1437,1488,1471,1466,1466,1485,1495,1494,1501,1525,1539,1527,1540,1536,1524,1526,1524,1520,1502,1507,1532,1544,1545,1544,1577,1574,1566,1557,1564,1554,1544,1546,1539,1534,1538,1538,1543,1558,1547,1550,1576,1658,1653,1655,1687,1685,1693,1714,1700,1689,1700,1680,1758,1780,1789,1805,1796
1500,1502,1504,1493,1478,1476,1459,1434,1433,1433,1434,1424,1419,1403,1407,1405,1411,1418,1436,1436,1438,1461,1461,1461,1469,1519,1526,1527,1527,1541,1597,1585,1603,1602,1587,1586,1588,1601,1624,1624,1627,1639,1623,1613,1603,1595,1586,1586,1581,1585,1586,1592,1605,1609,1609,1601,1600,1603,1567,1571,1572,1578,1579,1591,1591,1607,1607,1593,1605,1599,1609,1607,1603,1596,1596,1571,1564,1567,1577,1570,1564,1572,1531,1527,1522,1517,1523,1522,1516,1523,1523,1510,1521,1524,1524,1524,1524,1526,1524,1524,1524,1524,1521,1520,1520,1533,1531,1524,1519,1517,1521,1518,1517,1527,1515,1507,1535,1543,1563,1571,1560
1500,1487,1462,1458,1458,1464,1459,1459,1453,1440,1432,1440,1441,1445,1438,1454,1452,1455,1471,1474,1496,1495,1486,1499,1497,1501,1530,1528,1538,1522,1525,1534,1532,1543,1545,1545,1559,1659,1648,1626,1587,1593,1599,1596,1599,1576,1571,1560,1549,1551,1564,1601,1586,1577,1573,1572,1588,1581,1583,1596,1597,1606,1611,1620,1630,1625,1625,1631,1634,1648,1658,1644,1650,1636,1627,1635,1635,1637,1639,1638,1651,1655,1648,1634,1625,1632,1632,1650,1650,1641,1635,1622,1617,1617,1618,1620,1614,1613,1615,1615,1618,1588,1578,1575,1561,1566,1560,1575,1567,1570,1572,1573,1567,1560,1580,1574,1575,1575,1584,1595,1585
1500,1501,1496,1472,1486,1481,1477,1465,1456,1449,1432,1437,1435,1440,1441,1435,1428,1397,1394,1395,1412,1416,1426,1427,1437,1393,1393,1417,1413,1413,1404,1404,1408,1372,1372,1384,1392,1392,1402,1400,1397,1417,1419,1412,1412,1408,1412,1417,1441,1450,1464,1469,1475,1470,1465,1477,1471,1473,1477,1491,1498,1491,1506,1519,1505,1501,1509,1512,1562,1554,1550,1548,1576,1571,1575,1560,1561,1563,1562,1583,1615,1629,1627,1630,1624,1602,1602,1620,1613,1608,1621,1618,1650,1590,1725,1708,1704,1729,1742,1723,1644,1631,1631,1631,1640,1640,1641,1641,1648,1653,1657,1671,1633,1622,1628,1633,1625,1637,1626,1625,1638
1500,1528,1534,1535,1532,1537,1535,1533,1556,1555,1552,1561,1542,1541,1544,1546,1545,1571,1562,1604,1631,1637,1630,1635,1637,1630,1637,1603,1598,1607,1617,1613,1625,1627,1625,1591,1624,1626,1631,1631,1638,1630,1628,1647,1630,1626,1627,1627,1627,1611,1614,1598,1596,1593,1588,1586,1579,1571,1565,1567,1562,1567,1566,1580,1583,1570,1567,1571,1561,1569,1562,1565,1571,1577,1583,1582,1578,1587,1584,1575,1562,1562,1561,1604,1596,1603,1601,1605,1603,1606,1603,1604,1602,1601,1607,1608,1613,1604,1624,1619,1621,1615,1617,1627,1633,1639,1637,1646,1632,1631,1629,1621,1623,1614,1637,1633,1641,1659,1638,1616,1605
1500,1498,1493,1501,1467,1469,1467,1458,1468,1463,1436,1409,1406,1404,1410,1407,1402,1399,1400,1383,1391,1408,1406,1410,1404,1399,1400,1395,1400,1400,1396,1394,1384,1366,1386,1387,1383,1403,1358,1350,1353,1356,1341,1356,1356,1357,1362,1359,1351,1343,1344,1357,1377,1434,1430,1428,1415,1467,1476,1474,1477,1482,1469,1480,1460,1461,1445,1444,1487,1492,1492,1492,1480,1488,1487,1500,1510,1511,1511,1505,1516,1463,1452,1445,1447,1449,1449,1448,1461,1459,1463,1457,1452,1459,1452,1444,1440,1435,1427,1426,1427,1434,1429,1431,1427,1420,1403,1421,1442,1438,1446,1445,1437,1438,1429,1429,1408,1406,1407,1401,1401
1500,1517,1554,1560,1565,1540,1513,1511,1513,1529,1531,1542,1550,1541,1549,1562,1556,1562,1562,1564,1558,1547,1491,1495,1501,1494,1495,1487,1482,1498,1492,1498,1528,1528,1527,1525,1524,1535,1531,1531,1533,1545,1546,1540,1551,1531,1531,1523,1539,1554,1526,1526,1520,1517,1525,1527,1518,1498,1504,1500,1495,1484,1498,1478,1478,1486,1488,1473,1473,1466,1437,1457,1475,1478,1491,1502,1489,1486,1485,1485,1513,1525,1526,1531,1493,1518,1508,1518,1516,1520,1505,1514,1527,1513,1539,1543,1544,1540,1544,1574,1573,1575,1588,1589,1588,1586,1571,1572,1553,1562,1590,1562,1559,1559,1541,1540,1556,1549,1560,1556,1545
1500,1500,1482,1482,1499,1499,1499,1479,1491,1492,1508,1538,1535,1538,1543,1573,1577,1564,1569,1556,1562,1566,1567,1569,1576,1586,1586,1599,1604,1585,1562,1563,1560,1561,1571,1567,1549,1548,1562,1554,1562,1545,1534,1540,1562,1566,1552,1537,1534,1528,1526,1526,1550,1545,1560,1604,1598,1595,1588,1590,1590,1584,1579,1579,1578,1578,1573,1622,1610,1583,1586,1592,1592,1587,1591,1587,1576,1576,1574,1608,1608,1601,1601,1592,1599,1594,1582,1577,1616,1626,1622,1608,1624,1623,1607,1599,1605,1634,1637,1632,1634,1632,1640,1643,1619,1626,1616,1599,1612,1618,1618,1631,1628,1633,1659,1667,1640,1631,1625,1623,1630
1500,1501,1507,1529,1531,1522,1515,1523,1538,1538,1548,1551,1559,1555,1543,1540,1524,1533,1535,1534,1526,1540,1541,1547,1541,1550,1555,1555,1543,1546,1570,1571,1580,1569,1560,1557,1523,1535,1537,1536,1536,1572,1553,1552,1536,1528,1531,1546,1546,1548,1548,1566,1571,1610,1639,1635,1642,1637,1651,1652,1653,1655,1642,1630,1634,1636,1623,1627,1633,1632,1618,1622,1606,1609,1618,1641,1641,1622,1624,1647,1666,1668,1681,1704,1698,1700,1706,1710,1715,1715,1718,1719,1724,1708,1705,1725,1720,1715,1713,1715,1715,1709,1718,1722,1720,1775,1786,1801,1884,1880,1868,1837,1824,1831,1836,1843,1824,1816,1835,1880,1929
1500,1500,1515,1523,1528,1520,1535,1541,1535,1517,1513,1513,1506,1512,1509,1506,1518,1516,1513,1507,1508,1505,1501,1516,1497,1441,1448,1457,1462,1462,1460,1458,1447,1454,1460,1465,1476,1464,1455,1461,1470,1490,1492,1492,1499,1504,1508,1512,1505,1497,1506,1494,1493,1459,1449,1448,1444,1465,1449,1492,1484,1479,1466,1474,1465,1476,1505,1506,1519,1480,1477,1447,1447,1455,1451,1451,1492,1493,1497,1489,1488,1512,1491,1488,1477,1496,1485,1468,1469,1458,1460,1449,1449,1453,1442,1453,1433,1434,1452,1457,1448,1459,1465,1468,1480,1483,1481,1454,1459,1438,1435,1435,1458,1442,1444,1433,1418,1396,1395,1378,1377
1500,1488,1501,1522,1518,1515,1530,1535,1540,1533,1537,1538,1546,1574,1579,1606,1612,1618,1594,1610,1596,1600,1589,1568,1574,1579,1576,1581,1573,1574,1587,1580,1579,1563,1561,1553,1569,1573,1578,1587,1586,1572,1563,1537,1538,1532,1538,1539,1533,1543,1515,1524,1522,1527,1570,1554,1553,1549,1542,1546,1556,1546,1551,1535,1521,1520,1517,1520,1519,1507,1501,1508,1538,1532,1529,1543,1543,1561,1609,1620,1614,1608,1606,1616,1623,1610,1620,1621,1627,1617,1611,1610,1605,1570,1567,1578,1571,1579,1564,1546,1545,1533,1539,1539,1535,1544,1538,1541,1539,1529,1537,1533,1561,1575,1569,1615,1610,1638,1636,1651,1646
1500,1500,1488,1493,1498,1497,1499,1485,1498,1489,1513,1507,1503,1502,1496,1487,1460,1464,1472,1470,1470,1475,1471,1444,1459,1456,1453,1441,1447,1447,1446,1472,1472,1470,1475,1483,1483,1487,1462,1460,1465,1475,1480,1480,1481,1482,1482,1487,1482,1482,1503,1501,1501,1508,1505,1513,1500,1497,1499,1505,1506,1519,1529,1535,1528,1526,1522,1524,1511,1491,1515,1516,1523,1507,1507,1505,1506,1506,1510,1510,1540,1536,1519,1540,1539,1532,1562,1555,1537,1551,1548,1558,1568,1584,1580,1580,1586,1583,1582,1584,1588,1594,1604,1590,1587,1579,1592,1602,1627,1640,1656,1647,1642,1635,1645,1646,1675,1695,1706,1702,1682
1500,1503,1518,1511,1511,1524,1524,1520,1523,1535,1524,1540,1559,1556,1513,1505,1493,1498,1504,1468,1470,1473,1438,1430,1430,1428,1432,1436,1428,1420,1423,1433,1442,1443,1445,1437,1437,1430,1430,1428,1442,1440,1425,1415,1408,1409,1416,1414,1411,1409,1409,1445,1437,1432,1427,1427,1412,1412,1416,1494,1493,1480,1489,1489,1502,1503,1496,1501,1500,1508,1514,1531,1542,1547,1542,1524,1524,1513,1510,1548,1559,1553,1551,1551,1543,1533,1519,1512,1499,1525,1530,1535,1535,1531,1518,1500,1494,1496,1492,1496,1486,1491,1501,1503,1533,1536,1539,1546,1529,1529,1545,1543,1570,1574,1571,1558,1560,1532,1524,1532,1529
1500,1511,1502,1498,1478,1478,1468,1461,1465,1447,1447,1435,1433,1450,1457,1460,1451,1449,1465,1459,1445,1437,1417,1416,1415,1421,1421,1409,1408,1407,1411,1411,1425,1427,1435,1428,1426,1438,1440,1436,1416,1451,1466,1473,1462,1459,1460,1469,1464,1463,1462,1445,1443,1441,1443,1462,1466,1465,1465,1461,1460,1510,1505,1473,1469,1486,1484,1484,1485,1490,1484,1481,1484,1482,1473,1465,1470,1473,1467,1423,1426,1429,1419,1424,1426,1457,1455,1468,1470,1490,1476,1497,1498,1506,1508,1500,1462,1455,1428,1462,1463,1459,1467,1460,1459,1454,1447,1454,1445,1445,1428,1424,1432,1437,1433,1438,1438,1434,1421,1438,1436
1500,1511,1502,1512,1517,1513,1506,1506,1511,1504,1492,1485,1500,1508,1515,1517,1518,1512,1519,1506,1497,1499,1452,1443,1443,1451,1451,1457,1465,1462,1468,1470,1462,1459,1459,1447,1450,1450,1450,1449,1455,1458,1452,1459,1458,1453,1447,1447,1447,1432,1434,1434,1426,1418,1412,1407,1412,1412,1405,1404,1408,1406,1371,1377,1377,1376,1371,1366,1391,1395,1389,1400,1396,1404,1393,1394,1394,1394,1397,1373,1365,1360,1354,1363,1369,1378,1374,1358,1362,1361,1362,1390,1381,1388,1382,1329,1302,1296,1320,1322,1328,1329,1329,1328,1329,1315,1315,1306,1331,1323,1330,1311,1321,1308,1304,1304,1298,1295,1280,1280,1283
1500,1493,1484,1491,1476,1465,1472,1466,1462,1463,1460,1465,1476,1452,1435,1423,1426,1427,1428,1430,1456,1457,1452,1445,1442,1444,1453,1432,1430,1430,1430,1432,1446,1469,1473,1452,1448,1485,1491,1487,1499,1498,1493,1499,1480,1478,1482,1469,1471,1461,1466,1479,1481,1481,1461,1459,1454,1443,1453,1455,1437,1434,1431,1431,1442,1444,1451,1462,1464,1464,1476,1470,1470,1472,1471,1471,1482,1476,1469,1477,1473,1474,1475,1517,1503,1497,1498,1495,1500,1517,1517,1517,1520,1507,1507,1494,1489,1499,1493,1486,1478,1470,1475,1483,1487,1481,1501,1484,1480,1477,1470,1471,1471,1480,1474,1468,1472,1471,1477,1483,1490
1500,1491,1484,1491,1490,1487,1502,1507,1507,1507,1532,1520,1517,1499,1520,1509,1528,1532,1531,1534,1512,1508,1540,1546,1568,1557,1571,1584,1590,1588,1598,1604,1620,1618,1642,1649,1652,1641,1634,1634,1620,1592,1589,1587,1553,1574,1575,1566,1566,1572,1554,1564,1572,1555,1566,1551,1551,1537,1539,1521,1519,1514,1521,1524,1505,1505,1509,1494,1489,1477,1488,1483,1477,1472,1490,1494,1523,1519,1505,1521,1505,1508,1502,1512,1503,1511,1511,1523,1522,1515,1517,1523,1523,1533,1529,1504,1504,1497,1502,1526,1518,1519,1546,1547,1548,1559,1567,1562,1544,1541,1539,1540,1533,1522,1523,1518,1526,1534,1549,1559,1516
1500,1497,1492,1501,1513,1460,1458,1471,1472,1471,1462,1460,1460,1446,1440,1446,1449,1438,1440,1438,1418,1416,1419,1406,1386,1388,1391,1391,1396,1403,1403,1400,1392,1392,1383,1375,1415,1396,1412,1396,1398,1387,1381,1378,1387,1375,1360,1356,1354,1364,1371,1371,1358,1347,1345,1349,1393,1393,1389,1389,1389,1388,1391,1388,1400,1399,1413,1413,1411,1411,1419,1389,1381,1384,1341,1376,1366,1348,1347,1345,1350,1349,1344,1342,1349,1348,1337,1337,1326,1332,1317,1319,1308,1310,1310,1305,1305,1284,1284,1282,1283,1275,1262,1265,1256,1268,1259,1258,1259,1255,1253,1273,1270,1261,1256,1254,1249,1265,1265,1271,1266
1500,1492,1485,1484,1492,1499,1498,1491,1486,1491,1491,1487,1479,1528,1527,1521,1523,1553,1539,1533,1512,1511,1502,1517,1534,1534,1535,1563,1576,1597,1580,1569,1571,1580,1575,1565,1570,1571,1571,1567,1543,1538,1538,1546,1552,1550,1557,1552,1551,1572,1574,1571,1571,1600,1600,1605,1603,1613,1615,1614,1641,1644,1619,1620,1639,1633,1633,1624,1612,1610,1594,1573,1591,1604,1603,1566,1553,1546,1562,1582,1564,1560,1555,1563,1571,1566,1543,1542,1561,1564,1569,1588,1585,1597,1605,1601,1605,1575,1578,1570,1569,1568,1565,1554,1554,1561,1559,1553,1542,1546,1546,1541,1541,1576,1603,1568,1576,1585,1580,1557,1557
1500,1516,1526,1534,1550,1564,1562,1512,1512,1515,1509,1512,1514,1514,1524,1518,1511,1510,1494,1490,1492,1490,1485,1482,1481,1458,1447,1440,1462,1468,1458,1453,1449,1445,1438,1438,1443,1441,1444,1441,1399,1399,1394,1394,1384,1375,1371,1366,1357,1355,1340,1340,1341,1326,1319,1318,1335,1327,1328,1329,1329,1326,1311,1310,1306,1307,1306,1293,1293,1286,1295,1305,1298,1301,1301,1303,1302,1267,1269,1269,1246,1250,1249,1231,1236,1233,1246,1245,1255,1231,1223,1223,1223,1263,1264,1262,1261,1261,1272,1260,1261,1262,1256,1258,1264,1261,1262,1255,1281,1264,1247,1238,1223,1224,1230,1214,1214,1216,1210,1202,1196
1500,1499,1499,1516,1507,1500,1503,1488,1487,1475,1474,1477,1481,1483,1481,1486,1488,1466,1479,1469,1471,1465,1489,1493,1495,1487,1490,1486,1476,1486,1506,1498,1493,1509,1509,1508,1514,1521,1521,1525,1522,1527,1521,1512,1512,1514,1518,1519,1528,1543,1544,1551,1544,1536,1532,1518,1510,1463,1456,1444,1444,1482,1498,1496,1496,1505,1499,1506,1508,1522,1528,1528,1488,1487,1484,1480,1467,1480,1493,1478,1470,1470,1476,1479,1478,1475,1474,1473,1470,1470,1451,1454,1464,1466,1474,1471,1463,1486,1484,1504,1498,1511,1491,1503,1517,1522,1522,1520,1555,1556,1554,1538,1515,1496,1481,1489,1502,1476,1474,1438,1452
1500,1510,1508,1503,1516,1528,1534,1539,1544,1539,1539,1542,1537,1543,1525,1554,1555,1544,1548,1539,1539,1539,1549,1574,1575,1568,1562,1561,1573,1588,1590,1603,1600,1600,1596,1595,1598,1599,1594,1580,1595,1587,1595,1608,1605,1618,1606,1610,1596,1623,1605,1617,1623,1622,1619,1619,1616,1617,1616,1588,1588,1587,1590,1590,1590,1580,1565,1560,1538,1542,1543,1537,1539,1558,1555,1554,1537,1543,1497,1490,1477,1478,1469,1485,1483,1480,1478,1477,1476,1466,1465,1471,1471,1474,1458,1454,1454,1462,1455,1451,1457,1454,1408,1416,1415,1408,1412,1417,1416,1416,1416,1413,1411,1405,1389,1392,1386,1388,1402,1425,1423
1500,1502,1510,1511,1512,1512,1514,1523,1521,1502,1503,1504,1474,1485,1510,1509,1504,1489,1495,1503,1470,1473,1471,1464,1468,1447,1447,1447,1421,1420,1413,1427,1431,1431,1425,1434,1437,1437,1445,1436,1447,1433,1431,1427,1427,1421,1400,1409,1400,1401,1391,1390,1385,1378,1380,1380,1378,1373,1367,1375,1378,1386,1383,1364,1356,1350,1346,1346,1348,1334,1337,1337,1329,1333,1327,1330,1328,1324,1316,1319,1318,1312,1307,1286,1280,1286,1284,1278,1283,1286,1283,1276,1276,1263,1282,1303,1299,1281,1280,1280,1280,1280,1293,1292,1288,1238,1238,1234,1240,1239,1249,1243,1243,1257,1254,1249,1242,1242,1250,1244,1239
1500,1496,1493,1490,1489,1476,1476,1445,1436,1434,1453,1465,1463,1463,1464,1470,1469,1467,1467,1466,1456,1456,1452,1449,1443,1443,1445,1438,1459,1453,1429,1428,1436,1430,1440,1414,1400,1395,1389,1383,1384,1402,1398,1400,1393,1394,1400,1391,1391,1385,1381,1374,1396,1400,1393,1382,1389,1393,1393,1393,1393,1415,1432,1425,1433,1427,1427,1420,1438,1439,1421,1416,1422,1416,1424,1428,1435,1422,1423,1408,1395,1393,1384,1388,1376,1376,1377,1409,1408,1406,1399,1406,1390,1385,1391,1390,1408,1408,1403,1406,1424,1411,1414,1440,1436,1446,1444,1423,1446,1466,1515,1514,1519,1515,1517,1532,1534,1526,1530,1538,1566
1500,1505,1509,1510,1512,1507,1511,1504,1502,1502,1510,1504,1500,1500,1496,1505,1503,1505,1502,1509,1511,1536,1542,1538,1546,1505,1477,1469,1475,1472,1475,1471,1480,1476,1476,1481,1486,1499,1491,1490,1497,1477,1467,1460,1467,1483,1473,1471,1471,1465,1459,1437,1435,1439,1437,1427,1437,1437,1453,1467,1454,1457,1450,1466,1460,1455,1462,1496,1520,1513,1512,1512,1513,1517,1506,1525,1551,1545,1545,1544,1541,1552,1546,1541,1530,1553,1544,1542,1549,1546,1542,1527,1544,1572,1568,1563,1573,1568,1572,1576,1581,1577,1567,1567,1535,1516,1543,1543,1548,1544,1538,1538,1558,1556,1553,1570,1575,1568,1582,1588,1575
1500,1515,1508,1504,1503,1491,1474,1476,1508,1497,1503,1499,1476,1473,1472,1464,1466,1448,1453,1447,1447,1449,1441,1429,1427,1421,1439,1450,1448,1450,1451,1435,1435,1421,1414,1417,1418,1402,1407,1397,1370,1372,1358,1373,1369,1369,1368,1354,1346,1346,1326,1317,1337,1333,1337,1313,1316,1307,1298,1319,1323,1316,1316,1316,1313,1313,1317,1310,1313,1313,1301,1314,1295,1297,1304,1266,1262,1267,1269,1269,1268,1296,1291,1291,1320,1323,1316,1307,1315,1313,1313,1308,1299,1296,1286,1268,1253,1252,1248,1247,1233,1222,1222,1214,1215,1216,1233,1228,1228,1257,1259,1249,1254,1256,1269,1272,1267,1285,1279,1274,1266
1500,1497,1482,1463,1460,1468,1465,1486,1480,1478,1500,1508,1507,1516,1523,1529,1525,1531,1630,1624,1622,1616,1616,1601,1617,1621,1612,1618,1622,1619,1607,1605,1602,1605,1613,1615,1613,1611,1661,1657,1637,1648,1648,1636,1626,1660,1651,1646,1637,1636,1630,1626,1629,1628,1627,1630,1630,1611,1602,1591,1592,1591,1584,1554,1546,1553,1549,1566,1585,1585,1580,1581,1592,1599,1604,1597,1625,1627,1624,1626,1639,1646,1648,1645,1642,1643,1649,1643,1632,1632,1652,1646,1682,1681,1674,1682,1680,1705,1709,1707,1710,1702,1715,1713,1713,1720,1732,1736,1731,1731,1721,1728,1728,1767,1760,1754,1735,1733,1757,1771,1768
1500,1500,1500,1510,1511,1509,1507,1460,1468,1469,1461,1467,1461,1480,1495,1492,1485,1482,1481,1479,1475,1478,1478,1478,1479,1594,1596,1590,1590,1563,1588,1583,1590,1564,1557,1541,1548,1545,1567,1563,1563,1563,1556,1556,1572,1582,1586,1581,1580,1588,1589,1605,1600,1637,1638,1649,1648,1623,1612,1619,1624,1629,1619,1611,1587,1588,1584,1581,1600,1593,1602,1609,1603,1603,1594,1583,1550,1546,1546,1550,1541,1534,1533,1541,1535,1553,1558,1554,1553,1553,1544,1545,1535,1519,1516,1503,1506,1521,1538,1508,1514,1504,1504,1514,1512,1513,1493,1492,1489,1487,1485,1487,1492,1479,1480,1479,1484,1476,1494,1502,1499
1500,1487,1489,1499,1478,1490,1496,1499,1505,1505,1505,1503,1514,1511,1509,1484,1492,1478,1467,1465,1432,1432,1433,1425,1424,1397,1398,1403,1403,1399,1437,1433,1431,1421,1421,1424,1428,1433,1413,1412,1411,1437,1450,1446,1458,1463,1474,1460,1469,1473,1481,1478,1486,1492,1491,1473,1460,1477,1454,1451,1463,1473,1483,1483,1511,1506,1506,1506,1507,1504,1501,1546,1545,1538,1537,1535,1525,1550,1548,1550,1544,1553,1557,1565,1560,1550,1544,1528,1519,1534,1517,1518,1521,1528,1540,1555,1553,1560,1558,1551,1520,1509,1491,1489,1488,1494,1489,1483,1446,1441,1438,1430,1430,1423,1424,1413,1414,1411,1419,1418,1402
1500,1502,1495,1499,1498,1510,1510,1516,1545,1563,1560,1559,1554,1558,1540,1533,1520,1526,1499,1498,1501,1505,1526,1527,1537,1525,1532,1541,1521,1534,1510,1510,1525,1527,1549,1550,1551,1555,1549,1530,1508,1519,1517,1510,1497,1458,1459,1458,1458,1461,1461,1458,1488,1518,1515,1514,1500,1518,1509,1517,1520,1567,1605,1609,1586,1589,1605,1608,1616,1637,1670,1704,1708,1709,1702,1695,1686,1684,1664,1668,1657,1633,1618,1621,1621,1650,1638,1651,1651,1655,1677,1681,1680,1688,1659,1660,1647,1648,1659,1659,1655,1636,1607,1611,1614,1619,1613,1599,1612,1638,1636,1634,1661,1659,1670,1671,1679,1671,1661,1659,1690
1500,1513,1533,1548,1556,1566,1563,1550,1557,1540,1540,1518,1533,1525,1511,1501,1493,1474,1467,1492,1482,1525,1526,1522,1508,1503,1513,1510,1452,1459,1457,1451,1493,1500,1505,1505,1467,1458,1466,1478,1486,1481,1479,1482,1490,1484,1487,1487,1481,1478,1483,1482,1476,1485,1486,1480,1479,1483,1492,1484,1484,1502,1486,1484,1480,1478,1474,1478,1466,1465,1460,1444,1453,1451,1451,1443,1444,1446,1460,1434,1422,1411,1407,1401,1404,1389,1389,1385,1382,1389,1393,1398,1416,1492,1493,1492,1476,1477,1473,1455,1449,1416,1399,1395,1391,1396,1390,1387,1380,1376,1369,1369,1351,1351,1357,1343,1343,1332,1328,1330,1327
1500,1491,1489,1487,1488,1480,1515,1514,1515,1524,1517,1526,1557,1557,1556,1557,1552,1553,1571,1565,1554,1552,1567,1572,1579,1592,1556,1554,1550,1550,1548,1582,1576,1573,1565,1567,1581,1549,1567,1588,1584,1591,1591,1586,1585,1582,1585,1587,1573,1570,1575,1568,1541,1551,1532,1515,1533,1539,1536,1532,1566,1566,1544,1535,1542,1543,1530,1533,1533,1552,1545,1541,1535,1543,1530,1534,1529,1528,1514,1495,1498,1495,1493,1484,1477,1471,1464,1464,1477,1465,1470,1455,1455,1468,1474,1474,1474,1479,1478,1478,1495,1496,1503,1509,1513,1528,1537,1525,1532,1528,1524,1533,1542,1532,1538,1550,1552,1554,1551,1551,1559
1500,1496,1500,1500,1510,1519,1524,1539,1535,1540,1550,1589,1580,1599,1595,1607,1613,1566,1561,1562,1536,1548,1537,1535,1547,1529,1540,1541,1536,1539,1558,1589,1591,1586,1575,1573,1552,1555,1553,1566,1571,1568,1566,1562,1567,1555,1557,1550,1546,1559,1559,1557,1567,1571,1571,1570,1572,1574,1572,1579,1543,1541,1529,1526,1541,1540,1536,1536,1533,1533,1510,1507,1466,1464,1455,1453,1417,1422,1428,1447,1447,1444,1444,1438,1449,1446,1438,1437,1441,1444,1431,1425,1425,1438,1444,1444,1458,1457,1457,1468,1461,1444,1446,1454,1478,1489,1494,1493,1487,1487,1478,1478,1473,1449,1429,1428,1456,1487,1487,1488,1491
1500,1521,1521,1498,1493,1490,1498,1498,1496,1497,1495,1540,1537,1540,1556,1572,1582,1538,1539,1636,1630,1667,1689,1682,1678,1676,1681,1692,1682,1678,1699,1710,1710,1707,1701,1719,1706,1691,1695,1696,1695,1702,1706,1697,1640,1648,1650,1649,1678,1662,1664,1664,1682,1669,1665,1661,1630,1633,1610,1603,1604,1620,1623,1623,1631,1624,1641,1622,1628,1617,1603,1612,1637,1646,1650,1650,1655,1655,1655,1641,1637,1633,1635,1630,1653,1648,1645,1652,1653,1655,1655,1645,1640,1638,1623,1623,1618,1611,1617,1631,1649,1654,1633,1620,1595,1598,1593,1611,1614,1622,1627,1619,1622,1615,1613,1635,1649,1656,1651,1649,1681
1500,1460,1481,1479,1477,1489,1517,1522,1531,1537,1523,1480,1474,1474,1465,1452,1479,1487,1483,1481,1488,1480,1468,1467,1467,1466,1466,1462,1461,1473,1474,1466,1514,1519,1509,1517,1522,1524,1548,1547,1557,1633,1634,1646,1638,1642,1631,1635,1636,1635,1661,1671,1671,1670,1672,1680,1683,1669,1683,1697,1697,1696,1722,1731,1747,1742,1742,1722,1732,1732,1787,1781,1778,1784,1795,1797,1804,1810,1816,1819,1809,1817,1814,1819,1810,1831,1835,1809,1830,1832,1822,1820,1778,1811,1814,1824,1812,1802,1846,1867,1873,1885,1930,1933,1919,1919,1904,1910,1922,1915,1911,1912,1918,1930,1952,1939,1964,1960,1958,1960,1958
1500,1493,1490,1486,1465,1459,1439,1447,1445,1448,1435,1418,1415,1415,1417,1407,1398,1381,1381,1376,1378,1393,1392,1403,1397,1427,1432,1436,1448,1451,1451,1409,1400,1390,1394,1386,1386,1395,1373,1336,1342,1316,1309,1290,1292,1280,1253,1254,1256,1259,1245,1251,1244,1244,1244,1240,1230,1229,1229,1246,1242,1244,1237,1235,1242,1239,1237,1237,1235,1225,1224,1217,1223,1229,1242,1242,1240,1264,1265,1262,1262,1260,1260,1266,1256,1259,1260,1265,1247,1236,1236,1219,1216,1218,1214,1205,1183,1177,1175,1172,1164,1156,1169,1170,1166,1166,1168,1168,1147,1142,1141,1139,1142,1142,1136,1129,1109,1109,1106,1106,1106
1500,1500,1500,1505,1494,1491,1488,1455,1451,1450,1458,1458,1460,1461,1446,1440,1438,1446,1444,1444,1430,1424,1418,1419,1439,1438,1440,1442,1425,1428,1426,1510,1496,1484,1490,1496,1501,1491,1499,1508,1501,1511,1506,1510,1501,1518,1528,1539,1538,1533,1541,1570,1566,1550,1540,1549,1552,1551,1544,1546,1556,1559,1531,1576,1570,1579,1565,1560,1542,1562,1558,1560,1561,1558,1554,1516,1522,1557,1557,1527,1534,1518,1523,1523,1527,1521,1519,1516,1518,1514,1498,1499,1502,1498,1485,1486,1423,1423,1423,1417,1412,1425,1423,1416,1431,1436,1433,1420,1398,1398,1411,1404,1416,1411,1414,1424,1421,1427,1426,1413,1382
1500,1494,1490,1490,1494,1453,1454,1458,1459,1452,1445,1443,1441,1441,1434,1482,1488,1482,1485,1480,1484,1475,1470,1479,1459,1458,1460,1449,1452,1463,1468,1465,1466,1463,1463,1457,1470,1457,1452,1437,1434,1443,1478,1485,1485,1477,1472,1482,1483,1466,1481,1478,1507,1507,1506,1484,1475,1468,1475,1487,1489,1492,1493,1488,1499,1506,1510,1530,1534,1512,1512,1505,1532,1519,1519,1519,1524,1541,1546,1528,1548,1551,1521,1512,1516,1516,1519,1498,1489,1487,1492,1490,1503,1505,1513,1513,1563,1571,1572,1580,1561,1597,1584,1581,1578,1561,1579,1584,1583,1629,1595,1593,1627,1627,1627,1632,1632,1626,1629,1625,1625
1500,1501,1501,1506,1501,1495,1495,1497,1484,1487,1488,1470,1470,1444,1431,1431,1431,1421,1421,1409,1418,1395,1356,1354,1380,1373,1376,1372,1370,1371,1374,1366,1366,1350,1352,1348,1342,1335,1313,1309,1310,1319,1314,1313,1299,1346,1351,1350,1336,1337,1337,1341,1339,1338,1285,1285,1287,1287,1316,1334,1313,1307,1311,1313,1305,1303,1309,1325,1338,1339,1366,1361,1349,1315,1315,1332,1325,1336,1336,1362,1358,1325,1328,1324,1322,1325,1304,1303,1297,1304,1305,1290,1281,1285,1285,1285,1284,1259,1259,1279,1276,1266,1273,1273,1271,1265,1262,1255,1251,1248,1240,1240,1240,1247,1246,1235,1230,1227,1223,1225,1197
1500,1493,1496,1504,1495,1494,1494,1487,1472,1477,1478,1478,1487,1479,1472,1477,1467,1467,1461,1480,1480,1480,1479,1492,1496,1491,1499,1481,1482,1498,1521,1515,1519,1510,1520,1528,1542,1542,1538,1575,1578,1577,1628,1624,1624,1623,1644,1636,1627,1625,1638,1637,1624,1603,1599,1606,1609,1613,1614,1611,1616,1615,1612,1607,1597,1593,1594,1593,1589,1567,1575,1574,1583,1577,1578,1588,1574,1587,1585,1597,1591,1597,1584,1585,1555,1561,1544,1552,1560,1536,1531,1522,1520,1523,1525,1539,1529,1533,1534,1535,1528,1513,1528,1531,1522,1539,1564,1575,1605,1573,1575,1573,1573,1560,1564,1570,1584,1567,1569,1573,1564
1500,1501,1486,1479,1467,1474,1473,1473,1476,1465,1463,1465,1459,1473,1465,1452,1468,1455,1416,1435,1439,1453,1464,1460,1447,1447,1447,1461,1465,1459,1467,1477,1476,1472,1475,1474,1472,1471,1473,1467,1476,1460,1464,1472,1463,1443,1452,1454,1447,1475,1463,1465,1466,1458,1462,1444,1437,1437,1449,1445,1437,1423,1410,1396,1394,1386,1370,1391,1391,1395,1399,1425,1418,1413,1413,1402,1401,1397,1400,1396,1399,1417,1392,1408,1429,1409,1424,1418,1427,1426,1423,1447,1473,1466,1461,1464,1442,1434,1434,1430,1444,1446,1446,1431,1436,1418,1417,1415,1413,1424,1433,1418,1427,1427,1426,1424,1440,1430,1420,1415,1398
1500,1481,1461,1465,1467,1484,1482,1488,1486,1486,1467,1450,1440,1444,1437,1446,1446,1473,1475,1468,1482,1494,1499,1516,1517,1534,1521,1526,1500,1509,1503,1506,1496,1495,1477,1478,1462,1463,1464,1461,1472,1472,1464,1464,1464,1471,1471,1472,1480,1474,1472,1469,1469,1429,1427,1422,1392,1416,1411,1409,1429,1444,1442,1450,1447,1445,1445,1444,1421,1436,1420,1413,1414,1413,1425,1419,1396,1404,1400,1396,1419,1427,1433,1480,1491,1486,1480,1473,1473,1466,1463,1465,1470,1475,1474,1488,1479,1475,1481,1490,1501,1509,1508,1525,1523,1536,1549,1545,1552,1549,1536,1517,1520,1528,1513,1520,1523,1516,1508,1515,1507
1500,1522,1522,1549,1544,1542,1535,1539,1535,1545,1526,1529,1532,1532,1509,1506,1514,1532,1530,1514,1524,1526,1528,1518,1517,1534,1566,1563,1567,1564,1554,1556,1549,1545,1514,1523,1514,1508,1507,1510,1513,1506,1502,1506,1506,1491,1475,1475,1502,1489,1474,1474,1458,1460,1447,1461,1464,1399,1417,1415,1424,1413,1411,1411,1400,1401,1398,1397,1391,1419,1417,1443,1445,1425,1430,1430,1484,1491,1491,1470,1477,1473,1471,1488,1527,1525,1520,1503,1492,1486,1496,1500,1503,1501,1493,1492,1495,1479,1487,1487,1510,1512,1517,1526,1489,1491,1505,1506,1500,1510,1519,1509,1527,1524,1512,1512,1495,1495,1498,1495,1515
1500,1500,1501,1500,1512,1508,1508,1508,1516,1521,1535,1536,1534,1526,1520,1522,1511,1506,1509,1523,1513,1509,1513,1505,1503,1514,1497,1502,1499,1497,1505,1498,1494,1502,1492,1494,1429,1426,1423,1420,1426,1426,1416,1389,1369,1400,1386,1386,1379,1408,1408,1402,1417,1422,1433,1424,1410,1405,1407,1402,1410,1415,1435,1442,1435,1427,1425,1429,1430,1428,1447,1455,1453,1446,1443,1441,1440,1442,1438,1415,1405,1427,1420,1420,1440,1441,1436,1436,1419,1388,1386,1392,1392,1397,1389,1397,1393,1386,1386,1364,1364,1374,1369,1396,1395,1404,1408,1424,1415,1414,1441,1440,1443,1441,1448,1450,1448,1473,1463,1463,1487
1500,1507,1523,1526,1529,1526,1507,1504,1517,1541,1567,1567,1561,1552,1535,1546,1546,1538,1526,1524,1521,1520,1513,1517,1523,1529,1527,1524,1524,1529,1522,1515,1505,1506,1500,1472,1481,1486,1485,1476,1477,1439,1421,1431,1428,1425,1440,1451,1472,1475,1474,1452,1442,1446,1437,1438,1446,1447,1456,1455,1461,1470,1463,1463,1455,1484,1482,1491,1492,1492,1491,1451,1448,1447,1443,1443,1452,1485,1499,1501,1508,1501,1500,1500,1501,1494,1500,1470,1470,1474,1469,1460,1464,1458,1468,1468,1466,1490,1497,1506,1499,1500,1501,1514,1526,1526,1527,1534,1535,1531,1546,1547,1554,1549,1564,1561,1560,1571,1580,1540,1534
1500,1501,1487,1478,1460,1455,1455,1447,1450,1453,1428,1430,1475,1456,1453,1434,1431,1446,1445,1461,1460,1467,1463,1474,1473,1480,1479,1463,1461,1423,1410,1402,1428,1428,1424,1428,1436,1432,1430,1421,1421,1367,1373,1379,1373,1383,1360,1343,1341,1337,1334,1331,1326,1333,1327,1320,1321,1328,1325,1321,1323,1325,1322,1318,1318,1304,1304,1291,1290,1290,1290,1285,1282,1225,1217,1209,1207,1206,1206,1206,1208,1203,1195,1195,1178,1178,1178,1139,1144,1150,1150,1152,1132,1130,1125,1127,1121,1134,1131,1128,1129,1133,1125,1129,1128,1126,1150,1150,1150,1150,1144,1132,1131,1151,1150,1155,1115,1118,1118,1115,1115
1500,1504,1507,1516,1515,1524,1526,1536,1533,1537,1537,1530,1522,1501,1497,1489,1495,1501,1525,1518,1517,1518,1523,1511,1514,1519,1500,1508,1489,1497,1503,1519,1514,1522,1521,1527,1528,1529,1531,1546,1522,1524,1525,1538,1546,1569,1567,1538,1521,1522,1530,1529,1529,1536,1558,1561,1554,1557,1559,1557,1566,1585,1588,1575,1555,1557,1563,1572,1566,1564,1566,1557,1556,1552,1543,1533,1522,1527,1529,1534,1529,1518,1517,1517,1522,1524,1524,1519,1507,1508,1510,1510,1516,1512,1517,1518,1514,1517,1508,1521,1516,1510,1510,1506,1535,1534,1529,1530,1539,1543,1539,1516,1520,1523,1517,1516,1513,1526,1529,1514,1514
1500,1502,1509,1469,1468,1457,1470,1449,1449,1445,1440,1445,1445,1443,1430,1426,1405,1408,1408,1428,1426,1424,1447,1436,1433,1423,1426,1412,1438,1430,1449,1454,1459,1579,1580,1583,1584,1581,1565,1570,1568,1564,1563,1558,1545,1528,1517,1539,1593,1595,1595,1594,1576,1578,1567,1562,1555,1545,1534,1529,1527,1538,1531,1528,1538,1554,1560,1560,1568,1572,1562,1569,1583,1594,1585,1588,1581,1586,1591,1595,1598,1603,1618,1613,1568,1577,1584,1576,1568,1571,1577,1567,1558,1558,1554,1551,1547,1550,1543,1570,1580,1568,1567,1572,1563,1565,1547,1544,1527,1505,1511,1512,1502,1505,1505,1510,1514,1511,1509,1490,1482
1500,1501,1496,1494,1500,1500,1498,1511,1501,1510,1497,1517,1512,1506,1502,1516,1481,1478,1483,1489,1492,1495,1500,1493,1500,1496,1497,1496,1489,1473,1469,1484,1479,1480,1485,1486,1483,1467,1477,1474,1473,1474,1484,1480,1465,1467,1467,1457,1452,1447,1494,1491,1488,1491,1501,1503,1509,1516,1504,1507,1507,1508,1505,1493,1484,1476,1471,1427,1437,1424,1420,1433,1447,1423,1422,1391,1385,1340,1334,1376,1378,1378,1372,1369,1377,1384,1384,1381,1369,1368,1358,1361,1361,1363,1350,1342,1339,1344,1348,1358,1376,1377,1369,1355,1364,1362,1361,1324,1313,1315,1315,1309,1312,1319,1318,1317,1344,1358,1375,1372,1369
1500,1499,1489,1498,1492,1489,1496,1494,1493,1486,1505,1500,1494,1496,1486,1505,1513,1508,1509,1507,1507,1507,1513,1514,1530,1531,1522,1504,1516,1513,1516,1529,1525,1520,1520,1519,1498,1504,1521,1515,1521,1531,1538,1514,1512,1517,1513,1526,1528,1528,1545,1540,1580,1572,1575,1579,1578,1563,1581,1578,1563,1540,1537,1545,1541,1541,1544,1520,1533,1516,1516,1512,1524,1525,1564,1573,1574,1583,1556,1556,1574,1544,1554,1554,1554,1552,1536,1537,1544,1545,1551,1546,1558,1553,1583,1614,1611,1600,1603,1606,1610,1585,1591,1585,1582,1578,1578,1579,1577,1579,1583,1541,1546,1550,1540,1540,1548,1568,1584,1625,1610
1500,1490,1491,1497,1513,1513,1506,1541,1539,1544,1536,1530,1534,1533,1503,1512,1513,1483,1489,1480,1456,1455,1435,1413,1412,1412,1433,1447,1444,1444,1448,1437,1445,1430,1430,1444,1448,1474,1477,1487,1486,1483,1494,1494,1491,1495,1490,1494,1480,1475,1476,1483,1483,1491,1499,1488,1493,1502,1515,1515,1489,1486,1492,1500,1498,1503,1502,1482,1480,1480,1487,1482,1510,1527,1528,1527,1529,1534,1527,1518,1529,1524,1519,1508,1515,1514,1516,1509,1498,1518,1519,1523,1529,1536,1544,1545,1540,1547,1545,1545,1547,1552,1557,1549,1544,1543,1538,1546,1539,1555,1546,1563,1545,1538,1537,1559,1557,1562,1549,1549,1548
1500,1497,1498,1498,1498,1501,1501,1507,1540,1546,1562,1565,1566,1538,1544,1543,1551,1561,1555,1567,1567,1578,1576,1576,1582,1575,1572,1569,1563,1542,1543,1541,1525,1515,1514,1504,1504,1509,1489,1489,1469,1465,1458,1448,1456,1458,1455,1454,1447,1467,1437,1418,1414,1401,1448,1464,1457,1465,1470,1462,1461,1463,1456,1456,1438,1439,1458,1457,1462,1449,1448,1420,1438,1429,1423,1422,1412,1418,1401,1385,1387,1375,1375,1391,1381,1388,1390,1393,1392,1392,1404,1399,1407,1413,1413,1411,1413,1408,1408,1400,1408,1397,1387,1393,1374,1371,1367,1372,1366,1366,1357,1353,1301,1302,1302,1301,1297,1295,1291,1293,1300
1500,1498,1480,1488,1486,1492,1499,1488,1453,1452,1473,1464,1462,1462,1463,1476,1482,1484,1482,1480,1498,1515,1552,1552,1545,1558,1556,1534,1577,1580,1587,1585,1595,1604,1600,1615,1617,1618,1617,1647,1659,1659,1669,1658,1646,1643,1643,1643,1645,1647,1647,1645,1663,1673,1679,1682,1697,1702,1707,1687,1688,1663,1651,1653,1644,1647,1653,1642,1677,1654,1626,1668,1669,1668,1674,1675,1670,1665,1664,1660,1654,1649,1652,1652,1650,1648,1652,1654,1664,1661,1674,1657,1666,1670,1666,1664,1668,1666,1661,1668,1675,1672,1661,1670,1705,1708,1692,1686,1698,1697,1684,1685,1677,1679,1726,1705,1698,1695,1694,1708,1695
1500,1538,1531,1533,1530,1530,1529,1527,1535,1533,1527,1527,1521,1518,1523,1526,1534,1529,1525,1529,1534,1550,1529,1523,1517,1520,1507,1512,1510,1504,1493,1495,1499,1490,1489,1487,1495,1495,1493,1491,1542,1543,1527,1493,1500,1505,1495,1490,1484,1497,1498,1498,1498,1500,1487,1486,1484,1505,1516,1498,1486,1497,1495,1493,1492,1495,1502,1495,1512,1495,1494,1492,1601,1666,1627,1620,1620,1628,1629,1620,1617,1606,1603,1609,1609,1602,1604,1593,1593,1601,1611,1622,1618,1631,1647,1659,1675,1667,1668,1676,1676,1671,1699,1717,1715,1719,1732,1713,1713,1729,1731,1731,1726,1722,1727,1716,1712,1710,1717,1715,1732
1500,1466,1469,1459,1465,1442,1427,1434,1447,1455,1455,1453,1457,1458,1458,1450,1462,1462,1456,1451,1438,1441,1459,1475,1472,1465,1478,1484,1488,1479,1477,1487,1489,1486,1471,1467,1465,1464,1464,1479,1479,1476,1474,1480,1523,1482,1489,1499,1508,1512,1511,1519,1501,1501,1499,1499,1501,1507,1501,1497,1492,1500,1484,1479,1470,1467,1475,1455,1455,1455,1463,1498,1513,1508,1503,1505,1482,1479,1492,1493,1488,1496,1517,1519,1528,1539,1533,1529,1529,1529,1529,1501,1483,1488,1487,1522,1531,1537,1537,1540,1529,1539,1538,1514,1517,1530,1528,1531,1526,1526,1501,1500,1498,1548,1549,1554,1534,1572,1569,1574,1565
1500,1489,1487,1477,1474,1476,1476,1467,1459,1460,1456,1464,1465,1466,1448,1446,1427,1425,1435,1426,1426,1432,1428,1434,1435,1433,1419,1420,1413,1401,1398,1402,1385,1388,1384,1381,1350,1347,1317,1354,1354,1345,1323,1317,1313,1321,1321,1328,1324,1344,1344,1344,1341,1335,1348,1323,1329,1322,1322,1337,1342,1340,1331,1330,1322,1318,1317,1321,1321,1321,1332,1321,1316,1322,1325,1344,1343,1347,1347,1342,1353,1352,1362,1369,1371,1360,1360,1362,1355,1357,1357,1365,1378,1380,1353,1345,1346,1346,1371,1371,1357,1360,1348,1385,1378,1376,1380,1360,1367,1367,1359,1352,1352,1350,1334,1331,1321,1311,1311,1313,1306
1500,1488,1490,1484,1487,1464,1462,1461,1471,1463,1465,1476,1476,1481,1478,1496,1504,1498,1490,1480,1501,1486,1476,1458,1455,1444,1452,1448,1455,1453,1444,1443,1432,1430,1426,1422,1428,1428,1397,1424,1424,1435,1429,1430,1429,1410,1408,1424,1419,1434,1427,1427,1422,1429,1421,1413,1425,1408,1405,1403,1410,1398,1398,1406,1393,1388,1420,1411,1402,1410,1410,1400,1373,1375,1370,1358,1358,1366,1365,1365,1337,1326,1368,1348,1362,1358,1371,1364,1376,1379,1381,1384,1366,1366,1389,1388,1397,1394,1402,1407,1384,1387,1412,1412,1394,1384,1393,1382,1368,1363,1360,1401,1393,1393,1393,1402,1398,1413,1413,1407,1409
1500,1502,1514,1511,1510,1513,1548,1545,1552,1552,1539,1552,1545,1544,1550,1538,1545,1553,1557,1556,1563,1537,1534,1578,1591,1636,1642,1639,1652,1660,1654,1666,1671,1668,1663,1655,1669,1664,1665,1704,1702,1701,1704,1696,1686,1693,1683,1687,1675,1689,1696,1675,1720,1707,1703,1711,1719,1722,1714,1726,1722,1699,1691,1698,1692,1687,1683,1687,1688,1687,1679,1675,1674,1662,1655,1658,1665,1665,1662,1659,1683,1677,1672,1665,1661,1680,1686,1690,1694,1710,1744,1747,1740,1750,1729,1726,1726,1712,1716,1729,1721,1734,1741,1738,1750,1702,1724,1718,1745,1745,1784,1779,1792,1782,1779,1782,1758,1719,1720,1721,1723
1500,1471,1466,1457,1464,1505,1509,1504,1509,1502,1498,1495,1498,1498,1498,1496,1486,1489,1479,1471,1464,1467,1477,1477,1497,1497,1489,1479,1479,1476,1483,1482,1470,1463,1460,1455,1455,1476,1476,1471,1461,1444,1428,1431,1448,1438,1430,1430,1446,1444,1444,1441,1464,1434,1456,1448,1448,1446,1453,1459,1446,1482,1487,1459,1453,1452,1462,1459,1459,1438,1428,1427,1426,1430,1426,1433,1441,1466,1462,1458,1456,1456,1419,1417,1415,1417,1431,1424,1408,1447,1418,1420,1435,1435,1438,1411,1414,1410,1453,1459,1473,1472,1464,1459,1468,1472,1472,1472,1446,1432,1439,1446,1449,1449,1429,1430,1432,1437,1435,1441,1412
1500,1511,1514,1512,1500,1502,1500,1502,1506,1486,1469,1469,1479,1485,1484,1458,1456,1447,1443,1444,1453,1443,1434,1429,1427,1465,1453,1489,1471,1464,1467,1473,1472,1469,1463,1478,1488,1494,1507,1527,1525,1500,1512,1504,1532,1538,1535,1530,1529,1537,1536,1536,1526,1524,1537,1521,1529,1523,1524,1536,1621,1621,1616,1640,1632,1631,1629,1629,1634,1629,1647,1652,1662,1650,1647,1638,1639,1636,1630,1630,1630,1630,1629,1629,1648,1655,1644,1672,1655,1659,1650,1633,1648,1625,1618,1592,1526,1495,1510,1504,1497,1487,1497,1497,1517,1516,1512,1508,1476,1473,1463,1462,1455,1444,1448,1439,1432,1462,1449,1454,1448
1500,1496,1493,1493,1468,1475,1468,1478,1487,1486,1481,1474,1475,1466,1471,1475,1491,1491,1497,1499,1499,1510,1509,1513,1514,1512,1512,1508,1511,1524,1533,1521,1511,1511,1509,1494,1501,1491,1505,1497,1497,1489,1511,1506,1499,1490,1493,1494,1497,1494,1477,1493,1478,1488,1477,1471,1477,1497,1497,1490,1486,1494,1491,1487,1486,1481,1495,1493,1499,1495,1496,1511,1508,1507,1497,1498,1506,1502,1499,1489,1496,1494,1499,1488,1500,1507,1508,1482,1482,1494,1487,1487,1502,1496,1496,1503,1498,1521,1545,1541,1541,1555,1574,1591,1602,1606,1606,1607,1604,1612,1621,1624,1631,1583,1580,1567,1559,1723,1726,1736,1735
1500,1505,1496,1489,1494,1482,1484,1481,1474,1478,1470,1463,1468,1451,1453,1459,1453,1453,1443,1442,1462,1484,1482,1489,1476,1479,1479,1471,1486,1501,1505,1510,1522,1522,1502,1501,1517,1521,1527,1525,1528,1515,1514,1517,1511,1504,1521,1518,1499,1510,1513,1504,1524,1531,1567,1575,1573,1575,1581,1570,1565,1555,1558,1535,1521,1526,1523,1527,1533,1532,1530,1536,1518,1520,1525,1521,1522,1527,1522,1509,1508,1495,1494,1500,1506,1481,1477,1490,1493,1491,1490,1494,1540,1537,1540,1530,1538,1531,1530,1530,1543,1543,1548,1568,1548,1549,1563,1559,1542,1543,1553,1572,1569,1569,1607,1614,1614,1618,1613,1603,1595
1500,1493,1487,1486,1477,1444,1448,1434,1425,1445,1453,1453,1453,1460,1488,1487,1487,1484,1486,1486,1470,1458,1464,1484,1488,1493,1501,1477,1477,1483,1449,1451,1450,1450,1446,1494,1495,1484,1485,1481,1438,1426,1413,1429,1409,1414,1414,1326,1326,1332,1375,1370,1371,1375,1356,1356,1399,1393,1385,1386,1379,1372,1375,1383,1375,1375,1377,1378,1401,1396,1403,1409,1402,1396,1380,1375,1376,1377,1377,1378,1376,1381,1378,1381,1367,1380,1381,1373,1373,1373,1377,1374,1351,1365,1370,1366,1366,1346,1357,1359,1364,1361,1362,1361,1367,1362,1362,1359,1366,1365,1354,1352,1357,1349,1346,1344,1343,1334,1310,1308,1311
1500,1496,1466,1467,1460,1460,1455,1455,1450,1440,1440,1438,1436,1430,1449,1455,1446,1443,1443,1446,1457,1458,1459,1469,1467,1485,1469,1479,1474,1483,1442,1435,1441,1451,1453,1401,1400,1398,1396,1384,1390,1386,1392,1394,1386,1393,1406,1406,1412,1423,1441,1433,1414,1425,1423,1424,1425,1423,1425,1378,1376,1372,1375,1394,1375,1365,1366,1370,1371,1375,1368,1368,1366,1375,1371,1371,1396,1401,1390,1397,1392,1383,1345,1349,1337,1333,1318,1301,1304,1299,1305,1311,1305,1307,1301,1299,1304,1305,1326,1326,1310,1309,1309,1316,1355,1352,1322,1314,1313,1310,1306,1311,1313,1307,1314,1323,1315,1306,1307,1311,1315
1500,1487,1482,1474,1479,1454,1461,1453,1460,1455,1433,1438,1418,1418,1432,1423,1416,1419,1408,1430,1429,1434,1431,1446,1448,1442,1439,1427,1418,1424,1419,1419,1417,1417,1396,1385,1377,1376,1378,1388,1373,1385,1375,1379,1383,1382,1393,1390,1379,1403,1422,1432,1445,1441,1440,1425,1425,1427,1429,1433,1452,1440,1475,1470,1467,1468,1480,1501,1502,1493,1477,1473,1479,1489,1492,1494,1478,1476,1477,1477,1484,1482,1483,1482,1482,1484,1451,1451,1451,1451,1444,1433,1418,1422,1417,1406,1407,1405,1418,1428,1422,1424,1429,1429,1421,1421,1451,1452,1452,1453,1458,1426,1425,1414,1408,1414,1420,1419,1426,1430,1430
1500,1499,1461,1464,1456,1459,1469,1456,1446,1466,1466,1461,1464,1467,1456,1456,1469,1450,1444,1443,1445,1449,1445,1488,1500,1500,1492,1482,1480,1471,1486,1487,1485,1477,1475,1503,1511,1492,1492,1499,1505,1522,1510,1504,1515,1474,1490,1472,1472,1477,1496,1468,1465,1468,1446,1489,1485,1481,1486,1491,1498,1499,1488,1504,1502,1480,1485,1470,1461,1481,1482,1482,1481,1477,1477,1477,1464,1473,1473,1468,1474,1466,1473,1471,1467,1456,1468,1458,1460,1462,1460,1473,1462,1448,1432,1420,1408,1404,1392,1392,1399,1390,1375,1375,1378,1372,1371,1363,1359,1359,1358,1365,1348,1353,1353,1353,1357,1356,1348,1367,1356
1500,1491,1479,1471,1473,1462,1442,1432,1432,1415,1413,1409,1403,1395,1395,1429,1427,1475,1461,1460,1465,1447,1438,1446,1442,1434,1436,1453,1453,1420,1412,1389,1388,1420,1425,1441,1447,1432,1429,1419,1412,1411,1409,1409,1410,1407,1400,1400,1404,1392,1430,1435,1456,1484,1490,1513,1506,1528,1532,1530,1523,1529,1528,1505,1505,1511,1527,1537,1528,1525,1526,1539,1534,1540,1533,1545,1540,1536,1546,1534,1524,1515,1547,1556,1551,1541,1532,1539,1537,1483,1498,1494,1488,1480,1476,1473,1484,1505,1485,1488,1517,1518,1501,1500,1492,1495,1493,1491,1484,1501,1495,1507,1528,1520,1533,1533,1538,1555,1546,1555,1564
1500,1511,1510,1504,1500,1512,1509,1498,1503,1510,1500,1506,1497,1494,1497,1506,1502,1496,1494,1498,1484,1500,1500,1492,1497,1499,1490,1502,1501,1503,1515,1499,1512,1501,1502,1503,1495,1493,1485,1482,1475,1480,1447,1455,1484,1483,1498,1493,1487,1486,1525,1525,1528,1532,1492,1492,1479,1470,1470,1464,1464,1479,1472,1520,1518,1485,1481,1538,1558,1555,1554,1543,1550,1550,1553,1556,1537,1533,1527,1520,1518,1490,1489,1474,1476,1469,1474,1466,1477,1462,1462,1461,1453,1447,1447,1462,1460,1465,1465,1463,1456,1451,1486,1486,1493,1475,1479,1476,1474,1499,1479,1466,1467,1463,1439,1435,1422,1418,1431,1428,1428
1500,1500,1499,1497,1488,1489,1533,1536,1533,1535,1520,1520,1526,1534,1532,1533,1540,1546,1540,1554,1565,1558,1561,1566,1566,1563,1562,1568,1551,1516,1551,1528,1510,1541,1541,1546,1557,1577,1581,1584,1582,1573,1572,1558,1555,1530,1541,1556,1558,1530,1526,1524,1520,1508,1539,1538,1540,1535,1537,1537,1537,1538,1530,1540,1540,1540,1550,1563,1564,1566,1569,1565,1575,1530,1530,1538,1535,1522,1516,1536,1536,1511,1504,1510,1511,1545,1547,1537,1547,1562,1566,1563,1568,1568,1568,1567,1567,1557,1557,1582,1602,1603,1615,1619,1613,1628,1652,1666,1702,1709,1705,1696,1718,1726,1723,1722,1695,1712,1704,1694,1662
1500,1504,1502,1522,1523,1517,1495,1498,1517,1517,1528,1551,1548,1547,1551,1553,1538,1522,1525,1543,1541,1532,1536,1536,1539,1536,1538,1529,1536,1546,1544,1546,1567,1559,1546,1565,1569,1576,1575,1575,1579,1563,1555,1560,1559,1554,1558,1548,1548,1553,1551,1574,1585,1565,1560,1557,1555,1550,1543,1549,1535,1526,1526,1498,1473,1481,1485,1476,1480,1474,1485,1483,1483,1490,1490,1491,1501,1503,1519,1514,1513,1503,1510,1510,1506,1517,1523,1520,1509,1508,1506,1501,1550,1546,1539,1532,1534,1529,1528,1522,1528,1522,1530,1523,1526,1517,1515,1508,1524,1527,1534,1527,1538,1541,1512,1518,1514,1512,1512,1507,1502
1500,1494,1499,1489,1532,1533,1513,1522,1525,1539,1542,1561,1565,1542,1540,1540,1542,1540,1545,1551,1543,1534,1540,1537,1549,1549,1549,1545,1528,1528,1522,1515,1529,1528,1527,1539,1533,1528,1525,1524,1512,1519,1518,1506,1536,1536,1518,1512,1506,1505,1495,1498,1505,1500,1513,1513,1524,1527,1530,1530,1536,1523,1469,1478,1481,1489,1509,1488,1486,1490,1454,1452,1448,1457,1470,1466,1456,1469,1470,1461,1455,1460,1447,1454,1454,1433,1444,1460,1507,1511,1512,1520,1526,1535,1533,1525,1537,1532,1526,1538,1536,1530,1550,1548,1507,1494,1488,1484,1471,1471,1454,1421,1406,1428,1432,1434,1429,1443,1440,1436,1437
1500,1486,1486,1482,1484,1476,1461,1461,1461,1414,1414,1415,1412,1417,1422,1421,1406,1410,1409,1374,1359,1350,1350,1393,1395,1389,1415,1422,1424,1422,1413,1409,1414,1428,1409,1401,1387,1369,1373,1366,1364,1377,1375,1375,1373,1371,1363,1365,1371,1379,1379,1392,1381,1378,1381,1393,1381,1381,1382,1374,1385,1384,1386,1388,1388,1388,1375,1383,1386,1372,1396,1396,1400,1398,1402,1402,1402,1390,1390,1390,1387,1375,1381,1385,1382,1384,1390,1401,1403,1403,1374,1368,1374,1372,1371,1394,1407,1427,1440,1439,1439,1413,1411,1417,1408,1389,1384,1393,1392,1397,1414,1404,1396,1383,1367,1365,1356,1351,1359,1361,1367
1500,1527,1531,1512,1521,1520,1527,1528,1536,1531,1532,1505,1520,1528,1521,1520,1521,1527,1527,1506,1513,1507,1479,1486,1475,1475,1455,1456,1439,1418,1420,1419,1415,1415,1426,1420,1420,1418,1408,1500,1505,1512,1501,1500,1490,1489,1489,1473,1474,1475,1464,1489,1483,1517,1530,1537,1537,1537,1512,1501,1495,1491,1492,1492,1494,1539,1544,1538,1538,1531,1519,1554,1549,1556,1573,1557,1554,1546,1537,1537,1535,1530,1573,1575,1570,1575,1590,1590,1586,1576,1588,1592,1596,1581,1591,1577,1536,1539,1522,1496,1496,1485,1471,1450,1450,1449,1470,1470,1476,1521,1495,1488,1491,1482,1487,1485,1488,1495,1492,1523,1511
1500,1491,1479,1475,1471,1501,1506,1509,1510,1497,1502,1492,1490,1474,1467,1477,1470,1464,1452,1457,1466,1468,1474,1440,1457,1473,1473,1460,1467,1417,1437,1430,1430,1429,1444,1456,1452,1449,1441,1443,1457,1437,1436,1448,1441,1439,1417,1406,1413,1415,1402,1403,1388,1404,1394,1379,1383,1374,1369,1402,1420,1437,1437,1437,1444,1455,1464,1465,1463,1462,1454,1454,1449,1457,1456,1490,1495,1474,1471,1467,1459,1474,1469,1490,1471,1446,1438,1427,1428,1431,1427,1424,1424,1421,1413,1428,1413,1414,1404,1404,1389,1378,1396,1385,1385,1383,1375,1380,1373,1358,1366,1363,1352,1355,1353,1376,1384,1382,1379,1379,1430
1500,1502,1505,1498,1490,1489,1492,1489,1501,1503,1503,1497,1498,1515,1520,1516,1501,1497,1480,1478,1441,1464,1443,1438,1442,1449,1452,1455,1464,1476,1474,1475,1459,1459,1460,1466,1468,1464,1477,1473,1479,1466,1478,1488,1482,1483,1511,1513,1523,1572,1576,1570,1572,1564,1563,1558,1542,1556,1553,1552,1548,1546,1546,1536,1521,1543,1554,1565,1587,1574,1566,1572,1569,1570,1541,1541,1542,1550,1544,1539,1549,1538,1547,1541,1495,1489,1480,1473,1472,1452,1445,1448,1449,1451,1451,1446,1446,1428,1436,1435,1436,1428,1423,1409,1406,1404,1415,1370,1371,1370,1360,1355,1348,1344,1343,1398,1380,1383,1381,1373,1359
1500,1503,1512,1513,1524,1524,1509,1522,1519,1521,1516,1496,1492,1477,1473,1473,1487,1487,1494,1504,1510,1518,1540,1546,1546,1515,1521,1515,1508,1501,1485,1469,1472,1461,1462,1461,1461,1433,1435,1425,1434,1429,1436,1421,1415,1411,1409,1416,1417,1419,1426,1415,1414,1413,1423,1424,1426,1419,1422,1433,1433,1428,1433,1430,1436,1449,1460,1456,1451,1444,1442,1450,1458,1470,1476,1496,1494,1479,1496,1492,1499,1498,1479,1480,1484,1478,1492,1495,1523,1534,1549,1568,1576,1585,1540,1540,1539,1555,1559,1547,1537,1486,1487,1467,1466,1456,1480,1486,1479,1479,1475,1498,1497,1489,1478,1468,1469,1484,1484,1490,1490
1500,1500,1503,1496,1488,1486,1481,1479,1491,1497,1486,1488,1455,1424,1426,1421,1421,1416,1401,1397,1363,1360,1362,1358,1360,1367,1394,1394,1405,1402,1382,1397,1388,1386,1383,1382,1381,1386,1388,1389,1377,1371,1350,1344,1349,1352,1343,1339,1340,1338,1338,1350,1356,1352,1342,1341,1330,1327,1344,1338,1352,1354,1367,1355,1367,1367,1368,1359,1352,1392,1392,1380,1365,1373,1374,1375,1358,1358,1374,1374,1371,1369,1367,1367,1366,1366,1345,1347,1347,1344,1369,1361,1367,1376,1371,1340,1346,1343,1318,1318,1322,1320,1345,1338,1341,1341,1344,1342,1338,1345,1336,1332,1330,1331,1321,1319,1325,1324,1343,1336,1335
1500,1505,1504,1514,1517,1520,1520,1515,1521,1522,1574,1575,1576,1562,1566,1566,1564,1551,1539,1554,1550,1529,1525,1525,1522,1521,1523,1518,1517,1511,1486,1504,1505,1503,1494,1485,1481,1485,1484,1489,1477,1470,1473,1471,1485,1484,1472,1482,1484,1478,1477,1476,1478,1471,1475,1476,1477,1476,1476,1479,1478,1490,1503,1518,1506,1518,1525,1533,1534,1534,1544,1601,1596,1579,1541,1546,1554,1554,1603,1608,1604,1602,1602,1612,1610,1604,1599,1598,1589,1598,1604,1599,1597,1587,1569,1568,1570,1565,1576,1569,1615,1610,1614,1576,1578,1591,1602,1585,1599,1599,1601,1610,1588,1586,1564,1552,1564,1552,1560,1560,1553
1500,1524,1534,1537,1543,1563,1564,1557,1544,1545,1534,1529,1554,1551,1542,1547,1566,1566,1550,1557,1540,1544,1516,1514,1522,1479,1477,1478,1500,1502,1481,1476,1474,1486,1480,1484,1503,1499,1500,1519,1522,1531,1531,1524,1519,1520,1524,1514,1558,1538,1547,1547,1546,1550,1539,1566,1561,1535,1531,1528,1535,1528,1545,1682,1701,1692,1679,1629,1623,1607,1590,1590,1580,1604,1610,1604,1606,1618,1595,1605,1603,1607,1619,1625,1629,1636,1598,1605,1619,1618,1617,1645,1654,1639,1653,1636,1642,1652,1652,1652,1622,1603,1612,1602,1596,1596,1597,1593,1583,1576,1568,1565,1565,1580,1581,1564,1568,1512,1485,1477,1451
1500,1523,1535,1532,1535,1520,1515,1491,1488,1490,1508,1509,1503,1511,1513,1511,1504,1505,1523,1531,1527,1533,1547,1543,1543,1543,1539,1539,1572,1567,1552,1547,1544,1550,1558,1582,1601,1592,1544,1542,1540,1549,1545,1539,1539,1529,1535,1544,1536,1543,1542,1554,1603,1614,1652,1651,1681,1680,1679,1720,1738,1750,1739,1739,1713,1730,1737,1735,1772,1788,1815,1830,1838,1831,1836,1817,1823,1806,1810,1815,1809,1794,1810,1812,1796,1790,1785,1765,1766,1767,1767,1741,1718,1741,1732,1710,1700,1700,1695,1699,1697,1695,1696,1700,1716,1728,1717,1719,1709,1706,1728,1720,1729,1731,1712,1708,1706,1700,1697,1699,1699
1500,1500,1500,1500,1497,1526,1497,1498,1491,1484,1518,1565,1565,1573,1589,1593,1590,1600,1613,1610,1612,1605,1606,1609,1612,1609,1618,1643,1700,1713,1726,1718,1671,1668,1662,1659,1671,1674,1668,1646,1642,1684,1684,1676,1687,1679,1687,1680,1679,1669,1673,1661,1655,1660,1649,1653,1650,1635,1636,1657,1648,1650,1645,1669,1651,1650,1659,1630,1608,1596,1598,1611,1603,1595,1569,1570,1567,1561,1570,1570,1564,1561,1557,1546,1555,1550,1550,1560,1562,1567,1565,1563,1565,1553,1542,1543,1543,1571,1571,1572,1566,1568,1560,1573,1572,1563,1571,1529,1531,1513,1526,1534,1521,1503,1522,1524,1533,1522,1519,1485,1485
1500,1488,1481,1478,1471,1448,1456,1441,1416,1419,1413,1411,1410,1410,1422,1422,1420,1417,1418,1406,1396,1399,1402,1402,1394,1387,1405,1403,1400,1395,1391,1389,1372,1414,1414,1438,1424,1424,1433,1432,1437,1431,1437,1441,1441,1444,1443,1435,1432,1425,1424,1438,1434,1419,1396,1378,1375,1367,1369,1367,1369,1358,1355,1342,1340,1338,1333,1328,1312,1310,1302,1305,1299,1299,1296,1293,1293,1299,1284,1282,1303,1305,1312,1312,1312,1309,1301,1306,1293,1293,1299,1317,1312,1331,1335,1333,1331,1329,1324,1316,1313,1308,1301,1301,1301,1306,1275,1271,1265,1264,1267,1270,1273,1277,1274,1264,1272,1269,1267,1257,1259
1500,1497,1500,1500,1505,1508,1504,1539,1538,1534,1523,1523,1522,1522,1527,1519,1519,1519,1518,1524,1519,1519,1518,1525,1505,1552,1548,1551,1577,1574,1550,1552,1562,1562,1552,1556,1526,1524,1522,1516,1535,1526,1530,1528,1533,1534,1534,1534,1537,1538,1517,1514,1509,1465,1441,1413,1419,1426,1421,1415,1420,1427,1438,1445,1413,1415,1411,1388,1374,1368,1365,1364,1372,1407,1410,1405,1390,1400,1390,1373,1382,1383,1375,1373,1369,1359,1354,1344,1317,1307,1312,1313,1317,1309,1308,1304,1319,1304,1297,1285,1272,1270,1270,1259,1292,1285,1268,1266,1272,1273,1269,1279,1310,1310,1305,1307,1296,1292,1290,1291,1292
1500,1530,1528,1530,1536,1541,1548,1545,1564,1562,1579,1578,1584,1582,1575,1584,1594,1593,1610,1600,1590,1583,1585,1586,1588,1578,1556,1549,1541,1546,1543,1543,1538,1533,1503,1506,1522,1519,1522,1523,1517,1492,1497,1548,1542,1531,1529,1546,1521,1538,1542,1549,1547,1540,1546,1531,1534,1546,1530,1541,1629,1661,1662,1688,1677,1677,1703,1699,1699,1674,1672,1655,1683,1691,1711,1705,1717,1709,1710,1710,1717,1727,1754,1762,1745,1711,1720,1716,1720,1720,1720,1715,1716,1707,1704,1674,1676,1672,1685,1694,1704,1702,1703,1696,1691,1702,1691,1711,1701,1706,1683,1703,1702,1655,1634,1624,1602,1602,1606,1626,1626
1500,1493,1508,1507,1484,1485,1485,1502,1460,1460,1461,1462,1462,1462,1462,1446,1436,1434,1439,1438,1443,1451,1483,1483,1484,1485,1497,1490,1498,1499,1487,1489,1479,1490,1506,1500,1487,1485,1490,1489,1499,1495,1489,1516,1536,1542,1552,1548,1548,1520,1527,1540,1525,1502,1498,1508,1522,1520,1518,1529,1528,1569,1565,1575,1551,1534,1547,1550,1579,1559,1558,1561,1578,1573,1548,1564,1515,1519,1517,1524,1518,1513,1496,1498,1495,1517,1522,1534,1531,1529,1523,1564,1563,1561,1569,1559,1570,1606,1582,1580,1568,1503,1501,1504,1506,1519,1522,1522,1524,1529,1529,1524,1517,1527,1523,1527,1527,1522,1522,1537,1537
1500,1497,1462,1472,1472,1472,1482,1491,1497,1498,1503,1485,1475,1465,1468,1464,1466,1459,1458,1474,1454,1448,1456,1459,1456,1462,1487,1488,1473,1462,1447,1450,1456,1456,1474,1479,1480,1478,1475,1463,1431,1434,1435,1435,1430,1426,1419,1423,1423,1423,1403,1398,1400,1396,1403,1415,1432,1432,1442,1444,1439,1443,1431,1431,1424,1425,1427,1430,1425,1423,1436,1428,1435,1434,1438,1476,1473,1473,1452,1454,1454,1455,1426,1420,1412,1412,1418,1420,1421,1421,1433,1427,1422,1411,1412,1436,1435,1437,1428,1427,1426,1428,1413,1407,1394,1401,1377,1370,1374,1373,1389,1409,1411,1393,1391,1398,1410,1398,1400,1420,1419
1500,1474,1494,1485,1485,1510,1509,1495,1497,1483,1483,1501,1494,1509,1508,1508,1514,1503,1509,1496,1495,1497,1485,1470,1477,1508,1488,1494,1492,1476,1484,1481,1484,1487,1495,1498,1492,1498,1518,1517,1518,1521,1520,1515,1515,1517,1520,1526,1522,1529,1521,1521,1522,1514,1501,1509,1509,1507,1534,1551,1574,1577,1599,1612,1612,1591,1588,1585,1585,1594,1588,1590,1589,1585,1580,1579,1587,1549,1551,1545,1575,1571,1564,1564,1541,1527,1528,1530,1536,1536,1540,1515,1514,1513,1510,1518,1502,1502,1502,1507,1485,1484,1512,1516,1518,1516,1506,1493,1498,1490,1491,1534,1527,1528,1529,1524,1523,1520,1514,1499,1487
1500,1488,1520,1523,1518,1512,1510,1513,1537,1538,1538,1544,1551,1537,1537,1519,1529,1554,1539,1541,1537,1529,1517,1512,1499,1497,1495,1502,1501,1494,1492,1468,1448,1452,1452,1446,1439,1457,1465,1462,1461,1469,1467,1459,1435,1435,1422,1425,1425,1435,1433,1429,1431,1438,1449,1460,1471,1477,1470,1467,1455,1449,1433,1438,1436,1458,1457,1465,1465,1464,1486,1482,1470,1484,1487,1487,1496,1494,1474,1472,1477,1521,1524,1521,1527,1522,1502,1467,1509,1506,1492,1481,1482,1466,1456,1451,1451,1456,1459,1462,1448,1444,1438,1432,1432,1422,1424,1411,1414,1430,1432,1431,1433,1466,1465,1465,1459,1453,1452,1452,1451
1500,1498,1485,1494,1492,1498,1491,1490,1484,1472,1453,1456,1452,1442,1445,1426,1407,1396,1400,1395,1393,1390,1435,1443,1434,1431,1438,1433,1431,1431,1426,1429,1428,1424,1454,1450,1460,1454,1454,1496,1497,1440,1477,1484,1483,1475,1474,1462,1461,1448,1453,1468,1493,1512,1512,1517,1508,1509,1508,1513,1515,1507,1507,1495,1490,1509,1512,1501,1509,1498,1498,1500,1498,1497,1497,1520,1520,1510,1506,1534,1537,1525,1529,1540,1542,1536,1557,1550,1537,1536,1539,1541,1532,1508,1508,1499,1483,1485,1491,1548,1529,1524,1526,1532,1529,1515,1516,1515,1512,1510,1502,1517,1518,1517,1516,1519,1530,1532,1512,1510,1512
1500,1495,1489,1492,1498,1484,1474,1454,1456,1446,1437,1433,1435,1442,1443,1517,1561,1557,1565,1563,1541,1533,1527,1536,1529,1529,1495,1494,1509,1519,1511,1513,1510,1504,1511,1508,1508,1517,1506,1500,1502,1502,1512,1508,1516,1499,1506,1508,1509,1514,1526,1509,1503,1514,1515,1503,1521,1508,1512,1491,1494,1504,1510,1510,1517,1513,1498,1497,1497,1502,1494,1493,1494,1495,1492,1495,1511,1525,1518,1512,1512,1518,1530,1533,1531,1530,1536,1510,1519,1532,1536,1536,1508,1498,1509,1504,1495,1491,1470,1472,1495,1497,1474,1474,1478,1475,1473,1473,1473,1473,1481,1484,1489,1500,1519,1532,1538,1523,1523,1542,1532
1500,1494,1495,1494,1498,1506,1507,1496,1524,1500,1488,1482,1478,1461,1458,1468,1454,1444,1447,1462,1473,1468,1455,1455,1454,1463,1469,1471,1446,1448,1442,1397,1395,1395,1395,1393,1385,1387,1385,1384,1383,1373,1372,1379,1375,1370,1361,1355,1383,1374,1388,1401,1390,1385,1411,1412,1455,1475,1473,1463,1467,1478,1458,1480,1493,1495,1494,1505,1519,1524,1530,1536,1526,1536,1529,1528,1525,1520,1516,1486,1451,1455,1503,1510,1516,1532,1524,1564,1561,1575,1586,1582,1581,1584,1614,1620,1621,1636,1636,1637,1620,1627,1596,1614,1618,1657,1657,1651,1647,1641,1637,1644,1633,1628,1626,1604,1593,1601,1647,1649,1648
1500,1507,1505,1505,1542,1539,1552,1548,1538,1537,1544,1547,1555,1543,1546,1555,1559,1547,1546,1530,1565,1582,1577,1556,1552,1554,1541,1541,1567,1564,1566,1543,1536,1536,1521,1495,1498,1496,1494,1479,1485,1505,1501,1501,1516,1518,1524,1529,1526,1524,1532,1521,1515,1502,1502,1505,1515,1515,1513,1513,1502,1498,1485,1489,1482,1486,1486,1494,1488,1484,1486,1492,1498,1497,1524,1529,1528,1515,1508,1505,1489,1476,1480,1486,1488,1486,1476,1499,1505,1510,1513,1515,1522,1524,1529,1519,1501,1509,1506,1510,1483,1483,1472,1473,1473,1469,1456,1458,1467,1486,1484,1485,1488,1482,1483,1491,1507,1531,1531,1522,1518
1500,1522,1492,1495,1500,1505,1485,1485,1475,1467,1443,1438,1438,1437,1406,1407,1402,1400,1399,1399,1398,1383,1380,1380,1383,1383,1379,1375,1379,1380,1377,1373,1361,1351,1339,1334,1346,1342,1355,1360,1359,1356,1356,1348,1416,1410,1416,1445,1423,1433,1438,1449,1433,1433,1430,1427,1427,1433,1433,1443,1443,1442,1438,1445,1432,1433,1426,1434,1411,1415,1414,1404,1403,1404,1410,1410,1406,1426,1423,1431,1424,1413,1408,1407,1397,1419,1412,1415,1417,1411,1379,1383,1354,1352,1363,1363,1355,1339,1339,1343,1317,1313,1316,1316,1315,1314,1320,1313,1311,1310,1283,1282,1274,1270,1275,1274,1266,1258,1254,1275,1254
1500,1500,1498,1532,1532,1531,1533,1527,1527,1537,1535,1540,1540,1548,1556,1557,1545,1524,1539,1533,1523,1526,1528,1526,1535,1530,1530,1535,1537,1534,1535,1528,1548,1551,1547,1533,1529,1532,1538,1534,1536,1522,1525,1531,1538,1542,1535,1559,1577,1583,1585,1613,1603,1627,1629,1623,1623,1647,1651,1640,1646,1639,1615,1613,1613,1611,1610,1613,1619,1612,1601,1602,1590,1592,1595,1604,1603,1594,1584,1584,1596,1574,1572,1566,1588,1580,1539,1541,1547,1562,1547,1561,1540,1533,1521,1493,1493,1500,1496,1498,1496,1497,1509,1525,1516,1503,1507,1500,1501,1498,1492,1499,1502,1486,1464,1469,1463,1476,1478,1478,1457
1500,1505,1506,1503,1502,1498,1491,1493,1492,1491,1473,1472,1472,1472,1466,1443,1443,1443,1450,1448,1444,1428,1447,1455,1465,1471,1481,1477,1485,1487,1488,1496,1489,1489,1501,1508,1505,1512,1514,1520,1528,1532,1537,1536,1559,1557,1555,1560,1560,1556,1510,1553,1555,1546,1540,1532,1513,1506,1524,1521,1525,1518,1507,1510,1562,1572,1574,1560,1548,1548,1597,1616,1615,1609,1611,1622,1627,1626,1613,1613,1601,1599,1600,1624,1627,1630,1620,1605,1612,1635,1650,1651,1670,1674,1675,1669,1675,1674,1679,1666,1667,1661,1663,1671,1684,1683,1700,1701,1696,1734,1735,1733,1729,1728,1742,1736,1730,1712,1698,1719,1734
1500,1507,1518,1527,1519,1519,1526,1508,1514,1514,1547,1548,1533,1525,1541,1538,1534,1538,1542,1537,1533,1533,1530,1533,1546,1545,1552,1544,1543,1546,1541,1518,1513,1511,1507,1504,1504,1502,1514,1513,1507,1475,1471,1459,1464,1466,1464,1445,1447,1449,1453,1426,1425,1418,1417,1415,1405,1408,1395,1395,1406,1394,1394,1387,1373,1378,1377,1377,1379,1334,1322,1318,1317,1325,1327,1378,1378,1377,1372,1372,1369,1365,1367,1367,1360,1369,1367,1369,1376,1387,1387,1392,1397,1394,1394,1403,1412,1416,1421,1416,1406,1415,1417,1411,1408,1400,1412,1421,1428,1421,1414,1404,1399,1392,1388,1387,1381,1388,1397,1396,1390
1500,1500,1504,1511,1516,1517,1512,1513,1504,1493,1493,1505,1520,1518,1481,1486,1494,1500,1530,1528,1533,1569,1551,1537,1540,1537,1541,1541,1542,1586,1588,1585,1590,1610,1617,1626,1624,1630,1658,1631,1630,1632,1656,1650,1648,1634,1634,1634,1629,1640,1625,1623,1620,1601,1606,1584,1572,1591,1562,1559,1574,1586,1590,1574,1574,1573,1573,1562,1561,1571,1566,1569,1568,1569,1567,1591,1577,1573,1581,1590,1571,1569,1573,1565,1568,1566,1558,1560,1571,1563,1559,1562,1558,1551,1569,1554,1530,1524,1527,1523,1524,1529,1536,1543,1536,1540,1535,1537,1535,1527,1516,1520,1512,1510,1518,1517,1504,1518,1503,1498,1494
1500,1504,1493,1489,1490,1491,1491,1505,1494,1494,1490,1488,1488,1528,1534,1519,1515,1521,1532,1531,1526,1527,1551,1550,1539,1538,1537,1540,1536,1545,1544,1537,1549,1549,1533,1533,1555,1522,1525,1527,1517,1510,1509,1511,1511,1544,1544,1544,1547,1571,1582,1590,1588,1597,1595,1596,1589,1589,1560,1567,1564,1560,1551,1564,1563,1546,1551,1550,1552,1582,1582,1582,1586,1581,1578,1583,1574,1566,1565,1552,1552,1538,1540,1546,1536,1535,1523,1520,1532,1537,1543,1543,1539,1534,1526,1525,1521,1527,1531,1524,1523,1523,1533,1539,1558,1558,1585,1562,1561,1551,1562,1567,1561,1546,1546,1545,1542,1544,1545,1533,1519
1500,1499,1490,1501,1487,1489,1494,1500,1491,1505,1484,1483,1481,1482,1486,1471,1475,1476,1471,1469,1462,1457,1450,1450,1427,1427,1432,1439,1454,1424,1425,1431,1436,1458,1441,1405,1404,1403,1397,1412,1423,1442,1435,1416,1415,1415,1433,1428,1448,1452,1459,1459,1445,1440,1448,1448,1454,1457,1462,1464,1455,1449,1460,1444,1438,1384,1384,1380,1368,1359,1354,1350,1356,1353,1358,1355,1340,1336,1320,1320,1320,1320,1319,1317,1307,1320,1318,1315,1322,1323,1313,1310,1298,1287,1288,1284,1288,1288,1276,1269,1265,1259,1255,1245,1235,1231,1233,1231,1239,1238,1238,1251,1247,1243,1243,1253,1261,1343,1341,1320,1333
1500,1496,1499,1501,1526,1532,1538,1530,1535,1542,1536,1547,1582,1559,1555,1560,1598,1598,1596,1605,1613,1626,1629,1654,1662,1660,1648,1635,1626,1633,1645,1653,1705,1708,1708,1705,1704,1693,1701,1709,1705,1707,1710,1713,1707,1709,1719,1729,1727,1719,1711,1717,1725,1708,1687,1694,1697,1696,1694,1688,1694,1702,1673,1674,1654,1647,1650,1649,1652,1673,1664,1655,1661,1665,1667,1670,1653,1681,1690,1691,1706,1707,1696,1694,1698,1689,1681,1699,1689,1689,1680,1679,1679,1670,1681,1680,1696,1696,1681,1685,1685,1692,1700,1693,1693,1745,1856,1859,1847,1841,1838,1844,1855,1874,1889,1884,1881,1891,1893,1897,1910
1500,1495,1500,1513,1511,1515,1524,1520,1517,1507,1494,1488,1492,1509,1509,1508,1508,1492,1487,1487,1493,1500,1472,1481,1502,1523,1516,1538,1543,1543,1548,1548,1551,1541,1556,1536,1535,1532,1545,1546,1523,1517,1517,1509,1514,1546,1536,1545,1546,1552,1551,1557,1541,1547,1546,1545,1560,1548,1548,1525,1529,1520,1524,1524,1540,1540,1565,1562,1583,1582,1601,1592,1579,1579,1581,1559,1553,1550,1558,1558,1550,1553,1529,1531,1555,1533,1528,1542,1512,1505,1497,1476,1468,1480,1476,1513,1520,1513,1542,1555,1559,1561,1561,1560,1547,1544,1543,1542,1533,1515,1506,1501,1499,1499,1489,1508,1468,1470,1465,1463,1463
1500,1499,1491,1481,1497,1505,1509,1499,1552,1556,1555,1555,1557,1558,1558,1554,1541,1535,1552,1555,1523,1518,1535,1533,1537,1536,1541,1538,1525,1525,1534,1540,1548,1556,1548,1539,1531,1525,1526,1518,1518,1534,1523,1531,1515,1509,1514,1506,1507,1507,1505,1524,1507,1506,1527,1523,1519,1511,1514,1526,1523,1518,1519,1514,1521,1531,1528,1534,1546,1513,1508,1502,1504,1506,1512,1509,1511,1505,1524,1528,1540,1532,1531,1531,1526,1524,1524,1525,1529,1526,1522,1520,1526,1531,1544,1538,1551,1542,1543,1523,1529,1526,1525,1548,1531,1530,1522,1523,1515,1561,1551,1544,1544,1554,1552,1532,1505,1493,1496,1489,1486
1500,1484,1491,1499,1507,1499,1497,1495,1487,1497,1496,1499,1496,1509,1539,1539,1512,1515,1515,1529,1522,1517,1502,1545,1567,1593,1584,1597,1589,1600,1583,1581,1593,1593,1586,1589,1592,1590,1585,1586,1606,1611,1594,1603,1611,1609,1620,1641,1650,1645,1643,1640,1658,1645,1639,1639,1642,1643,1634,1624,1624,1635,1651,1643,1647,1639,1654,1652,1652,1656,1621,1623,1613,1612,1638,1652,1664,1692,1700,1704,1683,1693,1690,1692,1696,1698,1680,1680,1673,1662,1659,1677,1692,1683,1690,1698,1689,1702,1706,1722,1736,1738,1738,1737,1742,1742,1737,1707,1704,1711,1709,1693,1692,1695,1783,1782,1789,1790,1784,1791,1772
1500,1535,1527,1546,1540,1529,1533,1474,1469,1471,1496,1501,1504,1515,1517,1514,1500,1493,1479,1478,1479,1469,1465,1465,1464,1428,1435,1440,1431,1417,1411,1417,1409,1408,1410,1414,1406,1416,1424,1420,1422,1431,1427,1428,1430,1424,1424,1424,1421,1386,1389,1389,1393,1393,1390,1374,1357,1392,1392,1396,1398,1399,1415,1414,1413,1414,1409,1438,1436,1421,1426,1421,1419,1415,1417,1403,1427,1416,1406,1403,1396,1402,1396,1380,1397,1378,1379,1373,1366,1364,1367,1365,1355,1362,1364,1370,1367,1361,1350,1354,1353,1367,1346,1348,1337,1339,1337,1337,1330,1340,1325,1332,1361,1357,1356,1350,1352,1356,1343,1343,1349
1500,1500,1494,1475,1473,1508,1511,1508,1510,1505,1532,1537,1531,1539,1519,1506,1500,1507,1514,1521,1520,1514,1502,1502,1497,1502,1508,1506,1510,1517,1509,1500,1501,1508,1492,1487,1485,1489,1503,1517,1517,1515,1510,1475,1488,1488,1486,1486,1466,1497,1489,1489,1495,1491,1496,1496,1509,1507,1499,1502,1501,1503,1492,1496,1461,1448,1448,1451,1454,1452,1465,1465,1465,1454,1454,1448,1444,1449,1454,1453,1455,1442,1439,1446,1446,1435,1434,1433,1433,1439,1438,1438,1440,1434,1451,1459,1499,1507,1493,1484,1522,1511,1510,1509,1516,1490,1490,1517,1512,1504,1504,1510,1505,1504,1504,1489,1491,1455,1442,1447,1446
1500,1518,1487,1480,1485,1462,1462,1516,1521,1516,1517,1514,1498,1479,1476,1479,1472,1468,1463,1448,1446,1460,1460,1450,1452,1426,1427,1457,1463,1454,1466,1461,1452,1458,1463,1459,1457,1475,1478,1486,1474,1469,1461,1453,1453,1453,1450,1430,1442,1442,1435,1426,1414,1411,1410,1403,1400,1397,1396,1396,1391,1395,1399,1401,1400,1382,1382,1386,1378,1385,1382,1383,1437,1437,1462,1468,1463,1451,1463,1456,1452,1468,1479,1485,1470,1478,1492,1494,1493,1491,1483,1478,1492,1491,1499,1490,1491,1502,1518,1515,1522,1521,1534,1558,1559,1562,1574,1536,1515,1522,1519,1519,1503,1506,1519,1497,1506,1504,1506,1519,1509
1500,1504,1494,1487,1495,1488,1484,1470,1481,1481,1485,1486,1507,1503,1501,1508,1491,1487,1492,1487,1485,1499,1514,1512,1515,1572,1569,1579,1600,1600,1594,1592,1572,1606,1593,1582,1589,1604,1604,1599,1605,1605,1600,1605,1603,1602,1603,1599,1596,1583,1592,1587,1592,1610,1602,1535,1535,1537,1531,1577,1575,1567,1572,1570,1578,1572,1548,1548,1560,1558,1559,1545,1538,1523,1509,1506,1510,1515,1539,1539,1563,1557,1560,1547,1544,1549,1555,1552,1550,1552,1531,1535,1526,1513,1505,1509,1499,1503,1472,1459,1457,1455,1406,1405,1406,1411,1418,1422,1424,1470,1460,1451,1456,1459,1459,1460,1456,1456,1460,1440,1449
1500,1502,1499,1506,1504,1506,1512,1566,1536,1547,1554,1555,1564,1546,1529,1524,1528,1529,1512,1523,1522,1530,1530,1539,1540,1540,1531,1544,1542,1541,1543,1543,1505,1558,1561,1572,1565,1564,1574,1557,1551,1546,1546,1554,1557,1552,1526,1541,1541,1550,1550,1516,1515,1520,1527,1534,1534,1547,1537,1529,1514,1526,1532,1542,1521,1507,1499,1499,1495,1484,1491,1504,1514,1521,1537,1512,1512,1518,1521,1502,1484,1484,1482,1480,1489,1500,1500,1512,1505,1511,1502,1530,1513,1508,1518,1525,1539,1543,1535,1523,1521,1518,1518,1518,1527,1507,1512,1511,1518,1518,1522,1525,1500,1501,1496,1519,1511,1554,1550,1545,1544
1500,1486,1493,1507,1512,1488,1494,1487,1510,1505,1504,1505,1507,1509,1506,1501,1499,1491,1494,1497,1497,1496,1518,1505,1500,1491,1475,1481,1493,1502,1525,1539,1546,1528,1534,1531,1500,1507,1530,1526,1517,1511,1510,1524,1523,1519,1525,1523,1519,1517,1517,1507,1513,1516,1514,1509,1527,1525,1521,1546,1542,1526,1515,1552,1563,1568,1565,1558,1560,1566,1565,1565,1585,1588,1583,1637,1644,1636,1650,1638,1639,1637,1631,1637,1630,1629,1618,1615,1618,1627,1616,1613,1603,1604,1583,1580,1576,1567,1562,1560,1550,1542,1561,1561,1563,1577,1542,1554,1550,1554,1554,1541,1538,1529,1533,1527,1526,1526,1518,1522,1542
1500,1482,1490,1520,1518,1533,1531,1527,1533,1555,1561,1568,1550,1560,1536,1552,1545,1557,1563,1545,1553,1588,1579,1594,1593,1585,1578,1585,1588,1580,1579,1575,1570,1579,1599,1615,1618,1621,1576,1579,1684,1673,1672,1688,1675,1656,1680,1698,1694,1673,1680,1676,1658,1658,1653,1614,1637,1632,1625,1615,1629,1599,1598,1603,1598,1579,1569,1569,1564,1564,1566,1558,1578,1575,1573,1603,1592,1597,1588,1567,1563,1566,1570,1572,1575,1570,1568,1565,1566,1563,1566,1580,1592,1596,1591,1591,1587,1587,1583,1584,1596,1604,1607,1606,1653,1651,1644,1634,1637,1628,1608,1622,1625,1631,1633,1637,1640,1642,1643,1633,1627
1500,1503,1503,1507,1549,1544,1536,1527,1525,1513,1471,1463,1455,1452,1459,1466,1473,1455,1456,1456,1454,1456,1452,1459,1459,1449,1441,1439,1439,1440,1434,1449,1455,1461,1473,1468,1476,1496,1496,1493,1493,1496,1495,1491,1487,1483,1495,1502,1509,1501,1460,1470,1461,1454,1459,1464,1463,1456,1457,1457,1457,1456,1447,1459,1463,1460,1463,1457,1467,1457,1461,1453,1433,1440,1446,1444,1446,1456,1501,1497,1487,1490,1499,1498,1497,1497,1493,1490,1487,1477,1486,1483,1485,1490,1547,1542,1540,1537,1552,1545,1541,1524,1530,1545,1553,1577,1577,1576,1581,1635,1655,1658,1657,1665,1677,1672,1700,1698,1690,1687,1706
1500,1482,1479,1479,1476,1479,1480,1449,1460,1464,1458,1470,1466,1484,1482,1477,1483,1476,1481,1484,1475,1466,1444,1444,1447,1437,1442,1443,1451,1408,1405,1404,1390,1405,1407,1407,1403,1387,1384,1392,1417,1415,1412,1391,1374,1383,1379,1375,1468,1470,1465,1459,1473,1470,1465,1480,1479,1476,1489,1493,1503,1496,1496,1475,1475,1482,1478,1478,1483,1488,1479,1478,1478,1471,1472,1417,1422,1426,1418,1423,1411,1406,1399,1398,1396,1395,1392,1402,1411,1416,1415,1403,1409,1413,1414,1386,1400,1410,1406,1396,1394,1395,1386,1385,1371,1389,1398,1399,1389,1385,1386,1386,1377,1377,1379,1370,1370,1400,1410,1419,1401
1500,1493,1484,1481,1437,1424,1424,1424,1427,1427,1430,1433,1428,1439,1418,1446,1450,1439,1427,1440,1441,1421,1425,1410,1408,1408,1445,1464,1454,1443,1450,1435,1436,1432,1405,1405,1411,1406,1403,1414,1426,1421,1428,1438,1447,1442,1451,1436,1428,1421,1417,1423,1423,1431,1438,1435,1440,1454,1454,1462,1455,1423,1425,1427,1409,1400,1397,1387,1413,1413,1411,1421,1414,1412,1426,1437,1445,1447,1440,1425,1413,1405,1407,1393,1405,1421,1421,1424,1449,1449,1438,1439,1446,1416,1434,1436,1451,1453,1451,1428,1431,1448,1449,1439,1438,1450,1466,1478,1477,1495,1496,1479,1479,1484,1484,1484,1491,1483,1482,1481,1487
1500,1514,1513,1546,1546,1545,1546,1538,1525,1525,1501,1498,1499,1456,1457,1452,1464,1500,1506,1493,1457,1457,1450,1445,1455,1455,1447,1441,1444,1443,1428,1428,1428,1426,1456,1456,1448,1480,1464,1461,1457,1477,1475,1475,1472,1480,1474,1486,1486,1492,1513,1519,1517,1516,1525,1546,1539,1534,1526,1528,1544,1549,1533,1535,1545,1523,1526,1531,1531,1521,1519,1532,1532,1524,1509,1498,1508,1500,1521,1516,1514,1520,1527,1528,1534,1533,1533,1535,1560,1556,1556,1522,1522,1515,1513,1499,1493,1483,1481,1488,1514,1527,1531,1516,1527,1519,1516,1516,1508,1503,1494,1487,1479,1476,1480,1492,1491,1488,1497,1490,1506
1500,1494,1503,1503,1500,1504,1511,1499,1497,1502,1487,1481,1478,1481,1475,1474,1464,1449,1443,1445,1442,1419,1408,1408,1403,1404,1405,1443,1438,1437,1426,1426,1431,1439,1444,1444,1439,1441,1441,1441,1423,1417,1405,1401,1410,1412,1418,1413,1434,1435,1437,1412,1410,1407,1407,1407,1404,1394,1395,1390,1389,1406,1398,1400,1393,1396,1406,1403,1407,1407,1373,1379,1378,1403,1395,1390,1396,1408,1414,1414,1460,1474,1488,1487,1493,1493,1506,1524,1518,1548,1559,1571,1567,1568,1540,1548,1548,1545,1567,1574,1573,1575,1583,1588,1588,1590,1590,1548,1534,1551,1574,1584,1588,1592,1584,1605,1582,1587,1598,1594,1606
1500,1500,1537,1526,1515,1520,1513,1529,1519,1531,1549,1541,1529,1530,1539,1523,1547,1528,1531,1519,1520,1515,1513,1516,1507,1515,1507,1520,1503,1503,1503,1499,1503,1501,1508,1507,1481,1493,1531,1558,1559,1559,1560,1568,1568,1569,1573,1576,1582,1578,1586,1588,1592,1596,1596,1581,1574,1602,1605,1600,1616,1614,1624,1616,1608,1594,1594,1634,1635,1629,1626,1611,1635,1642,1611,1616,1610,1610,1614,1632,1626,1631,1632,1637,1632,1633,1632,1623,1615,1629,1625,1628,1623,1619,1621,1622,1627,1628,1631,1630,1630,1633,1626,1633,1619,1612,1617,1607,1613,1628,1640,1638,1638,1633,1633,1649,1659,1657,1657,1656,1660
1500,1507,1512,1478,1464,1438,1436,1438,1434,1444,1410,1411,1400,1463,1469,1472,1434,1455,1455,1461,1466,1468,1467,1459,1436,1452,1462,1453,1453,1435,1435,1416,1411,1430,1450,1451,1451,1441,1482,1480,1482,1483,1485,1486,1486,1453,1456,1467,1469,1456,1457,1457,1462,1474,1475,1476,1484,1477,1474,1481,1497,1493,1493,1547,1549,1558,1539,1528,1538,1647,1653,1651,1668,1668,1664,1661,1677,1675,1665,1663,1684,1675,1675,1677,1691,1693,1673,1674,1698,1696,1704,1704,1709,1694,1680,1681,1733,1708,1714,1727,1740,1720,1713,1728,1728,1726,1735,1745,1756,1757,1749,1741,1731,1683,1675,1675,1674,1676,1680,1663,1664
1500,1497,1495,1505,1492,1496,1469,1480,1434,1446,1440,1442,1435,1440,1444,1423,1402,1409,1407,1407,1404,1401,1396,1387,1383,1377,1383,1383,1371,1379,1419,1427,1428,1420,1419,1413,1407,1386,1398,1402,1401,1406,1401,1400,1409,1404,1404,1399,1398,1398,1391,1394,1393,1399,1368,1368,1365,1365,1363,1363,1363,1362,1362,1358,1380,1406,1434,1416,1425,1424,1426,1426,1421,1423,1433,1433,1412,1413,1408,1413,1404,1411,1415,1413,1404,1392,1446,1446,1472,1522,1532,1532,1522,1524,1525,1493,1494,1502,1501,1531,1542,1552,1549,1574,1574,1582,1578,1563,1567,1578,1575,1574,1578,1589,1585,1589,1586,1580,1584,1579,1570
1500,1493,1497,1497,1447,1443,1461,1458,1458,1440,1435,1426,1424,1438,1439,1438,1432,1454,1434,1428,1437,1443,1443,1459,1491,1483,1477,1478,1482,1470,1462,1457,1448,1454,1456,1452,1453,1455,1457,1456,1475,1475,1460,1460,1456,1456,1463,1458,1455,1467,1466,1470,1487,1499,1510,1518,1510,1547,1548,1555,1562,1553,1562,1546,1547,1550,1544,1543,1550,1557,1555,1571,1581,1573,1570,1571,1578,1582,1587,1611,1608,1608,1608,1615,1633,1628,1620,1616,1615,1621,1636,1622,1608,1619,1620,1630,1629,1632,1628,1616,1622,1637,1621,1615,1615,1617,1608,1610,1603,1608,1596,1600,1600,1602,1598,1584,1589,1579,1572,1574,1570
1500,1506,1499,1486,1443,1451,1457,1460,1463,1430,1419,1428,1429,1434,1431,1431,1419,1429,1433,1426,1426,1423,1422,1422,1427,1436,1440,1427,1419,1433,1432,1425,1421,1429,1439,1436,1444,1433,1427,1446,1446,1463,1463,1475,1477,1481,1479,1473,1478,1513,1511,1519,1503,1504,1494,1489,1469,1465,1475,1492,1481,1466,1466,1474,1474,1464,1459,1466,1463,1473,1469,1516,1509,1505,1510,1493,1503,1505,1504,1494,1490,1487,1488,1486,1494,1490,1494,1527,1529,1531,1525,1535,1543,1553,1553,1579,1579,1544,1532,1525,1544,1548,1551,1528,1531,1526,1521,1521,1502,1503,1502,1488,1478,1466,1463,1472,1466,1466,1464,1456,1463
1500,1495,1495,1485,1484,1490,1487,1487,1485,1495,1498,1543,1538,1530,1530,1525,1506,1541,1545,1527,1524,1523,1532,1533,1543,1531,1529,1521,1514,1514,1512,1493,1496,1497,1487,1477,1492,1474,1479,1485,1474,1457,1461,1472,1473,1470,1469,1469,1470,1458,1468,1475,1471,1455,1457,1467,1470,1466,1461,1463,1466,1466,1454,1450,1482,1473,1495,1507,1498,1592,1632,1630,1633,1644,1634,1637,1647,1633,1640,1657,1655,1657,1661,1668,1674,1673,1671,1677,1694,1735,1735,1712,1735,1735,1742,1707,1701,1688,1688,1701,1709,1716,1710,1715,1741,1755,1760,1745,1745,1748,1772,1778,1768,1778,1785,1797,1821,1834,1829,1823,1803
1500,1489,1480,1493,1488,1486,1519,1508,1512,1535,1525,1518,1530,1534,1536,1521,1521,1518,1511,1511,1507,1510,1519,1511,1527,1527,1528,1521,1530,1546,1544,1539,1542,1532,1536,1540,1538,1540,1586,1583,1595,1595,1600,1596,1596,1598,1602,1598,1608,1617,1614,1612,1580,1580,1727,1737,1748,1737,1738,1729,1743,1747,1717,1717,1724,1723,1722,1724,1724,1737,1748,1749,1752,1748,1736,1722,1739,1743,1733,1737,1725,1699,1700,1707,1718,1726,1726,1723,1721,1713,1738,1720,1719,1722,1718,1685,1692,1695,1695,1698,1711,1701,1709,1703,1750,1770,1805,1803,1806,1809,1809,1814,1829,1829,1827,1814,1768,1759,1759,1712,1711
1500,1498,1502,1501,1508,1517,1520,1522,1523,1488,1493,1494,1492,1502,1496,1485,1497,1504,1510,1516,1523,1515,1540,1542,1535,1543,1552,1543,1540,1589,1599,1597,1612,1605,1604,1603,1621,1629,1633,1634,1626,1630,1647,1629,1637,1640,1650,1641,1634,1642,1655,1660,1651,1649,1639,1637,1648,1637,1612,1605,1603,1599,1611,1615,1612,1613,1612,1620,1625,1631,1627,1626,1636,1621,1613,1638,1617,1611,1615,1626,1639,1641,1631,1632,1641,1632,1628,1619,1632,1651,1640,1636,1630,1619,1620,1613,1611,1612,1591,1585,1584,1577,1603,1566,1572,1616,1615,1616,1631,1653,1652,1668,1668,1641,1636,1688,1700,1722,1721,1718,1725
1500,1501,1480,1478,1482,1482,1490,1499,1521,1528,1526,1531,1516,1508,1510,1501,1493,1487,1485,1518,1518,1515,1532,1562,1562,1564,1564,1575,1587,1588,1602,1607,1607,1628,1628,1611,1592,1557,1561,1571,1618,1638,1652,1651,1640,1650,1649,1628,1634,1637,1632,1633,1645,1659,1657,1667,1681,1683,1627,1633,1636,1622,1622,1606,1602,1608,1608,1600,1596,1592,1596,1576,1576,1576,1547,1524,1562,1546,1546,1552,1555,1543,1563,1568,1567,1567,1573,1567,1576,1586,1589,1602,1605,1609,1612,1597,1613,1614,1627,1638,1630,1638,1638,1630,1646,1652,1676,1667,1687,1657,1639,1643,1642,1613,1613,1626,1629,1624,1621,1613,1597
1500,1504,1504,1503,1499,1506,1502,1525,1534,1556,1550,1540,1544,1538,1532,1510,1498,1497,1509,1496,1485,1501,1500,1502,1508,1500,1508,1508,1527,1532,1563,1572,1593,1594,1589,1600,1599,1596,1605,1618,1618,1618,1613,1613,1615,1630,1625,1628,1627,1652,1657,1657,1664,1670,1660,1697,1711,1720,1715,1705,1693,1693,1671,1682,1687,1672,1641,1641,1642,1658,1676,1655,1655,1647,1672,1678,1667,1678,1679,1685,1690,1692,1685,1679,1708,1706,1696,1689,1699,1673,1654,1667,1658,1671,1680,1685,1690,1693,1692,1686,1677,1677,1675,1671,1671,1656,1657,1648,1652,1655,1656,1658,1659,1669,1663,1660,1673,1670,1650,1644,1649
1500,1496,1491,1495,1487,1485,1477,1483,1499,1508,1504,1513,1519,1520,1521,1534,1523,1524,1495,1499,1497,1506,1534,1532,1545,1539,1525,1531,1531,1529,1526,1527,1531,1543,1531,1529,1529,1522,1511,1512,1512,1495,1493,1499,1515,1526,1522,1486,1485,1484,1462,1449,1446,1452,1452,1452,1446,1476,1479,1481,1484,1492,1502,1501,1525,1524,1516,1516,1516,1512,1518,1521,1532,1536,1539,1534,1533,1535,1549,1547,1546,1538,1551,1540,1545,1539,1542,1548,1555,1569,1576,1579,1573,1577,1577,1574,1573,1580,1580,1581,1590,1593,1590,1587,1585,1583,1576,1580,1580,1588,1586,1561,1544,1547,1545,1545,1538,1535,1529,1532,1541
1500,1501,1497,1493,1500,1495,1515,1513,1502,1501,1499,1501,1524,1521,1495,1493,1498,1495,1481,1486,1475,1474,1435,1442,1472,1468,1446,1445,1463,1471,1479,1477,1474,1479,1475,1469,1454,1566,1559,1552,1549,1530,1525,1540,1548,1540,1568,1579,1582,1578,1573,1572,1566,1561,1562,1569,1574,1572,1586,1583,1599,1591,1602,1630,1626,1613,1620,1608,1597,1593,1593,1588,1593,1591,1570,1566,1600,1594,1598,1581,1600,1607,1618,1610,1613,1629,1626,1623,1621,1621,1619,1631,1628,1631,1623,1628,1620,1626,1626,1663,1660,1653,1654,1669,1668,1681,1661,1642,1642,1642,1596,1596,1590,1597,1595,1612,1613,1606,1633,1631,1627
1500,1506,1514,1515,1523,1527,1530,1545,1545,1545,1550,1554,1564,1560,1557,1562,1562,1578,1585,1580,1582,1590,1593,1597,1601,1609,1573,1564,1565,1573,1562,1531,1534,1532,1515,1513,1512,1496,1513,1515,1504,1508,1525,1525,1520,1519,1517,1505,1520,1523,1511,1511,1508,1504,1492,1494,1497,1483,1482,1513,1509,1508,1512,1522,1478,1489,1486,1466,1454,1460,1453,1458,1454,1456,1469,1483,1476,1456,1487,1484,1449,1472,1440,1438,1434,1454,1449,1439,1433,1423,1414,1417,1410,1384,1367,1364,1368,1365,1361,1356,1365,1371,1403,1403,1409,1406,1414,1421,1411,1405,1403,1395,1379,1376,1375,1373,1373,1373,1375,1365,1365
1500,1494,1491,1490,1482,1483,1483,1489,1480,1478,1501,1503,1453,1449,1463,1471,1471,1469,1457,1462,1464,1468,1469,1481,1482,1482,1478,1457,1453,1432,1431,1420,1420,1418,1437,1425,1427,1427,1435,1439,1448,1423,1441,1436,1426,1392,1392,1396,1394,1422,1419,1410,1418,1414,1420,1430,1440,1440,1460,1457,1460,1457,1434,1434,1445,1450,1478,1486,1487,1461,1458,1458,1442,1451,1485,1483,1478,1503,1493,1499,1509,1489,1481,1467,1466,1465,1467,1465,1476,1476,1477,1474,1476,1475,1475,1452,1475,1488,1508,1492,1492,1485,1477,1500,1490,1472,1479,1474,1491,1491,1487,1489,1504,1515,1512,1506,1502,1502,1488,1485,1484
1500,1506,1509,1510,1513,1527,1530,1530,1532,1531,1528,1532,1532,1528,1548,1550,1541,1560,1532,1527,1553,1576,1576,1558,1553,1553,1544,1542,1532,1529,1528,1519,1509,1500,1497,1505,1505,1510,1497,1493,1490,1496,1488,1485,1486,1486,1473,1493,1496,1485,1503,1517,1525,1529,1518,1517,1513,1509,1503,1497,1499,1506,1524,1524,1522,1518,1505,1516,1510,1504,1500,1492,1492,1499,1505,1506,1513,1495,1500,1500,1492,1510,1512,1519,1523,1492,1487,1500,1499,1513,1513,1506,1512,1517,1494,1493,1492,1500,1573,1569,1564,1567,1529,1530,1523,1524,1529,1539,1559,1558,1580,1576,1564,1560,1558,1580,1565,1564,1559,1540,1548
1500,1506,1539,1527,1519,1521,1522,1545,1538,1538,1518,1509,1524,1522,1518,1520,1527,1534,1529,1527,1525,1541,1538,1535,1560,1544,1529,1532,1524,1551,1544,1531,1524,1526,1526,1523,1517,1533,1562,1579,1584,1581,1584,1567,1572,1584,1596,1592,1578,1572,1572,1584,1585,1590,1584,1592,1591,1583,1587,1584,1580,1576,1558,1559,1559,1553,1546,1537,1538,1538,1581,1609,1620,1613,1620,1611,1609,1599,1598,1593,1592,1595,1586,1631,1634,1674,1722,1732,1732,1721,1716,1723,1711,1724,1712,1724,1713,1761,1769,1786,1776,1828,1828,1825,1823,1819,1817,1793,1793,1799,1801,1792,1789,1798,1804,1800,1798,1802,1810,1799,1789
1500,1497,1489,1488,1466,1466,1477,1480,1482,1453,1467,1473,1473,1463,1461,1466,1459,1448,1437,1447,1439,1437,1435,1429,1424,1411,1412,1412,1414,1410,1420,1416,1420,1414,1402,1385,1382,1347,1354,1364,1367,1383,1382,1363,1362,1374,1370,1370,1381,1389,1402,1389,1388,1388,1396,1380,1369,1392,1382,1378,1378,1375,1367,1365,1375,1380,1382,1379,1372,1359,1358,1360,1344,1349,1354,1335,1328,1325,1326,1326,1327,1325,1323,1313,1313,1311,1309,1309,1310,1304,1289,1292,1279,1309,1276,1275,1265,1272,1270,1270,1275,1272,1276,1252,1250,1253,1247,1253,1253,1251,1235,1234,1247,1246,1250,1255,1255,1253,1253,1251,1246
1500,1503,1513,1517,1517,1515,1514,1521,1478,1486,1521,1533,1534,1534,1534,1537,1537,1527,1518,1503,1502,1501,1511,1496,1473,1473,1466,1488,1449,1452,1434,1438,1438,1433,1438,1439,1430,1421,1425,1410,1400,1400,1396,1403,1401,1406,1399,1398,1391,1383,1376,1375,1367,1373,1365,1365,1365,1359,1360,1367,1367,1350,1348,1355,1339,1340,1345,1343,1340,1334,1334,1327,1311,1279,1279,1278,1273,1269,1280,1285,1311,1305,1309,1308,1317,1312,1319,1301,1303,1303,1304,1303,1303,1321,1324,1337,1337,1315,1317,1316,1324,1326,1307,1307,1318,1318,1312,1313,1316,1318,1321,1321,1314,1321,1321,1324,1322,1324,1323,1355,1355
1500,1513,1511,1512,1486,1460,1448,1453,1469,1474,1467,1459,1449,1450,1461,1472,1474,1488,1492,1499,1504,1495,1509,1521,1526,1525,1537,1552,1553,1554,1554,1555,1553,1566,1557,1553,1549,1487,1491,1505,1498,1508,1503,1512,1517,1525,1540,1542,1537,1543,1535,1522,1512,1517,1517,1515,1502,1507,1528,1522,1510,1496,1495,1486,1486,1473,1471,1468,1482,1482,1489,1495,1497,1520,1520,1522,1514,1518,1527,1525,1538,1517,1531,1587,1596,1588,1590,1589,1594,1577,1580,1612,1625,1627,1621,1618,1625,1623,1628,1705,1710,1741,1741,1727,1732,1710,1697,1692,1692,1696,1686,1685,1682,1699,1698,1692,1695,1691,1681,1682,1701
1500,1501,1535,1509,1506,1506,1499,1478,1482,1520,1529,1532,1523,1527,1504,1503,1497,1505,1508,1501,1504,1501,1495,1494,1495,1494,1491,1465,1477,1495,1493,1480,1482,1482,1497,1505,1498,1498,1523,1521,1534,1556,1552,1543,1559,1568,1568,1572,1601,1600,1591,1537,1538,1540,1538,1544,1541,1541,1538,1530,1530,1524,1534,1539,1535,1536,1540,1534,1543,1546,1512,1520,1567,1565,1567,1560,1551,1544,1535,1537,1531,1522,1516,1521,1533,1529,1520,1520,1540,1546,1545,1565,1567,1562,1567,1582,1574,1573,1551,1543,1536,1538,1517,1495,1501,1488,1486,1486,1540,1528,1507,1507,1512,1514,1512,1512,1510,1504,1519,1522,1499
1500,1494,1504,1508,1501,1501,1499,1485,1475,1471,1486,1469,1456,1456,1458,1484,1476,1464,1479,1468,1465,1470,1589,1602,1627,1627,1634,1630,1630,1630,1636,1684,1679,1664,1660,1658,1664,1660,1659,1678,1670,1679,1680,1686,1687,1668,1677,1661,1693,1694,1683,1686,1666,1672,1655,1655,1649,1646,1675,1675,1673,1714,1700,1700,1701,1701,1699,1739,1720,1717,1718,1705,1707,1715,1716,1719,1703,1726,1730,1740,1840,1839,1840,1833,1826,1810,1842,1830,1850,1852,1836,1834,1819,1830,1822,1861,1861,1854,1861,1869,1850,1809,1845,1872,1865,1852,1837,1824,1824,1868,1836,1796,1788,1769,1741,1745,1749,1743,1751,1730,1719
1500,1502,1502,1509,1512,1510,1524,1495,1489,1490,1485,1486,1484,1476,1468,1469,1472,1474,1475,1496,1498,1508,1505,1509,1477,1491,1488,1492,1460,1460,1460,1468,1470,1467,1465,1466,1492,1494,1503,1498,1520,1515,1514,1515,1509,1512,1513,1505,1504,1504,1503,1500,1495,1475,1458,1460,1417,1398,1409,1421,1410,1418,1418,1424,1441,1439,1437,1439,1445,1449,1434,1435,1428,1427,1424,1423,1381,1370,1375,1376,1357,1374,1373,1371,1371,1371,1377,1356,1377,1375,1362,1350,1355,1354,1361,1361,1359,1357,1358,1353,1353,1352,1336,1333,1334,1325,1324,1347,1340,1334,1345,1349,1350,1380,1425,1428,1458,1458,1462,1476,1475
1500,1511,1503,1506,1507,1507,1502,1501,1506,1507,1498,1499,1456,1461,1466,1466,1462,1457,1448,1443,1451,1439,1429,1421,1425,1410,1407,1409,1401,1399,1395,1397,1397,1399,1403,1418,1372,1370,1370,1378,1384,1396,1393,1392,1391,1380,1394,1395,1409,1409,1414,1420,1421,1419,1415,1415,1423,1421,1421,1421,1420,1424,1412,1415,1415,1419,1417,1422,1446,1439,1418,1416,1421,1414,1401,1402,1382,1377,1377,1382,1371,1360,1363,1387,1380,1358,1348,1348,1352,1347,1353,1347,1335,1339,1329,1318,1308,1310,1310,1289,1286,1292,1298,1308,1301,1301,1301,1301,1298,1291,1294,1294,1294,1300,1290,1273,1281,1288,1294,1282,1284
1500,1507,1520,1508,1504,1506,1492,1485,1485,1468,1485,1485,1503,1477,1480,1515,1511,1516,1523,1531,1526,1522,1527,1528,1528,1548,1522,1595,1593,1602,1590,1584,1554,1564,1565,1569,1569,1589,1596,1596,1611,1610,1582,1568,1578,1568,1565,1560,1566,1572,1565,1563,1554,1552,1551,1563,1562,1548,1551,1549,1555,1555,1561,1559,1559,1561,1560,1552,1560,1564,1578,1575,1579,1580,1581,1579,1575,1582,1582,1576,1573,1569,1555,1554,1558,1566,1559,1558,1566,1575,1573,1568,1562,1550,1561,1586,1582,1577,1581,1587,1558,1559,1562,1540,1538,1542,1530,1537,1544,1544,1543,1569,1573,1574,1614,1607,1607,1607,1623,1617,1632
1500,1522,1532,1538,1527,1529,1529,1531,1561,1565,1533,1539,1541,1537,1533,1534,1529,1528,1585,1589,1590,1596,1593,1644,1641,1668,1679,1684,1674,1688,1693,1641,1643,1821,1819,1815,1771,1761,1792,1792,1800,1782,1788,1788,1807,1809,1806,1815,1787,1801,1810,1826,1817,1817,1804,1798,1802,1800,1792,1795,1796,1780,1795,1799,1787,1776,1763,1745,1749,1751,1743,1736,1717,1717,1712,1712,1716,1704,1706,1717,1718,1713,1690,1694,1692,1688,1682,1680,1678,1674,1668,1723,1733,1733,1749,1736,1722,1720,1712,1713,1726,1734,1734,1718,1716,1710,1715,1749,1703,1690,1698,1693,1719,1715,1717,1721,1720,1709,1701,1698,1696
1500,1497,1513,1513,1482,1473,1464,1456,1456,1458,1458,1468,1467,1464,1466,1454,1452,1474,1470,1470,1490,1494,1497,1500,1514,1525,1543,1543,1539,1539,1556,1567,1565,1573,1597,1584,1573,1544,1548,1553,1569,1559,1543,1535,1521,1511,1501,1504,1514,1509,1511,1501,1497,1476,1485,1479,1465,1461,1478,1485,1488,1479,1479,1473,1475,1476,1470,1489,1485,1467,1482,1491,1488,1515,1516,1523,1515,1517,1525,1521,1534,1518,1519,1533,1529,1513,1513,1562,1567,1582,1577,1578,1589,1594,1581,1605,1575,1576,1574,1569,1567,1573,1574,1576,1573,1565,1566,1538,1525,1531,1524,1521,1503,1502,1495,1488,1482,1482,1489,1510,1506
1500,1508,1528,1525,1529,1532,1540,1540,1549,1542,1546,1549,1549,1550,1550,1555,1544,1527,1527,1514,1515,1514,1518,1525,1517,1519,1519,1534,1519,1480,1488,1496,1497,1509,1502,1503,1495,1494,1502,1509,1502,1489,1496,1497,1495,1509,1512,1511,1550,1544,1562,1560,1545,1544,1548,1510,1505,1505,1505,1511,1519,1519,1524,1533,1531,1531,1538,1543,1550,1559,1549,1545,1540,1551,1540,1533,1533,1524,1537,1565,1582,1601,1617,1618,1616,1625,1629,1628,1627,1622,1632,1635,1638,1643,1649,1638,1643,1630,1625,1625,1590,1607,1602,1604,1620,1624,1624,1610,1620,1640,1628,1611,1639,1608,1614,1597,1605,1619,1620,1621,1614
1500,1496,1493,1485,1474,1478,1486,1485,1485,1501,1532,1524,1510,1510,1517,1533,1531,1543,1535,1535,1538,1525,1522,1521,1527,1527,1530,1538,1531,1523,1508,1508,1508,1510,1509,1504,1440,1430,1460,1464,1474,1471,1474,1472,1493,1484,1485,1488,1492,1481,1478,1458,1440,1440,1439,1435,1428,1428,1427,1410,1406,1426,1419,1385,1399,1380,1359,1372,1369,1386,1391,1386,1384,1388,1367,1367,1366,1364,1370,1368,1357,1347,1343,1343,1345,1345,1346,1348,1329,1328,1340,1349,1347,1339,1346,1347,1339,1337,1339,1357,1357,1355,1347,1340,1346,1340,1340,1339,1339,1336,1344,1384,1374,1374,1399,1412,1411,1385,1376,1387,1386
1500,1491,1500,1483,1497,1498,1505,1502,1528,1566,1571,1589,1605,1605,1602,1578,1583,1579,1580,1559,1547,1553,1530,1528,1515,1521,1519,1516,1514,1514,1509,1525,1525,1529,1535,1531,1534,1555,1552,1544,1544,1541,1546,1542,1532,1534,1537,1541,1560,1578,1569,1600,1607,1597,1599,1595,1594,1608,1597,1594,1594,1604,1605,1619,1630,1607,1614,1616,1615,1620,1643,1655,1639,1644,1655,1662,1651,1643,1655,1661,1661,1640,1652,1673,1728,1733,1733,1741,1735,1733,1726,1726,1738,1718,1708,1718,1714,1707,1705,1703,1698,1701,1713,1708,1708,1693,1700,1700,1696,1711,1709,1746,1734,1724,1728,1724,1718,1694,1688,1687,1698
1500,1500,1499,1502,1508,1514,1512,1491,1493,1489,1500,1493,1474,1461,1450,1442,1456,1440,1444,1444,1432,1425,1421,1422,1407,1417,1417,1410,1404,1402,1396,1401,1395,1375,1363,1367,1374,1378,1390,1377,1348,1326,1334,1334,1335,1332,1331,1347,1358,1347,1371,1376,1378,1379,1394,1396,1402,1422,1423,1430,1433,1434,1440,1441,1439,1442,1499,1493,1490,1477,1470,1470,1471,1476,1439,1432,1432,1426,1422,1422,1424,1431,1426,1430,1429,1423,1420,1414,1414,1417,1408,1407,1402,1381,1382,1377,1373,1352,1338,1332,1319,1323,1332,1353,1340,1338,1328,1311,1282,1282,1282,1283,1283,1280,1285,1285,1283,1285,1287,1288,1296
1500,1504,1507,1505,1495,1516,1510,1504,1490,1501,1500,1497,1471,1470,1464,1456,1469,1461,1468,1467,1461,1479,1483,1475,1474,1479,1470,1470,1469,1470,1483,1483,1469,1447,1473,1475,1476,1472,1473,1457,1458,1458,1452,1450,1490,1482,1478,1481,1485,1506,1508,1514,1526,1529,1546,1569,1582,1586,1592,1574,1579,1570,1568,1548,1553,1553,1553,1565,1571,1582,1585,1577,1580,1593,1582,1586,1586,1593,1597,1597,1622,1614,1612,1624,1631,1629,1635,1637,1655,1649,1631,1646,1661,1654,1684,1694,1698,1676,1676,1686,1700,1672,1662,1660,1668,1686,1700,1705,1700,1693,1711,1706,1692,1687,1693,1696,1693,1697,1701,1704,1692
1500,1499,1491,1491,1490,1489,1489,1489,1488,1485,1491,1486,1488,1481,1514,1517,1517,1501,1501,1493,1493,1507,1496,1493,1510,1508,1503,1527,1520,1520,1507,1545,1544,1539,1531,1526,1519,1513,1512,1499,1501,1493,1504,1496,1498,1500,1516,1508,1508,1502,1498,1485,1496,1566,1572,1576,1576,1585,1582,1585,1601,1590,1542,1548,1560,1560,1585,1583,1578,1577,1575,1572,1592,1617,1614,1625,1627,1623,1705,1694,1686,1691,1715,1720,1716,1719,1718,1726,1732,1720,1716,1718,1720,1732,1734,1741,1763,1766,1770,1767,1796,1800,1885,1893,1885,1896,1881,1891,1904,1900,1889,1872,1866,1879,1893,1876,1890,1900,1903,1897,1893
1500,1491,1487,1483,1485,1488,1463,1455,1446,1454,1467,1441,1439,1441,1431,1436,1430,1415,1415,1419,1419,1428,1436,1424,1427,1421,1423,1421,1402,1400,1396,1441,1438,1432,1430,1439,1439,1424,1448,1442,1453,1427,1426,1421,1422,1415,1394,1397,1399,1395,1401,1419,1426,1417,1426,1422,1419,1426,1442,1445,1443,1441,1425,1421,1428,1434,1437,1440,1448,1443,1431,1426,1425,1415,1421,1433,1433,1438,1446,1445,1459,1454,1454,1450,1450,1444,1444,1451,1444,1447,1456,1456,1451,1457,1449,1449,1450,1451,1447,1367,1365,1362,1368,1370,1382,1382,1388,1388,1390,1393,1390,1388,1390,1388,1389,1386,1386,1383,1385,1376,1388
1500,1494,1498,1503,1502,1516,1509,1500,1492,1487,1487,1489,1486,1500,1491,1473,1493,1490,1473,1461,1460,1458,1454,1462,1463,1452,1452,1454,1445,1443,1443,1456,1453,1445,1445,1448,1449,1447,1444,1432,1420,1412,1406,1413,1403,1402,1402,1403,1406,1393,1396,1396,1409,1406,1401,1395,1395,1393,1393,1382,1378,1378,1366,1346,1345,1367,1366,1326,1352,1363,1364,1369,1350,1380,1376,1368,1359,1359,1377,1382,1372,1380,1376,1368,1344,1336,1356,1364,1371,1361,1364,1353,1351,1348,1353,1351,1348,1309,1309,1302,1302,1302,1306,1307,1304,1302,1300,1297,1304,1297,1299,1294,1294,1322,1314,1302,1285,1282,1282,1277,1274
1500,1510,1531,1540,1528,1537,1532,1539,1565,1605,1608,1608,1601,1604,1596,1599,1613,1610,1606,1607,1597,1595,1595,1595,1585,1580,1574,1578,1573,1571,1576,1574,1581,1595,1611,1608,1591,1588,1590,1598,1603,1609,1605,1606,1604,1609,1610,1603,1603,1602,1599,1609,1609,1604,1604,1596,1611,1609,1616,1616,1613,1597,1577,1624,1615,1615,1625,1629,1617,1628,1625,1617,1627,1632,1633,1636,1644,1640,1653,1664,1663,1642,1647,1669,1649,1634,1634,1657,1657,1663,1664,1639,1628,1624,1657,1655,1654,1657,1657,1646,1639,1629,1627,1620,1607,1595,1586,1588,1573,1557,1523,1518,1521,1530,1498,1516,1530,1532,1540,1535,1537
1500,1521,1520,1502,1515,1512,1520,1499,1505,1515,1515,1520,1512,1512,1544,1558,1565,1565,1574,1615,1609,1611,1614,1620,1622,1622,1616,1621,1638,1645,1645,1648,1638,1641,1643,1672,1646,1657,1665,1666,1663,1656,1660,1649,1668,1665,1664,1683,1700,1706,1727,1727,1722,1729,1718,1702,1706,1708,1698,1611,1614,1632,1635,1644,1691,1694,1681,1678,1685,1682,1680,1682,1674,1666,1663,1678,1672,1657,1632,1620,1628,1594,1571,1572,1531,1524,1516,1513,1473,1471,1469,1462,1452,1453,1440,1437,1439,1435,1420,1430,1420,1418,1427,1419,1419,1416,1383,1396,1436,1445,1465,1470,1472,1472,1470,1483,1485,1501,1476,1480,1466
1500,1486,1512,1505,1505,1481,1467,1454,1460,1447,1467,1458,1482,1492,1492,1485,1471,1469,1472,1475,1479,1482,1491,1477,1455,1446,1456,1456,1447,1460,1459,1467,1479,1484,1481,1489,1498,1496,1496,1459,1443,1445,1458,1457,1458,1464,1472,1480,1497,1518,1552,1560,1558,1598,1577,1567,1584,1580,1578,1578,1572,1554,1538,1535,1535,1540,1551,1556,1561,1553,1564,1547,1547,1534,1521,1525,1529,1523,1526,1519,1523,1531,1529,1528,1528,1533,1540,1540,1541,1525,1489,1488,1493,1505,1513,1520,1527,1527,1505,1498,1498,1498,1500,1499,1471,1474,1455,1429,1434,1449,1457,1432,1431,1444,1424,1419,1430,1436,1442,1434,1432
1500,1502,1517,1523,1523,1515,1505,1516,1476,1474,1502,1516,1517,1556,1565,1559,1563,1554,1557,1557,1561,1563,1563,1529,1533,1536,1543,1544,1530,1522,1523,1526,1526,1526,1515,1518,1509,1486,1470,1463,1454,1447,1453,1459,1470,1459,1471,1470,1462,1454,1456,1482,1478,1481,1465,1479,1468,1465,1481,1468,1473,1466,1474,1429,1444,1473,1477,1473,1479,1460,1461,1457,1462,1440,1413,1404,1429,1425,1422,1416,1417,1415,1427,1418,1414,1419,1419,1416,1413,1422,1422,1428,1410,1428,1414,1415,1410,1412,1405,1401,1409,1353,1389,1377,1366,1359,1358,1359,1356,1353,1340,1337,1333,1331,1313,1315,1306,1296,1279,1300,1298
1500,1513,1513,1495,1495,1516,1518,1522,1508,1513,1510,1506,1496,1484,1488,1487,1478,1466,1463,1463,1440,1449,1437,1437,1432,1431,1421,1401,1394,1394,1404,1404,1390,1393,1393,1393,1400,1393,1399,1389,1369,1376,1371,1371,1372,1364,1351,1352,1379,1377,1372,1391,1391,1381,1413,1395,1395,1396,1396,1400,1410,1399,1406,1402,1410,1410,1399,1410,1410,1408,1407,1398,1393,1383,1376,1374,1369,1369,1376,1381,1389,1395,1393,1403,1398,1393,1391,1392,1400,1399,1392,1384,1386,1369,1368,1372,1369,1369,1366,1379,1365,1364,1398,1401,1402,1395,1402,1407,1405,1405,1400,1400,1391,1390,1390,1408,1406,1415,1431,1434,1440
1500,1500,1499,1457,1458,1466,1456,1444,1453,1448,1416,1417,1416,1410,1401,1386,1386,1385,1387,1376,1373,1375,1380,1396,1396,1410,1409,1411,1409,1409,1408,1414,1417,1433,1427,1431,1425,1426,1426,1430,1432,1420,1417,1404,1401,1399,1395,1392,1387,1407,1451,1455,1442,1447,1436,1460,1442,1449,1473,1472,1502,1503,1529,1520,1540,1540,1540,1524,1522,1524,1540,1543,1554,1560,1560,1565,1565,1589,1587,1647,1631,1623,1597,1596,1575,1575,1562,1555,1554,1561,1574,1570,1567,1563,1552,1562,1525,1519,1522,1484,1490,1481,1483,1449,1438,1433,1454,1463,1463,1473,1475,1477,1482,1504,1500,1500,1500,1494,1490,1489,1485
1500,1527,1531,1518,1501,1490,1509,1506,1512,1510,1510,1521,1522,1527,1530,1532,1505,1501,1507,1507,1499,1487,1478,1486,1497,1496,1537,1546,1531,1539,1539,1562,1542,1541,1553,1576,1571,1574,1544,1543,1550,1524,1530,1550,1559,1544,1545,1588,1598,1587,1588,1589,1574,1574,1588,1578,1578,1586,1569,1577,1577,1573,1583,1563,1560,1588,1587,1591,1594,1600,1608,1609,1616,1606,1656,1682,1721,1723,1725,1742,1736,1719,1703,1690,1683,1695,1690,1705,1697,1712,1718,1712,1709,1722,1712,1692,1682,1681,1684,1667,1657,1658,1660,1653,1650,1648,1648,1641,1640,1645,1637,1635,1623,1627,1629,1644,1636,1645,1644,1634,1647
1500,1490,1467,1455,1446,1468,1473,1474,1496,1505,1488,1475,1474,1478,1476,1469,1489,1502,1501,1494,1505,1508,1501,1488,1488,1488,1488,1482,1487,1482,1503,1509,1501,1493,1493,1493,1492,1491,1485,1499,1497,1513,1513,1510,1503,1508,1519,1514,1519,1539,1544,1541,1538,1543,1542,1553,1554,1540,1546,1536,1531,1536,1541,1528,1542,1536,1543,1548,1543,1543,1547,1561,1560,1568,1577,1577,1578,1584,1583,1571,1556,1560,1561,1558,1552,1520,1530,1530,1540,1536,1543,1549,1576,1569,1569,1558,1555,1555,1549,1539,1542,1536,1530,1554,1547,1537,1537,1533,1527,1552,1559,1561,1571,1569,1567,1565,1554,1554,1562,1574,1564
1500,1551,1548,1538,1532,1537,1528,1544,1536,1551,1552,1539,1545,1539,1543,1548,1550,1548,1548,1541,1543,1580,1578,1581,1581,1576,1575,1575,1576,1582,1590,1586,1561,1565,1570,1566,1568,1587,1583,1597,1592,1592,1586,1547,1549,1567,1588,1560,1562,1568,1558,1557,1558,1568,1560,1560,1584,1592,1612,1616,1617,1619,1629,1629,1633,1629,1637,1610,1606,1619,1609,1574,1554,1565,1556,1551,1564,1568,1577,1568,1566,1559,1599,1601,1601,1611,1601,1618,1614,1632,1631,1629,1667,1665,1673,1659,1651,1643,1649,1643,1635,1638,1643,1639,1637,1645,1651,1633,1633,1633,1631,1660,1662,1665,1664,1664,1664,1668,1657,1659,1666
1500,1500,1499,1511,1493,1500,1506,1502,1507,1499,1511,1517,1516,1516,1508,1510,1507,1508,1494,1524,1523,1514,1514,1506,1477,1473,1467,1467,1473,1503,1489,1490,1484,1487,1487,1492,1484,1487,1492,1505,1516,1516,1513,1513,1505,1519,1519,1510,1522,1529,1528,1531,1531,1536,1541,1539,1552,1545,1522,1520,1507,1525,1536,1533,1535,1553,1548,1559,1569,1568,1574,1565,1572,1575,1569,1552,1545,1550,1545,1574,1567,1573,1569,1590,1589,1587,1533,1547,1544,1536,1521,1521,1576,1573,1572,1574,1557,1552,1537,1529,1555,1554,1552,1558,1559,1565,1566,1563,1563,1563,1561,1573,1575,1582,1601,1609,1619,1612,1605,1604,1604
1500,1489,1465,1489,1486,1484,1470,1474,1473,1470,1470,1468,1461,1463,1463,1450,1451,1449,1435,1435,1431,1423,1432,1431,1431,1430,1439,1438,1444,1449,1442,1443,1438,1441,1448,1458,1458,1408,1422,1424,1420,1404,1419,1424,1439,1432,1436,1435,1436,1456,1473,1520,1524,1528,1528,1514,1514,1515,1510,1514,1561,1563,1556,1565,1565,1565,1492,1492,1494,1484,1480,1475,1476,1421,1413,1397,1405,1417,1418,1405,1425,1422,1420,1419,1414,1416,1397,1418,1409,1416,1429,1431,1437,1461,1461,1484,1481,1480,1451,1457,1458,1454,1449,1454,1459,1425,1424,1421,1426,1409,1403,1388,1404,1422,1432,1458,1467,1460,1462,1461,1462
1500,1500,1499,1493,1495,1498,1497,1478,1486,1472,1471,1481,1465,1487,1494,1487,1464,1472,1471,1473,1463,1441,1449,1442,1435,1429,1454,1453,1447,1442,1428,1425,1446,1437,1444,1446,1450,1444,1432,1429,1451,1459,1468,1443,1437,1422,1387,1369,1360,1359,1366,1371,1389,1383,1378,1370,1367,1366,1357,1369,1374,1366,1366,1363,1369,1360,1360,1353,1358,1353,1352,1356,1375,1370,1380,1371,1369,1371,1376,1364,1384,1380,1369,1370,1372,1374,1367,1366,1380,1379,1372,1378,1394,1395,1402,1401,1405,1404,1393,1391,1399,1400,1413,1415,1414,1417,1399,1381,1379,1374,1372,1386,1392,1395,1394,1396,1444,1436,1436,1422,1429
1500,1507,1501,1502,1505,1486,1486,1489,1489,1504,1513,1542,1554,1541,1543,1544,1552,1532,1528,1542,1586,1577,1566,1563,1527,1524,1531,1524,1522,1540,1537,1539,1539,1544,1538,1534,1511,1510,1486,1493,1509,1512,1527,1504,1483,1483,1510,1507,1507,1521,1516,1506,1511,1510,1509,1508,1509,1491,1493,1493,1500,1488,1474,1474,1473,1473,1475,1479,1478,1478,1485,1477,1445,1457,1436,1426,1423,1423,1432,1432,1431,1455,1440,1431,1425,1450,1476,1463,1481,1480,1481,1480,1461,1438,1408,1402,1394,1392,1386,1386,1420,1410,1404,1401,1403,1402,1400,1400,1404,1401,1409,1404,1407,1420,1441,1440,1440,1434,1430,1427,1442
1500,1500,1486,1491,1483,1505,1495,1506,1505,1497,1481,1507,1514,1506,1438,1427,1418,1417,1374,1388,1377,1355,1351,1367,1375,1377,1378,1365,1369,1380,1387,1388,1388,1384,1375,1379,1380,1376,1377,1377,1390,1390,1387,1385,1385,1403,1417,1433,1421,1522,1542,1539,1536,1538,1549,1539,1550,1583,1568,1569,1578,1572,1579,1577,1547,1549,1547,1552,1556,1567,1558,1558,1558,1563,1564,1559,1564,1569,1551,1550,1551,1526,1556,1558,1565,1569,1568,1571,1606,1611,1610,1595,1590,1597,1595,1597,1589,1582,1597,1591,1604,1604,1630,1602,1606,1609,1603,1603,1595,1597,1593,1593,1577,1587,1561,1567,1560,1559,1557,1557,1556
1500,1525,1527,1536,1543,1534,1529,1524,1537,1518,1502,1495,1496,1501,1504,1508,1515,1512,1551,1548,1560,1563,1575,1562,1549,1549,1533,1578,1588,1600,1599,1615,1632,1660,1636,1619,1615,1591,1572,1563,1554,1565,1567,1553,1560,1581,1593,1596,1596,1610,1596,1594,1605,1583,1576,1581,1596,1601,1609,1608,1608,1620,1610,1625,1628,1615,1619,1621,1619,1623,1601,1593,1591,1594,1595,1590,1609,1605,1610,1617,1622,1617,1598,1591,1591,1597,1597,1599,1576,1580,1581,1588,1579,1591,1588,1584,1582,1530,1529,1530,1529,1508,1508,1513,1522,1529,1543,1547,1543,1542,1477,1475,1469,1470,1465,1466,1468,1466,1459,1459,1458
1500,1499,1503,1497,1496,1492,1501,1505,1504,1498,1489,1497,1507,1507,1501,1480,1478,1477,1474,1457,1434,1433,1421,1414,1404,1406,1404,1395,1388,1378,1380,1367,1372,1370,1354,1350,1351,1353,1371,1379,1375,1377,1389,1385,1383,1378,1384,1384,1380,1380,1375,1373,1380,1383,1396,1434,1442,1439,1431,1412,1429,1430,1428,1417,1405,1401,1416,1419,1421,1425,1420,1423,1427,1428,1441,1428,1445,1436,1423,1458,1454,1463,1457,1460,1472,1468,1446,1442,1455,1448,1455,1427,1427,1424,1426,1434,1430,1420,1413,1416,1412,1418,1421,1385,1382,1378,1399,1401,1401,1400,1400,1400,1438,1444,1453,1452,1447,1433,1397,1388,1386
1500,1499,1506,1513,1511,1506,1506,1505,1521,1545,1549,1586,1583,1583,1591,1589,1589,1589,1591,1604,1618,1605,1606,1616,1630,1593,1583,1581,1577,1591,1578,1586,1578,1588,1595,1597,1598,1590,1573,1567,1558,1554,1555,1551,1545,1541,1539,1542,1555,1541,1544,1528,1513,1517,1536,1534,1527,1522,1518,1511,1494,1502,1497,1498,1458,1462,1492,1504,1508,1507,1519,1508,1468,1470,1453,1461,1460,1448,1446,1452,1452,1456,1447,1447,1441,1419,1423,1419,1427,1422,1426,1424,1430,1443,1441,1447,1447,1402,1402,1405,1405,1406,1399,1401,1416,1466,1465,1457,1449,1443,1437,1411,1407,1415,1414,1427,1443,1461,1457,1448,1477
1500,1506,1516,1513,1512,1528,1536,1536,1557,1564,1565,1560,1549,1548,1549,1548,1548,1535,1535,1524,1544,1519,1521,1524,1530,1531,1537,1522,1521,1514,1525,1473,1475,1471,1453,1445,1447,1463,1461,1465,1463,1461,1446,1446,1447,1436,1436,1455,1461,1475,1469,1481,1481,1483,1508,1506,1527,1513,1496,1477,1469,1470,1485,1477,1486,1485,1474,1475,1472,1468,1476,1478,1473,1509,1503,1500,1498,1489,1491,1496,1496,1501,1489,1483,1480,1474,1474,1474,1490,1488,1494,1473,1478,1500,1498,1479,1472,1466,1458,1458,1449,1461,1458,1453,1448,1443,1443,1441,1443,1456,1456,1457,1453,1430,1430,1472,1472,1467,1467,1474,1480
1500,1493,1498,1498,1501,1493,1500,1496,1491,1499,1507,1507,1509,1507,1533,1574,1565,1569,1552,1554,1525,1516,1507,1507,1508,1509,1517,1509,1496,1509,1509,1475,1467,1474,1465,1465,1477,1481,1483,1488,1500,1467,1464,1466,1460,1432,1432,1399,1410,1422,1442,1441,1441,1451,1454,1453,1447,1455,1443,1456,1484,1500,1503,1510,1520,1526,1531,1527,1532,1522,1534,1518,1515,1507,1514,1520,1497,1497,1496,1498,1504,1506,1475,1457,1440,1437,1442,1437,1470,1485,1497,1481,1481,1476,1481,1488,1519,1519,1522,1535,1583,1588,1595,1597,1604,1612,1621,1624,1644,1638,1632,1637,1635,1637,1642,1650,1631,1622,1624,1628,1607
1500,1505,1507,1506,1500,1513,1513,1513,1506,1516,1522,1521,1527,1538,1528,1529,1523,1522,1528,1528,1519,1511,1511,1510,1506,1526,1525,1527,1532,1533,1532,1528,1534,1535,1544,1541,1533,1555,1573,1581,1587,1591,1545,1546,1545,1545,1543,1543,1564,1565,1560,1560,1538,1529,1543,1543,1541,1525,1520,1473,1477,1469,1455,1468,1470,1488,1488,1493,1489,1502,1498,1502,1507,1503,1521,1522,1508,1525,1520,1545,1546,1547,1547,1531,1538,1508,1504,1499,1514,1508,1531,1522,1550,1546,1556,1560,1524,1515,1509,1500,1505,1495,1470,1486,1472,1469,1464,1441,1443,1436,1443,1431,1406,1396,1402,1424,1429,1421,1412,1412,1416
1500,1507,1542,1536,1524,1526,1530,1534,1518,1549,1544,1549,1565,1564,1563,1569,1571,1571,1585,1606,1612,1613,1603,1595,1574,1572,1572,1569,1525,1531,1531,1514,1518,1530,1523,1543,1536,1517,1517,1513,1505,1481,1470,1463,1468,1454,1442,1449,1437,1449,1449,1438,1433,1437,1404,1412,1399,1382,1382,1380,1375,1378,1382,1394,1394,1404,1398,1387,1375,1379,1377,1383,1386,1384,1388,1379,1391,1403,1398,1385,1385,1385,1385,1373,1349,1347,1347,1371,1367,1366,1365,1359,1361,1350,1357,1346,1335,1337,1337,1342,1339,1333,1327,1324,1352,1351,1375,1368,1376,1367,1366,1363,1361,1361,1357,1358,1354,1354,1359,1349,1327
1500,1508,1508,1501,1491,1483,1473,1459,1453,1448,1443,1439,1410,1410,1396,1397,1397,1400,1400,1401,1403,1392,1400,1398,1413,1409,1408,1408,1403,1403,1404,1403,1414,1413,1413,1404,1411,1409,1411,1422,1424,1416,1414,1388,1402,1393,1408,1413,1417,1417,1417,1410,1430,1432,1425,1423,1406,1397,1390,1408,1394,1394,1389,1413,1412,1417,1417,1419,1400,1400,1404,1404,1396,1386,1402,1402,1406,1393,1382,1381,1383,1379,1405,1452,1450,1431,1447,1430,1430,1428,1432,1429,1422,1413,1403,1398,1406,1404,1415,1444,1441,1438,1459,1463,1464,1489,1463,1457,1457,1459,1454,1450,1446,1446,1457,1454,1452,1472,1485,1484,1469
1500,1489,1479,1466,1423,1417,1427,1444,1449,1436,1450,1441,1433,1437,1426,1456,1456,1459,1469,1474,1474,1480,1474,1471,1443,1481,1481,1488,1475,1473,1465,1461,1464,1480,1462,1464,1464,1462,1477,1457,1449,1461,1453,1456,1457,1460,1474,1479,1481,1481,1467,1475,1490,1533,1532,1530,1527,1513,1514,1521,1527,1525,1512,1517,1505,1495,1525,1519,1517,1503,1494,1493,1483,1469,1461,1472,1471,1470,1469,1464,1464,1467,1467,1466,1463,1459,1459,1457,1457,1423,1420,1435,1433,1440,1486,1488,1519,1519,1531,1515,1514,1477,1477,1483,1475,1494,1494,1492,1493,1493,1493,1488,1486,1484,1484,1493,1490,1496,1509,1519,1520
1500,1500,1500,1508,1513,1542,1551,1562,1541,1554,1549,1533,1578,1578,1584,1578,1536,1542,1541,1524,1526,1503,1509,1513,1519,1517,1515,1533,1506,1524,1509,1515,1514,1543,1533,1537,1539,1529,1510,1534,1524,1525,1518,1509,1526,1525,1522,1522,1498,1490,1484,1486,1486,1497,1469,1463,1469,1473,1457,1449,1457,1456,1452,1462,1462,1455,1441,1439,1434,1461,1472,1472,1459,1459,1450,1444,1422,1422,1409,1403,1410,1393,1403,1407,1396,1391,1378,1391,1404,1418,1398,1398,1422,1418,1411,1415,1385,1388,1388,1384,1398,1401,1400,1360,1358,1339,1341,1383,1377,1376,1383,1378,1392,1385,1322,1322,1322,1318,1324,1325,1317
1500,1537,1520,1513,1523,1531,1531,1524,1547,1519,1531,1531,1526,1529,1519,1519,1529,1546,1550,1541,1544,1549,1546,1540,1539,1538,1551,1557,1543,1540,1541,1537,1528,1560,1558,1554,1558,1575,1605,1587,1572,1571,1559,1576,1567,1538,1628,1628,1630,1627,1618,1601,1602,1614,1612,1610,1637,1625,1617,1622,1592,1590,1623,1620,1625,1650,1664,1664,1688,1696,1721,1730,1710,1708,1702,1708,1696,1689,1673,1685,1676,1711,1704,1717,1719,1719,1720,1726,1720,1723,1733,1735,1726,1730,1743,1754,1754,1756,1758,1745,1735,1736,1738,1746,1748,1759,1739,1736,1723,1719,1729,1724,1727,1718,1713,1718,1707,1701,1704,1712,1712
1500,1511,1474,1475,1474,1483,1475,1463,1460,1452,1455,1453,1458,1461,1457,1451,1451,1448,1465,1464,1451,1456,1443,1429,1440,1419,1394,1397,1392,1383,1382,1378,1399,1385,1374,1370,1370,1372,1383,1371,1367,1367,1360,1362,1358,1358,1365,1365,1361,1360,1361,1358,1364,1348,1348,1348,1347,1339,1355,1344,1354,1344,1385,1386,1376,1379,1378,1383,1383,1368,1358,1391,1391,1390,1381,1393,1398,1393,1410,1419,1424,1371,1376,1369,1394,1393,1379,1397,1395,1394,1404,1399,1373,1365,1384,1370,1362,1368,1350,1359,1353,1352,1365,1357,1367,1378,1376,1374,1366,1367,1376,1374,1377,1374,1384,1383,1383,1372,1381,1381,1396
1500,1490,1509,1498,1505,1490,1494,1478,1487,1484,1481,1506,1499,1498,1499,1492,1475,1480,1479,1478,1478,1508,1508,1508,1509,1488,1480,1487,1486,1485,1481,1474,1473,1471,1476,1473,1465,1465,1459,1429,1421,1437,1434,1433,1442,1436,1457,1456,1453,1456,1450,1461,1457,1474,1481,1488,1493,1501,1478,1469,1463,1456,1441,1424,1426,1447,1440,1441,1441,1454,1442,1442,1416,1420,1420,1418,1415,1427,1426,1415,1415,1404,1405,1422,1417,1416,1405,1432,1433,1442,1442,1445,1445,1445,1439,1437,1434,1436,1429,1414,1438,1458,1468,1461,1450,1454,1437,1450,1450,1450,1444,1449,1462,1473,1469,1456,1453,1456,1470,1454,1454
1500,1479,1483,1492,1499,1486,1504,1504,1500,1503,1515,1515,1507,1524,1526,1518,1490,1498,1492,1504,1503,1506,1503,1500,1556,1557,1562,1562,1563,1563,1563,1554,1549,1557,1566,1569,1585,1576,1572,1581,1606,1606,1609,1609,1609,1631,1620,1630,1642,1640,1631,1623,1622,1597,1603,1597,1644,1639,1639,1636,1649,1654,1659,1656,1669,1669,1666,1662,1675,1676,1689,1684,1701,1678,1695,1706,1681,1697,1682,1683,1683,1692,1682,1686,1684,1693,1694,1689,1680,1681,1683,1688,1694,1676,1677,1700,1728,1743,1749,1757,1746,1746,1751,1743,1747,1756,1741,1748,1742,1736,1741,1756,1755,1738,1738,1844,1866,1863,1866,1863,1865
1500,1500,1556,1547,1573,1574,1562,1550,1546,1561,1558,1559,1555,1548,1546,1573,1562,1564,1550,1554,1559,1544,1535,1538,1538,1524,1533,1527,1524,1550,1546,1557,1558,1565,1565,1572,1568,1551,1522,1520,1510,1502,1507,1491,1482,1482,1483,1481,1479,1477,1476,1473,1466,1471,1459,1457,1457,1462,1453,1453,1438,1436,1428,1426,1424,1424,1423,1409,1410,1410,1405,1403,1403,1405,1406,1413,1384,1378,1380,1380,1384,1384,1376,1367,1365,1379,1374,1365,1319,1316,1315,1321,1315,1315,1321,1324,1326,1329,1322,1322,1325,1312,1312,1301,1297,1293,1292,1289,1277,1277,1276,1276,1270,1272,1271,1266,1256,1251,1248,1350,1347
1500,1502,1523,1526,1523,1544,1544,1548,1546,1537,1552,1527,1515,1519,1534,1534,1531,1501,1492,1495,1481,1472,1470,1450,1444,1452,1436,1426,1423,1412,1414,1416,1409,1406,1402,1414,1435,1435,1422,1416,1416,1410,1354,1353,1353,1354,1351,1350,1349,1334,1337,1321,1320,1319,1312,1311,1318,1310,1316,1329,1338,1344,1343,1369,1364,1363,1352,1342,1327,1316,1319,1333,1338,1344,1350,1348,1336,1336,1330,1335,1340,1327,1319,1325,1323,1323,1323,1332,1328,1328,1328,1356,1348,1343,1385,1400,1399,1376,1363,1383,1383,1389,1383,1372,1385,1385,1377,1367,1364,1352,1351,1352,1353,1351,1339,1335,1318,1315,1328,1321,1317
1500,1481,1469,1457,1460,1460,1470,1470,1460,1460,1458,1475,1461,1464,1463,1468,1475,1482,1478,1463,1459,1442,1442,1440,1443,1456,1461,1461,1464,1464,1452,1466,1466,1469,1469,1474,1480,1529,1545,1538,1546,1535,1535,1537,1537,1539,1541,1535,1526,1494,1501,1505,1509,1507,1509,1505,1505,1531,1537,1533,1529,1541,1548,1547,1545,1547,1543,1540,1524,1478,1483,1481,1479,1496,1466,1454,1447,1449,1441,1435,1431,1428,1419,1419,1427,1435,1432,1432,1441,1475,1509,1509,1509,1473,1473,1442,1442,1442,1410,1412,1411,1410,1415,1420,1429,1437,1437,1442,1422,1418,1409,1441,1444,1433,1435,1434,1431,1423,1431,1423,1422
1500,1496,1506,1514,1533,1542,1531,1544,1541,1546,1560,1565,1546,1549,1563,1579,1571,1561,1570,1568,1564,1558,1560,1547,1546,1541,1558,1563,1563,1567,1569,1564,1559,1557,1560,1559,1531,1520,1525,1523,1516,1505,1519,1516,1534,1531,1531,1515,1519,1529,1523,1545,1542,1556,1552,1540,1558,1560,1555,1571,1564,1567,1539,1537,1526,1531,1530,1528,1538,1552,1575,1576,1583,1588,1591,1588,1583,1581,1570,1571,1599,1600,1602,1605,1620,1617,1599,1588,1584,1580,1568,1568,1587,1588,1589,1596,1628,1641,1641,1647,1645,1645,1665,1647,1664,1661,1674,1666,1675,1652,1651,1653,1660,1659,1659,1654,1659,1666,1670,1660,1665
1500,1512,1519,1525,1518,1522,1521,1523,1554,1556,1558,1555,1547,1537,1520,1524,1528,1527,1528,1512,1509,1505,1493,1492,1493,1505,1508,1508,1504,1505,1489,1493,1498,1599,1730,1711,1722,1716,1726,1727,1747,1747,1766,1764,1753,1778,1781,1778,1778,1776,1767,1764,1762,1746,1735,1710,1714,1708,1708,1708,1705,1702,1702,1727,1733,1726,1703,1691,1712,1730,1727,1711,1718,1717,1745,1746,1742,1740,1726,1737,1737,1741,1735,1735,1729,1745,1751,1749,1749,1749,1766,1764,1764,1767,1779,1786,1769,1781,1785,1803,1807,1802,1789,1797,1743,1725,1719,1703,1692,1691,1696,1695,1694,1707,1720,1718,1711,1708,1699,1722,1721
1500,1511,1519,1515,1514,1516,1526,1515,1506,1505,1520,1527,1526,1532,1512,1514,1517,1533,1553,1526,1512,1510,1486,1456,1451,1455,1460,1473,1476,1475,1477,1474,1473,1473,1485,1475,1481,1460,1467,1466,1458,1456,1454,1450,1444,1441,1455,1458,1472,1471,1474,1483,1475,1455,1469,1469,1471,1480,1474,1465,1453,1443,1439,1457,1473,1466,1455,1440,1435,1436,1436,1410,1383,1381,1501,1495,1503,1499,1504,1504,1507,1510,1509,1512,1496,1520,1507,1500,1494,1496,1492,1487,1474,1467,1469,1483,1435,1437,1438,1426,1426,1460,1483,1486,1476,1468,1471,1455,1456,1457,1471,1458,1474,1476,1476,1476,1486,1496,1484,1480,1480
1500,1513,1497,1494,1493,1495,1487,1486,1479,1484,1475,1484,1488,1486,1499,1496,1499,1499,1505,1508,1506,1493,1490,1485,1482,1482,1474,1474,1479,1476,1483,1483,1484,1470,1469,1465,1436,1426,1432,1453,1449,1452,1454,1454,1457,1492,1499,1498,1496,1493,1496,1489,1481,1475,1493,1506,1498,1480,1480,1485,1505,1520,1532,1539,1540,1540,1538,1537,1544,1534,1519,1533,1550,1550,1541,1539,1546,1557,1552,1557,1528,1540,1539,1542,1547,1541,1556,1551,1551,1545,1544,1543,1540,1552,1549,1528,1518,1491,1482,1478,1496,1494,1518,1500,1481,1481,1474,1476,1476,1474,1515,1510,1510,1522,1505,1517,1515,1523,1498,1498,1502
1500,1504,1497,1502,1502,1507,1522,1524,1526,1532,1534,1534,1540,1541,1538,1539,1548,1544,1543,1545,1538,1513,1526,1496,1496,1496,1496,1492,1478,1477,1474,1448,1472,1461,1462,1468,1467,1467,1464,1440,1428,1440,1443,1453,1468,1491,1494,1487,1495,1475,1483,1493,1495,1503,1494,1494,1496,1494,1503,1497,1501,1488,1480,1480,1480,1471,1472,1464,1438,1415,1413,1430,1438,1432,1436,1426,1419,1418,1415,1410,1385,1381,1356,1357,1350,1398,1395,1379,1360,1360,1371,1381,1375,1418,1419,1398,1401,1395,1375,1362,1356,1370,1375,1354,1353,1388,1392,1392,1391,1389,1350,1344,1346,1343,1361,1355,1347,1334,1328,1324,1335
1500,1484,1501,1499,1494,1486,1495,1521,1537,1532,1503,1505,1509,1494,1495,1495,1491,1497,1493,1486,1480,1480,1474,1484,1507,1502,1500,1508,1520,1482,1507,1523,1513,1518,1562,1588,1589,1592,1570,1582,1585,1581,1581,1577,1588,1607,1601,1598,1605,1617,1612,1606,1630,1610,1603,1607,1587,1592,1592,1571,1593,1595,1582,1582,1582,1602,1593,1596,1606,1600,1598,1605,1615,1612,1604,1588,1594,1587,1588,1600,1599,1597,1596,1594,1591,1603,1606,1606,1629,1630,1629,1640,1680,1677,1686,1692,1689,1678,1688,1691,1695,1700,1674,1682,1694,1684,1701,1697,1711,1719,1716,1741,1748,1750,1747,1743,1732,1746,1753,1758,1757
1500,1495,1481,1470,1470,1464,1452,1451,1466,1480,1489,1476,1476,1481,1472,1446,1435,1438,1446,1442,1441,1448,1450,1492,1485,1493,1502,1496,1495,1451,1452,1433,1433,1432,1452,1465,1471,1461,1468,1444,1460,1459,1454,1455,1464,1461,1466,1469,1469,1441,1440,1420,1416,1415,1444,1448,1469,1468,1464,1464,1447,1443,1441,1444,1453,1471,1465,1456,1462,1467,1481,1477,1486,1484,1486,1488,1495,1502,1502,1506,1519,1517,1523,1509,1510,1498,1501,1501,1512,1515,1513,1521,1525,1525,1517,1521,1492,1473,1478,1473,1496,1508,1495,1503,1510,1511,1591,1584,1584,1603,1587,1595,1553,1547,1514,1538,1542,1529,1529,1547,1542
1500,1500,1503,1512,1513,1505,1504,1504,1505,1506,1507,1514,1506,1536,1537,1529,1528,1519,1514,1503,1501,1507,1531,1531,1528,1523,1528,1521,1525,1522,1526,1522,1520,1530,1523,1527,1525,1535,1499,1498,1520,1516,1526,1509,1488,1495,1497,1496,1507,1514,1519,1511,1516,1505,1518,1523,1512,1515,1515,1511,1504,1504,1493,1498,1506,1508,1505,1511,1493,1487,1501,1501,1493,1503,1512,1499,1497,1497,1480,1479,1479,1508,1515,1515,1509,1516,1518,1514,1517,1560,1561,1574,1603,1588,1600,1631,1644,1598,1602,1599,1590,1559,1562,1557,1554,1536,1529,1520,1529,1528,1528,1520,1543,1535,1537,1560,1564,1549,1537,1549,1534
1500,1481,1479,1482,1482,1474,1481,1482,1468,1473,1484,1477,1483,1480,1481,1484,1491,1491,1493,1491,1491,1482,1474,1479,1472,1487,1504,1510,1510,1524,1522,1513,1520,1515,1514,1507,1513,1516,1505,1516,1522,1520,1521,1523,1515,1507,1512,1514,1537,1534,1541,1541,1528,1517,1528,1533,1533,1528,1519,1522,1522,1519,1520,1541,1547,1545,1538,1517,1525,1526,1501,1497,1504,1513,1508,1475,1470,1469,1454,1431,1429,1431,1426,1414,1409,1409,1409,1417,1410,1418,1421,1404,1398,1398,1397,1394,1390,1393,1389,1383,1373,1365,1363,1379,1378,1406,1400,1407,1408,1408,1412,1413,1418,1418,1418,1402,1416,1389,1391,1382,1378
1500,1492,1491,1485,1475,1483,1485,1487,1485,1461,1465,1467,1448,1448,1449,1443,1444,1452,1448,1454,1446,1446,1444,1437,1449,1450,1451,1442,1456,1450,1440,1448,1439,1424,1416,1408,1413,1407,1412,1398,1413,1384,1386,1386,1374,1373,1377,1371,1387,1376,1371,1363,1365,1361,1355,1331,1331,1334,1336,1333,1335,1315,1315,1315,1307,1295,1310,1322,1321,1316,1305,1308,1284,1275,1275,1285,1310,1312,1310,1312,1328,1324,1316,1297,1291,1290,1281,1273,1267,1274,1261,1262,1262,1266,1263,1266,1274,1271,1268,1268,1266,1263,1258,1231,1233,1233,1231,1233,1230,1211,1218,1218,1218,1217,1217,1215,1215,1218,1217,1216,1212
1500,1509,1509,1509,1502,1502,1509,1511,1500,1512,1512,1503,1501,1522,1518,1511,1518,1514,1512,1509,1513,1501,1477,1433,1445,1446,1384,1394,1400,1382,1374,1371,1364,1367,1377,1385,1378,1378,1369,1371,1369,1362,1353,1361,1362,1363,1363,1363,1364,1364,1373,1365,1367,1342,1347,1335,1336,1336,1335,1332,1326,1327,1331,1327,1327,1365,1361,1358,1356,1345,1333,1374,1367,1361,1357,1360,1326,1330,1328,1328,1327,1322,1321,1322,1334,1333,1335,1331,1331,1329,1346,1345,1357,1356,1373,1360,1357,1354,1374,1368,1366,1360,1385,1382,1388,1361,1356,1355,1340,1338,1351,1351,1347,1324,1309,1310,1296,1289,1291,1292,1297
1500,1495,1503,1498,1505,1506,1511,1509,1507,1498,1523,1533,1534,1537,1508,1505,1499,1496,1490,1475,1474,1474,1466,1458,1452,1465,1465,1463,1471,1477,1476,1476,1470,1465,1440,1443,1449,1460,1464,1466,1482,1476,1480,1485,1484,1492,1486,1504,1481,1490,1517,1524,1521,1526,1515,1517,1553,1554,1562,1566,1562,1573,1551,1556,1612,1624,1624,1620,1616,1617,1599,1599,1599,1598,1594,1602,1595,1600,1586,1580,1600,1599,1597,1581,1585,1585,1545,1529,1542,1543,1542,1536,1536,1529,1528,1528,1527,1540,1557,1567,1569,1571,1554,1563,1575,1580,1575,1581,1594,1599,1604,1602,1539,1529,1529,1534,1526,1518,1503,1502,1502
1500,1500,1513,1510,1510,1508,1545,1599,1603,1601,1609,1625,1625,1614,1610,1610,1604,1596,1596,1586,1593,1593,1602,1584,1574,1574,1568,1565,1563,1572,1576,1573,1552,1543,1535,1542,1544,1546,1551,1544,1533,1541,1517,1516,1515,1539,1523,1527,1536,1542,1553,1573,1569,1569,1576,1573,1583,1588,1593,1592,1597,1595,1595,1571,1580,1592,1591,1589,1598,1600,1608,1602,1599,1599,1589,1570,1570,1583,1578,1566,1566,1570,1560,1569,1561,1555,1548,1546,1531,1515,1533,1540,1537,1544,1554,1541,1540,1536,1535,1527,1555,1546,1546,1529,1510,1508,1501,1486,1483,1479,1461,1461,1456,1447,1453,1478,1478,1501,1503,1502,1503
1500,1508,1498,1482,1477,1467,1486,1483,1482,1463,1467,1463,1467,1468,1460,1463,1466,1504,1504,1506,1502,1501,1508,1505,1490,1497,1484,1480,1480,1477,1470,1465,1467,1466,1471,1470,1465,1450,1457,1447,1437,1482,1476,1475,1470,1470,1458,1457,1462,1457,1456,1459,1451,1450,1459,1472,1477,1474,1471,1468,1448,1425,1430,1434,1386,1394,1404,1403,1385,1391,1398,1395,1388,1388,1388,1381,1394,1384,1384,1384,1391,1389,1386,1379,1385,1383,1376,1371,1371,1383,1386,1388,1386,1400,1393,1381,1389,1408,1409,1408,1388,1388,1384,1374,1372,1337,1341,1315,1319,1316,1346,1352,1357,1360,1356,1352,1352,1386,1382,1380,1385
1500,1492,1487,1486,1476,1484,1494,1486,1483,1480,1456,1453,1528,1521,1511,1513,1507,1510,1501,1494,1487,1488,1473,1450,1452,1447,1440,1440,1441,1469,1469,1449,1447,1445,1445,1446,1455,1449,1468,1467,1464,1451,1440,1433,1430,1435,1429,1446,1445,1480,1458,1467,1476,1487,1483,1477,1466,1467,1459,1481,1484,1502,1498,1498,1498,1508,1499,1499,1492,1481,1492,1497,1474,1437,1440,1494,1486,1483,1488,1480,1490,1498,1498,1503,1490,1494,1493,1483,1509,1493,1481,1481,1487,1497,1496,1507,1529,1526,1522,1510,1507,1513,1632,1634,1622,1621,1619,1624,1646,1650,1648,1659,1659,1668,1663,1674,1667,1659,1657,1658,1656
1500,1506,1503,1503,1495,1483,1486,1475,1506,1500,1500,1499,1498,1496,1503,1496,1495,1495,1497,1487,1502,1497,1499,1452,1451,1454,1437,1424,1428,1428,1432,1441,1456,1472,1478,1483,1486,1484,1483,1479,1490,1488,1475,1460,1474,1486,1486,1485,1496,1504,1498,1499,1496,1500,1501,1503,1487,1482,1492,1502,1506,1556,1531,1537,1532,1532,1540,1557,1555,1531,1534,1534,1535,1513,1488,1493,1506,1443,1435,1443,1445,1432,1404,1397,1399,1423,1423,1428,1425,1438,1433,1434,1446,1436,1478,1481,1477,1477,1481,1483,1489,1493,1493,1480,1482,1507,1565,1558,1565,1549,1559,1555,1555,1561,1511,1522,1537,1537,1546,1545,1525
1500,1502,1498,1496,1496,1486,1485,1485,1501,1509,1505,1509,1504,1498,1492,1490,1523,1535,1522,1525,1541,1535,1516,1513,1501,1518,1518,1537,1568,1576,1587,1587,1581,1576,1576,1571,1574,1584,1578,1582,1582,1550,1544,1543,1540,1541,1549,1563,1563,1584,1586,1585,1598,1595,1619,1622,1618,1611,1587,1591,1585,1597,1605,1588,1605,1607,1713,1705,1721,1714,1716,1719,1721,1723,1726,1722,1723,1718,1723,1727,1729,1760,1767,1760,1746,1745,1741,1745,1748,1751,1751,1750,1736,1755,1763,1772,1768,1798,1826,1838,1850,1852,1814,1800,1806,1805,1787,1777,1788,1783,1786,1765,1755,1792,1789,1775,1784,1778,1780,1757,1763
1500,1486,1493,1498,1499,1514,1510,1508,1510,1503,1501,1491,1482,1473,1471,1471,1471,1473,1455,1457,1457,1463,1468,1476,1479,1472,1488,1459,1460,1465,1473,1455,1460,1456,1466,1456,1494,1494,1491,1474,1455,1483,1440,1441,1441,1427,1427,1412,1402,1430,1421,1421,1421,1420,1408,1408,1396,1403,1409,1407,1395,1397,1417,1408,1404,1403,1388,1377,1380,1383,1374,1374,1393,1388,1394,1346,1350,1337,1336,1331,1329,1332,1330,1331,1350,1362,1354,1353,1348,1354,1354,1352,1344,1357,1349,1334,1334,1342,1352,1344,1346,1345,1304,1304,1299,1294,1292,1282,1309,1302,1303,1301,1289,1289,1288,1288,1288,1283,1276,1276,1286
1500,1491,1482,1486,1500,1513,1525,1538,1531,1535,1541,1545,1570,1587,1578,1576,1608,1603,1599,1598,1584,1561,1553,1554,1535,1529,1509,1507,1510,1518,1536,1541,1539,1529,1501,1500,1492,1511,1515,1545,1543,1550,1552,1549,1536,1549,1556,1556,1604,1604,1606,1611,1614,1614,1611,1623,1600,1600,1608,1606,1571,1599,1606,1612,1593,1596,1599,1596,1599,1612,1618,1619,1625,1650,1613,1617,1623,1637,1626,1629,1632,1664,1669,1650,1645,1650,1649,1646,1645,1651,1643,1640,1592,1591,1595,1578,1583,1577,1577,1571,1557,1565,1564,1557,1549,1549,1597,1598,1577,1585,1568,1555,1561,1561,1550,1550,1552,1546,1553,1549,1544
1500,1522,1520,1516,1518,1509,1512,1507,1495,1494,1479,1469,1472,1468,1467,1469,1470,1471,1471,1490,1503,1500,1497,1492,1489,1478,1470,1464,1461,1467,1472,1498,1494,1490,1441,1439,1445,1433,1443,1437,1436,1438,1421,1429,1433,1409,1419,1404,1420,1418,1418,1413,1419,1424,1427,1431,1401,1398,1422,1400,1409,1422,1420,1428,1447,1444,1446,1439,1447,1491,1469,1471,1459,1455,1456,1466,1460,1453,1450,1451,1449,1464,1487,1497,1495,1495,1500,1513,1484,1484,1491,1497,1501,1499,1507,1506,1534,1517,1508,1518,1521,1521,1521,1507,1507,1522,1523,1528,1526,1530,1534,1520,1517,1495,1478,1478,1459,1460,1456,1451,1473
1500,1498,1499,1486,1483,1488,1496,1501,1514,1519,1517,1530,1527,1531,1519,1531,1516,1516,1517,1524,1524,1511,1522,1521,1516,1515,1509,1452,1444,1441,1469,1476,1436,1402,1380,1372,1375,1367,1377,1366,1362,1393,1392,1384,1375,1375,1369,1383,1405,1401,1371,1370,1372,1370,1365,1357,1362,1349,1351,1338,1325,1324,1311,1303,1285,1289,1290,1298,1296,1291,1286,1278,1264,1265,1265,1263,1259,1259,1257,1278,1269,1243,1251,1254,1254,1259,1269,1259,1258,1262,1268,1278,1264,1247,1253,1251,1250,1253,1253,1250,1250,1244,1249,1245,1253,1251,1248,1243,1253,1252,1276,1273,1273,1265,1285,1282,1277,1281,1278,1285,1282
1500,1472,1464,1464,1482,1486,1494,1471,1459,1460,1460,1468,1465,1463,1479,1487,1494,1505,1520,1525,1528,1540,1540,1537,1518,1504,1503,1513,1529,1555,1552,1557,1570,1571,1563,1572,1582,1596,1593,1612,1623,1632,1624,1631,1627,1597,1590,1587,1587,1568,1567,1580,1580,1581,1568,1567,1569,1548,1565,1556,1601,1588,1582,1596,1580,1555,1555,1550,1561,1542,1542,1561,1567,1567,1569,1570,1559,1564,1562,1578,1575,1567,1571,1569,1576,1578,1571,1579,1580,1580,1604,1565,1570,1569,1547,1536,1527,1535,1531,1521,1513,1527,1529,1528,1531,1524,1525,1536,1511,1537,1540,1560,1564,1545,1548,1548,1546,1558,1562,1565,1543
1500,1491,1516,1514,1500,1525,1524,1523,1524,1503,1505,1503,1507,1496,1496,1504,1508,1504,1502,1500,1523,1526,1531,1532,1545,1552,1556,1556,1565,1571,1561,1585,1584,1580,1571,1573,1574,1555,1580,1580,1573,1579,1579,1581,1571,1541,1550,1565,1560,1549,1554,1551,1551,1554,1563,1552,1559,1555,1553,1570,1563,1563,1562,1575,1580,1557,1563,1539,1538,1538,1535,1538,1552,1555,1555,1557,1550,1550,1540,1539,1552,1545,1540,1534,1542,1584,1588,1583,1583,1583,1586,1585,1550,1554,1545,1541,1540,1533,1541,1514,1512,1524,1529,1535,1534,1544,1536,1548,1547,1545,1526,1519,1514,1503,1496,1492,1485,1484,1466,1468,1476
1500,1500,1502,1498,1504,1499,1504,1506,1499,1582,1585,1585,1572,1575,1582,1579,1576,1576,1560,1567,1567,1570,1567,1617,1617,1638,1628,1627,1628,1628,1666,1666,1660,1671,1672,1666,1690,1693,1695,1683,1670,1657,1660,1658,1648,1654,1646,1661,1603,1619,1608,1599,1595,1606,1606,1599,1604,1562,1560,1567,1571,1567,1564,1570,1570,1565,1548,1531,1523,1514,1502,1478,1464,1464,1458,1459,1473,1487,1469,1465,1457,1468,1460,1460,1473,1465,1470,1470,1466,1458,1447,1457,1456,1454,1425,1424,1412,1436,1434,1432,1427,1427,1435,1427,1409,1402,1409,1430,1430,1423,1417,1422,1434,1428,1431,1425,1427,1408,1408,1378,1385
1500,1503,1507,1531,1531,1528,1537,1546,1540,1543,1563,1565,1560,1566,1575,1568,1558,1518,1521,1491,1470,1455,1477,1497,1488,1489,1493,1493,1499,1486,1502,1501,1494,1494,1513,1515,1511,1500,1493,1521,1521,1526,1517,1505,1490,1482,1460,1458,1461,1463,1463,1455,1448,1452,1454,1431,1424,1427,1433,1431,1453,1456,1436,1436,1427,1428,1416,1410,1410,1410,1410,1415,1421,1421,1435,1409,1411,1412,1422,1421,1411,1419,1418,1416,1401,1405,1418,1365,1367,1395,1394,1412,1400,1435,1439,1445,1445,1448,1446,1448,1455,1443,1453,1450,1447,1442,1434,1430,1429,1428,1428,1433,1433,1432,1418,1418,1414,1405,1421,1428,1416
1500,1520,1529,1538,1538,1534,1529,1528,1535,1533,1529,1531,1544,1538,1542,1551,1551,1558,1647,1653,1647,1645,1632,1640,1646,1642,1632,1643,1649,1664,1666,1668,1664,1674,1681,1682,1710,1722,1743,1730,1722,1718,1712,1713,1716,1707,1669,1685,1722,1731,1727,1733,1737,1737,1764,1761,1747,1747,1741,1736,1743,1738,1710,1728,1732,1733,1733,1733,1749,1736,1732,1725,1731,1725,1719,1719,1709,1717,1716,1712,1708,1730,1751,1751,1742,1768,1754,1765,1763,1776,1779,1768,1769,1763,1760,1776,1757,1734,1747,1745,1745,1752,1782,1767,1768,1765,1767,1770,1790,1790,1784,1798,1796,1816,1810,1811,1805,1811,1808,1794,1789
1500,1486,1489,1493,1495,1493,1486,1469,1470,1485,1486,1502,1497,1496,1506,1492,1489,1526,1512,1511,1513,1503,1503,1499,1492,1462,1460,1458,1473,1473,1479,1484,1466,1464,1475,1473,1501,1496,1512,1536,1529,1532,1531,1528,1533,1549,1538,1532,1533,1531,1546,1531,1544,1559,1591,1602,1618,1612,1663,1664,1671,1667,1659,1662,1651,1654,1651,1653,1657,1654,1647,1632,1630,1622,1627,1632,1632,1627,1629,1632,1649,1648,1642,1646,1640,1657,1642,1633,1635,1639,1643,1642,1643,1669,1664,1666,1679,1682,1695,1697,1706,1673,1654,1651,1658,1658,1652,1658,1649,1653,1640,1655,1640,1629,1600,1620,1621,1626,1613,1630,1626
1500,1518,1517,1517,1510,1507,1517,1514,1513,1524,1516,1508,1510,1512,1527,1526,1515,1498,1491,1480,1428,1421,1418,1428,1429,1433,1446,1446,1446,1420,1469,1480,1473,1485,1458,1457,1450,1439,1452,1452,1452,1452,1446,1433,1407,1418,1432,1419,1418,1410,1415,1431,1422,1424,1419,1434,1428,1430,1437,1434,1434,1432,1437,1411,1415,1398,1398,1402,1404,1411,1407,1407,1406,1394,1400,1392,1396,1395,1403,1408,1391,1382,1387,1388,1381,1381,1388,1377,1347,1336,1331,1327,1329,1318,1310,1308,1300,1294,1292,1301,1325,1344,1334,1341,1332,1332,1331,1329,1331,1331,1325,1317,1316,1318,1316,1304,1311,1323,1330,1328,1340
1500,1500,1497,1485,1488,1481,1464,1480,1486,1484,1499,1456,1440,1457,1452,1472,1472,1472,1470,1467,1457,1454,1454,1453,1453,1467,1464,1464,1471,1446,1448,1456,1452,1452,1446,1456,1438,1441,1420,1426,1432,1433,1430,1425,1415,1428,1430,1432,1430,1432,1437,1447,1427,1416,1412,1417,1421,1422,1438,1436,1442,1468,1470,1477,1474,1476,1485,1477,1481,1473,1470,1467,1466,1454,1455,1447,1435,1439,1427,1410,1403,1394,1440,1446,1442,1435,1432,1432,1445,1450,1448,1457,1480,1480,1493,1486,1474,1466,1451,1457,1451,1440,1437,1441,1454,1452,1452,1444,1434,1432,1432,1419,1418,1388,1386,1386,1387,1383,1380,1386,1395
1500,1515,1511,1511,1517,1514,1528,1516,1516,1527,1531,1528,1495,1493,1488,1489,1487,1488,1487,1480,1484,1472,1508,1508,1504,1511,1501,1502,1488,1480,1465,1468,1473,1473,1471,1480,1458,1458,1436,1436,1423,1436,1425,1425,1435,1436,1461,1464,1464,1461,1459,1483,1480,1488,1489,1496,1494,1465,1487,1488,1482,1488,1487,1495,1495,1496,1505,1488,1455,1458,1491,1492,1509,1512,1504,1504,1502,1495,1496,1504,1506,1524,1521,1523,1517,1510,1513,1510,1502,1494,1494,1489,1509,1515,1520,1518,1508,1533,1546,1545,1542,1542,1548,1551,1556,1566,1550,1587,1613,1658,1666,1655,1660,1682,1650,1645,1645,1646,1646,1664,1672
1500,1523,1504,1488,1477,1477,1461,1461,1460,1472,1470,1472,1487,1520,1510,1503,1511,1514,1526,1523,1485,1473,1471,1467,1467,1468,1478,1468,1468,1461,1465,1457,1445,1442,1433,1433,1439,1443,1466,1475,1486,1479,1476,1495,1496,1496,1498,1503,1506,1514,1513,1507,1510,1502,1502,1503,1499,1516,1518,1515,1502,1502,1524,1532,1507,1491,1489,1495,1494,1489,1487,1492,1501,1498,1498,1503,1513,1518,1534,1532,1533,1526,1526,1533,1539,1536,1531,1522,1525,1525,1525,1532,1527,1526,1523,1498,1508,1523,1542,1528,1536,1545,1529,1567,1546,1544,1556,1551,1557,1565,1570,1575,1584,1573,1571,1571,1566,1613,1603,1594,1568
1500,1487,1487,1508,1507,1524,1525,1549,1565,1565,1567,1567,1567,1589,1590,1595,1596,1596,1577,1575,1590,1593,1600,1600,1595,1595,1583,1585,1580,1577,1583,1584,1581,1602,1607,1606,1606,1606,1603,1609,1663,1665,1664,1666,1657,1664,1658,1639,1635,1628,1619,1610,1609,1608,1614,1614,1608,1636,1637,1637,1639,1632,1626,1636,1583,1633,1633,1621,1622,1623,1608,1622,1619,1619,1602,1580,1583,1599,1601,1600,1604,1634,1630,1618,1622,1617,1625,1621,1619,1637,1614,1604,1599,1643,1669,1669,1652,1659,1659,1659,1667,1662,1658,1661,1660,1654,1658,1653,1649,1632,1629,1596,1595,1595,1625,1643,1655,1661,1657,1662,1658
1500,1484,1492,1474,1480,1488,1488,1498,1498,1496,1490,1493,1473,1477,1475,1460,1463,1472,1488,1486,1475,1494,1504,1493,1486,1476,1460,1465,1453,1485,1515,1510,1510,1519,1527,1520,1536,1531,1549,1551,1553,1563,1570,1569,1596,1589,1586,1599,1638,1640,1607,1608,1610,1611,1602,1602,1586,1611,1610,1628,1649,1652,1679,1697,1697,1673,1681,1676,1708,1700,1699,1701,1709,1717,1719,1716,1704,1653,1642,1624,1605,1597,1601,1608,1610,1607,1603,1616,1620,1616,1618,1613,1595,1611,1604,1584,1578,1569,1553,1550,1551,1549,1527,1509,1509,1494,1484,1477,1462,1460,1457,1453,1461,1461,1464,1465,1476,1476,1471,1449,1442
1500,1495,1490,1498,1494,1471,1470,1470,1475,1507,1496,1506,1504,1491,1477,1494,1503,1504,1526,1524,1500,1501,1500,1501,1492,1488,1488,1488,1486,1482,1491,1495,1491,1486,1482,1486,1486,1504,1507,1537,1537,1541,1554,1566,1577,1577,1575,1608,1619,1619,1628,1625,1605,1601,1601,1601,1606,1596,1610,1617,1602,1594,1597,1593,1597,1605,1617,1639,1639,1665,1681,1656,1657,1656,1639,1655,1663,1666,1665,1660,1662,1667,1665,1646,1640,1644,1633,1630,1628,1625,1620,1618,1638,1600,1600,1603,1599,1601,1601,1600,1605,1615,1615,1614,1611,1598,1592,1652,1650,1654,1672,1675,1675,1639,1624,1631,1631,1635,1668,1640,1639
1500,1528,1540,1531,1542,1543,1535,1529,1531,1517,1497,1503,1500,1502,1503,1497,1501,1506,1499,1520,1524,1526,1531,1550,1538,1542,1584,1586,1586,1570,1586,1566,1563,1551,1550,1543,1544,1564,1546,1578,1597,1583,1578,1576,1583,1588,1597,1598,1593,1600,1592,1592,1575,1569,1573,1560,1538,1565,1558,1559,1548,1547,1550,1544,1531,1521,1529,1524,1528,1531,1533,1533,1526,1528,1528,1539,1546,1550,1552,1532,1510,1509,1490,1486,1484,1496,1501,1503,1495,1491,1490,1489,1488,1493,1491,1496,1509,1508,1465,1465,1460,1464,1457,1466,1470,1468,1431,1431,1430,1427,1430,1447,1447,1405,1429,1423,1424,1427,1413,1424,1407
1500,1504,1492,1492,1478,1448,1441,1436,1436,1440,1417,1417,1420,1411,1405,1400,1416,1418,1416,1410,1416,1414,1399,1398,1396,1381,1394,1407,1408,1416,1416,1419,1419,1381,1385,1374,1376,1370,1368,1384,1358,1358,1363,1373,1371,1353,1352,1349,1349,1377,1360,1347,1343,1356,1348,1356,1374,1374,1376,1370,1370,1365,1362,1365,1365,1363,1370,1366,1367,1342,1343,1343,1343,1343,1365,1345,1348,1351,1388,1385,1387,1386,1397,1390,1403,1407,1385,1372,1372,1368,1367,1395,1395,1396,1395,1397,1397,1388,1385,1393,1392,1365,1372,1373,1373,1373,1393,1392,1388,1383,1381,1385,1390,1376,1376,1371,1372,1371,1367,1349,1343
1500,1484,1511,1516,1495,1471,1465,1451,1461,1462,1449,1446,1448,1449,1466,1468,1449,1448,1455,1480,1476,1478,1492,1487,1493,1504,1512,1490,1471,1463,1447,1445,1446,1459,1463,1468,1475,1504,1490,1489,1492,1507,1501,1511,1499,1483,1477,1465,1486,1474,1468,1468,1482,1446,1453,1450,1452,1435,1472,1464,1457,1456,1459,1459,1461,1463,1493,1528,1510,1512,1505,1484,1478,1476,1474,1469,1468,1476,1474,1476,1475,1470,1482,1480,1488,1505,1507,1523,1519,1519,1531,1547,1524,1522,1515,1513,1516,1510,1466,1474,1458,1462,1451,1449,1452,1446,1442,1436,1441,1445,1447,1443,1436,1431,1441,1437,1437,1441,1454,1444,1435
1500,1460,1461,1459,1455,1448,1455,1460,1459,1455,1448,1437,1407,1413,1412,1416,1416,1405,1401,1388,1381,1394,1402,1394,1393,1389,1385,1401,1400,1394,1394,1400,1414,1409,1415,1419,1421,1444,1430,1434,1442,1430,1430,1432,1425,1420,1414,1408,1407,1398,1398,1402,1405,1401,1400,1362,1362,1354,1357,1363,1356,1348,1348,1348,1346,1358,1356,1361,1346,1353,1358,1352,1353,1352,1358,1343,1315,1326,1325,1324,1320,1351,1358,1363,1357,1378,1374,1379,1383,1392,1388,1338,1345,1346,1327,1322,1322,1298,1285,1275,1274,1279,1279,1272,1270,1270,1267,1271,1260,1241,1252,1242,1243,1226,1233,1232,1222,1228,1241,1261,1261
1500,1518,1551,1551,1544,1541,1552,1551,1546,1576,1573,1584,1600,1601,1589,1596,1594,1587,1600,1611,1612,1626,1617,1619,1616,1613,1626,1617,1600,1603,1591,1588,1585,1589,1564,1558,1569,1557,1563,1563,1565,1562,1551,1552,1554,1555,1551,1552,1569,1579,1590,1580,1590,1582,1573,1565,1595,1590,1595,1596,1607,1607,1573,1568,1567,1563,1547,1538,1530,1527,1536,1565,1563,1581,1586,1590,1612,1615,1616,1617,1615,1626,1626,1628,1646,1644,1644,1641,1647,1641,1626,1616,1664,1671,1668,1666,1683,1675,1675,1667,1662,1677,1651,1659,1659,1658,1654,1647,1641,1612,1630,1631,1637,1650,1646,1654,1665,1661,1675,1667,1674
1500,1500,1508,1520,1511,1509,1504,1487,1496,1485,1493,1497,1485,1498,1515,1509,1511,1511,1505,1495,1485,1475,1471,1479,1462,1466,1469,1494,1494,1496,1504,1498,1476,1476,1471,1471,1413,1413,1413,1415,1415,1408,1406,1378,1373,1376,1390,1396,1396,1380,1438,1439,1443,1442,1442,1452,1457,1472,1477,1477,1474,1464,1463,1463,1466,1472,1452,1459,1475,1492,1483,1501,1488,1472,1485,1492,1474,1485,1480,1480,1480,1467,1463,1459,1448,1440,1431,1429,1409,1434,1450,1441,1441,1428,1427,1464,1466,1462,1462,1460,1457,1483,1494,1502,1500,1489,1497,1497,1513,1538,1535,1537,1521,1513,1517,1505,1505,1487,1491,1509,1501
1500,1507,1509,1515,1513,1513,1514,1502,1500,1512,1508,1521,1507,1482,1433,1422,1418,1418,1380,1349,1373,1344,1346,1334,1304,1302,1307,1306,1309,1325,1324,1313,1307,1265,1232,1233,1233,1239,1244,1243,1250,1249,1249,1252,1254,1250,1252,1245,1234,1234,1209,1209,1208,1204,1206,1205,1240,1238,1233,1235,1245,1237,1236,1236,1237,1224,1219,1198,1199,1215,1222,1220,1207,1200,1225,1227,1220,1219,1218,1218,1188,1182,1183,1229,1231,1257,1254,1239,1238,1236,1231,1217,1215,1231,1230,1235,1241,1230,1232,1231,1256,1256,1263,1259,1259,1265,1265,1276,1291,1316,1291,1290,1344,1344,1343,1348,1343,1336,1344,1347,1340
1500,1482,1460,1469,1488,1474,1534,1538,1523,1521,1518,1522,1501,1505,1495,1489,1494,1483,1471,1476,1480,1480,1499,1492,1491,1489,1486,1488,1494,1499,1500,1502,1527,1522,1526,1520,1520,1527,1530,1530,1530,1530,1534,1549,1526,1530,1524,1523,1525,1524,1521,1507,1506,1514,1505,1505,1519,1520,1508,1519,1514,1515,1549,1540,1534,1530,1536,1542,1537,1534,1538,1576,1578,1575,1580,1582,1582,1579,1584,1582,1584,1593,1590,1584,1581,1607,1628,1625,1635,1627,1626,1626,1637,1608,1612,1605,1603,1616,1629,1639,1646,1635,1650,1636,1631,1615,1614,1583,1563,1581,1576,1576,1571,1575,1570,1551,1557,1554,1551,1535,1541
1500,1487,1483,1483,1483,1481,1469,1483,1482,1482,1477,1481,1482,1482,1485,1487,1487,1497,1487,1487,1469,1469,1472,1473,1468,1462,1465,1451,1450,1437,1442,1440,1437,1434,1435,1441,1440,1434,1432,1454,1433,1416,1418,1422,1432,1439,1446,1446,1475,1472,1485,1486,1491,1485,1490,1496,1496,1488,1493,1473,1478,1478,1479,1471,1474,1462,1462,1455,1454,1456,1480,1479,1476,1459,1458,1458,1458,1455,1457,1416,1410,1405,1415,1415,1415,1406,1405,1394,1390,1399,1394,1379,1377,1361,1354,1340,1311,1327,1326,1321,1323,1323,1327,1329,1321,1316,1319,1328,1331,1337,1346,1353,1353,1369,1365,1359,1366,1368,1364,1350,1340
1500,1480,1472,1471,1471,1452,1452,1452,1442,1458,1457,1420,1413,1414,1437,1430,1431,1431,1430,1457,1457,1458,1422,1421,1454,1450,1442,1444,1434,1428,1428,1447,1404,1413,1416,1413,1413,1415,1415,1415,1407,1401,1403,1405,1396,1393,1394,1399,1414,1442,1438,1428,1439,1455,1448,1448,1442,1450,1455,1450,1454,1456,1432,1432,1418,1457,1467,1467,1465,1458,1474,1461,1438,1438,1438,1477,1473,1487,1480,1480,1478,1477,1513,1500,1512,1526,1525,1531,1539,1549,1595,1591,1550,1559,1563,1563,1564,1538,1533,1530,1539,1545,1549,1541,1545,1545,1544,1541,1534,1509,1486,1492,1500,1497,1500,1497,1481,1473,1473,1465,1464
1500,1506,1509,1484,1461,1459,1459,1462,1460,1447,1453,1447,1443,1436,1433,1467,1468,1469,1432,1426,1435,1457,1457,1470,1477,1487,1490,1475,1479,1466,1463,1454,1462,1460,1463,1459,1455,1451,1455,1454,1451,1439,1435,1436,1436,1429,1423,1418,1416,1427,1427,1435,1433,1433,1440,1437,1442,1439,1441,1436,1426,1426,1426,1412,1411,1408,1406,1409,1401,1398,1390,1392,1387,1386,1442,1450,1454,1485,1469,1500,1501,1537,1555,1559,1553,1541,1530,1509,1505,1508,1510,1507,1503,1505,1503,1511,1498,1506,1513,1519,1513,1523,1521,1520,1530,1539,1535,1520,1515,1516,1536,1572,1567,1565,1593,1595,1603,1603,1608,1612,1607
1500,1503,1500,1500,1493,1481,1511,1501,1511,1524,1528,1537,1544,1547,1539,1534,1534,1536,1517,1506,1484,1484,1469,1475,1451,1464,1454,1448,1446,1440,1444,1456,1461,1458,1450,1440,1433,1430,1465,1459,1433,1432,1432,1477,1472,1467,1472,1495,1491,1484,1487,1481,1532,1533,1550,1557,1543,1547,1575,1566,1590,1592,1586,1575,1586,1604,1609,1605,1609,1604,1588,1585,1585,1582,1605,1597,1585,1589,1582,1591,1561,1560,1551,1566,1566,1568,1577,1568,1566,1555,1539,1545,1536,1536,1541,1549,1545,1543,1543,1540,1538,1552,1523,1523,1519,1516,1522,1542,1539,1526,1519,1507,1508,1501,1495,1495,1520,1514,1505,1511,1512
1500,1505,1531,1516,1510,1514,1523,1556,1579,1588,1590,1601,1544,1544,1516,1510,1515,1533,1539,1567,1555,1556,1556,1545,1545,1526,1523,1527,1527,1522,1545,1548,1548,1547,1556,1565,1563,1559,1528,1528,1528,1535,1531,1521,1527,1527,1518,1532,1525,1530,1531,1542,1538,1534,1538,1514,1507,1532,1531,1528,1533,1530,1523,1534,1542,1553,1548,1549,1557,1558,1560,1576,1576,1592,1592,1587,1583,1583,1577,1590,1589,1606,1596,1595,1617,1625,1622,1624,1614,1570,1570,1580,1579,1576,1587,1596,1586,1565,1568,1570,1560,1558,1564,1582,1586,1599,1586,1586,1616,1628,1622,1606,1604,1603,1606,1582,1590,1558,1566,1559,1563
1500,1481,1468,1478,1471,1484,1469,1473,1472,1478,1470,1466,1460,1455,1448,1450,1444,1457,1469,1459,1452,1452,1432,1438,1436,1440,1445,1443,1456,1501,1500,1465,1470,1471,1484,1483,1478,1475,1474,1476,1463,1450,1451,1463,1453,1466,1473,1492,1496,1494,1495,1490,1505,1505,1514,1518,1519,1513,1532,1535,1523,1561,1569,1570,1587,1577,1584,1596,1584,1584,1583,1573,1553,1560,1553,1543,1547,1522,1530,1529,1529,1529,1527,1526,1527,1524,1521,1544,1554,1558,1559,1567,1555,1553,1549,1557,1567,1552,1554,1563,1555,1544,1546,1534,1540,1540,1543,1536,1525,1515,1513,1504,1512,1528,1522,1517,1503,1508,1498,1538,1544
1500,1498,1511,1507,1495,1488,1472,1479,1465,1467,1474,1482,1479,1477,1469,1458,1474,1471,1473,1486,1500,1506,1506,1514,1514,1519,1538,1535,1529,1521,1506,1529,1525,1530,1533,1530,1531,1527,1518,1545,1537,1536,1536,1546,1552,1551,1548,1538,1550,1547,1554,1545,1547,1551,1562,1549,1587,1589,1592,1585,1577,1570,1561,1546,1540,1552,1569,1569,1564,1565,1557,1556,1557,1567,1561,1566,1575,1576,1565,1567,1567,1564,1565,1572,1571,1572,1583,1579,1576,1579,1602,1620,1626,1641,1646,1653,1642,1634,1641,1642,1636,1623,1615,1610,1597,1584,1588,1595,1599,1590,1581,1586,1588,1586,1588,1589,1588,1584,1579,1590,1582
1500,1531,1522,1522,1526,1498,1491,1490,1497,1481,1481,1483,1483,1492,1502,1500,1487,1475,1455,1454,1455,1461,1497,1497,1492,1495,1489,1489,1480,1496,1494,1507,1504,1505,1505,1501,1496,1525,1527,1518,1511,1509,1506,1508,1516,1519,1516,1530,1530,1545,1553,1545,1543,1543,1527,1525,1525,1516,1508,1510,1496,1473,1474,1473,1472,1478,1470,1479,1479,1486,1489,1490,1491,1483,1491,1489,1485,1494,1497,1496,1491,1458,1463,1483,1468,1478,1483,1487,1497,1493,1499,1504,1509,1488,1430,1438,1456,1450,1438,1433,1434,1433,1430,1420,1494,1485,1482,1481,1481,1467,1463,1470,1478,1487,1487,1492,1491,1491,1499,1488,1491
1500,1506,1480,1480,1480,1480,1483,1488,1499,1500,1506,1508,1497,1448,1446,1487,1476,1469,1467,1441,1445,1430,1421,1412,1414,1529,1532,1542,1549,1549,1543,1553,1550,1559,1559,1565,1573,1566,1562,1555,1564,1561,1556,1558,1538,1538,1537,1562,1551,1584,1592,1585,1584,1593,1599,1607,1634,1630,1630,1645,1640,1646,1636,1639,1642,1641,1682,1677,1702,1696,1697,1680,1682,1681,1678,1687,1680,1677,1687,1674,1670,1671,1675,1673,1685,1692,1706,1704,1706,1716,1709,1709,1719,1714,1710,1702,1704,1696,1699,1676,1676,1656,1657,1655,1669,1669,1670,1667,1668,1678,1660,1668,1676,1684,1682,1672,1669,1669,1674,1676,1686
1500,1445,1445,1449,1447,1449,1458,1464,1472,1451,1444,1447,1426,1399,1359,1386,1390,1383,1379,1376,1377,1384,1386,1387,1383,1379,1371,1371,1372,1380,1390,1398,1398,1398,1400,1353,1337,1339,1347,1357,1357,1362,1366,1362,1355,1365,1364,1372,1375,1380,1380,1370,1408,1406,1377,1362,1379,1385,1379,1372,1379,1371,1370,1420,1419,1422,1417,1417,1408,1406,1414,1414,1394,1393,1392,1385,1369,1365,1395,1406,1400,1384,1384,1375,1399,1371,1357,1353,1353,1354,1353,1347,1336,1332,1336,1333,1334,1338,1352,1355,1358,1361,1369,1369,1359,1363,1359,1349,1367,1372,1367,1367,1368,1376,1386,1387,1387,1391,1382,1382,1391
1500,1500,1502,1502,1515,1505,1478,1482,1484,1499,1499,1506,1541,1528,1510,1531,1505,1508,1506,1504,1494,1472,1477,1483,1493,1504,1494,1494,1435,1444,1461,1459,1444,1469,1469,1462,1455,1465,1468,1463,1464,1477,1492,1452,1452,1457,1461,1468,1468,1455,1440,1422,1419,1411,1412,1432,1441,1412,1404,1401,1398,1400,1406,1393,1402,1430,1439,1454,1496,1499,1527,1518,1523,1507,1515,1518,1514,1515,1506,1483,1478,1483,1516,1507,1503,1488,1492,1489,1489,1488,1488,1485,1478,1469,1467,1442,1442,1441,1441,1443,1442,1448,1438,1438,1431,1425,1421,1421,1422,1425,1412,1384,1372,1376,1386,1392,1402,1391,1389,1400,1395
1500,1525,1517,1527,1543,1551,1548,1558,1584,1583,1576,1579,1592,1577,1569,1567,1578,1566,1557,1539,1521,1522,1525,1475,1478,1482,1480,1463,1453,1458,1437,1450,1457,1468,1468,1465,1482,1485,1483,1483,1481,1441,1431,1428,1441,1457,1457,1473,1484,1483,1475,1473,1477,1463,1457,1451,1448,1462,1461,1493,1490,1493,1486,1483,1480,1481,1484,1493,1493,1477,1468,1469,1481,1471,1468,1454,1460,1456,1459,1454,1452,1456,1461,1467,1467,1461,1462,1440,1447,1447,1441,1480,1489,1497,1497,1460,1466,1470,1470,1463,1471,1473,1473,1474,1480,1456,1435,1427,1433,1427,1436,1442,1444,1453,1451,1442,1432,1432,1481,1485,1505
1500,1488,1476,1481,1479,1463,1461,1461,1463,1440,1433,1443,1442,1440,1441,1449,1454,1441,1439,1469,1467,1467,1467,1460,1457,1449,1449,1462,1452,1459,1460,1461,1461,1456,1461,1459,1463,1459,1456,1462,1499,1525,1523,1528,1527,1540,1539,1534,1534,1547,1544,1544,1545,1553,1551,1549,1559,1559,1564,1574,1584,1595,1582,1557,1559,1561,1559,1536,1535,1540,1534,1529,1519,1534,1535,1542,1546,1588,1571,1547,1558,1556,1547,1532,1538,1532,1513,1510,1524,1523,1523,1527,1517,1509,1531,1538,1532,1532,1538,1536,1509,1511,1516,1501,1497,1491,1489,1499,1499,1507,1517,1542,1542,1554,1584,1557,1556,1555,1538,1544,1541
1500,1498,1496,1496,1501,1493,1520,1520,1519,1525,1524,1557,1562,1562,1551,1550,1600,1637,1645,1652,1657,1645,1638,1655,1652,1639,1643,1641,1657,1657,1653,1647,1646,1649,1636,1644,1647,1629,1633,1629,1630,1636,1645,1649,1641,1650,1639,1621,1624,1608,1619,1621,1592,1581,1572,1584,1584,1577,1580,1585,1567,1567,1558,1551,1537,1517,1518,1529,1515,1518,1506,1511,1512,1513,1513,1513,1515,1511,1532,1548,1550,1576,1569,1569,1569,1543,1546,1546,1546,1546,1540,1528,1516,1519,1515,1514,1512,1515,1515,1495,1493,1488,1495,1488,1488,1489,1489,1499,1505,1499,1501,1552,1571,1571,1571,1546,1552,1554,1583,1584,1580
1500,1502,1508,1517,1504,1500,1507,1503,1503,1502,1494,1495,1523,1558,1557,1556,1554,1558,1545,1539,1544,1542,1522,1539,1557,1547,1547,1547,1551,1546,1542,1555,1542,1558,1583,1622,1635,1635,1608,1618,1634,1638,1633,1645,1645,1640,1641,1636,1625,1637,1637,1629,1619,1608,1603,1610,1602,1604,1604,1598,1587,1579,1591,1600,1600,1598,1613,1606,1629,1624,1648,1640,1636,1628,1655,1646,1650,1650,1663,1661,1666,1796,1794,1794,1802,1804,1820,1831,1824,1824,1811,1825,1823,1828,1821,1825,1833,1830,1825,1787,1789,1773,1779,1791,1774,1804,1819,1811,1790,1778,1782,1760,1771,1763,1733,1733,1739,1749,1737,1744,1745
1500,1468,1469,1475,1535,1558,1535,1505,1503,1478,1478,1475,1484,1481,1480,1483,1481,1465,1452,1451,1448,1458,1458,1455,1423,1431,1440,1440,1433,1427,1427,1431,1419,1446,1445,1429,1478,1482,1483,1479,1490,1478,1463,1476,1472,1465,1464,1455,1455,1472,1477,1485,1478,1472,1470,1508,1508,1500,1487,1487,1498,1508,1517,1519,1522,1525,1574,1577,1584,1592,1589,1592,1592,1590,1590,1597,1610,1637,1653,1663,1666,1637,1641,1658,1622,1612,1586,1608,1604,1602,1592,1598,1615,1623,1636,1621,1625,1621,1620,1622,1618,1616,1617,1591,1587,1583,1586,1592,1605,1599,1612,1629,1628,1636,1626,1593,1606,1599,1599,1571,1567
1500,1484,1484,1489,1489,1524,1517,1500,1503,1504,1504,1510,1511,1507,1504,1509,1536,1543,1543,1537,1535,1587,1590,1614,1609,1609,1612,1615,1620,1631,1641,1635,1611,1612,1630,1642,1634,1636,1639,1633,1627,1622,1628,1631,1622,1620,1605,1599,1608,1607,1606,1612,1595,1602,1613,1633,1645,1656,1647,1653,1641,1670,1707,1705,1716,1717,1718,1717,1711,1728,1688,1689,1684,1671,1680,1681,1682,1640,1661,1660,1610,1604,1598,1594,1590,1573,1557,1554,1551,1555,1529,1509,1507,1515,1507,1503,1502,1504,1511,1509,1507,1505,1505,1503,1498,1498,1503,1511,1506,1496,1496,1496,1519,1522,1540,1562,1560,1553,1558,1556,1556
1500,1491,1495,1491,1493,1500,1498,1501,1498,1506,1495,1485,1481,1491,1488,1490,1490,1480,1496,1491,1487,1457,1453,1448,1448,1455,1456,1450,1450,1446,1446,1445,1458,1412,1407,1403,1403,1416,1425,1426,1422,1422,1413,1404,1404,1407,1418,1418,1412,1401,1435,1439,1428,1427,1429,1432,1432,1432,1451,1445,1442,1442,1458,1450,1447,1440,1435,1454,1459,1437,1440,1442,1447,1445,1443,1446,1452,1445,1448,1445,1445,1450,1454,1449,1449,1439,1451,1444,1502,1500,1491,1503,1509,1503,1538,1536,1534,1530,1529,1527,1542,1548,1544,1543,1536,1550,1557,1567,1536,1540,1513,1534,1536,1535,1538,1541,1550,1548,1545,1516,1516
1500,1515,1526,1478,1486,1483,1480,1478,1478,1478,1473,1480,1496,1493,1488,1499,1489,1494,1516,1514,1501,1501,1500,1504,1514,1519,1517,1530,1526,1486,1477,1470,1471,1476,1462,1467,1477,1517,1513,1511,1524,1558,1574,1574,1545,1546,1541,1520,1518,1540,1560,1557,1566,1557,1559,1596,1584,1586,1586,1581,1571,1567,1550,1569,1562,1545,1533,1525,1531,1523,1519,1517,1517,1547,1541,1544,1540,1543,1552,1564,1539,1559,1565,1548,1533,1534,1541,1556,1566,1565,1543,1557,1567,1569,1568,1568,1581,1568,1565,1570,1568,1564,1572,1572,1613,1593,1602,1602,1610,1623,1630,1625,1629,1628,1631,1638,1623,1625,1614,1614,1620
1500,1504,1488,1480,1469,1470,1446,1451,1466,1461,1463,1463,1461,1461,1450,1499,1488,1487,1487,1480,1495,1497,1489,1495,1493,1498,1488,1494,1482,1489,1462,1450,1438,1434,1436,1439,1445,1453,1447,1456,1455,1448,1452,1466,1465,1459,1455,1475,1491,1482,1491,1486,1486,1495,1494,1495,1477,1439,1464,1460,1463,1460,1452,1444,1444,1437,1424,1420,1409,1388,1384,1374,1374,1370,1370,1371,1367,1365,1373,1387,1381,1374,1362,1369,1369,1361,1392,1392,1392,1390,1385,1398,1392,1387,1397,1397,1387,1391,1390,1382,1381,1366,1374,1374,1390,1389,1387,1387,1362,1362,1377,1380,1399,1398,1405,1405,1440,1433,1412,1437,1429
1500,1499,1500,1516,1521,1517,1499,1483,1489,1490,1485,1485,1479,1492,1491,1483,1481,1481,1468,1447,1442,1447,1462,1460,1455,1425,1418,1422,1418,1405,1410,1416,1413,1417,1419,1423,1417,1414,1399,1435,1423,1425,1408,1405,1386,1386,1379,1396,1389,1392,1380,1380,1387,1382,1369,1355,1358,1357,1363,1365,1368,1342,1344,1335,1337,1332,1330,1332,1335,1332,1334,1329,1335,1335,1328,1328,1323,1323,1313,1312,1304,1313,1304,1304,1305,1296,1298,1292,1295,1292,1290,1292,1291,1289,1289,1299,1290,1290,1290,1287,1297,1308,1310,1311,1304,1308,1310,1279,1319,1319,1318,1317,1317,1303,1302,1292,1289,1299,1321,1334,1333
1500,1503,1507,1514,1482,1484,1476,1492,1495,1487,1486,1483,1472,1472,1488,1488,1494,1494,1500,1507,1559,1575,1580,1581,1560,1570,1577,1557,1555,1561,1609,1597,1599,1646,1637,1638,1635,1628,1622,1615,1627,1625,1625,1612,1607,1606,1604,1595,1587,1579,1582,1581,1584,1580,1574,1583,1580,1582,1570,1570,1568,1573,1563,1566,1574,1584,1578,1568,1597,1578,1578,1581,1585,1599,1608,1611,1590,1588,1582,1573,1566,1564,1576,1584,1590,1604,1593,1565,1557,1559,1591,1621,1624,1628,1628,1593,1601,1596,1524,1530,1528,1531,1561,1563,1566,1570,1572,1574,1575,1551,1571,1572,1557,1527,1525,1527,1518,1502,1495,1493,1475
1500,1500,1510,1508,1511,1538,1517,1519,1530,1523,1528,1513,1504,1493,1468,1474,1475,1482,1486,1481,1475,1484,1479,1472,1449,1501,1551,1550,1552,1558,1559,1587,1580,1578,1581,1576,1571,1574,1584,1592,1599,1601,1603,1600,1576,1557,1548,1563,1556,1560,1556,1556,1547,1537,1537,1526,1554,1552,1578,1580,1583,1590,1589,1594,1595,1577,1578,1578,1580,1566,1570,1581,1576,1572,1553,1543,1551,1545,1532,1521,1535,1535,1527,1528,1531,1553,1545,1534,1543,1541,1539,1535,1548,1543,1538,1538,1538,1530,1528,1513,1518,1515,1515,1515,1519,1541,1533,1535,1530,1521,1520,1504,1501,1489,1491,1489,1481,1497,1494,1503,1517
1500,1507,1523,1524,1544,1542,1548,1548,1554,1547,1534,1553,1541,1535,1539,1541,1556,1564,1571,1581,1577,1577,1585,1596,1592,1592,1576,1575,1581,1576,1573,1573,1605,1586,1594,1594,1596,1573,1569,1568,1567,1571,1573,1561,1551,1555,1545,1530,1530,1525,1525,1527,1524,1522,1505,1509,1539,1536,1536,1514,1542,1565,1567,1564,1564,1564,1533,1521,1524,1524,1522,1530,1535,1542,1538,1547,1554,1572,1555,1554,1551,1542,1559,1549,1547,1536,1545,1534,1539,1535,1544,1544,1544,1526,1523,1520,1523,1518,1520,1518,1556,1554,1556,1557,1559,1559,1568,1598,1590,1589,1594,1601,1593,1592,1577,1582,1605,1604,1609,1601,1606
1500,1518,1501,1500,1495,1495,1495,1495,1509,1512,1522,1519,1512,1528,1504,1505,1512,1525,1533,1543,1540,1544,1534,1539,1546,1539,1545,1566,1560,1547,1549,1552,1556,1528,1535,1541,1531,1532,1508,1495,1494,1507,1499,1499,1507,1500,1518,1493,1491,1499,1492,1509,1529,1528,1537,1539,1533,1528,1526,1522,1530,1568,1563,1557,1573,1573,1574,1582,1579,1574,1572,1561,1558,1557,1561,1557,1563,1558,1547,1547,1547,1541,1548,1544,1582,1574,1588,1587,1579,1585,1593,1595,1570,1572,1579,1561,1552,1576,1574,1569,1586,1596,1593,1590,1583,1589,1594,1592,1584,1593,1600,1606,1604,1531,1516,1515,1500,1486,1483,1483,1473
1500,1508,1509,1516,1516,1518,1515,1523,1528,1525,1542,1543,1542,1538,1545,1545,1549,1551,1559,1582,1585,1554,1551,1541,1549,1551,1534,1529,1531,1520,1521,1519,1519,1524,1521,1521,1504,1507,1507,1508,1507,1506,1506,1489,1497,1496,1496,1539,1538,1538,1570,1566,1585,1588,1537,1558,1555,1550,1532,1537,1524,1520,1521,1530,1528,1528,1531,1537,1537,1543,1562,1590,1597,1597,1606,1598,1600,1599,1603,1613,1591,1609,1591,1573,1577,1577,1576,1572,1596,1596,1610,1609,1603,1600,1601,1607,1634,1648,1655,1663,1679,1682,1666,1659,1665,1664,1665,1667,1671,1633,1633,1634,1627,1625,1608,1610,1628,1628,1630,1629,1630
1500,1484,1485,1483,1474,1475,1467,1458,1470,1483,1492,1501,1501,1515,1512,1506,1505,1501,1488,1488,1486,1451,1453,1465,1461,1459,1463,1465,1479,1488,1487,1454,1448,1456,1453,1463,1469,1469,1459,1437,1438,1438,1444,1434,1451,1449,1443,1443,1446,1440,1433,1433,1414,1389,1387,1386,1382,1391,1400,1405,1401,1402,1397,1399,1395,1389,1379,1379,1369,1361,1360,1348,1353,1339,1345,1348,1352,1362,1369,1366,1366,1380,1382,1385,1387,1387,1391,1379,1393,1396,1399,1407,1412,1411,1407,1407,1400,1407,1396,1383,1410,1410,1410,1404,1400,1398,1390,1390,1388,1391,1398,1406,1404,1385,1368,1368,1358,1368,1362,1378,1353
1500,1508,1506,1506,1500,1488,1485,1488,1492,1496,1496,1493,1517,1519,1511,1507,1500,1500,1498,1494,1485,1465,1458,1453,1458,1464,1474,1499,1503,1519,1518,1516,1509,1511,1488,1486,1486,1482,1480,1484,1502,1489,1492,1470,1471,1471,1462,1453,1449,1446,1470,1462,1473,1453,1455,1443,1437,1439,1437,1444,1439,1429,1424,1424,1424,1412,1411,1396,1373,1373,1366,1369,1377,1373,1373,1365,1373,1369,1369,1372,1373,1373,1377,1374,1384,1374,1366,1375,1373,1381,1381,1386,1380,1391,1390,1395,1383,1375,1356,1371,1381,1391,1391,1392,1399,1400,1403,1403,1403,1408,1434,1442,1432,1446,1426,1436,1423,1428,1428,1423,1422
1500,1491,1469,1472,1466,1462,1462,1439,1445,1438,1436,1430,1428,1437,1446,1444,1449,1445,1446,1444,1416,1408,1409,1403,1400,1404,1396,1396,1414,1405,1426,1444,1452,1442,1397,1401,1402,1402,1386,1386,1378,1349,1366,1365,1367,1361,1361,1353,1346,1347,1348,1348,1349,1301,1297,1322,1317,1316,1304,1300,1300,1307,1311,1311,1321,1311,1320,1326,1326,1321,1320,1321,1330,1335,1348,1343,1343,1343,1342,1340,1353,1355,1346,1353,1358,1358,1383,1387,1383,1383,1400,1379,1391,1385,1384,1383,1379,1391,1388,1394,1392,1389,1394,1390,1382,1394,1422,1453,1453,1461,1455,1448,1469,1443,1432,1429,1418,1407,1407,1402,1400
1500,1500,1502,1513,1504,1511,1511,1505,1505,1506,1501,1509,1507,1523,1524,1524,1521,1527,1530,1524,1513,1545,1524,1530,1509,1505,1522,1493,1494,1494,1500,1495,1490,1493,1492,1498,1499,1484,1483,1488,1476,1462,1474,1474,1477,1477,1499,1506,1496,1546,1555,1549,1547,1573,1560,1557,1564,1581,1559,1541,1533,1534,1530,1549,1552,1559,1599,1602,1610,1602,1602,1609,1615,1618,1615,1609,1606,1617,1619,1634,1631,1623,1633,1600,1591,1586,1589,1587,1586,1598,1595,1593,1584,1582,1581,1581,1581,1581,1574,1572,1571,1579,1584,1600,1599,1571,1574,1567,1567,1565,1579,1548,1548,1536,1541,1541,1503,1502,1490,1476,1476
1500,1516,1539,1534,1546,1546,1569,1574,1569,1568,1552,1554,1555,1563,1562,1561,1561,1533,1528,1532,1535,1532,1531,1546,1543,1539,1516,1498,1498,1492,1485,1477,1480,1480,1448,1441,1402,1410,1405,1420,1399,1396,1396,1432,1431,1430,1430,1417,1398,1405,1415,1412,1419,1428,1434,1439,1434,1453,1475,1470,1465,1492,1499,1506,1479,1490,1484,1504,1491,1503,1504,1527,1528,1522,1502,1509,1502,1510,1515,1525,1537,1519,1528,1526,1526,1523,1509,1523,1529,1534,1532,1524,1527,1532,1513,1528,1524,1519,1543,1543,1538,1522,1520,1527,1527,1520,1521,1514,1506,1499,1500,1501,1488,1485,1480,1476,1468,1483,1516,1507,1519
1500,1499,1471,1478,1482,1473,1471,1470,1480,1472,1468,1470,1432,1424,1409,1411,1429,1416,1400,1397,1397,1403,1404,1444,1434,1452,1434,1433,1466,1454,1465,1453,1453,1459,1456,1448,1440,1473,1502,1506,1515,1563,1544,1516,1502,1526,1525,1494,1506,1490,1491,1491,1473,1467,1467,1463,1466,1461,1459,1459,1456,1476,1476,1476,1476,1472,1470,1472,1441,1438,1443,1425,1438,1453,1472,1500,1481,1473,1476,1471,1439,1433,1425,1453,1458,1475,1474,1468,1447,1434,1437,1439,1430,1432,1433,1450,1448,1435,1433,1426,1418,1414,1418,1445,1466,1464,1446,1431,1434,1441,1449,1446,1445,1430,1428,1431,1483,1464,1460,1457,1452
1500,1507,1521,1511,1513,1517,1504,1506,1494,1508,1494,1477,1474,1466,1463,1463,1482,1472,1470,1460,1460,1461,1455,1456,1465,1457,1457,1453,1453,1445,1447,1446,1451,1437,1449,1449,1447,1449,1439,1441,1441,1441,1441,1430,1430,1402,1424,1423,1412,1396,1391,1389,1363,1363,1364,1370,1371,1371,1372,1379,1373,1351,1351,1326,1326,1317,1320,1321,1320,1319,1315,1316,1318,1316,1302,1295,1300,1289,1290,1290,1278,1277,1270,1275,1271,1271,1279,1272,1250,1235,1232,1231,1233,1233,1222,1212,1210,1241,1244,1239,1246,1246,1240,1211,1206,1208,1206,1240,1246,1243,1249,1249,1284,1283,1286,1306,1329,1332,1326,1333,1331
1500,1498,1490,1504,1481,1487,1472,1472,1480,1520,1530,1518,1513,1518,1533,1532,1532,1534,1528,1519,1559,1570,1572,1568,1572,1563,1567,1559,1567,1564,1571,1573,1563,1553,1560,1570,1581,1594,1574,1598,1611,1610,1616,1618,1618,1616,1630,1643,1643,1637,1604,1575,1562,1560,1543,1543,1550,1553,1534,1529,1532,1534,1537,1546,1546,1551,1565,1565,1570,1568,1567,1568,1567,1595,1594,1587,1572,1575,1568,1576,1578,1576,1575,1566,1567,1573,1570,1579,1581,1550,1558,1550,1544,1544,1524,1525,1521,1507,1472,1499,1521,1521,1509,1517,1501,1485,1489,1493,1455,1453,1447,1420,1425,1410,1410,1413,1405,1405,1409,1409,1414
1500,1500,1500,1506,1502,1510,1517,1515,1521,1521,1520,1519,1471,1469,1475,1465,1464,1464,1466,1426,1429,1429,1428,1417,1425,1437,1443,1451,1452,1437,1441,1453,1456,1447,1451,1446,1435,1434,1415,1411,1404,1399,1407,1385,1381,1387,1390,1384,1385,1373,1373,1364,1349,1352,1348,1347,1346,1347,1345,1343,1334,1340,1338,1329,1327,1327,1321,1323,1319,1296,1308,1309,1313,1317,1317,1308,1303,1303,1297,1293,1272,1272,1271,1271,1271,1265,1266,1302,1315,1324,1319,1318,1318,1349,1348,1378,1379,1378,1372,1387,1391,1389,1393,1388,1400,1400,1397,1391,1379,1368,1381,1376,1374,1399,1419,1418,1405,1395,1396,1398,1384
1500,1505,1508,1514,1511,1489,1492,1472,1470,1484,1484,1482,1475,1473,1452,1462,1461,1463,1467,1467,1459,1456,1456,1465,1474,1472,1472,1465,1472,1469,1465,1464,1472,1473,1483,1483,1483,1497,1505,1497,1466,1466,1464,1483,1471,1488,1465,1480,1484,1490,1485,1503,1487,1455,1450,1458,1451,1450,1438,1431,1432,1432,1430,1424,1424,1427,1464,1457,1466,1458,1458,1459,1479,1457,1452,1445,1432,1413,1419,1419,1420,1427,1428,1429,1412,1404,1394,1382,1375,1393,1385,1391,1399,1410,1401,1401,1402,1402,1414,1414,1418,1408,1428,1438,1438,1437,1444,1453,1452,1428,1446,1440,1452,1484,1481,1479,1476,1472,1468,1479,1454
1500,1504,1510,1500,1499,1495,1495,1490,1487,1484,1495,1505,1505,1565,1560,1565,1570,1575,1587,1599,1595,1604,1618,1618,1620,1623,1621,1625,1620,1615,1616,1606,1629,1633,1633,1623,1646,1662,1661,1662,1661,1655,1650,1629,1653,1660,1661,1663,1661,1663,1663,1650,1656,1659,1669,1669,1637,1593,1589,1590,1585,1574,1582,1576,1582,1582,1593,1593,1595,1567,1570,1572,1572,1588,1583,1580,1576,1582,1590,1590,1604,1610,1620,1631,1625,1618,1611,1601,1589,1597,1609,1604,1599,1573,1597,1591,1584,1588,1602,1599,1593,1590,1588,1567,1542,1552,1552,1537,1529,1536,1529,1528,1528,1508,1495,1492,1505,1508,1496,1500,1508
1500,1527,1516,1514,1504,1516,1508,1538,1537,1529,1524,1517,1520,1522,1525,1527,1516,1510,1508,1508,1484,1472,1473,1494,1492,1495,1499,1480,1464,1461,1454,1460,1450,1462,1458,1458,1474,1472,1510,1551,1550,1564,1564,1564,1564,1572,1567,1570,1573,1571,1578,1587,1581,1602,1594,1599,1595,1556,1558,1560,1573,1554,1552,1557,1515,1518,1518,1520,1518,1515,1515,1530,1526,1507,1517,1500,1489,1496,1502,1503,1521,1469,1448,1461,1459,1459,1466,1455,1445,1427,1428,1423,1418,1413,1407,1373,1373,1371,1357,1350,1353,1353,1365,1369,1361,1351,1349,1361,1364,1363,1333,1331,1337,1337,1332,1349,1365,1365,1361,1366,1366
1500,1504,1492,1492,1493,1485,1491,1480,1480,1466,1469,1466,1472,1496,1501,1520,1513,1510,1505,1491,1489,1479,1492,1491,1491,1478,1475,1485,1469,1467,1468,1463,1468,1473,1486,1486,1478,1475,1468,1458,1455,1466,1478,1479,1478,1472,1487,1522,1523,1525,1513,1511,1498,1491,1491,1490,1490,1491,1486,1483,1496,1500,1495,1510,1505,1510,1502,1494,1500,1493,1504,1503,1502,1521,1519,1518,1518,1512,1518,1514,1512,1501,1499,1492,1465,1457,1445,1481,1479,1473,1472,1476,1459,1442,1444,1444,1451,1466,1466,1446,1458,1420,1443,1434,1434,1404,1407,1398,1416,1435,1417,1411,1418,1442,1444,1430,1402,1396,1402,1393,1396
1500,1462,1448,1448,1451,1443,1503,1507,1504,1503,1500,1498,1504,1503,1506,1521,1526,1515,1520,1512,1516,1513,1511,1500,1498,1485,1488,1492,1511,1512,1523,1523,1511,1512,1506,1522,1523,1515,1519,1519,1512,1519,1526,1524,1510,1518,1508,1504,1503,1498,1498,1501,1517,1520,1485,1477,1523,1532,1528,1512,1500,1522,1517,1507,1504,1511,1521,1515,1526,1526,1537,1516,1517,1510,1503,1509,1517,1541,1529,1528,1518,1504,1494,1488,1482,1486,1475,1474,1516,1518,1511,1497,1500,1507,1505,1499,1493,1482,1477,1483,1497,1481,1484,1485,1483,1479,1506,1509,1502,1498,1485,1504,1488,1523,1530,1537,1537,1546,1532,1503,1509
1500,1508,1508,1506,1506,1495,1503,1505,1499,1493,1489,1490,1496,1468,1452,1451,1449,1420,1418,1415,1428,1417,1399,1419,1428,1418,1422,1423,1414,1413,1410,1412,1431,1422,1420,1430,1422,1415,1414,1414,1409,1405,1406,1417,1403,1397,1389,1362,1354,1370,1359,1355,1351,1361,1356,1359,1343,1402,1408,1407,1399,1412,1415,1416,1420,1409,1408,1408,1399,1394,1390,1383,1383,1382,1373,1369,1362,1362,1361,1341,1354,1354,1362,1360,1368,1360,1335,1326,1333,1327,1331,1336,1330,1315,1315,1301,1302,1302,1308,1306,1341,1344,1353,1352,1355,1355,1355,1355,1344,1350,1338,1340,1340,1351,1350,1351,1351,1325,1333,1327,1327
1500,1489,1481,1478,1494,1490,1492,1493,1495,1496,1489,1513,1521,1511,1503,1509,1503,1501,1504,1508,1529,1531,1536,1538,1537,1530,1539,1539,1570,1564,1561,1556,1569,1566,1550,1552,1546,1535,1544,1528,1531,1530,1515,1517,1522,1520,1558,1553,1538,1529,1528,1551,1548,1567,1560,1583,1586,1578,1574,1570,1569,1574,1573,1567,1577,1575,1573,1570,1574,1586,1578,1577,1575,1580,1577,1581,1613,1611,1607,1606,1601,1613,1614,1626,1621,1631,1636,1663,1667,1670,1664,1680,1675,1762,1771,1771,1792,1797,1796,1776,1771,1784,1792,1810,1804,1843,1862,1850,1857,1868,1877,1879,1869,1848,1848,1847,1863,1894,1895,1892,1891
1500,1476,1472,1487,1470,1464,1448,1422,1418,1429,1413,1422,1422,1420,1455,1466,1474,1458,1474,1479,1488,1490,1489,1488,1488,1507,1524,1504,1506,1495,1495,1513,1498,1501,1499,1480,1489,1466,1452,1454,1463,1472,1451,1456,1499,1507,1496,1506,1491,1491,1490,1486,1490,1470,1477,1478,1491,1490,1475,1467,1462,1438,1445,1422,1456,1454,1435,1451,1458,1470,1477,1461,1456,1450,1448,1440,1441,1451,1443,1432,1428,1420,1431,1438,1483,1465,1471,1475,1467,1471,1471,1454,1450,1451,1427,1437,1463,1467,1452,1458,1462,1461,1468,1458,1453,1445,1448,1444,1455,1475,1466,1465,1445,1434,1445,1456,1451,1425,1416,1411,1401
1500,1488,1497,1548,1544,1521,1509,1492,1494,1494,1504,1531,1527,1524,1516,1509,1515,1519,1545,1547,1549,1541,1541,1528,1525,1520,1502,1495,1495,1493,1492,1510,1514,1520,1535,1525,1519,1539,1548,1547,1542,1520,1517,1520,1530,1544,1520,1519,1519,1527,1531,1541,1535,1530,1517,1508,1508,1508,1508,1530,1529,1536,1534,1522,1515,1515,1517,1510,1504,1498,1498,1492,1489,1495,1503,1498,1490,1497,1501,1506,1500,1502,1499,1503,1547,1546,1564,1559,1570,1577,1572,1581,1659,1657,1669,1669,1651,1656,1656,1648,1641,1633,1636,1635,1625,1627,1619,1613,1616,1615,1617,1615,1611,1619,1641,1654,1665,1664,1675,1686,1688
1500,1500,1490,1491,1517,1516,1528,1536,1511,1526,1524,1512,1509,1501,1501,1508,1509,1519,1513,1517,1517,1528,1528,1524,1527,1535,1529,1533,1522,1512,1507,1500,1513,1509,1543,1543,1533,1528,1539,1538,1525,1531,1523,1529,1522,1518,1508,1503,1506,1490,1474,1455,1455,1456,1461,1444,1375,1377,1397,1416,1414,1414,1415,1418,1444,1440,1441,1443,1440,1453,1462,1470,1476,1467,1438,1440,1435,1433,1433,1423,1427,1386,1381,1393,1380,1381,1366,1366,1372,1368,1369,1389,1390,1392,1400,1402,1392,1390,1394,1392,1384,1380,1379,1377,1377,1375,1373,1370,1364,1362,1335,1339,1337,1341,1340,1326,1313,1298,1299,1294,1286
1500,1485,1485,1484,1499,1499,1500,1489,1479,1478,1466,1472,1467,1466,1466,1468,1465,1448,1438,1426,1428,1407,1407,1432,1432,1453,1452,1450,1449,1448,1434,1441,1434,1400,1398,1388,1441,1441,1442,1441,1410,1394,1394,1381,1375,1388,1392,1392,1391,1395,1399,1394,1394,1388,1401,1404,1401,1427,1443,1440,1437,1436,1441,1442,1446,1443,1459,1447,1447,1447,1460,1470,1470,1459,1454,1441,1432,1462,1457,1461,1462,1462,1475,1465,1469,1469,1455,1457,1454,1449,1448,1448,1448,1415,1417,1427,1426,1450,1474,1456,1455,1446,1446,1433,1431,1434,1434,1436,1448,1446,1439,1439,1440,1436,1423,1423,1419,1447,1445,1439,1439
1500,1517,1527,1563,1550,1548,1555,1542,1535,1547,1554,1554,1546,1538,1532,1504,1502,1492,1495,1499,1498,1498,1500,1494,1508,1514,1507,1509,1475,1480,1471,1473,1490,1473,1469,1470,1472,1478,1479,1479,1464,1461,1491,1518,1506,1503,1500,1502,1496,1489,1497,1501,1507,1507,1507,1505,1511,1503,1526,1568,1567,1566,1572,1564,1557,1558,1552,1547,1557,1562,1562,1536,1529,1529,1533,1516,1501,1508,1503,1498,1499,1503,1500,1496,1494,1462,1457,1462,1468,1468,1451,1432,1434,1436,1433,1426,1407,1395,1395,1384,1398,1399,1397,1392,1391,1388,1373,1369,1371,1376,1372,1387,1391,1410,1410,1403,1361,1356,1350,1345,1321
1500,1505,1490,1529,1530,1532,1528,1517,1523,1523,1516,1497,1502,1512,1501,1512,1504,1513,1506,1503,1477,1468,1475,1445,1444,1460,1478,1484,1472,1434,1434,1411,1390,1404,1395,1385,1385,1386,1392,1406,1420,1418,1436,1435,1437,1437,1433,1428,1434,1431,1434,1429,1409,1395,1411,1408,1413,1407,1406,1403,1404,1375,1400,1392,1391,1409,1409,1406,1410,1412,1436,1443,1442,1442,1449,1443,1415,1422,1422,1430,1424,1419,1379,1408,1408,1400,1399,1424,1414,1395,1385,1384,1397,1396,1396,1386,1380,1387,1388,1381,1371,1368,1349,1358,1362,1349,1343,1327,1329,1327,1332,1327,1321,1325,1320,1347,1380,1380,1368,1362,1368
1500,1494,1507,1499,1538,1558,1556,1554,1565,1562,1568,1564,1570,1573,1584,1585,1582,1599,1609,1605,1597,1588,1604,1600,1597,1583,1582,1577,1586,1575,1598,1623,1620,1611,1596,1595,1582,1582,1559,1560,1565,1562,1560,1560,1572,1579,1572,1572,1567,1569,1570,1571,1547,1552,1559,1559,1557,1553,1559,1550,1554,1549,1535,1539,1547,1545,1546,1565,1558,1558,1557,1574,1575,1582,1580,1582,1590,1587,1582,1578,1578,1566,1563,1563,1573,1580,1576,1574,1599,1626,1597,1601,1588,1593,1583,1586,1583,1584,1590,1624,1627,1626,1625,1627,1627,1624,1624,1624,1625,1623,1576,1575,1540,1541,1529,1543,1537,1580,1586,1585,1562
1500,1501,1485,1487,1489,1493,1492,1502,1537,1526,1527,1514,1478,1473,1478,1474,1469,1461,1461,1474,1451,1443,1444,1438,1431,1421,1422,1422,1423,1436,1436,1430,1446,1440,1433,1424,1431,1430,1430,1447,1452,1450,1460,1472,1472,1476,1482,1481,1501,1500,1498,1490,1483,1488,1484,1487,1487,1488,1490,1524,1552,1554,1558,1555,1567,1558,1577,1574,1546,1543,1548,1561,1559,1553,1555,1559,1552,1553,1536,1546,1552,1554,1572,1560,1558,1557,1605,1583,1571,1572,1569,1569,1576,1579,1601,1617,1624,1625,1621,1633,1630,1636,1636,1628,1625,1618,1617,1634,1633,1613,1612,1610,1605,1588,1564,1575,1563,1572,1590,1595,1594
1500,1499,1523,1524,1543,1520,1526,1524,1528,1531,1531,1531,1536,1587,1617,1630,1635,1625,1624,1621,1644,1645,1652,1641,1648,1656,1654,1649,1652,1649,1653,1651,1651,1658,1666,1675,1692,1703,1709,1722,1730,1729,1721,1731,1726,1714,1706,1705,1704,1712,1705,1695,1682,1667,1665,1665,1670,1675,1707,1686,1646,1629,1624,1663,1666,1666,1679,1695,1695,1709,1708,1715,1709,1710,1672,1659,1652,1658,1660,1660,1687,1680,1670,1671,1692,1692,1684,1684,1688,1696,1686,1711,1712,1694,1694,1704,1730,1720,1718,1681,1674,1664,1665,1657,1649,1644,1671,1660,1662,1662,1664,1666,1667,1679,1665,1652,1644,1643,1661,1721,1691
1500,1503,1497,1489,1485,1488,1477,1477,1469,1466,1463,1456,1456,1435,1440,1439,1443,1489,1472,1472,1470,1474,1488,1486,1479,1464,1506,1505,1489,1466,1526,1525,1530,1539,1546,1541,1543,1528,1564,1575,1575,1578,1566,1566,1563,1554,1553,1551,1554,1553,1557,1563,1551,1547,1546,1541,1493,1501,1497,1496,1509,1494,1506,1476,1465,1465,1440,1437,1427,1428,1428,1392,1374,1379,1379,1384,1400,1405,1431,1413,1418,1401,1396,1395,1470,1483,1478,1463,1448,1449,1451,1459,1453,1443,1442,1443,1446,1434,1434,1432,1438,1458,1453,1453,1442,1440,1432,1422,1422,1422,1412,1414,1417,1417,1417,1419,1416,1403,1426,1440,1438
1500,1518,1536,1532,1533,1531,1531,1535,1544,1553,1565,1581,1580,1577,1577,1588,1601,1594,1571,1575,1585,1587,1583,1581,1622,1622,1628,1636,1634,1628,1628,1736,1743,1736,1735,1730,1762,1759,1758,1708,1690,1684,1687,1689,1684,1685,1685,1685,1667,1663,1692,1678,1668,1665,1656,1680,1670,1677,1673,1674,1663,1664,1652,1647,1612,1606,1610,1607,1611,1606,1602,1608,1595,1593,1592,1595,1593,1599,1603,1618,1613,1599,1582,1599,1599,1588,1588,1574,1569,1551,1550,1544,1538,1538,1550,1556,1564,1563,1558,1558,1558,1555,1560,1555,1553,1548,1548,1553,1542,1546,1562,1561,1577,1578,1581,1580,1582,1586,1584,1594,1592
1500,1502,1494,1494,1497,1489,1484,1484,1478,1483,1481,1478,1481,1487,1487,1504,1499,1498,1494,1496,1499,1477,1479,1474,1471,1475,1468,1458,1458,1458,1465,1488,1512,1535,1537,1541,1531,1529,1541,1533,1529,1527,1526,1533,1507,1501,1487,1511,1546,1533,1512,1500,1504,1504,1498,1493,1490,1486,1479,1472,1473,1478,1475,1472,1485,1496,1499,1508,1510,1520,1516,1509,1506,1503,1503,1502,1510,1517,1535,1537,1532,1530,1530,1527,1531,1513,1533,1537,1538,1544,1539,1529,1536,1535,1543,1542,1536,1584,1589,1596,1592,1588,1590,1593,1591,1597,1603,1607,1610,1630,1608,1592,1591,1591,1606,1613,1605,1607,1594,1578,1580
1500,1499,1492,1475,1474,1469,1469,1471,1472,1478,1483,1485,1485,1481,1483,1487,1492,1503,1497,1499,1496,1501,1495,1491,1501,1507,1508,1506,1514,1518,1520,1520,1520,1530,1538,1539,1553,1547,1542,1543,1545,1552,1554,1554,1545,1547,1515,1501,1497,1498,1491,1479,1477,1474,1466,1466,1476,1473,1471,1480,1472,1472,1472,1472,1453,1445,1441,1467,1477,1506,1491,1490,1491,1501,1521,1537,1545,1564,1577,1581,1579,1590,1592,1599,1601,1630,1628,1679,1669,1672,1711,1713,1745,1764,1765,1758,1754,1751,1758,1760,1762,1772,1756,1768,1773,1782,1769,1768,1770,1775,1787,1777,1779,1743,1743,1759,1762,1777,1793,1805,1773
1500,1500,1513,1520,1512,1506,1502,1510,1469,1493,1553,1560,1560,1553,1571,1550,1512,1514,1500,1510,1527,1531,1536,1543,1518,1520,1520,1521,1508,1512,1501,1501,1488,1496,1498,1497,1503,1502,1536,1536,1525,1523,1528,1531,1535,1536,1537,1547,1543,1579,1579,1581,1577,1574,1577,1576,1579,1584,1582,1580,1568,1565,1552,1534,1539,1534,1531,1530,1517,1503,1511,1537,1500,1491,1491,1484,1481,1478,1479,1469,1477,1475,1473,1479,1477,1484,1498,1497,1503,1501,1497,1467,1483,1488,1485,1488,1482,1486,1493,1491,1489,1502,1510,1509,1509,1505,1517,1532,1514,1479,1470,1425,1427,1427,1442,1441,1473,1465,1464,1470,1451
1500,1500,1502,1510,1514,1518,1522,1538,1537,1523,1527,1530,1523,1518,1517,1513,1517,1519,1525,1515,1525,1520,1514,1558,1542,1551,1545,1560,1568,1574,1574,1568,1567,1567,1566,1561,1562,1573,1579,1592,1607,1591,1583,1577,1579,1584,1578,1574,1573,1550,1552,1547,1539,1535,1539,1545,1564,1566,1545,1558,1611,1729,1730,1732,1733,1736,1731,1722,1715,1713,1707,1703,1714,1696,1689,1673,1646,1643,1661,1645,1661,1652,1636,1633,1640,1639,1627,1641,1667,1651,1638,1646,1643,1634,1628,1630,1636,1641,1634,1631,1639,1648,1629,1624,1640,1661,1669,1685,1682,1671,1671,1674,1672,1685,1684,1675,1680,1672,1662,1657,1657
1500,1493,1490,1490,1463,1465,1460,1461,1455,1466,1463,1441,1441,1441,1441,1452,1460,1464,1462,1429,1433,1428,1422,1416,1420,1405,1404,1404,1387,1379,1377,1377,1377,1371,1359,1357,1350,1346,1342,1326,1336,1312,1312,1299,1314,1305,1304,1293,1312,1305,1310,1325,1324,1324,1336,1375,1375,1385,1378,1380,1354,1354,1351,1360,1365,1366,1358,1371,1371,1362,1347,1345,1392,1384,1388,1391,1390,1382,1361,1361,1363,1358,1333,1333,1332,1369,1364,1357,1364,1357,1356,1356,1330,1321,1301,1304,1309,1304,1297,1296,1309,1309,1297,1297,1290,1282,1284,1284,1276,1267,1216,1216,1216,1227,1248,1236,1230,1226,1207,1211,1203
1500,1500,1507,1499,1493,1491,1498,1453,1465,1458,1473,1472,1476,1472,1469,1478,1471,1479,1504,1529,1532,1556,1537,1534,1533,1539,1547,1586,1555,1555,1530,1518,1531,1514,1514,1527,1511,1495,1476,1475,1495,1497,1447,1448,1448,1447,1435,1438,1433,1425,1425,1427,1423,1424,1417,1417,1422,1422,1427,1442,1455,1456,1448,1458,1455,1454,1454,1453,1452,1463,1462,1462,1461,1455,1454,1455,1455,1453,1459,1465,1465,1478,1474,1466,1465,1467,1462,1467,1455,1455,1464,1468,1461,1459,1453,1453,1448,1449,1439,1439,1445,1467,1450,1450,1479,1467,1462,1454,1457,1459,1466,1472,1472,1465,1457,1403,1380,1396,1392,1392,1392
1500,1535,1549,1538,1533,1545,1551,1536,1544,1543,1529,1529,1539,1522,1519,1536,1504,1514,1527,1526,1528,1529,1518,1529,1550,1573,1559,1555,1551,1549,1552,1535,1526,1532,1502,1499,1503,1490,1494,1490,1490,1492,1472,1472,1487,1467,1465,1468,1474,1476,1482,1486,1478,1480,1482,1478,1470,1591,1591,1598,1597,1616,1623,1636,1621,1617,1609,1609,1603,1608,1563,1574,1573,1576,1578,1591,1596,1633,1642,1650,1651,1653,1653,1636,1645,1656,1651,1624,1636,1638,1624,1631,1636,1643,1642,1642,1630,1617,1617,1620,1622,1622,1622,1621,1637,1640,1652,1654,1655,1656,1642,1643,1635,1626,1628,1627,1623,1614,1614,1607,1592
1500,1503,1507,1538,1558,1558,1567,1577,1608,1611,1575,1575,1577,1580,1590,1580,1574,1574,1582,1565,1560,1552,1558,1560,1538,1531,1544,1520,1510,1514,1507,1517,1518,1525,1545,1551,1520,1516,1510,1515,1512,1509,1516,1541,1542,1523,1517,1513,1490,1477,1476,1490,1502,1508,1508,1515,1516,1522,1540,1541,1496,1501,1490,1482,1481,1468,1469,1475,1480,1490,1485,1462,1457,1464,1464,1462,1460,1468,1479,1471,1470,1470,1470,1481,1458,1453,1424,1449,1452,1443,1430,1422,1420,1419,1412,1410,1404,1405,1397,1392,1406,1403,1393,1389,1387,1388,1395,1395,1395,1397,1393,1397,1383,1370,1361,1362,1351,1348,1360,1371,1387
1500,1534,1538,1546,1546,1539,1549,1561,1547,1553,1555,1557,1657,1662,1651,1639,1626,1639,1765,1772,1772,1760,1761,1787,1787,1780,1767,1760,1770,1754,1757,1759,1762,1777,1780,1776,1768,1770,1774,1769,1770,1775,1762,1771,1783,1770,1766,1768,1766,1776,1781,1784,1781,1775,1775,1773,1775,1780,1783,1782,1782,1779,1776,1806,1820,1824,1820,1819,1812,1805,1803,1794,1791,1783,1796,1806,1791,1796,1771,1776,1762,1760,1713,1722,1714,1723,1740,1748,1710,1694,1729,1731,1743,1750,1750,1828,1810,1797,1803,1759,1751,1753,1740,1740,1721,1735,1717,1690,1689,1703,1706,1707,1701,1695,1701,1711,1710,1701,1683,1675,1670
1500,1499,1498,1510,1494,1475,1472,1462,1459,1457,1465,1465,1475,1474,1481,1486,1490,1490,1492,1483,1485,1472,1495,1531,1523,1519,1508,1527,1533,1534,1526,1522,1525,1523,1514,1515,1541,1529,1532,1507,1511,1513,1515,1483,1517,1531,1544,1540,1542,1554,1532,1538,1548,1536,1527,1532,1540,1526,1508,1513,1545,1565,1554,1553,1559,1560,1547,1525,1506,1507,1496,1489,1486,1491,1489,1488,1481,1486,1475,1479,1484,1469,1459,1454,1454,1454,1440,1451,1425,1428,1419,1420,1436,1427,1419,1452,1445,1446,1446,1449,1449,1439,1418,1416,1423,1422,1434,1426,1438,1438,1435,1404,1441,1459,1454,1462,1470,1460,1450,1450,1452
1500,1500,1488,1428,1424,1419,1429,1442,1379,1374,1369,1359,1357,1340,1346,1337,1410,1414,1410,1428,1427,1428,1438,1411,1411,1371,1363,1351,1356,1336,1336,1339,1340,1342,1351,1358,1362,1367,1365,1344,1336,1347,1345,1343,1379,1378,1371,1374,1374,1367,1394,1399,1392,1404,1401,1401,1400,1405,1405,1393,1389,1392,1391,1395,1401,1392,1389,1389,1381,1377,1374,1381,1390,1380,1374,1369,1358,1360,1356,1355,1355,1341,1354,1358,1342,1329,1326,1324,1329,1337,1349,1356,1348,1348,1353,1355,1345,1342,1342,1325,1358,1363,1367,1368,1368,1416,1417,1427,1422,1420,1420,1417,1418,1405,1401,1420,1419,1431,1422,1415,1418
1500,1519,1499,1496,1496,1491,1525,1523,1524,1559,1547,1519,1509,1507,1478,1424,1447,1441,1431,1436,1444,1445,1448,1448,1453,1451,1451,1448,1450,1467,1478,1475,1475,1465,1514,1519,1525,1527,1527,1505,1517,1523,1541,1542,1548,1554,1554,1552,1555,1552,1543,1544,1545,1540,1542,1539,1551,1558,1557,1567,1560,1562,1555,1548,1489,1502,1514,1507,1507,1480,1476,1480,1484,1489,1499,1532,1520,1516,1531,1504,1511,1513,1522,1559,1557,1558,1559,1553,1546,1525,1535,1544,1542,1535,1541,1538,1534,1532,1539,1528,1530,1523,1505,1506,1504,1495,1485,1478,1476,1478,1476,1476,1466,1464,1469,1473,1507,1516,1498,1510,1510
1500,1496,1499,1497,1501,1489,1472,1484,1477,1478,1477,1490,1463,1472,1472,1417,1399,1414,1413,1409,1401,1401,1398,1399,1389,1394,1415,1445,1405,1403,1400,1418,1418,1432,1437,1445,1450,1442,1450,1441,1450,1431,1431,1449,1443,1450,1461,1466,1454,1448,1462,1463,1461,1483,1537,1537,1528,1556,1551,1566,1573,1587,1600,1595,1594,1599,1612,1617,1603,1588,1606,1605,1617,1632,1628,1629,1666,1688,1677,1676,1665,1659,1659,1667,1668,1672,1676,1692,1682,1677,1673,1662,1657,1660,1653,1652,1684,1678,1661,1669,1667,1667,1658,1656,1653,1664,1674,1685,1693,1706,1718,1719,1755,1754,1758,1754,1751,1757,1767,1756,1745
1500,1491,1496,1514,1528,1511,1516,1526,1506,1498,1498,1495,1495,1481,1479,1471,1471,1487,1483,1490,1495,1491,1489,1492,1478,1478,1453,1453,1417,1417,1416,1404,1403,1405,1400,1419,1401,1401,1398,1383,1377,1359,1370,1347,1347,1349,1348,1344,1339,1333,1326,1317,1317,1329,1322,1305,1303,1272,1271,1271,1271,1321,1313,1323,1313,1313,1313,1309,1309,1308,1329,1327,1337,1337,1337,1361,1350,1351,1347,1374,1367,1364,1356,1346,1339,1342,1358,1347,1336,1336,1334,1333,1332,1332,1331,1331,1325,1310,1312,1310,1308,1306,1306,1309,1295,1295,1293,1294,1286,1289,1336,1341,1336,1336,1333,1328,1341,1333,1330,1330,1335
1500,1509,1499,1509,1490,1509,1518,1518,1519,1516,1518,1485,1498,1484,1491,1498,1498,1498,1491,1490,1484,1486,1491,1500,1510,1508,1520,1508,1498,1512,1513,1523,1529,1533,1566,1569,1572,1561,1560,1553,1570,1594,1595,1596,1619,1633,1641,1634,1632,1636,1650,1648,1645,1632,1630,1632,1653,1637,1644,1624,1625,1628,1638,1644,1630,1645,1664,1648,1658,1652,1677,1670,1704,1711,1709,1706,1700,1685,1664,1664,1648,1662,1646,1600,1603,1608,1590,1575,1588,1585,1607,1603,1627,1599,1597,1584,1582,1582,1586,1587,1564,1563,1545,1548,1549,1543,1553,1564,1566,1555,1549,1542,1522,1505,1501,1496,1505,1543,1540,1560,1560
1500,1486,1482,1467,1451,1458,1464,1454,1454,1451,1465,1454,1456,1456,1456,1446,1447,1442,1426,1418,1423,1428,1424,1422,1410,1404,1401,1413,1416,1469,1439,1424,1426,1423,1428,1428,1427,1437,1442,1437,1437,1439,1444,1460,1446,1459,1454,1484,1476,1470,1470,1461,1455,1451,1451,1458,1448,1417,1413,1413,1405,1410,1408,1411,1420,1424,1444,1444,1441,1444,1441,1450,1454,1449,1415,1415,1410,1410,1410,1407,1400,1397,1403,1401,1411,1407,1424,1424,1421,1426,1425,1428,1425,1425,1449,1461,1464,1464,1470,1469,1473,1468,1466,1443,1444,1481,1474,1489,1489,1496,1473,1463,1463,1463,1453,1465,1441,1443,1413,1413,1424
1500,1506,1546,1564,1543,1541,1549,1548,1554,1547,1549,1547,1547,1558,1557,1576,1589,1605,1615,1610,1630,1622,1605,1618,1623,1622,1665,1665,1665,1685,1736,1726,1730,1729,1735,1740,1735,1727,1718,1726,1722,1688,1707,1715,1745,1742,1755,1765,1766,1758,1762,1761,1762,1763,1738,1740,1741,1743,1768,1746,1743,1727,1734,1732,1731,1736,1746,1727,1714,1704,1677,1689,1688,1704,1704,1695,1672,1665,1704,1702,1707,1716,1729,1736,1712,1700,1702,1691,1685,1679,1684,1679,1693,1680,1683,1670,1666,1664,1665,1659,1667,1686,1677,1687,1699,1709,1731,1736,1746,1759,1766,1766,1762,1767,1741,1750,1753,1752,1742,1743,1757
1500,1503,1503,1491,1499,1500,1505,1500,1525,1519,1510,1518,1509,1515,1517,1518,1508,1515,1505,1512,1460,1462,1470,1474,1467,1420,1467,1475,1477,1472,1476,1478,1476,1467,1464,1456,1456,1464,1472,1470,1449,1422,1406,1368,1365,1364,1386,1385,1385,1390,1370,1371,1367,1382,1370,1376,1374,1378,1364,1363,1386,1387,1376,1369,1368,1364,1364,1364,1368,1368,1364,1359,1363,1355,1361,1359,1379,1362,1361,1360,1363,1350,1359,1360,1345,1341,1335,1326,1323,1327,1312,1306,1306,1304,1304,1304,1301,1306,1310,1315,1310,1302,1341,1334,1282,1297,1304,1304,1294,1296,1301,1297,1289,1289,1289,1282,1282,1276,1321,1345,1355
1500,1489,1479,1480,1530,1534,1534,1533,1533,1576,1576,1580,1582,1580,1566,1584,1577,1576,1516,1540,1537,1538,1538,1538,1536,1530,1538,1538,1557,1566,1564,1581,1584,1578,1561,1550,1560,1543,1539,1548,1559,1565,1568,1569,1572,1572,1573,1564,1557,1568,1568,1576,1568,1571,1560,1537,1541,1535,1526,1512,1493,1487,1487,1487,1489,1493,1500,1504,1504,1509,1503,1512,1500,1503,1509,1514,1488,1485,1495,1494,1497,1510,1507,1551,1551,1571,1576,1550,1550,1541,1541,1543,1544,1537,1537,1504,1502,1508,1503,1500,1509,1519,1497,1511,1501,1536,1535,1531,1523,1502,1514,1539,1537,1545,1545,1541,1551,1549,1553,1554,1569
1500,1518,1542,1526,1535,1533,1533,1531,1534,1589,1584,1584,1582,1580,1566,1562,1564,1614,1595,1598,1598,1579,1583,1581,1581,1565,1567,1564,1560,1565,1567,1605,1599,1591,1577,1558,1558,1550,1545,1543,1561,1574,1587,1583,1585,1595,1590,1610,1647,1653,1654,1649,1593,1593,1595,1605,1606,1619,1631,1640,1640,1658,1657,1663,1673,1704,1708,1695,1704,1699,1704,1717,1718,1710,1697,1686,1693,1680,1695,1692,1676,1666,1662,1670,1644,1649,1663,1668,1666,1667,1649,1640,1633,1631,1640,1644,1636,1634,1671,1670,1656,1651,1645,1651,1651,1650,1641,1639,1644,1641,1654,1673,1659,1657,1657,1664,1660,1640,1641,1641,1633
1500,1497,1485,1489,1488,1480,1466,1476,1471,1495,1476,1475,1477,1477,1490,1482,1482,1505,1484,1484,1447,1464,1482,1477,1458,1456,1413,1416,1416,1417,1416,1426,1430,1437,1440,1439,1452,1459,1459,1467,1480,1482,1490,1486,1499,1508,1509,1507,1521,1546,1545,1560,1558,1553,1549,1555,1569,1580,1613,1615,1613,1623,1637,1655,1665,1663,1662,1661,1659,1651,1637,1636,1620,1613,1611,1613,1610,1595,1630,1632,1616,1641,1649,1654,1649,1652,1653,1652,1651,1651,1668,1671,1680,1642,1658,1664,1639,1674,1674,1672,1675,1695,1706,1715,1692,1659,1643,1638,1638,1641,1640,1610,1618,1623,1615,1614,1629,1630,1629,1629,1636
1500,1498,1503,1494,1488,1515,1528,1524,1509,1505,1513,1504,1505,1505,1487,1487,1489,1488,1521,1516,1512,1511,1497,1495,1496,1494,1495,1497,1502,1534,1542,1512,1525,1514,1510,1494,1502,1513,1521,1521,1509,1511,1512,1519,1489,1487,1495,1495,1499,1507,1495,1493,1461,1467,1467,1445,1444,1439,1431,1433,1429,1434,1431,1432,1426,1418,1420,1409,1402,1402,1402,1399,1392,1390,1412,1418,1405,1393,1402,1395,1379,1350,1322,1323,1323,1307,1314,1315,1312,1312,1310,1312,1319,1316,1316,1296,1272,1273,1266,1255,1257,1258,1259,1261,1256,1278,1278,1272,1264,1259,1258,1245,1227,1227,1227,1225,1225,1225,1225,1243,1243
1500,1499,1493,1481,1478,1488,1497,1500,1498,1485,1486,1493,1501,1488,1502,1514,1521,1531,1523,1529,1533,1527,1520,1524,1514,1548,1562,1559,1526,1530,1514,1526,1535,1533,1509,1516,1527,1511,1511,1486,1492,1492,1486,1501,1505,1519,1519,1527,1519,1496,1489,1489,1491,1492,1492,1532,1528,1516,1514,1520,1510,1495,1493,1493,1503,1502,1499,1501,1511,1510,1500,1494,1493,1519,1519,1514,1533,1543,1548,1533,1521,1492,1492,1489,1493,1497,1482,1469,1471,1468,1467,1470,1489,1501,1461,1447,1459,1462,1459,1472,1469,1472,1467,1473,1480,1480,1480,1468,1463,1470,1464,1453,1441,1440,1409,1419,1442,1431,1431,1432,1453
1500,1490,1487,1487,1479,1476,1494,1517,1504,1506,1507,1508,1500,1501,1526,1531,1498,1493,1503,1490,1477,1488,1484,1490,1488,1504,1498,1473,1468,1439,1437,1465,1460,1466,1469,1454,1453,1462,1450,1454,1454,1503,1507,1508,1485,1489,1483,1489,1493,1481,1466,1488,1461,1467,1493,1489,1487,1477,1476,1478,1479,1483,1473,1483,1485,1487,1476,1488,1495,1504,1480,1477,1483,1483,1509,1504,1502,1507,1493,1505,1501,1497,1521,1530,1532,1526,1544,1520,1512,1513,1518,1508,1515,1518,1512,1522,1522,1515,1530,1513,1511,1510,1518,1511,1510,1494,1480,1487,1484,1480,1480,1476,1487,1498,1511,1514,1527,1527,1526,1519,1512
1500,1503,1494,1492,1504,1511,1512,1506,1495,1493,1514,1506,1490,1496,1501,1477,1459,1461,1473,1482,1476,1481,1476,1478,1484,1475,1472,1497,1507,1503,1528,1530,1548,1547,1534,1538,1539,1546,1548,1569,1560,1562,1581,1574,1581,1576,1576,1580,1583,1601,1639,1636,1643,1639,1648,1665,1676,1666,1657,1657,1663,1688,1687,1653,1646,1646,1645,1654,1649,1639,1663,1678,1667,1659,1669,1677,1670,1666,1669,1697,1694,1690,1693,1679,1679,1682,1675,1690,1647,1617,1620,1630,1628,1637,1615,1607,1608,1614,1608,1600,1610,1598,1574,1596,1602,1601,1590,1576,1568,1585,1577,1591,1580,1579,1573,1566,1547,1553,1534,1532,1563
1500,1508,1514,1530,1531,1529,1518,1519,1522,1537,1533,1546,1555,1535,1541,1539,1544,1540,1535,1535,1529,1513,1504,1499,1500,1477,1478,1478,1458,1448,1439,1449,1475,1479,1477,1457,1449,1448,1446,1441,1441,1441,1433,1432,1448,1448,1442,1452,1448,1540,1525,1508,1518,1524,1530,1500,1506,1498,1497,1494,1491,1481,1475,1469,1464,1464,1458,1447,1447,1443,1452,1463,1436,1430,1429,1440,1426,1430,1430,1427,1435,1493,1491,1500,1504,1520,1524,1514,1509,1505,1514,1512,1525,1535,1532,1549,1542,1554,1538,1537,1537,1529,1513,1505,1472,1483,1492,1489,1495,1496,1494,1486,1486,1491,1491,1497,1486,1486,1484,1485,1483
1500,1512,1518,1539,1533,1545,1573,1575,1572,1578,1587,1608,1602,1584,1577,1604,1636,1628,1604,1614,1625,1623,1599,1607,1583,1591,1594,1600,1597,1607,1567,1600,1592,1589,1599,1613,1649,1646,1641,1641,1633,1631,1643,1640,1651,1643,1636,1633,1638,1639,1635,1639,1641,1635,1621,1617,1626,1681,1674,1675,1696,1693,1694,1693,1698,1697,1710,1709,1684,1686,1684,1686,1694,1694,1689,1686,1694,1708,1701,1659,1668,1664,1667,1667,1673,1695,1698,1715,1711,1717,1719,1718,1703,1684,1683,1665,1654,1664,1669,1669,1669,1665,1665,1683,1682,1669,1694,1693,1657,1662,1632,1636,1640,1631,1619,1616,1625,1628,1624,1637,1653
1500,1485,1457,1492,1507,1491,1496,1500,1512,1517,1519,1519,1529,1587,1540,1535,1528,1529,1525,1545,1547,1554,1572,1573,1573,1566,1563,1564,1567,1567,1551,1558,1565,1565,1558,1567,1547,1550,1546,1543,1543,1557,1556,1563,1555,1552,1560,1561,1561,1559,1559,1591,1602,1617,1617,1603,1607,1617,1601,1610,1597,1596,1596,1585,1584,1584,1594,1598,1613,1609,1609,1615,1611,1609,1604,1608,1620,1626,1623,1622,1614,1609,1603,1600,1614,1619,1630,1630,1626,1633,1632,1640,1632,1636,1654,1654,1615,1615,1568,1563,1561,1544,1565,1574,1552,1542,1539,1536,1554,1572,1572,1578,1696,1708,1719,1710,1727,1778,1793,1790,1793
1500,1493,1498,1490,1485,1498,1519,1507,1513,1515,1515,1507,1477,1493,1489,1461,1468,1468,1486,1485,1489,1482,1479,1479,1492,1494,1490,1487,1486,1595,1584,1581,1570,1573,1572,1560,1561,1589,1609,1602,1586,1585,1578,1568,1551,1554,1559,1557,1565,1560,1551,1551,1581,1578,1563,1568,1576,1578,1589,1591,1581,1571,1570,1555,1560,1554,1555,1555,1555,1563,1557,1556,1571,1551,1549,1549,1543,1535,1530,1524,1520,1505,1509,1519,1526,1523,1473,1484,1492,1491,1494,1496,1495,1501,1513,1493,1479,1484,1455,1442,1443,1455,1394,1394,1391,1393,1396,1391,1397,1428,1425,1419,1407,1455,1471,1464,1454,1447,1447,1434,1432
1500,1493,1503,1515,1515,1510,1501,1509,1487,1467,1473,1471,1479,1459,1454,1449,1456,1458,1452,1466,1468,1473,1477,1468,1461,1458,1514,1517,1517,1517,1502,1500,1496,1498,1491,1490,1497,1454,1454,1448,1453,1451,1451,1456,1456,1453,1423,1425,1423,1415,1418,1400,1400,1395,1371,1394,1385,1394,1384,1370,1366,1358,1330,1338,1333,1327,1320,1321,1336,1334,1375,1412,1380,1380,1385,1373,1360,1352,1357,1346,1346,1331,1331,1349,1363,1360,1349,1336,1334,1344,1337,1327,1323,1306,1306,1303,1298,1293,1302,1296,1309,1310,1295,1295,1301,1301,1298,1324,1327,1324,1322,1319,1309,1310,1307,1303,1303,1282,1275,1284,1284
1500,1502,1509,1514,1528,1526,1527,1562,1578,1559,1556,1561,1553,1557,1550,1555,1517,1513,1513,1512,1522,1525,1530,1527,1551,1546,1552,1539,1536,1544,1550,1551,1545,1542,1551,1552,1554,1554,1554,1548,1558,1561,1569,1558,1560,1562,1585,1572,1568,1560,1550,1542,1552,1542,1536,1538,1554,1540,1564,1536,1546,1554,1562,1551,1555,1553,1553,1563,1568,1573,1577,1577,1594,1580,1578,1570,1562,1573,1569,1562,1537,1535,1532,1544,1535,1540,1540,1528,1526,1544,1531,1533,1538,1533,1532,1591,1593,1605,1605,1604,1620,1613,1609,1607,1607,1604,1604,1563,1561,1536,1556,1547,1537,1532,1544,1556,1558,1547,1550,1553,1517
1500,1479,1473,1479,1494,1499,1503,1507,1523,1524,1516,1520,1523,1517,1515,1511,1500,1502,1497,1495,1465,1468,1450,1465,1470,1469,1474,1474,1471,1471,1447,1454,1432,1425,1429,1429,1428,1433,1430,1427,1424,1442,1443,1443,1441,1431,1426,1433,1427,1426,1410,1399,1485,1491,1474,1459,1462,1467,1470,1484,1490,1493,1491,1484,1478,1484,1473,1477,1477,1468,1468,1434,1434,1434,1428,1423,1421,1418,1430,1421,1410,1396,1381,1382,1354,1323,1321,1305,1311,1312,1312,1312,1311,1347,1354,1352,1351,1337,1345,1381,1385,1388,1375,1366,1349,1329,1306,1293,1286,1284,1282,1285,1280,1278,1274,1274,1285,1282,1283,1287,1303
1500,1486,1494,1483,1493,1505,1502,1497,1494,1488,1491,1495,1510,1497,1495,1523,1518,1526,1525,1512,1537,1541,1546,1541,1552,1552,1545,1553,1545,1582,1583,1584,1586,1582,1597,1592,1585,1586,1591,1592,1592,1573,1550,1549,1541,1541,1540,1540,1517,1524,1529,1536,1527,1523,1528,1529,1537,1536,1534,1534,1521,1502,1500,1494,1499,1491,1491,1488,1481,1490,1520,1522,1517,1504,1496,1493,1490,1456,1463,1468,1462,1470,1471,1452,1443,1440,1440,1422,1422,1425,1437,1453,1445,1475,1469,1477,1479,1482,1482,1482,1493,1495,1508,1503,1500,1497,1501,1489,1492,1489,1523,1520,1522,1543,1541,1548,1554,1557,1554,1560,1559
1500,1540,1552,1525,1532,1520,1520,1474,1473,1472,1472,1476,1477,1465,1468,1469,1468,1476,1480,1479,1469,1471,1460,1467,1467,1469,1459,1468,1475,1470,1477,1476,1481,1478,1480,1490,1494,1476,1481,1502,1502,1502,1498,1506,1481,1479,1479,1472,1469,1468,1468,1474,1466,1463,1487,1484,1506,1503,1500,1513,1517,1509,1518,1516,1521,1505,1498,1527,1516,1527,1545,1508,1508,1516,1522,1540,1541,1537,1555,1559,1564,1574,1574,1562,1552,1554,1564,1574,1613,1615,1610,1626,1618,1609,1593,1590,1596,1587,1586,1573,1569,1580,1580,1594,1595,1600,1595,1596,1610,1595,1604,1604,1589,1585,1616,1659,1662,1660,1670,1684,1674
1500,1520,1518,1506,1501,1508,1501,1507,1514,1509,1520,1529,1533,1530,1555,1522,1481,1493,1490,1476,1476,1487,1486,1483,1480,1481,1488,1490,1498,1553,1598,1599,1599,1549,1563,1568,1567,1571,1577,1572,1586,1562,1551,1550,1537,1536,1530,1522,1521,1539,1543,1536,1546,1544,1551,1568,1567,1562,1541,1537,1522,1522,1548,1550,1548,1544,1548,1550,1542,1549,1549,1549,1545,1542,1550,1561,1565,1567,1587,1590,1610,1625,1621,1630,1640,1639,1639,1631,1621,1613,1638,1641,1631,1631,1627,1605,1605,1613,1636,1633,1631,1631,1651,1643,1646,1646,1661,1681,1678,1649,1640,1636,1634,1633,1633,1645,1647,1645,1656,1658,1667
1500,1496,1494,1487,1490,1484,1468,1468,1409,1409,1409,1407,1428,1435,1429,1553,1550,1540,1545,1543,1543,1544,1552,1575,1526,1536,1506,1478,1469,1469,1475,1477,1473,1472,1470,1477,1457,1447,1445,1455,1452,1458,1445,1448,1458,1455,1451,1450,1470,1473,1453,1463,1465,1475,1463,1469,1471,1471,1474,1478,1485,1487,1487,1484,1487,1500,1500,1492,1475,1482,1480,1469,1474,1470,1470,1470,1465,1451,1455,1450,1446,1437,1427,1431,1428,1436,1443,1470,1493,1460,1460,1468,1459,1452,1461,1502,1517,1524,1519,1525,1535,1535,1539,1534,1540,1538,1543,1539,1543,1546,1572,1576,1579,1577,1586,1586,1584,1595,1607,1598,1609
1500,1499,1508,1514,1547,1550,1563,1555,1593,1586,1582,1583,1573,1584,1583,1591,1586,1590,1586,1593,1598,1609,1626,1629,1628,1621,1656,1639,1635,1639,1657,1656,1626,1607,1608,1606,1604,1598,1597,1610,1616,1621,1629,1630,1632,1637,1632,1653,1667,1676,1666,1664,1646,1665,1665,1669,1668,1673,1683,1710,1700,1731,1739,1749,1739,1728,1699,1724,1731,1708,1722,1752,1750,1762,1771,1786,1773,1761,1768,1776,1756,1748,1716,1720,1720,1716,1721,1711,1700,1697,1704,1707,1735,1724,1750,1760,1780,1777,1773,1791,1792,1784,1765,1776,1776,1775,1764,1768,1771,1805,1809,1831,1820,1829,1828,1823,1834,1860,1854,1854,1870
1500,1490,1524,1529,1524,1524,1521,1517,1516,1519,1508,1554,1561,1558,1572,1560,1586,1574,1578,1566,1566,1582,1582,1575,1565,1558,1561,1526,1530,1512,1517,1515,1522,1520,1520,1520,1526,1522,1524,1507,1484,1491,1496,1494,1497,1493,1488,1496,1488,1481,1476,1469,1500,1500,1487,1493,1501,1501,1487,1497,1486,1486,1482,1480,1485,1487,1460,1456,1454,1446,1446,1432,1426,1414,1421,1422,1422,1408,1422,1422,1427,1440,1426,1423,1419,1438,1474,1468,1463,1468,1464,1462,1446,1460,1455,1462,1461,1439,1442,1442,1449,1448,1447,1448,1445,1436,1434,1435,1432,1447,1447,1451,1456,1451,1448,1448,1440,1454,1458,1455,1457
1500,1502,1506,1507,1494,1499,1494,1490,1495,1506,1506,1506,1507,1483,1483,1496,1496,1490,1507,1532,1532,1536,1559,1561,1563,1577,1585,1583,1589,1578,1571,1573,1570,1580,1583,1579,1617,1613,1616,1623,1626,1637,1650,1646,1648,1638,1647,1649,1664,1641,1623,1627,1610,1617,1623,1617,1616,1608,1594,1578,1585,1552,1558,1543,1521,1523,1523,1527,1520,1517,1515,1512,1510,1517,1509,1518,1510,1503,1499,1470,1454,1465,1469,1461,1456,1457,1463,1467,1467,1464,1470,1472,1473,1473,1456,1451,1447,1388,1386,1386,1382,1382,1380,1385,1384,1382,1375,1375,1383,1396,1376,1376,1376,1376,1365,1348,1359,1356,1347,1355,1330
1500,1486,1498,1492,1490,1503,1498,1504,1498,1492,1488,1488,1488,1484,1474,1475,1474,1488,1484,1484,1498,1522,1538,1547,1545,1551,1555,1566,1565,1590,1589,1589,1597,1606,1614,1606,1608,1604,1603,1606,1634,1647,1651,1647,1658,1662,1671,1674,1674,1666,1684,1661,1657,1664,1673,1676,1664,1706,1713,1685,1677,1673,1666,1666,1667,1669,1666,1706,1706,1704,1706,1710,1708,1696,1683,1677,1672,1678,1716,1714,1716,1688,1718,1724,1720,1723,1731,1748,1748,1740,1741,1736,1746,1740,1771,1770,1789,1789,1787,1793,1794,1790,1800,1805,1813,1818,1821,1836,1823,1850,1849,1852,1839,1850,1866,1866,1865,1864,1850,1855,1853
1500,1490,1482,1481,1476,1473,1468,1449,1483,1471,1491,1501,1544,1535,1535,1535,1536,1540,1540,1538,1540,1539,1557,1551,1543,1542,1540,1535,1580,1593,1586,1614,1592,1583,1554,1556,1556,1557,1546,1546,1548,1542,1537,1534,1539,1535,1532,1526,1513,1479,1507,1509,1511,1491,1483,1473,1473,1475,1475,1479,1476,1480,1464,1472,1480,1490,1484,1486,1484,1485,1469,1476,1476,1473,1483,1493,1483,1489,1526,1527,1539,1522,1525,1552,1571,1562,1561,1555,1557,1574,1578,1556,1548,1543,1542,1543,1579,1585,1585,1586,1589,1583,1580,1574,1618,1612,1604,1599,1612,1614,1609,1601,1638,1627,1613,1575,1586,1581,1579,1592,1573
1500,1500,1500,1506,1505,1505,1504,1502,1481,1476,1476,1474,1478,1565,1562,1565,1556,1546,1544,1537,1530,1539,1520,1520,1525,1528,1526,1536,1526,1530,1538,1532,1586,1581,1580,1578,1598,1545,1548,1557,1563,1541,1547,1561,1561,1587,1579,1583,1571,1560,1561,1554,1550,1524,1529,1520,1513,1516,1516,1530,1524,1527,1513,1506,1518,1494,1499,1491,1483,1477,1470,1451,1446,1434,1436,1383,1369,1394,1394,1374,1386,1388,1388,1391,1387,1386,1399,1393,1391,1396,1402,1444,1443,1418,1418,1415,1408,1392,1403,1401,1397,1408,1398,1397,1386,1384,1387,1387,1420,1428,1434,1434,1448,1454,1452,1451,1461,1467,1468,1460,1491
1500,1514,1543,1553,1550,1551,1513,1472,1481,1479,1506,1505,1494,1499,1511,1504,1486,1478,1470,1469,1460,1455,1477,1470,1473,1472,1478,1482,1480,1446,1429,1421,1412,1401,1396,1391,1392,1393,1397,1389,1389,1395,1392,1401,1413,1407,1407,1405,1358,1363,1366,1404,1399,1395,1395,1394,1346,1339,1357,1354,1339,1339,1349,1349,1344,1343,1343,1342,1339,1335,1365,1369,1372,1387,1383,1383,1381,1373,1401,1403,1384,1387,1402,1401,1385,1392,1407,1408,1407,1405,1403,1409,1426,1420,1427,1433,1432,1440,1444,1446,1440,1465,1445,1450,1434,1428,1442,1445,1386,1400,1400,1382,1381,1402,1404,1397,1397,1401,1397,1419,1405
1500,1489,1476,1484,1493,1490,1467,1474,1541,1542,1546,1554,1557,1556,1563,1556,1551,1545,1543,1561,1562,1568,1549,1551,1560,1548,1539,1558,1555,1561,1565,1579,1578,1571,1595,1581,1578,1601,1618,1639,1639,1638,1632,1626,1626,1592,1597,1578,1590,1556,1558,1564,1553,1579,1583,1571,1577,1583,1582,1587,1587,1575,1575,1578,1570,1589,1586,1626,1627,1616,1605,1602,1600,1594,1576,1538,1499,1500,1507,1512,1513,1520,1519,1513,1510,1484,1511,1501,1479,1470,1448,1455,1458,1455,1467,1474,1473,1487,1511,1513,1510,1513,1519,1529,1528,1531,1520,1521,1518,1527,1516,1539,1539,1536,1549,1576,1571,1580,1624,1630,1629
1500,1510,1512,1515,1514,1509,1500,1507,1510,1500,1500,1455,1458,1455,1452,1440,1439,1436,1456,1450,1450,1437,1430,1428,1439,1438,1437,1415,1407,1402,1395,1381,1377,1376,1374,1380,1384,1389,1390,1372,1378,1385,1385,1380,1360,1373,1373,1388,1386,1402,1399,1402,1376,1381,1380,1383,1382,1375,1365,1355,1333,1354,1354,1352,1348,1348,1358,1364,1362,1361,1359,1372,1377,1375,1368,1350,1338,1322,1325,1323,1333,1317,1316,1312,1309,1294,1281,1278,1262,1259,1259,1258,1243,1242,1243,1243,1247,1252,1259,1257,1257,1269,1260,1259,1264,1268,1218,1238,1235,1237,1236,1268,1275,1285,1284,1284,1281,1282,1268,1273,1284
1500,1488,1484,1491,1492,1508,1520,1490,1494,1488,1483,1483,1479,1494,1489,1494,1505,1504,1511,1506,1494,1481,1465,1462,1464,1463,1463,1468,1467,1467,1462,1468,1439,1429,1439,1453,1448,1446,1439,1443,1433,1430,1425,1425,1425,1431,1434,1434,1425,1418,1422,1427,1426,1415,1415,1402,1394,1398,1409,1404,1391,1425,1436,1442,1445,1440,1437,1431,1442,1435,1414,1424,1448,1441,1443,1445,1448,1449,1450,1453,1458,1445,1447,1443,1444,1444,1438,1458,1446,1440,1440,1483,1493,1484,1472,1454,1456,1455,1450,1458,1479,1478,1481,1481,1464,1451,1444,1451,1467,1451,1459,1459,1483,1472,1467,1464,1464,1458,1463,1471,1464
1500,1495,1494,1487,1465,1438,1436,1453,1436,1436,1438,1448,1433,1426,1414,1401,1399,1407,1404,1403,1400,1389,1375,1383,1379,1391,1391,1371,1369,1367,1370,1371,1426,1442,1450,1447,1458,1464,1463,1448,1451,1455,1465,1464,1464,1464,1472,1467,1462,1468,1463,1459,1462,1462,1447,1460,1497,1489,1493,1497,1498,1496,1484,1483,1485,1493,1492,1492,1504,1493,1491,1511,1516,1476,1472,1479,1467,1437,1443,1431,1395,1395,1391,1384,1390,1386,1399,1407,1419,1413,1406,1406,1420,1422,1421,1418,1414,1429,1431,1428,1430,1432,1426,1417,1420,1415,1422,1423,1428,1417,1411,1398,1394,1393,1403,1396,1396,1395,1391,1399,1384
1500,1493,1491,1540,1540,1526,1525,1531,1499,1499,1496,1504,1522,1522,1515,1528,1529,1526,1522,1483,1477,1481,1462,1463,1462,1461,1466,1444,1442,1422,1435,1435,1436,1436,1436,1434,1440,1447,1446,1429,1424,1422,1406,1430,1432,1411,1403,1403,1382,1386,1384,1381,1381,1401,1400,1397,1390,1388,1390,1390,1402,1400,1413,1418,1442,1438,1433,1429,1420,1430,1426,1429,1433,1381,1381,1382,1375,1373,1374,1375,1379,1405,1402,1395,1393,1386,1395,1404,1405,1398,1391,1396,1387,1390,1398,1410,1424,1396,1406,1412,1395,1394,1398,1398,1398,1406,1406,1406,1401,1398,1450,1457,1451,1445,1450,1448,1468,1453,1440,1441,1439
1500,1503,1511,1493,1485,1524,1504,1499,1497,1505,1478,1479,1476,1487,1492,1483,1484,1488,1489,1492,1490,1487,1508,1512,1491,1500,1498,1497,1494,1501,1502,1522,1536,1529,1546,1537,1524,1523,1512,1506,1494,1498,1508,1518,1532,1547,1546,1548,1532,1534,1519,1527,1536,1545,1545,1538,1543,1550,1547,1550,1560,1552,1562,1508,1513,1573,1577,1578,1578,1587,1563,1547,1521,1519,1473,1475,1473,1473,1473,1458,1438,1436,1443,1437,1394,1392,1392,1384,1384,1381,1376,1376,1376,1393,1386,1404,1427,1440,1435,1421,1423,1420,1424,1423,1404,1401,1411,1407,1401,1398,1404,1400,1396,1393,1390,1392,1396,1406,1401,1437,1435
1500,1505,1499,1493,1452,1454,1465,1461,1456,1438,1444,1442,1422,1421,1405,1409,1437,1426,1426,1543,1543,1547,1527,1540,1542,1533,1536,1537,1519,1520,1512,1497,1492,1490,1486,1493,1494,1490,1497,1487,1471,1456,1451,1458,1446,1476,1474,1471,1464,1458,1469,1469,1485,1482,1481,1476,1495,1499,1494,1490,1487,1483,1488,1482,1473,1474,1474,1476,1472,1475,1520,1517,1508,1527,1522,1533,1537,1539,1539,1540,1544,1522,1530,1569,1583,1580,1544,1544,1551,1554,1554,1563,1562,1499,1495,1492,1497,1486,1494,1508,1509,1516,1522,1518,1513,1519,1534,1534,1548,1562,1552,1552,1552,1543,1545,1540,1550,1540,1557,1557,1556
1500,1499,1501,1489,1487,1485,1478,1485,1483,1488,1473,1451,1433,1427,1428,1419,1421,1414,1421,1421,1392,1384,1390,1386,1388,1385,1365,1372,1374,1363,1349,1353,1350,1332,1331,1333,1337,1343,1351,1349,1329,1322,1307,1305,1305,1298,1298,1289,1289,1289,1277,1272,1272,1272,1269,1286,1308,1323,1318,1287,1288,1270,1267,1272,1266,1266,1266,1265,1254,1251,1258,1256,1253,1253,1250,1250,1269,1266,1272,1271,1271,1275,1275,1275,1286,1309,1308,1314,1319,1313,1302,1305,1290,1297,1299,1299,1294,1285,1294,1293,1290,1270,1276,1286,1280,1283,1287,1281,1286,1270,1279,1287,1284,1295,1291,1299,1304,1314,1315,1313,1295
1500,1494,1490,1502,1516,1518,1520,1518,1508,1498,1502,1500,1496,1495,1486,1483,1472,1464,1466,1474,1488,1474,1471,1454,1436,1437,1434,1419,1419,1413,1408,1411,1411,1411,1400,1410,1405,1402,1394,1376,1376,1375,1373,1397,1402,1411,1419,1417,1422,1449,1431,1421,1425,1429,1423,1437,1431,1422,1426,1404,1368,1386,1382,1385,1386,1390,1391,1385,1385,1384,1384,1388,1388,1379,1381,1373,1374,1374,1373,1363,1358,1354,1367,1370,1370,1362,1362,1363,1383,1392,1356,1353,1371,1384,1392,1387,1387,1384,1381,1392,1381,1380,1360,1380,1374,1375,1378,1396,1389,1390,1383,1360,1361,1364,1364,1359,1358,1368,1370,1386,1382
1500,1517,1533,1542,1546,1525,1532,1532,1540,1532,1522,1522,1522,1520,1523,1517,1524,1523,1517,1531,1561,1526,1523,1484,1492,1530,1529,1504,1496,1506,1554,1562,1563,1564,1578,1568,1574,1582,1579,1587,1588,1578,1585,1592,1606,1613,1613,1608,1622,1629,1642,1636,1641,1637,1632,1641,1621,1596,1590,1571,1577,1579,1573,1571,1572,1581,1588,1597,1625,1620,1618,1627,1643,1635,1628,1612,1593,1587,1592,1601,1609,1608,1625,1635,1635,1640,1639,1634,1644,1644,1643,1643,1636,1661,1672,1666,1668,1683,1671,1672,1695,1695,1689,1686,1710,1710,1703,1711,1746,1746,1748,1740,1749,1768,1755,1753,1720,1724,1732,1743,1758
1500,1506,1492,1492,1483,1509,1494,1497,1501,1492,1472,1465,1465,1466,1460,1456,1452,1442,1429,1436,1451,1454,1456,1461,1458,1440,1440,1424,1400,1391,1399,1381,1384,1380,1380,1380,1372,1374,1375,1354,1359,1352,1355,1354,1351,1356,1324,1323,1321,1328,1326,1332,1339,1338,1338,1343,1343,1343,1345,1349,1352,1350,1360,1377,1364,1366,1361,1371,1387,1394,1404,1400,1399,1423,1428,1439,1425,1424,1432,1433,1434,1443,1443,1451,1474,1477,1484,1494,1487,1498,1486,1498,1498,1494,1493,1497,1514,1524,1528,1529,1526,1524,1535,1534,1535,1535,1517,1512,1509,1500,1500,1517,1525,1569,1575,1574,1574,1572,1577,1585,1585
1500,1489,1488,1496,1524,1540,1539,1552,1532,1520,1515,1516,1514,1516,1517,1562,1570,1570,1584,1591,1585,1581,1581,1577,1585,1604,1627,1623,1662,1649,1655,1652,1654,1637,1637,1649,1645,1640,1640,1638,1617,1643,1644,1631,1610,1608,1604,1601,1603,1602,1616,1620,1595,1579,1535,1535,1534,1526,1524,1496,1498,1493,1513,1516,1516,1515,1513,1509,1522,1521,1510,1515,1513,1505,1503,1518,1544,1546,1537,1522,1533,1533,1519,1507,1472,1446,1464,1468,1457,1455,1461,1454,1445,1445,1453,1447,1459,1465,1457,1458,1450,1453,1457,1453,1456,1477,1439,1446,1415,1412,1426,1428,1421,1412,1416,1421,1433,1442,1444,1462,1451
1500,1504,1466,1467,1455,1446,1441,1424,1418,1424,1430,1422,1421,1413,1410,1358,1353,1340,1328,1350,1357,1356,1350,1349,1355,1357,1361,1350,1352,1349,1360,1356,1354,1347,1347,1345,1336,1331,1426,1417,1424,1395,1390,1368,1357,1396,1395,1389,1384,1397,1401,1403,1403,1412,1410,1408,1388,1392,1400,1392,1392,1389,1385,1374,1368,1381,1380,1383,1422,1423,1433,1424,1415,1406,1396,1415,1415,1425,1415,1415,1382,1397,1396,1396,1397,1413,1423,1406,1401,1402,1410,1409,1414,1413,1410,1419,1413,1398,1396,1395,1388,1377,1419,1426,1426,1434,1422,1415,1419,1419,1440,1440,1434,1434,1435,1440,1431,1442,1441,1438,1452
1500,1503,1510,1500,1501,1508,1562,1562,1579,1578,1589,1589,1593,1587,1587,1587,1579,1585,1582,1582,1617,1631,1643,1672,1671,1672,1670,1672,1681,1675,1679,1675,1698,1705,1694,1669,1687,1693,1660,1655,1641,1635,1633,1654,1665,1647,1653,1648,1652,1642,1621,1617,1634,1632,1641,1643,1624,1612,1622,1609,1609,1601,1597,1610,1623,1633,1658,1660,1647,1655,1659,1666,1666,1660,1643,1638,1642,1642,1662,1660,1661,1656,1650,1655,1636,1676,1698,1686,1701,1707,1703,1695,1700,1684,1672,1670,1675,1675,1683,1691,1693,1698,1692,1684,1678,1677,1666,1673,1662,1664,1651,1658,1655,1665,1671,1658,1656,1620,1602,1602,1578
1500,1521,1518,1505,1494,1497,1483,1486,1490,1480,1486,1489,1480,1487,1520,1539,1550,1564,1573,1585,1574,1574,1577,1577,1575,1583,1579,1582,1630,1643,1643,1651,1635,1638,1641,1641,1644,1667,1669,1675,1725,1747,1731,1666,1665,1661,1668,1680,1677,1687,1703,1707,1715,1711,1708,1708,1693,1717,1708,1704,1707,1707,1705,1688,1662,1677,1679,1668,1659,1658,1651,1653,1675,1656,1638,1640,1644,1654,1665,1674,1637,1643,1635,1642,1645,1640,1664,1656,1658,1652,1661,1656,1587,1591,1595,1596,1595,1598,1600,1604,1602,1592,1580,1587,1599,1618,1614,1623,1612,1608,1627,1614,1574,1575,1579,1561,1582,1598,1597,1591,1597
1500,1475,1500,1487,1471,1476,1480,1482,1485,1490,1476,1494,1535,1526,1540,1548,1587,1586,1596,1588,1588,1603,1596,1606,1650,1650,1650,1645,1638,1628,1620,1650,1641,1631,1636,1644,1637,1600,1600,1605,1597,1598,1608,1645,1672,1658,1652,1663,1667,1680,1684,1680,1674,1665,1660,1708,1679,1680,1698,1700,1712,1724,1722,1730,1727,1718,1716,1716,1722,1714,1720,1712,1700,1643,1641,1637,1635,1617,1646,1636,1641,1643,1642,1637,1641,1639,1631,1628,1630,1646,1643,1640,1641,1636,1634,1633,1635,1628,1617,1621,1622,1623,1622,1617,1616,1610,1619,1619,1616,1623,1639,1635,1651,1650,1651,1647,1636,1631,1615,1602,1584
1500,1500,1513,1520,1524,1523,1532,1536,1537,1537,1539,1539,1544,1534,1494,1483,1484,1477,1487,1490,1476,1472,1460,1460,1450,1494,1504,1506,1508,1498,1494,1478,1467,1477,1461,1459,1459,1489,1501,1501,1494,1473,1458,1465,1461,1457,1461,1459,1460,1459,1441,1446,1437,1418,1415,1410,1421,1423,1473,1482,1471,1468,1475,1491,1491,1498,1498,1508,1502,1490,1488,1503,1511,1509,1499,1528,1530,1532,1522,1508,1505,1490,1495,1489,1492,1488,1488,1511,1514,1511,1519,1528,1530,1520,1477,1487,1501,1496,1510,1508,1520,1514,1527,1516,1522,1515,1526,1524,1463,1463,1457,1439,1452,1449,1443,1468,1452,1461,1450,1451,1451
1500,1504,1528,1528,1560,1547,1557,1569,1569,1569,1571,1571,1568,1571,1567,1559,1547,1560,1568,1567,1553,1554,1550,1563,1569,1584,1581,1569,1581,1551,1526,1525,1519,1522,1521,1519,1568,1564,1539,1546,1556,1546,1539,1530,1532,1537,1525,1519,1522,1505,1503,1507,1503,1500,1508,1511,1512,1515,1485,1501,1493,1484,1483,1496,1489,1496,1496,1492,1489,1464,1466,1478,1483,1465,1472,1483,1476,1519,1515,1514,1537,1535,1532,1547,1522,1523,1521,1504,1509,1502,1491,1499,1485,1485,1485,1485,1492,1525,1509,1514,1512,1541,1532,1534,1559,1566,1565,1566,1576,1576,1566,1570,1577,1560,1562,1573,1570,1542,1540,1544,1538
1500,1494,1506,1512,1517,1517,1539,1547,1510,1508,1508,1518,1525,1541,1538,1534,1537,1522,1527,1543,1505,1508,1506,1504,1525,1521,1519,1514,1506,1505,1529,1530,1510,1509,1514,1517,1491,1490,1472,1474,1477,1474,1483,1478,1475,1486,1485,1473,1483,1477,1474,1461,1512,1513,1508,1509,1531,1550,1562,1566,1556,1518,1526,1530,1566,1558,1559,1571,1569,1571,1551,1557,1564,1577,1579,1593,1595,1597,1601,1607,1608,1601,1601,1593,1601,1618,1614,1589,1591,1583,1591,1592,1579,1577,1572,1564,1564,1549,1519,1520,1494,1503,1488,1490,1487,1499,1494,1492,1492,1496,1500,1520,1516,1516,1497,1505,1502,1489,1479,1506,1500
1500,1457,1446,1427,1427,1445,1444,1431,1435,1432,1442,1458,1459,1464,1472,1486,1485,1480,1480,1478,1484,1476,1475,1461,1467,1466,1475,1479,1491,1525,1522,1523,1519,1520,1505,1502,1503,1498,1503,1517,1500,1504,1505,1505,1508,1509,1486,1487,1493,1477,1459,1462,1462,1453,1454,1459,1466,1437,1418,1404,1410,1425,1405,1413,1409,1413,1390,1397,1400,1385,1383,1384,1388,1402,1397,1395,1396,1400,1396,1394,1392,1398,1402,1406,1410,1416,1419,1430,1425,1410,1416,1409,1394,1401,1407,1404,1410,1421,1433,1434,1404,1404,1403,1408,1402,1393,1417,1435,1434,1425,1426,1419,1409,1409,1400,1419,1417,1417,1415,1417,1419
1500,1504,1499,1509,1506,1506,1505,1498,1492,1485,1475,1465,1439,1433,1437,1436,1431,1437,1440,1438,1440,1439,1445,1447,1447,1449,1461,1466,1465,1453,1439,1430,1434,1439,1450,1452,1447,1442,1447,1446,1441,1451,1441,1436,1425,1423,1426,1434,1423,1455,1474,1477,1477,1477,1473,1447,1444,1450,1472,1472,1470,1468,1467,1471,1464,1456,1481,1487,1490,1477,1481,1489,1482,1480,1468,1462,1462,1458,1456,1463,1472,1474,1479,1476,1452,1450,1435,1440,1438,1435,1465,1461,1472,1468,1473,1482,1484,1500,1491,1490,1484,1449,1448,1441,1439,1432,1433,1431,1446,1441,1441,1428,1425,1412,1418,1388,1389,1391,1385,1387,1387
1500,1520,1527,1547,1586,1583,1596,1598,1594,1609,1615,1624,1614,1596,1599,1625,1629,1637,1628,1640,1644,1637,1637,1636,1641,1639,1630,1613,1604,1591,1553,1558,1556,1532,1532,1518,1528,1530,1517,1513,1504,1481,1470,1468,1470,1475,1488,1473,1472,1471,1462,1454,1466,1464,1461,1464,1465,1461,1462,1494,1475,1478,1480,1500,1506,1481,1471,1454,1460,1460,1459,1462,1462,1467,1467,1419,1419,1411,1410,1412,1410,1406,1401,1402,1402,1380,1385,1377,1371,1371,1364,1364,1363,1363,1368,1395,1393,1378,1378,1406,1420,1423,1437,1438,1438,1440,1450,1465,1449,1451,1459,1450,1443,1443,1444,1436,1422,1420,1415,1419,1401
1500,1526,1546,1540,1543,1529,1543,1542,1561,1554,1536,1535,1530,1525,1524,1533,1535,1510,1508,1512,1522,1511,1527,1524,1527,1525,1533,1509,1504,1510,1510,1512,1512,1501,1545,1547,1587,1580,1564,1562,1562,1565,1565,1573,1574,1566,1570,1556,1544,1588,1584,1592,1592,1589,1587,1588,1567,1577,1576,1570,1574,1574,1568,1565,1563,1559,1561,1556,1558,1556,1551,1551,1551,1531,1536,1507,1507,1508,1525,1516,1519,1523,1517,1502,1500,1502,1496,1479,1479,1478,1482,1486,1476,1491,1498,1508,1512,1522,1503,1499,1505,1504,1511,1523,1513,1513,1502,1506,1508,1508,1508,1500,1500,1503,1524,1545,1570,1571,1581,1617,1621
1500,1496,1485,1481,1490,1484,1516,1512,1496,1492,1490,1494,1506,1511,1509,1509,1509,1507,1502,1543,1548,1543,1545,1544,1518,1518,1527,1545,1537,1538,1559,1531,1531,1533,1530,1516,1518,1517,1512,1548,1557,1560,1567,1567,1572,1572,1617,1616,1612,1631,1629,1638,1633,1650,1667,1668,1668,1660,1657,1673,1673,1703,1697,1673,1664,1678,1673,1668,1672,1660,1665,1661,1653,1645,1644,1640,1629,1623,1606,1607,1646,1646,1648,1651,1651,1653,1647,1657,1654,1646,1643,1626,1620,1659,1657,1645,1645,1634,1640,1634,1621,1626,1637,1644,1652,1653,1638,1652,1637,1664,1683,1682,1678,1680,1696,1693,1710,1705,1685,1718,1713
1500,1497,1500,1487,1514,1488,1489,1476,1483,1497,1474,1505,1509,1516,1533,1522,1525,1521,1530,1522,1507,1516,1516,1524,1530,1524,1522,1560,1561,1561,1568,1573,1579,1591,1589,1604,1607,1585,1580,1579,1566,1565,1582,1569,1567,1574,1582,1607,1644,1646,1643,1637,1627,1599,1564,1551,1544,1554,1596,1572,1582,1578,1567,1568,1573,1560,1516,1499,1515,1519,1513,1507,1504,1504,1505,1507,1508,1508,1506,1510,1503,1475,1481,1496,1495,1485,1482,1479,1491,1491,1497,1493,1486,1503,1498,1495,1492,1523,1520,1537,1556,1564,1569,1557,1557,1557,1547,1557,1563,1563,1556,1548,1574,1562,1566,1565,1594,1603,1602,1601,1613
1500,1496,1483,1488,1478,1478,1481,1507,1490,1486,1481,1485,1493,1493,1425,1412,1440,1430,1421,1430,1440,1433,1425,1424,1426,1413,1411,1398,1410,1390,1438,1464,1465,1469,1463,1466,1457,1456,1461,1470,1468,1468,1468,1476,1475,1473,1460,1454,1468,1477,1478,1482,1482,1482,1466,1465,1457,1458,1445,1445,1424,1414,1414,1413,1401,1382,1373,1380,1385,1390,1372,1381,1354,1364,1371,1365,1319,1345,1342,1358,1318,1322,1324,1320,1328,1335,1335,1361,1369,1362,1352,1365,1368,1373,1371,1371,1371,1371,1371,1367,1362,1367,1354,1362,1365,1373,1390,1404,1403,1408,1438,1388,1391,1413,1411,1407,1412,1392,1382,1366,1362
1500,1493,1469,1475,1479,1483,1494,1488,1484,1473,1479,1466,1446,1436,1440,1445,1441,1432,1406,1398,1428,1420,1417,1410,1410,1419,1416,1412,1409,1389,1374,1354,1354,1359,1378,1378,1391,1389,1392,1394,1410,1413,1409,1404,1402,1402,1404,1393,1389,1372,1378,1378,1360,1349,1349,1318,1318,1332,1332,1341,1339,1340,1352,1349,1347,1336,1335,1344,1351,1343,1339,1339,1339,1362,1375,1375,1352,1336,1338,1340,1346,1341,1391,1393,1377,1373,1372,1371,1376,1364,1351,1345,1353,1337,1318,1299,1299,1308,1307,1301,1317,1368,1363,1376,1376,1363,1388,1382,1392,1390,1388,1390,1381,1410,1409,1417,1421,1428,1433,1429,1461
1500,1462,1455,1449,1449,1450,1452,1456,1476,1473,1466,1463,1463,1448,1461,1496,1481,1480,1477,1477,1486,1491,1489,1495,1466,1484,1490,1493,1485,1484,1497,1496,1500,1501,1508,1522,1511,1507,1504,1491,1463,1455,1452,1458,1450,1450,1443,1444,1465,1469,1461,1465,1471,1528,1516,1492,1445,1441,1447,1445,1441,1445,1458,1454,1451,1445,1436,1417,1417,1419,1419,1425,1420,1415,1415,1433,1423,1452,1437,1432,1423,1447,1448,1448,1448,1433,1433,1429,1427,1432,1432,1423,1424,1429,1423,1433,1433,1437,1429,1426,1424,1422,1418,1431,1431,1449,1453,1439,1442,1444,1443,1438,1457,1459,1452,1450,1455,1438,1440,1444,1437
1500,1500,1500,1489,1494,1494,1494,1494,1493,1516,1530,1542,1523,1522,1508,1513,1508,1516,1518,1517,1508,1507,1509,1510,1510,1510,1510,1500,1482,1485,1524,1543,1536,1551,1544,1541,1542,1543,1542,1541,1541,1551,1556,1571,1570,1559,1562,1563,1601,1605,1605,1607,1624,1628,1632,1627,1631,1625,1624,1621,1625,1623,1615,1598,1577,1577,1578,1591,1593,1595,1592,1589,1568,1567,1557,1553,1551,1541,1551,1553,1544,1537,1513,1519,1521,1520,1519,1524,1536,1529,1534,1538,1525,1525,1524,1534,1547,1535,1539,1539,1537,1537,1537,1545,1533,1526,1515,1518,1518,1537,1537,1515,1521,1546,1546,1559,1549,1549,1536,1526,1528
1500,1491,1497,1503,1488,1488,1483,1485,1477,1467,1472,1487,1515,1514,1540,1550,1542,1506,1516,1513,1513,1513,1505,1502,1508,1503,1515,1522,1536,1536,1537,1536,1527,1541,1541,1541,1549,1548,1543,1542,1538,1563,1559,1569,1564,1582,1580,1575,1579,1590,1591,1611,1615,1600,1589,1610,1597,1586,1586,1578,1571,1542,1542,1538,1539,1524,1531,1523,1523,1530,1544,1542,1538,1544,1555,1552,1557,1545,1541,1539,1582,1582,1603,1561,1556,1559,1594,1602,1605,1599,1594,1583,1593,1583,1583,1579,1587,1586,1588,1614,1614,1614,1614,1596,1615,1625,1628,1626,1633,1634,1632,1629,1615,1591,1572,1572,1579,1569,1574,1591,1597
1500,1501,1501,1499,1504,1500,1486,1486,1498,1494,1489,1488,1493,1488,1471,1510,1503,1505,1510,1519,1523,1521,1517,1508,1502,1498,1499,1490,1502,1504,1514,1520,1513,1513,1500,1497,1505,1505,1494,1500,1500,1495,1489,1488,1485,1479,1454,1447,1447,1444,1443,1434,1434,1431,1447,1453,1453,1439,1443,1450,1462,1468,1466,1436,1435,1418,1414,1425,1429,1448,1448,1448,1435,1427,1426,1429,1427,1427,1432,1438,1446,1442,1439,1443,1459,1475,1450,1447,1462,1461,1452,1442,1435,1445,1440,1438,1436,1440,1441,1439,1440,1465,1464,1464,1457,1470,1477,1478,1474,1482,1484,1482,1477,1477,1474,1463,1453,1453,1462,1492,1487
1500,1485,1522,1528,1543,1523,1525,1538,1549,1533,1529,1525,1516,1544,1535,1530,1516,1516,1476,1488,1485,1459,1471,1490,1469,1470,1455,1450,1450,1460,1461,1452,1452,1454,1446,1445,1445,1429,1429,1423,1423,1423,1418,1417,1417,1424,1432,1431,1444,1438,1431,1435,1435,1437,1414,1403,1398,1411,1438,1411,1416,1394,1386,1399,1404,1402,1419,1405,1409,1404,1404,1424,1426,1423,1421,1417,1393,1386,1387,1413,1405,1413,1408,1401,1409,1384,1367,1360,1394,1394,1398,1396,1404,1414,1421,1419,1430,1457,1463,1471,1452,1452,1451,1470,1463,1472,1471,1464,1468,1473,1476,1477,1476,1517,1540,1572,1572,1592,1619,1625,1633
1500,1495,1494,1494,1503,1503,1509,1509,1514,1508,1509,1497,1487,1487,1485,1481,1479,1484,1483,1485,1467,1488,1488,1493,1493,1500,1486,1479,1481,1501,1501,1486,1486,1479,1462,1448,1455,1435,1437,1430,1435,1433,1431,1431,1450,1445,1441,1435,1426,1426,1430,1429,1426,1432,1465,1453,1457,1463,1463,1456,1444,1433,1447,1439,1446,1438,1444,1446,1458,1441,1441,1468,1449,1452,1462,1462,1462,1471,1471,1485,1485,1477,1481,1480,1482,1481,1478,1497,1502,1503,1500,1499,1492,1482,1471,1489,1485,1482,1493,1493,1482,1473,1481,1491,1490,1487,1486,1499,1497,1497,1489,1502,1503,1512,1517,1528,1528,1528,1518,1540,1557
1500,1507,1497,1497,1492,1528,1522,1538,1540,1539,1539,1510,1515,1504,1510,1514,1515,1504,1501,1503,1508,1525,1531,1539,1544,1536,1517,1518,1525,1511,1515,1505,1479,1446,1439,1441,1441,1441,1448,1457,1456,1427,1406,1397,1383,1373,1373,1373,1374,1373,1372,1367,1362,1374,1339,1343,1349,1355,1354,1354,1360,1374,1374,1372,1375,1368,1368,1388,1379,1375,1371,1371,1360,1373,1369,1385,1393,1368,1362,1357,1355,1347,1355,1346,1340,1354,1339,1359,1373,1373,1421,1415,1440,1442,1447,1449,1465,1495,1499,1494,1497,1488,1496,1494,1527,1535,1537,1545,1556,1562,1562,1559,1558,1579,1577,1579,1553,1558,1566,1567,1682
1500,1497,1524,1508,1499,1498,1509,1497,1498,1489,1485,1502,1496,1469,1473,1463,1453,1450,1435,1449,1421,1413,1440,1443,1427,1424,1420,1428,1414,1399,1401,1406,1408,1413,1427,1411,1390,1390,1402,1401,1407,1406,1404,1409,1416,1404,1419,1415,1419,1404,1421,1436,1435,1433,1434,1442,1440,1434,1440,1443,1447,1447,1455,1409,1396,1389,1387,1391,1391,1391,1398,1397,1409,1434,1435,1438,1428,1431,1421,1413,1414,1417,1402,1402,1398,1392,1397,1398,1407,1397,1403,1395,1395,1387,1421,1454,1452,1467,1476,1483,1459,1469,1449,1483,1492,1496,1486,1487,1482,1486,1493,1502,1502,1490,1493,1491,1489,1493,1498,1497,1495
1500,1494,1502,1508,1497,1500,1500,1503,1501,1488,1488,1499,1511,1513,1514,1507,1512,1508,1507,1496,1503,1511,1477,1467,1466,1473,1456,1449,1451,1456,1475,1455,1453,1453,1463,1477,1466,1495,1500,1497,1500,1525,1530,1535,1536,1529,1527,1525,1511,1557,1564,1575,1546,1553,1547,1547,1552,1562,1521,1517,1523,1523,1536,1530,1530,1529,1518,1521,1521,1520,1501,1525,1527,1552,1544,1536,1529,1537,1534,1540,1541,1541,1529,1529,1530,1528,1518,1527,1532,1532,1531,1535,1543,1552,1542,1489,1495,1494,1490,1482,1481,1488,1491,1492,1484,1484,1483,1479,1479,1478,1493,1497,1491,1487,1482,1486,1504,1504,1499,1484,1483
1500,1506,1502,1501,1507,1495,1495,1513,1514,1521,1530,1532,1541,1514,1513,1502,1509,1518,1513,1512,1501,1501,1459,1471,1476,1467,1469,1474,1463,1474,1471,1466,1458,1463,1468,1449,1443,1422,1433,1417,1408,1377,1352,1345,1378,1379,1397,1402,1383,1399,1390,1391,1391,1403,1400,1431,1428,1441,1435,1423,1430,1443,1434,1430,1422,1412,1416,1419,1415,1414,1407,1408,1410,1410,1404,1411,1414,1421,1394,1394,1391,1390,1390,1390,1394,1387,1380,1409,1407,1391,1397,1397,1407,1407,1395,1393,1388,1385,1390,1404,1417,1438,1444,1474,1480,1472,1465,1464,1467,1449,1476,1459,1470,1487,1455,1446,1444,1442,1435,1430,1430
1500,1504,1500,1499,1502,1498,1482,1477,1478,1481,1478,1493,1481,1480,1488,1481,1484,1484,1459,1453,1454,1443,1421,1424,1437,1431,1431,1439,1432,1439,1426,1424,1431,1382,1405,1393,1389,1369,1371,1363,1363,1372,1338,1335,1333,1336,1336,1330,1342,1336,1336,1332,1329,1341,1334,1330,1326,1327,1342,1352,1338,1346,1374,1391,1391,1386,1384,1371,1360,1354,1364,1374,1365,1345,1344,1337,1338,1330,1303,1303,1297,1295,1295,1297,1301,1301,1287,1285,1297,1286,1291,1295,1304,1306,1331,1336,1335,1336,1336,1335,1353,1359,1365,1364,1350,1345,1345,1334,1338,1338,1332,1336,1331,1333,1325,1325,1317,1318,1316,1309,1298
1500,1499,1492,1499,1498,1489,1490,1485,1475,1479,1482,1484,1481,1464,1436,1439,1438,1443,1427,1414,1415,1415,1430,1426,1426,1434,1440,1440,1450,1445,1429,1435,1435,1434,1437,1433,1427,1426,1439,1438,1458,1458,1458,1441,1458,1459,1496,1501,1525,1534,1533,1522,1527,1524,1524,1520,1544,1514,1513,1517,1521,1516,1522,1534,1489,1464,1460,1464,1477,1484,1495,1496,1490,1510,1511,1462,1487,1482,1482,1488,1488,1563,1592,1622,1556,1558,1550,1540,1544,1537,1534,1546,1539,1527,1525,1517,1522,1524,1525,1525,1515,1509,1520,1518,1507,1506,1537,1525,1525,1524,1519,1518,1522,1514,1517,1516,1508,1515,1486,1486,1475
1500,1514,1535,1533,1532,1546,1553,1555,1551,1549,1541,1522,1517,1521,1521,1523,1508,1522,1505,1513,1509,1530,1534,1529,1534,1537,1537,1537,1538,1549,1538,1533,1557,1567,1561,1564,1579,1572,1564,1571,1567,1570,1562,1539,1538,1571,1571,1556,1529,1538,1533,1543,1535,1535,1512,1509,1486,1487,1492,1505,1515,1525,1519,1512,1513,1507,1495,1494,1495,1497,1498,1503,1508,1510,1491,1483,1506,1497,1494,1501,1506,1500,1521,1519,1507,1523,1535,1538,1529,1512,1508,1508,1514,1506,1507,1508,1498,1481,1483,1472,1475,1468,1483,1481,1485,1482,1485,1490,1490,1470,1481,1471,1471,1471,1456,1448,1442,1436,1410,1412,1411
1500,1503,1501,1494,1494,1498,1491,1476,1476,1448,1445,1462,1460,1455,1434,1432,1428,1428,1414,1408,1419,1412,1419,1428,1435,1386,1392,1393,1393,1393,1411,1421,1422,1420,1412,1412,1408,1407,1408,1433,1431,1404,1405,1412,1418,1418,1429,1448,1465,1459,1463,1457,1458,1442,1442,1444,1414,1406,1423,1422,1434,1424,1427,1422,1417,1409,1407,1399,1399,1404,1404,1404,1394,1394,1407,1412,1411,1401,1418,1429,1437,1441,1483,1505,1530,1530,1541,1515,1517,1511,1505,1503,1519,1514,1509,1509,1513,1518,1510,1503,1507,1512,1521,1539,1567,1568,1553,1551,1549,1547,1547,1541,1534,1548,1550,1551,1547,1548,1568,1601,1604
1500,1500,1516,1503,1493,1493,1476,1479,1490,1486,1489,1484,1484,1487,1513,1522,1518,1517,1495,1503,1506,1505,1534,1534,1536,1528,1527,1526,1515,1553,1554,1545,1540,1542,1542,1541,1543,1552,1535,1527,1515,1502,1496,1501,1502,1502,1499,1496,1506,1505,1490,1487,1492,1508,1510,1507,1508,1506,1506,1513,1506,1477,1487,1483,1488,1489,1473,1479,1478,1478,1488,1503,1507,1520,1512,1514,1532,1557,1513,1545,1535,1535,1538,1532,1515,1504,1491,1485,1482,1494,1492,1480,1489,1500,1506,1527,1513,1524,1536,1534,1532,1530,1537,1523,1549,1549,1544,1552,1564,1559,1559,1563,1565,1563,1573,1566,1565,1574,1557,1561,1584
1500,1481,1484,1401,1393,1392,1390,1406,1417,1415,1415,1415,1418,1419,1416,1410,1417,1414,1369,1383,1367,1365,1401,1402,1384,1392,1396,1448,1453,1455,1460,1454,1460,1459,1457,1454,1449,1454,1457,1447,1469,1464,1482,1471,1470,1462,1443,1458,1450,1459,1474,1477,1494,1497,1483,1489,1492,1495,1503,1500,1509,1532,1532,1530,1523,1532,1524,1528,1528,1511,1496,1493,1481,1441,1432,1432,1433,1426,1436,1437,1435,1446,1444,1427,1429,1430,1429,1440,1437,1444,1452,1455,1458,1458,1482,1471,1444,1449,1440,1431,1442,1434,1434,1414,1404,1405,1403,1408,1411,1414,1406,1410,1407,1409,1409,1403,1427,1424,1428,1433,1431
1500,1492,1487,1480,1468,1466,1470,1470,1471,1461,1445,1444,1467,1467,1484,1485,1533,1540,1540,1540,1536,1534,1564,1564,1558,1559,1579,1581,1582,1580,1593,1602,1603,1598,1588,1533,1533,1540,1546,1552,1573,1549,1567,1566,1576,1566,1571,1579,1588,1586,1591,1588,1580,1609,1600,1602,1598,1597,1598,1608,1609,1618,1611,1611,1604,1599,1625,1619,1606,1599,1600,1591,1584,1590,1588,1603,1604,1604,1591,1593,1593,1565,1581,1572,1572,1564,1556,1603,1614,1611,1608,1607,1616,1613,1613,1617,1620,1625,1658,1628,1621,1616,1611,1618,1604,1604,1612,1613,1640,1616,1637,1629,1636,1616,1604,1602,1607,1608,1601,1606,1608
1500,1502,1516,1513,1512,1517,1515,1518,1532,1528,1524,1524,1531,1543,1554,1554,1555,1564,1546,1531,1538,1533,1527,1531,1537,1530,1519,1459,1464,1462,1456,1464,1463,1432,1456,1461,1470,1469,1460,1451,1446,1474,1466,1461,1455,1445,1439,1449,1455,1453,1473,1473,1472,1456,1468,1472,1494,1486,1496,1485,1480,1491,1482,1488,1490,1493,1491,1490,1522,1522,1530,1515,1513,1520,1534,1534,1558,1566,1561,1555,1552,1562,1614,1614,1605,1615,1615,1614,1606,1601,1591,1582,1617,1599,1598,1592,1597,1562,1570,1589,1598,1594,1594,1576,1576,1585,1583,1582,1583,1584,1592,1591,1584,1583,1570,1570,1573,1577,1579,1536,1542
1500,1502,1529,1541,1552,1552,1550,1548,1549,1533,1528,1527,1514,1519,1528,1531,1574,1568,1572,1566,1571,1560,1558,1562,1565,1567,1536,1534,1515,1512,1527,1517,1526,1528,1527,1530,1531,1536,1537,1535,1530,1528,1534,1516,1516,1503,1516,1506,1488,1486,1486,1464,1462,1465,1449,1445,1454,1452,1449,1455,1474,1466,1470,1460,1460,1450,1442,1432,1432,1429,1428,1425,1423,1422,1406,1406,1409,1385,1381,1378,1378,1369,1369,1365,1370,1378,1373,1363,1362,1379,1379,1379,1378,1385,1392,1391,1413,1409,1410,1400,1397,1403,1403,1403,1393,1389,1377,1371,1371,1378,1375,1369,1375,1372,1369,1363,1355,1351,1339,1331,1357
1500,1508,1521,1513,1528,1535,1544,1546,1530,1526,1533,1528,1543,1543,1543,1540,1524,1533,1573,1573,1574,1570,1524,1521,1521,1522,1515,1503,1495,1499,1510,1523,1519,1519,1499,1510,1503,1509,1508,1508,1486,1496,1506,1497,1489,1495,1503,1500,1508,1516,1520,1519,1504,1510,1516,1502,1502,1510,1510,1506,1510,1506,1511,1504,1519,1494,1499,1523,1527,1529,1537,1543,1540,1533,1530,1550,1520,1510,1512,1512,1501,1477,1473,1472,1474,1474,1473,1473,1472,1443,1448,1405,1407,1408,1403,1384,1380,1409,1415,1420,1418,1411,1411,1416,1394,1368,1370,1392,1427,1421,1405,1399,1399,1401,1404,1404,1404,1410,1390,1395,1405
1500,1492,1504,1505,1498,1505,1519,1524,1524,1523,1537,1546,1545,1535,1542,1547,1549,1554,1549,1541,1508,1503,1495,1502,1485,1516,1508,1496,1506,1513,1528,1531,1537,1533,1543,1549,1558,1556,1556,1550,1574,1574,1571,1557,1573,1575,1587,1580,1590,1613,1608,1598,1598,1606,1610,1612,1607,1611,1604,1597,1612,1607,1602,1596,1593,1593,1572,1592,1592,1613,1615,1616,1613,1601,1616,1599,1563,1563,1558,1510,1513,1509,1493,1494,1501,1509,1515,1510,1521,1506,1498,1502,1500,1518,1518,1517,1527,1511,1493,1475,1468,1463,1426,1472,1464,1460,1460,1460,1462,1458,1456,1455,1434,1428,1429,1423,1426,1443,1450,1445,1437
1500,1491,1496,1491,1482,1427,1426,1425,1443,1432,1445,1452,1453,1445,1437,1423,1403,1383,1381,1379,1391,1405,1405,1405,1406,1396,1383,1397,1383,1398,1404,1397,1405,1401,1383,1375,1398,1390,1411,1416,1451,1433,1418,1422,1427,1427,1451,1458,1442,1440,1431,1433,1432,1420,1414,1414,1414,1418,1426,1419,1430,1432,1429,1425,1438,1448,1456,1460,1460,1451,1449,1444,1441,1446,1446,1437,1440,1439,1439,1461,1460,1446,1446,1475,1473,1469,1465,1472,1470,1463,1461,1480,1480,1477,1471,1475,1425,1423,1408,1408,1422,1420,1419,1405,1412,1408,1411,1399,1396,1394,1370,1362,1358,1356,1357,1361,1382,1390,1382,1375,1378
1500,1491,1489,1487,1504,1503,1494,1500,1502,1476,1464,1455,1448,1445,1455,1462,1455,1455,1451,1464,1456,1451,1451,1446,1445,1426,1410,1412,1405,1417,1416,1421,1430,1438,1485,1489,1491,1455,1452,1451,1468,1478,1439,1444,1451,1459,1466,1465,1465,1464,1443,1442,1441,1444,1444,1444,1444,1448,1452,1441,1434,1431,1428,1430,1436,1435,1442,1462,1451,1446,1445,1445,1455,1447,1445,1448,1429,1430,1438,1423,1439,1440,1441,1439,1438,1441,1440,1439,1437,1431,1426,1426,1430,1435,1455,1453,1451,1455,1450,1445,1479,1477,1491,1492,1490,1468,1487,1489,1482,1488,1488,1491,1490,1500,1481,1488,1492,1483,1475,1485,1502
1500,1500,1511,1505,1519,1529,1527,1520,1507,1523,1504,1490,1495,1501,1507,1503,1480,1486,1497,1494,1469,1466,1479,1483,1490,1499,1490,1514,1513,1519,1506,1508,1503,1503,1499,1501,1494,1502,1500,1497,1496,1494,1488,1489,1495,1493,1498,1498,1502,1502,1519,1527,1542,1546,1546,1523,1526,1538,1528,1525,1527,1529,1547,1538,1540,1552,1559,1559,1563,1509,1505,1500,1491,1497,1497,1504,1514,1523,1523,1513,1517,1518,1519,1524,1524,1523,1539,1556,1573,1571,1575,1567,1574,1551,1574,1587,1572,1566,1567,1567,1556,1561,1561,1562,1553,1550,1547,1529,1539,1541,1515,1523,1527,1526,1526,1538,1535,1538,1570,1574,1580
1500,1500,1501,1501,1472,1470,1470,1458,1443,1444,1437,1433,1444,1438,1437,1442,1438,1442,1473,1474,1477,1477,1473,1478,1474,1478,1465,1460,1471,1474,1479,1507,1502,1485,1472,1424,1420,1409,1401,1394,1379,1389,1377,1370,1355,1347,1347,1363,1367,1369,1363,1349,1352,1320,1318,1314,1319,1321,1323,1323,1326,1327,1313,1315,1318,1319,1314,1312,1332,1332,1326,1317,1317,1317,1315,1287,1289,1297,1327,1320,1301,1285,1277,1277,1273,1270,1264,1264,1264,1263,1260,1261,1250,1242,1237,1237,1239,1234,1243,1243,1238,1238,1248,1281,1283,1280,1275,1274,1277,1274,1273,1287,1297,1309,1298,1297,1299,1294,1294,1294,1296
1500,1494,1508,1512,1508,1509,1545,1528,1517,1467,1473,1474,1471,1498,1492,1481,1496,1499,1492,1514,1512,1528,1544,1543,1545,1542,1531,1520,1513,1503,1553,1562,1573,1557,1556,1553,1560,1562,1563,1557,1551,1543,1536,1530,1527,1520,1528,1556,1567,1567,1567,1567,1571,1561,1552,1552,1551,1548,1549,1486,1498,1514,1496,1497,1500,1493,1490,1476,1489,1482,1489,1505,1492,1495,1493,1535,1533,1539,1522,1564,1580,1590,1589,1608,1609,1592,1577,1571,1568,1561,1529,1526,1545,1541,1581,1579,1570,1561,1558,1550,1568,1594,1593,1592,1599,1599,1599,1567,1596,1590,1610,1625,1633,1622,1620,1623,1608,1630,1631,1572,1574
1500,1480,1477,1445,1440,1434,1441,1457,1457,1497,1502,1492,1531,1544,1534,1536,1526,1537,1557,1568,1576,1575,1575,1580,1632,1634,1643,1645,1642,1642,1644,1627,1612,1589,1595,1603,1604,1609,1608,1614,1622,1616,1618,1620,1621,1624,1617,1605,1597,1610,1607,1614,1612,1611,1611,1596,1578,1571,1562,1546,1549,1562,1566,1562,1551,1546,1522,1520,1532,1532,1518,1518,1529,1529,1543,1543,1535,1541,1525,1531,1535,1542,1572,1575,1574,1580,1586,1593,1581,1584,1570,1553,1556,1549,1555,1551,1559,1581,1579,1584,1586,1575,1576,1568,1597,1596,1594,1579,1561,1565,1573,1567,1546,1543,1542,1538,1544,1551,1545,1561,1552
1500,1470,1480,1474,1482,1478,1533,1533,1545,1540,1585,1579,1586,1611,1585,1580,1584,1584,1591,1588,1609,1598,1578,1570,1574,1552,1541,1541,1542,1541,1538,1531,1511,1510,1511,1521,1513,1511,1524,1522,1536,1530,1525,1527,1513,1506,1514,1504,1584,1581,1576,1557,1554,1549,1565,1576,1553,1546,1530,1525,1513,1509,1517,1507,1505,1507,1505,1499,1513,1530,1536,1526,1549,1532,1535,1535,1532,1535,1532,1542,1545,1536,1577,1576,1578,1554,1589,1569,1558,1548,1560,1584,1566,1563,1586,1591,1586,1589,1593,1582,1567,1567,1583,1591,1581,1599,1591,1596,1596,1626,1621,1606,1596,1592,1706,1711,1722,1716,1710,1725,1728
1500,1490,1491,1496,1498,1502,1514,1537,1537,1537,1537,1534,1512,1510,1501,1500,1517,1537,1537,1517,1519,1520,1512,1517,1502,1508,1512,1512,1512,1534,1523,1516,1515,1506,1507,1506,1506,1503,1478,1512,1489,1485,1492,1490,1502,1501,1487,1493,1491,1491,1492,1459,1446,1442,1453,1456,1450,1447,1463,1465,1465,1475,1471,1471,1471,1481,1486,1486,1476,1477,1477,1483,1477,1473,1473,1466,1468,1447,1461,1459,1451,1428,1450,1448,1441,1439,1449,1454,1454,1452,1456,1461,1469,1457,1441,1436,1428,1446,1449,1433,1424,1421,1427,1445,1452,1459,1453,1449,1470,1480,1480,1480,1471,1467,1466,1444,1453,1445,1422,1424,1416
1500,1500,1540,1551,1548,1535,1530,1524,1527,1536,1537,1528,1530,1532,1533,1521,1523,1518,1527,1521,1507,1502,1502,1506,1503,1488,1494,1480,1478,1485,1496,1481,1477,1455,1461,1469,1486,1477,1502,1546,1545,1545,1545,1549,1557,1607,1599,1589,1587,1552,1546,1569,1573,1571,1573,1575,1570,1576,1576,1566,1579,1603,1603,1592,1606,1607,1606,1625,1626,1631,1636,1624,1624,1628,1637,1623,1629,1633,1643,1630,1641,1636,1638,1637,1657,1644,1642,1698,1710,1730,1757,1763,1761,1760,1753,1749,1742,1738,1738,1739,1729,1730,1728,1737,1739,1751,1754,1755,1762,1757,1754,1784,1781,1787,1793,1794,1802,1814,1785,1788,1795
1500,1506,1506,1520,1522,1529,1530,1544,1526,1525,1516,1523,1508,1498,1476,1461,1452,1449,1444,1447,1439,1436,1451,1451,1458,1467,1467,1459,1456,1448,1449,1449,1454,1447,1442,1420,1427,1421,1401,1415,1383,1382,1394,1387,1397,1399,1430,1414,1414,1396,1397,1399,1389,1383,1383,1385,1379,1372,1376,1392,1393,1392,1398,1414,1418,1430,1419,1439,1459,1456,1460,1461,1467,1488,1472,1467,1469,1494,1493,1493,1511,1515,1509,1509,1510,1519,1519,1522,1522,1544,1543,1549,1556,1558,1574,1574,1586,1585,1584,1546,1555,1536,1536,1554,1553,1545,1555,1561,1560,1547,1549,1553,1566,1564,1577,1575,1581,1565,1564,1561,1585
1500,1501,1506,1507,1508,1498,1508,1512,1510,1505,1518,1514,1517,1519,1518,1542,1540,1540,1539,1548,1551,1550,1561,1560,1557,1558,1563,1579,1577,1596,1586,1585,1585,1598,1601,1591,1597,1592,1578,1590,1587,1591,1588,1574,1585,1604,1606,1609,1613,1626,1633,1634,1674,1672,1675,1676,1684,1680,1700,1703,1677,1677,1712,1706,1700,1695,1685,1694,1688,1674,1667,1674,1653,1652,1662,1662,1652,1648,1640,1645,1653,1700,1719,1726,1737,1738,1728,1744,1746,1745,1745,1749,1755,1764,1766,1780,1766,1775,1783,1767,1776,1788,1825,1805,1831,1834,1859,1859,1867,1885,1877,1875,1868,1866,1871,1879,1891,1891,1880,1881,1891
1500,1490,1480,1480,1481,1483,1478,1476,1472,1460,1470,1462,1448,1435,1383,1390,1377,1381,1392,1393,1380,1343,1344,1312,1310,1310,1311,1315,1317,1289,1286,1285,1284,1287,1292,1298,1296,1280,1286,1282,1280,1280,1282,1282,1283,1280,1273,1278,1276,1275,1278,1256,1254,1257,1253,1253,1253,1253,1251,1255,1258,1262,1260,1259,1259,1372,1372,1372,1362,1360,1359,1346,1343,1336,1331,1337,1329,1331,1340,1334,1333,1325,1350,1337,1336,1326,1324,1324,1328,1330,1331,1334,1334,1339,1319,1310,1308,1292,1288,1273,1277,1197,1204,1177,1177,1180,1180,1174,1261,1257,1253,1257,1257,1256,1254,1251,1241,1238,1241,1234,1233
1500,1454,1461,1476,1450,1454,1460,1448,1457,1466,1449,1453,1454,1447,1452,1442,1442,1441,1437,1420,1420,1420,1424,1417,1417,1402,1404,1383,1387,1403,1400,1393,1388,1391,1384,1380,1389,1407,1390,1398,1402,1398,1382,1379,1366,1365,1360,1353,1353,1344,1340,1335,1357,1360,1366,1370,1371,1372,1372,1409,1409,1411,1403,1407,1409,1428,1435,1437,1434,1424,1425,1449,1451,1468,1468,1458,1458,1454,1474,1474,1458,1462,1443,1443,1455,1418,1433,1431,1428,1425,1417,1409,1407,1411,1401,1392,1392,1376,1388,1378,1381,1395,1394,1394,1392,1390,1384,1378,1378,1390,1386,1388,1380,1380,1372,1359,1356,1368,1373,1368,1358
1500,1487,1475,1474,1466,1470,1472,1472,1475,1466,1484,1477,1473,1457,1468,1490,1484,1463,1489,1472,1466,1482,1464,1460,1442,1429,1431,1463,1463,1456,1445,1453,1448,1450,1447,1454,1460,1462,1461,1467,1445,1464,1489,1472,1467,1469,1478,1467,1463,1445,1457,1473,1467,1451,1445,1394,1392,1397,1401,1400,1400,1405,1433,1437,1459,1506,1488,1473,1470,1478,1487,1492,1478,1496,1505,1521,1527,1549,1545,1537,1537,1555,1563,1545,1553,1555,1541,1535,1536,1566,1574,1579,1572,1566,1581,1587,1604,1582,1578,1585,1617,1633,1627,1646,1645,1625,1618,1599,1590,1584,1592,1616,1641,1639,1636,1631,1624,1627,1602,1593,1597
1500,1518,1510,1508,1510,1511,1514,1509,1509,1477,1465,1464,1466,1458,1458,1467,1465,1572,1598,1607,1609,1612,1603,1604,1603,1594,1609,1609,1641,1637,1632,1631,1629,1625,1604,1610,1615,1614,1622,1622,1619,1625,1621,1627,1621,1626,1622,1608,1607,1615,1605,1630,1617,1629,1664,1666,1665,1649,1626,1630,1624,1664,1703,1701,1711,1714,1711,1685,1683,1682,1688,1682,1680,1652,1652,1655,1633,1625,1638,1639,1636,1669,1668,1688,1696,1692,1694,1713,1702,1699,1698,1688,1685,1677,1676,1673,1703,1737,1736,1724,1741,1724,1747,1759,1752,1759,1846,1841,1837,1842,1841,1845,1875,1860,1832,1857,1852,1858,1860,1863,1863
1500,1503,1515,1513,1539,1538,1543,1540,1549,1538,1511,1528,1527,1524,1524,1510,1503,1503,1501,1488,1482,1482,1473,1498,1496,1496,1511,1507,1509,1524,1534,1495,1492,1486,1482,1470,1474,1478,1462,1462,1462,1457,1454,1441,1432,1437,1451,1474,1474,1458,1464,1479,1490,1490,1490,1491,1486,1481,1472,1474,1445,1440,1440,1437,1425,1423,1444,1446,1446,1442,1435,1440,1435,1461,1470,1470,1454,1449,1449,1434,1430,1426,1427,1424,1420,1413,1417,1419,1411,1414,1415,1433,1437,1423,1423,1422,1430,1435,1435,1428,1428,1429,1458,1453,1456,1452,1460,1466,1462,1468,1476,1504,1507,1503,1520,1527,1520,1542,1548,1536,1545
1500,1485,1476,1481,1479,1469,1470,1446,1439,1446,1469,1449,1450,1455,1453,1461,1461,1455,1453,1465,1463,1460,1450,1455,1456,1456,1448,1446,1546,1538,1531,1553,1550,1555,1554,1556,1556,1546,1551,1546,1540,1541,1542,1540,1542,1546,1538,1529,1512,1523,1526,1524,1530,1522,1519,1532,1528,1530,1517,1522,1535,1545,1545,1540,1512,1515,1493,1481,1471,1487,1472,1485,1488,1477,1472,1479,1466,1468,1463,1459,1462,1468,1464,1467,1412,1412,1414,1470,1468,1482,1469,1463,1438,1429,1426,1425,1423,1416,1407,1398,1387,1389,1388,1399,1389,1418,1416,1418,1418,1412,1423,1438,1490,1485,1484,1488,1494,1500,1494,1512,1511
1500,1491,1491,1496,1490,1501,1497,1494,1503,1503,1468,1465,1465,1450,1449,1450,1468,1472,1467,1466,1464,1468,1464,1460,1470,1468,1452,1452,1455,1422,1420,1427,1450,1451,1451,1447,1455,1443,1448,1470,1469,1475,1475,1476,1480,1466,1462,1464,1464,1466,1446,1433,1435,1438,1461,1439,1443,1439,1428,1444,1442,1446,1440,1470,1470,1467,1482,1475,1615,1605,1599,1602,1596,1607,1612,1611,1608,1610,1612,1612,1617,1604,1603,1601,1614,1614,1616,1612,1613,1633,1648,1649,1643,1652,1648,1640,1628,1614,1591,1585,1578,1552,1573,1556,1566,1560,1560,1556,1554,1543,1541,1561,1549,1551,1565,1599,1593,1583,1581,1581,1588
1500,1508,1517,1492,1504,1499,1505,1500,1520,1513,1535,1544,1569,1569,1562,1560,1555,1541,1539,1539,1539,1540,1544,1544,1534,1537,1542,1544,1552,1552,1518,1514,1519,1531,1537,1523,1515,1509,1504,1505,1508,1517,1513,1518,1518,1533,1533,1527,1534,1527,1514,1532,1529,1527,1539,1536,1520,1505,1507,1526,1523,1522,1532,1533,1541,1542,1557,1555,1552,1559,1555,1557,1555,1552,1552,1558,1600,1590,1592,1585,1596,1594,1596,1593,1596,1605,1634,1631,1665,1664,1654,1645,1640,1630,1627,1626,1636,1654,1646,1649,1650,1640,1632,1633,1649,1649,1657,1661,1666,1670,1649,1631,1631,1619,1617,1617,1611,1606,1596,1576,1562
1500,1500,1498,1502,1510,1497,1503,1502,1514,1515,1514,1518,1523,1520,1520,1532,1533,1543,1536,1543,1538,1542,1527,1524,1525,1512,1512,1516,1488,1443,1448,1466,1474,1474,1474,1499,1502,1509,1522,1523,1521,1519,1528,1516,1509,1507,1492,1475,1472,1474,1476,1476,1480,1493,1497,1501,1513,1515,1502,1505,1499,1505,1505,1507,1507,1511,1504,1495,1510,1513,1522,1520,1524,1524,1517,1511,1512,1512,1504,1473,1462,1456,1459,1465,1472,1458,1479,1481,1481,1461,1464,1461,1459,1439,1419,1423,1424,1413,1433,1445,1440,1448,1448,1434,1440,1441,1446,1448,1449,1449,1433,1447,1445,1474,1489,1498,1497,1495,1507,1501,1501
1500,1522,1513,1515,1476,1472,1482,1460,1461,1456,1458,1448,1446,1451,1450,1444,1450,1390,1390,1387,1389,1384,1389,1389,1374,1382,1377,1375,1371,1373,1457,1473,1480,1470,1457,1447,1447,1449,1452,1453,1455,1442,1453,1458,1437,1445,1449,1438,1440,1448,1460,1494,1496,1506,1499,1496,1485,1480,1460,1458,1456,1449,1439,1434,1419,1418,1394,1429,1400,1398,1409,1401,1415,1401,1406,1396,1401,1401,1398,1388,1397,1368,1368,1367,1387,1389,1385,1379,1373,1403,1365,1361,1357,1357,1327,1316,1320,1315,1311,1307,1305,1303,1305,1307,1315,1321,1311,1301,1304,1335,1333,1335,1332,1345,1332,1333,1344,1338,1333,1341,1354
1500,1506,1506,1476,1474,1477,1485,1494,1491,1492,1490,1490,1496,1494,1509,1509,1523,1515,1507,1520,1520,1513,1506,1456,1456,1426,1426,1424,1428,1426,1428,1392,1390,1377,1375,1387,1386,1387,1393,1381,1383,1403,1411,1415,1415,1407,1394,1388,1388,1387,1384,1390,1362,1372,1396,1393,1402,1395,1396,1396,1401,1400,1400,1406,1403,1403,1405,1408,1414,1414,1402,1405,1405,1401,1414,1414,1431,1438,1449,1453,1451,1454,1448,1429,1420,1427,1427,1425,1429,1419,1422,1422,1392,1386,1411,1411,1403,1392,1412,1394,1390,1360,1360,1347,1342,1340,1351,1352,1373,1373,1373,1371,1386,1381,1346,1347,1348,1342,1335,1336,1335
1500,1509,1488,1501,1478,1480,1493,1490,1489,1491,1494,1465,1475,1471,1471,1466,1458,1444,1457,1439,1454,1448,1442,1445,1449,1458,1460,1464,1457,1435,1427,1428,1422,1425,1422,1421,1422,1413,1440,1441,1433,1423,1423,1443,1424,1422,1424,1430,1428,1430,1429,1439,1447,1440,1429,1439,1450,1441,1443,1483,1491,1482,1477,1477,1440,1447,1445,1453,1452,1455,1464,1464,1474,1469,1455,1452,1438,1433,1453,1451,1441,1437,1437,1427,1420,1410,1411,1413,1415,1422,1447,1450,1442,1438,1436,1419,1424,1417,1414,1413,1411,1410,1417,1406,1392,1386,1391,1343,1366,1353,1339,1327,1331,1316,1317,1316,1318,1318,1324,1314,1333
1500,1506,1505,1501,1498,1488,1490,1479,1475,1526,1501,1493,1500,1496,1501,1499,1499,1487,1490,1501,1499,1510,1516,1501,1503,1496,1484,1491,1488,1486,1486,1536,1535,1531,1539,1531,1541,1541,1542,1547,1544,1564,1565,1560,1567,1566,1562,1531,1522,1520,1513,1526,1529,1520,1516,1508,1511,1495,1474,1468,1458,1471,1451,1452,1467,1460,1448,1432,1451,1451,1448,1443,1444,1442,1445,1458,1457,1437,1432,1424,1421,1410,1411,1414,1391,1389,1381,1380,1389,1375,1375,1380,1389,1389,1383,1384,1381,1367,1367,1370,1375,1375,1369,1367,1354,1348,1344,1358,1365,1365,1352,1348,1335,1341,1349,1357,1365,1367,1375,1375,1373
1500,1510,1459,1458,1457,1457,1462,1457,1458,1486,1472,1487,1487,1484,1479,1482,1467,1448,1431,1418,1431,1460,1459,1471,1468,1473,1469,1433,1433,1428,1428,1421,1429,1426,1421,1428,1427,1424,1418,1420,1435,1421,1392,1390,1399,1399,1406,1406,1414,1409,1409,1415,1425,1433,1426,1426,1434,1438,1441,1442,1439,1441,1430,1417,1407,1414,1421,1397,1395,1400,1404,1408,1363,1362,1333,1327,1322,1321,1322,1333,1318,1310,1310,1315,1311,1320,1333,1333,1324,1324,1335,1335,1328,1332,1335,1336,1347,1345,1337,1337,1352,1351,1338,1340,1315,1335,1339,1335,1333,1339,1330,1305,1292,1292,1292,1308,1307,1311,1310,1327,1340
1500,1527,1517,1512,1513,1513,1508,1528,1546,1559,1563,1568,1560,1567,1567,1568,1542,1543,1543,1546,1544,1540,1540,1536,1535,1522,1522,1527,1529,1529,1527,1538,1499,1462,1457,1461,1439,1449,1454,1446,1390,1382,1375,1383,1388,1392,1387,1383,1364,1366,1356,1348,1346,1338,1342,1340,1346,1341,1332,1333,1337,1330,1321,1339,1348,1359,1367,1360,1359,1349,1356,1353,1334,1331,1322,1342,1341,1345,1341,1345,1341,1334,1338,1337,1292,1290,1287,1289,1292,1293,1286,1286,1287,1279,1287,1277,1271,1266,1250,1250,1249,1226,1222,1228,1209,1213,1211,1219,1214,1216,1218,1226,1229,1226,1223,1220,1218,1217,1217,1230,1231
1500,1503,1503,1514,1545,1537,1536,1546,1557,1541,1539,1536,1533,1545,1553,1549,1548,1545,1570,1552,1555,1529,1532,1521,1519,1517,1511,1512,1497,1500,1503,1513,1515,1509,1480,1485,1477,1476,1454,1444,1444,1434,1433,1424,1446,1465,1462,1461,1457,1451,1431,1422,1458,1450,1444,1456,1455,1449,1468,1464,1459,1458,1454,1466,1466,1468,1470,1464,1479,1456,1459,1442,1449,1459,1464,1482,1488,1478,1479,1480,1486,1482,1482,1506,1507,1541,1531,1540,1539,1533,1534,1518,1515,1515,1511,1511,1520,1519,1488,1493,1503,1480,1482,1489,1506,1517,1476,1481,1492,1487,1497,1496,1494,1499,1502,1510,1498,1507,1513,1520,1522
1500,1501,1503,1519,1529,1538,1537,1551,1551,1549,1549,1575,1573,1577,1626,1629,1623,1621,1599,1603,1612,1629,1637,1638,1650,1654,1660,1667,1663,1665,1659,1663,1669,1662,1665,1666,1648,1652,1625,1622,1597,1596,1590,1594,1629,1622,1625,1631,1629,1632,1627,1642,1642,1639,1629,1619,1616,1659,1660,1660,1657,1643,1648,1658,1658,1654,1641,1635,1641,1655,1655,1638,1648,1650,1651,1642,1652,1633,1641,1633,1633,1634,1630,1645,1640,1626,1622,1626,1616,1612,1633,1594,1599,1603,1628,1623,1624,1619,1622,1626,1641,1634,1633,1640,1626,1628,1639,1647,1663,1661,1661,1682,1733,1721,1721,1689,1693,1706,1734,1723,1721
1500,1496,1501,1509,1517,1513,1522,1524,1524,1527,1515,1510,1515,1518,1511,1512,1516,1515,1524,1520,1522,1521,1517,1525,1522,1524,1503,1510,1514,1507,1491,1491,1502,1502,1500,1512,1535,1536,1517,1527,1526,1541,1539,1537,1531,1494,1490,1483,1481,1471,1523,1513,1500,1503,1491,1518,1516,1532,1532,1522,1527,1538,1536,1539,1541,1577,1573,1567,1570,1565,1572,1576,1556,1564,1567,1571,1562,1549,1547,1534,1512,1500,1485,1486,1486,1477,1476,1484,1490,1492,1490,1466,1460,1447,1448,1448,1443,1443,1463,1456,1496,1490,1463,1479,1473,1479,1477,1470,1470,1461,1455,1460,1473,1475,1483,1479,1478,1472,1447,1457,1463
1500,1514,1518,1518,1522,1521,1521,1521,1526,1501,1510,1508,1497,1496,1519,1534,1504,1522,1513,1516,1524,1535,1545,1540,1545,1555,1548,1553,1544,1540,1554,1546,1547,1551,1552,1547,1511,1518,1518,1520,1510,1510,1522,1527,1525,1498,1497,1487,1485,1526,1526,1526,1512,1542,1556,1538,1523,1547,1550,1535,1540,1539,1546,1558,1558,1558,1568,1572,1557,1553,1550,1569,1561,1561,1570,1579,1572,1568,1574,1585,1583,1594,1578,1575,1579,1579,1581,1597,1593,1610,1609,1633,1665,1664,1674,1676,1677,1677,1672,1644,1638,1620,1620,1645,1657,1659,1663,1677,1671,1651,1650,1650,1647,1639,1639,1638,1648,1641,1616,1615,1603
1500,1521,1536,1523,1524,1544,1554,1565,1534,1543,1569,1563,1563,1564,1566,1565,1557,1601,1600,1596,1589,1584,1583,1582,1588,1582,1582,1584,1580,1576,1590,1607,1620,1643,1641,1633,1626,1637,1674,1662,1656,1628,1630,1631,1682,1680,1703,1679,1680,1656,1663,1660,1674,1678,1668,1652,1655,1684,1706,1700,1700,1705,1701,1700,1682,1654,1656,1662,1656,1654,1663,1660,1654,1658,1657,1656,1637,1637,1632,1632,1630,1630,1627,1609,1620,1621,1620,1625,1607,1607,1623,1625,1638,1634,1610,1617,1618,1627,1618,1615,1613,1614,1612,1602,1626,1634,1647,1656,1645,1635,1648,1641,1642,1637,1642,1642,1642,1627,1622,1631,1650
1500,1491,1509,1511,1553,1549,1549,1558,1613,1619,1618,1608,1602,1595,1602,1604,1584,1588,1570,1591,1595,1587,1583,1572,1577,1576,1582,1587,1575,1557,1565,1555,1546,1530,1513,1477,1478,1527,1555,1545,1529,1535,1535,1527,1532,1545,1548,1537,1541,1523,1503,1504,1508,1506,1514,1478,1517,1519,1513,1510,1498,1502,1495,1480,1465,1479,1477,1472,1471,1474,1470,1467,1477,1457,1461,1456,1452,1437,1442,1434,1433,1437,1465,1453,1466,1511,1516,1528,1534,1523,1522,1521,1527,1522,1516,1536,1516,1506,1506,1506,1513,1502,1500,1495,1523,1507,1489,1452,1447,1450,1444,1437,1447,1444,1449,1437,1437,1436,1450,1487,1485
1500,1500,1494,1498,1495,1504,1494,1491,1501,1508,1508,1499,1482,1470,1473,1481,1489,1478,1472,1486,1489,1492,1508,1496,1439,1433,1422,1417,1421,1423,1409,1410,1415,1419,1409,1419,1422,1426,1434,1439,1448,1446,1457,1456,1454,1442,1436,1436,1446,1446,1456,1463,1463,1463,1493,1475,1473,1476,1485,1490,1479,1478,1480,1481,1476,1457,1447,1439,1446,1445,1437,1444,1441,1441,1444,1446,1443,1436,1424,1424,1399,1396,1394,1392,1392,1383,1390,1404,1403,1403,1403,1401,1400,1399,1392,1392,1393,1393,1409,1394,1425,1425,1444,1444,1412,1412,1410,1400,1409,1404,1411,1427,1423,1435,1438,1451,1449,1467,1462,1434,1436
1500,1500,1492,1498,1508,1513,1498,1511,1526,1524,1516,1516,1515,1508,1554,1557,1576,1573,1562,1539,1551,1553,1556,1551,1558,1558,1558,1587,1596,1585,1583,1567,1573,1573,1571,1574,1570,1557,1552,1539,1551,1546,1557,1546,1538,1545,1531,1542,1548,1545,1550,1550,1561,1570,1576,1575,1575,1559,1561,1556,1589,1589,1593,1587,1554,1554,1556,1552,1559,1558,1549,1548,1554,1540,1542,1547,1559,1561,1554,1582,1608,1611,1675,1675,1668,1654,1645,1638,1646,1674,1669,1681,1670,1683,1684,1696,1692,1670,1671,1665,1659,1669,1642,1642,1644,1641,1645,1644,1642,1648,1642,1657,1650,1656,1665,1659,1652,1653,1642,1638,1642
1500,1486,1477,1483,1462,1485,1485,1482,1482,1468,1471,1467,1476,1473,1458,1436,1436,1433,1433,1424,1424,1423,1430,1435,1420,1421,1414,1414,1432,1428,1428,1427,1436,1437,1437,1433,1450,1434,1422,1420,1416,1423,1431,1467,1460,1447,1445,1440,1451,1471,1470,1477,1477,1473,1467,1464,1456,1489,1486,1470,1479,1474,1470,1471,1465,1452,1453,1459,1460,1458,1461,1454,1453,1462,1469,1473,1468,1480,1471,1465,1467,1461,1458,1477,1480,1494,1494,1496,1491,1498,1510,1502,1537,1539,1524,1524,1530,1529,1528,1535,1530,1505,1506,1506,1522,1528,1523,1504,1505,1509,1509,1502,1506,1490,1488,1486,1485,1483,1513,1505,1499
1500,1498,1509,1511,1507,1511,1487,1509,1501,1511,1519,1524,1524,1529,1536,1538,1536,1533,1521,1529,1532,1523,1494,1479,1476,1471,1477,1455,1435,1436,1436,1436,1439,1439,1440,1439,1429,1431,1430,1419,1421,1383,1380,1401,1414,1415,1416,1406,1393,1390,1382,1377,1420,1414,1399,1402,1402,1402,1409,1408,1421,1426,1421,1416,1418,1413,1394,1394,1398,1414,1427,1436,1434,1426,1417,1400,1400,1392,1386,1379,1372,1376,1385,1394,1378,1375,1374,1374,1383,1383,1381,1386,1388,1349,1346,1353,1344,1367,1342,1353,1353,1359,1329,1334,1326,1289,1299,1310,1308,1309,1298,1304,1307,1303,1309,1319,1319,1316,1322,1342,1334
1500,1519,1500,1509,1506,1483,1485,1456,1457,1458,1465,1495,1497,1498,1495,1491,1497,1498,1502,1504,1488,1493,1479,1472,1484,1489,1495,1495,1492,1467,1486,1484,1490,1515,1513,1501,1489,1503,1517,1554,1536,1534,1539,1524,1536,1525,1511,1510,1509,1503,1500,1497,1501,1517,1538,1544,1541,1533,1543,1549,1602,1603,1587,1582,1603,1602,1594,1743,1740,1741,1738,1739,1740,1744,1741,1726,1757,1777,1764,1764,1779,1770,1767,1777,1778,1784,1799,1790,1803,1815,1817,1811,1809,1807,1812,1820,1769,1757,1744,1732,1751,1746,1751,1751,1754,1759,1756,1747,1746,1741,1738,1732,1749,1744,1746,1749,1748,1750,1744,1742,1724
1500,1489,1498,1501,1487,1498,1454,1409,1384,1390,1398,1402,1403,1381,1375,1391,1397,1397,1397,1401,1400,1413,1425,1441,1451,1439,1447,1452,1475,1487,1489,1489,1503,1507,1545,1554,1558,1557,1551,1551,1560,1548,1534,1532,1492,1491,1491,1503,1499,1526,1506,1488,1482,1481,1508,1502,1503,1503,1508,1515,1518,1517,1527,1528,1499,1499,1492,1509,1504,1501,1532,1526,1528,1550,1522,1515,1525,1520,1524,1530,1538,1552,1501,1495,1492,1493,1484,1475,1477,1479,1457,1457,1473,1477,1450,1458,1451,1443,1441,1445,1443,1445,1451,1463,1457,1468,1471,1484,1489,1481,1522,1546,1544,1542,1539,1538,1534,1536,1542,1532,1535
1500,1511,1511,1473,1471,1477,1476,1470,1469,1466,1466,1471,1514,1506,1496,1482,1489,1483,1489,1489,1490,1512,1515,1510,1502,1489,1486,1487,1502,1502,1505,1505,1509,1510,1504,1504,1505,1507,1513,1512,1508,1511,1496,1493,1497,1488,1490,1489,1495,1493,1488,1472,1518,1531,1531,1538,1538,1531,1535,1535,1539,1540,1541,1541,1540,1540,1540,1538,1538,1541,1543,1543,1543,1548,1550,1548,1557,1573,1575,1565,1563,1600,1597,1601,1606,1615,1608,1600,1584,1580,1578,1609,1603,1601,1604,1583,1582,1594,1604,1606,1590,1566,1554,1568,1571,1562,1519,1521,1515,1514,1527,1536,1532,1532,1522,1526,1517,1521,1525,1573,1570
1500,1504,1518,1513,1513,1522,1496,1488,1495,1470,1480,1489,1495,1476,1475,1472,1468,1467,1461,1465,1495,1503,1503,1484,1514,1502,1502,1482,1502,1522,1460,1451,1429,1427,1430,1404,1423,1435,1432,1420,1410,1416,1435,1432,1450,1442,1456,1468,1471,1462,1467,1467,1464,1462,1463,1468,1470,1473,1459,1456,1465,1478,1485,1485,1457,1454,1450,1439,1445,1442,1447,1489,1489,1470,1469,1465,1473,1470,1470,1453,1447,1443,1451,1442,1449,1441,1439,1446,1451,1444,1450,1450,1449,1451,1451,1443,1427,1418,1414,1416,1420,1406,1384,1383,1379,1385,1372,1372,1371,1371,1373,1372,1366,1374,1378,1408,1429,1413,1407,1409,1406
1500,1496,1484,1481,1478,1453,1453,1456,1480,1474,1462,1474,1465,1465,1452,1444,1438,1434,1428,1401,1402,1389,1402,1388,1374,1374,1371,1361,1363,1355,1363,1371,1347,1344,1369,1368,1378,1380,1391,1402,1397,1399,1399,1401,1400,1420,1417,1379,1385,1387,1402,1449,1442,1429,1421,1412,1404,1401,1419,1413,1438,1442,1417,1430,1430,1454,1454,1424,1426,1434,1432,1439,1455,1467,1458,1462,1491,1494,1481,1485,1477,1536,1541,1537,1537,1532,1532,1528,1539,1562,1568,1581,1593,1593,1612,1629,1607,1642,1642,1651,1658,1651,1656,1629,1635,1645,1652,1631,1624,1611,1605,1584,1582,1591,1578,1589,1575,1562,1566,1568,1566
1500,1499,1494,1498,1502,1504,1514,1501,1501,1493,1486,1484,1488,1472,1486,1509,1516,1507,1505,1496,1509,1504,1511,1508,1518,1517,1516,1515,1516,1509,1509,1517,1519,1524,1503,1535,1551,1556,1540,1553,1561,1562,1585,1583,1576,1580,1579,1577,1569,1571,1571,1568,1601,1597,1601,1605,1601,1597,1601,1593,1576,1576,1576,1572,1574,1571,1563,1571,1573,1570,1567,1592,1583,1583,1570,1559,1553,1535,1545,1547,1554,1550,1548,1554,1552,1548,1522,1530,1525,1525,1540,1539,1534,1526,1510,1508,1503,1490,1506,1515,1508,1517,1514,1530,1558,1572,1576,1557,1564,1570,1525,1533,1556,1539,1543,1540,1540,1533,1541,1580,1585
1500,1501,1501,1495,1495,1502,1504,1491,1483,1479,1467,1467,1418,1421,1417,1417,1428,1421,1426,1444,1442,1429,1442,1445,1438,1434,1436,1433,1435,1435,1444,1446,1454,1456,1454,1455,1424,1433,1431,1431,1434,1435,1432,1439,1451,1451,1439,1437,1439,1442,1437,1436,1445,1450,1467,1467,1477,1487,1515,1515,1517,1525,1509,1507,1499,1490,1476,1479,1484,1487,1510,1508,1547,1573,1574,1565,1564,1570,1584,1581,1590,1590,1581,1576,1570,1576,1570,1593,1575,1585,1531,1579,1586,1585,1595,1595,1579,1581,1585,1615,1617,1614,1620,1619,1614,1616,1614,1611,1645,1647,1666,1678,1673,1687,1662,1664,1663,1628,1619,1625,1617
1500,1515,1521,1542,1528,1539,1535,1536,1534,1532,1524,1522,1512,1515,1508,1526,1514,1516,1517,1505,1506,1496,1493,1493,1487,1524,1520,1518,1511,1511,1507,1493,1479,1517,1511,1522,1523,1531,1529,1532,1559,1554,1557,1559,1644,1674,1684,1681,1681,1688,1685,1680,1685,1664,1656,1653,1641,1629,1650,1655,1655,1651,1647,1651,1640,1672,1659,1670,1671,1674,1667,1654,1660,1673,1665,1626,1629,1627,1651,1655,1666,1673,1656,1653,1648,1643,1641,1661,1645,1653,1656,1655,1607,1609,1609,1618,1613,1625,1624,1624,1636,1644,1657,1637,1643,1644,1642,1657,1656,1628,1647,1638,1631,1646,1640,1633,1634,1629,1631,1634,1628
1500,1500,1484,1470,1449,1449,1460,1451,1452,1472,1489,1485,1492,1512,1530,1536,1561,1596,1615,1596,1599,1622,1639,1653,1664,1664,1670,1672,1657,1638,1639,1638,1634,1636,1673,1685,1693,1687,1711,1676,1670,1658,1657,1671,1671,1680,1668,1666,1662,1657,1659,1657,1690,1689,1693,1687,1682,1696,1683,1629,1608,1642,1629,1629,1626,1633,1639,1638,1634,1608,1556,1560,1547,1525,1528,1547,1563,1563,1562,1620,1634,1632,1633,1642,1637,1635,1635,1630,1634,1630,1608,1607,1622,1614,1631,1644,1660,1653,1633,1627,1622,1617,1623,1637,1647,1649,1653,1654,1665,1647,1650,1644,1643,1644,1650,1654,1664,1685,1683,1668,1658
1500,1521,1539,1530,1538,1551,1577,1577,1583,1580,1560,1556,1567,1573,1577,1588,1586,1588,1588,1588,1599,1610,1602,1591,1578,1573,1572,1564,1558,1559,1556,1546,1546,1534,1529,1495,1493,1493,1491,1491,1482,1480,1523,1518,1522,1517,1508,1521,1539,1539,1518,1518,1510,1521,1498,1500,1505,1502,1543,1538,1559,1555,1536,1556,1550,1551,1563,1563,1577,1579,1591,1588,1586,1573,1570,1588,1577,1585,1582,1581,1574,1569,1585,1602,1604,1601,1580,1582,1580,1559,1585,1614,1614,1586,1601,1600,1621,1626,1617,1609,1611,1594,1584,1582,1587,1582,1586,1593,1590,1567,1571,1573,1586,1600,1590,1590,1586,1572,1566,1566,1572
1500,1498,1486,1484,1477,1471,1443,1431,1429,1436,1445,1433,1434,1446,1440,1463,1441,1425,1413,1415,1402,1410,1396,1396,1404,1407,1401,1411,1411,1427,1432,1423,1427,1419,1405,1405,1389,1393,1405,1429,1423,1441,1443,1449,1449,1452,1453,1456,1451,1454,1460,1468,1488,1488,1489,1483,1477,1483,1498,1476,1490,1481,1477,1490,1483,1519,1504,1514,1490,1497,1505,1498,1486,1492,1476,1474,1470,1467,1435,1441,1437,1451,1451,1452,1453,1453,1458,1451,1436,1446,1445,1468,1460,1445,1451,1455,1450,1476,1470,1470,1478,1520,1513,1499,1506,1485,1477,1474,1481,1477,1469,1479,1481,1482,1481,1477,1475,1477,1471,1459,1459
1500,1490,1492,1504,1502,1507,1615,1603,1598,1604,1598,1576,1566,1569,1602,1600,1599,1599,1600,1627,1660,1661,1668,1648,1658,1638,1626,1620,1622,1635,1625,1625,1623,1612,1605,1596,1599,1587,1596,1610,1610,1594,1591,1607,1607,1610,1593,1606,1600,1601,1599,1603,1588,1578,1592,1600,1605,1617,1601,1613,1610,1611,1606,1622,1608,1613,1605,1617,1620,1623,1637,1647,1650,1651,1652,1650,1644,1650,1658,1662,1653,1644,1673,1680,1690,1678,1672,1665,1672,1659,1621,1629,1616,1613,1617,1615,1620,1615,1618,1614,1615,1619,1615,1633,1632,1632,1589,1587,1593,1560,1555,1543,1551,1552,1552,1565,1576,1587,1582,1582,1579
1500,1500,1496,1474,1468,1458,1421,1416,1410,1410,1401,1400,1407,1407,1407,1422,1416,1422,1423,1422,1425,1414,1414,1408,1408,1436,1436,1440,1441,1448,1424,1405,1396,1415,1413,1433,1422,1434,1435,1428,1437,1418,1425,1404,1410,1455,1458,1463,1458,1436,1428,1448,1446,1439,1438,1439,1437,1436,1442,1447,1452,1454,1453,1453,1451,1463,1463,1462,1455,1455,1455,1444,1461,1464,1470,1468,1461,1454,1460,1402,1403,1373,1396,1389,1397,1381,1375,1378,1383,1413,1410,1401,1379,1386,1381,1381,1400,1400,1399,1390,1390,1387,1408,1409,1409,1404,1402,1404,1402,1406,1402,1393,1400,1395,1385,1406,1402,1403,1402,1382,1382
1500,1492,1480,1481,1470,1448,1434,1438,1427,1437,1417,1415,1417,1425,1424,1389,1391,1391,1388,1375,1383,1381,1375,1361,1369,1361,1373,1356,1370,1364,1384,1384,1360,1357,1356,1346,1349,1351,1359,1356,1366,1392,1391,1415,1406,1406,1388,1387,1396,1404,1378,1377,1374,1374,1366,1387,1389,1405,1405,1395,1407,1455,1471,1491,1494,1498,1498,1497,1502,1503,1482,1495,1489,1487,1490,1488,1490,1473,1476,1472,1467,1467,1464,1455,1462,1464,1463,1471,1474,1466,1460,1454,1455,1452,1462,1466,1486,1486,1466,1466,1469,1468,1447,1449,1451,1443,1438,1456,1451,1456,1455,1462,1462,1453,1457,1461,1461,1465,1479,1488,1484
1500,1498,1504,1508,1511,1503,1511,1506,1507,1498,1527,1528,1530,1514,1521,1509,1522,1521,1507,1494,1497,1475,1482,1463,1465,1460,1462,1454,1455,1484,1464,1471,1488,1460,1452,1434,1434,1439,1439,1434,1455,1454,1433,1433,1433,1441,1452,1441,1438,1441,1435,1427,1447,1445,1455,1453,1449,1448,1448,1448,1440,1424,1431,1450,1450,1454,1456,1450,1435,1435,1431,1400,1402,1400,1396,1436,1426,1446,1453,1432,1434,1428,1428,1418,1423,1434,1444,1449,1453,1438,1413,1411,1434,1434,1416,1417,1435,1429,1429,1428,1429,1420,1405,1399,1399,1402,1435,1435,1425,1396,1389,1414,1414,1413,1419,1415,1410,1416,1424,1434,1432
1500,1490,1488,1488,1488,1507,1516,1515,1515,1527,1527,1531,1535,1543,1556,1583,1549,1549,1549,1542,1543,1532,1583,1573,1573,1584,1581,1578,1585,1602,1593,1612,1606,1593,1581,1577,1555,1537,1542,1528,1536,1534,1541,1544,1535,1556,1563,1562,1558,1558,1558,1558,1569,1574,1565,1558,1579,1591,1557,1557,1544,1545,1536,1531,1525,1524,1520,1528,1532,1539,1573,1569,1580,1578,1588,1561,1541,1530,1537,1536,1553,1557,1563,1562,1539,1523,1530,1496,1498,1498,1498,1491,1501,1500,1525,1522,1508,1507,1500,1498,1500,1500,1493,1504,1498,1499,1488,1488,1482,1479,1448,1451,1426,1423,1421,1412,1401,1393,1388,1400,1397
1500,1502,1500,1509,1506,1511,1523,1517,1514,1514,1503,1495,1503,1503,1492,1492,1503,1499,1506,1540,1550,1550,1550,1544,1556,1552,1562,1554,1529,1527,1515,1501,1494,1481,1480,1472,1468,1472,1470,1498,1488,1476,1464,1467,1452,1425,1419,1420,1404,1399,1405,1393,1386,1381,1370,1362,1350,1359,1359,1339,1339,1347,1355,1358,1355,1357,1363,1343,1339,1349,1349,1346,1342,1342,1342,1339,1322,1310,1318,1350,1336,1323,1323,1326,1330,1321,1320,1324,1318,1325,1320,1313,1314,1312,1309,1308,1285,1271,1265,1252,1252,1254,1251,1253,1236,1228,1226,1224,1239,1248,1248,1274,1276,1276,1269,1270,1264,1264,1262,1249,1249
1500,1493,1472,1482,1482,1498,1493,1491,1509,1500,1498,1525,1527,1527,1532,1538,1538,1566,1567,1550,1570,1601,1605,1593,1579,1574,1587,1570,1576,1589,1592,1592,1583,1587,1575,1566,1560,1549,1555,1555,1548,1562,1584,1585,1598,1598,1601,1558,1554,1553,1552,1554,1557,1567,1576,1574,1585,1577,1572,1567,1554,1539,1572,1575,1592,1600,1607,1608,1597,1597,1597,1592,1601,1603,1599,1597,1597,1595,1616,1600,1588,1588,1581,1591,1585,1579,1579,1584,1589,1590,1570,1570,1567,1574,1579,1575,1580,1580,1580,1583,1582,1600,1589,1589,1592,1634,1622,1622,1595,1584,1573,1573,1569,1569,1568,1577,1575,1575,1593,1586,1589
1500,1480,1447,1445,1446,1441,1538,1528,1532,1531,1526,1519,1475,1489,1489,1488,1501,1500,1488,1483,1498,1504,1508,1504,1506,1511,1491,1494,1489,1495,1479,1514,1502,1499,1503,1491,1499,1498,1502,1498,1493,1487,1476,1474,1474,1468,1467,1458,1453,1452,1458,1449,1452,1449,1450,1444,1444,1440,1441,1459,1446,1454,1455,1457,1455,1451,1468,1468,1462,1462,1478,1480,1478,1488,1488,1482,1435,1435,1432,1424,1415,1410,1409,1404,1435,1449,1440,1434,1434,1431,1428,1419,1422,1420,1419,1398,1395,1371,1373,1380,1382,1366,1355,1352,1330,1305,1301,1295,1298,1292,1292,1283,1286,1286,1286,1285,1279,1279,1271,1260,1262
1500,1484,1477,1473,1478,1470,1459,1459,1461,1463,1466,1471,1469,1469,1469,1478,1459,1463,1450,1431,1431,1438,1444,1448,1444,1453,1436,1446,1450,1435,1460,1463,1455,1454,1449,1442,1435,1439,1440,1446,1454,1444,1435,1428,1436,1429,1435,1435,1450,1447,1435,1433,1433,1432,1435,1450,1448,1449,1425,1415,1411,1403,1394,1420,1417,1411,1376,1381,1398,1392,1386,1388,1384,1382,1380,1385,1385,1367,1375,1371,1376,1374,1371,1371,1353,1377,1377,1376,1383,1388,1390,1450,1447,1449,1459,1456,1478,1486,1503,1508,1508,1505,1488,1488,1495,1488,1481,1439,1438,1434,1436,1434,1438,1407,1409,1412,1409,1421,1437,1429,1422
1500,1495,1493,1483,1492,1470,1470,1470,1468,1475,1491,1493,1479,1474,1474,1491,1489,1495,1479,1477,1464,1459,1462,1468,1470,1466,1496,1507,1501,1498,1495,1484,1485,1483,1484,1498,1495,1479,1457,1445,1429,1433,1428,1423,1408,1408,1400,1388,1387,1395,1401,1400,1396,1398,1388,1386,1383,1386,1404,1397,1394,1394,1394,1400,1416,1402,1401,1425,1428,1430,1435,1469,1470,1460,1457,1458,1457,1452,1430,1443,1451,1454,1468,1481,1478,1479,1472,1434,1433,1448,1452,1438,1432,1445,1443,1453,1453,1463,1466,1457,1457,1443,1434,1431,1437,1438,1437,1436,1443,1448,1450,1453,1457,1469,1481,1452,1459,1459,1459,1474,1466
1500,1497,1503,1493,1493,1498,1506,1492,1466,1479,1472,1461,1464,1460,1449,1447,1442,1435,1554,1549,1554,1559,1552,1580,1577,1545,1582,1588,1590,1608,1611,1607,1627,1630,1648,1648,1642,1635,1635,1629,1639,1591,1602,1612,1609,1613,1616,1611,1609,1608,1609,1599,1602,1591,1576,1577,1575,1560,1556,1598,1598,1608,1608,1600,1600,1590,1602,1610,1606,1599,1599,1604,1591,1589,1595,1593,1607,1610,1615,1609,1601,1586,1583,1569,1567,1597,1609,1612,1595,1595,1592,1601,1592,1590,1617,1643,1641,1625,1639,1625,1639,1622,1628,1626,1622,1612,1620,1623,1636,1671,1664,1657,1676,1677,1711,1727,1691,1686,1686,1726,1757
1500,1508,1492,1485,1501,1501,1501,1508,1500,1510,1501,1504,1510,1512,1512,1515,1508,1507,1512,1510,1525,1525,1525,1529,1533,1533,1564,1581,1588,1565,1564,1561,1560,1570,1560,1562,1547,1561,1552,1569,1588,1601,1554,1570,1572,1572,1573,1595,1604,1606,1620,1634,1619,1637,1637,1646,1648,1638,1637,1634,1632,1632,1636,1637,1642,1659,1655,1647,1642,1640,1654,1657,1649,1672,1681,1707,1712,1703,1688,1705,1697,1704,1696,1717,1714,1704,1695,1697,1725,1726,1762,1760,1749,1763,1780,1764,1764,1772,1762,1779,1773,1772,1798,1802,1839,1844,1857,1862,1867,1871,1892,1877,1879,1861,1846,1841,1813,1813,1826,1825,1826
1500,1494,1499,1488,1476,1476,1478,1479,1482,1462,1455,1455,1454,1453,1449,1441,1439,1461,1448,1435,1433,1416,1415,1440,1440,1439,1447,1464,1465,1492,1534,1541,1555,1565,1585,1592,1587,1587,1585,1585,1586,1587,1587,1584,1591,1609,1615,1622,1615,1604,1604,1638,1650,1651,1656,1674,1662,1646,1644,1673,1673,1682,1681,1715,1715,1722,1735,1734,1741,1739,1740,1731,1711,1691,1680,1697,1696,1702,1715,1691,1691,1686,1663,1667,1672,1673,1683,1677,1714,1720,1713,1713,1708,1713,1711,1670,1664,1677,1679,1672,1665,1703,1703,1715,1677,1675,1669,1652,1651,1644,1637,1643,1661,1663,1661,1657,1657,1657,1655,1652,1633
1500,1492,1488,1490,1458,1448,1454,1454,1462,1460,1470,1470,1462,1456,1454,1449,1461,1462,1461,1441,1457,1465,1457,1456,1473,1475,1488,1520,1542,1548,1540,1546,1565,1558,1548,1547,1540,1543,1574,1578,1572,1568,1558,1561,1560,1581,1589,1588,1596,1592,1588,1593,1598,1604,1631,1640,1643,1631,1639,1652,1673,1686,1695,1705,1710,1705,1750,1746,1711,1713,1722,1706,1704,1698,1722,1748,1745,1748,1755,1753,1752,1770,1775,1773,1770,1769,1788,1799,1803,1802,1803,1804,1814,1806,1812,1808,1814,1816,1818,1835,1815,1837,1853,1861,1862,1861,1862,1870,1865,1851,1857,1870,1870,1887,1887,1876,1874,1874,1884,1889,1916
1500,1487,1488,1483,1487,1488,1482,1490,1490,1487,1485,1495,1484,1485,1475,1474,1468,1467,1470,1463,1462,1469,1477,1477,1474,1452,1436,1438,1429,1435,1421,1405,1403,1404,1411,1424,1434,1414,1421,1405,1392,1385,1388,1392,1392,1400,1389,1415,1400,1380,1397,1394,1389,1389,1381,1377,1362,1357,1362,1363,1365,1363,1361,1385,1400,1384,1402,1394,1412,1407,1407,1407,1409,1409,1412,1404,1402,1423,1417,1426,1446,1447,1450,1450,1443,1445,1482,1490,1497,1510,1480,1477,1507,1507,1483,1483,1454,1439,1461,1461,1468,1468,1472,1502,1505,1509,1502,1511,1503,1515,1515,1508,1508,1506,1512,1525,1516,1522,1494,1511,1507
1500,1519,1489,1507,1511,1516,1497,1487,1474,1472,1471,1486,1493,1488,1491,1491,1495,1501,1506,1516,1503,1522,1532,1522,1522,1513,1504,1500,1490,1488,1487,1495,1493,1500,1502,1503,1503,1526,1526,1519,1510,1467,1465,1475,1475,1474,1463,1455,1459,1462,1460,1458,1462,1468,1438,1451,1466,1479,1492,1498,1511,1517,1509,1557,1531,1520,1520,1507,1512,1518,1487,1481,1462,1450,1434,1428,1412,1405,1405,1415,1419,1454,1455,1467,1475,1478,1477,1497,1495,1500,1489,1491,1489,1485,1475,1487,1477,1475,1463,1458,1451,1455,1435,1435,1435,1443,1443,1435,1427,1431,1447,1443,1440,1421,1428,1429,1429,1428,1411,1415,1397
1500,1510,1506,1527,1542,1541,1563,1602,1619,1605,1609,1610,1609,1612,1606,1609,1609,1558,1562,1568,1557,1555,1559,1554,1543,1542,1581,1539,1533,1546,1560,1552,1548,1576,1598,1597,1571,1570,1582,1601,1600,1607,1580,1575,1578,1575,1576,1597,1634,1634,1628,1633,1634,1650,1644,1639,1644,1639,1632,1627,1629,1628,1632,1627,1637,1649,1655,1652,1655,1649,1634,1613,1614,1628,1644,1631,1627,1623,1625,1609,1615,1613,1602,1611,1616,1618,1638,1638,1633,1618,1608,1627,1638,1636,1632,1628,1628,1620,1616,1617,1574,1572,1570,1603,1603,1601,1601,1610,1594,1592,1582,1584,1566,1560,1565,1564,1554,1552,1545,1542,1538
1500,1466,1450,1454,1454,1459,1485,1486,1480,1485,1470,1473,1473,1457,1450,1452,1437,1443,1433,1434,1434,1440,1442,1444,1442,1451,1501,1503,1497,1490,1498,1497,1482,1482,1495,1493,1470,1480,1468,1472,1463,1416,1424,1425,1429,1440,1432,1435,1436,1435,1433,1458,1440,1437,1437,1416,1414,1409,1425,1427,1405,1405,1412,1394,1389,1389,1395,1388,1385,1362,1369,1389,1408,1413,1422,1409,1411,1412,1428,1421,1413,1412,1407,1416,1419,1414,1420,1409,1417,1442,1449,1442,1442,1442,1448,1448,1460,1461,1475,1475,1484,1482,1467,1478,1472,1465,1466,1464,1457,1454,1459,1453,1446,1444,1444,1433,1415,1428,1427,1427,1433
1500,1508,1494,1502,1486,1481,1484,1478,1481,1498,1499,1504,1504,1507,1503,1506,1513,1512,1525,1533,1538,1538,1538,1539,1521,1527,1526,1530,1531,1538,1578,1572,1572,1571,1571,1566,1578,1582,1548,1553,1594,1601,1607,1601,1595,1608,1621,1604,1593,1598,1598,1577,1576,1586,1584,1583,1584,1592,1581,1565,1565,1558,1553,1544,1549,1537,1535,1539,1540,1530,1548,1575,1581,1577,1576,1561,1566,1562,1558,1554,1541,1544,1540,1545,1545,1556,1552,1546,1556,1555,1562,1577,1575,1571,1571,1648,1643,1643,1633,1628,1619,1598,1607,1605,1597,1600,1602,1600,1711,1709,1813,1790,1799,1796,1798,1796,1762,1769,1753,1750,1758
1500,1484,1482,1488,1487,1495,1487,1489,1494,1492,1479,1487,1482,1490,1478,1478,1485,1499,1468,1463,1471,1465,1466,1457,1441,1434,1430,1424,1416,1432,1426,1443,1448,1449,1449,1472,1472,1478,1476,1517,1536,1531,1521,1525,1530,1517,1500,1484,1491,1492,1483,1484,1497,1485,1504,1513,1503,1531,1532,1531,1496,1502,1489,1486,1485,1520,1511,1506,1510,1517,1525,1498,1498,1512,1509,1509,1515,1507,1506,1510,1559,1566,1558,1559,1561,1525,1540,1539,1535,1514,1512,1519,1520,1529,1539,1540,1525,1550,1535,1542,1534,1518,1521,1508,1500,1507,1506,1518,1515,1525,1521,1521,1535,1519,1503,1503,1505,1488,1482,1498,1498
1500,1500,1510,1505,1511,1508,1504,1504,1501,1521,1502,1501,1479,1477,1470,1549,1548,1547,1544,1542,1570,1570,1573,1586,1583,1589,1610,1615,1607,1608,1611,1605,1604,1593,1593,1591,1589,1603,1589,1575,1570,1574,1576,1574,1570,1564,1560,1568,1589,1576,1575,1573,1559,1565,1585,1587,1588,1588,1598,1599,1600,1618,1612,1601,1600,1625,1622,1623,1622,1643,1658,1653,1656,1655,1645,1645,1643,1641,1644,1655,1657,1670,1642,1639,1640,1640,1640,1637,1598,1600,1597,1598,1619,1619,1621,1633,1647,1665,1662,1663,1671,1678,1678,1667,1671,1657,1639,1639,1642,1643,1648,1643,1639,1627,1630,1634,1647,1638,1637,1623,1627
1500,1503,1492,1522,1517,1509,1505,1501,1565,1567,1561,1561,1558,1537,1542,1542,1557,1556,1558,1587,1579,1582,1580,1599,1607,1637,1637,1632,1613,1606,1629,1621,1630,1626,1619,1645,1645,1634,1633,1624,1630,1667,1659,1719,1699,1687,1674,1656,1665,1670,1680,1686,1670,1676,1670,1670,1678,1682,1682,1677,1699,1712,1717,1738,1748,1767,1748,1773,1779,1773,1767,1775,1762,1753,1752,1721,1734,1739,1738,1753,1756,1781,1793,1793,1799,1798,1801,1788,1790,1786,1775,1811,1831,1838,1839,1850,1847,1864,1872,1881,1875,1867,1905,1918,1941,1960,1969,1972,1975,1943,1949,1952,1955,1946,1947,1937,1932,1938,1953,1942,1934
1500,1480,1465,1466,1461,1493,1516,1522,1521,1521,1511,1514,1506,1493,1473,1481,1481,1479,1468,1462,1468,1480,1485,1475,1480,1465,1471,1476,1498,1502,1502,1515,1521,1521,1505,1505,1503,1500,1497,1493,1484,1478,1510,1502,1507,1503,1504,1490,1477,1457,1494,1508,1515,1504,1504,1493,1504,1500,1475,1475,1466,1467,1461,1459,1443,1441,1419,1403,1403,1404,1380,1380,1379,1397,1404,1404,1399,1392,1391,1404,1414,1420,1417,1416,1417,1442,1480,1476,1476,1476,1470,1467,1473,1449,1458,1440,1410,1407,1409,1419,1414,1415,1411,1405,1401,1398,1399,1370,1375,1382,1390,1383,1385,1389,1390,1405,1383,1365,1372,1375,1378
1500,1500,1510,1503,1488,1497,1487,1464,1474,1480,1526,1520,1541,1569,1573,1574,1521,1491,1498,1499,1492,1499,1490,1489,1507,1499,1490,1490,1481,1480,1484,1489,1450,1454,1458,1468,1467,1472,1467,1471,1469,1438,1414,1414,1414,1415,1426,1427,1414,1414,1427,1426,1435,1435,1444,1449,1465,1461,1455,1467,1464,1464,1464,1446,1439,1431,1417,1410,1388,1413,1417,1420,1403,1403,1379,1383,1384,1378,1377,1401,1409,1412,1412,1427,1419,1420,1448,1445,1449,1441,1441,1450,1436,1406,1431,1430,1445,1427,1408,1406,1399,1401,1401,1401,1399,1399,1398,1401,1376,1366,1376,1373,1373,1368,1364,1363,1346,1363,1365,1372,1362
1500,1496,1473,1476,1504,1492,1518,1513,1513,1536,1540,1543,1542,1562,1561,1551,1546,1544,1566,1563,1559,1550,1556,1541,1546,1550,1549,1523,1523,1530,1539,1542,1547,1567,1512,1523,1523,1513,1526,1525,1524,1518,1528,1520,1521,1529,1508,1508,1499,1503,1521,1524,1525,1519,1528,1548,1548,1548,1528,1505,1504,1499,1524,1533,1518,1528,1527,1526,1519,1527,1532,1538,1526,1527,1534,1532,1532,1527,1523,1518,1518,1537,1539,1532,1531,1544,1549,1564,1560,1569,1572,1567,1568,1556,1539,1521,1519,1516,1504,1508,1516,1535,1548,1554,1564,1563,1564,1544,1542,1556,1544,1546,1561,1561,1570,1571,1573,1574,1568,1541,1538
1500,1510,1510,1511,1519,1521,1511,1511,1523,1511,1508,1505,1486,1495,1480,1472,1472,1481,1480,1482,1485,1484,1478,1498,1489,1469,1472,1471,1470,1490,1500,1509,1509,1497,1497,1496,1503,1519,1516,1519,1511,1518,1516,1509,1495,1499,1517,1510,1483,1496,1512,1512,1514,1517,1485,1486,1485,1488,1479,1484,1477,1486,1477,1477,1484,1487,1485,1483,1483,1480,1470,1469,1460,1449,1440,1442,1428,1421,1421,1426,1430,1436,1431,1433,1438,1435,1415,1413,1411,1463,1463,1464,1461,1474,1479,1478,1474,1475,1510,1511,1508,1513,1516,1512,1512,1507,1507,1511,1511,1510,1518,1533,1529,1522,1526,1525,1523,1528,1517,1514,1515
1500,1505,1491,1523,1517,1515,1515,1510,1512,1512,1528,1519,1519,1523,1525,1520,1518,1530,1527,1511,1510,1512,1500,1490,1493,1484,1484,1477,1470,1497,1497,1489,1501,1505,1505,1502,1495,1493,1488,1466,1467,1446,1446,1456,1459,1483,1491,1477,1475,1489,1492,1497,1498,1516,1511,1504,1484,1474,1478,1479,1483,1481,1487,1484,1477,1473,1464,1470,1467,1470,1478,1465,1455,1463,1401,1388,1385,1390,1397,1396,1410,1402,1391,1391,1380,1374,1405,1426,1421,1417,1431,1425,1430,1434,1428,1410,1405,1397,1382,1390,1410,1416,1423,1425,1428,1425,1428,1422,1415,1429,1456,1461,1417,1453,1459,1442,1450,1450,1449,1444,1453
1500,1514,1509,1512,1507,1518,1478,1462,1472,1470,1464,1456,1450,1446,1445,1430,1420,1413,1412,1420,1416,1412,1412,1405,1403,1403,1407,1404,1396,1395,1391,1377,1384,1385,1385,1363,1355,1355,1351,1351,1356,1362,1367,1365,1368,1385,1375,1404,1399,1407,1457,1471,1472,1480,1481,1479,1473,1480,1463,1474,1463,1461,1461,1454,1443,1460,1452,1457,1444,1428,1419,1418,1425,1418,1414,1413,1428,1434,1425,1425,1425,1426,1429,1434,1438,1438,1447,1440,1440,1450,1470,1466,1440,1446,1456,1458,1458,1451,1448,1452,1453,1449,1451,1451,1450,1449,1453,1449,1449,1446,1448,1452,1460,1486,1487,1486,1489,1468,1461,1467,1460
1500,1508,1486,1526,1534,1536,1536,1531,1540,1540,1548,1541,1569,1602,1599,1596,1588,1572,1568,1566,1530,1508,1505,1497,1521,1523,1513,1488,1499,1499,1508,1500,1512,1512,1506,1514,1510,1510,1486,1472,1470,1481,1476,1494,1499,1506,1507,1506,1499,1509,1509,1508,1497,1490,1492,1486,1481,1488,1472,1466,1484,1486,1479,1484,1477,1476,1481,1468,1464,1468,1430,1430,1426,1425,1417,1440,1440,1439,1442,1351,1347,1346,1346,1326,1333,1333,1322,1322,1323,1316,1315,1324,1318,1322,1340,1342,1341,1332,1331,1331,1341,1323,1321,1319,1319,1310,1321,1319,1330,1330,1340,1344,1337,1353,1373,1356,1350,1348,1358,1364,1354
1500,1500,1500,1508,1528,1521,1521,1533,1522,1524,1576,1550,1559,1557,1557,1551,1545,1539,1533,1549,1546,1551,1559,1539,1551,1535,1519,1556,1542,1541,1536,1539,1539,1541,1546,1542,1534,1532,1524,1512,1506,1490,1490,1490,1490,1496,1503,1491,1500,1486,1479,1466,1463,1454,1454,1440,1441,1429,1415,1410,1402,1398,1418,1413,1408,1416,1410,1385,1385,1376,1368,1394,1386,1379,1369,1365,1378,1387,1385,1385,1400,1399,1386,1387,1377,1377,1384,1388,1380,1393,1393,1398,1389,1391,1391,1382,1384,1383,1401,1406,1399,1388,1387,1395,1388,1444,1444,1444,1439,1438,1442,1437,1491,1497,1491,1467,1471,1471,1472,1474,1474
1500,1485,1491,1492,1478,1477,1469,1465,1498,1504,1494,1489,1480,1491,1495,1504,1528,1521,1529,1533,1506,1512,1487,1484,1477,1497,1495,1497,1496,1493,1498,1498,1513,1515,1506,1503,1504,1499,1500,1527,1524,1523,1528,1525,1525,1519,1522,1521,1497,1499,1485,1491,1477,1479,1473,1463,1462,1463,1464,1458,1450,1433,1470,1503,1515,1519,1532,1538,1527,1530,1523,1508,1498,1496,1498,1504,1501,1498,1479,1485,1481,1485,1485,1480,1463,1461,1457,1459,1457,1454,1461,1461,1449,1460,1446,1497,1519,1515,1493,1519,1517,1536,1556,1540,1540,1530,1524,1532,1528,1545,1535,1532,1534,1550,1557,1562,1544,1540,1528,1528,1521
1500,1510,1542,1538,1540,1541,1582,1592,1606,1611,1635,1642,1635,1645,1634,1628,1660,1662,1666,1666,1662,1656,1642,1675,1705,1701,1732,1710,1711,1691,1708,1722,1721,1723,1726,1730,1734,1730,1728,1750,1769,1764,1792,1787,1792,1788,1799,1789,1782,1764,1760,1755,1753,1757,1748,1735,1741,1736,1724,1730,1727,1737,1741,1775,1775,1730,1740,1734,1738,1732,1758,1760,1765,1741,1747,1735,1734,1727,1731,1724,1727,1731,1754,1753,1747,1742,1746,1745,1745,1736,1738,1746,1750,1753,1748,1751,1746,1748,1759,1751,1757,1753,1758,1752,1738,1737,1749,1735,1740,1740,1731,1715,1716,1714,1712,1720,1719,1746,1754,1755,1737
1500,1500,1493,1498,1492,1500,1530,1528,1528,1528,1555,1556,1573,1556,1560,1547,1590,1607,1611,1608,1612,1610,1610,1625,1631,1631,1593,1593,1599,1603,1606,1606,1603,1567,1567,1565,1562,1569,1587,1575,1565,1563,1563,1563,1554,1553,1547,1527,1538,1538,1548,1542,1533,1547,1549,1539,1547,1540,1509,1522,1496,1512,1513,1510,1513,1502,1512,1505,1504,1481,1499,1492,1482,1515,1518,1524,1534,1526,1494,1509,1492,1497,1486,1472,1473,1484,1485,1489,1492,1491,1487,1513,1510,1497,1515,1513,1508,1517,1509,1523,1521,1501,1506,1505,1493,1501,1498,1488,1505,1508,1479,1478,1474,1502,1485,1464,1461,1469,1477,1490,1499
1500,1493,1494,1488,1486,1484,1474,1466,1475,1453,1453,1437,1467,1467,1472,1470,1463,1470,1502,1507,1513,1517,1519,1540,1539,1532,1529,1544,1542,1548,1543,1545,1542,1544,1524,1524,1535,1552,1554,1565,1573,1577,1572,1577,1568,1547,1577,1585,1589,1588,1615,1606,1605,1606,1609,1602,1597,1596,1597,1597,1590,1588,1588,1602,1590,1591,1605,1598,1602,1605,1612,1622,1636,1635,1639,1635,1638,1666,1692,1687,1686,1684,1681,1682,1687,1688,1689,1683,1656,1661,1631,1592,1589,1597,1591,1595,1599,1581,1602,1601,1609,1641,1627,1615,1620,1623,1628,1606,1597,1597,1602,1601,1599,1610,1613,1610,1628,1645,1645,1642,1640
1500,1514,1481,1482,1487,1485,1466,1475,1481,1491,1492,1509,1484,1482,1486,1490,1480,1481,1485,1493,1452,1457,1467,1480,1476,1472,1483,1453,1462,1465,1451,1416,1429,1444,1433,1430,1419,1410,1408,1398,1399,1420,1416,1412,1409,1411,1410,1431,1431,1427,1427,1427,1418,1426,1435,1437,1438,1434,1435,1443,1443,1443,1451,1452,1440,1442,1455,1465,1450,1449,1464,1469,1469,1467,1444,1464,1464,1461,1462,1461,1462,1478,1473,1457,1454,1452,1427,1414,1414,1413,1414,1414,1414,1398,1430,1430,1446,1450,1463,1423,1430,1433,1433,1432,1426,1421,1424,1421,1439,1453,1411,1409,1406,1391,1391,1402,1401,1401,1402,1406,1407
1500,1506,1510,1536,1536,1543,1541,1544,1544,1538,1530,1538,1546,1544,1556,1548,1551,1521,1527,1540,1546,1539,1535,1526,1523,1522,1514,1539,1521,1542,1534,1536,1544,1543,1539,1574,1574,1552,1552,1553,1573,1577,1577,1576,1588,1580,1574,1571,1585,1588,1603,1585,1590,1585,1570,1579,1566,1563,1571,1574,1581,1575,1593,1588,1584,1581,1580,1587,1548,1563,1564,1554,1545,1541,1551,1586,1598,1605,1605,1607,1614,1613,1623,1629,1612,1609,1606,1608,1604,1611,1622,1627,1621,1598,1577,1577,1573,1589,1599,1602,1591,1595,1594,1603,1603,1593,1587,1587,1597,1594,1593,1599,1634,1634,1612,1638,1640,1654,1648,1648,1622
1500,1520,1518,1522,1510,1484,1603,1619,1602,1644,1677,1678,1685,1687,1698,1690,1692,1684,1680,1655,1650,1640,1646,1646,1646,1639,1636,1627,1636,1628,1621,1620,1626,1632,1633,1628,1635,1629,1627,1619,1626,1635,1646,1650,1655,1704,1702,1717,1735,1740,1739,1741,1732,1731,1727,1727,1723,1703,1700,1731,1730,1723,1750,1749,1750,1756,1744,1767,1764,1726,1715,1720,1717,1718,1730,1724,1726,1747,1739,1723,1701,1692,1691,1683,1681,1679,1674,1670,1672,1670,1682,1708,1710,1697,1697,1687,1694,1694,1717,1739,1737,1742,1734,1721,1720,1715,1716,1720,1703,1683,1676,1687,1695,1695,1706,1704,1699,1711,1720,1729,1704
