Rank,First Name,Last Name,Database#,USATT#,Location,Home Club,Tournament Rating,Last Played Tournament,League Rating,Last Played League,Membership Expiration,Tournament,Initial Rating,Final Rating,Start Date,End Date
9,Jishan,Liang,4482,86560,"Cary, NC",NC International Table Tennis (NCITT),2746,2024-08-04,2648,2015-06-02,ACTIVE,Carmel Barrau 2021 December BTTC Open Tournament,2711.0,2701.0,2021-12-10,2021-12-12
9,Jishan,Liang,4482,86560,"Cary, NC",NC International Table Tennis (NCITT),2746,2024-08-04,2648,2015-06-02,ACTIVE,Butterfly 2019 June BTTC Open Tournament,2672.0,2694.0,2019-06-23,2019-06-23
9,Jishan,Liang,4482,86560,"Cary, NC",NC International Table Tennis (NCITT),2746,2024-08-04,2648,2015-06-02,ACTIVE,Butterfly 2018 June BTTC Open Tournament,2635.0,2635.0,2018-06-17,2018-06-17
9,Jishan,Liang,4482,86560,"Cary, NC",NC International Table Tennis (NCITT),2746,2024-08-04,2648,2015-06-02,ACTIVE,Robopong December 2017 BTTC Open,2634.0,2613.0,2017-12-15,2017-12-17
9,Jishan,Liang,4482,86560,"Cary, NC",NC International Table Tennis (NCITT),2746,2024-08-04,2648,2015-06-02,ACTIVE,Robo-Pong November 2017 BTTC Open,2685.0,2695.0,2017-11-04,2017-11-05
9,Jishan,Liang,4482,86560,"Cary, NC",NC International Table Tennis (NCITT),2746,2024-08-04,2648,2015-06-02,ACTIVE,Robopong September 2017 BTTC Open,2694.0,2712.0,2017-09-02,2017-09-03
14,Jinxin,Wang,8266,94609,"Santa Clara, CA",,2718,2024-09-02,0,,ACTIVE,Butterfly Dec 2018 BTTC Open,2650.0,2620.0,2018-12-14,2018-12-16
20,Daniel,Gorak,166717,1166717,"Tampa, FL",,2692,2024-08-10,0,,ACTIVE,Carmel Barrau 2021 December BTTC Open Tournament,2683.0,2697.0,2021-12-10,2021-12-12
20,Daniel,Gorak,166717,1166717,"Tampa, FL",,2692,2024-08-10,0,,ACTIVE,Butterfly 2019 December BTTC Open Tournament,2633.0,2643.0,2019-12-15,2019-12-15
48,Angel,Naranjo,5512,92745,San Juan,,2620,2024-04-14,0,,ACTIVE,Butterfly Dec 2018 BTTC Open,2357.0,2414.0,2018-12-14,2018-12-16
48,Angel,Naranjo,5512,92745,San Juan,,2620,2024-04-14,0,,ACTIVE,Butterfly 2018 June BTTC Open Tournament,2366.0,2346.0,2018-06-17,2018-06-17
48,Angel,Naranjo,5512,92745,San Juan,,2620,2024-04-14,0,,ACTIVE,Robopong December 2017 BTTC Open,2245.0,2234.0,2017-12-15,2017-12-17
48,Angel,Naranjo,5512,92745,San Juan,,2620,2024-04-14,0,,ACTIVE,Robopong May 2016 Broward TTC Open,2021.0,1996.0,2016-05-07,2016-05-07
48,Angel,Naranjo,5512,92745,San Juan,,2620,2024-04-14,0,,ACTIVE,Robo Pong September 2015 BTTC Open,1960.0,1963.0,2015-09-06,
51,David Yong-Xiang,Zhuang,9163,58322,"West Windsor, NJ","Princeton Pong, LLC",2613,2020-10-11,2612,2020-09-29,ACTIVE,April 09 Broward TT Open,2695.0,2697.0,2009-04-05,
60,Amy,Wang,8222,76235,"Turnersville, NJ",USA Table Tennis,2593,2024-07-07,2400,2022-05-06,ACTIVE,BTTC October Open,1699.0,1821.0,2010-10-24,
74,Ojo,Onaolapo,121240,220240,"Newark, NY",PINGPOD,2567,2024-08-31,2604,2022-05-14,ACTIVE,Carmel Barrau 2021 December BTTC Open Tournament,2567.0,2578.0,2021-12-10,2021-12-12
74,Ojo,Onaolapo,121240,220240,"Newark, NY",PINGPOD,2567,2024-08-31,2604,2022-05-14,ACTIVE,Butterfly 2021 September BTTC Open,2543.0,2543.0,2021-09-24,2021-09-26
74,Ojo,Onaolapo,121240,220240,"Newark, NY",PINGPOD,2567,2024-08-31,2604,2022-05-14,ACTIVE,Butterfly 2019 December BTTC Open Tournament,2561.0,2573.0,2019-12-15,2019-12-15
74,Ojo,Onaolapo,121240,220240,"Newark, NY",PINGPOD,2567,2024-08-31,2604,2022-05-14,ACTIVE,Butterfly 2019 June BTTC Open Tournament,2570.0,2578.0,2019-06-23,2019-06-23
74,Ojo,Onaolapo,121240,220240,"Newark, NY",PINGPOD,2567,2024-08-31,2604,2022-05-14,ACTIVE,BUTTERFLY APRIL 2019 BTTC OPEN,2643.0,2666.0,2019-04-12,2019-04-14
74,Ojo,Onaolapo,121240,220240,"Newark, NY",PINGPOD,2567,2024-08-31,2604,2022-05-14,ACTIVE,Butterfly February 2019 BTTC Open,2503.0,2631.0,2019-02-15,2019-02-15
74,Ojo,Onaolapo,121240,220240,"Newark, NY",PINGPOD,2567,2024-08-31,2604,2022-05-14,ACTIVE,Butterfly Dec 2018 BTTC Open,2521.0,2559.0,2018-12-14,2018-12-16
74,Ojo,Onaolapo,121240,220240,"Newark, NY",PINGPOD,2567,2024-08-31,2604,2022-05-14,ACTIVE,Butterfly 2018 August BTTC Open Tournament,2496.0,2541.0,2018-08-11,2018-08-12
74,Ojo,Onaolapo,121240,220240,"Newark, NY",PINGPOD,2567,2024-08-31,2604,2022-05-14,ACTIVE,Robo-Pong November 2017 BTTC Open,2473.0,2464.0,2017-11-04,2017-11-05
76,Enrique,Rios,132378,1132378,"Morovis, FN",,2564,2024-08-11,2186,2022-04-23,ACTIVE,Butterfly 2019 December BTTC Open Tournament,2123.0,2056.0,2019-12-15,2019-12-15
76,Enrique,Rios,132378,1132378,"Morovis, FN",,2564,2024-08-11,2186,2022-04-23,ACTIVE,Butterfly Dec 2018 BTTC Open,1926.0,1884.0,2018-12-14,2018-12-16
77,Phong,Nguyen,102225,98055,"New Orleans, LA",,2564,2024-07-20,0,,ACTIVE,Butterfly 2018 August BTTC Open Tournament,2546.0,2557.0,2018-08-11,2018-08-12
77,Phong,Nguyen,102225,98055,"New Orleans, LA",,2564,2024-07-20,0,,ACTIVE,Butterfly April 2018 BTTC Open,2534.0,2520.0,2018-04-14,2018-04-15
77,Phong,Nguyen,102225,98055,"New Orleans, LA",,2564,2024-07-20,0,,ACTIVE,Robopong September 2017 BTTC Open,2547.0,2562.0,2017-09-02,2017-09-03
86,Hong,Lin,121666,220666,"Cary, NC",NC International Table Tennis (NCITT),2549,2024-07-07,0,,ACTIVE,Butterfly 2018 June BTTC Open Tournament,2538.0,2535.0,2018-06-17,2018-06-17
87,Yichi,Zhang,9059,89328,"Clinton, IL",Experior Table Tennis Club,2544,2024-05-05,2621,2019-08-10,ACTIVE,Robo-Pong November 2017 BTTC Open,2610.0,2604.0,2017-11-04,2017-11-05
87,Yichi,Zhang,9059,89328,"Clinton, IL",Experior Table Tennis Club,2544,2024-05-05,2621,2019-08-10,ACTIVE,Robopong September 2017 BTTC Open,2636.0,2557.0,2017-09-02,2017-09-03
87,Yichi,Zhang,9059,89328,"Clinton, IL",Experior Table Tennis Club,2544,2024-05-05,2621,2019-08-10,ACTIVE,Robopong June 2016 Marty Prager Memorial BTTC Open,2547.0,2521.0,2016-06-24,2016-06-26
87,Yichi,Zhang,9059,89328,"Clinton, IL",Experior Table Tennis Club,2544,2024-05-05,2621,2019-08-10,ACTIVE,Robopong January 2016 Broward Table Tennis Club Open,2545.0,2534.0,2016-01-16,2016-01-17
92,Dario,Arce,94584,84475,Quintana Roo,,2539,2024-07-21,0,,ACTIVE,Robopong January 2016 Broward Table Tennis Club Open,2143.0,2266.0,2016-01-16,2016-01-17
100,Eduardo,Darley,124859,223859,Santo Domingo,,2532,2024-07-21,0,,ACTIVE,Butterfly 2018 June BTTC Open Tournament,0.0,2150.0,2018-06-17,2018-06-17
109,Robert,Roberts,43067,57410,"Elmsford, NY",,2524,2018-03-02,2514,2011-09-12,ACTIVE,2007 Summer Broward TT Open,2499.0,2486.0,2007-08-05,
140,Ye,Tian,7793,95248,"Sunnyvale, MA",,2498,2024-07-28,2571,2022-11-06,ACTIVE,Butterfly Dec 2018 BTTC Open,2578.0,2572.0,2018-12-14,2018-12-16
152,Rafael Euardo,Cabrera,121993,220993,,,2490,2024-06-30,0,,ACTIVE,Butterfly 2019 December BTTC Open Tournament,2028.0,2206.0,2019-12-15,2019-12-15
152,Rafael Euardo,Cabrera,121993,220993,,,2490,2024-06-30,0,,ACTIVE,Butterfly 2018 June BTTC Open Tournament,2051.0,2047.0,2018-06-17,2018-06-17
154,Zongqi Henry,Zhong,9123,84897,"Eatonwood, NJ",New Jersey Table Tennis Club,2485,2024-07-28,2461,2022-09-13,ACTIVE,Butterfly 2018 June BTTC Open Tournament,2429.0,2458.0,2018-06-17,2018-06-17
161,Santiago,Montes Solarte,5373,94584,"Utuado, TX",Fort Worth Table Tennis Club,2481,2024-07-21,0,,ACTIVE,Butterfly 2024 February BTTC Tournament,2468.0,2427.0,2024-02-09,2024-02-11
161,Santiago,Montes Solarte,5373,94584,"Utuado, TX",Fort Worth Table Tennis Club,2481,2024-07-21,0,,ACTIVE,Butterfly 2019 October BTTC Tournament,2080.0,2407.0,2019-10-11,2019-10-13
161,Santiago,Montes Solarte,5373,94584,"Utuado, TX",Fort Worth Table Tennis Club,2481,2024-07-21,0,,ACTIVE,Robo-Pong September 2014 BTTC Open,0.0,1686.0,2014-09-14,
162,Hammed-Taiwo,Adeyinka,123239,222239,Duluth,,2479,2024-08-31,0,,ACTIVE,Butterfly February 2019 BTTC Open,2555.0,2553.0,2019-02-15,2019-02-15
162,Hammed-Taiwo,Adeyinka,123239,222239,Duluth,,2479,2024-08-31,0,,ACTIVE,Butterfly Dec 2018 BTTC Open,2597.0,2534.0,2018-12-14,2018-12-16
170,Zexuan,Wang,94278,81393,"Seattle, WA",,2466,2024-09-08,2488,2024-08-31,ACTIVE,2017 BTTC Summer Open,2433.0,2427.0,2017-06-10,2017-06-11
170,Zexuan,Wang,94278,81393,"Seattle, WA",,2466,2024-09-08,2488,2024-08-31,ACTIVE,2017 BTTC Spring Open,2423.0,2433.0,2017-03-25,2017-03-26
177,Felix,Lartey,168987,1168987,"Accra, NJ",,2460,2024-08-25,0,,ACTIVE,Butterfly 2019 December BTTC Open Tournament,0.0,2387.0,2019-12-15,2019-12-15
179,Isaac,Vila,51154,94311,"Dominican Republic, DO",,2458,2024-08-25,0,,ACTIVE,Carmel Barrau 2021 December BTTC Open Tournament,2375.0,2420.0,2021-12-10,2021-12-12
179,Isaac,Vila,51154,94311,"Dominican Republic, DO",,2458,2024-08-25,0,,ACTIVE,BUTTERFLY OCTOBER 2018 BTTC OPEN,2358.0,2377.0,2018-10-13,2018-10-13
179,Isaac,Vila,51154,94311,"Dominican Republic, DO",,2458,2024-08-25,0,,ACTIVE,Robo Pong April 2015 BTTC Open,2364.0,2358.0,2015-04-18,
179,Isaac,Vila,51154,94311,"Dominican Republic, DO",,2458,2024-08-25,0,,ACTIVE,Robo-Pong August 2014 BTTC Open,0.0,2364.0,2014-08-03,
180,Zhen,Deng,144809,243809,"Fort worth, TX",Fort Worth Table Tennis Club,2457,2024-04-28,0,,ACTIVE,Carmel Barrau 2021 December BTTC Open Tournament,2477.0,2440.0,2021-12-10,2021-12-12
181,Julian,Ramos,42197,91178,"Bogota, BL",,2456,2024-07-21,0,,ACTIVE,Butterfly 2024 February BTTC Tournament,0.0,2464.0,2024-02-09,2024-02-11
185,Jie,You,122814,221814,"Lodi, NJ",JOYOUS TABLE TENNIS CLUB,2455,2024-05-26,0,,ACTIVE,Butterfly 2019 June BTTC Open Tournament,2412.0,2407.0,2019-06-23,2019-06-23
188,Vinay,Desai,1700,74784,"Atlanta, GA","Broward Table Tennis Club, Inc.",2454,2024-07-21,0,,ACTIVE,BUTTERFLY OCTOBER 2018 BTTC OPEN,2477.0,2486.0,2018-10-13,2018-10-13
188,Vinay,Desai,1700,74784,"Atlanta, GA","Broward Table Tennis Club, Inc.",2454,2024-07-21,0,,ACTIVE,Butterfly 2018 August BTTC Open Tournament,2481.0,2477.0,2018-08-11,2018-08-12
188,Vinay,Desai,1700,74784,"Atlanta, GA","Broward Table Tennis Club, Inc.",2454,2024-07-21,0,,ACTIVE,Butterfly 2018 June BTTC Open Tournament,2483.0,2481.0,2018-06-17,2018-06-17
188,Vinay,Desai,1700,74784,"Atlanta, GA","Broward Table Tennis Club, Inc.",2454,2024-07-21,0,,ACTIVE,Robopong December 2017 BTTC Open,2469.0,2483.0,2017-12-15,2017-12-17
188,Vinay,Desai,1700,74784,"Atlanta, GA","Broward Table Tennis Club, Inc.",2454,2024-07-21,0,,ACTIVE,Robo-Pong November 2017 BTTC Open,2447.0,2469.0,2017-11-04,2017-11-05
188,Vinay,Desai,1700,74784,"Atlanta, GA","Broward Table Tennis Club, Inc.",2454,2024-07-21,0,,ACTIVE,Robopong September 2017 BTTC Open,2416.0,2447.0,2017-09-02,2017-09-03
188,Vinay,Desai,1700,74784,"Atlanta, GA","Broward Table Tennis Club, Inc.",2454,2024-07-21,0,,ACTIVE,Robopong April 2017 BTTC Open,2379.0,2407.0,2017-04-29,2017-04-30
188,Vinay,Desai,1700,74784,"Atlanta, GA","Broward Table Tennis Club, Inc.",2454,2024-07-21,0,,ACTIVE,Robopong February 2017 BTTC Team Tournament,2408.0,2379.0,2017-02-11,2017-02-12
188,Vinay,Desai,1700,74784,"Atlanta, GA","Broward Table Tennis Club, Inc.",2454,2024-07-21,0,,ACTIVE,Robopong June 2016 Marty Prager Memorial BTTC Open,2376.0,2430.0,2016-06-24,2016-06-26
188,Vinay,Desai,1700,74784,"Atlanta, GA","Broward Table Tennis Club, Inc.",2454,2024-07-21,0,,ACTIVE,Robopong May 2016 Broward TTC Open,2389.0,2376.0,2016-05-07,2016-05-07
188,Vinay,Desai,1700,74784,"Atlanta, GA","Broward Table Tennis Club, Inc.",2454,2024-07-21,0,,ACTIVE,Robopong January 2016 Broward Table Tennis Club Open,2425.0,2417.0,2016-01-16,2016-01-17
188,Vinay,Desai,1700,74784,"Atlanta, GA","Broward Table Tennis Club, Inc.",2454,2024-07-21,0,,ACTIVE,Robo Pong October 2015 BTTC Open,2422.0,2425.0,2015-11-01,
188,Vinay,Desai,1700,74784,"Atlanta, GA","Broward Table Tennis Club, Inc.",2454,2024-07-21,0,,ACTIVE,Robo Pong September 2015 BTTC Open,2419.0,2422.0,2015-09-06,
188,Vinay,Desai,1700,74784,"Atlanta, GA","Broward Table Tennis Club, Inc.",2454,2024-07-21,0,,ACTIVE,Robo Pong April 2015 BTTC Open,2392.0,2403.0,2015-04-18,
188,Vinay,Desai,1700,74784,"Atlanta, GA","Broward Table Tennis Club, Inc.",2454,2024-07-21,0,,ACTIVE,Robo Pong February 2015 BTTC Open,2348.0,2392.0,2015-02-08,
188,Vinay,Desai,1700,74784,"Atlanta, GA","Broward Table Tennis Club, Inc.",2454,2024-07-21,0,,ACTIVE,Robo-Pong August 2014 BTTC Open,2299.0,2348.0,2014-08-03,
188,Vinay,Desai,1700,74784,"Atlanta, GA","Broward Table Tennis Club, Inc.",2454,2024-07-21,0,,ACTIVE,Robo-Pong May 2014 BTTC Open,2362.0,2359.0,2014-05-18,
188,Vinay,Desai,1700,74784,"Atlanta, GA","Broward Table Tennis Club, Inc.",2454,2024-07-21,0,,ACTIVE,Robo-Pong March 2014 BTTC Open,2349.0,2362.0,2014-03-02,
188,Vinay,Desai,1700,74784,"Atlanta, GA","Broward Table Tennis Club, Inc.",2454,2024-07-21,0,,ACTIVE,Robopong December 2013 BTTC Open,2286.0,2306.0,2013-12-08,
188,Vinay,Desai,1700,74784,"Atlanta, GA","Broward Table Tennis Club, Inc.",2454,2024-07-21,0,,ACTIVE,RoboPong December 2012 Broward,2335.0,2319.0,2012-12-09,
188,Vinay,Desai,1700,74784,"Atlanta, GA","Broward Table Tennis Club, Inc.",2454,2024-07-21,0,,ACTIVE,RoboPong November 2012 Broward,2303.0,2319.0,2012-11-04,
188,Vinay,Desai,1700,74784,"Atlanta, GA","Broward Table Tennis Club, Inc.",2454,2024-07-21,0,,ACTIVE,Robopong July 2012 Broward TTC,2232.0,2303.0,2012-07-29,
188,Vinay,Desai,1700,74784,"Atlanta, GA","Broward Table Tennis Club, Inc.",2454,2024-07-21,0,,ACTIVE,Robopong April 2012 Broward TTC Open,2243.0,2248.0,2012-04-22,
188,Vinay,Desai,1700,74784,"Atlanta, GA","Broward Table Tennis Club, Inc.",2454,2024-07-21,0,,ACTIVE,Robopong March 2012 BTTC Open,2231.0,2243.0,2012-03-18,
188,Vinay,Desai,1700,74784,"Atlanta, GA","Broward Table Tennis Club, Inc.",2454,2024-07-21,0,,ACTIVE,Robopong February 2012 Broward Table Tennis Open,2190.0,2231.0,2012-02-12,
188,Vinay,Desai,1700,74784,"Atlanta, GA","Broward Table Tennis Club, Inc.",2454,2024-07-21,0,,ACTIVE,RoboPong 2010 Dec BTTC Open,2070.0,2103.0,2010-12-12,
188,Vinay,Desai,1700,74784,"Atlanta, GA","Broward Table Tennis Club, Inc.",2454,2024-07-21,0,,ACTIVE,RoboPong October BTTC Open,2088.0,2177.0,2010-10-03,
188,Vinay,Desai,1700,74784,"Atlanta, GA","Broward Table Tennis Club, Inc.",2454,2024-07-21,0,,ACTIVE,RoboPong August 2010 BTTC Open,2078.0,2088.0,2010-08-22,
188,Vinay,Desai,1700,74784,"Atlanta, GA","Broward Table Tennis Club, Inc.",2454,2024-07-21,0,,ACTIVE,RoboPong July 2010 BTTC Open,2121.0,2078.0,2010-07-25,
188,Vinay,Desai,1700,74784,"Atlanta, GA","Broward Table Tennis Club, Inc.",2454,2024-07-21,0,,ACTIVE,May 2010 Broward TT Open,2087.0,2109.0,2010-05-23,
188,Vinay,Desai,1700,74784,"Atlanta, GA","Broward Table Tennis Club, Inc.",2454,2024-07-21,0,,ACTIVE,April 2010 Broward TT Open,2070.0,2087.0,2010-04-25,
188,Vinay,Desai,1700,74784,"Atlanta, GA","Broward Table Tennis Club, Inc.",2454,2024-07-21,0,,ACTIVE,March '10 Broward TTO,2021.0,2070.0,2010-03-14,
188,Vinay,Desai,1700,74784,"Atlanta, GA","Broward Table Tennis Club, Inc.",2454,2024-07-21,0,,ACTIVE,October '09 Broward TT Open,2024.0,2044.0,2009-11-01,
188,Vinay,Desai,1700,74784,"Atlanta, GA","Broward Table Tennis Club, Inc.",2454,2024-07-21,0,,ACTIVE,September '09 Broward TT Open,1832.0,2024.0,2009-10-04,
188,Vinay,Desai,1700,74784,"Atlanta, GA","Broward Table Tennis Club, Inc.",2454,2024-07-21,0,,ACTIVE,March 09 Broward TT Open,1640.0,1852.0,2009-03-08,
188,Vinay,Desai,1700,74784,"Atlanta, GA","Broward Table Tennis Club, Inc.",2454,2024-07-21,0,,ACTIVE,February Broward TT Open,1595.0,1640.0,2009-02-07,
188,Vinay,Desai,1700,74784,"Atlanta, GA","Broward Table Tennis Club, Inc.",2454,2024-07-21,0,,ACTIVE,January '09 Broward TT Open,1571.0,1595.0,2009-01-11,
188,Vinay,Desai,1700,74784,"Atlanta, GA","Broward Table Tennis Club, Inc.",2454,2024-07-21,0,,ACTIVE,December 08 Broward TT Open,1578.0,1571.0,2008-12-06,
188,Vinay,Desai,1700,74784,"Atlanta, GA","Broward Table Tennis Club, Inc.",2454,2024-07-21,0,,ACTIVE,November Broward TT Open,1341.0,1595.0,2008-11-15,
188,Vinay,Desai,1700,74784,"Atlanta, GA","Broward Table Tennis Club, Inc.",2454,2024-07-21,0,,ACTIVE,2008 Broward TTWinter Open,529.0,529.0,2008-01-06,
188,Vinay,Desai,1700,74784,"Atlanta, GA","Broward Table Tennis Club, Inc.",2454,2024-07-21,0,,ACTIVE,2007 Summer Broward TT Open,529.0,529.0,2007-08-05,
194,Yomar,Gonzalez Rodriguez,2537,96855,"Utuado, PR",,2448,2023-04-02,0,,ACTIVE,BUTTERFLY OCTOBER 2018 BTTC OPEN,2472.0,2472.0,2018-10-13,2018-10-13
194,Yomar,Gonzalez Rodriguez,2537,96855,"Utuado, PR",,2448,2023-04-02,0,,ACTIVE,Butterfly 2018 June BTTC Open Tournament,2501.0,2472.0,2018-06-17,2018-06-17
194,Yomar,Gonzalez Rodriguez,2537,96855,"Utuado, PR",,2448,2023-04-02,0,,ACTIVE,Robopong May 2016 Broward TTC Open,2280.0,2470.0,2016-05-07,2016-05-07
197,Samson,Dubina,1866,9051,"Akron, OH",Samson Dubina Table Tennis Academy,2443,2020-03-08,2432,2016-01-23,ACTIVE,BUTTERFLY APRIL 2019 BTTC OPEN,2438.0,2431.0,2019-04-12,2019-04-14
216,Hector,Berrios,579,20409,Corozal,,2428,2024-04-14,0,,ACTIVE,Butterfly 2019 December BTTC Open Tournament,2472.0,2475.0,2019-12-15,2019-12-15
216,Hector,Berrios,579,20409,Corozal,,2428,2024-04-14,0,,ACTIVE,Robopong October 2016 Broward TTC Open,2437.0,2435.0,2016-10-22,2016-10-23
216,Hector,Berrios,579,20409,Corozal,,2428,2024-04-14,0,,ACTIVE,Robopong May 2016 Broward TTC Open,2482.0,2437.0,2016-05-07,2016-05-07
216,Hector,Berrios,579,20409,Corozal,,2428,2024-04-14,0,,ACTIVE,Robo Pong February 2015 BTTC Open,2479.0,2481.0,2015-02-08,
216,Hector,Berrios,579,20409,Corozal,,2428,2024-04-14,0,,ACTIVE,Robopong January 2012 BTTC Open,2561.0,2563.0,2012-01-08,
242,Gabriel,Perez,6083,92744,Guaynabo,,2409,2024-04-14,0,,ACTIVE,Butterfly Dec 2018 BTTC Open,2352.0,2303.0,2018-12-14,2018-12-16
242,Gabriel,Perez,6083,92744,Guaynabo,,2409,2024-04-14,0,,ACTIVE,Robo Pong September 2015 BTTC Open,1874.0,2084.0,2015-09-06,
244,Jonathan,Ou,5859,73748,"Bellevue, WA",Atlanta International Table Tennis Academy,2408,2024-09-02,0,,ACTIVE,April 09 Broward TT Open,2002.0,2010.0,2009-04-05,
260,Jiaqi,Lin,131877,230877,"Fort Worth, TX",Fort Worth Table Tennis Club,2392,2024-04-28,0,,ACTIVE,Carmel Barrau 2021 December BTTC Open Tournament,2472.0,2427.0,2021-12-10,2021-12-12
276,Chase,Bockoven,12543,70138,"Acton, MA",C&C Table Tennis,2381,2021-11-28,2362,2020-06-26,ACTIVE,Butterfly 2018 June BTTC Open Tournament,2276.0,2275.0,2018-06-17,2018-06-17
279,Kayla,Goodwin,2552,92550,"Englewood, FL",Tampa TTC,2378,2024-07-28,2192,2024-01-07,ACTIVE,Butterfly 2023 February BTTC,2122.0,2202.0,2023-02-10,2023-02-12
279,Kayla,Goodwin,2552,92550,"Englewood, FL",Tampa TTC,2378,2024-07-28,2192,2024-01-07,ACTIVE,Butterfly 2022 BTTC Fall Open Tournament,2188.0,2229.0,2022-09-30,2022-10-02
280,Rachid,El Boubou,19688,92375,"Morrisville, OK",,2376,2024-08-11,0,,ACTIVE,Butterfly 2024 February BTTC Tournament,2430.0,2426.0,2024-02-09,2024-02-11
311,Ludovic,Gombos,22607,32497,"Dallas, TX",,2348,2024-03-24,0,,ACTIVE,2005 Summer Broward TT Open,2520.0,2504.0,2005-08-14,
311,Ludovic,Gombos,22607,32497,"Dallas, TX",,2348,2024-03-24,0,,ACTIVE,2005 Winter Broward TT Open,2490.0,2481.0,2005-01-09,
327,Andrew,Yang,8756,93696,"Suwanee, GA",Atlanta International Table Tennis Academy,2342,2024-07-14,0,,ACTIVE,Butterfly 2019 June BTTC Open Tournament,2116.0,2149.0,2019-06-23,2019-06-23
328,Barney,Reed,6456,44775,"Milpitas, CA",Stickman Skills Center,2342,2023-11-26,2447,2018-05-26,ACTIVE,Summer 2006 Broward TT Open,2604.0,2584.0,2006-07-31,
336,Lucas,Wu,131692,1131692,Vancouver,,2338,2023-09-10,1840,2023-09-22,ACTIVE,2018 BTTC Fall Open,0.0,1764.0,2018-10-20,2018-10-21
342,Geovanny,Coello,73998,21270,"Sangolqui, CA",,2333,2023-12-21,0,,ACTIVE,Butterfly 2021 September BTTC Open,2341.0,2351.0,2021-09-24,2021-09-26
342,Geovanny,Coello,73998,21270,"Sangolqui, CA",,2333,2023-12-21,0,,ACTIVE,Robo-Pong November 2017 BTTC Open,2461.0,2459.0,2017-11-04,2017-11-05
342,Geovanny,Coello,73998,21270,"Sangolqui, CA",,2333,2023-12-21,0,,ACTIVE,Robopong May 2016 Broward TTC Open,2436.0,2472.0,2016-05-07,2016-05-07
342,Geovanny,Coello,73998,21270,"Sangolqui, CA",,2333,2023-12-21,0,,ACTIVE,Robo Pong October 2015 BTTC Open,2446.0,2436.0,2015-11-01,
342,Geovanny,Coello,73998,21270,"Sangolqui, CA",,2333,2023-12-21,0,,ACTIVE,Robo Pong February 2015 BTTC Open,2463.0,2446.0,2015-02-08,
350,Ange Cedric,Oba,5757,97683,Newark,,2330,2024-03-31,2426,2023-02-21,ACTIVE,Carmel Barrau 2021 December BTTC Open Tournament,2339.0,2381.0,2021-12-10,2021-12-12
350,Ange Cedric,Oba,5757,97683,Newark,,2330,2024-03-31,2426,2023-02-21,ACTIVE,Butterfly 2019 December BTTC Open Tournament,2279.0,2270.0,2019-12-15,2019-12-15
350,Ange Cedric,Oba,5757,97683,Newark,,2330,2024-03-31,2426,2023-02-21,ACTIVE,Butterfly 2019 June BTTC Open Tournament,2365.0,2346.0,2019-06-23,2019-06-23
350,Ange Cedric,Oba,5757,97683,Newark,,2330,2024-03-31,2426,2023-02-21,ACTIVE,Butterfly Dec 2018 BTTC Open,2369.0,2373.0,2018-12-14,2018-12-16
350,Ange Cedric,Oba,5757,97683,Newark,,2330,2024-03-31,2426,2023-02-21,ACTIVE,BUTTERFLY OCTOBER 2018 BTTC OPEN,2337.0,2372.0,2018-10-13,2018-10-13
350,Ange Cedric,Oba,5757,97683,Newark,,2330,2024-03-31,2426,2023-02-21,ACTIVE,Butterfly 2018 August BTTC Open Tournament,2415.0,2388.0,2018-08-11,2018-08-12
350,Ange Cedric,Oba,5757,97683,Newark,,2330,2024-03-31,2426,2023-02-21,ACTIVE,Butterfly 2018 June BTTC Open Tournament,2391.0,2440.0,2018-06-17,2018-06-17
350,Ange Cedric,Oba,5757,97683,Newark,,2330,2024-03-31,2426,2023-02-21,ACTIVE,Robo-Pong November 2017 BTTC Open,2372.0,2357.0,2017-11-04,2017-11-05
350,Ange Cedric,Oba,5757,97683,Newark,,2330,2024-03-31,2426,2023-02-21,ACTIVE,Robopong September 2017 BTTC Open,2383.0,2417.0,2017-09-02,2017-09-03
363,Lukasz,Fita,2156,31834,"Chicago, IL",Spin NY,2324,2021-10-31,0,,ACTIVE,December 09 Broward TTO,2311.0,2300.0,2009-12-06,
371,Ciz,Richard,1364,22622,"miami, FL",PINGPOD,2319,2024-08-10,0,,ACTIVE,Butterfly 2023 February BTTC,2367.0,2368.0,2023-02-10,2023-02-12
371,Ciz,Richard,1364,22622,"miami, FL",PINGPOD,2319,2024-08-10,0,,ACTIVE,Butterfly 2022 BTTC Fall Open Tournament,2356.0,2363.0,2022-09-30,2022-10-02
371,Ciz,Richard,1364,22622,"miami, FL",PINGPOD,2319,2024-08-10,0,,ACTIVE,Carmel Barrau 2021 December BTTC Open Tournament,2352.0,2333.0,2021-12-10,2021-12-12
371,Ciz,Richard,1364,22622,"miami, FL",PINGPOD,2319,2024-08-10,0,,ACTIVE,Butterfly 2019 December BTTC Open Tournament,2306.0,2327.0,2019-12-15,2019-12-15
371,Ciz,Richard,1364,22622,"miami, FL",PINGPOD,2319,2024-08-10,0,,ACTIVE,Butterfly 2019 June BTTC Open Tournament,2281.0,2312.0,2019-06-23,2019-06-23
371,Ciz,Richard,1364,22622,"miami, FL",PINGPOD,2319,2024-08-10,0,,ACTIVE,BUTTERFLY APRIL 2019 BTTC OPEN,2270.0,2281.0,2019-04-12,2019-04-14
371,Ciz,Richard,1364,22622,"miami, FL",PINGPOD,2319,2024-08-10,0,,ACTIVE,Butterfly Dec 2018 BTTC Open,2348.0,2309.0,2018-12-14,2018-12-16
371,Ciz,Richard,1364,22622,"miami, FL",PINGPOD,2319,2024-08-10,0,,ACTIVE,BUTTERFLY OCTOBER 2018 BTTC OPEN,2360.0,2348.0,2018-10-13,2018-10-13
371,Ciz,Richard,1364,22622,"miami, FL",PINGPOD,2319,2024-08-10,0,,ACTIVE,Butterfly 2018 August BTTC Open Tournament,2319.0,2333.0,2018-08-11,2018-08-12
371,Ciz,Richard,1364,22622,"miami, FL",PINGPOD,2319,2024-08-10,0,,ACTIVE,Butterfly 2018 June BTTC Open Tournament,2340.0,2326.0,2018-06-17,2018-06-17
371,Ciz,Richard,1364,22622,"miami, FL",PINGPOD,2319,2024-08-10,0,,ACTIVE,Butterfly April 2018 BTTC Open,2341.0,2340.0,2018-04-14,2018-04-15
371,Ciz,Richard,1364,22622,"miami, FL",PINGPOD,2319,2024-08-10,0,,ACTIVE,Butterfly February 2018 BTTC Open,2332.0,2327.0,2018-02-10,2018-02-11
371,Ciz,Richard,1364,22622,"miami, FL",PINGPOD,2319,2024-08-10,0,,ACTIVE,Robopong December 2017 BTTC Open,2336.0,2332.0,2017-12-15,2017-12-17
371,Ciz,Richard,1364,22622,"miami, FL",PINGPOD,2319,2024-08-10,0,,ACTIVE,Robo-Pong November 2017 BTTC Open,2354.0,2336.0,2017-11-04,2017-11-05
371,Ciz,Richard,1364,22622,"miami, FL",PINGPOD,2319,2024-08-10,0,,ACTIVE,Robopong September 2017 BTTC Open,2327.0,2336.0,2017-09-02,2017-09-03
371,Ciz,Richard,1364,22622,"miami, FL",PINGPOD,2319,2024-08-10,0,,ACTIVE,Robopong April 2017 BTTC Open,2339.0,2332.0,2017-04-29,2017-04-30
371,Ciz,Richard,1364,22622,"miami, FL",PINGPOD,2319,2024-08-10,0,,ACTIVE,Robopong February 2017 BTTC Team Tournament,2301.0,2335.0,2017-02-11,2017-02-12
371,Ciz,Richard,1364,22622,"miami, FL",PINGPOD,2319,2024-08-10,0,,ACTIVE,Robopong October 2016 Broward TTC Open,2326.0,2308.0,2016-10-22,2016-10-23
371,Ciz,Richard,1364,22622,"miami, FL",PINGPOD,2319,2024-08-10,0,,ACTIVE,Robopong June 2016 Marty Prager Memorial BTTC Open,2252.0,2334.0,2016-06-24,2016-06-26
371,Ciz,Richard,1364,22622,"miami, FL",PINGPOD,2319,2024-08-10,0,,ACTIVE,Robopong May 2016 Broward TTC Open,2255.0,2252.0,2016-05-07,2016-05-07
371,Ciz,Richard,1364,22622,"miami, FL",PINGPOD,2319,2024-08-10,0,,ACTIVE,Robopong January 2016 Broward Table Tennis Club Open,2270.0,2220.0,2016-01-16,2016-01-17
371,Ciz,Richard,1364,22622,"miami, FL",PINGPOD,2319,2024-08-10,0,,ACTIVE,Robo Pong October 2015 BTTC Open,2272.0,2270.0,2015-11-01,
371,Ciz,Richard,1364,22622,"miami, FL",PINGPOD,2319,2024-08-10,0,,ACTIVE,Robo Pong September 2015 BTTC Open,2324.0,2329.0,2015-09-06,
371,Ciz,Richard,1364,22622,"miami, FL",PINGPOD,2319,2024-08-10,0,,ACTIVE,Robo Pong April 2015 BTTC Open,2325.0,2332.0,2015-04-18,
371,Ciz,Richard,1364,22622,"miami, FL",PINGPOD,2319,2024-08-10,0,,ACTIVE,Robo Pong February 2015 BTTC Open,2377.0,2325.0,2015-02-08,
371,Ciz,Richard,1364,22622,"miami, FL",PINGPOD,2319,2024-08-10,0,,ACTIVE,Robo-Pong September 2014 BTTC Open,2352.0,2358.0,2014-09-14,
371,Ciz,Richard,1364,22622,"miami, FL",PINGPOD,2319,2024-08-10,0,,ACTIVE,Robo-Pong August 2014 BTTC Open,2362.0,2350.0,2014-08-03,
371,Ciz,Richard,1364,22622,"miami, FL",PINGPOD,2319,2024-08-10,0,,ACTIVE,Robo-Pong May 2014 BTTC Open,2323.0,2342.0,2014-05-18,
371,Ciz,Richard,1364,22622,"miami, FL",PINGPOD,2319,2024-08-10,0,,ACTIVE,Robo-Pong April 2014 BTTC Open,2323.0,2330.0,2014-04-13,
371,Ciz,Richard,1364,22622,"miami, FL",PINGPOD,2319,2024-08-10,0,,ACTIVE,Robo-Pong March 2014 BTTC Open,2342.0,2323.0,2014-03-02,
371,Ciz,Richard,1364,22622,"miami, FL",PINGPOD,2319,2024-08-10,0,,ACTIVE,Robopong December 2013 BTTC Open,2388.0,2373.0,2013-12-08,
371,Ciz,Richard,1364,22622,"miami, FL",PINGPOD,2319,2024-08-10,0,,ACTIVE,Robopong August 2013 BTTC Open,2354.0,2375.0,2013-08-04,
371,Ciz,Richard,1364,22622,"miami, FL",PINGPOD,2319,2024-08-10,0,,ACTIVE,Robopong June 2013 BTTC Open,2358.0,2370.0,2013-06-02,
371,Ciz,Richard,1364,22622,"miami, FL",PINGPOD,2319,2024-08-10,0,,ACTIVE,Robopong March 2013 BTTC Open,2366.0,2371.0,2013-03-24,
371,Ciz,Richard,1364,22622,"miami, FL",PINGPOD,2319,2024-08-10,0,,ACTIVE,Robopong February 2013 Broward TTC Open,2384.0,2366.0,2013-02-17,
371,Ciz,Richard,1364,22622,"miami, FL",PINGPOD,2319,2024-08-10,0,,ACTIVE,Robopong January 2013 Broward TTC Open,2353.0,2384.0,2013-01-13,
371,Ciz,Richard,1364,22622,"miami, FL",PINGPOD,2319,2024-08-10,0,,ACTIVE,RoboPong December 2012 Broward,2376.0,2353.0,2012-12-09,
371,Ciz,Richard,1364,22622,"miami, FL",PINGPOD,2319,2024-08-10,0,,ACTIVE,Robopong July 2012 Broward TTC,2348.0,2361.0,2012-07-29,
371,Ciz,Richard,1364,22622,"miami, FL",PINGPOD,2319,2024-08-10,0,,ACTIVE,Robopong May 2012 Broward TTC Open,2349.0,2358.0,2012-05-27,
371,Ciz,Richard,1364,22622,"miami, FL",PINGPOD,2319,2024-08-10,0,,ACTIVE,Robopong April 2012 Broward TTC Open,2314.0,2300.0,2012-04-22,
371,Ciz,Richard,1364,22622,"miami, FL",PINGPOD,2319,2024-08-10,0,,ACTIVE,Robopong March 2012 BTTC Open,2321.0,2314.0,2012-03-18,
371,Ciz,Richard,1364,22622,"miami, FL",PINGPOD,2319,2024-08-10,0,,ACTIVE,Robopong February 2012 Broward Table Tennis Open,2339.0,2321.0,2012-02-12,
371,Ciz,Richard,1364,22622,"miami, FL",PINGPOD,2319,2024-08-10,0,,ACTIVE,Robopong January 2012 BTTC Open,2347.0,2342.0,2012-01-08,
371,Ciz,Richard,1364,22622,"miami, FL",PINGPOD,2319,2024-08-10,0,,ACTIVE,RoboPong Jan BTTC Open,2330.0,2313.0,2011-01-09,
371,Ciz,Richard,1364,22622,"miami, FL",PINGPOD,2319,2024-08-10,0,,ACTIVE,RoboPong 2010 Dec BTTC Open,2324.0,2330.0,2010-12-12,
371,Ciz,Richard,1364,22622,"miami, FL",PINGPOD,2319,2024-08-10,0,,ACTIVE,RoboPong November BTTC Open,2319.0,2324.0,2010-11-06,
371,Ciz,Richard,1364,22622,"miami, FL",PINGPOD,2319,2024-08-10,0,,ACTIVE,RoboPong October BTTC Open,2281.0,2307.0,2010-10-03,
371,Ciz,Richard,1364,22622,"miami, FL",PINGPOD,2319,2024-08-10,0,,ACTIVE,RoboPong August 2010 BTTC Open,2289.0,2286.0,2010-08-22,
371,Ciz,Richard,1364,22622,"miami, FL",PINGPOD,2319,2024-08-10,0,,ACTIVE,RoboPong July 2010 BTTC Open,2256.0,2269.0,2010-07-25,
371,Ciz,Richard,1364,22622,"miami, FL",PINGPOD,2319,2024-08-10,0,,ACTIVE,May 2010 Broward TT Open,2220.0,2258.0,2010-05-23,
371,Ciz,Richard,1364,22622,"miami, FL",PINGPOD,2319,2024-08-10,0,,ACTIVE,April 2010 Broward TT Open,2174.0,2220.0,2010-04-25,
371,Ciz,Richard,1364,22622,"miami, FL",PINGPOD,2319,2024-08-10,0,,ACTIVE,March '10 Broward TTO,2195.0,2174.0,2010-03-14,
371,Ciz,Richard,1364,22622,"miami, FL",PINGPOD,2319,2024-08-10,0,,ACTIVE,February '10 Broward TTO,2277.0,2195.0,2010-02-14,
371,Ciz,Richard,1364,22622,"miami, FL",PINGPOD,2319,2024-08-10,0,,ACTIVE,December 09 Broward TTO,2240.0,2259.0,2009-12-06,
371,Ciz,Richard,1364,22622,"miami, FL",PINGPOD,2319,2024-08-10,0,,ACTIVE,October '09 Broward TT Open,2240.0,2240.0,2009-11-01,
371,Ciz,Richard,1364,22622,"miami, FL",PINGPOD,2319,2024-08-10,0,,ACTIVE,Broward TT Open,2259.0,2265.0,2009-07-26,
371,Ciz,Richard,1364,22622,"miami, FL",PINGPOD,2319,2024-08-10,0,,ACTIVE,April 09 Broward TT Open,2310.0,2260.0,2009-04-05,
371,Ciz,Richard,1364,22622,"miami, FL",PINGPOD,2319,2024-08-10,0,,ACTIVE,March 09 Broward TT Open,2312.0,2310.0,2009-03-08,
371,Ciz,Richard,1364,22622,"miami, FL",PINGPOD,2319,2024-08-10,0,,ACTIVE,February Broward TT Open,2303.0,2312.0,2009-02-07,
371,Ciz,Richard,1364,22622,"miami, FL",PINGPOD,2319,2024-08-10,0,,ACTIVE,January '09 Broward TT Open,2322.0,2303.0,2009-01-11,
371,Ciz,Richard,1364,22622,"miami, FL",PINGPOD,2319,2024-08-10,0,,ACTIVE,November Broward TT Open,2316.0,2322.0,2008-11-15,
371,Ciz,Richard,1364,22622,"miami, FL",PINGPOD,2319,2024-08-10,0,,ACTIVE,2005 Summer Broward TT Open,2354.0,2372.0,2005-08-14,
371,Ciz,Richard,1364,22622,"miami, FL",PINGPOD,2319,2024-08-10,0,,ACTIVE,2005 Winter Broward TT Open,2264.0,2366.0,2005-01-09,
371,Ciz,Richard,1364,22622,"miami, FL",PINGPOD,2319,2024-08-10,0,,ACTIVE,2004 Inaugural Spring Broward ,2319.0,2314.0,2004-05-23,
376,Joshua,Mak,4910,82025,"Plano, TX",888 Table Tennis Center,2314,2024-08-24,2228,2022-06-05,ACTIVE,Butterfly February 2019 BTTC Open,2095.0,2104.0,2019-02-15,2019-02-15
380,Paul,David,1622,7014,"Queens., NY",,2311,2023-12-21,0,,ACTIVE,Robopong February 2017 BTTC Team Tournament,2392.0,2376.0,2017-02-11,2017-02-12
380,Paul,David,1622,7014,"Queens., NY",,2311,2023-12-21,0,,ACTIVE,Robopong May 2016 Broward TTC Open,2408.0,2412.0,2016-05-07,2016-05-07
380,Paul,David,1622,7014,"Queens., NY",,2311,2023-12-21,0,,ACTIVE,Robo Pong February 2015 BTTC Open,2414.0,2393.0,2015-02-08,
380,Paul,David,1622,7014,"Queens., NY",,2311,2023-12-21,0,,ACTIVE,2006 Winter Broward Open,2456.0,2459.0,2006-01-08,
380,Paul,David,1622,7014,"Queens., NY",,2311,2023-12-21,0,,ACTIVE,2005 Summer Broward TT Open,2449.0,2441.0,2005-08-14,
380,Paul,David,1622,7014,"Queens., NY",,2311,2023-12-21,0,,ACTIVE,2005 Winter Broward TT Open,2466.0,2481.0,2005-01-09,
380,Paul,David,1622,7014,"Queens., NY",,2311,2023-12-21,0,,ACTIVE,2004 Inaugural Spring Broward ,2449.0,2462.0,2004-05-23,
383,Shuang,Wang,52015,86641,"New York, NY",PINGPOD,2310,2024-03-17,0,,ACTIVE,Butterfly February 2018 BTTC Open,2375.0,2367.0,2018-02-10,2018-02-11
387,Dickie,Fleisher,2162,5815,"Jacksonville, FL",Naples Table Tennis,2307,2018-03-02,2272,2019-06-28,ACTIVE,April 09 Broward TT Open,2296.0,2287.0,2009-04-05,
407,Yasiris,Ortiz,104162,203162,"Bronx, NY",PingPod Lower East Side,2296,2024-08-25,2276,2024-06-28,ACTIVE,Robopong September 2017 BTTC Open,2238.0,2274.0,2017-09-02,2017-09-03
421,Vlad,Farcas,119690,218690,"San Antonio, TX",San Antonio Table Tennis Club,2288,2024-08-11,2107,2019-11-25,ACTIVE,Butterfly 2019 December BTTC Open Tournament,2251.0,2255.0,2019-12-15,2019-12-15
433,Ethan,Ruan,6669,91924,"Alpharetta, GA",,2282,2023-11-26,2281,2019-04-06,ACTIVE,Butterfly 2018 August BTTC Open Tournament,2309.0,2261.0,2018-08-11,2018-08-12
434,Igor,Shulkin,45998,18534,"Staten Island, NY",Lily Yip Table Tennis Center,2282,2024-08-11,2389,2024-08-09,ACTIVE,2010 BTTC Open,2285.0,2290.0,2010-06-06,
434,Igor,Shulkin,45998,18534,"Staten Island, NY",Lily Yip Table Tennis Center,2282,2024-08-11,2389,2024-08-09,ACTIVE,2010 BTTC Open,2283.0,2289.0,2010-05-02,
435,Changbo,Lu,103365,202365,"Cary, NC",Triangle Badminton & Table Tennis,2282,2024-03-24,0,,ACTIVE,Butterfly 2019 June BTTC Open Tournament,1931.0,1969.0,2019-06-23,2019-06-23
450,John,Mc Dermott,5108,93518,"River Edge, NJ",Han-In Table Tennis Club,2273,2024-08-25,2266,2022-05-14,ACTIVE,Butterfly 2024 February BTTC Tournament,2301.0,2335.0,2024-02-09,2024-02-11
450,John,Mc Dermott,5108,93518,"River Edge, NJ",Han-In Table Tennis Club,2273,2024-08-25,2266,2022-05-14,ACTIVE,Butterfly Dec 2018 BTTC Open,2274.0,2282.0,2018-12-14,2018-12-16
459,Rocky,Wang,8301,47976,"Brooklyn, NY",,2269,2018-03-02,2310,2010-02-08,ACTIVE,Robo Pong February 2015 BTTC Open,2278.0,2252.0,2015-02-08,
459,Rocky,Wang,8301,47976,"Brooklyn, NY",,2269,2018-03-02,2310,2010-02-08,ACTIVE,January '09 Broward TT Open,2392.0,2396.0,2009-01-11,
484,Sabrina,Zhu,9155,91046,"Alpharetta, GA",Atlanta International Table Tennis Academy,2251,2023-11-26,2221,2019-07-26,ACTIVE,Butterfly 2018 August BTTC Open Tournament,2109.0,2295.0,2018-08-11,2018-08-12
488,Mikael,Munoz,102783,201783,,,2249,2024-07-21,0,,ACTIVE,Robopong January 2016 Broward Table Tennis Club Open,0.0,1887.0,2016-01-16,2016-01-17
502,John,Beaumont,11644,59879,"New Orleans, LA",,2244,2023-11-26,0,,ACTIVE,Butterfly 2018 August BTTC Open Tournament,2239.0,2218.0,2018-08-11,2018-08-12
509,Daniela,Munoz,102784,201784,,,2240,2024-07-21,0,,ACTIVE,Robopong January 2016 Broward Table Tennis Club Open,0.0,1891.0,2016-01-16,2016-01-17
520,Tung,Pham,6129,93480,"Rancho Cucamonga, CA",,2235,2024-06-02,0,,ACTIVE,Butterfly 2018 June BTTC Open Tournament,2449.0,2469.0,2018-06-17,2018-06-17
523,Sebastian,Cruz Ruiz,168994,1168994,Utuado,,2233,2024-04-14,0,,ACTIVE,Butterfly 2019 December BTTC Open Tournament,0.0,1801.0,2019-12-15,2019-12-15
524,Kenny,Jiang,3449,90989,Chicago,,2233,2023-12-03,0,,ACTIVE,2013 BTTC Spring Open,0.0,1329.0,2013-04-28,
530,Roger,Liu,4642,82029,"New York, OH",Twinsburg Table Tennis Club,2230,2024-08-25,2197,2017-06-24,ACTIVE,Butterfly 2018 June BTTC Open Tournament,2235.0,2240.0,2018-06-17,2018-06-17
543,Mark,Phillips,40736,91063,"Myrtle Beach, CA",,2226,2023-11-26,2115,2018-07-28,ACTIVE,Butterfly 2018 August BTTC Open Tournament,2123.0,2167.0,2018-08-11,2018-08-12
543,Mark,Phillips,40736,91063,"Myrtle Beach, CA",,2226,2023-11-26,2115,2018-07-28,ACTIVE,Butterfly February 2018 BTTC Open,2121.0,2123.0,2018-02-10,2018-02-11
543,Mark,Phillips,40736,91063,"Myrtle Beach, CA",,2226,2023-11-26,2115,2018-07-28,ACTIVE,Robo Pong February 2015 BTTC Open,0.0,2090.0,2015-02-08,
631,Baquero,Samuel,166024,1166024,,,2195,2024-07-21,0,,ACTIVE,Butterfly 2019 June BTTC Open Tournament,0.0,1611.0,2019-06-23,2019-06-23
640,Leadbeater,Andrew,4201,91790,"Winter Garden, FL",,2190,2024-08-10,0,,ACTIVE,Butterfly January 2022 BTTC Open Tournament,2121.0,2141.0,2022-01-29,2022-01-30
640,Leadbeater,Andrew,4201,91790,"Winter Garden, FL",,2190,2024-08-10,0,,ACTIVE,2015 BTTC Spring Open,2006.0,2007.0,2015-03-22,
640,Leadbeater,Andrew,4201,91790,"Winter Garden, FL",,2190,2024-08-10,0,,ACTIVE,2014 BTTC Fall Open,1920.0,1908.0,2014-10-26,
640,Leadbeater,Andrew,4201,91790,"Winter Garden, FL",,2190,2024-08-10,0,,ACTIVE,2014 BTTC Summer Open,1737.0,1743.0,2014-06-29,
640,Leadbeater,Andrew,4201,91790,"Winter Garden, FL",,2190,2024-08-10,0,,ACTIVE,2014 BTTC Spring Open,1749.0,1737.0,2014-03-30,
643,Chrisnomar,Aviles,173668,1173668,,,2189,2024-07-21,0,,ACTIVE,Butterfly 2023 February BTTC,1914.0,1983.0,2023-02-10,2023-02-12
643,Chrisnomar,Aviles,173668,1173668,,,2189,2024-07-21,0,,ACTIVE,Butterfly 2022 BTTC Fall Open Tournament,1920.0,1933.0,2022-09-30,2022-10-02
643,Chrisnomar,Aviles,173668,1173668,,,2189,2024-07-21,0,,ACTIVE,Carmel Barrau 2021 December BTTC Open Tournament,0.0,1679.0,2021-12-10,2021-12-12
644,Jose,Navedo,5540,96706,Corozol,,2189,2024-04-14,0,,ACTIVE,Butterfly Dec 2018 BTTC Open,2018.0,2001.0,2018-12-14,2018-12-16
652,Bin Hai,Chu,1324,13020,"Miami Lakes, FL",PINGPOD,2186,2024-07-21,0,,ACTIVE,Butterfly 2024 February BTTC Tournament,2180.0,2219.0,2024-02-09,2024-02-11
652,Bin Hai,Chu,1324,13020,"Miami Lakes, FL",PINGPOD,2186,2024-07-21,0,,ACTIVE,Butterfly 2023 February BTTC,2182.0,2185.0,2023-02-10,2023-02-12
652,Bin Hai,Chu,1324,13020,"Miami Lakes, FL",PINGPOD,2186,2024-07-21,0,,ACTIVE,Butterfly 2022 BTTC Fall Open Tournament,2223.0,2220.0,2022-09-30,2022-10-02
652,Bin Hai,Chu,1324,13020,"Miami Lakes, FL",PINGPOD,2186,2024-07-21,0,,ACTIVE,Butterfly January 2022 BTTC Open Tournament,2262.0,2200.0,2022-01-29,2022-01-30
652,Bin Hai,Chu,1324,13020,"Miami Lakes, FL",PINGPOD,2186,2024-07-21,0,,ACTIVE,Carmel Barrau 2021 December BTTC Open Tournament,2254.0,2262.0,2021-12-10,2021-12-12
652,Bin Hai,Chu,1324,13020,"Miami Lakes, FL",PINGPOD,2186,2024-07-21,0,,ACTIVE,Butterfly 2021 September BTTC Open,2264.0,2254.0,2021-09-24,2021-09-26
652,Bin Hai,Chu,1324,13020,"Miami Lakes, FL",PINGPOD,2186,2024-07-21,0,,ACTIVE,Butterfly 2020 February BTTC Tournament,2282.0,2203.0,2020-02-21,2020-02-23
652,Bin Hai,Chu,1324,13020,"Miami Lakes, FL",PINGPOD,2186,2024-07-21,0,,ACTIVE,Butterfly 2019 December BTTC Open Tournament,2309.0,2301.0,2019-12-15,2019-12-15
652,Bin Hai,Chu,1324,13020,"Miami Lakes, FL",PINGPOD,2186,2024-07-21,0,,ACTIVE,Butterfly 2019 October BTTC Tournament,2197.0,2309.0,2019-10-11,2019-10-13
652,Bin Hai,Chu,1324,13020,"Miami Lakes, FL",PINGPOD,2186,2024-07-21,0,,ACTIVE,Butterfly 2019 June BTTC Open Tournament,2251.0,2197.0,2019-06-23,2019-06-23
652,Bin Hai,Chu,1324,13020,"Miami Lakes, FL",PINGPOD,2186,2024-07-21,0,,ACTIVE,BUTTERFLY APRIL 2019 BTTC OPEN,2244.0,2243.0,2019-04-12,2019-04-14
652,Bin Hai,Chu,1324,13020,"Miami Lakes, FL",PINGPOD,2186,2024-07-21,0,,ACTIVE,Butterfly February 2019 BTTC Open,2261.0,2234.0,2019-02-15,2019-02-15
652,Bin Hai,Chu,1324,13020,"Miami Lakes, FL",PINGPOD,2186,2024-07-21,0,,ACTIVE,Butterfly Dec 2018 BTTC Open,2240.0,2270.0,2018-12-14,2018-12-16
652,Bin Hai,Chu,1324,13020,"Miami Lakes, FL",PINGPOD,2186,2024-07-21,0,,ACTIVE,BUTTERFLY OCTOBER 2018 BTTC OPEN,2266.0,2240.0,2018-10-13,2018-10-13
652,Bin Hai,Chu,1324,13020,"Miami Lakes, FL",PINGPOD,2186,2024-07-21,0,,ACTIVE,Butterfly 2018 August BTTC Open Tournament,2304.0,2292.0,2018-08-11,2018-08-12
652,Bin Hai,Chu,1324,13020,"Miami Lakes, FL",PINGPOD,2186,2024-07-21,0,,ACTIVE,Butterfly 2018 June BTTC Open Tournament,2309.0,2304.0,2018-06-17,2018-06-17
652,Bin Hai,Chu,1324,13020,"Miami Lakes, FL",PINGPOD,2186,2024-07-21,0,,ACTIVE,Butterfly April 2018 BTTC Open,2189.0,2309.0,2018-04-14,2018-04-15
652,Bin Hai,Chu,1324,13020,"Miami Lakes, FL",PINGPOD,2186,2024-07-21,0,,ACTIVE,Butterfly February 2018 BTTC Open,2197.0,2189.0,2018-02-10,2018-02-11
652,Bin Hai,Chu,1324,13020,"Miami Lakes, FL",PINGPOD,2186,2024-07-21,0,,ACTIVE,Robopong December 2017 BTTC Open,2219.0,2212.0,2017-12-15,2017-12-17
652,Bin Hai,Chu,1324,13020,"Miami Lakes, FL",PINGPOD,2186,2024-07-21,0,,ACTIVE,Robo-Pong November 2017 BTTC Open,2273.0,2276.0,2017-11-04,2017-11-05
652,Bin Hai,Chu,1324,13020,"Miami Lakes, FL",PINGPOD,2186,2024-07-21,0,,ACTIVE,Robopong September 2017 BTTC Open,2251.0,2269.0,2017-09-02,2017-09-03
652,Bin Hai,Chu,1324,13020,"Miami Lakes, FL",PINGPOD,2186,2024-07-21,0,,ACTIVE,Robopong April 2017 BTTC Open,2247.0,2267.0,2017-04-29,2017-04-30
652,Bin Hai,Chu,1324,13020,"Miami Lakes, FL",PINGPOD,2186,2024-07-21,0,,ACTIVE,Robopong February 2017 BTTC Team Tournament,2250.0,2283.0,2017-02-11,2017-02-12
652,Bin Hai,Chu,1324,13020,"Miami Lakes, FL",PINGPOD,2186,2024-07-21,0,,ACTIVE,Robopong October 2016 Broward TTC Open,2251.0,2292.0,2016-10-22,2016-10-23
652,Bin Hai,Chu,1324,13020,"Miami Lakes, FL",PINGPOD,2186,2024-07-21,0,,ACTIVE,Robopong June 2016 Marty Prager Memorial BTTC Open,2163.0,2288.0,2016-06-24,2016-06-26
652,Bin Hai,Chu,1324,13020,"Miami Lakes, FL",PINGPOD,2186,2024-07-21,0,,ACTIVE,Robopong May 2016 Broward TTC Open,2182.0,2143.0,2016-05-07,2016-05-07
652,Bin Hai,Chu,1324,13020,"Miami Lakes, FL",PINGPOD,2186,2024-07-21,0,,ACTIVE,Robopong January 2016 Broward Table Tennis Club Open,2240.0,2254.0,2016-01-16,2016-01-17
652,Bin Hai,Chu,1324,13020,"Miami Lakes, FL",PINGPOD,2186,2024-07-21,0,,ACTIVE,Robo Pong September 2015 BTTC Open,2280.0,2280.0,2015-09-06,
652,Bin Hai,Chu,1324,13020,"Miami Lakes, FL",PINGPOD,2186,2024-07-21,0,,ACTIVE,Robo Pong April 2015 BTTC Open,2275.0,2290.0,2015-04-18,
652,Bin Hai,Chu,1324,13020,"Miami Lakes, FL",PINGPOD,2186,2024-07-21,0,,ACTIVE,Robo Pong February 2015 BTTC Open,2246.0,2273.0,2015-02-08,
652,Bin Hai,Chu,1324,13020,"Miami Lakes, FL",PINGPOD,2186,2024-07-21,0,,ACTIVE,Robo-Pong October 2014 BTTC Open,2359.0,2327.0,2014-10-19,
652,Bin Hai,Chu,1324,13020,"Miami Lakes, FL",PINGPOD,2186,2024-07-21,0,,ACTIVE,Robo-Pong September 2014 BTTC Open,2259.0,2265.0,2014-09-14,
652,Bin Hai,Chu,1324,13020,"Miami Lakes, FL",PINGPOD,2186,2024-07-21,0,,ACTIVE,Robo-Pong August 2014 BTTC Open,2259.0,2259.0,2014-08-03,
652,Bin Hai,Chu,1324,13020,"Miami Lakes, FL",PINGPOD,2186,2024-07-21,0,,ACTIVE,Robo-Pong May 2014 BTTC Open,2292.0,2285.0,2014-05-18,
652,Bin Hai,Chu,1324,13020,"Miami Lakes, FL",PINGPOD,2186,2024-07-21,0,,ACTIVE,Robo-Pong April 2014 BTTC Open,2260.0,2288.0,2014-04-13,
652,Bin Hai,Chu,1324,13020,"Miami Lakes, FL",PINGPOD,2186,2024-07-21,0,,ACTIVE,Robo-Pong March 2014 BTTC Open,2248.0,2248.0,2014-03-02,
652,Bin Hai,Chu,1324,13020,"Miami Lakes, FL",PINGPOD,2186,2024-07-21,0,,ACTIVE,Robopong December 2013 BTTC Open,2292.0,2269.0,2013-12-08,
652,Bin Hai,Chu,1324,13020,"Miami Lakes, FL",PINGPOD,2186,2024-07-21,0,,ACTIVE,Robopong August 2013 BTTC Open,2284.0,2262.0,2013-08-04,
652,Bin Hai,Chu,1324,13020,"Miami Lakes, FL",PINGPOD,2186,2024-07-21,0,,ACTIVE,Robopong March 2013 BTTC Open,2229.0,2229.0,2013-03-24,
652,Bin Hai,Chu,1324,13020,"Miami Lakes, FL",PINGPOD,2186,2024-07-21,0,,ACTIVE,Robopong February 2013 Broward TTC Open,2235.0,2233.0,2013-02-17,
652,Bin Hai,Chu,1324,13020,"Miami Lakes, FL",PINGPOD,2186,2024-07-21,0,,ACTIVE,Robopong January 2013 Broward TTC Open,2240.0,2235.0,2013-01-13,
652,Bin Hai,Chu,1324,13020,"Miami Lakes, FL",PINGPOD,2186,2024-07-21,0,,ACTIVE,RoboPong December 2012 Broward,2222.0,2223.0,2012-12-09,
652,Bin Hai,Chu,1324,13020,"Miami Lakes, FL",PINGPOD,2186,2024-07-21,0,,ACTIVE,RoboPong November 2012 Broward,2264.0,2222.0,2012-11-04,
652,Bin Hai,Chu,1324,13020,"Miami Lakes, FL",PINGPOD,2186,2024-07-21,0,,ACTIVE,Robopong July 2012 Broward TTC,2270.0,2256.0,2012-07-29,
652,Bin Hai,Chu,1324,13020,"Miami Lakes, FL",PINGPOD,2186,2024-07-21,0,,ACTIVE,Robopong May 2012 Broward TTC Open,2250.0,2281.0,2012-05-27,
652,Bin Hai,Chu,1324,13020,"Miami Lakes, FL",PINGPOD,2186,2024-07-21,0,,ACTIVE,Robopong February 2012 Broward Table Tennis Open,2294.0,2264.0,2012-02-12,
652,Bin Hai,Chu,1324,13020,"Miami Lakes, FL",PINGPOD,2186,2024-07-21,0,,ACTIVE,Robopong January 2012 BTTC Open,2314.0,2298.0,2012-01-08,
652,Bin Hai,Chu,1324,13020,"Miami Lakes, FL",PINGPOD,2186,2024-07-21,0,,ACTIVE,RoboPong Jan BTTC Open,2268.0,2251.0,2011-01-09,
652,Bin Hai,Chu,1324,13020,"Miami Lakes, FL",PINGPOD,2186,2024-07-21,0,,ACTIVE,RoboPong 2010 Dec BTTC Open,2292.0,2268.0,2010-12-12,
652,Bin Hai,Chu,1324,13020,"Miami Lakes, FL",PINGPOD,2186,2024-07-21,0,,ACTIVE,RoboPong October BTTC Open,2295.0,2292.0,2010-10-03,
652,Bin Hai,Chu,1324,13020,"Miami Lakes, FL",PINGPOD,2186,2024-07-21,0,,ACTIVE,May 2010 Broward TT Open,2263.0,2257.0,2010-05-23,
652,Bin Hai,Chu,1324,13020,"Miami Lakes, FL",PINGPOD,2186,2024-07-21,0,,ACTIVE,April 2010 Broward TT Open,2278.0,2263.0,2010-04-25,
652,Bin Hai,Chu,1324,13020,"Miami Lakes, FL",PINGPOD,2186,2024-07-21,0,,ACTIVE,March '10 Broward TTO,2275.0,2278.0,2010-03-14,
652,Bin Hai,Chu,1324,13020,"Miami Lakes, FL",PINGPOD,2186,2024-07-21,0,,ACTIVE,February '10 Broward TTO,2251.0,2275.0,2010-02-14,
652,Bin Hai,Chu,1324,13020,"Miami Lakes, FL",PINGPOD,2186,2024-07-21,0,,ACTIVE,December 09 Broward TTO,2228.0,2234.0,2009-12-06,
652,Bin Hai,Chu,1324,13020,"Miami Lakes, FL",PINGPOD,2186,2024-07-21,0,,ACTIVE,October '09 Broward TT Open,2239.0,2228.0,2009-11-01,
652,Bin Hai,Chu,1324,13020,"Miami Lakes, FL",PINGPOD,2186,2024-07-21,0,,ACTIVE,September '09 Broward TT Open,2322.0,2275.0,2009-10-04,
652,Bin Hai,Chu,1324,13020,"Miami Lakes, FL",PINGPOD,2186,2024-07-21,0,,ACTIVE,Broward TT Open,2331.0,2333.0,2009-07-26,
652,Bin Hai,Chu,1324,13020,"Miami Lakes, FL",PINGPOD,2186,2024-07-21,0,,ACTIVE,April 09 Broward TT Open,2212.0,2171.0,2009-04-05,
652,Bin Hai,Chu,1324,13020,"Miami Lakes, FL",PINGPOD,2186,2024-07-21,0,,ACTIVE,March 09 Broward TT Open,2214.0,2212.0,2009-03-08,
652,Bin Hai,Chu,1324,13020,"Miami Lakes, FL",PINGPOD,2186,2024-07-21,0,,ACTIVE,December 08 Broward TT Open,2240.0,2248.0,2008-12-06,
652,Bin Hai,Chu,1324,13020,"Miami Lakes, FL",PINGPOD,2186,2024-07-21,0,,ACTIVE,November Broward TT Open,2266.0,2240.0,2008-11-15,
652,Bin Hai,Chu,1324,13020,"Miami Lakes, FL",PINGPOD,2186,2024-07-21,0,,ACTIVE,2008 Broward TTWinter Open,2228.0,2246.0,2008-01-06,
652,Bin Hai,Chu,1324,13020,"Miami Lakes, FL",PINGPOD,2186,2024-07-21,0,,ACTIVE,2007 Summer Broward TT Open,2149.0,2207.0,2007-08-05,
652,Bin Hai,Chu,1324,13020,"Miami Lakes, FL",PINGPOD,2186,2024-07-21,0,,ACTIVE,2007 Winter Broward TT Open,2275.0,2252.0,2007-01-07,
652,Bin Hai,Chu,1324,13020,"Miami Lakes, FL",PINGPOD,2186,2024-07-21,0,,ACTIVE,Summer 2006 Broward TT Open,2254.0,2212.0,2006-07-31,
652,Bin Hai,Chu,1324,13020,"Miami Lakes, FL",PINGPOD,2186,2024-07-21,0,,ACTIVE,2006 Winter Broward Open,2152.0,2156.0,2006-01-08,
652,Bin Hai,Chu,1324,13020,"Miami Lakes, FL",PINGPOD,2186,2024-07-21,0,,ACTIVE,2005 Summer Broward TT Open,2049.0,2129.0,2005-08-14,
652,Bin Hai,Chu,1324,13020,"Miami Lakes, FL",PINGPOD,2186,2024-07-21,0,,ACTIVE,2005 Winter Broward TT Open,2130.0,2115.0,2005-01-09,
652,Bin Hai,Chu,1324,13020,"Miami Lakes, FL",PINGPOD,2186,2024-07-21,0,,ACTIVE,2004 Inaugural Spring Broward ,2242.0,2235.0,2004-05-23,
664,Bradley,Robbins,6552,92461,"Windham, NH",C&C Table Tennis,2183,2024-06-16,2202,2024-08-23,ACTIVE,Butterfly 2018 June BTTC Open Tournament,2047.0,2037.0,2018-06-17,2018-06-17
676,Ryan,Hoarfrost,3060,11877,"Lake Oswego, OR",Paddle Palace Club,2178,2024-09-08,2124,2014-08-01,ACTIVE,2017 BTTC Summer Open,2177.0,2178.0,2017-06-10,2017-06-11
691,Janusz,Franeczek,2231,26185,"Schiller Park, IL",,2173,2024-04-21,2214,2020-03-06,ACTIVE,Butterfly January 2022 BTTC Open Tournament,2109.0,2096.0,2022-01-29,2022-01-30
708,Tigran,Gyonjyan,2733,79839,"Sammamish, WA",Seattle Pacific Table Tennis Club,2166,2024-02-04,2154,2024-01-13,ACTIVE,2017 BTTC Spring Open,2013.0,2022.0,2017-03-25,2017-03-26
708,Tigran,Gyonjyan,2733,79839,"Sammamish, WA",Seattle Pacific Table Tennis Club,2166,2024-02-04,2154,2024-01-13,ACTIVE,2014 BTTC Spring Open,1887.0,1934.0,2014-03-30,
714,Daymar,Castro,131652,230652,,,2163,2024-04-14,0,,ACTIVE,Butterfly Dec 2018 BTTC Open,1887.0,1906.0,2018-12-14,2018-12-16
723,Geetha,Krishna,125135,224135,"Marietta, GA",East Cobb Sports Table Tennis,2160,2024-08-18,0,,ACTIVE,Butterfly 2021 September BTTC Open,1698.0,1709.0,2021-09-24,2021-09-26
732,Medha,Krishna,119837,218837,"Marietta, GA",East Cobb Sports Table Tennis,2158,2024-08-18,0,,ACTIVE,Butterfly 2021 September BTTC Open,1930.0,1974.0,2021-09-24,2021-09-26
735,Michael,Walk,8195,10888,"Pittsburgh, PA",South Park Table Tennis Club,2156,2019-12-01,0,,ACTIVE,March 09 Broward TT Open,2278.0,2278.0,2009-03-08,
768,David,Roberts,6562,55604,"Bellevue, WA",Seattle Pacific Table Tennis Club,2147,2023-12-10,2169,2023-12-30,ACTIVE,2017 BTTC Summer Open,2229.0,2228.0,2017-06-10,2017-06-11
768,David,Roberts,6562,55604,"Bellevue, WA",Seattle Pacific Table Tennis Club,2147,2023-12-10,2169,2023-12-30,ACTIVE,2015 BTTC Summer Open,2174.0,2129.0,2015-06-21,
770,Richard,Dewitt,1714,47261,"Stratford, CT",,2147,2024-06-30,2190,2024-08-09,ACTIVE,Carmel Barrau 2021 December BTTC Open Tournament,2145.0,2164.0,2021-12-10,2021-12-12
770,Richard,Dewitt,1714,47261,"Stratford, CT",,2147,2024-06-30,2190,2024-08-09,ACTIVE,Robopong May 2016 Broward TTC Open,2070.0,2089.0,2016-05-07,2016-05-07
770,Richard,Dewitt,1714,47261,"Stratford, CT",,2147,2024-06-30,2190,2024-08-09,ACTIVE,BTTC November Open,2174.0,2180.0,2010-11-21,
770,Richard,Dewitt,1714,47261,"Stratford, CT",,2147,2024-06-30,2190,2024-08-09,ACTIVE,BTTC August Open,2264.0,2218.0,2010-08-22,
770,Richard,Dewitt,1714,47261,"Stratford, CT",,2147,2024-06-30,2190,2024-08-09,ACTIVE,2010 BTTC Open,2206.0,2213.0,2010-05-02,
774,Kit,Jeerapaet,3416,6980,"Tampa, FL",Sunrise Table Tennis Club - Morningside Recreation Complex,2145,2023-11-12,2000,2004-12-29,ACTIVE,Carmel Barrau 2021 December BTTC Open Tournament,2209.0,2201.0,2021-12-10,2021-12-12
774,Kit,Jeerapaet,3416,6980,"Tampa, FL",Sunrise Table Tennis Club - Morningside Recreation Complex,2145,2023-11-12,2000,2004-12-29,ACTIVE,Robo-Pong November 2017 BTTC Open,2273.0,2283.0,2017-11-04,2017-11-05
774,Kit,Jeerapaet,3416,6980,"Tampa, FL",Sunrise Table Tennis Club - Morningside Recreation Complex,2145,2023-11-12,2000,2004-12-29,ACTIVE,Robo Pong February 2015 BTTC Open,2278.0,2296.0,2015-02-08,
774,Kit,Jeerapaet,3416,6980,"Tampa, FL",Sunrise Table Tennis Club - Morningside Recreation Complex,2145,2023-11-12,2000,2004-12-29,ACTIVE,April 2010 Broward TT Open,2292.0,2296.0,2010-04-25,
774,Kit,Jeerapaet,3416,6980,"Tampa, FL",Sunrise Table Tennis Club - Morningside Recreation Complex,2145,2023-11-12,2000,2004-12-29,ACTIVE,December 08 Broward TT Open,2333.0,2319.0,2008-12-06,
774,Kit,Jeerapaet,3416,6980,"Tampa, FL",Sunrise Table Tennis Club - Morningside Recreation Complex,2145,2023-11-12,2000,2004-12-29,ACTIVE,2008 Broward TTWinter Open,2225.0,2236.0,2008-01-06,
774,Kit,Jeerapaet,3416,6980,"Tampa, FL",Sunrise Table Tennis Club - Morningside Recreation Complex,2145,2023-11-12,2000,2004-12-29,ACTIVE,2007 Summer Broward TT Open,2118.0,2244.0,2007-08-05,
774,Kit,Jeerapaet,3416,6980,"Tampa, FL",Sunrise Table Tennis Club - Morningside Recreation Complex,2145,2023-11-12,2000,2004-12-29,ACTIVE,2007 Winter Broward TT Open,2279.0,2267.0,2007-01-07,
774,Kit,Jeerapaet,3416,6980,"Tampa, FL",Sunrise Table Tennis Club - Morningside Recreation Complex,2145,2023-11-12,2000,2004-12-29,ACTIVE,2006 Winter Broward Open,2321.0,2323.0,2006-01-08,
774,Kit,Jeerapaet,3416,6980,"Tampa, FL",Sunrise Table Tennis Club - Morningside Recreation Complex,2145,2023-11-12,2000,2004-12-29,ACTIVE,2004 Inaugural Spring Broward ,2146.0,2146.0,2004-05-23,
791,Henok,Tekle Mariam,173886,1173886,,,2139,2024-02-11,0,,ACTIVE,Butterfly 2024 February BTTC Tournament,2146.0,2139.0,2024-02-09,2024-02-11
791,Henok,Tekle Mariam,173886,1173886,,,2139,2024-02-11,0,,ACTIVE,Butterfly January 2022 BTTC Open Tournament,0.0,2146.0,2022-01-29,2022-01-30
798,Philippe,Dassonval,1610,60396,"Woodside, NY",NYTTF,2138,2024-06-30,2150,2014-03-04,ACTIVE,BTTC November Open,2206.0,2205.0,2010-11-21,
798,Philippe,Dassonval,1610,60396,"Woodside, NY",NYTTF,2138,2024-06-30,2150,2014-03-04,ACTIVE,2010 BTTC Open,2217.0,2209.0,2010-05-02,
798,Philippe,Dassonval,1610,60396,"Woodside, NY",NYTTF,2138,2024-06-30,2150,2014-03-04,ACTIVE,2010 BTTC Open,2156.0,2161.0,2010-02-28,
798,Philippe,Dassonval,1610,60396,"Woodside, NY",NYTTF,2138,2024-06-30,2150,2014-03-04,ACTIVE,2010 BTTC Open,2165.0,2166.0,2010-01-31,
806,Louis,Schlessinger,6854,86783,"Philadelphia, PA",,2136,2024-08-25,2162,2024-08-23,ACTIVE,Butterfly 2024 February BTTC Tournament,2007.0,2042.0,2024-02-09,2024-02-11
806,Louis,Schlessinger,6854,86783,"Philadelphia, PA",,2136,2024-08-25,2162,2024-08-23,ACTIVE,Butterfly 2023 February BTTC,2044.0,2084.0,2023-02-10,2023-02-12
835,Sam,Lawton,4177,92490,"Raleigh, NC",Triangle Badminton & Table Tennis,2124,2024-08-04,2207,2023-09-07,ACTIVE,Carmel Barrau 2021 December BTTC Open Tournament,2061.0,2056.0,2021-12-10,2021-12-12
835,Sam,Lawton,4177,92490,"Raleigh, NC",Triangle Badminton & Table Tennis,2124,2024-08-04,2207,2023-09-07,ACTIVE,Butterfly 2021 September BTTC Open,1984.0,2125.0,2021-09-24,2021-09-26
839,Loi,Pham,6121,92907,"Thornton, CO",Sky High Table Tennis Club,2124,2024-04-28,0,,ACTIVE,BUTTERFLY APRIL 2019 BTTC OPEN,2078.0,2177.0,2019-04-12,2019-04-14
839,Loi,Pham,6121,92907,"Thornton, CO",Sky High Table Tennis Club,2124,2024-04-28,0,,ACTIVE,Butterfly 2018 June BTTC Open Tournament,2039.0,2096.0,2018-06-17,2018-06-17
843,Allan,Anzagira,119469,218469,"Long Island City, NY",PingPod Lower East Side,2122,2024-08-25,2002,2024-07-30,ACTIVE,Butterfly 2024 February BTTC Tournament,2166.0,2091.0,2024-02-09,2024-02-11
843,Allan,Anzagira,119469,218469,"Long Island City, NY",PingPod Lower East Side,2122,2024-08-25,2002,2024-07-30,ACTIVE,Carmel Barrau 2021 December BTTC Open Tournament,2109.0,2137.0,2021-12-10,2021-12-12
844,Luis,Rodriguez,6590,94586,"Miami, FL",,2122,2024-08-24,0,,ACTIVE,Butterfly 2024 February BTTC Tournament,2155.0,2119.0,2024-02-09,2024-02-11
844,Luis,Rodriguez,6590,94586,"Miami, FL",,2122,2024-08-24,0,,ACTIVE,Butterfly 2023 February BTTC,2140.0,2172.0,2023-02-10,2023-02-12
844,Luis,Rodriguez,6590,94586,"Miami, FL",,2122,2024-08-24,0,,ACTIVE,Butterfly 2022 BTTC Fall Open Tournament,2174.0,2053.0,2022-09-30,2022-10-02
844,Luis,Rodriguez,6590,94586,"Miami, FL",,2122,2024-08-24,0,,ACTIVE,Butterfly January 2022 BTTC Open Tournament,2162.0,2143.0,2022-01-29,2022-01-30
844,Luis,Rodriguez,6590,94586,"Miami, FL",,2122,2024-08-24,0,,ACTIVE,Carmel Barrau 2021 December BTTC Open Tournament,2030.0,2162.0,2021-12-10,2021-12-12
844,Luis,Rodriguez,6590,94586,"Miami, FL",,2122,2024-08-24,0,,ACTIVE,Butterfly 2021 September BTTC Open,2067.0,2030.0,2021-09-24,2021-09-26
844,Luis,Rodriguez,6590,94586,"Miami, FL",,2122,2024-08-24,0,,ACTIVE,Butterfly 2020 February BTTC Tournament,2110.0,2106.0,2020-02-21,2020-02-23
844,Luis,Rodriguez,6590,94586,"Miami, FL",,2122,2024-08-24,0,,ACTIVE,Butterfly 2019 December BTTC Open Tournament,2074.0,2110.0,2019-12-15,2019-12-15
844,Luis,Rodriguez,6590,94586,"Miami, FL",,2122,2024-08-24,0,,ACTIVE,Butterfly 2019 October BTTC Tournament,1901.0,2073.0,2019-10-11,2019-10-13
844,Luis,Rodriguez,6590,94586,"Miami, FL",,2122,2024-08-24,0,,ACTIVE,Butterfly 2019 June BTTC Open Tournament,2061.0,2036.0,2019-06-23,2019-06-23
844,Luis,Rodriguez,6590,94586,"Miami, FL",,2122,2024-08-24,0,,ACTIVE,BUTTERFLY APRIL 2019 BTTC OPEN,2063.0,2023.0,2019-04-12,2019-04-14
844,Luis,Rodriguez,6590,94586,"Miami, FL",,2122,2024-08-24,0,,ACTIVE,Butterfly February 2019 BTTC Open,1969.0,2134.0,2019-02-15,2019-02-15
844,Luis,Rodriguez,6590,94586,"Miami, FL",,2122,2024-08-24,0,,ACTIVE,Butterfly Dec 2018 BTTC Open,2071.0,2072.0,2018-12-14,2018-12-16
844,Luis,Rodriguez,6590,94586,"Miami, FL",,2122,2024-08-24,0,,ACTIVE,BUTTERFLY OCTOBER 2018 BTTC OPEN,2018.0,2071.0,2018-10-13,2018-10-13
844,Luis,Rodriguez,6590,94586,"Miami, FL",,2122,2024-08-24,0,,ACTIVE,Butterfly 2018 August BTTC Open Tournament,2034.0,2018.0,2018-08-11,2018-08-12
844,Luis,Rodriguez,6590,94586,"Miami, FL",,2122,2024-08-24,0,,ACTIVE,Butterfly 2018 June BTTC Open Tournament,2049.0,2034.0,2018-06-17,2018-06-17
844,Luis,Rodriguez,6590,94586,"Miami, FL",,2122,2024-08-24,0,,ACTIVE,Butterfly April 2018 BTTC Open,2011.0,2007.0,2018-04-14,2018-04-15
844,Luis,Rodriguez,6590,94586,"Miami, FL",,2122,2024-08-24,0,,ACTIVE,Butterfly February 2018 BTTC Open,1904.0,1952.0,2018-02-10,2018-02-11
844,Luis,Rodriguez,6590,94586,"Miami, FL",,2122,2024-08-24,0,,ACTIVE,Robopong December 2017 BTTC Open,2070.0,1896.0,2017-12-15,2017-12-17
844,Luis,Rodriguez,6590,94586,"Miami, FL",,2122,2024-08-24,0,,ACTIVE,Robo-Pong November 2017 BTTC Open,2055.0,2070.0,2017-11-04,2017-11-05
844,Luis,Rodriguez,6590,94586,"Miami, FL",,2122,2024-08-24,0,,ACTIVE,Robopong September 2017 BTTC Open,2106.0,2055.0,2017-09-02,2017-09-03
844,Luis,Rodriguez,6590,94586,"Miami, FL",,2122,2024-08-24,0,,ACTIVE,Robopong April 2017 BTTC Open,1960.0,2102.0,2017-04-29,2017-04-30
844,Luis,Rodriguez,6590,94586,"Miami, FL",,2122,2024-08-24,0,,ACTIVE,Robopong February 2017 BTTC Team Tournament,1918.0,1925.0,2017-02-11,2017-02-12
844,Luis,Rodriguez,6590,94586,"Miami, FL",,2122,2024-08-24,0,,ACTIVE,Robopong October 2016 Broward TTC Open,1973.0,1909.0,2016-10-22,2016-10-23
844,Luis,Rodriguez,6590,94586,"Miami, FL",,2122,2024-08-24,0,,ACTIVE,Robopong May 2016 Broward TTC Open,1783.0,1973.0,2016-05-07,2016-05-07
844,Luis,Rodriguez,6590,94586,"Miami, FL",,2122,2024-08-24,0,,ACTIVE,Robopong January 2016 Broward Table Tennis Club Open,1783.0,1749.0,2016-01-16,2016-01-17
844,Luis,Rodriguez,6590,94586,"Miami, FL",,2122,2024-08-24,0,,ACTIVE,Robo Pong September 2015 BTTC Open,1695.0,1783.0,2015-09-06,
844,Luis,Rodriguez,6590,94586,"Miami, FL",,2122,2024-08-24,0,,ACTIVE,Robo Pong April 2015 BTTC Open,1713.0,1696.0,2015-04-18,
844,Luis,Rodriguez,6590,94586,"Miami, FL",,2122,2024-08-24,0,,ACTIVE,Robo Pong February 2015 BTTC Open,1692.0,1713.0,2015-02-08,
844,Luis,Rodriguez,6590,94586,"Miami, FL",,2122,2024-08-24,0,,ACTIVE,Robo-Pong October 2014 BTTC Open,1733.0,1692.0,2014-10-19,
844,Luis,Rodriguez,6590,94586,"Miami, FL",,2122,2024-08-24,0,,ACTIVE,Robo-Pong September 2014 BTTC Open,0.0,1733.0,2014-09-14,
851,Steven,Banet,11205,48646,"New Albany, FL",,2119,2024-06-15,1947,2013-05-22,ACTIVE,Butterfly 2022 BTTC Fall Open Tournament,2120.0,2119.0,2022-09-30,2022-10-02
856,Aaron,Tiktin,151017,1151017,"Denver, CO",,2118,2024-06-15,0,,ACTIVE,Butterfly 2024 February BTTC Tournament,2098.0,2092.0,2024-02-09,2024-02-11
856,Aaron,Tiktin,151017,1151017,"Denver, CO",,2118,2024-06-15,0,,ACTIVE,Butterfly 2023 February BTTC,1858.0,2013.0,2023-02-10,2023-02-12
858,Amir,Hanna,118857,217857,"Estero, FL",Naples Pong,2117,2024-08-24,0,,ACTIVE,Butterfly 2022 BTTC Fall Open Tournament,2115.0,2117.0,2022-09-30,2022-10-02
858,Amir,Hanna,118857,217857,"Estero, FL",Naples Pong,2117,2024-08-24,0,,ACTIVE,Butterfly January 2022 BTTC Open Tournament,2056.0,2085.0,2022-01-29,2022-01-30
858,Amir,Hanna,118857,217857,"Estero, FL",Naples Pong,2117,2024-08-24,0,,ACTIVE,Carmel Barrau 2021 December BTTC Open Tournament,2072.0,2056.0,2021-12-10,2021-12-12
858,Amir,Hanna,118857,217857,"Estero, FL",Naples Pong,2117,2024-08-24,0,,ACTIVE,Butterfly 2021 September BTTC Open,2111.0,2124.0,2021-09-24,2021-09-26
858,Amir,Hanna,118857,217857,"Estero, FL",Naples Pong,2117,2024-08-24,0,,ACTIVE,Butterfly 2019 December BTTC Open Tournament,2115.0,2141.0,2019-12-15,2019-12-15
858,Amir,Hanna,118857,217857,"Estero, FL",Naples Pong,2117,2024-08-24,0,,ACTIVE,Butterfly 2019 October BTTC Tournament,2118.0,2115.0,2019-10-11,2019-10-13
858,Amir,Hanna,118857,217857,"Estero, FL",Naples Pong,2117,2024-08-24,0,,ACTIVE,BUTTERFLY APRIL 2019 BTTC OPEN,2135.0,2106.0,2019-04-12,2019-04-14
858,Amir,Hanna,118857,217857,"Estero, FL",Naples Pong,2117,2024-08-24,0,,ACTIVE,Butterfly Dec 2018 BTTC Open,2069.0,2053.0,2018-12-14,2018-12-16
858,Amir,Hanna,118857,217857,"Estero, FL",Naples Pong,2117,2024-08-24,0,,ACTIVE,Butterfly 2018 August BTTC Open Tournament,2070.0,2040.0,2018-08-11,2018-08-12
858,Amir,Hanna,118857,217857,"Estero, FL",Naples Pong,2117,2024-08-24,0,,ACTIVE,Butterfly 2018 June BTTC Open Tournament,2108.0,2107.0,2018-06-17,2018-06-17
858,Amir,Hanna,118857,217857,"Estero, FL",Naples Pong,2117,2024-08-24,0,,ACTIVE,Butterfly April 2018 BTTC Open,2015.0,2001.0,2018-04-14,2018-04-15
858,Amir,Hanna,118857,217857,"Estero, FL",Naples Pong,2117,2024-08-24,0,,ACTIVE,Robopong December 2017 BTTC Open,1928.0,1964.0,2017-12-15,2017-12-17
865,Carlos,Estrada,20026,55737,"Miami, FL",,2116,2018-12-16,0,,ACTIVE,Butterfly Dec 2018 BTTC Open,2119.0,2116.0,2018-12-14,2018-12-16
865,Carlos,Estrada,20026,55737,"Miami, FL",,2116,2018-12-16,0,,ACTIVE,BUTTERFLY OCTOBER 2018 BTTC OPEN,2136.0,2119.0,2018-10-13,2018-10-13
865,Carlos,Estrada,20026,55737,"Miami, FL",,2116,2018-12-16,0,,ACTIVE,Butterfly 2018 August BTTC Open Tournament,2164.0,2159.0,2018-08-11,2018-08-12
865,Carlos,Estrada,20026,55737,"Miami, FL",,2116,2018-12-16,0,,ACTIVE,Robopong April 2012 Broward TTC Open,2163.0,2164.0,2012-04-22,
865,Carlos,Estrada,20026,55737,"Miami, FL",,2116,2018-12-16,0,,ACTIVE,February Broward TT Open,2037.0,2055.0,2009-02-07,
865,Carlos,Estrada,20026,55737,"Miami, FL",,2116,2018-12-16,0,,ACTIVE,2006 Winter Broward Open,1938.0,2029.0,2006-01-08,
871,Constantine,Pliushko,104106,203106,,PINGPOD,2114,2024-02-11,0,,ACTIVE,Butterfly 2024 February BTTC Tournament,2113.0,2114.0,2024-02-09,2024-02-11
871,Constantine,Pliushko,104106,203106,,PINGPOD,2114,2024-02-11,0,,ACTIVE,Robopong October 2016 Broward TTC Open,2299.0,2294.0,2016-10-22,2016-10-23
871,Constantine,Pliushko,104106,203106,,PINGPOD,2114,2024-02-11,0,,ACTIVE,Robopong June 2016 Marty Prager Memorial BTTC Open,2260.0,2250.0,2016-06-24,2016-06-26
871,Constantine,Pliushko,104106,203106,,PINGPOD,2114,2024-02-11,0,,ACTIVE,Robopong May 2016 Broward TTC Open,0.0,2260.0,2016-05-07,2016-05-07
885,Hari Teja,Narayanabhatla,173541,272541,"Atlanta, GA",Atlanta Georgia Table Tennis Association,2111,2024-07-21,2151,2022-05-21,ACTIVE,Butterfly 2022 BTTC Fall Open Tournament,2184.0,2260.0,2022-09-30,2022-10-02
893,MART,SEENY,45079,17404,"Bothell, WA",Seattle Pacific Table Tennis Club,2108,2018-03-04,2005,2024-07-20,ACTIVE,2015 BTTC Summer Open,1843.0,1849.0,2015-06-21,
901,Hiep,Tran,7862,16107,"Sterling, VA",Newport News Table Tennis Club,2106,2022-03-27,2115,2007-06-07,ACTIVE,December 08 Broward TT Open,2207.0,2198.0,2008-12-06,
905,Adis,Medunjanin,35759,16807,"Milford, CT",,2103,2023-11-26,0,,ACTIVE,BTTC December Open,1961.0,1977.0,2010-12-26,
909,Luis,Mejia,123018,222018,Doral,,2102,2024-08-24,0,,ACTIVE,Butterfly 2024 February BTTC Tournament,2018.0,2079.0,2024-02-09,2024-02-11
909,Luis,Mejia,123018,222018,Doral,,2102,2024-08-24,0,,ACTIVE,Butterfly 2023 February BTTC,1959.0,2035.0,2023-02-10,2023-02-12
909,Luis,Mejia,123018,222018,Doral,,2102,2024-08-24,0,,ACTIVE,Butterfly 2022 BTTC Fall Open Tournament,1958.0,2031.0,2022-09-30,2022-10-02
909,Luis,Mejia,123018,222018,Doral,,2102,2024-08-24,0,,ACTIVE,Butterfly January 2022 BTTC Open Tournament,1908.0,1995.0,2022-01-29,2022-01-30
909,Luis,Mejia,123018,222018,Doral,,2102,2024-08-24,0,,ACTIVE,Carmel Barrau 2021 December BTTC Open Tournament,1840.0,1908.0,2021-12-10,2021-12-12
909,Luis,Mejia,123018,222018,Doral,,2102,2024-08-24,0,,ACTIVE,Butterfly 2021 September BTTC Open,1725.0,1840.0,2021-09-24,2021-09-26
909,Luis,Mejia,123018,222018,Doral,,2102,2024-08-24,0,,ACTIVE,Butterfly 2020 February BTTC Tournament,1657.0,1620.0,2020-02-21,2020-02-23
909,Luis,Mejia,123018,222018,Doral,,2102,2024-08-24,0,,ACTIVE,Butterfly 2019 December BTTC Open Tournament,1681.0,1657.0,2019-12-15,2019-12-15
909,Luis,Mejia,123018,222018,Doral,,2102,2024-08-24,0,,ACTIVE,Butterfly 2019 October BTTC Tournament,1558.0,1552.0,2019-10-11,2019-10-13
909,Luis,Mejia,123018,222018,Doral,,2102,2024-08-24,0,,ACTIVE,Butterfly 2019 June BTTC Open Tournament,1504.0,1558.0,2019-06-23,2019-06-23
909,Luis,Mejia,123018,222018,Doral,,2102,2024-08-24,0,,ACTIVE,BUTTERFLY APRIL 2019 BTTC OPEN,1485.0,1504.0,2019-04-12,2019-04-14
909,Luis,Mejia,123018,222018,Doral,,2102,2024-08-24,0,,ACTIVE,Butterfly February 2019 BTTC Open,1248.0,1485.0,2019-02-15,2019-02-15
909,Luis,Mejia,123018,222018,Doral,,2102,2024-08-24,0,,ACTIVE,Butterfly Dec 2018 BTTC Open,1170.0,1209.0,2018-12-14,2018-12-16
909,Luis,Mejia,123018,222018,Doral,,2102,2024-08-24,0,,ACTIVE,BUTTERFLY OCTOBER 2018 BTTC OPEN,1185.0,1170.0,2018-10-13,2018-10-13
909,Luis,Mejia,123018,222018,Doral,,2102,2024-08-24,0,,ACTIVE,Butterfly 2018 August BTTC Open Tournament,1036.0,1185.0,2018-08-11,2018-08-12
909,Luis,Mejia,123018,222018,Doral,,2102,2024-08-24,0,,ACTIVE,Butterfly 2018 June BTTC Open Tournament,836.0,1036.0,2018-06-17,2018-06-17
909,Luis,Mejia,123018,222018,Doral,,2102,2024-08-24,0,,ACTIVE,Butterfly April 2018 BTTC Open,835.0,836.0,2018-04-14,2018-04-15
909,Luis,Mejia,123018,222018,Doral,,2102,2024-08-24,0,,ACTIVE,Butterfly February 2018 BTTC Open,0.0,835.0,2018-02-10,2018-02-11
926,Estefania,Ramirios,170607,1170607,"Warwick, NC",,2097,2023-04-02,0,,ACTIVE,Butterfly 2021 September BTTC Open,2112.0,2120.0,2021-09-24,2021-09-26
929,Billy,Joe,3467,79440,"West Windsor, NJ",,2096,2024-03-31,2306,2020-10-20,ACTIVE,Butterfly 2024 February BTTC Tournament,2179.0,2101.0,2024-02-09,2024-02-11
929,Billy,Joe,3467,79440,"West Windsor, NJ",,2096,2024-03-31,2306,2020-10-20,ACTIVE,Butterfly 2023 February BTTC,2217.0,2238.0,2023-02-10,2023-02-12
932,Brad,Villegas,180681,1180681,Hollywood,,2096,2024-08-24,0,,ACTIVE,Butterfly 2024 February BTTC Tournament,2057.0,2123.0,2024-02-09,2024-02-11
947,Thor J.,Truelson,7907,27830,"Bothell, WA",Seattle Pacific Table Tennis Club,2093,2023-10-08,2042,2023-11-04,ACTIVE,2015 BTTC Spring Open,2165.0,2159.0,2015-03-22,
975,Raymont,Miranda,178547,1178547,Hialeah,,2086,2024-08-24,0,,ACTIVE,Butterfly 2024 February BTTC Tournament,1940.0,2109.0,2024-02-09,2024-02-11
975,Raymont,Miranda,178547,1178547,Hialeah,,2086,2024-08-24,0,,ACTIVE,Butterfly 2023 February BTTC,0.0,1942.0,2023-02-10,2023-02-12
981,Brian,Chia,1249,30737,"Newcastle, WA",Seattle Pacific Table Tennis Club,2085,2023-03-05,2149,2023-09-16,ACTIVE,2018 BTTC Fall Open,2030.0,2029.0,2018-10-20,2018-10-21
981,Brian,Chia,1249,30737,"Newcastle, WA",Seattle Pacific Table Tennis Club,2085,2023-03-05,2149,2023-09-16,ACTIVE,2015 BTTC Spring Open,2006.0,1986.0,2015-03-22,
981,Brian,Chia,1249,30737,"Newcastle, WA",Seattle Pacific Table Tennis Club,2085,2023-03-05,2149,2023-09-16,ACTIVE,2014 BTTC Fall Open,1992.0,2007.0,2014-10-26,
981,Brian,Chia,1249,30737,"Newcastle, WA",Seattle Pacific Table Tennis Club,2085,2023-03-05,2149,2023-09-16,ACTIVE,2014 BTTC Summer Open,2074.0,1992.0,2014-06-29,
981,Brian,Chia,1249,30737,"Newcastle, WA",Seattle Pacific Table Tennis Club,2085,2023-03-05,2149,2023-09-16,ACTIVE,2014 BTTC Spring Open,2089.0,2070.0,2014-03-30,
986,Oluwole,Ayangade,322,64766,"Kennesaw, IN",Chicago Table Tennis Club - Wheeling Park District Branch ,2083,2024-08-31,0,,ACTIVE,Butterfly February 2019 BTTC Open,2172.0,2183.0,2019-02-15,2019-02-15
991,Narasimhan,Ramakrishnan,6371,25608,"Schaumburg, IL",Experior Table Tennis Club,2083,2024-05-05,2092,2020-02-08,ACTIVE,Butterfly February 2019 BTTC Open,1973.0,1897.0,2019-02-15,2019-02-15
1013,Jonathan,Santamaria,112745,211745,"Hialeah, FL",,2075,2024-08-24,0,,ACTIVE,Butterfly 2024 February BTTC Tournament,2173.0,2131.0,2024-02-09,2024-02-11
1013,Jonathan,Santamaria,112745,211745,"Hialeah, FL",,2075,2024-08-24,0,,ACTIVE,Butterfly 2023 February BTTC,2155.0,2135.0,2023-02-10,2023-02-12
1013,Jonathan,Santamaria,112745,211745,"Hialeah, FL",,2075,2024-08-24,0,,ACTIVE,Butterfly 2022 BTTC Fall Open Tournament,2134.0,2162.0,2022-09-30,2022-10-02
1013,Jonathan,Santamaria,112745,211745,"Hialeah, FL",,2075,2024-08-24,0,,ACTIVE,Butterfly January 2022 BTTC Open Tournament,2160.0,2146.0,2022-01-29,2022-01-30
1013,Jonathan,Santamaria,112745,211745,"Hialeah, FL",,2075,2024-08-24,0,,ACTIVE,Carmel Barrau 2021 December BTTC Open Tournament,2210.0,2160.0,2021-12-10,2021-12-12
1013,Jonathan,Santamaria,112745,211745,"Hialeah, FL",,2075,2024-08-24,0,,ACTIVE,Butterfly 2021 September BTTC Open,2156.0,2210.0,2021-09-24,2021-09-26
1013,Jonathan,Santamaria,112745,211745,"Hialeah, FL",,2075,2024-08-24,0,,ACTIVE,Butterfly 2020 February BTTC Tournament,2120.0,2119.0,2020-02-21,2020-02-23
1013,Jonathan,Santamaria,112745,211745,"Hialeah, FL",,2075,2024-08-24,0,,ACTIVE,Butterfly 2019 December BTTC Open Tournament,2139.0,2120.0,2019-12-15,2019-12-15
1013,Jonathan,Santamaria,112745,211745,"Hialeah, FL",,2075,2024-08-24,0,,ACTIVE,Butterfly 2019 October BTTC Tournament,2251.0,2139.0,2019-10-11,2019-10-13
1013,Jonathan,Santamaria,112745,211745,"Hialeah, FL",,2075,2024-08-24,0,,ACTIVE,Butterfly 2019 June BTTC Open Tournament,2250.0,2251.0,2019-06-23,2019-06-23
1013,Jonathan,Santamaria,112745,211745,"Hialeah, FL",,2075,2024-08-24,0,,ACTIVE,BUTTERFLY APRIL 2019 BTTC OPEN,2148.0,2250.0,2019-04-12,2019-04-14
1013,Jonathan,Santamaria,112745,211745,"Hialeah, FL",,2075,2024-08-24,0,,ACTIVE,Butterfly February 2019 BTTC Open,2187.0,2148.0,2019-02-15,2019-02-15
1013,Jonathan,Santamaria,112745,211745,"Hialeah, FL",,2075,2024-08-24,0,,ACTIVE,Butterfly Dec 2018 BTTC Open,2175.0,2187.0,2018-12-14,2018-12-16
1013,Jonathan,Santamaria,112745,211745,"Hialeah, FL",,2075,2024-08-24,0,,ACTIVE,BUTTERFLY OCTOBER 2018 BTTC OPEN,2136.0,2175.0,2018-10-13,2018-10-13
1013,Jonathan,Santamaria,112745,211745,"Hialeah, FL",,2075,2024-08-24,0,,ACTIVE,Butterfly 2018 June BTTC Open Tournament,2181.0,2136.0,2018-06-17,2018-06-17
1013,Jonathan,Santamaria,112745,211745,"Hialeah, FL",,2075,2024-08-24,0,,ACTIVE,Butterfly April 2018 BTTC Open,2246.0,2181.0,2018-04-14,2018-04-15
1013,Jonathan,Santamaria,112745,211745,"Hialeah, FL",,2075,2024-08-24,0,,ACTIVE,Butterfly February 2018 BTTC Open,2266.0,2246.0,2018-02-10,2018-02-11
1013,Jonathan,Santamaria,112745,211745,"Hialeah, FL",,2075,2024-08-24,0,,ACTIVE,Robopong December 2017 BTTC Open,2276.0,2266.0,2017-12-15,2017-12-17
1013,Jonathan,Santamaria,112745,211745,"Hialeah, FL",,2075,2024-08-24,0,,ACTIVE,Robo-Pong November 2017 BTTC Open,2277.0,2276.0,2017-11-04,2017-11-05
1013,Jonathan,Santamaria,112745,211745,"Hialeah, FL",,2075,2024-08-24,0,,ACTIVE,Robopong April 2017 BTTC Open,2220.0,2234.0,2017-04-29,2017-04-30
1013,Jonathan,Santamaria,112745,211745,"Hialeah, FL",,2075,2024-08-24,0,,ACTIVE,Robopong February 2017 BTTC Team Tournament,2213.0,2220.0,2017-02-11,2017-02-12
1013,Jonathan,Santamaria,112745,211745,"Hialeah, FL",,2075,2024-08-24,0,,ACTIVE,Robopong October 2016 Broward TTC Open,2256.0,2207.0,2016-10-22,2016-10-23
1013,Jonathan,Santamaria,112745,211745,"Hialeah, FL",,2075,2024-08-24,0,,ACTIVE,Robopong June 2016 Marty Prager Memorial BTTC Open,0.0,2146.0,2016-06-24,2016-06-26
1016,Elman,Concepcion,1431,48537,"Miami, FL",,2075,2018-03-02,0,,ACTIVE,March '10 Broward TTO,2096.0,2075.0,2010-03-14,
1029,Hu,Wang,125165,224165,"Newcastle, WA",,2073,2023-12-21,2041,2023-11-04,ACTIVE,2018 BTTC Fall Open,1845.0,1839.0,2018-10-20,2018-10-21
1029,Hu,Wang,125165,224165,"Newcastle, WA",,2073,2023-12-21,2041,2023-11-04,ACTIVE,2018 BTTC Summer Open,0.0,1905.0,2018-07-21,2018-07-22
1044,Joshua,Joseph,157745,1157745,"Cypress, TX",,2068,2024-08-11,2112,2024-07-13,ACTIVE,Butterfly 2024 February BTTC Tournament,2002.0,2076.0,2024-02-09,2024-02-11
1050,Xing,Xiong,54015,30401,"Largo, FL",,2068,2024-01-27,2033,2023-12-26,ACTIVE,Carmel Barrau 2021 December BTTC Open Tournament,2063.0,2045.0,2021-12-10,2021-12-12
1066,Oliver,De La Torre,173673,1173673,"Coatepec, FN","Broward Table Tennis Club, Inc.",2063,2023-12-17,0,,ACTIVE,Carmel Barrau 2021 December BTTC Open Tournament,0.0,1795.0,2021-12-10,2021-12-12
1068,Christopher,Santiago,6803,10732,"Seattle, TX",,2063,2018-03-02,2033,2024-04-13,ACTIVE,2015 BTTC Summer Open,2069.0,2061.0,2015-06-21,
1068,Christopher,Santiago,6803,10732,"Seattle, TX",,2063,2018-03-02,2033,2024-04-13,ACTIVE,2015 BTTC Spring Open,2066.0,2069.0,2015-03-22,
1075,Tiago,Farinas,172702,1172702,Weston,,2062,2024-07-21,0,,ACTIVE,Butterfly 2022 BTTC Fall Open Tournament,2099.0,2082.0,2022-09-30,2022-10-02
1075,Tiago,Farinas,172702,1172702,Weston,,2062,2024-07-21,0,,ACTIVE,Carmel Barrau 2021 December BTTC Open Tournament,2082.0,2078.0,2021-12-10,2021-12-12
1075,Tiago,Farinas,172702,1172702,Weston,,2062,2024-07-21,0,,ACTIVE,Butterfly 2021 September BTTC Open,0.0,2082.0,2021-09-24,2021-09-26
1114,Ty,Hoff,3078,6713,"Cary, NC",Triangle Badminton & Table Tennis,2053,2024-07-07,2063,2024-02-28,ACTIVE,April 09 Broward TT Open,2099.0,2103.0,2009-04-05,
1140,Carlos,Rodriguez,6586,94585,"Hollywood, FL","Broward Table Tennis Club, Inc.",2047,2024-08-24,0,,ACTIVE,Butterfly 2024 February BTTC Tournament,2021.0,2002.0,2024-02-09,2024-02-11
1140,Carlos,Rodriguez,6586,94585,"Hollywood, FL","Broward Table Tennis Club, Inc.",2047,2024-08-24,0,,ACTIVE,Butterfly 2023 February BTTC,2053.0,2014.0,2023-02-10,2023-02-12
1140,Carlos,Rodriguez,6586,94585,"Hollywood, FL","Broward Table Tennis Club, Inc.",2047,2024-08-24,0,,ACTIVE,Butterfly 2022 BTTC Fall Open Tournament,1982.0,2119.0,2022-09-30,2022-10-02
1140,Carlos,Rodriguez,6586,94585,"Hollywood, FL","Broward Table Tennis Club, Inc.",2047,2024-08-24,0,,ACTIVE,Butterfly January 2022 BTTC Open Tournament,2009.0,2011.0,2022-01-29,2022-01-30
1140,Carlos,Rodriguez,6586,94585,"Hollywood, FL","Broward Table Tennis Club, Inc.",2047,2024-08-24,0,,ACTIVE,Butterfly 2021 September BTTC Open,2006.0,2009.0,2021-09-24,2021-09-26
1140,Carlos,Rodriguez,6586,94585,"Hollywood, FL","Broward Table Tennis Club, Inc.",2047,2024-08-24,0,,ACTIVE,Butterfly 2020 February BTTC Tournament,2001.0,1976.0,2020-02-21,2020-02-23
1140,Carlos,Rodriguez,6586,94585,"Hollywood, FL","Broward Table Tennis Club, Inc.",2047,2024-08-24,0,,ACTIVE,Butterfly 2019 December BTTC Open Tournament,1966.0,2001.0,2019-12-15,2019-12-15
1140,Carlos,Rodriguez,6586,94585,"Hollywood, FL","Broward Table Tennis Club, Inc.",2047,2024-08-24,0,,ACTIVE,Butterfly 2019 October BTTC Tournament,1980.0,1921.0,2019-10-11,2019-10-13
1140,Carlos,Rodriguez,6586,94585,"Hollywood, FL","Broward Table Tennis Club, Inc.",2047,2024-08-24,0,,ACTIVE,Butterfly 2019 June BTTC Open Tournament,2002.0,1947.0,2019-06-23,2019-06-23
1140,Carlos,Rodriguez,6586,94585,"Hollywood, FL","Broward Table Tennis Club, Inc.",2047,2024-08-24,0,,ACTIVE,BUTTERFLY APRIL 2019 BTTC OPEN,1974.0,1997.0,2019-04-12,2019-04-14
1140,Carlos,Rodriguez,6586,94585,"Hollywood, FL","Broward Table Tennis Club, Inc.",2047,2024-08-24,0,,ACTIVE,Butterfly February 2019 BTTC Open,1834.0,1960.0,2019-02-15,2019-02-15
1140,Carlos,Rodriguez,6586,94585,"Hollywood, FL","Broward Table Tennis Club, Inc.",2047,2024-08-24,0,,ACTIVE,Butterfly Dec 2018 BTTC Open,2013.0,1974.0,2018-12-14,2018-12-16
1140,Carlos,Rodriguez,6586,94585,"Hollywood, FL","Broward Table Tennis Club, Inc.",2047,2024-08-24,0,,ACTIVE,BUTTERFLY OCTOBER 2018 BTTC OPEN,1969.0,2013.0,2018-10-13,2018-10-13
1140,Carlos,Rodriguez,6586,94585,"Hollywood, FL","Broward Table Tennis Club, Inc.",2047,2024-08-24,0,,ACTIVE,Butterfly 2018 June BTTC Open Tournament,1902.0,2009.0,2018-06-17,2018-06-17
1140,Carlos,Rodriguez,6586,94585,"Hollywood, FL","Broward Table Tennis Club, Inc.",2047,2024-08-24,0,,ACTIVE,Butterfly April 2018 BTTC Open,1911.0,1902.0,2018-04-14,2018-04-15
1140,Carlos,Rodriguez,6586,94585,"Hollywood, FL","Broward Table Tennis Club, Inc.",2047,2024-08-24,0,,ACTIVE,Butterfly February 2018 BTTC Open,2023.0,2070.0,2018-02-10,2018-02-11
1140,Carlos,Rodriguez,6586,94585,"Hollywood, FL","Broward Table Tennis Club, Inc.",2047,2024-08-24,0,,ACTIVE,Robopong December 2017 BTTC Open,2027.0,2051.0,2017-12-15,2017-12-17
1140,Carlos,Rodriguez,6586,94585,"Hollywood, FL","Broward Table Tennis Club, Inc.",2047,2024-08-24,0,,ACTIVE,Robo-Pong November 2017 BTTC Open,2010.0,2027.0,2017-11-04,2017-11-05
1140,Carlos,Rodriguez,6586,94585,"Hollywood, FL","Broward Table Tennis Club, Inc.",2047,2024-08-24,0,,ACTIVE,Robopong September 2017 BTTC Open,1923.0,2010.0,2017-09-02,2017-09-03
1140,Carlos,Rodriguez,6586,94585,"Hollywood, FL","Broward Table Tennis Club, Inc.",2047,2024-08-24,0,,ACTIVE,Robopong April 2017 BTTC Open,1943.0,1944.0,2017-04-29,2017-04-30
1140,Carlos,Rodriguez,6586,94585,"Hollywood, FL","Broward Table Tennis Club, Inc.",2047,2024-08-24,0,,ACTIVE,Robopong February 2017 BTTC Team Tournament,1854.0,1901.0,2017-02-11,2017-02-12
1140,Carlos,Rodriguez,6586,94585,"Hollywood, FL","Broward Table Tennis Club, Inc.",2047,2024-08-24,0,,ACTIVE,Robopong October 2016 Broward TTC Open,1777.0,1865.0,2016-10-22,2016-10-23
1140,Carlos,Rodriguez,6586,94585,"Hollywood, FL","Broward Table Tennis Club, Inc.",2047,2024-08-24,0,,ACTIVE,Robopong May 2016 Broward TTC Open,1796.0,1777.0,2016-05-07,2016-05-07
1140,Carlos,Rodriguez,6586,94585,"Hollywood, FL","Broward Table Tennis Club, Inc.",2047,2024-08-24,0,,ACTIVE,Robopong January 2016 Broward Table Tennis Club Open,1720.0,1745.0,2016-01-16,2016-01-17
1140,Carlos,Rodriguez,6586,94585,"Hollywood, FL","Broward Table Tennis Club, Inc.",2047,2024-08-24,0,,ACTIVE,Robo Pong September 2015 BTTC Open,1728.0,1720.0,2015-09-06,
1140,Carlos,Rodriguez,6586,94585,"Hollywood, FL","Broward Table Tennis Club, Inc.",2047,2024-08-24,0,,ACTIVE,Robo Pong April 2015 BTTC Open,1646.0,1774.0,2015-04-18,
1140,Carlos,Rodriguez,6586,94585,"Hollywood, FL","Broward Table Tennis Club, Inc.",2047,2024-08-24,0,,ACTIVE,Robo Pong February 2015 BTTC Open,1712.0,1646.0,2015-02-08,
1140,Carlos,Rodriguez,6586,94585,"Hollywood, FL","Broward Table Tennis Club, Inc.",2047,2024-08-24,0,,ACTIVE,Robo-Pong October 2014 BTTC Open,1705.0,1712.0,2014-10-19,
1140,Carlos,Rodriguez,6586,94585,"Hollywood, FL","Broward Table Tennis Club, Inc.",2047,2024-08-24,0,,ACTIVE,Robo-Pong September 2014 BTTC Open,0.0,1705.0,2014-09-14,
1182,Hecmar Alexande,Araujo,171505,1171505,Miami Beach,,2038,2024-08-24,0,,ACTIVE,Butterfly 2024 February BTTC Tournament,2056.0,2049.0,2024-02-09,2024-02-11
1182,Hecmar Alexande,Araujo,171505,1171505,Miami Beach,,2038,2024-08-24,0,,ACTIVE,Butterfly 2023 February BTTC,1963.0,1965.0,2023-02-10,2023-02-12
1182,Hecmar Alexande,Araujo,171505,1171505,Miami Beach,,2038,2024-08-24,0,,ACTIVE,Butterfly 2022 BTTC Fall Open Tournament,1923.0,2034.0,2022-09-30,2022-10-02
1182,Hecmar Alexande,Araujo,171505,1171505,Miami Beach,,2038,2024-08-24,0,,ACTIVE,Butterfly January 2022 BTTC Open Tournament,1873.0,1923.0,2022-01-29,2022-01-30
1182,Hecmar Alexande,Araujo,171505,1171505,Miami Beach,,2038,2024-08-24,0,,ACTIVE,Carmel Barrau 2021 December BTTC Open Tournament,1835.0,1873.0,2021-12-10,2021-12-12
1182,Hecmar Alexande,Araujo,171505,1171505,Miami Beach,,2038,2024-08-24,0,,ACTIVE,Butterfly 2021 September BTTC Open,1801.0,1835.0,2021-09-24,2021-09-26
1183,Chi,Chan,14595,55576,"Orlando, FL",,2037,2024-07-21,0,,ACTIVE,April 2010 Broward TT Open,2083.0,2067.0,2010-04-25,
1183,Chi,Chan,14595,55576,"Orlando, FL",,2037,2024-07-21,0,,ACTIVE,2007 Winter Broward TT Open,2063.0,2064.0,2007-01-07,
1183,Chi,Chan,14595,55576,"Orlando, FL",,2037,2024-07-21,0,,ACTIVE,2005 Winter Broward TT Open,2042.0,2023.0,2005-01-09,
1184,Gilianie,Avila,131655,1131655,"Ceiba, FN",,2037,2024-04-14,1852,2022-07-31,ACTIVE,Butterfly January 2022 BTTC Open Tournament,2018.0,2015.0,2022-01-29,2022-01-30
1210,Van,Ly,4822,97461,"Coral Springs, FL",,2034,2024-03-31,0,,ACTIVE,Butterfly January 2022 BTTC Open Tournament,2109.0,2078.0,2022-01-29,2022-01-30
1210,Van,Ly,4822,97461,"Coral Springs, FL",,2034,2024-03-31,0,,ACTIVE,Carmel Barrau 2021 December BTTC Open Tournament,2089.0,2109.0,2021-12-10,2021-12-12
1210,Van,Ly,4822,97461,"Coral Springs, FL",,2034,2024-03-31,0,,ACTIVE,Butterfly 2019 June BTTC Open Tournament,2092.0,2089.0,2019-06-23,2019-06-23
1210,Van,Ly,4822,97461,"Coral Springs, FL",,2034,2024-03-31,0,,ACTIVE,BUTTERFLY APRIL 2019 BTTC OPEN,2119.0,2092.0,2019-04-12,2019-04-14
1210,Van,Ly,4822,97461,"Coral Springs, FL",,2034,2024-03-31,0,,ACTIVE,Butterfly 2018 June BTTC Open Tournament,2091.0,2079.0,2018-06-17,2018-06-17
1210,Van,Ly,4822,97461,"Coral Springs, FL",,2034,2024-03-31,0,,ACTIVE,Butterfly April 2018 BTTC Open,2122.0,2079.0,2018-04-14,2018-04-15
1210,Van,Ly,4822,97461,"Coral Springs, FL",,2034,2024-03-31,0,,ACTIVE,Butterfly February 2018 BTTC Open,2124.0,2151.0,2018-02-10,2018-02-11
1210,Van,Ly,4822,97461,"Coral Springs, FL",,2034,2024-03-31,0,,ACTIVE,Robopong December 2017 BTTC Open,2161.0,2124.0,2017-12-15,2017-12-17
1210,Van,Ly,4822,97461,"Coral Springs, FL",,2034,2024-03-31,0,,ACTIVE,Robo-Pong November 2017 BTTC Open,2120.0,2085.0,2017-11-04,2017-11-05
1210,Van,Ly,4822,97461,"Coral Springs, FL",,2034,2024-03-31,0,,ACTIVE,Robopong September 2017 BTTC Open,2116.0,2107.0,2017-09-02,2017-09-03
1210,Van,Ly,4822,97461,"Coral Springs, FL",,2034,2024-03-31,0,,ACTIVE,Robopong April 2017 BTTC Open,2039.0,2092.0,2017-04-29,2017-04-30
1210,Van,Ly,4822,97461,"Coral Springs, FL",,2034,2024-03-31,0,,ACTIVE,Robopong February 2017 BTTC Team Tournament,2133.0,2135.0,2017-02-11,2017-02-12
1210,Van,Ly,4822,97461,"Coral Springs, FL",,2034,2024-03-31,0,,ACTIVE,Robopong October 2016 Broward TTC Open,2040.0,2061.0,2016-10-22,2016-10-23
1210,Van,Ly,4822,97461,"Coral Springs, FL",,2034,2024-03-31,0,,ACTIVE,Robopong June 2016 Marty Prager Memorial BTTC Open,1994.0,1994.0,2016-06-24,2016-06-26
1210,Van,Ly,4822,97461,"Coral Springs, FL",,2034,2024-03-31,0,,ACTIVE,Robopong May 2016 Broward TTC Open,2016.0,2019.0,2016-05-07,2016-05-07
1210,Van,Ly,4822,97461,"Coral Springs, FL",,2034,2024-03-31,0,,ACTIVE,Robopong January 2016 Broward Table Tennis Club Open,1869.0,1890.0,2016-01-16,2016-01-17
1210,Van,Ly,4822,97461,"Coral Springs, FL",,2034,2024-03-31,0,,ACTIVE,Robo Pong October 2015 BTTC Open,1842.0,1772.0,2015-11-01,
1210,Van,Ly,4822,97461,"Coral Springs, FL",,2034,2024-03-31,0,,ACTIVE,Robo Pong September 2015 BTTC Open,0.0,1807.0,2015-09-06,
1229,Henry,Forte,2206,18771,"DORAL, FL","Broward Table Tennis Club, Inc.",2029,2023-12-02,0,,ACTIVE,Butterfly 2021 September BTTC Open,2070.0,2059.0,2021-09-24,2021-09-26
1229,Henry,Forte,2206,18771,"DORAL, FL","Broward Table Tennis Club, Inc.",2029,2023-12-02,0,,ACTIVE,Butterfly 2020 February BTTC Tournament,2067.0,2076.0,2020-02-21,2020-02-23
1229,Henry,Forte,2206,18771,"DORAL, FL","Broward Table Tennis Club, Inc.",2029,2023-12-02,0,,ACTIVE,Butterfly 2018 August BTTC Open Tournament,2105.0,2067.0,2018-08-11,2018-08-12
1229,Henry,Forte,2206,18771,"DORAL, FL","Broward Table Tennis Club, Inc.",2029,2023-12-02,0,,ACTIVE,Butterfly 2018 June BTTC Open Tournament,2108.0,2105.0,2018-06-17,2018-06-17
1229,Henry,Forte,2206,18771,"DORAL, FL","Broward Table Tennis Club, Inc.",2029,2023-12-02,0,,ACTIVE,Robo-Pong November 2017 BTTC Open,2134.0,2108.0,2017-11-04,2017-11-05
1229,Henry,Forte,2206,18771,"DORAL, FL","Broward Table Tennis Club, Inc.",2029,2023-12-02,0,,ACTIVE,Robopong February 2017 BTTC Team Tournament,2139.0,2134.0,2017-02-11,2017-02-12
1229,Henry,Forte,2206,18771,"DORAL, FL","Broward Table Tennis Club, Inc.",2029,2023-12-02,0,,ACTIVE,Robo Pong February 2015 BTTC Open,2221.0,2188.0,2015-02-08,
1229,Henry,Forte,2206,18771,"DORAL, FL","Broward Table Tennis Club, Inc.",2029,2023-12-02,0,,ACTIVE,Robopong March 2012 BTTC Open,2142.0,2221.0,2012-03-18,
1229,Henry,Forte,2206,18771,"DORAL, FL","Broward Table Tennis Club, Inc.",2029,2023-12-02,0,,ACTIVE,Robopong January 2012 BTTC Open,2193.0,2142.0,2012-01-08,
1229,Henry,Forte,2206,18771,"DORAL, FL","Broward Table Tennis Club, Inc.",2029,2023-12-02,0,,ACTIVE,RoboPong 2010 Dec BTTC Open,2097.0,2094.0,2010-12-12,
1229,Henry,Forte,2206,18771,"DORAL, FL","Broward Table Tennis Club, Inc.",2029,2023-12-02,0,,ACTIVE,RoboPong November BTTC Open,2120.0,2097.0,2010-11-06,
1229,Henry,Forte,2206,18771,"DORAL, FL","Broward Table Tennis Club, Inc.",2029,2023-12-02,0,,ACTIVE,RoboPong July 2010 BTTC Open,2102.0,2120.0,2010-07-25,
1229,Henry,Forte,2206,18771,"DORAL, FL","Broward Table Tennis Club, Inc.",2029,2023-12-02,0,,ACTIVE,April 2010 Broward TT Open,2103.0,2102.0,2010-04-25,
1229,Henry,Forte,2206,18771,"DORAL, FL","Broward Table Tennis Club, Inc.",2029,2023-12-02,0,,ACTIVE,Broward TT Open,2106.0,2103.0,2009-07-26,
1229,Henry,Forte,2206,18771,"DORAL, FL","Broward Table Tennis Club, Inc.",2029,2023-12-02,0,,ACTIVE,February Broward TT Open,2055.0,2106.0,2009-02-07,
1229,Henry,Forte,2206,18771,"DORAL, FL","Broward Table Tennis Club, Inc.",2029,2023-12-02,0,,ACTIVE,December 08 Broward TT Open,2053.0,2055.0,2008-12-06,
1229,Henry,Forte,2206,18771,"DORAL, FL","Broward Table Tennis Club, Inc.",2029,2023-12-02,0,,ACTIVE,November Broward TT Open,2083.0,2053.0,2008-11-15,
1229,Henry,Forte,2206,18771,"DORAL, FL","Broward Table Tennis Club, Inc.",2029,2023-12-02,0,,ACTIVE,2008 Broward TTWinter Open,2115.0,2058.0,2008-01-06,
1229,Henry,Forte,2206,18771,"DORAL, FL","Broward Table Tennis Club, Inc.",2029,2023-12-02,0,,ACTIVE,2007 Summer Broward TT Open,2121.0,2051.0,2007-08-05,
1229,Henry,Forte,2206,18771,"DORAL, FL","Broward Table Tennis Club, Inc.",2029,2023-12-02,0,,ACTIVE,2007 Winter Broward TT Open,2142.0,2141.0,2007-01-07,
1229,Henry,Forte,2206,18771,"DORAL, FL","Broward Table Tennis Club, Inc.",2029,2023-12-02,0,,ACTIVE,2005 Summer Broward TT Open,2116.0,2124.0,2005-08-14,
1229,Henry,Forte,2206,18771,"DORAL, FL","Broward Table Tennis Club, Inc.",2029,2023-12-02,0,,ACTIVE,2005 Winter Broward TT Open,2018.0,2032.0,2005-01-09,
1229,Henry,Forte,2206,18771,"DORAL, FL","Broward Table Tennis Club, Inc.",2029,2023-12-02,0,,ACTIVE,2004 Inaugural Spring Broward ,1977.0,1966.0,2004-05-23,
1242,John Warren,Soderberg,7275,10138,"Delray Beach, FL",,2026,2018-03-02,0,,ACTIVE,2007 Winter Broward TT Open,2096.0,2049.0,2007-01-07,
1245,Frank,Arias,234,77664,"Miami, FL","Broward Table Tennis Club, Inc.",2026,2023-10-08,0,,ACTIVE,Carmel Barrau 2021 December BTTC Open Tournament,2059.0,2054.0,2021-12-10,2021-12-12
1245,Frank,Arias,234,77664,"Miami, FL","Broward Table Tennis Club, Inc.",2026,2023-10-08,0,,ACTIVE,Butterfly 2021 September BTTC Open,2072.0,2059.0,2021-09-24,2021-09-26
1245,Frank,Arias,234,77664,"Miami, FL","Broward Table Tennis Club, Inc.",2026,2023-10-08,0,,ACTIVE,Butterfly 2020 February BTTC Tournament,2134.0,2093.0,2020-02-21,2020-02-23
1245,Frank,Arias,234,77664,"Miami, FL","Broward Table Tennis Club, Inc.",2026,2023-10-08,0,,ACTIVE,Butterfly 2019 December BTTC Open Tournament,2105.0,2134.0,2019-12-15,2019-12-15
1245,Frank,Arias,234,77664,"Miami, FL","Broward Table Tennis Club, Inc.",2026,2023-10-08,0,,ACTIVE,Butterfly 2019 October BTTC Tournament,2119.0,2105.0,2019-10-11,2019-10-13
1245,Frank,Arias,234,77664,"Miami, FL","Broward Table Tennis Club, Inc.",2026,2023-10-08,0,,ACTIVE,BUTTERFLY APRIL 2019 BTTC OPEN,2169.0,2119.0,2019-04-12,2019-04-14
1245,Frank,Arias,234,77664,"Miami, FL","Broward Table Tennis Club, Inc.",2026,2023-10-08,0,,ACTIVE,Butterfly February 2019 BTTC Open,2171.0,2169.0,2019-02-15,2019-02-15
1245,Frank,Arias,234,77664,"Miami, FL","Broward Table Tennis Club, Inc.",2026,2023-10-08,0,,ACTIVE,Butterfly Dec 2018 BTTC Open,2152.0,2171.0,2018-12-14,2018-12-16
1245,Frank,Arias,234,77664,"Miami, FL","Broward Table Tennis Club, Inc.",2026,2023-10-08,0,,ACTIVE,BUTTERFLY OCTOBER 2018 BTTC OPEN,2137.0,2152.0,2018-10-13,2018-10-13
1245,Frank,Arias,234,77664,"Miami, FL","Broward Table Tennis Club, Inc.",2026,2023-10-08,0,,ACTIVE,Butterfly 2018 August BTTC Open Tournament,2138.0,2137.0,2018-08-11,2018-08-12
1245,Frank,Arias,234,77664,"Miami, FL","Broward Table Tennis Club, Inc.",2026,2023-10-08,0,,ACTIVE,Butterfly 2018 June BTTC Open Tournament,2141.0,2138.0,2018-06-17,2018-06-17
1245,Frank,Arias,234,77664,"Miami, FL","Broward Table Tennis Club, Inc.",2026,2023-10-08,0,,ACTIVE,Butterfly April 2018 BTTC Open,2235.0,2141.0,2018-04-14,2018-04-15
1245,Frank,Arias,234,77664,"Miami, FL","Broward Table Tennis Club, Inc.",2026,2023-10-08,0,,ACTIVE,Robo-Pong November 2017 BTTC Open,2234.0,2235.0,2017-11-04,2017-11-05
1245,Frank,Arias,234,77664,"Miami, FL","Broward Table Tennis Club, Inc.",2026,2023-10-08,0,,ACTIVE,Robopong September 2017 BTTC Open,2234.0,2234.0,2017-09-02,2017-09-03
1245,Frank,Arias,234,77664,"Miami, FL","Broward Table Tennis Club, Inc.",2026,2023-10-08,0,,ACTIVE,Robopong February 2017 BTTC Team Tournament,2272.0,2239.0,2017-02-11,2017-02-12
1245,Frank,Arias,234,77664,"Miami, FL","Broward Table Tennis Club, Inc.",2026,2023-10-08,0,,ACTIVE,Robopong June 2016 Marty Prager Memorial BTTC Open,2113.0,2100.0,2016-06-24,2016-06-26
1245,Frank,Arias,234,77664,"Miami, FL","Broward Table Tennis Club, Inc.",2026,2023-10-08,0,,ACTIVE,Robo Pong October 2015 BTTC Open,2120.0,2119.0,2015-11-01,
1245,Frank,Arias,234,77664,"Miami, FL","Broward Table Tennis Club, Inc.",2026,2023-10-08,0,,ACTIVE,Robo Pong February 2015 BTTC Open,2139.0,2130.0,2015-02-08,
1245,Frank,Arias,234,77664,"Miami, FL","Broward Table Tennis Club, Inc.",2026,2023-10-08,0,,ACTIVE,Robo-Pong October 2014 BTTC Open,2101.0,2197.0,2014-10-19,
1245,Frank,Arias,234,77664,"Miami, FL","Broward Table Tennis Club, Inc.",2026,2023-10-08,0,,ACTIVE,Robo-Pong September 2014 BTTC Open,2079.0,2090.0,2014-09-14,
1245,Frank,Arias,234,77664,"Miami, FL","Broward Table Tennis Club, Inc.",2026,2023-10-08,0,,ACTIVE,Robo-Pong August 2014 BTTC Open,2075.0,2079.0,2014-08-03,
1245,Frank,Arias,234,77664,"Miami, FL","Broward Table Tennis Club, Inc.",2026,2023-10-08,0,,ACTIVE,Robo-Pong May 2014 BTTC Open,2041.0,2052.0,2014-05-18,
1245,Frank,Arias,234,77664,"Miami, FL","Broward Table Tennis Club, Inc.",2026,2023-10-08,0,,ACTIVE,Robo-Pong April 2014 BTTC Open,2036.0,2041.0,2014-04-13,
1245,Frank,Arias,234,77664,"Miami, FL","Broward Table Tennis Club, Inc.",2026,2023-10-08,0,,ACTIVE,Robo-Pong March 2014 BTTC Open,2019.0,2009.0,2014-03-02,
1245,Frank,Arias,234,77664,"Miami, FL","Broward Table Tennis Club, Inc.",2026,2023-10-08,0,,ACTIVE,Robopong December 2013 BTTC Open,1994.0,2019.0,2013-12-08,
1245,Frank,Arias,234,77664,"Miami, FL","Broward Table Tennis Club, Inc.",2026,2023-10-08,0,,ACTIVE,Robopong June 2013 BTTC Open,2055.0,2060.0,2013-06-02,
1245,Frank,Arias,234,77664,"Miami, FL","Broward Table Tennis Club, Inc.",2026,2023-10-08,0,,ACTIVE,Robopong March 2013 BTTC Open,2088.0,2098.0,2013-03-24,
1245,Frank,Arias,234,77664,"Miami, FL","Broward Table Tennis Club, Inc.",2026,2023-10-08,0,,ACTIVE,Robopong February 2013 Broward TTC Open,2027.0,2008.0,2013-02-17,
1245,Frank,Arias,234,77664,"Miami, FL","Broward Table Tennis Club, Inc.",2026,2023-10-08,0,,ACTIVE,Robopong January 2013 Broward TTC Open,2025.0,2027.0,2013-01-13,
1245,Frank,Arias,234,77664,"Miami, FL","Broward Table Tennis Club, Inc.",2026,2023-10-08,0,,ACTIVE,RoboPong December 2012 Broward,2026.0,2025.0,2012-12-09,
1245,Frank,Arias,234,77664,"Miami, FL","Broward Table Tennis Club, Inc.",2026,2023-10-08,0,,ACTIVE,RoboPong November 2012 Broward,2017.0,2026.0,2012-11-04,
1245,Frank,Arias,234,77664,"Miami, FL","Broward Table Tennis Club, Inc.",2026,2023-10-08,0,,ACTIVE,Robopong April 2012 Broward TTC Open,2035.0,2025.0,2012-04-22,
1245,Frank,Arias,234,77664,"Miami, FL","Broward Table Tennis Club, Inc.",2026,2023-10-08,0,,ACTIVE,Robopong January 2012 BTTC Open,2055.0,2051.0,2012-01-08,
1245,Frank,Arias,234,77664,"Miami, FL","Broward Table Tennis Club, Inc.",2026,2023-10-08,0,,ACTIVE,RoboPong Jan BTTC Open,1975.0,1968.0,2011-01-09,
1245,Frank,Arias,234,77664,"Miami, FL","Broward Table Tennis Club, Inc.",2026,2023-10-08,0,,ACTIVE,RoboPong October BTTC Open,1774.0,1975.0,2010-10-03,
1245,Frank,Arias,234,77664,"Miami, FL","Broward Table Tennis Club, Inc.",2026,2023-10-08,0,,ACTIVE,April 2010 Broward TT Open,1788.0,1784.0,2010-04-25,
1245,Frank,Arias,234,77664,"Miami, FL","Broward Table Tennis Club, Inc.",2026,2023-10-08,0,,ACTIVE,March '10 Broward TTO,1785.0,1801.0,2010-03-14,
1245,Frank,Arias,234,77664,"Miami, FL","Broward Table Tennis Club, Inc.",2026,2023-10-08,0,,ACTIVE,February '10 Broward TTO,1813.0,1785.0,2010-02-14,
1245,Frank,Arias,234,77664,"Miami, FL","Broward Table Tennis Club, Inc.",2026,2023-10-08,0,,ACTIVE,December 09 Broward TTO,1587.0,1587.0,2009-12-06,
1245,Frank,Arias,234,77664,"Miami, FL","Broward Table Tennis Club, Inc.",2026,2023-10-08,0,,ACTIVE,October '09 Broward TT Open,1588.0,1587.0,2009-11-01,
1245,Frank,Arias,234,77664,"Miami, FL","Broward Table Tennis Club, Inc.",2026,2023-10-08,0,,ACTIVE,September '09 Broward TT Open,1553.0,1588.0,2009-10-04,
1245,Frank,Arias,234,77664,"Miami, FL","Broward Table Tennis Club, Inc.",2026,2023-10-08,0,,ACTIVE,Broward TT Open,1553.0,1553.0,2009-07-26,
1245,Frank,Arias,234,77664,"Miami, FL","Broward Table Tennis Club, Inc.",2026,2023-10-08,0,,ACTIVE,April 09 Broward TT Open,1506.0,1553.0,2009-04-05,
1245,Frank,Arias,234,77664,"Miami, FL","Broward Table Tennis Club, Inc.",2026,2023-10-08,0,,ACTIVE,March 09 Broward TT Open,1451.0,1506.0,2009-03-08,
1245,Frank,Arias,234,77664,"Miami, FL","Broward Table Tennis Club, Inc.",2026,2023-10-08,0,,ACTIVE,February Broward TT Open,1451.0,1451.0,2009-02-07,
1245,Frank,Arias,234,77664,"Miami, FL","Broward Table Tennis Club, Inc.",2026,2023-10-08,0,,ACTIVE,November Broward TT Open,0.0,1451.0,2008-11-15,
1246,Adnan,Medunjanin,5157,83321,"Fairfield, CT",Westchester Table Tennis Center,2025,2023-11-26,0,,ACTIVE,BTTC December Open,1660.0,1638.0,2010-12-26,
1246,Adnan,Medunjanin,5157,83321,"Fairfield, CT",Westchester Table Tennis Center,2025,2023-11-26,0,,ACTIVE,BTTC November Open,1657.0,1678.0,2010-11-21,
1246,Adnan,Medunjanin,5157,83321,"Fairfield, CT",Westchester Table Tennis Center,2025,2023-11-26,0,,ACTIVE,BTTC October Open,1471.0,1600.0,2010-10-24,
1280,Chris,Solomon,7293,60399,"Seattle, WA",Seattle Pacific Table Tennis Club,2020,2023-09-10,1991,2024-09-07,ACTIVE,2015 BTTC Summer Open,1897.0,1907.0,2015-06-21,
1280,Chris,Solomon,7293,60399,"Seattle, WA",Seattle Pacific Table Tennis Club,2020,2023-09-10,1991,2024-09-07,ACTIVE,2015 BTTC Spring Open,1919.0,1897.0,2015-03-22,
1280,Chris,Solomon,7293,60399,"Seattle, WA",Seattle Pacific Table Tennis Club,2020,2023-09-10,1991,2024-09-07,ACTIVE,2014 BTTC Fall Open,1948.0,1900.0,2014-10-26,
1280,Chris,Solomon,7293,60399,"Seattle, WA",Seattle Pacific Table Tennis Club,2020,2023-09-10,1991,2024-09-07,ACTIVE,2014 BTTC Summer Open,1960.0,1964.0,2014-06-29,
1280,Chris,Solomon,7293,60399,"Seattle, WA",Seattle Pacific Table Tennis Club,2020,2023-09-10,1991,2024-09-07,ACTIVE,2013 BTTC Spring Open,2060.0,2027.0,2013-04-28,
1287,George,Yang,8771,74240,"Renton, WA",Seattle Pacific Table Tennis Club,2018,2022-12-21,1873,2023-09-23,ACTIVE,2018 BTTC Fall Open,1861.0,1841.0,2018-10-20,2018-10-21
1287,George,Yang,8771,74240,"Renton, WA",Seattle Pacific Table Tennis Club,2018,2022-12-21,1873,2023-09-23,ACTIVE,2018 BTTC Spring Open,1887.0,1861.0,2018-04-21,2018-04-22
1289,Roberto,Byles,876,4615,"Humble, TX",Houston International Table Tennis Academy,2018,2024-08-11,2109,2024-06-22,ACTIVE,Butterfly 2024 February BTTC Tournament,2042.0,2078.0,2024-02-09,2024-02-11
1289,Roberto,Byles,876,4615,"Humble, TX",Houston International Table Tennis Academy,2018,2024-08-11,2109,2024-06-22,ACTIVE,Butterfly 2023 February BTTC,2075.0,2122.0,2023-02-10,2023-02-12
1289,Roberto,Byles,876,4615,"Humble, TX",Houston International Table Tennis Academy,2018,2024-08-11,2109,2024-06-22,ACTIVE,BUTTERFLY APRIL 2019 BTTC OPEN,1958.0,2063.0,2019-04-12,2019-04-14
1295,David,Katz,28548,1291,"Jersey City, NJ",Hot Shot Table Tennis,2016,2023-02-12,2175,2022-03-04,ACTIVE,Butterfly 2023 February BTTC,2022.0,2016.0,2023-02-10,2023-02-12
1313,Fadi,Qamar,121001,220001,"Covington, LA",Northshore Table Tennis Club,2014,2024-07-20,2116,2024-02-10,ACTIVE,Butterfly 2018 August BTTC Open Tournament,1869.0,1894.0,2018-08-11,2018-08-12
1316,Alexandr,Kaplan,102129,98180,"Seattle, WA",Seattle Pacific Table Tennis Club,2014,2024-06-30,2069,2023-12-02,ACTIVE,2018 BTTC Spring Open,1785.0,1804.0,2018-04-21,2018-04-22
1316,Alexandr,Kaplan,102129,98180,"Seattle, WA",Seattle Pacific Table Tennis Club,2014,2024-06-30,2069,2023-12-02,ACTIVE,2017 BTTC Spring Open,1584.0,1618.0,2017-03-25,2017-03-26
1325,Hunlan,Lin,119055,218055,"Seattle, WA",,2012,2024-08-11,2083,2024-07-20,ACTIVE,2018 BTTC Fall Open,1910.0,1923.0,2018-10-20,2018-10-21
1325,Hunlan,Lin,119055,218055,"Seattle, WA",,2012,2024-08-11,2083,2024-07-20,ACTIVE,2018 BTTC Summer Open,1891.0,1880.0,2018-07-21,2018-07-22
1325,Hunlan,Lin,119055,218055,"Seattle, WA",,2012,2024-08-11,2083,2024-07-20,ACTIVE,2018 BTTC Spring Open,1788.0,1889.0,2018-04-21,2018-04-22
1334,Saisamhitha,Kanchanapelly,123286,222286,"Cumming, GA",Wu Yue Table Tennis,2011,2023-02-28,0,,ACTIVE,Butterfly 2021 September BTTC Open,1917.0,1920.0,2021-09-24,2021-09-26
1338,Arefeh,Sherafati,7049,95547,"Philadelphia, PA",,2010,2024-08-25,2034,2024-08-23,ACTIVE,Butterfly 2024 February BTTC Tournament,1859.0,2044.0,2024-02-09,2024-02-11
1338,Arefeh,Sherafati,7049,95547,"Philadelphia, PA",,2010,2024-08-25,2034,2024-08-23,ACTIVE,Butterfly 2023 February BTTC,1864.0,1878.0,2023-02-10,2023-02-12
1344,Luis,Sujo,7497,79007,"MIAMI, FL",,2008,2024-06-08,1968,2023-10-13,ACTIVE,Butterfly 2023 February BTTC,2030.0,1995.0,2023-02-10,2023-02-12
1344,Luis,Sujo,7497,79007,"MIAMI, FL",,2008,2024-06-08,1968,2023-10-13,ACTIVE,Butterfly 2022 BTTC Fall Open Tournament,2018.0,2030.0,2022-09-30,2022-10-02
1344,Luis,Sujo,7497,79007,"MIAMI, FL",,2008,2024-06-08,1968,2023-10-13,ACTIVE,Butterfly January 2022 BTTC Open Tournament,2070.0,2045.0,2022-01-29,2022-01-30
1344,Luis,Sujo,7497,79007,"MIAMI, FL",,2008,2024-06-08,1968,2023-10-13,ACTIVE,Carmel Barrau 2021 December BTTC Open Tournament,2085.0,2070.0,2021-12-10,2021-12-12
1344,Luis,Sujo,7497,79007,"MIAMI, FL",,2008,2024-06-08,1968,2023-10-13,ACTIVE,Butterfly 2020 February BTTC Tournament,2060.0,2033.0,2020-02-21,2020-02-23
1344,Luis,Sujo,7497,79007,"MIAMI, FL",,2008,2024-06-08,1968,2023-10-13,ACTIVE,Butterfly 2019 October BTTC Tournament,2076.0,2060.0,2019-10-11,2019-10-13
1344,Luis,Sujo,7497,79007,"MIAMI, FL",,2008,2024-06-08,1968,2023-10-13,ACTIVE,Butterfly 2019 June BTTC Open Tournament,2093.0,2076.0,2019-06-23,2019-06-23
1344,Luis,Sujo,7497,79007,"MIAMI, FL",,2008,2024-06-08,1968,2023-10-13,ACTIVE,BUTTERFLY APRIL 2019 BTTC OPEN,2092.0,2093.0,2019-04-12,2019-04-14
1344,Luis,Sujo,7497,79007,"MIAMI, FL",,2008,2024-06-08,1968,2023-10-13,ACTIVE,Butterfly Dec 2018 BTTC Open,2125.0,2092.0,2018-12-14,2018-12-16
1344,Luis,Sujo,7497,79007,"MIAMI, FL",,2008,2024-06-08,1968,2023-10-13,ACTIVE,BUTTERFLY OCTOBER 2018 BTTC OPEN,2132.0,2125.0,2018-10-13,2018-10-13
1344,Luis,Sujo,7497,79007,"MIAMI, FL",,2008,2024-06-08,1968,2023-10-13,ACTIVE,Butterfly 2018 June BTTC Open Tournament,2117.0,2114.0,2018-06-17,2018-06-17
1344,Luis,Sujo,7497,79007,"MIAMI, FL",,2008,2024-06-08,1968,2023-10-13,ACTIVE,Butterfly April 2018 BTTC Open,2122.0,2117.0,2018-04-14,2018-04-15
1344,Luis,Sujo,7497,79007,"MIAMI, FL",,2008,2024-06-08,1968,2023-10-13,ACTIVE,Robopong December 2017 BTTC Open,2077.0,2122.0,2017-12-15,2017-12-17
1344,Luis,Sujo,7497,79007,"MIAMI, FL",,2008,2024-06-08,1968,2023-10-13,ACTIVE,Robo-Pong November 2017 BTTC Open,2079.0,2077.0,2017-11-04,2017-11-05
1344,Luis,Sujo,7497,79007,"MIAMI, FL",,2008,2024-06-08,1968,2023-10-13,ACTIVE,Robopong September 2017 BTTC Open,2053.0,2079.0,2017-09-02,2017-09-03
1344,Luis,Sujo,7497,79007,"MIAMI, FL",,2008,2024-06-08,1968,2023-10-13,ACTIVE,Robopong April 2017 BTTC Open,2052.0,2048.0,2017-04-29,2017-04-30
1344,Luis,Sujo,7497,79007,"MIAMI, FL",,2008,2024-06-08,1968,2023-10-13,ACTIVE,Robopong February 2017 BTTC Team Tournament,2060.0,2052.0,2017-02-11,2017-02-12
1344,Luis,Sujo,7497,79007,"MIAMI, FL",,2008,2024-06-08,1968,2023-10-13,ACTIVE,Robopong October 2016 Broward TTC Open,2083.0,2060.0,2016-10-22,2016-10-23
1344,Luis,Sujo,7497,79007,"MIAMI, FL",,2008,2024-06-08,1968,2023-10-13,ACTIVE,Robopong June 2016 Marty Prager Memorial BTTC Open,2076.0,2083.0,2016-06-24,2016-06-26
1344,Luis,Sujo,7497,79007,"MIAMI, FL",,2008,2024-06-08,1968,2023-10-13,ACTIVE,Robopong May 2016 Broward TTC Open,2053.0,2076.0,2016-05-07,2016-05-07
1344,Luis,Sujo,7497,79007,"MIAMI, FL",,2008,2024-06-08,1968,2023-10-13,ACTIVE,Robopong January 2016 Broward Table Tennis Club Open,1982.0,1980.0,2016-01-16,2016-01-17
1344,Luis,Sujo,7497,79007,"MIAMI, FL",,2008,2024-06-08,1968,2023-10-13,ACTIVE,Robo Pong October 2015 BTTC Open,1985.0,1982.0,2015-11-01,
1344,Luis,Sujo,7497,79007,"MIAMI, FL",,2008,2024-06-08,1968,2023-10-13,ACTIVE,Robo Pong September 2015 BTTC Open,2045.0,1970.0,2015-09-06,
1344,Luis,Sujo,7497,79007,"MIAMI, FL",,2008,2024-06-08,1968,2023-10-13,ACTIVE,Robo Pong April 2015 BTTC Open,2045.0,2021.0,2015-04-18,
1344,Luis,Sujo,7497,79007,"MIAMI, FL",,2008,2024-06-08,1968,2023-10-13,ACTIVE,Robo Pong February 2015 BTTC Open,2058.0,2045.0,2015-02-08,
1344,Luis,Sujo,7497,79007,"MIAMI, FL",,2008,2024-06-08,1968,2023-10-13,ACTIVE,Robo-Pong October 2014 BTTC Open,2019.0,2058.0,2014-10-19,
1344,Luis,Sujo,7497,79007,"MIAMI, FL",,2008,2024-06-08,1968,2023-10-13,ACTIVE,Robo-Pong September 2014 BTTC Open,1978.0,2019.0,2014-09-14,
1344,Luis,Sujo,7497,79007,"MIAMI, FL",,2008,2024-06-08,1968,2023-10-13,ACTIVE,Robo-Pong May 2014 BTTC Open,1974.0,1979.0,2014-05-18,
1344,Luis,Sujo,7497,79007,"MIAMI, FL",,2008,2024-06-08,1968,2023-10-13,ACTIVE,Robo-Pong March 2014 BTTC Open,2025.0,1974.0,2014-03-02,
1344,Luis,Sujo,7497,79007,"MIAMI, FL",,2008,2024-06-08,1968,2023-10-13,ACTIVE,Robopong December 2013 BTTC Open,1997.0,1979.0,2013-12-08,
1344,Luis,Sujo,7497,79007,"MIAMI, FL",,2008,2024-06-08,1968,2023-10-13,ACTIVE,Robopong August 2013 BTTC Open,1987.0,1974.0,2013-08-04,
1344,Luis,Sujo,7497,79007,"MIAMI, FL",,2008,2024-06-08,1968,2023-10-13,ACTIVE,Robopong June 2013 BTTC Open,2024.0,2024.0,2013-06-02,
1344,Luis,Sujo,7497,79007,"MIAMI, FL",,2008,2024-06-08,1968,2023-10-13,ACTIVE,Robopong April 2013 BTTC Open,2025.0,2024.0,2013-04-28,
1344,Luis,Sujo,7497,79007,"MIAMI, FL",,2008,2024-06-08,1968,2023-10-13,ACTIVE,Robopong March 2013 BTTC Open,2036.0,2025.0,2013-03-24,
1344,Luis,Sujo,7497,79007,"MIAMI, FL",,2008,2024-06-08,1968,2023-10-13,ACTIVE,Robopong February 2013 Broward TTC Open,2015.0,2036.0,2013-02-17,
1344,Luis,Sujo,7497,79007,"MIAMI, FL",,2008,2024-06-08,1968,2023-10-13,ACTIVE,RoboPong December 2012 Broward,1998.0,2015.0,2012-12-09,
1344,Luis,Sujo,7497,79007,"MIAMI, FL",,2008,2024-06-08,1968,2023-10-13,ACTIVE,RoboPong November 2012 Broward,2007.0,1998.0,2012-11-04,
1344,Luis,Sujo,7497,79007,"MIAMI, FL",,2008,2024-06-08,1968,2023-10-13,ACTIVE,Robopong July 2012 Broward TTC,2039.0,2037.0,2012-07-29,
1344,Luis,Sujo,7497,79007,"MIAMI, FL",,2008,2024-06-08,1968,2023-10-13,ACTIVE,Robopong April 2012 Broward TTC Open,2007.0,2100.0,2012-04-22,
1344,Luis,Sujo,7497,79007,"MIAMI, FL",,2008,2024-06-08,1968,2023-10-13,ACTIVE,Robopong March 2012 BTTC Open,2004.0,2007.0,2012-03-18,
1344,Luis,Sujo,7497,79007,"MIAMI, FL",,2008,2024-06-08,1968,2023-10-13,ACTIVE,Robopong January 2012 BTTC Open,1918.0,2004.0,2012-01-08,
1344,Luis,Sujo,7497,79007,"MIAMI, FL",,2008,2024-06-08,1968,2023-10-13,ACTIVE,RoboPong Jan BTTC Open,1930.0,1980.0,2011-01-09,
1344,Luis,Sujo,7497,79007,"MIAMI, FL",,2008,2024-06-08,1968,2023-10-13,ACTIVE,RoboPong 2010 Dec BTTC Open,1941.0,1930.0,2010-12-12,
1344,Luis,Sujo,7497,79007,"MIAMI, FL",,2008,2024-06-08,1968,2023-10-13,ACTIVE,RoboPong October BTTC Open,1855.0,1941.0,2010-10-03,
1344,Luis,Sujo,7497,79007,"MIAMI, FL",,2008,2024-06-08,1968,2023-10-13,ACTIVE,RoboPong August 2010 BTTC Open,1907.0,1855.0,2010-08-22,
1344,Luis,Sujo,7497,79007,"MIAMI, FL",,2008,2024-06-08,1968,2023-10-13,ACTIVE,May 2010 Broward TT Open,1854.0,1881.0,2010-05-23,
1344,Luis,Sujo,7497,79007,"MIAMI, FL",,2008,2024-06-08,1968,2023-10-13,ACTIVE,March '10 Broward TTO,1848.0,1854.0,2010-03-14,
1344,Luis,Sujo,7497,79007,"MIAMI, FL",,2008,2024-06-08,1968,2023-10-13,ACTIVE,December 09 Broward TTO,1836.0,1832.0,2009-12-06,
1344,Luis,Sujo,7497,79007,"MIAMI, FL",,2008,2024-06-08,1968,2023-10-13,ACTIVE,October '09 Broward TT Open,1824.0,1836.0,2009-11-01,
1344,Luis,Sujo,7497,79007,"MIAMI, FL",,2008,2024-06-08,1968,2023-10-13,ACTIVE,September '09 Broward TT Open,1823.0,1824.0,2009-10-04,
1344,Luis,Sujo,7497,79007,"MIAMI, FL",,2008,2024-06-08,1968,2023-10-13,ACTIVE,Broward TT Open,1841.0,1823.0,2009-07-26,
1344,Luis,Sujo,7497,79007,"MIAMI, FL",,2008,2024-06-08,1968,2023-10-13,ACTIVE,April 09 Broward TT Open,1833.0,1812.0,2009-04-05,
1344,Luis,Sujo,7497,79007,"MIAMI, FL",,2008,2024-06-08,1968,2023-10-13,ACTIVE,March 09 Broward TT Open,1653.0,1833.0,2009-03-08,
1344,Luis,Sujo,7497,79007,"MIAMI, FL",,2008,2024-06-08,1968,2023-10-13,ACTIVE,February Broward TT Open,1652.0,1653.0,2009-02-07,
1344,Luis,Sujo,7497,79007,"MIAMI, FL",,2008,2024-06-08,1968,2023-10-13,ACTIVE,January '09 Broward TT Open,0.0,1652.0,2009-01-11,
1352,Sophal,Pouv,6224,92359,"Lake Stevens, WA",Seattle Pacific Table Tennis Club,2007,2024-02-04,2043,2024-04-13,ACTIVE,2018 BTTC Fall Open,1990.0,2003.0,2018-10-20,2018-10-21
1352,Sophal,Pouv,6224,92359,"Lake Stevens, WA",Seattle Pacific Table Tennis Club,2007,2024-02-04,2043,2024-04-13,ACTIVE,2018 BTTC Summer Open,2032.0,2033.0,2018-07-21,2018-07-22
1352,Sophal,Pouv,6224,92359,"Lake Stevens, WA",Seattle Pacific Table Tennis Club,2007,2024-02-04,2043,2024-04-13,ACTIVE,2017 BTTC Summer Open,1837.0,1851.0,2017-06-10,2017-06-11
1352,Sophal,Pouv,6224,92359,"Lake Stevens, WA",Seattle Pacific Table Tennis Club,2007,2024-02-04,2043,2024-04-13,ACTIVE,2017 BTTC Spring Open,1949.0,1967.0,2017-03-25,2017-03-26
1352,Sophal,Pouv,6224,92359,"Lake Stevens, WA",Seattle Pacific Table Tennis Club,2007,2024-02-04,2043,2024-04-13,ACTIVE,2015 BTTC Fall Open,1955.0,1944.0,2015-09-20,
1352,Sophal,Pouv,6224,92359,"Lake Stevens, WA",Seattle Pacific Table Tennis Club,2007,2024-02-04,2043,2024-04-13,ACTIVE,2015 BTTC Summer Open,1921.0,1915.0,2015-06-21,
1352,Sophal,Pouv,6224,92359,"Lake Stevens, WA",Seattle Pacific Table Tennis Club,2007,2024-02-04,2043,2024-04-13,ACTIVE,2015 BTTC Spring Open,1883.0,1874.0,2015-03-22,
1352,Sophal,Pouv,6224,92359,"Lake Stevens, WA",Seattle Pacific Table Tennis Club,2007,2024-02-04,2043,2024-04-13,ACTIVE,2014 BTTC Fall Open,1835.0,1836.0,2014-10-26,
1352,Sophal,Pouv,6224,92359,"Lake Stevens, WA",Seattle Pacific Table Tennis Club,2007,2024-02-04,2043,2024-04-13,ACTIVE,2014 BTTC Summer Open,1828.0,1847.0,2014-06-29,
1352,Sophal,Pouv,6224,92359,"Lake Stevens, WA",Seattle Pacific Table Tennis Club,2007,2024-02-04,2043,2024-04-13,ACTIVE,2014 BTTC Spring Open,1788.0,1887.0,2014-03-30,
1387,Felipe,Osorio,5854,84726,"White Plains, NY",Westchester Table Tennis Center,2002,2024-04-14,1929,2022-03-13,ACTIVE,Butterfly 2020 February BTTC Tournament,1898.0,1939.0,2020-02-21,2020-02-23
1395,Samuel,Leon,122260,221260,Coral Springs,,2000,2024-08-24,0,,ACTIVE,Butterfly 2024 February BTTC Tournament,1571.0,1748.0,2024-02-09,2024-02-11
1395,Samuel,Leon,122260,221260,Coral Springs,,2000,2024-08-24,0,,ACTIVE,Butterfly 2021 September BTTC Open,1588.0,1571.0,2021-09-24,2021-09-26
1395,Samuel,Leon,122260,221260,Coral Springs,,2000,2024-08-24,0,,ACTIVE,Butterfly 2019 December BTTC Open Tournament,1657.0,1588.0,2019-12-15,2019-12-15
1395,Samuel,Leon,122260,221260,Coral Springs,,2000,2024-08-24,0,,ACTIVE,Butterfly 2019 October BTTC Tournament,1011.0,1394.0,2019-10-11,2019-10-13
1395,Samuel,Leon,122260,221260,Coral Springs,,2000,2024-08-24,0,,ACTIVE,Butterfly 2019 June BTTC Open Tournament,978.0,1011.0,2019-06-23,2019-06-23
1395,Samuel,Leon,122260,221260,Coral Springs,,2000,2024-08-24,0,,ACTIVE,Butterfly Dec 2018 BTTC Open,880.0,883.0,2018-12-14,2018-12-16
1395,Samuel,Leon,122260,221260,Coral Springs,,2000,2024-08-24,0,,ACTIVE,BUTTERFLY OCTOBER 2018 BTTC OPEN,851.0,880.0,2018-10-13,2018-10-13
1395,Samuel,Leon,122260,221260,Coral Springs,,2000,2024-08-24,0,,ACTIVE,Butterfly 2018 August BTTC Open Tournament,880.0,851.0,2018-08-11,2018-08-12
1395,Samuel,Leon,122260,221260,Coral Springs,,2000,2024-08-24,0,,ACTIVE,Robopong December 2017 BTTC Open,0.0,880.0,2017-12-15,2017-12-17
1414,Peter,Dziekiewicz,67161,10280,"Surrey, WA",,1994,2024-02-04,0,,ACTIVE,2017 BTTC Spring Open,1734.0,2057.0,2017-03-25,2017-03-26
1417,Eriel,Marimon,165005,1165005,"Hollywood, FL","Broward Table Tennis Club, Inc.",1994,2023-12-17,2008,2023-12-09,ACTIVE,Butterfly 2023 February BTTC,2011.0,2053.0,2023-02-10,2023-02-12
1417,Eriel,Marimon,165005,1165005,"Hollywood, FL","Broward Table Tennis Club, Inc.",1994,2023-12-17,2008,2023-12-09,ACTIVE,Butterfly 2022 BTTC Fall Open Tournament,2067.0,2040.0,2022-09-30,2022-10-02
1417,Eriel,Marimon,165005,1165005,"Hollywood, FL","Broward Table Tennis Club, Inc.",1994,2023-12-17,2008,2023-12-09,ACTIVE,Carmel Barrau 2021 December BTTC Open Tournament,2006.0,2085.0,2021-12-10,2021-12-12
1417,Eriel,Marimon,165005,1165005,"Hollywood, FL","Broward Table Tennis Club, Inc.",1994,2023-12-17,2008,2023-12-09,ACTIVE,Butterfly 2021 September BTTC Open,1943.0,2006.0,2021-09-24,2021-09-26
1417,Eriel,Marimon,165005,1165005,"Hollywood, FL","Broward Table Tennis Club, Inc.",1994,2023-12-17,2008,2023-12-09,ACTIVE,Butterfly 2020 February BTTC Tournament,1613.0,1619.0,2020-02-21,2020-02-23
1417,Eriel,Marimon,165005,1165005,"Hollywood, FL","Broward Table Tennis Club, Inc.",1994,2023-12-17,2008,2023-12-09,ACTIVE,Butterfly 2019 December BTTC Open Tournament,1346.0,1613.0,2019-12-15,2019-12-15
1417,Eriel,Marimon,165005,1165005,"Hollywood, FL","Broward Table Tennis Club, Inc.",1994,2023-12-17,2008,2023-12-09,ACTIVE,Butterfly 2019 October BTTC Tournament,1151.0,1346.0,2019-10-11,2019-10-13
1417,Eriel,Marimon,165005,1165005,"Hollywood, FL","Broward Table Tennis Club, Inc.",1994,2023-12-17,2008,2023-12-09,ACTIVE,Butterfly 2019 June BTTC Open Tournament,1151.0,1151.0,2019-06-23,2019-06-23
1417,Eriel,Marimon,165005,1165005,"Hollywood, FL","Broward Table Tennis Club, Inc.",1994,2023-12-17,2008,2023-12-09,ACTIVE,BUTTERFLY APRIL 2019 BTTC OPEN,0.0,1151.0,2019-04-12,2019-04-14
1426,Hung,Ho,3044,81276,"Happy Valley, OR",Portland Table Tennis Club,1993,2019-12-01,2095,2014-08-08,ACTIVE,2017 BTTC Summer Open,2013.0,2014.0,2017-06-10,2017-06-11
1430,Faraz,Kasmani,3644,76326,"Euless, TX",,1991,2024-04-28,1589,2019-11-02,ACTIVE,BUTTERFLY APRIL 2019 BTTC OPEN,1885.0,1947.0,2019-04-12,2019-04-14
1430,Faraz,Kasmani,3644,76326,"Euless, TX",,1991,2024-04-28,1589,2019-11-02,ACTIVE,Robopong June 2016 Marty Prager Memorial BTTC Open,1825.0,1972.0,2016-06-24,2016-06-26
1447,Tadashi,Mitsuta Luy,123428,222428,"Gainesville, FL","Broward Table Tennis Club, Inc.",1987,2024-07-21,1844,2019-03-08,ACTIVE,Butterfly 2024 February BTTC Tournament,2022.0,2002.0,2024-02-09,2024-02-11
1447,Tadashi,Mitsuta Luy,123428,222428,"Gainesville, FL","Broward Table Tennis Club, Inc.",1987,2024-07-21,1844,2019-03-08,ACTIVE,Butterfly 2023 February BTTC,1912.0,2057.0,2023-02-10,2023-02-12
1447,Tadashi,Mitsuta Luy,123428,222428,"Gainesville, FL","Broward Table Tennis Club, Inc.",1987,2024-07-21,1844,2019-03-08,ACTIVE,Butterfly 2022 BTTC Fall Open Tournament,1814.0,1998.0,2022-09-30,2022-10-02
1447,Tadashi,Mitsuta Luy,123428,222428,"Gainesville, FL","Broward Table Tennis Club, Inc.",1987,2024-07-21,1844,2019-03-08,ACTIVE,Butterfly January 2022 BTTC Open Tournament,1950.0,1993.0,2022-01-29,2022-01-30
1447,Tadashi,Mitsuta Luy,123428,222428,"Gainesville, FL","Broward Table Tennis Club, Inc.",1987,2024-07-21,1844,2019-03-08,ACTIVE,Carmel Barrau 2021 December BTTC Open Tournament,1969.0,1950.0,2021-12-10,2021-12-12
1447,Tadashi,Mitsuta Luy,123428,222428,"Gainesville, FL","Broward Table Tennis Club, Inc.",1987,2024-07-21,1844,2019-03-08,ACTIVE,Butterfly 2021 September BTTC Open,1982.0,1969.0,2021-09-24,2021-09-26
1447,Tadashi,Mitsuta Luy,123428,222428,"Gainesville, FL","Broward Table Tennis Club, Inc.",1987,2024-07-21,1844,2019-03-08,ACTIVE,Butterfly Dec 2018 BTTC Open,1767.0,1767.0,2018-12-14,2018-12-16
1447,Tadashi,Mitsuta Luy,123428,222428,"Gainesville, FL","Broward Table Tennis Club, Inc.",1987,2024-07-21,1844,2019-03-08,ACTIVE,Butterfly 2018 August BTTC Open Tournament,1591.0,1769.0,2018-08-11,2018-08-12
1447,Tadashi,Mitsuta Luy,123428,222428,"Gainesville, FL","Broward Table Tennis Club, Inc.",1987,2024-07-21,1844,2019-03-08,ACTIVE,Butterfly 2018 June BTTC Open Tournament,1552.0,1591.0,2018-06-17,2018-06-17
1450,John,Boboescu,119529,218529,"NAPLES, FL",,1987,2024-05-20,0,,ACTIVE,Butterfly 2018 August BTTC Open Tournament,1752.0,1681.0,2018-08-11,2018-08-12
1450,John,Boboescu,119529,218529,"NAPLES, FL",,1987,2024-05-20,0,,ACTIVE,Butterfly 2018 June BTTC Open Tournament,1710.0,1705.0,2018-06-17,2018-06-17
1450,John,Boboescu,119529,218529,"NAPLES, FL",,1987,2024-05-20,0,,ACTIVE,Butterfly April 2018 BTTC Open,1708.0,1710.0,2018-04-14,2018-04-15
1450,John,Boboescu,119529,218529,"NAPLES, FL",,1987,2024-05-20,0,,ACTIVE,Robo-Pong November 2017 BTTC Open,1755.0,1750.0,2017-11-04,2017-11-05
1450,John,Boboescu,119529,218529,"NAPLES, FL",,1987,2024-05-20,0,,ACTIVE,Robopong September 2017 BTTC Open,1821.0,1745.0,2017-09-02,2017-09-03
1467,Veiko,Kibena,29054,69628,"Hollywood, FL",,1983,2024-06-16,0,,ACTIVE,Butterfly 2024 February BTTC Tournament,1924.0,1914.0,2024-02-09,2024-02-11
1467,Veiko,Kibena,29054,69628,"Hollywood, FL",,1983,2024-06-16,0,,ACTIVE,Butterfly 2023 February BTTC,1905.0,1949.0,2023-02-10,2023-02-12
1467,Veiko,Kibena,29054,69628,"Hollywood, FL",,1983,2024-06-16,0,,ACTIVE,Butterfly 2019 December BTTC Open Tournament,1902.0,1884.0,2019-12-15,2019-12-15
1467,Veiko,Kibena,29054,69628,"Hollywood, FL",,1983,2024-06-16,0,,ACTIVE,Butterfly 2019 June BTTC Open Tournament,1896.0,1902.0,2019-06-23,2019-06-23
1467,Veiko,Kibena,29054,69628,"Hollywood, FL",,1983,2024-06-16,0,,ACTIVE,Butterfly February 2019 BTTC Open,1879.0,1896.0,2019-02-15,2019-02-15
1467,Veiko,Kibena,29054,69628,"Hollywood, FL",,1983,2024-06-16,0,,ACTIVE,Butterfly Dec 2018 BTTC Open,1871.0,1879.0,2018-12-14,2018-12-16
1467,Veiko,Kibena,29054,69628,"Hollywood, FL",,1983,2024-06-16,0,,ACTIVE,BUTTERFLY OCTOBER 2018 BTTC OPEN,1883.0,1871.0,2018-10-13,2018-10-13
1467,Veiko,Kibena,29054,69628,"Hollywood, FL",,1983,2024-06-16,0,,ACTIVE,Butterfly 2018 June BTTC Open Tournament,1844.0,1883.0,2018-06-17,2018-06-17
1467,Veiko,Kibena,29054,69628,"Hollywood, FL",,1983,2024-06-16,0,,ACTIVE,Butterfly April 2018 BTTC Open,1860.0,1844.0,2018-04-14,2018-04-15
1467,Veiko,Kibena,29054,69628,"Hollywood, FL",,1983,2024-06-16,0,,ACTIVE,Robopong December 2017 BTTC Open,1874.0,1860.0,2017-12-15,2017-12-17
1467,Veiko,Kibena,29054,69628,"Hollywood, FL",,1983,2024-06-16,0,,ACTIVE,Robo-Pong November 2017 BTTC Open,1910.0,1874.0,2017-11-04,2017-11-05
1467,Veiko,Kibena,29054,69628,"Hollywood, FL",,1983,2024-06-16,0,,ACTIVE,Robopong April 2017 BTTC Open,1883.0,1910.0,2017-04-29,2017-04-30
1467,Veiko,Kibena,29054,69628,"Hollywood, FL",,1983,2024-06-16,0,,ACTIVE,Robopong February 2017 BTTC Team Tournament,1904.0,1883.0,2017-02-11,2017-02-12
1467,Veiko,Kibena,29054,69628,"Hollywood, FL",,1983,2024-06-16,0,,ACTIVE,2006 Winter Broward Open,1764.0,1904.0,2006-01-08,
1467,Veiko,Kibena,29054,69628,"Hollywood, FL",,1983,2024-06-16,0,,ACTIVE,2005 Summer Broward TT Open,1745.0,1764.0,2005-08-14,
1467,Veiko,Kibena,29054,69628,"Hollywood, FL",,1983,2024-06-16,0,,ACTIVE,2005 Winter Broward TT Open,0.0,1745.0,2005-01-09,
1468,Mike,Schweisthal,91870,65324,"Margate, FL",,1983,2024-05-20,0,,ACTIVE,Robopong December 2017 BTTC Open,1989.0,2022.0,2017-12-15,2017-12-17
1468,Mike,Schweisthal,91870,65324,"Margate, FL",,1983,2024-05-20,0,,ACTIVE,Robo-Pong November 2017 BTTC Open,1960.0,1989.0,2017-11-04,2017-11-05
1468,Mike,Schweisthal,91870,65324,"Margate, FL",,1983,2024-05-20,0,,ACTIVE,Robopong February 2017 BTTC Team Tournament,1938.0,1958.0,2017-02-11,2017-02-12
1468,Mike,Schweisthal,91870,65324,"Margate, FL",,1983,2024-05-20,0,,ACTIVE,Robopong October 2016 Broward TTC Open,1908.0,1932.0,2016-10-22,2016-10-23
1468,Mike,Schweisthal,91870,65324,"Margate, FL",,1983,2024-05-20,0,,ACTIVE,Robopong June 2016 Marty Prager Memorial BTTC Open,1883.0,1908.0,2016-06-24,2016-06-26
1495,Kurtison,Lynch,34002,58927,"Brooklyn, NY",,1977,2024-08-18,0,,ACTIVE,BTTC September Open,2097.0,2032.0,2010-09-19,
1495,Kurtison,Lynch,34002,58927,"Brooklyn, NY",,1977,2024-08-18,0,,ACTIVE,BTTC August Open,2049.0,2097.0,2010-08-22,
1495,Kurtison,Lynch,34002,58927,"Brooklyn, NY",,1977,2024-08-18,0,,ACTIVE,2010 BTTC Open,2048.0,2049.0,2010-05-02,
1495,Kurtison,Lynch,34002,58927,"Brooklyn, NY",,1977,2024-08-18,0,,ACTIVE,2010 BTTC Open,2083.0,2048.0,2010-02-28,
1496,Pitsanu,Limpamanop,118487,217487,"Everett, WA",Seattle Pacific Table Tennis Club,1977,2024-09-08,2202,2024-08-24,ACTIVE,2018 BTTC Summer Open,2145.0,2149.0,2018-07-21,2018-07-22
1496,Pitsanu,Limpamanop,118487,217487,"Everett, WA",Seattle Pacific Table Tennis Club,1977,2024-09-08,2202,2024-08-24,ACTIVE,2017 BTTC Summer Open,2056.0,2084.0,2017-06-10,2017-06-11
1535,Vince,Mioduszewski,5294,23283,"Kent, WA",Seattle Pacific Table Tennis Club,1967,2023-05-07,2023,2020-02-26,ACTIVE,2018 BTTC Spring Open,1920.0,1949.0,2018-04-21,2018-04-22
1535,Vince,Mioduszewski,5294,23283,"Kent, WA",Seattle Pacific Table Tennis Club,1967,2023-05-07,2023,2020-02-26,ACTIVE,2017 BTTC Summer Open,1953.0,1941.0,2017-06-10,2017-06-11
1535,Vince,Mioduszewski,5294,23283,"Kent, WA",Seattle Pacific Table Tennis Club,1967,2023-05-07,2023,2020-02-26,ACTIVE,2017 BTTC Spring Open,2040.0,2024.0,2017-03-25,2017-03-26
1535,Vince,Mioduszewski,5294,23283,"Kent, WA",Seattle Pacific Table Tennis Club,1967,2023-05-07,2023,2020-02-26,ACTIVE,2015 BTTC Fall Open,1972.0,1949.0,2015-09-20,
1535,Vince,Mioduszewski,5294,23283,"Kent, WA",Seattle Pacific Table Tennis Club,1967,2023-05-07,2023,2020-02-26,ACTIVE,2015 BTTC Summer Open,1960.0,1958.0,2015-06-21,
1535,Vince,Mioduszewski,5294,23283,"Kent, WA",Seattle Pacific Table Tennis Club,1967,2023-05-07,2023,2020-02-26,ACTIVE,2015 BTTC Spring Open,2005.0,1953.0,2015-03-22,
1535,Vince,Mioduszewski,5294,23283,"Kent, WA",Seattle Pacific Table Tennis Club,1967,2023-05-07,2023,2020-02-26,ACTIVE,2014 BTTC Spring Open,1866.0,1891.0,2014-03-30,
1535,Vince,Mioduszewski,5294,23283,"Kent, WA",Seattle Pacific Table Tennis Club,1967,2023-05-07,2023,2020-02-26,ACTIVE,2013 BTTC Spring Open,1940.0,1908.0,2013-04-28,
1538,Winnie,Yeung,8860,96338,"Sunnyvale, CA",(TTA) Table Tennis America,1966,2024-01-27,1785,2024-05-19,ACTIVE,Butterfly February 2019 BTTC Open,1871.0,1876.0,2019-02-15,2019-02-15
1539,Davy,Cheng,1225,79347,"Mill Creek, WA",,1966,2023-10-22,1976,2024-08-31,ACTIVE,2015 BTTC Spring Open,1788.0,1794.0,2015-03-22,
1539,Davy,Cheng,1225,79347,"Mill Creek, WA",,1966,2023-10-22,1976,2024-08-31,ACTIVE,2014 BTTC Summer Open,1675.0,1669.0,2014-06-29,
1539,Davy,Cheng,1225,79347,"Mill Creek, WA",,1966,2023-10-22,1976,2024-08-31,ACTIVE,2014 BTTC Spring Open,1576.0,1687.0,2014-03-30,
1539,Davy,Cheng,1225,79347,"Mill Creek, WA",,1966,2023-10-22,1976,2024-08-31,ACTIVE,2013 BTTC Spring Open,1323.0,1397.0,2013-04-28,
1570,Jerry,Zhang,124480,223480,"Pearland, TX",,1959,2024-07-07,2031,2023-11-04,ACTIVE,Butterfly 2021 September BTTC Open,1980.0,1953.0,2021-09-24,2021-09-26
1570,Jerry,Zhang,124480,223480,"Pearland, TX",,1959,2024-07-07,2031,2023-11-04,ACTIVE,Butterfly 2018 August BTTC Open Tournament,1056.0,1259.0,2018-08-11,2018-08-12
1574,Nathan,Britt,130850,229850,"Kennesaw, GA",East Cobb Sports Table Tennis,1958,2024-08-18,0,,ACTIVE,Butterfly 2024 February BTTC Tournament,1879.0,1883.0,2024-02-09,2024-02-11
1590,andrey,farkash,20291,14336,"staten island, NY",Lily Yip Table Tennis Center,1955,2021-05-08,1889,2023-05-29,ACTIVE,BTTC October Open,1885.0,1888.0,2010-10-24,
1590,andrey,farkash,20291,14336,"staten island, NY",Lily Yip Table Tennis Center,1955,2021-05-08,1889,2023-05-29,ACTIVE,2010 BTTC Open,1819.0,1801.0,2010-01-31,
1595,Ernest,Virgo,8142,1858,"Houston, TX",,1955,2024-08-11,2290,2004-03-01,ACTIVE,Butterfly 2023 February BTTC,2162.0,2013.0,2023-02-10,2023-02-12
1605,Garth,Jordan,27862,60362,"Tampa, FL",,1953,2023-07-09,1915,2005-01-16,ACTIVE,BUTTERFLY OCTOBER 2018 BTTC OPEN,2012.0,1980.0,2018-10-13,2018-10-13
1605,Garth,Jordan,27862,60362,"Tampa, FL",,1953,2023-07-09,1915,2005-01-16,ACTIVE,2008 Broward TTWinter Open,1994.0,2000.0,2008-01-06,
1605,Garth,Jordan,27862,60362,"Tampa, FL",,1953,2023-07-09,1915,2005-01-16,ACTIVE,2007 Winter Broward TT Open,1878.0,1988.0,2007-01-07,
1605,Garth,Jordan,27862,60362,"Tampa, FL",,1953,2023-07-09,1915,2005-01-16,ACTIVE,Summer 2006 Broward TT Open,1929.0,1882.0,2006-07-31,
1605,Garth,Jordan,27862,60362,"Tampa, FL",,1953,2023-07-09,1915,2005-01-16,ACTIVE,2006 Winter Broward Open,1860.0,1871.0,2006-01-08,
1632,Hugo,Su,7478,13014,"Miami, FL","Broward Table Tennis Club, Inc.",1949,2019-06-23,0,,ACTIVE,Butterfly 2019 June BTTC Open Tournament,1946.0,1949.0,2019-06-23,2019-06-23
1632,Hugo,Su,7478,13014,"Miami, FL","Broward Table Tennis Club, Inc.",1949,2019-06-23,0,,ACTIVE,Butterfly February 2019 BTTC Open,1979.0,1946.0,2019-02-15,2019-02-15
1632,Hugo,Su,7478,13014,"Miami, FL","Broward Table Tennis Club, Inc.",1949,2019-06-23,0,,ACTIVE,BUTTERFLY OCTOBER 2018 BTTC OPEN,1984.0,1979.0,2018-10-13,2018-10-13
1632,Hugo,Su,7478,13014,"Miami, FL","Broward Table Tennis Club, Inc.",1949,2019-06-23,0,,ACTIVE,Butterfly 2018 August BTTC Open Tournament,1995.0,1984.0,2018-08-11,2018-08-12
1632,Hugo,Su,7478,13014,"Miami, FL","Broward Table Tennis Club, Inc.",1949,2019-06-23,0,,ACTIVE,Butterfly April 2018 BTTC Open,1987.0,2007.0,2018-04-14,2018-04-15
1632,Hugo,Su,7478,13014,"Miami, FL","Broward Table Tennis Club, Inc.",1949,2019-06-23,0,,ACTIVE,Butterfly February 2018 BTTC Open,1999.0,1987.0,2018-02-10,2018-02-11
1632,Hugo,Su,7478,13014,"Miami, FL","Broward Table Tennis Club, Inc.",1949,2019-06-23,0,,ACTIVE,Robopong December 2017 BTTC Open,2031.0,2013.0,2017-12-15,2017-12-17
1632,Hugo,Su,7478,13014,"Miami, FL","Broward Table Tennis Club, Inc.",1949,2019-06-23,0,,ACTIVE,Robo-Pong November 2017 BTTC Open,2034.0,2031.0,2017-11-04,2017-11-05
1632,Hugo,Su,7478,13014,"Miami, FL","Broward Table Tennis Club, Inc.",1949,2019-06-23,0,,ACTIVE,Robopong September 2017 BTTC Open,2045.0,2034.0,2017-09-02,2017-09-03
1632,Hugo,Su,7478,13014,"Miami, FL","Broward Table Tennis Club, Inc.",1949,2019-06-23,0,,ACTIVE,Robopong February 2017 BTTC Team Tournament,2069.0,2086.0,2017-02-11,2017-02-12
1632,Hugo,Su,7478,13014,"Miami, FL","Broward Table Tennis Club, Inc.",1949,2019-06-23,0,,ACTIVE,Robopong October 2016 Broward TTC Open,2057.0,2023.0,2016-10-22,2016-10-23
1632,Hugo,Su,7478,13014,"Miami, FL","Broward Table Tennis Club, Inc.",1949,2019-06-23,0,,ACTIVE,Robopong June 2016 Marty Prager Memorial BTTC Open,2053.0,2057.0,2016-06-24,2016-06-26
1632,Hugo,Su,7478,13014,"Miami, FL","Broward Table Tennis Club, Inc.",1949,2019-06-23,0,,ACTIVE,Robopong January 2016 Broward Table Tennis Club Open,2054.0,2053.0,2016-01-16,2016-01-17
1632,Hugo,Su,7478,13014,"Miami, FL","Broward Table Tennis Club, Inc.",1949,2019-06-23,0,,ACTIVE,Robo Pong October 2015 BTTC Open,2050.0,2054.0,2015-11-01,
1632,Hugo,Su,7478,13014,"Miami, FL","Broward Table Tennis Club, Inc.",1949,2019-06-23,0,,ACTIVE,Robo Pong April 2015 BTTC Open,2045.0,2040.0,2015-04-18,
1632,Hugo,Su,7478,13014,"Miami, FL","Broward Table Tennis Club, Inc.",1949,2019-06-23,0,,ACTIVE,Robo Pong February 2015 BTTC Open,2007.0,2045.0,2015-02-08,
1632,Hugo,Su,7478,13014,"Miami, FL","Broward Table Tennis Club, Inc.",1949,2019-06-23,0,,ACTIVE,Robo-Pong September 2014 BTTC Open,2030.0,2007.0,2014-09-14,
1632,Hugo,Su,7478,13014,"Miami, FL","Broward Table Tennis Club, Inc.",1949,2019-06-23,0,,ACTIVE,Robo-Pong August 2014 BTTC Open,2036.0,2030.0,2014-08-03,
1632,Hugo,Su,7478,13014,"Miami, FL","Broward Table Tennis Club, Inc.",1949,2019-06-23,0,,ACTIVE,Robopong December 2013 BTTC Open,2010.0,2007.0,2013-12-08,
1632,Hugo,Su,7478,13014,"Miami, FL","Broward Table Tennis Club, Inc.",1949,2019-06-23,0,,ACTIVE,Robopong January 2013 Broward TTC Open,2009.0,2003.0,2013-01-13,
1632,Hugo,Su,7478,13014,"Miami, FL","Broward Table Tennis Club, Inc.",1949,2019-06-23,0,,ACTIVE,RoboPong November 2012 Broward,2017.0,2009.0,2012-11-04,
1632,Hugo,Su,7478,13014,"Miami, FL","Broward Table Tennis Club, Inc.",1949,2019-06-23,0,,ACTIVE,Robopong January 2012 BTTC Open,2107.0,2074.0,2012-01-08,
1632,Hugo,Su,7478,13014,"Miami, FL","Broward Table Tennis Club, Inc.",1949,2019-06-23,0,,ACTIVE,RoboPong Jan BTTC Open,1911.0,1903.0,2011-01-09,
1632,Hugo,Su,7478,13014,"Miami, FL","Broward Table Tennis Club, Inc.",1949,2019-06-23,0,,ACTIVE,May 2010 Broward TT Open,1890.0,1911.0,2010-05-23,
1633,Chen,Michael,1173,22140,"Orlando, FL",,1949,2024-08-10,1929,2023-01-06,ACTIVE,Robopong April 2017 BTTC Open,2105.0,2075.0,2017-04-29,2017-04-30
1633,Chen,Michael,1173,22140,"Orlando, FL",,1949,2024-08-10,1929,2023-01-06,ACTIVE,Robopong October 2016 Broward TTC Open,1963.0,1953.0,2016-10-22,2016-10-23
1633,Chen,Michael,1173,22140,"Orlando, FL",,1949,2024-08-10,1929,2023-01-06,ACTIVE,Robo-Pong March 2014 BTTC Open,1750.0,1756.0,2014-03-02,
1633,Chen,Michael,1173,22140,"Orlando, FL",,1949,2024-08-10,1929,2023-01-06,ACTIVE,Robopong May 2012 Broward TTC Open,1573.0,1610.0,2012-05-27,
1635,Jacob,Younce,54868,95653,"Daphne, AL",,1948,2024-07-07,2026,2023-07-01,ACTIVE,Butterfly 2021 September BTTC Open,1855.0,1779.0,2021-09-24,2021-09-26
1640,Cory,Johnson,27604,29085,"Thornwood, NY",Westchester Table Tennis Center,1948,2024-06-22,2013,2020-11-10,ACTIVE,Robopong January 2012 BTTC Open,1992.0,1975.0,2012-01-08,
1656,Alexander,Zubatov,9190,73922,"New York, NY",,1945,2023-11-26,0,,ACTIVE,BTTC January Open,1761.0,1742.0,2011-01-30,
1656,Alexander,Zubatov,9190,73922,"New York, NY",,1945,2023-11-26,0,,ACTIVE,BTTC October Open,1622.0,1610.0,2010-10-24,
1656,Alexander,Zubatov,9190,73922,"New York, NY",,1945,2023-11-26,0,,ACTIVE,BTTC September Open,1614.0,1627.0,2010-09-19,
1656,Alexander,Zubatov,9190,73922,"New York, NY",,1945,2023-11-26,0,,ACTIVE,BTTC August Open,1642.0,1615.0,2010-08-22,
1656,Alexander,Zubatov,9190,73922,"New York, NY",,1945,2023-11-26,0,,ACTIVE,2010 BTTC Open,1599.0,1642.0,2010-07-11,
1656,Alexander,Zubatov,9190,73922,"New York, NY",,1945,2023-11-26,0,,ACTIVE,2010 BTTC Open,1631.0,1663.0,2010-06-06,
1656,Alexander,Zubatov,9190,73922,"New York, NY",,1945,2023-11-26,0,,ACTIVE,2010 BTTC Open,1605.0,1601.0,2010-01-31,
1670,Christopher,Levy,31932,30111,"Port Charlotte, FL",,1943,2024-06-08,0,,ACTIVE,Butterfly 2024 February BTTC Tournament,2015.0,2013.0,2024-02-09,2024-02-11
1670,Christopher,Levy,31932,30111,"Port Charlotte, FL",,1943,2024-06-08,0,,ACTIVE,Butterfly 2023 February BTTC,1999.0,1964.0,2023-02-10,2023-02-12
1670,Christopher,Levy,31932,30111,"Port Charlotte, FL",,1943,2024-06-08,0,,ACTIVE,Butterfly January 2022 BTTC Open Tournament,2036.0,1992.0,2022-01-29,2022-01-30
1670,Christopher,Levy,31932,30111,"Port Charlotte, FL",,1943,2024-06-08,0,,ACTIVE,Carmel Barrau 2021 December BTTC Open Tournament,2032.0,2036.0,2021-12-10,2021-12-12
1670,Christopher,Levy,31932,30111,"Port Charlotte, FL",,1943,2024-06-08,0,,ACTIVE,Butterfly 2020 February BTTC Tournament,1994.0,1984.0,2020-02-21,2020-02-23
1675,Danny,Ho,25223,1672,"Vancouver, CAN",,1941,2024-04-28,2077,2019-04-27,ACTIVE,2014 BTTC Fall Open,2133.0,2094.0,2014-10-26,
1749,Jose A.,Leon,183581,1183581,Coral Spring,,1927,2024-07-21,0,,ACTIVE,Butterfly 2024 February BTTC Tournament,0.0,1961.0,2024-02-09,2024-02-11
1761,Steve,Ma,4847,7961,"Mount Vernon, NY",Westchester Table Tennis Center,1926,2018-03-02,2006,2014-05-16,ACTIVE,2017 BTTC Spring Open,1943.0,1926.0,2017-03-25,2017-03-26
1765,Javier,Arevalo,130468,229468,Doral,,1925,2024-08-24,0,,ACTIVE,Butterfly 2024 February BTTC Tournament,1790.0,1726.0,2024-02-09,2024-02-11
1765,Javier,Arevalo,130468,229468,Doral,,1925,2024-08-24,0,,ACTIVE,Butterfly 2023 February BTTC,1609.0,1663.0,2023-02-10,2023-02-12
1765,Javier,Arevalo,130468,229468,Doral,,1925,2024-08-24,0,,ACTIVE,Butterfly 2022 BTTC Fall Open Tournament,1264.0,1460.0,2022-09-30,2022-10-02
1765,Javier,Arevalo,130468,229468,Doral,,1925,2024-08-24,0,,ACTIVE,Butterfly January 2022 BTTC Open Tournament,757.0,1094.0,2022-01-29,2022-01-30
1765,Javier,Arevalo,130468,229468,Doral,,1925,2024-08-24,0,,ACTIVE,Carmel Barrau 2021 December BTTC Open Tournament,659.0,757.0,2021-12-10,2021-12-12
1765,Javier,Arevalo,130468,229468,Doral,,1925,2024-08-24,0,,ACTIVE,Butterfly 2020 February BTTC Tournament,643.0,659.0,2020-02-21,2020-02-23
1765,Javier,Arevalo,130468,229468,Doral,,1925,2024-08-24,0,,ACTIVE,Butterfly 2018 August BTTC Open Tournament,0.0,643.0,2018-08-11,2018-08-12
1773,Jeffrey,Swersky,7573,85940,"Ft. Lauderdale, FL",,1923,2024-05-20,2034,2019-09-03,ACTIVE,Butterfly 2021 September BTTC Open,1958.0,1965.0,2021-09-24,2021-09-26
1773,Jeffrey,Swersky,7573,85940,"Ft. Lauderdale, FL",,1923,2024-05-20,2034,2019-09-03,ACTIVE,Butterfly 2020 February BTTC Tournament,1982.0,1973.0,2020-02-21,2020-02-23
1773,Jeffrey,Swersky,7573,85940,"Ft. Lauderdale, FL",,1923,2024-05-20,2034,2019-09-03,ACTIVE,Butterfly 2019 December BTTC Open Tournament,1988.0,1982.0,2019-12-15,2019-12-15
1773,Jeffrey,Swersky,7573,85940,"Ft. Lauderdale, FL",,1923,2024-05-20,2034,2019-09-03,ACTIVE,Butterfly 2019 October BTTC Tournament,1979.0,1988.0,2019-10-11,2019-10-13
1773,Jeffrey,Swersky,7573,85940,"Ft. Lauderdale, FL",,1923,2024-05-20,2034,2019-09-03,ACTIVE,Butterfly Dec 2018 BTTC Open,1979.0,1979.0,2018-12-14,2018-12-16
1773,Jeffrey,Swersky,7573,85940,"Ft. Lauderdale, FL",,1923,2024-05-20,2034,2019-09-03,ACTIVE,BUTTERFLY OCTOBER 2018 BTTC OPEN,1934.0,1979.0,2018-10-13,2018-10-13
1773,Jeffrey,Swersky,7573,85940,"Ft. Lauderdale, FL",,1923,2024-05-20,2034,2019-09-03,ACTIVE,Butterfly 2018 August BTTC Open Tournament,1941.0,1934.0,2018-08-11,2018-08-12
1773,Jeffrey,Swersky,7573,85940,"Ft. Lauderdale, FL",,1923,2024-05-20,2034,2019-09-03,ACTIVE,Butterfly 2018 June BTTC Open Tournament,1936.0,1941.0,2018-06-17,2018-06-17
1773,Jeffrey,Swersky,7573,85940,"Ft. Lauderdale, FL",,1923,2024-05-20,2034,2019-09-03,ACTIVE,Butterfly April 2018 BTTC Open,1980.0,1936.0,2018-04-14,2018-04-15
1773,Jeffrey,Swersky,7573,85940,"Ft. Lauderdale, FL",,1923,2024-05-20,2034,2019-09-03,ACTIVE,Robo-Pong November 2017 BTTC Open,1980.0,1980.0,2017-11-04,2017-11-05
1773,Jeffrey,Swersky,7573,85940,"Ft. Lauderdale, FL",,1923,2024-05-20,2034,2019-09-03,ACTIVE,Robopong April 2017 BTTC Open,1967.0,1980.0,2017-04-29,2017-04-30
1773,Jeffrey,Swersky,7573,85940,"Ft. Lauderdale, FL",,1923,2024-05-20,2034,2019-09-03,ACTIVE,Robopong May 2016 Broward TTC Open,1885.0,1989.0,2016-05-07,2016-05-07
1773,Jeffrey,Swersky,7573,85940,"Ft. Lauderdale, FL",,1923,2024-05-20,2034,2019-09-03,ACTIVE,Robo Pong October 2015 BTTC Open,1884.0,1885.0,2015-11-01,
1773,Jeffrey,Swersky,7573,85940,"Ft. Lauderdale, FL",,1923,2024-05-20,2034,2019-09-03,ACTIVE,Robo-Pong May 2014 BTTC Open,1834.0,1840.0,2014-05-18,
1773,Jeffrey,Swersky,7573,85940,"Ft. Lauderdale, FL",,1923,2024-05-20,2034,2019-09-03,ACTIVE,Robopong January 2013 Broward TTC Open,1808.0,1834.0,2013-01-13,
1773,Jeffrey,Swersky,7573,85940,"Ft. Lauderdale, FL",,1923,2024-05-20,2034,2019-09-03,ACTIVE,RoboPong November 2012 Broward,1826.0,1808.0,2012-11-04,
1773,Jeffrey,Swersky,7573,85940,"Ft. Lauderdale, FL",,1923,2024-05-20,2034,2019-09-03,ACTIVE,Robopong February 2012 Broward Table Tennis Open,1843.0,1814.0,2012-02-12,
1773,Jeffrey,Swersky,7573,85940,"Ft. Lauderdale, FL",,1923,2024-05-20,2034,2019-09-03,ACTIVE,Robopong January 2012 BTTC Open,1850.0,1843.0,2012-01-08,
1778,Jong Il,Lee,4260,97401,"Mukilteo, WA",,1922,2022-11-06,1915,2024-06-08,ACTIVE,2018 BTTC Spring Open,1888.0,1877.0,2018-04-21,2018-04-22
1778,Jong Il,Lee,4260,97401,"Mukilteo, WA",,1922,2022-11-06,1915,2024-06-08,ACTIVE,2017 BTTC Summer Open,1880.0,1925.0,2017-06-10,2017-06-11
1778,Jong Il,Lee,4260,97401,"Mukilteo, WA",,1922,2022-11-06,1915,2024-06-08,ACTIVE,2017 BTTC Spring Open,1769.0,1880.0,2017-03-25,2017-03-26
1780,Aron,Friedman,2250,5919,"Wellington, FL",,1922,2018-03-02,0,,ACTIVE,2007 Winter Broward TT Open,1953.0,1920.0,2007-01-07,
1834,Rafael,Moraes,118751,217751,Lake Worth,,1913,2024-07-21,0,,ACTIVE,Butterfly 2024 February BTTC Tournament,1912.0,1928.0,2024-02-09,2024-02-11
1834,Rafael,Moraes,118751,217751,Lake Worth,,1913,2024-07-21,0,,ACTIVE,Butterfly 2023 February BTTC,1857.0,1835.0,2023-02-10,2023-02-12
1834,Rafael,Moraes,118751,217751,Lake Worth,,1913,2024-07-21,0,,ACTIVE,Butterfly 2022 BTTC Fall Open Tournament,1826.0,1817.0,2022-09-30,2022-10-02
1834,Rafael,Moraes,118751,217751,Lake Worth,,1913,2024-07-21,0,,ACTIVE,Carmel Barrau 2021 December BTTC Open Tournament,1873.0,1863.0,2021-12-10,2021-12-12
1834,Rafael,Moraes,118751,217751,Lake Worth,,1913,2024-07-21,0,,ACTIVE,Butterfly 2021 September BTTC Open,1878.0,1873.0,2021-09-24,2021-09-26
1834,Rafael,Moraes,118751,217751,Lake Worth,,1913,2024-07-21,0,,ACTIVE,Butterfly 2020 February BTTC Tournament,1797.0,1886.0,2020-02-21,2020-02-23
1834,Rafael,Moraes,118751,217751,Lake Worth,,1913,2024-07-21,0,,ACTIVE,Butterfly 2019 October BTTC Tournament,1797.0,1797.0,2019-10-11,2019-10-13
1834,Rafael,Moraes,118751,217751,Lake Worth,,1913,2024-07-21,0,,ACTIVE,Butterfly 2019 June BTTC Open Tournament,1842.0,1844.0,2019-06-23,2019-06-23
1834,Rafael,Moraes,118751,217751,Lake Worth,,1913,2024-07-21,0,,ACTIVE,Butterfly February 2019 BTTC Open,1843.0,1853.0,2019-02-15,2019-02-15
1834,Rafael,Moraes,118751,217751,Lake Worth,,1913,2024-07-21,0,,ACTIVE,Butterfly Dec 2018 BTTC Open,1857.0,1843.0,2018-12-14,2018-12-16
1834,Rafael,Moraes,118751,217751,Lake Worth,,1913,2024-07-21,0,,ACTIVE,Butterfly 2018 August BTTC Open Tournament,1857.0,1857.0,2018-08-11,2018-08-12
1834,Rafael,Moraes,118751,217751,Lake Worth,,1913,2024-07-21,0,,ACTIVE,Butterfly April 2018 BTTC Open,1653.0,1857.0,2018-04-14,2018-04-15
1834,Rafael,Moraes,118751,217751,Lake Worth,,1913,2024-07-21,0,,ACTIVE,Butterfly February 2018 BTTC Open,1642.0,1653.0,2018-02-10,2018-02-11
1834,Rafael,Moraes,118751,217751,Lake Worth,,1913,2024-07-21,0,,ACTIVE,Robo-Pong November 2017 BTTC Open,1633.0,1642.0,2017-11-04,2017-11-05
1834,Rafael,Moraes,118751,217751,Lake Worth,,1913,2024-07-21,0,,ACTIVE,Robopong September 2017 BTTC Open,1349.0,1633.0,2017-09-02,2017-09-03
1834,Rafael,Moraes,118751,217751,Lake Worth,,1913,2024-07-21,0,,ACTIVE,Robopong April 2017 BTTC Open,0.0,668.0,2017-04-29,2017-04-30
1838,Dwight,Newton,38054,53159,"Melbourne, FL",,1912,2024-01-06,0,,ACTIVE,April 2010 Broward TT Open,2068.0,2080.0,2010-04-25,
1838,Dwight,Newton,38054,53159,"Melbourne, FL",,1912,2024-01-06,0,,ACTIVE,November Broward TT Open,1979.0,1991.0,2008-11-15,
1838,Dwight,Newton,38054,53159,"Melbourne, FL",,1912,2024-01-06,0,,ACTIVE,2008 Broward TTWinter Open,1944.0,1949.0,2008-01-06,
1838,Dwight,Newton,38054,53159,"Melbourne, FL",,1912,2024-01-06,0,,ACTIVE,2007 Summer Broward TT Open,1925.0,1949.0,2007-08-05,
1838,Dwight,Newton,38054,53159,"Melbourne, FL",,1912,2024-01-06,0,,ACTIVE,2007 Winter Broward TT Open,1973.0,1951.0,2007-01-07,
1838,Dwight,Newton,38054,53159,"Melbourne, FL",,1912,2024-01-06,0,,ACTIVE,Summer 2006 Broward TT Open,1990.0,2173.0,2006-07-31,
1838,Dwight,Newton,38054,53159,"Melbourne, FL",,1912,2024-01-06,0,,ACTIVE,2006 Winter Broward Open,2008.0,1996.0,2006-01-08,
1849,Jose,Arteaga,115817,214817,"Miami, FL",,1910,2024-06-22,0,,ACTIVE,Butterfly 2019 December BTTC Open Tournament,2021.0,1993.0,2019-12-15,2019-12-15
1849,Jose,Arteaga,115817,214817,"Miami, FL",,1910,2024-06-22,0,,ACTIVE,Butterfly 2019 October BTTC Tournament,2001.0,2021.0,2019-10-11,2019-10-13
1849,Jose,Arteaga,115817,214817,"Miami, FL",,1910,2024-06-22,0,,ACTIVE,Butterfly Dec 2018 BTTC Open,2059.0,2049.0,2018-12-14,2018-12-16
1849,Jose,Arteaga,115817,214817,"Miami, FL",,1910,2024-06-22,0,,ACTIVE,BUTTERFLY OCTOBER 2018 BTTC OPEN,2052.0,2059.0,2018-10-13,2018-10-13
1849,Jose,Arteaga,115817,214817,"Miami, FL",,1910,2024-06-22,0,,ACTIVE,Butterfly 2018 August BTTC Open Tournament,2065.0,2054.0,2018-08-11,2018-08-12
1849,Jose,Arteaga,115817,214817,"Miami, FL",,1910,2024-06-22,0,,ACTIVE,Butterfly April 2018 BTTC Open,2045.0,2049.0,2018-04-14,2018-04-15
1849,Jose,Arteaga,115817,214817,"Miami, FL",,1910,2024-06-22,0,,ACTIVE,Butterfly February 2018 BTTC Open,2052.0,2050.0,2018-02-10,2018-02-11
1849,Jose,Arteaga,115817,214817,"Miami, FL",,1910,2024-06-22,0,,ACTIVE,Robopong December 2017 BTTC Open,2080.0,2069.0,2017-12-15,2017-12-17
1849,Jose,Arteaga,115817,214817,"Miami, FL",,1910,2024-06-22,0,,ACTIVE,Robopong September 2017 BTTC Open,2082.0,2080.0,2017-09-02,2017-09-03
1849,Jose,Arteaga,115817,214817,"Miami, FL",,1910,2024-06-22,0,,ACTIVE,Robopong February 2017 BTTC Team Tournament,2076.0,2079.0,2017-02-11,2017-02-12
1849,Jose,Arteaga,115817,214817,"Miami, FL",,1910,2024-06-22,0,,ACTIVE,Robopong October 2016 Broward TTC Open,0.0,2076.0,2016-10-22,2016-10-23
1883,Ricardo,Brito,761,80953,"North Plainfield, NJ",New Jersey Table Tennis Club,1905,2023-03-11,1996,2024-08-08,ACTIVE,2011 BTTC April Open,1603.0,1597.0,2011-04-24,
1903,Isabella,Joseph,172344,271344,"Cypress, TX",,1902,2024-08-11,1761,2024-07-13,ACTIVE,Butterfly 2024 February BTTC Tournament,1571.0,1809.0,2024-02-09,2024-02-11
1906,Roman,Guhr,2678,60509,"Boca Raton, FL",,1902,2018-03-02,0,,ACTIVE,February '10 Broward TTO,1884.0,1902.0,2010-02-14,
1906,Roman,Guhr,2678,60509,"Boca Raton, FL",,1902,2018-03-02,0,,ACTIVE,2007 Summer Broward TT Open,1875.0,1884.0,2007-08-05,
1906,Roman,Guhr,2678,60509,"Boca Raton, FL",,1902,2018-03-02,0,,ACTIVE,Summer 2006 Broward TT Open,1931.0,1875.0,2006-07-31,
1906,Roman,Guhr,2678,60509,"Boca Raton, FL",,1902,2018-03-02,0,,ACTIVE,2006 Winter Broward Open,1922.0,1931.0,2006-01-08,
1906,Roman,Guhr,2678,60509,"Boca Raton, FL",,1902,2018-03-02,0,,ACTIVE,2005 Summer Broward TT Open,1891.0,1922.0,2005-08-14,
1907,John P.,Ochsner,5764,5004,"Seattle, WA",Seattle Pacific Table Tennis Club,1902,2024-09-08,1985,2023-06-24,ACTIVE,2018 BTTC Fall Open,1973.0,1977.0,2018-10-20,2018-10-21
1907,John P.,Ochsner,5764,5004,"Seattle, WA",Seattle Pacific Table Tennis Club,1902,2024-09-08,1985,2023-06-24,ACTIVE,2017 BTTC Summer Open,1939.0,1929.0,2017-06-10,2017-06-11
1907,John P.,Ochsner,5764,5004,"Seattle, WA",Seattle Pacific Table Tennis Club,1902,2024-09-08,1985,2023-06-24,ACTIVE,2017 BTTC Spring Open,1949.0,1972.0,2017-03-25,2017-03-26
1907,John P.,Ochsner,5764,5004,"Seattle, WA",Seattle Pacific Table Tennis Club,1902,2024-09-08,1985,2023-06-24,ACTIVE,2015 BTTC Fall Open,1972.0,1939.0,2015-09-20,
1907,John P.,Ochsner,5764,5004,"Seattle, WA",Seattle Pacific Table Tennis Club,1902,2024-09-08,1985,2023-06-24,ACTIVE,2015 BTTC Summer Open,1972.0,1968.0,2015-06-21,
1907,John P.,Ochsner,5764,5004,"Seattle, WA",Seattle Pacific Table Tennis Club,1902,2024-09-08,1985,2023-06-24,ACTIVE,2015 BTTC Spring Open,1969.0,1958.0,2015-03-22,
1907,John P.,Ochsner,5764,5004,"Seattle, WA",Seattle Pacific Table Tennis Club,1902,2024-09-08,1985,2023-06-24,ACTIVE,2014 BTTC Fall Open,1962.0,1976.0,2014-10-26,
1907,John P.,Ochsner,5764,5004,"Seattle, WA",Seattle Pacific Table Tennis Club,1902,2024-09-08,1985,2023-06-24,ACTIVE,2014 BTTC Summer Open,1984.0,1976.0,2014-06-29,
1907,John P.,Ochsner,5764,5004,"Seattle, WA",Seattle Pacific Table Tennis Club,1902,2024-09-08,1985,2023-06-24,ACTIVE,2014 BTTC Spring Open,1973.0,2014.0,2014-03-30,
1907,John P.,Ochsner,5764,5004,"Seattle, WA",Seattle Pacific Table Tennis Club,1902,2024-09-08,1985,2023-06-24,ACTIVE,2013 BTTC Spring Open,2022.0,2033.0,2013-04-28,
1922,Alessandro,Capitano,170682,269682,"Doral, FL",,1900,2024-08-24,0,,ACTIVE,Butterfly 2024 February BTTC Tournament,1459.0,1445.0,2024-02-09,2024-02-11
1922,Alessandro,Capitano,170682,269682,"Doral, FL",,1900,2024-08-24,0,,ACTIVE,Butterfly 2022 BTTC Fall Open Tournament,1469.0,1402.0,2022-09-30,2022-10-02
1925,Sasha,Veljkovic,51003,76389,"Chicago, IL",,1899,2024-03-31,0,,ACTIVE,Butterfly 2024 February BTTC Tournament,1930.0,1894.0,2024-02-09,2024-02-11
1925,Sasha,Veljkovic,51003,76389,"Chicago, IL",,1899,2024-03-31,0,,ACTIVE,Butterfly 2023 February BTTC,1952.0,1975.0,2023-02-10,2023-02-12
1925,Sasha,Veljkovic,51003,76389,"Chicago, IL",,1899,2024-03-31,0,,ACTIVE,Butterfly 2021 September BTTC Open,1901.0,1908.0,2021-09-24,2021-09-26
1925,Sasha,Veljkovic,51003,76389,"Chicago, IL",,1899,2024-03-31,0,,ACTIVE,Butterfly 2020 February BTTC Tournament,1762.0,1764.0,2020-02-21,2020-02-23
1925,Sasha,Veljkovic,51003,76389,"Chicago, IL",,1899,2024-03-31,0,,ACTIVE,Butterfly 2019 December BTTC Open Tournament,1795.0,1762.0,2019-12-15,2019-12-15
1928,Joshua,Acevedo,121482,220482,"Pembroke Pines, FL","Broward Table Tennis Club, Inc.",1899,2024-03-31,1812,2019-03-22,ACTIVE,Butterfly January 2022 BTTC Open Tournament,1922.0,2031.0,2022-01-29,2022-01-30
1928,Joshua,Acevedo,121482,220482,"Pembroke Pines, FL","Broward Table Tennis Club, Inc.",1899,2024-03-31,1812,2019-03-22,ACTIVE,Carmel Barrau 2021 December BTTC Open Tournament,1961.0,1922.0,2021-12-10,2021-12-12
1928,Joshua,Acevedo,121482,220482,"Pembroke Pines, FL","Broward Table Tennis Club, Inc.",1899,2024-03-31,1812,2019-03-22,ACTIVE,Butterfly 2020 February BTTC Tournament,1970.0,1939.0,2020-02-21,2020-02-23
1928,Joshua,Acevedo,121482,220482,"Pembroke Pines, FL","Broward Table Tennis Club, Inc.",1899,2024-03-31,1812,2019-03-22,ACTIVE,Butterfly 2019 December BTTC Open Tournament,1748.0,1970.0,2019-12-15,2019-12-15
1928,Joshua,Acevedo,121482,220482,"Pembroke Pines, FL","Broward Table Tennis Club, Inc.",1899,2024-03-31,1812,2019-03-22,ACTIVE,Butterfly 2019 October BTTC Tournament,1738.0,1748.0,2019-10-11,2019-10-13
1928,Joshua,Acevedo,121482,220482,"Pembroke Pines, FL","Broward Table Tennis Club, Inc.",1899,2024-03-31,1812,2019-03-22,ACTIVE,Butterfly 2019 June BTTC Open Tournament,1716.0,1745.0,2019-06-23,2019-06-23
1928,Joshua,Acevedo,121482,220482,"Pembroke Pines, FL","Broward Table Tennis Club, Inc.",1899,2024-03-31,1812,2019-03-22,ACTIVE,BUTTERFLY APRIL 2019 BTTC OPEN,1661.0,1716.0,2019-04-12,2019-04-14
1928,Joshua,Acevedo,121482,220482,"Pembroke Pines, FL","Broward Table Tennis Club, Inc.",1899,2024-03-31,1812,2019-03-22,ACTIVE,Butterfly February 2019 BTTC Open,1679.0,1708.0,2019-02-15,2019-02-15
1928,Joshua,Acevedo,121482,220482,"Pembroke Pines, FL","Broward Table Tennis Club, Inc.",1899,2024-03-31,1812,2019-03-22,ACTIVE,Butterfly Dec 2018 BTTC Open,1389.0,1536.0,2018-12-14,2018-12-16
1928,Joshua,Acevedo,121482,220482,"Pembroke Pines, FL","Broward Table Tennis Club, Inc.",1899,2024-03-31,1812,2019-03-22,ACTIVE,BUTTERFLY OCTOBER 2018 BTTC OPEN,1208.0,1389.0,2018-10-13,2018-10-13
1928,Joshua,Acevedo,121482,220482,"Pembroke Pines, FL","Broward Table Tennis Club, Inc.",1899,2024-03-31,1812,2019-03-22,ACTIVE,Butterfly 2018 August BTTC Open Tournament,1204.0,1208.0,2018-08-11,2018-08-12
1928,Joshua,Acevedo,121482,220482,"Pembroke Pines, FL","Broward Table Tennis Club, Inc.",1899,2024-03-31,1812,2019-03-22,ACTIVE,Butterfly April 2018 BTTC Open,1160.0,1204.0,2018-04-14,2018-04-15
1928,Joshua,Acevedo,121482,220482,"Pembroke Pines, FL","Broward Table Tennis Club, Inc.",1899,2024-03-31,1812,2019-03-22,ACTIVE,Butterfly February 2018 BTTC Open,1230.0,1160.0,2018-02-10,2018-02-11
1928,Joshua,Acevedo,121482,220482,"Pembroke Pines, FL","Broward Table Tennis Club, Inc.",1899,2024-03-31,1812,2019-03-22,ACTIVE,Robopong December 2017 BTTC Open,1270.0,1230.0,2017-12-15,2017-12-17
1928,Joshua,Acevedo,121482,220482,"Pembroke Pines, FL","Broward Table Tennis Club, Inc.",1899,2024-03-31,1812,2019-03-22,ACTIVE,Robo-Pong November 2017 BTTC Open,0.0,1270.0,2017-11-04,2017-11-05
1933,Fadi,Kaddoura,3553,14826,"New York, NY",New York Indoor Sports Club,1899,2018-03-02,0,,ACTIVE,BTTC September Open,1828.0,1866.0,2010-09-19,
1934,Daniel,Goodwin,2549,40278,"Englewood, FL",Tampa TTC,1899,2024-07-07,1763,2024-06-23,ACTIVE,Butterfly 2023 February BTTC,1966.0,1940.0,2023-02-10,2023-02-12
1934,Daniel,Goodwin,2549,40278,"Englewood, FL",Tampa TTC,1899,2024-07-07,1763,2024-06-23,ACTIVE,Butterfly 2022 BTTC Fall Open Tournament,1958.0,1966.0,2022-09-30,2022-10-02
1950,Ling,Fan,2069,73523,"CHARLOTTE, NC",Charlotte Table Tennis Club,1896,2024-04-20,1979,2024-09-07,ACTIVE,Butterfly 2024 February BTTC Tournament,1726.0,1740.0,2024-02-09,2024-02-11
1975,Steven,Hamilton,2783,88668,"Glendale, CA",,1892,2024-08-04,0,,ACTIVE,Butterfly 2024 February BTTC Tournament,1896.0,1875.0,2024-02-09,2024-02-11
1976,Henry,Monjarrez,119527,218527,"miami, FL","Broward Table Tennis Club, Inc.",1892,2024-08-24,0,,ACTIVE,Butterfly 2018 June BTTC Open Tournament,1934.0,1924.0,2018-06-17,2018-06-17
1976,Henry,Monjarrez,119527,218527,"miami, FL","Broward Table Tennis Club, Inc.",1892,2024-08-24,0,,ACTIVE,Robopong December 2017 BTTC Open,1917.0,1934.0,2017-12-15,2017-12-17
1976,Henry,Monjarrez,119527,218527,"miami, FL","Broward Table Tennis Club, Inc.",1892,2024-08-24,0,,ACTIVE,Robopong September 2017 BTTC Open,1929.0,1917.0,2017-09-02,2017-09-03
1988,DEREK,LUNDIE,112669,211669,"Winter Garden, FL",,1890,2024-03-24,0,,ACTIVE,Robopong June 2016 Marty Prager Memorial BTTC Open,2051.0,2041.0,2016-06-24,2016-06-26
1991,Brian,Yoder,8876,35132,"Portland, OR",Paddle Palace Club,1890,2024-09-08,0,,ACTIVE,2017 BTTC Spring Open,1677.0,1648.0,2017-03-25,2017-03-26
1997,Anubhav,Tandon,118697,217697,"Redmond, WA",Seattle Pacific Table Tennis Club,1889,2024-02-04,1916,2023-03-18,ACTIVE,2017 BTTC Summer Open,0.0,1868.0,2017-06-10,2017-06-11
2001,Gary,Harbeck,2821,6425,"Pembroke Pines, FL",,1888,2022-09-04,0,,ACTIVE,Robo-Pong August 2014 BTTC Open,1981.0,1991.0,2014-08-03,
2001,Gary,Harbeck,2821,6425,"Pembroke Pines, FL",,1888,2022-09-04,0,,ACTIVE,February Broward TT Open,2078.0,2044.0,2009-02-07,
2023,Jason,Leon,130470,229470,Coral Springs,,1885,2024-08-24,0,,ACTIVE,Butterfly 2024 February BTTC Tournament,1592.0,1554.0,2024-02-09,2024-02-11
2023,Jason,Leon,130470,229470,Coral Springs,,1885,2024-08-24,0,,ACTIVE,Butterfly 2021 September BTTC Open,1644.0,1613.0,2021-09-24,2021-09-26
2023,Jason,Leon,130470,229470,Coral Springs,,1885,2024-08-24,0,,ACTIVE,Butterfly 2019 December BTTC Open Tournament,1353.0,1644.0,2019-12-15,2019-12-15
2023,Jason,Leon,130470,229470,Coral Springs,,1885,2024-08-24,0,,ACTIVE,Butterfly 2019 June BTTC Open Tournament,848.0,845.0,2019-06-23,2019-06-23
2023,Jason,Leon,130470,229470,Coral Springs,,1885,2024-08-24,0,,ACTIVE,Butterfly Dec 2018 BTTC Open,818.0,842.0,2018-12-14,2018-12-16
2023,Jason,Leon,130470,229470,Coral Springs,,1885,2024-08-24,0,,ACTIVE,BUTTERFLY OCTOBER 2018 BTTC OPEN,834.0,818.0,2018-10-13,2018-10-13
2023,Jason,Leon,130470,229470,Coral Springs,,1885,2024-08-24,0,,ACTIVE,Butterfly 2018 August BTTC Open Tournament,0.0,834.0,2018-08-11,2018-08-12
2040,Jonathan,Jaffe,171162,1171162,Plantation,,1882,2024-03-31,0,,ACTIVE,Butterfly 2024 February BTTC Tournament,1781.0,1786.0,2024-02-09,2024-02-11
2040,Jonathan,Jaffe,171162,1171162,Plantation,,1882,2024-03-31,0,,ACTIVE,Butterfly January 2022 BTTC Open Tournament,1643.0,1792.0,2022-01-29,2022-01-30
2040,Jonathan,Jaffe,171162,1171162,Plantation,,1882,2024-03-31,0,,ACTIVE,Butterfly 2021 September BTTC Open,1544.0,1643.0,2021-09-24,2021-09-26
2073,Howard,Grossman,2657,6295,"Lake Stevens, WA",Washington Table Tennis Club,1877,2018-04-22,0,,ACTIVE,2018 BTTC Spring Open,1885.0,1877.0,2018-04-21,2018-04-22
2073,Howard,Grossman,2657,6295,"Lake Stevens, WA",Washington Table Tennis Club,1877,2018-04-22,0,,ACTIVE,2017 BTTC Spring Open,1875.0,1885.0,2017-03-25,2017-03-26
2073,Howard,Grossman,2657,6295,"Lake Stevens, WA",Washington Table Tennis Club,1877,2018-04-22,0,,ACTIVE,2015 BTTC Fall Open,1838.0,1875.0,2015-09-20,
2073,Howard,Grossman,2657,6295,"Lake Stevens, WA",Washington Table Tennis Club,1877,2018-04-22,0,,ACTIVE,2015 BTTC Spring Open,1904.0,1835.0,2015-03-22,
2073,Howard,Grossman,2657,6295,"Lake Stevens, WA",Washington Table Tennis Club,1877,2018-04-22,0,,ACTIVE,2014 BTTC Spring Open,1989.0,1904.0,2014-03-30,
2073,Howard,Grossman,2657,6295,"Lake Stevens, WA",Washington Table Tennis Club,1877,2018-04-22,0,,ACTIVE,2013 BTTC Spring Open,1988.0,1990.0,2013-04-28,
2079,Michael,Gopin,2558,70476,"El Paso, TX",El Paso Table Tennis Club,1876,2023-07-07,1363,2004-11-13,ACTIVE,2011 BTTC June Open,1687.0,1627.0,2011-06-12,
2089,Palak,Jain,171533,270533,"Duluth, GA",Atlanta International Table Tennis Academy,1874,2024-08-18,0,,ACTIVE,Butterfly 2022 BTTC Fall Open Tournament,1619.0,1740.0,2022-09-30,2022-10-02
2125,Daniel,Dreano,131757,1131757,"Raleigh, NC",Triangle Badminton & Table Tennis,1869,2024-08-04,0,,ACTIVE,Butterfly 2020 February BTTC Tournament,1699.0,1659.0,2020-02-21,2020-02-23
2136,Chris,Quesada,6315,79039,"Pensacola, FL",Pensacola Table Tennis Club,1867,2024-06-08,0,,ACTIVE,Emerald Coast Spring Open (Hosted by FWBTTC),1676.0,1681.0,2010-04-17,
2140,Chad,Su,7473,86446,"Brier, WA",,1866,2024-04-28,1845,2024-09-07,ACTIVE,2018 BTTC Fall Open,1943.0,1910.0,2018-10-20,2018-10-21
2140,Chad,Su,7473,86446,"Brier, WA",,1866,2024-04-28,1845,2024-09-07,ACTIVE,2018 BTTC Summer Open,1926.0,1915.0,2018-07-21,2018-07-22
2140,Chad,Su,7473,86446,"Brier, WA",,1866,2024-04-28,1845,2024-09-07,ACTIVE,2018 BTTC Spring Open,1905.0,1940.0,2018-04-21,2018-04-22
2140,Chad,Su,7473,86446,"Brier, WA",,1866,2024-04-28,1845,2024-09-07,ACTIVE,2017 BTTC Summer Open,1879.0,1891.0,2017-06-10,2017-06-11
2140,Chad,Su,7473,86446,"Brier, WA",,1866,2024-04-28,1845,2024-09-07,ACTIVE,2017 BTTC Spring Open,1900.0,1859.0,2017-03-25,2017-03-26
2140,Chad,Su,7473,86446,"Brier, WA",,1866,2024-04-28,1845,2024-09-07,ACTIVE,2015 BTTC Fall Open,1816.0,1865.0,2015-09-20,
2140,Chad,Su,7473,86446,"Brier, WA",,1866,2024-04-28,1845,2024-09-07,ACTIVE,2015 BTTC Summer Open,1862.0,1841.0,2015-06-21,
2140,Chad,Su,7473,86446,"Brier, WA",,1866,2024-04-28,1845,2024-09-07,ACTIVE,2015 BTTC Spring Open,1791.0,1831.0,2015-03-22,
2140,Chad,Su,7473,86446,"Brier, WA",,1866,2024-04-28,1845,2024-09-07,ACTIVE,2014 BTTC Fall Open,1788.0,1798.0,2014-10-26,
2140,Chad,Su,7473,86446,"Brier, WA",,1866,2024-04-28,1845,2024-09-07,ACTIVE,2014 BTTC Summer Open,1781.0,1769.0,2014-06-29,
2140,Chad,Su,7473,86446,"Brier, WA",,1866,2024-04-28,1845,2024-09-07,ACTIVE,2014 BTTC Spring Open,1814.0,1818.0,2014-03-30,
2140,Chad,Su,7473,86446,"Brier, WA",,1866,2024-04-28,1845,2024-09-07,ACTIVE,2013 BTTC Spring Open,1777.0,1794.0,2013-04-28,
2168,Nick,Del Russo,171159,1171159,"Pompano Beach, FL","Broward Table Tennis Club, Inc.",1862,2024-07-27,0,,ACTIVE,Butterfly 2023 February BTTC,1926.0,1932.0,2023-02-10,2023-02-12
2168,Nick,Del Russo,171159,1171159,"Pompano Beach, FL","Broward Table Tennis Club, Inc.",1862,2024-07-27,0,,ACTIVE,Butterfly 2022 BTTC Fall Open Tournament,1870.0,2075.0,2022-09-30,2022-10-02
2168,Nick,Del Russo,171159,1171159,"Pompano Beach, FL","Broward Table Tennis Club, Inc.",1862,2024-07-27,0,,ACTIVE,Butterfly January 2022 BTTC Open Tournament,1546.0,1546.0,2022-01-29,2022-01-30
2168,Nick,Del Russo,171159,1171159,"Pompano Beach, FL","Broward Table Tennis Club, Inc.",1862,2024-07-27,0,,ACTIVE,Butterfly 2021 September BTTC Open,1491.0,1576.0,2021-09-24,2021-09-26
2176,Liam,Cannon,121307,220307,"West Greenwich, RI",RHODE ISLAND TTA,1861,2024-08-25,0,,ACTIVE,Butterfly 2024 February BTTC Tournament,1811.0,1747.0,2024-02-09,2024-02-11
2204,Ronald,Delgado,174491,1174491,Miami,,1856,2024-07-21,0,,ACTIVE,Butterfly 2024 February BTTC Tournament,1922.0,1937.0,2024-02-09,2024-02-11
2204,Ronald,Delgado,174491,1174491,Miami,,1856,2024-07-21,0,,ACTIVE,Butterfly 2023 February BTTC,2006.0,1966.0,2023-02-10,2023-02-12
2204,Ronald,Delgado,174491,1174491,Miami,,1856,2024-07-21,0,,ACTIVE,Butterfly 2022 BTTC Fall Open Tournament,1887.0,1926.0,2022-09-30,2022-10-02
2207,Claudinei,Toledo de Camargo,103636,202636,"Miami Beach, FL",PingPod UWS,1856,2024-08-25,1714,2022-05-31,ACTIVE,Butterfly 2023 February BTTC,1838.0,1925.0,2023-02-10,2023-02-12
2207,Claudinei,Toledo de Camargo,103636,202636,"Miami Beach, FL",PingPod UWS,1856,2024-08-25,1714,2022-05-31,ACTIVE,Butterfly January 2022 BTTC Open Tournament,1820.0,1833.0,2022-01-29,2022-01-30
2207,Claudinei,Toledo de Camargo,103636,202636,"Miami Beach, FL",PingPod UWS,1856,2024-08-25,1714,2022-05-31,ACTIVE,Butterfly 2021 September BTTC Open,1824.0,1820.0,2021-09-24,2021-09-26
2207,Claudinei,Toledo de Camargo,103636,202636,"Miami Beach, FL",PingPod UWS,1856,2024-08-25,1714,2022-05-31,ACTIVE,Robopong April 2017 BTTC Open,1835.0,1835.0,2017-04-29,2017-04-30
2207,Claudinei,Toledo de Camargo,103636,202636,"Miami Beach, FL",PingPod UWS,1856,2024-08-25,1714,2022-05-31,ACTIVE,Robopong October 2016 Broward TTC Open,1829.0,1863.0,2016-10-22,2016-10-23
2207,Claudinei,Toledo de Camargo,103636,202636,"Miami Beach, FL",PingPod UWS,1856,2024-08-25,1714,2022-05-31,ACTIVE,Robopong May 2016 Broward TTC Open,1814.0,1833.0,2016-05-07,2016-05-07
2218,Winston,Dowridge,1827,61248,"Jacksonville, FL",,1853,2024-06-16,0,,ACTIVE,BUTTERFLY OCTOBER 2018 BTTC OPEN,2044.0,2033.0,2018-10-13,2018-10-13
2218,Winston,Dowridge,1827,61248,"Jacksonville, FL",,1853,2024-06-16,0,,ACTIVE,Robopong May 2016 Broward TTC Open,2032.0,2027.0,2016-05-07,2016-05-07
2239,David,Helmick,118764,217764,,,1849,2024-07-21,0,,ACTIVE,Butterfly 2023 February BTTC,1834.0,1833.0,2023-02-10,2023-02-12
2239,David,Helmick,118764,217764,,,1849,2024-07-21,0,,ACTIVE,Butterfly 2022 BTTC Fall Open Tournament,1806.0,1823.0,2022-09-30,2022-10-02
2239,David,Helmick,118764,217764,,,1849,2024-07-21,0,,ACTIVE,Butterfly January 2022 BTTC Open Tournament,1969.0,1962.0,2022-01-29,2022-01-30
2239,David,Helmick,118764,217764,,,1849,2024-07-21,0,,ACTIVE,Carmel Barrau 2021 December BTTC Open Tournament,1830.0,1969.0,2021-12-10,2021-12-12
2239,David,Helmick,118764,217764,,,1849,2024-07-21,0,,ACTIVE,Robo-Pong November 2017 BTTC Open,1297.0,1318.0,2017-11-04,2017-11-05
2239,David,Helmick,118764,217764,,,1849,2024-07-21,0,,ACTIVE,Robopong April 2017 BTTC Open,0.0,1096.0,2017-04-29,2017-04-30
2258,Brendan,Ross,164189,1164189,"La Canada, CA",Los Angeles Table Tennis Association,1846,2024-06-02,0,,ACTIVE,Butterfly 2022 BTTC Fall Open Tournament,1889.0,1884.0,2022-09-30,2022-10-02
2263,Ningyuan,Ding,18667,87435,"Walnut Creek, CA",Concord Table Tennis Club,1846,2018-03-02,0,,ACTIVE,Robopong January 2012 BTTC Open,0.0,1846.0,2012-01-08,
2289,Akshay,Khadse,121266,220266,"Phoenix, AZ",,1842,2024-07-28,1866,2024-07-12,ACTIVE,Butterfly Dec 2018 BTTC Open,1585.0,1555.0,2018-12-14,2018-12-16
2289,Akshay,Khadse,121266,220266,"Phoenix, AZ",,1842,2024-07-28,1866,2024-07-12,ACTIVE,Butterfly 2018 August BTTC Open Tournament,1368.0,1396.0,2018-08-11,2018-08-12
2296,Thein,Win,53100,30566,"Coral Springs, FL",,1841,2018-03-02,1764,2004-11-11,ACTIVE,October '09 Broward TT Open,1844.0,1841.0,2009-11-01,
2296,Thein,Win,53100,30566,"Coral Springs, FL",,1841,2018-03-02,1764,2004-11-11,ACTIVE,2008 Broward TTWinter Open,1818.0,1832.0,2008-01-06,
2296,Thein,Win,53100,30566,"Coral Springs, FL",,1841,2018-03-02,1764,2004-11-11,ACTIVE,2007 Summer Broward TT Open,1859.0,1818.0,2007-08-05,
2296,Thein,Win,53100,30566,"Coral Springs, FL",,1841,2018-03-02,1764,2004-11-11,ACTIVE,2007 Winter Broward TT Open,1821.0,1859.0,2007-01-07,
2296,Thein,Win,53100,30566,"Coral Springs, FL",,1841,2018-03-02,1764,2004-11-11,ACTIVE,Summer 2006 Broward TT Open,1824.0,1821.0,2006-07-31,
2296,Thein,Win,53100,30566,"Coral Springs, FL",,1841,2018-03-02,1764,2004-11-11,ACTIVE,2005 Winter Broward TT Open,1700.0,1794.0,2005-01-09,
2296,Thein,Win,53100,30566,"Coral Springs, FL",,1841,2018-03-02,1764,2004-11-11,ACTIVE,2004 Inaugural Spring Broward ,1636.0,1670.0,2004-05-23,
2299,Chenguang,Zhu,56025,91100,"Menlo Park, CA",Seattle Pacific Table Tennis Club,1841,2024-06-22,1832,2024-06-18,ACTIVE,2018 BTTC Fall Open,1923.0,1908.0,2018-10-20,2018-10-21
2299,Chenguang,Zhu,56025,91100,"Menlo Park, CA",Seattle Pacific Table Tennis Club,1841,2024-06-22,1832,2024-06-18,ACTIVE,2018 BTTC Summer Open,1862.0,1861.0,2018-07-21,2018-07-22
2299,Chenguang,Zhu,56025,91100,"Menlo Park, CA",Seattle Pacific Table Tennis Club,1841,2024-06-22,1832,2024-06-18,ACTIVE,Butterfly April 2018 BTTC Open,1914.0,2053.0,2018-04-14,2018-04-15
2299,Chenguang,Zhu,56025,91100,"Menlo Park, CA",Seattle Pacific Table Tennis Club,1841,2024-06-22,1832,2024-06-18,ACTIVE,2017 BTTC Summer Open,1866.0,1889.0,2017-06-10,2017-06-11
2299,Chenguang,Zhu,56025,91100,"Menlo Park, CA",Seattle Pacific Table Tennis Club,1841,2024-06-22,1832,2024-06-18,ACTIVE,2017 BTTC Spring Open,1832.0,1873.0,2017-03-25,2017-03-26
2308,Norman,Axelman,171506,1171506,North Miami Beach,,1840,2024-03-31,0,,ACTIVE,Butterfly 2023 February BTTC,1893.0,1859.0,2023-02-10,2023-02-12
2308,Norman,Axelman,171506,1171506,North Miami Beach,,1840,2024-03-31,0,,ACTIVE,Butterfly 2022 BTTC Fall Open Tournament,1629.0,1672.0,2022-09-30,2022-10-02
2308,Norman,Axelman,171506,1171506,North Miami Beach,,1840,2024-03-31,0,,ACTIVE,Carmel Barrau 2021 December BTTC Open Tournament,1579.0,1587.0,2021-12-10,2021-12-12
2327,Rinat,Gymaltdinov,176133,1176133,,,1837,2024-05-20,0,,ACTIVE,Butterfly 2024 February BTTC Tournament,1881.0,1878.0,2024-02-09,2024-02-11
2344,Brian,Jortner,27882,33384,"Gardiner, ME",,1834,2024-08-11,1878,2024-03-28,ACTIVE,2015 BTTC Spring Open,1068.0,1068.0,2015-03-22,
2375,Gilbert,Baguinon,10959,80536,"Navarre, FL",,1830,2024-06-08,0,,ACTIVE,Emerald Coast Spring Open (Hosted by FWBTTC),1483.0,1486.0,2010-04-17,
2394,Parth,Patel,121461,220461,"Cumming, GA",Wu Yue Table Tennis,1826,2024-08-18,0,,ACTIVE,Butterfly 2024 February BTTC Tournament,1748.0,1759.0,2024-02-09,2024-02-11
2394,Parth,Patel,121461,220461,"Cumming, GA",Wu Yue Table Tennis,1826,2024-08-18,0,,ACTIVE,Butterfly 2022 BTTC Fall Open Tournament,1666.0,1808.0,2022-09-30,2022-10-02
2395,Steven,Eliass,163968,262968,"Oviedo, FL",Central Florida Table Tennis,1826,2024-06-08,0,,ACTIVE,Butterfly 2024 February BTTC Tournament,1912.0,1895.0,2024-02-09,2024-02-11
2395,Steven,Eliass,163968,262968,"Oviedo, FL",Central Florida Table Tennis,1826,2024-06-08,0,,ACTIVE,Butterfly 2023 February BTTC,1910.0,1951.0,2023-02-10,2023-02-12
2395,Steven,Eliass,163968,262968,"Oviedo, FL",Central Florida Table Tennis,1826,2024-06-08,0,,ACTIVE,Butterfly January 2022 BTTC Open Tournament,1874.0,1845.0,2022-01-29,2022-01-30
2395,Steven,Eliass,163968,262968,"Oviedo, FL",Central Florida Table Tennis,1826,2024-06-08,0,,ACTIVE,Carmel Barrau 2021 December BTTC Open Tournament,1848.0,1956.0,2021-12-10,2021-12-12
2395,Steven,Eliass,163968,262968,"Oviedo, FL",Central Florida Table Tennis,1826,2024-06-08,0,,ACTIVE,Butterfly 2021 September BTTC Open,1569.0,1623.0,2021-09-24,2021-09-26
2403,Mingrui,Wu,177150,276150,"Bellevue, WA",,1825,2023-03-05,1953,2023-12-02,ACTIVE,2014 BTTC Spring Open,1531.0,1740.0,2014-03-30,
2406,Scott,Colwell,124366,223366,"Merritt Island, FL",Vero Beach Table Tennis LLC,1824,2021-12-12,0,,ACTIVE,Carmel Barrau 2021 December BTTC Open Tournament,1849.0,1824.0,2021-12-10,2021-12-12
2406,Scott,Colwell,124366,223366,"Merritt Island, FL",Vero Beach Table Tennis LLC,1824,2021-12-12,0,,ACTIVE,Butterfly 2021 September BTTC Open,1842.0,1849.0,2021-09-24,2021-09-26
2406,Scott,Colwell,124366,223366,"Merritt Island, FL",Vero Beach Table Tennis LLC,1824,2021-12-12,0,,ACTIVE,Butterfly 2019 December BTTC Open Tournament,1787.0,1823.0,2019-12-15,2019-12-15
2406,Scott,Colwell,124366,223366,"Merritt Island, FL",Vero Beach Table Tennis LLC,1824,2021-12-12,0,,ACTIVE,Butterfly 2019 June BTTC Open Tournament,1744.0,1787.0,2019-06-23,2019-06-23
2406,Scott,Colwell,124366,223366,"Merritt Island, FL",Vero Beach Table Tennis LLC,1824,2021-12-12,0,,ACTIVE,BUTTERFLY APRIL 2019 BTTC OPEN,1653.0,1705.0,2019-04-12,2019-04-14
2406,Scott,Colwell,124366,223366,"Merritt Island, FL",Vero Beach Table Tennis LLC,1824,2021-12-12,0,,ACTIVE,Butterfly February 2019 BTTC Open,1657.0,1653.0,2019-02-15,2019-02-15
2422,Wes,Wolfe,8532,11212,"Anacortes, WA",Bellevue Table Tennis Club,1821,2018-03-02,0,,ACTIVE,2014 BTTC Fall Open,1821.0,1821.0,2014-10-26,
2422,Wes,Wolfe,8532,11212,"Anacortes, WA",Bellevue Table Tennis Club,1821,2018-03-02,0,,ACTIVE,2014 BTTC Spring Open,1821.0,1821.0,2014-03-30,
2422,Wes,Wolfe,8532,11212,"Anacortes, WA",Bellevue Table Tennis Club,1821,2018-03-02,0,,ACTIVE,2013 BTTC Spring Open,1824.0,1821.0,2013-04-28,
2444,Jung Ho,Park,112647,211647,"FRISCO, TX",,1818,2024-07-07,0,,ACTIVE,Butterfly 2024 February BTTC Tournament,1700.0,1667.0,2024-02-09,2024-02-11
2448,Yanzhao,Wu,168425,267425,"Sunnyvale, CA",,1818,2024-02-11,0,,ACTIVE,Butterfly 2024 February BTTC Tournament,0.0,1818.0,2024-02-09,2024-02-11
2456,Reagan,Melad,35858,90319,"Downers Grove, FL",,1816,2023-10-08,0,,ACTIVE,Butterfly 2019 October BTTC Tournament,1858.0,1850.0,2019-10-11,2019-10-13
2456,Reagan,Melad,35858,90319,"Downers Grove, FL",,1816,2023-10-08,0,,ACTIVE,BUTTERFLY APRIL 2019 BTTC OPEN,1822.0,1858.0,2019-04-12,2019-04-14
2456,Reagan,Melad,35858,90319,"Downers Grove, FL",,1816,2023-10-08,0,,ACTIVE,Butterfly February 2019 BTTC Open,1857.0,1822.0,2019-02-15,2019-02-15
2456,Reagan,Melad,35858,90319,"Downers Grove, FL",,1816,2023-10-08,0,,ACTIVE,Butterfly Dec 2018 BTTC Open,1869.0,1857.0,2018-12-14,2018-12-16
2456,Reagan,Melad,35858,90319,"Downers Grove, FL",,1816,2023-10-08,0,,ACTIVE,Robo-Pong October 2014 BTTC Open,1776.0,1869.0,2014-10-19,
2456,Reagan,Melad,35858,90319,"Downers Grove, FL",,1816,2023-10-08,0,,ACTIVE,Robo-Pong September 2014 BTTC Open,1752.0,1776.0,2014-09-14,
2456,Reagan,Melad,35858,90319,"Downers Grove, FL",,1816,2023-10-08,0,,ACTIVE,Robo-Pong August 2014 BTTC Open,1756.0,1752.0,2014-08-03,
2456,Reagan,Melad,35858,90319,"Downers Grove, FL",,1816,2023-10-08,0,,ACTIVE,Robo-Pong May 2014 BTTC Open,1751.0,1740.0,2014-05-18,
2456,Reagan,Melad,35858,90319,"Downers Grove, FL",,1816,2023-10-08,0,,ACTIVE,Robo-Pong April 2014 BTTC Open,1707.0,1751.0,2014-04-13,
2456,Reagan,Melad,35858,90319,"Downers Grove, FL",,1816,2023-10-08,0,,ACTIVE,Robo-Pong March 2014 BTTC Open,1773.0,1707.0,2014-03-02,
2474,Aswin,Kumar,104011,203011,"Katy, TX",Houston International Table Tennis Academy (HITTA),1814,2024-05-12,1953,2024-08-03,ACTIVE,Butterfly February 2019 BTTC Open,1874.0,1830.0,2019-02-15,2019-02-15
2474,Aswin,Kumar,104011,203011,"Katy, TX",Houston International Table Tennis Academy (HITTA),1814,2024-05-12,1953,2024-08-03,ACTIVE,Butterfly 2018 June BTTC Open Tournament,1912.0,1886.0,2018-06-17,2018-06-17
2474,Aswin,Kumar,104011,203011,"Katy, TX",Houston International Table Tennis Academy (HITTA),1814,2024-05-12,1953,2024-08-03,ACTIVE,Robo-Pong November 2017 BTTC Open,1798.0,1751.0,2017-11-04,2017-11-05
2474,Aswin,Kumar,104011,203011,"Katy, TX",Houston International Table Tennis Academy (HITTA),1814,2024-05-12,1953,2024-08-03,ACTIVE,Robopong September 2017 BTTC Open,1813.0,1825.0,2017-09-02,2017-09-03
2482,Neave,Joy,170440,269440,"Liberty Hill, TX",Lonestar Table Tennis Academy,1814,2024-07-27,1793,2024-05-08,ACTIVE,Butterfly 2024 February BTTC Tournament,1754.0,1836.0,2024-02-09,2024-02-11
2497,Jorge,Vanegas Sanchez,8057,24999,"Chicago, IL",Net and Paddle Club,1812,2024-06-02,1912,2019-08-24,ACTIVE,Butterfly 2019 October BTTC Tournament,1839.0,1954.0,2019-10-11,2019-10-13
2514,Larry,Bavly,481,47761,"Brookline, MA",Massachusetts Table Tennis and Badminton Club,1810,2024-08-04,1884,2024-07-20,ACTIVE,February '10 Broward TTO,2065.0,2069.0,2010-02-14,
2528,Kiara,Tafur,173885,1173885,"Hollywood, FL",,1807,2024-04-14,0,,ACTIVE,Butterfly 2024 February BTTC Tournament,1672.0,1923.0,2024-02-09,2024-02-11
2528,Kiara,Tafur,173885,1173885,"Hollywood, FL",,1807,2024-04-14,0,,ACTIVE,Butterfly 2023 February BTTC,1471.0,1672.0,2023-02-10,2023-02-12
2528,Kiara,Tafur,173885,1173885,"Hollywood, FL",,1807,2024-04-14,0,,ACTIVE,Butterfly January 2022 BTTC Open Tournament,0.0,1471.0,2022-01-29,2022-01-30
2536,Dat,Nguyen,38217,76313,"Austin, IL",,1806,2024-03-16,1912,2023-11-01,ACTIVE,Robopong December 2017 BTTC Open,1941.0,2001.0,2017-12-15,2017-12-17
2571,Ricardo,Hall,2766,91065,JAM,,1802,2024-08-25,0,,ACTIVE,Butterfly 2018 June BTTC Open Tournament,1687.0,1782.0,2018-06-17,2018-06-17
2571,Ricardo,Hall,2766,91065,JAM,,1802,2024-08-25,0,,ACTIVE,Robopong December 2017 BTTC Open,1624.0,1687.0,2017-12-15,2017-12-17
2592,Mei,Wang,51947,27170,"Redmond, WA",Bellevue Table Tennis Club,1800,2023-10-12,0,,ACTIVE,2018 BTTC Summer Open,1772.0,1773.0,2018-07-21,2018-07-22
2601,Mihai,Echim,19555,97709,"WINDERMERE, FL",,1798,2023-09-29,0,,ACTIVE,2015 BTTC Fall Open,0.0,1596.0,2015-09-20,
2606,Israel,Espinoza,167776,1167776,,,1797,2023-12-17,0,,ACTIVE,Butterfly 2022 BTTC Fall Open Tournament,1810.0,1803.0,2022-09-30,2022-10-02
2606,Israel,Espinoza,167776,1167776,,,1797,2023-12-17,0,,ACTIVE,Butterfly 2019 October BTTC Tournament,0.0,1810.0,2019-10-11,2019-10-13
2610,William,Lee,4296,83390,"Orlando, FL",Central Florida Table Tennis,1797,2023-06-18,0,,ACTIVE,Robopong February 2012 Broward Table Tennis Open,1699.0,1701.0,2012-02-12,
2631,Michael,Goedde,2478,32601,"Damascus, MD",,1794,2023-06-18,1872,2005-06-20,ACTIVE,2007 Winter Broward TT Open,1860.0,1888.0,2007-01-07,
2631,Michael,Goedde,2478,32601,"Damascus, MD",,1794,2023-06-18,1872,2005-06-20,ACTIVE,Summer 2006 Broward TT Open,1835.0,1860.0,2006-07-31,
2631,Michael,Goedde,2478,32601,"Damascus, MD",,1794,2023-06-18,1872,2005-06-20,ACTIVE,2006 Winter Broward Open,1888.0,1835.0,2006-01-08,
2639,Felix,Santana,172108,1172108,Santiago,,1793,2024-05-20,0,,ACTIVE,Carmel Barrau 2021 December BTTC Open Tournament,1667.0,1718.0,2021-12-10,2021-12-12
2657,Paul,Ameris,179,34144,"Miami, FL","Broward Table Tennis Club, Inc.",1791,2024-02-11,0,,ACTIVE,Butterfly 2024 February BTTC Tournament,1801.0,1791.0,2024-02-09,2024-02-11
2657,Paul,Ameris,179,34144,"Miami, FL","Broward Table Tennis Club, Inc.",1791,2024-02-11,0,,ACTIVE,Butterfly 2023 February BTTC,1790.0,1847.0,2023-02-10,2023-02-12
2657,Paul,Ameris,179,34144,"Miami, FL","Broward Table Tennis Club, Inc.",1791,2024-02-11,0,,ACTIVE,Carmel Barrau 2021 December BTTC Open Tournament,1867.0,1814.0,2021-12-10,2021-12-12
2657,Paul,Ameris,179,34144,"Miami, FL","Broward Table Tennis Club, Inc.",1791,2024-02-11,0,,ACTIVE,Robo-Pong August 2014 BTTC Open,1624.0,1702.0,2014-08-03,
2657,Paul,Ameris,179,34144,"Miami, FL","Broward Table Tennis Club, Inc.",1791,2024-02-11,0,,ACTIVE,Robo-Pong April 2014 BTTC Open,1550.0,1546.0,2014-04-13,
2657,Paul,Ameris,179,34144,"Miami, FL","Broward Table Tennis Club, Inc.",1791,2024-02-11,0,,ACTIVE,Robopong December 2013 BTTC Open,1561.0,1617.0,2013-12-08,
2657,Paul,Ameris,179,34144,"Miami, FL","Broward Table Tennis Club, Inc.",1791,2024-02-11,0,,ACTIVE,Robopong April 2013 BTTC Open,1454.0,1524.0,2013-04-28,
2657,Paul,Ameris,179,34144,"Miami, FL","Broward Table Tennis Club, Inc.",1791,2024-02-11,0,,ACTIVE,2005 Summer Broward TT Open,0.0,1034.0,2005-08-14,
2732,Joel,Christo,16182,11976,"Yonkers, NY",,1779,2024-07-14,1531,2005-02-20,ACTIVE,Summer 2006 Broward TT Open,1620.0,1644.0,2006-07-31,
2732,Joel,Christo,16182,11976,"Yonkers, NY",,1779,2024-07-14,1531,2005-02-20,ACTIVE,2006 Winter Broward Open,1574.0,1607.0,2006-01-08,
2732,Joel,Christo,16182,11976,"Yonkers, NY",,1779,2024-07-14,1531,2005-02-20,ACTIVE,2005 Summer Broward TT Open,1603.0,1574.0,2005-08-14,
2735,Qi,Guo,2703,80876,"Edison, NJ",New Jersey Table Tennis Club,1779,2022-06-05,1858,2022-10-11,ACTIVE,2011 BTTC April Open,1907.0,1913.0,2011-04-24,
2735,Qi,Guo,2703,80876,"Edison, NJ",New Jersey Table Tennis Club,1779,2022-06-05,1858,2022-10-11,ACTIVE,BTTC January Open,1823.0,1839.0,2011-01-30,
2735,Qi,Guo,2703,80876,"Edison, NJ",New Jersey Table Tennis Club,1779,2022-06-05,1858,2022-10-11,ACTIVE,BTTC December Open,1780.0,1780.0,2010-12-26,
2735,Qi,Guo,2703,80876,"Edison, NJ",New Jersey Table Tennis Club,1779,2022-06-05,1858,2022-10-11,ACTIVE,BTTC August Open,1749.0,1733.0,2010-08-22,
2735,Qi,Guo,2703,80876,"Edison, NJ",New Jersey Table Tennis Club,1779,2022-06-05,1858,2022-10-11,ACTIVE,2010 BTTC Open,1826.0,1812.0,2010-06-06,
2739,Carlos,Santana,44319,93374,"Granada Hills, CA",Westside Table Tennis Center,1778,2024-07-20,1702,2020-01-28,ACTIVE,2014 BTTC Spring Open,0.0,1685.0,2014-03-30,
2741,Thomas,Migliaccio,5234,24076,"Saratoga Springs, NY",All Plus Table Tennis,1778,2024-08-25,1858,2024-07-08,ACTIVE,Butterfly 2019 October BTTC Tournament,1807.0,1805.0,2019-10-11,2019-10-13
2741,Thomas,Migliaccio,5234,24076,"Saratoga Springs, NY",All Plus Table Tennis,1778,2024-08-25,1858,2024-07-08,ACTIVE,Butterfly February 2019 BTTC Open,1832.0,1803.0,2019-02-15,2019-02-15
2741,Thomas,Migliaccio,5234,24076,"Saratoga Springs, NY",All Plus Table Tennis,1778,2024-08-25,1858,2024-07-08,ACTIVE,Butterfly 2018 August BTTC Open Tournament,1859.0,1893.0,2018-08-11,2018-08-12
2741,Thomas,Migliaccio,5234,24076,"Saratoga Springs, NY",All Plus Table Tennis,1778,2024-08-25,1858,2024-07-08,ACTIVE,Butterfly 2018 June BTTC Open Tournament,1847.0,1859.0,2018-06-17,2018-06-17
2741,Thomas,Migliaccio,5234,24076,"Saratoga Springs, NY",All Plus Table Tennis,1778,2024-08-25,1858,2024-07-08,ACTIVE,Butterfly April 2018 BTTC Open,1829.0,1847.0,2018-04-14,2018-04-15
2741,Thomas,Migliaccio,5234,24076,"Saratoga Springs, NY",All Plus Table Tennis,1778,2024-08-25,1858,2024-07-08,ACTIVE,Butterfly February 2018 BTTC Open,1877.0,1854.0,2018-02-10,2018-02-11
2741,Thomas,Migliaccio,5234,24076,"Saratoga Springs, NY",All Plus Table Tennis,1778,2024-08-25,1858,2024-07-08,ACTIVE,Robopong December 2017 BTTC Open,1889.0,1877.0,2017-12-15,2017-12-17
2741,Thomas,Migliaccio,5234,24076,"Saratoga Springs, NY",All Plus Table Tennis,1778,2024-08-25,1858,2024-07-08,ACTIVE,Robo-Pong November 2017 BTTC Open,1890.0,1889.0,2017-11-04,2017-11-05
2741,Thomas,Migliaccio,5234,24076,"Saratoga Springs, NY",All Plus Table Tennis,1778,2024-08-25,1858,2024-07-08,ACTIVE,Robopong September 2017 BTTC Open,1912.0,1890.0,2017-09-02,2017-09-03
2741,Thomas,Migliaccio,5234,24076,"Saratoga Springs, NY",All Plus Table Tennis,1778,2024-08-25,1858,2024-07-08,ACTIVE,Robopong February 2017 BTTC Team Tournament,1917.0,1933.0,2017-02-11,2017-02-12
2741,Thomas,Migliaccio,5234,24076,"Saratoga Springs, NY",All Plus Table Tennis,1778,2024-08-25,1858,2024-07-08,ACTIVE,Robopong October 2016 Broward TTC Open,1897.0,1917.0,2016-10-22,2016-10-23
2741,Thomas,Migliaccio,5234,24076,"Saratoga Springs, NY",All Plus Table Tennis,1778,2024-08-25,1858,2024-07-08,ACTIVE,Robopong June 2016 Marty Prager Memorial BTTC Open,1917.0,1880.0,2016-06-24,2016-06-26
2757,Dan,Veksler,50974,91183,"Vernon Hills, IL",,1775,2024-07-21,0,,ACTIVE,Butterfly 2024 February BTTC Tournament,1761.0,1764.0,2024-02-09,2024-02-11
2772,Alexander,Zelener,8982,34173,"Sun Valley, CA",Allen and Sons Table Tennis Club,1773,2023-11-19,1772,2014-01-04,ACTIVE,April 09 Broward TT Open,1623.0,1648.0,2009-04-05,
2789,Umar,Mbow,182772,281772,"Bothell, WA",Seattle Pacific Table Tennis Club,1771,2018-03-02,0,,ACTIVE,2017 BTTC Spring Open,1767.0,1762.0,2017-03-25,2017-03-26
2789,Umar,Mbow,182772,281772,"Bothell, WA",Seattle Pacific Table Tennis Club,1771,2018-03-02,0,,ACTIVE,2015 BTTC Fall Open,1876.0,1824.0,2015-09-20,
2789,Umar,Mbow,182772,281772,"Bothell, WA",Seattle Pacific Table Tennis Club,1771,2018-03-02,0,,ACTIVE,2015 BTTC Spring Open,1792.0,1865.0,2015-03-22,
2789,Umar,Mbow,182772,281772,"Bothell, WA",Seattle Pacific Table Tennis Club,1771,2018-03-02,0,,ACTIVE,2014 BTTC Fall Open,1850.0,1822.0,2014-10-26,
2789,Umar,Mbow,182772,281772,"Bothell, WA",Seattle Pacific Table Tennis Club,1771,2018-03-02,0,,ACTIVE,2014 BTTC Spring Open,1742.0,1900.0,2014-03-30,
2789,Umar,Mbow,182772,281772,"Bothell, WA",Seattle Pacific Table Tennis Club,1771,2018-03-02,0,,ACTIVE,2013 BTTC Spring Open,1728.0,1773.0,2013-04-28,
2802,Essam,Khalil,121071,220071,"Oviedo, FL",Central Florida Table Tennis,1769,2023-11-12,0,,ACTIVE,Butterfly 2021 September BTTC Open,1685.0,1632.0,2021-09-24,2021-09-26
2802,Essam,Khalil,121071,220071,"Oviedo, FL",Central Florida Table Tennis,1769,2023-11-12,0,,ACTIVE,Butterfly 2020 February BTTC Tournament,1684.0,1677.0,2020-02-21,2020-02-23
2802,Essam,Khalil,121071,220071,"Oviedo, FL",Central Florida Table Tennis,1769,2023-11-12,0,,ACTIVE,BUTTERFLY APRIL 2019 BTTC OPEN,1550.0,1591.0,2019-04-12,2019-04-14
2802,Essam,Khalil,121071,220071,"Oviedo, FL",Central Florida Table Tennis,1769,2023-11-12,0,,ACTIVE,Butterfly February 2019 BTTC Open,1529.0,1562.0,2019-02-15,2019-02-15
2807,William,Reyes,103637,202637,"Miami, FL",305 TTC - Table Tennis Club LLC,1768,2024-06-22,1927,2023-10-13,ACTIVE,Butterfly 2020 February BTTC Tournament,1806.0,1831.0,2020-02-21,2020-02-23
2807,William,Reyes,103637,202637,"Miami, FL",305 TTC - Table Tennis Club LLC,1768,2024-06-22,1927,2023-10-13,ACTIVE,Butterfly 2019 October BTTC Tournament,1811.0,1806.0,2019-10-11,2019-10-13
2807,William,Reyes,103637,202637,"Miami, FL",305 TTC - Table Tennis Club LLC,1768,2024-06-22,1927,2023-10-13,ACTIVE,Butterfly February 2019 BTTC Open,1823.0,1811.0,2019-02-15,2019-02-15
2807,William,Reyes,103637,202637,"Miami, FL",305 TTC - Table Tennis Club LLC,1768,2024-06-22,1927,2023-10-13,ACTIVE,Butterfly Dec 2018 BTTC Open,1795.0,1823.0,2018-12-14,2018-12-16
2807,William,Reyes,103637,202637,"Miami, FL",305 TTC - Table Tennis Club LLC,1768,2024-06-22,1927,2023-10-13,ACTIVE,BUTTERFLY OCTOBER 2018 BTTC OPEN,1777.0,1795.0,2018-10-13,2018-10-13
2807,William,Reyes,103637,202637,"Miami, FL",305 TTC - Table Tennis Club LLC,1768,2024-06-22,1927,2023-10-13,ACTIVE,Butterfly 2018 June BTTC Open Tournament,1762.0,1777.0,2018-06-17,2018-06-17
2807,William,Reyes,103637,202637,"Miami, FL",305 TTC - Table Tennis Club LLC,1768,2024-06-22,1927,2023-10-13,ACTIVE,Butterfly April 2018 BTTC Open,1759.0,1762.0,2018-04-14,2018-04-15
2807,William,Reyes,103637,202637,"Miami, FL",305 TTC - Table Tennis Club LLC,1768,2024-06-22,1927,2023-10-13,ACTIVE,Butterfly February 2018 BTTC Open,1773.0,1759.0,2018-02-10,2018-02-11
2807,William,Reyes,103637,202637,"Miami, FL",305 TTC - Table Tennis Club LLC,1768,2024-06-22,1927,2023-10-13,ACTIVE,Robopong December 2017 BTTC Open,1794.0,1773.0,2017-12-15,2017-12-17
2807,William,Reyes,103637,202637,"Miami, FL",305 TTC - Table Tennis Club LLC,1768,2024-06-22,1927,2023-10-13,ACTIVE,Robo-Pong November 2017 BTTC Open,1763.0,1794.0,2017-11-04,2017-11-05
2807,William,Reyes,103637,202637,"Miami, FL",305 TTC - Table Tennis Club LLC,1768,2024-06-22,1927,2023-10-13,ACTIVE,Robopong June 2016 Marty Prager Memorial BTTC Open,1826.0,1768.0,2016-06-24,2016-06-26
2807,William,Reyes,103637,202637,"Miami, FL",305 TTC - Table Tennis Club LLC,1768,2024-06-22,1927,2023-10-13,ACTIVE,Robopong May 2016 Broward TTC Open,1809.0,1826.0,2016-05-07,2016-05-07
2839,Carlos,Bonilla,174912,1174912,Bayamon,,1763,2024-07-21,0,,ACTIVE,Butterfly 2022 BTTC Fall Open Tournament,1676.0,1685.0,2022-09-30,2022-10-02
2846,Raymond,Lock,4689,51224,"Seattle, WA",Bellevue Table Tennis Club,1762,2023-10-22,1779,2023-11-10,ACTIVE,2018 BTTC Fall Open,1874.0,1830.0,2018-10-20,2018-10-21
2846,Raymond,Lock,4689,51224,"Seattle, WA",Bellevue Table Tennis Club,1762,2023-10-22,1779,2023-11-10,ACTIVE,2015 BTTC Spring Open,1892.0,1892.0,2015-03-22,
2846,Raymond,Lock,4689,51224,"Seattle, WA",Bellevue Table Tennis Club,1762,2023-10-22,1779,2023-11-10,ACTIVE,2014 BTTC Summer Open,1882.0,1882.0,2014-06-29,
2846,Raymond,Lock,4689,51224,"Seattle, WA",Bellevue Table Tennis Club,1762,2023-10-22,1779,2023-11-10,ACTIVE,2014 BTTC Spring Open,1869.0,1882.0,2014-03-30,
2896,Arturo,Redlich,42457,21119,"Miami, FL",305 TTC - Table Tennis Club LLC,1756,2024-07-21,1852,2023-10-13,ACTIVE,2007 Winter Broward TT Open,1791.0,1754.0,2007-01-07,
2896,Arturo,Redlich,42457,21119,"Miami, FL",305 TTC - Table Tennis Club LLC,1756,2024-07-21,1852,2023-10-13,ACTIVE,Summer 2006 Broward TT Open,1766.0,1791.0,2006-07-31,
2896,Arturo,Redlich,42457,21119,"Miami, FL",305 TTC - Table Tennis Club LLC,1756,2024-07-21,1852,2023-10-13,ACTIVE,2006 Winter Broward Open,1732.0,1763.0,2006-01-08,
2896,Arturo,Redlich,42457,21119,"Miami, FL",305 TTC - Table Tennis Club LLC,1756,2024-07-21,1852,2023-10-13,ACTIVE,2005 Winter Broward TT Open,1664.0,1611.0,2005-01-09,
2896,Arturo,Redlich,42457,21119,"Miami, FL",305 TTC - Table Tennis Club LLC,1756,2024-07-21,1852,2023-10-13,ACTIVE,2004 Inaugural Spring Broward ,1625.0,1639.0,2004-05-23,
2904,Max,Kaye,125209,224209,Palm Beach,,1754,2019-08-25,0,,ACTIVE,Butterfly 2019 June BTTC Open Tournament,1579.0,1560.0,2019-06-23,2019-06-23
2904,Max,Kaye,125209,224209,Palm Beach,,1754,2019-08-25,0,,ACTIVE,BUTTERFLY APRIL 2019 BTTC OPEN,1561.0,1579.0,2019-04-12,2019-04-14
2904,Max,Kaye,125209,224209,Palm Beach,,1754,2019-08-25,0,,ACTIVE,Butterfly February 2019 BTTC Open,1553.0,1512.0,2019-02-15,2019-02-15
2904,Max,Kaye,125209,224209,Palm Beach,,1754,2019-08-25,0,,ACTIVE,BUTTERFLY OCTOBER 2018 BTTC OPEN,1612.0,1553.0,2018-10-13,2018-10-13
2904,Max,Kaye,125209,224209,Palm Beach,,1754,2019-08-25,0,,ACTIVE,Butterfly 2018 August BTTC Open Tournament,0.0,1612.0,2018-08-11,2018-08-12
2937,Wendell,Newton,5586,51908,"Melbourne, FL",,1749,2018-03-02,1594,2006-01-22,ACTIVE,2005 Winter Broward TT Open,1750.0,1750.0,2005-01-09,
2937,Wendell,Newton,5586,51908,"Melbourne, FL",,1749,2018-03-02,1594,2006-01-22,ACTIVE,2004 Inaugural Spring Broward ,1767.0,1758.0,2004-05-23,
2954,Raul,Azorin,183578,1183578,Doral,,1745,2024-02-11,0,,ACTIVE,Butterfly 2024 February BTTC Tournament,0.0,1745.0,2024-02-09,2024-02-11
2965,Vasily,Avram,317,69750,"Watertown, MA",,1743,2023-12-17,1990,2023-10-20,ACTIVE,Carmel Barrau 2021 December BTTC Open Tournament,1905.0,1927.0,2021-12-10,2021-12-12
2968,Javier,Tobalina,7819,96148,"Miami, FL",305 TTC - Table Tennis Club LLC,1743,2024-06-22,1890,2023-10-13,ACTIVE,Butterfly 2022 BTTC Fall Open Tournament,1772.0,1763.0,2022-09-30,2022-10-02
2968,Javier,Tobalina,7819,96148,"Miami, FL",305 TTC - Table Tennis Club LLC,1743,2024-06-22,1890,2023-10-13,ACTIVE,Robopong April 2017 BTTC Open,1777.0,1772.0,2017-04-29,2017-04-30
2968,Javier,Tobalina,7819,96148,"Miami, FL",305 TTC - Table Tennis Club LLC,1743,2024-06-22,1890,2023-10-13,ACTIVE,Robopong October 2016 Broward TTC Open,1772.0,1763.0,2016-10-22,2016-10-23
2968,Javier,Tobalina,7819,96148,"Miami, FL",305 TTC - Table Tennis Club LLC,1743,2024-06-22,1890,2023-10-13,ACTIVE,Robopong June 2016 Marty Prager Memorial BTTC Open,1719.0,1731.0,2016-06-24,2016-06-26
2968,Javier,Tobalina,7819,96148,"Miami, FL",305 TTC - Table Tennis Club LLC,1743,2024-06-22,1890,2023-10-13,ACTIVE,Robopong May 2016 Broward TTC Open,1726.0,1717.0,2016-05-07,2016-05-07
2968,Javier,Tobalina,7819,96148,"Miami, FL",305 TTC - Table Tennis Club LLC,1743,2024-06-22,1890,2023-10-13,ACTIVE,Robopong January 2016 Broward Table Tennis Club Open,1632.0,1625.0,2016-01-16,2016-01-17
2968,Javier,Tobalina,7819,96148,"Miami, FL",305 TTC - Table Tennis Club LLC,1743,2024-06-22,1890,2023-10-13,ACTIVE,Robo Pong October 2015 BTTC Open,1530.0,1634.0,2015-11-01,
2968,Javier,Tobalina,7819,96148,"Miami, FL",305 TTC - Table Tennis Club LLC,1743,2024-06-22,1890,2023-10-13,ACTIVE,Robo Pong September 2015 BTTC Open,1476.0,1535.0,2015-09-06,
2968,Javier,Tobalina,7819,96148,"Miami, FL",305 TTC - Table Tennis Club LLC,1743,2024-06-22,1890,2023-10-13,ACTIVE,Robo Pong April 2015 BTTC Open,0.0,1437.0,2015-04-18,
2970,Ahmed,Soliman,113052,212052,"Hamilton, NJ",,1743,2024-08-11,1888,2024-06-21,ACTIVE,Butterfly 2024 February BTTC Tournament,1715.0,1725.0,2024-02-09,2024-02-11
2987,Zachary,John,3473,96976,"Estero, FL",Naples Table Tennis,1741,2024-08-24,0,,ACTIVE,Butterfly January 2022 BTTC Open Tournament,1680.0,1734.0,2022-01-29,2022-01-30
2987,Zachary,John,3473,96976,"Estero, FL",Naples Table Tennis,1741,2024-08-24,0,,ACTIVE,Butterfly 2021 September BTTC Open,1657.0,1653.0,2021-09-24,2021-09-26
2995,Guclu,Toker,119980,218980,"Bellevue, WA",,1740,2021-04-25,1816,2024-04-06,ACTIVE,2018 BTTC Spring Open,1778.0,1775.0,2018-04-21,2018-04-22
3000,Ansh,Nair,172583,271583,"Hoover, AL",,1739,2024-08-10,0,,ACTIVE,Butterfly January 2022 BTTC Open Tournament,1310.0,1503.0,2022-01-29,2022-01-30
3009,Lynwood (Lyn),Smith,7243,10112,"Palm Springs, FL",,1738,2018-03-02,0,,ACTIVE,2004 Inaugural Spring Broward ,1830.0,1912.0,2004-05-23,
3014,Vincent,Chow,118755,217755,"Delray Beach, FL",,1738,2024-07-21,0,,ACTIVE,Butterfly 2023 February BTTC,1812.0,1814.0,2023-02-10,2023-02-12
3014,Vincent,Chow,118755,217755,"Delray Beach, FL",,1738,2024-07-21,0,,ACTIVE,Butterfly 2022 BTTC Fall Open Tournament,1597.0,1658.0,2022-09-30,2022-10-02
3014,Vincent,Chow,118755,217755,"Delray Beach, FL",,1738,2024-07-21,0,,ACTIVE,Butterfly 2020 February BTTC Tournament,1514.0,1631.0,2020-02-21,2020-02-23
3014,Vincent,Chow,118755,217755,"Delray Beach, FL",,1738,2024-07-21,0,,ACTIVE,Butterfly February 2019 BTTC Open,1511.0,1514.0,2019-02-15,2019-02-15
3014,Vincent,Chow,118755,217755,"Delray Beach, FL",,1738,2024-07-21,0,,ACTIVE,Robopong April 2017 BTTC Open,0.0,1512.0,2017-04-29,2017-04-30
3044,Kevin,Ray,6437,16234,"West Palm Beach, FL",,1733,2022-12-04,0,,ACTIVE,2010 BTTC Open,1677.0,1665.0,2010-07-11,
3044,Kevin,Ray,6437,16234,"West Palm Beach, FL",,1733,2022-12-04,0,,ACTIVE,2010 BTTC Open,1637.0,1677.0,2010-06-06,
3045,Steven,Kasha,3641,76916,"Jamaica Plain, MA",Boston Table Tennis Center,1733,2024-08-25,1864,2023-10-13,ACTIVE,Carmel Barrau 2021 December BTTC Open Tournament,1678.0,1819.0,2021-12-10,2021-12-12
3045,Steven,Kasha,3641,76916,"Jamaica Plain, MA",Boston Table Tennis Center,1733,2024-08-25,1864,2023-10-13,ACTIVE,Butterfly 2020 February BTTC Tournament,1739.0,1719.0,2020-02-21,2020-02-23
3045,Steven,Kasha,3641,76916,"Jamaica Plain, MA",Boston Table Tennis Center,1733,2024-08-25,1864,2023-10-13,ACTIVE,Robopong December 2017 BTTC Open,1770.0,1907.0,2017-12-15,2017-12-17
3045,Steven,Kasha,3641,76916,"Jamaica Plain, MA",Boston Table Tennis Center,1733,2024-08-25,1864,2023-10-13,ACTIVE,Robopong January 2012 BTTC Open,1313.0,1546.0,2012-01-08,
3054,Sergei,Bekrenev,123825,222825,"Boca Raton, FL",Loopers Table Tennis of Palm Beach,1732,2024-07-21,0,,ACTIVE,Butterfly 2024 February BTTC Tournament,1830.0,1859.0,2024-02-09,2024-02-11
3054,Sergei,Bekrenev,123825,222825,"Boca Raton, FL",Loopers Table Tennis of Palm Beach,1732,2024-07-21,0,,ACTIVE,Butterfly 2023 February BTTC,1791.0,1761.0,2023-02-10,2023-02-12
3054,Sergei,Bekrenev,123825,222825,"Boca Raton, FL",Loopers Table Tennis of Palm Beach,1732,2024-07-21,0,,ACTIVE,Butterfly 2022 BTTC Fall Open Tournament,1814.0,1791.0,2022-09-30,2022-10-02
3054,Sergei,Bekrenev,123825,222825,"Boca Raton, FL",Loopers Table Tennis of Palm Beach,1732,2024-07-21,0,,ACTIVE,Butterfly January 2022 BTTC Open Tournament,1910.0,1961.0,2022-01-29,2022-01-30
3054,Sergei,Bekrenev,123825,222825,"Boca Raton, FL",Loopers Table Tennis of Palm Beach,1732,2024-07-21,0,,ACTIVE,Carmel Barrau 2021 December BTTC Open Tournament,1862.0,1910.0,2021-12-10,2021-12-12
3054,Sergei,Bekrenev,123825,222825,"Boca Raton, FL",Loopers Table Tennis of Palm Beach,1732,2024-07-21,0,,ACTIVE,Butterfly 2021 September BTTC Open,1868.0,1862.0,2021-09-24,2021-09-26
3054,Sergei,Bekrenev,123825,222825,"Boca Raton, FL",Loopers Table Tennis of Palm Beach,1732,2024-07-21,0,,ACTIVE,Butterfly 2020 February BTTC Tournament,1737.0,1737.0,2020-02-21,2020-02-23
3054,Sergei,Bekrenev,123825,222825,"Boca Raton, FL",Loopers Table Tennis of Palm Beach,1732,2024-07-21,0,,ACTIVE,Butterfly 2019 December BTTC Open Tournament,1719.0,1737.0,2019-12-15,2019-12-15
3054,Sergei,Bekrenev,123825,222825,"Boca Raton, FL",Loopers Table Tennis of Palm Beach,1732,2024-07-21,0,,ACTIVE,Butterfly 2019 October BTTC Tournament,1719.0,1719.0,2019-10-11,2019-10-13
3054,Sergei,Bekrenev,123825,222825,"Boca Raton, FL",Loopers Table Tennis of Palm Beach,1732,2024-07-21,0,,ACTIVE,Butterfly 2019 June BTTC Open Tournament,1764.0,1761.0,2019-06-23,2019-06-23
3054,Sergei,Bekrenev,123825,222825,"Boca Raton, FL",Loopers Table Tennis of Palm Beach,1732,2024-07-21,0,,ACTIVE,BUTTERFLY APRIL 2019 BTTC OPEN,1812.0,1776.0,2019-04-12,2019-04-14
3054,Sergei,Bekrenev,123825,222825,"Boca Raton, FL",Loopers Table Tennis of Palm Beach,1732,2024-07-21,0,,ACTIVE,Butterfly February 2019 BTTC Open,1938.0,1841.0,2019-02-15,2019-02-15
3054,Sergei,Bekrenev,123825,222825,"Boca Raton, FL",Loopers Table Tennis of Palm Beach,1732,2024-07-21,0,,ACTIVE,BUTTERFLY OCTOBER 2018 BTTC OPEN,1940.0,1938.0,2018-10-13,2018-10-13
3054,Sergei,Bekrenev,123825,222825,"Boca Raton, FL",Loopers Table Tennis of Palm Beach,1732,2024-07-21,0,,ACTIVE,Butterfly 2018 August BTTC Open Tournament,1953.0,1940.0,2018-08-11,2018-08-12
3054,Sergei,Bekrenev,123825,222825,"Boca Raton, FL",Loopers Table Tennis of Palm Beach,1732,2024-07-21,0,,ACTIVE,Butterfly 2018 June BTTC Open Tournament,2024.0,1953.0,2018-06-17,2018-06-17
3054,Sergei,Bekrenev,123825,222825,"Boca Raton, FL",Loopers Table Tennis of Palm Beach,1732,2024-07-21,0,,ACTIVE,Butterfly April 2018 BTTC Open,0.0,2024.0,2018-04-14,2018-04-15
3063,Yun,Fan,2072,81398,"Hillsboro, OR",Paddle Palace Club,1730,2024-09-08,1594,2023-08-19,ACTIVE,2015 BTTC Fall Open,1613.0,1602.0,2015-09-20,
3088,Radha Krushna M,Kanchanapelly,3591,83335,"Cumming, GA",Atlanta International Table Tennis Academy,1727,2024-08-18,1430,2016-02-24,ACTIVE,Butterfly 2021 September BTTC Open,1758.0,1753.0,2021-09-24,2021-09-26
3090,Wen-Jin,Lee,165664,264664,"Alpharetta, GA",Wu Yue Table Tennis,1727,2023-11-26,0,,ACTIVE,Butterfly 2021 September BTTC Open,1487.0,1543.0,2021-09-24,2021-09-26
3095,Danuta,Andrzejewska,205,58353,"Ft. Lauderdale, FL","Broward Table Tennis Club, Inc.",1727,2018-12-22,1778,2006-09-18,ACTIVE,February Broward TT Open,1723.0,1723.0,2009-02-07,
3095,Danuta,Andrzejewska,205,58353,"Ft. Lauderdale, FL","Broward Table Tennis Club, Inc.",1727,2018-12-22,1778,2006-09-18,ACTIVE,January '09 Broward TT Open,1763.0,1723.0,2009-01-11,
3095,Danuta,Andrzejewska,205,58353,"Ft. Lauderdale, FL","Broward Table Tennis Club, Inc.",1727,2018-12-22,1778,2006-09-18,ACTIVE,Summer 2006 Broward TT Open,1787.0,1791.0,2006-07-31,
3095,Danuta,Andrzejewska,205,58353,"Ft. Lauderdale, FL","Broward Table Tennis Club, Inc.",1727,2018-12-22,1778,2006-09-18,ACTIVE,2004 Inaugural Spring Broward ,1883.0,1796.0,2004-05-23,
3111,Jeffrey,Lin,102774,201774,Palmetto Bay,,1725,2024-08-11,1691,2023-07-30,ACTIVE,Butterfly January 2022 BTTC Open Tournament,1618.0,1623.0,2022-01-29,2022-01-30
3111,Jeffrey,Lin,102774,201774,Palmetto Bay,,1725,2024-08-11,1691,2023-07-30,ACTIVE,Butterfly Dec 2018 BTTC Open,1649.0,1638.0,2018-12-14,2018-12-16
3111,Jeffrey,Lin,102774,201774,Palmetto Bay,,1725,2024-08-11,1691,2023-07-30,ACTIVE,Butterfly 2018 June BTTC Open Tournament,1626.0,1649.0,2018-06-17,2018-06-17
3111,Jeffrey,Lin,102774,201774,Palmetto Bay,,1725,2024-08-11,1691,2023-07-30,ACTIVE,Robopong December 2017 BTTC Open,1608.0,1633.0,2017-12-15,2017-12-17
3111,Jeffrey,Lin,102774,201774,Palmetto Bay,,1725,2024-08-11,1691,2023-07-30,ACTIVE,Robopong January 2016 Broward Table Tennis Club Open,0.0,1583.0,2016-01-16,2016-01-17
3118,Sean,O'Connell,116077,215077,"Athens, GA",Athens Georgia Table Tennis,1724,2024-07-14,1612,2020-02-20,ACTIVE,Butterfly February 2019 BTTC Open,1683.0,1720.0,2019-02-15,2019-02-15
3119,Maria,Henen,2955,97501,"Lakewood Ranch, FL",Sarasota Table Tennis Club,1724,2024-06-08,0,,ACTIVE,Carmel Barrau 2021 December BTTC Open Tournament,1552.0,1629.0,2021-12-10,2021-12-12
3121,Hannoch,Marksheid,34799,14975,"Atlit Isreal, CA",,1724,2022-10-06,0,,ACTIVE,RoboPong August 2010 BTTC Open,1757.0,1753.0,2010-08-22,
3125,Karl,Eisenkoelbl,1954,94837,"Cypress, TX",Houston International Table Tennis Academy (HITTA),1723,2022-08-06,1774,2023-02-11,ACTIVE,Butterfly Dec 2018 BTTC Open,1675.0,1670.0,2018-12-14,2018-12-16
3148,Leszek,Filipowicz,2140,57051,"Bradenton, FL",,1719,2018-03-02,0,,ACTIVE,2008 Broward TTWinter Open,1783.0,1732.0,2008-01-06,
3152,Kei,Wakabayashi,8185,75909,"Issaquah, WA",Seattle Pacific Table Tennis Club,1719,2023-05-07,1795,2024-08-31,ACTIVE,2018 BTTC Summer Open,1808.0,1754.0,2018-07-21,2018-07-22
3152,Kei,Wakabayashi,8185,75909,"Issaquah, WA",Seattle Pacific Table Tennis Club,1719,2023-05-07,1795,2024-08-31,ACTIVE,2018 BTTC Spring Open,1850.0,1829.0,2018-04-21,2018-04-22
3152,Kei,Wakabayashi,8185,75909,"Issaquah, WA",Seattle Pacific Table Tennis Club,1719,2023-05-07,1795,2024-08-31,ACTIVE,2017 BTTC Spring Open,1734.0,1894.0,2017-03-25,2017-03-26
3152,Kei,Wakabayashi,8185,75909,"Issaquah, WA",Seattle Pacific Table Tennis Club,1719,2023-05-07,1795,2024-08-31,ACTIVE,2015 BTTC Summer Open,1559.0,1541.0,2015-06-21,
3152,Kei,Wakabayashi,8185,75909,"Issaquah, WA",Seattle Pacific Table Tennis Club,1719,2023-05-07,1795,2024-08-31,ACTIVE,2014 BTTC Spring Open,1465.0,1463.0,2014-03-30,
3152,Kei,Wakabayashi,8185,75909,"Issaquah, WA",Seattle Pacific Table Tennis Club,1719,2023-05-07,1795,2024-08-31,ACTIVE,2013 BTTC Spring Open,1358.0,1395.0,2013-04-28,
3167,Martin,Sundel,7532,13660,"Cooper City, FL","Broward Table Tennis Club, Inc.",1716,2023-12-21,1849,2006-09-18,ACTIVE,Robo-Pong November 2017 BTTC Open,1782.0,1788.0,2017-11-04,2017-11-05
3167,Martin,Sundel,7532,13660,"Cooper City, FL","Broward Table Tennis Club, Inc.",1716,2023-12-21,1849,2006-09-18,ACTIVE,Robopong May 2016 Broward TTC Open,1840.0,1784.0,2016-05-07,2016-05-07
3167,Martin,Sundel,7532,13660,"Cooper City, FL","Broward Table Tennis Club, Inc.",1716,2023-12-21,1849,2006-09-18,ACTIVE,Robo Pong April 2015 BTTC Open,1847.0,1858.0,2015-04-18,
3167,Martin,Sundel,7532,13660,"Cooper City, FL","Broward Table Tennis Club, Inc.",1716,2023-12-21,1849,2006-09-18,ACTIVE,Robo Pong February 2015 BTTC Open,1838.0,1847.0,2015-02-08,
3167,Martin,Sundel,7532,13660,"Cooper City, FL","Broward Table Tennis Club, Inc.",1716,2023-12-21,1849,2006-09-18,ACTIVE,Robo-Pong October 2014 BTTC Open,1836.0,1819.0,2014-10-19,
3167,Martin,Sundel,7532,13660,"Cooper City, FL","Broward Table Tennis Club, Inc.",1716,2023-12-21,1849,2006-09-18,ACTIVE,Robo-Pong September 2014 BTTC Open,1806.0,1836.0,2014-09-14,
3167,Martin,Sundel,7532,13660,"Cooper City, FL","Broward Table Tennis Club, Inc.",1716,2023-12-21,1849,2006-09-18,ACTIVE,Robo-Pong March 2014 BTTC Open,1804.0,1814.0,2014-03-02,
3167,Martin,Sundel,7532,13660,"Cooper City, FL","Broward Table Tennis Club, Inc.",1716,2023-12-21,1849,2006-09-18,ACTIVE,Robopong December 2013 BTTC Open,1801.0,1804.0,2013-12-08,
3167,Martin,Sundel,7532,13660,"Cooper City, FL","Broward Table Tennis Club, Inc.",1716,2023-12-21,1849,2006-09-18,ACTIVE,Robopong January 2013 Broward TTC Open,1834.0,1828.0,2013-01-13,
3167,Martin,Sundel,7532,13660,"Cooper City, FL","Broward Table Tennis Club, Inc.",1716,2023-12-21,1849,2006-09-18,ACTIVE,RoboPong December 2012 Broward,1868.0,1862.0,2012-12-09,
3167,Martin,Sundel,7532,13660,"Cooper City, FL","Broward Table Tennis Club, Inc.",1716,2023-12-21,1849,2006-09-18,ACTIVE,Broward TT Open,1859.0,1862.0,2009-07-26,
3167,Martin,Sundel,7532,13660,"Cooper City, FL","Broward Table Tennis Club, Inc.",1716,2023-12-21,1849,2006-09-18,ACTIVE,2008 Broward TTWinter Open,1970.0,1968.0,2008-01-06,
3167,Martin,Sundel,7532,13660,"Cooper City, FL","Broward Table Tennis Club, Inc.",1716,2023-12-21,1849,2006-09-18,ACTIVE,2007 Winter Broward TT Open,1975.0,1923.0,2007-01-07,
3167,Martin,Sundel,7532,13660,"Cooper City, FL","Broward Table Tennis Club, Inc.",1716,2023-12-21,1849,2006-09-18,ACTIVE,Summer 2006 Broward TT Open,1962.0,1999.0,2006-07-31,
3167,Martin,Sundel,7532,13660,"Cooper City, FL","Broward Table Tennis Club, Inc.",1716,2023-12-21,1849,2006-09-18,ACTIVE,2006 Winter Broward Open,1792.0,1826.0,2006-01-08,
3167,Martin,Sundel,7532,13660,"Cooper City, FL","Broward Table Tennis Club, Inc.",1716,2023-12-21,1849,2006-09-18,ACTIVE,2005 Summer Broward TT Open,1599.0,1593.0,2005-08-14,
3167,Martin,Sundel,7532,13660,"Cooper City, FL","Broward Table Tennis Club, Inc.",1716,2023-12-21,1849,2006-09-18,ACTIVE,2005 Winter Broward TT Open,1442.0,1619.0,2005-01-09,
3167,Martin,Sundel,7532,13660,"Cooper City, FL","Broward Table Tennis Club, Inc.",1716,2023-12-21,1849,2006-09-18,ACTIVE,2004 Inaugural Spring Broward ,1471.0,1561.0,2004-05-23,
3169,Jake,Schlessinger,103590,202590,"New York, NY",PingPod Lower East Side,1716,2024-02-18,1727,2024-07-09,ACTIVE,Butterfly 2024 February BTTC Tournament,1533.0,1635.0,2024-02-09,2024-02-11
3169,Jake,Schlessinger,103590,202590,"New York, NY",PingPod Lower East Side,1716,2024-02-18,1727,2024-07-09,ACTIVE,Butterfly 2023 February BTTC,1560.0,1546.0,2023-02-10,2023-02-12
3186,Damian,Casanova,172699,1172699,"Homestead, FL",305 TTC - Table Tennis Club LLC,1713,2024-08-25,0,,ACTIVE,Butterfly 2023 February BTTC,1436.0,1459.0,2023-02-10,2023-02-12
3186,Damian,Casanova,172699,1172699,"Homestead, FL",305 TTC - Table Tennis Club LLC,1713,2024-08-25,0,,ACTIVE,Butterfly 2022 BTTC Fall Open Tournament,1491.0,1454.0,2022-09-30,2022-10-02
3186,Damian,Casanova,172699,1172699,"Homestead, FL",305 TTC - Table Tennis Club LLC,1713,2024-08-25,0,,ACTIVE,Butterfly January 2022 BTTC Open Tournament,999.0,984.0,2022-01-29,2022-01-30
3186,Damian,Casanova,172699,1172699,"Homestead, FL",305 TTC - Table Tennis Club LLC,1713,2024-08-25,0,,ACTIVE,Carmel Barrau 2021 December BTTC Open Tournament,954.0,999.0,2021-12-10,2021-12-12
3186,Damian,Casanova,172699,1172699,"Homestead, FL",305 TTC - Table Tennis Club LLC,1713,2024-08-25,0,,ACTIVE,Butterfly 2021 September BTTC Open,0.0,954.0,2021-09-24,2021-09-26
3212,Steve,Helton,2942,81330,"Beavercreek, OH",Dayton Table Tennis Club,1709,2018-03-02,0,,ACTIVE,Robopong January 2013 Broward TTC Open,1683.0,1715.0,2013-01-13,
3212,Steve,Helton,2942,81330,"Beavercreek, OH",Dayton Table Tennis Club,1709,2018-03-02,0,,ACTIVE,Robopong July 2012 Broward TTC,1368.0,1526.0,2012-07-29,
3212,Steve,Helton,2942,81330,"Beavercreek, OH",Dayton Table Tennis Club,1709,2018-03-02,0,,ACTIVE,Robopong May 2012 Broward TTC Open,1259.0,1368.0,2012-05-27,
3225,De Sousa,Richard,18052,72759,"Tampa, FL",,1707,2024-08-10,0,,ACTIVE,2007 Winter Broward TT Open,1503.0,1675.0,2007-01-07,
3255,Henry,Blankenship,639,4284,"San Antonio, TX",San Antonio Table Tennis Club,1703,2022-04-10,1732,2006-06-15,ACTIVE,2015 BTTC Spring Open,1759.0,1787.0,2015-03-22,
3256,Maikel,Marrero,170158,1170158,"Miami, FL",305 TTC - Table Tennis Club LLC,1703,2024-06-22,1647,2023-10-13,ACTIVE,Butterfly 2024 February BTTC Tournament,1620.0,1622.0,2024-02-09,2024-02-11
3256,Maikel,Marrero,170158,1170158,"Miami, FL",305 TTC - Table Tennis Club LLC,1703,2024-06-22,1647,2023-10-13,ACTIVE,Butterfly 2023 February BTTC,1538.0,1595.0,2023-02-10,2023-02-12
3256,Maikel,Marrero,170158,1170158,"Miami, FL",305 TTC - Table Tennis Club LLC,1703,2024-06-22,1647,2023-10-13,ACTIVE,Butterfly 2022 BTTC Fall Open Tournament,1564.0,1538.0,2022-09-30,2022-10-02
3256,Maikel,Marrero,170158,1170158,"Miami, FL",305 TTC - Table Tennis Club LLC,1703,2024-06-22,1647,2023-10-13,ACTIVE,Butterfly 2020 February BTTC Tournament,0.0,1603.0,2020-02-21,2020-02-23
3277,John,Porter,6210,27268,"Punta Gorda, FL",,1699,2018-03-02,0,,ACTIVE,RoboPong November BTTC Open,1703.0,1740.0,2010-11-06,
3289,Larry,Tigney,7802,26939,"Montgomery, AL","BumperNets, Inc.",1698,2024-08-10,0,,ACTIVE,Robopong February 2012 Broward Table Tennis Open,1777.0,1759.0,2012-02-12,
3289,Larry,Tigney,7802,26939,"Montgomery, AL","BumperNets, Inc.",1698,2024-08-10,0,,ACTIVE,2008 Broward TTWinter Open,1818.0,1811.0,2008-01-06,
3289,Larry,Tigney,7802,26939,"Montgomery, AL","BumperNets, Inc.",1698,2024-08-10,0,,ACTIVE,2007 Summer Broward TT Open,1674.0,1702.0,2007-08-05,
3291,Ovadi,Aleman,174488,1174488,Miami,,1698,2024-06-22,0,,ACTIVE,Butterfly 2022 BTTC Fall Open Tournament,1598.0,1591.0,2022-09-30,2022-10-02
3321,David,Cashwell,14308,19632,"Columbus, OH",Columbus Table Tennis Club,1693,2024-02-11,0,,ACTIVE,Butterfly 2024 February BTTC Tournament,1699.0,1693.0,2024-02-09,2024-02-11
3329,Hyun Ook,Ryu,6707,88326,"Redmond, WA",,1691,2023-03-05,1979,2021-11-20,ACTIVE,2018 BTTC Summer Open,1559.0,1557.0,2018-07-21,2018-07-22
3329,Hyun Ook,Ryu,6707,88326,"Redmond, WA",,1691,2023-03-05,1979,2021-11-20,ACTIVE,2015 BTTC Fall Open,1543.0,1575.0,2015-09-20,
3329,Hyun Ook,Ryu,6707,88326,"Redmond, WA",,1691,2023-03-05,1979,2021-11-20,ACTIVE,2015 BTTC Spring Open,1456.0,1619.0,2015-03-22,
3329,Hyun Ook,Ryu,6707,88326,"Redmond, WA",,1691,2023-03-05,1979,2021-11-20,ACTIVE,2014 BTTC Fall Open,1418.0,1463.0,2014-10-26,
3329,Hyun Ook,Ryu,6707,88326,"Redmond, WA",,1691,2023-03-05,1979,2021-11-20,ACTIVE,2014 BTTC Spring Open,1300.0,1304.0,2014-03-30,
3329,Hyun Ook,Ryu,6707,88326,"Redmond, WA",,1691,2023-03-05,1979,2021-11-20,ACTIVE,2013 BTTC Spring Open,1132.0,1306.0,2013-04-28,
3354,Cameron,Eggart,120071,219071,"Walla Walla, WA",,1688,2024-06-23,1643,2024-07-22,ACTIVE,Butterfly 2021 September BTTC Open,1363.0,1398.0,2021-09-24,2021-09-26
3359,Richard,Gross,172703,1172703,"Hollywood, FL",,1688,2024-08-25,0,,ACTIVE,Butterfly 2024 February BTTC Tournament,1614.0,1637.0,2024-02-09,2024-02-11
3359,Richard,Gross,172703,1172703,"Hollywood, FL",,1688,2024-08-25,0,,ACTIVE,Butterfly 2023 February BTTC,1314.0,1313.0,2023-02-10,2023-02-12
3359,Richard,Gross,172703,1172703,"Hollywood, FL",,1688,2024-08-25,0,,ACTIVE,Butterfly January 2022 BTTC Open Tournament,580.0,938.0,2022-01-29,2022-01-30
3359,Richard,Gross,172703,1172703,"Hollywood, FL",,1688,2024-08-25,0,,ACTIVE,Carmel Barrau 2021 December BTTC Open Tournament,277.0,580.0,2021-12-10,2021-12-12
3359,Richard,Gross,172703,1172703,"Hollywood, FL",,1688,2024-08-25,0,,ACTIVE,Butterfly 2021 September BTTC Open,0.0,277.0,2021-09-24,2021-09-26
3365,Robert,Compton,1430,5008,"El Paso, TX",El Paso Table Tennis Club,1687,2024-07-27,0,,ACTIVE,2006 Winter Broward Open,1848.0,1793.0,2006-01-08,
3389,Brad,Teng,121690,220690,"Woodinville, WA",,1684,2024-04-28,1676,2024-03-16,ACTIVE,2018 BTTC Fall Open,326.0,296.0,2018-10-20,2018-10-21
3399,Rick,Kadin,3557,7112,"Fort Lauderdale, FL",,1682,2018-03-02,0,,ACTIVE,Robo-Pong October 2014 BTTC Open,1735.0,1682.0,2014-10-19,
3399,Rick,Kadin,3557,7112,"Fort Lauderdale, FL",,1682,2018-03-02,0,,ACTIVE,Robo-Pong August 2014 BTTC Open,1733.0,1735.0,2014-08-03,
3399,Rick,Kadin,3557,7112,"Fort Lauderdale, FL",,1682,2018-03-02,0,,ACTIVE,Robo-Pong March 2014 BTTC Open,1739.0,1733.0,2014-03-02,
3399,Rick,Kadin,3557,7112,"Fort Lauderdale, FL",,1682,2018-03-02,0,,ACTIVE,Robopong December 2013 BTTC Open,1753.0,1739.0,2013-12-08,
3399,Rick,Kadin,3557,7112,"Fort Lauderdale, FL",,1682,2018-03-02,0,,ACTIVE,Robopong August 2013 BTTC Open,1740.0,1753.0,2013-08-04,
3399,Rick,Kadin,3557,7112,"Fort Lauderdale, FL",,1682,2018-03-02,0,,ACTIVE,Robopong June 2013 BTTC Open,1768.0,1756.0,2013-06-02,
3399,Rick,Kadin,3557,7112,"Fort Lauderdale, FL",,1682,2018-03-02,0,,ACTIVE,Robopong April 2013 BTTC Open,1758.0,1768.0,2013-04-28,
3399,Rick,Kadin,3557,7112,"Fort Lauderdale, FL",,1682,2018-03-02,0,,ACTIVE,Robopong January 2013 Broward TTC Open,1710.0,1758.0,2013-01-13,
3399,Rick,Kadin,3557,7112,"Fort Lauderdale, FL",,1682,2018-03-02,0,,ACTIVE,RoboPong December 2012 Broward,1722.0,1710.0,2012-12-09,
3399,Rick,Kadin,3557,7112,"Fort Lauderdale, FL",,1682,2018-03-02,0,,ACTIVE,Robopong July 2012 Broward TTC,1727.0,1735.0,2012-07-29,
3399,Rick,Kadin,3557,7112,"Fort Lauderdale, FL",,1682,2018-03-02,0,,ACTIVE,Robopong February 2012 Broward Table Tennis Open,1743.0,1727.0,2012-02-12,
3399,Rick,Kadin,3557,7112,"Fort Lauderdale, FL",,1682,2018-03-02,0,,ACTIVE,RoboPong August 2010 BTTC Open,1736.0,1754.0,2010-08-22,
3399,Rick,Kadin,3557,7112,"Fort Lauderdale, FL",,1682,2018-03-02,0,,ACTIVE,December 09 Broward TTO,1825.0,1736.0,2009-12-06,
3399,Rick,Kadin,3557,7112,"Fort Lauderdale, FL",,1682,2018-03-02,0,,ACTIVE,October '09 Broward TT Open,1728.0,1825.0,2009-11-01,
3399,Rick,Kadin,3557,7112,"Fort Lauderdale, FL",,1682,2018-03-02,0,,ACTIVE,March 09 Broward TT Open,1828.0,1686.0,2009-03-08,
3399,Rick,Kadin,3557,7112,"Fort Lauderdale, FL",,1682,2018-03-02,0,,ACTIVE,February Broward TT Open,1826.0,1828.0,2009-02-07,
3399,Rick,Kadin,3557,7112,"Fort Lauderdale, FL",,1682,2018-03-02,0,,ACTIVE,November Broward TT Open,1826.0,1826.0,2008-11-15,
3399,Rick,Kadin,3557,7112,"Fort Lauderdale, FL",,1682,2018-03-02,0,,ACTIVE,2008 Broward TTWinter Open,1846.0,1840.0,2008-01-06,
3399,Rick,Kadin,3557,7112,"Fort Lauderdale, FL",,1682,2018-03-02,0,,ACTIVE,2007 Summer Broward TT Open,1898.0,1857.0,2007-08-05,
3399,Rick,Kadin,3557,7112,"Fort Lauderdale, FL",,1682,2018-03-02,0,,ACTIVE,Summer 2006 Broward TT Open,1794.0,1791.0,2006-07-31,
3399,Rick,Kadin,3557,7112,"Fort Lauderdale, FL",,1682,2018-03-02,0,,ACTIVE,2006 Winter Broward Open,1723.0,1757.0,2006-01-08,
3399,Rick,Kadin,3557,7112,"Fort Lauderdale, FL",,1682,2018-03-02,0,,ACTIVE,2005 Summer Broward TT Open,1722.0,1723.0,2005-08-14,
3399,Rick,Kadin,3557,7112,"Fort Lauderdale, FL",,1682,2018-03-02,0,,ACTIVE,2005 Winter Broward TT Open,1737.0,1692.0,2005-01-09,
3420,Wilfredo,Espinoza,119542,218542,"Pembroke Pines, FL","Broward Table Tennis Club, Inc.",1680,2024-05-20,0,,ACTIVE,Butterfly 2023 February BTTC,1637.0,1637.0,2023-02-10,2023-02-12
3420,Wilfredo,Espinoza,119542,218542,"Pembroke Pines, FL","Broward Table Tennis Club, Inc.",1680,2024-05-20,0,,ACTIVE,Butterfly 2022 BTTC Fall Open Tournament,1597.0,1618.0,2022-09-30,2022-10-02
3420,Wilfredo,Espinoza,119542,218542,"Pembroke Pines, FL","Broward Table Tennis Club, Inc.",1680,2024-05-20,0,,ACTIVE,Butterfly January 2022 BTTC Open Tournament,1558.0,1566.0,2022-01-29,2022-01-30
3420,Wilfredo,Espinoza,119542,218542,"Pembroke Pines, FL","Broward Table Tennis Club, Inc.",1680,2024-05-20,0,,ACTIVE,Butterfly 2021 September BTTC Open,1611.0,1609.0,2021-09-24,2021-09-26
3420,Wilfredo,Espinoza,119542,218542,"Pembroke Pines, FL","Broward Table Tennis Club, Inc.",1680,2024-05-20,0,,ACTIVE,Butterfly 2020 February BTTC Tournament,1804.0,1715.0,2020-02-21,2020-02-23
3420,Wilfredo,Espinoza,119542,218542,"Pembroke Pines, FL","Broward Table Tennis Club, Inc.",1680,2024-05-20,0,,ACTIVE,Butterfly 2019 December BTTC Open Tournament,1554.0,1804.0,2019-12-15,2019-12-15
3420,Wilfredo,Espinoza,119542,218542,"Pembroke Pines, FL","Broward Table Tennis Club, Inc.",1680,2024-05-20,0,,ACTIVE,Butterfly 2019 October BTTC Tournament,1484.0,1554.0,2019-10-11,2019-10-13
3420,Wilfredo,Espinoza,119542,218542,"Pembroke Pines, FL","Broward Table Tennis Club, Inc.",1680,2024-05-20,0,,ACTIVE,Butterfly 2019 June BTTC Open Tournament,1490.0,1484.0,2019-06-23,2019-06-23
3420,Wilfredo,Espinoza,119542,218542,"Pembroke Pines, FL","Broward Table Tennis Club, Inc.",1680,2024-05-20,0,,ACTIVE,BUTTERFLY APRIL 2019 BTTC OPEN,1461.0,1490.0,2019-04-12,2019-04-14
3420,Wilfredo,Espinoza,119542,218542,"Pembroke Pines, FL","Broward Table Tennis Club, Inc.",1680,2024-05-20,0,,ACTIVE,Butterfly February 2019 BTTC Open,1386.0,1461.0,2019-02-15,2019-02-15
3420,Wilfredo,Espinoza,119542,218542,"Pembroke Pines, FL","Broward Table Tennis Club, Inc.",1680,2024-05-20,0,,ACTIVE,Butterfly Dec 2018 BTTC Open,1353.0,1386.0,2018-12-14,2018-12-16
3420,Wilfredo,Espinoza,119542,218542,"Pembroke Pines, FL","Broward Table Tennis Club, Inc.",1680,2024-05-20,0,,ACTIVE,BUTTERFLY OCTOBER 2018 BTTC OPEN,1337.0,1353.0,2018-10-13,2018-10-13
3420,Wilfredo,Espinoza,119542,218542,"Pembroke Pines, FL","Broward Table Tennis Club, Inc.",1680,2024-05-20,0,,ACTIVE,Butterfly 2018 August BTTC Open Tournament,1430.0,1337.0,2018-08-11,2018-08-12
3420,Wilfredo,Espinoza,119542,218542,"Pembroke Pines, FL","Broward Table Tennis Club, Inc.",1680,2024-05-20,0,,ACTIVE,Butterfly 2018 June BTTC Open Tournament,1433.0,1430.0,2018-06-17,2018-06-17
3420,Wilfredo,Espinoza,119542,218542,"Pembroke Pines, FL","Broward Table Tennis Club, Inc.",1680,2024-05-20,0,,ACTIVE,Butterfly April 2018 BTTC Open,1412.0,1433.0,2018-04-14,2018-04-15
3420,Wilfredo,Espinoza,119542,218542,"Pembroke Pines, FL","Broward Table Tennis Club, Inc.",1680,2024-05-20,0,,ACTIVE,Butterfly February 2018 BTTC Open,1423.0,1412.0,2018-02-10,2018-02-11
3420,Wilfredo,Espinoza,119542,218542,"Pembroke Pines, FL","Broward Table Tennis Club, Inc.",1680,2024-05-20,0,,ACTIVE,Robopong December 2017 BTTC Open,1198.0,1423.0,2017-12-15,2017-12-17
3420,Wilfredo,Espinoza,119542,218542,"Pembroke Pines, FL","Broward Table Tennis Club, Inc.",1680,2024-05-20,0,,ACTIVE,Robo-Pong November 2017 BTTC Open,905.0,1198.0,2017-11-04,2017-11-05
3420,Wilfredo,Espinoza,119542,218542,"Pembroke Pines, FL","Broward Table Tennis Club, Inc.",1680,2024-05-20,0,,ACTIVE,Robopong September 2017 BTTC Open,802.0,905.0,2017-09-02,2017-09-03
3433,Jae,Kauffman,3654,96933,"Portland, OR",Paddle Palace Club,1677,2024-06-16,0,,ACTIVE,2018 BTTC Spring Open,1590.0,1613.0,2018-04-21,2018-04-22
3439,Walter,Harris,165054,1165054,"St. Petersburg, FL",,1677,2024-07-21,0,,ACTIVE,Butterfly 2024 February BTTC Tournament,1703.0,1619.0,2024-02-09,2024-02-11
3461,Leandro,Taset,131309,230309,Rochester,,1673,2024-07-21,0,,ACTIVE,Butterfly 2023 February BTTC,1738.0,1740.0,2023-02-10,2023-02-12
3461,Leandro,Taset,131309,230309,Rochester,,1673,2024-07-21,0,,ACTIVE,Carmel Barrau 2021 December BTTC Open Tournament,1658.0,1639.0,2021-12-10,2021-12-12
3471,yashwanth,sathish,172693,271693,"Cedar Park, TX",Lonestar Table Tennis Academy,1671,2024-08-31,1614,2024-05-08,ACTIVE,Butterfly 2024 February BTTC Tournament,1691.0,1679.0,2024-02-09,2024-02-11
3482,Stuart,Gordon,2563,96007,"Raleigh, NC",Triangle Badminton & Table Tennis,1669,2023-10-15,0,,ACTIVE,Robopong January 2016 Broward Table Tennis Club Open,1154.0,1240.0,2016-01-16,2016-01-17
3498,Prabhas,Lanka,178504,1178504,"Cumming, GA",Atlanta International Table Tennis Academy,1667,2024-08-18,0,,ACTIVE,Butterfly 2024 February BTTC Tournament,1400.0,1462.0,2024-02-09,2024-02-11
3502,Jean,Barthold,11442,71069,"Port St Lucie, MA",,1667,2024-07-21,0,,ACTIVE,Butterfly 2024 February BTTC Tournament,1707.0,1702.0,2024-02-09,2024-02-11
3502,Jean,Barthold,11442,71069,"Port St Lucie, MA",,1667,2024-07-21,0,,ACTIVE,Butterfly 2023 February BTTC,1700.0,1727.0,2023-02-10,2023-02-12
3502,Jean,Barthold,11442,71069,"Port St Lucie, MA",,1667,2024-07-21,0,,ACTIVE,Butterfly 2022 BTTC Fall Open Tournament,1501.0,1558.0,2022-09-30,2022-10-02
3502,Jean,Barthold,11442,71069,"Port St Lucie, MA",,1667,2024-07-21,0,,ACTIVE,Carmel Barrau 2021 December BTTC Open Tournament,1559.0,1523.0,2021-12-10,2021-12-12
3512,Armando,Diaz Alvarado,174823,1174823,,,1666,2024-07-21,0,,ACTIVE,Butterfly 2024 February BTTC Tournament,1690.0,1577.0,2024-02-09,2024-02-11
3537,Ishaan,Thakkar,179584,278584,"Suwanee, GA",Atlanta International Table Tennis Academy,1662,2024-07-07,0,,ACTIVE,Butterfly 2024 February BTTC Tournament,1346.0,1420.0,2024-02-09,2024-02-11
3574,Ronnie,Boschetti,694,96433,"Cutler Bay, FL",,1658,2024-07-21,0,,ACTIVE,Butterfly 2024 February BTTC Tournament,1605.0,1654.0,2024-02-09,2024-02-11
3574,Ronnie,Boschetti,694,96433,"Cutler Bay, FL",,1658,2024-07-21,0,,ACTIVE,Butterfly 2022 BTTC Fall Open Tournament,1692.0,1696.0,2022-09-30,2022-10-02
3574,Ronnie,Boschetti,694,96433,"Cutler Bay, FL",,1658,2024-07-21,0,,ACTIVE,Butterfly February 2019 BTTC Open,1722.0,1697.0,2019-02-15,2019-02-15
3574,Ronnie,Boschetti,694,96433,"Cutler Bay, FL",,1658,2024-07-21,0,,ACTIVE,BUTTERFLY OCTOBER 2018 BTTC OPEN,1722.0,1722.0,2018-10-13,2018-10-13
3574,Ronnie,Boschetti,694,96433,"Cutler Bay, FL",,1658,2024-07-21,0,,ACTIVE,Butterfly 2018 June BTTC Open Tournament,1689.0,1722.0,2018-06-17,2018-06-17
3574,Ronnie,Boschetti,694,96433,"Cutler Bay, FL",,1658,2024-07-21,0,,ACTIVE,Butterfly February 2018 BTTC Open,1691.0,1689.0,2018-02-10,2018-02-11
3574,Ronnie,Boschetti,694,96433,"Cutler Bay, FL",,1658,2024-07-21,0,,ACTIVE,Robo-Pong November 2017 BTTC Open,1749.0,1691.0,2017-11-04,2017-11-05
3574,Ronnie,Boschetti,694,96433,"Cutler Bay, FL",,1658,2024-07-21,0,,ACTIVE,Robopong April 2017 BTTC Open,1767.0,1745.0,2017-04-29,2017-04-30
3574,Ronnie,Boschetti,694,96433,"Cutler Bay, FL",,1658,2024-07-21,0,,ACTIVE,Robopong February 2017 BTTC Team Tournament,1810.0,1767.0,2017-02-11,2017-02-12
3574,Ronnie,Boschetti,694,96433,"Cutler Bay, FL",,1658,2024-07-21,0,,ACTIVE,Robopong October 2016 Broward TTC Open,1827.0,1810.0,2016-10-22,2016-10-23
3574,Ronnie,Boschetti,694,96433,"Cutler Bay, FL",,1658,2024-07-21,0,,ACTIVE,Robo Pong April 2015 BTTC Open,0.0,1827.0,2015-04-18,
3632,Lee,Christo,16183,3495,"Chantilly, VA",,1650,2024-08-03,1677,2005-02-20,ACTIVE,Summer 2006 Broward TT Open,1733.0,1712.0,2006-07-31,
3632,Lee,Christo,16183,3495,"Chantilly, VA",,1650,2024-08-03,1677,2005-02-20,ACTIVE,2005 Summer Broward TT Open,1713.0,1734.0,2005-08-14,
3634,Alejandro,Cordero,173671,1173671,Doral,,1650,2024-07-21,0,,ACTIVE,Butterfly 2024 February BTTC Tournament,1702.0,1711.0,2024-02-09,2024-02-11
3634,Alejandro,Cordero,173671,1173671,Doral,,1650,2024-07-21,0,,ACTIVE,Butterfly 2023 February BTTC,1518.0,1540.0,2023-02-10,2023-02-12
3634,Alejandro,Cordero,173671,1173671,Doral,,1650,2024-07-21,0,,ACTIVE,Butterfly 2022 BTTC Fall Open Tournament,1527.0,1518.0,2022-09-30,2022-10-02
3634,Alejandro,Cordero,173671,1173671,Doral,,1650,2024-07-21,0,,ACTIVE,Carmel Barrau 2021 December BTTC Open Tournament,0.0,1315.0,2021-12-10,2021-12-12
3668,Haoran,Guan,112903,211903,"Mountain View, CA",,1645,2024-08-04,1733,2020-03-06,ACTIVE,Butterfly 2019 June BTTC Open Tournament,1721.0,1652.0,2019-06-23,2019-06-23
3668,Haoran,Guan,112903,211903,"Mountain View, CA",,1645,2024-08-04,1733,2020-03-06,ACTIVE,Butterfly February 2018 BTTC Open,1849.0,1895.0,2018-02-10,2018-02-11
3668,Haoran,Guan,112903,211903,"Mountain View, CA",,1645,2024-08-04,1733,2020-03-06,ACTIVE,Robopong December 2017 BTTC Open,1857.0,1860.0,2017-12-15,2017-12-17
3705,Zorain,Malik,178242,277242,"Alpharetta, GA",,1640,2024-08-18,0,,ACTIVE,Butterfly 2024 February BTTC Tournament,1268.0,1519.0,2024-02-09,2024-02-11
3729,Steve,Federico,2093,5724,"Pembroke Pines, FL","Broward Table Tennis Club, Inc.",1637,2024-07-07,0,,ACTIVE,Carmel Barrau 2021 December BTTC Open Tournament,1833.0,1821.0,2021-12-10,2021-12-12
3729,Steve,Federico,2093,5724,"Pembroke Pines, FL","Broward Table Tennis Club, Inc.",1637,2024-07-07,0,,ACTIVE,Butterfly 2019 June BTTC Open Tournament,1832.0,1824.0,2019-06-23,2019-06-23
3729,Steve,Federico,2093,5724,"Pembroke Pines, FL","Broward Table Tennis Club, Inc.",1637,2024-07-07,0,,ACTIVE,Butterfly February 2019 BTTC Open,1810.0,1804.0,2019-02-15,2019-02-15
3729,Steve,Federico,2093,5724,"Pembroke Pines, FL","Broward Table Tennis Club, Inc.",1637,2024-07-07,0,,ACTIVE,Butterfly 2018 June BTTC Open Tournament,1894.0,1935.0,2018-06-17,2018-06-17
3729,Steve,Federico,2093,5724,"Pembroke Pines, FL","Broward Table Tennis Club, Inc.",1637,2024-07-07,0,,ACTIVE,Butterfly April 2018 BTTC Open,1839.0,1894.0,2018-04-14,2018-04-15
3729,Steve,Federico,2093,5724,"Pembroke Pines, FL","Broward Table Tennis Club, Inc.",1637,2024-07-07,0,,ACTIVE,Robo-Pong November 2017 BTTC Open,1848.0,1858.0,2017-11-04,2017-11-05
3729,Steve,Federico,2093,5724,"Pembroke Pines, FL","Broward Table Tennis Club, Inc.",1637,2024-07-07,0,,ACTIVE,Robopong April 2017 BTTC Open,1835.0,1856.0,2017-04-29,2017-04-30
3729,Steve,Federico,2093,5724,"Pembroke Pines, FL","Broward Table Tennis Club, Inc.",1637,2024-07-07,0,,ACTIVE,Robopong October 2016 Broward TTC Open,1896.0,1859.0,2016-10-22,2016-10-23
3729,Steve,Federico,2093,5724,"Pembroke Pines, FL","Broward Table Tennis Club, Inc.",1637,2024-07-07,0,,ACTIVE,Robopong June 2016 Marty Prager Memorial BTTC Open,1829.0,1820.0,2016-06-24,2016-06-26
3729,Steve,Federico,2093,5724,"Pembroke Pines, FL","Broward Table Tennis Club, Inc.",1637,2024-07-07,0,,ACTIVE,Robopong January 2016 Broward Table Tennis Club Open,1907.0,1885.0,2016-01-16,2016-01-17
3729,Steve,Federico,2093,5724,"Pembroke Pines, FL","Broward Table Tennis Club, Inc.",1637,2024-07-07,0,,ACTIVE,Robo Pong April 2015 BTTC Open,1939.0,1960.0,2015-04-18,
3729,Steve,Federico,2093,5724,"Pembroke Pines, FL","Broward Table Tennis Club, Inc.",1637,2024-07-07,0,,ACTIVE,Robo-Pong October 2014 BTTC Open,1854.0,1829.0,2014-10-19,
3729,Steve,Federico,2093,5724,"Pembroke Pines, FL","Broward Table Tennis Club, Inc.",1637,2024-07-07,0,,ACTIVE,Robo-Pong September 2014 BTTC Open,1842.0,1854.0,2014-09-14,
3729,Steve,Federico,2093,5724,"Pembroke Pines, FL","Broward Table Tennis Club, Inc.",1637,2024-07-07,0,,ACTIVE,Robo-Pong August 2014 BTTC Open,1825.0,1842.0,2014-08-03,
3729,Steve,Federico,2093,5724,"Pembroke Pines, FL","Broward Table Tennis Club, Inc.",1637,2024-07-07,0,,ACTIVE,Robo-Pong March 2014 BTTC Open,1849.0,1820.0,2014-03-02,
3729,Steve,Federico,2093,5724,"Pembroke Pines, FL","Broward Table Tennis Club, Inc.",1637,2024-07-07,0,,ACTIVE,Robopong June 2013 BTTC Open,1909.0,1898.0,2013-06-02,
3729,Steve,Federico,2093,5724,"Pembroke Pines, FL","Broward Table Tennis Club, Inc.",1637,2024-07-07,0,,ACTIVE,Robopong February 2013 Broward TTC Open,1899.0,1887.0,2013-02-17,
3729,Steve,Federico,2093,5724,"Pembroke Pines, FL","Broward Table Tennis Club, Inc.",1637,2024-07-07,0,,ACTIVE,RoboPong November 2012 Broward,1916.0,1952.0,2012-11-04,
3729,Steve,Federico,2093,5724,"Pembroke Pines, FL","Broward Table Tennis Club, Inc.",1637,2024-07-07,0,,ACTIVE,Robopong March 2012 BTTC Open,1987.0,1998.0,2012-03-18,
3729,Steve,Federico,2093,5724,"Pembroke Pines, FL","Broward Table Tennis Club, Inc.",1637,2024-07-07,0,,ACTIVE,Robopong January 2012 BTTC Open,2009.0,1987.0,2012-01-08,
3729,Steve,Federico,2093,5724,"Pembroke Pines, FL","Broward Table Tennis Club, Inc.",1637,2024-07-07,0,,ACTIVE,RoboPong Jan BTTC Open,1934.0,1974.0,2011-01-09,
3729,Steve,Federico,2093,5724,"Pembroke Pines, FL","Broward Table Tennis Club, Inc.",1637,2024-07-07,0,,ACTIVE,RoboPong 2010 Dec BTTC Open,1949.0,1934.0,2010-12-12,
3729,Steve,Federico,2093,5724,"Pembroke Pines, FL","Broward Table Tennis Club, Inc.",1637,2024-07-07,0,,ACTIVE,RoboPong November BTTC Open,1955.0,1949.0,2010-11-06,
3729,Steve,Federico,2093,5724,"Pembroke Pines, FL","Broward Table Tennis Club, Inc.",1637,2024-07-07,0,,ACTIVE,RoboPong October BTTC Open,1998.0,1955.0,2010-10-03,
3729,Steve,Federico,2093,5724,"Pembroke Pines, FL","Broward Table Tennis Club, Inc.",1637,2024-07-07,0,,ACTIVE,April 2010 Broward TT Open,2020.0,1998.0,2010-04-25,
3729,Steve,Federico,2093,5724,"Pembroke Pines, FL","Broward Table Tennis Club, Inc.",1637,2024-07-07,0,,ACTIVE,February '10 Broward TTO,2010.0,2027.0,2010-02-14,
3729,Steve,Federico,2093,5724,"Pembroke Pines, FL","Broward Table Tennis Club, Inc.",1637,2024-07-07,0,,ACTIVE,December 09 Broward TTO,1980.0,2007.0,2009-12-06,
3729,Steve,Federico,2093,5724,"Pembroke Pines, FL","Broward Table Tennis Club, Inc.",1637,2024-07-07,0,,ACTIVE,September '09 Broward TT Open,1997.0,2049.0,2009-10-04,
3729,Steve,Federico,2093,5724,"Pembroke Pines, FL","Broward Table Tennis Club, Inc.",1637,2024-07-07,0,,ACTIVE,Broward TT Open,2010.0,1994.0,2009-07-26,
3729,Steve,Federico,2093,5724,"Pembroke Pines, FL","Broward Table Tennis Club, Inc.",1637,2024-07-07,0,,ACTIVE,April 09 Broward TT Open,2038.0,2002.0,2009-04-05,
3729,Steve,Federico,2093,5724,"Pembroke Pines, FL","Broward Table Tennis Club, Inc.",1637,2024-07-07,0,,ACTIVE,March 09 Broward TT Open,1994.0,2038.0,2009-03-08,
3729,Steve,Federico,2093,5724,"Pembroke Pines, FL","Broward Table Tennis Club, Inc.",1637,2024-07-07,0,,ACTIVE,February Broward TT Open,2016.0,2008.0,2009-02-07,
3729,Steve,Federico,2093,5724,"Pembroke Pines, FL","Broward Table Tennis Club, Inc.",1637,2024-07-07,0,,ACTIVE,January '09 Broward TT Open,2029.0,2016.0,2009-01-11,
3729,Steve,Federico,2093,5724,"Pembroke Pines, FL","Broward Table Tennis Club, Inc.",1637,2024-07-07,0,,ACTIVE,December 08 Broward TT Open,2040.0,2029.0,2008-12-06,
3729,Steve,Federico,2093,5724,"Pembroke Pines, FL","Broward Table Tennis Club, Inc.",1637,2024-07-07,0,,ACTIVE,November Broward TT Open,2043.0,2059.0,2008-11-15,
3729,Steve,Federico,2093,5724,"Pembroke Pines, FL","Broward Table Tennis Club, Inc.",1637,2024-07-07,0,,ACTIVE,2008 Broward TTWinter Open,2071.0,2011.0,2008-01-06,
3729,Steve,Federico,2093,5724,"Pembroke Pines, FL","Broward Table Tennis Club, Inc.",1637,2024-07-07,0,,ACTIVE,2007 Summer Broward TT Open,2005.0,2015.0,2007-08-05,
3729,Steve,Federico,2093,5724,"Pembroke Pines, FL","Broward Table Tennis Club, Inc.",1637,2024-07-07,0,,ACTIVE,2007 Winter Broward TT Open,2054.0,2050.0,2007-01-07,
3729,Steve,Federico,2093,5724,"Pembroke Pines, FL","Broward Table Tennis Club, Inc.",1637,2024-07-07,0,,ACTIVE,Summer 2006 Broward TT Open,2032.0,2050.0,2006-07-31,
3729,Steve,Federico,2093,5724,"Pembroke Pines, FL","Broward Table Tennis Club, Inc.",1637,2024-07-07,0,,ACTIVE,2006 Winter Broward Open,1986.0,1987.0,2006-01-08,
3729,Steve,Federico,2093,5724,"Pembroke Pines, FL","Broward Table Tennis Club, Inc.",1637,2024-07-07,0,,ACTIVE,2005 Summer Broward TT Open,2006.0,1992.0,2005-08-14,
3729,Steve,Federico,2093,5724,"Pembroke Pines, FL","Broward Table Tennis Club, Inc.",1637,2024-07-07,0,,ACTIVE,2004 Inaugural Spring Broward ,2022.0,2003.0,2004-05-23,
3744,Leo,Kol,172095,1172095,Hollywood,,1636,2024-07-21,0,,ACTIVE,Butterfly 2024 February BTTC Tournament,1446.0,1542.0,2024-02-09,2024-02-11
3744,Leo,Kol,172095,1172095,Hollywood,,1636,2024-07-21,0,,ACTIVE,Butterfly 2023 February BTTC,1550.0,1523.0,2023-02-10,2023-02-12
3744,Leo,Kol,172095,1172095,Hollywood,,1636,2024-07-21,0,,ACTIVE,Butterfly 2022 BTTC Fall Open Tournament,1525.0,1548.0,2022-09-30,2022-10-02
3744,Leo,Kol,172095,1172095,Hollywood,,1636,2024-07-21,0,,ACTIVE,Butterfly January 2022 BTTC Open Tournament,1525.0,1516.0,2022-01-29,2022-01-30
3744,Leo,Kol,172095,1172095,Hollywood,,1636,2024-07-21,0,,ACTIVE,Carmel Barrau 2021 December BTTC Open Tournament,1529.0,1525.0,2021-12-10,2021-12-12
3744,Leo,Kol,172095,1172095,Hollywood,,1636,2024-07-21,0,,ACTIVE,Butterfly 2021 September BTTC Open,1533.0,1529.0,2021-09-24,2021-09-26
3754,Eduardo,Cardenas,14099,88181,"Hialeah, FL",,1635,2024-05-20,0,,ACTIVE,Carmel Barrau 2021 December BTTC Open Tournament,1681.0,1715.0,2021-12-10,2021-12-12
3754,Eduardo,Cardenas,14099,88181,"Hialeah, FL",,1635,2024-05-20,0,,ACTIVE,Butterfly 2019 December BTTC Open Tournament,1624.0,1668.0,2019-12-15,2019-12-15
3754,Eduardo,Cardenas,14099,88181,"Hialeah, FL",,1635,2024-05-20,0,,ACTIVE,Butterfly 2019 October BTTC Tournament,1620.0,1624.0,2019-10-11,2019-10-13
3754,Eduardo,Cardenas,14099,88181,"Hialeah, FL",,1635,2024-05-20,0,,ACTIVE,Butterfly 2019 June BTTC Open Tournament,1630.0,1620.0,2019-06-23,2019-06-23
3754,Eduardo,Cardenas,14099,88181,"Hialeah, FL",,1635,2024-05-20,0,,ACTIVE,BUTTERFLY APRIL 2019 BTTC OPEN,1710.0,1630.0,2019-04-12,2019-04-14
3754,Eduardo,Cardenas,14099,88181,"Hialeah, FL",,1635,2024-05-20,0,,ACTIVE,Butterfly February 2019 BTTC Open,1619.0,1710.0,2019-02-15,2019-02-15
3754,Eduardo,Cardenas,14099,88181,"Hialeah, FL",,1635,2024-05-20,0,,ACTIVE,BUTTERFLY OCTOBER 2018 BTTC OPEN,1623.0,1619.0,2018-10-13,2018-10-13
3754,Eduardo,Cardenas,14099,88181,"Hialeah, FL",,1635,2024-05-20,0,,ACTIVE,Butterfly 2018 August BTTC Open Tournament,1677.0,1623.0,2018-08-11,2018-08-12
3754,Eduardo,Cardenas,14099,88181,"Hialeah, FL",,1635,2024-05-20,0,,ACTIVE,Butterfly April 2018 BTTC Open,1750.0,1677.0,2018-04-14,2018-04-15
3754,Eduardo,Cardenas,14099,88181,"Hialeah, FL",,1635,2024-05-20,0,,ACTIVE,Robopong December 2017 BTTC Open,1759.0,1750.0,2017-12-15,2017-12-17
3754,Eduardo,Cardenas,14099,88181,"Hialeah, FL",,1635,2024-05-20,0,,ACTIVE,Robo-Pong November 2017 BTTC Open,1773.0,1759.0,2017-11-04,2017-11-05
3754,Eduardo,Cardenas,14099,88181,"Hialeah, FL",,1635,2024-05-20,0,,ACTIVE,Robopong September 2017 BTTC Open,1805.0,1773.0,2017-09-02,2017-09-03
3754,Eduardo,Cardenas,14099,88181,"Hialeah, FL",,1635,2024-05-20,0,,ACTIVE,Robopong April 2017 BTTC Open,1805.0,1805.0,2017-04-29,2017-04-30
3754,Eduardo,Cardenas,14099,88181,"Hialeah, FL",,1635,2024-05-20,0,,ACTIVE,Robopong February 2017 BTTC Team Tournament,1847.0,1805.0,2017-02-11,2017-02-12
3754,Eduardo,Cardenas,14099,88181,"Hialeah, FL",,1635,2024-05-20,0,,ACTIVE,Robopong October 2016 Broward TTC Open,1875.0,1841.0,2016-10-22,2016-10-23
3754,Eduardo,Cardenas,14099,88181,"Hialeah, FL",,1635,2024-05-20,0,,ACTIVE,Robopong June 2016 Marty Prager Memorial BTTC Open,1879.0,1875.0,2016-06-24,2016-06-26
3754,Eduardo,Cardenas,14099,88181,"Hialeah, FL",,1635,2024-05-20,0,,ACTIVE,Robo Pong October 2015 BTTC Open,1633.0,1879.0,2015-11-01,
3754,Eduardo,Cardenas,14099,88181,"Hialeah, FL",,1635,2024-05-20,0,,ACTIVE,Robo Pong April 2015 BTTC Open,1638.0,1633.0,2015-04-18,
3754,Eduardo,Cardenas,14099,88181,"Hialeah, FL",,1635,2024-05-20,0,,ACTIVE,Robo Pong February 2015 BTTC Open,1633.0,1638.0,2015-02-08,
3754,Eduardo,Cardenas,14099,88181,"Hialeah, FL",,1635,2024-05-20,0,,ACTIVE,Robo-Pong October 2014 BTTC Open,1652.0,1633.0,2014-10-19,
3754,Eduardo,Cardenas,14099,88181,"Hialeah, FL",,1635,2024-05-20,0,,ACTIVE,Robo-Pong September 2014 BTTC Open,1680.0,1652.0,2014-09-14,
3754,Eduardo,Cardenas,14099,88181,"Hialeah, FL",,1635,2024-05-20,0,,ACTIVE,Robopong January 2013 Broward TTC Open,1695.0,1680.0,2013-01-13,
3754,Eduardo,Cardenas,14099,88181,"Hialeah, FL",,1635,2024-05-20,0,,ACTIVE,RoboPong December 2012 Broward,1715.0,1695.0,2012-12-09,
3754,Eduardo,Cardenas,14099,88181,"Hialeah, FL",,1635,2024-05-20,0,,ACTIVE,Robopong July 2012 Broward TTC,1503.0,1715.0,2012-07-29,
3754,Eduardo,Cardenas,14099,88181,"Hialeah, FL",,1635,2024-05-20,0,,ACTIVE,Robopong May 2012 Broward TTC Open,1461.0,1505.0,2012-05-27,
3754,Eduardo,Cardenas,14099,88181,"Hialeah, FL",,1635,2024-05-20,0,,ACTIVE,Robopong April 2012 Broward TTC Open,0.0,1461.0,2012-04-22,
3757,Artie,Sanders,6781,95959,"San Antonio, TX",San Antonio Table Tennis Club,1635,2024-01-06,0,,ACTIVE,Butterfly 2019 June BTTC Open Tournament,1683.0,1731.0,2019-06-23,2019-06-23
3795,Leonid,Polishuk,6191,83354,"Blue Bell, PA",Trolley Car Table Tennis Club,1630,2023-12-21,1826,2018-07-31,ACTIVE,Carmel Barrau 2021 December BTTC Open Tournament,1825.0,1717.0,2021-12-10,2021-12-12
3795,Leonid,Polishuk,6191,83354,"Blue Bell, PA",Trolley Car Table Tennis Club,1630,2023-12-21,1826,2018-07-31,ACTIVE,Butterfly 2020 February BTTC Tournament,1821.0,1823.0,2020-02-21,2020-02-23
3795,Leonid,Polishuk,6191,83354,"Blue Bell, PA",Trolley Car Table Tennis Club,1630,2023-12-21,1826,2018-07-31,ACTIVE,Butterfly 2019 December BTTC Open Tournament,1839.0,1821.0,2019-12-15,2019-12-15
3795,Leonid,Polishuk,6191,83354,"Blue Bell, PA",Trolley Car Table Tennis Club,1630,2023-12-21,1826,2018-07-31,ACTIVE,Butterfly April 2018 BTTC Open,1781.0,1824.0,2018-04-14,2018-04-15
3803,Diego,Torres,173688,1173688,Doral,,1629,2024-08-24,0,,ACTIVE,Butterfly 2024 February BTTC Tournament,1343.0,1361.0,2024-02-09,2024-02-11
3803,Diego,Torres,173688,1173688,Doral,,1629,2024-08-24,0,,ACTIVE,Carmel Barrau 2021 December BTTC Open Tournament,0.0,495.0,2021-12-10,2021-12-12
3804,Jean,Benoit,11900,88769,"El Portal, FL",,1629,2024-05-20,0,,ACTIVE,Butterfly 2024 February BTTC Tournament,1634.0,1636.0,2024-02-09,2024-02-11
3804,Jean,Benoit,11900,88769,"El Portal, FL",,1629,2024-05-20,0,,ACTIVE,Robopong July 2012 Broward TTC,0.0,1565.0,2012-07-29,
3808,Paul,Shih,7075,81397,"Hillsboro, OR",Paddle Palace Club,1629,2024-09-08,1632,2023-08-19,ACTIVE,2015 BTTC Fall Open,1351.0,1485.0,2015-09-20,
3809,Harvey,Gutman,2727,6323,"West Orange, NJ",,1629,2018-05-06,1815,2019-12-06,ACTIVE,Robopong February 2012 Broward Table Tennis Open,1936.0,1868.0,2012-02-12,
3817,Neville,Brabrook,12934,61823,"Altamonte Springs, FL",Central Florida Table Tennis,1628,2023-07-01,0,,ACTIVE,Robopong February 2017 BTTC Team Tournament,1646.0,1631.0,2017-02-11,2017-02-12
3817,Neville,Brabrook,12934,61823,"Altamonte Springs, FL",Central Florida Table Tennis,1628,2023-07-01,0,,ACTIVE,Robopong October 2016 Broward TTC Open,1648.0,1646.0,2016-10-22,2016-10-23
3864,Boanerges,Amon,10106,25673,"Miramar, FL",Florida Youth Table Tennis Association,1623,2024-07-21,1770,2007-06-22,ACTIVE,Butterfly January 2022 BTTC Open Tournament,1769.0,1713.0,2022-01-29,2022-01-30
3864,Boanerges,Amon,10106,25673,"Miramar, FL",Florida Youth Table Tennis Association,1623,2024-07-21,1770,2007-06-22,ACTIVE,Robopong September 2017 BTTC Open,1786.0,1769.0,2017-09-02,2017-09-03
3864,Boanerges,Amon,10106,25673,"Miramar, FL",Florida Youth Table Tennis Association,1623,2024-07-21,1770,2007-06-22,ACTIVE,Robo Pong February 2015 BTTC Open,1793.0,1786.0,2015-02-08,
3864,Boanerges,Amon,10106,25673,"Miramar, FL",Florida Youth Table Tennis Association,1623,2024-07-21,1770,2007-06-22,ACTIVE,2008 Broward TTWinter Open,1877.0,1891.0,2008-01-06,
3864,Boanerges,Amon,10106,25673,"Miramar, FL",Florida Youth Table Tennis Association,1623,2024-07-21,1770,2007-06-22,ACTIVE,2007 Summer Broward TT Open,1852.0,1877.0,2007-08-05,
3864,Boanerges,Amon,10106,25673,"Miramar, FL",Florida Youth Table Tennis Association,1623,2024-07-21,1770,2007-06-22,ACTIVE,2007 Winter Broward TT Open,1741.0,1842.0,2007-01-07,
3864,Boanerges,Amon,10106,25673,"Miramar, FL",Florida Youth Table Tennis Association,1623,2024-07-21,1770,2007-06-22,ACTIVE,2005 Summer Broward TT Open,1706.0,1741.0,2005-08-14,
3864,Boanerges,Amon,10106,25673,"Miramar, FL",Florida Youth Table Tennis Association,1623,2024-07-21,1770,2007-06-22,ACTIVE,2005 Winter Broward TT Open,1722.0,1702.0,2005-01-09,
3864,Boanerges,Amon,10106,25673,"Miramar, FL",Florida Youth Table Tennis Association,1623,2024-07-21,1770,2007-06-22,ACTIVE,2004 Inaugural Spring Broward ,1722.0,1722.0,2004-05-23,
3904,Jim,Weisbecker,8397,28820,"The Villages, FL",Ocala Table Tennis Club,1617,2018-03-02,1549,2012-11-01,ACTIVE,2007 Winter Broward TT Open,1733.0,1661.0,2007-01-07,
3904,Jim,Weisbecker,8397,28820,"The Villages, FL",Ocala Table Tennis Club,1617,2018-03-02,1549,2012-11-01,ACTIVE,Summer 2006 Broward TT Open,1649.0,1697.0,2006-07-31,
3904,Jim,Weisbecker,8397,28820,"The Villages, FL",Ocala Table Tennis Club,1617,2018-03-02,1549,2012-11-01,ACTIVE,2005 Summer Broward TT Open,1670.0,1660.0,2005-08-14,
3913,Tsenaye,Lewis,122343,221343,Kingston 8,,1616,2022-12-30,0,,ACTIVE,Carmel Barrau 2021 December BTTC Open Tournament,990.0,1653.0,2021-12-10,2021-12-12
3926,Justin,Ma,102773,201773,"San Diego, CA",,1614,2021-11-21,0,,ACTIVE,Butterfly April 2018 BTTC Open,1516.0,1616.0,2018-04-14,2018-04-15
3926,Justin,Ma,102773,201773,"San Diego, CA",,1614,2021-11-21,0,,ACTIVE,Butterfly February 2018 BTTC Open,1545.0,1561.0,2018-02-10,2018-02-11
3926,Justin,Ma,102773,201773,"San Diego, CA",,1614,2021-11-21,0,,ACTIVE,Robopong September 2017 BTTC Open,1627.0,1558.0,2017-09-02,2017-09-03
3926,Justin,Ma,102773,201773,"San Diego, CA",,1614,2021-11-21,0,,ACTIVE,Robopong April 2017 BTTC Open,1667.0,1672.0,2017-04-29,2017-04-30
3926,Justin,Ma,102773,201773,"San Diego, CA",,1614,2021-11-21,0,,ACTIVE,Robopong January 2016 Broward Table Tennis Club Open,0.0,1771.0,2016-01-16,2016-01-17
3929,Jerry,Soderberg,7274,26223,"Boca Raton, FL","Broward Table Tennis Club, Inc.",1613,2019-08-25,0,,ACTIVE,February '10 Broward TTO,1717.0,1639.0,2010-02-14,
3929,Jerry,Soderberg,7274,26223,"Boca Raton, FL","Broward Table Tennis Club, Inc.",1613,2019-08-25,0,,ACTIVE,2007 Winter Broward TT Open,1712.0,1717.0,2007-01-07,
3929,Jerry,Soderberg,7274,26223,"Boca Raton, FL","Broward Table Tennis Club, Inc.",1613,2019-08-25,0,,ACTIVE,Summer 2006 Broward TT Open,1723.0,1712.0,2006-07-31,
3929,Jerry,Soderberg,7274,26223,"Boca Raton, FL","Broward Table Tennis Club, Inc.",1613,2019-08-25,0,,ACTIVE,2005 Winter Broward TT Open,1719.0,1706.0,2005-01-09,
3959,Anthony,O'Neal,39166,70367,"Seattle, WA",,1609,2024-06-16,1701,2024-04-13,ACTIVE,2018 BTTC Fall Open,1664.0,1709.0,2018-10-20,2018-10-21
3971,Saed,Khalil,174497,1174497,Boca Raton,,1607,2024-07-21,0,,ACTIVE,Butterfly 2024 February BTTC Tournament,1493.0,1509.0,2024-02-09,2024-02-11
3971,Saed,Khalil,174497,1174497,Boca Raton,,1607,2024-07-21,0,,ACTIVE,Butterfly 2023 February BTTC,1354.0,1377.0,2023-02-10,2023-02-12
3972,Ken,Kwong,88482,60685,"Renton, WA",Seattle Pacific Table Tennis Club,1607,2023-03-05,1808,2023-07-22,ACTIVE,2018 BTTC Fall Open,1493.0,1494.0,2018-10-20,2018-10-21
3972,Ken,Kwong,88482,60685,"Renton, WA",Seattle Pacific Table Tennis Club,1607,2023-03-05,1808,2023-07-22,ACTIVE,2018 BTTC Summer Open,1502.0,1502.0,2018-07-21,2018-07-22
3972,Ken,Kwong,88482,60685,"Renton, WA",Seattle Pacific Table Tennis Club,1607,2023-03-05,1808,2023-07-22,ACTIVE,2018 BTTC Spring Open,1463.0,1502.0,2018-04-21,2018-04-22
3978,Juan,Carrasquel,173670,1173670,Doral,,1606,2024-08-24,0,,ACTIVE,Butterfly 2024 February BTTC Tournament,1519.0,1559.0,2024-02-09,2024-02-11
3978,Juan,Carrasquel,173670,1173670,Doral,,1606,2024-08-24,0,,ACTIVE,Butterfly 2023 February BTTC,1394.0,1391.0,2023-02-10,2023-02-12
3978,Juan,Carrasquel,173670,1173670,Doral,,1606,2024-08-24,0,,ACTIVE,Butterfly 2022 BTTC Fall Open Tournament,1293.0,1337.0,2022-09-30,2022-10-02
3978,Juan,Carrasquel,173670,1173670,Doral,,1606,2024-08-24,0,,ACTIVE,Butterfly January 2022 BTTC Open Tournament,618.0,612.0,2022-01-29,2022-01-30
3978,Juan,Carrasquel,173670,1173670,Doral,,1606,2024-08-24,0,,ACTIVE,Carmel Barrau 2021 December BTTC Open Tournament,0.0,618.0,2021-12-10,2021-12-12
3996,Anton,Shapovalov,7008,76847,"Bellevue, WA",Seattle Pacific Table Tennis Club,1603,2018-06-23,1647,2024-07-06,ACTIVE,2018 BTTC Spring Open,1547.0,1567.0,2018-04-21,2018-04-22
3996,Anton,Shapovalov,7008,76847,"Bellevue, WA",Seattle Pacific Table Tennis Club,1603,2018-06-23,1647,2024-07-06,ACTIVE,2017 BTTC Summer Open,1544.0,1589.0,2017-06-10,2017-06-11
3996,Anton,Shapovalov,7008,76847,"Bellevue, WA",Seattle Pacific Table Tennis Club,1603,2018-06-23,1647,2024-07-06,ACTIVE,2015 BTTC Fall Open,1442.0,1454.0,2015-09-20,
3996,Anton,Shapovalov,7008,76847,"Bellevue, WA",Seattle Pacific Table Tennis Club,1603,2018-06-23,1647,2024-07-06,ACTIVE,2015 BTTC Summer Open,1353.0,1442.0,2015-06-21,
4010,Harry,Muller,5449,81855,"Jacksonville, VA",Newport News Table Tennis Club,1601,2024-03-24,0,,ACTIVE,Carmel Barrau 2021 December BTTC Open Tournament,1620.0,1561.0,2021-12-10,2021-12-12
4010,Harry,Muller,5449,81855,"Jacksonville, VA",Newport News Table Tennis Club,1601,2024-03-24,0,,ACTIVE,Robopong October 2016 Broward TTC Open,1505.0,1555.0,2016-10-22,2016-10-23
4010,Harry,Muller,5449,81855,"Jacksonville, VA",Newport News Table Tennis Club,1601,2024-03-24,0,,ACTIVE,Robopong January 2016 Broward Table Tennis Club Open,1582.0,1570.0,2016-01-16,2016-01-17
4010,Harry,Muller,5449,81855,"Jacksonville, VA",Newport News Table Tennis Club,1601,2024-03-24,0,,ACTIVE,Robo Pong October 2015 BTTC Open,1459.0,1570.0,2015-11-01,
4010,Harry,Muller,5449,81855,"Jacksonville, VA",Newport News Table Tennis Club,1601,2024-03-24,0,,ACTIVE,Robo Pong September 2015 BTTC Open,1529.0,1520.0,2015-09-06,
4010,Harry,Muller,5449,81855,"Jacksonville, VA",Newport News Table Tennis Club,1601,2024-03-24,0,,ACTIVE,Robo-Pong May 2014 BTTC Open,1552.0,1510.0,2014-05-18,
4010,Harry,Muller,5449,81855,"Jacksonville, VA",Newport News Table Tennis Club,1601,2024-03-24,0,,ACTIVE,Robo-Pong March 2014 BTTC Open,1547.0,1552.0,2014-03-02,
4010,Harry,Muller,5449,81855,"Jacksonville, VA",Newport News Table Tennis Club,1601,2024-03-24,0,,ACTIVE,RoboPong November BTTC Open,1466.0,1388.0,2010-11-06,
4010,Harry,Muller,5449,81855,"Jacksonville, VA",Newport News Table Tennis Club,1601,2024-03-24,0,,ACTIVE,RoboPong October BTTC Open,1466.0,1466.0,2010-10-03,
4010,Harry,Muller,5449,81855,"Jacksonville, VA",Newport News Table Tennis Club,1601,2024-03-24,0,,ACTIVE,April 2010 Broward TT Open,1451.0,1466.0,2010-04-25,
4010,Harry,Muller,5449,81855,"Jacksonville, VA",Newport News Table Tennis Club,1601,2024-03-24,0,,ACTIVE,March '10 Broward TTO,1394.0,1451.0,2010-03-14,
4039,Jianxia,Xiao,8676,96071,"Bellevue, WA",,1598,2023-12-10,1686,2024-08-31,ACTIVE,2018 BTTC Fall Open,1507.0,1528.0,2018-10-20,2018-10-21
4039,Jianxia,Xiao,8676,96071,"Bellevue, WA",,1598,2023-12-10,1686,2024-08-31,ACTIVE,2018 BTTC Summer Open,1466.0,1507.0,2018-07-21,2018-07-22
4039,Jianxia,Xiao,8676,96071,"Bellevue, WA",,1598,2023-12-10,1686,2024-08-31,ACTIVE,2018 BTTC Spring Open,1471.0,1466.0,2018-04-21,2018-04-22
4039,Jianxia,Xiao,8676,96071,"Bellevue, WA",,1598,2023-12-10,1686,2024-08-31,ACTIVE,2017 BTTC Summer Open,1406.0,1405.0,2017-06-10,2017-06-11
4039,Jianxia,Xiao,8676,96071,"Bellevue, WA",,1598,2023-12-10,1686,2024-08-31,ACTIVE,2015 BTTC Spring Open,0.0,1335.0,2015-03-22,
4060,Samuel,Lim,32616,94295,"MUKILTEO, WA",,1595,2019-07-28,1571,2019-12-07,ACTIVE,2018 BTTC Summer Open,1594.0,1547.0,2018-07-21,2018-07-22
4060,Samuel,Lim,32616,94295,"MUKILTEO, WA",,1595,2019-07-28,1571,2019-12-07,ACTIVE,2018 BTTC Spring Open,1504.0,1594.0,2018-04-21,2018-04-22
4060,Samuel,Lim,32616,94295,"MUKILTEO, WA",,1595,2019-07-28,1571,2019-12-07,ACTIVE,2017 BTTC Summer Open,1375.0,1468.0,2017-06-10,2017-06-11
4077,Kyle,Moyant,37187,82256,"Carlsbad, NM",El Paso Table Tennis Club,1592,2024-07-27,0,,ACTIVE,Robo-Pong October 2014 BTTC Open,1578.0,1610.0,2014-10-19,
4077,Kyle,Moyant,37187,82256,"Carlsbad, NM",El Paso Table Tennis Club,1592,2024-07-27,0,,ACTIVE,Robo-Pong May 2014 BTTC Open,1508.0,1542.0,2014-05-18,
4077,Kyle,Moyant,37187,82256,"Carlsbad, NM",El Paso Table Tennis Club,1592,2024-07-27,0,,ACTIVE,Robo-Pong March 2014 BTTC Open,1555.0,1546.0,2014-03-02,
4077,Kyle,Moyant,37187,82256,"Carlsbad, NM",El Paso Table Tennis Club,1592,2024-07-27,0,,ACTIVE,March '10 Broward TTO,0.0,861.0,2010-03-14,
4088,Qingyue,Li,125162,224162,"Medina, WA",,1591,2024-06-30,1754,2024-09-07,ACTIVE,2018 BTTC Fall Open,902.0,1374.0,2018-10-20,2018-10-21
4088,Qingyue,Li,125162,224162,"Medina, WA",,1591,2024-06-30,1754,2024-09-07,ACTIVE,2018 BTTC Summer Open,0.0,902.0,2018-07-21,2018-07-22
4095,Carlos,Sujo,7496,79380,"MIAMI, FL","Broward Table Tennis Club, Inc.",1589,2024-03-31,0,,ACTIVE,Butterfly 2022 BTTC Fall Open Tournament,1680.0,1648.0,2022-09-30,2022-10-02
4095,Carlos,Sujo,7496,79380,"MIAMI, FL","Broward Table Tennis Club, Inc.",1589,2024-03-31,0,,ACTIVE,Butterfly 2020 February BTTC Tournament,1687.0,1680.0,2020-02-21,2020-02-23
4095,Carlos,Sujo,7496,79380,"MIAMI, FL","Broward Table Tennis Club, Inc.",1589,2024-03-31,0,,ACTIVE,Butterfly 2019 June BTTC Open Tournament,1685.0,1687.0,2019-06-23,2019-06-23
4095,Carlos,Sujo,7496,79380,"MIAMI, FL","Broward Table Tennis Club, Inc.",1589,2024-03-31,0,,ACTIVE,Robopong June 2016 Marty Prager Memorial BTTC Open,1734.0,1685.0,2016-06-24,2016-06-26
4095,Carlos,Sujo,7496,79380,"MIAMI, FL","Broward Table Tennis Club, Inc.",1589,2024-03-31,0,,ACTIVE,Robo Pong September 2015 BTTC Open,1746.0,1734.0,2015-09-06,
4095,Carlos,Sujo,7496,79380,"MIAMI, FL","Broward Table Tennis Club, Inc.",1589,2024-03-31,0,,ACTIVE,Robo-Pong March 2014 BTTC Open,1778.0,1751.0,2014-03-02,
4095,Carlos,Sujo,7496,79380,"MIAMI, FL","Broward Table Tennis Club, Inc.",1589,2024-03-31,0,,ACTIVE,Robopong December 2013 BTTC Open,1792.0,1778.0,2013-12-08,
4095,Carlos,Sujo,7496,79380,"MIAMI, FL","Broward Table Tennis Club, Inc.",1589,2024-03-31,0,,ACTIVE,Robopong January 2012 BTTC Open,1575.0,1613.0,2012-01-08,
4095,Carlos,Sujo,7496,79380,"MIAMI, FL","Broward Table Tennis Club, Inc.",1589,2024-03-31,0,,ACTIVE,RoboPong Jan BTTC Open,1656.0,1644.0,2011-01-09,
4095,Carlos,Sujo,7496,79380,"MIAMI, FL","Broward Table Tennis Club, Inc.",1589,2024-03-31,0,,ACTIVE,RoboPong 2010 Dec BTTC Open,1622.0,1656.0,2010-12-12,
4095,Carlos,Sujo,7496,79380,"MIAMI, FL","Broward Table Tennis Club, Inc.",1589,2024-03-31,0,,ACTIVE,RoboPong October BTTC Open,1614.0,1622.0,2010-10-03,
4095,Carlos,Sujo,7496,79380,"MIAMI, FL","Broward Table Tennis Club, Inc.",1589,2024-03-31,0,,ACTIVE,RoboPong August 2010 BTTC Open,1515.0,1614.0,2010-08-22,
4095,Carlos,Sujo,7496,79380,"MIAMI, FL","Broward Table Tennis Club, Inc.",1589,2024-03-31,0,,ACTIVE,May 2010 Broward TT Open,1499.0,1515.0,2010-05-23,
4095,Carlos,Sujo,7496,79380,"MIAMI, FL","Broward Table Tennis Club, Inc.",1589,2024-03-31,0,,ACTIVE,March '10 Broward TTO,1566.0,1499.0,2010-03-14,
4095,Carlos,Sujo,7496,79380,"MIAMI, FL","Broward Table Tennis Club, Inc.",1589,2024-03-31,0,,ACTIVE,December 09 Broward TTO,1573.0,1557.0,2009-12-06,
4095,Carlos,Sujo,7496,79380,"MIAMI, FL","Broward Table Tennis Club, Inc.",1589,2024-03-31,0,,ACTIVE,October '09 Broward TT Open,1614.0,1573.0,2009-11-01,
4095,Carlos,Sujo,7496,79380,"MIAMI, FL","Broward Table Tennis Club, Inc.",1589,2024-03-31,0,,ACTIVE,September '09 Broward TT Open,1696.0,1614.0,2009-10-04,
4095,Carlos,Sujo,7496,79380,"MIAMI, FL","Broward Table Tennis Club, Inc.",1589,2024-03-31,0,,ACTIVE,Broward TT Open,1518.0,1696.0,2009-07-26,
4095,Carlos,Sujo,7496,79380,"MIAMI, FL","Broward Table Tennis Club, Inc.",1589,2024-03-31,0,,ACTIVE,March 09 Broward TT Open,0.0,1535.0,2009-03-08,
4167,Stanley,Tang,48772,87800,"Austin, AZ",,1578,2023-04-02,1637,2024-04-10,ACTIVE,Robopong December 2013 BTTC Open,1123.0,1140.0,2013-12-08,
4167,Stanley,Tang,48772,87800,"Austin, AZ",,1578,2023-04-02,1637,2024-04-10,ACTIVE,Robopong July 2012 Broward TTC,1145.0,1172.0,2012-07-29,
4167,Stanley,Tang,48772,87800,"Austin, AZ",,1578,2023-04-02,1637,2024-04-10,ACTIVE,Robopong May 2012 Broward TTC Open,1244.0,1203.0,2012-05-27,
4167,Stanley,Tang,48772,87800,"Austin, AZ",,1578,2023-04-02,1637,2024-04-10,ACTIVE,Robopong March 2012 BTTC Open,0.0,1325.0,2012-03-18,
4180,Tailian,Chen,100339,199339,"Spokane, WA",West Central Table Tennis,1576,2023-10-22,1538,2024-07-20,ACTIVE,2018 BTTC Fall Open,1651.0,1537.0,2018-10-20,2018-10-21
4190,Satoko,Wada,51468,74538,"Jacksonville, FL",,1574,2024-03-24,0,,ACTIVE,February Broward TT Open,1717.0,1747.0,2009-02-07,
4190,Satoko,Wada,51468,74538,"Jacksonville, FL",,1574,2024-03-24,0,,ACTIVE,2008 Broward TTWinter Open,1458.0,1437.0,2008-01-06,
4218,Alicia,Yu,118211,217211,"Bellevue, WA",,1570,2022-11-06,1852,2022-03-26,ACTIVE,2018 BTTC Fall Open,1035.0,999.0,2018-10-20,2018-10-21
4218,Alicia,Yu,118211,217211,"Bellevue, WA",,1570,2022-11-06,1852,2022-03-26,ACTIVE,2018 BTTC Spring Open,323.0,601.0,2018-04-21,2018-04-22
4218,Alicia,Yu,118211,217211,"Bellevue, WA",,1570,2022-11-06,1852,2022-03-26,ACTIVE,2017 BTTC Summer Open,306.0,281.0,2017-06-10,2017-06-11
4218,Alicia,Yu,118211,217211,"Bellevue, WA",,1570,2022-11-06,1852,2022-03-26,ACTIVE,2017 BTTC Spring Open,0.0,322.0,2017-03-25,2017-03-26
4239,Felix,Gonzalez,22689,31270,"Palm Harbor * *, FL",,1567,2024-08-10,1625,2004-11-06,ACTIVE,2007 Winter Broward TT Open,1763.0,1747.0,2007-01-07,
4239,Felix,Gonzalez,22689,31270,"Palm Harbor * *, FL",,1567,2024-08-10,1625,2004-11-06,ACTIVE,2005 Winter Broward TT Open,1578.0,1638.0,2005-01-09,
4239,Felix,Gonzalez,22689,31270,"Palm Harbor * *, FL",,1567,2024-08-10,1625,2004-11-06,ACTIVE,2004 Inaugural Spring Broward ,1677.0,1679.0,2004-05-23,
4252,Adolph,Barclay,102778,201778,"Miami, FL",305 TTC - Table Tennis Club LLC,1565,2024-02-24,0,,ACTIVE,Robopong January 2016 Broward Table Tennis Club Open,0.0,1579.0,2016-01-16,2016-01-17
4262,Max,Nasab,5524,29129,"Bellevue, WA",Washington Table Tennis Club,1564,2023-12-21,1766,2019-03-23,ACTIVE,2018 BTTC Summer Open,1657.0,1657.0,2018-07-21,2018-07-22
4262,Max,Nasab,5524,29129,"Bellevue, WA",Washington Table Tennis Club,1564,2023-12-21,1766,2019-03-23,ACTIVE,2018 BTTC Spring Open,1788.0,1656.0,2018-04-21,2018-04-22
4262,Max,Nasab,5524,29129,"Bellevue, WA",Washington Table Tennis Club,1564,2023-12-21,1766,2019-03-23,ACTIVE,2017 BTTC Summer Open,1778.0,1763.0,2017-06-10,2017-06-11
4262,Max,Nasab,5524,29129,"Bellevue, WA",Washington Table Tennis Club,1564,2023-12-21,1766,2019-03-23,ACTIVE,2017 BTTC Spring Open,1702.0,1796.0,2017-03-25,2017-03-26
4306,Cj,Werder,172713,1172713,"Naples, FL","Broward Table Tennis Club, Inc.",1557,2024-07-21,0,,ACTIVE,Butterfly 2023 February BTTC,1402.0,1419.0,2023-02-10,2023-02-12
4306,Cj,Werder,172713,1172713,"Naples, FL","Broward Table Tennis Club, Inc.",1557,2024-07-21,0,,ACTIVE,Butterfly 2022 BTTC Fall Open Tournament,1285.0,1368.0,2022-09-30,2022-10-02
4306,Cj,Werder,172713,1172713,"Naples, FL","Broward Table Tennis Club, Inc.",1557,2024-07-21,0,,ACTIVE,Butterfly January 2022 BTTC Open Tournament,1175.0,1283.0,2022-01-29,2022-01-30
4306,Cj,Werder,172713,1172713,"Naples, FL","Broward Table Tennis Club, Inc.",1557,2024-07-21,0,,ACTIVE,Carmel Barrau 2021 December BTTC Open Tournament,1158.0,1175.0,2021-12-10,2021-12-12
4306,Cj,Werder,172713,1172713,"Naples, FL","Broward Table Tennis Club, Inc.",1557,2024-07-21,0,,ACTIVE,Butterfly 2021 September BTTC Open,0.0,1130.0,2021-09-24,2021-09-26
4313,Chong,Pang,5929,83386,"Cypress, TX",Houston International Table Tennis Academy (HITTA),1555,2022-12-21,1697,2022-09-10,ACTIVE,Butterfly Dec 2018 BTTC Open,1470.0,1481.0,2018-12-14,2018-12-16
4354,Johnny,Ochsner,5765,32546,"Seattle, WA",Seattle Pacific Table Tennis Club,1550,2024-09-08,1689,2022-02-19,ACTIVE,2017 BTTC Summer Open,1803.0,1732.0,2017-06-10,2017-06-11
4354,Johnny,Ochsner,5765,32546,"Seattle, WA",Seattle Pacific Table Tennis Club,1550,2024-09-08,1689,2022-02-19,ACTIVE,2017 BTTC Spring Open,1635.0,1593.0,2017-03-25,2017-03-26
4366,Bob,Funkhouser,2294,74737,"Santa Fe, NM",Santa Fe Table Tennis Club,1549,2018-03-02,0,,ACTIVE,Robopong January 2016 Broward Table Tennis Club Open,1311.0,1349.0,2016-01-16,2016-01-17
4375,Lyonnel,Eugene,2028,3422,"Neptune, NJ",,1548,2024-09-08,1781,2023-07-28,ACTIVE,Butterfly 2018 August BTTC Open Tournament,1555.0,1553.0,2018-08-11,2018-08-12
4375,Lyonnel,Eugene,2028,3422,"Neptune, NJ",,1548,2024-09-08,1781,2023-07-28,ACTIVE,Robo-Pong May 2014 BTTC Open,1815.0,1737.0,2014-05-18,
4375,Lyonnel,Eugene,2028,3422,"Neptune, NJ",,1548,2024-09-08,1781,2023-07-28,ACTIVE,BTTC October Open,1633.0,1597.0,2010-10-24,
4375,Lyonnel,Eugene,2028,3422,"Neptune, NJ",,1548,2024-09-08,1781,2023-07-28,ACTIVE,BTTC September Open,1659.0,1663.0,2010-09-19,
4375,Lyonnel,Eugene,2028,3422,"Neptune, NJ",,1548,2024-09-08,1781,2023-07-28,ACTIVE,BTTC August Open,1669.0,1659.0,2010-08-22,
4375,Lyonnel,Eugene,2028,3422,"Neptune, NJ",,1548,2024-09-08,1781,2023-07-28,ACTIVE,2010 BTTC Open,1582.0,1669.0,2010-07-11,
4375,Lyonnel,Eugene,2028,3422,"Neptune, NJ",,1548,2024-09-08,1781,2023-07-28,ACTIVE,2010 BTTC Open,1614.0,1582.0,2010-06-06,
4375,Lyonnel,Eugene,2028,3422,"Neptune, NJ",,1548,2024-09-08,1781,2023-07-28,ACTIVE,2010 BTTC Open,1572.0,1603.0,2010-05-02,
4382,Bryan,Wells,179972,1179972,Pompano Beach,,1546,2024-07-21,0,,ACTIVE,Butterfly 2024 February BTTC Tournament,1245.0,1256.0,2024-02-09,2024-02-11
4387,Ebrahim,Aly,168,14471,"Plant City, FL",Tampa TTC,1546,2020-02-29,1632,2004-06-06,ACTIVE,2004 Inaugural Spring Broward ,1547.0,1571.0,2004-05-23,
4400,Andrei,Ilnitskii,117594,216594,"Bothell, WA",Seattle Pacific Table Tennis Club,1544,2024-09-08,1794,2023-12-02,ACTIVE,2018 BTTC Fall Open,1556.0,1587.0,2018-10-20,2018-10-21
4400,Andrei,Ilnitskii,117594,216594,"Bothell, WA",Seattle Pacific Table Tennis Club,1544,2024-09-08,1794,2023-12-02,ACTIVE,2018 BTTC Summer Open,1610.0,1592.0,2018-07-21,2018-07-22
4400,Andrei,Ilnitskii,117594,216594,"Bothell, WA",Seattle Pacific Table Tennis Club,1544,2024-09-08,1794,2023-12-02,ACTIVE,2018 BTTC Spring Open,1399.0,1393.0,2018-04-21,2018-04-22
4400,Andrei,Ilnitskii,117594,216594,"Bothell, WA",Seattle Pacific Table Tennis Club,1544,2024-09-08,1794,2023-12-02,ACTIVE,2017 BTTC Summer Open,1386.0,1384.0,2017-06-10,2017-06-11
4400,Andrei,Ilnitskii,117594,216594,"Bothell, WA",Seattle Pacific Table Tennis Club,1544,2024-09-08,1794,2023-12-02,ACTIVE,2017 BTTC Spring Open,1064.0,1104.0,2017-03-25,2017-03-26
4405,Alper,Uygur,174507,1174507,Doral,,1544,2024-07-21,0,,ACTIVE,Butterfly 2024 February BTTC Tournament,1539.0,1498.0,2024-02-09,2024-02-11
4405,Alper,Uygur,174507,1174507,Doral,,1544,2024-07-21,0,,ACTIVE,Butterfly 2023 February BTTC,1359.0,1373.0,2023-02-10,2023-02-12
4405,Alper,Uygur,174507,1174507,Doral,,1544,2024-07-21,0,,ACTIVE,Butterfly 2022 BTTC Fall Open Tournament,1307.0,1356.0,2022-09-30,2022-10-02
4481,Kamal,Parikh,5954,57020,"Chula Vista, CA",San Diego TTA,1534,2018-03-02,0,,ACTIVE,2005 Winter Broward TT Open,1820.0,1803.0,2005-01-09,
4518,Scott,Hunter,115854,214854,"Emmett, ID",Adam Davis,1530,2023-10-08,1155,2023-04-09,ACTIVE,2018 BTTC Summer Open,0.0,1440.0,2018-07-21,2018-07-22
4525,Paul,Hadfield,2740,6347,"Sherwood, AR",,1529,2023-10-21,1697,2014-04-23,ACTIVE,Emerald Coast Spring Open (Hosted by FWBTTC),1838.0,1806.0,2010-04-17,
4531,Philip,Sweeting,7572,18802,"Daytona Beach, FL",,1528,2024-08-10,1704,2008-03-13,ACTIVE,2007 Summer Broward TT Open,1695.0,1666.0,2007-08-05,
4531,Philip,Sweeting,7572,18802,"Daytona Beach, FL",,1528,2024-08-10,1704,2008-03-13,ACTIVE,Summer 2006 Broward TT Open,1642.0,1637.0,2006-07-31,
4531,Philip,Sweeting,7572,18802,"Daytona Beach, FL",,1528,2024-08-10,1704,2008-03-13,ACTIVE,2005 Winter Broward TT Open,1638.0,1630.0,2005-01-09,
4551,Cole,Ely,1976,27786,"Liberal, KS",,1525,2024-07-06,1767,2021-12-30,ACTIVE,Robo-Pong August 2014 BTTC Open,1617.0,1634.0,2014-08-03,
4569,Lionel,Melendez Garcia,176904,1176904,Aibonito,,1522,2024-07-21,0,,ACTIVE,Butterfly 2024 February BTTC Tournament,1617.0,1546.0,2024-02-09,2024-02-11
4569,Lionel,Melendez Garcia,176904,1176904,Aibonito,,1522,2024-07-21,0,,ACTIVE,Butterfly 2023 February BTTC,1472.0,1608.0,2023-02-10,2023-02-12
4569,Lionel,Melendez Garcia,176904,1176904,Aibonito,,1522,2024-07-21,0,,ACTIVE,Butterfly 2022 BTTC Fall Open Tournament,0.0,1472.0,2022-09-30,2022-10-02
4606,James,Radovich,41965,83481,"Bremerton, WA",Seattle Pacific Table Tennis Club,1518,2018-03-02,1295,2024-05-04,ACTIVE,2014 BTTC Summer Open,0.0,1519.0,2014-06-29,
4624,Sudan,Khalfani,123010,222010,,,1516,2024-05-20,0,,ACTIVE,Butterfly 2022 BTTC Fall Open Tournament,1554.0,1557.0,2022-09-30,2022-10-02
4624,Sudan,Khalfani,123010,222010,,,1516,2024-05-20,0,,ACTIVE,BUTTERFLY APRIL 2019 BTTC OPEN,1304.0,1536.0,2019-04-12,2019-04-14
4624,Sudan,Khalfani,123010,222010,,,1516,2024-05-20,0,,ACTIVE,Butterfly Dec 2018 BTTC Open,1287.0,1304.0,2018-12-14,2018-12-16
4624,Sudan,Khalfani,123010,222010,,,1516,2024-05-20,0,,ACTIVE,BUTTERFLY OCTOBER 2018 BTTC OPEN,1249.0,1287.0,2018-10-13,2018-10-13
4624,Sudan,Khalfani,123010,222010,,,1516,2024-05-20,0,,ACTIVE,Butterfly 2018 August BTTC Open Tournament,1191.0,1249.0,2018-08-11,2018-08-12
4624,Sudan,Khalfani,123010,222010,,,1516,2024-05-20,0,,ACTIVE,Butterfly February 2018 BTTC Open,0.0,1191.0,2018-02-10,2018-02-11
4636,Mikhail,Klyuchkin,62131,2175,"DELRAY BCH, FL",Loopers Table Tennis of Palm Beach,1514,2024-08-24,0,,ACTIVE,Butterfly 2024 February BTTC Tournament,1545.0,1506.0,2024-02-09,2024-02-11
4643,Sushrut,Kulkarni,169785,268785,"Atlanta, GA",Georgia Tech Table Tennis Association,1513,2024-04-20,0,,ACTIVE,Butterfly 2020 February BTTC Tournament,0.0,1603.0,2020-02-21,2020-02-23
4658,Ben,Bednarz,501,24961,"Salem, OR",Willamette Table Tennis Club,1512,2024-07-07,0,,ACTIVE,2017 BTTC Summer Open,1519.0,1510.0,2017-06-10,2017-06-11
4663,Guillermo,Vadell,173887,1173887,"Miami, FL",305 TTC - Table Tennis Club LLC,1511,2023-03-26,1495,2023-08-21,ACTIVE,Butterfly 2023 February BTTC,1532.0,1526.0,2023-02-10,2023-02-12
4663,Guillermo,Vadell,173887,1173887,"Miami, FL",305 TTC - Table Tennis Club LLC,1511,2023-03-26,1495,2023-08-21,ACTIVE,Butterfly 2022 BTTC Fall Open Tournament,1551.0,1537.0,2022-09-30,2022-10-02
4663,Guillermo,Vadell,173887,1173887,"Miami, FL",305 TTC - Table Tennis Club LLC,1511,2023-03-26,1495,2023-08-21,ACTIVE,Butterfly January 2022 BTTC Open Tournament,0.0,1604.0,2022-01-29,2022-01-30
4680,John,Yeh,54641,82547,"WALNUT CREEK, CA, CA",,1508,2018-04-22,1333,2024-06-02,ACTIVE,2018 BTTC Spring Open,1264.0,1508.0,2018-04-21,2018-04-22
4695,Abdiel Manuel,Nazario Colon,177873,1177873,Morovis,,1507,2024-07-21,0,,ACTIVE,Butterfly 2024 February BTTC Tournament,1463.0,1603.0,2024-02-09,2024-02-11
4705,Trevor,Smith,7250,10121,"West Palm Beach, FL",Loopers Table Tennis of Palm Beach,1505,2024-05-20,0,,ACTIVE,Butterfly 2018 August BTTC Open Tournament,1540.0,1675.0,2018-08-11,2018-08-12
4705,Trevor,Smith,7250,10121,"West Palm Beach, FL",Loopers Table Tennis of Palm Beach,1505,2024-05-20,0,,ACTIVE,Butterfly 2018 June BTTC Open Tournament,1538.0,1540.0,2018-06-17,2018-06-17
4705,Trevor,Smith,7250,10121,"West Palm Beach, FL",Loopers Table Tennis of Palm Beach,1505,2024-05-20,0,,ACTIVE,Robopong September 2017 BTTC Open,1570.0,1538.0,2017-09-02,2017-09-03
4705,Trevor,Smith,7250,10121,"West Palm Beach, FL",Loopers Table Tennis of Palm Beach,1505,2024-05-20,0,,ACTIVE,Robopong April 2017 BTTC Open,1632.0,1570.0,2017-04-29,2017-04-30
4705,Trevor,Smith,7250,10121,"West Palm Beach, FL",Loopers Table Tennis of Palm Beach,1505,2024-05-20,0,,ACTIVE,Robo Pong April 2015 BTTC Open,1630.0,1614.0,2015-04-18,
4705,Trevor,Smith,7250,10121,"West Palm Beach, FL",Loopers Table Tennis of Palm Beach,1505,2024-05-20,0,,ACTIVE,Robo Pong February 2015 BTTC Open,1657.0,1661.0,2015-02-08,
4705,Trevor,Smith,7250,10121,"West Palm Beach, FL",Loopers Table Tennis of Palm Beach,1505,2024-05-20,0,,ACTIVE,RoboPong November 2012 Broward,1638.0,1592.0,2012-11-04,
4705,Trevor,Smith,7250,10121,"West Palm Beach, FL",Loopers Table Tennis of Palm Beach,1505,2024-05-20,0,,ACTIVE,January '09 Broward TT Open,1624.0,1638.0,2009-01-11,
4710,Wen,Li,123939,222939,"Redmond, WA",,1504,2024-09-08,1912,2024-08-17,ACTIVE,2018 BTTC Summer Open,1598.0,1628.0,2018-07-21,2018-07-22
4710,Wen,Li,123939,222939,"Redmond, WA",,1504,2024-09-08,1912,2024-08-17,ACTIVE,2018 BTTC Spring Open,0.0,1291.0,2018-04-21,2018-04-22
4720,Ariel,Bernhardt,12044,74785,"Fort Lauderdale, FL","Broward Table Tennis Club, Inc.",1502,2019-06-23,1644,2007-10-24,ACTIVE,Butterfly 2019 June BTTC Open Tournament,1568.0,1502.0,2019-06-23,2019-06-23
4720,Ariel,Bernhardt,12044,74785,"Fort Lauderdale, FL","Broward Table Tennis Club, Inc.",1502,2019-06-23,1644,2007-10-24,ACTIVE,2007 Summer Broward TT Open,1212.0,1643.0,2007-08-05,
4724,Floriss,Teng,111423,927281,"Cypress, TX",,1502,2022-12-21,1405,2022-07-17,ACTIVE,Butterfly Dec 2018 BTTC Open,1100.0,1105.0,2018-12-14,2018-12-16
4774,Mon-Albert,Aguiling,9567,82108,"Davenport, FL",Central Florida Table Tennis,1493,2024-08-10,0,,ACTIVE,Butterfly 2023 February BTTC,1480.0,1502.0,2023-02-10,2023-02-12
4774,Mon-Albert,Aguiling,9567,82108,"Davenport, FL",Central Florida Table Tennis,1493,2024-08-10,0,,ACTIVE,Robopong April 2017 BTTC Open,1331.0,1379.0,2017-04-29,2017-04-30
4792,Alan,Li,32019,8939,"Edmonds, WA",,1490,2024-06-22,1246,2024-09-07,ACTIVE,Butterfly 2024 February BTTC Tournament,1463.0,1605.0,2024-02-09,2024-02-11
4821,Robert,Specht,47151,76460,"Bonita Springs, FL",Naples Table Tennis,1486,2024-04-20,0,,ACTIVE,Butterfly 2024 February BTTC Tournament,1545.0,1496.0,2024-02-09,2024-02-11
4821,Robert,Specht,47151,76460,"Bonita Springs, FL",Naples Table Tennis,1486,2024-04-20,0,,ACTIVE,Butterfly January 2022 BTTC Open Tournament,1560.0,1576.0,2022-01-29,2022-01-30
4842,Carl,Simons,7161,19583,"Pembroke Pines, FL",,1483,2018-03-02,0,,ACTIVE,2005 Winter Broward TT Open,1481.0,1483.0,2005-01-09,
4842,Carl,Simons,7161,19583,"Pembroke Pines, FL",,1483,2018-03-02,0,,ACTIVE,2004 Inaugural Spring Broward ,1532.0,1482.0,2004-05-23,
4862,Michael,Garcia,120423,219423,"Hialeah, FL",305 TTC - Table Tennis Club LLC,1480,2018-10-13,0,,ACTIVE,BUTTERFLY OCTOBER 2018 BTTC OPEN,1495.0,1480.0,2018-10-13,2018-10-13
4862,Michael,Garcia,120423,219423,"Hialeah, FL",305 TTC - Table Tennis Club LLC,1480,2018-10-13,0,,ACTIVE,Butterfly 2018 June BTTC Open Tournament,1330.0,1495.0,2018-06-17,2018-06-17
4862,Michael,Garcia,120423,219423,"Hialeah, FL",305 TTC - Table Tennis Club LLC,1480,2018-10-13,0,,ACTIVE,Robo-Pong November 2017 BTTC Open,1350.0,1330.0,2017-11-04,2017-11-05
4862,Michael,Garcia,120423,219423,"Hialeah, FL",305 TTC - Table Tennis Club LLC,1480,2018-10-13,0,,ACTIVE,Robopong September 2017 BTTC Open,0.0,1350.0,2017-09-02,2017-09-03
4895,Alan,Duran,124890,223890,Kirkland,,1476,2019-07-28,1433,2024-07-06,ACTIVE,2018 BTTC Fall Open,1460.0,1450.0,2018-10-20,2018-10-21
4895,Alan,Duran,124890,223890,Kirkland,,1476,2019-07-28,1433,2024-07-06,ACTIVE,2018 BTTC Summer Open,1437.0,1438.0,2018-07-21,2018-07-22
4916,Paul,Sample,102842,201842,"Bend, OR",Bend Table Tennis Club,1472,2024-09-08,1378,2022-07-30,ACTIVE,2018 BTTC Fall Open,1249.0,1260.0,2018-10-20,2018-10-21
4916,Paul,Sample,102842,201842,"Bend, OR",Bend Table Tennis Club,1472,2024-09-08,1378,2022-07-30,ACTIVE,2018 BTTC Summer Open,1243.0,1233.0,2018-07-21,2018-07-22
4962,Celal,Altinsel,166379,1166379,"Okemos, MI",,1466,2024-07-27,0,,ACTIVE,Butterfly 2019 October BTTC Tournament,1161.0,1143.0,2019-10-11,2019-10-13
4998,Gigi,Pacurar,130472,229472,Miami,"Broward Table Tennis Club, Inc.",1460,2024-08-24,0,,ACTIVE,Butterfly 2024 February BTTC Tournament,1604.0,1594.0,2024-02-09,2024-02-11
4998,Gigi,Pacurar,130472,229472,Miami,"Broward Table Tennis Club, Inc.",1460,2024-08-24,0,,ACTIVE,Butterfly 2023 February BTTC,1602.0,1552.0,2023-02-10,2023-02-12
4998,Gigi,Pacurar,130472,229472,Miami,"Broward Table Tennis Club, Inc.",1460,2024-08-24,0,,ACTIVE,Butterfly 2022 BTTC Fall Open Tournament,1674.0,1694.0,2022-09-30,2022-10-02
4998,Gigi,Pacurar,130472,229472,Miami,"Broward Table Tennis Club, Inc.",1460,2024-08-24,0,,ACTIVE,Carmel Barrau 2021 December BTTC Open Tournament,1616.0,1566.0,2021-12-10,2021-12-12
4998,Gigi,Pacurar,130472,229472,Miami,"Broward Table Tennis Club, Inc.",1460,2024-08-24,0,,ACTIVE,Butterfly 2020 February BTTC Tournament,1379.0,1401.0,2020-02-21,2020-02-23
4998,Gigi,Pacurar,130472,229472,Miami,"Broward Table Tennis Club, Inc.",1460,2024-08-24,0,,ACTIVE,Butterfly 2019 December BTTC Open Tournament,1292.0,1380.0,2019-12-15,2019-12-15
4998,Gigi,Pacurar,130472,229472,Miami,"Broward Table Tennis Club, Inc.",1460,2024-08-24,0,,ACTIVE,Butterfly 2019 October BTTC Tournament,1268.0,1292.0,2019-10-11,2019-10-13
4998,Gigi,Pacurar,130472,229472,Miami,"Broward Table Tennis Club, Inc.",1460,2024-08-24,0,,ACTIVE,Butterfly 2019 June BTTC Open Tournament,1281.0,1268.0,2019-06-23,2019-06-23
4998,Gigi,Pacurar,130472,229472,Miami,"Broward Table Tennis Club, Inc.",1460,2024-08-24,0,,ACTIVE,BUTTERFLY APRIL 2019 BTTC OPEN,1339.0,1281.0,2019-04-12,2019-04-14
4998,Gigi,Pacurar,130472,229472,Miami,"Broward Table Tennis Club, Inc.",1460,2024-08-24,0,,ACTIVE,Butterfly February 2019 BTTC Open,1063.0,1339.0,2019-02-15,2019-02-15
4998,Gigi,Pacurar,130472,229472,Miami,"Broward Table Tennis Club, Inc.",1460,2024-08-24,0,,ACTIVE,Butterfly Dec 2018 BTTC Open,1131.0,1063.0,2018-12-14,2018-12-16
4998,Gigi,Pacurar,130472,229472,Miami,"Broward Table Tennis Club, Inc.",1460,2024-08-24,0,,ACTIVE,BUTTERFLY OCTOBER 2018 BTTC OPEN,1115.0,1131.0,2018-10-13,2018-10-13
4998,Gigi,Pacurar,130472,229472,Miami,"Broward Table Tennis Club, Inc.",1460,2024-08-24,0,,ACTIVE,Butterfly 2018 August BTTC Open Tournament,0.0,1115.0,2018-08-11,2018-08-12
5042,Michael,Kjaerulff,29440,61831,"Boynton Beach, FL",Loopers Table Tennis of Palm Beach,1454,2018-03-02,0,,ACTIVE,Robopong May 2012 Broward TTC Open,1414.0,1390.0,2012-05-27,
5070,Christine,Cha,119348,218348,"White Plains, NY",Westchester Table Tennis Center,1450,2024-04-28,1400,2022-03-13,ACTIVE,Butterfly 2020 February BTTC Tournament,1200.0,1188.0,2020-02-21,2020-02-23
5084,Bill,Walk,8193,10889,"Pittsburgh, PA",South Park Table Tennis Club,1448,2018-03-02,1777,2005-08-19,ACTIVE,Robopong January 2016 Broward Table Tennis Club Open,1532.0,1531.0,2016-01-16,2016-01-17
5084,Bill,Walk,8193,10889,"Pittsburgh, PA",South Park Table Tennis Club,1448,2018-03-02,1777,2005-08-19,ACTIVE,Robopong March 2013 BTTC Open,1668.0,1650.0,2013-03-24,
5084,Bill,Walk,8193,10889,"Pittsburgh, PA",South Park Table Tennis Club,1448,2018-03-02,1777,2005-08-19,ACTIVE,Robopong January 2013 Broward TTC Open,1704.0,1668.0,2013-01-13,
5084,Bill,Walk,8193,10889,"Pittsburgh, PA",South Park Table Tennis Club,1448,2018-03-02,1777,2005-08-19,ACTIVE,Robopong February 2012 Broward Table Tennis Open,1737.0,1731.0,2012-02-12,
5084,Bill,Walk,8193,10889,"Pittsburgh, PA",South Park Table Tennis Club,1448,2018-03-02,1777,2005-08-19,ACTIVE,March 09 Broward TT Open,1748.0,1845.0,2009-03-08,
5084,Bill,Walk,8193,10889,"Pittsburgh, PA",South Park Table Tennis Club,1448,2018-03-02,1777,2005-08-19,ACTIVE,November Broward TT Open,1809.0,1748.0,2008-11-15,
5084,Bill,Walk,8193,10889,"Pittsburgh, PA",South Park Table Tennis Club,1448,2018-03-02,1777,2005-08-19,ACTIVE,2007 Winter Broward TT Open,1798.0,1775.0,2007-01-07,
5084,Bill,Walk,8193,10889,"Pittsburgh, PA",South Park Table Tennis Club,1448,2018-03-02,1777,2005-08-19,ACTIVE,2006 Winter Broward Open,1820.0,1820.0,2006-01-08,
5090,Temitope,Isibor,175555,274555,"Madison, AL",North Alabama Table Tennis Club,1448,2024-07-07,0,,ACTIVE,Butterfly 2024 February BTTC Tournament,1402.0,1433.0,2024-02-09,2024-02-11
5092,Cody,Knight,103786,202786,"Eugene, OR",,1447,2020-02-29,0,,ACTIVE,Butterfly 2020 February BTTC Tournament,1363.0,1465.0,2020-02-21,2020-02-23
5111,Steve,Lotz,176034,275034,"Mount Dora, FL",Ocala Table Tennis Club,1445,2024-08-24,0,,ACTIVE,Butterfly 2024 February BTTC Tournament,1202.0,1198.0,2024-02-09,2024-02-11
5112,Michael,Shulman,46002,76216,"Morris Plains, NJ",,1445,2018-03-02,1506,2019-10-05,ACTIVE,BTTC November Open,0.0,1503.0,2010-11-21,
5132,Horatius,Francois,170164,1170164,"MIRAMAR, FL",,1443,2024-02-11,0,,ACTIVE,Butterfly 2024 February BTTC Tournament,1436.0,1443.0,2024-02-09,2024-02-11
5132,Horatius,Francois,170164,1170164,"MIRAMAR, FL",,1443,2024-02-11,0,,ACTIVE,Butterfly 2021 September BTTC Open,1191.0,1332.0,2021-09-24,2021-09-26
5132,Horatius,Francois,170164,1170164,"MIRAMAR, FL",,1443,2024-02-11,0,,ACTIVE,Butterfly 2020 February BTTC Tournament,0.0,1191.0,2020-02-21,2020-02-23
5167,Jerry,Mintz,5293,60213,"Roslyn Heights, NY",,1439,2024-04-14,1701,2020-01-03,ACTIVE,BTTC August Open,1768.0,1792.0,2010-08-22,
5170,Vincent,Wang,164332,1164332,Fort Collins,,1439,2024-06-15,0,,ACTIVE,Butterfly 2020 February BTTC Tournament,1170.0,1276.0,2020-02-21,2020-02-23
5175,Zijing,Wu,167779,266779,Atlanta,,1438,2023-09-09,0,,ACTIVE,Butterfly 2020 February BTTC Tournament,,,2020-02-21,2020-02-23
5177,Sue,Squassoni,7366,76684,"West Palm Beach, FL",Loopers Table Tennis of Palm Beach,1438,2024-05-20,0,,ACTIVE,Butterfly 2018 August BTTC Open Tournament,1408.0,1435.0,2018-08-11,2018-08-12
5177,Sue,Squassoni,7366,76684,"West Palm Beach, FL",Loopers Table Tennis of Palm Beach,1438,2024-05-20,0,,ACTIVE,Butterfly 2018 June BTTC Open Tournament,1409.0,1408.0,2018-06-17,2018-06-17
5177,Sue,Squassoni,7366,76684,"West Palm Beach, FL",Loopers Table Tennis of Palm Beach,1438,2024-05-20,0,,ACTIVE,Robopong September 2017 BTTC Open,1409.0,1409.0,2017-09-02,2017-09-03
5177,Sue,Squassoni,7366,76684,"West Palm Beach, FL",Loopers Table Tennis of Palm Beach,1438,2024-05-20,0,,ACTIVE,Robopong April 2017 BTTC Open,1419.0,1409.0,2017-04-29,2017-04-30
5177,Sue,Squassoni,7366,76684,"West Palm Beach, FL",Loopers Table Tennis of Palm Beach,1438,2024-05-20,0,,ACTIVE,Robo Pong April 2015 BTTC Open,1435.0,1439.0,2015-04-18,
5177,Sue,Squassoni,7366,76684,"West Palm Beach, FL",Loopers Table Tennis of Palm Beach,1438,2024-05-20,0,,ACTIVE,Robo Pong February 2015 BTTC Open,1399.0,1436.0,2015-02-08,
5177,Sue,Squassoni,7366,76684,"West Palm Beach, FL",Loopers Table Tennis of Palm Beach,1438,2024-05-20,0,,ACTIVE,RoboPong November 2012 Broward,1380.0,1394.0,2012-11-04,
5177,Sue,Squassoni,7366,76684,"West Palm Beach, FL",Loopers Table Tennis of Palm Beach,1438,2024-05-20,0,,ACTIVE,January '09 Broward TT Open,1474.0,1437.0,2009-01-11,
5181,Thiago,Espinoza,167769,1167769,,,1437,2023-12-17,0,,ACTIVE,Butterfly 2019 October BTTC Tournament,0.0,1256.0,2019-10-11,2019-10-13
5187,Lloyd,Mitchell,36574,53814,"Plantation, FL",,1437,2023-12-17,0,,ACTIVE,Carmel Barrau 2021 December BTTC Open Tournament,1451.0,1440.0,2021-12-10,2021-12-12
5187,Lloyd,Mitchell,36574,53814,"Plantation, FL",,1437,2023-12-17,0,,ACTIVE,Robopong July 2012 Broward TTC,1485.0,1461.0,2012-07-29,
5187,Lloyd,Mitchell,36574,53814,"Plantation, FL",,1437,2023-12-17,0,,ACTIVE,Robopong May 2012 Broward TTC Open,1481.0,1488.0,2012-05-27,
5187,Lloyd,Mitchell,36574,53814,"Plantation, FL",,1437,2023-12-17,0,,ACTIVE,Robopong January 2012 BTTC Open,1475.0,1481.0,2012-01-08,
5187,Lloyd,Mitchell,36574,53814,"Plantation, FL",,1437,2023-12-17,0,,ACTIVE,RoboPong October BTTC Open,1540.0,1518.0,2010-10-03,
5187,Lloyd,Mitchell,36574,53814,"Plantation, FL",,1437,2023-12-17,0,,ACTIVE,May 2010 Broward TT Open,1561.0,1540.0,2010-05-23,
5187,Lloyd,Mitchell,36574,53814,"Plantation, FL",,1437,2023-12-17,0,,ACTIVE,March '10 Broward TTO,1626.0,1561.0,2010-03-14,
5187,Lloyd,Mitchell,36574,53814,"Plantation, FL",,1437,2023-12-17,0,,ACTIVE,April 09 Broward TT Open,1652.0,1634.0,2009-04-05,
5187,Lloyd,Mitchell,36574,53814,"Plantation, FL",,1437,2023-12-17,0,,ACTIVE,January '09 Broward TT Open,1635.0,1652.0,2009-01-11,
5187,Lloyd,Mitchell,36574,53814,"Plantation, FL",,1437,2023-12-17,0,,ACTIVE,December 08 Broward TT Open,1650.0,1635.0,2008-12-06,
5187,Lloyd,Mitchell,36574,53814,"Plantation, FL",,1437,2023-12-17,0,,ACTIVE,November Broward TT Open,1669.0,1650.0,2008-11-15,
5187,Lloyd,Mitchell,36574,53814,"Plantation, FL",,1437,2023-12-17,0,,ACTIVE,2007 Summer Broward TT Open,1665.0,1669.0,2007-08-05,
5187,Lloyd,Mitchell,36574,53814,"Plantation, FL",,1437,2023-12-17,0,,ACTIVE,2007 Winter Broward TT Open,1691.0,1703.0,2007-01-07,
5187,Lloyd,Mitchell,36574,53814,"Plantation, FL",,1437,2023-12-17,0,,ACTIVE,Summer 2006 Broward TT Open,1743.0,1691.0,2006-07-31,
5187,Lloyd,Mitchell,36574,53814,"Plantation, FL",,1437,2023-12-17,0,,ACTIVE,2006 Winter Broward Open,1746.0,1736.0,2006-01-08,
5187,Lloyd,Mitchell,36574,53814,"Plantation, FL",,1437,2023-12-17,0,,ACTIVE,2005 Summer Broward TT Open,1758.0,1746.0,2005-08-14,
5187,Lloyd,Mitchell,36574,53814,"Plantation, FL",,1437,2023-12-17,0,,ACTIVE,2005 Winter Broward TT Open,1625.0,1740.0,2005-01-09,
5187,Lloyd,Mitchell,36574,53814,"Plantation, FL",,1437,2023-12-17,0,,ACTIVE,2004 Inaugural Spring Broward ,1585.0,1571.0,2004-05-23,
5193,Marvin,Spira,7353,80096,"Tamarac, FL",,1436,2018-03-02,0,,ACTIVE,Robopong March 2012 BTTC Open,1411.0,1436.0,2012-03-18,
5193,Marvin,Spira,7353,80096,"Tamarac, FL",,1436,2018-03-02,0,,ACTIVE,April 2010 Broward TT Open,0.0,1474.0,2010-04-25,
5202,Fabian,Palencia,171174,1171174,Miami,,1435,2024-08-24,0,,ACTIVE,Butterfly 2024 February BTTC Tournament,1244.0,1199.0,2024-02-09,2024-02-11
5202,Fabian,Palencia,171174,1171174,Miami,,1435,2024-08-24,0,,ACTIVE,Butterfly 2023 February BTTC,1096.0,1135.0,2023-02-10,2023-02-12
5202,Fabian,Palencia,171174,1171174,Miami,,1435,2024-08-24,0,,ACTIVE,Butterfly 2022 BTTC Fall Open Tournament,1018.0,1014.0,2022-09-30,2022-10-02
5202,Fabian,Palencia,171174,1171174,Miami,,1435,2024-08-24,0,,ACTIVE,Butterfly January 2022 BTTC Open Tournament,845.0,898.0,2022-01-29,2022-01-30
5202,Fabian,Palencia,171174,1171174,Miami,,1435,2024-08-24,0,,ACTIVE,Carmel Barrau 2021 December BTTC Open Tournament,853.0,845.0,2021-12-10,2021-12-12
5202,Fabian,Palencia,171174,1171174,Miami,,1435,2024-08-24,0,,ACTIVE,Butterfly 2021 September BTTC Open,839.0,853.0,2021-09-24,2021-09-26
5209,Alexander,Fuentes,173677,1173677,Doral,,1434,2024-05-20,0,,ACTIVE,Butterfly 2023 February BTTC,1181.0,1181.0,2023-02-10,2023-02-12
5209,Alexander,Fuentes,173677,1173677,Doral,,1434,2024-05-20,0,,ACTIVE,Carmel Barrau 2021 December BTTC Open Tournament,0.0,1170.0,2021-12-10,2021-12-12
5233,Scott,Van Verst,8051,95491,"Tumwater, WA",Seattle Pacific Table Tennis Club,1431,2023-09-10,1670,2024-03-02,ACTIVE,2015 BTTC Spring Open,1393.0,1344.0,2015-03-22,
5234,Peter,Sousa,105362,52713,Smiths,,1431,2024-02-11,0,,ACTIVE,Butterfly 2024 February BTTC Tournament,0.0,1431.0,2024-02-09,2024-02-11
5267,Louis,Radzeli,6339,42580,"Beachwood, OH",,1427,2018-03-02,0,,ACTIVE,2008 Broward TTWinter Open,1433.0,1427.0,2008-01-06,
5267,Louis,Radzeli,6339,42580,"Beachwood, OH",,1427,2018-03-02,0,,ACTIVE,2007 Winter Broward TT Open,1503.0,1433.0,2007-01-07,
5267,Louis,Radzeli,6339,42580,"Beachwood, OH",,1427,2018-03-02,0,,ACTIVE,2006 Winter Broward Open,1526.0,1503.0,2006-01-08,
5267,Louis,Radzeli,6339,42580,"Beachwood, OH",,1427,2018-03-02,0,,ACTIVE,2005 Winter Broward TT Open,1595.0,1558.0,2005-01-09,
5283,Mark,Berg,552,6250,"New York, NY",King Pong in Soho,1423,2024-07-28,1807,2018-07-31,ACTIVE,Butterfly February 2019 BTTC Open,1641.0,1665.0,2019-02-15,2019-02-15
5283,Mark,Berg,552,6250,"New York, NY",King Pong in Soho,1423,2024-07-28,1807,2018-07-31,ACTIVE,Robopong December 2017 BTTC Open,1696.0,1785.0,2017-12-15,2017-12-17
5283,Mark,Berg,552,6250,"New York, NY",King Pong in Soho,1423,2024-07-28,1807,2018-07-31,ACTIVE,Robopong January 2012 BTTC Open,1823.0,1834.0,2012-01-08,
5283,Mark,Berg,552,6250,"New York, NY",King Pong in Soho,1423,2024-07-28,1807,2018-07-31,ACTIVE,2011 BTTC April Open,1885.0,1888.0,2011-04-24,
5283,Mark,Berg,552,6250,"New York, NY",King Pong in Soho,1423,2024-07-28,1807,2018-07-31,ACTIVE,BTTC November Open,1789.0,1815.0,2010-11-21,
5283,Mark,Berg,552,6250,"New York, NY",King Pong in Soho,1423,2024-07-28,1807,2018-07-31,ACTIVE,RoboPong November BTTC Open,1809.0,1813.0,2010-11-06,
5283,Mark,Berg,552,6250,"New York, NY",King Pong in Soho,1423,2024-07-28,1807,2018-07-31,ACTIVE,BTTC August Open,1864.0,1852.0,2010-08-22,
5283,Mark,Berg,552,6250,"New York, NY",King Pong in Soho,1423,2024-07-28,1807,2018-07-31,ACTIVE,2010 BTTC Open,1905.0,1853.0,2010-06-06,
5283,Mark,Berg,552,6250,"New York, NY",King Pong in Soho,1423,2024-07-28,1807,2018-07-31,ACTIVE,2010 BTTC Open,1883.0,1878.0,2010-05-02,
5283,Mark,Berg,552,6250,"New York, NY",King Pong in Soho,1423,2024-07-28,1807,2018-07-31,ACTIVE,2010 BTTC Open,1920.0,1891.0,2010-03-28,
5283,Mark,Berg,552,6250,"New York, NY",King Pong in Soho,1423,2024-07-28,1807,2018-07-31,ACTIVE,2010 BTTC Open,1912.0,1918.0,2010-02-28,
5311,Wayne,Steffens,7408,71734,"Bremerton, WA",Kitsap Table Tennis Club,1420,2024-09-08,1446,2024-01-13,ACTIVE,2015 BTTC Fall Open,1601.0,1524.0,2015-09-20,
5311,Wayne,Steffens,7408,71734,"Bremerton, WA",Kitsap Table Tennis Club,1420,2024-09-08,1446,2024-01-13,ACTIVE,2015 BTTC Summer Open,1468.0,1406.0,2015-06-21,
5312,Derrick,Hughes,176901,1176901,Port Saint Lucie,,1419,2024-05-20,0,,ACTIVE,Butterfly 2022 BTTC Fall Open Tournament,0.0,1179.0,2022-09-30,2022-10-02
5341,Jorge,Villalobos,183585,1183585,,,1415,2024-08-24,0,,ACTIVE,Butterfly 2024 February BTTC Tournament,0.0,1510.0,2024-02-09,2024-02-11
5362,Henry Claude,Laforest,178545,1178545,Coral Springs,,1412,2024-07-21,0,,ACTIVE,Butterfly 2024 February BTTC Tournament,1436.0,1414.0,2024-02-09,2024-02-11
5362,Henry Claude,Laforest,178545,1178545,Coral Springs,,1412,2024-07-21,0,,ACTIVE,Butterfly 2023 February BTTC,0.0,1401.0,2023-02-10,2023-02-12
5371,Julian,Lacey,175577,1175577,Weston,,1411,2023-10-08,0,,ACTIVE,Butterfly 2022 BTTC Fall Open Tournament,1443.0,1414.0,2022-09-30,2022-10-02
5392,Solommon,Goldstein,172090,1172090,"Sunny Isles Beach, FL","Broward Table Tennis Club, Inc.",1407,2024-08-24,0,,ACTIVE,Butterfly 2024 February BTTC Tournament,1136.0,1356.0,2024-02-09,2024-02-11
5392,Solommon,Goldstein,172090,1172090,"Sunny Isles Beach, FL","Broward Table Tennis Club, Inc.",1407,2024-08-24,0,,ACTIVE,Butterfly 2023 February BTTC,1022.0,1049.0,2023-02-10,2023-02-12
5392,Solommon,Goldstein,172090,1172090,"Sunny Isles Beach, FL","Broward Table Tennis Club, Inc.",1407,2024-08-24,0,,ACTIVE,Butterfly 2022 BTTC Fall Open Tournament,1287.0,1178.0,2022-09-30,2022-10-02
5435,Ty,Dixon,116767,215767,,,1399,2023-12-17,0,,ACTIVE,BUTTERFLY OCTOBER 2018 BTTC OPEN,1264.0,1436.0,2018-10-13,2018-10-13
5435,Ty,Dixon,116767,215767,,,1399,2023-12-17,0,,ACTIVE,Butterfly February 2018 BTTC Open,1026.0,1264.0,2018-02-10,2018-02-11
5437,Mark,Fondas,2187,5845,"Nassau, FL","Broward Table Tennis Club, Inc.",1399,2023-10-12,0,,ACTIVE,Robo Pong September 2015 BTTC Open,1460.0,1452.0,2015-09-06,
5437,Mark,Fondas,2187,5845,"Nassau, FL","Broward Table Tennis Club, Inc.",1399,2023-10-12,0,,ACTIVE,Robo-Pong August 2014 BTTC Open,1399.0,1427.0,2014-08-03,
5437,Mark,Fondas,2187,5845,"Nassau, FL","Broward Table Tennis Club, Inc.",1399,2023-10-12,0,,ACTIVE,Robopong July 2012 Broward TTC,1683.0,1650.0,2012-07-29,
5437,Mark,Fondas,2187,5845,"Nassau, FL","Broward Table Tennis Club, Inc.",1399,2023-10-12,0,,ACTIVE,Robopong April 2012 Broward TTC Open,1657.0,1675.0,2012-04-22,
5437,Mark,Fondas,2187,5845,"Nassau, FL","Broward Table Tennis Club, Inc.",1399,2023-10-12,0,,ACTIVE,Robopong March 2012 BTTC Open,1711.0,1657.0,2012-03-18,
5437,Mark,Fondas,2187,5845,"Nassau, FL","Broward Table Tennis Club, Inc.",1399,2023-10-12,0,,ACTIVE,Robopong February 2012 Broward Table Tennis Open,1676.0,1711.0,2012-02-12,
5437,Mark,Fondas,2187,5845,"Nassau, FL","Broward Table Tennis Club, Inc.",1399,2023-10-12,0,,ACTIVE,Robopong January 2012 BTTC Open,1512.0,1676.0,2012-01-08,
5469,Ignacio,Rodriguez,176155,1176155,Miami,,1395,2023-12-02,0,,ACTIVE,Butterfly 2022 BTTC Fall Open Tournament,1301.0,1309.0,2022-09-30,2022-10-02
5488,Essam,Moawad,176905,1176905,Coconut Creek,,1392,2024-08-24,0,,ACTIVE,Butterfly 2024 February BTTC Tournament,1380.0,1378.0,2024-02-09,2024-02-11
5488,Essam,Moawad,176905,1176905,Coconut Creek,,1392,2024-08-24,0,,ACTIVE,Butterfly 2023 February BTTC,1084.0,1088.0,2023-02-10,2023-02-12
5488,Essam,Moawad,176905,1176905,Coconut Creek,,1392,2024-08-24,0,,ACTIVE,Butterfly 2022 BTTC Fall Open Tournament,0.0,1084.0,2022-09-30,2022-10-02
5494,Leniel,Diaz Maldonado,171598,270598,"Pembroke Pines, FL","Broward Table Tennis Club, Inc.",1391,2024-08-24,0,,ACTIVE,Butterfly 2021 September BTTC Open,1261.0,1363.0,2021-09-24,2021-09-26
5516,Ted,Yeung,8861,20024,"Sunrise, FL",,1389,2018-03-02,0,,ACTIVE,Robopong June 2013 BTTC Open,1404.0,1399.0,2013-06-02,
5516,Ted,Yeung,8861,20024,"Sunrise, FL",,1389,2018-03-02,0,,ACTIVE,RoboPong December 2012 Broward,1404.0,1404.0,2012-12-09,
5516,Ted,Yeung,8861,20024,"Sunrise, FL",,1389,2018-03-02,0,,ACTIVE,RoboPong November 2012 Broward,1419.0,1404.0,2012-11-04,
5516,Ted,Yeung,8861,20024,"Sunrise, FL",,1389,2018-03-02,0,,ACTIVE,Robopong July 2012 Broward TTC,1380.0,1395.0,2012-07-29,
5516,Ted,Yeung,8861,20024,"Sunrise, FL",,1389,2018-03-02,0,,ACTIVE,Robopong May 2012 Broward TTC Open,1472.0,1421.0,2012-05-27,
5516,Ted,Yeung,8861,20024,"Sunrise, FL",,1389,2018-03-02,0,,ACTIVE,Robopong April 2012 Broward TTC Open,1497.0,1472.0,2012-04-22,
5516,Ted,Yeung,8861,20024,"Sunrise, FL",,1389,2018-03-02,0,,ACTIVE,Robopong February 2012 Broward Table Tennis Open,1467.0,1497.0,2012-02-12,
5516,Ted,Yeung,8861,20024,"Sunrise, FL",,1389,2018-03-02,0,,ACTIVE,RoboPong October BTTC Open,1451.0,1442.0,2010-10-03,
5516,Ted,Yeung,8861,20024,"Sunrise, FL",,1389,2018-03-02,0,,ACTIVE,May 2010 Broward TT Open,1465.0,1451.0,2010-05-23,
5516,Ted,Yeung,8861,20024,"Sunrise, FL",,1389,2018-03-02,0,,ACTIVE,March '10 Broward TTO,1465.0,1465.0,2010-03-14,
5516,Ted,Yeung,8861,20024,"Sunrise, FL",,1389,2018-03-02,0,,ACTIVE,October '09 Broward TT Open,1461.0,1465.0,2009-11-01,
5516,Ted,Yeung,8861,20024,"Sunrise, FL",,1389,2018-03-02,0,,ACTIVE,September '09 Broward TT Open,1276.0,1461.0,2009-10-04,
5516,Ted,Yeung,8861,20024,"Sunrise, FL",,1389,2018-03-02,0,,ACTIVE,April 09 Broward TT Open,1296.0,1289.0,2009-04-05,
5516,Ted,Yeung,8861,20024,"Sunrise, FL",,1389,2018-03-02,0,,ACTIVE,March 09 Broward TT Open,1302.0,1296.0,2009-03-08,
5516,Ted,Yeung,8861,20024,"Sunrise, FL",,1389,2018-03-02,0,,ACTIVE,December 08 Broward TT Open,1330.0,1302.0,2008-12-06,
5516,Ted,Yeung,8861,20024,"Sunrise, FL",,1389,2018-03-02,0,,ACTIVE,November Broward TT Open,1324.0,1330.0,2008-11-15,
5516,Ted,Yeung,8861,20024,"Sunrise, FL",,1389,2018-03-02,0,,ACTIVE,2008 Broward TTWinter Open,1309.0,1324.0,2008-01-06,
5516,Ted,Yeung,8861,20024,"Sunrise, FL",,1389,2018-03-02,0,,ACTIVE,2007 Summer Broward TT Open,1336.0,1309.0,2007-08-05,
5516,Ted,Yeung,8861,20024,"Sunrise, FL",,1389,2018-03-02,0,,ACTIVE,2005 Summer Broward TT Open,1360.0,1336.0,2005-08-14,
5516,Ted,Yeung,8861,20024,"Sunrise, FL",,1389,2018-03-02,0,,ACTIVE,2004 Inaugural Spring Broward ,1362.0,1369.0,2004-05-23,
5526,Carla,Nazario Colon,179445,1179445,Morovis,,1388,2024-07-21,0,,ACTIVE,Butterfly 2024 February BTTC Tournament,823.0,1112.0,2024-02-09,2024-02-11
5527,ENRICO,CAPO,942,82435,"Port St. Lucie, FL",,1387,2024-07-21,0,,ACTIVE,Butterfly 2024 February BTTC Tournament,1407.0,1397.0,2024-02-09,2024-02-11
5527,ENRICO,CAPO,942,82435,"Port St. Lucie, FL",,1387,2024-07-21,0,,ACTIVE,Butterfly 2023 February BTTC,1438.0,1422.0,2023-02-10,2023-02-12
5527,ENRICO,CAPO,942,82435,"Port St. Lucie, FL",,1387,2024-07-21,0,,ACTIVE,Butterfly 2022 BTTC Fall Open Tournament,1441.0,1438.0,2022-09-30,2022-10-02
5527,ENRICO,CAPO,942,82435,"Port St. Lucie, FL",,1387,2024-07-21,0,,ACTIVE,Carmel Barrau 2021 December BTTC Open Tournament,1481.0,1450.0,2021-12-10,2021-12-12
5527,ENRICO,CAPO,942,82435,"Port St. Lucie, FL",,1387,2024-07-21,0,,ACTIVE,Butterfly 2020 February BTTC Tournament,1481.0,1481.0,2020-02-21,2020-02-23
5527,ENRICO,CAPO,942,82435,"Port St. Lucie, FL",,1387,2024-07-21,0,,ACTIVE,Butterfly 2019 June BTTC Open Tournament,1489.0,1481.0,2019-06-23,2019-06-23
5527,ENRICO,CAPO,942,82435,"Port St. Lucie, FL",,1387,2024-07-21,0,,ACTIVE,BUTTERFLY APRIL 2019 BTTC OPEN,1502.0,1500.0,2019-04-12,2019-04-14
5527,ENRICO,CAPO,942,82435,"Port St. Lucie, FL",,1387,2024-07-21,0,,ACTIVE,Butterfly February 2019 BTTC Open,1503.0,1502.0,2019-02-15,2019-02-15
5527,ENRICO,CAPO,942,82435,"Port St. Lucie, FL",,1387,2024-07-21,0,,ACTIVE,Butterfly Dec 2018 BTTC Open,1536.0,1503.0,2018-12-14,2018-12-16
5527,ENRICO,CAPO,942,82435,"Port St. Lucie, FL",,1387,2024-07-21,0,,ACTIVE,BUTTERFLY OCTOBER 2018 BTTC OPEN,1536.0,1536.0,2018-10-13,2018-10-13
5527,ENRICO,CAPO,942,82435,"Port St. Lucie, FL",,1387,2024-07-21,0,,ACTIVE,Butterfly 2018 August BTTC Open Tournament,1538.0,1536.0,2018-08-11,2018-08-12
5527,ENRICO,CAPO,942,82435,"Port St. Lucie, FL",,1387,2024-07-21,0,,ACTIVE,Butterfly 2018 June BTTC Open Tournament,1540.0,1538.0,2018-06-17,2018-06-17
5527,ENRICO,CAPO,942,82435,"Port St. Lucie, FL",,1387,2024-07-21,0,,ACTIVE,Butterfly April 2018 BTTC Open,1515.0,1540.0,2018-04-14,2018-04-15
5527,ENRICO,CAPO,942,82435,"Port St. Lucie, FL",,1387,2024-07-21,0,,ACTIVE,Butterfly February 2018 BTTC Open,1515.0,1515.0,2018-02-10,2018-02-11
5527,ENRICO,CAPO,942,82435,"Port St. Lucie, FL",,1387,2024-07-21,0,,ACTIVE,Robopong December 2017 BTTC Open,1515.0,1515.0,2017-12-15,2017-12-17
5527,ENRICO,CAPO,942,82435,"Port St. Lucie, FL",,1387,2024-07-21,0,,ACTIVE,Robo-Pong November 2017 BTTC Open,1518.0,1515.0,2017-11-04,2017-11-05
5527,ENRICO,CAPO,942,82435,"Port St. Lucie, FL",,1387,2024-07-21,0,,ACTIVE,Robopong September 2017 BTTC Open,1525.0,1518.0,2017-09-02,2017-09-03
5527,ENRICO,CAPO,942,82435,"Port St. Lucie, FL",,1387,2024-07-21,0,,ACTIVE,Robopong October 2016 Broward TTC Open,1526.0,1530.0,2016-10-22,2016-10-23
5527,ENRICO,CAPO,942,82435,"Port St. Lucie, FL",,1387,2024-07-21,0,,ACTIVE,Robopong January 2016 Broward Table Tennis Club Open,1456.0,1551.0,2016-01-16,2016-01-17
5527,ENRICO,CAPO,942,82435,"Port St. Lucie, FL",,1387,2024-07-21,0,,ACTIVE,Robo Pong September 2015 BTTC Open,1201.0,1456.0,2015-09-06,
5527,ENRICO,CAPO,942,82435,"Port St. Lucie, FL",,1387,2024-07-21,0,,ACTIVE,Robo-Pong September 2014 BTTC Open,1313.0,1339.0,2014-09-14,
5527,ENRICO,CAPO,942,82435,"Port St. Lucie, FL",,1387,2024-07-21,0,,ACTIVE,Robo-Pong March 2014 BTTC Open,1313.0,1313.0,2014-03-02,
5527,ENRICO,CAPO,942,82435,"Port St. Lucie, FL",,1387,2024-07-21,0,,ACTIVE,Robopong June 2013 BTTC Open,1315.0,1315.0,2013-06-02,
5527,ENRICO,CAPO,942,82435,"Port St. Lucie, FL",,1387,2024-07-21,0,,ACTIVE,Robopong April 2013 BTTC Open,1325.0,1315.0,2013-04-28,
5527,ENRICO,CAPO,942,82435,"Port St. Lucie, FL",,1387,2024-07-21,0,,ACTIVE,Robopong March 2013 BTTC Open,1327.0,1325.0,2013-03-24,
5527,ENRICO,CAPO,942,82435,"Port St. Lucie, FL",,1387,2024-07-21,0,,ACTIVE,Robopong January 2013 Broward TTC Open,1331.0,1327.0,2013-01-13,
5527,ENRICO,CAPO,942,82435,"Port St. Lucie, FL",,1387,2024-07-21,0,,ACTIVE,RoboPong December 2012 Broward,1300.0,1331.0,2012-12-09,
5527,ENRICO,CAPO,942,82435,"Port St. Lucie, FL",,1387,2024-07-21,0,,ACTIVE,RoboPong November 2012 Broward,1302.0,1300.0,2012-11-04,
5527,ENRICO,CAPO,942,82435,"Port St. Lucie, FL",,1387,2024-07-21,0,,ACTIVE,Robopong July 2012 Broward TTC,1202.0,1302.0,2012-07-29,
5527,ENRICO,CAPO,942,82435,"Port St. Lucie, FL",,1387,2024-07-21,0,,ACTIVE,Robopong April 2012 Broward TTC Open,1154.0,1138.0,2012-04-22,
5536,Victor,Marik,4990,87653,"Gainesville, FL",,1385,2023-10-28,0,,ACTIVE,Carmel Barrau 2021 December BTTC Open Tournament,1472.0,1392.0,2021-12-10,2021-12-12
5536,Victor,Marik,4990,87653,"Gainesville, FL",,1385,2023-10-28,0,,ACTIVE,Butterfly Dec 2018 BTTC Open,1433.0,1426.0,2018-12-14,2018-12-16
5536,Victor,Marik,4990,87653,"Gainesville, FL",,1385,2023-10-28,0,,ACTIVE,Butterfly April 2018 BTTC Open,1467.0,1476.0,2018-04-14,2018-04-15
5536,Victor,Marik,4990,87653,"Gainesville, FL",,1385,2023-10-28,0,,ACTIVE,Butterfly February 2018 BTTC Open,1488.0,1504.0,2018-02-10,2018-02-11
5536,Victor,Marik,4990,87653,"Gainesville, FL",,1385,2023-10-28,0,,ACTIVE,Robopong December 2017 BTTC Open,1532.0,1519.0,2017-12-15,2017-12-17
5536,Victor,Marik,4990,87653,"Gainesville, FL",,1385,2023-10-28,0,,ACTIVE,Robopong April 2017 BTTC Open,1484.0,1467.0,2017-04-29,2017-04-30
5536,Victor,Marik,4990,87653,"Gainesville, FL",,1385,2023-10-28,0,,ACTIVE,Robo-Pong May 2014 BTTC Open,1099.0,1093.0,2014-05-18,
5536,Victor,Marik,4990,87653,"Gainesville, FL",,1385,2023-10-28,0,,ACTIVE,Robo-Pong April 2014 BTTC Open,1009.0,1107.0,2014-04-13,
5536,Victor,Marik,4990,87653,"Gainesville, FL",,1385,2023-10-28,0,,ACTIVE,Robopong February 2013 Broward TTC Open,1081.0,1112.0,2013-02-17,
5536,Victor,Marik,4990,87653,"Gainesville, FL",,1385,2023-10-28,0,,ACTIVE,RoboPong December 2012 Broward,1024.0,1081.0,2012-12-09,
5536,Victor,Marik,4990,87653,"Gainesville, FL",,1385,2023-10-28,0,,ACTIVE,RoboPong November 2012 Broward,1068.0,1050.0,2012-11-04,
5536,Victor,Marik,4990,87653,"Gainesville, FL",,1385,2023-10-28,0,,ACTIVE,Robopong April 2012 Broward TTC Open,828.0,840.0,2012-04-22,
5536,Victor,Marik,4990,87653,"Gainesville, FL",,1385,2023-10-28,0,,ACTIVE,Robopong March 2012 BTTC Open,604.0,828.0,2012-03-18,
5579,Adorno,Eliu,176010,1176010,,,1378,2024-08-10,0,,ACTIVE,Butterfly 2023 February BTTC,1056.0,1152.0,2023-02-10,2023-02-12
5674,Alex,Sumeri,7503,52673,"Kirkland, WA",Bellevue Table Tennis Club,1364,2021-04-25,1419,2021-07-17,ACTIVE,2018 BTTC Summer Open,1501.0,1504.0,2018-07-21,2018-07-22
5688,Chris,Miller,5253,35100,"Beaver, WV",Charleston Table Tennis Club - St. Albans Municipal Building Branch,1362,2024-02-11,1558,2020-01-31,ACTIVE,Butterfly 2024 February BTTC Tournament,1363.0,1362.0,2024-02-09,2024-02-11
5754,Richard,Gorodesky,177343,276343,"Philadephia, PA",Trolley Car Table Tennis Club,1352,2024-02-11,0,,ACTIVE,Butterfly 2024 February BTTC Tournament,1422.0,1352.0,2024-02-09,2024-02-11
5766,Lubos,Sadlon,183584,1183584,,,1350,2024-05-20,0,,ACTIVE,Butterfly 2024 February BTTC Tournament,0.0,1379.0,2024-02-09,2024-02-11
5770,Jerry,Glantz,77752,27800,"Boca Raton, FL","Broward Table Tennis Club, Inc.",1350,2024-07-21,0,,ACTIVE,Butterfly 2024 February BTTC Tournament,1388.0,1350.0,2024-02-09,2024-02-11
5770,Jerry,Glantz,77752,27800,"Boca Raton, FL","Broward Table Tennis Club, Inc.",1350,2024-07-21,0,,ACTIVE,Butterfly 2021 September BTTC Open,1421.0,1388.0,2021-09-24,2021-09-26
5770,Jerry,Glantz,77752,27800,"Boca Raton, FL","Broward Table Tennis Club, Inc.",1350,2024-07-21,0,,ACTIVE,Butterfly Dec 2018 BTTC Open,1423.0,1421.0,2018-12-14,2018-12-16
5770,Jerry,Glantz,77752,27800,"Boca Raton, FL","Broward Table Tennis Club, Inc.",1350,2024-07-21,0,,ACTIVE,BUTTERFLY OCTOBER 2018 BTTC OPEN,1432.0,1423.0,2018-10-13,2018-10-13
5823,William,Maisonet,4897,32721,"Ocoee, FL",,1344,2023-11-12,0,,ACTIVE,2007 Winter Broward TT Open,1871.0,1810.0,2007-01-07,
5849,Mark,Karalla,3627,95184,"La, CA",,1341,2024-06-02,0,,ACTIVE,Butterfly 2022 BTTC Fall Open Tournament,1483.0,1494.0,2022-09-30,2022-10-02
5861,Stuart,Caplin,940,4668,"Orange Park, FL",Florida Grassroots Table Tennis Association,1340,2021-12-22,1640,2014-06-10,ACTIVE,Robopong May 2016 Broward TTC Open,1501.0,1506.0,2016-05-07,2016-05-07
5861,Stuart,Caplin,940,4668,"Orange Park, FL",Florida Grassroots Table Tennis Association,1340,2021-12-22,1640,2014-06-10,ACTIVE,Robopong March 2012 BTTC Open,1633.0,1742.0,2012-03-18,
5866,Jimmy,Shen,7038,92451,"Miami Beach, FL",New York International Table Tennis Club,1339,2024-07-07,2044,2019-04-24,ACTIVE,Butterfly 2023 February BTTC,1909.0,1893.0,2023-02-10,2023-02-12
5866,Jimmy,Shen,7038,92451,"Miami Beach, FL",New York International Table Tennis Club,1339,2024-07-07,2044,2019-04-24,ACTIVE,Butterfly 2022 BTTC Fall Open Tournament,1838.0,1921.0,2022-09-30,2022-10-02
5866,Jimmy,Shen,7038,92451,"Miami Beach, FL",New York International Table Tennis Club,1339,2024-07-07,2044,2019-04-24,ACTIVE,Butterfly January 2022 BTTC Open Tournament,1889.0,1814.0,2022-01-29,2022-01-30
5866,Jimmy,Shen,7038,92451,"Miami Beach, FL",New York International Table Tennis Club,1339,2024-07-07,2044,2019-04-24,ACTIVE,Carmel Barrau 2021 December BTTC Open Tournament,2017.0,1889.0,2021-12-10,2021-12-12
5866,Jimmy,Shen,7038,92451,"Miami Beach, FL",New York International Table Tennis Club,1339,2024-07-07,2044,2019-04-24,ACTIVE,Butterfly 2021 September BTTC Open,1976.0,2017.0,2021-09-24,2021-09-26
5866,Jimmy,Shen,7038,92451,"Miami Beach, FL",New York International Table Tennis Club,1339,2024-07-07,2044,2019-04-24,ACTIVE,Butterfly 2020 February BTTC Tournament,1842.0,1881.0,2020-02-21,2020-02-23
5866,Jimmy,Shen,7038,92451,"Miami Beach, FL",New York International Table Tennis Club,1339,2024-07-07,2044,2019-04-24,ACTIVE,Butterfly 2019 December BTTC Open Tournament,1866.0,1860.0,2019-12-15,2019-12-15
5866,Jimmy,Shen,7038,92451,"Miami Beach, FL",New York International Table Tennis Club,1339,2024-07-07,2044,2019-04-24,ACTIVE,Butterfly 2019 October BTTC Tournament,1866.0,1866.0,2019-10-11,2019-10-13
5866,Jimmy,Shen,7038,92451,"Miami Beach, FL",New York International Table Tennis Club,1339,2024-07-07,2044,2019-04-24,ACTIVE,Butterfly 2019 June BTTC Open Tournament,1909.0,1922.0,2019-06-23,2019-06-23
5866,Jimmy,Shen,7038,92451,"Miami Beach, FL",New York International Table Tennis Club,1339,2024-07-07,2044,2019-04-24,ACTIVE,BUTTERFLY APRIL 2019 BTTC OPEN,1959.0,1971.0,2019-04-12,2019-04-14
5868,Dan,Nguyen,116412,215412,Frederick,,1339,2024-08-03,0,,ACTIVE,Butterfly February 2018 BTTC Open,1385.0,1470.0,2018-02-10,2018-02-11
5879,Efrain,Perez,40403,18421,"Pembroke Pines, FL",,1337,2024-07-21,0,,ACTIVE,Butterfly 2023 February BTTC,1488.0,1481.0,2023-02-10,2023-02-12
5879,Efrain,Perez,40403,18421,"Pembroke Pines, FL",,1337,2024-07-21,0,,ACTIVE,Butterfly 2022 BTTC Fall Open Tournament,1484.0,1488.0,2022-09-30,2022-10-02
5879,Efrain,Perez,40403,18421,"Pembroke Pines, FL",,1337,2024-07-21,0,,ACTIVE,Butterfly January 2022 BTTC Open Tournament,1539.0,1472.0,2022-01-29,2022-01-30
5879,Efrain,Perez,40403,18421,"Pembroke Pines, FL",,1337,2024-07-21,0,,ACTIVE,Carmel Barrau 2021 December BTTC Open Tournament,1495.0,1539.0,2021-12-10,2021-12-12
5879,Efrain,Perez,40403,18421,"Pembroke Pines, FL",,1337,2024-07-21,0,,ACTIVE,Butterfly 2021 September BTTC Open,1490.0,1495.0,2021-09-24,2021-09-26
5879,Efrain,Perez,40403,18421,"Pembroke Pines, FL",,1337,2024-07-21,0,,ACTIVE,2008 Broward TTWinter Open,1466.0,1514.0,2008-01-06,
5879,Efrain,Perez,40403,18421,"Pembroke Pines, FL",,1337,2024-07-21,0,,ACTIVE,2007 Winter Broward TT Open,1486.0,1466.0,2007-01-07,
5879,Efrain,Perez,40403,18421,"Pembroke Pines, FL",,1337,2024-07-21,0,,ACTIVE,Summer 2006 Broward TT Open,1214.0,1486.0,2006-07-31,
5879,Efrain,Perez,40403,18421,"Pembroke Pines, FL",,1337,2024-07-21,0,,ACTIVE,2006 Winter Broward Open,1198.0,1214.0,2006-01-08,
5932,Jeremy,Litwack,171169,1171169,Orlando,,1329,2024-05-20,0,,ACTIVE,Butterfly 2021 September BTTC Open,1171.0,1169.0,2021-09-24,2021-09-26
5980,Danilo,Falconi,173878,1173878,Doral,,1322,2024-07-21,0,,ACTIVE,Butterfly January 2022 BTTC Open Tournament,0.0,1174.0,2022-01-29,2022-01-30
5989,Jose,Goncalves,22633,30238,"Palm Beach Gardens, FL",,1321,2022-12-04,0,,ACTIVE,Carmel Barrau 2021 December BTTC Open Tournament,1327.0,1351.0,2021-12-10,2021-12-12
5989,Jose,Goncalves,22633,30238,"Palm Beach Gardens, FL",,1321,2022-12-04,0,,ACTIVE,Butterfly 2021 September BTTC Open,1403.0,1327.0,2021-09-24,2021-09-26
5989,Jose,Goncalves,22633,30238,"Palm Beach Gardens, FL",,1321,2022-12-04,0,,ACTIVE,2007 Summer Broward TT Open,1605.0,1534.0,2007-08-05,
5989,Jose,Goncalves,22633,30238,"Palm Beach Gardens, FL",,1321,2022-12-04,0,,ACTIVE,2006 Winter Broward Open,1663.0,1629.0,2006-01-08,
5989,Jose,Goncalves,22633,30238,"Palm Beach Gardens, FL",,1321,2022-12-04,0,,ACTIVE,2005 Summer Broward TT Open,1623.0,1663.0,2005-08-14,
5989,Jose,Goncalves,22633,30238,"Palm Beach Gardens, FL",,1321,2022-12-04,0,,ACTIVE,2005 Winter Broward TT Open,1554.0,1582.0,2005-01-09,
5989,Jose,Goncalves,22633,30238,"Palm Beach Gardens, FL",,1321,2022-12-04,0,,ACTIVE,2004 Inaugural Spring Broward ,1594.0,1591.0,2004-05-23,
6007,Shyue Ping,Ong,177193,276193,"Menlo Park, CA",,1317,2024-07-07,1025,2024-09-08,ACTIVE,Butterfly 2024 February BTTC Tournament,902.0,982.0,2024-02-09,2024-02-11
6017,Stanley,Falke,2065,8422,"Pembroke Pines, FL",,1316,2018-03-02,0,,ACTIVE,2005 Summer Broward TT Open,1411.0,1316.0,2005-08-14,
6022,Andrew,Gleeson,22408,34894,"Burke, VA",,1316,2018-03-02,1286,2006-06-15,ACTIVE,Robo-Pong April 2014 BTTC Open,1290.0,1316.0,2014-04-13,
6054,Hiroshi,Takaki,121415,220415,Bellingham,,1311,2024-04-28,0,,ACTIVE,2018 BTTC Fall Open,1359.0,1334.0,2018-10-20,2018-10-21
6130,BOB,HERED,113219,212219,"Orlando, FL",,1299,2024-08-10,0,,ACTIVE,BUTTERFLY APRIL 2019 BTTC OPEN,1164.0,1313.0,2019-04-12,2019-04-14
6150,Charlie,Zhao,173395,272395,Charlotte,,1296,2024-08-11,1547,2024-09-07,ACTIVE,Butterfly 2024 February BTTC Tournament,1333.0,1325.0,2024-02-09,2024-02-11
6332,Mike,Jameson,3401,83024,"Boynton Beach, FL","Broward Table Tennis Club, Inc.",1268,2024-07-21,0,,ACTIVE,Butterfly 2023 February BTTC,1384.0,1355.0,2023-02-10,2023-02-12
6332,Mike,Jameson,3401,83024,"Boynton Beach, FL","Broward Table Tennis Club, Inc.",1268,2024-07-21,0,,ACTIVE,Carmel Barrau 2021 December BTTC Open Tournament,1372.0,1461.0,2021-12-10,2021-12-12
6332,Mike,Jameson,3401,83024,"Boynton Beach, FL","Broward Table Tennis Club, Inc.",1268,2024-07-21,0,,ACTIVE,Butterfly 2021 September BTTC Open,1329.0,1372.0,2021-09-24,2021-09-26
6332,Mike,Jameson,3401,83024,"Boynton Beach, FL","Broward Table Tennis Club, Inc.",1268,2024-07-21,0,,ACTIVE,Butterfly 2019 December BTTC Open Tournament,1320.0,1302.0,2019-12-15,2019-12-15
6332,Mike,Jameson,3401,83024,"Boynton Beach, FL","Broward Table Tennis Club, Inc.",1268,2024-07-21,0,,ACTIVE,Butterfly 2019 October BTTC Tournament,1307.0,1320.0,2019-10-11,2019-10-13
6332,Mike,Jameson,3401,83024,"Boynton Beach, FL","Broward Table Tennis Club, Inc.",1268,2024-07-21,0,,ACTIVE,Butterfly 2019 June BTTC Open Tournament,1333.0,1307.0,2019-06-23,2019-06-23
6332,Mike,Jameson,3401,83024,"Boynton Beach, FL","Broward Table Tennis Club, Inc.",1268,2024-07-21,0,,ACTIVE,BUTTERFLY APRIL 2019 BTTC OPEN,1273.0,1333.0,2019-04-12,2019-04-14
6332,Mike,Jameson,3401,83024,"Boynton Beach, FL","Broward Table Tennis Club, Inc.",1268,2024-07-21,0,,ACTIVE,Butterfly February 2019 BTTC Open,1336.0,1273.0,2019-02-15,2019-02-15
6332,Mike,Jameson,3401,83024,"Boynton Beach, FL","Broward Table Tennis Club, Inc.",1268,2024-07-21,0,,ACTIVE,Butterfly Dec 2018 BTTC Open,1346.0,1346.0,2018-12-14,2018-12-16
6332,Mike,Jameson,3401,83024,"Boynton Beach, FL","Broward Table Tennis Club, Inc.",1268,2024-07-21,0,,ACTIVE,BUTTERFLY OCTOBER 2018 BTTC OPEN,1385.0,1346.0,2018-10-13,2018-10-13
6332,Mike,Jameson,3401,83024,"Boynton Beach, FL","Broward Table Tennis Club, Inc.",1268,2024-07-21,0,,ACTIVE,Butterfly 2018 August BTTC Open Tournament,1414.0,1385.0,2018-08-11,2018-08-12
6332,Mike,Jameson,3401,83024,"Boynton Beach, FL","Broward Table Tennis Club, Inc.",1268,2024-07-21,0,,ACTIVE,Butterfly February 2018 BTTC Open,1383.0,1414.0,2018-02-10,2018-02-11
6332,Mike,Jameson,3401,83024,"Boynton Beach, FL","Broward Table Tennis Club, Inc.",1268,2024-07-21,0,,ACTIVE,Robopong December 2017 BTTC Open,1367.0,1383.0,2017-12-15,2017-12-17
6332,Mike,Jameson,3401,83024,"Boynton Beach, FL","Broward Table Tennis Club, Inc.",1268,2024-07-21,0,,ACTIVE,Robo-Pong November 2017 BTTC Open,1390.0,1367.0,2017-11-04,2017-11-05
6332,Mike,Jameson,3401,83024,"Boynton Beach, FL","Broward Table Tennis Club, Inc.",1268,2024-07-21,0,,ACTIVE,Robopong September 2017 BTTC Open,1302.0,1299.0,2017-09-02,2017-09-03
6332,Mike,Jameson,3401,83024,"Boynton Beach, FL","Broward Table Tennis Club, Inc.",1268,2024-07-21,0,,ACTIVE,Robopong February 2017 BTTC Team Tournament,1245.0,1430.0,2017-02-11,2017-02-12
6332,Mike,Jameson,3401,83024,"Boynton Beach, FL","Broward Table Tennis Club, Inc.",1268,2024-07-21,0,,ACTIVE,Robopong October 2016 Broward TTC Open,1273.0,1291.0,2016-10-22,2016-10-23
6332,Mike,Jameson,3401,83024,"Boynton Beach, FL","Broward Table Tennis Club, Inc.",1268,2024-07-21,0,,ACTIVE,Robopong June 2016 Marty Prager Memorial BTTC Open,1459.0,1273.0,2016-06-24,2016-06-26
6332,Mike,Jameson,3401,83024,"Boynton Beach, FL","Broward Table Tennis Club, Inc.",1268,2024-07-21,0,,ACTIVE,Robopong May 2016 Broward TTC Open,1452.0,1459.0,2016-05-07,2016-05-07
6332,Mike,Jameson,3401,83024,"Boynton Beach, FL","Broward Table Tennis Club, Inc.",1268,2024-07-21,0,,ACTIVE,Robopong January 2016 Broward Table Tennis Club Open,1471.0,1407.0,2016-01-16,2016-01-17
6332,Mike,Jameson,3401,83024,"Boynton Beach, FL","Broward Table Tennis Club, Inc.",1268,2024-07-21,0,,ACTIVE,Robo Pong October 2015 BTTC Open,1359.0,1471.0,2015-11-01,
6332,Mike,Jameson,3401,83024,"Boynton Beach, FL","Broward Table Tennis Club, Inc.",1268,2024-07-21,0,,ACTIVE,Robo Pong September 2015 BTTC Open,1331.0,1359.0,2015-09-06,
6332,Mike,Jameson,3401,83024,"Boynton Beach, FL","Broward Table Tennis Club, Inc.",1268,2024-07-21,0,,ACTIVE,Robo Pong April 2015 BTTC Open,1268.0,1265.0,2015-04-18,
6332,Mike,Jameson,3401,83024,"Boynton Beach, FL","Broward Table Tennis Club, Inc.",1268,2024-07-21,0,,ACTIVE,Robo Pong February 2015 BTTC Open,1262.0,1268.0,2015-02-08,
6332,Mike,Jameson,3401,83024,"Boynton Beach, FL","Broward Table Tennis Club, Inc.",1268,2024-07-21,0,,ACTIVE,Robo-Pong August 2014 BTTC Open,1275.0,1262.0,2014-08-03,
6332,Mike,Jameson,3401,83024,"Boynton Beach, FL","Broward Table Tennis Club, Inc.",1268,2024-07-21,0,,ACTIVE,Robo-Pong April 2014 BTTC Open,1290.0,1282.0,2014-04-13,
6332,Mike,Jameson,3401,83024,"Boynton Beach, FL","Broward Table Tennis Club, Inc.",1268,2024-07-21,0,,ACTIVE,Robopong December 2013 BTTC Open,1319.0,1290.0,2013-12-08,
6332,Mike,Jameson,3401,83024,"Boynton Beach, FL","Broward Table Tennis Club, Inc.",1268,2024-07-21,0,,ACTIVE,Robopong March 2013 BTTC Open,1291.0,1321.0,2013-03-24,
6332,Mike,Jameson,3401,83024,"Boynton Beach, FL","Broward Table Tennis Club, Inc.",1268,2024-07-21,0,,ACTIVE,Robopong January 2013 Broward TTC Open,1289.0,1291.0,2013-01-13,
6332,Mike,Jameson,3401,83024,"Boynton Beach, FL","Broward Table Tennis Club, Inc.",1268,2024-07-21,0,,ACTIVE,Robopong May 2012 Broward TTC Open,1204.0,1193.0,2012-05-27,
6332,Mike,Jameson,3401,83024,"Boynton Beach, FL","Broward Table Tennis Club, Inc.",1268,2024-07-21,0,,ACTIVE,Robopong April 2012 Broward TTC Open,1161.0,1204.0,2012-04-22,
6332,Mike,Jameson,3401,83024,"Boynton Beach, FL","Broward Table Tennis Club, Inc.",1268,2024-07-21,0,,ACTIVE,Robopong March 2012 BTTC Open,1150.0,1161.0,2012-03-18,
6332,Mike,Jameson,3401,83024,"Boynton Beach, FL","Broward Table Tennis Club, Inc.",1268,2024-07-21,0,,ACTIVE,RoboPong 2010 Dec BTTC Open,1129.0,1123.0,2010-12-12,
6332,Mike,Jameson,3401,83024,"Boynton Beach, FL","Broward Table Tennis Club, Inc.",1268,2024-07-21,0,,ACTIVE,May 2010 Broward TT Open,0.0,1122.0,2010-05-23,
6351,Ying,Zhao,9094,92203,"Seattle, WA",,1266,2018-03-02,0,,ACTIVE,2014 BTTC Fall Open,1090.0,1095.0,2014-10-26,
6351,Ying,Zhao,9094,92203,"Seattle, WA",,1266,2018-03-02,0,,ACTIVE,2014 BTTC Spring Open,1110.0,1090.0,2014-03-30,
6370,Aubrey,Ong,176657,275657,"Menlo Park, CA",888 Table Tennis Center,1262,2024-09-02,867,2024-09-08,ACTIVE,Butterfly 2024 February BTTC Tournament,870.0,1309.0,2024-02-09,2024-02-11
6411,Essie,Faria,2082,73802,"Miami, FL",,1256,2018-03-02,0,,ACTIVE,Robopong January 2013 Broward TTC Open,1270.0,1272.0,2013-01-13,
6411,Essie,Faria,2082,73802,"Miami, FL",,1256,2018-03-02,0,,ACTIVE,Robopong January 2012 BTTC Open,1262.0,1255.0,2012-01-08,
6411,Essie,Faria,2082,73802,"Miami, FL",,1256,2018-03-02,0,,ACTIVE,RoboPong Jan BTTC Open,1260.0,1249.0,2011-01-09,
6411,Essie,Faria,2082,73802,"Miami, FL",,1256,2018-03-02,0,,ACTIVE,March '10 Broward TTO,1298.0,1260.0,2010-03-14,
6411,Essie,Faria,2082,73802,"Miami, FL",,1256,2018-03-02,0,,ACTIVE,Broward TT Open,1107.0,1298.0,2009-07-26,
6419,Aleksei,Degtiarev,157754,256754,"Wellington, FL","Broward Table Tennis Club, Inc.",1255,2024-05-20,0,,ACTIVE,Butterfly 2023 February BTTC,1300.0,1245.0,2023-02-10,2023-02-12
6419,Aleksei,Degtiarev,157754,256754,"Wellington, FL","Broward Table Tennis Club, Inc.",1255,2024-05-20,0,,ACTIVE,Butterfly 2022 BTTC Fall Open Tournament,1274.0,1282.0,2022-09-30,2022-10-02
6419,Aleksei,Degtiarev,157754,256754,"Wellington, FL","Broward Table Tennis Club, Inc.",1255,2024-05-20,0,,ACTIVE,Butterfly January 2022 BTTC Open Tournament,1118.0,1306.0,2022-01-29,2022-01-30
6419,Aleksei,Degtiarev,157754,256754,"Wellington, FL","Broward Table Tennis Club, Inc.",1255,2024-05-20,0,,ACTIVE,Carmel Barrau 2021 December BTTC Open Tournament,1121.0,1118.0,2021-12-10,2021-12-12
6419,Aleksei,Degtiarev,157754,256754,"Wellington, FL","Broward Table Tennis Club, Inc.",1255,2024-05-20,0,,ACTIVE,Butterfly 2021 September BTTC Open,1213.0,1121.0,2021-09-24,2021-09-26
6419,Aleksei,Degtiarev,157754,256754,"Wellington, FL","Broward Table Tennis Club, Inc.",1255,2024-05-20,0,,ACTIVE,Butterfly 2019 October BTTC Tournament,1025.0,1039.0,2019-10-11,2019-10-13
6419,Aleksei,Degtiarev,157754,256754,"Wellington, FL","Broward Table Tennis Club, Inc.",1255,2024-05-20,0,,ACTIVE,BUTTERFLY APRIL 2019 BTTC OPEN,987.0,1025.0,2019-04-12,2019-04-14
6419,Aleksei,Degtiarev,157754,256754,"Wellington, FL","Broward Table Tennis Club, Inc.",1255,2024-05-20,0,,ACTIVE,Butterfly February 2019 BTTC Open,0.0,987.0,2019-02-15,2019-02-15
6450,Nathaniel,Dilworth,131686,1131686,"San Antonio, TX",,1249,2024-06-29,911,2021-09-16,ACTIVE,Butterfly 2019 December BTTC Open Tournament,1189.0,1486.0,2019-12-15,2019-12-15
6450,Nathaniel,Dilworth,131686,1131686,"San Antonio, TX",,1249,2024-06-29,911,2021-09-16,ACTIVE,Butterfly February 2019 BTTC Open,860.0,1046.0,2019-02-15,2019-02-15
6457,Jianyin,Liu,182794,1182794,Palmetto Bay,,1248,2024-07-21,0,,ACTIVE,Butterfly 2024 February BTTC Tournament,1211.0,1211.0,2024-02-09,2024-02-11
6465,Fernando,Fussa,2297,92643,"Coral Springs, FL","Broward Table Tennis Club, Inc.",1248,2023-09-29,0,,ACTIVE,Robo Pong April 2015 BTTC Open,1360.0,1368.0,2015-04-18,
6465,Fernando,Fussa,2297,92643,"Coral Springs, FL","Broward Table Tennis Club, Inc.",1248,2023-09-29,0,,ACTIVE,Robo Pong February 2015 BTTC Open,1389.0,1360.0,2015-02-08,
6465,Fernando,Fussa,2297,92643,"Coral Springs, FL","Broward Table Tennis Club, Inc.",1248,2023-09-29,0,,ACTIVE,Robo-Pong October 2014 BTTC Open,1409.0,1389.0,2014-10-19,
6465,Fernando,Fussa,2297,92643,"Coral Springs, FL","Broward Table Tennis Club, Inc.",1248,2023-09-29,0,,ACTIVE,Robo-Pong September 2014 BTTC Open,1401.0,1409.0,2014-09-14,
6465,Fernando,Fussa,2297,92643,"Coral Springs, FL","Broward Table Tennis Club, Inc.",1248,2023-09-29,0,,ACTIVE,Robo-Pong August 2014 BTTC Open,1335.0,1401.0,2014-08-03,
6465,Fernando,Fussa,2297,92643,"Coral Springs, FL","Broward Table Tennis Club, Inc.",1248,2023-09-29,0,,ACTIVE,Robo-Pong May 2014 BTTC Open,1311.0,1320.0,2014-05-18,
6465,Fernando,Fussa,2297,92643,"Coral Springs, FL","Broward Table Tennis Club, Inc.",1248,2023-09-29,0,,ACTIVE,Robo-Pong April 2014 BTTC Open,1323.0,1326.0,2014-04-13,
6465,Fernando,Fussa,2297,92643,"Coral Springs, FL","Broward Table Tennis Club, Inc.",1248,2023-09-29,0,,ACTIVE,Robo-Pong March 2014 BTTC Open,1083.0,1323.0,2014-03-02,
6465,Fernando,Fussa,2297,92643,"Coral Springs, FL","Broward Table Tennis Club, Inc.",1248,2023-09-29,0,,ACTIVE,Robopong December 2013 BTTC Open,0.0,1049.0,2013-12-08,
6495,Adrian,Rollins,6607,87610,"Miami, FL","Broward Table Tennis Club, Inc.",1244,2024-07-21,0,,ACTIVE,Butterfly 2019 June BTTC Open Tournament,1515.0,1529.0,2019-06-23,2019-06-23
6495,Adrian,Rollins,6607,87610,"Miami, FL","Broward Table Tennis Club, Inc.",1244,2024-07-21,0,,ACTIVE,Butterfly February 2019 BTTC Open,1362.0,1475.0,2019-02-15,2019-02-15
6495,Adrian,Rollins,6607,87610,"Miami, FL","Broward Table Tennis Club, Inc.",1244,2024-07-21,0,,ACTIVE,BUTTERFLY OCTOBER 2018 BTTC OPEN,1437.0,1378.0,2018-10-13,2018-10-13
6495,Adrian,Rollins,6607,87610,"Miami, FL","Broward Table Tennis Club, Inc.",1244,2024-07-21,0,,ACTIVE,Butterfly February 2018 BTTC Open,1427.0,1437.0,2018-02-10,2018-02-11
6495,Adrian,Rollins,6607,87610,"Miami, FL","Broward Table Tennis Club, Inc.",1244,2024-07-21,0,,ACTIVE,Robo-Pong November 2017 BTTC Open,1388.0,1382.0,2017-11-04,2017-11-05
6495,Adrian,Rollins,6607,87610,"Miami, FL","Broward Table Tennis Club, Inc.",1244,2024-07-21,0,,ACTIVE,Robopong October 2016 Broward TTC Open,1423.0,1417.0,2016-10-22,2016-10-23
6495,Adrian,Rollins,6607,87610,"Miami, FL","Broward Table Tennis Club, Inc.",1244,2024-07-21,0,,ACTIVE,Robopong June 2016 Marty Prager Memorial BTTC Open,1430.0,1423.0,2016-06-24,2016-06-26
6495,Adrian,Rollins,6607,87610,"Miami, FL","Broward Table Tennis Club, Inc.",1244,2024-07-21,0,,ACTIVE,Robo Pong September 2015 BTTC Open,1360.0,1355.0,2015-09-06,
6495,Adrian,Rollins,6607,87610,"Miami, FL","Broward Table Tennis Club, Inc.",1244,2024-07-21,0,,ACTIVE,Robopong July 2012 Broward TTC,1511.0,1500.0,2012-07-29,
6495,Adrian,Rollins,6607,87610,"Miami, FL","Broward Table Tennis Club, Inc.",1244,2024-07-21,0,,ACTIVE,Robopong March 2012 BTTC Open,0.0,1511.0,2012-03-18,
6519,Dennys,Lopez,176903,1176903,Doral,,1240,2024-06-22,0,,ACTIVE,Butterfly 2022 BTTC Fall Open Tournament,0.0,1274.0,2022-09-30,2022-10-02
6536,Marcus,Wallace,180136,1180136,Raleigh,,1238,2024-08-10,0,,ACTIVE,Butterfly 2024 February BTTC Tournament,1145.0,1153.0,2024-02-09,2024-02-11
6619,Robert,Spitzer,7356,27003,"Land O Lakes, FL",PINGPOD,1225,2024-07-21,1699,2022-07-14,ACTIVE,2011 BTTC March Open,1636.0,1619.0,2011-03-13,
6619,Robert,Spitzer,7356,27003,"Land O Lakes, FL",PINGPOD,1225,2024-07-21,1699,2022-07-14,ACTIVE,BTTC January Open,1713.0,1696.0,2011-01-30,
6619,Robert,Spitzer,7356,27003,"Land O Lakes, FL",PINGPOD,1225,2024-07-21,1699,2022-07-14,ACTIVE,BTTC November Open,1615.0,1595.0,2010-11-21,
6619,Robert,Spitzer,7356,27003,"Land O Lakes, FL",PINGPOD,1225,2024-07-21,1699,2022-07-14,ACTIVE,BTTC August Open,1610.0,1604.0,2010-08-22,
6626,William,Durbin,1898,17486,"Cocoa Beach, FL",Space Coast Table Tennis Club,1224,2018-03-02,0,,ACTIVE,2007 Winter Broward TT Open,1384.0,1291.0,2007-01-07,
6671,David,Schlessinger,164743,263743,Miami Beach,,1217,2023-02-12,955,2019-03-26,ACTIVE,Butterfly 2023 February BTTC,0.0,1217.0,2023-02-10,2023-02-12
6674,Donald,Feltenberger,2105,55196,"Stratford, CT",,1216,2024-06-30,0,,ACTIVE,BTTC November Open,1693.0,1631.0,2010-11-21,
6674,Donald,Feltenberger,2105,55196,"Stratford, CT",,1216,2024-06-30,0,,ACTIVE,BTTC October Open,1636.0,1802.0,2010-10-24,
6674,Donald,Feltenberger,2105,55196,"Stratford, CT",,1216,2024-06-30,0,,ACTIVE,BTTC August Open,1785.0,1736.0,2010-08-22,
6674,Donald,Feltenberger,2105,55196,"Stratford, CT",,1216,2024-06-30,0,,ACTIVE,2010 BTTC Open,1649.0,1793.0,2010-06-06,
6674,Donald,Feltenberger,2105,55196,"Stratford, CT",,1216,2024-06-30,0,,ACTIVE,2010 BTTC Open,1614.0,1656.0,2010-05-02,
6674,Donald,Feltenberger,2105,55196,"Stratford, CT",,1216,2024-06-30,0,,ACTIVE,2010 BTTC Open,1707.0,1646.0,2010-03-28,
6674,Donald,Feltenberger,2105,55196,"Stratford, CT",,1216,2024-06-30,0,,ACTIVE,2010 BTTC Open,1815.0,1819.0,2010-02-28,
6674,Donald,Feltenberger,2105,55196,"Stratford, CT",,1216,2024-06-30,0,,ACTIVE,2010 BTTC Open,1827.0,1814.0,2010-01-31,
6686,Angelina,Eliass,171262,270262,"Oviedo, FL",Central Florida Table Tennis,1215,2024-06-08,0,,ACTIVE,Butterfly 2024 February BTTC Tournament,1210.0,1210.0,2024-02-09,2024-02-11
6686,Angelina,Eliass,171262,270262,"Oviedo, FL",Central Florida Table Tennis,1215,2024-06-08,0,,ACTIVE,Butterfly 2023 February BTTC,938.0,1133.0,2023-02-10,2023-02-12
6721,Matthew,Christo,16184,905,"Orlando, FL",,1209,2024-06-16,1349,2005-04-24,ACTIVE,Summer 2006 Broward TT Open,1295.0,1344.0,2006-07-31,
6721,Matthew,Christo,16184,905,"Orlando, FL",,1209,2024-06-16,1349,2005-04-24,ACTIVE,2006 Winter Broward Open,1302.0,1295.0,2006-01-08,
6721,Matthew,Christo,16184,905,"Orlando, FL",,1209,2024-06-16,1349,2005-04-24,ACTIVE,2005 Summer Broward TT Open,1304.0,1302.0,2005-08-14,
6726,Prasanna,Ediga,131385,230385,Wesley Chapel,,1208,2023-09-29,0,,ACTIVE,Butterfly Dec 2018 BTTC Open,1250.0,1258.0,2018-12-14,2018-12-16
6899,Blair,Wilson,8488,69613,"Snellville, GA",,1184,2024-08-18,1546,2008-08-02,ACTIVE,Emerald Coast Spring Open (Hosted by FWBTTC),1530.0,1561.0,2010-04-17,
7007,Jean,Damour,118013,217013,Port St. Lucie,,1166,2024-03-31,0,,ACTIVE,Butterfly 2022 BTTC Fall Open Tournament,909.0,1162.0,2022-09-30,2022-10-02
7021,Margarita,Novoseletsky,182554,281554,"Tamarac, FL",,1162,2024-02-11,0,,ACTIVE,Butterfly 2024 February BTTC Tournament,1025.0,1162.0,2024-02-09,2024-02-11
7025,William (Bill),Robbins,6556,32476,"Saint Petersburg, FL",Sunrise Table Tennis Club - Morningside Recreation Complex,1162,2022-06-19,1210,2010-08-07,ACTIVE,Robopong October 2016 Broward TTC Open,1295.0,1325.0,2016-10-22,2016-10-23
7061,Jianzhong,Qin,183583,1183583,Plantation,,1156,2024-02-11,0,,ACTIVE,Butterfly 2024 February BTTC Tournament,0.0,1156.0,2024-02-09,2024-02-11
7075,Dinesh,Monteiro,120642,219642,Seattle,,1154,2024-02-04,1193,2019-09-21,ACTIVE,2018 BTTC Summer Open,1199.0,1162.0,2018-07-21,2018-07-22
7075,Dinesh,Monteiro,120642,219642,Seattle,,1154,2024-02-04,1193,2019-09-21,ACTIVE,2018 BTTC Spring Open,1025.0,1102.0,2018-04-21,2018-04-22
7079,Rameshwar,Singh,7180,97437,"Miami, FL",305 TTC - Table Tennis Club LLC,1153,2024-07-21,1100,2023-10-13,ACTIVE,Butterfly 2024 February BTTC Tournament,1088.0,1030.0,2024-02-09,2024-02-11
7079,Rameshwar,Singh,7180,97437,"Miami, FL",305 TTC - Table Tennis Club LLC,1153,2024-07-21,1100,2023-10-13,ACTIVE,Butterfly 2023 February BTTC,1037.0,1030.0,2023-02-10,2023-02-12
7079,Rameshwar,Singh,7180,97437,"Miami, FL",305 TTC - Table Tennis Club LLC,1153,2024-07-21,1100,2023-10-13,ACTIVE,Butterfly 2022 BTTC Fall Open Tournament,871.0,1039.0,2022-09-30,2022-10-02
7079,Rameshwar,Singh,7180,97437,"Miami, FL",305 TTC - Table Tennis Club LLC,1153,2024-07-21,1100,2023-10-13,ACTIVE,Butterfly 2020 February BTTC Tournament,861.0,861.0,2020-02-21,2020-02-23
7079,Rameshwar,Singh,7180,97437,"Miami, FL",305 TTC - Table Tennis Club LLC,1153,2024-07-21,1100,2023-10-13,ACTIVE,Butterfly 2019 October BTTC Tournament,864.0,861.0,2019-10-11,2019-10-13
7079,Rameshwar,Singh,7180,97437,"Miami, FL",305 TTC - Table Tennis Club LLC,1153,2024-07-21,1100,2023-10-13,ACTIVE,Robo Pong October 2015 BTTC Open,873.0,864.0,2015-11-01,
7079,Rameshwar,Singh,7180,97437,"Miami, FL",305 TTC - Table Tennis Club LLC,1153,2024-07-21,1100,2023-10-13,ACTIVE,Robo Pong September 2015 BTTC Open,0.0,873.0,2015-09-06,
7098,Makiko,Watanabe,8352,85615,"Austin, TX",,1151,2018-03-02,1107,2024-04-10,ACTIVE,Robopong December 2013 BTTC Open,1264.0,1285.0,2013-12-08,
7098,Makiko,Watanabe,8352,85615,"Austin, TX",,1151,2018-03-02,1107,2024-04-10,ACTIVE,Robopong July 2012 Broward TTC,1235.0,1265.0,2012-07-29,
7098,Makiko,Watanabe,8352,85615,"Austin, TX",,1151,2018-03-02,1107,2024-04-10,ACTIVE,Robopong May 2012 Broward TTC Open,1123.0,1118.0,2012-05-27,
7098,Makiko,Watanabe,8352,85615,"Austin, TX",,1151,2018-03-02,1107,2024-04-10,ACTIVE,Robopong March 2012 BTTC Open,1022.0,1165.0,2012-03-18,
7156,Jeffrey,Newton,5584,47497,"Lookout Mountain, GA",Chattanooga Table Tennis Club,1142,2021-05-15,0,,ACTIVE,Butterfly February 2018 BTTC Open,1289.0,1278.0,2018-02-10,2018-02-11
7176,Nicholas,Cangahuala,115810,214810,"Miami, FL",305 TTC - Table Tennis Club LLC,1138,2019-06-23,0,,ACTIVE,Butterfly 2019 June BTTC Open Tournament,1138.0,1138.0,2019-06-23,2019-06-23
7176,Nicholas,Cangahuala,115810,214810,"Miami, FL",305 TTC - Table Tennis Club LLC,1138,2019-06-23,0,,ACTIVE,BUTTERFLY APRIL 2019 BTTC OPEN,1197.0,1138.0,2019-04-12,2019-04-14
7176,Nicholas,Cangahuala,115810,214810,"Miami, FL",305 TTC - Table Tennis Club LLC,1138,2019-06-23,0,,ACTIVE,Butterfly February 2019 BTTC Open,1201.0,1197.0,2019-02-15,2019-02-15
7176,Nicholas,Cangahuala,115810,214810,"Miami, FL",305 TTC - Table Tennis Club LLC,1138,2019-06-23,0,,ACTIVE,BUTTERFLY OCTOBER 2018 BTTC OPEN,1204.0,1201.0,2018-10-13,2018-10-13
7176,Nicholas,Cangahuala,115810,214810,"Miami, FL",305 TTC - Table Tennis Club LLC,1138,2019-06-23,0,,ACTIVE,Butterfly 2018 June BTTC Open Tournament,1221.0,1204.0,2018-06-17,2018-06-17
7176,Nicholas,Cangahuala,115810,214810,"Miami, FL",305 TTC - Table Tennis Club LLC,1138,2019-06-23,0,,ACTIVE,Robo-Pong November 2017 BTTC Open,762.0,1221.0,2017-11-04,2017-11-05
7176,Nicholas,Cangahuala,115810,214810,"Miami, FL",305 TTC - Table Tennis Club LLC,1138,2019-06-23,0,,ACTIVE,Robopong September 2017 BTTC Open,762.0,762.0,2017-09-02,2017-09-03
7176,Nicholas,Cangahuala,115810,214810,"Miami, FL",305 TTC - Table Tennis Club LLC,1138,2019-06-23,0,,ACTIVE,Robopong October 2016 Broward TTC Open,0.0,331.0,2016-10-22,2016-10-23
7183,Ulysse,Louigene,183582,1183582,Port St Lucie,,1137,2024-02-11,0,,ACTIVE,Butterfly 2024 February BTTC Tournament,0.0,1137.0,2024-02-09,2024-02-11
7187,Leon,Liebman,4501,13749,"Pembroke Pines, FL",,1137,2018-03-02,0,,ACTIVE,2005 Winter Broward TT Open,1170.0,1187.0,2005-01-09,
7187,Leon,Liebman,4501,13749,"Pembroke Pines, FL",,1137,2018-03-02,0,,ACTIVE,2004 Inaugural Spring Broward ,1174.0,1170.0,2004-05-23,
7236,Joseph,Fernandi,123883,222883,"Seattle, WA",Green Lake TTC (GLTTC),1129,2024-04-14,0,,ACTIVE,2018 BTTC Spring Open,0.0,1093.0,2018-04-21,2018-04-22
7248,Yves,Dorceus,170165,1170165,"Spring Valley, NY",,1127,2024-03-31,0,,ACTIVE,Butterfly 2024 February BTTC Tournament,1115.0,1164.0,2024-02-09,2024-02-11
7248,Yves,Dorceus,170165,1170165,"Spring Valley, NY",,1127,2024-03-31,0,,ACTIVE,Butterfly 2021 September BTTC Open,1094.0,1092.0,2021-09-24,2021-09-26
7248,Yves,Dorceus,170165,1170165,"Spring Valley, NY",,1127,2024-03-31,0,,ACTIVE,Butterfly 2020 February BTTC Tournament,0.0,1094.0,2020-02-21,2020-02-23
7270,Leslie,Tseng,169838,1169838,"Cuyahoga Falls, OH",,1124,2023-03-25,1200,2023-12-26,ACTIVE,Carmel Barrau 2021 December BTTC Open Tournament,343.0,443.0,2021-12-10,2021-12-12
7318,Julio Rafael,De Jesus Rosa,179556,1179556,Aibonito,,1115,2024-07-21,0,,ACTIVE,Butterfly 2024 February BTTC Tournament,624.0,948.0,2024-02-09,2024-02-11
7331,Dhruv,Gupta,168992,1168992,Riverview,,1112,2024-07-27,0,,ACTIVE,Butterfly 2019 December BTTC Open Tournament,0.0,687.0,2019-12-15,2019-12-15
7355,Alejandro,Arenas,172079,1172079,"Doral, FL",Miami Table Tennis Club - Doral Branch,1106,2024-07-27,0,,ACTIVE,Butterfly January 2022 BTTC Open Tournament,1269.0,1119.0,2022-01-29,2022-01-30
7355,Alejandro,Arenas,172079,1172079,"Doral, FL",Miami Table Tennis Club - Doral Branch,1106,2024-07-27,0,,ACTIVE,Butterfly 2021 September BTTC Open,1280.0,1269.0,2021-09-24,2021-09-26
7356,Richard L.,Chang,14904,11577,"Langley, CA",,1106,2022-11-06,1112,2014-12-03,ACTIVE,2017 BTTC Summer Open,1126.0,1103.0,2017-06-10,2017-06-11
7356,Richard L.,Chang,14904,11577,"Langley, CA",,1106,2022-11-06,1112,2014-12-03,ACTIVE,2015 BTTC Fall Open,1197.0,1128.0,2015-09-20,
7356,Richard L.,Chang,14904,11577,"Langley, CA",,1106,2022-11-06,1112,2014-12-03,ACTIVE,2014 BTTC Fall Open,1144.0,1112.0,2014-10-26,
7366,Bette,Goldszer,2506,34057,"Tamarac, FL",,1105,2018-03-02,0,,ACTIVE,April 2010 Broward TT Open,0.0,1164.0,2010-04-25,
7381,Brandon,Caton,181400,280400,"Gainesville, FL",Gainesville Table Tennis Community,1103,2024-06-16,0,,ACTIVE,Butterfly 2024 February BTTC Tournament,1105.0,1103.0,2024-02-09,2024-02-11
7406,Vish,Toolsie,173108,1173108,"Palm Coast, FL","Broward Table Tennis Club, Inc.",1099,2023-12-21,0,,ACTIVE,Butterfly 2023 February BTTC,1039.0,1058.0,2023-02-10,2023-02-12
7406,Vish,Toolsie,173108,1173108,"Palm Coast, FL","Broward Table Tennis Club, Inc.",1099,2023-12-21,0,,ACTIVE,Carmel Barrau 2021 December BTTC Open Tournament,1070.0,1020.0,2021-12-10,2021-12-12
7410,James,Hill,167348,266348,Pensacola,,1099,2024-01-13,0,,ACTIVE,Butterfly 2021 September BTTC Open,1035.0,1040.0,2021-09-24,2021-09-26
7509,Thomas,Nam,5506,77388,"Vancouver, WA",Paddle Palace Club,1084,2024-09-08,1063,2014-08-08,ACTIVE,2015 BTTC Spring Open,1229.0,1232.0,2015-03-22,
7509,Thomas,Nam,5506,77388,"Vancouver, WA",Paddle Palace Club,1084,2024-09-08,1063,2014-08-08,ACTIVE,2014 BTTC Fall Open,1070.0,1066.0,2014-10-26,
7509,Thomas,Nam,5506,77388,"Vancouver, WA",Paddle Palace Club,1084,2024-09-08,1063,2014-08-08,ACTIVE,2014 BTTC Spring Open,1058.0,1063.0,2014-03-30,
7522,Diego,Alvarez,161,97249,"Weston, FL",,1081,2023-12-17,0,,ACTIVE,Robopong April 2017 BTTC Open,1102.0,1097.0,2017-04-29,2017-04-30
7522,Diego,Alvarez,161,97249,"Weston, FL",,1081,2023-12-17,0,,ACTIVE,Robopong May 2016 Broward TTC Open,1113.0,1102.0,2016-05-07,2016-05-07
7522,Diego,Alvarez,161,97249,"Weston, FL",,1081,2023-12-17,0,,ACTIVE,Robopong January 2016 Broward Table Tennis Club Open,0.0,1113.0,2016-01-16,2016-01-17
7618,Rick,Reilly,6478,23977,"Ft Lauderdale, FL","Broward Table Tennis Club, Inc.",1061,2023-12-17,0,,ACTIVE,Butterfly 2023 February BTTC,1165.0,1138.0,2023-02-10,2023-02-12
7618,Rick,Reilly,6478,23977,"Ft Lauderdale, FL","Broward Table Tennis Club, Inc.",1061,2023-12-17,0,,ACTIVE,Butterfly 2022 BTTC Fall Open Tournament,1170.0,1165.0,2022-09-30,2022-10-02
7618,Rick,Reilly,6478,23977,"Ft Lauderdale, FL","Broward Table Tennis Club, Inc.",1061,2023-12-17,0,,ACTIVE,Butterfly January 2022 BTTC Open Tournament,1179.0,1173.0,2022-01-29,2022-01-30
7618,Rick,Reilly,6478,23977,"Ft Lauderdale, FL","Broward Table Tennis Club, Inc.",1061,2023-12-17,0,,ACTIVE,Carmel Barrau 2021 December BTTC Open Tournament,1164.0,1179.0,2021-12-10,2021-12-12
7618,Rick,Reilly,6478,23977,"Ft Lauderdale, FL","Broward Table Tennis Club, Inc.",1061,2023-12-17,0,,ACTIVE,Butterfly 2021 September BTTC Open,1192.0,1164.0,2021-09-24,2021-09-26
7618,Rick,Reilly,6478,23977,"Ft Lauderdale, FL","Broward Table Tennis Club, Inc.",1061,2023-12-17,0,,ACTIVE,Butterfly 2019 December BTTC Open Tournament,1215.0,1215.0,2019-12-15,2019-12-15
7618,Rick,Reilly,6478,23977,"Ft Lauderdale, FL","Broward Table Tennis Club, Inc.",1061,2023-12-17,0,,ACTIVE,Butterfly 2019 June BTTC Open Tournament,1227.0,1215.0,2019-06-23,2019-06-23
7618,Rick,Reilly,6478,23977,"Ft Lauderdale, FL","Broward Table Tennis Club, Inc.",1061,2023-12-17,0,,ACTIVE,BUTTERFLY APRIL 2019 BTTC OPEN,1199.0,1227.0,2019-04-12,2019-04-14
7618,Rick,Reilly,6478,23977,"Ft Lauderdale, FL","Broward Table Tennis Club, Inc.",1061,2023-12-17,0,,ACTIVE,Butterfly 2018 August BTTC Open Tournament,1222.0,1199.0,2018-08-11,2018-08-12
7618,Rick,Reilly,6478,23977,"Ft Lauderdale, FL","Broward Table Tennis Club, Inc.",1061,2023-12-17,0,,ACTIVE,Butterfly February 2018 BTTC Open,1211.0,1222.0,2018-02-10,2018-02-11
7618,Rick,Reilly,6478,23977,"Ft Lauderdale, FL","Broward Table Tennis Club, Inc.",1061,2023-12-17,0,,ACTIVE,Robopong September 2017 BTTC Open,1222.0,1211.0,2017-09-02,2017-09-03
7618,Rick,Reilly,6478,23977,"Ft Lauderdale, FL","Broward Table Tennis Club, Inc.",1061,2023-12-17,0,,ACTIVE,Robopong April 2017 BTTC Open,1308.0,1300.0,2017-04-29,2017-04-30
7618,Rick,Reilly,6478,23977,"Ft Lauderdale, FL","Broward Table Tennis Club, Inc.",1061,2023-12-17,0,,ACTIVE,Robopong February 2017 BTTC Team Tournament,1298.0,1308.0,2017-02-11,2017-02-12
7618,Rick,Reilly,6478,23977,"Ft Lauderdale, FL","Broward Table Tennis Club, Inc.",1061,2023-12-17,0,,ACTIVE,Robopong October 2016 Broward TTC Open,1298.0,1303.0,2016-10-22,2016-10-23
7618,Rick,Reilly,6478,23977,"Ft Lauderdale, FL","Broward Table Tennis Club, Inc.",1061,2023-12-17,0,,ACTIVE,Robopong June 2016 Marty Prager Memorial BTTC Open,1369.0,1298.0,2016-06-24,2016-06-26
7618,Rick,Reilly,6478,23977,"Ft Lauderdale, FL","Broward Table Tennis Club, Inc.",1061,2023-12-17,0,,ACTIVE,Robopong May 2016 Broward TTC Open,1336.0,1369.0,2016-05-07,2016-05-07
7618,Rick,Reilly,6478,23977,"Ft Lauderdale, FL","Broward Table Tennis Club, Inc.",1061,2023-12-17,0,,ACTIVE,Robopong January 2016 Broward Table Tennis Club Open,1356.0,1324.0,2016-01-16,2016-01-17
7618,Rick,Reilly,6478,23977,"Ft Lauderdale, FL","Broward Table Tennis Club, Inc.",1061,2023-12-17,0,,ACTIVE,Robo Pong October 2015 BTTC Open,1328.0,1356.0,2015-11-01,
7618,Rick,Reilly,6478,23977,"Ft Lauderdale, FL","Broward Table Tennis Club, Inc.",1061,2023-12-17,0,,ACTIVE,Robo Pong September 2015 BTTC Open,1337.0,1328.0,2015-09-06,
7618,Rick,Reilly,6478,23977,"Ft Lauderdale, FL","Broward Table Tennis Club, Inc.",1061,2023-12-17,0,,ACTIVE,Robo Pong April 2015 BTTC Open,1354.0,1338.0,2015-04-18,
7618,Rick,Reilly,6478,23977,"Ft Lauderdale, FL","Broward Table Tennis Club, Inc.",1061,2023-12-17,0,,ACTIVE,Robo-Pong September 2014 BTTC Open,1362.0,1354.0,2014-09-14,
7618,Rick,Reilly,6478,23977,"Ft Lauderdale, FL","Broward Table Tennis Club, Inc.",1061,2023-12-17,0,,ACTIVE,Robo-Pong May 2014 BTTC Open,1376.0,1362.0,2014-05-18,
7618,Rick,Reilly,6478,23977,"Ft Lauderdale, FL","Broward Table Tennis Club, Inc.",1061,2023-12-17,0,,ACTIVE,Robo-Pong April 2014 BTTC Open,1341.0,1376.0,2014-04-13,
7618,Rick,Reilly,6478,23977,"Ft Lauderdale, FL","Broward Table Tennis Club, Inc.",1061,2023-12-17,0,,ACTIVE,Robopong December 2013 BTTC Open,1355.0,1341.0,2013-12-08,
7618,Rick,Reilly,6478,23977,"Ft Lauderdale, FL","Broward Table Tennis Club, Inc.",1061,2023-12-17,0,,ACTIVE,Robopong April 2013 BTTC Open,1455.0,1436.0,2013-04-28,
7618,Rick,Reilly,6478,23977,"Ft Lauderdale, FL","Broward Table Tennis Club, Inc.",1061,2023-12-17,0,,ACTIVE,Robopong March 2013 BTTC Open,1281.0,1455.0,2013-03-24,
7618,Rick,Reilly,6478,23977,"Ft Lauderdale, FL","Broward Table Tennis Club, Inc.",1061,2023-12-17,0,,ACTIVE,Robopong January 2013 Broward TTC Open,1281.0,1281.0,2013-01-13,
7618,Rick,Reilly,6478,23977,"Ft Lauderdale, FL","Broward Table Tennis Club, Inc.",1061,2023-12-17,0,,ACTIVE,RoboPong December 2012 Broward,1272.0,1281.0,2012-12-09,
7618,Rick,Reilly,6478,23977,"Ft Lauderdale, FL","Broward Table Tennis Club, Inc.",1061,2023-12-17,0,,ACTIVE,RoboPong November 2012 Broward,1290.0,1272.0,2012-11-04,
7618,Rick,Reilly,6478,23977,"Ft Lauderdale, FL","Broward Table Tennis Club, Inc.",1061,2023-12-17,0,,ACTIVE,Robopong July 2012 Broward TTC,1316.0,1286.0,2012-07-29,
7618,Rick,Reilly,6478,23977,"Ft Lauderdale, FL","Broward Table Tennis Club, Inc.",1061,2023-12-17,0,,ACTIVE,Robopong May 2012 Broward TTC Open,1177.0,1346.0,2012-05-27,
7618,Rick,Reilly,6478,23977,"Ft Lauderdale, FL","Broward Table Tennis Club, Inc.",1061,2023-12-17,0,,ACTIVE,Robopong April 2012 Broward TTC Open,1240.0,1177.0,2012-04-22,
7618,Rick,Reilly,6478,23977,"Ft Lauderdale, FL","Broward Table Tennis Club, Inc.",1061,2023-12-17,0,,ACTIVE,Robopong March 2012 BTTC Open,1155.0,1240.0,2012-03-18,
7618,Rick,Reilly,6478,23977,"Ft Lauderdale, FL","Broward Table Tennis Club, Inc.",1061,2023-12-17,0,,ACTIVE,Robopong February 2012 Broward Table Tennis Open,1167.0,1155.0,2012-02-12,
7618,Rick,Reilly,6478,23977,"Ft Lauderdale, FL","Broward Table Tennis Club, Inc.",1061,2023-12-17,0,,ACTIVE,Robopong January 2012 BTTC Open,1153.0,1167.0,2012-01-08,
7618,Rick,Reilly,6478,23977,"Ft Lauderdale, FL","Broward Table Tennis Club, Inc.",1061,2023-12-17,0,,ACTIVE,RoboPong Jan BTTC Open,1179.0,1167.0,2011-01-09,
7618,Rick,Reilly,6478,23977,"Ft Lauderdale, FL","Broward Table Tennis Club, Inc.",1061,2023-12-17,0,,ACTIVE,March '10 Broward TTO,1158.0,1194.0,2010-03-14,
7618,Rick,Reilly,6478,23977,"Ft Lauderdale, FL","Broward Table Tennis Club, Inc.",1061,2023-12-17,0,,ACTIVE,October '09 Broward TT Open,1055.0,1090.0,2009-11-01,
7618,Rick,Reilly,6478,23977,"Ft Lauderdale, FL","Broward Table Tennis Club, Inc.",1061,2023-12-17,0,,ACTIVE,September '09 Broward TT Open,1055.0,1055.0,2009-10-04,
7618,Rick,Reilly,6478,23977,"Ft Lauderdale, FL","Broward Table Tennis Club, Inc.",1061,2023-12-17,0,,ACTIVE,April 09 Broward TT Open,1013.0,1012.0,2009-04-05,
7618,Rick,Reilly,6478,23977,"Ft Lauderdale, FL","Broward Table Tennis Club, Inc.",1061,2023-12-17,0,,ACTIVE,2008 Broward TTWinter Open,1017.0,1013.0,2008-01-06,
7618,Rick,Reilly,6478,23977,"Ft Lauderdale, FL","Broward Table Tennis Club, Inc.",1061,2023-12-17,0,,ACTIVE,2007 Summer Broward TT Open,1093.0,1016.0,2007-08-05,
7618,Rick,Reilly,6478,23977,"Ft Lauderdale, FL","Broward Table Tennis Club, Inc.",1061,2023-12-17,0,,ACTIVE,2007 Winter Broward TT Open,981.0,971.0,2007-01-07,
7618,Rick,Reilly,6478,23977,"Ft Lauderdale, FL","Broward Table Tennis Club, Inc.",1061,2023-12-17,0,,ACTIVE,2006 Winter Broward Open,1058.0,1094.0,2006-01-08,
7618,Rick,Reilly,6478,23977,"Ft Lauderdale, FL","Broward Table Tennis Club, Inc.",1061,2023-12-17,0,,ACTIVE,2004 Inaugural Spring Broward ,1019.0,979.0,2004-05-23,
7658,Aniket M,Kakade,185276,284276,"Sammamish, WA",,1053,2018-03-02,1180,2024-08-10,ACTIVE,2013 BTTC Spring Open,0.0,1140.0,2013-04-28,
7679,Pablo,Peraza,176910,1176910,Doral,,1048,2024-06-22,0,,ACTIVE,Butterfly 2022 BTTC Fall Open Tournament,0.0,1057.0,2022-09-30,2022-10-02
7723,Carlos,Hidalgo,173103,1173103,Orlando,,1040,2023-09-29,0,,ACTIVE,Butterfly 2023 February BTTC,1073.0,1010.0,2023-02-10,2023-02-12
7798,Kaan,Uygur,173689,1173689,Doral,,1023,2024-04-20,0,,ACTIVE,Carmel Barrau 2021 December BTTC Open Tournament,0.0,888.0,2021-12-10,2021-12-12
7808,Max,Candio,171154,1171154,"Bradenton, FL",Sarasota Table Tennis Club,1021,2024-07-21,0,,ACTIVE,Carmel Barrau 2021 December BTTC Open Tournament,1132.0,1081.0,2021-12-10,2021-12-12
7808,Max,Candio,171154,1171154,"Bradenton, FL",Sarasota Table Tennis Club,1021,2024-07-21,0,,ACTIVE,Butterfly 2021 September BTTC Open,1139.0,1136.0,2021-09-24,2021-09-26
7819,Samantha,Palencia,176152,1176152,Miami,,1019,2024-08-24,0,,ACTIVE,Butterfly 2024 February BTTC Tournament,999.0,909.0,2024-02-09,2024-02-11
7827,Mete,Uygur,173690,1173690,Doral,,1017,2024-04-20,0,,ACTIVE,Carmel Barrau 2021 December BTTC Open Tournament,0.0,1058.0,2021-12-10,2021-12-12
7872,Ehud,Hazan,24547,83303,"Brooklyn, NY",,1009,2023-02-11,0,,ACTIVE,BTTC October Open,1010.0,1010.0,2010-10-24,
7872,Ehud,Hazan,24547,83303,"Brooklyn, NY",,1009,2023-02-11,0,,ACTIVE,BTTC September Open,1010.0,1010.0,2010-09-19,
7872,Ehud,Hazan,24547,83303,"Brooklyn, NY",,1009,2023-02-11,0,,ACTIVE,2010 BTTC Open,0.0,1010.0,2010-07-11,
7899,Bard,Brenner,743,4434,"Sunny Isles Beach, FL","Broward Table Tennis Club, Inc.",1003,2018-03-02,0,,ACTIVE,Robopong June 2016 Marty Prager Memorial BTTC Open,1175.0,1135.0,2016-06-24,2016-06-26
7899,Bard,Brenner,743,4434,"Sunny Isles Beach, FL","Broward Table Tennis Club, Inc.",1003,2018-03-02,0,,ACTIVE,Robopong January 2016 Broward Table Tennis Club Open,1158.0,1175.0,2016-01-16,2016-01-17
7899,Bard,Brenner,743,4434,"Sunny Isles Beach, FL","Broward Table Tennis Club, Inc.",1003,2018-03-02,0,,ACTIVE,Robo Pong October 2015 BTTC Open,1100.0,1205.0,2015-11-01,
7899,Bard,Brenner,743,4434,"Sunny Isles Beach, FL","Broward Table Tennis Club, Inc.",1003,2018-03-02,0,,ACTIVE,Robo Pong September 2015 BTTC Open,1098.0,1100.0,2015-09-06,
7899,Bard,Brenner,743,4434,"Sunny Isles Beach, FL","Broward Table Tennis Club, Inc.",1003,2018-03-02,0,,ACTIVE,Robo Pong April 2015 BTTC Open,1154.0,1204.0,2015-04-18,
7899,Bard,Brenner,743,4434,"Sunny Isles Beach, FL","Broward Table Tennis Club, Inc.",1003,2018-03-02,0,,ACTIVE,Robo Pong February 2015 BTTC Open,1111.0,1154.0,2015-02-08,
7899,Bard,Brenner,743,4434,"Sunny Isles Beach, FL","Broward Table Tennis Club, Inc.",1003,2018-03-02,0,,ACTIVE,Robo-Pong October 2014 BTTC Open,1154.0,1151.0,2014-10-19,
7899,Bard,Brenner,743,4434,"Sunny Isles Beach, FL","Broward Table Tennis Club, Inc.",1003,2018-03-02,0,,ACTIVE,Robo-Pong September 2014 BTTC Open,1129.0,1154.0,2014-09-14,
7899,Bard,Brenner,743,4434,"Sunny Isles Beach, FL","Broward Table Tennis Club, Inc.",1003,2018-03-02,0,,ACTIVE,Robo-Pong March 2014 BTTC Open,1174.0,1137.0,2014-03-02,
7899,Bard,Brenner,743,4434,"Sunny Isles Beach, FL","Broward Table Tennis Club, Inc.",1003,2018-03-02,0,,ACTIVE,Robopong December 2013 BTTC Open,1224.0,1174.0,2013-12-08,
7899,Bard,Brenner,743,4434,"Sunny Isles Beach, FL","Broward Table Tennis Club, Inc.",1003,2018-03-02,0,,ACTIVE,Robopong August 2013 BTTC Open,1225.0,1224.0,2013-08-04,
7899,Bard,Brenner,743,4434,"Sunny Isles Beach, FL","Broward Table Tennis Club, Inc.",1003,2018-03-02,0,,ACTIVE,Robopong March 2013 BTTC Open,1217.0,1222.0,2013-03-24,
7899,Bard,Brenner,743,4434,"Sunny Isles Beach, FL","Broward Table Tennis Club, Inc.",1003,2018-03-02,0,,ACTIVE,Robopong February 2013 Broward TTC Open,1330.0,1217.0,2013-02-17,
7899,Bard,Brenner,743,4434,"Sunny Isles Beach, FL","Broward Table Tennis Club, Inc.",1003,2018-03-02,0,,ACTIVE,RoboPong November 2012 Broward,1321.0,1353.0,2012-11-04,
7899,Bard,Brenner,743,4434,"Sunny Isles Beach, FL","Broward Table Tennis Club, Inc.",1003,2018-03-02,0,,ACTIVE,Robopong July 2012 Broward TTC,1396.0,1387.0,2012-07-29,
7899,Bard,Brenner,743,4434,"Sunny Isles Beach, FL","Broward Table Tennis Club, Inc.",1003,2018-03-02,0,,ACTIVE,Robopong April 2012 Broward TTC Open,1442.0,1430.0,2012-04-22,
7899,Bard,Brenner,743,4434,"Sunny Isles Beach, FL","Broward Table Tennis Club, Inc.",1003,2018-03-02,0,,ACTIVE,Robopong March 2012 BTTC Open,1506.0,1442.0,2012-03-18,
7899,Bard,Brenner,743,4434,"Sunny Isles Beach, FL","Broward Table Tennis Club, Inc.",1003,2018-03-02,0,,ACTIVE,Robopong February 2012 Broward Table Tennis Open,1501.0,1506.0,2012-02-12,
7899,Bard,Brenner,743,4434,"Sunny Isles Beach, FL","Broward Table Tennis Club, Inc.",1003,2018-03-02,0,,ACTIVE,Robopong January 2012 BTTC Open,1499.0,1501.0,2012-01-08,
7899,Bard,Brenner,743,4434,"Sunny Isles Beach, FL","Broward Table Tennis Club, Inc.",1003,2018-03-02,0,,ACTIVE,RoboPong Jan BTTC Open,1324.0,1349.0,2011-01-09,
7899,Bard,Brenner,743,4434,"Sunny Isles Beach, FL","Broward Table Tennis Club, Inc.",1003,2018-03-02,0,,ACTIVE,RoboPong 2010 Dec BTTC Open,1323.0,1352.0,2010-12-12,
7899,Bard,Brenner,743,4434,"Sunny Isles Beach, FL","Broward Table Tennis Club, Inc.",1003,2018-03-02,0,,ACTIVE,RoboPong November BTTC Open,1386.0,1323.0,2010-11-06,
7899,Bard,Brenner,743,4434,"Sunny Isles Beach, FL","Broward Table Tennis Club, Inc.",1003,2018-03-02,0,,ACTIVE,RoboPong October BTTC Open,1419.0,1386.0,2010-10-03,
7899,Bard,Brenner,743,4434,"Sunny Isles Beach, FL","Broward Table Tennis Club, Inc.",1003,2018-03-02,0,,ACTIVE,RoboPong August 2010 BTTC Open,1391.0,1419.0,2010-08-22,
7899,Bard,Brenner,743,4434,"Sunny Isles Beach, FL","Broward Table Tennis Club, Inc.",1003,2018-03-02,0,,ACTIVE,RoboPong July 2010 BTTC Open,1461.0,1391.0,2010-07-25,
7899,Bard,Brenner,743,4434,"Sunny Isles Beach, FL","Broward Table Tennis Club, Inc.",1003,2018-03-02,0,,ACTIVE,May 2010 Broward TT Open,1506.0,1460.0,2010-05-23,
7899,Bard,Brenner,743,4434,"Sunny Isles Beach, FL","Broward Table Tennis Club, Inc.",1003,2018-03-02,0,,ACTIVE,February '10 Broward TTO,1349.0,1506.0,2010-02-14,
7899,Bard,Brenner,743,4434,"Sunny Isles Beach, FL","Broward Table Tennis Club, Inc.",1003,2018-03-02,0,,ACTIVE,December 09 Broward TTO,1470.0,1375.0,2009-12-06,
7899,Bard,Brenner,743,4434,"Sunny Isles Beach, FL","Broward Table Tennis Club, Inc.",1003,2018-03-02,0,,ACTIVE,October '09 Broward TT Open,1477.0,1470.0,2009-11-01,
7899,Bard,Brenner,743,4434,"Sunny Isles Beach, FL","Broward Table Tennis Club, Inc.",1003,2018-03-02,0,,ACTIVE,September '09 Broward TT Open,1488.0,1477.0,2009-10-04,
7899,Bard,Brenner,743,4434,"Sunny Isles Beach, FL","Broward Table Tennis Club, Inc.",1003,2018-03-02,0,,ACTIVE,April 09 Broward TT Open,1416.0,1423.0,2009-04-05,
7899,Bard,Brenner,743,4434,"Sunny Isles Beach, FL","Broward Table Tennis Club, Inc.",1003,2018-03-02,0,,ACTIVE,March 09 Broward TT Open,1404.0,1416.0,2009-03-08,
7899,Bard,Brenner,743,4434,"Sunny Isles Beach, FL","Broward Table Tennis Club, Inc.",1003,2018-03-02,0,,ACTIVE,January '09 Broward TT Open,1338.0,1404.0,2009-01-11,
7899,Bard,Brenner,743,4434,"Sunny Isles Beach, FL","Broward Table Tennis Club, Inc.",1003,2018-03-02,0,,ACTIVE,December 08 Broward TT Open,1307.0,1317.0,2008-12-06,
7899,Bard,Brenner,743,4434,"Sunny Isles Beach, FL","Broward Table Tennis Club, Inc.",1003,2018-03-02,0,,ACTIVE,2008 Broward TTWinter Open,1304.0,1299.0,2008-01-06,
7899,Bard,Brenner,743,4434,"Sunny Isles Beach, FL","Broward Table Tennis Club, Inc.",1003,2018-03-02,0,,ACTIVE,2007 Summer Broward TT Open,1402.0,1404.0,2007-08-05,
7899,Bard,Brenner,743,4434,"Sunny Isles Beach, FL","Broward Table Tennis Club, Inc.",1003,2018-03-02,0,,ACTIVE,2007 Winter Broward TT Open,1412.0,1453.0,2007-01-07,
7899,Bard,Brenner,743,4434,"Sunny Isles Beach, FL","Broward Table Tennis Club, Inc.",1003,2018-03-02,0,,ACTIVE,Summer 2006 Broward TT Open,1533.0,1483.0,2006-07-31,
7899,Bard,Brenner,743,4434,"Sunny Isles Beach, FL","Broward Table Tennis Club, Inc.",1003,2018-03-02,0,,ACTIVE,2006 Winter Broward Open,1497.0,1481.0,2006-01-08,
7899,Bard,Brenner,743,4434,"Sunny Isles Beach, FL","Broward Table Tennis Club, Inc.",1003,2018-03-02,0,,ACTIVE,2005 Summer Broward TT Open,1549.0,1567.0,2005-08-14,
7899,Bard,Brenner,743,4434,"Sunny Isles Beach, FL","Broward Table Tennis Club, Inc.",1003,2018-03-02,0,,ACTIVE,2005 Winter Broward TT Open,1609.0,1537.0,2005-01-09,
7899,Bard,Brenner,743,4434,"Sunny Isles Beach, FL","Broward Table Tennis Club, Inc.",1003,2018-03-02,0,,ACTIVE,2004 Inaugural Spring Broward ,1509.0,1480.0,2004-05-23,
7907,Artem,Titov,181656,1181656,,,1001,2024-08-24,0,,ACTIVE,Butterfly 2024 February BTTC Tournament,981.0,960.0,2024-02-09,2024-02-11
7911,Juli,Blass,642,86407,"Fort Myers, FL",,1000,2024-04-20,0,,ACTIVE,Butterfly April 2018 BTTC Open,1087.0,1087.0,2018-04-14,2018-04-15
7911,Juli,Blass,642,86407,"Fort Myers, FL",,1000,2024-04-20,0,,ACTIVE,Robo Pong September 2015 BTTC Open,991.0,1007.0,2015-09-06,
7911,Juli,Blass,642,86407,"Fort Myers, FL",,1000,2024-04-20,0,,ACTIVE,Robo-Pong March 2014 BTTC Open,888.0,1004.0,2014-03-02,
7911,Juli,Blass,642,86407,"Fort Myers, FL",,1000,2024-04-20,0,,ACTIVE,Robopong March 2013 BTTC Open,750.0,771.0,2013-03-24,
7911,Juli,Blass,642,86407,"Fort Myers, FL",,1000,2024-04-20,0,,ACTIVE,Robopong February 2013 Broward TTC Open,798.0,758.0,2013-02-17,
7911,Juli,Blass,642,86407,"Fort Myers, FL",,1000,2024-04-20,0,,ACTIVE,Robopong July 2012 Broward TTC,568.0,888.0,2012-07-29,
7911,Juli,Blass,642,86407,"Fort Myers, FL",,1000,2024-04-20,0,,ACTIVE,Robopong May 2012 Broward TTC Open,560.0,561.0,2012-05-27,
7911,Juli,Blass,642,86407,"Fort Myers, FL",,1000,2024-04-20,0,,ACTIVE,Robopong March 2012 BTTC Open,589.0,586.0,2012-03-18,
7916,Tafur,Johnny,183580,1183580,,,999,2024-02-11,0,,ACTIVE,Butterfly 2024 February BTTC Tournament,0.0,999.0,2024-02-09,2024-02-11
7942,Pasha,Agratchev,181642,1181642,,,994,2024-07-21,713,2024-03-19,ACTIVE,Butterfly 2024 February BTTC Tournament,450.0,786.0,2024-02-09,2024-02-11
7944,Vivian,Pan,131512,230512,"San Jose, CA",,994,2019-02-15,690,2024-06-24,ACTIVE,Butterfly February 2019 BTTC Open,987.0,994.0,2019-02-15,2019-02-15
7964,Hui,Zhao,170130,1170130,"Davie, FL",,989,2024-02-11,0,,ACTIVE,Butterfly 2024 February BTTC Tournament,986.0,989.0,2024-02-09,2024-02-11
7964,Hui,Zhao,170130,1170130,"Davie, FL",,989,2024-02-11,0,,ACTIVE,Butterfly 2023 February BTTC,437.0,437.0,2023-02-10,2023-02-12
7964,Hui,Zhao,170130,1170130,"Davie, FL",,989,2024-02-11,0,,ACTIVE,Butterfly 2022 BTTC Fall Open Tournament,337.0,337.0,2022-09-30,2022-10-02
7964,Hui,Zhao,170130,1170130,"Davie, FL",,989,2024-02-11,0,,ACTIVE,Carmel Barrau 2021 December BTTC Open Tournament,293.0,338.0,2021-12-10,2021-12-12
7964,Hui,Zhao,170130,1170130,"Davie, FL",,989,2024-02-11,0,,ACTIVE,Butterfly 2021 September BTTC Open,285.0,293.0,2021-09-24,2021-09-26
7965,Zain,Charania,172700,1172700,Miramar,,989,2024-02-11,0,,ACTIVE,Butterfly 2024 February BTTC Tournament,993.0,989.0,2024-02-09,2024-02-11
7965,Zain,Charania,172700,1172700,Miramar,,989,2024-02-11,0,,ACTIVE,Butterfly 2021 September BTTC Open,0.0,957.0,2021-09-24,2021-09-26
8027,Irina,Klyuchkina,177037,1177037,"Delray Bch, FL",Loopers Table Tennis of Palm Beach,973,2024-08-24,0,,ACTIVE,Butterfly 2024 February BTTC Tournament,855.0,899.0,2024-02-09,2024-02-11
8048,HARRY,CHAFETZ,993,83536,"BEAVERTON, OR",Portland Table Tennis Club,967,2024-09-08,1178,2013-08-26,ACTIVE,2018 BTTC Fall Open,923.0,919.0,2018-10-20,2018-10-21
8054,Javier,Arevalo Semprun,177862,1177862,Doral,,966,2024-07-21,0,,ACTIVE,Butterfly 2024 February BTTC Tournament,961.0,911.0,2024-02-09,2024-02-11
8054,Javier,Arevalo Semprun,177862,1177862,Doral,,966,2024-07-21,0,,ACTIVE,Butterfly 2023 February BTTC,495.0,502.0,2023-02-10,2023-02-12
8071,Thuan,Dinh,1764,93297,"Winter Park, FL",Central Florida Table Tennis,962,2024-08-10,0,,ACTIVE,Butterfly 2021 September BTTC Open,1275.0,1273.0,2021-09-24,2021-09-26
8071,Thuan,Dinh,1764,93297,"Winter Park, FL",Central Florida Table Tennis,962,2024-08-10,0,,ACTIVE,Butterfly April 2018 BTTC Open,1257.0,1283.0,2018-04-14,2018-04-15
8071,Thuan,Dinh,1764,93297,"Winter Park, FL",Central Florida Table Tennis,962,2024-08-10,0,,ACTIVE,Robo-Pong November 2017 BTTC Open,1208.0,1282.0,2017-11-04,2017-11-05
8071,Thuan,Dinh,1764,93297,"Winter Park, FL",Central Florida Table Tennis,962,2024-08-10,0,,ACTIVE,Robopong September 2017 BTTC Open,1229.0,1274.0,2017-09-02,2017-09-03
8145,Amir,Cukierman,176900,1176900,,,945,2024-05-25,0,,ACTIVE,Butterfly 2022 BTTC Fall Open Tournament,0.0,1100.0,2022-09-30,2022-10-02
8219,Wade,Moss,5419,28061,"Pembroke Pines, FL","Broward Table Tennis Club, Inc.",931,2018-03-02,0,,ACTIVE,RoboPong 2010 Dec BTTC Open,1059.0,1058.0,2010-12-12,
8219,Wade,Moss,5419,28061,"Pembroke Pines, FL","Broward Table Tennis Club, Inc.",931,2018-03-02,0,,ACTIVE,RoboPong October BTTC Open,1057.0,1059.0,2010-10-03,
8219,Wade,Moss,5419,28061,"Pembroke Pines, FL","Broward Table Tennis Club, Inc.",931,2018-03-02,0,,ACTIVE,May 2010 Broward TT Open,971.0,1074.0,2010-05-23,
8219,Wade,Moss,5419,28061,"Pembroke Pines, FL","Broward Table Tennis Club, Inc.",931,2018-03-02,0,,ACTIVE,February '10 Broward TTO,951.0,971.0,2010-02-14,
8219,Wade,Moss,5419,28061,"Pembroke Pines, FL","Broward Table Tennis Club, Inc.",931,2018-03-02,0,,ACTIVE,October '09 Broward TT Open,945.0,951.0,2009-11-01,
8219,Wade,Moss,5419,28061,"Pembroke Pines, FL","Broward Table Tennis Club, Inc.",931,2018-03-02,0,,ACTIVE,September '09 Broward TT Open,950.0,893.0,2009-10-04,
8219,Wade,Moss,5419,28061,"Pembroke Pines, FL","Broward Table Tennis Club, Inc.",931,2018-03-02,0,,ACTIVE,November Broward TT Open,1092.0,1032.0,2008-11-15,
8219,Wade,Moss,5419,28061,"Pembroke Pines, FL","Broward Table Tennis Club, Inc.",931,2018-03-02,0,,ACTIVE,2008 Broward TTWinter Open,1158.0,1186.0,2008-01-06,
8219,Wade,Moss,5419,28061,"Pembroke Pines, FL","Broward Table Tennis Club, Inc.",931,2018-03-02,0,,ACTIVE,2007 Summer Broward TT Open,1170.0,1127.0,2007-08-05,
8219,Wade,Moss,5419,28061,"Pembroke Pines, FL","Broward Table Tennis Club, Inc.",931,2018-03-02,0,,ACTIVE,2007 Winter Broward TT Open,1307.0,1285.0,2007-01-07,
8219,Wade,Moss,5419,28061,"Pembroke Pines, FL","Broward Table Tennis Club, Inc.",931,2018-03-02,0,,ACTIVE,Summer 2006 Broward TT Open,1395.0,1340.0,2006-07-31,
8219,Wade,Moss,5419,28061,"Pembroke Pines, FL","Broward Table Tennis Club, Inc.",931,2018-03-02,0,,ACTIVE,2006 Winter Broward Open,1446.0,1432.0,2006-01-08,
8219,Wade,Moss,5419,28061,"Pembroke Pines, FL","Broward Table Tennis Club, Inc.",931,2018-03-02,0,,ACTIVE,2005 Summer Broward TT Open,1098.0,1147.0,2005-08-14,
8219,Wade,Moss,5419,28061,"Pembroke Pines, FL","Broward Table Tennis Club, Inc.",931,2018-03-02,0,,ACTIVE,2005 Winter Broward TT Open,893.0,893.0,2005-01-09,
8219,Wade,Moss,5419,28061,"Pembroke Pines, FL","Broward Table Tennis Club, Inc.",931,2018-03-02,0,,ACTIVE,2004 Inaugural Spring Broward ,961.0,967.0,2004-05-23,
8447,Tiago,Cusano,173672,1173672,Miami Springs,,888,2024-02-11,0,,ACTIVE,Butterfly 2024 February BTTC Tournament,893.0,888.0,2024-02-09,2024-02-11
8447,Tiago,Cusano,173672,1173672,Miami Springs,,888,2024-02-11,0,,ACTIVE,Carmel Barrau 2021 December BTTC Open Tournament,0.0,964.0,2021-12-10,2021-12-12
8471,Clark,Fletcher,177655,1177655,Miami Beach,,882,2024-02-11,0,,ACTIVE,Butterfly 2024 February BTTC Tournament,892.0,882.0,2024-02-09,2024-02-11
8487,Tyler,Hess,2984,96156,"Lakeland, FL",,878,2024-02-11,0,,ACTIVE,Butterfly 2024 February BTTC Tournament,891.0,878.0,2024-02-09,2024-02-11
8592,Bryce,Lin,124867,223867,Weston,,854,2023-12-17,0,,ACTIVE,BUTTERFLY OCTOBER 2018 BTTC OPEN,,,2018-10-13,2018-10-13
8592,Bryce,Lin,124867,223867,Weston,,854,2023-12-17,0,,ACTIVE,Butterfly 2018 August BTTC Open Tournament,,,2018-08-11,2018-08-12
8592,Bryce,Lin,124867,223867,Weston,,854,2023-12-17,0,,ACTIVE,Butterfly 2018 June BTTC Open Tournament,,,2018-06-17,2018-06-17
8659,Neil,Grey,2632,6269,"Miami, FL",,838,2020-02-23,0,,ACTIVE,Butterfly 2020 February BTTC Tournament,838.0,838.0,2020-02-21,2020-02-23
8659,Neil,Grey,2632,6269,"Miami, FL",,838,2020-02-23,0,,ACTIVE,Butterfly 2018 June BTTC Open Tournament,927.0,922.0,2018-06-17,2018-06-17
8659,Neil,Grey,2632,6269,"Miami, FL",,838,2020-02-23,0,,ACTIVE,Butterfly April 2018 BTTC Open,933.0,933.0,2018-04-14,2018-04-15
8659,Neil,Grey,2632,6269,"Miami, FL",,838,2020-02-23,0,,ACTIVE,Butterfly February 2018 BTTC Open,933.0,933.0,2018-02-10,2018-02-11
8659,Neil,Grey,2632,6269,"Miami, FL",,838,2020-02-23,0,,ACTIVE,Robopong October 2016 Broward TTC Open,934.0,926.0,2016-10-22,2016-10-23
8659,Neil,Grey,2632,6269,"Miami, FL",,838,2020-02-23,0,,ACTIVE,Robopong June 2016 Marty Prager Memorial BTTC Open,889.0,934.0,2016-06-24,2016-06-26
8659,Neil,Grey,2632,6269,"Miami, FL",,838,2020-02-23,0,,ACTIVE,Robo Pong October 2015 BTTC Open,934.0,925.0,2015-11-01,
8659,Neil,Grey,2632,6269,"Miami, FL",,838,2020-02-23,0,,ACTIVE,Robo Pong September 2015 BTTC Open,1005.0,929.0,2015-09-06,
8659,Neil,Grey,2632,6269,"Miami, FL",,838,2020-02-23,0,,ACTIVE,Robo Pong April 2015 BTTC Open,899.0,1120.0,2015-04-18,
8659,Neil,Grey,2632,6269,"Miami, FL",,838,2020-02-23,0,,ACTIVE,Robopong December 2013 BTTC Open,928.0,950.0,2013-12-08,
8659,Neil,Grey,2632,6269,"Miami, FL",,838,2020-02-23,0,,ACTIVE,Robopong August 2013 BTTC Open,881.0,992.0,2013-08-04,
8659,Neil,Grey,2632,6269,"Miami, FL",,838,2020-02-23,0,,ACTIVE,Robopong February 2013 Broward TTC Open,885.0,881.0,2013-02-17,
8659,Neil,Grey,2632,6269,"Miami, FL",,838,2020-02-23,0,,ACTIVE,Robopong January 2013 Broward TTC Open,885.0,885.0,2013-01-13,
8659,Neil,Grey,2632,6269,"Miami, FL",,838,2020-02-23,0,,ACTIVE,RoboPong November 2012 Broward,914.0,885.0,2012-11-04,
8659,Neil,Grey,2632,6269,"Miami, FL",,838,2020-02-23,0,,ACTIVE,Robopong July 2012 Broward TTC,972.0,965.0,2012-07-29,
8659,Neil,Grey,2632,6269,"Miami, FL",,838,2020-02-23,0,,ACTIVE,RoboPong Jan BTTC Open,1114.0,1105.0,2011-01-09,
8659,Neil,Grey,2632,6269,"Miami, FL",,838,2020-02-23,0,,ACTIVE,RoboPong 2010 Dec BTTC Open,1119.0,1114.0,2010-12-12,
8659,Neil,Grey,2632,6269,"Miami, FL",,838,2020-02-23,0,,ACTIVE,RoboPong November BTTC Open,1115.0,1119.0,2010-11-06,
8659,Neil,Grey,2632,6269,"Miami, FL",,838,2020-02-23,0,,ACTIVE,April 2010 Broward TT Open,1137.0,1115.0,2010-04-25,
8659,Neil,Grey,2632,6269,"Miami, FL",,838,2020-02-23,0,,ACTIVE,March '10 Broward TTO,1152.0,1137.0,2010-03-14,
8659,Neil,Grey,2632,6269,"Miami, FL",,838,2020-02-23,0,,ACTIVE,February '10 Broward TTO,1130.0,1152.0,2010-02-14,
8659,Neil,Grey,2632,6269,"Miami, FL",,838,2020-02-23,0,,ACTIVE,December 09 Broward TTO,1085.0,1176.0,2009-12-06,
8659,Neil,Grey,2632,6269,"Miami, FL",,838,2020-02-23,0,,ACTIVE,October '09 Broward TT Open,916.0,1085.0,2009-11-01,
8659,Neil,Grey,2632,6269,"Miami, FL",,838,2020-02-23,0,,ACTIVE,September '09 Broward TT Open,892.0,855.0,2009-10-04,
8659,Neil,Grey,2632,6269,"Miami, FL",,838,2020-02-23,0,,ACTIVE,Broward TT Open,929.0,929.0,2009-07-26,
8659,Neil,Grey,2632,6269,"Miami, FL",,838,2020-02-23,0,,ACTIVE,April 09 Broward TT Open,907.0,908.0,2009-04-05,
8659,Neil,Grey,2632,6269,"Miami, FL",,838,2020-02-23,0,,ACTIVE,March 09 Broward TT Open,956.0,907.0,2009-03-08,
8659,Neil,Grey,2632,6269,"Miami, FL",,838,2020-02-23,0,,ACTIVE,February Broward TT Open,1001.0,961.0,2009-02-07,
8659,Neil,Grey,2632,6269,"Miami, FL",,838,2020-02-23,0,,ACTIVE,January '09 Broward TT Open,750.0,1001.0,2009-01-11,
8659,Neil,Grey,2632,6269,"Miami, FL",,838,2020-02-23,0,,ACTIVE,2008 Broward TTWinter Open,753.0,763.0,2008-01-06,
8659,Neil,Grey,2632,6269,"Miami, FL",,838,2020-02-23,0,,ACTIVE,2005 Summer Broward TT Open,754.0,753.0,2005-08-14,
8765,Sidney,Weber,8374,14033,"Pembroke Pines, FL",,813,2018-03-02,0,,ACTIVE,2005 Winter Broward TT Open,710.0,813.0,2005-01-09,
8768,Adriano,Grigsby,181649,1181649,Pompano Beach,,812,2024-02-11,0,,ACTIVE,Butterfly 2024 February BTTC Tournament,855.0,812.0,2024-02-09,2024-02-11
8780,Nancy,Calderone,102014,98061,"The Villages, FL",,808,2021-03-21,0,,ACTIVE,Robopong October 2016 Broward TTC Open,793.0,793.0,2016-10-22,2016-10-23
8802,Melody,Calkins,179041,278041,"Washington, DC",Washington DC Table Tennis Center,803,2024-03-31,0,,ACTIVE,Butterfly 2024 February BTTC Tournament,595.0,866.0,2024-02-09,2024-02-11
8814,Ruth,Loewy,4696,20939,"Pembroke Pines, FL",,801,2018-03-02,0,,ACTIVE,2004 Inaugural Spring Broward ,700.0,692.0,2004-05-23,
8841,Phoenix,Garine,179156,1179156,,,796,2024-05-20,0,,ACTIVE,Butterfly 2024 February BTTC Tournament,622.0,618.0,2024-02-09,2024-02-11
8887,Henry,Mayer,179967,1179967,,,787,2024-07-21,0,,ACTIVE,Butterfly 2024 February BTTC Tournament,790.0,786.0,2024-02-09,2024-02-11
8928,Paul,Grigsby,183579,1183579,,,777,2024-02-11,0,,ACTIVE,Butterfly 2024 February BTTC Tournament,0.0,777.0,2024-02-09,2024-02-11
8960,Sophia,Khalil,171509,1171509,Oviedo,,768,2023-11-12,0,,ACTIVE,Butterfly 2021 September BTTC Open,1179.0,1112.0,2021-09-24,2021-09-26
9157,Irwin,Weintraub,8396,78568,"Pembroke Pines, FL",,719,2018-03-02,0,,ACTIVE,RoboPong Jan BTTC Open,719.0,719.0,2011-01-09,
9157,Irwin,Weintraub,8396,78568,"Pembroke Pines, FL",,719,2018-03-02,0,,ACTIVE,October '09 Broward TT Open,699.0,719.0,2009-11-01,
9157,Irwin,Weintraub,8396,78568,"Pembroke Pines, FL",,719,2018-03-02,0,,ACTIVE,April 09 Broward TT Open,703.0,699.0,2009-04-05,
9157,Irwin,Weintraub,8396,78568,"Pembroke Pines, FL",,719,2018-03-02,0,,ACTIVE,January '09 Broward TT Open,603.0,703.0,2009-01-11,
9157,Irwin,Weintraub,8396,78568,"Pembroke Pines, FL",,719,2018-03-02,0,,ACTIVE,November Broward TT Open,0.0,603.0,2008-11-15,
9356,Donna,Glickman,2463,80963,"Northbrook, IL",,666,2018-03-02,0,,ACTIVE,Robo-Pong March 2014 BTTC Open,566.0,666.0,2014-03-02,
9361,Austin,Meisels,35841,83026,"Plantation, FL","Broward Table Tennis Club, Inc.",663,2018-03-02,0,,ACTIVE,May 2010 Broward TT Open,0.0,663.0,2010-05-23,
9384,Brandon,Cukieman,176899,1176899,,,655,2024-05-25,0,,ACTIVE,Butterfly 2022 BTTC Fall Open Tournament,0.0,639.0,2022-09-30,2022-10-02
9455,Alondra,Flores,182865,1182865,Kennesaw,,635,2024-06-02,0,,ACTIVE,Butterfly 2024 February BTTC Tournament,599.0,689.0,2024-02-09,2024-02-11
9886,Nathan,Liu,182795,1182795,Palmetto Bay,,472,2024-03-31,0,,ACTIVE,Butterfly 2024 February BTTC Tournament,465.0,465.0,2024-02-09,2024-02-11
10002,Joel,Zubieta,182988,1182988,Weston,,422,2024-05-20,0,,ACTIVE,Butterfly 2024 February BTTC Tournament,429.0,429.0,2024-02-09,2024-02-11
