Rank,First Name,Last Name,Database#,USATT#,Location,Home Club,Tournament Rating,Last Played Tournament,League Rating,Last Played League,Membership Expiration,Tournament,Initial Rating,Final Rating,Start Date,End Date
2,Lei,Kou,165420,1165420,"Milpitas, CA",Kou Lei Table Tennis Club,2810,2024-04-07,2816,2022-08-28,ACTIVE,ICC JOOLA Summer Open,2846.0,2846.0,2022-05-14,2022-05-15
2,Lei,Kou,165420,1165420,"Milpitas, CA",Kou Lei Table Tennis Club,2810,2024-04-07,2816,2022-08-28,ACTIVE,ICC JOOLA Spring Open 2022,2843.0,2846.0,2022-03-19,2022-03-20
2,Lei,Kou,165420,1165420,"Milpitas, CA",Kou Lei Table Tennis Club,2810,2024-04-07,2816,2022-08-28,ACTIVE,ICC JOOLA Winter Open 2021,2825.0,2826.0,2021-11-13,2021-11-14
2,Lei,Kou,165420,1165420,"Milpitas, CA",Kou Lei Table Tennis Club,2810,2024-04-07,2816,2022-08-28,ACTIVE,ICC JOOLA Fall Open 2021,2810.0,2816.0,2021-08-28,2021-08-29
2,Lei,Kou,165420,1165420,"Milpitas, CA",Kou Lei Table Tennis Club,2810,2024-04-07,2816,2022-08-28,ACTIVE,ICC Joola Spring Open,0.0,2682.0,2019-05-12,2019-05-12
3,Kanak,Jha,3431,72193,"Milpitas, CA",888 Table Tennis Center,2806,2024-07-07,2737,2017-04-08,ACTIVE,ICC California State Open,2588.0,2585.0,2014-04-06,
3,Kanak,Jha,3431,72193,"Milpitas, CA",888 Table Tennis Center,2806,2024-07-07,2737,2017-04-08,ACTIVE,ICC CA State Open,2468.0,2457.0,2013-02-17,
3,Kanak,Jha,3431,72193,"Milpitas, CA",888 Table Tennis Center,2806,2024-07-07,2737,2017-04-08,ACTIVE,ICC California State Open,2366.0,2387.0,2012-05-27,
3,Kanak,Jha,3431,72193,"Milpitas, CA",888 Table Tennis Center,2806,2024-07-07,2737,2017-04-08,ACTIVE,ICC CA State Open,2262.0,2259.0,2011-06-05,
3,Kanak,Jha,3431,72193,"Milpitas, CA",888 Table Tennis Center,2806,2024-07-07,2737,2017-04-08,ACTIVE,ICC CA State Open,2017.0,2009.0,2010-05-02,
3,Kanak,Jha,3431,72193,"Milpitas, CA",888 Table Tennis Center,2806,2024-07-07,2737,2017-04-08,ACTIVE,ICC California State Open,1813.0,1797.0,2009-12-06,
3,Kanak,Jha,3431,72193,"Milpitas, CA",888 Table Tennis Center,2806,2024-07-07,2737,2017-04-08,ACTIVE,ICC California State Open,1598.0,1646.0,2009-05-10,
3,Kanak,Jha,3431,72193,"Milpitas, CA",888 Table Tennis Center,2806,2024-07-07,2737,2017-04-08,ACTIVE,ICC California State Open,1185.0,1658.0,2008-12-06,
5,Jinbao,Ma,121283,220283,"Sunnyvale, CA",,2774,2024-09-02,2723,2022-10-02,ACTIVE,ICC JOOLA Spring Open 2020,2679.0,2688.0,2020-03-07,2020-03-08
5,Jinbao,Ma,121283,220283,"Sunnyvale, CA",,2774,2024-09-02,2723,2022-10-02,ACTIVE,ICC JOOLA Winter Open,2692.0,2690.0,2019-11-08,2019-11-10
5,Jinbao,Ma,121283,220283,"Sunnyvale, CA",,2774,2024-09-02,2723,2022-10-02,ACTIVE,2018 ICC Butterfly America Open,2743.0,2749.0,2018-12-07,2018-12-09
7,Nikhil,Kumar,3998,84326,"San Jose, CA",888 Table Tennis Center,2753,2024-09-02,2601,2022-08-28,ACTIVE,ICC Joola Spring Open 2021,2768.0,2761.0,2021-04-10,2021-04-11
7,Nikhil,Kumar,3998,84326,"San Jose, CA",888 Table Tennis Center,2753,2024-09-02,2601,2022-08-28,ACTIVE,T2 CHALLENGE SEASON 2 SELECTION TRIALS AT ICC,2767.0,2768.0,2020-11-26,2020-11-27
7,Nikhil,Kumar,3998,84326,"San Jose, CA",888 Table Tennis Center,2753,2024-09-02,2601,2022-08-28,ACTIVE,ICC Joola Spring Open,2664.0,2666.0,2019-05-12,2019-05-12
7,Nikhil,Kumar,3998,84326,"San Jose, CA",888 Table Tennis Center,2753,2024-09-02,2601,2022-08-28,ACTIVE,ICC Butterfly California State Open,2590.0,2590.0,2016-12-02,2016-12-04
7,Nikhil,Kumar,3998,84326,"San Jose, CA",888 Table Tennis Center,2753,2024-09-02,2601,2022-08-28,ACTIVE,ICC STIGA California Open,2445.0,2435.0,2015-12-06,
7,Nikhil,Kumar,3998,84326,"San Jose, CA",888 Table Tennis Center,2753,2024-09-02,2601,2022-08-28,ACTIVE,ICC STIGA California Open,2491.0,2478.0,2015-05-03,
7,Nikhil,Kumar,3998,84326,"San Jose, CA",888 Table Tennis Center,2753,2024-09-02,2601,2022-08-28,ACTIVE,ICC California State Open,2258.0,2249.0,2014-12-07,
7,Nikhil,Kumar,3998,84326,"San Jose, CA",888 Table Tennis Center,2753,2024-09-02,2601,2022-08-28,ACTIVE,ICC California State Open,2225.0,2201.0,2014-04-06,
7,Nikhil,Kumar,3998,84326,"San Jose, CA",888 Table Tennis Center,2753,2024-09-02,2601,2022-08-28,ACTIVE,ICC CA State Open,2078.0,2047.0,2013-12-08,
7,Nikhil,Kumar,3998,84326,"San Jose, CA",888 Table Tennis Center,2753,2024-09-02,2601,2022-08-28,ACTIVE,ICC CA State Open,1948.0,1995.0,2013-05-19,
7,Nikhil,Kumar,3998,84326,"San Jose, CA",888 Table Tennis Center,2753,2024-09-02,2601,2022-08-28,ACTIVE,ICC CA State Open,2045.0,1948.0,2013-02-17,
7,Nikhil,Kumar,3998,84326,"San Jose, CA",888 Table Tennis Center,2753,2024-09-02,2601,2022-08-28,ACTIVE,ICC California State Open,1787.0,1752.0,2012-12-09,
7,Nikhil,Kumar,3998,84326,"San Jose, CA",888 Table Tennis Center,2753,2024-09-02,2601,2022-08-28,ACTIVE,ICC California State Open,1454.0,1455.0,2012-05-27,
7,Nikhil,Kumar,3998,84326,"San Jose, CA",888 Table Tennis Center,2753,2024-09-02,2601,2022-08-28,ACTIVE,ICC California State Open,1441.0,1454.0,2012-03-18,
7,Nikhil,Kumar,3998,84326,"San Jose, CA",888 Table Tennis Center,2753,2024-09-02,2601,2022-08-28,ACTIVE,ICC CA State Open,795.0,903.0,2011-12-04,
7,Nikhil,Kumar,3998,84326,"San Jose, CA",888 Table Tennis Center,2753,2024-09-02,2601,2022-08-28,ACTIVE,ICC CA State Open,366.0,404.0,2011-06-05,
7,Nikhil,Kumar,3998,84326,"San Jose, CA",888 Table Tennis Center,2753,2024-09-02,2601,2022-08-28,ACTIVE,ICC CA State Open,246.0,311.0,2011-03-20,
7,Nikhil,Kumar,3998,84326,"San Jose, CA",888 Table Tennis Center,2753,2024-09-02,2601,2022-08-28,ACTIVE,ICC CA State Open,0.0,201.0,2010-12-05,
8,Xin,Zhou,9141,81817,"Milpitas, CA",888 Table Tennis Center,2751,2023-12-21,2667,2022-11-20,ACTIVE,ICC Joola Spring Open 2021,2765.0,2759.0,2021-04-10,2021-04-11
8,Xin,Zhou,9141,81817,"Milpitas, CA",888 Table Tennis Center,2751,2023-12-21,2667,2022-11-20,ACTIVE,ICC JOOLA Winter Open,2733.0,2741.0,2019-11-08,2019-11-10
8,Xin,Zhou,9141,81817,"Milpitas, CA",888 Table Tennis Center,2751,2023-12-21,2667,2022-11-20,ACTIVE,ICC Butterfly America Open - 2018,2700.0,2698.0,2018-05-06,2018-05-06
8,Xin,Zhou,9141,81817,"Milpitas, CA",888 Table Tennis Center,2751,2023-12-21,2667,2022-11-20,ACTIVE,ICC California State Open,2718.0,2722.0,2014-12-07,
8,Xin,Zhou,9141,81817,"Milpitas, CA",888 Table Tennis Center,2751,2023-12-21,2667,2022-11-20,ACTIVE,ICC California State Open,2711.0,2720.0,2014-04-06,
8,Xin,Zhou,9141,81817,"Milpitas, CA",888 Table Tennis Center,2751,2023-12-21,2667,2022-11-20,ACTIVE,ICC CA State Open,2715.0,2725.0,2013-12-08,
8,Xin,Zhou,9141,81817,"Milpitas, CA",888 Table Tennis Center,2751,2023-12-21,2667,2022-11-20,ACTIVE,ICC CA State Open,2674.0,2689.0,2013-05-19,
8,Xin,Zhou,9141,81817,"Milpitas, CA",888 Table Tennis Center,2751,2023-12-21,2667,2022-11-20,ACTIVE,ICC CA State Open,2709.0,2669.0,2013-02-17,
8,Xin,Zhou,9141,81817,"Milpitas, CA",888 Table Tennis Center,2751,2023-12-21,2667,2022-11-20,ACTIVE,ICC California State Open,2699.0,2709.0,2012-12-09,
8,Xin,Zhou,9141,81817,"Milpitas, CA",888 Table Tennis Center,2751,2023-12-21,2667,2022-11-20,ACTIVE,ICC California State Open,2766.0,2726.0,2012-05-27,
8,Xin,Zhou,9141,81817,"Milpitas, CA",888 Table Tennis Center,2751,2023-12-21,2667,2022-11-20,ACTIVE,ICC California State Open,2760.0,2766.0,2012-03-18,
8,Xin,Zhou,9141,81817,"Milpitas, CA",888 Table Tennis Center,2751,2023-12-21,2667,2022-11-20,ACTIVE,ICC CA State Open,2764.0,2752.0,2011-12-04,
14,Jinxin,Wang,8266,94609,"Santa Clara, CA",,2718,2024-09-02,0,,ACTIVE,ICC Butterfly California State Open,2704.0,2701.0,2016-12-02,2016-12-04
14,Jinxin,Wang,8266,94609,"Santa Clara, CA",,2718,2024-09-02,0,,ACTIVE,ICC STIGA California Open,2706.0,2696.0,2015-12-06,
14,Jinxin,Wang,8266,94609,"Santa Clara, CA",,2718,2024-09-02,0,,ACTIVE,ICC STIGA California Open,2651.0,2670.0,2015-05-03,
14,Jinxin,Wang,8266,94609,"Santa Clara, CA",,2718,2024-09-02,0,,ACTIVE,ICC California State Open,2596.0,2636.0,2014-12-07,
17,Wei,Wang,52059,84431,"San Ramon, FN",,2709,2024-09-02,0,,ACTIVE,ICC CA State Open,2790.0,2795.0,2010-12-05,
18,Wenzhang,Tao,7674,87343,"Santa Clara, CA",888 Table Tennis Center - San Jose,2707,2024-04-28,2669,2022-08-28,ACTIVE,ICC JOOLA Fall Open 2021,2770.0,2765.0,2021-08-28,2021-08-29
18,Wenzhang,Tao,7674,87343,"Santa Clara, CA",888 Table Tennis Center - San Jose,2707,2024-04-28,2669,2022-08-28,ACTIVE,ICC Joola Spring Open 2021,2758.0,2775.0,2021-04-10,2021-04-11
18,Wenzhang,Tao,7674,87343,"Santa Clara, CA",888 Table Tennis Center - San Jose,2707,2024-04-28,2669,2022-08-28,ACTIVE,ICC Butterfly America Open - 2018,2775.0,2790.0,2018-05-06,2018-05-06
18,Wenzhang,Tao,7674,87343,"Santa Clara, CA",888 Table Tennis Center - San Jose,2707,2024-04-28,2669,2022-08-28,ACTIVE,ICC Butterfly California State Open,2741.0,2740.0,2016-12-02,2016-12-04
18,Wenzhang,Tao,7674,87343,"Santa Clara, CA",888 Table Tennis Center - San Jose,2707,2024-04-28,2669,2022-08-28,ACTIVE,ICC STIGA California Open,2683.0,2707.0,2015-12-06,
18,Wenzhang,Tao,7674,87343,"Santa Clara, CA",888 Table Tennis Center - San Jose,2707,2024-04-28,2669,2022-08-28,ACTIVE,ICC California State Open,2743.0,2713.0,2014-12-07,
19,Rajko,Gommers,116762,215762,"-, CA",888 Table Tennis Center,2696,2023-05-29,2665,2022-12-11,ACTIVE,ICC JOOLA Spring Open 2022,2709.0,2713.0,2022-03-19,2022-03-20
21,Bob,Chen,1129,93379,"San Jose, CA",,2688,2019-12-21,2743,2015-06-13,ACTIVE,ICC Butterfly California State Open,2737.0,2755.0,2016-12-02,2016-12-04
21,Bob,Chen,1129,93379,"San Jose, CA",,2688,2019-12-21,2743,2015-06-13,ACTIVE,ICC STIGA California Open,2735.0,2724.0,2015-12-06,
21,Bob,Chen,1129,93379,"San Jose, CA",,2688,2019-12-21,2743,2015-06-13,ACTIVE,ICC California State Open,2715.0,2730.0,2014-12-07,
24,Koyo,Kanamitsu,179614,278614,"Milpitas, CA",Kou Lei Table Tennis Club,2678,2024-08-25,0,,ACTIVE,ICC JOOLA Fall Open,2570.0,2555.0,2023-08-26,2023-08-27
26,Yanzhe,Liu,170585,269585,"Milpitas, CA","Golden State TT, LLC",2664,2018-03-02,2477,2023-06-24,ACTIVE,ICC CA State Open,2709.0,2664.0,2011-03-20,
26,Yanzhe,Liu,170585,269585,"Milpitas, CA","Golden State TT, LLC",2664,2018-03-02,2477,2023-06-24,ACTIVE,ICC CA State Open,0.0,2709.0,2010-12-05,
40,Xiang Jing,Zhang,9053,89338,"Temple City, CA",California Table Tennis,2643,2024-08-04,0,,ACTIVE,ICC CA State Open,2661.0,2664.0,2013-12-08,
41,Jiwei,Xia,8666,86921,"Portland, OR",Paddle Palace Club,2634,2024-09-08,2659,2016-01-30,ACTIVE,ICC STIGA California Open,2674.0,2672.0,2015-05-03,
41,Jiwei,Xia,8666,86921,"Portland, OR",Paddle Palace Club,2634,2024-09-08,2659,2016-01-30,ACTIVE,ICC California State Open,2663.0,2663.0,2012-03-18,
43,Pu,Zheng,9110,96858,"Fremont, CA",(TTA) Table Tennis America,2633,2022-12-21,2547,2022-02-26,ACTIVE,ICC JOOLA Winter Open 2021,2590.0,2590.0,2021-11-13,2021-11-14
43,Pu,Zheng,9110,96858,"Fremont, CA",(TTA) Table Tennis America,2633,2022-12-21,2547,2022-02-26,ACTIVE,ICC JOOLA Fall Open 2021,2560.0,2559.0,2021-08-28,2021-08-29
43,Pu,Zheng,9110,96858,"Fremont, CA",(TTA) Table Tennis America,2633,2022-12-21,2547,2022-02-26,ACTIVE,ICC JOOLA SUMMER OPEN- 2021,2551.0,2561.0,2021-05-29,2021-05-30
43,Pu,Zheng,9110,96858,"Fremont, CA",(TTA) Table Tennis America,2633,2022-12-21,2547,2022-02-26,ACTIVE,ICC Joola Spring Open 2021,2550.0,2551.0,2021-04-10,2021-04-11
43,Pu,Zheng,9110,96858,"Fremont, CA",(TTA) Table Tennis America,2633,2022-12-21,2547,2022-02-26,ACTIVE,T2 CHALLENGE SEASON 2 SELECTION TRIALS AT ICC,2569.0,2563.0,2020-11-26,2020-11-27
43,Pu,Zheng,9110,96858,"Fremont, CA",(TTA) Table Tennis America,2633,2022-12-21,2547,2022-02-26,ACTIVE,ICC Joola Fall Open 2020,2577.0,2569.0,2020-10-10,2020-10-11
43,Pu,Zheng,9110,96858,"Fremont, CA",(TTA) Table Tennis America,2633,2022-12-21,2547,2022-02-26,ACTIVE,ICC JOOLA Spring Open 2020,2585.0,2577.0,2020-03-07,2020-03-08
43,Pu,Zheng,9110,96858,"Fremont, CA",(TTA) Table Tennis America,2633,2022-12-21,2547,2022-02-26,ACTIVE,ICC JOOLA Winter Open,2585.0,2591.0,2019-11-08,2019-11-10
43,Pu,Zheng,9110,96858,"Fremont, CA",(TTA) Table Tennis America,2633,2022-12-21,2547,2022-02-26,ACTIVE,ICC JOOLA Fall Open,2595.0,2585.0,2019-09-08,2019-09-08
43,Pu,Zheng,9110,96858,"Fremont, CA",(TTA) Table Tennis America,2633,2022-12-21,2547,2022-02-26,ACTIVE,ICC Joola Spring Open,2594.0,2595.0,2019-05-12,2019-05-12
43,Pu,Zheng,9110,96858,"Fremont, CA",(TTA) Table Tennis America,2633,2022-12-21,2547,2022-02-26,ACTIVE,ICC Butterfly Winter Open,2614.0,2594.0,2019-02-24,2019-02-24
43,Pu,Zheng,9110,96858,"Fremont, CA",(TTA) Table Tennis America,2633,2022-12-21,2547,2022-02-26,ACTIVE,2018 ICC Butterfly America Open,2607.0,2614.0,2018-12-07,2018-12-09
43,Pu,Zheng,9110,96858,"Fremont, CA",(TTA) Table Tennis America,2633,2022-12-21,2547,2022-02-26,ACTIVE,ICC Butterfly America Open - 2018,2618.0,2615.0,2018-05-06,2018-05-06
43,Pu,Zheng,9110,96858,"Fremont, CA",(TTA) Table Tennis America,2633,2022-12-21,2547,2022-02-26,ACTIVE,ICC Butterfly California State Open,2612.0,2614.0,2016-12-02,2016-12-04
50,Tianrui,Zhang,167100,1167100,"Fremont, CA",(TTA) Table Tennis America,2613,2024-07-28,2460,2022-08-06,ACTIVE,2024 ICC JOOLA Spring OPEN,2596.0,2593.0,2024-03-02,2024-03-03
50,Tianrui,Zhang,167100,1167100,"Fremont, CA",(TTA) Table Tennis America,2613,2024-07-28,2460,2022-08-06,ACTIVE,ICC JOOLA Spring Open,2485.0,2507.0,2023-03-04,2023-03-05
50,Tianrui,Zhang,167100,1167100,"Fremont, CA",(TTA) Table Tennis America,2613,2024-07-28,2460,2022-08-06,ACTIVE,ICC JOOLA Autumn Open,2541.0,2516.0,2022-10-15,2022-10-16
50,Tianrui,Zhang,167100,1167100,"Fremont, CA",(TTA) Table Tennis America,2613,2024-07-28,2460,2022-08-06,ACTIVE,ICC JOOLA Fall Open,2546.0,2541.0,2022-09-10,2022-09-11
50,Tianrui,Zhang,167100,1167100,"Fremont, CA",(TTA) Table Tennis America,2613,2024-07-28,2460,2022-08-06,ACTIVE,ICC JOOLA Spring Open 2022,2528.0,2535.0,2022-03-19,2022-03-20
50,Tianrui,Zhang,167100,1167100,"Fremont, CA",(TTA) Table Tennis America,2613,2024-07-28,2460,2022-08-06,ACTIVE,ICC JOOLA Winter Open 2021,2541.0,2541.0,2021-11-13,2021-11-14
50,Tianrui,Zhang,167100,1167100,"Fremont, CA",(TTA) Table Tennis America,2613,2024-07-28,2460,2022-08-06,ACTIVE,ICC JOOLA Fall Open 2021,2584.0,2574.0,2021-08-28,2021-08-29
50,Tianrui,Zhang,167100,1167100,"Fremont, CA",(TTA) Table Tennis America,2613,2024-07-28,2460,2022-08-06,ACTIVE,ICC Joola Spring Open 2021,2589.0,2581.0,2021-04-10,2021-04-11
50,Tianrui,Zhang,167100,1167100,"Fremont, CA",(TTA) Table Tennis America,2613,2024-07-28,2460,2022-08-06,ACTIVE,ICC Joola Fall Open 2020,2588.0,2589.0,2020-10-10,2020-10-11
50,Tianrui,Zhang,167100,1167100,"Fremont, CA",(TTA) Table Tennis America,2613,2024-07-28,2460,2022-08-06,ACTIVE,ICC JOOLA Spring Open 2020,2584.0,2588.0,2020-03-07,2020-03-08
50,Tianrui,Zhang,167100,1167100,"Fremont, CA",(TTA) Table Tennis America,2613,2024-07-28,2460,2022-08-06,ACTIVE,ICC JOOLA Winter Open,2350.0,2594.0,2019-11-08,2019-11-10
50,Tianrui,Zhang,167100,1167100,"Fremont, CA",(TTA) Table Tennis America,2613,2024-07-28,2460,2022-08-06,ACTIVE,ICC JOOLA Fall Open,0.0,2198.0,2019-09-08,2019-09-08
54,Jiaqi,Zheng,9104,72386,"Fremont, CA",,2601,2018-03-02,2515,2016-07-02,ACTIVE,ICC STIGA California Open,2582.0,2567.0,2015-12-06,
54,Jiaqi,Zheng,9104,72386,"Fremont, CA",,2601,2018-03-02,2515,2016-07-02,ACTIVE,ICC California State Open,2593.0,2593.0,2014-12-07,
54,Jiaqi,Zheng,9104,72386,"Fremont, CA",,2601,2018-03-02,2515,2016-07-02,ACTIVE,ICC California State Open,2578.0,2573.0,2014-04-06,
54,Jiaqi,Zheng,9104,72386,"Fremont, CA",,2601,2018-03-02,2515,2016-07-02,ACTIVE,ICC CA State Open,2618.0,2598.0,2013-05-19,
54,Jiaqi,Zheng,9104,72386,"Fremont, CA",,2601,2018-03-02,2515,2016-07-02,ACTIVE,ICC California State Open,2579.0,2544.0,2008-12-06,
54,Jiaqi,Zheng,9104,72386,"Fremont, CA",,2601,2018-03-02,2515,2016-07-02,ACTIVE,ICC Northern CA Open,2489.0,2511.0,2007-07-22,
59,Sid,Naresh,5522,84903,"Lisle, IL",888 Table Tennis Center,2598,2024-09-02,2478,2024-08-25,ACTIVE,ICC California State Open,1581.0,1431.0,2014-04-06,
63,Andrew,Cao,112982,211982,"Katy, TX",,2590,2024-08-11,2480,2023-10-14,ACTIVE,ICC JOOLA Fall Open 2021,2314.0,2334.0,2021-08-28,2021-08-29
72,Victor,Liu,4657,78385,"San Jose, CA",Silicon Valley Table Tennis Club (SVTTC),2575,2019-07-05,2400,2019-04-06,ACTIVE,ICC STIGA California Open,2551.0,2526.0,2015-05-03,
72,Victor,Liu,4657,78385,"San Jose, CA",Silicon Valley Table Tennis Club (SVTTC),2575,2019-07-05,2400,2019-04-06,ACTIVE,ICC California State Open,2343.0,2340.0,2014-04-06,
72,Victor,Liu,4657,78385,"San Jose, CA",Silicon Valley Table Tennis Club (SVTTC),2575,2019-07-05,2400,2019-04-06,ACTIVE,ICC CA State Open,2260.0,2234.0,2013-02-17,
72,Victor,Liu,4657,78385,"San Jose, CA",Silicon Valley Table Tennis Club (SVTTC),2575,2019-07-05,2400,2019-04-06,ACTIVE,ICC California State Open,2144.0,2150.0,2012-05-27,
72,Victor,Liu,4657,78385,"San Jose, CA",Silicon Valley Table Tennis Club (SVTTC),2575,2019-07-05,2400,2019-04-06,ACTIVE,ICC California State Open,2150.0,2124.0,2012-03-18,
72,Victor,Liu,4657,78385,"San Jose, CA",Silicon Valley Table Tennis Club (SVTTC),2575,2019-07-05,2400,2019-04-06,ACTIVE,ICC CA State Open,1546.0,1521.0,2010-02-28,
72,Victor,Liu,4657,78385,"San Jose, CA",Silicon Valley Table Tennis Club (SVTTC),2575,2019-07-05,2400,2019-04-06,ACTIVE,ICC California State Open,1135.0,1145.0,2009-12-06,
72,Victor,Liu,4657,78385,"San Jose, CA",Silicon Valley Table Tennis Club (SVTTC),2575,2019-07-05,2400,2019-04-06,ACTIVE,ICC California State Open,0.0,434.0,2009-05-10,
73,Lily,Zhang,9030,31126,"Berkeley, CA",(TTA) Table Tennis America,2575,2024-01-28,2447,2022-03-05,ACTIVE,ICC Joola Fall Open 2020,2603.0,2621.0,2020-10-10,2020-10-11
73,Lily,Zhang,9030,31126,"Berkeley, CA",(TTA) Table Tennis America,2575,2024-01-28,2447,2022-03-05,ACTIVE,ICC California State Open,2528.0,2500.0,2014-04-06,
73,Lily,Zhang,9030,31126,"Berkeley, CA",(TTA) Table Tennis America,2575,2024-01-28,2447,2022-03-05,ACTIVE,ICC CA State Open,2481.0,2523.0,2011-03-20,
73,Lily,Zhang,9030,31126,"Berkeley, CA",(TTA) Table Tennis America,2575,2024-01-28,2447,2022-03-05,ACTIVE,ICC CA State Open,2337.0,2347.0,2010-05-02,
73,Lily,Zhang,9030,31126,"Berkeley, CA",(TTA) Table Tennis America,2575,2024-01-28,2447,2022-03-05,ACTIVE,ICC California State Open,2338.0,2329.0,2009-03-01,
75,Lingxiao,Yan,181535,280535,CA,,2566,2023-12-21,2545,2023-11-12,ACTIVE,2023 ICC JOOLA Winter Open,2464.0,2439.0,2023-12-02,2023-12-03
75,Lingxiao,Yan,181535,280535,CA,,2566,2023-12-21,2545,2023-11-12,ACTIVE,2023 ICC JOOLA Autumn Open,2460.0,2464.0,2023-10-28,2023-10-29
79,Zhigao,Si,132275,231275,"Fremont, CA",(TTA) Table Tennis America,2564,2023-12-21,2448,2022-03-12,ACTIVE,ICC JOOLA Spring Open 2022,2483.0,2489.0,2022-03-19,2022-03-20
79,Zhigao,Si,132275,231275,"Fremont, CA",(TTA) Table Tennis America,2564,2023-12-21,2448,2022-03-12,ACTIVE,ICC JOOLA Winter Open,2516.0,2512.0,2019-11-08,2019-11-10
79,Zhigao,Si,132275,231275,"Fremont, CA",(TTA) Table Tennis America,2564,2023-12-21,2448,2022-03-12,ACTIVE,ICC Joola Spring Open,2512.0,2517.0,2019-05-12,2019-05-12
79,Zhigao,Si,132275,231275,"Fremont, CA",(TTA) Table Tennis America,2564,2023-12-21,2448,2022-03-12,ACTIVE,ICC Butterfly Winter Open,2509.0,2530.0,2019-02-24,2019-02-24
79,Zhigao,Si,132275,231275,"Fremont, CA",(TTA) Table Tennis America,2564,2023-12-21,2448,2022-03-12,ACTIVE,2018 ICC Butterfly America Open,0.0,2522.0,2018-12-07,2018-12-09
82,Ved,Sheth,7056,89837,"Fremont, CA",ICC Table Tennis Center,2561,2024-08-25,2444,2024-08-17,ACTIVE,2024 ICC JOOLA Fall OPEN,2575.0,2561.0,2024-08-24,2024-08-25
82,Ved,Sheth,7056,89837,"Fremont, CA",ICC Table Tennis Center,2561,2024-08-25,2444,2024-08-17,ACTIVE,2024 ICC JOOLA Summer OPEN,2626.0,2604.0,2024-05-04,2024-05-05
82,Ved,Sheth,7056,89837,"Fremont, CA",ICC Table Tennis Center,2561,2024-08-25,2444,2024-08-17,ACTIVE,2023 ICC JOOLA Winter Open,2535.0,2550.0,2023-12-02,2023-12-03
82,Ved,Sheth,7056,89837,"Fremont, CA",ICC Table Tennis Center,2561,2024-08-25,2444,2024-08-17,ACTIVE,2023 ICC JOOLA Autumn Open,2510.0,2535.0,2023-10-28,2023-10-29
82,Ved,Sheth,7056,89837,"Fremont, CA",ICC Table Tennis Center,2561,2024-08-25,2444,2024-08-17,ACTIVE,ICC JOOLA Fall Open,2428.0,2514.0,2023-08-26,2023-08-27
82,Ved,Sheth,7056,89837,"Fremont, CA",ICC Table Tennis Center,2561,2024-08-25,2444,2024-08-17,ACTIVE,ICC JOOLA Summer Open,2469.0,2507.0,2023-05-06,2023-05-07
82,Ved,Sheth,7056,89837,"Fremont, CA",ICC Table Tennis Center,2561,2024-08-25,2444,2024-08-17,ACTIVE,ICC JOOLA Spring Open,2471.0,2463.0,2023-03-04,2023-03-05
82,Ved,Sheth,7056,89837,"Fremont, CA",ICC Table Tennis Center,2561,2024-08-25,2444,2024-08-17,ACTIVE,ICC JOOLA Winter Open,2444.0,2489.0,2022-12-03,2022-12-04
82,Ved,Sheth,7056,89837,"Fremont, CA",ICC Table Tennis Center,2561,2024-08-25,2444,2024-08-17,ACTIVE,ICC JOOLA Autumn Open,2444.0,2444.0,2022-10-15,2022-10-16
82,Ved,Sheth,7056,89837,"Fremont, CA",ICC Table Tennis Center,2561,2024-08-25,2444,2024-08-17,ACTIVE,ICC JOOLA Fall Open,2432.0,2444.0,2022-09-10,2022-09-11
82,Ved,Sheth,7056,89837,"Fremont, CA",ICC Table Tennis Center,2561,2024-08-25,2444,2024-08-17,ACTIVE,ICC JOOLA Spring Open 2022,2420.0,2405.0,2022-03-19,2022-03-20
82,Ved,Sheth,7056,89837,"Fremont, CA",ICC Table Tennis Center,2561,2024-08-25,2444,2024-08-17,ACTIVE,ICC JOOLA Winter Open 2021,2379.0,2397.0,2021-11-13,2021-11-14
82,Ved,Sheth,7056,89837,"Fremont, CA",ICC Table Tennis Center,2561,2024-08-25,2444,2024-08-17,ACTIVE,ICC JOOLA Fall Open 2021,2378.0,2379.0,2021-08-28,2021-08-29
82,Ved,Sheth,7056,89837,"Fremont, CA",ICC Table Tennis Center,2561,2024-08-25,2444,2024-08-17,ACTIVE,ICC JOOLA SUMMER OPEN- 2021,2396.0,2417.0,2021-05-29,2021-05-30
82,Ved,Sheth,7056,89837,"Fremont, CA",ICC Table Tennis Center,2561,2024-08-25,2444,2024-08-17,ACTIVE,ICC Joola Spring Open 2021,2406.0,2396.0,2021-04-10,2021-04-11
82,Ved,Sheth,7056,89837,"Fremont, CA",ICC Table Tennis Center,2561,2024-08-25,2444,2024-08-17,ACTIVE,T2 CHALLENGE SEASON 2 SELECTION TRIALS AT ICC,2399.0,2406.0,2020-11-26,2020-11-27
82,Ved,Sheth,7056,89837,"Fremont, CA",ICC Table Tennis Center,2561,2024-08-25,2444,2024-08-17,ACTIVE,ICC Joola Fall Open 2020,2311.0,2399.0,2020-10-10,2020-10-11
82,Ved,Sheth,7056,89837,"Fremont, CA",ICC Table Tennis Center,2561,2024-08-25,2444,2024-08-17,ACTIVE,ICC JOOLA Spring Open 2020,2338.0,2303.0,2020-03-07,2020-03-08
82,Ved,Sheth,7056,89837,"Fremont, CA",ICC Table Tennis Center,2561,2024-08-25,2444,2024-08-17,ACTIVE,ICC JOOLA Winter Open,2349.0,2342.0,2019-11-08,2019-11-10
82,Ved,Sheth,7056,89837,"Fremont, CA",ICC Table Tennis Center,2561,2024-08-25,2444,2024-08-17,ACTIVE,ICC JOOLA Fall Open,2336.0,2317.0,2019-09-08,2019-09-08
82,Ved,Sheth,7056,89837,"Fremont, CA",ICC Table Tennis Center,2561,2024-08-25,2444,2024-08-17,ACTIVE,ICC Joola Spring Open,2276.0,2429.0,2019-05-12,2019-05-12
82,Ved,Sheth,7056,89837,"Fremont, CA",ICC Table Tennis Center,2561,2024-08-25,2444,2024-08-17,ACTIVE,2018 ICC Butterfly America Open,2295.0,2205.0,2018-12-07,2018-12-09
82,Ved,Sheth,7056,89837,"Fremont, CA",ICC Table Tennis Center,2561,2024-08-25,2444,2024-08-17,ACTIVE,ICC Butterfly America Open - 2018,2146.0,2184.0,2018-05-06,2018-05-06
82,Ved,Sheth,7056,89837,"Fremont, CA",ICC Table Tennis Center,2561,2024-08-25,2444,2024-08-17,ACTIVE,ICC Butterfly California State Open,1942.0,2133.0,2016-12-02,2016-12-04
82,Ved,Sheth,7056,89837,"Fremont, CA",ICC Table Tennis Center,2561,2024-08-25,2444,2024-08-17,ACTIVE,ICC Hopes Qualification Tournament,1833.0,1836.0,2016-03-05,2016-03-05
82,Ved,Sheth,7056,89837,"Fremont, CA",ICC Table Tennis Center,2561,2024-08-25,2444,2024-08-17,ACTIVE,ICC STIGA California Open,1620.0,1613.0,2015-12-06,
82,Ved,Sheth,7056,89837,"Fremont, CA",ICC Table Tennis Center,2561,2024-08-25,2444,2024-08-17,ACTIVE,ICC STIGA California Open,1351.0,1356.0,2015-05-03,
82,Ved,Sheth,7056,89837,"Fremont, CA",ICC Table Tennis Center,2561,2024-08-25,2444,2024-08-17,ACTIVE,ICC California State Open,194.0,615.0,2014-12-07,
82,Ved,Sheth,7056,89837,"Fremont, CA",ICC Table Tennis Center,2561,2024-08-25,2444,2024-08-17,ACTIVE,ICC California State Open,192.0,194.0,2014-04-06,
82,Ved,Sheth,7056,89837,"Fremont, CA",ICC Table Tennis Center,2561,2024-08-25,2444,2024-08-17,ACTIVE,ICC CA State Open,84.0,192.0,2013-12-08,
82,Ved,Sheth,7056,89837,"Fremont, CA",ICC Table Tennis Center,2561,2024-08-25,2444,2024-08-17,ACTIVE,ICC CA State Open,93.0,84.0,2013-05-19,
82,Ved,Sheth,7056,89837,"Fremont, CA",ICC Table Tennis Center,2561,2024-08-25,2444,2024-08-17,ACTIVE,ICC CA State Open,110.0,93.0,2013-02-17,
82,Ved,Sheth,7056,89837,"Fremont, CA",ICC Table Tennis Center,2561,2024-08-25,2444,2024-08-17,ACTIVE,ICC California State Open,0.0,110.0,2012-12-09,
83,Hwan,Bae,180541,279541,"Millbrae, CA",,2559,2024-09-02,2472,2024-04-07,ACTIVE,2024 ICC JOOLA Summer OPEN,2553.0,2570.0,2024-05-04,2024-05-05
83,Hwan,Bae,180541,279541,"Millbrae, CA",,2559,2024-09-02,2472,2024-04-07,ACTIVE,2024 ICC JOOLA Spring OPEN,2581.0,2576.0,2024-03-02,2024-03-03
89,Darryl,Tsao,102323,98262,"Fremont, CA",888 Table Tennis Center,2543,2024-09-02,2536,2024-02-04,ACTIVE,ICC JOOLA Fall Open 2021,2467.0,2479.0,2021-08-28,2021-08-29
89,Darryl,Tsao,102323,98262,"Fremont, CA",888 Table Tennis Center,2543,2024-09-02,2536,2024-02-04,ACTIVE,ICC Joola Spring Open 2021,2321.0,2316.0,2021-04-10,2021-04-11
89,Darryl,Tsao,102323,98262,"Fremont, CA",888 Table Tennis Center,2543,2024-09-02,2536,2024-02-04,ACTIVE,T2 CHALLENGE SEASON 2 SELECTION TRIALS AT ICC,2323.0,2321.0,2020-11-26,2020-11-27
89,Darryl,Tsao,102323,98262,"Fremont, CA",888 Table Tennis Center,2543,2024-09-02,2536,2024-02-04,ACTIVE,ICC Joola Fall Open 2020,2289.0,2323.0,2020-10-10,2020-10-11
89,Darryl,Tsao,102323,98262,"Fremont, CA",888 Table Tennis Center,2543,2024-09-02,2536,2024-02-04,ACTIVE,ICC JOOLA Spring Open 2020,2211.0,2289.0,2020-03-07,2020-03-08
89,Darryl,Tsao,102323,98262,"Fremont, CA",888 Table Tennis Center,2543,2024-09-02,2536,2024-02-04,ACTIVE,ICC JOOLA Winter Open,2255.0,2258.0,2019-11-08,2019-11-10
89,Darryl,Tsao,102323,98262,"Fremont, CA",888 Table Tennis Center,2543,2024-09-02,2536,2024-02-04,ACTIVE,ICC JOOLA Fall Open,2227.0,2265.0,2019-09-08,2019-09-08
89,Darryl,Tsao,102323,98262,"Fremont, CA",888 Table Tennis Center,2543,2024-09-02,2536,2024-02-04,ACTIVE,ICC Joola Spring Open,2231.0,2224.0,2019-05-12,2019-05-12
89,Darryl,Tsao,102323,98262,"Fremont, CA",888 Table Tennis Center,2543,2024-09-02,2536,2024-02-04,ACTIVE,ICC Butterfly Winter Open,2171.0,2251.0,2019-02-24,2019-02-24
89,Darryl,Tsao,102323,98262,"Fremont, CA",888 Table Tennis Center,2543,2024-09-02,2536,2024-02-04,ACTIVE,2018 ICC Butterfly America Open,2161.0,2114.0,2018-12-07,2018-12-09
89,Darryl,Tsao,102323,98262,"Fremont, CA",888 Table Tennis Center,2543,2024-09-02,2536,2024-02-04,ACTIVE,ICC Butterfly America Open - 2018,2057.0,2015.0,2018-05-06,2018-05-06
89,Darryl,Tsao,102323,98262,"Fremont, CA",888 Table Tennis Center,2543,2024-09-02,2536,2024-02-04,ACTIVE,ICC Butterfly California State Open,1515.0,1500.0,2016-12-02,2016-12-04
89,Darryl,Tsao,102323,98262,"Fremont, CA",888 Table Tennis Center,2543,2024-09-02,2536,2024-02-04,ACTIVE,ICC STIGA California Open,0.0,374.0,2015-12-06,
90,Rakshit,Barigidad,181158,1181158,Dahlia Loop,,2540,2024-07-28,2333,2024-07-20,ACTIVE,2024 ICC JOOLA Summer OPEN,2506.0,2522.0,2024-05-04,2024-05-05
90,Rakshit,Barigidad,181158,1181158,Dahlia Loop,,2540,2024-07-28,2333,2024-07-20,ACTIVE,ICC JOOLA Fall Open,0.0,2506.0,2023-08-26,2023-08-27
96,Siliang (Steven),Wang,8308,75481,"Milpitas, CA",,2537,2018-03-02,2398,2016-12-30,ACTIVE,ICC CA State Open,2502.0,2545.0,2013-02-17,
96,Siliang (Steven),Wang,8308,75481,"Milpitas, CA",,2537,2018-03-02,2398,2016-12-30,ACTIVE,ICC CA State Open,2522.0,2517.0,2010-05-02,
96,Siliang (Steven),Wang,8308,75481,"Milpitas, CA",,2537,2018-03-02,2398,2016-12-30,ACTIVE,ICC CA State Open,2528.0,2522.0,2010-02-28,
96,Siliang (Steven),Wang,8308,75481,"Milpitas, CA",,2537,2018-03-02,2398,2016-12-30,ACTIVE,ICC California State Open,2542.0,2550.0,2009-12-06,
96,Siliang (Steven),Wang,8308,75481,"Milpitas, CA",,2537,2018-03-02,2398,2016-12-30,ACTIVE,ICC California State Open,2519.0,2535.0,2009-03-01,
98,Ronald,Lee,170429,1170429,,,2535,2024-06-09,0,,ACTIVE,ICC Joola Fall Open 2020,2325.0,2332.0,2020-10-10,2020-10-11
99,Ishaan,Hingorani,171284,1171284,"Milpitas, CA",,2533,2024-08-25,2512,2021-12-11,ACTIVE,2024 ICC JOOLA Fall OPEN,2498.0,2533.0,2024-08-24,2024-08-25
99,Ishaan,Hingorani,171284,1171284,"Milpitas, CA",,2533,2024-08-25,2512,2021-12-11,ACTIVE,2024 ICC JOOLA Summer OPEN,2502.0,2498.0,2024-05-04,2024-05-05
99,Ishaan,Hingorani,171284,1171284,"Milpitas, CA",,2533,2024-08-25,2512,2021-12-11,ACTIVE,2024 ICC JOOLA Spring OPEN,2466.0,2502.0,2024-03-02,2024-03-03
99,Ishaan,Hingorani,171284,1171284,"Milpitas, CA",,2533,2024-08-25,2512,2021-12-11,ACTIVE,2023 ICC JOOLA Winter Open,2492.0,2466.0,2023-12-02,2023-12-03
99,Ishaan,Hingorani,171284,1171284,"Milpitas, CA",,2533,2024-08-25,2512,2021-12-11,ACTIVE,2023 ICC JOOLA Autumn Open,2479.0,2492.0,2023-10-28,2023-10-29
99,Ishaan,Hingorani,171284,1171284,"Milpitas, CA",,2533,2024-08-25,2512,2021-12-11,ACTIVE,ICC JOOLA Fall Open,2502.0,2479.0,2023-08-26,2023-08-27
99,Ishaan,Hingorani,171284,1171284,"Milpitas, CA",,2533,2024-08-25,2512,2021-12-11,ACTIVE,ICC JOOLA Summer Open,2510.0,2500.0,2023-05-06,2023-05-07
99,Ishaan,Hingorani,171284,1171284,"Milpitas, CA",,2533,2024-08-25,2512,2021-12-11,ACTIVE,ICC JOOLA Spring Open,2517.0,2510.0,2023-03-04,2023-03-05
99,Ishaan,Hingorani,171284,1171284,"Milpitas, CA",,2533,2024-08-25,2512,2021-12-11,ACTIVE,ICC JOOLA Winter Open,2523.0,2512.0,2022-12-03,2022-12-04
99,Ishaan,Hingorani,171284,1171284,"Milpitas, CA",,2533,2024-08-25,2512,2021-12-11,ACTIVE,ICC JOOLA Autumn Open,2494.0,2523.0,2022-10-15,2022-10-16
99,Ishaan,Hingorani,171284,1171284,"Milpitas, CA",,2533,2024-08-25,2512,2021-12-11,ACTIVE,ICC JOOLA Summer Open,2519.0,2494.0,2022-05-14,2022-05-15
99,Ishaan,Hingorani,171284,1171284,"Milpitas, CA",,2533,2024-08-25,2512,2021-12-11,ACTIVE,ICC JOOLA Spring Open 2022,2490.0,2519.0,2022-03-19,2022-03-20
99,Ishaan,Hingorani,171284,1171284,"Milpitas, CA",,2533,2024-08-25,2512,2021-12-11,ACTIVE,ICC Joola Spring Open 2021,0.0,2384.0,2021-04-10,2021-04-11
102,William,Bai,359,81300,"San Francisco, CA",,2529,2023-09-24,2469,2022-09-04,ACTIVE,ICC Joola Spring Open 2021,2486.0,2535.0,2021-04-10,2021-04-11
102,William,Bai,359,81300,"San Francisco, CA",,2529,2023-09-24,2469,2022-09-04,ACTIVE,T2 CHALLENGE SEASON 2 SELECTION TRIALS AT ICC,2450.0,2458.0,2020-11-26,2020-11-27
102,William,Bai,359,81300,"San Francisco, CA",,2529,2023-09-24,2469,2022-09-04,ACTIVE,ICC JOOLA Spring Open 2020,2493.0,2450.0,2020-03-07,2020-03-08
102,William,Bai,359,81300,"San Francisco, CA",,2529,2023-09-24,2469,2022-09-04,ACTIVE,ICC JOOLA Winter Open,2451.0,2446.0,2019-11-08,2019-11-10
102,William,Bai,359,81300,"San Francisco, CA",,2529,2023-09-24,2469,2022-09-04,ACTIVE,ICC JOOLA Fall Open,2429.0,2452.0,2019-09-08,2019-09-08
102,William,Bai,359,81300,"San Francisco, CA",,2529,2023-09-24,2469,2022-09-04,ACTIVE,ICC Joola Spring Open,2485.0,2463.0,2019-05-12,2019-05-12
102,William,Bai,359,81300,"San Francisco, CA",,2529,2023-09-24,2469,2022-09-04,ACTIVE,ICC Butterfly Winter Open,2412.0,2423.0,2019-02-24,2019-02-24
102,William,Bai,359,81300,"San Francisco, CA",,2529,2023-09-24,2469,2022-09-04,ACTIVE,2018 ICC Butterfly America Open,2461.0,2468.0,2018-12-07,2018-12-09
102,William,Bai,359,81300,"San Francisco, CA",,2529,2023-09-24,2469,2022-09-04,ACTIVE,ICC Butterfly America Open - 2018,2359.0,2378.0,2018-05-06,2018-05-06
102,William,Bai,359,81300,"San Francisco, CA",,2529,2023-09-24,2469,2022-09-04,ACTIVE,ICC Butterfly California State Open,2298.0,2287.0,2016-12-02,2016-12-04
102,William,Bai,359,81300,"San Francisco, CA",,2529,2023-09-24,2469,2022-09-04,ACTIVE,ICC STIGA California Open,2100.0,2114.0,2015-12-06,
102,William,Bai,359,81300,"San Francisco, CA",,2529,2023-09-24,2469,2022-09-04,ACTIVE,ICC STIGA California Open,2013.0,2062.0,2015-05-03,
102,William,Bai,359,81300,"San Francisco, CA",,2529,2023-09-24,2469,2022-09-04,ACTIVE,ICC California State Open,1996.0,2011.0,2014-12-07,
102,William,Bai,359,81300,"San Francisco, CA",,2529,2023-09-24,2469,2022-09-04,ACTIVE,ICC California State Open,2024.0,1996.0,2014-04-06,
102,William,Bai,359,81300,"San Francisco, CA",,2529,2023-09-24,2469,2022-09-04,ACTIVE,ICC CA State Open,1970.0,1996.0,2013-12-08,
102,William,Bai,359,81300,"San Francisco, CA",,2529,2023-09-24,2469,2022-09-04,ACTIVE,ICC CA State Open,1674.0,1828.0,2013-05-19,
102,William,Bai,359,81300,"San Francisco, CA",,2529,2023-09-24,2469,2022-09-04,ACTIVE,ICC CA State Open,1676.0,1674.0,2013-02-17,
102,William,Bai,359,81300,"San Francisco, CA",,2529,2023-09-24,2469,2022-09-04,ACTIVE,ICC California State Open,1216.0,1525.0,2012-12-09,
102,William,Bai,359,81300,"San Francisco, CA",,2529,2023-09-24,2469,2022-09-04,ACTIVE,ICC California State Open,1019.0,1210.0,2012-05-27,
102,William,Bai,359,81300,"San Francisco, CA",,2529,2023-09-24,2469,2022-09-04,ACTIVE,ICC California State Open,943.0,1019.0,2012-03-18,
102,William,Bai,359,81300,"San Francisco, CA",,2529,2023-09-24,2469,2022-09-04,ACTIVE,ICC CA State Open,621.0,625.0,2011-12-04,
102,William,Bai,359,81300,"San Francisco, CA",,2529,2023-09-24,2469,2022-09-04,ACTIVE,ICC CA State Open,306.0,306.0,2011-03-20,
105,Maggie,Tian,7792,81251,"Fremont, CA",888 Table Tennis Center,2527,2018-03-02,2308,2013-06-30,ACTIVE,ICC California State Open,2527.0,2527.0,2014-04-06,
105,Maggie,Tian,7792,81251,"Fremont, CA",888 Table Tennis Center,2527,2018-03-02,2308,2013-06-30,ACTIVE,ICC CA State Open,2304.0,2527.0,2013-05-19,
105,Maggie,Tian,7792,81251,"Fremont, CA",888 Table Tennis Center,2527,2018-03-02,2308,2013-06-30,ACTIVE,ICC CA State Open,2392.0,2406.0,2011-12-04,
105,Maggie,Tian,7792,81251,"Fremont, CA",888 Table Tennis Center,2527,2018-03-02,2308,2013-06-30,ACTIVE,ICC CA State Open,2395.0,2401.0,2011-06-05,
105,Maggie,Tian,7792,81251,"Fremont, CA",888 Table Tennis Center,2527,2018-03-02,2308,2013-06-30,ACTIVE,ICC CA State Open,2462.0,2473.0,2010-12-05,
105,Maggie,Tian,7792,81251,"Fremont, CA",888 Table Tennis Center,2527,2018-03-02,2308,2013-06-30,ACTIVE,ICC CA State Open,2484.0,2466.0,2010-05-02,
105,Maggie,Tian,7792,81251,"Fremont, CA",888 Table Tennis Center,2527,2018-03-02,2308,2013-06-30,ACTIVE,ICC CA State Open,2450.0,2484.0,2010-02-28,
105,Maggie,Tian,7792,81251,"Fremont, CA",888 Table Tennis Center,2527,2018-03-02,2308,2013-06-30,ACTIVE,ICC California State Open,2320.0,2346.0,2009-12-06,
108,Udaya,Ranasingha,132027,1132027,"El Monte, CA",,2526,2024-09-02,0,,ACTIVE,ICC JOOLA Fall Open 2021,2546.0,2572.0,2021-08-28,2021-08-29
108,Udaya,Ranasingha,132027,1132027,"El Monte, CA",,2526,2024-09-02,0,,ACTIVE,ICC Joola Fall Open 2020,2478.0,2566.0,2020-10-10,2020-10-11
111,Hailong,Shen,45658,75153,"Newark, CA",(TTA) Table Tennis America,2523,2021-06-27,2453,2021-08-15,ACTIVE,ICC CA State Open,2526.0,2518.0,2011-03-20,
111,Hailong,Shen,45658,75153,"Newark, CA",(TTA) Table Tennis America,2523,2021-06-27,2453,2021-08-15,ACTIVE,ICC CA State Open,2524.0,2526.0,2010-12-05,
111,Hailong,Shen,45658,75153,"Newark, CA",(TTA) Table Tennis America,2523,2021-06-27,2453,2021-08-15,ACTIVE,ICC CA State Open,2492.0,2518.0,2010-05-02,
111,Hailong,Shen,45658,75153,"Newark, CA",(TTA) Table Tennis America,2523,2021-06-27,2453,2021-08-15,ACTIVE,ICC CA State Open,2496.0,2492.0,2010-02-28,
111,Hailong,Shen,45658,75153,"Newark, CA",(TTA) Table Tennis America,2523,2021-06-27,2453,2021-08-15,ACTIVE,ICC California State Open,2540.0,2541.0,2009-12-06,
111,Hailong,Shen,45658,75153,"Newark, CA",(TTA) Table Tennis America,2523,2021-06-27,2453,2021-08-15,ACTIVE,ICC California State Open,2529.0,2541.0,2009-05-10,
111,Hailong,Shen,45658,75153,"Newark, CA",(TTA) Table Tennis America,2523,2021-06-27,2453,2021-08-15,ACTIVE,ICC California State Open,2524.0,2529.0,2009-03-01,
111,Hailong,Shen,45658,75153,"Newark, CA",(TTA) Table Tennis America,2523,2021-06-27,2453,2021-08-15,ACTIVE,ICC California State Open,2528.0,2488.0,2008-12-06,
115,Paul Zhenyu,Qi,166478,1166478,Richmond,,2520,2024-04-07,0,,ACTIVE,ICC JOOLA Summer Open,2392.0,2437.0,2022-05-14,2022-05-15
119,Victor,Xie,8690,93758,"Alameda, CA",888 Table Tennis Center,2515,2024-07-07,2415,2024-04-07,ACTIVE,2024 ICC JOOLA Spring OPEN,2438.0,2452.0,2024-03-02,2024-03-03
119,Victor,Xie,8690,93758,"Alameda, CA",888 Table Tennis Center,2515,2024-07-07,2415,2024-04-07,ACTIVE,2023 ICC JOOLA Winter Open,2425.0,2418.0,2023-12-02,2023-12-03
119,Victor,Xie,8690,93758,"Alameda, CA",888 Table Tennis Center,2515,2024-07-07,2415,2024-04-07,ACTIVE,ICC JOOLA Autumn Open,2371.0,2348.0,2022-10-15,2022-10-16
119,Victor,Xie,8690,93758,"Alameda, CA",888 Table Tennis Center,2515,2024-07-07,2415,2024-04-07,ACTIVE,ICC JOOLA Fall Open,2375.0,2371.0,2022-09-10,2022-09-11
119,Victor,Xie,8690,93758,"Alameda, CA",888 Table Tennis Center,2515,2024-07-07,2415,2024-04-07,ACTIVE,ICC JOOLA Winter Open,2277.0,2215.0,2019-11-08,2019-11-10
119,Victor,Xie,8690,93758,"Alameda, CA",888 Table Tennis Center,2515,2024-07-07,2415,2024-04-07,ACTIVE,ICC JOOLA Fall Open,2130.0,2137.0,2019-09-08,2019-09-08
119,Victor,Xie,8690,93758,"Alameda, CA",888 Table Tennis Center,2515,2024-07-07,2415,2024-04-07,ACTIVE,ICC Joola Spring Open,2020.0,2051.0,2019-05-12,2019-05-12
119,Victor,Xie,8690,93758,"Alameda, CA",888 Table Tennis Center,2515,2024-07-07,2415,2024-04-07,ACTIVE,ICC Butterfly Winter Open,2018.0,2012.0,2019-02-24,2019-02-24
119,Victor,Xie,8690,93758,"Alameda, CA",888 Table Tennis Center,2515,2024-07-07,2415,2024-04-07,ACTIVE,ICC Butterfly America Open - 2018,1847.0,1914.0,2018-05-06,2018-05-06
119,Victor,Xie,8690,93758,"Alameda, CA",888 Table Tennis Center,2515,2024-07-07,2415,2024-04-07,ACTIVE,ICC Butterfly California State Open,1525.0,1556.0,2016-12-02,2016-12-04
122,Rachel,Sung,7538,82232,"Campbell, CA",ICC Table Tennis Center,2512,2024-07-07,2434,2024-02-04,ACTIVE,ICC JOOLA Spring Open 2022,2485.0,2497.0,2022-03-19,2022-03-20
122,Rachel,Sung,7538,82232,"Campbell, CA",ICC Table Tennis Center,2512,2024-07-07,2434,2024-02-04,ACTIVE,ICC JOOLA Fall Open 2021,2475.0,2485.0,2021-08-28,2021-08-29
122,Rachel,Sung,7538,82232,"Campbell, CA",ICC Table Tennis Center,2512,2024-07-07,2434,2024-02-04,ACTIVE,ICC JOOLA SUMMER OPEN- 2021,2413.0,2417.0,2021-05-29,2021-05-30
122,Rachel,Sung,7538,82232,"Campbell, CA",ICC Table Tennis Center,2512,2024-07-07,2434,2024-02-04,ACTIVE,ICC Butterfly Winter Open,2489.0,2407.0,2019-02-24,2019-02-24
122,Rachel,Sung,7538,82232,"Campbell, CA",ICC Table Tennis Center,2512,2024-07-07,2434,2024-02-04,ACTIVE,ICC Butterfly America Open - 2018,2435.0,2453.0,2018-05-06,2018-05-06
122,Rachel,Sung,7538,82232,"Campbell, CA",ICC Table Tennis Center,2512,2024-07-07,2434,2024-02-04,ACTIVE,ICC Butterfly California State Open,2282.0,2306.0,2016-12-02,2016-12-04
122,Rachel,Sung,7538,82232,"Campbell, CA",ICC Table Tennis Center,2512,2024-07-07,2434,2024-02-04,ACTIVE,ICC Hopes Qualification Tournament,2285.0,2287.0,2016-03-05,2016-03-05
122,Rachel,Sung,7538,82232,"Campbell, CA",ICC Table Tennis Center,2512,2024-07-07,2434,2024-02-04,ACTIVE,ICC STIGA California Open,2189.0,2178.0,2015-12-06,
122,Rachel,Sung,7538,82232,"Campbell, CA",ICC Table Tennis Center,2512,2024-07-07,2434,2024-02-04,ACTIVE,ICC California State Open,2109.0,2136.0,2014-12-07,
122,Rachel,Sung,7538,82232,"Campbell, CA",ICC Table Tennis Center,2512,2024-07-07,2434,2024-02-04,ACTIVE,ICC California State Open,1930.0,1974.0,2014-04-06,
122,Rachel,Sung,7538,82232,"Campbell, CA",ICC Table Tennis Center,2512,2024-07-07,2434,2024-02-04,ACTIVE,ICC CA State Open,1906.0,1890.0,2013-12-08,
122,Rachel,Sung,7538,82232,"Campbell, CA",ICC Table Tennis Center,2512,2024-07-07,2434,2024-02-04,ACTIVE,ICC CA State Open,1836.0,1824.0,2013-05-19,
122,Rachel,Sung,7538,82232,"Campbell, CA",ICC Table Tennis Center,2512,2024-07-07,2434,2024-02-04,ACTIVE,ICC California State Open,972.0,1055.0,2012-05-27,
122,Rachel,Sung,7538,82232,"Campbell, CA",ICC Table Tennis Center,2512,2024-07-07,2434,2024-02-04,ACTIVE,ICC California State Open,900.0,972.0,2012-03-18,
122,Rachel,Sung,7538,82232,"Campbell, CA",ICC Table Tennis Center,2512,2024-07-07,2434,2024-02-04,ACTIVE,ICC CA State Open,0.0,143.0,2011-06-05,
129,Dianren,Wei,113195,212195,"Rosemead, CA",,2507,2024-09-02,2538,2021-05-01,ACTIVE,ICC JOOLA Winter Open 2021,2644.0,2604.0,2021-11-13,2021-11-14
129,Dianren,Wei,113195,212195,"Rosemead, CA",,2507,2024-09-02,2538,2021-05-01,ACTIVE,ICC JOOLA Fall Open 2021,2672.0,2647.0,2021-08-28,2021-08-29
129,Dianren,Wei,113195,212195,"Rosemead, CA",,2507,2024-09-02,2538,2021-05-01,ACTIVE,ICC JOOLA SUMMER OPEN- 2021,2557.0,2551.0,2021-05-29,2021-05-30
129,Dianren,Wei,113195,212195,"Rosemead, CA",,2507,2024-09-02,2538,2021-05-01,ACTIVE,ICC Joola Spring Open 2021,2548.0,2557.0,2021-04-10,2021-04-11
129,Dianren,Wei,113195,212195,"Rosemead, CA",,2507,2024-09-02,2538,2021-05-01,ACTIVE,T2 CHALLENGE SEASON 2 SELECTION TRIALS AT ICC,2569.0,2542.0,2020-11-26,2020-11-27
129,Dianren,Wei,113195,212195,"Rosemead, CA",,2507,2024-09-02,2538,2021-05-01,ACTIVE,ICC Joola Fall Open 2020,2579.0,2569.0,2020-10-10,2020-10-11
129,Dianren,Wei,113195,212195,"Rosemead, CA",,2507,2024-09-02,2538,2021-05-01,ACTIVE,ICC JOOLA Spring Open 2020,2465.0,2579.0,2020-03-07,2020-03-08
129,Dianren,Wei,113195,212195,"Rosemead, CA",,2507,2024-09-02,2538,2021-05-01,ACTIVE,ICC Butterfly America Open - 2018,2511.0,2515.0,2018-05-06,2018-05-06
129,Dianren,Wei,113195,212195,"Rosemead, CA",,2507,2024-09-02,2538,2021-05-01,ACTIVE,ICC Butterfly California State Open,2574.0,2576.0,2016-12-02,2016-12-04
130,Sally,Moyland,5431,94880,"Fremont, CA",(TTA) Table Tennis America,2507,2024-05-31,2349,2024-03-10,ACTIVE,ICC JOOLA Fall Open 2021,2386.0,2369.0,2021-08-28,2021-08-29
131,Thilina,Piyadasa,40971,75317,"Fountain Valley, CA",Orange County Table Tennis Academy,2506,2018-11-25,2562,2011-11-19,ACTIVE,ICC California State Open,2551.0,2574.0,2009-05-10,
134,Sean,Lee,4285,24770,"Cupertino, CA",888 Table Tennis Center - San Jose,2503,2023-05-29,2256,2023-01-22,ACTIVE,ICC Northern CA Open,2390.0,2395.0,2007-07-22,
138,Jordan,Sun,7518,95198,"Milpitas, CA",,2500,2018-03-02,0,,ACTIVE,ICC California State Open,0.0,2500.0,2014-12-07,
140,Ye,Tian,7793,95248,"Sunnyvale, MA",,2498,2024-07-28,2571,2022-11-06,ACTIVE,ICC JOOLA Summer Open,2630.0,2630.0,2022-05-14,2022-05-15
140,Ye,Tian,7793,95248,"Sunnyvale, MA",,2498,2024-07-28,2571,2022-11-06,ACTIVE,ICC JOOLA Fall Open 2021,2556.0,2566.0,2021-08-28,2021-08-29
140,Ye,Tian,7793,95248,"Sunnyvale, MA",,2498,2024-07-28,2571,2022-11-06,ACTIVE,ICC JOOLA SUMMER OPEN- 2021,2528.0,2503.0,2021-05-29,2021-05-30
140,Ye,Tian,7793,95248,"Sunnyvale, MA",,2498,2024-07-28,2571,2022-11-06,ACTIVE,ICC Joola Spring Open 2021,2550.0,2544.0,2021-04-10,2021-04-11
140,Ye,Tian,7793,95248,"Sunnyvale, MA",,2498,2024-07-28,2571,2022-11-06,ACTIVE,T2 CHALLENGE SEASON 2 SELECTION TRIALS AT ICC,2537.0,2557.0,2020-11-26,2020-11-27
140,Ye,Tian,7793,95248,"Sunnyvale, MA",,2498,2024-07-28,2571,2022-11-06,ACTIVE,ICC Joola Fall Open 2020,2541.0,2539.0,2020-10-10,2020-10-11
140,Ye,Tian,7793,95248,"Sunnyvale, MA",,2498,2024-07-28,2571,2022-11-06,ACTIVE,ICC JOOLA Spring Open 2020,2561.0,2559.0,2020-03-07,2020-03-08
140,Ye,Tian,7793,95248,"Sunnyvale, MA",,2498,2024-07-28,2571,2022-11-06,ACTIVE,ICC JOOLA Winter Open,2589.0,2579.0,2019-11-08,2019-11-10
140,Ye,Tian,7793,95248,"Sunnyvale, MA",,2498,2024-07-28,2571,2022-11-06,ACTIVE,ICC JOOLA Fall Open,2578.0,2581.0,2019-09-08,2019-09-08
140,Ye,Tian,7793,95248,"Sunnyvale, MA",,2498,2024-07-28,2571,2022-11-06,ACTIVE,2018 ICC Butterfly America Open,2567.0,2578.0,2018-12-07,2018-12-09
140,Ye,Tian,7793,95248,"Sunnyvale, MA",,2498,2024-07-28,2571,2022-11-06,ACTIVE,ICC California State Open,0.0,2370.0,2014-12-07,
147,Fukuhara,Akio,178071,1178071,Saitama,,2494,2024-08-25,0,,ACTIVE,2024 ICC JOOLA Fall OPEN,2514.0,2494.0,2024-08-24,2024-08-25
147,Fukuhara,Akio,178071,1178071,Saitama,,2494,2024-08-25,0,,ACTIVE,2024 ICC JOOLA Summer OPEN,2441.0,2440.0,2024-05-04,2024-05-05
153,Youruo,Wu,53820,90353,"Milpitas, CA",,2489,2024-08-04,2065,2015-07-24,ACTIVE,ICC California State Open,1933.0,2032.0,2014-04-06,
153,Youruo,Wu,53820,90353,"Milpitas, CA",,2489,2024-08-04,2065,2015-07-24,ACTIVE,ICC CA State Open,1838.0,1813.0,2013-05-19,
153,Youruo,Wu,53820,90353,"Milpitas, CA",,2489,2024-08-04,2065,2015-07-24,ACTIVE,ICC CA State Open,0.0,1789.0,2013-02-17,
155,Dongheon,Lee,182766,281766,,,2485,2024-09-02,2365,2024-04-14,ACTIVE,2024 ICC JOOLA Summer OPEN,2557.0,2564.0,2024-05-04,2024-05-05
155,Dongheon,Lee,182766,281766,,,2485,2024-09-02,2365,2024-04-14,ACTIVE,2024 ICC JOOLA Spring OPEN,2619.0,2560.0,2024-03-02,2024-03-03
156,Parth,Virmani,182608,281608,"Milpitas, CA",ICC Table Tennis Center,2484,2023-12-21,2437,2024-02-24,ACTIVE,2023 ICC JOOLA Winter Open,0.0,2479.0,2023-12-02,2023-12-03
159,Soumyajit,Ghosh,22182,77108,,,2482,2023-12-21,2330,2023-11-25,ACTIVE,2023 ICC JOOLA Winter Open,2456.0,2479.0,2023-12-02,2023-12-03
159,Soumyajit,Ghosh,22182,77108,,,2482,2023-12-21,2330,2023-11-25,ACTIVE,2023 ICC JOOLA Autumn Open,2448.0,2456.0,2023-10-28,2023-10-29
167,Aziz,Zarehbin,8974,91906,"Oakland, CA",ICC Table Tennis Center,2472,2024-08-04,2389,2024-01-07,ACTIVE,2024 ICC JOOLA Spring OPEN,2481.0,2415.0,2024-03-02,2024-03-03
167,Aziz,Zarehbin,8974,91906,"Oakland, CA",ICC Table Tennis Center,2472,2024-08-04,2389,2024-01-07,ACTIVE,2023 ICC JOOLA Winter Open,2316.0,2340.0,2023-12-02,2023-12-03
167,Aziz,Zarehbin,8974,91906,"Oakland, CA",ICC Table Tennis Center,2472,2024-08-04,2389,2024-01-07,ACTIVE,2023 ICC JOOLA Autumn Open,2376.0,2325.0,2023-10-28,2023-10-29
167,Aziz,Zarehbin,8974,91906,"Oakland, CA",ICC Table Tennis Center,2472,2024-08-04,2389,2024-01-07,ACTIVE,ICC JOOLA Summer Open,2415.0,2387.0,2023-05-06,2023-05-07
167,Aziz,Zarehbin,8974,91906,"Oakland, CA",ICC Table Tennis Center,2472,2024-08-04,2389,2024-01-07,ACTIVE,ICC JOOLA Spring Open,2392.0,2371.0,2023-03-04,2023-03-05
167,Aziz,Zarehbin,8974,91906,"Oakland, CA",ICC Table Tennis Center,2472,2024-08-04,2389,2024-01-07,ACTIVE,ICC JOOLA Autumn Open,2352.0,2345.0,2022-10-15,2022-10-16
167,Aziz,Zarehbin,8974,91906,"Oakland, CA",ICC Table Tennis Center,2472,2024-08-04,2389,2024-01-07,ACTIVE,ICC JOOLA Fall Open,2370.0,2352.0,2022-09-10,2022-09-11
167,Aziz,Zarehbin,8974,91906,"Oakland, CA",ICC Table Tennis Center,2472,2024-08-04,2389,2024-01-07,ACTIVE,ICC JOOLA Spring Open 2022,2411.0,2420.0,2022-03-19,2022-03-20
167,Aziz,Zarehbin,8974,91906,"Oakland, CA",ICC Table Tennis Center,2472,2024-08-04,2389,2024-01-07,ACTIVE,ICC JOOLA Winter Open 2021,2470.0,2462.0,2021-11-13,2021-11-14
167,Aziz,Zarehbin,8974,91906,"Oakland, CA",ICC Table Tennis Center,2472,2024-08-04,2389,2024-01-07,ACTIVE,ICC JOOLA Fall Open 2021,2504.0,2474.0,2021-08-28,2021-08-29
167,Aziz,Zarehbin,8974,91906,"Oakland, CA",ICC Table Tennis Center,2472,2024-08-04,2389,2024-01-07,ACTIVE,ICC JOOLA SUMMER OPEN- 2021,2394.0,2442.0,2021-05-29,2021-05-30
167,Aziz,Zarehbin,8974,91906,"Oakland, CA",ICC Table Tennis Center,2472,2024-08-04,2389,2024-01-07,ACTIVE,ICC Joola Spring Open 2021,2384.0,2394.0,2021-04-10,2021-04-11
167,Aziz,Zarehbin,8974,91906,"Oakland, CA",ICC Table Tennis Center,2472,2024-08-04,2389,2024-01-07,ACTIVE,T2 CHALLENGE SEASON 2 SELECTION TRIALS AT ICC,2376.0,2384.0,2020-11-26,2020-11-27
167,Aziz,Zarehbin,8974,91906,"Oakland, CA",ICC Table Tennis Center,2472,2024-08-04,2389,2024-01-07,ACTIVE,ICC Joola Fall Open 2020,2381.0,2376.0,2020-10-10,2020-10-11
167,Aziz,Zarehbin,8974,91906,"Oakland, CA",ICC Table Tennis Center,2472,2024-08-04,2389,2024-01-07,ACTIVE,ICC JOOLA Spring Open 2020,2331.0,2388.0,2020-03-07,2020-03-08
167,Aziz,Zarehbin,8974,91906,"Oakland, CA",ICC Table Tennis Center,2472,2024-08-04,2389,2024-01-07,ACTIVE,ICC JOOLA Winter Open,2239.0,2432.0,2019-11-08,2019-11-10
167,Aziz,Zarehbin,8974,91906,"Oakland, CA",ICC Table Tennis Center,2472,2024-08-04,2389,2024-01-07,ACTIVE,ICC JOOLA Fall Open,2355.0,2359.0,2019-09-08,2019-09-08
167,Aziz,Zarehbin,8974,91906,"Oakland, CA",ICC Table Tennis Center,2472,2024-08-04,2389,2024-01-07,ACTIVE,ICC Butterfly America Open - 2018,2282.0,2262.0,2018-05-06,2018-05-06
167,Aziz,Zarehbin,8974,91906,"Oakland, CA",ICC Table Tennis Center,2472,2024-08-04,2389,2024-01-07,ACTIVE,ICC Butterfly California State Open,2174.0,2139.0,2016-12-02,2016-12-04
167,Aziz,Zarehbin,8974,91906,"Oakland, CA",ICC Table Tennis Center,2472,2024-08-04,2389,2024-01-07,ACTIVE,ICC Hopes Qualification Tournament,2068.0,2045.0,2016-03-05,2016-03-05
167,Aziz,Zarehbin,8974,91906,"Oakland, CA",ICC Table Tennis Center,2472,2024-08-04,2389,2024-01-07,ACTIVE,ICC STIGA California Open,1767.0,1784.0,2015-12-06,
167,Aziz,Zarehbin,8974,91906,"Oakland, CA",ICC Table Tennis Center,2472,2024-08-04,2389,2024-01-07,ACTIVE,ICC California State Open,240.0,255.0,2014-12-07,
167,Aziz,Zarehbin,8974,91906,"Oakland, CA",ICC Table Tennis Center,2472,2024-08-04,2389,2024-01-07,ACTIVE,ICC California State Open,129.0,146.0,2014-04-06,
167,Aziz,Zarehbin,8974,91906,"Oakland, CA",ICC Table Tennis Center,2472,2024-08-04,2389,2024-01-07,ACTIVE,ICC CA State Open,133.0,117.0,2013-12-08,
170,Zexuan,Wang,94278,81393,"Seattle, WA",,2466,2024-09-08,2488,2024-08-31,ACTIVE,2024 ICC JOOLA Spring OPEN,2445.0,2462.0,2024-03-02,2024-03-03
172,Won,Bae,182328,281328,,888 Table Tennis Center,2465,2024-08-04,2488,2024-04-07,ACTIVE,2024 ICC JOOLA Summer OPEN,2575.0,2580.0,2024-05-04,2024-05-05
172,Won,Bae,182328,281328,,888 Table Tennis Center,2465,2024-08-04,2488,2024-04-07,ACTIVE,2024 ICC JOOLA Spring OPEN,2515.0,2543.0,2024-03-02,2024-03-03
173,Lalrin,Puia,94731,85715,"Milpitas, CA",ICC Table Tennis Center,2462,2024-08-25,2351,2024-09-07,ACTIVE,2024 ICC JOOLA Fall OPEN,2424.0,2462.0,2024-08-24,2024-08-25
173,Lalrin,Puia,94731,85715,"Milpitas, CA",ICC Table Tennis Center,2462,2024-08-25,2351,2024-09-07,ACTIVE,2024 ICC JOOLA Summer OPEN,2334.0,2424.0,2024-05-04,2024-05-05
176,Kiranjoy,Pushilal,41689,91136,"Milpitas, CA",,2461,2024-08-25,2353,2024-07-27,ACTIVE,2024 ICC JOOLA Fall OPEN,2466.0,2461.0,2024-08-24,2024-08-25
176,Kiranjoy,Pushilal,41689,91136,"Milpitas, CA",,2461,2024-08-25,2353,2024-07-27,ACTIVE,2024 ICC JOOLA Summer OPEN,2459.0,2457.0,2024-05-04,2024-05-05
176,Kiranjoy,Pushilal,41689,91136,"Milpitas, CA",,2461,2024-08-25,2353,2024-07-27,ACTIVE,2023 ICC JOOLA Winter Open,2463.0,2424.0,2023-12-02,2023-12-03
176,Kiranjoy,Pushilal,41689,91136,"Milpitas, CA",,2461,2024-08-25,2353,2024-07-27,ACTIVE,2023 ICC JOOLA Autumn Open,2477.0,2463.0,2023-10-28,2023-10-29
176,Kiranjoy,Pushilal,41689,91136,"Milpitas, CA",,2461,2024-08-25,2353,2024-07-27,ACTIVE,ICC JOOLA Fall Open,2495.0,2477.0,2023-08-26,2023-08-27
176,Kiranjoy,Pushilal,41689,91136,"Milpitas, CA",,2461,2024-08-25,2353,2024-07-27,ACTIVE,ICC JOOLA Summer Open,2454.0,2487.0,2023-05-06,2023-05-07
176,Kiranjoy,Pushilal,41689,91136,"Milpitas, CA",,2461,2024-08-25,2353,2024-07-27,ACTIVE,ICC JOOLA Summer Open,2498.0,2487.0,2022-05-14,2022-05-15
176,Kiranjoy,Pushilal,41689,91136,"Milpitas, CA",,2461,2024-08-25,2353,2024-07-27,ACTIVE,ICC JOOLA Spring Open 2022,2221.0,2251.0,2022-03-19,2022-03-20
176,Kiranjoy,Pushilal,41689,91136,"Milpitas, CA",,2461,2024-08-25,2353,2024-07-27,ACTIVE,ICC CA State Open,0.0,2221.0,2013-05-19,
183,Shivansh,Kumar,30267,72381,"Fremont, CA",,2455,2018-03-02,2169,2024-02-19,ACTIVE,ICC CA State Open,2371.0,2369.0,2013-12-08,
183,Shivansh,Kumar,30267,72381,"Fremont, CA",,2455,2018-03-02,2169,2024-02-19,ACTIVE,ICC CA State Open,2264.0,2289.0,2013-05-19,
183,Shivansh,Kumar,30267,72381,"Fremont, CA",,2455,2018-03-02,2169,2024-02-19,ACTIVE,ICC CA State Open,2273.0,2284.0,2013-02-17,
183,Shivansh,Kumar,30267,72381,"Fremont, CA",,2455,2018-03-02,2169,2024-02-19,ACTIVE,ICC CA State Open,2243.0,2254.0,2011-12-04,
183,Shivansh,Kumar,30267,72381,"Fremont, CA",,2455,2018-03-02,2169,2024-02-19,ACTIVE,ICC CA State Open,2107.0,2148.0,2011-06-05,
183,Shivansh,Kumar,30267,72381,"Fremont, CA",,2455,2018-03-02,2169,2024-02-19,ACTIVE,ICC CA State Open,2079.0,2107.0,2011-03-20,
183,Shivansh,Kumar,30267,72381,"Fremont, CA",,2455,2018-03-02,2169,2024-02-19,ACTIVE,ICC CA State Open,2003.0,2038.0,2010-12-05,
183,Shivansh,Kumar,30267,72381,"Fremont, CA",,2455,2018-03-02,2169,2024-02-19,ACTIVE,ICC CA State Open,1843.0,1843.0,2010-05-02,
183,Shivansh,Kumar,30267,72381,"Fremont, CA",,2455,2018-03-02,2169,2024-02-19,ACTIVE,ICC California State Open,1780.0,1796.0,2009-12-06,
183,Shivansh,Kumar,30267,72381,"Fremont, CA",,2455,2018-03-02,2169,2024-02-19,ACTIVE,ICC California State Open,1704.0,1727.0,2009-05-10,
183,Shivansh,Kumar,30267,72381,"Fremont, CA",,2455,2018-03-02,2169,2024-02-19,ACTIVE,ICC California State Open,1706.0,1704.0,2009-03-01,
183,Shivansh,Kumar,30267,72381,"Fremont, CA",,2455,2018-03-02,2169,2024-02-19,ACTIVE,ICC California State Open,1634.0,1683.0,2008-12-06,
183,Shivansh,Kumar,30267,72381,"Fremont, CA",,2455,2018-03-02,2169,2024-02-19,ACTIVE,ICC Northern CA Open,329.0,481.0,2007-07-22,
184,Timothy,Wang,8312,18537,"castle pines, CO",Mile High Table Tennis Academy,2455,2024-04-28,2405,2020-02-22,ACTIVE,ICC Joola Spring Open 2021,2499.0,2494.0,2021-04-10,2021-04-11
184,Timothy,Wang,8312,18537,"castle pines, CO",Mile High Table Tennis Academy,2455,2024-04-28,2405,2020-02-22,ACTIVE,ICC California State Open,2648.0,2643.0,2014-12-07,
184,Timothy,Wang,8312,18537,"castle pines, CO",Mile High Table Tennis Academy,2455,2024-04-28,2405,2020-02-22,ACTIVE,ICC California State Open,2636.0,2615.0,2014-04-06,
184,Timothy,Wang,8312,18537,"castle pines, CO",Mile High Table Tennis Academy,2455,2024-04-28,2405,2020-02-22,ACTIVE,ICC CA State Open,2620.0,2570.0,2013-12-08,
184,Timothy,Wang,8312,18537,"castle pines, CO",Mile High Table Tennis Academy,2455,2024-04-28,2405,2020-02-22,ACTIVE,ICC CA State Open,2628.0,2628.0,2013-02-17,
184,Timothy,Wang,8312,18537,"castle pines, CO",Mile High Table Tennis Academy,2455,2024-04-28,2405,2020-02-22,ACTIVE,ICC California State Open,2601.0,2585.0,2012-12-09,
184,Timothy,Wang,8312,18537,"castle pines, CO",Mile High Table Tennis Academy,2455,2024-04-28,2405,2020-02-22,ACTIVE,ICC CA State Open,2543.0,2546.0,2010-12-05,
184,Timothy,Wang,8312,18537,"castle pines, CO",Mile High Table Tennis Academy,2455,2024-04-28,2405,2020-02-22,ACTIVE,ICC CA State Open,2459.0,2492.0,2010-05-02,
186,Angela,Guan,2664,77760,"San Jose, CA",Silicon Valley Table Tennis Club (SVTTC),2454,2024-09-02,2383,2020-02-23,ACTIVE,ICC CA State Open,2242.0,2214.0,2013-05-19,
186,Angela,Guan,2664,77760,"San Jose, CA",Silicon Valley Table Tennis Club (SVTTC),2454,2024-09-02,2383,2020-02-23,ACTIVE,ICC California State Open,2133.0,2127.0,2012-05-27,
186,Angela,Guan,2664,77760,"San Jose, CA",Silicon Valley Table Tennis Club (SVTTC),2454,2024-09-02,2383,2020-02-23,ACTIVE,ICC California State Open,2095.0,2133.0,2012-03-18,
186,Angela,Guan,2664,77760,"San Jose, CA",Silicon Valley Table Tennis Club (SVTTC),2454,2024-09-02,2383,2020-02-23,ACTIVE,ICC CA State Open,1445.0,1674.0,2011-03-20,
186,Angela,Guan,2664,77760,"San Jose, CA",Silicon Valley Table Tennis Club (SVTTC),2454,2024-09-02,2383,2020-02-23,ACTIVE,ICC CA State Open,1245.0,1215.0,2010-12-05,
187,Boliang,Lyu,116368,215368,"Pleasanton, CA",Micro Motion Table Tennis Academy,2454,2022-08-14,0,,ACTIVE,T2 CHALLENGE SEASON 2 SELECTION TRIALS AT ICC,2315.0,2505.0,2020-11-26,2020-11-27
187,Boliang,Lyu,116368,215368,"Pleasanton, CA",Micro Motion Table Tennis Academy,2454,2022-08-14,0,,ACTIVE,ICC JOOLA Winter Open,2369.0,2363.0,2019-11-08,2019-11-10
187,Boliang,Lyu,116368,215368,"Pleasanton, CA",Micro Motion Table Tennis Academy,2454,2022-08-14,0,,ACTIVE,ICC JOOLA Fall Open,2375.0,2369.0,2019-09-08,2019-09-08
195,Aditya,Godhwani,2474,82768,"Fremont, CA",(TTA) Table Tennis America,2446,2024-07-07,2308,2024-08-25,ACTIVE,ICC JOOLA Winter Open,2415.0,2414.0,2022-12-03,2022-12-04
195,Aditya,Godhwani,2474,82768,"Fremont, CA",(TTA) Table Tennis America,2446,2024-07-07,2308,2024-08-25,ACTIVE,ICC JOOLA Spring Open 2022,2426.0,2411.0,2022-03-19,2022-03-20
195,Aditya,Godhwani,2474,82768,"Fremont, CA",(TTA) Table Tennis America,2446,2024-07-07,2308,2024-08-25,ACTIVE,ICC JOOLA SUMMER OPEN- 2021,2438.0,2425.0,2021-05-29,2021-05-30
195,Aditya,Godhwani,2474,82768,"Fremont, CA",(TTA) Table Tennis America,2446,2024-07-07,2308,2024-08-25,ACTIVE,ICC Joola Spring Open 2021,2533.0,2523.0,2021-04-10,2021-04-11
195,Aditya,Godhwani,2474,82768,"Fremont, CA",(TTA) Table Tennis America,2446,2024-07-07,2308,2024-08-25,ACTIVE,T2 CHALLENGE SEASON 2 SELECTION TRIALS AT ICC,2560.0,2533.0,2020-11-26,2020-11-27
195,Aditya,Godhwani,2474,82768,"Fremont, CA",(TTA) Table Tennis America,2446,2024-07-07,2308,2024-08-25,ACTIVE,ICC Joola Fall Open 2020,2556.0,2560.0,2020-10-10,2020-10-11
195,Aditya,Godhwani,2474,82768,"Fremont, CA",(TTA) Table Tennis America,2446,2024-07-07,2308,2024-08-25,ACTIVE,ICC JOOLA Winter Open,2383.0,2395.0,2019-11-08,2019-11-10
195,Aditya,Godhwani,2474,82768,"Fremont, CA",(TTA) Table Tennis America,2446,2024-07-07,2308,2024-08-25,ACTIVE,ICC Butterfly Winter Open,2338.0,2337.0,2019-02-24,2019-02-24
195,Aditya,Godhwani,2474,82768,"Fremont, CA",(TTA) Table Tennis America,2446,2024-07-07,2308,2024-08-25,ACTIVE,2018 ICC Butterfly America Open,2304.0,2317.0,2018-12-07,2018-12-09
195,Aditya,Godhwani,2474,82768,"Fremont, CA",(TTA) Table Tennis America,2446,2024-07-07,2308,2024-08-25,ACTIVE,ICC Butterfly America Open - 2018,2294.0,2299.0,2018-05-06,2018-05-06
195,Aditya,Godhwani,2474,82768,"Fremont, CA",(TTA) Table Tennis America,2446,2024-07-07,2308,2024-08-25,ACTIVE,ICC Butterfly California State Open,2315.0,2249.0,2016-12-02,2016-12-04
195,Aditya,Godhwani,2474,82768,"Fremont, CA",(TTA) Table Tennis America,2446,2024-07-07,2308,2024-08-25,ACTIVE,ICC STIGA California Open,2145.0,2263.0,2015-12-06,
195,Aditya,Godhwani,2474,82768,"Fremont, CA",(TTA) Table Tennis America,2446,2024-07-07,2308,2024-08-25,ACTIVE,ICC STIGA California Open,2198.0,2207.0,2015-05-03,
195,Aditya,Godhwani,2474,82768,"Fremont, CA",(TTA) Table Tennis America,2446,2024-07-07,2308,2024-08-25,ACTIVE,ICC California State Open,1962.0,2150.0,2014-12-07,
195,Aditya,Godhwani,2474,82768,"Fremont, CA",(TTA) Table Tennis America,2446,2024-07-07,2308,2024-08-25,ACTIVE,ICC California State Open,1840.0,1879.0,2014-04-06,
195,Aditya,Godhwani,2474,82768,"Fremont, CA",(TTA) Table Tennis America,2446,2024-07-07,2308,2024-08-25,ACTIVE,ICC CA State Open,1751.0,1724.0,2013-12-08,
195,Aditya,Godhwani,2474,82768,"Fremont, CA",(TTA) Table Tennis America,2446,2024-07-07,2308,2024-08-25,ACTIVE,ICC CA State Open,1319.0,1357.0,2013-05-19,
195,Aditya,Godhwani,2474,82768,"Fremont, CA",(TTA) Table Tennis America,2446,2024-07-07,2308,2024-08-25,ACTIVE,ICC California State Open,862.0,904.0,2012-12-09,
195,Aditya,Godhwani,2474,82768,"Fremont, CA",(TTA) Table Tennis America,2446,2024-07-07,2308,2024-08-25,ACTIVE,ICC California State Open,315.0,362.0,2012-05-27,
195,Aditya,Godhwani,2474,82768,"Fremont, CA",(TTA) Table Tennis America,2446,2024-07-07,2308,2024-08-25,ACTIVE,ICC California State Open,236.0,315.0,2012-03-18,
195,Aditya,Godhwani,2474,82768,"Fremont, CA",(TTA) Table Tennis America,2446,2024-07-07,2308,2024-08-25,ACTIVE,ICC CA State Open,97.0,236.0,2011-12-04,
195,Aditya,Godhwani,2474,82768,"Fremont, CA",(TTA) Table Tennis America,2446,2024-07-07,2308,2024-08-25,ACTIVE,ICC CA State Open,72.0,77.0,2011-06-05,
195,Aditya,Godhwani,2474,82768,"Fremont, CA",(TTA) Table Tennis America,2446,2024-07-07,2308,2024-08-25,ACTIVE,ICC CA State Open,91.0,72.0,2011-03-20,
195,Aditya,Godhwani,2474,82768,"Fremont, CA",(TTA) Table Tennis America,2446,2024-07-07,2308,2024-08-25,ACTIVE,ICC CA State Open,90.0,91.0,2010-12-05,
195,Aditya,Godhwani,2474,82768,"Fremont, CA",(TTA) Table Tennis America,2446,2024-07-07,2308,2024-08-25,ACTIVE,ICC CA State Open,0.0,90.0,2010-05-02,
196,Bryant,Lin,4525,82782,"Alameda, CA",Alameda Table Tennis Club (ATTC),2445,2024-09-02,2365,2024-06-09,ACTIVE,2024 ICC JOOLA Spring OPEN,2456.0,2441.0,2024-03-02,2024-03-03
196,Bryant,Lin,4525,82782,"Alameda, CA",Alameda Table Tennis Club (ATTC),2445,2024-09-02,2365,2024-06-09,ACTIVE,2023 ICC JOOLA Winter Open,2427.0,2423.0,2023-12-02,2023-12-03
196,Bryant,Lin,4525,82782,"Alameda, CA",Alameda Table Tennis Club (ATTC),2445,2024-09-02,2365,2024-06-09,ACTIVE,ICC JOOLA Fall Open,2435.0,2432.0,2023-08-26,2023-08-27
196,Bryant,Lin,4525,82782,"Alameda, CA",Alameda Table Tennis Club (ATTC),2445,2024-09-02,2365,2024-06-09,ACTIVE,ICC JOOLA Fall Open 2021,2336.0,2290.0,2021-08-28,2021-08-29
196,Bryant,Lin,4525,82782,"Alameda, CA",Alameda Table Tennis Club (ATTC),2445,2024-09-02,2365,2024-06-09,ACTIVE,ICC STIGA California Open,2366.0,2470.0,2015-05-03,
196,Bryant,Lin,4525,82782,"Alameda, CA",Alameda Table Tennis Club (ATTC),2445,2024-09-02,2365,2024-06-09,ACTIVE,ICC CA State Open,2415.0,2363.0,2013-12-08,
196,Bryant,Lin,4525,82782,"Alameda, CA",Alameda Table Tennis Club (ATTC),2445,2024-09-02,2365,2024-06-09,ACTIVE,ICC CA State Open,2365.0,2339.0,2013-05-19,
196,Bryant,Lin,4525,82782,"Alameda, CA",Alameda Table Tennis Club (ATTC),2445,2024-09-02,2365,2024-06-09,ACTIVE,ICC CA State Open,2251.0,2367.0,2013-02-17,
196,Bryant,Lin,4525,82782,"Alameda, CA",Alameda Table Tennis Club (ATTC),2445,2024-09-02,2365,2024-06-09,ACTIVE,ICC California State Open,2198.0,2203.0,2012-12-09,
196,Bryant,Lin,4525,82782,"Alameda, CA",Alameda Table Tennis Club (ATTC),2445,2024-09-02,2365,2024-06-09,ACTIVE,ICC California State Open,2228.0,2144.0,2012-05-27,
196,Bryant,Lin,4525,82782,"Alameda, CA",Alameda Table Tennis Club (ATTC),2445,2024-09-02,2365,2024-06-09,ACTIVE,ICC California State Open,2247.0,2251.0,2012-03-18,
196,Bryant,Lin,4525,82782,"Alameda, CA",Alameda Table Tennis Club (ATTC),2445,2024-09-02,2365,2024-06-09,ACTIVE,ICC CA State Open,2110.0,2140.0,2011-12-04,
196,Bryant,Lin,4525,82782,"Alameda, CA",Alameda Table Tennis Club (ATTC),2445,2024-09-02,2365,2024-06-09,ACTIVE,ICC CA State Open,1933.0,1929.0,2011-06-05,
196,Bryant,Lin,4525,82782,"Alameda, CA",Alameda Table Tennis Club (ATTC),2445,2024-09-02,2365,2024-06-09,ACTIVE,ICC CA State Open,1644.0,1663.0,2011-03-20,
196,Bryant,Lin,4525,82782,"Alameda, CA",Alameda Table Tennis Club (ATTC),2445,2024-09-02,2365,2024-06-09,ACTIVE,ICC CA State Open,1620.0,1591.0,2010-12-05,
196,Bryant,Lin,4525,82782,"Alameda, CA",Alameda Table Tennis Club (ATTC),2445,2024-09-02,2365,2024-06-09,ACTIVE,ICC CA State Open,0.0,590.0,2010-05-02,
200,Krishnateja,Avvari,318,72387,"Fremont, CA",ICC Table Tennis Center,2441,2024-07-28,2382,2024-03-09,ACTIVE,2024 ICC JOOLA Summer OPEN,2450.0,2436.0,2024-05-04,2024-05-05
200,Krishnateja,Avvari,318,72387,"Fremont, CA",ICC Table Tennis Center,2441,2024-07-28,2382,2024-03-09,ACTIVE,2024 ICC JOOLA Spring OPEN,2428.0,2450.0,2024-03-02,2024-03-03
200,Krishnateja,Avvari,318,72387,"Fremont, CA",ICC Table Tennis Center,2441,2024-07-28,2382,2024-03-09,ACTIVE,ICC JOOLA Fall Open,2447.0,2428.0,2023-08-26,2023-08-27
200,Krishnateja,Avvari,318,72387,"Fremont, CA",ICC Table Tennis Center,2441,2024-07-28,2382,2024-03-09,ACTIVE,ICC JOOLA Winter Open,2490.0,2507.0,2022-12-03,2022-12-04
200,Krishnateja,Avvari,318,72387,"Fremont, CA",ICC Table Tennis Center,2441,2024-07-28,2382,2024-03-09,ACTIVE,ICC JOOLA Spring Open 2022,2571.0,2551.0,2022-03-19,2022-03-20
200,Krishnateja,Avvari,318,72387,"Fremont, CA",ICC Table Tennis Center,2441,2024-07-28,2382,2024-03-09,ACTIVE,ICC JOOLA Winter Open 2021,2452.0,2484.0,2021-11-13,2021-11-14
200,Krishnateja,Avvari,318,72387,"Fremont, CA",ICC Table Tennis Center,2441,2024-07-28,2382,2024-03-09,ACTIVE,ICC Butterfly America Open - 2018,2573.0,2570.0,2018-05-06,2018-05-06
200,Krishnateja,Avvari,318,72387,"Fremont, CA",ICC Table Tennis Center,2441,2024-07-28,2382,2024-03-09,ACTIVE,ICC Butterfly California State Open,2613.0,2610.0,2016-12-02,2016-12-04
200,Krishnateja,Avvari,318,72387,"Fremont, CA",ICC Table Tennis Center,2441,2024-07-28,2382,2024-03-09,ACTIVE,ICC STIGA California Open,2536.0,2538.0,2015-05-03,
200,Krishnateja,Avvari,318,72387,"Fremont, CA",ICC Table Tennis Center,2441,2024-07-28,2382,2024-03-09,ACTIVE,ICC CA State Open,2442.0,2461.0,2013-12-08,
200,Krishnateja,Avvari,318,72387,"Fremont, CA",ICC Table Tennis Center,2441,2024-07-28,2382,2024-03-09,ACTIVE,ICC CA State Open,2436.0,2441.0,2013-02-17,
200,Krishnateja,Avvari,318,72387,"Fremont, CA",ICC Table Tennis Center,2441,2024-07-28,2382,2024-03-09,ACTIVE,ICC California State Open,2356.0,2362.0,2012-12-09,
200,Krishnateja,Avvari,318,72387,"Fremont, CA",ICC Table Tennis Center,2441,2024-07-28,2382,2024-03-09,ACTIVE,ICC California State Open,2265.0,2314.0,2012-03-18,
200,Krishnateja,Avvari,318,72387,"Fremont, CA",ICC Table Tennis Center,2441,2024-07-28,2382,2024-03-09,ACTIVE,ICC CA State Open,2285.0,2300.0,2011-12-04,
200,Krishnateja,Avvari,318,72387,"Fremont, CA",ICC Table Tennis Center,2441,2024-07-28,2382,2024-03-09,ACTIVE,ICC CA State Open,2220.0,2221.0,2011-06-05,
200,Krishnateja,Avvari,318,72387,"Fremont, CA",ICC Table Tennis Center,2441,2024-07-28,2382,2024-03-09,ACTIVE,ICC CA State Open,2213.0,2202.0,2011-03-20,
200,Krishnateja,Avvari,318,72387,"Fremont, CA",ICC Table Tennis Center,2441,2024-07-28,2382,2024-03-09,ACTIVE,ICC CA State Open,2175.0,2246.0,2010-12-05,
200,Krishnateja,Avvari,318,72387,"Fremont, CA",ICC Table Tennis Center,2441,2024-07-28,2382,2024-03-09,ACTIVE,ICC CA State Open,2103.0,2078.0,2010-05-02,
200,Krishnateja,Avvari,318,72387,"Fremont, CA",ICC Table Tennis Center,2441,2024-07-28,2382,2024-03-09,ACTIVE,ICC CA State Open,2061.0,2103.0,2010-02-28,
200,Krishnateja,Avvari,318,72387,"Fremont, CA",ICC Table Tennis Center,2441,2024-07-28,2382,2024-03-09,ACTIVE,ICC California State Open,1738.0,1941.0,2009-12-06,
200,Krishnateja,Avvari,318,72387,"Fremont, CA",ICC Table Tennis Center,2441,2024-07-28,2382,2024-03-09,ACTIVE,ICC California State Open,1567.0,1768.0,2009-05-10,
200,Krishnateja,Avvari,318,72387,"Fremont, CA",ICC Table Tennis Center,2441,2024-07-28,2382,2024-03-09,ACTIVE,ICC California State Open,1545.0,1567.0,2009-03-01,
200,Krishnateja,Avvari,318,72387,"Fremont, CA",ICC Table Tennis Center,2441,2024-07-28,2382,2024-03-09,ACTIVE,ICC California State Open,1473.0,1461.0,2008-12-06,
200,Krishnateja,Avvari,318,72387,"Fremont, CA",ICC Table Tennis Center,2441,2024-07-28,2382,2024-03-09,ACTIVE,ICC Northern CA Open,284.0,351.0,2007-07-22,
204,Xi,Guo,2706,70957,"Union City, CA",Pong Planet,2435,2018-03-02,2419,2009-11-01,ACTIVE,ICC Northern CA Open,2505.0,2497.0,2007-07-22,
206,Yue,Li,122414,221414,CA,ICC Table Tennis Center,2434,2022-12-04,2390,2021-12-11,ACTIVE,ICC JOOLA Winter Open,2434.0,2434.0,2022-12-03,2022-12-04
206,Yue,Li,122414,221414,CA,ICC Table Tennis Center,2434,2022-12-04,2390,2021-12-11,ACTIVE,ICC JOOLA Summer Open,2416.0,2416.0,2022-05-14,2022-05-15
206,Yue,Li,122414,221414,CA,ICC Table Tennis Center,2434,2022-12-04,2390,2021-12-11,ACTIVE,ICC JOOLA Winter Open 2021,2431.0,2421.0,2021-11-13,2021-11-14
206,Yue,Li,122414,221414,CA,ICC Table Tennis Center,2434,2022-12-04,2390,2021-12-11,ACTIVE,ICC JOOLA SUMMER OPEN- 2021,2444.0,2431.0,2021-05-29,2021-05-30
206,Yue,Li,122414,221414,CA,ICC Table Tennis Center,2434,2022-12-04,2390,2021-12-11,ACTIVE,ICC Joola Spring Open 2021,2444.0,2444.0,2021-04-10,2021-04-11
206,Yue,Li,122414,221414,CA,ICC Table Tennis Center,2434,2022-12-04,2390,2021-12-11,ACTIVE,T2 CHALLENGE SEASON 2 SELECTION TRIALS AT ICC,2438.0,2444.0,2020-11-26,2020-11-27
206,Yue,Li,122414,221414,CA,ICC Table Tennis Center,2434,2022-12-04,2390,2021-12-11,ACTIVE,ICC Joola Fall Open 2020,2441.0,2438.0,2020-10-10,2020-10-11
206,Yue,Li,122414,221414,CA,ICC Table Tennis Center,2434,2022-12-04,2390,2021-12-11,ACTIVE,ICC JOOLA Spring Open 2020,2437.0,2441.0,2020-03-07,2020-03-08
206,Yue,Li,122414,221414,CA,ICC Table Tennis Center,2434,2022-12-04,2390,2021-12-11,ACTIVE,ICC JOOLA Winter Open,2461.0,2445.0,2019-11-08,2019-11-10
206,Yue,Li,122414,221414,CA,ICC Table Tennis Center,2434,2022-12-04,2390,2021-12-11,ACTIVE,ICC JOOLA Fall Open,2465.0,2461.0,2019-09-08,2019-09-08
206,Yue,Li,122414,221414,CA,ICC Table Tennis Center,2434,2022-12-04,2390,2021-12-11,ACTIVE,ICC Joola Spring Open,2472.0,2465.0,2019-05-12,2019-05-12
207,Tibor,Bednar,11708,85455,"Mountain View, CA",,2434,2024-08-11,2395,2011-05-21,ACTIVE,ICC CA State Open,2110.0,2306.0,2011-06-05,
208,Takato,Tsuchiya,173539,1173539,Northridge,,2434,2024-08-25,0,,ACTIVE,2024 ICC JOOLA Fall OPEN,2410.0,2434.0,2024-08-24,2024-08-25
209,Leo,Huang,26178,93127,"San Leandro, CA",,2433,2023-12-21,2302,2023-11-12,ACTIVE,ICC JOOLA Fall Open,2450.0,2454.0,2023-08-26,2023-08-27
209,Leo,Huang,26178,93127,"San Leandro, CA",,2433,2023-12-21,2302,2023-11-12,ACTIVE,ICC JOOLA Spring Open 2022,2375.0,2308.0,2022-03-19,2022-03-20
209,Leo,Huang,26178,93127,"San Leandro, CA",,2433,2023-12-21,2302,2023-11-12,ACTIVE,2018 ICC Butterfly America Open,2321.0,2334.0,2018-12-07,2018-12-09
209,Leo,Huang,26178,93127,"San Leandro, CA",,2433,2023-12-21,2302,2023-11-12,ACTIVE,ICC Butterfly America Open - 2018,2290.0,2296.0,2018-05-06,2018-05-06
210,Earl James,Alto,154,22497,"San Diego, CA",Learning Tree Table Tennis Club,2431,2024-08-25,2404,2024-07-19,ACTIVE,ICC CA State Open,2364.0,2365.0,2011-06-05,
210,Earl James,Alto,154,22497,"San Diego, CA",Learning Tree Table Tennis Club,2431,2024-08-25,2404,2024-07-19,ACTIVE,ICC CA State Open,2237.0,2239.0,2010-05-02,
215,Shuja,Jafar,3383,59942,"Union City, CA",Silicon Valley Table Tennis Club (SVTTC),2428,2018-05-31,2008,2024-07-20,ACTIVE,ICC Butterfly America Open - 2018,2132.0,2170.0,2018-05-06,2018-05-06
215,Shuja,Jafar,3383,59942,"Union City, CA",Silicon Valley Table Tennis Club (SVTTC),2428,2018-05-31,2008,2024-07-20,ACTIVE,ICC Butterfly California State Open,2239.0,2213.0,2016-12-02,2016-12-04
215,Shuja,Jafar,3383,59942,"Union City, CA",Silicon Valley Table Tennis Club (SVTTC),2428,2018-05-31,2008,2024-07-20,ACTIVE,ICC STIGA California Open,2312.0,2312.0,2015-12-06,
215,Shuja,Jafar,3383,59942,"Union City, CA",Silicon Valley Table Tennis Club (SVTTC),2428,2018-05-31,2008,2024-07-20,ACTIVE,ICC CA State Open,2319.0,2367.0,2013-12-08,
215,Shuja,Jafar,3383,59942,"Union City, CA",Silicon Valley Table Tennis Club (SVTTC),2428,2018-05-31,2008,2024-07-20,ACTIVE,ICC California State Open,2270.0,2245.0,2012-05-27,
215,Shuja,Jafar,3383,59942,"Union City, CA",Silicon Valley Table Tennis Club (SVTTC),2428,2018-05-31,2008,2024-07-20,ACTIVE,ICC CA State Open,2304.0,2302.0,2011-12-04,
218,Xianyao,He,104271,203271,"San Jose, CA",888 Table Tennis Center - San Jose,2423,2024-09-02,2326,2024-08-18,ACTIVE,2023 ICC JOOLA Autumn Open,2375.0,2354.0,2023-10-28,2023-10-29
218,Xianyao,He,104271,203271,"San Jose, CA",888 Table Tennis Center - San Jose,2423,2024-09-02,2326,2024-08-18,ACTIVE,ICC JOOLA Fall Open,2403.0,2375.0,2023-08-26,2023-08-27
218,Xianyao,He,104271,203271,"San Jose, CA",888 Table Tennis Center - San Jose,2423,2024-09-02,2326,2024-08-18,ACTIVE,ICC JOOLA Summer Open,2327.0,2355.0,2023-05-06,2023-05-07
218,Xianyao,He,104271,203271,"San Jose, CA",888 Table Tennis Center - San Jose,2423,2024-09-02,2326,2024-08-18,ACTIVE,ICC JOOLA Winter Open,2349.0,2353.0,2022-12-03,2022-12-04
218,Xianyao,He,104271,203271,"San Jose, CA",888 Table Tennis Center - San Jose,2423,2024-09-02,2326,2024-08-18,ACTIVE,ICC JOOLA Summer Open,2304.0,2309.0,2022-05-14,2022-05-15
218,Xianyao,He,104271,203271,"San Jose, CA",888 Table Tennis Center - San Jose,2423,2024-09-02,2326,2024-08-18,ACTIVE,ICC JOOLA Spring Open 2022,2266.0,2270.0,2022-03-19,2022-03-20
218,Xianyao,He,104271,203271,"San Jose, CA",888 Table Tennis Center - San Jose,2423,2024-09-02,2326,2024-08-18,ACTIVE,ICC JOOLA Fall Open 2021,2238.0,2208.0,2021-08-28,2021-08-29
218,Xianyao,He,104271,203271,"San Jose, CA",888 Table Tennis Center - San Jose,2423,2024-09-02,2326,2024-08-18,ACTIVE,ICC JOOLA SUMMER OPEN- 2021,2178.0,2164.0,2021-05-29,2021-05-30
218,Xianyao,He,104271,203271,"San Jose, CA",888 Table Tennis Center - San Jose,2423,2024-09-02,2326,2024-08-18,ACTIVE,ICC Joola Spring Open 2021,2115.0,2138.0,2021-04-10,2021-04-11
218,Xianyao,He,104271,203271,"San Jose, CA",888 Table Tennis Center - San Jose,2423,2024-09-02,2326,2024-08-18,ACTIVE,T2 CHALLENGE SEASON 2 SELECTION TRIALS AT ICC,2074.0,2115.0,2020-11-26,2020-11-27
218,Xianyao,He,104271,203271,"San Jose, CA",888 Table Tennis Center - San Jose,2423,2024-09-02,2326,2024-08-18,ACTIVE,ICC Joola Fall Open 2020,2075.0,2074.0,2020-10-10,2020-10-11
218,Xianyao,He,104271,203271,"San Jose, CA",888 Table Tennis Center - San Jose,2423,2024-09-02,2326,2024-08-18,ACTIVE,ICC JOOLA Spring Open 2020,2056.0,2075.0,2020-03-07,2020-03-08
218,Xianyao,He,104271,203271,"San Jose, CA",888 Table Tennis Center - San Jose,2423,2024-09-02,2326,2024-08-18,ACTIVE,ICC JOOLA Winter Open,2053.0,2035.0,2019-11-08,2019-11-10
218,Xianyao,He,104271,203271,"San Jose, CA",888 Table Tennis Center - San Jose,2423,2024-09-02,2326,2024-08-18,ACTIVE,2018 ICC Butterfly America Open,1881.0,1846.0,2018-12-07,2018-12-09
218,Xianyao,He,104271,203271,"San Jose, CA",888 Table Tennis Center - San Jose,2423,2024-09-02,2326,2024-08-18,ACTIVE,ICC Butterfly America Open - 2018,1881.0,1880.0,2018-05-06,2018-05-06
218,Xianyao,He,104271,203271,"San Jose, CA",888 Table Tennis Center - San Jose,2423,2024-09-02,2326,2024-08-18,ACTIVE,ICC Butterfly California State Open,582.0,563.0,2016-12-02,2016-12-04
219,Tiffany,Ke,28641,89217,"san jose, CA",(TTA) Table Tennis America,2423,2024-07-07,2278,2024-01-07,ACTIVE,ICC JOOLA Spring Open 2022,2283.0,2313.0,2022-03-19,2022-03-20
219,Tiffany,Ke,28641,89217,"san jose, CA",(TTA) Table Tennis America,2423,2024-07-07,2278,2024-01-07,ACTIVE,ICC JOOLA Fall Open 2021,2296.0,2303.0,2021-08-28,2021-08-29
223,Tianyue,Ma,164938,1164938,Milpitas,,2421,2024-09-02,0,,ACTIVE,ICC Joola Spring Open,2064.0,2348.0,2019-05-12,2019-05-12
224,Yedam,Kim,177510,276510,Burlingame,,2421,2023-09-04,0,,ACTIVE,ICC JOOLA Fall Open,2437.0,2431.0,2023-08-26,2023-08-27
226,Zihao (justin),Huang,3241,75749,"Dublin, CA",Micro Motion Table Tennis Academy,2420,2024-05-18,2373,2022-10-29,ACTIVE,ICC JOOLA Winter Open,2431.0,2427.0,2022-12-03,2022-12-04
226,Zihao (justin),Huang,3241,75749,"Dublin, CA",Micro Motion Table Tennis Academy,2420,2024-05-18,2373,2022-10-29,ACTIVE,ICC JOOLA Fall Open,2418.0,2429.0,2022-09-10,2022-09-11
231,Laurent,Jutras-Vigneault,165674,1165674,"Blainville, Quebec, FN",,2415,2024-06-30,2282,2024-04-14,ACTIVE,2024 ICC JOOLA Spring OPEN,2367.0,2432.0,2024-03-02,2024-03-03
232,Alex,Luo,103029,202029,"Dublin, CA",(TTA) Table Tennis America,2415,2024-09-02,2327,2024-08-18,ACTIVE,2024 ICC JOOLA Fall OPEN,2434.0,2425.0,2024-08-24,2024-08-25
232,Alex,Luo,103029,202029,"Dublin, CA",(TTA) Table Tennis America,2415,2024-09-02,2327,2024-08-18,ACTIVE,2024 ICC JOOLA Summer OPEN,2380.0,2376.0,2024-05-04,2024-05-05
232,Alex,Luo,103029,202029,"Dublin, CA",(TTA) Table Tennis America,2415,2024-09-02,2327,2024-08-18,ACTIVE,2023 ICC JOOLA Winter Open,2431.0,2436.0,2023-12-02,2023-12-03
232,Alex,Luo,103029,202029,"Dublin, CA",(TTA) Table Tennis America,2415,2024-09-02,2327,2024-08-18,ACTIVE,2023 ICC JOOLA Autumn Open,2295.0,2444.0,2023-10-28,2023-10-29
232,Alex,Luo,103029,202029,"Dublin, CA",(TTA) Table Tennis America,2415,2024-09-02,2327,2024-08-18,ACTIVE,ICC JOOLA Fall Open,2320.0,2346.0,2023-08-26,2023-08-27
232,Alex,Luo,103029,202029,"Dublin, CA",(TTA) Table Tennis America,2415,2024-09-02,2327,2024-08-18,ACTIVE,ICC JOOLA Summer Open,2271.0,2280.0,2023-05-06,2023-05-07
234,Kef,Noorani,118865,217865,"Mountain View, CA",888 Table Tennis Center,2414,2024-07-07,2273,2024-08-25,ACTIVE,2024 ICC JOOLA Summer OPEN,2376.0,2367.0,2024-05-04,2024-05-05
234,Kef,Noorani,118865,217865,"Mountain View, CA",888 Table Tennis Center,2414,2024-07-07,2273,2024-08-25,ACTIVE,ICC JOOLA Fall Open,2300.0,2298.0,2023-08-26,2023-08-27
234,Kef,Noorani,118865,217865,"Mountain View, CA",888 Table Tennis Center,2414,2024-07-07,2273,2024-08-25,ACTIVE,ICC JOOLA Summer Open,2306.0,2331.0,2023-05-06,2023-05-07
234,Kef,Noorani,118865,217865,"Mountain View, CA",888 Table Tennis Center,2414,2024-07-07,2273,2024-08-25,ACTIVE,ICC JOOLA Autumn Open,2094.0,2118.0,2022-10-15,2022-10-16
234,Kef,Noorani,118865,217865,"Mountain View, CA",888 Table Tennis Center,2414,2024-07-07,2273,2024-08-25,ACTIVE,ICC JOOLA Spring Open 2022,2077.0,2066.0,2022-03-19,2022-03-20
234,Kef,Noorani,118865,217865,"Mountain View, CA",888 Table Tennis Center,2414,2024-07-07,2273,2024-08-25,ACTIVE,ICC JOOLA Winter Open 2021,1949.0,1950.0,2021-11-13,2021-11-14
234,Kef,Noorani,118865,217865,"Mountain View, CA",888 Table Tennis Center,2414,2024-07-07,2273,2024-08-25,ACTIVE,ICC JOOLA SUMMER OPEN- 2021,1384.0,1412.0,2021-05-29,2021-05-30
234,Kef,Noorani,118865,217865,"Mountain View, CA",888 Table Tennis Center,2414,2024-07-07,2273,2024-08-25,ACTIVE,ICC Joola Spring Open 2021,1372.0,1368.0,2021-04-10,2021-04-11
234,Kef,Noorani,118865,217865,"Mountain View, CA",888 Table Tennis Center,2414,2024-07-07,2273,2024-08-25,ACTIVE,ICC JOOLA Spring Open 2020,1372.0,1372.0,2020-03-07,2020-03-08
234,Kef,Noorani,118865,217865,"Mountain View, CA",888 Table Tennis Center,2414,2024-07-07,2273,2024-08-25,ACTIVE,ICC JOOLA Winter Open,1025.0,1317.0,2019-11-08,2019-11-10
234,Kef,Noorani,118865,217865,"Mountain View, CA",888 Table Tennis Center,2414,2024-07-07,2273,2024-08-25,ACTIVE,ICC JOOLA Fall Open,1165.0,1025.0,2019-09-08,2019-09-08
234,Kef,Noorani,118865,217865,"Mountain View, CA",888 Table Tennis Center,2414,2024-07-07,2273,2024-08-25,ACTIVE,ICC Joola Spring Open,393.0,368.0,2019-05-12,2019-05-12
236,Zaman,Molla,5363,77031,"Newport Beach, CA",Alameda Table Tennis Club (ATTC),2414,2024-06-02,2572,2013-08-12,ACTIVE,ICC CA State Open,2612.0,2576.0,2013-05-19,
236,Zaman,Molla,5363,77031,"Newport Beach, CA",Alameda Table Tennis Club (ATTC),2414,2024-06-02,2572,2013-08-12,ACTIVE,ICC CA State Open,2595.0,2594.0,2013-02-17,
236,Zaman,Molla,5363,77031,"Newport Beach, CA",Alameda Table Tennis Club (ATTC),2414,2024-06-02,2572,2013-08-12,ACTIVE,ICC CA State Open,2575.0,2590.0,2011-03-20,
236,Zaman,Molla,5363,77031,"Newport Beach, CA",Alameda Table Tennis Club (ATTC),2414,2024-06-02,2572,2013-08-12,ACTIVE,ICC CA State Open,2604.0,2598.0,2010-05-02,
237,John James,Alto,155,30755,"San Diego, CA",Learning Tree Table Tennis Club,2413,2024-08-04,2344,2024-07-12,ACTIVE,2023 ICC JOOLA Autumn Open,2350.0,2343.0,2023-10-28,2023-10-29
238,Kai,Zarehbin,8975,91905,"Oakland, CA",ICC Table Tennis Center,2411,2024-08-25,2279,2024-07-20,ACTIVE,2024 ICC JOOLA Fall OPEN,2429.0,2411.0,2024-08-24,2024-08-25
238,Kai,Zarehbin,8975,91905,"Oakland, CA",ICC Table Tennis Center,2411,2024-08-25,2279,2024-07-20,ACTIVE,2024 ICC JOOLA Summer OPEN,2419.0,2446.0,2024-05-04,2024-05-05
238,Kai,Zarehbin,8975,91905,"Oakland, CA",ICC Table Tennis Center,2411,2024-08-25,2279,2024-07-20,ACTIVE,ICC JOOLA Fall Open,2340.0,2333.0,2023-08-26,2023-08-27
238,Kai,Zarehbin,8975,91905,"Oakland, CA",ICC Table Tennis Center,2411,2024-08-25,2279,2024-07-20,ACTIVE,ICC JOOLA Spring Open,2400.0,2391.0,2023-03-04,2023-03-05
238,Kai,Zarehbin,8975,91905,"Oakland, CA",ICC Table Tennis Center,2411,2024-08-25,2279,2024-07-20,ACTIVE,ICC JOOLA Summer Open,2425.0,2410.0,2022-05-14,2022-05-15
238,Kai,Zarehbin,8975,91905,"Oakland, CA",ICC Table Tennis Center,2411,2024-08-25,2279,2024-07-20,ACTIVE,ICC JOOLA Spring Open 2022,2417.0,2429.0,2022-03-19,2022-03-20
238,Kai,Zarehbin,8975,91905,"Oakland, CA",ICC Table Tennis Center,2411,2024-08-25,2279,2024-07-20,ACTIVE,ICC JOOLA Winter Open 2021,2434.0,2432.0,2021-11-13,2021-11-14
238,Kai,Zarehbin,8975,91905,"Oakland, CA",ICC Table Tennis Center,2411,2024-08-25,2279,2024-07-20,ACTIVE,ICC JOOLA Fall Open 2021,2339.0,2319.0,2021-08-28,2021-08-29
238,Kai,Zarehbin,8975,91905,"Oakland, CA",ICC Table Tennis Center,2411,2024-08-25,2279,2024-07-20,ACTIVE,ICC JOOLA SUMMER OPEN- 2021,2332.0,2417.0,2021-05-29,2021-05-30
238,Kai,Zarehbin,8975,91905,"Oakland, CA",ICC Table Tennis Center,2411,2024-08-25,2279,2024-07-20,ACTIVE,ICC Joola Spring Open 2021,2346.0,2332.0,2021-04-10,2021-04-11
238,Kai,Zarehbin,8975,91905,"Oakland, CA",ICC Table Tennis Center,2411,2024-08-25,2279,2024-07-20,ACTIVE,2018 ICC Butterfly America Open,2302.0,2321.0,2018-12-07,2018-12-09
238,Kai,Zarehbin,8975,91905,"Oakland, CA",ICC Table Tennis Center,2411,2024-08-25,2279,2024-07-20,ACTIVE,ICC Butterfly America Open - 2018,2263.0,2296.0,2018-05-06,2018-05-06
238,Kai,Zarehbin,8975,91905,"Oakland, CA",ICC Table Tennis Center,2411,2024-08-25,2279,2024-07-20,ACTIVE,ICC Butterfly California State Open,2234.0,2178.0,2016-12-02,2016-12-04
238,Kai,Zarehbin,8975,91905,"Oakland, CA",ICC Table Tennis Center,2411,2024-08-25,2279,2024-07-20,ACTIVE,ICC STIGA California Open,2057.0,2052.0,2015-12-06,
238,Kai,Zarehbin,8975,91905,"Oakland, CA",ICC Table Tennis Center,2411,2024-08-25,2279,2024-07-20,ACTIVE,ICC California State Open,1560.0,1755.0,2014-12-07,
238,Kai,Zarehbin,8975,91905,"Oakland, CA",ICC Table Tennis Center,2411,2024-08-25,2279,2024-07-20,ACTIVE,ICC California State Open,1047.0,970.0,2014-04-06,
238,Kai,Zarehbin,8975,91905,"Oakland, CA",ICC Table Tennis Center,2411,2024-08-25,2279,2024-07-20,ACTIVE,ICC CA State Open,304.0,437.0,2013-12-08,
239,Xiaohua,Cui,164234,1164234,"San Francisco, CA",Peninsula Table Tennis Club,2410,2024-06-22,2484,2022-12-11,ACTIVE,2024 ICC JOOLA Spring OPEN,2515.0,2495.0,2024-03-02,2024-03-03
239,Xiaohua,Cui,164234,1164234,"San Francisco, CA",Peninsula Table Tennis Club,2410,2024-06-22,2484,2022-12-11,ACTIVE,ICC JOOLA Fall Open,2315.0,2335.0,2019-09-08,2019-09-08
239,Xiaohua,Cui,164234,1164234,"San Francisco, CA",Peninsula Table Tennis Club,2410,2024-06-22,2484,2022-12-11,ACTIVE,ICC Butterfly Winter Open,0.0,2325.0,2019-02-24,2019-02-24
246,Souvik,Banerjee,180954,1180954,"Milpitas, CA",,2405,2024-08-25,2315,2024-04-27,ACTIVE,2024 ICC JOOLA Fall OPEN,2411.0,2405.0,2024-08-24,2024-08-25
246,Souvik,Banerjee,180954,1180954,"Milpitas, CA",,2405,2024-08-25,2315,2024-04-27,ACTIVE,2024 ICC JOOLA Summer OPEN,2423.0,2411.0,2024-05-04,2024-05-05
246,Souvik,Banerjee,180954,1180954,"Milpitas, CA",,2405,2024-08-25,2315,2024-04-27,ACTIVE,2024 ICC JOOLA Spring OPEN,2458.0,2423.0,2024-03-02,2024-03-03
246,Souvik,Banerjee,180954,1180954,"Milpitas, CA",,2405,2024-08-25,2315,2024-04-27,ACTIVE,2023 ICC JOOLA Winter Open,2356.0,2447.0,2023-12-02,2023-12-03
246,Souvik,Banerjee,180954,1180954,"Milpitas, CA",,2405,2024-08-25,2315,2024-04-27,ACTIVE,2023 ICC JOOLA Autumn Open,2348.0,2356.0,2023-10-28,2023-10-29
246,Souvik,Banerjee,180954,1180954,"Milpitas, CA",,2405,2024-08-25,2315,2024-04-27,ACTIVE,ICC JOOLA Fall Open,2326.0,2348.0,2023-08-26,2023-08-27
251,Raghav,Thiruvallur,112257,928116,"Fremont, CA",,2399,2024-07-28,2262,2024-01-07,ACTIVE,ICC Butterfly Winter Open,2086.0,2112.0,2019-02-24,2019-02-24
251,Raghav,Thiruvallur,112257,928116,"Fremont, CA",,2399,2024-07-28,2262,2024-01-07,ACTIVE,2018 ICC Butterfly America Open,2059.0,2086.0,2018-12-07,2018-12-09
251,Raghav,Thiruvallur,112257,928116,"Fremont, CA",,2399,2024-07-28,2262,2024-01-07,ACTIVE,ICC Butterfly California State Open,549.0,548.0,2016-12-02,2016-12-04
253,Quanfeng,Wei,184272,283272,CA,,2398,2024-05-05,2448,2024-04-28,ACTIVE,2024 ICC JOOLA Summer OPEN,2392.0,2398.0,2024-05-04,2024-05-05
255,Rohan,Manamendra Gedara,175815,1175815,"Fremont, CA",(TTA) Table Tennis America,2397,2023-12-21,0,,ACTIVE,ICC JOOLA Fall Open,2414.0,2378.0,2022-09-10,2022-09-11
264,Ethan,Liu,4607,91756,"Albany, CA",888 Table Tennis Center,2389,2024-09-02,2294,2023-08-27,ACTIVE,2024 ICC JOOLA Fall OPEN,2390.0,2378.0,2024-08-24,2024-08-25
264,Ethan,Liu,4607,91756,"Albany, CA",888 Table Tennis Center,2389,2024-09-02,2294,2023-08-27,ACTIVE,ICC JOOLA Summer Open,2385.0,2410.0,2023-05-06,2023-05-07
264,Ethan,Liu,4607,91756,"Albany, CA",888 Table Tennis Center,2389,2024-09-02,2294,2023-08-27,ACTIVE,ICC JOOLA Autumn Open,2326.0,2362.0,2022-10-15,2022-10-16
264,Ethan,Liu,4607,91756,"Albany, CA",888 Table Tennis Center,2389,2024-09-02,2294,2023-08-27,ACTIVE,ICC JOOLA Spring Open 2022,2217.0,2261.0,2022-03-19,2022-03-20
264,Ethan,Liu,4607,91756,"Albany, CA",888 Table Tennis Center,2389,2024-09-02,2294,2023-08-27,ACTIVE,ICC JOOLA Winter Open 2021,2223.0,2213.0,2021-11-13,2021-11-14
264,Ethan,Liu,4607,91756,"Albany, CA",888 Table Tennis Center,2389,2024-09-02,2294,2023-08-27,ACTIVE,ICC JOOLA Winter Open,2240.0,2218.0,2019-11-08,2019-11-10
264,Ethan,Liu,4607,91756,"Albany, CA",888 Table Tennis Center,2389,2024-09-02,2294,2023-08-27,ACTIVE,ICC Joola Spring Open,2224.0,2181.0,2019-05-12,2019-05-12
264,Ethan,Liu,4607,91756,"Albany, CA",888 Table Tennis Center,2389,2024-09-02,2294,2023-08-27,ACTIVE,2018 ICC Butterfly America Open,2131.0,2157.0,2018-12-07,2018-12-09
264,Ethan,Liu,4607,91756,"Albany, CA",888 Table Tennis Center,2389,2024-09-02,2294,2023-08-27,ACTIVE,ICC Butterfly California State Open,1945.0,1931.0,2016-12-02,2016-12-04
264,Ethan,Liu,4607,91756,"Albany, CA",888 Table Tennis Center,2389,2024-09-02,2294,2023-08-27,ACTIVE,ICC Hopes Qualification Tournament,1503.0,1552.0,2016-03-05,2016-03-05
264,Ethan,Liu,4607,91756,"Albany, CA",888 Table Tennis Center,2389,2024-09-02,2294,2023-08-27,ACTIVE,ICC CA State Open,316.0,321.0,2013-12-08,
268,Marc,Gutierrez Mazon,185747,284747,,,2387,2024-09-02,0,,ACTIVE,2024 ICC JOOLA Fall OPEN,0.0,2287.0,2024-08-24,2024-08-25
269,Arnav,Khinvasara,3746,96746,"Milpitas, CA",ICC Table Tennis Center,2386,2024-03-30,2209,2024-08-10,ACTIVE,2024 ICC JOOLA Spring OPEN,2383.0,2371.0,2024-03-02,2024-03-03
269,Arnav,Khinvasara,3746,96746,"Milpitas, CA",ICC Table Tennis Center,2386,2024-03-30,2209,2024-08-10,ACTIVE,2023 ICC JOOLA Winter Open,2392.0,2380.0,2023-12-02,2023-12-03
269,Arnav,Khinvasara,3746,96746,"Milpitas, CA",ICC Table Tennis Center,2386,2024-03-30,2209,2024-08-10,ACTIVE,2023 ICC JOOLA Autumn Open,2384.0,2392.0,2023-10-28,2023-10-29
269,Arnav,Khinvasara,3746,96746,"Milpitas, CA",ICC Table Tennis Center,2386,2024-03-30,2209,2024-08-10,ACTIVE,ICC JOOLA Fall Open,2378.0,2410.0,2023-08-26,2023-08-27
269,Arnav,Khinvasara,3746,96746,"Milpitas, CA",ICC Table Tennis Center,2386,2024-03-30,2209,2024-08-10,ACTIVE,ICC JOOLA Summer Open,2345.0,2334.0,2023-05-06,2023-05-07
269,Arnav,Khinvasara,3746,96746,"Milpitas, CA",ICC Table Tennis Center,2386,2024-03-30,2209,2024-08-10,ACTIVE,ICC JOOLA Spring Open,2297.0,2332.0,2023-03-04,2023-03-05
269,Arnav,Khinvasara,3746,96746,"Milpitas, CA",ICC Table Tennis Center,2386,2024-03-30,2209,2024-08-10,ACTIVE,ICC JOOLA Winter Open,2321.0,2314.0,2022-12-03,2022-12-04
269,Arnav,Khinvasara,3746,96746,"Milpitas, CA",ICC Table Tennis Center,2386,2024-03-30,2209,2024-08-10,ACTIVE,ICC JOOLA Autumn Open,2328.0,2321.0,2022-10-15,2022-10-16
269,Arnav,Khinvasara,3746,96746,"Milpitas, CA",ICC Table Tennis Center,2386,2024-03-30,2209,2024-08-10,ACTIVE,ICC JOOLA Fall Open,2327.0,2328.0,2022-09-10,2022-09-11
269,Arnav,Khinvasara,3746,96746,"Milpitas, CA",ICC Table Tennis Center,2386,2024-03-30,2209,2024-08-10,ACTIVE,ICC JOOLA Summer Open,2228.0,2227.0,2022-05-14,2022-05-15
269,Arnav,Khinvasara,3746,96746,"Milpitas, CA",ICC Table Tennis Center,2386,2024-03-30,2209,2024-08-10,ACTIVE,ICC JOOLA Spring Open 2022,2154.0,2245.0,2022-03-19,2022-03-20
269,Arnav,Khinvasara,3746,96746,"Milpitas, CA",ICC Table Tennis Center,2386,2024-03-30,2209,2024-08-10,ACTIVE,ICC JOOLA Winter Open 2021,2123.0,2124.0,2021-11-13,2021-11-14
269,Arnav,Khinvasara,3746,96746,"Milpitas, CA",ICC Table Tennis Center,2386,2024-03-30,2209,2024-08-10,ACTIVE,ICC JOOLA Fall Open 2021,2086.0,2123.0,2021-08-28,2021-08-29
269,Arnav,Khinvasara,3746,96746,"Milpitas, CA",ICC Table Tennis Center,2386,2024-03-30,2209,2024-08-10,ACTIVE,ICC JOOLA SUMMER OPEN- 2021,1967.0,2141.0,2021-05-29,2021-05-30
269,Arnav,Khinvasara,3746,96746,"Milpitas, CA",ICC Table Tennis Center,2386,2024-03-30,2209,2024-08-10,ACTIVE,ICC JOOLA Fall Open,1963.0,1967.0,2019-09-08,2019-09-08
269,Arnav,Khinvasara,3746,96746,"Milpitas, CA",ICC Table Tennis Center,2386,2024-03-30,2209,2024-08-10,ACTIVE,ICC Butterfly Winter Open,1972.0,1957.0,2019-02-24,2019-02-24
269,Arnav,Khinvasara,3746,96746,"Milpitas, CA",ICC Table Tennis Center,2386,2024-03-30,2209,2024-08-10,ACTIVE,2018 ICC Butterfly America Open,1932.0,1972.0,2018-12-07,2018-12-09
269,Arnav,Khinvasara,3746,96746,"Milpitas, CA",ICC Table Tennis Center,2386,2024-03-30,2209,2024-08-10,ACTIVE,ICC Butterfly America Open - 2018,1670.0,1664.0,2018-05-06,2018-05-06
269,Arnav,Khinvasara,3746,96746,"Milpitas, CA",ICC Table Tennis Center,2386,2024-03-30,2209,2024-08-10,ACTIVE,ICC Butterfly California State Open,450.0,600.0,2016-12-02,2016-12-04
272,Yixiao,Wang,52102,94538,"Fremont, CA",(TTA) Table Tennis America,2383,2024-06-16,2381,2024-04-14,ACTIVE,ICC JOOLA Winter Open 2021,2401.0,2373.0,2021-11-13,2021-11-14
272,Yixiao,Wang,52102,94538,"Fremont, CA",(TTA) Table Tennis America,2383,2024-06-16,2381,2024-04-14,ACTIVE,ICC JOOLA Winter Open,2382.0,2414.0,2019-11-08,2019-11-10
275,Crystal,Liu,4601,97611,"San Diego, CA",,2381,2024-06-09,2231,2024-05-31,ACTIVE,ICC Joola Spring Open 2021,2027.0,2111.0,2021-04-10,2021-04-11
279,Kayla,Goodwin,2552,92550,"Englewood, FL",Tampa TTC,2378,2024-07-28,2192,2024-01-07,ACTIVE,ICC JOOLA Summer Open,2126.0,2109.0,2022-05-14,2022-05-15
279,Kayla,Goodwin,2552,92550,"Englewood, FL",Tampa TTC,2378,2024-07-28,2192,2024-01-07,ACTIVE,ICC JOOLA Spring Open 2022,2154.0,2189.0,2022-03-19,2022-03-20
279,Kayla,Goodwin,2552,92550,"Englewood, FL",Tampa TTC,2378,2024-07-28,2192,2024-01-07,ACTIVE,ICC JOOLA Winter Open 2021,2054.0,2150.0,2021-11-13,2021-11-14
279,Kayla,Goodwin,2552,92550,"Englewood, FL",Tampa TTC,2378,2024-07-28,2192,2024-01-07,ACTIVE,ICC JOOLA Fall Open 2021,2061.0,2054.0,2021-08-28,2021-08-29
279,Kayla,Goodwin,2552,92550,"Englewood, FL",Tampa TTC,2378,2024-07-28,2192,2024-01-07,ACTIVE,ICC JOOLA SUMMER OPEN- 2021,2161.0,2108.0,2021-05-29,2021-05-30
279,Kayla,Goodwin,2552,92550,"Englewood, FL",Tampa TTC,2378,2024-07-28,2192,2024-01-07,ACTIVE,ICC Joola Spring Open 2021,1994.0,2027.0,2021-04-10,2021-04-11
279,Kayla,Goodwin,2552,92550,"Englewood, FL",Tampa TTC,2378,2024-07-28,2192,2024-01-07,ACTIVE,T2 CHALLENGE SEASON 2 SELECTION TRIALS AT ICC,1999.0,1994.0,2020-11-26,2020-11-27
279,Kayla,Goodwin,2552,92550,"Englewood, FL",Tampa TTC,2378,2024-07-28,2192,2024-01-07,ACTIVE,ICC Joola Fall Open 2020,2034.0,1999.0,2020-10-10,2020-10-11
279,Kayla,Goodwin,2552,92550,"Englewood, FL",Tampa TTC,2378,2024-07-28,2192,2024-01-07,ACTIVE,ICC JOOLA Spring Open 2020,2001.0,2034.0,2020-03-07,2020-03-08
279,Kayla,Goodwin,2552,92550,"Englewood, FL",Tampa TTC,2378,2024-07-28,2192,2024-01-07,ACTIVE,ICC JOOLA Winter Open,2093.0,2071.0,2019-11-08,2019-11-10
279,Kayla,Goodwin,2552,92550,"Englewood, FL",Tampa TTC,2378,2024-07-28,2192,2024-01-07,ACTIVE,ICC JOOLA Fall Open,2046.0,2093.0,2019-09-08,2019-09-08
279,Kayla,Goodwin,2552,92550,"Englewood, FL",Tampa TTC,2378,2024-07-28,2192,2024-01-07,ACTIVE,ICC Butterfly Winter Open,1994.0,1917.0,2019-02-24,2019-02-24
279,Kayla,Goodwin,2552,92550,"Englewood, FL",Tampa TTC,2378,2024-07-28,2192,2024-01-07,ACTIVE,2018 ICC Butterfly America Open,1820.0,1902.0,2018-12-07,2018-12-09
279,Kayla,Goodwin,2552,92550,"Englewood, FL",Tampa TTC,2378,2024-07-28,2192,2024-01-07,ACTIVE,ICC STIGA California Open,162.0,129.0,2015-05-03,
279,Kayla,Goodwin,2552,92550,"Englewood, FL",Tampa TTC,2378,2024-07-28,2192,2024-01-07,ACTIVE,ICC California State Open,63.0,75.0,2014-12-07,
292,Raymond,Zhu,102385,98266,"San Jose, CA",888 Table Tennis Center,2366,2024-09-02,2266,2024-04-21,ACTIVE,2024 ICC JOOLA Summer OPEN,2369.0,2366.0,2024-05-04,2024-05-05
292,Raymond,Zhu,102385,98266,"San Jose, CA",888 Table Tennis Center,2366,2024-09-02,2266,2024-04-21,ACTIVE,ICC JOOLA Spring Open 2022,2183.0,2167.0,2022-03-19,2022-03-20
292,Raymond,Zhu,102385,98266,"San Jose, CA",888 Table Tennis Center,2366,2024-09-02,2266,2024-04-21,ACTIVE,ICC JOOLA Winter Open 2021,2100.0,2187.0,2021-11-13,2021-11-14
292,Raymond,Zhu,102385,98266,"San Jose, CA",888 Table Tennis Center,2366,2024-09-02,2266,2024-04-21,ACTIVE,ICC JOOLA SUMMER OPEN- 2021,2100.0,2103.0,2021-05-29,2021-05-30
292,Raymond,Zhu,102385,98266,"San Jose, CA",888 Table Tennis Center,2366,2024-09-02,2266,2024-04-21,ACTIVE,ICC Joola Spring Open 2021,1948.0,2146.0,2021-04-10,2021-04-11
292,Raymond,Zhu,102385,98266,"San Jose, CA",888 Table Tennis Center,2366,2024-09-02,2266,2024-04-21,ACTIVE,ICC Joola Fall Open 2020,1761.0,1948.0,2020-10-10,2020-10-11
292,Raymond,Zhu,102385,98266,"San Jose, CA",888 Table Tennis Center,2366,2024-09-02,2266,2024-04-21,ACTIVE,ICC JOOLA Spring Open 2020,1812.0,1761.0,2020-03-07,2020-03-08
292,Raymond,Zhu,102385,98266,"San Jose, CA",888 Table Tennis Center,2366,2024-09-02,2266,2024-04-21,ACTIVE,ICC JOOLA Winter Open,1849.0,1841.0,2019-11-08,2019-11-10
292,Raymond,Zhu,102385,98266,"San Jose, CA",888 Table Tennis Center,2366,2024-09-02,2266,2024-04-21,ACTIVE,ICC JOOLA Fall Open,1761.0,1849.0,2019-09-08,2019-09-08
292,Raymond,Zhu,102385,98266,"San Jose, CA",888 Table Tennis Center,2366,2024-09-02,2266,2024-04-21,ACTIVE,ICC Joola Spring Open,1599.0,1782.0,2019-05-12,2019-05-12
292,Raymond,Zhu,102385,98266,"San Jose, CA",888 Table Tennis Center,2366,2024-09-02,2266,2024-04-21,ACTIVE,ICC Butterfly Winter Open,1741.0,1688.0,2019-02-24,2019-02-24
292,Raymond,Zhu,102385,98266,"San Jose, CA",888 Table Tennis Center,2366,2024-09-02,2266,2024-04-21,ACTIVE,2018 ICC Butterfly America Open,1540.0,1518.0,2018-12-07,2018-12-09
292,Raymond,Zhu,102385,98266,"San Jose, CA",888 Table Tennis Center,2366,2024-09-02,2266,2024-04-21,ACTIVE,ICC STIGA California Open,0.0,281.0,2015-12-06,
293,Deep,Saun,6827,96672,"Fremont, NP",,2365,2024-02-19,2279,2024-03-17,ACTIVE,ICC JOOLA Summer Open,2289.0,2269.0,2022-05-14,2022-05-15
293,Deep,Saun,6827,96672,"Fremont, NP",,2365,2024-02-19,2279,2024-03-17,ACTIVE,ICC JOOLA SUMMER OPEN- 2021,2289.0,2249.0,2021-05-29,2021-05-30
293,Deep,Saun,6827,96672,"Fremont, NP",,2365,2024-02-19,2279,2024-03-17,ACTIVE,ICC Joola Fall Open 2020,2270.0,2289.0,2020-10-10,2020-10-11
293,Deep,Saun,6827,96672,"Fremont, NP",,2365,2024-02-19,2279,2024-03-17,ACTIVE,ICC JOOLA Spring Open 2020,2273.0,2270.0,2020-03-07,2020-03-08
295,Max,Ji,112695,211695,vancouver,,2362,2023-11-26,0,,ACTIVE,ICC JOOLA Spring Open 2022,2376.0,2361.0,2022-03-19,2022-03-20
309,Jordan,Yee,8843,80241,"Oakland, CA",Micro Motion Table Tennis Academy,2349,2024-09-02,2239,2023-06-04,ACTIVE,2024 ICC JOOLA Spring OPEN,2333.0,2287.0,2024-03-02,2024-03-03
309,Jordan,Yee,8843,80241,"Oakland, CA",Micro Motion Table Tennis Academy,2349,2024-09-02,2239,2023-06-04,ACTIVE,2023 ICC JOOLA Winter Open,2308.0,2340.0,2023-12-02,2023-12-03
309,Jordan,Yee,8843,80241,"Oakland, CA",Micro Motion Table Tennis Academy,2349,2024-09-02,2239,2023-06-04,ACTIVE,ICC JOOLA Fall Open,2317.0,2306.0,2023-08-26,2023-08-27
309,Jordan,Yee,8843,80241,"Oakland, CA",Micro Motion Table Tennis Academy,2349,2024-09-02,2239,2023-06-04,ACTIVE,ICC JOOLA Summer Open,2376.0,2347.0,2023-05-06,2023-05-07
309,Jordan,Yee,8843,80241,"Oakland, CA",Micro Motion Table Tennis Academy,2349,2024-09-02,2239,2023-06-04,ACTIVE,ICC STIGA California Open,2363.0,2360.0,2015-05-03,
309,Jordan,Yee,8843,80241,"Oakland, CA",Micro Motion Table Tennis Academy,2349,2024-09-02,2239,2023-06-04,ACTIVE,ICC California State Open,2318.0,2282.0,2014-12-07,
309,Jordan,Yee,8843,80241,"Oakland, CA",Micro Motion Table Tennis Academy,2349,2024-09-02,2239,2023-06-04,ACTIVE,ICC CA State Open,2314.0,2333.0,2013-12-08,
309,Jordan,Yee,8843,80241,"Oakland, CA",Micro Motion Table Tennis Academy,2349,2024-09-02,2239,2023-06-04,ACTIVE,ICC CA State Open,2316.0,2294.0,2013-05-19,
309,Jordan,Yee,8843,80241,"Oakland, CA",Micro Motion Table Tennis Academy,2349,2024-09-02,2239,2023-06-04,ACTIVE,ICC CA State Open,2215.0,2196.0,2013-02-17,
309,Jordan,Yee,8843,80241,"Oakland, CA",Micro Motion Table Tennis Academy,2349,2024-09-02,2239,2023-06-04,ACTIVE,ICC California State Open,2261.0,2239.0,2012-12-09,
309,Jordan,Yee,8843,80241,"Oakland, CA",Micro Motion Table Tennis Academy,2349,2024-09-02,2239,2023-06-04,ACTIVE,ICC California State Open,2165.0,2178.0,2012-05-27,
309,Jordan,Yee,8843,80241,"Oakland, CA",Micro Motion Table Tennis Academy,2349,2024-09-02,2239,2023-06-04,ACTIVE,ICC California State Open,2064.0,2177.0,2012-03-18,
309,Jordan,Yee,8843,80241,"Oakland, CA",Micro Motion Table Tennis Academy,2349,2024-09-02,2239,2023-06-04,ACTIVE,ICC CA State Open,2137.0,2134.0,2011-12-04,
309,Jordan,Yee,8843,80241,"Oakland, CA",Micro Motion Table Tennis Academy,2349,2024-09-02,2239,2023-06-04,ACTIVE,ICC CA State Open,1926.0,1959.0,2011-06-05,
309,Jordan,Yee,8843,80241,"Oakland, CA",Micro Motion Table Tennis Academy,2349,2024-09-02,2239,2023-06-04,ACTIVE,ICC CA State Open,1730.0,1766.0,2010-12-05,
309,Jordan,Yee,8843,80241,"Oakland, CA",Micro Motion Table Tennis Academy,2349,2024-09-02,2239,2023-06-04,ACTIVE,ICC CA State Open,1255.0,1253.0,2010-05-02,
309,Jordan,Yee,8843,80241,"Oakland, CA",Micro Motion Table Tennis Academy,2349,2024-09-02,2239,2023-06-04,ACTIVE,ICC California State Open,761.0,905.0,2009-12-06,
310,Khoa,Nguyen,5640,8683,"San Jose, CA",,2348,2023-10-08,2434,2014-03-01,ACTIVE,ICC JOOLA Fall Open,2417.0,2418.0,2022-09-10,2022-09-11
310,Khoa,Nguyen,5640,8683,"San Jose, CA",,2348,2023-10-08,2434,2014-03-01,ACTIVE,ICC CA State Open,2509.0,2486.0,2011-06-05,
310,Khoa,Nguyen,5640,8683,"San Jose, CA",,2348,2023-10-08,2434,2014-03-01,ACTIVE,ICC CA State Open,2422.0,2394.0,2010-05-02,
310,Khoa,Nguyen,5640,8683,"San Jose, CA",,2348,2023-10-08,2434,2014-03-01,ACTIVE,ICC CA State Open,2479.0,2422.0,2010-02-28,
310,Khoa,Nguyen,5640,8683,"San Jose, CA",,2348,2023-10-08,2434,2014-03-01,ACTIVE,ICC California State Open,2554.0,2550.0,2009-05-10,
310,Khoa,Nguyen,5640,8683,"San Jose, CA",,2348,2023-10-08,2434,2014-03-01,ACTIVE,ICC Northern CA Open,2495.0,2490.0,2007-07-22,
311,Ludovic,Gombos,22607,32497,"Dallas, TX",,2348,2024-03-24,0,,ACTIVE,2023 ICC JOOLA Winter Open,2372.0,2362.0,2023-12-02,2023-12-03
311,Ludovic,Gombos,22607,32497,"Dallas, TX",,2348,2024-03-24,0,,ACTIVE,ICC JOOLA Winter Open,2382.0,2355.0,2022-12-03,2022-12-04
311,Ludovic,Gombos,22607,32497,"Dallas, TX",,2348,2024-03-24,0,,ACTIVE,ICC JOOLA Autumn Open,2308.0,2447.0,2022-10-15,2022-10-16
311,Ludovic,Gombos,22607,32497,"Dallas, TX",,2348,2024-03-24,0,,ACTIVE,ICC JOOLA SUMMER OPEN- 2021,2310.0,2306.0,2021-05-29,2021-05-30
312,Ramana,Vaidya,176992,275992,,,2348,2024-09-02,2166,2023-03-25,ACTIVE,ICC JOOLA Summer Open,2168.0,2203.0,2023-05-06,2023-05-07
315,Yao,Tang,168377,1168377,"San Jose, CA",Super Spin Table Tennis Club,2347,2024-06-22,2391,2023-09-23,ACTIVE,ICC JOOLA Winter Open,0.0,2330.0,2019-11-08,2019-11-10
318,Michael,Guo,122417,221417,"Katy, TX","Chinese Community Center, Inc.",2346,2024-02-18,2275,2024-02-24,ACTIVE,ICC JOOLA SUMMER OPEN- 2021,2139.0,2123.0,2021-05-29,2021-05-30
320,Angie,Tan,7635,87830,"Milpitas, CA",888 Table Tennis Center,2346,2024-07-07,2269,2022-06-18,ACTIVE,ICC JOOLA Fall Open,2302.0,2307.0,2023-08-26,2023-08-27
320,Angie,Tan,7635,87830,"Milpitas, CA",888 Table Tennis Center,2346,2024-07-07,2269,2022-06-18,ACTIVE,ICC JOOLA Spring Open 2022,2249.0,2247.0,2022-03-19,2022-03-20
320,Angie,Tan,7635,87830,"Milpitas, CA",888 Table Tennis Center,2346,2024-07-07,2269,2022-06-18,ACTIVE,ICC JOOLA Fall Open 2021,2272.0,2249.0,2021-08-28,2021-08-29
320,Angie,Tan,7635,87830,"Milpitas, CA",888 Table Tennis Center,2346,2024-07-07,2269,2022-06-18,ACTIVE,T2 CHALLENGE SEASON 2 SELECTION TRIALS AT ICC,2201.0,2410.0,2020-11-26,2020-11-27
320,Angie,Tan,7635,87830,"Milpitas, CA",888 Table Tennis Center,2346,2024-07-07,2269,2022-06-18,ACTIVE,ICC JOOLA Spring Open 2020,2259.0,2201.0,2020-03-07,2020-03-08
320,Angie,Tan,7635,87830,"Milpitas, CA",888 Table Tennis Center,2346,2024-07-07,2269,2022-06-18,ACTIVE,ICC JOOLA Fall Open,2410.0,2336.0,2019-09-08,2019-09-08
320,Angie,Tan,7635,87830,"Milpitas, CA",888 Table Tennis Center,2346,2024-07-07,2269,2022-06-18,ACTIVE,ICC Butterfly Winter Open,2263.0,2375.0,2019-02-24,2019-02-24
320,Angie,Tan,7635,87830,"Milpitas, CA",888 Table Tennis Center,2346,2024-07-07,2269,2022-06-18,ACTIVE,2018 ICC Butterfly America Open,2327.0,2242.0,2018-12-07,2018-12-09
320,Angie,Tan,7635,87830,"Milpitas, CA",888 Table Tennis Center,2346,2024-07-07,2269,2022-06-18,ACTIVE,ICC Butterfly America Open - 2018,2212.0,2231.0,2018-05-06,2018-05-06
320,Angie,Tan,7635,87830,"Milpitas, CA",888 Table Tennis Center,2346,2024-07-07,2269,2022-06-18,ACTIVE,ICC Butterfly California State Open,2150.0,2098.0,2016-12-02,2016-12-04
320,Angie,Tan,7635,87830,"Milpitas, CA",888 Table Tennis Center,2346,2024-07-07,2269,2022-06-18,ACTIVE,ICC STIGA California Open,2002.0,1991.0,2015-05-03,
320,Angie,Tan,7635,87830,"Milpitas, CA",888 Table Tennis Center,2346,2024-07-07,2269,2022-06-18,ACTIVE,ICC California State Open,1852.0,1903.0,2014-12-07,
320,Angie,Tan,7635,87830,"Milpitas, CA",888 Table Tennis Center,2346,2024-07-07,2269,2022-06-18,ACTIVE,ICC California State Open,1730.0,1745.0,2014-04-06,
320,Angie,Tan,7635,87830,"Milpitas, CA",888 Table Tennis Center,2346,2024-07-07,2269,2022-06-18,ACTIVE,ICC CA State Open,1200.0,1206.0,2013-05-19,
320,Angie,Tan,7635,87830,"Milpitas, CA",888 Table Tennis Center,2346,2024-07-07,2269,2022-06-18,ACTIVE,ICC California State Open,533.0,663.0,2012-12-09,
320,Angie,Tan,7635,87830,"Milpitas, CA",888 Table Tennis Center,2346,2024-07-07,2269,2022-06-18,ACTIVE,ICC California State Open,0.0,213.0,2012-03-18,
323,Vidit,Desai,183082,282082,,,2344,2024-03-03,2245,2024-04-20,ACTIVE,2024 ICC JOOLA Spring OPEN,0.0,2344.0,2024-03-02,2024-03-03
328,Barney,Reed,6456,44775,"Milpitas, CA",Stickman Skills Center,2342,2023-11-26,2447,2018-05-26,ACTIVE,ICC CA State Open,2595.0,2592.0,2011-06-05,
328,Barney,Reed,6456,44775,"Milpitas, CA",Stickman Skills Center,2342,2023-11-26,2447,2018-05-26,ACTIVE,ICC CA State Open,2482.0,2481.0,2010-12-05,
328,Barney,Reed,6456,44775,"Milpitas, CA",Stickman Skills Center,2342,2023-11-26,2447,2018-05-26,ACTIVE,ICC CA State Open,2606.0,2581.0,2010-05-02,
328,Barney,Reed,6456,44775,"Milpitas, CA",Stickman Skills Center,2342,2023-11-26,2447,2018-05-26,ACTIVE,ICC CA State Open,2556.0,2556.0,2010-02-28,
328,Barney,Reed,6456,44775,"Milpitas, CA",Stickman Skills Center,2342,2023-11-26,2447,2018-05-26,ACTIVE,ICC California State Open,2590.0,2578.0,2009-05-10,
335,Henrik,Zhang,9013,87832,"Saratoga, CA",888 Table Tennis Center,2338,2024-06-22,2213,2022-05-22,ACTIVE,ICC JOOLA SUMMER OPEN- 2021,2278.0,2272.0,2021-05-29,2021-05-30
335,Henrik,Zhang,9013,87832,"Saratoga, CA",888 Table Tennis Center,2338,2024-06-22,2213,2022-05-22,ACTIVE,ICC Joola Spring Open,2170.0,2187.0,2019-05-12,2019-05-12
335,Henrik,Zhang,9013,87832,"Saratoga, CA",888 Table Tennis Center,2338,2024-06-22,2213,2022-05-22,ACTIVE,2018 ICC Butterfly America Open,2111.0,2160.0,2018-12-07,2018-12-09
335,Henrik,Zhang,9013,87832,"Saratoga, CA",888 Table Tennis Center,2338,2024-06-22,2213,2022-05-22,ACTIVE,ICC Butterfly America Open - 2018,2201.0,2111.0,2018-05-06,2018-05-06
335,Henrik,Zhang,9013,87832,"Saratoga, CA",888 Table Tennis Center,2338,2024-06-22,2213,2022-05-22,ACTIVE,ICC Butterfly California State Open,2044.0,2057.0,2016-12-02,2016-12-04
335,Henrik,Zhang,9013,87832,"Saratoga, CA",888 Table Tennis Center,2338,2024-06-22,2213,2022-05-22,ACTIVE,ICC Hopes Qualification Tournament,1736.0,1735.0,2016-03-05,2016-03-05
335,Henrik,Zhang,9013,87832,"Saratoga, CA",888 Table Tennis Center,2338,2024-06-22,2213,2022-05-22,ACTIVE,ICC STIGA California Open,1751.0,1736.0,2015-12-06,
335,Henrik,Zhang,9013,87832,"Saratoga, CA",888 Table Tennis Center,2338,2024-06-22,2213,2022-05-22,ACTIVE,ICC California State Open,1474.0,1584.0,2014-12-07,
335,Henrik,Zhang,9013,87832,"Saratoga, CA",888 Table Tennis Center,2338,2024-06-22,2213,2022-05-22,ACTIVE,ICC California State Open,1395.0,1433.0,2014-04-06,
335,Henrik,Zhang,9013,87832,"Saratoga, CA",888 Table Tennis Center,2338,2024-06-22,2213,2022-05-22,ACTIVE,ICC CA State Open,726.0,965.0,2013-12-08,
335,Henrik,Zhang,9013,87832,"Saratoga, CA",888 Table Tennis Center,2338,2024-06-22,2213,2022-05-22,ACTIVE,ICC CA State Open,654.0,726.0,2013-05-19,
335,Henrik,Zhang,9013,87832,"Saratoga, CA",888 Table Tennis Center,2338,2024-06-22,2213,2022-05-22,ACTIVE,ICC CA State Open,305.0,654.0,2013-02-17,
335,Henrik,Zhang,9013,87832,"Saratoga, CA",888 Table Tennis Center,2338,2024-06-22,2213,2022-05-22,ACTIVE,ICC California State Open,167.0,305.0,2012-12-09,
335,Henrik,Zhang,9013,87832,"Saratoga, CA",888 Table Tennis Center,2338,2024-06-22,2213,2022-05-22,ACTIVE,ICC California State Open,122.0,155.0,2012-05-27,
335,Henrik,Zhang,9013,87832,"Saratoga, CA",888 Table Tennis Center,2338,2024-06-22,2213,2022-05-22,ACTIVE,ICC California State Open,0.0,122.0,2012-03-18,
341,Joanna,Sung,7536,82231,"Campbell, CA",ICC Table Tennis Center,2336,2023-12-21,2285,2023-09-23,ACTIVE,ICC JOOLA Spring Open 2022,2311.0,2312.0,2022-03-19,2022-03-20
341,Joanna,Sung,7536,82231,"Campbell, CA",ICC Table Tennis Center,2336,2023-12-21,2285,2023-09-23,ACTIVE,ICC JOOLA Fall Open 2021,2354.0,2311.0,2021-08-28,2021-08-29
341,Joanna,Sung,7536,82231,"Campbell, CA",ICC Table Tennis Center,2336,2023-12-21,2285,2023-09-23,ACTIVE,ICC JOOLA SUMMER OPEN- 2021,2297.0,2254.0,2021-05-29,2021-05-30
341,Joanna,Sung,7536,82231,"Campbell, CA",ICC Table Tennis Center,2336,2023-12-21,2285,2023-09-23,ACTIVE,2018 ICC Butterfly America Open,2254.0,2238.0,2018-12-07,2018-12-09
341,Joanna,Sung,7536,82231,"Campbell, CA",ICC Table Tennis Center,2336,2023-12-21,2285,2023-09-23,ACTIVE,ICC Butterfly America Open - 2018,2287.0,2257.0,2018-05-06,2018-05-06
341,Joanna,Sung,7536,82231,"Campbell, CA",ICC Table Tennis Center,2336,2023-12-21,2285,2023-09-23,ACTIVE,ICC Butterfly California State Open,2163.0,2127.0,2016-12-02,2016-12-04
341,Joanna,Sung,7536,82231,"Campbell, CA",ICC Table Tennis Center,2336,2023-12-21,2285,2023-09-23,ACTIVE,ICC Hopes Qualification Tournament,2083.0,2096.0,2016-03-05,2016-03-05
341,Joanna,Sung,7536,82231,"Campbell, CA",ICC Table Tennis Center,2336,2023-12-21,2285,2023-09-23,ACTIVE,ICC STIGA California Open,1981.0,1975.0,2015-12-06,
341,Joanna,Sung,7536,82231,"Campbell, CA",ICC Table Tennis Center,2336,2023-12-21,2285,2023-09-23,ACTIVE,ICC STIGA California Open,1924.0,1981.0,2015-05-03,
341,Joanna,Sung,7536,82231,"Campbell, CA",ICC Table Tennis Center,2336,2023-12-21,2285,2023-09-23,ACTIVE,ICC California State Open,1883.0,1887.0,2014-12-07,
341,Joanna,Sung,7536,82231,"Campbell, CA",ICC Table Tennis Center,2336,2023-12-21,2285,2023-09-23,ACTIVE,ICC California State Open,1596.0,1695.0,2014-04-06,
341,Joanna,Sung,7536,82231,"Campbell, CA",ICC Table Tennis Center,2336,2023-12-21,2285,2023-09-23,ACTIVE,ICC CA State Open,1607.0,1521.0,2013-12-08,
341,Joanna,Sung,7536,82231,"Campbell, CA",ICC Table Tennis Center,2336,2023-12-21,2285,2023-09-23,ACTIVE,ICC CA State Open,1515.0,1459.0,2013-05-19,
341,Joanna,Sung,7536,82231,"Campbell, CA",ICC Table Tennis Center,2336,2023-12-21,2285,2023-09-23,ACTIVE,ICC California State Open,835.0,1085.0,2012-05-27,
341,Joanna,Sung,7536,82231,"Campbell, CA",ICC Table Tennis Center,2336,2023-12-21,2285,2023-09-23,ACTIVE,ICC California State Open,878.0,835.0,2012-03-18,
341,Joanna,Sung,7536,82231,"Campbell, CA",ICC Table Tennis Center,2336,2023-12-21,2285,2023-09-23,ACTIVE,ICC CA State Open,0.0,48.0,2011-06-05,
343,Vishal,Sivakumar,171292,1171292,"Milpitas, CA",Rising Stars World Table Tennis Academy,2333,2024-09-02,2179,2024-09-07,ACTIVE,2024 ICC JOOLA Fall OPEN,2314.0,2328.0,2024-08-24,2024-08-25
343,Vishal,Sivakumar,171292,1171292,"Milpitas, CA",Rising Stars World Table Tennis Academy,2333,2024-09-02,2179,2024-09-07,ACTIVE,2024 ICC JOOLA Spring OPEN,2283.0,2273.0,2024-03-02,2024-03-03
343,Vishal,Sivakumar,171292,1171292,"Milpitas, CA",Rising Stars World Table Tennis Academy,2333,2024-09-02,2179,2024-09-07,ACTIVE,2023 ICC JOOLA Autumn Open,2192.0,2219.0,2023-10-28,2023-10-29
343,Vishal,Sivakumar,171292,1171292,"Milpitas, CA",Rising Stars World Table Tennis Academy,2333,2024-09-02,2179,2024-09-07,ACTIVE,ICC JOOLA Fall Open,2167.0,2152.0,2023-08-26,2023-08-27
343,Vishal,Sivakumar,171292,1171292,"Milpitas, CA",Rising Stars World Table Tennis Academy,2333,2024-09-02,2179,2024-09-07,ACTIVE,ICC JOOLA Summer Open,2152.0,2105.0,2023-05-06,2023-05-07
343,Vishal,Sivakumar,171292,1171292,"Milpitas, CA",Rising Stars World Table Tennis Academy,2333,2024-09-02,2179,2024-09-07,ACTIVE,ICC JOOLA Winter Open,2136.0,2142.0,2022-12-03,2022-12-04
343,Vishal,Sivakumar,171292,1171292,"Milpitas, CA",Rising Stars World Table Tennis Academy,2333,2024-09-02,2179,2024-09-07,ACTIVE,ICC JOOLA Autumn Open,2004.0,2046.0,2022-10-15,2022-10-16
343,Vishal,Sivakumar,171292,1171292,"Milpitas, CA",Rising Stars World Table Tennis Academy,2333,2024-09-02,2179,2024-09-07,ACTIVE,ICC JOOLA Summer Open,1666.0,1883.0,2022-05-14,2022-05-15
343,Vishal,Sivakumar,171292,1171292,"Milpitas, CA",Rising Stars World Table Tennis Academy,2333,2024-09-02,2179,2024-09-07,ACTIVE,ICC JOOLA Fall Open 2021,1484.0,1504.0,2021-08-28,2021-08-29
343,Vishal,Sivakumar,171292,1171292,"Milpitas, CA",Rising Stars World Table Tennis Academy,2333,2024-09-02,2179,2024-09-07,ACTIVE,ICC JOOLA SUMMER OPEN- 2021,313.0,937.0,2021-05-29,2021-05-30
343,Vishal,Sivakumar,171292,1171292,"Milpitas, CA",Rising Stars World Table Tennis Academy,2333,2024-09-02,2179,2024-09-07,ACTIVE,ICC Joola Spring Open 2021,0.0,313.0,2021-04-10,2021-04-11
349,Rignesh,Padamanur,116565,215565,"Santa Clara, CA",,2330,2023-12-21,2264,2023-06-11,ACTIVE,ICC JOOLA Autumn Open,2150.0,2142.0,2022-10-15,2022-10-16
349,Rignesh,Padamanur,116565,215565,"Santa Clara, CA",,2330,2023-12-21,2264,2023-06-11,ACTIVE,ICC JOOLA Fall Open,2150.0,2150.0,2022-09-10,2022-09-11
349,Rignesh,Padamanur,116565,215565,"Santa Clara, CA",,2330,2023-12-21,2264,2023-06-11,ACTIVE,ICC JOOLA Winter Open 2021,2024.0,2070.0,2021-11-13,2021-11-14
349,Rignesh,Padamanur,116565,215565,"Santa Clara, CA",,2330,2023-12-21,2264,2023-06-11,ACTIVE,ICC JOOLA Fall Open 2021,2018.0,1991.0,2021-08-28,2021-08-29
349,Rignesh,Padamanur,116565,215565,"Santa Clara, CA",,2330,2023-12-21,2264,2023-06-11,ACTIVE,ICC Joola Spring Open 2021,2000.0,2018.0,2021-04-10,2021-04-11
349,Rignesh,Padamanur,116565,215565,"Santa Clara, CA",,2330,2023-12-21,2264,2023-06-11,ACTIVE,ICC Joola Fall Open 2020,1756.0,1853.0,2020-10-10,2020-10-11
349,Rignesh,Padamanur,116565,215565,"Santa Clara, CA",,2330,2023-12-21,2264,2023-06-11,ACTIVE,ICC JOOLA Spring Open 2020,1746.0,1756.0,2020-03-07,2020-03-08
349,Rignesh,Padamanur,116565,215565,"Santa Clara, CA",,2330,2023-12-21,2264,2023-06-11,ACTIVE,ICC JOOLA Winter Open,1623.0,1752.0,2019-11-08,2019-11-10
349,Rignesh,Padamanur,116565,215565,"Santa Clara, CA",,2330,2023-12-21,2264,2023-06-11,ACTIVE,ICC JOOLA Fall Open,1578.0,1623.0,2019-09-08,2019-09-08
349,Rignesh,Padamanur,116565,215565,"Santa Clara, CA",,2330,2023-12-21,2264,2023-06-11,ACTIVE,ICC Butterfly Winter Open,1274.0,1274.0,2019-02-24,2019-02-24
349,Rignesh,Padamanur,116565,215565,"Santa Clara, CA",,2330,2023-12-21,2264,2023-06-11,ACTIVE,2018 ICC Butterfly America Open,1243.0,1274.0,2018-12-07,2018-12-09
349,Rignesh,Padamanur,116565,215565,"Santa Clara, CA",,2330,2023-12-21,2264,2023-06-11,ACTIVE,ICC Butterfly America Open - 2018,572.0,527.0,2018-05-06,2018-05-06
349,Rignesh,Padamanur,116565,215565,"Santa Clara, CA",,2330,2023-12-21,2264,2023-06-11,ACTIVE,ICC Butterfly California State Open,0.0,77.0,2016-12-02,2016-12-04
353,Emily,Tan,7638,91154,"Milpitas, CA",Silicon Valley Table Tennis Club (SVTTC),2330,2024-05-27,2209,2024-05-12,ACTIVE,2024 ICC JOOLA Summer OPEN,2333.0,2331.0,2024-05-04,2024-05-05
353,Emily,Tan,7638,91154,"Milpitas, CA",Silicon Valley Table Tennis Club (SVTTC),2330,2024-05-27,2209,2024-05-12,ACTIVE,2024 ICC JOOLA Spring OPEN,2373.0,2343.0,2024-03-02,2024-03-03
353,Emily,Tan,7638,91154,"Milpitas, CA",Silicon Valley Table Tennis Club (SVTTC),2330,2024-05-27,2209,2024-05-12,ACTIVE,2023 ICC JOOLA Autumn Open,2423.0,2426.0,2023-10-28,2023-10-29
353,Emily,Tan,7638,91154,"Milpitas, CA",Silicon Valley Table Tennis Club (SVTTC),2330,2024-05-27,2209,2024-05-12,ACTIVE,ICC JOOLA Fall Open,2434.0,2436.0,2023-08-26,2023-08-27
353,Emily,Tan,7638,91154,"Milpitas, CA",Silicon Valley Table Tennis Club (SVTTC),2330,2024-05-27,2209,2024-05-12,ACTIVE,ICC JOOLA Summer Open,2421.0,2386.0,2023-05-06,2023-05-07
353,Emily,Tan,7638,91154,"Milpitas, CA",Silicon Valley Table Tennis Club (SVTTC),2330,2024-05-27,2209,2024-05-12,ACTIVE,ICC JOOLA Spring Open,2409.0,2412.0,2023-03-04,2023-03-05
353,Emily,Tan,7638,91154,"Milpitas, CA",Silicon Valley Table Tennis Club (SVTTC),2330,2024-05-27,2209,2024-05-12,ACTIVE,ICC JOOLA Winter Open,2294.0,2242.0,2022-12-03,2022-12-04
353,Emily,Tan,7638,91154,"Milpitas, CA",Silicon Valley Table Tennis Club (SVTTC),2330,2024-05-27,2209,2024-05-12,ACTIVE,ICC JOOLA Autumn Open,2230.0,2242.0,2022-10-15,2022-10-16
353,Emily,Tan,7638,91154,"Milpitas, CA",Silicon Valley Table Tennis Club (SVTTC),2330,2024-05-27,2209,2024-05-12,ACTIVE,ICC JOOLA Fall Open,2217.0,2230.0,2022-09-10,2022-09-11
353,Emily,Tan,7638,91154,"Milpitas, CA",Silicon Valley Table Tennis Club (SVTTC),2330,2024-05-27,2209,2024-05-12,ACTIVE,ICC JOOLA Spring Open 2022,2244.0,2195.0,2022-03-19,2022-03-20
353,Emily,Tan,7638,91154,"Milpitas, CA",Silicon Valley Table Tennis Club (SVTTC),2330,2024-05-27,2209,2024-05-12,ACTIVE,ICC JOOLA Winter Open 2021,2204.0,2244.0,2021-11-13,2021-11-14
353,Emily,Tan,7638,91154,"Milpitas, CA",Silicon Valley Table Tennis Club (SVTTC),2330,2024-05-27,2209,2024-05-12,ACTIVE,ICC JOOLA Fall Open 2021,2159.0,2204.0,2021-08-28,2021-08-29
353,Emily,Tan,7638,91154,"Milpitas, CA",Silicon Valley Table Tennis Club (SVTTC),2330,2024-05-27,2209,2024-05-12,ACTIVE,T2 CHALLENGE SEASON 2 SELECTION TRIALS AT ICC,2173.0,2162.0,2020-11-26,2020-11-27
353,Emily,Tan,7638,91154,"Milpitas, CA",Silicon Valley Table Tennis Club (SVTTC),2330,2024-05-27,2209,2024-05-12,ACTIVE,ICC Joola Fall Open 2020,2160.0,2173.0,2020-10-10,2020-10-11
353,Emily,Tan,7638,91154,"Milpitas, CA",Silicon Valley Table Tennis Club (SVTTC),2330,2024-05-27,2209,2024-05-12,ACTIVE,ICC JOOLA Spring Open 2020,2159.0,2160.0,2020-03-07,2020-03-08
353,Emily,Tan,7638,91154,"Milpitas, CA",Silicon Valley Table Tennis Club (SVTTC),2330,2024-05-27,2209,2024-05-12,ACTIVE,ICC JOOLA Winter Open,2199.0,2165.0,2019-11-08,2019-11-10
353,Emily,Tan,7638,91154,"Milpitas, CA",Silicon Valley Table Tennis Club (SVTTC),2330,2024-05-27,2209,2024-05-12,ACTIVE,ICC JOOLA Fall Open,2217.0,2157.0,2019-09-08,2019-09-08
353,Emily,Tan,7638,91154,"Milpitas, CA",Silicon Valley Table Tennis Club (SVTTC),2330,2024-05-27,2209,2024-05-12,ACTIVE,ICC Joola Spring Open,2209.0,2189.0,2019-05-12,2019-05-12
353,Emily,Tan,7638,91154,"Milpitas, CA",Silicon Valley Table Tennis Club (SVTTC),2330,2024-05-27,2209,2024-05-12,ACTIVE,2018 ICC Butterfly America Open,2126.0,2161.0,2018-12-07,2018-12-09
353,Emily,Tan,7638,91154,"Milpitas, CA",Silicon Valley Table Tennis Club (SVTTC),2330,2024-05-27,2209,2024-05-12,ACTIVE,ICC Butterfly America Open - 2018,1981.0,2001.0,2018-05-06,2018-05-06
353,Emily,Tan,7638,91154,"Milpitas, CA",Silicon Valley Table Tennis Club (SVTTC),2330,2024-05-27,2209,2024-05-12,ACTIVE,ICC Butterfly California State Open,2000.0,1982.0,2016-12-02,2016-12-04
353,Emily,Tan,7638,91154,"Milpitas, CA",Silicon Valley Table Tennis Club (SVTTC),2330,2024-05-27,2209,2024-05-12,ACTIVE,ICC STIGA California Open,1807.0,1837.0,2015-12-06,
353,Emily,Tan,7638,91154,"Milpitas, CA",Silicon Valley Table Tennis Club (SVTTC),2330,2024-05-27,2209,2024-05-12,ACTIVE,ICC STIGA California Open,1626.0,1643.0,2015-05-03,
353,Emily,Tan,7638,91154,"Milpitas, CA",Silicon Valley Table Tennis Club (SVTTC),2330,2024-05-27,2209,2024-05-12,ACTIVE,ICC California State Open,1419.0,1379.0,2014-12-07,
353,Emily,Tan,7638,91154,"Milpitas, CA",Silicon Valley Table Tennis Club (SVTTC),2330,2024-05-27,2209,2024-05-12,ACTIVE,ICC California State Open,822.0,1011.0,2014-04-06,
353,Emily,Tan,7638,91154,"Milpitas, CA",Silicon Valley Table Tennis Club (SVTTC),2330,2024-05-27,2209,2024-05-12,ACTIVE,ICC CA State Open,419.0,330.0,2013-12-08,
355,Yuan,Xia,178121,277121,Belmont,,2329,2024-09-02,2254,2024-08-25,ACTIVE,2023 ICC JOOLA Autumn Open,2236.0,2222.0,2023-10-28,2023-10-29
355,Yuan,Xia,178121,277121,Belmont,,2329,2024-09-02,2254,2024-08-25,ACTIVE,ICC JOOLA Summer Open,2282.0,2272.0,2023-05-06,2023-05-07
356,Brian,Chen,15130,31519,"Chicago, CA",,2327,2024-06-02,2201,2018-03-30,ACTIVE,ICC California State Open,2056.0,2107.0,2009-12-06,
356,Brian,Chen,15130,31519,"Chicago, CA",,2327,2024-06-02,2201,2018-03-30,ACTIVE,ICC California State Open,2032.0,2099.0,2009-03-01,
356,Brian,Chen,15130,31519,"Chicago, CA",,2327,2024-06-02,2201,2018-03-30,ACTIVE,ICC California State Open,2031.0,2034.0,2008-12-06,
376,Joshua,Mak,4910,82025,"Plano, TX",888 Table Tennis Center,2314,2024-08-24,2228,2022-06-05,ACTIVE,ICC JOOLA Winter Open 2021,2238.0,2225.0,2021-11-13,2021-11-14
376,Joshua,Mak,4910,82025,"Plano, TX",888 Table Tennis Center,2314,2024-08-24,2228,2022-06-05,ACTIVE,ICC JOOLA Fall Open 2021,2286.0,2276.0,2021-08-28,2021-08-29
377,Shawn,Fong,2193,85265,"Albany, CA",I Table Tennis,2313,2023-11-26,2248,2023-08-19,ACTIVE,ICC California State Open,911.0,908.0,2012-12-09,
377,Shawn,Fong,2193,85265,"Albany, CA",I Table Tennis,2313,2023-11-26,2248,2023-08-19,ACTIVE,ICC California State Open,669.0,709.0,2012-03-18,
383,Shuang,Wang,52015,86641,"New York, NY",PINGPOD,2310,2024-03-17,0,,ACTIVE,ICC California State Open,2360.0,2361.0,2014-12-07,
389,Tanish,Pendse,183081,282081,"Milpitas, CA",,2306,2024-05-27,2209,2024-05-12,ACTIVE,2024 ICC JOOLA Spring OPEN,2208.0,2212.0,2024-03-02,2024-03-03
393,Natalie,Chan,99840,198840,"San Jose, CA",888 Table Tennis Center,2304,2024-07-07,2174,2024-08-18,ACTIVE,2023 ICC JOOLA Autumn Open,2236.0,2238.0,2023-10-28,2023-10-29
393,Natalie,Chan,99840,198840,"San Jose, CA",888 Table Tennis Center,2304,2024-07-07,2174,2024-08-18,ACTIVE,ICC JOOLA Summer Open,2173.0,2286.0,2023-05-06,2023-05-07
393,Natalie,Chan,99840,198840,"San Jose, CA",888 Table Tennis Center,2304,2024-07-07,2174,2024-08-18,ACTIVE,ICC JOOLA Spring Open,2149.0,2203.0,2023-03-04,2023-03-05
393,Natalie,Chan,99840,198840,"San Jose, CA",888 Table Tennis Center,2304,2024-07-07,2174,2024-08-18,ACTIVE,ICC JOOLA Spring Open 2022,2145.0,2166.0,2022-03-19,2022-03-20
393,Natalie,Chan,99840,198840,"San Jose, CA",888 Table Tennis Center,2304,2024-07-07,2174,2024-08-18,ACTIVE,ICC JOOLA SUMMER OPEN- 2021,2044.0,2091.0,2021-05-29,2021-05-30
393,Natalie,Chan,99840,198840,"San Jose, CA",888 Table Tennis Center,2304,2024-07-07,2174,2024-08-18,ACTIVE,ICC Joola Spring Open 2021,2046.0,2061.0,2021-04-10,2021-04-11
393,Natalie,Chan,99840,198840,"San Jose, CA",888 Table Tennis Center,2304,2024-07-07,2174,2024-08-18,ACTIVE,ICC JOOLA Winter Open,2030.0,2015.0,2019-11-08,2019-11-10
393,Natalie,Chan,99840,198840,"San Jose, CA",888 Table Tennis Center,2304,2024-07-07,2174,2024-08-18,ACTIVE,ICC JOOLA Fall Open,1961.0,1968.0,2019-09-08,2019-09-08
393,Natalie,Chan,99840,198840,"San Jose, CA",888 Table Tennis Center,2304,2024-07-07,2174,2024-08-18,ACTIVE,ICC Joola Spring Open,1972.0,1961.0,2019-05-12,2019-05-12
393,Natalie,Chan,99840,198840,"San Jose, CA",888 Table Tennis Center,2304,2024-07-07,2174,2024-08-18,ACTIVE,ICC Butterfly Winter Open,1930.0,1916.0,2019-02-24,2019-02-24
393,Natalie,Chan,99840,198840,"San Jose, CA",888 Table Tennis Center,2304,2024-07-07,2174,2024-08-18,ACTIVE,2018 ICC Butterfly America Open,1843.0,1854.0,2018-12-07,2018-12-09
393,Natalie,Chan,99840,198840,"San Jose, CA",888 Table Tennis Center,2304,2024-07-07,2174,2024-08-18,ACTIVE,ICC Butterfly California State Open,571.0,621.0,2016-12-02,2016-12-04
394,Revant,Kasichainula,102131,98253,"Fremont, CA",Kou Lei Table Tennis Club,2302,2024-05-27,2218,2024-04-28,ACTIVE,ICC JOOLA Autumn Open,2216.0,2160.0,2022-10-15,2022-10-16
394,Revant,Kasichainula,102131,98253,"Fremont, CA",Kou Lei Table Tennis Club,2302,2024-05-27,2218,2024-04-28,ACTIVE,ICC JOOLA Summer Open,2210.0,2223.0,2022-05-14,2022-05-15
394,Revant,Kasichainula,102131,98253,"Fremont, CA",Kou Lei Table Tennis Club,2302,2024-05-27,2218,2024-04-28,ACTIVE,ICC JOOLA Spring Open 2022,2164.0,2201.0,2022-03-19,2022-03-20
394,Revant,Kasichainula,102131,98253,"Fremont, CA",Kou Lei Table Tennis Club,2302,2024-05-27,2218,2024-04-28,ACTIVE,ICC JOOLA Winter Open 2021,2173.0,2179.0,2021-11-13,2021-11-14
394,Revant,Kasichainula,102131,98253,"Fremont, CA",Kou Lei Table Tennis Club,2302,2024-05-27,2218,2024-04-28,ACTIVE,ICC JOOLA Fall Open 2021,2125.0,2173.0,2021-08-28,2021-08-29
394,Revant,Kasichainula,102131,98253,"Fremont, CA",Kou Lei Table Tennis Club,2302,2024-05-27,2218,2024-04-28,ACTIVE,ICC JOOLA SUMMER OPEN- 2021,2185.0,2138.0,2021-05-29,2021-05-30
394,Revant,Kasichainula,102131,98253,"Fremont, CA",Kou Lei Table Tennis Club,2302,2024-05-27,2218,2024-04-28,ACTIVE,ICC Joola Spring Open 2021,2128.0,2112.0,2021-04-10,2021-04-11
394,Revant,Kasichainula,102131,98253,"Fremont, CA",Kou Lei Table Tennis Club,2302,2024-05-27,2218,2024-04-28,ACTIVE,ICC Joola Fall Open 2020,2129.0,2128.0,2020-10-10,2020-10-11
394,Revant,Kasichainula,102131,98253,"Fremont, CA",Kou Lei Table Tennis Club,2302,2024-05-27,2218,2024-04-28,ACTIVE,ICC JOOLA Spring Open 2020,2119.0,2129.0,2020-03-07,2020-03-08
394,Revant,Kasichainula,102131,98253,"Fremont, CA",Kou Lei Table Tennis Club,2302,2024-05-27,2218,2024-04-28,ACTIVE,ICC JOOLA Winter Open,2141.0,2130.0,2019-11-08,2019-11-10
394,Revant,Kasichainula,102131,98253,"Fremont, CA",Kou Lei Table Tennis Club,2302,2024-05-27,2218,2024-04-28,ACTIVE,ICC Joola Spring Open,2049.0,2044.0,2019-05-12,2019-05-12
394,Revant,Kasichainula,102131,98253,"Fremont, CA",Kou Lei Table Tennis Club,2302,2024-05-27,2218,2024-04-28,ACTIVE,ICC Butterfly Winter Open,2055.0,2050.0,2019-02-24,2019-02-24
394,Revant,Kasichainula,102131,98253,"Fremont, CA",Kou Lei Table Tennis Club,2302,2024-05-27,2218,2024-04-28,ACTIVE,2018 ICC Butterfly America Open,2018.0,2055.0,2018-12-07,2018-12-09
394,Revant,Kasichainula,102131,98253,"Fremont, CA",Kou Lei Table Tennis Club,2302,2024-05-27,2218,2024-04-28,ACTIVE,ICC Butterfly America Open - 2018,1960.0,1965.0,2018-05-06,2018-05-06
394,Revant,Kasichainula,102131,98253,"Fremont, CA",Kou Lei Table Tennis Club,2302,2024-05-27,2218,2024-04-28,ACTIVE,ICC Butterfly California State Open,1356.0,1365.0,2016-12-02,2016-12-04
394,Revant,Kasichainula,102131,98253,"Fremont, CA",Kou Lei Table Tennis Club,2302,2024-05-27,2218,2024-04-28,ACTIVE,ICC STIGA California Open,0.0,117.0,2015-12-06,
411,Jayden,Cai,163852,262852,"Katy, TX",Houston International Table Tennis Academy (HITTA),2293,2024-05-27,2197,2024-05-05,ACTIVE,ICC JOOLA SUMMER OPEN- 2021,1508.0,1506.0,2021-05-29,2021-05-30
412,Ravi,Ganapathy,113689,212689,"Centennial, CA",,2292,2021-11-28,2261,2016-11-20,ACTIVE,ICC Butterfly California State Open,2132.0,2170.0,2016-12-02,2016-12-04
415,Vinay,Chandra,1045,34825,"Highlands Ranch, CO",Mile High Table Tennis Academy,2290,2024-08-04,2176,2024-05-25,ACTIVE,ICC Joola Spring Open 2021,2284.0,2229.0,2021-04-10,2021-04-11
415,Vinay,Chandra,1045,34825,"Highlands Ranch, CO",Mile High Table Tennis Academy,2290,2024-08-04,2176,2024-05-25,ACTIVE,ICC Joola Fall Open 2020,2217.0,2209.0,2020-10-10,2020-10-11
417,Tashiya,Piyadasa,123763,222763,"Fountain Valley, CA",Orange County Table Tennis Academy,2289,2024-07-07,0,,ACTIVE,ICC Joola Fall Open 2020,1594.0,1612.0,2020-10-10,2020-10-11
424,Yurina,Okamoto,184260,283260,,,2287,2024-09-02,0,,ACTIVE,2024 ICC JOOLA Fall OPEN,2290.0,2297.0,2024-08-24,2024-08-25
424,Yurina,Okamoto,184260,283260,,,2287,2024-09-02,0,,ACTIVE,2024 ICC JOOLA Summer OPEN,2254.0,2290.0,2024-05-04,2024-05-05
427,Jonathan,Hu,3178,95282,"Dublin, CA",888 Table Tennis Center,2285,2023-07-07,2136,2023-06-11,ACTIVE,ICC Joola Spring Open 2021,2108.0,2111.0,2021-04-10,2021-04-11
427,Jonathan,Hu,3178,95282,"Dublin, CA",888 Table Tennis Center,2285,2023-07-07,2136,2023-06-11,ACTIVE,ICC Joola Fall Open 2020,2108.0,2108.0,2020-10-10,2020-10-11
427,Jonathan,Hu,3178,95282,"Dublin, CA",888 Table Tennis Center,2285,2023-07-07,2136,2023-06-11,ACTIVE,ICC Butterfly Winter Open,1946.0,1976.0,2019-02-24,2019-02-24
427,Jonathan,Hu,3178,95282,"Dublin, CA",888 Table Tennis Center,2285,2023-07-07,2136,2023-06-11,ACTIVE,2018 ICC Butterfly America Open,1929.0,1946.0,2018-12-07,2018-12-09
427,Jonathan,Hu,3178,95282,"Dublin, CA",888 Table Tennis Center,2285,2023-07-07,2136,2023-06-11,ACTIVE,ICC Hopes Qualification Tournament,1196.0,1196.0,2016-03-05,2016-03-05
427,Jonathan,Hu,3178,95282,"Dublin, CA",888 Table Tennis Center,2285,2023-07-07,2136,2023-06-11,ACTIVE,ICC STIGA California Open,76.0,117.0,2015-05-03,
427,Jonathan,Hu,3178,95282,"Dublin, CA",888 Table Tennis Center,2285,2023-07-07,2136,2023-06-11,ACTIVE,ICC California State Open,0.0,76.0,2014-12-07,
430,Priyan,Jindal,3464,90352,"San Jose, CA",888 Table Tennis Center,2284,2024-06-22,2068,2021-09-19,ACTIVE,ICC JOOLA Spring Open 2022,2228.0,2222.0,2022-03-19,2022-03-20
430,Priyan,Jindal,3464,90352,"San Jose, CA",888 Table Tennis Center,2284,2024-06-22,2068,2021-09-19,ACTIVE,ICC JOOLA SUMMER OPEN- 2021,2137.0,2142.0,2021-05-29,2021-05-30
430,Priyan,Jindal,3464,90352,"San Jose, CA",888 Table Tennis Center,2284,2024-06-22,2068,2021-09-19,ACTIVE,ICC Joola Spring Open 2021,2162.0,2141.0,2021-04-10,2021-04-11
430,Priyan,Jindal,3464,90352,"San Jose, CA",888 Table Tennis Center,2284,2024-06-22,2068,2021-09-19,ACTIVE,T2 CHALLENGE SEASON 2 SELECTION TRIALS AT ICC,2166.0,2162.0,2020-11-26,2020-11-27
430,Priyan,Jindal,3464,90352,"San Jose, CA",888 Table Tennis Center,2284,2024-06-22,2068,2021-09-19,ACTIVE,ICC Joola Fall Open 2020,2138.0,2166.0,2020-10-10,2020-10-11
430,Priyan,Jindal,3464,90352,"San Jose, CA",888 Table Tennis Center,2284,2024-06-22,2068,2021-09-19,ACTIVE,ICC JOOLA Spring Open 2020,2162.0,2138.0,2020-03-07,2020-03-08
430,Priyan,Jindal,3464,90352,"San Jose, CA",888 Table Tennis Center,2284,2024-06-22,2068,2021-09-19,ACTIVE,ICC JOOLA Winter Open,2224.0,2162.0,2019-11-08,2019-11-10
430,Priyan,Jindal,3464,90352,"San Jose, CA",888 Table Tennis Center,2284,2024-06-22,2068,2021-09-19,ACTIVE,ICC JOOLA Fall Open,2197.0,2224.0,2019-09-08,2019-09-08
430,Priyan,Jindal,3464,90352,"San Jose, CA",888 Table Tennis Center,2284,2024-06-22,2068,2021-09-19,ACTIVE,ICC Joola Spring Open,2197.0,2178.0,2019-05-12,2019-05-12
430,Priyan,Jindal,3464,90352,"San Jose, CA",888 Table Tennis Center,2284,2024-06-22,2068,2021-09-19,ACTIVE,ICC Butterfly Winter Open,2162.0,2197.0,2019-02-24,2019-02-24
430,Priyan,Jindal,3464,90352,"San Jose, CA",888 Table Tennis Center,2284,2024-06-22,2068,2021-09-19,ACTIVE,2018 ICC Butterfly America Open,2155.0,2162.0,2018-12-07,2018-12-09
430,Priyan,Jindal,3464,90352,"San Jose, CA",888 Table Tennis Center,2284,2024-06-22,2068,2021-09-19,ACTIVE,ICC Butterfly America Open - 2018,1990.0,2031.0,2018-05-06,2018-05-06
430,Priyan,Jindal,3464,90352,"San Jose, CA",888 Table Tennis Center,2284,2024-06-22,2068,2021-09-19,ACTIVE,ICC Butterfly California State Open,1695.0,1723.0,2016-12-02,2016-12-04
430,Priyan,Jindal,3464,90352,"San Jose, CA",888 Table Tennis Center,2284,2024-06-22,2068,2021-09-19,ACTIVE,ICC STIGA California Open,1424.0,1679.0,2015-12-06,
430,Priyan,Jindal,3464,90352,"San Jose, CA",888 Table Tennis Center,2284,2024-06-22,2068,2021-09-19,ACTIVE,ICC STIGA California Open,615.0,1273.0,2015-05-03,
430,Priyan,Jindal,3464,90352,"San Jose, CA",888 Table Tennis Center,2284,2024-06-22,2068,2021-09-19,ACTIVE,ICC California State Open,308.0,615.0,2014-12-07,
430,Priyan,Jindal,3464,90352,"San Jose, CA",888 Table Tennis Center,2284,2024-06-22,2068,2021-09-19,ACTIVE,ICC California State Open,229.0,292.0,2014-04-06,
430,Priyan,Jindal,3464,90352,"San Jose, CA",888 Table Tennis Center,2284,2024-06-22,2068,2021-09-19,ACTIVE,ICC CA State Open,0.0,219.0,2013-12-08,
442,Renny,Gong,2521,76025,"Diamond Bar, CA",Grace Lin TTC,2279,2018-03-02,0,,ACTIVE,ICC STIGA California Open,2257.0,2255.0,2015-05-03,
445,Martin,Rogers,43290,80095,"Newport Beach *, CA",,2276,2021-12-22,2228,2021-11-07,ACTIVE,ICC Joola Fall Open 2020,2257.0,2275.0,2020-10-10,2020-10-11
445,Martin,Rogers,43290,80095,"Newport Beach *, CA",,2276,2021-12-22,2228,2021-11-07,ACTIVE,ICC California State Open,1916.0,2369.0,2009-05-10,
451,Tuan Dai,Le Md,4197,47064,"Pomona, CA",Orange County Table Tennis Academy,2272,2024-06-02,2369,2015-05-12,ACTIVE,ICC California State Open,2307.0,2328.0,2014-04-06,
454,Tanish,Balamurugan,131805,230805,"Milpitas, CA",888 Table Tennis Center,2272,2024-09-02,2105,2024-09-07,ACTIVE,2023 ICC JOOLA Autumn Open,2186.0,2215.0,2023-10-28,2023-10-29
454,Tanish,Balamurugan,131805,230805,"Milpitas, CA",888 Table Tennis Center,2272,2024-09-02,2105,2024-09-07,ACTIVE,ICC JOOLA Fall Open,2207.0,2191.0,2023-08-26,2023-08-27
454,Tanish,Balamurugan,131805,230805,"Milpitas, CA",888 Table Tennis Center,2272,2024-09-02,2105,2024-09-07,ACTIVE,ICC JOOLA Summer Open,2111.0,2099.0,2023-05-06,2023-05-07
454,Tanish,Balamurugan,131805,230805,"Milpitas, CA",888 Table Tennis Center,2272,2024-09-02,2105,2024-09-07,ACTIVE,ICC JOOLA Spring Open,2118.0,2109.0,2023-03-04,2023-03-05
454,Tanish,Balamurugan,131805,230805,"Milpitas, CA",888 Table Tennis Center,2272,2024-09-02,2105,2024-09-07,ACTIVE,ICC JOOLA Winter Open,1990.0,2067.0,2022-12-03,2022-12-04
454,Tanish,Balamurugan,131805,230805,"Milpitas, CA",888 Table Tennis Center,2272,2024-09-02,2105,2024-09-07,ACTIVE,ICC JOOLA Fall Open,1877.0,1876.0,2022-09-10,2022-09-11
454,Tanish,Balamurugan,131805,230805,"Milpitas, CA",888 Table Tennis Center,2272,2024-09-02,2105,2024-09-07,ACTIVE,ICC JOOLA Summer Open,1989.0,1888.0,2022-05-14,2022-05-15
454,Tanish,Balamurugan,131805,230805,"Milpitas, CA",888 Table Tennis Center,2272,2024-09-02,2105,2024-09-07,ACTIVE,ICC JOOLA Spring Open 2022,1758.0,1980.0,2022-03-19,2022-03-20
454,Tanish,Balamurugan,131805,230805,"Milpitas, CA",888 Table Tennis Center,2272,2024-09-02,2105,2024-09-07,ACTIVE,ICC JOOLA Fall Open 2021,1443.0,1600.0,2021-08-28,2021-08-29
454,Tanish,Balamurugan,131805,230805,"Milpitas, CA",888 Table Tennis Center,2272,2024-09-02,2105,2024-09-07,ACTIVE,ICC JOOLA SUMMER OPEN- 2021,1418.0,1368.0,2021-05-29,2021-05-30
454,Tanish,Balamurugan,131805,230805,"Milpitas, CA",888 Table Tennis Center,2272,2024-09-02,2105,2024-09-07,ACTIVE,ICC Joola Spring Open 2021,1482.0,1434.0,2021-04-10,2021-04-11
454,Tanish,Balamurugan,131805,230805,"Milpitas, CA",888 Table Tennis Center,2272,2024-09-02,2105,2024-09-07,ACTIVE,ICC Joola Fall Open 2020,1431.0,1482.0,2020-10-10,2020-10-11
454,Tanish,Balamurugan,131805,230805,"Milpitas, CA",888 Table Tennis Center,2272,2024-09-02,2105,2024-09-07,ACTIVE,ICC JOOLA Spring Open 2020,1287.0,1431.0,2020-03-07,2020-03-08
454,Tanish,Balamurugan,131805,230805,"Milpitas, CA",888 Table Tennis Center,2272,2024-09-02,2105,2024-09-07,ACTIVE,ICC JOOLA Winter Open,609.0,767.0,2019-11-08,2019-11-10
454,Tanish,Balamurugan,131805,230805,"Milpitas, CA",888 Table Tennis Center,2272,2024-09-02,2105,2024-09-07,ACTIVE,ICC JOOLA Fall Open,329.0,564.0,2019-09-08,2019-09-08
459,Rocky,Wang,8301,47976,"Brooklyn, NY",,2269,2018-03-02,2310,2010-02-08,ACTIVE,ICC CA State Open,2409.0,2411.0,2010-02-28,
466,James,Therriault,7761,10533,"Sacramento, CA",Sacramento Table Tennis Club,2264,2024-07-28,2211,2022-08-20,ACTIVE,2024 ICC JOOLA Summer OPEN,2148.0,2227.0,2024-05-04,2024-05-05
466,James,Therriault,7761,10533,"Sacramento, CA",Sacramento Table Tennis Club,2264,2024-07-28,2211,2022-08-20,ACTIVE,2024 ICC JOOLA Spring OPEN,2211.0,2131.0,2024-03-02,2024-03-03
466,James,Therriault,7761,10533,"Sacramento, CA",Sacramento Table Tennis Club,2264,2024-07-28,2211,2022-08-20,ACTIVE,ICC JOOLA Summer Open,2146.0,2163.0,2023-05-06,2023-05-07
466,James,Therriault,7761,10533,"Sacramento, CA",Sacramento Table Tennis Club,2264,2024-07-28,2211,2022-08-20,ACTIVE,ICC JOOLA Spring Open,2185.0,2162.0,2023-03-04,2023-03-05
466,James,Therriault,7761,10533,"Sacramento, CA",Sacramento Table Tennis Club,2264,2024-07-28,2211,2022-08-20,ACTIVE,ICC JOOLA Winter Open,2193.0,2183.0,2022-12-03,2022-12-04
466,James,Therriault,7761,10533,"Sacramento, CA",Sacramento Table Tennis Club,2264,2024-07-28,2211,2022-08-20,ACTIVE,ICC JOOLA Autumn Open,2233.0,2191.0,2022-10-15,2022-10-16
466,James,Therriault,7761,10533,"Sacramento, CA",Sacramento Table Tennis Club,2264,2024-07-28,2211,2022-08-20,ACTIVE,ICC JOOLA Fall Open,2262.0,2263.0,2022-09-10,2022-09-11
466,James,Therriault,7761,10533,"Sacramento, CA",Sacramento Table Tennis Club,2264,2024-07-28,2211,2022-08-20,ACTIVE,ICC JOOLA Summer Open,2224.0,2258.0,2022-05-14,2022-05-15
466,James,Therriault,7761,10533,"Sacramento, CA",Sacramento Table Tennis Club,2264,2024-07-28,2211,2022-08-20,ACTIVE,ICC JOOLA Spring Open 2022,2223.0,2224.0,2022-03-19,2022-03-20
466,James,Therriault,7761,10533,"Sacramento, CA",Sacramento Table Tennis Club,2264,2024-07-28,2211,2022-08-20,ACTIVE,ICC JOOLA Winter Open 2021,2225.0,2219.0,2021-11-13,2021-11-14
466,James,Therriault,7761,10533,"Sacramento, CA",Sacramento Table Tennis Club,2264,2024-07-28,2211,2022-08-20,ACTIVE,ICC JOOLA Fall Open 2021,2215.0,2255.0,2021-08-28,2021-08-29
466,James,Therriault,7761,10533,"Sacramento, CA",Sacramento Table Tennis Club,2264,2024-07-28,2211,2022-08-20,ACTIVE,T2 CHALLENGE SEASON 2 SELECTION TRIALS AT ICC,2181.0,2186.0,2020-11-26,2020-11-27
466,James,Therriault,7761,10533,"Sacramento, CA",Sacramento Table Tennis Club,2264,2024-07-28,2211,2022-08-20,ACTIVE,ICC Joola Fall Open 2020,2173.0,2181.0,2020-10-10,2020-10-11
466,James,Therriault,7761,10533,"Sacramento, CA",Sacramento Table Tennis Club,2264,2024-07-28,2211,2022-08-20,ACTIVE,ICC JOOLA Spring Open 2020,2191.0,2173.0,2020-03-07,2020-03-08
466,James,Therriault,7761,10533,"Sacramento, CA",Sacramento Table Tennis Club,2264,2024-07-28,2211,2022-08-20,ACTIVE,ICC JOOLA Fall Open,2247.0,2261.0,2019-09-08,2019-09-08
466,James,Therriault,7761,10533,"Sacramento, CA",Sacramento Table Tennis Club,2264,2024-07-28,2211,2022-08-20,ACTIVE,ICC Butterfly Winter Open,2167.0,2187.0,2019-02-24,2019-02-24
466,James,Therriault,7761,10533,"Sacramento, CA",Sacramento Table Tennis Club,2264,2024-07-28,2211,2022-08-20,ACTIVE,2018 ICC Butterfly America Open,2227.0,2240.0,2018-12-07,2018-12-09
466,James,Therriault,7761,10533,"Sacramento, CA",Sacramento Table Tennis Club,2264,2024-07-28,2211,2022-08-20,ACTIVE,ICC Butterfly America Open - 2018,2263.0,2258.0,2018-05-06,2018-05-06
466,James,Therriault,7761,10533,"Sacramento, CA",Sacramento Table Tennis Club,2264,2024-07-28,2211,2022-08-20,ACTIVE,ICC Butterfly California State Open,2236.0,2232.0,2016-12-02,2016-12-04
466,James,Therriault,7761,10533,"Sacramento, CA",Sacramento Table Tennis Club,2264,2024-07-28,2211,2022-08-20,ACTIVE,ICC California State Open,2179.0,2163.0,2014-12-07,
466,James,Therriault,7761,10533,"Sacramento, CA",Sacramento Table Tennis Club,2264,2024-07-28,2211,2022-08-20,ACTIVE,ICC CA State Open,2135.0,2219.0,2013-12-08,
466,James,Therriault,7761,10533,"Sacramento, CA",Sacramento Table Tennis Club,2264,2024-07-28,2211,2022-08-20,ACTIVE,ICC CA State Open,2227.0,2212.0,2013-05-19,
466,James,Therriault,7761,10533,"Sacramento, CA",Sacramento Table Tennis Club,2264,2024-07-28,2211,2022-08-20,ACTIVE,ICC CA State Open,2271.0,2238.0,2013-02-17,
466,James,Therriault,7761,10533,"Sacramento, CA",Sacramento Table Tennis Club,2264,2024-07-28,2211,2022-08-20,ACTIVE,ICC California State Open,2213.0,2224.0,2012-05-27,
466,James,Therriault,7761,10533,"Sacramento, CA",Sacramento Table Tennis Club,2264,2024-07-28,2211,2022-08-20,ACTIVE,ICC CA State Open,2212.0,2200.0,2010-12-05,
466,James,Therriault,7761,10533,"Sacramento, CA",Sacramento Table Tennis Club,2264,2024-07-28,2211,2022-08-20,ACTIVE,ICC CA State Open,2246.0,2183.0,2010-05-02,
466,James,Therriault,7761,10533,"Sacramento, CA",Sacramento Table Tennis Club,2264,2024-07-28,2211,2022-08-20,ACTIVE,ICC California State Open,2250.0,2253.0,2009-05-10,
466,James,Therriault,7761,10533,"Sacramento, CA",Sacramento Table Tennis Club,2264,2024-07-28,2211,2022-08-20,ACTIVE,ICC California State Open,2265.0,2282.0,2009-03-01,
466,James,Therriault,7761,10533,"Sacramento, CA",Sacramento Table Tennis Club,2264,2024-07-28,2211,2022-08-20,ACTIVE,ICC California State Open,2283.0,2265.0,2008-12-06,
467,XIN,LI,171645,270645,"FREMONT, CA",ICC Table Tennis Center,2264,2024-05-05,2292,2024-03-16,ACTIVE,2024 ICC JOOLA Summer OPEN,2264.0,2264.0,2024-05-04,2024-05-05
467,XIN,LI,171645,270645,"FREMONT, CA",ICC Table Tennis Center,2264,2024-05-05,2292,2024-03-16,ACTIVE,2024 ICC JOOLA Spring OPEN,2257.0,2264.0,2024-03-02,2024-03-03
467,XIN,LI,171645,270645,"FREMONT, CA",ICC Table Tennis Center,2264,2024-05-05,2292,2024-03-16,ACTIVE,2023 ICC JOOLA Winter Open,2253.0,2257.0,2023-12-02,2023-12-03
467,XIN,LI,171645,270645,"FREMONT, CA",ICC Table Tennis Center,2264,2024-05-05,2292,2024-03-16,ACTIVE,2023 ICC JOOLA Autumn Open,2248.0,2253.0,2023-10-28,2023-10-29
467,XIN,LI,171645,270645,"FREMONT, CA",ICC Table Tennis Center,2264,2024-05-05,2292,2024-03-16,ACTIVE,ICC JOOLA Fall Open,2252.0,2248.0,2023-08-26,2023-08-27
467,XIN,LI,171645,270645,"FREMONT, CA",ICC Table Tennis Center,2264,2024-05-05,2292,2024-03-16,ACTIVE,ICC JOOLA Summer Open,2274.0,2253.0,2023-05-06,2023-05-07
467,XIN,LI,171645,270645,"FREMONT, CA",ICC Table Tennis Center,2264,2024-05-05,2292,2024-03-16,ACTIVE,ICC JOOLA Winter Open,2288.0,2283.0,2022-12-03,2022-12-04
467,XIN,LI,171645,270645,"FREMONT, CA",ICC Table Tennis Center,2264,2024-05-05,2292,2024-03-16,ACTIVE,ICC JOOLA Autumn Open,2272.0,2288.0,2022-10-15,2022-10-16
467,XIN,LI,171645,270645,"FREMONT, CA",ICC Table Tennis Center,2264,2024-05-05,2292,2024-03-16,ACTIVE,ICC JOOLA Fall Open,2274.0,2272.0,2022-09-10,2022-09-11
467,XIN,LI,171645,270645,"FREMONT, CA",ICC Table Tennis Center,2264,2024-05-05,2292,2024-03-16,ACTIVE,ICC JOOLA Summer Open,2247.0,2245.0,2022-05-14,2022-05-15
467,XIN,LI,171645,270645,"FREMONT, CA",ICC Table Tennis Center,2264,2024-05-05,2292,2024-03-16,ACTIVE,ICC JOOLA Winter Open 2021,2263.0,2269.0,2021-11-13,2021-11-14
469,Vikash,Sahu,6731,28377,"North Potomac, MD",Club JOOLA,2262,2024-08-25,2159,2020-01-11,ACTIVE,ICC JOOLA Spring Open 2020,2190.0,2218.0,2020-03-07,2020-03-08
469,Vikash,Sahu,6731,28377,"North Potomac, MD",Club JOOLA,2262,2024-08-25,2159,2020-01-11,ACTIVE,ICC JOOLA Fall Open,2254.0,2248.0,2019-09-08,2019-09-08
469,Vikash,Sahu,6731,28377,"North Potomac, MD",Club JOOLA,2262,2024-08-25,2159,2020-01-11,ACTIVE,ICC Butterfly Winter Open,2201.0,2210.0,2019-02-24,2019-02-24
469,Vikash,Sahu,6731,28377,"North Potomac, MD",Club JOOLA,2262,2024-08-25,2159,2020-01-11,ACTIVE,2018 ICC Butterfly America Open,2223.0,2207.0,2018-12-07,2018-12-09
469,Vikash,Sahu,6731,28377,"North Potomac, MD",Club JOOLA,2262,2024-08-25,2159,2020-01-11,ACTIVE,ICC Butterfly America Open - 2018,2183.0,2208.0,2018-05-06,2018-05-06
473,Om,Narvekar,118143,217143,Saratoga,,2258,2024-07-28,2133,2024-08-18,ACTIVE,2024 ICC JOOLA Summer OPEN,2211.0,2199.0,2024-05-04,2024-05-05
473,Om,Narvekar,118143,217143,Saratoga,,2258,2024-07-28,2133,2024-08-18,ACTIVE,2024 ICC JOOLA Spring OPEN,2248.0,2240.0,2024-03-02,2024-03-03
473,Om,Narvekar,118143,217143,Saratoga,,2258,2024-07-28,2133,2024-08-18,ACTIVE,ICC JOOLA Fall Open,2128.0,2123.0,2023-08-26,2023-08-27
473,Om,Narvekar,118143,217143,Saratoga,,2258,2024-07-28,2133,2024-08-18,ACTIVE,ICC JOOLA Summer Open,2104.0,2087.0,2023-05-06,2023-05-07
473,Om,Narvekar,118143,217143,Saratoga,,2258,2024-07-28,2133,2024-08-18,ACTIVE,ICC JOOLA Spring Open,2061.0,2023.0,2023-03-04,2023-03-05
473,Om,Narvekar,118143,217143,Saratoga,,2258,2024-07-28,2133,2024-08-18,ACTIVE,ICC JOOLA Winter Open,1620.0,1784.0,2022-12-03,2022-12-04
476,Kenneth,Pinili,6165,34207,"San Jose, CA",,2257,2024-01-27,2099,2024-07-27,ACTIVE,2023 ICC JOOLA Winter Open,2155.0,2097.0,2023-12-02,2023-12-03
476,Kenneth,Pinili,6165,34207,"San Jose, CA",,2257,2024-01-27,2099,2024-07-27,ACTIVE,ICC JOOLA Summer Open,2137.0,2129.0,2023-05-06,2023-05-07
476,Kenneth,Pinili,6165,34207,"San Jose, CA",,2257,2024-01-27,2099,2024-07-27,ACTIVE,ICC JOOLA Spring Open,2129.0,2145.0,2023-03-04,2023-03-05
476,Kenneth,Pinili,6165,34207,"San Jose, CA",,2257,2024-01-27,2099,2024-07-27,ACTIVE,ICC JOOLA Winter Open,2172.0,2172.0,2022-12-03,2022-12-04
476,Kenneth,Pinili,6165,34207,"San Jose, CA",,2257,2024-01-27,2099,2024-07-27,ACTIVE,ICC JOOLA Summer Open,2147.0,2157.0,2022-05-14,2022-05-15
476,Kenneth,Pinili,6165,34207,"San Jose, CA",,2257,2024-01-27,2099,2024-07-27,ACTIVE,ICC JOOLA Spring Open 2022,2120.0,2135.0,2022-03-19,2022-03-20
476,Kenneth,Pinili,6165,34207,"San Jose, CA",,2257,2024-01-27,2099,2024-07-27,ACTIVE,ICC JOOLA Winter Open 2021,2161.0,2142.0,2021-11-13,2021-11-14
476,Kenneth,Pinili,6165,34207,"San Jose, CA",,2257,2024-01-27,2099,2024-07-27,ACTIVE,ICC Joola Fall Open 2020,2239.0,2226.0,2020-10-10,2020-10-11
476,Kenneth,Pinili,6165,34207,"San Jose, CA",,2257,2024-01-27,2099,2024-07-27,ACTIVE,ICC JOOLA Spring Open 2020,2101.0,2239.0,2020-03-07,2020-03-08
476,Kenneth,Pinili,6165,34207,"San Jose, CA",,2257,2024-01-27,2099,2024-07-27,ACTIVE,ICC JOOLA Fall Open,2139.0,2175.0,2019-09-08,2019-09-08
476,Kenneth,Pinili,6165,34207,"San Jose, CA",,2257,2024-01-27,2099,2024-07-27,ACTIVE,ICC Joola Spring Open,2171.0,2169.0,2019-05-12,2019-05-12
476,Kenneth,Pinili,6165,34207,"San Jose, CA",,2257,2024-01-27,2099,2024-07-27,ACTIVE,ICC Butterfly Winter Open,2206.0,2193.0,2019-02-24,2019-02-24
476,Kenneth,Pinili,6165,34207,"San Jose, CA",,2257,2024-01-27,2099,2024-07-27,ACTIVE,2018 ICC Butterfly America Open,2223.0,2206.0,2018-12-07,2018-12-09
476,Kenneth,Pinili,6165,34207,"San Jose, CA",,2257,2024-01-27,2099,2024-07-27,ACTIVE,ICC Butterfly California State Open,2116.0,2111.0,2016-12-02,2016-12-04
476,Kenneth,Pinili,6165,34207,"San Jose, CA",,2257,2024-01-27,2099,2024-07-27,ACTIVE,ICC STIGA California Open,2023.0,2032.0,2015-12-06,
476,Kenneth,Pinili,6165,34207,"San Jose, CA",,2257,2024-01-27,2099,2024-07-27,ACTIVE,ICC STIGA California Open,2055.0,2029.0,2015-05-03,
476,Kenneth,Pinili,6165,34207,"San Jose, CA",,2257,2024-01-27,2099,2024-07-27,ACTIVE,ICC California State Open,2074.0,2061.0,2014-12-07,
476,Kenneth,Pinili,6165,34207,"San Jose, CA",,2257,2024-01-27,2099,2024-07-27,ACTIVE,ICC California State Open,2099.0,2098.0,2014-04-06,
476,Kenneth,Pinili,6165,34207,"San Jose, CA",,2257,2024-01-27,2099,2024-07-27,ACTIVE,ICC CA State Open,2137.0,2099.0,2013-12-08,
477,Kagan,Feng,119625,218625,"Pleasanton, CA",,2256,2024-05-05,2114,2024-07-27,ACTIVE,2024 ICC JOOLA Summer OPEN,2259.0,2256.0,2024-05-04,2024-05-05
477,Kagan,Feng,119625,218625,"Pleasanton, CA",,2256,2024-05-05,2114,2024-07-27,ACTIVE,2024 ICC JOOLA Spring OPEN,2250.0,2259.0,2024-03-02,2024-03-03
477,Kagan,Feng,119625,218625,"Pleasanton, CA",,2256,2024-05-05,2114,2024-07-27,ACTIVE,2023 ICC JOOLA Winter Open,2250.0,2250.0,2023-12-02,2023-12-03
477,Kagan,Feng,119625,218625,"Pleasanton, CA",,2256,2024-05-05,2114,2024-07-27,ACTIVE,2023 ICC JOOLA Autumn Open,2253.0,2250.0,2023-10-28,2023-10-29
477,Kagan,Feng,119625,218625,"Pleasanton, CA",,2256,2024-05-05,2114,2024-07-27,ACTIVE,ICC JOOLA Fall Open,2248.0,2253.0,2023-08-26,2023-08-27
477,Kagan,Feng,119625,218625,"Pleasanton, CA",,2256,2024-05-05,2114,2024-07-27,ACTIVE,ICC JOOLA Summer Open,2179.0,2163.0,2023-05-06,2023-05-07
477,Kagan,Feng,119625,218625,"Pleasanton, CA",,2256,2024-05-05,2114,2024-07-27,ACTIVE,ICC JOOLA Spring Open,2102.0,2179.0,2023-03-04,2023-03-05
477,Kagan,Feng,119625,218625,"Pleasanton, CA",,2256,2024-05-05,2114,2024-07-27,ACTIVE,ICC JOOLA Winter Open,2085.0,2110.0,2022-12-03,2022-12-04
477,Kagan,Feng,119625,218625,"Pleasanton, CA",,2256,2024-05-05,2114,2024-07-27,ACTIVE,ICC JOOLA Autumn Open,2116.0,2085.0,2022-10-15,2022-10-16
477,Kagan,Feng,119625,218625,"Pleasanton, CA",,2256,2024-05-05,2114,2024-07-27,ACTIVE,ICC JOOLA Fall Open,2115.0,2116.0,2022-09-10,2022-09-11
477,Kagan,Feng,119625,218625,"Pleasanton, CA",,2256,2024-05-05,2114,2024-07-27,ACTIVE,ICC JOOLA Summer Open,2000.0,2001.0,2022-05-14,2022-05-15
477,Kagan,Feng,119625,218625,"Pleasanton, CA",,2256,2024-05-05,2114,2024-07-27,ACTIVE,ICC JOOLA Spring Open 2022,1998.0,2000.0,2022-03-19,2022-03-20
477,Kagan,Feng,119625,218625,"Pleasanton, CA",,2256,2024-05-05,2114,2024-07-27,ACTIVE,ICC JOOLA Winter Open 2021,2008.0,1985.0,2021-11-13,2021-11-14
477,Kagan,Feng,119625,218625,"Pleasanton, CA",,2256,2024-05-05,2114,2024-07-27,ACTIVE,ICC JOOLA Fall Open 2021,2022.0,2008.0,2021-08-28,2021-08-29
477,Kagan,Feng,119625,218625,"Pleasanton, CA",,2256,2024-05-05,2114,2024-07-27,ACTIVE,ICC JOOLA SUMMER OPEN- 2021,1854.0,1873.0,2021-05-29,2021-05-30
477,Kagan,Feng,119625,218625,"Pleasanton, CA",,2256,2024-05-05,2114,2024-07-27,ACTIVE,ICC Joola Spring Open 2021,1852.0,1854.0,2021-04-10,2021-04-11
477,Kagan,Feng,119625,218625,"Pleasanton, CA",,2256,2024-05-05,2114,2024-07-27,ACTIVE,ICC Joola Fall Open 2020,1867.0,1852.0,2020-10-10,2020-10-11
477,Kagan,Feng,119625,218625,"Pleasanton, CA",,2256,2024-05-05,2114,2024-07-27,ACTIVE,ICC JOOLA Spring Open 2020,1842.0,1867.0,2020-03-07,2020-03-08
477,Kagan,Feng,119625,218625,"Pleasanton, CA",,2256,2024-05-05,2114,2024-07-27,ACTIVE,ICC JOOLA Winter Open,1839.0,1878.0,2019-11-08,2019-11-10
477,Kagan,Feng,119625,218625,"Pleasanton, CA",,2256,2024-05-05,2114,2024-07-27,ACTIVE,ICC JOOLA Fall Open,1857.0,1893.0,2019-09-08,2019-09-08
477,Kagan,Feng,119625,218625,"Pleasanton, CA",,2256,2024-05-05,2114,2024-07-27,ACTIVE,ICC Joola Spring Open,1887.0,1764.0,2019-05-12,2019-05-12
477,Kagan,Feng,119625,218625,"Pleasanton, CA",,2256,2024-05-05,2114,2024-07-27,ACTIVE,ICC Butterfly Winter Open,1361.0,1737.0,2019-02-24,2019-02-24
477,Kagan,Feng,119625,218625,"Pleasanton, CA",,2256,2024-05-05,2114,2024-07-27,ACTIVE,2018 ICC Butterfly America Open,1219.0,1361.0,2018-12-07,2018-12-09
477,Kagan,Feng,119625,218625,"Pleasanton, CA",,2256,2024-05-05,2114,2024-07-27,ACTIVE,ICC Butterfly America Open - 2018,362.0,623.0,2018-05-06,2018-05-06
481,Srini,Venkataramani,51039,34054,"SUNNYVALE, CA",ICC Table Tennis Center,2254,2024-09-02,2166,2024-08-17,ACTIVE,2024 ICC JOOLA Summer OPEN,2249.0,2240.0,2024-05-04,2024-05-05
481,Srini,Venkataramani,51039,34054,"SUNNYVALE, CA",ICC Table Tennis Center,2254,2024-09-02,2166,2024-08-17,ACTIVE,2024 ICC JOOLA Spring OPEN,2247.0,2249.0,2024-03-02,2024-03-03
481,Srini,Venkataramani,51039,34054,"SUNNYVALE, CA",ICC Table Tennis Center,2254,2024-09-02,2166,2024-08-17,ACTIVE,2023 ICC JOOLA Winter Open,2252.0,2237.0,2023-12-02,2023-12-03
481,Srini,Venkataramani,51039,34054,"SUNNYVALE, CA",ICC Table Tennis Center,2254,2024-09-02,2166,2024-08-17,ACTIVE,2023 ICC JOOLA Autumn Open,2262.0,2252.0,2023-10-28,2023-10-29
481,Srini,Venkataramani,51039,34054,"SUNNYVALE, CA",ICC Table Tennis Center,2254,2024-09-02,2166,2024-08-17,ACTIVE,ICC JOOLA Fall Open,2257.0,2262.0,2023-08-26,2023-08-27
486,Stuti,Kashyap,123299,222299,"Fremont, CA",(TTA) Table Tennis America,2250,2024-08-25,2165,2024-08-18,ACTIVE,2024 ICC JOOLA Fall OPEN,2262.0,2250.0,2024-08-24,2024-08-25
486,Stuti,Kashyap,123299,222299,"Fremont, CA",(TTA) Table Tennis America,2250,2024-08-25,2165,2024-08-18,ACTIVE,ICC JOOLA Fall Open,2155.0,2178.0,2023-08-26,2023-08-27
486,Stuti,Kashyap,123299,222299,"Fremont, CA",(TTA) Table Tennis America,2250,2024-08-25,2165,2024-08-18,ACTIVE,ICC JOOLA Summer Open,2161.0,2125.0,2023-05-06,2023-05-07
486,Stuti,Kashyap,123299,222299,"Fremont, CA",(TTA) Table Tennis America,2250,2024-08-25,2165,2024-08-18,ACTIVE,ICC JOOLA Spring Open,2217.0,2163.0,2023-03-04,2023-03-05
486,Stuti,Kashyap,123299,222299,"Fremont, CA",(TTA) Table Tennis America,2250,2024-08-25,2165,2024-08-18,ACTIVE,ICC JOOLA Winter Open,1985.0,2015.0,2022-12-03,2022-12-04
486,Stuti,Kashyap,123299,222299,"Fremont, CA",(TTA) Table Tennis America,2250,2024-08-25,2165,2024-08-18,ACTIVE,ICC JOOLA Autumn Open,2012.0,1952.0,2022-10-15,2022-10-16
486,Stuti,Kashyap,123299,222299,"Fremont, CA",(TTA) Table Tennis America,2250,2024-08-25,2165,2024-08-18,ACTIVE,ICC JOOLA Fall Open,2057.0,2012.0,2022-09-10,2022-09-11
486,Stuti,Kashyap,123299,222299,"Fremont, CA",(TTA) Table Tennis America,2250,2024-08-25,2165,2024-08-18,ACTIVE,ICC JOOLA Spring Open 2022,1719.0,1725.0,2022-03-19,2022-03-20
486,Stuti,Kashyap,123299,222299,"Fremont, CA",(TTA) Table Tennis America,2250,2024-08-25,2165,2024-08-18,ACTIVE,ICC JOOLA Winter Open,1528.0,1562.0,2019-11-08,2019-11-10
486,Stuti,Kashyap,123299,222299,"Fremont, CA",(TTA) Table Tennis America,2250,2024-08-25,2165,2024-08-18,ACTIVE,ICC JOOLA Fall Open,1204.0,1346.0,2019-09-08,2019-09-08
486,Stuti,Kashyap,123299,222299,"Fremont, CA",(TTA) Table Tennis America,2250,2024-08-25,2165,2024-08-18,ACTIVE,ICC Joola Spring Open,588.0,684.0,2019-05-12,2019-05-12
486,Stuti,Kashyap,123299,222299,"Fremont, CA",(TTA) Table Tennis America,2250,2024-08-25,2165,2024-08-18,ACTIVE,2018 ICC Butterfly America Open,371.0,397.0,2018-12-07,2018-12-09
490,Benjamin,Lo,181415,280415,"Cupertino, CA",888 Table Tennis Center - San Jose,2247,2024-09-02,2123,2024-09-08,ACTIVE,2024 ICC JOOLA Fall OPEN,2221.0,2263.0,2024-08-24,2024-08-25
490,Benjamin,Lo,181415,280415,"Cupertino, CA",888 Table Tennis Center - San Jose,2247,2024-09-02,2123,2024-09-08,ACTIVE,2024 ICC JOOLA Summer OPEN,2197.0,2200.0,2024-05-04,2024-05-05
490,Benjamin,Lo,181415,280415,"Cupertino, CA",888 Table Tennis Center - San Jose,2247,2024-09-02,2123,2024-09-08,ACTIVE,2023 ICC JOOLA Winter Open,1718.0,2032.0,2023-12-02,2023-12-03
490,Benjamin,Lo,181415,280415,"Cupertino, CA",888 Table Tennis Center - San Jose,2247,2024-09-02,2123,2024-09-08,ACTIVE,2023 ICC JOOLA Autumn Open,0.0,1718.0,2023-10-28,2023-10-29
494,Irene,Yeoh,120210,219210,"Fremont, CA",(TTA) Table Tennis America,2246,2024-07-28,2202,2024-08-11,ACTIVE,ICC JOOLA Fall Open,2137.0,2066.0,2023-08-26,2023-08-27
494,Irene,Yeoh,120210,219210,"Fremont, CA",(TTA) Table Tennis America,2246,2024-07-28,2202,2024-08-11,ACTIVE,ICC JOOLA Summer Open,2118.0,2113.0,2023-05-06,2023-05-07
494,Irene,Yeoh,120210,219210,"Fremont, CA",(TTA) Table Tennis America,2246,2024-07-28,2202,2024-08-11,ACTIVE,ICC JOOLA Autumn Open,1907.0,1918.0,2022-10-15,2022-10-16
494,Irene,Yeoh,120210,219210,"Fremont, CA",(TTA) Table Tennis America,2246,2024-07-28,2202,2024-08-11,ACTIVE,ICC JOOLA Fall Open,1910.0,1907.0,2022-09-10,2022-09-11
494,Irene,Yeoh,120210,219210,"Fremont, CA",(TTA) Table Tennis America,2246,2024-07-28,2202,2024-08-11,ACTIVE,ICC JOOLA Spring Open 2022,1614.0,1715.0,2022-03-19,2022-03-20
494,Irene,Yeoh,120210,219210,"Fremont, CA",(TTA) Table Tennis America,2246,2024-07-28,2202,2024-08-11,ACTIVE,ICC JOOLA Winter Open 2021,1334.0,1434.0,2021-11-13,2021-11-14
494,Irene,Yeoh,120210,219210,"Fremont, CA",(TTA) Table Tennis America,2246,2024-07-28,2202,2024-08-11,ACTIVE,ICC JOOLA Winter Open,728.0,708.0,2019-11-08,2019-11-10
494,Irene,Yeoh,120210,219210,"Fremont, CA",(TTA) Table Tennis America,2246,2024-07-28,2202,2024-08-11,ACTIVE,ICC JOOLA Fall Open,334.0,728.0,2019-09-08,2019-09-08
494,Irene,Yeoh,120210,219210,"Fremont, CA",(TTA) Table Tennis America,2246,2024-07-28,2202,2024-08-11,ACTIVE,ICC Joola Spring Open,407.0,334.0,2019-05-12,2019-05-12
494,Irene,Yeoh,120210,219210,"Fremont, CA",(TTA) Table Tennis America,2246,2024-07-28,2202,2024-08-11,ACTIVE,ICC Butterfly Winter Open,198.0,230.0,2019-02-24,2019-02-24
494,Irene,Yeoh,120210,219210,"Fremont, CA",(TTA) Table Tennis America,2246,2024-07-28,2202,2024-08-11,ACTIVE,2018 ICC Butterfly America Open,0.0,198.0,2018-12-07,2018-12-09
500,Subham,Kundu,30285,129285,"Milpitas, CA",ICC Table Tennis Center,2245,2022-09-04,2292,2020-10-17,ACTIVE,ICC JOOLA Winter Open 2021,2205.0,2231.0,2021-11-13,2021-11-14
500,Subham,Kundu,30285,129285,"Milpitas, CA",ICC Table Tennis Center,2245,2022-09-04,2292,2020-10-17,ACTIVE,ICC JOOLA Fall Open 2021,2191.0,2208.0,2021-08-28,2021-08-29
500,Subham,Kundu,30285,129285,"Milpitas, CA",ICC Table Tennis Center,2245,2022-09-04,2292,2020-10-17,ACTIVE,ICC JOOLA SUMMER OPEN- 2021,2263.0,2211.0,2021-05-29,2021-05-30
500,Subham,Kundu,30285,129285,"Milpitas, CA",ICC Table Tennis Center,2245,2022-09-04,2292,2020-10-17,ACTIVE,ICC Joola Spring Open 2021,2276.0,2263.0,2021-04-10,2021-04-11
500,Subham,Kundu,30285,129285,"Milpitas, CA",ICC Table Tennis Center,2245,2022-09-04,2292,2020-10-17,ACTIVE,T2 CHALLENGE SEASON 2 SELECTION TRIALS AT ICC,2286.0,2276.0,2020-11-26,2020-11-27
500,Subham,Kundu,30285,129285,"Milpitas, CA",ICC Table Tennis Center,2245,2022-09-04,2292,2020-10-17,ACTIVE,ICC Joola Fall Open 2020,2295.0,2286.0,2020-10-10,2020-10-11
500,Subham,Kundu,30285,129285,"Milpitas, CA",ICC Table Tennis Center,2245,2022-09-04,2292,2020-10-17,ACTIVE,ICC JOOLA Spring Open 2020,2296.0,2295.0,2020-03-07,2020-03-08
500,Subham,Kundu,30285,129285,"Milpitas, CA",ICC Table Tennis Center,2245,2022-09-04,2292,2020-10-17,ACTIVE,ICC JOOLA Winter Open,2299.0,2296.0,2019-11-08,2019-11-10
500,Subham,Kundu,30285,129285,"Milpitas, CA",ICC Table Tennis Center,2245,2022-09-04,2292,2020-10-17,ACTIVE,ICC JOOLA Fall Open,2305.0,2299.0,2019-09-08,2019-09-08
500,Subham,Kundu,30285,129285,"Milpitas, CA",ICC Table Tennis Center,2245,2022-09-04,2292,2020-10-17,ACTIVE,ICC Joola Spring Open,2307.0,2305.0,2019-05-12,2019-05-12
500,Subham,Kundu,30285,129285,"Milpitas, CA",ICC Table Tennis Center,2245,2022-09-04,2292,2020-10-17,ACTIVE,ICC Butterfly Winter Open,2320.0,2307.0,2019-02-24,2019-02-24
500,Subham,Kundu,30285,129285,"Milpitas, CA",ICC Table Tennis Center,2245,2022-09-04,2292,2020-10-17,ACTIVE,2018 ICC Butterfly America Open,0.0,2320.0,2018-12-07,2018-12-09
503,Austin,Lo,181414,280414,"Cupertino, CA",888 Table Tennis Center - San Jose,2244,2024-09-02,2218,2024-09-08,ACTIVE,2024 ICC JOOLA Fall OPEN,2207.0,2213.0,2024-08-24,2024-08-25
503,Austin,Lo,181414,280414,"Cupertino, CA",888 Table Tennis Center - San Jose,2244,2024-09-02,2218,2024-09-08,ACTIVE,2024 ICC JOOLA Summer OPEN,2186.0,2205.0,2024-05-04,2024-05-05
503,Austin,Lo,181414,280414,"Cupertino, CA",888 Table Tennis Center - San Jose,2244,2024-09-02,2218,2024-09-08,ACTIVE,2023 ICC JOOLA Winter Open,1749.0,2056.0,2023-12-02,2023-12-03
503,Austin,Lo,181414,280414,"Cupertino, CA",888 Table Tennis Center - San Jose,2244,2024-09-02,2218,2024-09-08,ACTIVE,2023 ICC JOOLA Autumn Open,0.0,1749.0,2023-10-28,2023-10-29
506,Denial,Rajkumar,176250,275250,CA,,2242,2024-08-25,2141,2022-08-20,ACTIVE,2024 ICC JOOLA Fall OPEN,2263.0,2242.0,2024-08-24,2024-08-25
506,Denial,Rajkumar,176250,275250,CA,,2242,2024-08-25,2141,2022-08-20,ACTIVE,2024 ICC JOOLA Summer OPEN,2266.0,2263.0,2024-05-04,2024-05-05
506,Denial,Rajkumar,176250,275250,CA,,2242,2024-08-25,2141,2022-08-20,ACTIVE,2024 ICC JOOLA Spring OPEN,2215.0,2266.0,2024-03-02,2024-03-03
506,Denial,Rajkumar,176250,275250,CA,,2242,2024-08-25,2141,2022-08-20,ACTIVE,2023 ICC JOOLA Autumn Open,2182.0,2215.0,2023-10-28,2023-10-29
506,Denial,Rajkumar,176250,275250,CA,,2242,2024-08-25,2141,2022-08-20,ACTIVE,ICC JOOLA Fall Open,2177.0,2182.0,2023-08-26,2023-08-27
506,Denial,Rajkumar,176250,275250,CA,,2242,2024-08-25,2141,2022-08-20,ACTIVE,ICC JOOLA Summer Open,2177.0,2177.0,2023-05-06,2023-05-07
506,Denial,Rajkumar,176250,275250,CA,,2242,2024-08-25,2141,2022-08-20,ACTIVE,ICC JOOLA Spring Open,2231.0,2177.0,2023-03-04,2023-03-05
506,Denial,Rajkumar,176250,275250,CA,,2242,2024-08-25,2141,2022-08-20,ACTIVE,ICC JOOLA Winter Open,2303.0,2266.0,2022-12-03,2022-12-04
506,Denial,Rajkumar,176250,275250,CA,,2242,2024-08-25,2141,2022-08-20,ACTIVE,ICC JOOLA Fall Open,0.0,2303.0,2022-09-10,2022-09-11
507,Pinchung,Chen,1177,89620,"Arcadia, CA",California Table Tennis,2242,2024-03-10,2328,2016-05-28,ACTIVE,ICC STIGA California Open,2254.0,2223.0,2015-12-06,
510,Muskan,Gupta,114603,213603,"Milpitas, CA",,2240,2024-05-27,2146,2024-04-14,ACTIVE,2024 ICC JOOLA Spring OPEN,2215.0,2245.0,2024-03-02,2024-03-03
510,Muskan,Gupta,114603,213603,"Milpitas, CA",,2240,2024-05-27,2146,2024-04-14,ACTIVE,2023 ICC JOOLA Winter Open,2228.0,2234.0,2023-12-02,2023-12-03
510,Muskan,Gupta,114603,213603,"Milpitas, CA",,2240,2024-05-27,2146,2024-04-14,ACTIVE,2023 ICC JOOLA Autumn Open,2232.0,2228.0,2023-10-28,2023-10-29
510,Muskan,Gupta,114603,213603,"Milpitas, CA",,2240,2024-05-27,2146,2024-04-14,ACTIVE,ICC JOOLA Fall Open,2292.0,2291.0,2023-08-26,2023-08-27
510,Muskan,Gupta,114603,213603,"Milpitas, CA",,2240,2024-05-27,2146,2024-04-14,ACTIVE,ICC JOOLA Summer Open,2262.0,2265.0,2023-05-06,2023-05-07
510,Muskan,Gupta,114603,213603,"Milpitas, CA",,2240,2024-05-27,2146,2024-04-14,ACTIVE,ICC JOOLA Spring Open,2283.0,2262.0,2023-03-04,2023-03-05
510,Muskan,Gupta,114603,213603,"Milpitas, CA",,2240,2024-05-27,2146,2024-04-14,ACTIVE,ICC JOOLA Winter Open,2210.0,2179.0,2022-12-03,2022-12-04
510,Muskan,Gupta,114603,213603,"Milpitas, CA",,2240,2024-05-27,2146,2024-04-14,ACTIVE,ICC JOOLA Autumn Open,2192.0,2210.0,2022-10-15,2022-10-16
510,Muskan,Gupta,114603,213603,"Milpitas, CA",,2240,2024-05-27,2146,2024-04-14,ACTIVE,ICC JOOLA Fall Open,2168.0,2192.0,2022-09-10,2022-09-11
510,Muskan,Gupta,114603,213603,"Milpitas, CA",,2240,2024-05-27,2146,2024-04-14,ACTIVE,ICC JOOLA Summer Open,2235.0,2215.0,2022-05-14,2022-05-15
510,Muskan,Gupta,114603,213603,"Milpitas, CA",,2240,2024-05-27,2146,2024-04-14,ACTIVE,ICC JOOLA Spring Open 2022,2149.0,2235.0,2022-03-19,2022-03-20
510,Muskan,Gupta,114603,213603,"Milpitas, CA",,2240,2024-05-27,2146,2024-04-14,ACTIVE,ICC JOOLA Winter Open 2021,2175.0,2138.0,2021-11-13,2021-11-14
510,Muskan,Gupta,114603,213603,"Milpitas, CA",,2240,2024-05-27,2146,2024-04-14,ACTIVE,ICC JOOLA Fall Open 2021,2014.0,2175.0,2021-08-28,2021-08-29
510,Muskan,Gupta,114603,213603,"Milpitas, CA",,2240,2024-05-27,2146,2024-04-14,ACTIVE,ICC JOOLA SUMMER OPEN- 2021,2107.0,2143.0,2021-05-29,2021-05-30
510,Muskan,Gupta,114603,213603,"Milpitas, CA",,2240,2024-05-27,2146,2024-04-14,ACTIVE,ICC Joola Spring Open 2021,2071.0,2122.0,2021-04-10,2021-04-11
510,Muskan,Gupta,114603,213603,"Milpitas, CA",,2240,2024-05-27,2146,2024-04-14,ACTIVE,ICC Joola Fall Open 2020,1994.0,2071.0,2020-10-10,2020-10-11
510,Muskan,Gupta,114603,213603,"Milpitas, CA",,2240,2024-05-27,2146,2024-04-14,ACTIVE,ICC JOOLA Spring Open 2020,1988.0,1994.0,2020-03-07,2020-03-08
510,Muskan,Gupta,114603,213603,"Milpitas, CA",,2240,2024-05-27,2146,2024-04-14,ACTIVE,ICC JOOLA Winter Open,2074.0,2054.0,2019-11-08,2019-11-10
510,Muskan,Gupta,114603,213603,"Milpitas, CA",,2240,2024-05-27,2146,2024-04-14,ACTIVE,ICC Joola Spring Open,2006.0,2092.0,2019-05-12,2019-05-12
510,Muskan,Gupta,114603,213603,"Milpitas, CA",,2240,2024-05-27,2146,2024-04-14,ACTIVE,ICC Butterfly Winter Open,1990.0,2073.0,2019-02-24,2019-02-24
510,Muskan,Gupta,114603,213603,"Milpitas, CA",,2240,2024-05-27,2146,2024-04-14,ACTIVE,2018 ICC Butterfly America Open,1974.0,1949.0,2018-12-07,2018-12-09
510,Muskan,Gupta,114603,213603,"Milpitas, CA",,2240,2024-05-27,2146,2024-04-14,ACTIVE,ICC Butterfly America Open - 2018,1690.0,1839.0,2018-05-06,2018-05-06
511,Huaizhi,Lyu,168208,1168208,Pleasanton,,2239,2021-05-30,0,,ACTIVE,ICC JOOLA SUMMER OPEN- 2021,2248.0,2239.0,2021-05-29,2021-05-30
515,Anish,Madurai Narayanamurthy,168095,267095,"Tempe, AZ",,2238,2023-12-02,0,,ACTIVE,ICC JOOLA Spring Open 2022,2318.0,2265.0,2022-03-19,2022-03-20
520,Tung,Pham,6129,93480,"Rancho Cucamonga, CA",,2235,2024-06-02,0,,ACTIVE,ICC California State Open,2541.0,2542.0,2014-04-06,
527,Evan,Tung,7956,80197,"Hillsborough, CA",,2232,2021-11-21,2131,2020-03-10,ACTIVE,ICC Butterfly California State Open,2161.0,2153.0,2016-12-02,2016-12-04
527,Evan,Tung,7956,80197,"Hillsborough, CA",,2232,2021-11-21,2131,2020-03-10,ACTIVE,ICC STIGA California Open,2183.0,2183.0,2015-12-06,
527,Evan,Tung,7956,80197,"Hillsborough, CA",,2232,2021-11-21,2131,2020-03-10,ACTIVE,ICC STIGA California Open,2100.0,2106.0,2015-05-03,
527,Evan,Tung,7956,80197,"Hillsborough, CA",,2232,2021-11-21,2131,2020-03-10,ACTIVE,ICC California State Open,2015.0,2126.0,2014-12-07,
527,Evan,Tung,7956,80197,"Hillsborough, CA",,2232,2021-11-21,2131,2020-03-10,ACTIVE,ICC CA State Open,2011.0,2059.0,2013-12-08,
527,Evan,Tung,7956,80197,"Hillsborough, CA",,2232,2021-11-21,2131,2020-03-10,ACTIVE,ICC CA State Open,1982.0,2021.0,2013-05-19,
527,Evan,Tung,7956,80197,"Hillsborough, CA",,2232,2021-11-21,2131,2020-03-10,ACTIVE,ICC California State Open,2000.0,1980.0,2012-12-09,
527,Evan,Tung,7956,80197,"Hillsborough, CA",,2232,2021-11-21,2131,2020-03-10,ACTIVE,ICC California State Open,1778.0,1778.0,2012-05-27,
527,Evan,Tung,7956,80197,"Hillsborough, CA",,2232,2021-11-21,2131,2020-03-10,ACTIVE,ICC California State Open,1816.0,1778.0,2012-03-18,
527,Evan,Tung,7956,80197,"Hillsborough, CA",,2232,2021-11-21,2131,2020-03-10,ACTIVE,ICC CA State Open,1708.0,1654.0,2011-12-04,
527,Evan,Tung,7956,80197,"Hillsborough, CA",,2232,2021-11-21,2131,2020-03-10,ACTIVE,ICC CA State Open,1398.0,1481.0,2011-06-05,
527,Evan,Tung,7956,80197,"Hillsborough, CA",,2232,2021-11-21,2131,2020-03-10,ACTIVE,ICC CA State Open,1031.0,1281.0,2011-03-20,
527,Evan,Tung,7956,80197,"Hillsborough, CA",,2232,2021-11-21,2131,2020-03-10,ACTIVE,ICC CA State Open,837.0,1031.0,2010-12-05,
527,Evan,Tung,7956,80197,"Hillsborough, CA",,2232,2021-11-21,2131,2020-03-10,ACTIVE,ICC CA State Open,617.0,562.0,2010-05-02,
528,Susmith Rajendra,Barigidad,171280,1171280,Santa Clara,,2231,2023-05-29,1942,2024-06-08,ACTIVE,ICC JOOLA Autumn Open,2284.0,2271.0,2022-10-15,2022-10-16
528,Susmith Rajendra,Barigidad,171280,1171280,Santa Clara,,2231,2023-05-29,1942,2024-06-08,ACTIVE,ICC Joola Spring Open 2021,0.0,1694.0,2021-04-10,2021-04-11
534,Dora,Kurimay,30335,74221,"New York, NY",PINGPOD,2229,2023-12-21,2313,2020-01-17,ACTIVE,ICC CA State Open,2356.0,2330.0,2010-05-02,
534,Dora,Kurimay,30335,74221,"New York, NY",PINGPOD,2229,2023-12-21,2313,2020-01-17,ACTIVE,ICC CA State Open,2346.0,2356.0,2010-02-28,
534,Dora,Kurimay,30335,74221,"New York, NY",PINGPOD,2229,2023-12-21,2313,2020-01-17,ACTIVE,ICC California State Open,2371.0,2326.0,2009-12-06,
546,Kary,Fang,112608,211608,"Fort Collins, CO",Mile High Table Tennis Academy,2226,2024-08-04,670,2017-08-13,ACTIVE,ICC Joola Spring Open 2021,2009.0,2004.0,2021-04-10,2021-04-11
546,Kary,Fang,112608,211608,"Fort Collins, CO",Mile High Table Tennis Academy,2226,2024-08-04,670,2017-08-13,ACTIVE,ICC Joola Fall Open 2020,1978.0,1974.0,2020-10-10,2020-10-11
555,Rohan,Bubna,130714,229714,"Fremont, CA",,2222,2024-08-31,2044,2024-09-01,ACTIVE,2024 ICC JOOLA Fall OPEN,2144.0,2222.0,2024-08-24,2024-08-25
555,Rohan,Bubna,130714,229714,"Fremont, CA",,2222,2024-08-31,2044,2024-09-01,ACTIVE,2024 ICC JOOLA Spring OPEN,1981.0,2010.0,2024-03-02,2024-03-03
555,Rohan,Bubna,130714,229714,"Fremont, CA",,2222,2024-08-31,2044,2024-09-01,ACTIVE,ICC JOOLA Fall Open,1982.0,1988.0,2023-08-26,2023-08-27
560,Sai Anish Karthik,Sivakumar,120237,219237,"Milpitas, CA",888 Table Tennis Center,2220,2024-09-02,2173,2024-08-10,ACTIVE,2024 ICC JOOLA Fall OPEN,2218.0,2209.0,2024-08-24,2024-08-25
560,Sai Anish Karthik,Sivakumar,120237,219237,"Milpitas, CA",888 Table Tennis Center,2220,2024-09-02,2173,2024-08-10,ACTIVE,2024 ICC JOOLA Summer OPEN,2287.0,2275.0,2024-05-04,2024-05-05
560,Sai Anish Karthik,Sivakumar,120237,219237,"Milpitas, CA",888 Table Tennis Center,2220,2024-09-02,2173,2024-08-10,ACTIVE,2024 ICC JOOLA Spring OPEN,2196.0,2202.0,2024-03-02,2024-03-03
560,Sai Anish Karthik,Sivakumar,120237,219237,"Milpitas, CA",888 Table Tennis Center,2220,2024-09-02,2173,2024-08-10,ACTIVE,2023 ICC JOOLA Autumn Open,2234.0,2235.0,2023-10-28,2023-10-29
560,Sai Anish Karthik,Sivakumar,120237,219237,"Milpitas, CA",888 Table Tennis Center,2220,2024-09-02,2173,2024-08-10,ACTIVE,ICC JOOLA Fall Open,2206.0,2209.0,2023-08-26,2023-08-27
560,Sai Anish Karthik,Sivakumar,120237,219237,"Milpitas, CA",888 Table Tennis Center,2220,2024-09-02,2173,2024-08-10,ACTIVE,ICC JOOLA Summer Open,2207.0,2212.0,2023-05-06,2023-05-07
560,Sai Anish Karthik,Sivakumar,120237,219237,"Milpitas, CA",888 Table Tennis Center,2220,2024-09-02,2173,2024-08-10,ACTIVE,ICC JOOLA Spring Open,2094.0,2217.0,2023-03-04,2023-03-05
560,Sai Anish Karthik,Sivakumar,120237,219237,"Milpitas, CA",888 Table Tennis Center,2220,2024-09-02,2173,2024-08-10,ACTIVE,ICC JOOLA Winter Open,2089.0,2111.0,2022-12-03,2022-12-04
560,Sai Anish Karthik,Sivakumar,120237,219237,"Milpitas, CA",888 Table Tennis Center,2220,2024-09-02,2173,2024-08-10,ACTIVE,ICC JOOLA Autumn Open,2077.0,2089.0,2022-10-15,2022-10-16
560,Sai Anish Karthik,Sivakumar,120237,219237,"Milpitas, CA",888 Table Tennis Center,2220,2024-09-02,2173,2024-08-10,ACTIVE,ICC JOOLA Fall Open,2076.0,2077.0,2022-09-10,2022-09-11
560,Sai Anish Karthik,Sivakumar,120237,219237,"Milpitas, CA",888 Table Tennis Center,2220,2024-09-02,2173,2024-08-10,ACTIVE,ICC JOOLA Summer Open,1959.0,1994.0,2022-05-14,2022-05-15
560,Sai Anish Karthik,Sivakumar,120237,219237,"Milpitas, CA",888 Table Tennis Center,2220,2024-09-02,2173,2024-08-10,ACTIVE,ICC JOOLA Spring Open 2022,1927.0,1964.0,2022-03-19,2022-03-20
560,Sai Anish Karthik,Sivakumar,120237,219237,"Milpitas, CA",888 Table Tennis Center,2220,2024-09-02,2173,2024-08-10,ACTIVE,ICC JOOLA Winter Open 2021,1882.0,1904.0,2021-11-13,2021-11-14
560,Sai Anish Karthik,Sivakumar,120237,219237,"Milpitas, CA",888 Table Tennis Center,2220,2024-09-02,2173,2024-08-10,ACTIVE,ICC JOOLA Fall Open 2021,1874.0,1882.0,2021-08-28,2021-08-29
560,Sai Anish Karthik,Sivakumar,120237,219237,"Milpitas, CA",888 Table Tennis Center,2220,2024-09-02,2173,2024-08-10,ACTIVE,ICC JOOLA SUMMER OPEN- 2021,1713.0,1680.0,2021-05-29,2021-05-30
560,Sai Anish Karthik,Sivakumar,120237,219237,"Milpitas, CA",888 Table Tennis Center,2220,2024-09-02,2173,2024-08-10,ACTIVE,ICC Joola Spring Open 2021,1710.0,1713.0,2021-04-10,2021-04-11
560,Sai Anish Karthik,Sivakumar,120237,219237,"Milpitas, CA",888 Table Tennis Center,2220,2024-09-02,2173,2024-08-10,ACTIVE,ICC Joola Fall Open 2020,1783.0,1710.0,2020-10-10,2020-10-11
560,Sai Anish Karthik,Sivakumar,120237,219237,"Milpitas, CA",888 Table Tennis Center,2220,2024-09-02,2173,2024-08-10,ACTIVE,ICC JOOLA Spring Open 2020,1777.0,1783.0,2020-03-07,2020-03-08
560,Sai Anish Karthik,Sivakumar,120237,219237,"Milpitas, CA",888 Table Tennis Center,2220,2024-09-02,2173,2024-08-10,ACTIVE,ICC JOOLA Winter Open,1416.0,1522.0,2019-11-08,2019-11-10
560,Sai Anish Karthik,Sivakumar,120237,219237,"Milpitas, CA",888 Table Tennis Center,2220,2024-09-02,2173,2024-08-10,ACTIVE,ICC JOOLA Fall Open,1383.0,1416.0,2019-09-08,2019-09-08
560,Sai Anish Karthik,Sivakumar,120237,219237,"Milpitas, CA",888 Table Tennis Center,2220,2024-09-02,2173,2024-08-10,ACTIVE,ICC Joola Spring Open,697.0,873.0,2019-05-12,2019-05-12
560,Sai Anish Karthik,Sivakumar,120237,219237,"Milpitas, CA",888 Table Tennis Center,2220,2024-09-02,2173,2024-08-10,ACTIVE,ICC Butterfly Winter Open,376.0,563.0,2019-02-24,2019-02-24
560,Sai Anish Karthik,Sivakumar,120237,219237,"Milpitas, CA",888 Table Tennis Center,2220,2024-09-02,2173,2024-08-10,ACTIVE,2018 ICC Butterfly America Open,353.0,376.0,2018-12-07,2018-12-09
560,Sai Anish Karthik,Sivakumar,120237,219237,"Milpitas, CA",888 Table Tennis Center,2220,2024-09-02,2173,2024-08-10,ACTIVE,ICC Butterfly America Open - 2018,0.0,351.0,2018-05-06,2018-05-06
562,Hannah,Song,104187,203187,"Katy, TX",Houston International Table Tennis Academy (HITTA),2219,2024-08-11,2323,2024-06-29,ACTIVE,ICC JOOLA Spring Open,2207.0,2187.0,2023-03-04,2023-03-05
562,Hannah,Song,104187,203187,"Katy, TX",Houston International Table Tennis Academy (HITTA),2219,2024-08-11,2323,2024-06-29,ACTIVE,ICC JOOLA SUMMER OPEN- 2021,2119.0,2067.0,2021-05-29,2021-05-30
562,Hannah,Song,104187,203187,"Katy, TX",Houston International Table Tennis Academy (HITTA),2219,2024-08-11,2323,2024-06-29,ACTIVE,ICC Joola Spring Open 2021,2064.0,2046.0,2021-04-10,2021-04-11
568,Terry,Young,54916,9784,"San Jose, CA",,2217,2024-09-02,2145,2024-01-13,ACTIVE,2024 ICC JOOLA Summer OPEN,2213.0,2218.0,2024-05-04,2024-05-05
568,Terry,Young,54916,9784,"San Jose, CA",,2217,2024-09-02,2145,2024-01-13,ACTIVE,2024 ICC JOOLA Spring OPEN,2204.0,2224.0,2024-03-02,2024-03-03
568,Terry,Young,54916,9784,"San Jose, CA",,2217,2024-09-02,2145,2024-01-13,ACTIVE,2023 ICC JOOLA Winter Open,2204.0,2200.0,2023-12-02,2023-12-03
568,Terry,Young,54916,9784,"San Jose, CA",,2217,2024-09-02,2145,2024-01-13,ACTIVE,2023 ICC JOOLA Autumn Open,2207.0,2204.0,2023-10-28,2023-10-29
568,Terry,Young,54916,9784,"San Jose, CA",,2217,2024-09-02,2145,2024-01-13,ACTIVE,ICC JOOLA Fall Open,2199.0,2229.0,2023-08-26,2023-08-27
568,Terry,Young,54916,9784,"San Jose, CA",,2217,2024-09-02,2145,2024-01-13,ACTIVE,ICC JOOLA Summer Open,2216.0,2186.0,2023-05-06,2023-05-07
568,Terry,Young,54916,9784,"San Jose, CA",,2217,2024-09-02,2145,2024-01-13,ACTIVE,ICC JOOLA Spring Open,2210.0,2249.0,2023-03-04,2023-03-05
568,Terry,Young,54916,9784,"San Jose, CA",,2217,2024-09-02,2145,2024-01-13,ACTIVE,ICC JOOLA Winter Open,2070.0,2100.0,2022-12-03,2022-12-04
568,Terry,Young,54916,9784,"San Jose, CA",,2217,2024-09-02,2145,2024-01-13,ACTIVE,ICC JOOLA Autumn Open,2075.0,2093.0,2022-10-15,2022-10-16
568,Terry,Young,54916,9784,"San Jose, CA",,2217,2024-09-02,2145,2024-01-13,ACTIVE,ICC JOOLA Fall Open,2096.0,2075.0,2022-09-10,2022-09-11
568,Terry,Young,54916,9784,"San Jose, CA",,2217,2024-09-02,2145,2024-01-13,ACTIVE,ICC JOOLA Summer Open,2047.0,2018.0,2022-05-14,2022-05-15
568,Terry,Young,54916,9784,"San Jose, CA",,2217,2024-09-02,2145,2024-01-13,ACTIVE,ICC JOOLA Spring Open 2022,2042.0,2047.0,2022-03-19,2022-03-20
568,Terry,Young,54916,9784,"San Jose, CA",,2217,2024-09-02,2145,2024-01-13,ACTIVE,ICC JOOLA Winter Open 2021,2077.0,2042.0,2021-11-13,2021-11-14
568,Terry,Young,54916,9784,"San Jose, CA",,2217,2024-09-02,2145,2024-01-13,ACTIVE,ICC JOOLA Fall Open 2021,2076.0,2077.0,2021-08-28,2021-08-29
568,Terry,Young,54916,9784,"San Jose, CA",,2217,2024-09-02,2145,2024-01-13,ACTIVE,ICC JOOLA Spring Open 2020,2097.0,2076.0,2020-03-07,2020-03-08
568,Terry,Young,54916,9784,"San Jose, CA",,2217,2024-09-02,2145,2024-01-13,ACTIVE,ICC JOOLA Winter Open,2132.0,2124.0,2019-11-08,2019-11-10
568,Terry,Young,54916,9784,"San Jose, CA",,2217,2024-09-02,2145,2024-01-13,ACTIVE,ICC Northern CA Open,2135.0,2129.0,2007-07-22,
569,Justin,Liu,164236,1164236,"Saratoga, CA",888 Table Tennis Center,2217,2024-09-02,2083,2024-09-08,ACTIVE,2024 ICC JOOLA Fall OPEN,2236.0,2220.0,2024-08-24,2024-08-25
569,Justin,Liu,164236,1164236,"Saratoga, CA",888 Table Tennis Center,2217,2024-09-02,2083,2024-09-08,ACTIVE,2024 ICC JOOLA Summer OPEN,2167.0,2173.0,2024-05-04,2024-05-05
569,Justin,Liu,164236,1164236,"Saratoga, CA",888 Table Tennis Center,2217,2024-09-02,2083,2024-09-08,ACTIVE,2024 ICC JOOLA Spring OPEN,2143.0,2159.0,2024-03-02,2024-03-03
569,Justin,Liu,164236,1164236,"Saratoga, CA",888 Table Tennis Center,2217,2024-09-02,2083,2024-09-08,ACTIVE,2023 ICC JOOLA Autumn Open,2109.0,2092.0,2023-10-28,2023-10-29
569,Justin,Liu,164236,1164236,"Saratoga, CA",888 Table Tennis Center,2217,2024-09-02,2083,2024-09-08,ACTIVE,ICC JOOLA Fall Open,2137.0,2146.0,2023-08-26,2023-08-27
569,Justin,Liu,164236,1164236,"Saratoga, CA",888 Table Tennis Center,2217,2024-09-02,2083,2024-09-08,ACTIVE,ICC JOOLA Summer Open,2108.0,2105.0,2023-05-06,2023-05-07
569,Justin,Liu,164236,1164236,"Saratoga, CA",888 Table Tennis Center,2217,2024-09-02,2083,2024-09-08,ACTIVE,ICC JOOLA Autumn Open,1897.0,1915.0,2022-10-15,2022-10-16
569,Justin,Liu,164236,1164236,"Saratoga, CA",888 Table Tennis Center,2217,2024-09-02,2083,2024-09-08,ACTIVE,ICC JOOLA Fall Open,1848.0,1897.0,2022-09-10,2022-09-11
569,Justin,Liu,164236,1164236,"Saratoga, CA",888 Table Tennis Center,2217,2024-09-02,2083,2024-09-08,ACTIVE,ICC JOOLA Summer Open,1656.0,1815.0,2022-05-14,2022-05-15
569,Justin,Liu,164236,1164236,"Saratoga, CA",888 Table Tennis Center,2217,2024-09-02,2083,2024-09-08,ACTIVE,ICC JOOLA Spring Open 2022,1653.0,1669.0,2022-03-19,2022-03-20
569,Justin,Liu,164236,1164236,"Saratoga, CA",888 Table Tennis Center,2217,2024-09-02,2083,2024-09-08,ACTIVE,ICC JOOLA Winter Open 2021,1043.0,1341.0,2021-11-13,2021-11-14
569,Justin,Liu,164236,1164236,"Saratoga, CA",888 Table Tennis Center,2217,2024-09-02,2083,2024-09-08,ACTIVE,ICC JOOLA Spring Open 2020,998.0,1043.0,2020-03-07,2020-03-08
569,Justin,Liu,164236,1164236,"Saratoga, CA",888 Table Tennis Center,2217,2024-09-02,2083,2024-09-08,ACTIVE,ICC JOOLA Winter Open,985.0,1093.0,2019-11-08,2019-11-10
569,Justin,Liu,164236,1164236,"Saratoga, CA",888 Table Tennis Center,2217,2024-09-02,2083,2024-09-08,ACTIVE,ICC JOOLA Fall Open,939.0,985.0,2019-09-08,2019-09-08
569,Justin,Liu,164236,1164236,"Saratoga, CA",888 Table Tennis Center,2217,2024-09-02,2083,2024-09-08,ACTIVE,ICC Joola Spring Open,466.0,556.0,2019-05-12,2019-05-12
569,Justin,Liu,164236,1164236,"Saratoga, CA",888 Table Tennis Center,2217,2024-09-02,2083,2024-09-08,ACTIVE,ICC Butterfly Winter Open,0.0,466.0,2019-02-24,2019-02-24
582,Diyan,Shah,120347,219347,"Milpitas, CA",,2211,2024-09-02,2003,2024-09-08,ACTIVE,2024 ICC JOOLA Fall OPEN,2194.0,2186.0,2024-08-24,2024-08-25
582,Diyan,Shah,120347,219347,"Milpitas, CA",,2211,2024-09-02,2003,2024-09-08,ACTIVE,2024 ICC JOOLA Summer OPEN,2154.0,2169.0,2024-05-04,2024-05-05
582,Diyan,Shah,120347,219347,"Milpitas, CA",,2211,2024-09-02,2003,2024-09-08,ACTIVE,2024 ICC JOOLA Spring OPEN,2079.0,2161.0,2024-03-02,2024-03-03
582,Diyan,Shah,120347,219347,"Milpitas, CA",,2211,2024-09-02,2003,2024-09-08,ACTIVE,2023 ICC JOOLA Winter Open,2079.0,2048.0,2023-12-02,2023-12-03
582,Diyan,Shah,120347,219347,"Milpitas, CA",,2211,2024-09-02,2003,2024-09-08,ACTIVE,2023 ICC JOOLA Autumn Open,2072.0,2079.0,2023-10-28,2023-10-29
582,Diyan,Shah,120347,219347,"Milpitas, CA",,2211,2024-09-02,2003,2024-09-08,ACTIVE,ICC JOOLA Fall Open,2077.0,2077.0,2023-08-26,2023-08-27
582,Diyan,Shah,120347,219347,"Milpitas, CA",,2211,2024-09-02,2003,2024-09-08,ACTIVE,ICC JOOLA Summer Open,1996.0,2006.0,2023-05-06,2023-05-07
582,Diyan,Shah,120347,219347,"Milpitas, CA",,2211,2024-09-02,2003,2024-09-08,ACTIVE,ICC JOOLA Spring Open,2002.0,1996.0,2023-03-04,2023-03-05
582,Diyan,Shah,120347,219347,"Milpitas, CA",,2211,2024-09-02,2003,2024-09-08,ACTIVE,ICC JOOLA Winter Open,1984.0,1930.0,2022-12-03,2022-12-04
582,Diyan,Shah,120347,219347,"Milpitas, CA",,2211,2024-09-02,2003,2024-09-08,ACTIVE,ICC JOOLA Autumn Open,2004.0,1984.0,2022-10-15,2022-10-16
582,Diyan,Shah,120347,219347,"Milpitas, CA",,2211,2024-09-02,2003,2024-09-08,ACTIVE,ICC JOOLA Fall Open,1855.0,2004.0,2022-09-10,2022-09-11
582,Diyan,Shah,120347,219347,"Milpitas, CA",,2211,2024-09-02,2003,2024-09-08,ACTIVE,ICC JOOLA Summer Open,1870.0,1867.0,2022-05-14,2022-05-15
582,Diyan,Shah,120347,219347,"Milpitas, CA",,2211,2024-09-02,2003,2024-09-08,ACTIVE,ICC JOOLA Spring Open 2022,1853.0,1870.0,2022-03-19,2022-03-20
582,Diyan,Shah,120347,219347,"Milpitas, CA",,2211,2024-09-02,2003,2024-09-08,ACTIVE,ICC JOOLA Winter Open 2021,1898.0,1815.0,2021-11-13,2021-11-14
582,Diyan,Shah,120347,219347,"Milpitas, CA",,2211,2024-09-02,2003,2024-09-08,ACTIVE,ICC JOOLA Fall Open 2021,1878.0,1898.0,2021-08-28,2021-08-29
582,Diyan,Shah,120347,219347,"Milpitas, CA",,2211,2024-09-02,2003,2024-09-08,ACTIVE,ICC JOOLA SUMMER OPEN- 2021,1686.0,1659.0,2021-05-29,2021-05-30
582,Diyan,Shah,120347,219347,"Milpitas, CA",,2211,2024-09-02,2003,2024-09-08,ACTIVE,ICC Joola Spring Open 2021,1785.0,1691.0,2021-04-10,2021-04-11
582,Diyan,Shah,120347,219347,"Milpitas, CA",,2211,2024-09-02,2003,2024-09-08,ACTIVE,ICC Joola Fall Open 2020,1810.0,1785.0,2020-10-10,2020-10-11
582,Diyan,Shah,120347,219347,"Milpitas, CA",,2211,2024-09-02,2003,2024-09-08,ACTIVE,ICC JOOLA Spring Open 2020,1792.0,1810.0,2020-03-07,2020-03-08
582,Diyan,Shah,120347,219347,"Milpitas, CA",,2211,2024-09-02,2003,2024-09-08,ACTIVE,ICC JOOLA Winter Open,1578.0,1487.0,2019-11-08,2019-11-10
582,Diyan,Shah,120347,219347,"Milpitas, CA",,2211,2024-09-02,2003,2024-09-08,ACTIVE,ICC JOOLA Fall Open,1448.0,1578.0,2019-09-08,2019-09-08
582,Diyan,Shah,120347,219347,"Milpitas, CA",,2211,2024-09-02,2003,2024-09-08,ACTIVE,ICC Joola Spring Open,1121.0,1169.0,2019-05-12,2019-05-12
582,Diyan,Shah,120347,219347,"Milpitas, CA",,2211,2024-09-02,2003,2024-09-08,ACTIVE,ICC Butterfly Winter Open,1142.0,1099.0,2019-02-24,2019-02-24
582,Diyan,Shah,120347,219347,"Milpitas, CA",,2211,2024-09-02,2003,2024-09-08,ACTIVE,2018 ICC Butterfly America Open,1200.0,1142.0,2018-12-07,2018-12-09
582,Diyan,Shah,120347,219347,"Milpitas, CA",,2211,2024-09-02,2003,2024-09-08,ACTIVE,ICC Butterfly America Open - 2018,0.0,1200.0,2018-05-06,2018-05-06
583,Genelia,William,116165,215165,"Fremont, CA",(TTA) Table Tennis America,2210,2024-07-07,2000,2024-06-30,ACTIVE,2024 ICC JOOLA Spring OPEN,1993.0,1999.0,2024-03-02,2024-03-03
583,Genelia,William,116165,215165,"Fremont, CA",(TTA) Table Tennis America,2210,2024-07-07,2000,2024-06-30,ACTIVE,2023 ICC JOOLA Winter Open,2073.0,2055.0,2023-12-02,2023-12-03
583,Genelia,William,116165,215165,"Fremont, CA",(TTA) Table Tennis America,2210,2024-07-07,2000,2024-06-30,ACTIVE,ICC JOOLA Winter Open,2049.0,2029.0,2022-12-03,2022-12-04
583,Genelia,William,116165,215165,"Fremont, CA",(TTA) Table Tennis America,2210,2024-07-07,2000,2024-06-30,ACTIVE,ICC JOOLA Autumn Open,2003.0,2040.0,2022-10-15,2022-10-16
583,Genelia,William,116165,215165,"Fremont, CA",(TTA) Table Tennis America,2210,2024-07-07,2000,2024-06-30,ACTIVE,ICC JOOLA Fall Open,2035.0,2003.0,2022-09-10,2022-09-11
583,Genelia,William,116165,215165,"Fremont, CA",(TTA) Table Tennis America,2210,2024-07-07,2000,2024-06-30,ACTIVE,ICC JOOLA Spring Open 2022,2134.0,2069.0,2022-03-19,2022-03-20
583,Genelia,William,116165,215165,"Fremont, CA",(TTA) Table Tennis America,2210,2024-07-07,2000,2024-06-30,ACTIVE,ICC JOOLA Winter Open 2021,1997.0,1966.0,2021-11-13,2021-11-14
583,Genelia,William,116165,215165,"Fremont, CA",(TTA) Table Tennis America,2210,2024-07-07,2000,2024-06-30,ACTIVE,ICC JOOLA Fall Open 2021,2005.0,1997.0,2021-08-28,2021-08-29
583,Genelia,William,116165,215165,"Fremont, CA",(TTA) Table Tennis America,2210,2024-07-07,2000,2024-06-30,ACTIVE,ICC JOOLA SUMMER OPEN- 2021,1463.0,1463.0,2021-05-29,2021-05-30
583,Genelia,William,116165,215165,"Fremont, CA",(TTA) Table Tennis America,2210,2024-07-07,2000,2024-06-30,ACTIVE,ICC Joola Spring Open 2021,1411.0,1465.0,2021-04-10,2021-04-11
583,Genelia,William,116165,215165,"Fremont, CA",(TTA) Table Tennis America,2210,2024-07-07,2000,2024-06-30,ACTIVE,ICC Joola Fall Open 2020,1459.0,1411.0,2020-10-10,2020-10-11
583,Genelia,William,116165,215165,"Fremont, CA",(TTA) Table Tennis America,2210,2024-07-07,2000,2024-06-30,ACTIVE,ICC JOOLA Spring Open 2020,1475.0,1459.0,2020-03-07,2020-03-08
583,Genelia,William,116165,215165,"Fremont, CA",(TTA) Table Tennis America,2210,2024-07-07,2000,2024-06-30,ACTIVE,ICC JOOLA Winter Open,1409.0,1346.0,2019-11-08,2019-11-10
583,Genelia,William,116165,215165,"Fremont, CA",(TTA) Table Tennis America,2210,2024-07-07,2000,2024-06-30,ACTIVE,ICC JOOLA Fall Open,1224.0,1409.0,2019-09-08,2019-09-08
583,Genelia,William,116165,215165,"Fremont, CA",(TTA) Table Tennis America,2210,2024-07-07,2000,2024-06-30,ACTIVE,ICC Joola Spring Open,580.0,886.0,2019-05-12,2019-05-12
583,Genelia,William,116165,215165,"Fremont, CA",(TTA) Table Tennis America,2210,2024-07-07,2000,2024-06-30,ACTIVE,ICC Butterfly Winter Open,406.0,413.0,2019-02-24,2019-02-24
583,Genelia,William,116165,215165,"Fremont, CA",(TTA) Table Tennis America,2210,2024-07-07,2000,2024-06-30,ACTIVE,2018 ICC Butterfly America Open,408.0,406.0,2018-12-07,2018-12-09
583,Genelia,William,116165,215165,"Fremont, CA",(TTA) Table Tennis America,2210,2024-07-07,2000,2024-06-30,ACTIVE,ICC Butterfly America Open - 2018,463.0,408.0,2018-05-06,2018-05-06
584,Shyam,Purohit,166236,265236,"Atlanta, GA",Georgia Tech Table Tennis Association,2209,2024-09-02,2052,2024-02-10,ACTIVE,2024 ICC JOOLA Spring OPEN,2203.0,2230.0,2024-03-02,2024-03-03
584,Shyam,Purohit,166236,265236,"Atlanta, GA",Georgia Tech Table Tennis Association,2209,2024-09-02,2052,2024-02-10,ACTIVE,2023 ICC JOOLA Autumn Open,2128.0,2165.0,2023-10-28,2023-10-29
584,Shyam,Purohit,166236,265236,"Atlanta, GA",Georgia Tech Table Tennis Association,2209,2024-09-02,2052,2024-02-10,ACTIVE,ICC JOOLA Fall Open,2121.0,2122.0,2023-08-26,2023-08-27
584,Shyam,Purohit,166236,265236,"Atlanta, GA",Georgia Tech Table Tennis Association,2209,2024-09-02,2052,2024-02-10,ACTIVE,ICC JOOLA Summer Open,2132.0,2121.0,2023-05-06,2023-05-07
588,Angelica,Arellano,231,92195,"Fullerton, CA",Grace Lin TTC,2208,2023-08-13,0,,ACTIVE,ICC JOOLA Spring Open 2022,2073.0,2096.0,2022-03-19,2022-03-20
588,Angelica,Arellano,231,92195,"Fullerton, CA",Grace Lin TTC,2208,2023-08-13,0,,ACTIVE,ICC Joola Spring Open 2021,1993.0,1985.0,2021-04-10,2021-04-11
588,Angelica,Arellano,231,92195,"Fullerton, CA",Grace Lin TTC,2208,2023-08-13,0,,ACTIVE,ICC Joola Fall Open 2020,2066.0,1993.0,2020-10-10,2020-10-11
590,Alireza,Khatibi,115915,214915,"Fremont, CA",888 Table Tennis Center,2207,2023-07-07,2062,2024-09-01,ACTIVE,ICC JOOLA Spring Open 2020,2072.0,2059.0,2020-03-07,2020-03-08
590,Alireza,Khatibi,115915,214915,"Fremont, CA",888 Table Tennis Center,2207,2023-07-07,2062,2024-09-01,ACTIVE,ICC JOOLA Winter Open,1990.0,2022.0,2019-11-08,2019-11-10
590,Alireza,Khatibi,115915,214915,"Fremont, CA",888 Table Tennis Center,2207,2023-07-07,2062,2024-09-01,ACTIVE,ICC JOOLA Fall Open,1972.0,2015.0,2019-09-08,2019-09-08
590,Alireza,Khatibi,115915,214915,"Fremont, CA",888 Table Tennis Center,2207,2023-07-07,2062,2024-09-01,ACTIVE,ICC Joola Spring Open,1965.0,1967.0,2019-05-12,2019-05-12
590,Alireza,Khatibi,115915,214915,"Fremont, CA",888 Table Tennis Center,2207,2023-07-07,2062,2024-09-01,ACTIVE,ICC Butterfly Winter Open,1967.0,1998.0,2019-02-24,2019-02-24
590,Alireza,Khatibi,115915,214915,"Fremont, CA",888 Table Tennis Center,2207,2023-07-07,2062,2024-09-01,ACTIVE,2018 ICC Butterfly America Open,1982.0,1967.0,2018-12-07,2018-12-09
590,Alireza,Khatibi,115915,214915,"Fremont, CA",888 Table Tennis Center,2207,2023-07-07,2062,2024-09-01,ACTIVE,ICC Butterfly America Open - 2018,1477.0,1684.0,2018-05-06,2018-05-06
591,Preston Ha Trun,Nguyen,38233,29200,"Midway City, CA",,2206,2024-08-04,1976,2004-03-06,ACTIVE,ICC CA State Open,2205.0,2255.0,2011-06-05,
592,Michelle (Min),Yang,54406,73204,"San Jose, CA",,2206,2018-03-02,1929,2024-04-13,ACTIVE,ICC California State Open,2227.0,2233.0,2012-03-18,
592,Michelle (Min),Yang,54406,73204,"San Jose, CA",,2206,2018-03-02,1929,2024-04-13,ACTIVE,ICC CA State Open,2198.0,2227.0,2011-12-04,
592,Michelle (Min),Yang,54406,73204,"San Jose, CA",,2206,2018-03-02,1929,2024-04-13,ACTIVE,ICC CA State Open,2173.0,2171.0,2011-06-05,
592,Michelle (Min),Yang,54406,73204,"San Jose, CA",,2206,2018-03-02,1929,2024-04-13,ACTIVE,ICC CA State Open,2180.0,2173.0,2011-03-20,
592,Michelle (Min),Yang,54406,73204,"San Jose, CA",,2206,2018-03-02,1929,2024-04-13,ACTIVE,ICC CA State Open,2147.0,2202.0,2010-12-05,
594,Keith,Lin,122934,221934,"San Francisco, CA",,2205,2024-08-25,2052,2024-08-11,ACTIVE,2024 ICC JOOLA Fall OPEN,2183.0,2205.0,2024-08-24,2024-08-25
594,Keith,Lin,122934,221934,"San Francisco, CA",,2205,2024-08-25,2052,2024-08-11,ACTIVE,ICC JOOLA SUMMER OPEN- 2021,2099.0,2098.0,2021-05-29,2021-05-30
594,Keith,Lin,122934,221934,"San Francisco, CA",,2205,2024-08-25,2052,2024-08-11,ACTIVE,ICC Joola Fall Open 2020,2139.0,2099.0,2020-10-10,2020-10-11
594,Keith,Lin,122934,221934,"San Francisco, CA",,2205,2024-08-25,2052,2024-08-11,ACTIVE,ICC Butterfly America Open - 2018,1241.0,1960.0,2018-05-06,2018-05-06
597,Winston,Wu,123837,222837,"bethesda, MD",MDTTC - Maryland Table Tennis Center,2204,2024-08-25,1876,2020-02-28,ACTIVE,ICC JOOLA SUMMER OPEN- 2021,2003.0,2021.0,2021-05-29,2021-05-30
605,Vignesh,Iyer,171366,270366,"Irvine, CA",,2202,2024-08-24,0,,ACTIVE,ICC JOOLA Fall Open 2021,2047.0,1998.0,2021-08-28,2021-08-29
605,Vignesh,Iyer,171366,270366,"Irvine, CA",,2202,2024-08-24,0,,ACTIVE,ICC JOOLA SUMMER OPEN- 2021,0.0,1919.0,2021-05-29,2021-05-30
606,Haizhu,Yang,171743,1171743,"Lake Oswego, OR",,2202,2023-12-21,0,,ACTIVE,2023 ICC JOOLA Winter Open,2197.0,2182.0,2023-12-02,2023-12-03
607,Tiffany,Lam,4095,96513,"Pleasanton, CA",888 Table Tennis Center,2202,2023-07-07,1992,2022-09-04,ACTIVE,ICC JOOLA Winter Open 2021,2148.0,2118.0,2021-11-13,2021-11-14
607,Tiffany,Lam,4095,96513,"Pleasanton, CA",888 Table Tennis Center,2202,2023-07-07,1992,2022-09-04,ACTIVE,ICC JOOLA Fall Open 2021,2171.0,2148.0,2021-08-28,2021-08-29
607,Tiffany,Lam,4095,96513,"Pleasanton, CA",888 Table Tennis Center,2202,2023-07-07,1992,2022-09-04,ACTIVE,ICC JOOLA SUMMER OPEN- 2021,2036.0,2066.0,2021-05-29,2021-05-30
607,Tiffany,Lam,4095,96513,"Pleasanton, CA",888 Table Tennis Center,2202,2023-07-07,1992,2022-09-04,ACTIVE,ICC Joola Spring Open 2021,2084.0,2043.0,2021-04-10,2021-04-11
607,Tiffany,Lam,4095,96513,"Pleasanton, CA",888 Table Tennis Center,2202,2023-07-07,1992,2022-09-04,ACTIVE,ICC Joola Fall Open 2020,2069.0,2084.0,2020-10-10,2020-10-11
607,Tiffany,Lam,4095,96513,"Pleasanton, CA",888 Table Tennis Center,2202,2023-07-07,1992,2022-09-04,ACTIVE,ICC JOOLA Spring Open 2020,2056.0,2069.0,2020-03-07,2020-03-08
607,Tiffany,Lam,4095,96513,"Pleasanton, CA",888 Table Tennis Center,2202,2023-07-07,1992,2022-09-04,ACTIVE,ICC JOOLA Winter Open,2075.0,2056.0,2019-11-08,2019-11-10
607,Tiffany,Lam,4095,96513,"Pleasanton, CA",888 Table Tennis Center,2202,2023-07-07,1992,2022-09-04,ACTIVE,ICC JOOLA Fall Open,2070.0,2075.0,2019-09-08,2019-09-08
607,Tiffany,Lam,4095,96513,"Pleasanton, CA",888 Table Tennis Center,2202,2023-07-07,1992,2022-09-04,ACTIVE,ICC Joola Spring Open,1942.0,2056.0,2019-05-12,2019-05-12
607,Tiffany,Lam,4095,96513,"Pleasanton, CA",888 Table Tennis Center,2202,2023-07-07,1992,2022-09-04,ACTIVE,ICC Butterfly Winter Open,1865.0,1908.0,2019-02-24,2019-02-24
607,Tiffany,Lam,4095,96513,"Pleasanton, CA",888 Table Tennis Center,2202,2023-07-07,1992,2022-09-04,ACTIVE,2018 ICC Butterfly America Open,1861.0,1857.0,2018-12-07,2018-12-09
607,Tiffany,Lam,4095,96513,"Pleasanton, CA",888 Table Tennis Center,2202,2023-07-07,1992,2022-09-04,ACTIVE,ICC Butterfly America Open - 2018,1891.0,1883.0,2018-05-06,2018-05-06
607,Tiffany,Lam,4095,96513,"Pleasanton, CA",888 Table Tennis Center,2202,2023-07-07,1992,2022-09-04,ACTIVE,ICC STIGA California Open,0.0,66.0,2015-05-03,
609,Nikhil,Chawla,157412,256412,"San Carlos, CA",,2201,2024-07-28,1990,2024-08-04,ACTIVE,2023 ICC JOOLA Winter Open,2008.0,2046.0,2023-12-02,2023-12-03
609,Nikhil,Chawla,157412,256412,"San Carlos, CA",,2201,2024-07-28,1990,2024-08-04,ACTIVE,2023 ICC JOOLA Autumn Open,2013.0,2008.0,2023-10-28,2023-10-29
609,Nikhil,Chawla,157412,256412,"San Carlos, CA",,2201,2024-07-28,1990,2024-08-04,ACTIVE,ICC JOOLA Autumn Open,1968.0,1977.0,2022-10-15,2022-10-16
609,Nikhil,Chawla,157412,256412,"San Carlos, CA",,2201,2024-07-28,1990,2024-08-04,ACTIVE,ICC JOOLA Fall Open,1948.0,1968.0,2022-09-10,2022-09-11
609,Nikhil,Chawla,157412,256412,"San Carlos, CA",,2201,2024-07-28,1990,2024-08-04,ACTIVE,ICC JOOLA Spring Open 2022,1735.0,1958.0,2022-03-19,2022-03-20
609,Nikhil,Chawla,157412,256412,"San Carlos, CA",,2201,2024-07-28,1990,2024-08-04,ACTIVE,ICC JOOLA Winter Open 2021,1152.0,1388.0,2021-11-13,2021-11-14
611,Anthony,Chu,1323,71673,"Milpitas, CA","The Top Spin, LLC",2200,2024-09-02,2217,2022-10-27,ACTIVE,ICC California State Open,2334.0,2288.0,2014-12-07,
611,Anthony,Chu,1323,71673,"Milpitas, CA","The Top Spin, LLC",2200,2024-09-02,2217,2022-10-27,ACTIVE,ICC California State Open,2219.0,2180.0,2014-04-06,
611,Anthony,Chu,1323,71673,"Milpitas, CA","The Top Spin, LLC",2200,2024-09-02,2217,2022-10-27,ACTIVE,ICC CA State Open,1886.0,1878.0,2011-06-05,
611,Anthony,Chu,1323,71673,"Milpitas, CA","The Top Spin, LLC",2200,2024-09-02,2217,2022-10-27,ACTIVE,ICC CA State Open,1888.0,1886.0,2011-03-20,
611,Anthony,Chu,1323,71673,"Milpitas, CA","The Top Spin, LLC",2200,2024-09-02,2217,2022-10-27,ACTIVE,ICC CA State Open,1644.0,1616.0,2010-12-05,
611,Anthony,Chu,1323,71673,"Milpitas, CA","The Top Spin, LLC",2200,2024-09-02,2217,2022-10-27,ACTIVE,ICC CA State Open,1489.0,1480.0,2010-05-02,
611,Anthony,Chu,1323,71673,"Milpitas, CA","The Top Spin, LLC",2200,2024-09-02,2217,2022-10-27,ACTIVE,ICC CA State Open,1324.0,1489.0,2010-02-28,
611,Anthony,Chu,1323,71673,"Milpitas, CA","The Top Spin, LLC",2200,2024-09-02,2217,2022-10-27,ACTIVE,ICC California State Open,1063.0,1289.0,2009-12-06,
611,Anthony,Chu,1323,71673,"Milpitas, CA","The Top Spin, LLC",2200,2024-09-02,2217,2022-10-27,ACTIVE,ICC California State Open,1074.0,1043.0,2009-05-10,
611,Anthony,Chu,1323,71673,"Milpitas, CA","The Top Spin, LLC",2200,2024-09-02,2217,2022-10-27,ACTIVE,ICC California State Open,614.0,609.0,2008-12-06,
611,Anthony,Chu,1323,71673,"Milpitas, CA","The Top Spin, LLC",2200,2024-09-02,2217,2022-10-27,ACTIVE,ICC Northern CA Open,162.0,159.0,2007-07-22,
612,Amy,Zhang,119649,218649,"San Jose, CA",(TTA) Table Tennis America,2200,2023-07-07,2046,2023-09-23,ACTIVE,ICC JOOLA Summer Open,1923.0,1947.0,2022-05-14,2022-05-15
612,Amy,Zhang,119649,218649,"San Jose, CA",(TTA) Table Tennis America,2200,2023-07-07,2046,2023-09-23,ACTIVE,ICC JOOLA Spring Open 2022,1794.0,1834.0,2022-03-19,2022-03-20
612,Amy,Zhang,119649,218649,"San Jose, CA",(TTA) Table Tennis America,2200,2023-07-07,2046,2023-09-23,ACTIVE,ICC JOOLA Winter Open 2021,1854.0,1861.0,2021-11-13,2021-11-14
612,Amy,Zhang,119649,218649,"San Jose, CA",(TTA) Table Tennis America,2200,2023-07-07,2046,2023-09-23,ACTIVE,ICC JOOLA Winter Open,1569.0,1528.0,2019-11-08,2019-11-10
612,Amy,Zhang,119649,218649,"San Jose, CA",(TTA) Table Tennis America,2200,2023-07-07,2046,2023-09-23,ACTIVE,ICC Butterfly Winter Open,1299.0,1194.0,2019-02-24,2019-02-24
612,Amy,Zhang,119649,218649,"San Jose, CA",(TTA) Table Tennis America,2200,2023-07-07,2046,2023-09-23,ACTIVE,2018 ICC Butterfly America Open,457.0,463.0,2018-12-07,2018-12-09
612,Amy,Zhang,119649,218649,"San Jose, CA",(TTA) Table Tennis America,2200,2023-07-07,2046,2023-09-23,ACTIVE,ICC Butterfly America Open - 2018,42.0,38.0,2018-05-06,2018-05-06
614,Henry,Kwong,4035,47929,"Saratoga, CA",(TTA) Table Tennis America,2200,2018-03-02,1751,2024-06-29,ACTIVE,ICC CA State Open,2072.0,2078.0,2013-02-17,
614,Henry,Kwong,4035,47929,"Saratoga, CA",(TTA) Table Tennis America,2200,2018-03-02,1751,2024-06-29,ACTIVE,ICC CA State Open,2072.0,2072.0,2010-02-28,
617,Zhengyuan,Cui,179623,278623,,,2199,2024-09-02,2022,2024-07-19,ACTIVE,2023 ICC JOOLA Autumn Open,2094.0,2086.0,2023-10-28,2023-10-29
622,Xianliang,He,157702,256702,"San Jose, CA",888 Table Tennis Center,2197,2024-09-02,2120,2024-09-08,ACTIVE,2024 ICC JOOLA Summer OPEN,2143.0,2145.0,2024-05-04,2024-05-05
622,Xianliang,He,157702,256702,"San Jose, CA",888 Table Tennis Center,2197,2024-09-02,2120,2024-09-08,ACTIVE,2024 ICC JOOLA Spring OPEN,2146.0,2141.0,2024-03-02,2024-03-03
622,Xianliang,He,157702,256702,"San Jose, CA",888 Table Tennis Center,2197,2024-09-02,2120,2024-09-08,ACTIVE,ICC JOOLA Summer Open,1948.0,1912.0,2023-05-06,2023-05-07
622,Xianliang,He,157702,256702,"San Jose, CA",888 Table Tennis Center,2197,2024-09-02,2120,2024-09-08,ACTIVE,ICC JOOLA Winter Open,1942.0,1872.0,2022-12-03,2022-12-04
622,Xianliang,He,157702,256702,"San Jose, CA",888 Table Tennis Center,2197,2024-09-02,2120,2024-09-08,ACTIVE,ICC JOOLA Autumn Open,1912.0,1875.0,2022-10-15,2022-10-16
622,Xianliang,He,157702,256702,"San Jose, CA",888 Table Tennis Center,2197,2024-09-02,2120,2024-09-08,ACTIVE,ICC JOOLA Fall Open,1932.0,1912.0,2022-09-10,2022-09-11
622,Xianliang,He,157702,256702,"San Jose, CA",888 Table Tennis Center,2197,2024-09-02,2120,2024-09-08,ACTIVE,ICC JOOLA Spring Open 2022,1570.0,1616.0,2022-03-19,2022-03-20
622,Xianliang,He,157702,256702,"San Jose, CA",888 Table Tennis Center,2197,2024-09-02,2120,2024-09-08,ACTIVE,ICC JOOLA Winter Open 2021,1441.0,1414.0,2021-11-13,2021-11-14
622,Xianliang,He,157702,256702,"San Jose, CA",888 Table Tennis Center,2197,2024-09-02,2120,2024-09-08,ACTIVE,ICC JOOLA Fall Open 2021,1439.0,1441.0,2021-08-28,2021-08-29
622,Xianliang,He,157702,256702,"San Jose, CA",888 Table Tennis Center,2197,2024-09-02,2120,2024-09-08,ACTIVE,ICC JOOLA SUMMER OPEN- 2021,823.0,725.0,2021-05-29,2021-05-30
622,Xianliang,He,157702,256702,"San Jose, CA",888 Table Tennis Center,2197,2024-09-02,2120,2024-09-08,ACTIVE,ICC Joola Spring Open 2021,629.0,800.0,2021-04-10,2021-04-11
622,Xianliang,He,157702,256702,"San Jose, CA",888 Table Tennis Center,2197,2024-09-02,2120,2024-09-08,ACTIVE,ICC Joola Fall Open 2020,706.0,629.0,2020-10-10,2020-10-11
622,Xianliang,He,157702,256702,"San Jose, CA",888 Table Tennis Center,2197,2024-09-02,2120,2024-09-08,ACTIVE,ICC JOOLA Spring Open 2020,719.0,706.0,2020-03-07,2020-03-08
622,Xianliang,He,157702,256702,"San Jose, CA",888 Table Tennis Center,2197,2024-09-02,2120,2024-09-08,ACTIVE,ICC Joola Spring Open,345.0,332.0,2019-05-12,2019-05-12
622,Xianliang,He,157702,256702,"San Jose, CA",888 Table Tennis Center,2197,2024-09-02,2120,2024-09-08,ACTIVE,ICC Butterfly Winter Open,415.0,345.0,2019-02-24,2019-02-24
624,Thomas,Yu,8937,62089,"Fort Washington, PA",,2197,2024-07-07,2240,2022-07-30,ACTIVE,ICC JOOLA Fall Open 2021,2254.0,2237.0,2021-08-28,2021-08-29
629,Bosman,Botha,120904,219904,"Los Altos Hills, CA",,2195,2024-09-02,1951,2022-08-28,ACTIVE,2024 ICC JOOLA Spring OPEN,2155.0,2165.0,2024-03-02,2024-03-03
629,Bosman,Botha,120904,219904,"Los Altos Hills, CA",,2195,2024-09-02,1951,2022-08-28,ACTIVE,ICC JOOLA Spring Open 2020,1746.0,1684.0,2020-03-07,2020-03-08
629,Bosman,Botha,120904,219904,"Los Altos Hills, CA",,2195,2024-09-02,1951,2022-08-28,ACTIVE,ICC JOOLA Winter Open,1702.0,1702.0,2019-11-08,2019-11-10
629,Bosman,Botha,120904,219904,"Los Altos Hills, CA",,2195,2024-09-02,1951,2022-08-28,ACTIVE,ICC JOOLA Fall Open,1534.0,1437.0,2019-09-08,2019-09-08
629,Bosman,Botha,120904,219904,"Los Altos Hills, CA",,2195,2024-09-02,1951,2022-08-28,ACTIVE,ICC Joola Spring Open,1049.0,1026.0,2019-05-12,2019-05-12
629,Bosman,Botha,120904,219904,"Los Altos Hills, CA",,2195,2024-09-02,1951,2022-08-28,ACTIVE,ICC Butterfly Winter Open,513.0,527.0,2019-02-24,2019-02-24
629,Bosman,Botha,120904,219904,"Los Altos Hills, CA",,2195,2024-09-02,1951,2022-08-28,ACTIVE,2018 ICC Butterfly America Open,509.0,513.0,2018-12-07,2018-12-09
630,Dong,Liu,116830,215830,"Newark, CA",Golden State Table Tennis Club LLC,2195,2024-09-02,2125,2024-06-29,ACTIVE,2024 ICC JOOLA Summer OPEN,2342.0,2325.0,2024-05-04,2024-05-05
630,Dong,Liu,116830,215830,"Newark, CA",Golden State Table Tennis Club LLC,2195,2024-09-02,2125,2024-06-29,ACTIVE,2024 ICC JOOLA Spring OPEN,2189.0,2327.0,2024-03-02,2024-03-03
630,Dong,Liu,116830,215830,"Newark, CA",Golden State Table Tennis Club LLC,2195,2024-09-02,2125,2024-06-29,ACTIVE,2023 ICC JOOLA Autumn Open,2250.0,2229.0,2023-10-28,2023-10-29
630,Dong,Liu,116830,215830,"Newark, CA",Golden State Table Tennis Club LLC,2195,2024-09-02,2125,2024-06-29,ACTIVE,ICC JOOLA Fall Open,2216.0,2213.0,2023-08-26,2023-08-27
630,Dong,Liu,116830,215830,"Newark, CA",Golden State Table Tennis Club LLC,2195,2024-09-02,2125,2024-06-29,ACTIVE,ICC JOOLA Summer Open,2250.0,2261.0,2023-05-06,2023-05-07
630,Dong,Liu,116830,215830,"Newark, CA",Golden State Table Tennis Club LLC,2195,2024-09-02,2125,2024-06-29,ACTIVE,ICC JOOLA Spring Open,2202.0,2195.0,2023-03-04,2023-03-05
630,Dong,Liu,116830,215830,"Newark, CA",Golden State Table Tennis Club LLC,2195,2024-09-02,2125,2024-06-29,ACTIVE,ICC JOOLA Fall Open,2181.0,2173.0,2022-09-10,2022-09-11
630,Dong,Liu,116830,215830,"Newark, CA",Golden State Table Tennis Club LLC,2195,2024-09-02,2125,2024-06-29,ACTIVE,ICC JOOLA Summer Open,2187.0,2175.0,2022-05-14,2022-05-15
630,Dong,Liu,116830,215830,"Newark, CA",Golden State Table Tennis Club LLC,2195,2024-09-02,2125,2024-06-29,ACTIVE,ICC JOOLA Spring Open 2022,2137.0,2150.0,2022-03-19,2022-03-20
630,Dong,Liu,116830,215830,"Newark, CA",Golden State Table Tennis Club LLC,2195,2024-09-02,2125,2024-06-29,ACTIVE,ICC JOOLA Fall Open 2021,2092.0,2105.0,2021-08-28,2021-08-29
630,Dong,Liu,116830,215830,"Newark, CA",Golden State Table Tennis Club LLC,2195,2024-09-02,2125,2024-06-29,ACTIVE,ICC Joola Spring Open 2021,2152.0,2156.0,2021-04-10,2021-04-11
630,Dong,Liu,116830,215830,"Newark, CA",Golden State Table Tennis Club LLC,2195,2024-09-02,2125,2024-06-29,ACTIVE,T2 CHALLENGE SEASON 2 SELECTION TRIALS AT ICC,2132.0,2152.0,2020-11-26,2020-11-27
630,Dong,Liu,116830,215830,"Newark, CA",Golden State Table Tennis Club LLC,2195,2024-09-02,2125,2024-06-29,ACTIVE,ICC Joola Fall Open 2020,2138.0,2132.0,2020-10-10,2020-10-11
630,Dong,Liu,116830,215830,"Newark, CA",Golden State Table Tennis Club LLC,2195,2024-09-02,2125,2024-06-29,ACTIVE,ICC JOOLA Winter Open,2166.0,2180.0,2019-11-08,2019-11-10
630,Dong,Liu,116830,215830,"Newark, CA",Golden State Table Tennis Club LLC,2195,2024-09-02,2125,2024-06-29,ACTIVE,2018 ICC Butterfly America Open,2182.0,2144.0,2018-12-07,2018-12-09
638,Jian,Zhuang,9164,55345,"Granite Bay, CA",Folsom Table Tennis Club,2191,2024-07-07,2102,2014-10-25,ACTIVE,ICC California State Open,2105.0,2090.0,2014-04-06,
638,Jian,Zhuang,9164,55345,"Granite Bay, CA",Folsom Table Tennis Club,2191,2024-07-07,2102,2014-10-25,ACTIVE,ICC California State Open,2079.0,2025.0,2009-12-06,
638,Jian,Zhuang,9164,55345,"Granite Bay, CA",Folsom Table Tennis Club,2191,2024-07-07,2102,2014-10-25,ACTIVE,ICC Northern CA Open,1986.0,1981.0,2007-07-22,
646,Peter,Tian,49407,81608,"Cupertino, CA",,2189,2024-04-14,2007,2024-03-09,ACTIVE,ICC California State Open,0.0,877.0,2009-12-06,
647,Sophia,Chen,122729,221729,"San Jose, CA",888 Table Tennis Center,2188,2024-04-28,1913,2024-09-08,ACTIVE,ICC JOOLA Fall Open,1973.0,1968.0,2023-08-26,2023-08-27
647,Sophia,Chen,122729,221729,"San Jose, CA",888 Table Tennis Center,2188,2024-04-28,1913,2024-09-08,ACTIVE,ICC JOOLA Spring Open,2031.0,2023.0,2023-03-04,2023-03-05
647,Sophia,Chen,122729,221729,"San Jose, CA",888 Table Tennis Center,2188,2024-04-28,1913,2024-09-08,ACTIVE,ICC JOOLA Winter Open,1901.0,1911.0,2022-12-03,2022-12-04
647,Sophia,Chen,122729,221729,"San Jose, CA",888 Table Tennis Center,2188,2024-04-28,1913,2024-09-08,ACTIVE,ICC JOOLA Autumn Open,1908.0,1901.0,2022-10-15,2022-10-16
647,Sophia,Chen,122729,221729,"San Jose, CA",888 Table Tennis Center,2188,2024-04-28,1913,2024-09-08,ACTIVE,ICC JOOLA Fall Open,1883.0,1908.0,2022-09-10,2022-09-11
647,Sophia,Chen,122729,221729,"San Jose, CA",888 Table Tennis Center,2188,2024-04-28,1913,2024-09-08,ACTIVE,ICC JOOLA Summer Open,1640.0,1636.0,2022-05-14,2022-05-15
647,Sophia,Chen,122729,221729,"San Jose, CA",888 Table Tennis Center,2188,2024-04-28,1913,2024-09-08,ACTIVE,ICC JOOLA Spring Open 2022,1377.0,1587.0,2022-03-19,2022-03-20
647,Sophia,Chen,122729,221729,"San Jose, CA",888 Table Tennis Center,2188,2024-04-28,1913,2024-09-08,ACTIVE,ICC JOOLA Winter Open 2021,1273.0,1280.0,2021-11-13,2021-11-14
647,Sophia,Chen,122729,221729,"San Jose, CA",888 Table Tennis Center,2188,2024-04-28,1913,2024-09-08,ACTIVE,ICC JOOLA Fall Open 2021,963.0,1273.0,2021-08-28,2021-08-29
647,Sophia,Chen,122729,221729,"San Jose, CA",888 Table Tennis Center,2188,2024-04-28,1913,2024-09-08,ACTIVE,ICC JOOLA SUMMER OPEN- 2021,925.0,945.0,2021-05-29,2021-05-30
647,Sophia,Chen,122729,221729,"San Jose, CA",888 Table Tennis Center,2188,2024-04-28,1913,2024-09-08,ACTIVE,ICC Joola Spring Open 2021,969.0,925.0,2021-04-10,2021-04-11
647,Sophia,Chen,122729,221729,"San Jose, CA",888 Table Tennis Center,2188,2024-04-28,1913,2024-09-08,ACTIVE,ICC JOOLA Spring Open 2020,961.0,969.0,2020-03-07,2020-03-08
647,Sophia,Chen,122729,221729,"San Jose, CA",888 Table Tennis Center,2188,2024-04-28,1913,2024-09-08,ACTIVE,ICC JOOLA Winter Open,369.0,596.0,2019-11-08,2019-11-10
647,Sophia,Chen,122729,221729,"San Jose, CA",888 Table Tennis Center,2188,2024-04-28,1913,2024-09-08,ACTIVE,ICC JOOLA Fall Open,0.0,377.0,2019-09-08,2019-09-08
651,Anagha,Kasichainula,157682,256682,"Fremont, CA",Kou Lei Table Tennis Club,2187,2024-05-27,2084,2024-09-08,ACTIVE,ICC JOOLA Winter Open,1614.0,1836.0,2022-12-03,2022-12-04
651,Anagha,Kasichainula,157682,256682,"Fremont, CA",Kou Lei Table Tennis Club,2187,2024-05-27,2084,2024-09-08,ACTIVE,ICC JOOLA Autumn Open,1590.0,1614.0,2022-10-15,2022-10-16
651,Anagha,Kasichainula,157682,256682,"Fremont, CA",Kou Lei Table Tennis Club,2187,2024-05-27,2084,2024-09-08,ACTIVE,ICC JOOLA Fall Open,1572.0,1590.0,2022-09-10,2022-09-11
651,Anagha,Kasichainula,157682,256682,"Fremont, CA",Kou Lei Table Tennis Club,2187,2024-05-27,2084,2024-09-08,ACTIVE,ICC JOOLA Summer Open,1439.0,1434.0,2022-05-14,2022-05-15
651,Anagha,Kasichainula,157682,256682,"Fremont, CA",Kou Lei Table Tennis Club,2187,2024-05-27,2084,2024-09-08,ACTIVE,ICC JOOLA Fall Open 2021,1030.0,990.0,2021-08-28,2021-08-29
651,Anagha,Kasichainula,157682,256682,"Fremont, CA",Kou Lei Table Tennis Club,2187,2024-05-27,2084,2024-09-08,ACTIVE,ICC JOOLA Spring Open 2020,0.0,717.0,2020-03-07,2020-03-08
653,Dariah,Feng,125231,224231,"Pleasanton, CA",Kou Lei Table Tennis Club,2186,2024-08-25,2033,2024-09-07,ACTIVE,2024 ICC JOOLA Fall OPEN,2186.0,2186.0,2024-08-24,2024-08-25
653,Dariah,Feng,125231,224231,"Pleasanton, CA",Kou Lei Table Tennis Club,2186,2024-08-25,2033,2024-09-07,ACTIVE,2024 ICC JOOLA Summer OPEN,2131.0,2128.0,2024-05-04,2024-05-05
653,Dariah,Feng,125231,224231,"Pleasanton, CA",Kou Lei Table Tennis Club,2186,2024-08-25,2033,2024-09-07,ACTIVE,2024 ICC JOOLA Spring OPEN,2205.0,2192.0,2024-03-02,2024-03-03
653,Dariah,Feng,125231,224231,"Pleasanton, CA",Kou Lei Table Tennis Club,2186,2024-08-25,2033,2024-09-07,ACTIVE,2023 ICC JOOLA Winter Open,2125.0,2133.0,2023-12-02,2023-12-03
653,Dariah,Feng,125231,224231,"Pleasanton, CA",Kou Lei Table Tennis Club,2186,2024-08-25,2033,2024-09-07,ACTIVE,2023 ICC JOOLA Autumn Open,2133.0,2125.0,2023-10-28,2023-10-29
653,Dariah,Feng,125231,224231,"Pleasanton, CA",Kou Lei Table Tennis Club,2186,2024-08-25,2033,2024-09-07,ACTIVE,ICC JOOLA Fall Open,2070.0,2086.0,2023-08-26,2023-08-27
653,Dariah,Feng,125231,224231,"Pleasanton, CA",Kou Lei Table Tennis Club,2186,2024-08-25,2033,2024-09-07,ACTIVE,ICC JOOLA Summer Open,2086.0,2091.0,2023-05-06,2023-05-07
653,Dariah,Feng,125231,224231,"Pleasanton, CA",Kou Lei Table Tennis Club,2186,2024-08-25,2033,2024-09-07,ACTIVE,ICC JOOLA Spring Open,2082.0,2086.0,2023-03-04,2023-03-05
653,Dariah,Feng,125231,224231,"Pleasanton, CA",Kou Lei Table Tennis Club,2186,2024-08-25,2033,2024-09-07,ACTIVE,ICC JOOLA Winter Open,2030.0,1949.0,2022-12-03,2022-12-04
653,Dariah,Feng,125231,224231,"Pleasanton, CA",Kou Lei Table Tennis Club,2186,2024-08-25,2033,2024-09-07,ACTIVE,ICC JOOLA Autumn Open,1931.0,2030.0,2022-10-15,2022-10-16
653,Dariah,Feng,125231,224231,"Pleasanton, CA",Kou Lei Table Tennis Club,2186,2024-08-25,2033,2024-09-07,ACTIVE,ICC JOOLA Fall Open,1981.0,1931.0,2022-09-10,2022-09-11
653,Dariah,Feng,125231,224231,"Pleasanton, CA",Kou Lei Table Tennis Club,2186,2024-08-25,2033,2024-09-07,ACTIVE,ICC JOOLA Summer Open,1763.0,1801.0,2022-05-14,2022-05-15
653,Dariah,Feng,125231,224231,"Pleasanton, CA",Kou Lei Table Tennis Club,2186,2024-08-25,2033,2024-09-07,ACTIVE,ICC JOOLA Spring Open 2022,1685.0,1668.0,2022-03-19,2022-03-20
653,Dariah,Feng,125231,224231,"Pleasanton, CA",Kou Lei Table Tennis Club,2186,2024-08-25,2033,2024-09-07,ACTIVE,ICC JOOLA Winter Open 2021,1675.0,1754.0,2021-11-13,2021-11-14
653,Dariah,Feng,125231,224231,"Pleasanton, CA",Kou Lei Table Tennis Club,2186,2024-08-25,2033,2024-09-07,ACTIVE,ICC JOOLA Fall Open 2021,1683.0,1675.0,2021-08-28,2021-08-29
653,Dariah,Feng,125231,224231,"Pleasanton, CA",Kou Lei Table Tennis Club,2186,2024-08-25,2033,2024-09-07,ACTIVE,ICC JOOLA SUMMER OPEN- 2021,1493.0,1481.0,2021-05-29,2021-05-30
653,Dariah,Feng,125231,224231,"Pleasanton, CA",Kou Lei Table Tennis Club,2186,2024-08-25,2033,2024-09-07,ACTIVE,ICC Joola Spring Open 2021,1153.0,1482.0,2021-04-10,2021-04-11
653,Dariah,Feng,125231,224231,"Pleasanton, CA",Kou Lei Table Tennis Club,2186,2024-08-25,2033,2024-09-07,ACTIVE,ICC Joola Fall Open 2020,867.0,1153.0,2020-10-10,2020-10-11
653,Dariah,Feng,125231,224231,"Pleasanton, CA",Kou Lei Table Tennis Club,2186,2024-08-25,2033,2024-09-07,ACTIVE,ICC JOOLA Spring Open 2020,843.0,867.0,2020-03-07,2020-03-08
653,Dariah,Feng,125231,224231,"Pleasanton, CA",Kou Lei Table Tennis Club,2186,2024-08-25,2033,2024-09-07,ACTIVE,ICC JOOLA Winter Open,700.0,843.0,2019-11-08,2019-11-10
653,Dariah,Feng,125231,224231,"Pleasanton, CA",Kou Lei Table Tennis Club,2186,2024-08-25,2033,2024-09-07,ACTIVE,ICC JOOLA Fall Open,531.0,625.0,2019-09-08,2019-09-08
653,Dariah,Feng,125231,224231,"Pleasanton, CA",Kou Lei Table Tennis Club,2186,2024-08-25,2033,2024-09-07,ACTIVE,ICC Joola Spring Open,127.0,343.0,2019-05-12,2019-05-12
653,Dariah,Feng,125231,224231,"Pleasanton, CA",Kou Lei Table Tennis Club,2186,2024-08-25,2033,2024-09-07,ACTIVE,ICC Butterfly Winter Open,122.0,127.0,2019-02-24,2019-02-24
653,Dariah,Feng,125231,224231,"Pleasanton, CA",Kou Lei Table Tennis Club,2186,2024-08-25,2033,2024-09-07,ACTIVE,2018 ICC Butterfly America Open,0.0,122.0,2018-12-07,2018-12-09
660,Joe,Zhang,165421,1165421,"Milpitas, CA",ICC Table Tennis Center,2183,2024-08-25,2137,2024-09-07,ACTIVE,2024 ICC JOOLA Fall OPEN,2240.0,2183.0,2024-08-24,2024-08-25
660,Joe,Zhang,165421,1165421,"Milpitas, CA",ICC Table Tennis Center,2183,2024-08-25,2137,2024-09-07,ACTIVE,2024 ICC JOOLA Summer OPEN,2199.0,2191.0,2024-05-04,2024-05-05
660,Joe,Zhang,165421,1165421,"Milpitas, CA",ICC Table Tennis Center,2183,2024-08-25,2137,2024-09-07,ACTIVE,2024 ICC JOOLA Spring OPEN,2174.0,2167.0,2024-03-02,2024-03-03
660,Joe,Zhang,165421,1165421,"Milpitas, CA",ICC Table Tennis Center,2183,2024-08-25,2137,2024-09-07,ACTIVE,ICC JOOLA Fall Open,2145.0,2082.0,2023-08-26,2023-08-27
660,Joe,Zhang,165421,1165421,"Milpitas, CA",ICC Table Tennis Center,2183,2024-08-25,2137,2024-09-07,ACTIVE,ICC JOOLA Summer Open,2011.0,2033.0,2023-05-06,2023-05-07
660,Joe,Zhang,165421,1165421,"Milpitas, CA",ICC Table Tennis Center,2183,2024-08-25,2137,2024-09-07,ACTIVE,ICC JOOLA Spring Open,2051.0,2027.0,2023-03-04,2023-03-05
660,Joe,Zhang,165421,1165421,"Milpitas, CA",ICC Table Tennis Center,2183,2024-08-25,2137,2024-09-07,ACTIVE,ICC JOOLA Winter Open,1952.0,1979.0,2022-12-03,2022-12-04
660,Joe,Zhang,165421,1165421,"Milpitas, CA",ICC Table Tennis Center,2183,2024-08-25,2137,2024-09-07,ACTIVE,ICC JOOLA Autumn Open,1938.0,1918.0,2022-10-15,2022-10-16
660,Joe,Zhang,165421,1165421,"Milpitas, CA",ICC Table Tennis Center,2183,2024-08-25,2137,2024-09-07,ACTIVE,ICC JOOLA Fall Open,1959.0,1950.0,2022-09-10,2022-09-11
660,Joe,Zhang,165421,1165421,"Milpitas, CA",ICC Table Tennis Center,2183,2024-08-25,2137,2024-09-07,ACTIVE,ICC JOOLA Summer Open,1574.0,1786.0,2022-05-14,2022-05-15
660,Joe,Zhang,165421,1165421,"Milpitas, CA",ICC Table Tennis Center,2183,2024-08-25,2137,2024-09-07,ACTIVE,ICC JOOLA Spring Open 2022,1498.0,1528.0,2022-03-19,2022-03-20
660,Joe,Zhang,165421,1165421,"Milpitas, CA",ICC Table Tennis Center,2183,2024-08-25,2137,2024-09-07,ACTIVE,ICC JOOLA Winter Open 2021,1452.0,1490.0,2021-11-13,2021-11-14
660,Joe,Zhang,165421,1165421,"Milpitas, CA",ICC Table Tennis Center,2183,2024-08-25,2137,2024-09-07,ACTIVE,ICC JOOLA Fall Open 2021,862.0,1452.0,2021-08-28,2021-08-29
660,Joe,Zhang,165421,1165421,"Milpitas, CA",ICC Table Tennis Center,2183,2024-08-25,2137,2024-09-07,ACTIVE,ICC JOOLA SUMMER OPEN- 2021,671.0,735.0,2021-05-29,2021-05-30
660,Joe,Zhang,165421,1165421,"Milpitas, CA",ICC Table Tennis Center,2183,2024-08-25,2137,2024-09-07,ACTIVE,ICC Joola Spring Open 2021,616.0,671.0,2021-04-10,2021-04-11
660,Joe,Zhang,165421,1165421,"Milpitas, CA",ICC Table Tennis Center,2183,2024-08-25,2137,2024-09-07,ACTIVE,ICC Joola Fall Open 2020,357.0,616.0,2020-10-10,2020-10-11
660,Joe,Zhang,165421,1165421,"Milpitas, CA",ICC Table Tennis Center,2183,2024-08-25,2137,2024-09-07,ACTIVE,ICC JOOLA Spring Open 2020,355.0,357.0,2020-03-07,2020-03-08
660,Joe,Zhang,165421,1165421,"Milpitas, CA",ICC Table Tennis Center,2183,2024-08-25,2137,2024-09-07,ACTIVE,ICC JOOLA Winter Open,334.0,355.0,2019-11-08,2019-11-10
660,Joe,Zhang,165421,1165421,"Milpitas, CA",ICC Table Tennis Center,2183,2024-08-25,2137,2024-09-07,ACTIVE,ICC JOOLA Fall Open,57.0,154.0,2019-09-08,2019-09-08
660,Joe,Zhang,165421,1165421,"Milpitas, CA",ICC Table Tennis Center,2183,2024-08-25,2137,2024-09-07,ACTIVE,ICC Joola Spring Open,0.0,57.0,2019-05-12,2019-05-12
661,Handson,Li,4411,95284,"Pleasanton, CA",888 Table Tennis Center,2183,2023-07-07,2133,2023-06-04,ACTIVE,ICC JOOLA Summer Open,2227.0,2253.0,2022-05-14,2022-05-15
661,Handson,Li,4411,95284,"Pleasanton, CA",888 Table Tennis Center,2183,2023-07-07,2133,2023-06-04,ACTIVE,ICC JOOLA Winter Open 2021,2170.0,2148.0,2021-11-13,2021-11-14
661,Handson,Li,4411,95284,"Pleasanton, CA",888 Table Tennis Center,2183,2023-07-07,2133,2023-06-04,ACTIVE,ICC JOOLA Winter Open,2207.0,2190.0,2019-11-08,2019-11-10
661,Handson,Li,4411,95284,"Pleasanton, CA",888 Table Tennis Center,2183,2023-07-07,2133,2023-06-04,ACTIVE,ICC JOOLA Fall Open,2203.0,2206.0,2019-09-08,2019-09-08
661,Handson,Li,4411,95284,"Pleasanton, CA",888 Table Tennis Center,2183,2023-07-07,2133,2023-06-04,ACTIVE,ICC Joola Spring Open,2124.0,2130.0,2019-05-12,2019-05-12
661,Handson,Li,4411,95284,"Pleasanton, CA",888 Table Tennis Center,2183,2023-07-07,2133,2023-06-04,ACTIVE,ICC Butterfly Winter Open,2099.0,2133.0,2019-02-24,2019-02-24
661,Handson,Li,4411,95284,"Pleasanton, CA",888 Table Tennis Center,2183,2023-07-07,2133,2023-06-04,ACTIVE,2018 ICC Butterfly America Open,2114.0,2096.0,2018-12-07,2018-12-09
661,Handson,Li,4411,95284,"Pleasanton, CA",888 Table Tennis Center,2183,2023-07-07,2133,2023-06-04,ACTIVE,ICC Butterfly America Open - 2018,2034.0,2054.0,2018-05-06,2018-05-06
661,Handson,Li,4411,95284,"Pleasanton, CA",888 Table Tennis Center,2183,2023-07-07,2133,2023-06-04,ACTIVE,ICC Butterfly California State Open,1707.0,1704.0,2016-12-02,2016-12-04
661,Handson,Li,4411,95284,"Pleasanton, CA",888 Table Tennis Center,2183,2023-07-07,2133,2023-06-04,ACTIVE,ICC STIGA California Open,1281.0,1251.0,2015-12-06,
661,Handson,Li,4411,95284,"Pleasanton, CA",888 Table Tennis Center,2183,2023-07-07,2133,2023-06-04,ACTIVE,ICC STIGA California Open,389.0,399.0,2015-05-03,
661,Handson,Li,4411,95284,"Pleasanton, CA",888 Table Tennis Center,2183,2023-07-07,2133,2023-06-04,ACTIVE,ICC California State Open,0.0,172.0,2014-12-07,
667,Jaden,Jia,122549,221549,"Fremont, CA",(TTA) Table Tennis America,2182,2024-07-07,2066,2024-09-01,ACTIVE,ICC JOOLA Autumn Open,1910.0,1914.0,2022-10-15,2022-10-16
667,Jaden,Jia,122549,221549,"Fremont, CA",(TTA) Table Tennis America,2182,2024-07-07,2066,2024-09-01,ACTIVE,ICC JOOLA Spring Open 2022,1381.0,1328.0,2022-03-19,2022-03-20
667,Jaden,Jia,122549,221549,"Fremont, CA",(TTA) Table Tennis America,2182,2024-07-07,2066,2024-09-01,ACTIVE,ICC JOOLA Winter Open,604.0,599.0,2019-11-08,2019-11-10
667,Jaden,Jia,122549,221549,"Fremont, CA",(TTA) Table Tennis America,2182,2024-07-07,2066,2024-09-01,ACTIVE,ICC JOOLA Fall Open,693.0,546.0,2019-09-08,2019-09-08
667,Jaden,Jia,122549,221549,"Fremont, CA",(TTA) Table Tennis America,2182,2024-07-07,2066,2024-09-01,ACTIVE,ICC Joola Spring Open,224.0,200.0,2019-05-12,2019-05-12
667,Jaden,Jia,122549,221549,"Fremont, CA",(TTA) Table Tennis America,2182,2024-07-07,2066,2024-09-01,ACTIVE,ICC Butterfly Winter Open,328.0,313.0,2019-02-24,2019-02-24
667,Jaden,Jia,122549,221549,"Fremont, CA",(TTA) Table Tennis America,2182,2024-07-07,2066,2024-09-01,ACTIVE,2018 ICC Butterfly America Open,316.0,328.0,2018-12-07,2018-12-09
667,Jaden,Jia,122549,221549,"Fremont, CA",(TTA) Table Tennis America,2182,2024-07-07,2066,2024-09-01,ACTIVE,ICC Butterfly America Open - 2018,0.0,449.0,2018-05-06,2018-05-06
672,Shijun,Jo,181867,280867,"Tokyo, FN",,2179,2024-03-03,2045,2024-06-29,ACTIVE,2024 ICC JOOLA Spring OPEN,2249.0,2179.0,2024-03-02,2024-03-03
674,Lucia,Sun,131237,230237,"San Jose, CA",(TTA) Table Tennis America,2178,2024-08-25,1990,2024-09-01,ACTIVE,2024 ICC JOOLA Fall OPEN,2133.0,2178.0,2024-08-24,2024-08-25
674,Lucia,Sun,131237,230237,"San Jose, CA",(TTA) Table Tennis America,2178,2024-08-25,1990,2024-09-01,ACTIVE,2023 ICC JOOLA Autumn Open,1988.0,1991.0,2023-10-28,2023-10-29
674,Lucia,Sun,131237,230237,"San Jose, CA",(TTA) Table Tennis America,2178,2024-08-25,1990,2024-09-01,ACTIVE,ICC JOOLA Summer Open,1907.0,1906.0,2023-05-06,2023-05-07
674,Lucia,Sun,131237,230237,"San Jose, CA",(TTA) Table Tennis America,2178,2024-08-25,1990,2024-09-01,ACTIVE,ICC JOOLA Autumn Open,1765.0,1762.0,2022-10-15,2022-10-16
674,Lucia,Sun,131237,230237,"San Jose, CA",(TTA) Table Tennis America,2178,2024-08-25,1990,2024-09-01,ACTIVE,ICC JOOLA Fall Open,1734.0,1765.0,2022-09-10,2022-09-11
674,Lucia,Sun,131237,230237,"San Jose, CA",(TTA) Table Tennis America,2178,2024-08-25,1990,2024-09-01,ACTIVE,ICC JOOLA Spring Open 2022,1373.0,1431.0,2022-03-19,2022-03-20
674,Lucia,Sun,131237,230237,"San Jose, CA",(TTA) Table Tennis America,2178,2024-08-25,1990,2024-09-01,ACTIVE,ICC JOOLA Winter Open 2021,1231.0,1166.0,2021-11-13,2021-11-14
674,Lucia,Sun,131237,230237,"San Jose, CA",(TTA) Table Tennis America,2178,2024-08-25,1990,2024-09-01,ACTIVE,ICC JOOLA Fall Open 2021,699.0,692.0,2021-08-28,2021-08-29
674,Lucia,Sun,131237,230237,"San Jose, CA",(TTA) Table Tennis America,2178,2024-08-25,1990,2024-09-01,ACTIVE,ICC JOOLA Winter Open,112.0,124.0,2019-11-08,2019-11-10
674,Lucia,Sun,131237,230237,"San Jose, CA",(TTA) Table Tennis America,2178,2024-08-25,1990,2024-09-01,ACTIVE,ICC JOOLA Fall Open,169.0,134.0,2019-09-08,2019-09-08
674,Lucia,Sun,131237,230237,"San Jose, CA",(TTA) Table Tennis America,2178,2024-08-25,1990,2024-09-01,ACTIVE,ICC Joola Spring Open,0.0,169.0,2019-05-12,2019-05-12
677,Anastasia,Wang,8223,95295,"Fremont, CA",,2177,2024-08-25,1968,2022-06-18,ACTIVE,2024 ICC JOOLA Fall OPEN,2185.0,2177.0,2024-08-24,2024-08-25
677,Anastasia,Wang,8223,95295,"Fremont, CA",,2177,2024-08-25,1968,2022-06-18,ACTIVE,ICC JOOLA Spring Open 2020,2194.0,2193.0,2020-03-07,2020-03-08
677,Anastasia,Wang,8223,95295,"Fremont, CA",,2177,2024-08-25,1968,2022-06-18,ACTIVE,ICC JOOLA Winter Open,2179.0,2182.0,2019-11-08,2019-11-10
677,Anastasia,Wang,8223,95295,"Fremont, CA",,2177,2024-08-25,1968,2022-06-18,ACTIVE,ICC JOOLA Fall Open,2185.0,2156.0,2019-09-08,2019-09-08
677,Anastasia,Wang,8223,95295,"Fremont, CA",,2177,2024-08-25,1968,2022-06-18,ACTIVE,ICC Joola Spring Open,2218.0,2171.0,2019-05-12,2019-05-12
677,Anastasia,Wang,8223,95295,"Fremont, CA",,2177,2024-08-25,1968,2022-06-18,ACTIVE,ICC Butterfly Winter Open,2161.0,2150.0,2019-02-24,2019-02-24
677,Anastasia,Wang,8223,95295,"Fremont, CA",,2177,2024-08-25,1968,2022-06-18,ACTIVE,2018 ICC Butterfly America Open,2213.0,2161.0,2018-12-07,2018-12-09
677,Anastasia,Wang,8223,95295,"Fremont, CA",,2177,2024-08-25,1968,2022-06-18,ACTIVE,ICC Butterfly America Open - 2018,2162.0,2150.0,2018-05-06,2018-05-06
677,Anastasia,Wang,8223,95295,"Fremont, CA",,2177,2024-08-25,1968,2022-06-18,ACTIVE,ICC Butterfly California State Open,1808.0,1775.0,2016-12-02,2016-12-04
677,Anastasia,Wang,8223,95295,"Fremont, CA",,2177,2024-08-25,1968,2022-06-18,ACTIVE,ICC Hopes Qualification Tournament,1176.0,1276.0,2016-03-05,2016-03-05
677,Anastasia,Wang,8223,95295,"Fremont, CA",,2177,2024-08-25,1968,2022-06-18,ACTIVE,ICC STIGA California Open,1083.0,1176.0,2015-12-06,
677,Anastasia,Wang,8223,95295,"Fremont, CA",,2177,2024-08-25,1968,2022-06-18,ACTIVE,ICC STIGA California Open,110.0,274.0,2015-05-03,
677,Anastasia,Wang,8223,95295,"Fremont, CA",,2177,2024-08-25,1968,2022-06-18,ACTIVE,ICC California State Open,0.0,55.0,2014-12-07,
680,Leijie,Qi,130937,229937,Austin,,2177,2022-07-07,0,,ACTIVE,ICC JOOLA SUMMER OPEN- 2021,2090.0,2118.0,2021-05-29,2021-05-30
683,Dido,Dutta,102059,98251,"Newark, CA",888 Table Tennis Center,2177,2023-03-05,2147,2020-10-04,ACTIVE,ICC JOOLA Spring Open,2169.0,2177.0,2023-03-04,2023-03-05
683,Dido,Dutta,102059,98251,"Newark, CA",888 Table Tennis Center,2177,2023-03-05,2147,2020-10-04,ACTIVE,ICC JOOLA Fall Open,2163.0,2153.0,2022-09-10,2022-09-11
683,Dido,Dutta,102059,98251,"Newark, CA",888 Table Tennis Center,2177,2023-03-05,2147,2020-10-04,ACTIVE,ICC JOOLA Summer Open,2159.0,2163.0,2022-05-14,2022-05-15
683,Dido,Dutta,102059,98251,"Newark, CA",888 Table Tennis Center,2177,2023-03-05,2147,2020-10-04,ACTIVE,ICC JOOLA Winter Open 2021,2148.0,2184.0,2021-11-13,2021-11-14
683,Dido,Dutta,102059,98251,"Newark, CA",888 Table Tennis Center,2177,2023-03-05,2147,2020-10-04,ACTIVE,ICC JOOLA SUMMER OPEN- 2021,2110.0,2130.0,2021-05-29,2021-05-30
683,Dido,Dutta,102059,98251,"Newark, CA",888 Table Tennis Center,2177,2023-03-05,2147,2020-10-04,ACTIVE,ICC Joola Spring Open 2021,2112.0,2110.0,2021-04-10,2021-04-11
683,Dido,Dutta,102059,98251,"Newark, CA",888 Table Tennis Center,2177,2023-03-05,2147,2020-10-04,ACTIVE,ICC Joola Fall Open 2020,2108.0,2112.0,2020-10-10,2020-10-11
683,Dido,Dutta,102059,98251,"Newark, CA",888 Table Tennis Center,2177,2023-03-05,2147,2020-10-04,ACTIVE,ICC Butterfly Winter Open,2145.0,2108.0,2019-02-24,2019-02-24
683,Dido,Dutta,102059,98251,"Newark, CA",888 Table Tennis Center,2177,2023-03-05,2147,2020-10-04,ACTIVE,2018 ICC Butterfly America Open,2143.0,2125.0,2018-12-07,2018-12-09
683,Dido,Dutta,102059,98251,"Newark, CA",888 Table Tennis Center,2177,2023-03-05,2147,2020-10-04,ACTIVE,ICC Butterfly America Open - 2018,2183.0,2179.0,2018-05-06,2018-05-06
683,Dido,Dutta,102059,98251,"Newark, CA",888 Table Tennis Center,2177,2023-03-05,2147,2020-10-04,ACTIVE,ICC STIGA California Open,0.0,2185.0,2015-12-06,
687,Jiazhou,Wang,51868,92699,"Stony Brook, NY",,2175,2024-09-02,2069,2024-06-23,ACTIVE,ICC JOOLA Fall Open,2086.0,2059.0,2023-08-26,2023-08-27
689,Linh,Ho,117569,216569,"Westminster, CA",Orange County Table Tennis Academy,2174,2024-06-02,1999,2023-09-23,ACTIVE,2024 ICC JOOLA Spring OPEN,2265.0,2165.0,2024-03-02,2024-03-03
695,Tiana,Piyadasa,170759,1170759,"Fountain Valley, CA",Orange County Table Tennis Academy,2171,2024-07-07,0,,ACTIVE,ICC Joola Fall Open 2020,0.0,17.0,2020-10-10,2020-10-11
698,Shashin,Shodhan,7103,55220,"Fremont, CA",Fremont Table Tennis Academy,2170,2024-03-24,2259,2024-02-24,ACTIVE,2024 ICC JOOLA Spring OPEN,2207.0,2191.0,2024-03-02,2024-03-03
698,Shashin,Shodhan,7103,55220,"Fremont, CA",Fremont Table Tennis Academy,2170,2024-03-24,2259,2024-02-24,ACTIVE,2023 ICC JOOLA Autumn Open,2299.0,2296.0,2023-10-28,2023-10-29
698,Shashin,Shodhan,7103,55220,"Fremont, CA",Fremont Table Tennis Academy,2170,2024-03-24,2259,2024-02-24,ACTIVE,T2 CHALLENGE SEASON 2 SELECTION TRIALS AT ICC,2239.0,2228.0,2020-11-26,2020-11-27
698,Shashin,Shodhan,7103,55220,"Fremont, CA",Fremont Table Tennis Academy,2170,2024-03-24,2259,2024-02-24,ACTIVE,ICC JOOLA Winter Open,2289.0,2289.0,2019-11-08,2019-11-10
698,Shashin,Shodhan,7103,55220,"Fremont, CA",Fremont Table Tennis Academy,2170,2024-03-24,2259,2024-02-24,ACTIVE,ICC JOOLA Fall Open,2307.0,2307.0,2019-09-08,2019-09-08
698,Shashin,Shodhan,7103,55220,"Fremont, CA",Fremont Table Tennis Academy,2170,2024-03-24,2259,2024-02-24,ACTIVE,ICC Joola Spring Open,2343.0,2343.0,2019-05-12,2019-05-12
698,Shashin,Shodhan,7103,55220,"Fremont, CA",Fremont Table Tennis Academy,2170,2024-03-24,2259,2024-02-24,ACTIVE,ICC Butterfly Winter Open,2331.0,2342.0,2019-02-24,2019-02-24
698,Shashin,Shodhan,7103,55220,"Fremont, CA",Fremont Table Tennis Academy,2170,2024-03-24,2259,2024-02-24,ACTIVE,ICC CA State Open,2398.0,2388.0,2010-02-28,
698,Shashin,Shodhan,7103,55220,"Fremont, CA",Fremont Table Tennis Academy,2170,2024-03-24,2259,2024-02-24,ACTIVE,ICC California State Open,2362.0,2399.0,2009-12-06,
709,Victor,Moraga,164612,263612,"Brea, CA",Learning Tree Table Tennis Club,2165,2024-08-04,2118,2024-04-12,ACTIVE,ICC Joola Spring Open 2021,2109.0,2090.0,2021-04-10,2021-04-11
709,Victor,Moraga,164612,263612,"Brea, CA",Learning Tree Table Tennis Club,2165,2024-08-04,2118,2024-04-12,ACTIVE,T2 CHALLENGE SEASON 2 SELECTION TRIALS AT ICC,2069.0,2109.0,2020-11-26,2020-11-27
722,Sarthak,Pradhan,102255,98257,"Milpitas, CA",ICC Table Tennis Center,2160,2024-07-07,2100,2024-06-22,ACTIVE,2024 ICC JOOLA Spring OPEN,2157.0,2185.0,2024-03-02,2024-03-03
722,Sarthak,Pradhan,102255,98257,"Milpitas, CA",ICC Table Tennis Center,2160,2024-07-07,2100,2024-06-22,ACTIVE,2023 ICC JOOLA Autumn Open,2165.0,2164.0,2023-10-28,2023-10-29
722,Sarthak,Pradhan,102255,98257,"Milpitas, CA",ICC Table Tennis Center,2160,2024-07-07,2100,2024-06-22,ACTIVE,ICC JOOLA Fall Open,2195.0,2189.0,2023-08-26,2023-08-27
722,Sarthak,Pradhan,102255,98257,"Milpitas, CA",ICC Table Tennis Center,2160,2024-07-07,2100,2024-06-22,ACTIVE,ICC JOOLA Summer Open,2176.0,2201.0,2023-05-06,2023-05-07
722,Sarthak,Pradhan,102255,98257,"Milpitas, CA",ICC Table Tennis Center,2160,2024-07-07,2100,2024-06-22,ACTIVE,ICC JOOLA Spring Open,2168.0,2176.0,2023-03-04,2023-03-05
722,Sarthak,Pradhan,102255,98257,"Milpitas, CA",ICC Table Tennis Center,2160,2024-07-07,2100,2024-06-22,ACTIVE,ICC JOOLA Winter Open,2171.0,2126.0,2022-12-03,2022-12-04
722,Sarthak,Pradhan,102255,98257,"Milpitas, CA",ICC Table Tennis Center,2160,2024-07-07,2100,2024-06-22,ACTIVE,ICC JOOLA Autumn Open,2163.0,2171.0,2022-10-15,2022-10-16
722,Sarthak,Pradhan,102255,98257,"Milpitas, CA",ICC Table Tennis Center,2160,2024-07-07,2100,2024-06-22,ACTIVE,ICC JOOLA Fall Open,2173.0,2163.0,2022-09-10,2022-09-11
722,Sarthak,Pradhan,102255,98257,"Milpitas, CA",ICC Table Tennis Center,2160,2024-07-07,2100,2024-06-22,ACTIVE,ICC JOOLA Summer Open,2112.0,2132.0,2022-05-14,2022-05-15
722,Sarthak,Pradhan,102255,98257,"Milpitas, CA",ICC Table Tennis Center,2160,2024-07-07,2100,2024-06-22,ACTIVE,ICC JOOLA Spring Open 2022,2119.0,2112.0,2022-03-19,2022-03-20
722,Sarthak,Pradhan,102255,98257,"Milpitas, CA",ICC Table Tennis Center,2160,2024-07-07,2100,2024-06-22,ACTIVE,ICC JOOLA Winter Open 2021,2093.0,2128.0,2021-11-13,2021-11-14
722,Sarthak,Pradhan,102255,98257,"Milpitas, CA",ICC Table Tennis Center,2160,2024-07-07,2100,2024-06-22,ACTIVE,ICC JOOLA Fall Open 2021,2092.0,2093.0,2021-08-28,2021-08-29
722,Sarthak,Pradhan,102255,98257,"Milpitas, CA",ICC Table Tennis Center,2160,2024-07-07,2100,2024-06-22,ACTIVE,ICC JOOLA SUMMER OPEN- 2021,2060.0,2057.0,2021-05-29,2021-05-30
722,Sarthak,Pradhan,102255,98257,"Milpitas, CA",ICC Table Tennis Center,2160,2024-07-07,2100,2024-06-22,ACTIVE,ICC JOOLA Spring Open 2020,2058.0,2076.0,2020-03-07,2020-03-08
722,Sarthak,Pradhan,102255,98257,"Milpitas, CA",ICC Table Tennis Center,2160,2024-07-07,2100,2024-06-22,ACTIVE,ICC JOOLA Winter Open,1973.0,1971.0,2019-11-08,2019-11-10
722,Sarthak,Pradhan,102255,98257,"Milpitas, CA",ICC Table Tennis Center,2160,2024-07-07,2100,2024-06-22,ACTIVE,ICC JOOLA Fall Open,1934.0,1939.0,2019-09-08,2019-09-08
722,Sarthak,Pradhan,102255,98257,"Milpitas, CA",ICC Table Tennis Center,2160,2024-07-07,2100,2024-06-22,ACTIVE,ICC Joola Spring Open,1938.0,2045.0,2019-05-12,2019-05-12
722,Sarthak,Pradhan,102255,98257,"Milpitas, CA",ICC Table Tennis Center,2160,2024-07-07,2100,2024-06-22,ACTIVE,ICC Butterfly Winter Open,1883.0,1837.0,2019-02-24,2019-02-24
722,Sarthak,Pradhan,102255,98257,"Milpitas, CA",ICC Table Tennis Center,2160,2024-07-07,2100,2024-06-22,ACTIVE,2018 ICC Butterfly America Open,1810.0,1910.0,2018-12-07,2018-12-09
722,Sarthak,Pradhan,102255,98257,"Milpitas, CA",ICC Table Tennis Center,2160,2024-07-07,2100,2024-06-22,ACTIVE,ICC Butterfly America Open - 2018,1615.0,1670.0,2018-05-06,2018-05-06
722,Sarthak,Pradhan,102255,98257,"Milpitas, CA",ICC Table Tennis Center,2160,2024-07-07,2100,2024-06-22,ACTIVE,ICC Butterfly California State Open,192.0,458.0,2016-12-02,2016-12-04
722,Sarthak,Pradhan,102255,98257,"Milpitas, CA",ICC Table Tennis Center,2160,2024-07-07,2100,2024-06-22,ACTIVE,ICC STIGA California Open,0.0,217.0,2015-12-06,
726,Ruslan,Riabokoniev,6516,94469,"Kaysville, UT",,2159,2024-07-07,2143,2016-08-07,ACTIVE,ICC JOOLA Summer Open,2147.0,2155.0,2023-05-06,2023-05-07
726,Ruslan,Riabokoniev,6516,94469,"Kaysville, UT",,2159,2024-07-07,2143,2016-08-07,ACTIVE,ICC JOOLA Summer Open,2140.0,2129.0,2022-05-14,2022-05-15
726,Ruslan,Riabokoniev,6516,94469,"Kaysville, UT",,2159,2024-07-07,2143,2016-08-07,ACTIVE,ICC JOOLA Fall Open 2021,2209.0,2219.0,2021-08-28,2021-08-29
726,Ruslan,Riabokoniev,6516,94469,"Kaysville, UT",,2159,2024-07-07,2143,2016-08-07,ACTIVE,ICC Butterfly California State Open,2074.0,2198.0,2016-12-02,2016-12-04
732,Medha,Krishna,119837,218837,"Marietta, GA",East Cobb Sports Table Tennis,2158,2024-08-18,0,,ACTIVE,ICC JOOLA Fall Open 2021,1918.0,1845.0,2021-08-28,2021-08-29
737,Kevin,Au,295,59475,"San Jose, CA",(TTA) Table Tennis America,2156,2024-09-02,2204,2022-10-19,ACTIVE,ICC Butterfly America Open - 2018,2254.0,2262.0,2018-05-06,2018-05-06
737,Kevin,Au,295,59475,"San Jose, CA",(TTA) Table Tennis America,2156,2024-09-02,2204,2022-10-19,ACTIVE,ICC California State Open,2338.0,2348.0,2014-04-06,
737,Kevin,Au,295,59475,"San Jose, CA",(TTA) Table Tennis America,2156,2024-09-02,2204,2022-10-19,ACTIVE,ICC CA State Open,2248.0,2256.0,2013-12-08,
737,Kevin,Au,295,59475,"San Jose, CA",(TTA) Table Tennis America,2156,2024-09-02,2204,2022-10-19,ACTIVE,ICC CA State Open,2261.0,2271.0,2013-05-19,
737,Kevin,Au,295,59475,"San Jose, CA",(TTA) Table Tennis America,2156,2024-09-02,2204,2022-10-19,ACTIVE,ICC CA State Open,2179.0,2170.0,2011-06-05,
737,Kevin,Au,295,59475,"San Jose, CA",(TTA) Table Tennis America,2156,2024-09-02,2204,2022-10-19,ACTIVE,ICC CA State Open,2239.0,2220.0,2011-03-20,
737,Kevin,Au,295,59475,"San Jose, CA",(TTA) Table Tennis America,2156,2024-09-02,2204,2022-10-19,ACTIVE,ICC CA State Open,2320.0,2307.0,2010-05-02,
737,Kevin,Au,295,59475,"San Jose, CA",(TTA) Table Tennis America,2156,2024-09-02,2204,2022-10-19,ACTIVE,ICC CA State Open,2275.0,2320.0,2010-02-28,
737,Kevin,Au,295,59475,"San Jose, CA",(TTA) Table Tennis America,2156,2024-09-02,2204,2022-10-19,ACTIVE,ICC California State Open,2301.0,2311.0,2009-12-06,
737,Kevin,Au,295,59475,"San Jose, CA",(TTA) Table Tennis America,2156,2024-09-02,2204,2022-10-19,ACTIVE,ICC California State Open,2313.0,2286.0,2009-05-10,
737,Kevin,Au,295,59475,"San Jose, CA",(TTA) Table Tennis America,2156,2024-09-02,2204,2022-10-19,ACTIVE,ICC California State Open,2342.0,2348.0,2008-12-06,
737,Kevin,Au,295,59475,"San Jose, CA",(TTA) Table Tennis America,2156,2024-09-02,2204,2022-10-19,ACTIVE,ICC Northern CA Open,2348.0,2349.0,2007-07-22,
742,Khoi,Nguyen,5641,76535,"San Jose, CA",,2154,2024-04-28,1910,2013-09-14,ACTIVE,ICC California State Open,1966.0,1965.0,2012-05-27,
749,Yi,Ma,34103,84273,"Santa Clara, CA",,2153,2024-07-28,2040,2024-06-29,ACTIVE,ICC JOOLA Fall Open,2004.0,1996.0,2022-09-10,2022-09-11
749,Yi,Ma,34103,84273,"Santa Clara, CA",,2153,2024-07-28,2040,2024-06-29,ACTIVE,ICC JOOLA Summer Open,2042.0,2015.0,2022-05-14,2022-05-15
749,Yi,Ma,34103,84273,"Santa Clara, CA",,2153,2024-07-28,2040,2024-06-29,ACTIVE,ICC JOOLA Spring Open 2022,2057.0,2047.0,2022-03-19,2022-03-20
749,Yi,Ma,34103,84273,"Santa Clara, CA",,2153,2024-07-28,2040,2024-06-29,ACTIVE,ICC JOOLA Winter Open 2021,1928.0,1928.0,2021-11-13,2021-11-14
749,Yi,Ma,34103,84273,"Santa Clara, CA",,2153,2024-07-28,2040,2024-06-29,ACTIVE,ICC JOOLA Fall Open 2021,1803.0,1809.0,2021-08-28,2021-08-29
749,Yi,Ma,34103,84273,"Santa Clara, CA",,2153,2024-07-28,2040,2024-06-29,ACTIVE,ICC Joola Fall Open 2020,1863.0,1801.0,2020-10-10,2020-10-11
749,Yi,Ma,34103,84273,"Santa Clara, CA",,2153,2024-07-28,2040,2024-06-29,ACTIVE,2018 ICC Butterfly America Open,1876.0,1863.0,2018-12-07,2018-12-09
749,Yi,Ma,34103,84273,"Santa Clara, CA",,2153,2024-07-28,2040,2024-06-29,ACTIVE,ICC Butterfly America Open - 2018,1878.0,1859.0,2018-05-06,2018-05-06
750,Kenny,Au,124163,223163,"San Jose, CA",(TTA) Table Tennis America,2152,2024-09-02,2060,2024-03-10,ACTIVE,2024 ICC JOOLA Summer OPEN,2143.0,2142.0,2024-05-04,2024-05-05
750,Kenny,Au,124163,223163,"San Jose, CA",(TTA) Table Tennis America,2152,2024-09-02,2060,2024-03-10,ACTIVE,2024 ICC JOOLA Spring OPEN,2199.0,2153.0,2024-03-02,2024-03-03
750,Kenny,Au,124163,223163,"San Jose, CA",(TTA) Table Tennis America,2152,2024-09-02,2060,2024-03-10,ACTIVE,2023 ICC JOOLA Autumn Open,2109.0,2107.0,2023-10-28,2023-10-29
750,Kenny,Au,124163,223163,"San Jose, CA",(TTA) Table Tennis America,2152,2024-09-02,2060,2024-03-10,ACTIVE,ICC JOOLA Fall Open,2069.0,2094.0,2023-08-26,2023-08-27
750,Kenny,Au,124163,223163,"San Jose, CA",(TTA) Table Tennis America,2152,2024-09-02,2060,2024-03-10,ACTIVE,ICC JOOLA Spring Open,2064.0,2064.0,2023-03-04,2023-03-05
750,Kenny,Au,124163,223163,"San Jose, CA",(TTA) Table Tennis America,2152,2024-09-02,2060,2024-03-10,ACTIVE,ICC JOOLA Winter Open,2075.0,2070.0,2022-12-03,2022-12-04
750,Kenny,Au,124163,223163,"San Jose, CA",(TTA) Table Tennis America,2152,2024-09-02,2060,2024-03-10,ACTIVE,ICC JOOLA Autumn Open,2045.0,2069.0,2022-10-15,2022-10-16
750,Kenny,Au,124163,223163,"San Jose, CA",(TTA) Table Tennis America,2152,2024-09-02,2060,2024-03-10,ACTIVE,ICC JOOLA Fall Open,2063.0,2045.0,2022-09-10,2022-09-11
750,Kenny,Au,124163,223163,"San Jose, CA",(TTA) Table Tennis America,2152,2024-09-02,2060,2024-03-10,ACTIVE,ICC JOOLA Spring Open 2022,2019.0,1999.0,2022-03-19,2022-03-20
750,Kenny,Au,124163,223163,"San Jose, CA",(TTA) Table Tennis America,2152,2024-09-02,2060,2024-03-10,ACTIVE,ICC Joola Spring Open 2021,1768.0,1969.0,2021-04-10,2021-04-11
750,Kenny,Au,124163,223163,"San Jose, CA",(TTA) Table Tennis America,2152,2024-09-02,2060,2024-03-10,ACTIVE,ICC Joola Fall Open 2020,1766.0,1768.0,2020-10-10,2020-10-11
750,Kenny,Au,124163,223163,"San Jose, CA",(TTA) Table Tennis America,2152,2024-09-02,2060,2024-03-10,ACTIVE,ICC JOOLA Spring Open 2020,1781.0,1766.0,2020-03-07,2020-03-08
750,Kenny,Au,124163,223163,"San Jose, CA",(TTA) Table Tennis America,2152,2024-09-02,2060,2024-03-10,ACTIVE,2018 ICC Butterfly America Open,1372.0,1482.0,2018-12-07,2018-12-09
750,Kenny,Au,124163,223163,"San Jose, CA",(TTA) Table Tennis America,2152,2024-09-02,2060,2024-03-10,ACTIVE,ICC Butterfly America Open - 2018,0.0,532.0,2018-05-06,2018-05-06
755,Michael,Li,32242,73467,"Sunnyvale, CA",,2150,2024-09-02,2013,2024-09-08,ACTIVE,2023 ICC JOOLA Autumn Open,2088.0,2086.0,2023-10-28,2023-10-29
755,Michael,Li,32242,73467,"Sunnyvale, CA",,2150,2024-09-02,2013,2024-09-08,ACTIVE,ICC JOOLA Fall Open,1859.0,1849.0,2022-09-10,2022-09-11
763,Roy,Lee,31547,87827,"Felton, CA",,2148,2022-12-21,1994,2024-03-09,ACTIVE,2018 ICC Butterfly America Open,1967.0,1996.0,2018-12-07,2018-12-09
763,Roy,Lee,31547,87827,"Felton, CA",,2148,2022-12-21,1994,2024-03-09,ACTIVE,ICC California State Open,1922.0,1958.0,2012-05-27,
763,Roy,Lee,31547,87827,"Felton, CA",,2148,2022-12-21,1994,2024-03-09,ACTIVE,ICC California State Open,0.0,1922.0,2012-03-18,
766,Kyle,Jao,3408,81559,"Sunnyvale, CA",Swan Ping Pong,2147,2024-06-16,2087,2024-06-29,ACTIVE,ICC JOOLA Fall Open,2020.0,2018.0,2023-08-26,2023-08-27
766,Kyle,Jao,3408,81559,"Sunnyvale, CA",Swan Ping Pong,2147,2024-06-16,2087,2024-06-29,ACTIVE,ICC CA State Open,2009.0,2034.0,2013-05-19,
768,David,Roberts,6562,55604,"Bellevue, WA",Seattle Pacific Table Tennis Club,2147,2023-12-10,2169,2023-12-30,ACTIVE,ICC California State Open,2242.0,2191.0,2014-04-06,
769,Purvi,Soni,102306,98261,"Fremont, CA",,2147,2022-07-07,2118,2022-07-30,ACTIVE,ICC JOOLA Spring Open 2022,2144.0,2244.0,2022-03-19,2022-03-20
769,Purvi,Soni,102306,98261,"Fremont, CA",,2147,2022-07-07,2118,2022-07-30,ACTIVE,ICC JOOLA Winter Open 2021,2153.0,2144.0,2021-11-13,2021-11-14
769,Purvi,Soni,102306,98261,"Fremont, CA",,2147,2022-07-07,2118,2022-07-30,ACTIVE,ICC JOOLA Fall Open 2021,2040.0,2153.0,2021-08-28,2021-08-29
769,Purvi,Soni,102306,98261,"Fremont, CA",,2147,2022-07-07,2118,2022-07-30,ACTIVE,ICC JOOLA SUMMER OPEN- 2021,2081.0,2063.0,2021-05-29,2021-05-30
769,Purvi,Soni,102306,98261,"Fremont, CA",,2147,2022-07-07,2118,2022-07-30,ACTIVE,ICC Joola Spring Open 2021,2104.0,2081.0,2021-04-10,2021-04-11
769,Purvi,Soni,102306,98261,"Fremont, CA",,2147,2022-07-07,2118,2022-07-30,ACTIVE,T2 CHALLENGE SEASON 2 SELECTION TRIALS AT ICC,2084.0,2104.0,2020-11-26,2020-11-27
769,Purvi,Soni,102306,98261,"Fremont, CA",,2147,2022-07-07,2118,2022-07-30,ACTIVE,ICC Joola Fall Open 2020,1975.0,2084.0,2020-10-10,2020-10-11
769,Purvi,Soni,102306,98261,"Fremont, CA",,2147,2022-07-07,2118,2022-07-30,ACTIVE,ICC JOOLA Spring Open 2020,1938.0,1975.0,2020-03-07,2020-03-08
769,Purvi,Soni,102306,98261,"Fremont, CA",,2147,2022-07-07,2118,2022-07-30,ACTIVE,ICC JOOLA Winter Open,2096.0,2053.0,2019-11-08,2019-11-10
769,Purvi,Soni,102306,98261,"Fremont, CA",,2147,2022-07-07,2118,2022-07-30,ACTIVE,ICC JOOLA Fall Open,2040.0,2021.0,2019-09-08,2019-09-08
769,Purvi,Soni,102306,98261,"Fremont, CA",,2147,2022-07-07,2118,2022-07-30,ACTIVE,ICC Joola Spring Open,2037.0,1997.0,2019-05-12,2019-05-12
769,Purvi,Soni,102306,98261,"Fremont, CA",,2147,2022-07-07,2118,2022-07-30,ACTIVE,2018 ICC Butterfly America Open,1898.0,1873.0,2018-12-07,2018-12-09
769,Purvi,Soni,102306,98261,"Fremont, CA",,2147,2022-07-07,2118,2022-07-30,ACTIVE,ICC Butterfly America Open - 2018,1796.0,1783.0,2018-05-06,2018-05-06
769,Purvi,Soni,102306,98261,"Fremont, CA",,2147,2022-07-07,2118,2022-07-30,ACTIVE,ICC Butterfly California State Open,312.0,413.0,2016-12-02,2016-12-04
769,Purvi,Soni,102306,98261,"Fremont, CA",,2147,2022-07-07,2118,2022-07-30,ACTIVE,ICC STIGA California Open,0.0,127.0,2015-12-06,
778,Shing-Li,Sung,7540,30198,"Campbell, CA",ICC Table Tennis Center,2144,2024-07-07,2073,2024-06-29,ACTIVE,ICC JOOLA Fall Open,2196.0,2208.0,2022-09-10,2022-09-11
778,Shing-Li,Sung,7540,30198,"Campbell, CA",ICC Table Tennis Center,2144,2024-07-07,2073,2024-06-29,ACTIVE,ICC JOOLA Spring Open 2022,2118.0,2098.0,2022-03-19,2022-03-20
778,Shing-Li,Sung,7540,30198,"Campbell, CA",ICC Table Tennis Center,2144,2024-07-07,2073,2024-06-29,ACTIVE,ICC JOOLA Winter Open 2021,2097.0,2118.0,2021-11-13,2021-11-14
778,Shing-Li,Sung,7540,30198,"Campbell, CA",ICC Table Tennis Center,2144,2024-07-07,2073,2024-06-29,ACTIVE,ICC JOOLA Fall Open 2021,2096.0,2097.0,2021-08-28,2021-08-29
778,Shing-Li,Sung,7540,30198,"Campbell, CA",ICC Table Tennis Center,2144,2024-07-07,2073,2024-06-29,ACTIVE,2018 ICC Butterfly America Open,2255.0,2225.0,2018-12-07,2018-12-09
778,Shing-Li,Sung,7540,30198,"Campbell, CA",ICC Table Tennis Center,2144,2024-07-07,2073,2024-06-29,ACTIVE,ICC STIGA California Open,2136.0,2255.0,2015-12-06,
778,Shing-Li,Sung,7540,30198,"Campbell, CA",ICC Table Tennis Center,2144,2024-07-07,2073,2024-06-29,ACTIVE,ICC STIGA California Open,2117.0,2136.0,2015-05-03,
778,Shing-Li,Sung,7540,30198,"Campbell, CA",ICC Table Tennis Center,2144,2024-07-07,2073,2024-06-29,ACTIVE,ICC California State Open,2191.0,2173.0,2014-04-06,
778,Shing-Li,Sung,7540,30198,"Campbell, CA",ICC Table Tennis Center,2144,2024-07-07,2073,2024-06-29,ACTIVE,ICC CA State Open,2185.0,2197.0,2011-12-04,
778,Shing-Li,Sung,7540,30198,"Campbell, CA",ICC Table Tennis Center,2144,2024-07-07,2073,2024-06-29,ACTIVE,ICC CA State Open,2204.0,2184.0,2010-12-05,
778,Shing-Li,Sung,7540,30198,"Campbell, CA",ICC Table Tennis Center,2144,2024-07-07,2073,2024-06-29,ACTIVE,ICC CA State Open,2246.0,2229.0,2010-05-02,
778,Shing-Li,Sung,7540,30198,"Campbell, CA",ICC Table Tennis Center,2144,2024-07-07,2073,2024-06-29,ACTIVE,ICC CA State Open,2252.0,2246.0,2010-02-28,
778,Shing-Li,Sung,7540,30198,"Campbell, CA",ICC Table Tennis Center,2144,2024-07-07,2073,2024-06-29,ACTIVE,ICC California State Open,2271.0,2252.0,2009-12-06,
778,Shing-Li,Sung,7540,30198,"Campbell, CA",ICC Table Tennis Center,2144,2024-07-07,2073,2024-06-29,ACTIVE,ICC California State Open,2265.0,2259.0,2009-03-01,
778,Shing-Li,Sung,7540,30198,"Campbell, CA",ICC Table Tennis Center,2144,2024-07-07,2073,2024-06-29,ACTIVE,ICC California State Open,2266.0,2265.0,2008-12-06,
779,Ananda,Krishnan,3959,82236,"Fremont, CA",,2144,2022-07-07,1925,2024-03-09,ACTIVE,ICC JOOLA Winter Open 2021,2071.0,2067.0,2021-11-13,2021-11-14
779,Ananda,Krishnan,3959,82236,"Fremont, CA",,2144,2022-07-07,1925,2024-03-09,ACTIVE,ICC JOOLA Fall Open 2021,2077.0,2071.0,2021-08-28,2021-08-29
779,Ananda,Krishnan,3959,82236,"Fremont, CA",,2144,2022-07-07,1925,2024-03-09,ACTIVE,ICC JOOLA Spring Open 2020,2096.0,2077.0,2020-03-07,2020-03-08
779,Ananda,Krishnan,3959,82236,"Fremont, CA",,2144,2022-07-07,1925,2024-03-09,ACTIVE,ICC JOOLA Winter Open,2096.0,2096.0,2019-11-08,2019-11-10
779,Ananda,Krishnan,3959,82236,"Fremont, CA",,2144,2022-07-07,1925,2024-03-09,ACTIVE,ICC JOOLA Fall Open,2081.0,2096.0,2019-09-08,2019-09-08
779,Ananda,Krishnan,3959,82236,"Fremont, CA",,2144,2022-07-07,1925,2024-03-09,ACTIVE,ICC Butterfly America Open - 2018,2092.0,2084.0,2018-05-06,2018-05-06
779,Ananda,Krishnan,3959,82236,"Fremont, CA",,2144,2022-07-07,1925,2024-03-09,ACTIVE,ICC Butterfly California State Open,2140.0,2138.0,2016-12-02,2016-12-04
779,Ananda,Krishnan,3959,82236,"Fremont, CA",,2144,2022-07-07,1925,2024-03-09,ACTIVE,ICC California State Open,2066.0,2077.0,2014-04-06,
779,Ananda,Krishnan,3959,82236,"Fremont, CA",,2144,2022-07-07,1925,2024-03-09,ACTIVE,ICC CA State Open,2078.0,2097.0,2013-12-08,
779,Ananda,Krishnan,3959,82236,"Fremont, CA",,2144,2022-07-07,1925,2024-03-09,ACTIVE,ICC CA State Open,2104.0,2087.0,2013-05-19,
779,Ananda,Krishnan,3959,82236,"Fremont, CA",,2144,2022-07-07,1925,2024-03-09,ACTIVE,ICC CA State Open,2084.0,2103.0,2013-02-17,
779,Ananda,Krishnan,3959,82236,"Fremont, CA",,2144,2022-07-07,1925,2024-03-09,ACTIVE,ICC California State Open,2081.0,2067.0,2012-12-09,
779,Ananda,Krishnan,3959,82236,"Fremont, CA",,2144,2022-07-07,1925,2024-03-09,ACTIVE,ICC California State Open,2091.0,2091.0,2012-05-27,
779,Ananda,Krishnan,3959,82236,"Fremont, CA",,2144,2022-07-07,1925,2024-03-09,ACTIVE,ICC CA State Open,1944.0,1919.0,2011-06-05,
779,Ananda,Krishnan,3959,82236,"Fremont, CA",,2144,2022-07-07,1925,2024-03-09,ACTIVE,ICC CA State Open,1888.0,1852.0,2011-03-20,
779,Ananda,Krishnan,3959,82236,"Fremont, CA",,2144,2022-07-07,1925,2024-03-09,ACTIVE,ICC CA State Open,1736.0,1765.0,2010-12-05,
779,Ananda,Krishnan,3959,82236,"Fremont, CA",,2144,2022-07-07,1925,2024-03-09,ACTIVE,ICC CA State Open,1620.0,1680.0,2010-05-02,
779,Ananda,Krishnan,3959,82236,"Fremont, CA",,2144,2022-07-07,1925,2024-03-09,ACTIVE,ICC CA State Open,0.0,1620.0,2010-02-28,
781,Olaf,Surmann,7549,81607,"Concord, CA",Concord Table Tennis Club,2143,2024-08-25,2088,2024-08-10,ACTIVE,2024 ICC JOOLA Fall OPEN,2144.0,2143.0,2024-08-24,2024-08-25
781,Olaf,Surmann,7549,81607,"Concord, CA",Concord Table Tennis Club,2143,2024-08-25,2088,2024-08-10,ACTIVE,2024 ICC JOOLA Summer OPEN,2158.0,2142.0,2024-05-04,2024-05-05
781,Olaf,Surmann,7549,81607,"Concord, CA",Concord Table Tennis Club,2143,2024-08-25,2088,2024-08-10,ACTIVE,2024 ICC JOOLA Spring OPEN,2148.0,2158.0,2024-03-02,2024-03-03
781,Olaf,Surmann,7549,81607,"Concord, CA",Concord Table Tennis Club,2143,2024-08-25,2088,2024-08-10,ACTIVE,2023 ICC JOOLA Winter Open,2161.0,2187.0,2023-12-02,2023-12-03
781,Olaf,Surmann,7549,81607,"Concord, CA",Concord Table Tennis Club,2143,2024-08-25,2088,2024-08-10,ACTIVE,2023 ICC JOOLA Autumn Open,2164.0,2161.0,2023-10-28,2023-10-29
781,Olaf,Surmann,7549,81607,"Concord, CA",Concord Table Tennis Club,2143,2024-08-25,2088,2024-08-10,ACTIVE,ICC JOOLA Fall Open,2143.0,2127.0,2023-08-26,2023-08-27
781,Olaf,Surmann,7549,81607,"Concord, CA",Concord Table Tennis Club,2143,2024-08-25,2088,2024-08-10,ACTIVE,ICC JOOLA Summer Open,2135.0,2122.0,2023-05-06,2023-05-07
781,Olaf,Surmann,7549,81607,"Concord, CA",Concord Table Tennis Club,2143,2024-08-25,2088,2024-08-10,ACTIVE,ICC JOOLA Spring Open,2128.0,2135.0,2023-03-04,2023-03-05
781,Olaf,Surmann,7549,81607,"Concord, CA",Concord Table Tennis Club,2143,2024-08-25,2088,2024-08-10,ACTIVE,ICC JOOLA Autumn Open,2122.0,2118.0,2022-10-15,2022-10-16
781,Olaf,Surmann,7549,81607,"Concord, CA",Concord Table Tennis Club,2143,2024-08-25,2088,2024-08-10,ACTIVE,ICC JOOLA Fall Open,2109.0,2112.0,2022-09-10,2022-09-11
781,Olaf,Surmann,7549,81607,"Concord, CA",Concord Table Tennis Club,2143,2024-08-25,2088,2024-08-10,ACTIVE,ICC JOOLA Summer Open,2113.0,2109.0,2022-05-14,2022-05-15
781,Olaf,Surmann,7549,81607,"Concord, CA",Concord Table Tennis Club,2143,2024-08-25,2088,2024-08-10,ACTIVE,ICC JOOLA Winter Open 2021,2107.0,2120.0,2021-11-13,2021-11-14
781,Olaf,Surmann,7549,81607,"Concord, CA",Concord Table Tennis Club,2143,2024-08-25,2088,2024-08-10,ACTIVE,ICC JOOLA Fall Open 2021,2115.0,2123.0,2021-08-28,2021-08-29
781,Olaf,Surmann,7549,81607,"Concord, CA",Concord Table Tennis Club,2143,2024-08-25,2088,2024-08-10,ACTIVE,ICC JOOLA SUMMER OPEN- 2021,2119.0,2115.0,2021-05-29,2021-05-30
781,Olaf,Surmann,7549,81607,"Concord, CA",Concord Table Tennis Club,2143,2024-08-25,2088,2024-08-10,ACTIVE,ICC Joola Spring Open 2021,2157.0,2119.0,2021-04-10,2021-04-11
781,Olaf,Surmann,7549,81607,"Concord, CA",Concord Table Tennis Club,2143,2024-08-25,2088,2024-08-10,ACTIVE,ICC Joola Fall Open 2020,2189.0,2157.0,2020-10-10,2020-10-11
781,Olaf,Surmann,7549,81607,"Concord, CA",Concord Table Tennis Club,2143,2024-08-25,2088,2024-08-10,ACTIVE,ICC JOOLA Winter Open,2244.0,2228.0,2019-11-08,2019-11-10
781,Olaf,Surmann,7549,81607,"Concord, CA",Concord Table Tennis Club,2143,2024-08-25,2088,2024-08-10,ACTIVE,ICC JOOLA Fall Open,2224.0,2214.0,2019-09-08,2019-09-08
781,Olaf,Surmann,7549,81607,"Concord, CA",Concord Table Tennis Club,2143,2024-08-25,2088,2024-08-10,ACTIVE,ICC Joola Spring Open,2126.0,2195.0,2019-05-12,2019-05-12
781,Olaf,Surmann,7549,81607,"Concord, CA",Concord Table Tennis Club,2143,2024-08-25,2088,2024-08-10,ACTIVE,ICC Butterfly Winter Open,2197.0,2178.0,2019-02-24,2019-02-24
781,Olaf,Surmann,7549,81607,"Concord, CA",Concord Table Tennis Club,2143,2024-08-25,2088,2024-08-10,ACTIVE,2018 ICC Butterfly America Open,2192.0,2186.0,2018-12-07,2018-12-09
781,Olaf,Surmann,7549,81607,"Concord, CA",Concord Table Tennis Club,2143,2024-08-25,2088,2024-08-10,ACTIVE,ICC Butterfly America Open - 2018,2177.0,2169.0,2018-05-06,2018-05-06
781,Olaf,Surmann,7549,81607,"Concord, CA",Concord Table Tennis Club,2143,2024-08-25,2088,2024-08-10,ACTIVE,ICC STIGA California Open,2138.0,2133.0,2015-12-06,
781,Olaf,Surmann,7549,81607,"Concord, CA",Concord Table Tennis Club,2143,2024-08-25,2088,2024-08-10,ACTIVE,ICC California State Open,2156.0,2131.0,2014-12-07,
781,Olaf,Surmann,7549,81607,"Concord, CA",Concord Table Tennis Club,2143,2024-08-25,2088,2024-08-10,ACTIVE,ICC California State Open,2195.0,2151.0,2014-04-06,
781,Olaf,Surmann,7549,81607,"Concord, CA",Concord Table Tennis Club,2143,2024-08-25,2088,2024-08-10,ACTIVE,ICC CA State Open,2241.0,2206.0,2013-12-08,
781,Olaf,Surmann,7549,81607,"Concord, CA",Concord Table Tennis Club,2143,2024-08-25,2088,2024-08-10,ACTIVE,ICC CA State Open,2225.0,2217.0,2013-02-17,
781,Olaf,Surmann,7549,81607,"Concord, CA",Concord Table Tennis Club,2143,2024-08-25,2088,2024-08-10,ACTIVE,ICC California State Open,2101.0,2196.0,2012-05-27,
781,Olaf,Surmann,7549,81607,"Concord, CA",Concord Table Tennis Club,2143,2024-08-25,2088,2024-08-10,ACTIVE,ICC CA State Open,2155.0,2138.0,2011-12-04,
781,Olaf,Surmann,7549,81607,"Concord, CA",Concord Table Tennis Club,2143,2024-08-25,2088,2024-08-10,ACTIVE,ICC CA State Open,2157.0,2172.0,2011-03-20,
781,Olaf,Surmann,7549,81607,"Concord, CA",Concord Table Tennis Club,2143,2024-08-25,2088,2024-08-10,ACTIVE,ICC CA State Open,2061.0,2059.0,2010-05-02,
781,Olaf,Surmann,7549,81607,"Concord, CA",Concord Table Tennis Club,2143,2024-08-25,2088,2024-08-10,ACTIVE,ICC CA State Open,2079.0,2061.0,2010-02-28,
781,Olaf,Surmann,7549,81607,"Concord, CA",Concord Table Tennis Club,2143,2024-08-25,2088,2024-08-10,ACTIVE,ICC California State Open,0.0,2022.0,2009-12-06,
784,Sumedh,Seetharaman,166449,1166449,"San Jose, CA",(TTA) Table Tennis America,2141,2024-07-07,2014,2024-09-01,ACTIVE,2024 ICC JOOLA Summer OPEN,2083.0,2080.0,2024-05-04,2024-05-05
784,Sumedh,Seetharaman,166449,1166449,"San Jose, CA",(TTA) Table Tennis America,2141,2024-07-07,2014,2024-09-01,ACTIVE,2024 ICC JOOLA Spring OPEN,2046.0,2018.0,2024-03-02,2024-03-03
784,Sumedh,Seetharaman,166449,1166449,"San Jose, CA",(TTA) Table Tennis America,2141,2024-07-07,2014,2024-09-01,ACTIVE,ICC JOOLA Fall Open,1960.0,1958.0,2023-08-26,2023-08-27
784,Sumedh,Seetharaman,166449,1166449,"San Jose, CA",(TTA) Table Tennis America,2141,2024-07-07,2014,2024-09-01,ACTIVE,ICC JOOLA Summer Open,1853.0,1856.0,2023-05-06,2023-05-07
784,Sumedh,Seetharaman,166449,1166449,"San Jose, CA",(TTA) Table Tennis America,2141,2024-07-07,2014,2024-09-01,ACTIVE,ICC JOOLA Winter Open 2021,1024.0,1024.0,2021-11-13,2021-11-14
784,Sumedh,Seetharaman,166449,1166449,"San Jose, CA",(TTA) Table Tennis America,2141,2024-07-07,2014,2024-09-01,ACTIVE,ICC JOOLA Fall Open 2021,1068.0,1018.0,2021-08-28,2021-08-29
784,Sumedh,Seetharaman,166449,1166449,"San Jose, CA",(TTA) Table Tennis America,2141,2024-07-07,2014,2024-09-01,ACTIVE,ICC JOOLA SUMMER OPEN- 2021,542.0,542.0,2021-05-29,2021-05-30
784,Sumedh,Seetharaman,166449,1166449,"San Jose, CA",(TTA) Table Tennis America,2141,2024-07-07,2014,2024-09-01,ACTIVE,ICC Joola Spring Open 2021,207.0,545.0,2021-04-10,2021-04-11
784,Sumedh,Seetharaman,166449,1166449,"San Jose, CA",(TTA) Table Tennis America,2141,2024-07-07,2014,2024-09-01,ACTIVE,ICC Joola Fall Open 2020,47.0,207.0,2020-10-10,2020-10-11
784,Sumedh,Seetharaman,166449,1166449,"San Jose, CA",(TTA) Table Tennis America,2141,2024-07-07,2014,2024-09-01,ACTIVE,ICC JOOLA Spring Open 2020,47.0,47.0,2020-03-07,2020-03-08
787,Ming,Zhang,9034,23562,"Milpitas * *, CA",Palo Alto Table Tennis Association,2140,2018-03-02,2105,2022-11-04,ACTIVE,ICC STIGA California Open,2154.0,2147.0,2015-05-03,
787,Ming,Zhang,9034,23562,"Milpitas * *, CA",Palo Alto Table Tennis Association,2140,2018-03-02,2105,2022-11-04,ACTIVE,ICC CA State Open,2187.0,2154.0,2010-05-02,
787,Ming,Zhang,9034,23562,"Milpitas * *, CA",Palo Alto Table Tennis Association,2140,2018-03-02,2105,2022-11-04,ACTIVE,ICC California State Open,2214.0,2187.0,2009-12-06,
787,Ming,Zhang,9034,23562,"Milpitas * *, CA",Palo Alto Table Tennis Association,2140,2018-03-02,2105,2022-11-04,ACTIVE,ICC California State Open,2216.0,2214.0,2009-05-10,
787,Ming,Zhang,9034,23562,"Milpitas * *, CA",Palo Alto Table Tennis Association,2140,2018-03-02,2105,2022-11-04,ACTIVE,ICC California State Open,2228.0,2216.0,2008-12-06,
788,Peter Jie,Yang,8788,78089,"Madison, WI",Madison Table Tennis Club,2140,2024-09-02,2043,2024-08-18,ACTIVE,ICC JOOLA Autumn Open,2197.0,2181.0,2022-10-15,2022-10-16
794,Kash,Noorani,117131,216131,"Mountain View, CA",,2139,2024-07-07,2020,2024-06-29,ACTIVE,ICC JOOLA Fall Open,2141.0,2137.0,2023-08-26,2023-08-27
794,Kash,Noorani,117131,216131,"Mountain View, CA",,2139,2024-07-07,2020,2024-06-29,ACTIVE,ICC JOOLA Fall Open,2135.0,2139.0,2022-09-10,2022-09-11
794,Kash,Noorani,117131,216131,"Mountain View, CA",,2139,2024-07-07,2020,2024-06-29,ACTIVE,ICC JOOLA SUMMER OPEN- 2021,2048.0,2023.0,2021-05-29,2021-05-30
794,Kash,Noorani,117131,216131,"Mountain View, CA",,2139,2024-07-07,2020,2024-06-29,ACTIVE,ICC Joola Spring Open 2021,2027.0,2048.0,2021-04-10,2021-04-11
794,Kash,Noorani,117131,216131,"Mountain View, CA",,2139,2024-07-07,2020,2024-06-29,ACTIVE,ICC JOOLA Spring Open 2020,2008.0,2027.0,2020-03-07,2020-03-08
794,Kash,Noorani,117131,216131,"Mountain View, CA",,2139,2024-07-07,2020,2024-06-29,ACTIVE,ICC JOOLA Fall Open,2034.0,2016.0,2019-09-08,2019-09-08
794,Kash,Noorani,117131,216131,"Mountain View, CA",,2139,2024-07-07,2020,2024-06-29,ACTIVE,ICC Joola Spring Open,1771.0,2001.0,2019-05-12,2019-05-12
797,Brian,Kim,29122,70433,"Fremont, CA",,2139,2018-03-02,1952,2014-05-10,ACTIVE,ICC California State Open,0.0,2139.0,2009-12-06,
798,Philippe,Dassonval,1610,60396,"Woodside, NY",NYTTF,2138,2024-06-30,2150,2014-03-04,ACTIVE,ICC California State Open,2039.0,2000.0,2012-05-27,
800,Evan,Dong,171856,1171856,"Fremont, CA",(TTA) Table Tennis America,2137,2024-07-07,1993,2024-09-01,ACTIVE,2024 ICC JOOLA Summer OPEN,2076.0,2060.0,2024-05-04,2024-05-05
800,Evan,Dong,171856,1171856,"Fremont, CA",(TTA) Table Tennis America,2137,2024-07-07,1993,2024-09-01,ACTIVE,2024 ICC JOOLA Spring OPEN,2124.0,2135.0,2024-03-02,2024-03-03
800,Evan,Dong,171856,1171856,"Fremont, CA",(TTA) Table Tennis America,2137,2024-07-07,1993,2024-09-01,ACTIVE,2023 ICC JOOLA Winter Open,1959.0,1959.0,2023-12-02,2023-12-03
800,Evan,Dong,171856,1171856,"Fremont, CA",(TTA) Table Tennis America,2137,2024-07-07,1993,2024-09-01,ACTIVE,2023 ICC JOOLA Autumn Open,1966.0,1959.0,2023-10-28,2023-10-29
800,Evan,Dong,171856,1171856,"Fremont, CA",(TTA) Table Tennis America,2137,2024-07-07,1993,2024-09-01,ACTIVE,ICC JOOLA Fall Open,1867.0,1861.0,2023-08-26,2023-08-27
800,Evan,Dong,171856,1171856,"Fremont, CA",(TTA) Table Tennis America,2137,2024-07-07,1993,2024-09-01,ACTIVE,ICC JOOLA Summer Open,1630.0,1730.0,2023-05-06,2023-05-07
800,Evan,Dong,171856,1171856,"Fremont, CA",(TTA) Table Tennis America,2137,2024-07-07,1993,2024-09-01,ACTIVE,ICC JOOLA Winter Open,1369.0,1371.0,2022-12-03,2022-12-04
800,Evan,Dong,171856,1171856,"Fremont, CA",(TTA) Table Tennis America,2137,2024-07-07,1993,2024-09-01,ACTIVE,ICC JOOLA Autumn Open,1383.0,1428.0,2022-10-15,2022-10-16
800,Evan,Dong,171856,1171856,"Fremont, CA",(TTA) Table Tennis America,2137,2024-07-07,1993,2024-09-01,ACTIVE,ICC JOOLA Fall Open,1391.0,1383.0,2022-09-10,2022-09-11
800,Evan,Dong,171856,1171856,"Fremont, CA",(TTA) Table Tennis America,2137,2024-07-07,1993,2024-09-01,ACTIVE,ICC JOOLA Summer Open,780.0,788.0,2022-05-14,2022-05-15
800,Evan,Dong,171856,1171856,"Fremont, CA",(TTA) Table Tennis America,2137,2024-07-07,1993,2024-09-01,ACTIVE,ICC JOOLA Spring Open 2022,855.0,790.0,2022-03-19,2022-03-20
803,Mustafa,Ucozler,7989,16568,"Lemon Grove, CA",San Diego TTA,2136,2024-01-21,0,,ACTIVE,ICC CA State Open,2174.0,2193.0,2011-03-20,
807,Kayleigh,Cui,116499,215499,"San Diego, CA",,2135,2024-05-27,1991,2024-03-22,ACTIVE,ICC JOOLA Winter Open 2021,2057.0,2079.0,2021-11-13,2021-11-14
818,Spencer,Chase,1095,31377,CA,Alameda Table Tennis Club (ATTC),2132,2018-03-02,2105,2009-04-18,ACTIVE,ICC California State Open,2142.0,2145.0,2009-03-01,
818,Spencer,Chase,1095,31377,CA,Alameda Table Tennis Club (ATTC),2132,2018-03-02,2105,2009-04-18,ACTIVE,ICC California State Open,2103.0,2106.0,2008-12-06,
818,Spencer,Chase,1095,31377,CA,Alameda Table Tennis Club (ATTC),2132,2018-03-02,2105,2009-04-18,ACTIVE,ICC Northern CA Open,2246.0,2244.0,2007-07-22,
821,Thomas,Fersch,120939,219939,"Mountain View, CA",Kou Lei Table Tennis Club,2130,2024-08-25,2097,2024-08-18,ACTIVE,2024 ICC JOOLA Fall OPEN,2148.0,2130.0,2024-08-24,2024-08-25
821,Thomas,Fersch,120939,219939,"Mountain View, CA",Kou Lei Table Tennis Club,2130,2024-08-25,2097,2024-08-18,ACTIVE,2024 ICC JOOLA Summer OPEN,2171.0,2164.0,2024-05-04,2024-05-05
821,Thomas,Fersch,120939,219939,"Mountain View, CA",Kou Lei Table Tennis Club,2130,2024-08-25,2097,2024-08-18,ACTIVE,2024 ICC JOOLA Spring OPEN,2162.0,2171.0,2024-03-02,2024-03-03
821,Thomas,Fersch,120939,219939,"Mountain View, CA",Kou Lei Table Tennis Club,2130,2024-08-25,2097,2024-08-18,ACTIVE,2023 ICC JOOLA Winter Open,2154.0,2181.0,2023-12-02,2023-12-03
821,Thomas,Fersch,120939,219939,"Mountain View, CA",Kou Lei Table Tennis Club,2130,2024-08-25,2097,2024-08-18,ACTIVE,2023 ICC JOOLA Autumn Open,2164.0,2154.0,2023-10-28,2023-10-29
821,Thomas,Fersch,120939,219939,"Mountain View, CA",Kou Lei Table Tennis Club,2130,2024-08-25,2097,2024-08-18,ACTIVE,ICC JOOLA Fall Open,2178.0,2186.0,2023-08-26,2023-08-27
821,Thomas,Fersch,120939,219939,"Mountain View, CA",Kou Lei Table Tennis Club,2130,2024-08-25,2097,2024-08-18,ACTIVE,ICC JOOLA Summer Open,2163.0,2178.0,2023-05-06,2023-05-07
821,Thomas,Fersch,120939,219939,"Mountain View, CA",Kou Lei Table Tennis Club,2130,2024-08-25,2097,2024-08-18,ACTIVE,ICC JOOLA Spring Open,2132.0,2152.0,2023-03-04,2023-03-05
821,Thomas,Fersch,120939,219939,"Mountain View, CA",Kou Lei Table Tennis Club,2130,2024-08-25,2097,2024-08-18,ACTIVE,ICC JOOLA Winter Open,2108.0,2076.0,2022-12-03,2022-12-04
821,Thomas,Fersch,120939,219939,"Mountain View, CA",Kou Lei Table Tennis Club,2130,2024-08-25,2097,2024-08-18,ACTIVE,ICC JOOLA Autumn Open,2050.0,2144.0,2022-10-15,2022-10-16
821,Thomas,Fersch,120939,219939,"Mountain View, CA",Kou Lei Table Tennis Club,2130,2024-08-25,2097,2024-08-18,ACTIVE,ICC JOOLA Summer Open,2145.0,2126.0,2022-05-14,2022-05-15
821,Thomas,Fersch,120939,219939,"Mountain View, CA",Kou Lei Table Tennis Club,2130,2024-08-25,2097,2024-08-18,ACTIVE,ICC JOOLA Spring Open 2022,2133.0,2135.0,2022-03-19,2022-03-20
821,Thomas,Fersch,120939,219939,"Mountain View, CA",Kou Lei Table Tennis Club,2130,2024-08-25,2097,2024-08-18,ACTIVE,ICC JOOLA Winter Open 2021,2134.0,2117.0,2021-11-13,2021-11-14
821,Thomas,Fersch,120939,219939,"Mountain View, CA",Kou Lei Table Tennis Club,2130,2024-08-25,2097,2024-08-18,ACTIVE,ICC JOOLA Spring Open 2020,2130.0,2134.0,2020-03-07,2020-03-08
821,Thomas,Fersch,120939,219939,"Mountain View, CA",Kou Lei Table Tennis Club,2130,2024-08-25,2097,2024-08-18,ACTIVE,ICC Joola Spring Open,2016.0,2043.0,2019-05-12,2019-05-12
821,Thomas,Fersch,120939,219939,"Mountain View, CA",Kou Lei Table Tennis Club,2130,2024-08-25,2097,2024-08-18,ACTIVE,ICC Butterfly Winter Open,2052.0,2043.0,2019-02-24,2019-02-24
821,Thomas,Fersch,120939,219939,"Mountain View, CA",Kou Lei Table Tennis Club,2130,2024-08-25,2097,2024-08-18,ACTIVE,2018 ICC Butterfly America Open,2098.0,2084.0,2018-12-07,2018-12-09
821,Thomas,Fersch,120939,219939,"Mountain View, CA",Kou Lei Table Tennis Club,2130,2024-08-25,2097,2024-08-18,ACTIVE,ICC Butterfly America Open - 2018,1922.0,2020.0,2018-05-06,2018-05-06
822,CHIRAG,PRADHAN,175994,274994,"Fremont, CA",(TTA) Table Tennis America,2130,2024-07-07,2017,2024-06-29,ACTIVE,2023 ICC JOOLA Winter Open,1978.0,1982.0,2023-12-02,2023-12-03
822,CHIRAG,PRADHAN,175994,274994,"Fremont, CA",(TTA) Table Tennis America,2130,2024-07-07,2017,2024-06-29,ACTIVE,2023 ICC JOOLA Autumn Open,1978.0,1978.0,2023-10-28,2023-10-29
822,CHIRAG,PRADHAN,175994,274994,"Fremont, CA",(TTA) Table Tennis America,2130,2024-07-07,2017,2024-06-29,ACTIVE,ICC JOOLA Fall Open,1905.0,1896.0,2023-08-26,2023-08-27
826,Trevor,Deng,113032,212032,"San Francisco, CA",,2128,2024-09-02,0,,ACTIVE,ICC Joola Fall Open 2020,2095.0,2102.0,2020-10-10,2020-10-11
832,William,Wu,123838,222838,"bethesda, MD",MDTTC - Maryland Table Tennis Center,2126,2024-05-05,2074,2020-02-28,ACTIVE,ICC JOOLA SUMMER OPEN- 2021,2016.0,2062.0,2021-05-29,2021-05-30
859,Sayan,Jafarali,172149,271149,CA,,2117,2024-08-25,1878,2024-09-08,ACTIVE,2024 ICC JOOLA Fall OPEN,2069.0,2117.0,2024-08-24,2024-08-25
859,Sayan,Jafarali,172149,271149,CA,,2117,2024-08-25,1878,2024-09-08,ACTIVE,2024 ICC JOOLA Summer OPEN,1984.0,1984.0,2024-05-04,2024-05-05
859,Sayan,Jafarali,172149,271149,CA,,2117,2024-08-25,1878,2024-09-08,ACTIVE,2023 ICC JOOLA Winter Open,1837.0,1769.0,2023-12-02,2023-12-03
859,Sayan,Jafarali,172149,271149,CA,,2117,2024-08-25,1878,2024-09-08,ACTIVE,ICC JOOLA Fall Open,1628.0,1630.0,2023-08-26,2023-08-27
859,Sayan,Jafarali,172149,271149,CA,,2117,2024-08-25,1878,2024-09-08,ACTIVE,ICC JOOLA Summer Open,1337.0,1309.0,2023-05-06,2023-05-07
859,Sayan,Jafarali,172149,271149,CA,,2117,2024-08-25,1878,2024-09-08,ACTIVE,ICC JOOLA Fall Open,954.0,914.0,2022-09-10,2022-09-11
859,Sayan,Jafarali,172149,271149,CA,,2117,2024-08-25,1878,2024-09-08,ACTIVE,ICC JOOLA Spring Open 2022,20.0,341.0,2022-03-19,2022-03-20
864,Arjun,Chandrasekar,1046,97693,"Cupertino, CA",Stickman Skills Center,2116,2023-06-24,1986,2023-01-29,ACTIVE,ICC JOOLA Summer Open,2142.0,2165.0,2023-05-06,2023-05-07
864,Arjun,Chandrasekar,1046,97693,"Cupertino, CA",Stickman Skills Center,2116,2023-06-24,1986,2023-01-29,ACTIVE,ICC JOOLA Spring Open,2132.0,2138.0,2023-03-04,2023-03-05
864,Arjun,Chandrasekar,1046,97693,"Cupertino, CA",Stickman Skills Center,2116,2023-06-24,1986,2023-01-29,ACTIVE,ICC JOOLA Autumn Open,2141.0,2135.0,2022-10-15,2022-10-16
864,Arjun,Chandrasekar,1046,97693,"Cupertino, CA",Stickman Skills Center,2116,2023-06-24,1986,2023-01-29,ACTIVE,ICC JOOLA Fall Open,2175.0,2170.0,2022-09-10,2022-09-11
864,Arjun,Chandrasekar,1046,97693,"Cupertino, CA",Stickman Skills Center,2116,2023-06-24,1986,2023-01-29,ACTIVE,ICC JOOLA Summer Open,2158.0,2140.0,2022-05-14,2022-05-15
864,Arjun,Chandrasekar,1046,97693,"Cupertino, CA",Stickman Skills Center,2116,2023-06-24,1986,2023-01-29,ACTIVE,ICC JOOLA Spring Open 2022,2103.0,2051.0,2022-03-19,2022-03-20
864,Arjun,Chandrasekar,1046,97693,"Cupertino, CA",Stickman Skills Center,2116,2023-06-24,1986,2023-01-29,ACTIVE,ICC JOOLA Winter Open 2021,2021.0,1975.0,2021-11-13,2021-11-14
864,Arjun,Chandrasekar,1046,97693,"Cupertino, CA",Stickman Skills Center,2116,2023-06-24,1986,2023-01-29,ACTIVE,ICC JOOLA Fall Open 2021,2034.0,2019.0,2021-08-28,2021-08-29
864,Arjun,Chandrasekar,1046,97693,"Cupertino, CA",Stickman Skills Center,2116,2023-06-24,1986,2023-01-29,ACTIVE,ICC Joola Spring Open,1964.0,2066.0,2019-05-12,2019-05-12
864,Arjun,Chandrasekar,1046,97693,"Cupertino, CA",Stickman Skills Center,2116,2023-06-24,1986,2023-01-29,ACTIVE,ICC Butterfly Winter Open,1980.0,1931.0,2019-02-24,2019-02-24
864,Arjun,Chandrasekar,1046,97693,"Cupertino, CA",Stickman Skills Center,2116,2023-06-24,1986,2023-01-29,ACTIVE,2018 ICC Butterfly America Open,1953.0,1980.0,2018-12-07,2018-12-09
864,Arjun,Chandrasekar,1046,97693,"Cupertino, CA",Stickman Skills Center,2116,2023-06-24,1986,2023-01-29,ACTIVE,ICC Butterfly America Open - 2018,1695.0,1949.0,2018-05-06,2018-05-06
864,Arjun,Chandrasekar,1046,97693,"Cupertino, CA",Stickman Skills Center,2116,2023-06-24,1986,2023-01-29,ACTIVE,ICC Butterfly California State Open,1305.0,1197.0,2016-12-02,2016-12-04
864,Arjun,Chandrasekar,1046,97693,"Cupertino, CA",Stickman Skills Center,2116,2023-06-24,1986,2023-01-29,ACTIVE,ICC STIGA California Open,446.0,458.0,2015-12-06,
867,Rachel,Purwar,168381,1168381,"Fremont, CA",Kou Lei Table Tennis Club,2116,2024-08-25,1943,2024-09-07,ACTIVE,2024 ICC JOOLA Fall OPEN,2122.0,2116.0,2024-08-24,2024-08-25
867,Rachel,Purwar,168381,1168381,"Fremont, CA",Kou Lei Table Tennis Club,2116,2024-08-25,1943,2024-09-07,ACTIVE,2023 ICC JOOLA Autumn Open,1853.0,1853.0,2023-10-28,2023-10-29
867,Rachel,Purwar,168381,1168381,"Fremont, CA",Kou Lei Table Tennis Club,2116,2024-08-25,1943,2024-09-07,ACTIVE,ICC JOOLA Summer Open,1797.0,1773.0,2023-05-06,2023-05-07
867,Rachel,Purwar,168381,1168381,"Fremont, CA",Kou Lei Table Tennis Club,2116,2024-08-25,1943,2024-09-07,ACTIVE,ICC JOOLA Spring Open,1824.0,1820.0,2023-03-04,2023-03-05
867,Rachel,Purwar,168381,1168381,"Fremont, CA",Kou Lei Table Tennis Club,2116,2024-08-25,1943,2024-09-07,ACTIVE,ICC JOOLA Winter Open,1578.0,1589.0,2022-12-03,2022-12-04
867,Rachel,Purwar,168381,1168381,"Fremont, CA",Kou Lei Table Tennis Club,2116,2024-08-25,1943,2024-09-07,ACTIVE,ICC JOOLA Autumn Open,1612.0,1603.0,2022-10-15,2022-10-16
867,Rachel,Purwar,168381,1168381,"Fremont, CA",Kou Lei Table Tennis Club,2116,2024-08-25,1943,2024-09-07,ACTIVE,ICC JOOLA Fall Open,1592.0,1612.0,2022-09-10,2022-09-11
867,Rachel,Purwar,168381,1168381,"Fremont, CA",Kou Lei Table Tennis Club,2116,2024-08-25,1943,2024-09-07,ACTIVE,ICC JOOLA Spring Open 2022,1460.0,1476.0,2022-03-19,2022-03-20
867,Rachel,Purwar,168381,1168381,"Fremont, CA",Kou Lei Table Tennis Club,2116,2024-08-25,1943,2024-09-07,ACTIVE,ICC JOOLA Winter Open 2021,851.0,1406.0,2021-11-13,2021-11-14
867,Rachel,Purwar,168381,1168381,"Fremont, CA",Kou Lei Table Tennis Club,2116,2024-08-25,1943,2024-09-07,ACTIVE,ICC JOOLA Fall Open 2021,823.0,851.0,2021-08-28,2021-08-29
867,Rachel,Purwar,168381,1168381,"Fremont, CA",Kou Lei Table Tennis Club,2116,2024-08-25,1943,2024-09-07,ACTIVE,ICC JOOLA SUMMER OPEN- 2021,256.0,249.0,2021-05-29,2021-05-30
867,Rachel,Purwar,168381,1168381,"Fremont, CA",Kou Lei Table Tennis Club,2116,2024-08-25,1943,2024-09-07,ACTIVE,ICC Joola Spring Open 2021,93.0,256.0,2021-04-10,2021-04-11
867,Rachel,Purwar,168381,1168381,"Fremont, CA",Kou Lei Table Tennis Club,2116,2024-08-25,1943,2024-09-07,ACTIVE,ICC Joola Fall Open 2020,58.0,93.0,2020-10-10,2020-10-11
867,Rachel,Purwar,168381,1168381,"Fremont, CA",Kou Lei Table Tennis Club,2116,2024-08-25,1943,2024-09-07,ACTIVE,ICC JOOLA Spring Open 2020,26.0,58.0,2020-03-07,2020-03-08
867,Rachel,Purwar,168381,1168381,"Fremont, CA",Kou Lei Table Tennis Club,2116,2024-08-25,1943,2024-09-07,ACTIVE,ICC JOOLA Winter Open,0.0,26.0,2019-11-08,2019-11-10
870,Omar,Lejmi,183800,1183800,Milpitas,,2115,2024-03-03,0,,ACTIVE,2024 ICC JOOLA Spring OPEN,0.0,2115.0,2024-03-02,2024-03-03
874,Abhinav,Shirbhate,166334,265334,"Sunnyvale, CA",Kou Lei Table Tennis Club,2113,2024-08-25,1899,2024-09-07,ACTIVE,2024 ICC JOOLA Fall OPEN,2127.0,2113.0,2024-08-24,2024-08-25
874,Abhinav,Shirbhate,166334,265334,"Sunnyvale, CA",Kou Lei Table Tennis Club,2113,2024-08-25,1899,2024-09-07,ACTIVE,ICC JOOLA Summer Open,1845.0,1839.0,2023-05-06,2023-05-07
874,Abhinav,Shirbhate,166334,265334,"Sunnyvale, CA",Kou Lei Table Tennis Club,2113,2024-08-25,1899,2024-09-07,ACTIVE,ICC JOOLA Winter Open,1727.0,1749.0,2022-12-03,2022-12-04
874,Abhinav,Shirbhate,166334,265334,"Sunnyvale, CA",Kou Lei Table Tennis Club,2113,2024-08-25,1899,2024-09-07,ACTIVE,ICC JOOLA Fall Open,1718.0,1797.0,2022-09-10,2022-09-11
874,Abhinav,Shirbhate,166334,265334,"Sunnyvale, CA",Kou Lei Table Tennis Club,2113,2024-08-25,1899,2024-09-07,ACTIVE,ICC JOOLA Summer Open,1192.0,1298.0,2022-05-14,2022-05-15
874,Abhinav,Shirbhate,166334,265334,"Sunnyvale, CA",Kou Lei Table Tennis Club,2113,2024-08-25,1899,2024-09-07,ACTIVE,ICC JOOLA Winter Open 2021,1218.0,1178.0,2021-11-13,2021-11-14
874,Abhinav,Shirbhate,166334,265334,"Sunnyvale, CA",Kou Lei Table Tennis Club,2113,2024-08-25,1899,2024-09-07,ACTIVE,ICC JOOLA Fall Open 2021,187.0,411.0,2021-08-28,2021-08-29
874,Abhinav,Shirbhate,166334,265334,"Sunnyvale, CA",Kou Lei Table Tennis Club,2113,2024-08-25,1899,2024-09-07,ACTIVE,ICC JOOLA SUMMER OPEN- 2021,78.0,188.0,2021-05-29,2021-05-30
874,Abhinav,Shirbhate,166334,265334,"Sunnyvale, CA",Kou Lei Table Tennis Club,2113,2024-08-25,1899,2024-09-07,ACTIVE,ICC Joola Spring Open 2021,0.0,78.0,2021-04-10,2021-04-11
875,Douglas,Tien,49429,55269,"San Jose, CA",,2112,2018-03-02,1964,2024-07-13,ACTIVE,ICC California State Open,1890.0,2118.0,2009-03-01,
875,Douglas,Tien,49429,55269,"San Jose, CA",,2112,2018-03-02,1964,2024-07-13,ACTIVE,ICC California State Open,1851.0,1890.0,2008-12-06,
875,Douglas,Tien,49429,55269,"San Jose, CA",,2112,2018-03-02,1964,2024-07-13,ACTIVE,ICC Northern CA Open,1660.0,1798.0,2007-07-22,
876,Aarav,Desai,170570,269570,"Dublin, CA",Micro Motion Table Tennis Academy,2112,2024-09-02,1914,2024-08-18,ACTIVE,2024 ICC JOOLA Spring OPEN,1964.0,2072.0,2024-03-02,2024-03-03
876,Aarav,Desai,170570,269570,"Dublin, CA",Micro Motion Table Tennis Academy,2112,2024-09-02,1914,2024-08-18,ACTIVE,ICC JOOLA Summer Open,1884.0,1867.0,2023-05-06,2023-05-07
876,Aarav,Desai,170570,269570,"Dublin, CA",Micro Motion Table Tennis Academy,2112,2024-09-02,1914,2024-08-18,ACTIVE,ICC JOOLA Autumn Open,1614.0,1616.0,2022-10-15,2022-10-16
876,Aarav,Desai,170570,269570,"Dublin, CA",Micro Motion Table Tennis Academy,2112,2024-09-02,1914,2024-08-18,ACTIVE,ICC JOOLA Fall Open,1406.0,1530.0,2022-09-10,2022-09-11
876,Aarav,Desai,170570,269570,"Dublin, CA",Micro Motion Table Tennis Academy,2112,2024-09-02,1914,2024-08-18,ACTIVE,ICC JOOLA Summer Open,1112.0,1111.0,2022-05-14,2022-05-15
876,Aarav,Desai,170570,269570,"Dublin, CA",Micro Motion Table Tennis Academy,2112,2024-09-02,1914,2024-08-18,ACTIVE,ICC JOOLA Spring Open 2022,1103.0,1213.0,2022-03-19,2022-03-20
876,Aarav,Desai,170570,269570,"Dublin, CA",Micro Motion Table Tennis Academy,2112,2024-09-02,1914,2024-08-18,ACTIVE,ICC JOOLA Winter Open 2021,694.0,709.0,2021-11-13,2021-11-14
876,Aarav,Desai,170570,269570,"Dublin, CA",Micro Motion Table Tennis Academy,2112,2024-09-02,1914,2024-08-18,ACTIVE,ICC JOOLA Fall Open 2021,0.0,0.0,2021-08-28,2021-08-29
876,Aarav,Desai,170570,269570,"Dublin, CA",Micro Motion Table Tennis Academy,2112,2024-09-02,1914,2024-08-18,ACTIVE,ICC JOOLA SUMMER OPEN- 2021,0.0,2.0,2021-05-29,2021-05-30
881,Jim,Chai,994,1648,"San Mateo, CA",,2112,2023-05-29,1962,2024-07-19,ACTIVE,ICC California State Open,2068.0,2058.0,2008-12-06,
881,Jim,Chai,994,1648,"San Mateo, CA",,2112,2023-05-29,1962,2024-07-19,ACTIVE,ICC Northern CA Open,2055.0,1997.0,2007-07-22,
883,Larry,Hu,171474,1171474,Arcadia,,2111,2024-08-04,2021,2023-07-28,ACTIVE,ICC JOOLA Fall Open 2021,1929.0,1924.0,2021-08-28,2021-08-29
886,Vincent,Guan,166648,265648,San Francisco,,2111,2024-07-07,1899,2024-06-02,ACTIVE,2023 ICC JOOLA Autumn Open,1956.0,1947.0,2023-10-28,2023-10-29
886,Vincent,Guan,166648,265648,San Francisco,,2111,2024-07-07,1899,2024-06-02,ACTIVE,ICC JOOLA Autumn Open,1708.0,1750.0,2022-10-15,2022-10-16
886,Vincent,Guan,166648,265648,San Francisco,,2111,2024-07-07,1899,2024-06-02,ACTIVE,ICC JOOLA Summer Open,1194.0,1136.0,2022-05-14,2022-05-15
886,Vincent,Guan,166648,265648,San Francisco,,2111,2024-07-07,1899,2024-06-02,ACTIVE,ICC JOOLA Spring Open 2022,1194.0,1194.0,2022-03-19,2022-03-20
886,Vincent,Guan,166648,265648,San Francisco,,2111,2024-07-07,1899,2024-06-02,ACTIVE,ICC JOOLA Winter Open 2021,0.0,629.0,2021-11-13,2021-11-14
888,Sivaraam,Velayutham,124759,223759,"Fremont, CA",(TTA) Table Tennis America,2110,2024-09-02,1970,2024-08-17,ACTIVE,2024 ICC JOOLA Spring OPEN,2163.0,2160.0,2024-03-02,2024-03-03
888,Sivaraam,Velayutham,124759,223759,"Fremont, CA",(TTA) Table Tennis America,2110,2024-09-02,1970,2024-08-17,ACTIVE,ICC JOOLA SUMMER OPEN- 2021,698.0,1150.0,2021-05-29,2021-05-30
888,Sivaraam,Velayutham,124759,223759,"Fremont, CA",(TTA) Table Tennis America,2110,2024-09-02,1970,2024-08-17,ACTIVE,ICC Joola Spring Open 2021,330.0,430.0,2021-04-10,2021-04-11
888,Sivaraam,Velayutham,124759,223759,"Fremont, CA",(TTA) Table Tennis America,2110,2024-09-02,1970,2024-08-17,ACTIVE,ICC JOOLA Spring Open 2020,330.0,330.0,2020-03-07,2020-03-08
890,Ethan,Zhou,172061,271061,"Fremont, CA",(TTA) Table Tennis America,2109,2024-07-07,1981,2024-06-23,ACTIVE,ICC JOOLA Fall Open,1873.0,1904.0,2023-08-26,2023-08-27
890,Ethan,Zhou,172061,271061,"Fremont, CA",(TTA) Table Tennis America,2109,2024-07-07,1981,2024-06-23,ACTIVE,ICC JOOLA Autumn Open,1443.0,1386.0,2022-10-15,2022-10-16
890,Ethan,Zhou,172061,271061,"Fremont, CA",(TTA) Table Tennis America,2109,2024-07-07,1981,2024-06-23,ACTIVE,ICC JOOLA Spring Open 2022,371.0,418.0,2022-03-19,2022-03-20
892,Zichun,Shen,173586,272586,"Saratoga, CA",BAPPA Table Tennis,2108,2024-09-02,1844,2024-06-22,ACTIVE,2024 ICC JOOLA Spring OPEN,1944.0,1950.0,2024-03-02,2024-03-03
892,Zichun,Shen,173586,272586,"Saratoga, CA",BAPPA Table Tennis,2108,2024-09-02,1844,2024-06-22,ACTIVE,ICC JOOLA Fall Open,1919.0,1905.0,2023-08-26,2023-08-27
892,Zichun,Shen,173586,272586,"Saratoga, CA",BAPPA Table Tennis,2108,2024-09-02,1844,2024-06-22,ACTIVE,ICC JOOLA Summer Open,1950.0,1937.0,2023-05-06,2023-05-07
892,Zichun,Shen,173586,272586,"Saratoga, CA",BAPPA Table Tennis,2108,2024-09-02,1844,2024-06-22,ACTIVE,ICC JOOLA Spring Open,1953.0,1950.0,2023-03-04,2023-03-05
892,Zichun,Shen,173586,272586,"Saratoga, CA",BAPPA Table Tennis,2108,2024-09-02,1844,2024-06-22,ACTIVE,ICC JOOLA Winter Open,1652.0,1686.0,2022-12-03,2022-12-04
892,Zichun,Shen,173586,272586,"Saratoga, CA",BAPPA Table Tennis,2108,2024-09-02,1844,2024-06-22,ACTIVE,ICC JOOLA Autumn Open,1476.0,1652.0,2022-10-15,2022-10-16
892,Zichun,Shen,173586,272586,"Saratoga, CA",BAPPA Table Tennis,2108,2024-09-02,1844,2024-06-22,ACTIVE,ICC JOOLA Fall Open,1446.0,1476.0,2022-09-10,2022-09-11
892,Zichun,Shen,173586,272586,"Saratoga, CA",BAPPA Table Tennis,2108,2024-09-02,1844,2024-06-22,ACTIVE,ICC JOOLA Summer Open,743.0,792.0,2022-05-14,2022-05-15
892,Zichun,Shen,173586,272586,"Saratoga, CA",BAPPA Table Tennis,2108,2024-09-02,1844,2024-06-22,ACTIVE,ICC JOOLA Spring Open 2022,411.0,472.0,2022-03-19,2022-03-20
912,Jingfan,Feng,120191,219191,"Milpitas, CA",Swan Ping Pong,2101,2024-09-02,2054,2024-08-03,ACTIVE,2024 ICC JOOLA Summer OPEN,2051.0,2005.0,2024-05-04,2024-05-05
912,Jingfan,Feng,120191,219191,"Milpitas, CA",Swan Ping Pong,2101,2024-09-02,2054,2024-08-03,ACTIVE,2024 ICC JOOLA Spring OPEN,2038.0,2037.0,2024-03-02,2024-03-03
912,Jingfan,Feng,120191,219191,"Milpitas, CA",Swan Ping Pong,2101,2024-09-02,2054,2024-08-03,ACTIVE,ICC JOOLA Spring Open,2056.0,2040.0,2023-03-04,2023-03-05
912,Jingfan,Feng,120191,219191,"Milpitas, CA",Swan Ping Pong,2101,2024-09-02,2054,2024-08-03,ACTIVE,ICC JOOLA Winter Open,1869.0,1873.0,2022-12-03,2022-12-04
912,Jingfan,Feng,120191,219191,"Milpitas, CA",Swan Ping Pong,2101,2024-09-02,2054,2024-08-03,ACTIVE,ICC JOOLA Autumn Open,1830.0,1835.0,2022-10-15,2022-10-16
912,Jingfan,Feng,120191,219191,"Milpitas, CA",Swan Ping Pong,2101,2024-09-02,2054,2024-08-03,ACTIVE,ICC JOOLA Fall Open,1873.0,1830.0,2022-09-10,2022-09-11
912,Jingfan,Feng,120191,219191,"Milpitas, CA",Swan Ping Pong,2101,2024-09-02,2054,2024-08-03,ACTIVE,ICC JOOLA Spring Open 2022,1772.0,1772.0,2022-03-19,2022-03-20
912,Jingfan,Feng,120191,219191,"Milpitas, CA",Swan Ping Pong,2101,2024-09-02,2054,2024-08-03,ACTIVE,ICC JOOLA Winter Open 2021,1716.0,1762.0,2021-11-13,2021-11-14
912,Jingfan,Feng,120191,219191,"Milpitas, CA",Swan Ping Pong,2101,2024-09-02,2054,2024-08-03,ACTIVE,ICC JOOLA Fall Open 2021,1710.0,1730.0,2021-08-28,2021-08-29
912,Jingfan,Feng,120191,219191,"Milpitas, CA",Swan Ping Pong,2101,2024-09-02,2054,2024-08-03,ACTIVE,ICC JOOLA SUMMER OPEN- 2021,1359.0,1597.0,2021-05-29,2021-05-30
912,Jingfan,Feng,120191,219191,"Milpitas, CA",Swan Ping Pong,2101,2024-09-02,2054,2024-08-03,ACTIVE,ICC Joola Fall Open 2020,1039.0,1359.0,2020-10-10,2020-10-11
912,Jingfan,Feng,120191,219191,"Milpitas, CA",Swan Ping Pong,2101,2024-09-02,2054,2024-08-03,ACTIVE,ICC JOOLA Spring Open 2020,1069.0,1039.0,2020-03-07,2020-03-08
912,Jingfan,Feng,120191,219191,"Milpitas, CA",Swan Ping Pong,2101,2024-09-02,2054,2024-08-03,ACTIVE,ICC JOOLA Winter Open,1014.0,974.0,2019-11-08,2019-11-10
912,Jingfan,Feng,120191,219191,"Milpitas, CA",Swan Ping Pong,2101,2024-09-02,2054,2024-08-03,ACTIVE,ICC JOOLA Fall Open,951.0,989.0,2019-09-08,2019-09-08
912,Jingfan,Feng,120191,219191,"Milpitas, CA",Swan Ping Pong,2101,2024-09-02,2054,2024-08-03,ACTIVE,ICC Joola Spring Open,360.0,330.0,2019-05-12,2019-05-12
912,Jingfan,Feng,120191,219191,"Milpitas, CA",Swan Ping Pong,2101,2024-09-02,2054,2024-08-03,ACTIVE,ICC Butterfly Winter Open,106.0,147.0,2019-02-24,2019-02-24
912,Jingfan,Feng,120191,219191,"Milpitas, CA",Swan Ping Pong,2101,2024-09-02,2054,2024-08-03,ACTIVE,2018 ICC Butterfly America Open,128.0,106.0,2018-12-07,2018-12-09
912,Jingfan,Feng,120191,219191,"Milpitas, CA",Swan Ping Pong,2101,2024-09-02,2054,2024-08-03,ACTIVE,ICC Butterfly America Open - 2018,0.0,80.0,2018-05-06,2018-05-06
917,Tyler,Spesick,7350,72870,"Cool, CA",,2100,2024-08-25,2055,2024-06-16,ACTIVE,2024 ICC JOOLA Fall OPEN,2166.0,2100.0,2024-08-24,2024-08-25
921,Amanda,Malek,4916,81522,"Costa Mesa, CA",Power Pong TTA,2098,2023-12-21,2101,2023-09-15,ACTIVE,ICC Butterfly California State Open,2096.0,2148.0,2016-12-02,2016-12-04
921,Amanda,Malek,4916,81522,"Costa Mesa, CA",Power Pong TTA,2098,2023-12-21,2101,2023-09-15,ACTIVE,ICC California State Open,1842.0,1717.0,2012-12-09,
921,Amanda,Malek,4916,81522,"Costa Mesa, CA",Power Pong TTA,2098,2023-12-21,2101,2023-09-15,ACTIVE,ICC California State Open,1689.0,1671.0,2012-05-27,
931,Rudy,Miranda,5295,62557,"Sylmar, CA",Los Angeles Table Tennis Association,2096,2024-08-04,2142,2013-06-09,ACTIVE,ICC CA State Open,2256.0,2229.0,2011-12-04,
936,Shriraam,Velayutham,124760,223760,"Fremont, CA",(TTA) Table Tennis America,2095,2024-09-02,1942,2024-08-17,ACTIVE,2024 ICC JOOLA Spring OPEN,2121.0,2122.0,2024-03-02,2024-03-03
936,Shriraam,Velayutham,124760,223760,"Fremont, CA",(TTA) Table Tennis America,2095,2024-09-02,1942,2024-08-17,ACTIVE,ICC JOOLA SUMMER OPEN- 2021,719.0,717.0,2021-05-29,2021-05-30
936,Shriraam,Velayutham,124760,223760,"Fremont, CA",(TTA) Table Tennis America,2095,2024-09-02,1942,2024-08-17,ACTIVE,ICC Joola Spring Open 2021,315.0,677.0,2021-04-10,2021-04-11
940,Ben,Zhang,165422,1165422,"Milpitas, CA",ICC Table Tennis Center,2094,2024-08-25,2037,2024-08-17,ACTIVE,2024 ICC JOOLA Fall OPEN,2101.0,2094.0,2024-08-24,2024-08-25
940,Ben,Zhang,165422,1165422,"Milpitas, CA",ICC Table Tennis Center,2094,2024-08-25,2037,2024-08-17,ACTIVE,2024 ICC JOOLA Summer OPEN,2239.0,2237.0,2024-05-04,2024-05-05
940,Ben,Zhang,165422,1165422,"Milpitas, CA",ICC Table Tennis Center,2094,2024-08-25,2037,2024-08-17,ACTIVE,2024 ICC JOOLA Spring OPEN,2140.0,2167.0,2024-03-02,2024-03-03
940,Ben,Zhang,165422,1165422,"Milpitas, CA",ICC Table Tennis Center,2094,2024-08-25,2037,2024-08-17,ACTIVE,2023 ICC JOOLA Winter Open,2213.0,2153.0,2023-12-02,2023-12-03
940,Ben,Zhang,165422,1165422,"Milpitas, CA",ICC Table Tennis Center,2094,2024-08-25,2037,2024-08-17,ACTIVE,ICC JOOLA Fall Open,2160.0,2145.0,2023-08-26,2023-08-27
940,Ben,Zhang,165422,1165422,"Milpitas, CA",ICC Table Tennis Center,2094,2024-08-25,2037,2024-08-17,ACTIVE,ICC JOOLA Spring Open,2184.0,2176.0,2023-03-04,2023-03-05
940,Ben,Zhang,165422,1165422,"Milpitas, CA",ICC Table Tennis Center,2094,2024-08-25,2037,2024-08-17,ACTIVE,ICC JOOLA Autumn Open,2033.0,1990.0,2022-10-15,2022-10-16
940,Ben,Zhang,165422,1165422,"Milpitas, CA",ICC Table Tennis Center,2094,2024-08-25,2037,2024-08-17,ACTIVE,ICC JOOLA Fall Open,2014.0,2019.0,2022-09-10,2022-09-11
940,Ben,Zhang,165422,1165422,"Milpitas, CA",ICC Table Tennis Center,2094,2024-08-25,2037,2024-08-17,ACTIVE,ICC JOOLA Summer Open,1887.0,1907.0,2022-05-14,2022-05-15
940,Ben,Zhang,165422,1165422,"Milpitas, CA",ICC Table Tennis Center,2094,2024-08-25,2037,2024-08-17,ACTIVE,ICC JOOLA Spring Open 2022,1919.0,1922.0,2022-03-19,2022-03-20
940,Ben,Zhang,165422,1165422,"Milpitas, CA",ICC Table Tennis Center,2094,2024-08-25,2037,2024-08-17,ACTIVE,ICC JOOLA Winter Open 2021,1638.0,1643.0,2021-11-13,2021-11-14
940,Ben,Zhang,165422,1165422,"Milpitas, CA",ICC Table Tennis Center,2094,2024-08-25,2037,2024-08-17,ACTIVE,ICC JOOLA Fall Open 2021,1408.0,1633.0,2021-08-28,2021-08-29
940,Ben,Zhang,165422,1165422,"Milpitas, CA",ICC Table Tennis Center,2094,2024-08-25,2037,2024-08-17,ACTIVE,ICC JOOLA SUMMER OPEN- 2021,1366.0,1355.0,2021-05-29,2021-05-30
940,Ben,Zhang,165422,1165422,"Milpitas, CA",ICC Table Tennis Center,2094,2024-08-25,2037,2024-08-17,ACTIVE,ICC Joola Spring Open 2021,1051.0,1366.0,2021-04-10,2021-04-11
940,Ben,Zhang,165422,1165422,"Milpitas, CA",ICC Table Tennis Center,2094,2024-08-25,2037,2024-08-17,ACTIVE,ICC Joola Fall Open 2020,848.0,1051.0,2020-10-10,2020-10-11
940,Ben,Zhang,165422,1165422,"Milpitas, CA",ICC Table Tennis Center,2094,2024-08-25,2037,2024-08-17,ACTIVE,ICC JOOLA Spring Open 2020,753.0,848.0,2020-03-07,2020-03-08
940,Ben,Zhang,165422,1165422,"Milpitas, CA",ICC Table Tennis Center,2094,2024-08-25,2037,2024-08-17,ACTIVE,ICC JOOLA Winter Open,615.0,753.0,2019-11-08,2019-11-10
940,Ben,Zhang,165422,1165422,"Milpitas, CA",ICC Table Tennis Center,2094,2024-08-25,2037,2024-08-17,ACTIVE,ICC JOOLA Fall Open,257.0,607.0,2019-09-08,2019-09-08
940,Ben,Zhang,165422,1165422,"Milpitas, CA",ICC Table Tennis Center,2094,2024-08-25,2037,2024-08-17,ACTIVE,ICC Joola Spring Open,0.0,257.0,2019-05-12,2019-05-12
948,Fernando,Chang,1058,29292,"Santa Clara, CA",Westside Advance Table Tennis (WSATT),2092,2024-05-12,2079,2018-08-31,ACTIVE,ICC STIGA California Open,2098.0,2097.0,2015-12-06,
948,Fernando,Chang,1058,29292,"Santa Clara, CA",Westside Advance Table Tennis (WSATT),2092,2024-05-12,2079,2018-08-31,ACTIVE,ICC STIGA California Open,2055.0,2033.0,2015-05-03,
948,Fernando,Chang,1058,29292,"Santa Clara, CA",Westside Advance Table Tennis (WSATT),2092,2024-05-12,2079,2018-08-31,ACTIVE,ICC California State Open,2098.0,2055.0,2014-12-07,
948,Fernando,Chang,1058,29292,"Santa Clara, CA",Westside Advance Table Tennis (WSATT),2092,2024-05-12,2079,2018-08-31,ACTIVE,ICC California State Open,2073.0,2082.0,2014-04-06,
948,Fernando,Chang,1058,29292,"Santa Clara, CA",Westside Advance Table Tennis (WSATT),2092,2024-05-12,2079,2018-08-31,ACTIVE,ICC CA State Open,2064.0,2075.0,2013-12-08,
948,Fernando,Chang,1058,29292,"Santa Clara, CA",Westside Advance Table Tennis (WSATT),2092,2024-05-12,2079,2018-08-31,ACTIVE,ICC CA State Open,2102.0,2064.0,2013-05-19,
948,Fernando,Chang,1058,29292,"Santa Clara, CA",Westside Advance Table Tennis (WSATT),2092,2024-05-12,2079,2018-08-31,ACTIVE,ICC California State Open,2130.0,2073.0,2012-12-09,
948,Fernando,Chang,1058,29292,"Santa Clara, CA",Westside Advance Table Tennis (WSATT),2092,2024-05-12,2079,2018-08-31,ACTIVE,ICC California State Open,2142.0,2130.0,2012-03-18,
948,Fernando,Chang,1058,29292,"Santa Clara, CA",Westside Advance Table Tennis (WSATT),2092,2024-05-12,2079,2018-08-31,ACTIVE,ICC CA State Open,2067.0,2075.0,2011-06-05,
948,Fernando,Chang,1058,29292,"Santa Clara, CA",Westside Advance Table Tennis (WSATT),2092,2024-05-12,2079,2018-08-31,ACTIVE,ICC CA State Open,2051.0,2067.0,2011-03-20,
948,Fernando,Chang,1058,29292,"Santa Clara, CA",Westside Advance Table Tennis (WSATT),2092,2024-05-12,2079,2018-08-31,ACTIVE,ICC CA State Open,2001.0,2044.0,2010-12-05,
948,Fernando,Chang,1058,29292,"Santa Clara, CA",Westside Advance Table Tennis (WSATT),2092,2024-05-12,2079,2018-08-31,ACTIVE,ICC CA State Open,2046.0,2047.0,2010-05-02,
948,Fernando,Chang,1058,29292,"Santa Clara, CA",Westside Advance Table Tennis (WSATT),2092,2024-05-12,2079,2018-08-31,ACTIVE,ICC California State Open,2102.0,2038.0,2009-12-06,
948,Fernando,Chang,1058,29292,"Santa Clara, CA",Westside Advance Table Tennis (WSATT),2092,2024-05-12,2079,2018-08-31,ACTIVE,ICC California State Open,2116.0,2102.0,2009-03-01,
948,Fernando,Chang,1058,29292,"Santa Clara, CA",Westside Advance Table Tennis (WSATT),2092,2024-05-12,2079,2018-08-31,ACTIVE,ICC Northern CA Open,2062.0,2069.0,2007-07-22,
950,Ethan,Keller,3679,95531,"Thiensville, WI",,2092,2024-07-28,2075,2019-05-10,ACTIVE,2024 ICC JOOLA Spring OPEN,2173.0,2142.0,2024-03-02,2024-03-03
962,Tanvi,Desai,169576,1169576,"Dublin, CA",Micro Motion Table Tennis Academy,2089,2024-09-02,1982,2024-08-18,ACTIVE,ICC JOOLA Summer Open,1869.0,1843.0,2023-05-06,2023-05-07
962,Tanvi,Desai,169576,1169576,"Dublin, CA",Micro Motion Table Tennis Academy,2089,2024-09-02,1982,2024-08-18,ACTIVE,ICC JOOLA Autumn Open,1813.0,1755.0,2022-10-15,2022-10-16
962,Tanvi,Desai,169576,1169576,"Dublin, CA",Micro Motion Table Tennis Academy,2089,2024-09-02,1982,2024-08-18,ACTIVE,ICC JOOLA Fall Open,1567.0,1583.0,2022-09-10,2022-09-11
962,Tanvi,Desai,169576,1169576,"Dublin, CA",Micro Motion Table Tennis Academy,2089,2024-09-02,1982,2024-08-18,ACTIVE,ICC JOOLA Summer Open,1247.0,1254.0,2022-05-14,2022-05-15
962,Tanvi,Desai,169576,1169576,"Dublin, CA",Micro Motion Table Tennis Academy,2089,2024-09-02,1982,2024-08-18,ACTIVE,ICC JOOLA Spring Open 2022,1102.0,1122.0,2022-03-19,2022-03-20
962,Tanvi,Desai,169576,1169576,"Dublin, CA",Micro Motion Table Tennis Academy,2089,2024-09-02,1982,2024-08-18,ACTIVE,ICC JOOLA Winter Open 2021,908.0,858.0,2021-11-13,2021-11-14
962,Tanvi,Desai,169576,1169576,"Dublin, CA",Micro Motion Table Tennis Academy,2089,2024-09-02,1982,2024-08-18,ACTIVE,ICC JOOLA Fall Open 2021,538.0,614.0,2021-08-28,2021-08-29
962,Tanvi,Desai,169576,1169576,"Dublin, CA",Micro Motion Table Tennis Academy,2089,2024-09-02,1982,2024-08-18,ACTIVE,ICC JOOLA SUMMER OPEN- 2021,0.0,0.0,2021-05-29,2021-05-30
964,Kavash,Sharma,7013,93971,"San Jose, CA",,2088,2024-01-27,2096,2022-11-04,ACTIVE,ICC Butterfly California State Open,2128.0,2118.0,2016-12-02,2016-12-04
964,Kavash,Sharma,7013,93971,"San Jose, CA",,2088,2024-01-27,2096,2022-11-04,ACTIVE,ICC STIGA California Open,1904.0,1997.0,2015-12-06,
965,Zili,Wang,8337,86064,"Fremont, CA",I Table Tennis,2088,2024-07-07,1933,2024-06-30,ACTIVE,ICC California State Open,1821.0,2018.0,2014-04-06,
965,Zili,Wang,8337,86064,"Fremont, CA",I Table Tennis,2088,2024-07-07,1933,2024-06-30,ACTIVE,ICC CA State Open,1722.0,1798.0,2013-12-08,
965,Zili,Wang,8337,86064,"Fremont, CA",I Table Tennis,2088,2024-07-07,1933,2024-06-30,ACTIVE,ICC CA State Open,1591.0,1638.0,2013-05-19,
965,Zili,Wang,8337,86064,"Fremont, CA",I Table Tennis,2088,2024-07-07,1933,2024-06-30,ACTIVE,ICC CA State Open,1258.0,1591.0,2013-02-17,
965,Zili,Wang,8337,86064,"Fremont, CA",I Table Tennis,2088,2024-07-07,1933,2024-06-30,ACTIVE,ICC California State Open,1195.0,1258.0,2012-12-09,
965,Zili,Wang,8337,86064,"Fremont, CA",I Table Tennis,2088,2024-07-07,1933,2024-06-30,ACTIVE,ICC California State Open,1019.0,1010.0,2012-05-27,
965,Zili,Wang,8337,86064,"Fremont, CA",I Table Tennis,2088,2024-07-07,1933,2024-06-30,ACTIVE,ICC CA State Open,1035.0,1019.0,2011-12-04,
971,Isha,Bajpai,371,96508,"San Jose, CA",,2087,2024-05-27,2061,2023-12-09,ACTIVE,ICC JOOLA Spring Open,2060.0,2148.0,2023-03-04,2023-03-05
971,Isha,Bajpai,371,96508,"San Jose, CA",,2087,2024-05-27,2061,2023-12-09,ACTIVE,ICC JOOLA Fall Open,2113.0,2162.0,2022-09-10,2022-09-11
971,Isha,Bajpai,371,96508,"San Jose, CA",,2087,2024-05-27,2061,2023-12-09,ACTIVE,ICC JOOLA Summer Open,2049.0,2030.0,2022-05-14,2022-05-15
971,Isha,Bajpai,371,96508,"San Jose, CA",,2087,2024-05-27,2061,2023-12-09,ACTIVE,ICC JOOLA Spring Open 2022,2020.0,2049.0,2022-03-19,2022-03-20
971,Isha,Bajpai,371,96508,"San Jose, CA",,2087,2024-05-27,2061,2023-12-09,ACTIVE,ICC JOOLA Winter Open 2021,1996.0,2006.0,2021-11-13,2021-11-14
971,Isha,Bajpai,371,96508,"San Jose, CA",,2087,2024-05-27,2061,2023-12-09,ACTIVE,ICC JOOLA Fall Open 2021,1966.0,1996.0,2021-08-28,2021-08-29
971,Isha,Bajpai,371,96508,"San Jose, CA",,2087,2024-05-27,2061,2023-12-09,ACTIVE,ICC JOOLA SUMMER OPEN- 2021,2025.0,2025.0,2021-05-29,2021-05-30
971,Isha,Bajpai,371,96508,"San Jose, CA",,2087,2024-05-27,2061,2023-12-09,ACTIVE,ICC Joola Spring Open 2021,1942.0,2025.0,2021-04-10,2021-04-11
971,Isha,Bajpai,371,96508,"San Jose, CA",,2087,2024-05-27,2061,2023-12-09,ACTIVE,ICC Joola Fall Open 2020,1926.0,1942.0,2020-10-10,2020-10-11
971,Isha,Bajpai,371,96508,"San Jose, CA",,2087,2024-05-27,2061,2023-12-09,ACTIVE,ICC JOOLA Spring Open 2020,1928.0,1926.0,2020-03-07,2020-03-08
971,Isha,Bajpai,371,96508,"San Jose, CA",,2087,2024-05-27,2061,2023-12-09,ACTIVE,ICC JOOLA Winter Open,1891.0,1931.0,2019-11-08,2019-11-10
971,Isha,Bajpai,371,96508,"San Jose, CA",,2087,2024-05-27,2061,2023-12-09,ACTIVE,ICC Joola Spring Open,1841.0,1862.0,2019-05-12,2019-05-12
971,Isha,Bajpai,371,96508,"San Jose, CA",,2087,2024-05-27,2061,2023-12-09,ACTIVE,ICC Butterfly California State Open,570.0,529.0,2016-12-02,2016-12-04
971,Isha,Bajpai,371,96508,"San Jose, CA",,2087,2024-05-27,2061,2023-12-09,ACTIVE,ICC STIGA California Open,0.0,58.0,2015-05-03,
977,Keshav,Sridhar,167395,266395,Fremont,,2086,2024-09-02,1926,2024-09-07,ACTIVE,2024 ICC JOOLA Fall OPEN,2052.0,2074.0,2024-08-24,2024-08-25
977,Keshav,Sridhar,167395,266395,Fremont,,2086,2024-09-02,1926,2024-09-07,ACTIVE,2024 ICC JOOLA Summer OPEN,1990.0,1937.0,2024-05-04,2024-05-05
977,Keshav,Sridhar,167395,266395,Fremont,,2086,2024-09-02,1926,2024-09-07,ACTIVE,2024 ICC JOOLA Spring OPEN,1949.0,1990.0,2024-03-02,2024-03-03
977,Keshav,Sridhar,167395,266395,Fremont,,2086,2024-09-02,1926,2024-09-07,ACTIVE,2023 ICC JOOLA Winter Open,1787.0,1764.0,2023-12-02,2023-12-03
977,Keshav,Sridhar,167395,266395,Fremont,,2086,2024-09-02,1926,2024-09-07,ACTIVE,2023 ICC JOOLA Autumn Open,1819.0,1789.0,2023-10-28,2023-10-29
977,Keshav,Sridhar,167395,266395,Fremont,,2086,2024-09-02,1926,2024-09-07,ACTIVE,ICC JOOLA Fall Open,1786.0,1811.0,2023-08-26,2023-08-27
977,Keshav,Sridhar,167395,266395,Fremont,,2086,2024-09-02,1926,2024-09-07,ACTIVE,ICC JOOLA Summer Open,1674.0,1570.0,2023-05-06,2023-05-07
977,Keshav,Sridhar,167395,266395,Fremont,,2086,2024-09-02,1926,2024-09-07,ACTIVE,ICC JOOLA Spring Open,1577.0,1670.0,2023-03-04,2023-03-05
977,Keshav,Sridhar,167395,266395,Fremont,,2086,2024-09-02,1926,2024-09-07,ACTIVE,ICC JOOLA Winter Open,1480.0,1381.0,2022-12-03,2022-12-04
977,Keshav,Sridhar,167395,266395,Fremont,,2086,2024-09-02,1926,2024-09-07,ACTIVE,ICC JOOLA Autumn Open,1158.0,1116.0,2022-10-15,2022-10-16
977,Keshav,Sridhar,167395,266395,Fremont,,2086,2024-09-02,1926,2024-09-07,ACTIVE,ICC JOOLA Fall Open,1242.0,1158.0,2022-09-10,2022-09-11
977,Keshav,Sridhar,167395,266395,Fremont,,2086,2024-09-02,1926,2024-09-07,ACTIVE,ICC JOOLA Summer Open,592.0,752.0,2022-05-14,2022-05-15
977,Keshav,Sridhar,167395,266395,Fremont,,2086,2024-09-02,1926,2024-09-07,ACTIVE,ICC JOOLA Spring Open 2022,657.0,694.0,2022-03-19,2022-03-20
977,Keshav,Sridhar,167395,266395,Fremont,,2086,2024-09-02,1926,2024-09-07,ACTIVE,ICC JOOLA Winter Open 2021,93.0,259.0,2021-11-13,2021-11-14
977,Keshav,Sridhar,167395,266395,Fremont,,2086,2024-09-02,1926,2024-09-07,ACTIVE,ICC JOOLA Fall Open 2021,0.0,93.0,2021-08-28,2021-08-29
979,Jt,Weng,172809,271809,"San Jose, CA",,2085,2024-09-02,2007,2024-06-01,ACTIVE,ICC JOOLA Winter Open,1931.0,1915.0,2022-12-03,2022-12-04
979,Jt,Weng,172809,271809,"San Jose, CA",,2085,2024-09-02,2007,2024-06-01,ACTIVE,ICC JOOLA Spring Open 2022,1600.0,1764.0,2022-03-19,2022-03-20
979,Jt,Weng,172809,271809,"San Jose, CA",,2085,2024-09-02,2007,2024-06-01,ACTIVE,ICC JOOLA Winter Open 2021,0.0,1600.0,2021-11-13,2021-11-14
982,Konstantin,Chernomorskiy,15652,11903,"Calabasas, CA",Allen and Sons Table Tennis Club,2084,2024-08-24,2076,2012-07-26,ACTIVE,ICC CA State Open,2184.0,2170.0,2010-05-02,
985,Alan,Tang,7655,81663,"Fremont, CA",Silicon Valley Table Tennis Club (SVTTC),2084,2023-12-21,1984,2024-07-19,ACTIVE,ICC JOOLA Fall Open,2096.0,2090.0,2023-08-26,2023-08-27
985,Alan,Tang,7655,81663,"Fremont, CA",Silicon Valley Table Tennis Club (SVTTC),2084,2023-12-21,1984,2024-07-19,ACTIVE,ICC JOOLA Spring Open,2097.0,2096.0,2023-03-04,2023-03-05
985,Alan,Tang,7655,81663,"Fremont, CA",Silicon Valley Table Tennis Club (SVTTC),2084,2023-12-21,1984,2024-07-19,ACTIVE,ICC JOOLA Fall Open,2157.0,2151.0,2022-09-10,2022-09-11
985,Alan,Tang,7655,81663,"Fremont, CA",Silicon Valley Table Tennis Club (SVTTC),2084,2023-12-21,1984,2024-07-19,ACTIVE,ICC Butterfly California State Open,2012.0,2017.0,2016-12-02,2016-12-04
985,Alan,Tang,7655,81663,"Fremont, CA",Silicon Valley Table Tennis Club (SVTTC),2084,2023-12-21,1984,2024-07-19,ACTIVE,ICC CA State Open,2112.0,2088.0,2011-03-20,
985,Alan,Tang,7655,81663,"Fremont, CA",Silicon Valley Table Tennis Club (SVTTC),2084,2023-12-21,1984,2024-07-19,ACTIVE,ICC CA State Open,2116.0,2112.0,2010-12-05,
985,Alan,Tang,7655,81663,"Fremont, CA",Silicon Valley Table Tennis Club (SVTTC),2084,2023-12-21,1984,2024-07-19,ACTIVE,ICC CA State Open,2117.0,2116.0,2010-05-02,
985,Alan,Tang,7655,81663,"Fremont, CA",Silicon Valley Table Tennis Club (SVTTC),2084,2023-12-21,1984,2024-07-19,ACTIVE,ICC CA State Open,0.0,2117.0,2010-02-28,
991,Narasimhan,Ramakrishnan,6371,25608,"Schaumburg, IL",Experior Table Tennis Club,2083,2024-05-05,2092,2020-02-08,ACTIVE,ICC Butterfly Winter Open,1897.0,1883.0,2019-02-24,2019-02-24
991,Narasimhan,Ramakrishnan,6371,25608,"Schaumburg, IL",Experior Table Tennis Club,2083,2024-05-05,2092,2020-02-08,ACTIVE,2018 ICC Butterfly America Open,1959.0,2003.0,2018-12-07,2018-12-09
1002,Akshara,Badri,120240,219240,"Fremont, CA",Rising Stars World Table Tennis Academy,2080,2024-08-25,1963,2024-08-31,ACTIVE,2024 ICC JOOLA Fall OPEN,2086.0,2080.0,2024-08-24,2024-08-25
1002,Akshara,Badri,120240,219240,"Fremont, CA",Rising Stars World Table Tennis Academy,2080,2024-08-25,1963,2024-08-31,ACTIVE,2024 ICC JOOLA Spring OPEN,1996.0,2247.0,2024-03-02,2024-03-03
1002,Akshara,Badri,120240,219240,"Fremont, CA",Rising Stars World Table Tennis Academy,2080,2024-08-25,1963,2024-08-31,ACTIVE,ICC JOOLA Fall Open,2133.0,2057.0,2023-08-26,2023-08-27
1002,Akshara,Badri,120240,219240,"Fremont, CA",Rising Stars World Table Tennis Academy,2080,2024-08-25,1963,2024-08-31,ACTIVE,ICC JOOLA Fall Open,1679.0,1643.0,2022-09-10,2022-09-11
1002,Akshara,Badri,120240,219240,"Fremont, CA",Rising Stars World Table Tennis Academy,2080,2024-08-25,1963,2024-08-31,ACTIVE,ICC JOOLA Summer Open,1629.0,1606.0,2022-05-14,2022-05-15
1002,Akshara,Badri,120240,219240,"Fremont, CA",Rising Stars World Table Tennis Academy,2080,2024-08-25,1963,2024-08-31,ACTIVE,ICC JOOLA Spring Open 2022,1676.0,1629.0,2022-03-19,2022-03-20
1002,Akshara,Badri,120240,219240,"Fremont, CA",Rising Stars World Table Tennis Academy,2080,2024-08-25,1963,2024-08-31,ACTIVE,ICC JOOLA Fall Open 2021,1522.0,1568.0,2021-08-28,2021-08-29
1002,Akshara,Badri,120240,219240,"Fremont, CA",Rising Stars World Table Tennis Academy,2080,2024-08-25,1963,2024-08-31,ACTIVE,ICC Joola Fall Open 2020,1312.0,1305.0,2020-10-10,2020-10-11
1002,Akshara,Badri,120240,219240,"Fremont, CA",Rising Stars World Table Tennis Academy,2080,2024-08-25,1963,2024-08-31,ACTIVE,ICC Joola Spring Open,506.0,688.0,2019-05-12,2019-05-12
1002,Akshara,Badri,120240,219240,"Fremont, CA",Rising Stars World Table Tennis Academy,2080,2024-08-25,1963,2024-08-31,ACTIVE,ICC Butterfly Winter Open,340.0,456.0,2019-02-24,2019-02-24
1002,Akshara,Badri,120240,219240,"Fremont, CA",Rising Stars World Table Tennis Academy,2080,2024-08-25,1963,2024-08-31,ACTIVE,ICC Butterfly America Open - 2018,0.0,25.0,2018-05-06,2018-05-06
1031,Joshua,Cheng,15580,89842,"Mountain View, CA",,2072,2018-03-02,1630,2014-09-07,ACTIVE,ICC CA State Open,1589.0,1708.0,2013-12-08,
1031,Joshua,Cheng,15580,89842,"Mountain View, CA",,2072,2018-03-02,1630,2014-09-07,ACTIVE,ICC CA State Open,1472.0,1399.0,2013-05-19,
1031,Joshua,Cheng,15580,89842,"Mountain View, CA",,2072,2018-03-02,1630,2014-09-07,ACTIVE,ICC California State Open,0.0,1472.0,2012-12-09,
1039,Darshan,Chalise,120156,219156,Urbana,,2070,2024-08-25,1931,2024-07-21,ACTIVE,2024 ICC JOOLA Fall OPEN,2066.0,2070.0,2024-08-24,2024-08-25
1046,George,Tai,59265,53127,"Broomfield, CO",,2068,2024-03-09,0,,ACTIVE,ICC JOOLA Spring Open,2089.0,2072.0,2023-03-04,2023-03-05
1061,Rony,Joy,3540,90115,"Round Rock, TX",Lonestar Table Tennis Academy,2065,2024-07-07,1883,2024-06-26,ACTIVE,ICC JOOLA Autumn Open,1877.0,1870.0,2022-10-15,2022-10-16
1078,Nelson,Yu,8926,65178,"Union City, CA",ICC Table Tennis Center,2062,2019-02-24,2007,2020-10-04,ACTIVE,ICC Butterfly Winter Open,2130.0,2062.0,2019-02-24,2019-02-24
1078,Nelson,Yu,8926,65178,"Union City, CA",ICC Table Tennis Center,2062,2019-02-24,2007,2020-10-04,ACTIVE,2018 ICC Butterfly America Open,2140.0,2130.0,2018-12-07,2018-12-09
1078,Nelson,Yu,8926,65178,"Union City, CA",ICC Table Tennis Center,2062,2019-02-24,2007,2020-10-04,ACTIVE,ICC Butterfly America Open - 2018,2130.0,2140.0,2018-05-06,2018-05-06
1078,Nelson,Yu,8926,65178,"Union City, CA",ICC Table Tennis Center,2062,2019-02-24,2007,2020-10-04,ACTIVE,ICC Butterfly California State Open,2086.0,2173.0,2016-12-02,2016-12-04
1078,Nelson,Yu,8926,65178,"Union City, CA",ICC Table Tennis Center,2062,2019-02-24,2007,2020-10-04,ACTIVE,ICC STIGA California Open,2048.0,2048.0,2015-05-03,
1078,Nelson,Yu,8926,65178,"Union City, CA",ICC Table Tennis Center,2062,2019-02-24,2007,2020-10-04,ACTIVE,ICC California State Open,2133.0,2010.0,2014-04-06,
1078,Nelson,Yu,8926,65178,"Union City, CA",ICC Table Tennis Center,2062,2019-02-24,2007,2020-10-04,ACTIVE,ICC CA State Open,2142.0,2068.0,2013-12-08,
1078,Nelson,Yu,8926,65178,"Union City, CA",ICC Table Tennis Center,2062,2019-02-24,2007,2020-10-04,ACTIVE,ICC CA State Open,2129.0,2159.0,2013-05-19,
1078,Nelson,Yu,8926,65178,"Union City, CA",ICC Table Tennis Center,2062,2019-02-24,2007,2020-10-04,ACTIVE,ICC CA State Open,2188.0,2148.0,2013-02-17,
1078,Nelson,Yu,8926,65178,"Union City, CA",ICC Table Tennis Center,2062,2019-02-24,2007,2020-10-04,ACTIVE,ICC California State Open,2215.0,2188.0,2012-12-09,
1078,Nelson,Yu,8926,65178,"Union City, CA",ICC Table Tennis Center,2062,2019-02-24,2007,2020-10-04,ACTIVE,ICC California State Open,2048.0,2139.0,2012-05-27,
1078,Nelson,Yu,8926,65178,"Union City, CA",ICC Table Tennis Center,2062,2019-02-24,2007,2020-10-04,ACTIVE,ICC California State Open,2059.0,2048.0,2012-03-18,
1078,Nelson,Yu,8926,65178,"Union City, CA",ICC Table Tennis Center,2062,2019-02-24,2007,2020-10-04,ACTIVE,ICC CA State Open,2145.0,2117.0,2011-12-04,
1078,Nelson,Yu,8926,65178,"Union City, CA",ICC Table Tennis Center,2062,2019-02-24,2007,2020-10-04,ACTIVE,ICC CA State Open,2090.0,2085.0,2011-06-05,
1078,Nelson,Yu,8926,65178,"Union City, CA",ICC Table Tennis Center,2062,2019-02-24,2007,2020-10-04,ACTIVE,ICC CA State Open,2098.0,2090.0,2011-03-20,
1078,Nelson,Yu,8926,65178,"Union City, CA",ICC Table Tennis Center,2062,2019-02-24,2007,2020-10-04,ACTIVE,ICC CA State Open,2119.0,2119.0,2010-12-05,
1078,Nelson,Yu,8926,65178,"Union City, CA",ICC Table Tennis Center,2062,2019-02-24,2007,2020-10-04,ACTIVE,ICC CA State Open,2191.0,2172.0,2010-05-02,
1078,Nelson,Yu,8926,65178,"Union City, CA",ICC Table Tennis Center,2062,2019-02-24,2007,2020-10-04,ACTIVE,ICC CA State Open,2179.0,2191.0,2010-02-28,
1078,Nelson,Yu,8926,65178,"Union City, CA",ICC Table Tennis Center,2062,2019-02-24,2007,2020-10-04,ACTIVE,ICC California State Open,2188.0,2164.0,2009-12-06,
1078,Nelson,Yu,8926,65178,"Union City, CA",ICC Table Tennis Center,2062,2019-02-24,2007,2020-10-04,ACTIVE,ICC California State Open,2080.0,2047.0,2009-05-10,
1078,Nelson,Yu,8926,65178,"Union City, CA",ICC Table Tennis Center,2062,2019-02-24,2007,2020-10-04,ACTIVE,ICC California State Open,2086.0,2080.0,2009-03-01,
1078,Nelson,Yu,8926,65178,"Union City, CA",ICC Table Tennis Center,2062,2019-02-24,2007,2020-10-04,ACTIVE,ICC California State Open,2168.0,2174.0,2008-12-06,
1078,Nelson,Yu,8926,65178,"Union City, CA",ICC Table Tennis Center,2062,2019-02-24,2007,2020-10-04,ACTIVE,ICC Northern CA Open,2196.0,2192.0,2007-07-22,
1087,Malcolm,Darukhanawalla,17783,73345,"Fremont, CA",,2060,2024-08-25,2095,2018-08-04,ACTIVE,2024 ICC JOOLA Fall OPEN,2063.0,2060.0,2024-08-24,2024-08-25
1087,Malcolm,Darukhanawalla,17783,73345,"Fremont, CA",,2060,2024-08-25,2095,2018-08-04,ACTIVE,2024 ICC JOOLA Summer OPEN,2047.0,2063.0,2024-05-04,2024-05-05
1087,Malcolm,Darukhanawalla,17783,73345,"Fremont, CA",,2060,2024-08-25,2095,2018-08-04,ACTIVE,ICC STIGA California Open,2060.0,2031.0,2015-12-06,
1087,Malcolm,Darukhanawalla,17783,73345,"Fremont, CA",,2060,2024-08-25,2095,2018-08-04,ACTIVE,ICC STIGA California Open,2075.0,2060.0,2015-05-03,
1087,Malcolm,Darukhanawalla,17783,73345,"Fremont, CA",,2060,2024-08-25,2095,2018-08-04,ACTIVE,ICC California State Open,2080.0,2075.0,2014-12-07,
1087,Malcolm,Darukhanawalla,17783,73345,"Fremont, CA",,2060,2024-08-25,2095,2018-08-04,ACTIVE,ICC California State Open,2082.0,2113.0,2014-04-06,
1087,Malcolm,Darukhanawalla,17783,73345,"Fremont, CA",,2060,2024-08-25,2095,2018-08-04,ACTIVE,ICC CA State Open,2051.0,2030.0,2013-12-08,
1087,Malcolm,Darukhanawalla,17783,73345,"Fremont, CA",,2060,2024-08-25,2095,2018-08-04,ACTIVE,ICC CA State Open,1604.0,1776.0,2013-05-19,
1087,Malcolm,Darukhanawalla,17783,73345,"Fremont, CA",,2060,2024-08-25,2095,2018-08-04,ACTIVE,ICC CA State Open,1370.0,1630.0,2013-02-17,
1087,Malcolm,Darukhanawalla,17783,73345,"Fremont, CA",,2060,2024-08-25,2095,2018-08-04,ACTIVE,ICC California State Open,1170.0,1370.0,2012-12-09,
1087,Malcolm,Darukhanawalla,17783,73345,"Fremont, CA",,2060,2024-08-25,2095,2018-08-04,ACTIVE,ICC California State Open,883.0,925.0,2012-05-27,
1087,Malcolm,Darukhanawalla,17783,73345,"Fremont, CA",,2060,2024-08-25,2095,2018-08-04,ACTIVE,ICC California State Open,898.0,883.0,2012-03-18,
1087,Malcolm,Darukhanawalla,17783,73345,"Fremont, CA",,2060,2024-08-25,2095,2018-08-04,ACTIVE,ICC CA State Open,496.0,531.0,2011-12-04,
1087,Malcolm,Darukhanawalla,17783,73345,"Fremont, CA",,2060,2024-08-25,2095,2018-08-04,ACTIVE,ICC CA State Open,439.0,496.0,2010-12-05,
1087,Malcolm,Darukhanawalla,17783,73345,"Fremont, CA",,2060,2024-08-25,2095,2018-08-04,ACTIVE,ICC CA State Open,169.0,357.0,2010-05-02,
1087,Malcolm,Darukhanawalla,17783,73345,"Fremont, CA",,2060,2024-08-25,2095,2018-08-04,ACTIVE,ICC CA State Open,168.0,169.0,2010-02-28,
1087,Malcolm,Darukhanawalla,17783,73345,"Fremont, CA",,2060,2024-08-25,2095,2018-08-04,ACTIVE,ICC California State Open,25.0,66.0,2009-12-06,
1089,Felix,Li,4406,87979,"San Francisco, CA",888 Table Tennis Center,2059,2024-03-23,2061,2022-05-22,ACTIVE,ICC JOOLA Fall Open,2036.0,2036.0,2019-09-08,2019-09-08
1089,Felix,Li,4406,87979,"San Francisco, CA",888 Table Tennis Center,2059,2024-03-23,2061,2022-05-22,ACTIVE,ICC Butterfly California State Open,2032.0,2006.0,2016-12-02,2016-12-04
1089,Felix,Li,4406,87979,"San Francisco, CA",888 Table Tennis Center,2059,2024-03-23,2061,2022-05-22,ACTIVE,ICC STIGA California Open,1479.0,1509.0,2015-12-06,
1099,Tre,Riley,102638,201638,,,2057,2024-03-17,1972,2022-06-19,ACTIVE,2024 ICC JOOLA Spring OPEN,2043.0,2074.0,2024-03-02,2024-03-03
1106,Carl,Danner,1592,5206,"Alamo, CA",ICC Table Tennis Center,2055,2018-03-02,1952,2017-04-22,ACTIVE,ICC CA State Open,2042.0,2059.0,2013-02-17,
1106,Carl,Danner,1592,5206,"Alamo, CA",ICC Table Tennis Center,2055,2018-03-02,1952,2017-04-22,ACTIVE,ICC California State Open,2010.0,1995.0,2012-05-27,
1106,Carl,Danner,1592,5206,"Alamo, CA",ICC Table Tennis Center,2055,2018-03-02,1952,2017-04-22,ACTIVE,ICC California State Open,2006.0,2010.0,2012-03-18,
1106,Carl,Danner,1592,5206,"Alamo, CA",ICC Table Tennis Center,2055,2018-03-02,1952,2017-04-22,ACTIVE,ICC CA State Open,2005.0,2006.0,2011-06-05,
1106,Carl,Danner,1592,5206,"Alamo, CA",ICC Table Tennis Center,2055,2018-03-02,1952,2017-04-22,ACTIVE,ICC CA State Open,2001.0,2005.0,2010-12-05,
1106,Carl,Danner,1592,5206,"Alamo, CA",ICC Table Tennis Center,2055,2018-03-02,1952,2017-04-22,ACTIVE,ICC CA State Open,2010.0,2001.0,2010-05-02,
1106,Carl,Danner,1592,5206,"Alamo, CA",ICC Table Tennis Center,2055,2018-03-02,1952,2017-04-22,ACTIVE,ICC CA State Open,2010.0,2010.0,2010-02-28,
1106,Carl,Danner,1592,5206,"Alamo, CA",ICC Table Tennis Center,2055,2018-03-02,1952,2017-04-22,ACTIVE,ICC California State Open,2050.0,1981.0,2009-12-06,
1106,Carl,Danner,1592,5206,"Alamo, CA",ICC Table Tennis Center,2055,2018-03-02,1952,2017-04-22,ACTIVE,ICC California State Open,2069.0,2040.0,2009-05-10,
1106,Carl,Danner,1592,5206,"Alamo, CA",ICC Table Tennis Center,2055,2018-03-02,1952,2017-04-22,ACTIVE,ICC California State Open,2065.0,2069.0,2009-03-01,
1106,Carl,Danner,1592,5206,"Alamo, CA",ICC Table Tennis Center,2055,2018-03-02,1952,2017-04-22,ACTIVE,ICC California State Open,2072.0,2029.0,2008-12-06,
1109,Barry K.,Or,5830,29304,"Milpitas, CA",ICC Table Tennis Center,2055,2024-08-25,1829,2022-02-20,ACTIVE,2024 ICC JOOLA Fall OPEN,2072.0,2055.0,2024-08-24,2024-08-25
1109,Barry K.,Or,5830,29304,"Milpitas, CA",ICC Table Tennis Center,2055,2024-08-25,1829,2022-02-20,ACTIVE,T2 CHALLENGE SEASON 2 SELECTION TRIALS AT ICC,2083.0,2072.0,2020-11-26,2020-11-27
1109,Barry K.,Or,5830,29304,"Milpitas, CA",ICC Table Tennis Center,2055,2024-08-25,1829,2022-02-20,ACTIVE,ICC JOOLA Spring Open 2020,2130.0,2083.0,2020-03-07,2020-03-08
1109,Barry K.,Or,5830,29304,"Milpitas, CA",ICC Table Tennis Center,2055,2024-08-25,1829,2022-02-20,ACTIVE,ICC JOOLA Winter Open,1982.0,2130.0,2019-11-08,2019-11-10
1109,Barry K.,Or,5830,29304,"Milpitas, CA",ICC Table Tennis Center,2055,2024-08-25,1829,2022-02-20,ACTIVE,ICC JOOLA Fall Open,2018.0,1982.0,2019-09-08,2019-09-08
1109,Barry K.,Or,5830,29304,"Milpitas, CA",ICC Table Tennis Center,2055,2024-08-25,1829,2022-02-20,ACTIVE,ICC Joola Spring Open,2022.0,2008.0,2019-05-12,2019-05-12
1109,Barry K.,Or,5830,29304,"Milpitas, CA",ICC Table Tennis Center,2055,2024-08-25,1829,2022-02-20,ACTIVE,2018 ICC Butterfly America Open,2017.0,2022.0,2018-12-07,2018-12-09
1109,Barry K.,Or,5830,29304,"Milpitas, CA",ICC Table Tennis Center,2055,2024-08-25,1829,2022-02-20,ACTIVE,ICC Butterfly America Open - 2018,2034.0,2017.0,2018-05-06,2018-05-06
1109,Barry K.,Or,5830,29304,"Milpitas, CA",ICC Table Tennis Center,2055,2024-08-25,1829,2022-02-20,ACTIVE,ICC STIGA California Open,2037.0,2034.0,2015-12-06,
1109,Barry K.,Or,5830,29304,"Milpitas, CA",ICC Table Tennis Center,2055,2024-08-25,1829,2022-02-20,ACTIVE,ICC STIGA California Open,2026.0,2025.0,2015-05-03,
1109,Barry K.,Or,5830,29304,"Milpitas, CA",ICC Table Tennis Center,2055,2024-08-25,1829,2022-02-20,ACTIVE,ICC California State Open,1909.0,2026.0,2014-12-07,
1109,Barry K.,Or,5830,29304,"Milpitas, CA",ICC Table Tennis Center,2055,2024-08-25,1829,2022-02-20,ACTIVE,ICC CA State Open,1964.0,1904.0,2013-12-08,
1109,Barry K.,Or,5830,29304,"Milpitas, CA",ICC Table Tennis Center,2055,2024-08-25,1829,2022-02-20,ACTIVE,ICC CA State Open,1962.0,1974.0,2013-02-17,
1109,Barry K.,Or,5830,29304,"Milpitas, CA",ICC Table Tennis Center,2055,2024-08-25,1829,2022-02-20,ACTIVE,ICC California State Open,1970.0,1962.0,2012-12-09,
1109,Barry K.,Or,5830,29304,"Milpitas, CA",ICC Table Tennis Center,2055,2024-08-25,1829,2022-02-20,ACTIVE,ICC California State Open,1982.0,1992.0,2012-05-27,
1109,Barry K.,Or,5830,29304,"Milpitas, CA",ICC Table Tennis Center,2055,2024-08-25,1829,2022-02-20,ACTIVE,ICC California State Open,1992.0,1982.0,2012-03-18,
1109,Barry K.,Or,5830,29304,"Milpitas, CA",ICC Table Tennis Center,2055,2024-08-25,1829,2022-02-20,ACTIVE,ICC CA State Open,1995.0,1972.0,2011-12-04,
1109,Barry K.,Or,5830,29304,"Milpitas, CA",ICC Table Tennis Center,2055,2024-08-25,1829,2022-02-20,ACTIVE,ICC CA State Open,1995.0,2004.0,2011-06-05,
1109,Barry K.,Or,5830,29304,"Milpitas, CA",ICC Table Tennis Center,2055,2024-08-25,1829,2022-02-20,ACTIVE,ICC CA State Open,2087.0,2112.0,2011-03-20,
1109,Barry K.,Or,5830,29304,"Milpitas, CA",ICC Table Tennis Center,2055,2024-08-25,1829,2022-02-20,ACTIVE,ICC CA State Open,1891.0,1934.0,2010-12-05,
1109,Barry K.,Or,5830,29304,"Milpitas, CA",ICC Table Tennis Center,2055,2024-08-25,1829,2022-02-20,ACTIVE,ICC CA State Open,1917.0,1873.0,2010-05-02,
1109,Barry K.,Or,5830,29304,"Milpitas, CA",ICC Table Tennis Center,2055,2024-08-25,1829,2022-02-20,ACTIVE,ICC California State Open,1943.0,1917.0,2009-12-06,
1109,Barry K.,Or,5830,29304,"Milpitas, CA",ICC Table Tennis Center,2055,2024-08-25,1829,2022-02-20,ACTIVE,ICC California State Open,1994.0,1985.0,2009-05-10,
1109,Barry K.,Or,5830,29304,"Milpitas, CA",ICC Table Tennis Center,2055,2024-08-25,1829,2022-02-20,ACTIVE,ICC California State Open,1992.0,1994.0,2009-03-01,
1109,Barry K.,Or,5830,29304,"Milpitas, CA",ICC Table Tennis Center,2055,2024-08-25,1829,2022-02-20,ACTIVE,ICC California State Open,2011.0,1979.0,2008-12-06,
1110,Thinh,Mac,34124,62819,"Union City, CA",,2054,2018-03-02,1828,2024-08-11,ACTIVE,ICC Butterfly California State Open,2140.0,2139.0,2016-12-02,2016-12-04
1110,Thinh,Mac,34124,62819,"Union City, CA",,2054,2018-03-02,1828,2024-08-11,ACTIVE,ICC Northern CA Open,2127.0,2131.0,2007-07-22,
1117,Michiya,Suzuki,7555,22,"Rio Rancho, NM",,2052,2024-02-25,2018,2007-04-21,ACTIVE,2023 ICC JOOLA Winter Open,2051.0,2050.0,2023-12-02,2023-12-03
1117,Michiya,Suzuki,7555,22,"Rio Rancho, NM",,2052,2024-02-25,2018,2007-04-21,ACTIVE,ICC JOOLA Winter Open 2021,2142.0,2083.0,2021-11-13,2021-11-14
1117,Michiya,Suzuki,7555,22,"Rio Rancho, NM",,2052,2024-02-25,2018,2007-04-21,ACTIVE,ICC JOOLA Winter Open,2144.0,2142.0,2019-11-08,2019-11-10
1118,Abhilash,Rajesh Kumar,6364,93845,"Mountain View, CA",Stickman Skills Center,2052,2023-12-21,1925,2024-02-13,ACTIVE,ICC Butterfly California State Open,1969.0,1945.0,2016-12-02,2016-12-04
1118,Abhilash,Rajesh Kumar,6364,93845,"Mountain View, CA",Stickman Skills Center,2052,2023-12-21,1925,2024-02-13,ACTIVE,ICC STIGA California Open,1732.0,1727.0,2015-12-06,
1118,Abhilash,Rajesh Kumar,6364,93845,"Mountain View, CA",Stickman Skills Center,2052,2023-12-21,1925,2024-02-13,ACTIVE,ICC STIGA California Open,1604.0,1568.0,2015-05-03,
1121,Shakthi Sriman,Nandhakumar,171851,270851,"Pleasanton, CA",Micro Motion Table Tennis Academy,2051,2024-09-02,1851,2024-09-08,ACTIVE,2024 ICC JOOLA Summer OPEN,1886.0,1896.0,2024-05-04,2024-05-05
1121,Shakthi Sriman,Nandhakumar,171851,270851,"Pleasanton, CA",Micro Motion Table Tennis Academy,2051,2024-09-02,1851,2024-09-08,ACTIVE,2024 ICC JOOLA Spring OPEN,1882.0,1879.0,2024-03-02,2024-03-03
1121,Shakthi Sriman,Nandhakumar,171851,270851,"Pleasanton, CA",Micro Motion Table Tennis Academy,2051,2024-09-02,1851,2024-09-08,ACTIVE,2023 ICC JOOLA Winter Open,1769.0,1795.0,2023-12-02,2023-12-03
1121,Shakthi Sriman,Nandhakumar,171851,270851,"Pleasanton, CA",Micro Motion Table Tennis Academy,2051,2024-09-02,1851,2024-09-08,ACTIVE,2023 ICC JOOLA Autumn Open,1734.0,1769.0,2023-10-28,2023-10-29
1121,Shakthi Sriman,Nandhakumar,171851,270851,"Pleasanton, CA",Micro Motion Table Tennis Academy,2051,2024-09-02,1851,2024-09-08,ACTIVE,ICC JOOLA Fall Open,1699.0,1693.0,2023-08-26,2023-08-27
1121,Shakthi Sriman,Nandhakumar,171851,270851,"Pleasanton, CA",Micro Motion Table Tennis Academy,2051,2024-09-02,1851,2024-09-08,ACTIVE,ICC JOOLA Summer Open,1659.0,1672.0,2023-05-06,2023-05-07
1121,Shakthi Sriman,Nandhakumar,171851,270851,"Pleasanton, CA",Micro Motion Table Tennis Academy,2051,2024-09-02,1851,2024-09-08,ACTIVE,ICC JOOLA Spring Open,1637.0,1638.0,2023-03-04,2023-03-05
1121,Shakthi Sriman,Nandhakumar,171851,270851,"Pleasanton, CA",Micro Motion Table Tennis Academy,2051,2024-09-02,1851,2024-09-08,ACTIVE,ICC JOOLA Fall Open,880.0,1206.0,2022-09-10,2022-09-11
1121,Shakthi Sriman,Nandhakumar,171851,270851,"Pleasanton, CA",Micro Motion Table Tennis Academy,2051,2024-09-02,1851,2024-09-08,ACTIVE,ICC JOOLA Summer Open,351.0,446.0,2022-05-14,2022-05-15
1121,Shakthi Sriman,Nandhakumar,171851,270851,"Pleasanton, CA",Micro Motion Table Tennis Academy,2051,2024-09-02,1851,2024-09-08,ACTIVE,ICC JOOLA Spring Open 2022,305.0,447.0,2022-03-19,2022-03-20
1121,Shakthi Sriman,Nandhakumar,171851,270851,"Pleasanton, CA",Micro Motion Table Tennis Academy,2051,2024-09-02,1851,2024-09-08,ACTIVE,ICC JOOLA Fall Open 2021,3.0,0.0,2021-08-28,2021-08-29
1137,Rishi,Sankar,6799,97483,"Palo Alto, CA",,2048,2021-09-06,1833,2024-02-07,ACTIVE,ICC JOOLA Fall Open 2021,1996.0,2007.0,2021-08-28,2021-08-29
1137,Rishi,Sankar,6799,97483,"Palo Alto, CA",,2048,2021-09-06,1833,2024-02-07,ACTIVE,ICC Joola Spring Open,2106.0,2086.0,2019-05-12,2019-05-12
1137,Rishi,Sankar,6799,97483,"Palo Alto, CA",,2048,2021-09-06,1833,2024-02-07,ACTIVE,ICC Butterfly Winter Open,1891.0,1900.0,2019-02-24,2019-02-24
1137,Rishi,Sankar,6799,97483,"Palo Alto, CA",,2048,2021-09-06,1833,2024-02-07,ACTIVE,ICC Butterfly America Open - 2018,1814.0,1778.0,2018-05-06,2018-05-06
1137,Rishi,Sankar,6799,97483,"Palo Alto, CA",,2048,2021-09-06,1833,2024-02-07,ACTIVE,ICC Butterfly California State Open,1238.0,1365.0,2016-12-02,2016-12-04
1139,Yuyang,Ying,8872,90630,"Fremont, CA",ICC Table Tennis Center,2047,2024-09-02,1981,2024-09-08,ACTIVE,ICC JOOLA Summer Open,1991.0,1998.0,2022-05-14,2022-05-15
1139,Yuyang,Ying,8872,90630,"Fremont, CA",ICC Table Tennis Center,2047,2024-09-02,1981,2024-09-08,ACTIVE,ICC JOOLA Spring Open 2022,1997.0,1964.0,2022-03-19,2022-03-20
1139,Yuyang,Ying,8872,90630,"Fremont, CA",ICC Table Tennis Center,2047,2024-09-02,1981,2024-09-08,ACTIVE,ICC JOOLA Winter Open 2021,2016.0,1997.0,2021-11-13,2021-11-14
1139,Yuyang,Ying,8872,90630,"Fremont, CA",ICC Table Tennis Center,2047,2024-09-02,1981,2024-09-08,ACTIVE,ICC JOOLA Fall Open 2021,2038.0,2016.0,2021-08-28,2021-08-29
1139,Yuyang,Ying,8872,90630,"Fremont, CA",ICC Table Tennis Center,2047,2024-09-02,1981,2024-09-08,ACTIVE,ICC Joola Fall Open 2020,1943.0,1946.0,2020-10-10,2020-10-11
1139,Yuyang,Ying,8872,90630,"Fremont, CA",ICC Table Tennis Center,2047,2024-09-02,1981,2024-09-08,ACTIVE,ICC JOOLA Fall Open,1964.0,1874.0,2019-09-08,2019-09-08
1139,Yuyang,Ying,8872,90630,"Fremont, CA",ICC Table Tennis Center,2047,2024-09-02,1981,2024-09-08,ACTIVE,ICC Butterfly America Open - 2018,1938.0,1939.0,2018-05-06,2018-05-06
1139,Yuyang,Ying,8872,90630,"Fremont, CA",ICC Table Tennis Center,2047,2024-09-02,1981,2024-09-08,ACTIVE,ICC Butterfly California State Open,1763.0,1766.0,2016-12-02,2016-12-04
1145,Isabella,Luo,168433,267433,"Dublin, CA",(TTA) Table Tennis America,2046,2024-09-02,1821,2024-09-07,ACTIVE,2024 ICC JOOLA Summer OPEN,2161.0,2146.0,2024-05-04,2024-05-05
1145,Isabella,Luo,168433,267433,"Dublin, CA",(TTA) Table Tennis America,2046,2024-09-02,1821,2024-09-07,ACTIVE,2024 ICC JOOLA Spring OPEN,1993.0,2036.0,2024-03-02,2024-03-03
1145,Isabella,Luo,168433,267433,"Dublin, CA",(TTA) Table Tennis America,2046,2024-09-02,1821,2024-09-07,ACTIVE,2023 ICC JOOLA Autumn Open,2017.0,2008.0,2023-10-28,2023-10-29
1145,Isabella,Luo,168433,267433,"Dublin, CA",(TTA) Table Tennis America,2046,2024-09-02,1821,2024-09-07,ACTIVE,ICC JOOLA Fall Open,1957.0,1985.0,2023-08-26,2023-08-27
1146,Ethan,Wang,172145,271145,"Dublin, CA",(TTA) Table Tennis America,2045,2024-09-02,1969,2024-08-25,ACTIVE,2024 ICC JOOLA Spring OPEN,1944.0,1993.0,2024-03-02,2024-03-03
1146,Ethan,Wang,172145,271145,"Dublin, CA",(TTA) Table Tennis America,2045,2024-09-02,1969,2024-08-25,ACTIVE,ICC JOOLA Autumn Open,1429.0,1394.0,2022-10-15,2022-10-16
1146,Ethan,Wang,172145,271145,"Dublin, CA",(TTA) Table Tennis America,2045,2024-09-02,1969,2024-08-25,ACTIVE,ICC JOOLA Fall Open,1415.0,1429.0,2022-09-10,2022-09-11
1146,Ethan,Wang,172145,271145,"Dublin, CA",(TTA) Table Tennis America,2045,2024-09-02,1969,2024-08-25,ACTIVE,ICC JOOLA Summer Open,729.0,729.0,2022-05-14,2022-05-15
1146,Ethan,Wang,172145,271145,"Dublin, CA",(TTA) Table Tennis America,2045,2024-09-02,1969,2024-08-25,ACTIVE,ICC JOOLA Spring Open 2022,295.0,295.0,2022-03-19,2022-03-20
1146,Ethan,Wang,172145,271145,"Dublin, CA",(TTA) Table Tennis America,2045,2024-09-02,1969,2024-08-25,ACTIVE,ICC JOOLA Winter Open 2021,288.0,295.0,2021-11-13,2021-11-14
1160,Seyed,Jafarinejad,3384,71678,"San Jose, CA",ICC Table Tennis Center,2042,2022-12-21,1935,2024-06-29,ACTIVE,ICC JOOLA Fall Open,2090.0,2072.0,2019-09-08,2019-09-08
1160,Seyed,Jafarinejad,3384,71678,"San Jose, CA",ICC Table Tennis Center,2042,2022-12-21,1935,2024-06-29,ACTIVE,ICC Butterfly Winter Open,2063.0,2058.0,2019-02-24,2019-02-24
1160,Seyed,Jafarinejad,3384,71678,"San Jose, CA",ICC Table Tennis Center,2042,2022-12-21,1935,2024-06-29,ACTIVE,2018 ICC Butterfly America Open,2053.0,2063.0,2018-12-07,2018-12-09
1161,Jie,Hu,25914,1949,"Fremont, CA",,2042,2023-04-02,1939,2024-05-12,ACTIVE,ICC CA State Open,1752.0,1748.0,2011-03-20,
1163,Saicharan,Vellanki,166238,265238,"SAMMAMISH, WA",Seattle Pacific Table Tennis Club,2042,2024-07-07,2108,2024-09-07,ACTIVE,2024 ICC JOOLA Summer OPEN,2021.0,1869.0,2024-05-04,2024-05-05
1174,Vishal,Vishnoi,99991,198991,"Redwood City, CA",Golden State Table Tennis Club LLC,2040,2024-02-19,1752,2023-01-15,ACTIVE,2018 ICC Butterfly America Open,1688.0,1685.0,2018-12-07,2018-12-09
1174,Vishal,Vishnoi,99991,198991,"Redwood City, CA",Golden State Table Tennis Club LLC,2040,2024-02-19,1752,2023-01-15,ACTIVE,ICC Butterfly California State Open,1658.0,1658.0,2016-12-02,2016-12-04
1176,Nathan,Yu,172260,271260,,,2040,2024-09-02,1658,2024-04-21,ACTIVE,ICC JOOLA Spring Open,1785.0,1745.0,2023-03-04,2023-03-05
1176,Nathan,Yu,172260,271260,,,2040,2024-09-02,1658,2024-04-21,ACTIVE,ICC JOOLA Autumn Open,1484.0,1455.0,2022-10-15,2022-10-16
1176,Nathan,Yu,172260,271260,,,2040,2024-09-02,1658,2024-04-21,ACTIVE,ICC JOOLA Fall Open,1486.0,1484.0,2022-09-10,2022-09-11
1176,Nathan,Yu,172260,271260,,,2040,2024-09-02,1658,2024-04-21,ACTIVE,ICC JOOLA Winter Open 2021,423.0,448.0,2021-11-13,2021-11-14
1177,Mohammed Yasin,Musthafa,120888,219888,"Fremont, CA",,2039,2024-09-02,1887,2024-09-07,ACTIVE,2024 ICC JOOLA Fall OPEN,2000.0,2030.0,2024-08-24,2024-08-25
1177,Mohammed Yasin,Musthafa,120888,219888,"Fremont, CA",,2039,2024-09-02,1887,2024-09-07,ACTIVE,2024 ICC JOOLA Summer OPEN,2073.0,2058.0,2024-05-04,2024-05-05
1177,Mohammed Yasin,Musthafa,120888,219888,"Fremont, CA",,2039,2024-09-02,1887,2024-09-07,ACTIVE,2024 ICC JOOLA Spring OPEN,2096.0,2092.0,2024-03-02,2024-03-03
1177,Mohammed Yasin,Musthafa,120888,219888,"Fremont, CA",,2039,2024-09-02,1887,2024-09-07,ACTIVE,2023 ICC JOOLA Winter Open,2086.0,1998.0,2023-12-02,2023-12-03
1177,Mohammed Yasin,Musthafa,120888,219888,"Fremont, CA",,2039,2024-09-02,1887,2024-09-07,ACTIVE,2023 ICC JOOLA Autumn Open,1997.0,2086.0,2023-10-28,2023-10-29
1177,Mohammed Yasin,Musthafa,120888,219888,"Fremont, CA",,2039,2024-09-02,1887,2024-09-07,ACTIVE,ICC JOOLA Fall Open,1920.0,2025.0,2023-08-26,2023-08-27
1177,Mohammed Yasin,Musthafa,120888,219888,"Fremont, CA",,2039,2024-09-02,1887,2024-09-07,ACTIVE,ICC JOOLA Summer Open,1789.0,1958.0,2023-05-06,2023-05-07
1177,Mohammed Yasin,Musthafa,120888,219888,"Fremont, CA",,2039,2024-09-02,1887,2024-09-07,ACTIVE,ICC JOOLA Spring Open,1833.0,1798.0,2023-03-04,2023-03-05
1177,Mohammed Yasin,Musthafa,120888,219888,"Fremont, CA",,2039,2024-09-02,1887,2024-09-07,ACTIVE,ICC JOOLA Winter Open,1540.0,1566.0,2022-12-03,2022-12-04
1177,Mohammed Yasin,Musthafa,120888,219888,"Fremont, CA",,2039,2024-09-02,1887,2024-09-07,ACTIVE,ICC JOOLA Autumn Open,1513.0,1540.0,2022-10-15,2022-10-16
1177,Mohammed Yasin,Musthafa,120888,219888,"Fremont, CA",,2039,2024-09-02,1887,2024-09-07,ACTIVE,ICC JOOLA Summer Open,1292.0,1543.0,2022-05-14,2022-05-15
1177,Mohammed Yasin,Musthafa,120888,219888,"Fremont, CA",,2039,2024-09-02,1887,2024-09-07,ACTIVE,ICC JOOLA Spring Open 2022,1401.0,1292.0,2022-03-19,2022-03-20
1177,Mohammed Yasin,Musthafa,120888,219888,"Fremont, CA",,2039,2024-09-02,1887,2024-09-07,ACTIVE,ICC JOOLA Winter Open 2021,1181.0,1346.0,2021-11-13,2021-11-14
1177,Mohammed Yasin,Musthafa,120888,219888,"Fremont, CA",,2039,2024-09-02,1887,2024-09-07,ACTIVE,ICC JOOLA Fall Open 2021,1187.0,1181.0,2021-08-28,2021-08-29
1177,Mohammed Yasin,Musthafa,120888,219888,"Fremont, CA",,2039,2024-09-02,1887,2024-09-07,ACTIVE,ICC JOOLA SUMMER OPEN- 2021,107.0,108.0,2021-05-29,2021-05-30
1177,Mohammed Yasin,Musthafa,120888,219888,"Fremont, CA",,2039,2024-09-02,1887,2024-09-07,ACTIVE,ICC Joola Spring Open 2021,137.0,107.0,2021-04-10,2021-04-11
1177,Mohammed Yasin,Musthafa,120888,219888,"Fremont, CA",,2039,2024-09-02,1887,2024-09-07,ACTIVE,ICC JOOLA Winter Open,143.0,137.0,2019-11-08,2019-11-10
1177,Mohammed Yasin,Musthafa,120888,219888,"Fremont, CA",,2039,2024-09-02,1887,2024-09-07,ACTIVE,ICC JOOLA Fall Open,0.0,143.0,2019-09-08,2019-09-08
1178,Patrick,Wu,53758,60420,"San Jose, CA",ICC Table Tennis Center,2039,2021-06-27,2052,2011-09-22,ACTIVE,ICC Butterfly America Open - 2018,2064.0,2062.0,2018-05-06,2018-05-06
1178,Patrick,Wu,53758,60420,"San Jose, CA",ICC Table Tennis Center,2039,2021-06-27,2052,2011-09-22,ACTIVE,ICC California State Open,2051.0,2039.0,2009-03-01,
1178,Patrick,Wu,53758,60420,"San Jose, CA",ICC Table Tennis Center,2039,2021-06-27,2052,2011-09-22,ACTIVE,ICC California State Open,2098.0,2055.0,2008-12-06,
1185,Robert,Shahnazari,6989,10437,"Glendale, CA",Grace Lin TTC,2037,2024-08-04,2124,2022-09-10,ACTIVE,2023 ICC JOOLA Autumn Open,2183.0,2184.0,2023-10-28,2023-10-29
1185,Robert,Shahnazari,6989,10437,"Glendale, CA",Grace Lin TTC,2037,2024-08-04,2124,2022-09-10,ACTIVE,ICC JOOLA Summer Open,2057.0,2142.0,2022-05-14,2022-05-15
1185,Robert,Shahnazari,6989,10437,"Glendale, CA",Grace Lin TTC,2037,2024-08-04,2124,2022-09-10,ACTIVE,ICC JOOLA Spring Open 2022,2052.0,2050.0,2022-03-19,2022-03-20
1185,Robert,Shahnazari,6989,10437,"Glendale, CA",Grace Lin TTC,2037,2024-08-04,2124,2022-09-10,ACTIVE,ICC JOOLA Fall Open 2021,2173.0,2265.0,2021-08-28,2021-08-29
1185,Robert,Shahnazari,6989,10437,"Glendale, CA",Grace Lin TTC,2037,2024-08-04,2124,2022-09-10,ACTIVE,T2 CHALLENGE SEASON 2 SELECTION TRIALS AT ICC,2084.0,2086.0,2020-11-26,2020-11-27
1185,Robert,Shahnazari,6989,10437,"Glendale, CA",Grace Lin TTC,2037,2024-08-04,2124,2022-09-10,ACTIVE,ICC Joola Fall Open 2020,2091.0,2084.0,2020-10-10,2020-10-11
1185,Robert,Shahnazari,6989,10437,"Glendale, CA",Grace Lin TTC,2037,2024-08-04,2124,2022-09-10,ACTIVE,2018 ICC Butterfly America Open,2101.0,2109.0,2018-12-07,2018-12-09
1185,Robert,Shahnazari,6989,10437,"Glendale, CA",Grace Lin TTC,2037,2024-08-04,2124,2022-09-10,ACTIVE,ICC Butterfly America Open - 2018,2212.0,2190.0,2018-05-06,2018-05-06
1185,Robert,Shahnazari,6989,10437,"Glendale, CA",Grace Lin TTC,2037,2024-08-04,2124,2022-09-10,ACTIVE,ICC STIGA California Open,2162.0,2148.0,2015-12-06,
1185,Robert,Shahnazari,6989,10437,"Glendale, CA",Grace Lin TTC,2037,2024-08-04,2124,2022-09-10,ACTIVE,ICC STIGA California Open,2198.0,2184.0,2015-05-03,
1185,Robert,Shahnazari,6989,10437,"Glendale, CA",Grace Lin TTC,2037,2024-08-04,2124,2022-09-10,ACTIVE,ICC CA State Open,2206.0,2197.0,2013-12-08,
1185,Robert,Shahnazari,6989,10437,"Glendale, CA",Grace Lin TTC,2037,2024-08-04,2124,2022-09-10,ACTIVE,ICC CA State Open,2240.0,2230.0,2013-05-19,
1185,Robert,Shahnazari,6989,10437,"Glendale, CA",Grace Lin TTC,2037,2024-08-04,2124,2022-09-10,ACTIVE,ICC California State Open,2167.0,2225.0,2012-12-09,
1185,Robert,Shahnazari,6989,10437,"Glendale, CA",Grace Lin TTC,2037,2024-08-04,2124,2022-09-10,ACTIVE,ICC California State Open,2276.0,2274.0,2012-03-18,
1185,Robert,Shahnazari,6989,10437,"Glendale, CA",Grace Lin TTC,2037,2024-08-04,2124,2022-09-10,ACTIVE,ICC CA State Open,2268.0,2252.0,2011-12-04,
1185,Robert,Shahnazari,6989,10437,"Glendale, CA",Grace Lin TTC,2037,2024-08-04,2124,2022-09-10,ACTIVE,ICC CA State Open,2323.0,2298.0,2010-12-05,
1185,Robert,Shahnazari,6989,10437,"Glendale, CA",Grace Lin TTC,2037,2024-08-04,2124,2022-09-10,ACTIVE,ICC CA State Open,2277.0,2256.0,2010-05-02,
1185,Robert,Shahnazari,6989,10437,"Glendale, CA",Grace Lin TTC,2037,2024-08-04,2124,2022-09-10,ACTIVE,ICC Northern CA Open,2187.0,2219.0,2007-07-22,
1187,Sofia,Barrera,11396,88171,MEX,,2037,2024-02-17,0,,ACTIVE,ICC CA State Open,1690.0,1773.0,2013-02-17,
1193,Ryan,Tseng,7934,86095,"Fremont, CA",JWTTC,2037,2024-08-25,1971,2016-01-23,ACTIVE,ICC STIGA California Open,2020.0,2004.0,2015-05-03,
1193,Ryan,Tseng,7934,86095,"Fremont, CA",JWTTC,2037,2024-08-25,1971,2016-01-23,ACTIVE,ICC California State Open,1057.0,1107.0,2012-12-09,
1193,Ryan,Tseng,7934,86095,"Fremont, CA",JWTTC,2037,2024-08-25,1971,2016-01-23,ACTIVE,ICC California State Open,784.0,979.0,2012-05-27,
1193,Ryan,Tseng,7934,86095,"Fremont, CA",JWTTC,2037,2024-08-25,1971,2016-01-23,ACTIVE,ICC California State Open,757.0,784.0,2012-03-18,
1209,Han,Nguyen,38238,70038,"Fremont, CA",,2034,2018-03-02,2056,2013-08-24,ACTIVE,ICC California State Open,2003.0,2112.0,2009-12-06,
1209,Han,Nguyen,38238,70038,"Fremont, CA",,2034,2018-03-02,2056,2013-08-24,ACTIVE,ICC California State Open,2023.0,2003.0,2009-05-10,
1209,Han,Nguyen,38238,70038,"Fremont, CA",,2034,2018-03-02,2056,2013-08-24,ACTIVE,ICC California State Open,2028.0,2023.0,2009-03-01,
1209,Han,Nguyen,38238,70038,"Fremont, CA",,2034,2018-03-02,2056,2013-08-24,ACTIVE,ICC Northern CA Open,1842.0,1840.0,2007-07-22,
1218,Hao,Li,32129,131129,"Santa Clara, CA",(TTA) Table Tennis America,2032,2024-08-04,2080,2024-06-29,ACTIVE,ICC JOOLA Fall Open,2028.0,2001.0,2023-08-26,2023-08-27
1218,Hao,Li,32129,131129,"Santa Clara, CA",(TTA) Table Tennis America,2032,2024-08-04,2080,2024-06-29,ACTIVE,ICC JOOLA Spring Open,1950.0,1969.0,2023-03-04,2023-03-05
1218,Hao,Li,32129,131129,"Santa Clara, CA",(TTA) Table Tennis America,2032,2024-08-04,2080,2024-06-29,ACTIVE,ICC JOOLA Winter Open,1767.0,1958.0,2022-12-03,2022-12-04
1218,Hao,Li,32129,131129,"Santa Clara, CA",(TTA) Table Tennis America,2032,2024-08-04,2080,2024-06-29,ACTIVE,2018 ICC Butterfly America Open,1777.0,1767.0,2018-12-07,2018-12-09
1218,Hao,Li,32129,131129,"Santa Clara, CA",(TTA) Table Tennis America,2032,2024-08-04,2080,2024-06-29,ACTIVE,ICC Butterfly America Open - 2018,1773.0,1777.0,2018-05-06,2018-05-06
1230,Dan,Lin,32675,70446,"Hayward, CA",,2029,2023-10-09,1798,2024-07-28,ACTIVE,ICC CA State Open,1974.0,2143.0,2011-12-04,
1251,Vivaan,Chandra,170374,1170374,"Highlands Ranch, CO",Mile High Table Tennis Academy,2025,2024-08-04,559,2022-03-13,ACTIVE,ICC Joola Spring Open 2021,715.0,557.0,2021-04-10,2021-04-11
1251,Vivaan,Chandra,170374,1170374,"Highlands Ranch, CO",Mile High Table Tennis Academy,2025,2024-08-04,559,2022-03-13,ACTIVE,ICC Joola Fall Open 2020,0.0,72.0,2020-10-10,2020-10-11
1279,Kaye,Chen,121824,220824,"Katy, TX",Houston International Table Tennis Academy (HITTA),2021,2024-08-11,2044,2022-08-27,ACTIVE,ICC JOOLA SUMMER OPEN- 2021,1992.0,1980.0,2021-05-29,2021-05-30
1282,Anil,Godhwani,2475,78688,"Fremont, CA",ICC Table Tennis Center,2020,2021-07-09,1834,2021-09-26,ACTIVE,T2 CHALLENGE SEASON 2 SELECTION TRIALS AT ICC,2040.0,2034.0,2020-11-26,2020-11-27
1282,Anil,Godhwani,2475,78688,"Fremont, CA",ICC Table Tennis Center,2020,2021-07-09,1834,2021-09-26,ACTIVE,ICC JOOLA Winter Open,1848.0,1856.0,2019-11-08,2019-11-10
1282,Anil,Godhwani,2475,78688,"Fremont, CA",ICC Table Tennis Center,2020,2021-07-09,1834,2021-09-26,ACTIVE,ICC JOOLA Fall Open,1845.0,1848.0,2019-09-08,2019-09-08
1282,Anil,Godhwani,2475,78688,"Fremont, CA",ICC Table Tennis Center,2020,2021-07-09,1834,2021-09-26,ACTIVE,ICC Joola Spring Open,1933.0,1915.0,2019-05-12,2019-05-12
1282,Anil,Godhwani,2475,78688,"Fremont, CA",ICC Table Tennis Center,2020,2021-07-09,1834,2021-09-26,ACTIVE,ICC Butterfly Winter Open,1914.0,1933.0,2019-02-24,2019-02-24
1282,Anil,Godhwani,2475,78688,"Fremont, CA",ICC Table Tennis Center,2020,2021-07-09,1834,2021-09-26,ACTIVE,2018 ICC Butterfly America Open,1825.0,1797.0,2018-12-07,2018-12-09
1282,Anil,Godhwani,2475,78688,"Fremont, CA",ICC Table Tennis Center,2020,2021-07-09,1834,2021-09-26,ACTIVE,ICC Butterfly America Open - 2018,1860.0,1869.0,2018-05-06,2018-05-06
1282,Anil,Godhwani,2475,78688,"Fremont, CA",ICC Table Tennis Center,2020,2021-07-09,1834,2021-09-26,ACTIVE,ICC Butterfly California State Open,1787.0,1983.0,2016-12-02,2016-12-04
1282,Anil,Godhwani,2475,78688,"Fremont, CA",ICC Table Tennis Center,2020,2021-07-09,1834,2021-09-26,ACTIVE,ICC California State Open,1789.0,1801.0,2014-12-07,
1282,Anil,Godhwani,2475,78688,"Fremont, CA",ICC Table Tennis Center,2020,2021-07-09,1834,2021-09-26,ACTIVE,ICC California State Open,1715.0,1708.0,2012-05-27,
1282,Anil,Godhwani,2475,78688,"Fremont, CA",ICC Table Tennis Center,2020,2021-07-09,1834,2021-09-26,ACTIVE,ICC California State Open,1523.0,1715.0,2012-03-18,
1282,Anil,Godhwani,2475,78688,"Fremont, CA",ICC Table Tennis Center,2020,2021-07-09,1834,2021-09-26,ACTIVE,ICC CA State Open,1523.0,1523.0,2011-12-04,
1282,Anil,Godhwani,2475,78688,"Fremont, CA",ICC Table Tennis Center,2020,2021-07-09,1834,2021-09-26,ACTIVE,ICC CA State Open,1483.0,1523.0,2011-06-05,
1282,Anil,Godhwani,2475,78688,"Fremont, CA",ICC Table Tennis Center,2020,2021-07-09,1834,2021-09-26,ACTIVE,ICC CA State Open,1476.0,1483.0,2011-03-20,
1282,Anil,Godhwani,2475,78688,"Fremont, CA",ICC Table Tennis Center,2020,2021-07-09,1834,2021-09-26,ACTIVE,ICC CA State Open,1431.0,1476.0,2010-12-05,
1282,Anil,Godhwani,2475,78688,"Fremont, CA",ICC Table Tennis Center,2020,2021-07-09,1834,2021-09-26,ACTIVE,ICC CA State Open,1425.0,1425.0,2010-05-02,
1282,Anil,Godhwani,2475,78688,"Fremont, CA",ICC Table Tennis Center,2020,2021-07-09,1834,2021-09-26,ACTIVE,ICC CA State Open,1426.0,1425.0,2010-02-28,
1282,Anil,Godhwani,2475,78688,"Fremont, CA",ICC Table Tennis Center,2020,2021-07-09,1834,2021-09-26,ACTIVE,ICC California State Open,1429.0,1426.0,2009-12-06,
1282,Anil,Godhwani,2475,78688,"Fremont, CA",ICC Table Tennis Center,2020,2021-07-09,1834,2021-09-26,ACTIVE,ICC California State Open,1435.0,1429.0,2009-05-10,
1282,Anil,Godhwani,2475,78688,"Fremont, CA",ICC Table Tennis Center,2020,2021-07-09,1834,2021-09-26,ACTIVE,ICC California State Open,1440.0,1435.0,2009-03-01,
1282,Anil,Godhwani,2475,78688,"Fremont, CA",ICC Table Tennis Center,2020,2021-07-09,1834,2021-09-26,ACTIVE,ICC California State Open,0.0,1440.0,2008-12-06,
1286,Matthew,George,64326,5583,"Cypress, TX",Houston International Table Tennis Academy,2019,2024-08-31,2054,2024-08-23,ACTIVE,ICC JOOLA Summer Open,1877.0,1874.0,2022-05-14,2022-05-15
1299,Khang Tuan,Le,4184,85460,"San Jose, CA",,2015,2024-06-02,2021,2013-01-12,ACTIVE,ICC California State Open,2005.0,1999.0,2012-05-27,
1299,Khang Tuan,Le,4184,85460,"San Jose, CA",,2015,2024-06-02,2021,2013-01-12,ACTIVE,ICC CA State Open,2003.0,2005.0,2011-12-04,
1336,Voltaire,Benedicto,525,47919,"Redwood City, CA",ICC Table Tennis Center,2010,2024-04-21,2066,2024-06-29,ACTIVE,ICC JOOLA Fall Open,1982.0,2019.0,2023-08-26,2023-08-27
1336,Voltaire,Benedicto,525,47919,"Redwood City, CA",ICC Table Tennis Center,2010,2024-04-21,2066,2024-06-29,ACTIVE,ICC JOOLA Fall Open,2106.0,2032.0,2019-09-08,2019-09-08
1336,Voltaire,Benedicto,525,47919,"Redwood City, CA",ICC Table Tennis Center,2010,2024-04-21,2066,2024-06-29,ACTIVE,ICC Joola Spring Open,2081.0,2064.0,2019-05-12,2019-05-12
1336,Voltaire,Benedicto,525,47919,"Redwood City, CA",ICC Table Tennis Center,2010,2024-04-21,2066,2024-06-29,ACTIVE,ICC Butterfly Winter Open,2091.0,2087.0,2019-02-24,2019-02-24
1336,Voltaire,Benedicto,525,47919,"Redwood City, CA",ICC Table Tennis Center,2010,2024-04-21,2066,2024-06-29,ACTIVE,2018 ICC Butterfly America Open,2052.0,2091.0,2018-12-07,2018-12-09
1336,Voltaire,Benedicto,525,47919,"Redwood City, CA",ICC Table Tennis Center,2010,2024-04-21,2066,2024-06-29,ACTIVE,ICC Butterfly America Open - 2018,2020.0,2034.0,2018-05-06,2018-05-06
1336,Voltaire,Benedicto,525,47919,"Redwood City, CA",ICC Table Tennis Center,2010,2024-04-21,2066,2024-06-29,ACTIVE,ICC STIGA California Open,2123.0,2109.0,2015-12-06,
1336,Voltaire,Benedicto,525,47919,"Redwood City, CA",ICC Table Tennis Center,2010,2024-04-21,2066,2024-06-29,ACTIVE,ICC California State Open,2125.0,2088.0,2014-04-06,
1336,Voltaire,Benedicto,525,47919,"Redwood City, CA",ICC Table Tennis Center,2010,2024-04-21,2066,2024-06-29,ACTIVE,ICC CA State Open,2188.0,2125.0,2013-12-08,
1336,Voltaire,Benedicto,525,47919,"Redwood City, CA",ICC Table Tennis Center,2010,2024-04-21,2066,2024-06-29,ACTIVE,ICC CA State Open,2211.0,2188.0,2013-02-17,
1336,Voltaire,Benedicto,525,47919,"Redwood City, CA",ICC Table Tennis Center,2010,2024-04-21,2066,2024-06-29,ACTIVE,ICC California State Open,2209.0,2211.0,2012-12-09,
1336,Voltaire,Benedicto,525,47919,"Redwood City, CA",ICC Table Tennis Center,2010,2024-04-21,2066,2024-06-29,ACTIVE,ICC California State Open,2209.0,2209.0,2012-03-18,
1336,Voltaire,Benedicto,525,47919,"Redwood City, CA",ICC Table Tennis Center,2010,2024-04-21,2066,2024-06-29,ACTIVE,ICC CA State Open,2185.0,2209.0,2011-12-04,
1336,Voltaire,Benedicto,525,47919,"Redwood City, CA",ICC Table Tennis Center,2010,2024-04-21,2066,2024-06-29,ACTIVE,ICC CA State Open,2229.0,2213.0,2011-06-05,
1336,Voltaire,Benedicto,525,47919,"Redwood City, CA",ICC Table Tennis Center,2010,2024-04-21,2066,2024-06-29,ACTIVE,ICC CA State Open,2231.0,2229.0,2011-03-20,
1336,Voltaire,Benedicto,525,47919,"Redwood City, CA",ICC Table Tennis Center,2010,2024-04-21,2066,2024-06-29,ACTIVE,ICC CA State Open,2290.0,2233.0,2010-12-05,
1336,Voltaire,Benedicto,525,47919,"Redwood City, CA",ICC Table Tennis Center,2010,2024-04-21,2066,2024-06-29,ACTIVE,ICC CA State Open,2253.0,2290.0,2010-05-02,
1336,Voltaire,Benedicto,525,47919,"Redwood City, CA",ICC Table Tennis Center,2010,2024-04-21,2066,2024-06-29,ACTIVE,ICC CA State Open,2245.0,2253.0,2010-02-28,
1336,Voltaire,Benedicto,525,47919,"Redwood City, CA",ICC Table Tennis Center,2010,2024-04-21,2066,2024-06-29,ACTIVE,ICC California State Open,2230.0,2245.0,2009-12-06,
1336,Voltaire,Benedicto,525,47919,"Redwood City, CA",ICC Table Tennis Center,2010,2024-04-21,2066,2024-06-29,ACTIVE,ICC California State Open,2209.0,2228.0,2009-05-10,
1336,Voltaire,Benedicto,525,47919,"Redwood City, CA",ICC Table Tennis Center,2010,2024-04-21,2066,2024-06-29,ACTIVE,ICC California State Open,2200.0,2209.0,2009-03-01,
1336,Voltaire,Benedicto,525,47919,"Redwood City, CA",ICC Table Tennis Center,2010,2024-04-21,2066,2024-06-29,ACTIVE,ICC California State Open,2180.0,2200.0,2008-12-06,
1336,Voltaire,Benedicto,525,47919,"Redwood City, CA",ICC Table Tennis Center,2010,2024-04-21,2066,2024-06-29,ACTIVE,ICC Northern CA Open,2170.0,2158.0,2007-07-22,
1347,Hao,Shi,7060,76362,"Mountain View, CA",Palo Alto Table Tennis Association,2008,2019-02-24,1950,2024-03-09,ACTIVE,ICC Butterfly Winter Open,1912.0,2008.0,2019-02-24,2019-02-24
1347,Hao,Shi,7060,76362,"Mountain View, CA",Palo Alto Table Tennis Association,2008,2019-02-24,1950,2024-03-09,ACTIVE,2018 ICC Butterfly America Open,1929.0,1912.0,2018-12-07,2018-12-09
1347,Hao,Shi,7060,76362,"Mountain View, CA",Palo Alto Table Tennis Association,2008,2019-02-24,1950,2024-03-09,ACTIVE,ICC Butterfly California State Open,1923.0,1937.0,2016-12-02,2016-12-04
1347,Hao,Shi,7060,76362,"Mountain View, CA",Palo Alto Table Tennis Association,2008,2019-02-24,1950,2024-03-09,ACTIVE,ICC California State Open,1934.0,1923.0,2014-04-06,
1347,Hao,Shi,7060,76362,"Mountain View, CA",Palo Alto Table Tennis Association,2008,2019-02-24,1950,2024-03-09,ACTIVE,ICC CA State Open,1940.0,1934.0,2013-12-08,
1347,Hao,Shi,7060,76362,"Mountain View, CA",Palo Alto Table Tennis Association,2008,2019-02-24,1950,2024-03-09,ACTIVE,ICC CA State Open,1903.0,1905.0,2013-05-19,
1347,Hao,Shi,7060,76362,"Mountain View, CA",Palo Alto Table Tennis Association,2008,2019-02-24,1950,2024-03-09,ACTIVE,ICC California State Open,1906.0,1903.0,2012-05-27,
1347,Hao,Shi,7060,76362,"Mountain View, CA",Palo Alto Table Tennis Association,2008,2019-02-24,1950,2024-03-09,ACTIVE,ICC California State Open,1865.0,1906.0,2012-03-18,
1347,Hao,Shi,7060,76362,"Mountain View, CA",Palo Alto Table Tennis Association,2008,2019-02-24,1950,2024-03-09,ACTIVE,ICC CA State Open,1784.0,1780.0,2010-05-02,
1347,Hao,Shi,7060,76362,"Mountain View, CA",Palo Alto Table Tennis Association,2008,2019-02-24,1950,2024-03-09,ACTIVE,ICC California State Open,1747.0,1755.0,2009-12-06,
1355,Tzu-Ying,Li,4458,30199,"Campbell, CA",ICC Table Tennis Center,2007,2024-07-07,1870,2024-06-29,ACTIVE,ICC CA State Open,2077.0,1979.0,2010-12-05,
1355,Tzu-Ying,Li,4458,30199,"Campbell, CA",ICC Table Tennis Center,2007,2024-07-07,1870,2024-06-29,ACTIVE,ICC California State Open,1964.0,1962.0,2009-12-06,
1360,Sourish,Ghosh,168665,1168665,"Longmont, CO",DenverPong,2007,2024-08-25,0,,ACTIVE,2024 ICC JOOLA Fall OPEN,1981.0,2007.0,2024-08-24,2024-08-25
1375,Arthur,Lopez,117497,216497,Lynwood,,2005,2024-08-24,2030,2023-08-18,ACTIVE,ICC Joola Fall Open 2020,1786.0,1780.0,2020-10-10,2020-10-11
1379,Collin,Wang,174646,273646,"Hillsborough, CA",,2003,2024-07-28,1824,2024-09-08,ACTIVE,2024 ICC JOOLA Summer OPEN,1980.0,1949.0,2024-05-04,2024-05-05
1379,Collin,Wang,174646,273646,"Hillsborough, CA",,2003,2024-07-28,1824,2024-09-08,ACTIVE,2023 ICC JOOLA Autumn Open,1727.0,1771.0,2023-10-28,2023-10-29
1379,Collin,Wang,174646,273646,"Hillsborough, CA",,2003,2024-07-28,1824,2024-09-08,ACTIVE,ICC JOOLA Autumn Open,437.0,427.0,2022-10-15,2022-10-16
1379,Collin,Wang,174646,273646,"Hillsborough, CA",,2003,2024-07-28,1824,2024-09-08,ACTIVE,ICC JOOLA Fall Open,338.0,437.0,2022-09-10,2022-09-11
1384,Jonathan,Pak,39596,74222,"Federal Way, WA",Seattle Pacific Table Tennis Club,2002,2024-06-30,1964,2024-07-27,ACTIVE,ICC California State Open,1669.0,1765.0,2009-12-06,
1397,Ewan,Zhang,165897,264897,"San Jose, CA",BAPPA Table Tennis,1999,2024-07-28,1776,2024-08-17,ACTIVE,2024 ICC JOOLA Spring OPEN,1803.0,1831.0,2024-03-02,2024-03-03
1397,Ewan,Zhang,165897,264897,"San Jose, CA",BAPPA Table Tennis,1999,2024-07-28,1776,2024-08-17,ACTIVE,2023 ICC JOOLA Autumn Open,1807.0,1814.0,2023-10-28,2023-10-29
1397,Ewan,Zhang,165897,264897,"San Jose, CA",BAPPA Table Tennis,1999,2024-07-28,1776,2024-08-17,ACTIVE,ICC JOOLA Fall Open,1772.0,1761.0,2023-08-26,2023-08-27
1397,Ewan,Zhang,165897,264897,"San Jose, CA",BAPPA Table Tennis,1999,2024-07-28,1776,2024-08-17,ACTIVE,ICC JOOLA Summer Open,1678.0,1674.0,2023-05-06,2023-05-07
1397,Ewan,Zhang,165897,264897,"San Jose, CA",BAPPA Table Tennis,1999,2024-07-28,1776,2024-08-17,ACTIVE,ICC JOOLA Spring Open,1681.0,1681.0,2023-03-04,2023-03-05
1397,Ewan,Zhang,165897,264897,"San Jose, CA",BAPPA Table Tennis,1999,2024-07-28,1776,2024-08-17,ACTIVE,ICC JOOLA Winter Open,1571.0,1591.0,2022-12-03,2022-12-04
1397,Ewan,Zhang,165897,264897,"San Jose, CA",BAPPA Table Tennis,1999,2024-07-28,1776,2024-08-17,ACTIVE,ICC JOOLA Autumn Open,1367.0,1571.0,2022-10-15,2022-10-16
1397,Ewan,Zhang,165897,264897,"San Jose, CA",BAPPA Table Tennis,1999,2024-07-28,1776,2024-08-17,ACTIVE,ICC JOOLA Fall Open,1246.0,1294.0,2022-09-10,2022-09-11
1397,Ewan,Zhang,165897,264897,"San Jose, CA",BAPPA Table Tennis,1999,2024-07-28,1776,2024-08-17,ACTIVE,ICC JOOLA Summer Open,1220.0,1213.0,2022-05-14,2022-05-15
1397,Ewan,Zhang,165897,264897,"San Jose, CA",BAPPA Table Tennis,1999,2024-07-28,1776,2024-08-17,ACTIVE,ICC JOOLA Spring Open 2022,1133.0,1331.0,2022-03-19,2022-03-20
1397,Ewan,Zhang,165897,264897,"San Jose, CA",BAPPA Table Tennis,1999,2024-07-28,1776,2024-08-17,ACTIVE,ICC JOOLA Winter Open 2021,207.0,240.0,2021-11-13,2021-11-14
1397,Ewan,Zhang,165897,264897,"San Jose, CA",BAPPA Table Tennis,1999,2024-07-28,1776,2024-08-17,ACTIVE,ICC JOOLA Fall Open 2021,101.0,110.0,2021-08-28,2021-08-29
1397,Ewan,Zhang,165897,264897,"San Jose, CA",BAPPA Table Tennis,1999,2024-07-28,1776,2024-08-17,ACTIVE,ICC JOOLA SUMMER OPEN- 2021,0.0,80.0,2021-05-29,2021-05-30
1414,Peter,Dziekiewicz,67161,10280,"Surrey, WA",,1994,2024-02-04,0,,ACTIVE,ICC Joola Spring Open,2083.0,2063.0,2019-05-12,2019-05-12
1424,Vraj,Amin,172425,271425,"Milpitas, CA",,1993,2024-09-02,1862,2024-09-08,ACTIVE,2024 ICC JOOLA Summer OPEN,1795.0,1885.0,2024-05-04,2024-05-05
1424,Vraj,Amin,172425,271425,"Milpitas, CA",,1993,2024-09-02,1862,2024-09-08,ACTIVE,2024 ICC JOOLA Spring OPEN,1906.0,1885.0,2024-03-02,2024-03-03
1424,Vraj,Amin,172425,271425,"Milpitas, CA",,1993,2024-09-02,1862,2024-09-08,ACTIVE,ICC JOOLA Fall Open,627.0,698.0,2022-09-10,2022-09-11
1424,Vraj,Amin,172425,271425,"Milpitas, CA",,1993,2024-09-02,1862,2024-09-08,ACTIVE,ICC JOOLA Winter Open 2021,0.0,351.0,2021-11-13,2021-11-14
1432,Mihir,Herlekar,170753,1170753,"San Ramon, CA",Stickman Skills Center,1990,2024-09-02,1936,2024-09-08,ACTIVE,2024 ICC JOOLA Fall OPEN,1972.0,1971.0,2024-08-24,2024-08-25
1432,Mihir,Herlekar,170753,1170753,"San Ramon, CA",Stickman Skills Center,1990,2024-09-02,1936,2024-09-08,ACTIVE,2024 ICC JOOLA Spring OPEN,1957.0,1973.0,2024-03-02,2024-03-03
1432,Mihir,Herlekar,170753,1170753,"San Ramon, CA",Stickman Skills Center,1990,2024-09-02,1936,2024-09-08,ACTIVE,2023 ICC JOOLA Winter Open,1924.0,1948.0,2023-12-02,2023-12-03
1432,Mihir,Herlekar,170753,1170753,"San Ramon, CA",Stickman Skills Center,1990,2024-09-02,1936,2024-09-08,ACTIVE,2023 ICC JOOLA Autumn Open,1878.0,1924.0,2023-10-28,2023-10-29
1432,Mihir,Herlekar,170753,1170753,"San Ramon, CA",Stickman Skills Center,1990,2024-09-02,1936,2024-09-08,ACTIVE,ICC JOOLA Fall Open,1897.0,1881.0,2023-08-26,2023-08-27
1432,Mihir,Herlekar,170753,1170753,"San Ramon, CA",Stickman Skills Center,1990,2024-09-02,1936,2024-09-08,ACTIVE,ICC JOOLA Spring Open,1860.0,1853.0,2023-03-04,2023-03-05
1432,Mihir,Herlekar,170753,1170753,"San Ramon, CA",Stickman Skills Center,1990,2024-09-02,1936,2024-09-08,ACTIVE,ICC JOOLA Winter Open,1792.0,1814.0,2022-12-03,2022-12-04
1432,Mihir,Herlekar,170753,1170753,"San Ramon, CA",Stickman Skills Center,1990,2024-09-02,1936,2024-09-08,ACTIVE,ICC JOOLA Autumn Open,1834.0,1771.0,2022-10-15,2022-10-16
1432,Mihir,Herlekar,170753,1170753,"San Ramon, CA",Stickman Skills Center,1990,2024-09-02,1936,2024-09-08,ACTIVE,ICC JOOLA Spring Open 2022,1526.0,1605.0,2022-03-19,2022-03-20
1432,Mihir,Herlekar,170753,1170753,"San Ramon, CA",Stickman Skills Center,1990,2024-09-02,1936,2024-09-08,ACTIVE,ICC JOOLA Winter Open 2021,1047.0,1051.0,2021-11-13,2021-11-14
1432,Mihir,Herlekar,170753,1170753,"San Ramon, CA",Stickman Skills Center,1990,2024-09-02,1936,2024-09-08,ACTIVE,ICC JOOLA Fall Open 2021,715.0,965.0,2021-08-28,2021-08-29
1432,Mihir,Herlekar,170753,1170753,"San Ramon, CA",Stickman Skills Center,1990,2024-09-02,1936,2024-09-08,ACTIVE,ICC JOOLA SUMMER OPEN- 2021,377.0,483.0,2021-05-29,2021-05-30
1432,Mihir,Herlekar,170753,1170753,"San Ramon, CA",Stickman Skills Center,1990,2024-09-02,1936,2024-09-08,ACTIVE,ICC Joola Spring Open 2021,107.0,377.0,2021-04-10,2021-04-11
1432,Mihir,Herlekar,170753,1170753,"San Ramon, CA",Stickman Skills Center,1990,2024-09-02,1936,2024-09-08,ACTIVE,ICC Joola Fall Open 2020,0.0,107.0,2020-10-10,2020-10-11
1438,Ronald,Yu,8930,32315,"Yorba Linda, CA",,1990,2024-06-09,1874,2024-06-07,ACTIVE,2023 ICC JOOLA Autumn Open,2007.0,2006.0,2023-10-28,2023-10-29
1438,Ronald,Yu,8930,32315,"Yorba Linda, CA",,1990,2024-06-09,1874,2024-06-07,ACTIVE,ICC JOOLA Fall Open,2029.0,2046.0,2023-08-26,2023-08-27
1438,Ronald,Yu,8930,32315,"Yorba Linda, CA",,1990,2024-06-09,1874,2024-06-07,ACTIVE,ICC JOOLA Spring Open,2064.0,2107.0,2023-03-04,2023-03-05
1438,Ronald,Yu,8930,32315,"Yorba Linda, CA",,1990,2024-06-09,1874,2024-06-07,ACTIVE,ICC JOOLA Autumn Open,2079.0,2056.0,2022-10-15,2022-10-16
1438,Ronald,Yu,8930,32315,"Yorba Linda, CA",,1990,2024-06-09,1874,2024-06-07,ACTIVE,ICC JOOLA Fall Open,2006.0,1997.0,2022-09-10,2022-09-11
1444,Richard,Martin,34919,81133,"Overland Park, KS",Kansas City Table Tennis,1989,2024-07-06,1183,2012-11-14,ACTIVE,ICC California State Open,1700.0,1715.0,2009-12-06,
1451,Gary,Fang,20240,30341,"San Ramon, CA",,1986,2018-03-02,1951,2024-04-21,ACTIVE,ICC California State Open,2009.0,1986.0,2008-12-06,
1453,Jia-Yu,Sung,7535,82230,"Campbell, CA",ICC Table Tennis Center,1986,2022-12-21,1698,2024-06-29,ACTIVE,ICC CA State Open,1574.0,1679.0,2013-05-19,
1453,Jia-Yu,Sung,7535,82230,"Campbell, CA",ICC Table Tennis Center,1986,2022-12-21,1698,2024-06-29,ACTIVE,ICC CA State Open,1574.0,1574.0,2013-02-17,
1453,Jia-Yu,Sung,7535,82230,"Campbell, CA",ICC Table Tennis Center,1986,2022-12-21,1698,2024-06-29,ACTIVE,ICC California State Open,897.0,1029.0,2012-05-27,
1453,Jia-Yu,Sung,7535,82230,"Campbell, CA",ICC Table Tennis Center,1986,2022-12-21,1698,2024-06-29,ACTIVE,ICC California State Open,870.0,897.0,2012-03-18,
1453,Jia-Yu,Sung,7535,82230,"Campbell, CA",ICC Table Tennis Center,1986,2022-12-21,1698,2024-06-29,ACTIVE,ICC CA State Open,584.0,684.0,2011-06-05,
1453,Jia-Yu,Sung,7535,82230,"Campbell, CA",ICC Table Tennis Center,1986,2022-12-21,1698,2024-06-29,ACTIVE,ICC CA State Open,479.0,584.0,2011-03-20,
1453,Jia-Yu,Sung,7535,82230,"Campbell, CA",ICC Table Tennis Center,1986,2022-12-21,1698,2024-06-29,ACTIVE,ICC CA State Open,377.0,373.0,2010-12-05,
1453,Jia-Yu,Sung,7535,82230,"Campbell, CA",ICC Table Tennis Center,1986,2022-12-21,1698,2024-06-29,ACTIVE,ICC CA State Open,46.0,89.0,2010-05-02,
1453,Jia-Yu,Sung,7535,82230,"Campbell, CA",ICC Table Tennis Center,1986,2022-12-21,1698,2024-06-29,ACTIVE,ICC CA State Open,0.0,46.0,2010-02-28,
1459,Aiden,Liang,166517,265517,"San Jose, CA",Super Spin Table Tennis Club,1985,2024-08-04,1910,2024-08-11,ACTIVE,2023 ICC JOOLA Autumn Open,1834.0,1809.0,2023-10-28,2023-10-29
1459,Aiden,Liang,166517,265517,"San Jose, CA",Super Spin Table Tennis Club,1985,2024-08-04,1910,2024-08-11,ACTIVE,ICC JOOLA Fall Open,1625.0,1629.0,2023-08-26,2023-08-27
1459,Aiden,Liang,166517,265517,"San Jose, CA",Super Spin Table Tennis Club,1985,2024-08-04,1910,2024-08-11,ACTIVE,ICC JOOLA Summer Open,1513.0,1523.0,2023-05-06,2023-05-07
1459,Aiden,Liang,166517,265517,"San Jose, CA",Super Spin Table Tennis Club,1985,2024-08-04,1910,2024-08-11,ACTIVE,ICC JOOLA Spring Open,1156.0,1339.0,2023-03-04,2023-03-05
1459,Aiden,Liang,166517,265517,"San Jose, CA",Super Spin Table Tennis Club,1985,2024-08-04,1910,2024-08-11,ACTIVE,ICC JOOLA Autumn Open,894.0,893.0,2022-10-15,2022-10-16
1464,Raymond,Yip,54768,22026,"Milpitas, CA",,1984,2018-03-02,1986,2024-01-18,ACTIVE,ICC Butterfly California State Open,1965.0,1988.0,2016-12-02,2016-12-04
1464,Raymond,Yip,54768,22026,"Milpitas, CA",,1984,2018-03-02,1986,2024-01-18,ACTIVE,ICC STIGA California Open,1978.0,1970.0,2015-12-06,
1464,Raymond,Yip,54768,22026,"Milpitas, CA",,1984,2018-03-02,1986,2024-01-18,ACTIVE,ICC STIGA California Open,1966.0,1978.0,2015-05-03,
1464,Raymond,Yip,54768,22026,"Milpitas, CA",,1984,2018-03-02,1986,2024-01-18,ACTIVE,ICC CA State Open,1886.0,1966.0,2013-12-08,
1464,Raymond,Yip,54768,22026,"Milpitas, CA",,1984,2018-03-02,1986,2024-01-18,ACTIVE,ICC CA State Open,1886.0,1888.0,2013-02-17,
1464,Raymond,Yip,54768,22026,"Milpitas, CA",,1984,2018-03-02,1986,2024-01-18,ACTIVE,ICC California State Open,1885.0,1886.0,2012-12-09,
1464,Raymond,Yip,54768,22026,"Milpitas, CA",,1984,2018-03-02,1986,2024-01-18,ACTIVE,ICC California State Open,1891.0,1885.0,2012-05-27,
1464,Raymond,Yip,54768,22026,"Milpitas, CA",,1984,2018-03-02,1986,2024-01-18,ACTIVE,ICC CA State Open,1891.0,1876.0,2011-12-04,
1464,Raymond,Yip,54768,22026,"Milpitas, CA",,1984,2018-03-02,1986,2024-01-18,ACTIVE,ICC CA State Open,1917.0,1922.0,2011-06-05,
1464,Raymond,Yip,54768,22026,"Milpitas, CA",,1984,2018-03-02,1986,2024-01-18,ACTIVE,ICC CA State Open,1926.0,1917.0,2011-03-20,
1464,Raymond,Yip,54768,22026,"Milpitas, CA",,1984,2018-03-02,1986,2024-01-18,ACTIVE,ICC CA State Open,1926.0,1926.0,2010-12-05,
1464,Raymond,Yip,54768,22026,"Milpitas, CA",,1984,2018-03-02,1986,2024-01-18,ACTIVE,ICC California State Open,1741.0,1744.0,2009-05-10,
1464,Raymond,Yip,54768,22026,"Milpitas, CA",,1984,2018-03-02,1986,2024-01-18,ACTIVE,ICC California State Open,1733.0,1741.0,2009-03-01,
1472,Nolan,Yu,121190,220190,"San Jose, CA",Super Spin Table Tennis Club,1982,2023-08-27,1887,2022-08-13,ACTIVE,ICC JOOLA Fall Open,2008.0,1982.0,2023-08-26,2023-08-27
1472,Nolan,Yu,121190,220190,"San Jose, CA",Super Spin Table Tennis Club,1982,2023-08-27,1887,2022-08-13,ACTIVE,ICC JOOLA Summer Open,1853.0,1869.0,2022-05-14,2022-05-15
1472,Nolan,Yu,121190,220190,"San Jose, CA",Super Spin Table Tennis Club,1982,2023-08-27,1887,2022-08-13,ACTIVE,ICC JOOLA Winter Open 2021,1987.0,1930.0,2021-11-13,2021-11-14
1472,Nolan,Yu,121190,220190,"San Jose, CA",Super Spin Table Tennis Club,1982,2023-08-27,1887,2022-08-13,ACTIVE,ICC JOOLA Fall Open 2021,2022.0,2010.0,2021-08-28,2021-08-29
1472,Nolan,Yu,121190,220190,"San Jose, CA",Super Spin Table Tennis Club,1982,2023-08-27,1887,2022-08-13,ACTIVE,ICC JOOLA SUMMER OPEN- 2021,2010.0,1990.0,2021-05-29,2021-05-30
1472,Nolan,Yu,121190,220190,"San Jose, CA",Super Spin Table Tennis Club,1982,2023-08-27,1887,2022-08-13,ACTIVE,ICC Joola Fall Open 2020,2010.0,2010.0,2020-10-10,2020-10-11
1472,Nolan,Yu,121190,220190,"San Jose, CA",Super Spin Table Tennis Club,1982,2023-08-27,1887,2022-08-13,ACTIVE,ICC JOOLA Spring Open 2020,1966.0,2010.0,2020-03-07,2020-03-08
1472,Nolan,Yu,121190,220190,"San Jose, CA",Super Spin Table Tennis Club,1982,2023-08-27,1887,2022-08-13,ACTIVE,ICC JOOLA Winter Open,1921.0,1940.0,2019-11-08,2019-11-10
1472,Nolan,Yu,121190,220190,"San Jose, CA",Super Spin Table Tennis Club,1982,2023-08-27,1887,2022-08-13,ACTIVE,ICC JOOLA Fall Open,1900.0,1877.0,2019-09-08,2019-09-08
1472,Nolan,Yu,121190,220190,"San Jose, CA",Super Spin Table Tennis Club,1982,2023-08-27,1887,2022-08-13,ACTIVE,ICC Joola Spring Open,1737.0,1704.0,2019-05-12,2019-05-12
1472,Nolan,Yu,121190,220190,"San Jose, CA",Super Spin Table Tennis Club,1982,2023-08-27,1887,2022-08-13,ACTIVE,ICC Butterfly Winter Open,1850.0,1819.0,2019-02-24,2019-02-24
1472,Nolan,Yu,121190,220190,"San Jose, CA",Super Spin Table Tennis Club,1982,2023-08-27,1887,2022-08-13,ACTIVE,2018 ICC Butterfly America Open,1645.0,1647.0,2018-12-07,2018-12-09
1476,Dylan Joshua,Ley,102930,98041,"Frisco, TX",Learning Tree Table Tennis Club,1981,2024-08-24,1832,2023-05-26,ACTIVE,ICC JOOLA Fall Open 2021,1894.0,1840.0,2021-08-28,2021-08-29
1476,Dylan Joshua,Ley,102930,98041,"Frisco, TX",Learning Tree Table Tennis Club,1981,2024-08-24,1832,2023-05-26,ACTIVE,ICC Joola Fall Open 2020,1826.0,1823.0,2020-10-10,2020-10-11
1479,Shloak,Hiremani,171305,270305,"Fremont, CA",ICC Table Tennis Center,1980,2024-09-02,1814,2024-08-17,ACTIVE,2024 ICC JOOLA Fall OPEN,2026.0,2029.0,2024-08-24,2024-08-25
1479,Shloak,Hiremani,171305,270305,"Fremont, CA",ICC Table Tennis Center,1980,2024-09-02,1814,2024-08-17,ACTIVE,2024 ICC JOOLA Spring OPEN,1911.0,1904.0,2024-03-02,2024-03-03
1479,Shloak,Hiremani,171305,270305,"Fremont, CA",ICC Table Tennis Center,1980,2024-09-02,1814,2024-08-17,ACTIVE,2023 ICC JOOLA Autumn Open,1937.0,1884.0,2023-10-28,2023-10-29
1479,Shloak,Hiremani,171305,270305,"Fremont, CA",ICC Table Tennis Center,1980,2024-09-02,1814,2024-08-17,ACTIVE,ICC JOOLA Fall Open,1868.0,1810.0,2023-08-26,2023-08-27
1479,Shloak,Hiremani,171305,270305,"Fremont, CA",ICC Table Tennis Center,1980,2024-09-02,1814,2024-08-17,ACTIVE,ICC JOOLA Summer Open,1602.0,1580.0,2023-05-06,2023-05-07
1479,Shloak,Hiremani,171305,270305,"Fremont, CA",ICC Table Tennis Center,1980,2024-09-02,1814,2024-08-17,ACTIVE,ICC JOOLA Spring Open,1598.0,1559.0,2023-03-04,2023-03-05
1479,Shloak,Hiremani,171305,270305,"Fremont, CA",ICC Table Tennis Center,1980,2024-09-02,1814,2024-08-17,ACTIVE,ICC JOOLA Winter Open,1696.0,1635.0,2022-12-03,2022-12-04
1479,Shloak,Hiremani,171305,270305,"Fremont, CA",ICC Table Tennis Center,1980,2024-09-02,1814,2024-08-17,ACTIVE,ICC JOOLA Autumn Open,1500.0,1487.0,2022-10-15,2022-10-16
1479,Shloak,Hiremani,171305,270305,"Fremont, CA",ICC Table Tennis Center,1980,2024-09-02,1814,2024-08-17,ACTIVE,ICC JOOLA Fall Open,1539.0,1464.0,2022-09-10,2022-09-11
1479,Shloak,Hiremani,171305,270305,"Fremont, CA",ICC Table Tennis Center,1980,2024-09-02,1814,2024-08-17,ACTIVE,ICC JOOLA Summer Open,731.0,760.0,2022-05-14,2022-05-15
1479,Shloak,Hiremani,171305,270305,"Fremont, CA",ICC Table Tennis Center,1980,2024-09-02,1814,2024-08-17,ACTIVE,ICC JOOLA Spring Open 2022,445.0,548.0,2022-03-19,2022-03-20
1479,Shloak,Hiremani,171305,270305,"Fremont, CA",ICC Table Tennis Center,1980,2024-09-02,1814,2024-08-17,ACTIVE,ICC JOOLA Winter Open 2021,213.0,413.0,2021-11-13,2021-11-14
1479,Shloak,Hiremani,171305,270305,"Fremont, CA",ICC Table Tennis Center,1980,2024-09-02,1814,2024-08-17,ACTIVE,ICC JOOLA Fall Open 2021,82.0,121.0,2021-08-28,2021-08-29
1479,Shloak,Hiremani,171305,270305,"Fremont, CA",ICC Table Tennis Center,1980,2024-09-02,1814,2024-08-17,ACTIVE,ICC JOOLA SUMMER OPEN- 2021,0.0,91.0,2021-05-29,2021-05-30
1480,Ahan,Beniwal,172883,271883,"Redmond, WA",888 Table Tennis Center,1979,2024-07-07,2063,2024-07-20,ACTIVE,2024 ICC JOOLA Summer OPEN,2031.0,1989.0,2024-05-04,2024-05-05
1483,Tom,Ruan,43634,14167,"San Jose, CA",,1979,2024-06-02,1928,2024-07-19,ACTIVE,2024 ICC JOOLA Summer OPEN,2029.0,2009.0,2024-05-04,2024-05-05
1483,Tom,Ruan,43634,14167,"San Jose, CA",,1979,2024-06-02,1928,2024-07-19,ACTIVE,2023 ICC JOOLA Autumn Open,2040.0,2029.0,2023-10-28,2023-10-29
1483,Tom,Ruan,43634,14167,"San Jose, CA",,1979,2024-06-02,1928,2024-07-19,ACTIVE,ICC JOOLA Winter Open 2021,1943.0,1987.0,2021-11-13,2021-11-14
1483,Tom,Ruan,43634,14167,"San Jose, CA",,1979,2024-06-02,1928,2024-07-19,ACTIVE,ICC California State Open,1947.0,1943.0,2012-05-27,
1483,Tom,Ruan,43634,14167,"San Jose, CA",,1979,2024-06-02,1928,2024-07-19,ACTIVE,ICC CA State Open,2040.0,1980.0,2011-06-05,
1483,Tom,Ruan,43634,14167,"San Jose, CA",,1979,2024-06-02,1928,2024-07-19,ACTIVE,ICC CA State Open,2059.0,2062.0,2011-03-20,
1483,Tom,Ruan,43634,14167,"San Jose, CA",,1979,2024-06-02,1928,2024-07-19,ACTIVE,ICC CA State Open,1915.0,1895.0,2010-12-05,
1492,Noah,Clark,1378,81273,"Lahaina, HI",,1977,2023-12-21,1787,2012-06-13,ACTIVE,ICC California State Open,1862.0,1834.0,2014-12-07,
1501,Rita,Jain,124583,223583,Milpitas,,1976,2022-12-21,1770,2022-11-19,ACTIVE,ICC JOOLA Winter Open,1990.0,1974.0,2022-12-03,2022-12-04
1501,Rita,Jain,124583,223583,Milpitas,,1976,2022-12-21,1770,2022-11-19,ACTIVE,ICC JOOLA Autumn Open,2090.0,2070.0,2022-10-15,2022-10-16
1503,Jose,Antony,95460,194460,"San Jose, CA",Swan Ping Pong,1975,2024-09-02,1900,2024-08-18,ACTIVE,2024 ICC JOOLA Fall OPEN,2014.0,2012.0,2024-08-24,2024-08-25
1503,Jose,Antony,95460,194460,"San Jose, CA",Swan Ping Pong,1975,2024-09-02,1900,2024-08-18,ACTIVE,2024 ICC JOOLA Summer OPEN,1852.0,1852.0,2024-05-04,2024-05-05
1503,Jose,Antony,95460,194460,"San Jose, CA",Swan Ping Pong,1975,2024-09-02,1900,2024-08-18,ACTIVE,2024 ICC JOOLA Spring OPEN,1885.0,1896.0,2024-03-02,2024-03-03
1503,Jose,Antony,95460,194460,"San Jose, CA",Swan Ping Pong,1975,2024-09-02,1900,2024-08-18,ACTIVE,ICC JOOLA Winter Open,1947.0,1930.0,2022-12-03,2022-12-04
1524,Emma,Dong,171855,1171855,"Fremont, CA",(TTA) Table Tennis America,1970,2024-03-03,1830,2024-03-03,ACTIVE,2024 ICC JOOLA Spring OPEN,1978.0,1970.0,2024-03-02,2024-03-03
1524,Emma,Dong,171855,1171855,"Fremont, CA",(TTA) Table Tennis America,1970,2024-03-03,1830,2024-03-03,ACTIVE,ICC JOOLA Fall Open,1963.0,2010.0,2023-08-26,2023-08-27
1524,Emma,Dong,171855,1171855,"Fremont, CA",(TTA) Table Tennis America,1970,2024-03-03,1830,2024-03-03,ACTIVE,ICC JOOLA Summer Open,1966.0,1961.0,2023-05-06,2023-05-07
1524,Emma,Dong,171855,1171855,"Fremont, CA",(TTA) Table Tennis America,1970,2024-03-03,1830,2024-03-03,ACTIVE,ICC JOOLA Winter Open,1762.0,1753.0,2022-12-03,2022-12-04
1524,Emma,Dong,171855,1171855,"Fremont, CA",(TTA) Table Tennis America,1970,2024-03-03,1830,2024-03-03,ACTIVE,ICC JOOLA Fall Open,1542.0,1799.0,2022-09-10,2022-09-11
1524,Emma,Dong,171855,1171855,"Fremont, CA",(TTA) Table Tennis America,1970,2024-03-03,1830,2024-03-03,ACTIVE,ICC JOOLA Summer Open,983.0,1027.0,2022-05-14,2022-05-15
1524,Emma,Dong,171855,1171855,"Fremont, CA",(TTA) Table Tennis America,1970,2024-03-03,1830,2024-03-03,ACTIVE,ICC JOOLA Spring Open 2022,520.0,610.0,2022-03-19,2022-03-20
1524,Emma,Dong,171855,1171855,"Fremont, CA",(TTA) Table Tennis America,1970,2024-03-03,1830,2024-03-03,ACTIVE,ICC JOOLA Winter Open 2021,566.0,520.0,2021-11-13,2021-11-14
1524,Emma,Dong,171855,1171855,"Fremont, CA",(TTA) Table Tennis America,1970,2024-03-03,1830,2024-03-03,ACTIVE,ICC JOOLA Fall Open 2021,658.0,566.0,2021-08-28,2021-08-29
1525,Khanh,Le,4185,88396,"Sunnyvale, CA","The Top Spin, LLC",1970,2018-03-02,0,,ACTIVE,ICC STIGA California Open,2051.0,2000.0,2015-05-03,
1525,Khanh,Le,4185,88396,"Sunnyvale, CA","The Top Spin, LLC",1970,2018-03-02,0,,ACTIVE,ICC California State Open,0.0,2020.0,2012-05-27,
1532,Ronald,Arellano,232,74523,"Fullerton Ca, CA",Grace Lin TTC,1968,2018-03-02,2081,2013-06-21,ACTIVE,ICC CA State Open,2093.0,2110.0,2011-12-04,
1537,Rishikumar,Gopalan,2557,87728,"Fremont, CA",,1967,2024-04-20,1948,2019-08-03,ACTIVE,ICC Butterfly Winter Open,2034.0,2037.0,2019-02-24,2019-02-24
1537,Rishikumar,Gopalan,2557,87728,"Fremont, CA",,1967,2024-04-20,1948,2019-08-03,ACTIVE,2018 ICC Butterfly America Open,2099.0,2034.0,2018-12-07,2018-12-09
1537,Rishikumar,Gopalan,2557,87728,"Fremont, CA",,1967,2024-04-20,1948,2019-08-03,ACTIVE,ICC Butterfly America Open - 2018,2062.0,2180.0,2018-05-06,2018-05-06
1537,Rishikumar,Gopalan,2557,87728,"Fremont, CA",,1967,2024-04-20,1948,2019-08-03,ACTIVE,ICC Butterfly California State Open,1996.0,1926.0,2016-12-02,2016-12-04
1537,Rishikumar,Gopalan,2557,87728,"Fremont, CA",,1967,2024-04-20,1948,2019-08-03,ACTIVE,ICC STIGA California Open,2001.0,2025.0,2015-12-06,
1537,Rishikumar,Gopalan,2557,87728,"Fremont, CA",,1967,2024-04-20,1948,2019-08-03,ACTIVE,ICC STIGA California Open,2024.0,2004.0,2015-05-03,
1537,Rishikumar,Gopalan,2557,87728,"Fremont, CA",,1967,2024-04-20,1948,2019-08-03,ACTIVE,ICC California State Open,1791.0,1821.0,2014-12-07,
1537,Rishikumar,Gopalan,2557,87728,"Fremont, CA",,1967,2024-04-20,1948,2019-08-03,ACTIVE,ICC CA State Open,1113.0,1133.0,2013-05-19,
1537,Rishikumar,Gopalan,2557,87728,"Fremont, CA",,1967,2024-04-20,1948,2019-08-03,ACTIVE,ICC California State Open,978.0,853.0,2012-12-09,
1538,Winnie,Yeung,8860,96338,"Sunnyvale, CA",(TTA) Table Tennis America,1966,2024-01-27,1785,2024-05-19,ACTIVE,2023 ICC JOOLA Winter Open,1868.0,1864.0,2023-12-02,2023-12-03
1538,Winnie,Yeung,8860,96338,"Sunnyvale, CA",(TTA) Table Tennis America,1966,2024-01-27,1785,2024-05-19,ACTIVE,ICC JOOLA Spring Open 2020,1961.0,1931.0,2020-03-07,2020-03-08
1540,Daniel,Bruno,798,34526,"Oakland, CA",Alameda Table Tennis Club (ATTC),1965,2018-03-02,1800,2016-01-30,ACTIVE,ICC California State Open,1892.0,1834.0,2012-12-09,
1540,Daniel,Bruno,798,34526,"Oakland, CA",Alameda Table Tennis Club (ATTC),1965,2018-03-02,1800,2016-01-30,ACTIVE,ICC CA State Open,1894.0,1872.0,2011-12-04,
1540,Daniel,Bruno,798,34526,"Oakland, CA",Alameda Table Tennis Club (ATTC),1965,2018-03-02,1800,2016-01-30,ACTIVE,ICC CA State Open,1759.0,1755.0,2011-06-05,
1540,Daniel,Bruno,798,34526,"Oakland, CA",Alameda Table Tennis Club (ATTC),1965,2018-03-02,1800,2016-01-30,ACTIVE,ICC CA State Open,1792.0,1771.0,2010-12-05,
1540,Daniel,Bruno,798,34526,"Oakland, CA",Alameda Table Tennis Club (ATTC),1965,2018-03-02,1800,2016-01-30,ACTIVE,ICC CA State Open,1852.0,1774.0,2010-05-02,
1540,Daniel,Bruno,798,34526,"Oakland, CA",Alameda Table Tennis Club (ATTC),1965,2018-03-02,1800,2016-01-30,ACTIVE,ICC CA State Open,1813.0,1852.0,2010-02-28,
1541,David,Chu,1326,4872,"Santa Clara, CA",Westside Advance Table Tennis (WSATT),1965,2023-12-21,1841,2023-09-23,ACTIVE,ICC California State Open,2025.0,1984.0,2014-12-07,
1541,David,Chu,1326,4872,"Santa Clara, CA",Westside Advance Table Tennis (WSATT),1965,2023-12-21,1841,2023-09-23,ACTIVE,ICC California State Open,2042.0,2045.0,2012-05-27,
1541,David,Chu,1326,4872,"Santa Clara, CA",Westside Advance Table Tennis (WSATT),1965,2023-12-21,1841,2023-09-23,ACTIVE,ICC California State Open,2039.0,2042.0,2012-03-18,
1541,David,Chu,1326,4872,"Santa Clara, CA",Westside Advance Table Tennis (WSATT),1965,2023-12-21,1841,2023-09-23,ACTIVE,ICC CA State Open,2016.0,2039.0,2011-06-05,
1541,David,Chu,1326,4872,"Santa Clara, CA",Westside Advance Table Tennis (WSATT),1965,2023-12-21,1841,2023-09-23,ACTIVE,ICC CA State Open,2009.0,2035.0,2010-12-05,
1541,David,Chu,1326,4872,"Santa Clara, CA",Westside Advance Table Tennis (WSATT),1965,2023-12-21,1841,2023-09-23,ACTIVE,ICC CA State Open,1915.0,2009.0,2010-05-02,
1541,David,Chu,1326,4872,"Santa Clara, CA",Westside Advance Table Tennis (WSATT),1965,2023-12-21,1841,2023-09-23,ACTIVE,ICC CA State Open,2025.0,1915.0,2010-02-28,
1541,David,Chu,1326,4872,"Santa Clara, CA",Westside Advance Table Tennis (WSATT),1965,2023-12-21,1841,2023-09-23,ACTIVE,ICC California State Open,2031.0,2019.0,2009-12-06,
1541,David,Chu,1326,4872,"Santa Clara, CA",Westside Advance Table Tennis (WSATT),1965,2023-12-21,1841,2023-09-23,ACTIVE,ICC California State Open,2007.0,2031.0,2009-03-01,
1547,Alton,Zhao,174085,273085,"san ramon, CA",(TTA) Table Tennis America,1964,2024-09-02,1871,2024-09-07,ACTIVE,2024 ICC JOOLA Fall OPEN,1967.0,1967.0,2024-08-24,2024-08-25
1547,Alton,Zhao,174085,273085,"san ramon, CA",(TTA) Table Tennis America,1964,2024-09-02,1871,2024-09-07,ACTIVE,2024 ICC JOOLA Summer OPEN,1732.0,1888.0,2024-05-04,2024-05-05
1547,Alton,Zhao,174085,273085,"san ramon, CA",(TTA) Table Tennis America,1964,2024-09-02,1871,2024-09-07,ACTIVE,2024 ICC JOOLA Spring OPEN,1738.0,1732.0,2024-03-02,2024-03-03
1547,Alton,Zhao,174085,273085,"san ramon, CA",(TTA) Table Tennis America,1964,2024-09-02,1871,2024-09-07,ACTIVE,2023 ICC JOOLA Autumn Open,1627.0,1653.0,2023-10-28,2023-10-29
1547,Alton,Zhao,174085,273085,"san ramon, CA",(TTA) Table Tennis America,1964,2024-09-02,1871,2024-09-07,ACTIVE,ICC JOOLA Summer Open,1465.0,1447.0,2023-05-06,2023-05-07
1547,Alton,Zhao,174085,273085,"san ramon, CA",(TTA) Table Tennis America,1964,2024-09-02,1871,2024-09-07,ACTIVE,ICC JOOLA Spring Open,1336.0,1441.0,2023-03-04,2023-03-05
1547,Alton,Zhao,174085,273085,"san ramon, CA",(TTA) Table Tennis America,1964,2024-09-02,1871,2024-09-07,ACTIVE,ICC JOOLA Fall Open,625.0,875.0,2022-09-10,2022-09-11
1547,Alton,Zhao,174085,273085,"san ramon, CA",(TTA) Table Tennis America,1964,2024-09-02,1871,2024-09-07,ACTIVE,ICC JOOLA Summer Open,429.0,445.0,2022-05-14,2022-05-15
1561,David,Rudesill,43673,2730,"Lakewood, CO",DenverPong,1961,2024-03-09,1883,2013-09-15,ACTIVE,ICC CA State Open,2000.0,1980.0,2010-05-02,
1562,Xingang,Huang,3236,84304,"San Jose, CA",Swan Ping Pong,1961,2018-03-02,1686,2024-09-01,ACTIVE,ICC California State Open,1943.0,1922.0,2012-12-09,
1562,Xingang,Huang,3236,84304,"San Jose, CA",Swan Ping Pong,1961,2018-03-02,1686,2024-09-01,ACTIVE,ICC CA State Open,1851.0,1938.0,2011-12-04,
1562,Xingang,Huang,3236,84304,"San Jose, CA",Swan Ping Pong,1961,2018-03-02,1686,2024-09-01,ACTIVE,ICC CA State Open,1661.0,1851.0,2011-03-20,
1562,Xingang,Huang,3236,84304,"San Jose, CA",Swan Ping Pong,1961,2018-03-02,1686,2024-09-01,ACTIVE,ICC CA State Open,0.0,1661.0,2010-12-05,
1570,Jerry,Zhang,124480,223480,"Pearland, TX",,1959,2024-07-07,2031,2023-11-04,ACTIVE,ICC Joola Fall Open 2020,1892.0,1891.0,2020-10-10,2020-10-11
1578,Emily,Mo,5332,88984,"Palo Alto, CA",Silicon Valley Table Tennis Club (SVTTC),1958,2018-03-02,1689,2016-08-12,ACTIVE,ICC CA State Open,171.0,179.0,2013-02-17,
1578,Emily,Mo,5332,88984,"Palo Alto, CA",Silicon Valley Table Tennis Club (SVTTC),1958,2018-03-02,1689,2016-08-12,ACTIVE,ICC California State Open,147.0,171.0,2012-12-09,
1607,Shrirang,Krishnaprasad,170745,269745,Sunnyvale,,1953,2024-09-02,1942,2024-09-07,ACTIVE,2024 ICC JOOLA Fall OPEN,1948.0,1939.0,2024-08-24,2024-08-25
1607,Shrirang,Krishnaprasad,170745,269745,Sunnyvale,,1953,2024-09-02,1942,2024-09-07,ACTIVE,2024 ICC JOOLA Summer OPEN,1918.0,1947.0,2024-05-04,2024-05-05
1607,Shrirang,Krishnaprasad,170745,269745,Sunnyvale,,1953,2024-09-02,1942,2024-09-07,ACTIVE,2024 ICC JOOLA Spring OPEN,1922.0,1918.0,2024-03-02,2024-03-03
1607,Shrirang,Krishnaprasad,170745,269745,Sunnyvale,,1953,2024-09-02,1942,2024-09-07,ACTIVE,2023 ICC JOOLA Autumn Open,1904.0,1911.0,2023-10-28,2023-10-29
1607,Shrirang,Krishnaprasad,170745,269745,Sunnyvale,,1953,2024-09-02,1942,2024-09-07,ACTIVE,ICC JOOLA Summer Open,1859.0,1773.0,2023-05-06,2023-05-07
1607,Shrirang,Krishnaprasad,170745,269745,Sunnyvale,,1953,2024-09-02,1942,2024-09-07,ACTIVE,ICC JOOLA Spring Open,1896.0,1861.0,2023-03-04,2023-03-05
1607,Shrirang,Krishnaprasad,170745,269745,Sunnyvale,,1953,2024-09-02,1942,2024-09-07,ACTIVE,ICC JOOLA Winter Open,1758.0,1732.0,2022-12-03,2022-12-04
1607,Shrirang,Krishnaprasad,170745,269745,Sunnyvale,,1953,2024-09-02,1942,2024-09-07,ACTIVE,ICC JOOLA Autumn Open,1765.0,1765.0,2022-10-15,2022-10-16
1607,Shrirang,Krishnaprasad,170745,269745,Sunnyvale,,1953,2024-09-02,1942,2024-09-07,ACTIVE,ICC JOOLA Fall Open,1756.0,1765.0,2022-09-10,2022-09-11
1607,Shrirang,Krishnaprasad,170745,269745,Sunnyvale,,1953,2024-09-02,1942,2024-09-07,ACTIVE,ICC JOOLA Summer Open,1518.0,1508.0,2022-05-14,2022-05-15
1607,Shrirang,Krishnaprasad,170745,269745,Sunnyvale,,1953,2024-09-02,1942,2024-09-07,ACTIVE,ICC JOOLA Spring Open 2022,1264.0,1208.0,2022-03-19,2022-03-20
1607,Shrirang,Krishnaprasad,170745,269745,Sunnyvale,,1953,2024-09-02,1942,2024-09-07,ACTIVE,ICC JOOLA Winter Open 2021,673.0,1071.0,2021-11-13,2021-11-14
1607,Shrirang,Krishnaprasad,170745,269745,Sunnyvale,,1953,2024-09-02,1942,2024-09-07,ACTIVE,ICC JOOLA Fall Open 2021,312.0,420.0,2021-08-28,2021-08-29
1607,Shrirang,Krishnaprasad,170745,269745,Sunnyvale,,1953,2024-09-02,1942,2024-09-07,ACTIVE,ICC JOOLA SUMMER OPEN- 2021,0.0,58.0,2021-05-29,2021-05-30
1622,Tanishq,Dhavali,111327,927185,"Fremont, CA",Fremont Table Tennis Academy,1951,2024-07-07,1758,2024-09-01,ACTIVE,2024 ICC JOOLA Summer OPEN,1869.0,1833.0,2024-05-04,2024-05-05
1622,Tanishq,Dhavali,111327,927185,"Fremont, CA",Fremont Table Tennis Academy,1951,2024-07-07,1758,2024-09-01,ACTIVE,2024 ICC JOOLA Spring OPEN,1918.0,1869.0,2024-03-02,2024-03-03
1622,Tanishq,Dhavali,111327,927185,"Fremont, CA",Fremont Table Tennis Academy,1951,2024-07-07,1758,2024-09-01,ACTIVE,2023 ICC JOOLA Autumn Open,1686.0,1724.0,2023-10-28,2023-10-29
1622,Tanishq,Dhavali,111327,927185,"Fremont, CA",Fremont Table Tennis Academy,1951,2024-07-07,1758,2024-09-01,ACTIVE,ICC JOOLA Fall Open,1716.0,1713.0,2023-08-26,2023-08-27
1622,Tanishq,Dhavali,111327,927185,"Fremont, CA",Fremont Table Tennis Academy,1951,2024-07-07,1758,2024-09-01,ACTIVE,ICC JOOLA Summer Open,1547.0,1651.0,2023-05-06,2023-05-07
1622,Tanishq,Dhavali,111327,927185,"Fremont, CA",Fremont Table Tennis Academy,1951,2024-07-07,1758,2024-09-01,ACTIVE,ICC JOOLA Winter Open,763.0,1134.0,2022-12-03,2022-12-04
1623,Samuel,Goshen,2569,30992,"San Carlos, CA",,1950,2023-12-21,1734,2024-05-18,ACTIVE,ICC California State Open,2025.0,1981.0,2009-05-10,
1639,Arun,Sharma,45489,89832,"Fremont, CA",,1948,2024-09-02,1770,2024-06-29,ACTIVE,2024 ICC JOOLA Fall OPEN,1927.0,1917.0,2024-08-24,2024-08-25
1639,Arun,Sharma,45489,89832,"Fremont, CA",,1948,2024-09-02,1770,2024-06-29,ACTIVE,2024 ICC JOOLA Spring OPEN,1893.0,1899.0,2024-03-02,2024-03-03
1639,Arun,Sharma,45489,89832,"Fremont, CA",,1948,2024-09-02,1770,2024-06-29,ACTIVE,2023 ICC JOOLA Autumn Open,1920.0,1932.0,2023-10-28,2023-10-29
1639,Arun,Sharma,45489,89832,"Fremont, CA",,1948,2024-09-02,1770,2024-06-29,ACTIVE,ICC JOOLA Fall Open,1974.0,1959.0,2023-08-26,2023-08-27
1639,Arun,Sharma,45489,89832,"Fremont, CA",,1948,2024-09-02,1770,2024-06-29,ACTIVE,ICC JOOLA Winter Open,1796.0,1895.0,2022-12-03,2022-12-04
1639,Arun,Sharma,45489,89832,"Fremont, CA",,1948,2024-09-02,1770,2024-06-29,ACTIVE,ICC JOOLA Autumn Open,1878.0,1845.0,2022-10-15,2022-10-16
1639,Arun,Sharma,45489,89832,"Fremont, CA",,1948,2024-09-02,1770,2024-06-29,ACTIVE,ICC JOOLA Fall Open,1897.0,1896.0,2022-09-10,2022-09-11
1639,Arun,Sharma,45489,89832,"Fremont, CA",,1948,2024-09-02,1770,2024-06-29,ACTIVE,ICC JOOLA Summer Open,1858.0,1832.0,2022-05-14,2022-05-15
1639,Arun,Sharma,45489,89832,"Fremont, CA",,1948,2024-09-02,1770,2024-06-29,ACTIVE,ICC JOOLA Spring Open 2022,1884.0,1886.0,2022-03-19,2022-03-20
1639,Arun,Sharma,45489,89832,"Fremont, CA",,1948,2024-09-02,1770,2024-06-29,ACTIVE,ICC Butterfly Winter Open,1944.0,1924.0,2019-02-24,2019-02-24
1639,Arun,Sharma,45489,89832,"Fremont, CA",,1948,2024-09-02,1770,2024-06-29,ACTIVE,2018 ICC Butterfly America Open,1960.0,1959.0,2018-12-07,2018-12-09
1639,Arun,Sharma,45489,89832,"Fremont, CA",,1948,2024-09-02,1770,2024-06-29,ACTIVE,ICC Butterfly America Open - 2018,1941.0,1908.0,2018-05-06,2018-05-06
1639,Arun,Sharma,45489,89832,"Fremont, CA",,1948,2024-09-02,1770,2024-06-29,ACTIVE,ICC STIGA California Open,1792.0,1750.0,2015-12-06,
1639,Arun,Sharma,45489,89832,"Fremont, CA",,1948,2024-09-02,1770,2024-06-29,ACTIVE,ICC California State Open,1853.0,1812.0,2014-12-07,
1639,Arun,Sharma,45489,89832,"Fremont, CA",,1948,2024-09-02,1770,2024-06-29,ACTIVE,ICC CA State Open,1854.0,1896.0,2013-12-08,
1639,Arun,Sharma,45489,89832,"Fremont, CA",,1948,2024-09-02,1770,2024-06-29,ACTIVE,ICC CA State Open,1804.0,1809.0,2013-05-19,
1639,Arun,Sharma,45489,89832,"Fremont, CA",,1948,2024-09-02,1770,2024-06-29,ACTIVE,ICC CA State Open,1858.0,1804.0,2013-02-17,
1639,Arun,Sharma,45489,89832,"Fremont, CA",,1948,2024-09-02,1770,2024-06-29,ACTIVE,ICC California State Open,0.0,1858.0,2012-12-09,
1644,Da Liang,Feng,102937,97956,"Pleasanton, CA",,1946,2021-12-22,2091,2022-08-06,ACTIVE,ICC JOOLA Winter Open 2021,1921.0,1947.0,2021-11-13,2021-11-14
1644,Da Liang,Feng,102937,97956,"Pleasanton, CA",,1946,2021-12-22,2091,2022-08-06,ACTIVE,2018 ICC Butterfly America Open,1955.0,1921.0,2018-12-07,2018-12-09
1646,Michael,Levin,115419,214419,"Palo alto, CA",888 Table Tennis Center,1946,2024-03-17,1837,2024-05-19,ACTIVE,2024 ICC JOOLA Spring OPEN,1951.0,1941.0,2024-03-02,2024-03-03
1646,Michael,Levin,115419,214419,"Palo alto, CA",888 Table Tennis Center,1946,2024-03-17,1837,2024-05-19,ACTIVE,ICC JOOLA Spring Open,1945.0,1941.0,2023-03-04,2023-03-05
1646,Michael,Levin,115419,214419,"Palo alto, CA",888 Table Tennis Center,1946,2024-03-17,1837,2024-05-19,ACTIVE,ICC JOOLA Autumn Open,1946.0,1945.0,2022-10-15,2022-10-16
1646,Michael,Levin,115419,214419,"Palo alto, CA",888 Table Tennis Center,1946,2024-03-17,1837,2024-05-19,ACTIVE,T2 CHALLENGE SEASON 2 SELECTION TRIALS AT ICC,2011.0,2009.0,2020-11-26,2020-11-27
1646,Michael,Levin,115419,214419,"Palo alto, CA",888 Table Tennis Center,1946,2024-03-17,1837,2024-05-19,ACTIVE,ICC Joola Fall Open 2020,1998.0,2011.0,2020-10-10,2020-10-11
1646,Michael,Levin,115419,214419,"Palo alto, CA",888 Table Tennis Center,1946,2024-03-17,1837,2024-05-19,ACTIVE,ICC JOOLA Spring Open 2020,2007.0,1998.0,2020-03-07,2020-03-08
1646,Michael,Levin,115419,214419,"Palo alto, CA",888 Table Tennis Center,1946,2024-03-17,1837,2024-05-19,ACTIVE,ICC JOOLA Winter Open,1852.0,1897.0,2019-11-08,2019-11-10
1646,Michael,Levin,115419,214419,"Palo alto, CA",888 Table Tennis Center,1946,2024-03-17,1837,2024-05-19,ACTIVE,ICC Joola Spring Open,1827.0,1792.0,2019-05-12,2019-05-12
1646,Michael,Levin,115419,214419,"Palo alto, CA",888 Table Tennis Center,1946,2024-03-17,1837,2024-05-19,ACTIVE,ICC Butterfly Winter Open,1895.0,1895.0,2019-02-24,2019-02-24
1646,Michael,Levin,115419,214419,"Palo alto, CA",888 Table Tennis Center,1946,2024-03-17,1837,2024-05-19,ACTIVE,2018 ICC Butterfly America Open,1817.0,1743.0,2018-12-07,2018-12-09
1646,Michael,Levin,115419,214419,"Palo alto, CA",888 Table Tennis Center,1946,2024-03-17,1837,2024-05-19,ACTIVE,ICC Butterfly America Open - 2018,1892.0,1888.0,2018-05-06,2018-05-06
1646,Michael,Levin,115419,214419,"Palo alto, CA",888 Table Tennis Center,1946,2024-03-17,1837,2024-05-19,ACTIVE,ICC Butterfly California State Open,1462.0,1806.0,2016-12-02,2016-12-04
1652,Bryson,Liu,118073,217073,"Riverside, CA",,1945,2024-08-04,1848,2023-05-12,ACTIVE,ICC JOOLA Fall Open 2021,1816.0,1952.0,2021-08-28,2021-08-29
1652,Bryson,Liu,118073,217073,"Riverside, CA",,1945,2024-08-04,1848,2023-05-12,ACTIVE,ICC Joola Fall Open 2020,1491.0,1515.0,2020-10-10,2020-10-11
1663,Qing,Chai,97751,196751,"Redwood City, CA",,1944,2024-01-27,1943,2024-01-24,ACTIVE,ICC Butterfly Winter Open,1447.0,1434.0,2019-02-24,2019-02-24
1663,Qing,Chai,97751,196751,"Redwood City, CA",,1944,2024-01-27,1943,2024-01-24,ACTIVE,2018 ICC Butterfly America Open,1448.0,1447.0,2018-12-07,2018-12-09
1663,Qing,Chai,97751,196751,"Redwood City, CA",,1944,2024-01-27,1943,2024-01-24,ACTIVE,ICC Butterfly California State Open,787.0,753.0,2016-12-02,2016-12-04
1668,Wai M.,Wong,8570,45824,"Santa Clara, CA",N,1943,2024-07-07,1952,2024-07-19,ACTIVE,ICC Butterfly Winter Open,1907.0,1913.0,2019-02-24,2019-02-24
1668,Wai M.,Wong,8570,45824,"Santa Clara, CA",N,1943,2024-07-07,1952,2024-07-19,ACTIVE,2018 ICC Butterfly America Open,1889.0,1907.0,2018-12-07,2018-12-09
1668,Wai M.,Wong,8570,45824,"Santa Clara, CA",N,1943,2024-07-07,1952,2024-07-19,ACTIVE,ICC Butterfly America Open - 2018,2026.0,1950.0,2018-05-06,2018-05-06
1668,Wai M.,Wong,8570,45824,"Santa Clara, CA",N,1943,2024-07-07,1952,2024-07-19,ACTIVE,ICC STIGA California Open,2130.0,2029.0,2015-12-06,
1668,Wai M.,Wong,8570,45824,"Santa Clara, CA",N,1943,2024-07-07,1952,2024-07-19,ACTIVE,ICC STIGA California Open,2106.0,2113.0,2015-05-03,
1668,Wai M.,Wong,8570,45824,"Santa Clara, CA",N,1943,2024-07-07,1952,2024-07-19,ACTIVE,ICC California State Open,2165.0,2124.0,2014-12-07,
1668,Wai M.,Wong,8570,45824,"Santa Clara, CA",N,1943,2024-07-07,1952,2024-07-19,ACTIVE,ICC California State Open,2121.0,2149.0,2014-04-06,
1668,Wai M.,Wong,8570,45824,"Santa Clara, CA",N,1943,2024-07-07,1952,2024-07-19,ACTIVE,ICC CA State Open,2050.0,2098.0,2013-12-08,
1668,Wai M.,Wong,8570,45824,"Santa Clara, CA",N,1943,2024-07-07,1952,2024-07-19,ACTIVE,ICC California State Open,2089.0,2073.0,2012-12-09,
1668,Wai M.,Wong,8570,45824,"Santa Clara, CA",N,1943,2024-07-07,1952,2024-07-19,ACTIVE,ICC CA State Open,2040.0,1987.0,2011-12-04,
1668,Wai M.,Wong,8570,45824,"Santa Clara, CA",N,1943,2024-07-07,1952,2024-07-19,ACTIVE,ICC CA State Open,2016.0,2025.0,2011-06-05,
1668,Wai M.,Wong,8570,45824,"Santa Clara, CA",N,1943,2024-07-07,1952,2024-07-19,ACTIVE,ICC CA State Open,1969.0,2004.0,2010-05-02,
1668,Wai M.,Wong,8570,45824,"Santa Clara, CA",N,1943,2024-07-07,1952,2024-07-19,ACTIVE,ICC California State Open,1903.0,1868.0,2008-12-06,
1683,Alexander,Winkler,182369,1182369,,,1939,2024-07-28,0,,ACTIVE,2024 ICC JOOLA Summer OPEN,1897.0,1906.0,2024-05-04,2024-05-05
1683,Alexander,Winkler,182369,1182369,,,1939,2024-07-28,0,,ACTIVE,2023 ICC JOOLA Autumn Open,0.0,1917.0,2023-10-28,2023-10-29
1696,Orlando,Yang,110595,926452,"Fremont, CA",,1936,2022-07-07,1840,2022-09-18,ACTIVE,ICC JOOLA Winter Open 2021,1783.0,1768.0,2021-11-13,2021-11-14
1696,Orlando,Yang,110595,926452,"Fremont, CA",,1936,2022-07-07,1840,2022-09-18,ACTIVE,ICC JOOLA Spring Open 2020,1374.0,1358.0,2020-03-07,2020-03-08
1696,Orlando,Yang,110595,926452,"Fremont, CA",,1936,2022-07-07,1840,2022-09-18,ACTIVE,ICC Joola Spring Open,993.0,848.0,2019-05-12,2019-05-12
1696,Orlando,Yang,110595,926452,"Fremont, CA",,1936,2022-07-07,1840,2022-09-18,ACTIVE,ICC Butterfly Winter Open,869.0,861.0,2019-02-24,2019-02-24
1703,Wen,Huang,26153,70317,"San Jose, CA",,1935,2018-03-02,2020,2022-12-04,ACTIVE,ICC CA State Open,0.0,1935.0,2010-02-28,
1706,Varin,Chandra,170751,1170751,"Highlands Ranch, CO",Mile High Table Tennis Academy,1935,2024-08-04,1901,2024-05-24,ACTIVE,ICC Joola Spring Open 2021,643.0,466.0,2021-04-10,2021-04-11
1706,Varin,Chandra,170751,1170751,"Highlands Ranch, CO",Mile High Table Tennis Academy,1935,2024-08-04,1901,2024-05-24,ACTIVE,ICC Joola Fall Open 2020,0.0,0.0,2020-10-10,2020-10-11
1707,Shishir,Mahajan,98089,197089,"Santa Clara, CA",Stickman Skills Center,1934,2024-03-03,1749,2024-08-18,ACTIVE,2024 ICC JOOLA Spring OPEN,1934.0,1934.0,2024-03-02,2024-03-03
1716,Bella,Livshin,4675,64912,"Northridge, CA",Gilbert Table Tennis Center,1933,2018-03-02,1837,2010-01-30,ACTIVE,ICC California State Open,1907.0,1898.0,2012-03-18,
1728,Danica,Huang,175371,1175371,"Cupertino, CA",,1931,2024-09-02,1830,2024-09-08,ACTIVE,2024 ICC JOOLA Fall OPEN,1959.0,1951.0,2024-08-24,2024-08-25
1728,Danica,Huang,175371,1175371,"Cupertino, CA",,1931,2024-09-02,1830,2024-09-08,ACTIVE,2024 ICC JOOLA Summer OPEN,1980.0,1989.0,2024-05-04,2024-05-05
1728,Danica,Huang,175371,1175371,"Cupertino, CA",,1931,2024-09-02,1830,2024-09-08,ACTIVE,2023 ICC JOOLA Autumn Open,1939.0,1860.0,2023-10-28,2023-10-29
1728,Danica,Huang,175371,1175371,"Cupertino, CA",,1931,2024-09-02,1830,2024-09-08,ACTIVE,ICC JOOLA Fall Open,1695.0,1948.0,2023-08-26,2023-08-27
1728,Danica,Huang,175371,1175371,"Cupertino, CA",,1931,2024-09-02,1830,2024-09-08,ACTIVE,ICC JOOLA Summer Open,1430.0,1467.0,2023-05-06,2023-05-07
1728,Danica,Huang,175371,1175371,"Cupertino, CA",,1931,2024-09-02,1830,2024-09-08,ACTIVE,ICC JOOLA Spring Open,1108.0,1148.0,2023-03-04,2023-03-05
1728,Danica,Huang,175371,1175371,"Cupertino, CA",,1931,2024-09-02,1830,2024-09-08,ACTIVE,ICC JOOLA Winter Open,412.0,468.0,2022-12-03,2022-12-04
1728,Danica,Huang,175371,1175371,"Cupertino, CA",,1931,2024-09-02,1830,2024-09-08,ACTIVE,ICC JOOLA Autumn Open,151.0,412.0,2022-10-15,2022-10-16
1728,Danica,Huang,175371,1175371,"Cupertino, CA",,1931,2024-09-02,1830,2024-09-08,ACTIVE,ICC JOOLA Fall Open,115.0,151.0,2022-09-10,2022-09-11
1729,Michael,Wang,8285,92322,"Fremont, CA",,1931,2018-07-07,1944,2020-02-29,ACTIVE,ICC Butterfly America Open - 2018,1528.0,1687.0,2018-05-06,2018-05-06
1729,Michael,Wang,8285,92322,"Fremont, CA",,1931,2018-07-07,1944,2020-02-29,ACTIVE,ICC Butterfly California State Open,1166.0,1126.0,2016-12-02,2016-12-04
1729,Michael,Wang,8285,92322,"Fremont, CA",,1931,2018-07-07,1944,2020-02-29,ACTIVE,ICC STIGA California Open,465.0,485.0,2015-12-06,
1729,Michael,Wang,8285,92322,"Fremont, CA",,1931,2018-07-07,1944,2020-02-29,ACTIVE,ICC STIGA California Open,189.0,177.0,2015-05-03,
1729,Michael,Wang,8285,92322,"Fremont, CA",,1931,2018-07-07,1944,2020-02-29,ACTIVE,ICC California State Open,180.0,171.0,2014-12-07,
1729,Michael,Wang,8285,92322,"Fremont, CA",,1931,2018-07-07,1944,2020-02-29,ACTIVE,ICC California State Open,172.0,161.0,2014-04-06,
1729,Michael,Wang,8285,92322,"Fremont, CA",,1931,2018-07-07,1944,2020-02-29,ACTIVE,ICC CA State Open,192.0,172.0,2013-12-08,
1732,Von Erick,Apostol,218,86275,"Stockton, CA",Folsom Table Tennis Club,1931,2024-06-22,1938,2021-10-24,ACTIVE,ICC California State Open,1589.0,1597.0,2012-03-18,
1735,Pradyun,Banala,176627,1176627,"Dublin, CA",,1931,2024-09-02,1835,2024-09-07,ACTIVE,2024 ICC JOOLA Spring OPEN,1606.0,1626.0,2024-03-02,2024-03-03
1735,Pradyun,Banala,176627,1176627,"Dublin, CA",,1931,2024-09-02,1835,2024-09-07,ACTIVE,2023 ICC JOOLA Winter Open,1417.0,1362.0,2023-12-02,2023-12-03
1735,Pradyun,Banala,176627,1176627,"Dublin, CA",,1931,2024-09-02,1835,2024-09-07,ACTIVE,2023 ICC JOOLA Autumn Open,1257.0,1417.0,2023-10-28,2023-10-29
1735,Pradyun,Banala,176627,1176627,"Dublin, CA",,1931,2024-09-02,1835,2024-09-07,ACTIVE,ICC JOOLA Fall Open,1010.0,1311.0,2023-08-26,2023-08-27
1735,Pradyun,Banala,176627,1176627,"Dublin, CA",,1931,2024-09-02,1835,2024-09-07,ACTIVE,ICC JOOLA Summer Open,447.0,649.0,2023-05-06,2023-05-07
1735,Pradyun,Banala,176627,1176627,"Dublin, CA",,1931,2024-09-02,1835,2024-09-07,ACTIVE,ICC JOOLA Spring Open,77.0,189.0,2023-03-04,2023-03-05
1735,Pradyun,Banala,176627,1176627,"Dublin, CA",,1931,2024-09-02,1835,2024-09-07,ACTIVE,ICC JOOLA Fall Open,0.0,82.0,2022-09-10,2022-09-11
1751,Praful,Bhaidasna,589,70410,"Santa Clara, CA",ICC Table Tennis Center,1927,2023-10-29,1923,2024-08-04,ACTIVE,2023 ICC JOOLA Autumn Open,1941.0,1927.0,2023-10-28,2023-10-29
1751,Praful,Bhaidasna,589,70410,"Santa Clara, CA",ICC Table Tennis Center,1927,2023-10-29,1923,2024-08-04,ACTIVE,ICC JOOLA Fall Open,1969.0,1991.0,2023-08-26,2023-08-27
1751,Praful,Bhaidasna,589,70410,"Santa Clara, CA",ICC Table Tennis Center,1927,2023-10-29,1923,2024-08-04,ACTIVE,ICC JOOLA Winter Open,2001.0,1966.0,2022-12-03,2022-12-04
1751,Praful,Bhaidasna,589,70410,"Santa Clara, CA",ICC Table Tennis Center,1927,2023-10-29,1923,2024-08-04,ACTIVE,ICC JOOLA Autumn Open,1990.0,2001.0,2022-10-15,2022-10-16
1751,Praful,Bhaidasna,589,70410,"Santa Clara, CA",ICC Table Tennis Center,1927,2023-10-29,1923,2024-08-04,ACTIVE,ICC Butterfly America Open - 2018,2061.0,2038.0,2018-05-06,2018-05-06
1751,Praful,Bhaidasna,589,70410,"Santa Clara, CA",ICC Table Tennis Center,1927,2023-10-29,1923,2024-08-04,ACTIVE,ICC Butterfly California State Open,1951.0,1964.0,2016-12-02,2016-12-04
1751,Praful,Bhaidasna,589,70410,"Santa Clara, CA",ICC Table Tennis Center,1927,2023-10-29,1923,2024-08-04,ACTIVE,ICC STIGA California Open,1967.0,1949.0,2015-12-06,
1751,Praful,Bhaidasna,589,70410,"Santa Clara, CA",ICC Table Tennis Center,1927,2023-10-29,1923,2024-08-04,ACTIVE,ICC STIGA California Open,1954.0,1967.0,2015-05-03,
1803,Austin,Wu-Duenas,1870,88909,"Palo Alto, CA",(TTA) Table Tennis America,1918,2024-08-25,1685,2024-09-08,ACTIVE,2024 ICC JOOLA Fall OPEN,1943.0,1918.0,2024-08-24,2024-08-25
1803,Austin,Wu-Duenas,1870,88909,"Palo Alto, CA",(TTA) Table Tennis America,1918,2024-08-25,1685,2024-09-08,ACTIVE,2024 ICC JOOLA Spring OPEN,1735.0,1657.0,2024-03-02,2024-03-03
1803,Austin,Wu-Duenas,1870,88909,"Palo Alto, CA",(TTA) Table Tennis America,1918,2024-08-25,1685,2024-09-08,ACTIVE,ICC JOOLA Spring Open,1627.0,1669.0,2023-03-04,2023-03-05
1803,Austin,Wu-Duenas,1870,88909,"Palo Alto, CA",(TTA) Table Tennis America,1918,2024-08-25,1685,2024-09-08,ACTIVE,ICC JOOLA Summer Open,1731.0,1727.0,2022-05-14,2022-05-15
1808,Conroy,Li,175350,274350,"San Jose, CA",Swan Ping Pong,1918,2024-08-25,1813,2024-08-25,ACTIVE,2024 ICC JOOLA Fall OPEN,1911.0,1918.0,2024-08-24,2024-08-25
1808,Conroy,Li,175350,274350,"San Jose, CA",Swan Ping Pong,1918,2024-08-25,1813,2024-08-25,ACTIVE,2024 ICC JOOLA Summer OPEN,1881.0,1880.0,2024-05-04,2024-05-05
1808,Conroy,Li,175350,274350,"San Jose, CA",Swan Ping Pong,1918,2024-08-25,1813,2024-08-25,ACTIVE,2024 ICC JOOLA Spring OPEN,1818.0,1834.0,2024-03-02,2024-03-03
1808,Conroy,Li,175350,274350,"San Jose, CA",Swan Ping Pong,1918,2024-08-25,1813,2024-08-25,ACTIVE,ICC JOOLA Spring Open,559.0,628.0,2023-03-04,2023-03-05
1808,Conroy,Li,175350,274350,"San Jose, CA",Swan Ping Pong,1918,2024-08-25,1813,2024-08-25,ACTIVE,ICC JOOLA Winter Open,448.0,559.0,2022-12-03,2022-12-04
1808,Conroy,Li,175350,274350,"San Jose, CA",Swan Ping Pong,1918,2024-08-25,1813,2024-08-25,ACTIVE,ICC JOOLA Autumn Open,0.0,448.0,2022-10-15,2022-10-16
1809,Ray,Khaikin,172054,271054,,,1917,2024-09-02,1816,2024-06-29,ACTIVE,2024 ICC JOOLA Summer OPEN,1907.0,1895.0,2024-05-04,2024-05-05
1809,Ray,Khaikin,172054,271054,,,1917,2024-09-02,1816,2024-06-29,ACTIVE,2024 ICC JOOLA Spring OPEN,1904.0,1908.0,2024-03-02,2024-03-03
1809,Ray,Khaikin,172054,271054,,,1917,2024-09-02,1816,2024-06-29,ACTIVE,2023 ICC JOOLA Winter Open,1870.0,1904.0,2023-12-02,2023-12-03
1809,Ray,Khaikin,172054,271054,,,1917,2024-09-02,1816,2024-06-29,ACTIVE,ICC JOOLA Summer Open,1690.0,1832.0,2023-05-06,2023-05-07
1809,Ray,Khaikin,172054,271054,,,1917,2024-09-02,1816,2024-06-29,ACTIVE,ICC JOOLA Spring Open,1722.0,1707.0,2023-03-04,2023-03-05
1809,Ray,Khaikin,172054,271054,,,1917,2024-09-02,1816,2024-06-29,ACTIVE,ICC JOOLA Spring Open 2022,0.0,1488.0,2022-03-19,2022-03-20
1815,Jiro,Suzuki,177829,1177829,,,1916,2024-06-23,0,,ACTIVE,2023 ICC JOOLA Winter Open,1710.0,1669.0,2023-12-02,2023-12-03
1818,Peter,Cao,120413,219413,"San Diego, CA",Learning Tree Table Tennis Club,1915,2024-08-04,1850,2024-06-21,ACTIVE,2024 ICC JOOLA Spring OPEN,1826.0,1851.0,2024-03-02,2024-03-03
1848,Masaru,Hashimoto,2863,6491,"Pacoima, CA",Allen and Sons Table Tennis Club,1910,2018-03-02,2081,2011-11-05,ACTIVE,ICC CA State Open,2083.0,2165.0,2010-05-02,
1861,Greg,Castillo,14350,21218,"Albuquerque, NM",Albuquerque Table Tennis Club,1908,2024-06-15,0,,ACTIVE,2023 ICC JOOLA Winter Open,2041.0,2004.0,2023-12-02,2023-12-03
1861,Greg,Castillo,14350,21218,"Albuquerque, NM",Albuquerque Table Tennis Club,1908,2024-06-15,0,,ACTIVE,ICC JOOLA Winter Open 2021,1846.0,1834.0,2021-11-13,2021-11-14
1861,Greg,Castillo,14350,21218,"Albuquerque, NM",Albuquerque Table Tennis Club,1908,2024-06-15,0,,ACTIVE,ICC JOOLA Winter Open,1976.0,1934.0,2019-11-08,2019-11-10
1872,Luwei,Zhang,122913,221913,San Francisco,,1906,2024-02-19,1782,2023-08-13,ACTIVE,ICC JOOLA Spring Open 2022,1731.0,1695.0,2022-03-19,2022-03-20
1875,Emilian,Mihet,5237,76652,"Eagle River, AK",Alaska Table Tennis Club,1906,2023-12-21,1981,2018-07-28,ACTIVE,ICC Butterfly America Open - 2018,1985.0,1999.0,2018-05-06,2018-05-06
1882,Anderson Andrei,Da Silva,183771,282771,,,1905,2024-03-03,1781,2024-04-13,ACTIVE,2024 ICC JOOLA Spring OPEN,0.0,1905.0,2024-03-02,2024-03-03
1890,Sarah,Yang,169979,268979,"Fremont, CA",(TTA) Table Tennis America,1904,2024-09-02,1818,2024-08-03,ACTIVE,ICC JOOLA Fall Open,1728.0,1732.0,2023-08-26,2023-08-27
1890,Sarah,Yang,169979,268979,"Fremont, CA",(TTA) Table Tennis America,1904,2024-09-02,1818,2024-08-03,ACTIVE,ICC JOOLA Spring Open,1208.0,1189.0,2023-03-04,2023-03-05
1890,Sarah,Yang,169979,268979,"Fremont, CA",(TTA) Table Tennis America,1904,2024-09-02,1818,2024-08-03,ACTIVE,ICC JOOLA Summer Open,132.0,165.0,2022-05-14,2022-05-15
1913,Ella,Dong,171854,1171854,"Irvine, CA",Orange County Table Tennis Academy,1901,2024-08-04,1756,2023-07-30,ACTIVE,ICC JOOLA Fall Open,679.0,712.0,2022-09-10,2022-09-11
1913,Ella,Dong,171854,1171854,"Irvine, CA",Orange County Table Tennis Academy,1901,2024-08-04,1756,2023-07-30,ACTIVE,ICC JOOLA Summer Open,749.0,741.0,2022-05-14,2022-05-15
1930,Calvin,Tai,123583,222583,"Broomfield, CO",,1899,2023-09-17,1877,2024-07-26,ACTIVE,ICC JOOLA Spring Open,1963.0,1951.0,2023-03-04,2023-03-05
1932,Richard,McAfee,5084,43720,"Aurora, CO",Sky High Table Tennis Club,1899,2024-04-28,2070,2015-06-27,ACTIVE,ICC Joola Fall Open 2020,1972.0,1972.0,2020-10-10,2020-10-11
1932,Richard,McAfee,5084,43720,"Aurora, CO",Sky High Table Tennis Club,1899,2024-04-28,2070,2015-06-27,ACTIVE,ICC CA State Open,2196.0,2194.0,2010-05-02,
1934,Daniel,Goodwin,2549,40278,"Englewood, FL",Tampa TTC,1899,2024-07-07,1763,2024-06-23,ACTIVE,ICC Joola Spring Open 2021,1983.0,1970.0,2021-04-10,2021-04-11
1934,Daniel,Goodwin,2549,40278,"Englewood, FL",Tampa TTC,1899,2024-07-07,1763,2024-06-23,ACTIVE,ICC CA State Open,2032.0,2027.0,2011-12-04,
1948,Tarun,Tandon,7653,74872,"Sunnyvale, CA",ICC Table Tennis Center,1897,2024-07-28,1785,2024-07-27,ACTIVE,ICC Butterfly California State Open,2003.0,1984.0,2016-12-02,2016-12-04
1948,Tarun,Tandon,7653,74872,"Sunnyvale, CA",ICC Table Tennis Center,1897,2024-07-28,1785,2024-07-27,ACTIVE,ICC STIGA California Open,1956.0,1932.0,2015-05-03,
1948,Tarun,Tandon,7653,74872,"Sunnyvale, CA",ICC Table Tennis Center,1897,2024-07-28,1785,2024-07-27,ACTIVE,ICC California State Open,1906.0,2061.0,2014-04-06,
1948,Tarun,Tandon,7653,74872,"Sunnyvale, CA",ICC Table Tennis Center,1897,2024-07-28,1785,2024-07-27,ACTIVE,ICC CA State Open,1920.0,1904.0,2013-12-08,
1948,Tarun,Tandon,7653,74872,"Sunnyvale, CA",ICC Table Tennis Center,1897,2024-07-28,1785,2024-07-27,ACTIVE,ICC CA State Open,1873.0,1860.0,2013-05-19,
1948,Tarun,Tandon,7653,74872,"Sunnyvale, CA",ICC Table Tennis Center,1897,2024-07-28,1785,2024-07-27,ACTIVE,ICC CA State Open,1953.0,1942.0,2013-02-17,
1948,Tarun,Tandon,7653,74872,"Sunnyvale, CA",ICC Table Tennis Center,1897,2024-07-28,1785,2024-07-27,ACTIVE,ICC California State Open,1917.0,1955.0,2012-12-09,
1948,Tarun,Tandon,7653,74872,"Sunnyvale, CA",ICC Table Tennis Center,1897,2024-07-28,1785,2024-07-27,ACTIVE,ICC California State Open,1869.0,1968.0,2012-05-27,
1948,Tarun,Tandon,7653,74872,"Sunnyvale, CA",ICC Table Tennis Center,1897,2024-07-28,1785,2024-07-27,ACTIVE,ICC California State Open,1844.0,1869.0,2012-03-18,
1948,Tarun,Tandon,7653,74872,"Sunnyvale, CA",ICC Table Tennis Center,1897,2024-07-28,1785,2024-07-27,ACTIVE,ICC CA State Open,1897.0,1899.0,2011-12-04,
1948,Tarun,Tandon,7653,74872,"Sunnyvale, CA",ICC Table Tennis Center,1897,2024-07-28,1785,2024-07-27,ACTIVE,ICC CA State Open,1849.0,1959.0,2011-06-05,
1948,Tarun,Tandon,7653,74872,"Sunnyvale, CA",ICC Table Tennis Center,1897,2024-07-28,1785,2024-07-27,ACTIVE,ICC CA State Open,1854.0,1857.0,2011-03-20,
1948,Tarun,Tandon,7653,74872,"Sunnyvale, CA",ICC Table Tennis Center,1897,2024-07-28,1785,2024-07-27,ACTIVE,ICC CA State Open,1871.0,1874.0,2010-12-05,
1948,Tarun,Tandon,7653,74872,"Sunnyvale, CA",ICC Table Tennis Center,1897,2024-07-28,1785,2024-07-27,ACTIVE,ICC CA State Open,1904.0,1853.0,2010-05-02,
1948,Tarun,Tandon,7653,74872,"Sunnyvale, CA",ICC Table Tennis Center,1897,2024-07-28,1785,2024-07-27,ACTIVE,ICC CA State Open,1766.0,1904.0,2010-02-28,
1948,Tarun,Tandon,7653,74872,"Sunnyvale, CA",ICC Table Tennis Center,1897,2024-07-28,1785,2024-07-27,ACTIVE,ICC California State Open,1855.0,1786.0,2009-12-06,
1962,Vincent,Wu,174411,273411,"Saratoga, CA",Kou Lei Table Tennis Club,1894,2024-07-28,1615,2024-09-07,ACTIVE,2024 ICC JOOLA Summer OPEN,1690.0,1690.0,2024-05-04,2024-05-05
1962,Vincent,Wu,174411,273411,"Saratoga, CA",Kou Lei Table Tennis Club,1894,2024-07-28,1615,2024-09-07,ACTIVE,2024 ICC JOOLA Spring OPEN,1468.0,1474.0,2024-03-02,2024-03-03
1962,Vincent,Wu,174411,273411,"Saratoga, CA",Kou Lei Table Tennis Club,1894,2024-07-28,1615,2024-09-07,ACTIVE,2023 ICC JOOLA Winter Open,1423.0,1438.0,2023-12-02,2023-12-03
1962,Vincent,Wu,174411,273411,"Saratoga, CA",Kou Lei Table Tennis Club,1894,2024-07-28,1615,2024-09-07,ACTIVE,2023 ICC JOOLA Autumn Open,1431.0,1423.0,2023-10-28,2023-10-29
1962,Vincent,Wu,174411,273411,"Saratoga, CA",Kou Lei Table Tennis Club,1894,2024-07-28,1615,2024-09-07,ACTIVE,ICC JOOLA Fall Open,1319.0,1339.0,2023-08-26,2023-08-27
1962,Vincent,Wu,174411,273411,"Saratoga, CA",Kou Lei Table Tennis Club,1894,2024-07-28,1615,2024-09-07,ACTIVE,ICC JOOLA Summer Open,337.0,340.0,2023-05-06,2023-05-07
1962,Vincent,Wu,174411,273411,"Saratoga, CA",Kou Lei Table Tennis Club,1894,2024-07-28,1615,2024-09-07,ACTIVE,ICC JOOLA Spring Open,108.0,104.0,2023-03-04,2023-03-05
1962,Vincent,Wu,174411,273411,"Saratoga, CA",Kou Lei Table Tennis Club,1894,2024-07-28,1615,2024-09-07,ACTIVE,ICC JOOLA Winter Open,40.0,73.0,2022-12-03,2022-12-04
1962,Vincent,Wu,174411,273411,"Saratoga, CA",Kou Lei Table Tennis Club,1894,2024-07-28,1615,2024-09-07,ACTIVE,ICC JOOLA Autumn Open,0.0,40.0,2022-10-15,2022-10-16
1965,Rajinder,Singh,182952,281952,"Denver, CO",,1894,2024-08-25,1839,2024-07-27,ACTIVE,2024 ICC JOOLA Fall OPEN,1903.0,1894.0,2024-08-24,2024-08-25
1973,Vinay,Mangeshkar,4944,87031,"Fremont, CA",ICC Table Tennis Center,1892,2023-12-03,1824,2021-12-11,ACTIVE,2023 ICC JOOLA Winter Open,1908.0,1892.0,2023-12-02,2023-12-03
1973,Vinay,Mangeshkar,4944,87031,"Fremont, CA",ICC Table Tennis Center,1892,2023-12-03,1824,2021-12-11,ACTIVE,ICC JOOLA Winter Open 2021,1934.0,1936.0,2021-11-13,2021-11-14
1973,Vinay,Mangeshkar,4944,87031,"Fremont, CA",ICC Table Tennis Center,1892,2023-12-03,1824,2021-12-11,ACTIVE,ICC JOOLA Fall Open,1931.0,1937.0,2019-09-08,2019-09-08
1973,Vinay,Mangeshkar,4944,87031,"Fremont, CA",ICC Table Tennis Center,1892,2023-12-03,1824,2021-12-11,ACTIVE,ICC Butterfly Winter Open,1904.0,1931.0,2019-02-24,2019-02-24
1973,Vinay,Mangeshkar,4944,87031,"Fremont, CA",ICC Table Tennis Center,1892,2023-12-03,1824,2021-12-11,ACTIVE,ICC Butterfly America Open - 2018,1945.0,1970.0,2018-05-06,2018-05-06
1973,Vinay,Mangeshkar,4944,87031,"Fremont, CA",ICC Table Tennis Center,1892,2023-12-03,1824,2021-12-11,ACTIVE,ICC Butterfly California State Open,1815.0,1810.0,2016-12-02,2016-12-04
1973,Vinay,Mangeshkar,4944,87031,"Fremont, CA",ICC Table Tennis Center,1892,2023-12-03,1824,2021-12-11,ACTIVE,ICC STIGA California Open,1781.0,1781.0,2015-12-06,
1973,Vinay,Mangeshkar,4944,87031,"Fremont, CA",ICC Table Tennis Center,1892,2023-12-03,1824,2021-12-11,ACTIVE,ICC CA State Open,0.0,1781.0,2011-12-04,
2005,Amritshyaam,Gautam,173545,1173545,"Dublin, CA",Micro Motion Table Tennis Academy,1888,2024-09-02,1810,2024-09-07,ACTIVE,2024 ICC JOOLA Summer OPEN,1646.0,1837.0,2024-05-04,2024-05-05
2005,Amritshyaam,Gautam,173545,1173545,"Dublin, CA",Micro Motion Table Tennis Academy,1888,2024-09-02,1810,2024-09-07,ACTIVE,2024 ICC JOOLA Spring OPEN,1657.0,1646.0,2024-03-02,2024-03-03
2005,Amritshyaam,Gautam,173545,1173545,"Dublin, CA",Micro Motion Table Tennis Academy,1888,2024-09-02,1810,2024-09-07,ACTIVE,2023 ICC JOOLA Winter Open,1503.0,1669.0,2023-12-02,2023-12-03
2005,Amritshyaam,Gautam,173545,1173545,"Dublin, CA",Micro Motion Table Tennis Academy,1888,2024-09-02,1810,2024-09-07,ACTIVE,2023 ICC JOOLA Autumn Open,1475.0,1503.0,2023-10-28,2023-10-29
2005,Amritshyaam,Gautam,173545,1173545,"Dublin, CA",Micro Motion Table Tennis Academy,1888,2024-09-02,1810,2024-09-07,ACTIVE,ICC JOOLA Fall Open,1301.0,1410.0,2023-08-26,2023-08-27
2005,Amritshyaam,Gautam,173545,1173545,"Dublin, CA",Micro Motion Table Tennis Academy,1888,2024-09-02,1810,2024-09-07,ACTIVE,ICC JOOLA Winter Open,30.0,121.0,2022-12-03,2022-12-04
2005,Amritshyaam,Gautam,173545,1173545,"Dublin, CA",Micro Motion Table Tennis Academy,1888,2024-09-02,1810,2024-09-07,ACTIVE,ICC JOOLA Autumn Open,45.0,42.0,2022-10-15,2022-10-16
2045,Tom,Liew,32551,19859,"Walnut, CA",,1880,2023-06-18,1951,2024-03-09,ACTIVE,ICC JOOLA Fall Open,1929.0,1923.0,2022-09-10,2022-09-11
2045,Tom,Liew,32551,19859,"Walnut, CA",,1880,2023-06-18,1951,2024-03-09,ACTIVE,ICC JOOLA Winter Open 2021,1925.0,1947.0,2021-11-13,2021-11-14
2045,Tom,Liew,32551,19859,"Walnut, CA",,1880,2023-06-18,1951,2024-03-09,ACTIVE,ICC JOOLA Fall Open 2021,1754.0,1762.0,2021-08-28,2021-08-29
2047,Akul,Shivkumar,116057,215057,"Irvine, CA",Orange County Table Tennis Academy,1880,2022-12-21,1522,2019-01-12,ACTIVE,ICC Butterfly Winter Open,1771.0,1807.0,2019-02-24,2019-02-24
2047,Akul,Shivkumar,116057,215057,"Irvine, CA",Orange County Table Tennis Academy,1880,2022-12-21,1522,2019-01-12,ACTIVE,2018 ICC Butterfly America Open,1469.0,1793.0,2018-12-07,2018-12-09
2047,Akul,Shivkumar,116057,215057,"Irvine, CA",Orange County Table Tennis Academy,1880,2022-12-21,1522,2019-01-12,ACTIVE,ICC Butterfly America Open - 2018,1266.0,1210.0,2018-05-06,2018-05-06
2047,Akul,Shivkumar,116057,215057,"Irvine, CA",Orange County Table Tennis Academy,1880,2022-12-21,1522,2019-01-12,ACTIVE,ICC Butterfly California State Open,12.0,0.0,2016-12-02,2016-12-04
2049,George,Sanguinetti,6797,9713,"San Francisco, CA",Pong Planet,1880,2023-04-16,1313,2024-09-03,ACTIVE,ICC Butterfly Winter Open,2069.0,2007.0,2019-02-24,2019-02-24
2049,George,Sanguinetti,6797,9713,"San Francisco, CA",Pong Planet,1880,2023-04-16,1313,2024-09-03,ACTIVE,2018 ICC Butterfly America Open,2109.0,2069.0,2018-12-07,2018-12-09
2054,Wenqing,Lu,58182,19666,"Irvine, CA",,1879,2024-02-18,1782,2024-09-01,ACTIVE,ICC JOOLA Spring Open,1778.0,1785.0,2023-03-04,2023-03-05
2056,Kain,Li,171991,270991,"Fremont, CA",(TTA) Table Tennis America,1879,2024-09-02,1720,2024-08-25,ACTIVE,2024 ICC JOOLA Fall OPEN,1941.0,1932.0,2024-08-24,2024-08-25
2056,Kain,Li,171991,270991,"Fremont, CA",(TTA) Table Tennis America,1879,2024-09-02,1720,2024-08-25,ACTIVE,2024 ICC JOOLA Summer OPEN,1720.0,1741.0,2024-05-04,2024-05-05
2056,Kain,Li,171991,270991,"Fremont, CA",(TTA) Table Tennis America,1879,2024-09-02,1720,2024-08-25,ACTIVE,2024 ICC JOOLA Spring OPEN,1659.0,1671.0,2024-03-02,2024-03-03
2056,Kain,Li,171991,270991,"Fremont, CA",(TTA) Table Tennis America,1879,2024-09-02,1720,2024-08-25,ACTIVE,2023 ICC JOOLA Winter Open,1521.0,1516.0,2023-12-02,2023-12-03
2056,Kain,Li,171991,270991,"Fremont, CA",(TTA) Table Tennis America,1879,2024-09-02,1720,2024-08-25,ACTIVE,2023 ICC JOOLA Autumn Open,1516.0,1521.0,2023-10-28,2023-10-29
2056,Kain,Li,171991,270991,"Fremont, CA",(TTA) Table Tennis America,1879,2024-09-02,1720,2024-08-25,ACTIVE,ICC JOOLA Fall Open,1612.0,1617.0,2023-08-26,2023-08-27
2056,Kain,Li,171991,270991,"Fremont, CA",(TTA) Table Tennis America,1879,2024-09-02,1720,2024-08-25,ACTIVE,ICC JOOLA Spring Open,1168.0,1151.0,2023-03-04,2023-03-05
2066,Satish,Krishnamoorthy,3956,72553,"San Diego, CA",San Diego TTA,1878,2024-08-04,1852,2017-12-10,ACTIVE,ICC California State Open,1946.0,1930.0,2014-04-06,
2066,Satish,Krishnamoorthy,3956,72553,"San Diego, CA",San Diego TTA,1878,2024-08-04,1852,2017-12-10,ACTIVE,ICC California State Open,1805.0,1812.0,2009-05-10,
2080,Daniel,Ho,172042,271042,"San Jose, CA",888 Table Tennis Center - San Jose,1875,2024-09-02,1736,2024-08-17,ACTIVE,2024 ICC JOOLA Fall OPEN,1791.0,1872.0,2024-08-24,2024-08-25
2080,Daniel,Ho,172042,271042,"San Jose, CA",888 Table Tennis Center - San Jose,1875,2024-09-02,1736,2024-08-17,ACTIVE,2024 ICC JOOLA Spring OPEN,1764.0,1765.0,2024-03-02,2024-03-03
2080,Daniel,Ho,172042,271042,"San Jose, CA",888 Table Tennis Center - San Jose,1875,2024-09-02,1736,2024-08-17,ACTIVE,2023 ICC JOOLA Winter Open,1500.0,1499.0,2023-12-02,2023-12-03
2080,Daniel,Ho,172042,271042,"San Jose, CA",888 Table Tennis Center - San Jose,1875,2024-09-02,1736,2024-08-17,ACTIVE,2023 ICC JOOLA Autumn Open,1469.0,1500.0,2023-10-28,2023-10-29
2080,Daniel,Ho,172042,271042,"San Jose, CA",888 Table Tennis Center - San Jose,1875,2024-09-02,1736,2024-08-17,ACTIVE,ICC JOOLA Summer Open,1186.0,1201.0,2023-05-06,2023-05-07
2085,Cheng,Guo,177095,1177095,Sunnyvale,,1875,2022-10-16,1457,2024-08-18,ACTIVE,ICC JOOLA Autumn Open,0.0,1875.0,2022-10-15,2022-10-16
2105,Nandhakumar,Venkatachalam,102331,98264,"Pleasanton, CA",Micro Motion Table Tennis Academy,1872,2023-12-21,1900,2024-03-09,ACTIVE,ICC JOOLA Winter Open 2021,1934.0,1928.0,2021-11-13,2021-11-14
2105,Nandhakumar,Venkatachalam,102331,98264,"Pleasanton, CA",Micro Motion Table Tennis Academy,1872,2023-12-21,1900,2024-03-09,ACTIVE,ICC Joola Spring Open,1893.0,1888.0,2019-05-12,2019-05-12
2105,Nandhakumar,Venkatachalam,102331,98264,"Pleasanton, CA",Micro Motion Table Tennis Academy,1872,2023-12-21,1900,2024-03-09,ACTIVE,ICC Butterfly Winter Open,1915.0,1922.0,2019-02-24,2019-02-24
2105,Nandhakumar,Venkatachalam,102331,98264,"Pleasanton, CA",Micro Motion Table Tennis Academy,1872,2023-12-21,1900,2024-03-09,ACTIVE,2018 ICC Butterfly America Open,1912.0,1915.0,2018-12-07,2018-12-09
2105,Nandhakumar,Venkatachalam,102331,98264,"Pleasanton, CA",Micro Motion Table Tennis Academy,1872,2023-12-21,1900,2024-03-09,ACTIVE,ICC Butterfly California State Open,1919.0,1918.0,2016-12-02,2016-12-04
2105,Nandhakumar,Venkatachalam,102331,98264,"Pleasanton, CA",Micro Motion Table Tennis Academy,1872,2023-12-21,1900,2024-03-09,ACTIVE,ICC STIGA California Open,0.0,1584.0,2015-12-06,
2113,Alice,Chen,171853,1171853,"San Jose, CA",888 Table Tennis Center,1870,2024-09-02,1502,2024-09-07,ACTIVE,ICC JOOLA Fall Open,1759.0,1676.0,2023-08-26,2023-08-27
2113,Alice,Chen,171853,1171853,"San Jose, CA",888 Table Tennis Center,1870,2024-09-02,1502,2024-09-07,ACTIVE,ICC JOOLA Summer Open,1550.0,1525.0,2023-05-06,2023-05-07
2116,Aditya,Singla,131779,230779,"Cupertino, CA",888 Table Tennis Center,1870,2024-08-25,1785,2024-09-07,ACTIVE,2024 ICC JOOLA Fall OPEN,1877.0,1870.0,2024-08-24,2024-08-25
2116,Aditya,Singla,131779,230779,"Cupertino, CA",888 Table Tennis Center,1870,2024-08-25,1785,2024-09-07,ACTIVE,2024 ICC JOOLA Summer OPEN,1740.0,1780.0,2024-05-04,2024-05-05
2116,Aditya,Singla,131779,230779,"Cupertino, CA",888 Table Tennis Center,1870,2024-08-25,1785,2024-09-07,ACTIVE,2023 ICC JOOLA Winter Open,1807.0,1760.0,2023-12-02,2023-12-03
2116,Aditya,Singla,131779,230779,"Cupertino, CA",888 Table Tennis Center,1870,2024-08-25,1785,2024-09-07,ACTIVE,2023 ICC JOOLA Autumn Open,1815.0,1807.0,2023-10-28,2023-10-29
2116,Aditya,Singla,131779,230779,"Cupertino, CA",888 Table Tennis Center,1870,2024-08-25,1785,2024-09-07,ACTIVE,ICC JOOLA Fall Open,1815.0,1826.0,2023-08-26,2023-08-27
2116,Aditya,Singla,131779,230779,"Cupertino, CA",888 Table Tennis Center,1870,2024-08-25,1785,2024-09-07,ACTIVE,ICC JOOLA Summer Open,1642.0,1674.0,2023-05-06,2023-05-07
2116,Aditya,Singla,131779,230779,"Cupertino, CA",888 Table Tennis Center,1870,2024-08-25,1785,2024-09-07,ACTIVE,ICC JOOLA Spring Open,1536.0,1673.0,2023-03-04,2023-03-05
2116,Aditya,Singla,131779,230779,"Cupertino, CA",888 Table Tennis Center,1870,2024-08-25,1785,2024-09-07,ACTIVE,ICC JOOLA Fall Open,1194.0,1304.0,2022-09-10,2022-09-11
2116,Aditya,Singla,131779,230779,"Cupertino, CA",888 Table Tennis Center,1870,2024-08-25,1785,2024-09-07,ACTIVE,ICC JOOLA Spring Open 2022,876.0,1040.0,2022-03-19,2022-03-20
2116,Aditya,Singla,131779,230779,"Cupertino, CA",888 Table Tennis Center,1870,2024-08-25,1785,2024-09-07,ACTIVE,ICC JOOLA Winter Open 2021,686.0,876.0,2021-11-13,2021-11-14
2116,Aditya,Singla,131779,230779,"Cupertino, CA",888 Table Tennis Center,1870,2024-08-25,1785,2024-09-07,ACTIVE,ICC JOOLA Fall Open 2021,648.0,686.0,2021-08-28,2021-08-29
2116,Aditya,Singla,131779,230779,"Cupertino, CA",888 Table Tennis Center,1870,2024-08-25,1785,2024-09-07,ACTIVE,ICC JOOLA SUMMER OPEN- 2021,575.0,597.0,2021-05-29,2021-05-30
2116,Aditya,Singla,131779,230779,"Cupertino, CA",888 Table Tennis Center,1870,2024-08-25,1785,2024-09-07,ACTIVE,ICC Joola Spring Open 2021,546.0,575.0,2021-04-10,2021-04-11
2116,Aditya,Singla,131779,230779,"Cupertino, CA",888 Table Tennis Center,1870,2024-08-25,1785,2024-09-07,ACTIVE,ICC Joola Fall Open 2020,552.0,546.0,2020-10-10,2020-10-11
2116,Aditya,Singla,131779,230779,"Cupertino, CA",888 Table Tennis Center,1870,2024-08-25,1785,2024-09-07,ACTIVE,2018 ICC Butterfly America Open,0.0,1433.0,2018-12-07,2018-12-09
2119,Giovanni,Greaves,23002,84300,"Baltimore, MD",,1870,2024-08-04,0,,ACTIVE,ICC Joola Spring Open 2021,1541.0,1541.0,2021-04-10,2021-04-11
2129,Minhua,Zhu,116008,215008,"Sf, CA",,1868,2022-12-21,1675,2024-06-29,ACTIVE,ICC JOOLA Fall Open 2021,1789.0,1789.0,2021-08-28,2021-08-29
2129,Minhua,Zhu,116008,215008,"Sf, CA",,1868,2022-12-21,1675,2024-06-29,ACTIVE,ICC JOOLA Winter Open,1871.0,1868.0,2019-11-08,2019-11-10
2129,Minhua,Zhu,116008,215008,"Sf, CA",,1868,2022-12-21,1675,2024-06-29,ACTIVE,ICC Joola Spring Open,1786.0,1786.0,2019-05-12,2019-05-12
2129,Minhua,Zhu,116008,215008,"Sf, CA",,1868,2022-12-21,1675,2024-06-29,ACTIVE,ICC Butterfly Winter Open,1750.0,1750.0,2019-02-24,2019-02-24
2129,Minhua,Zhu,116008,215008,"Sf, CA",,1868,2022-12-21,1675,2024-06-29,ACTIVE,ICC Butterfly America Open - 2018,1746.0,1754.0,2018-05-06,2018-05-06
2129,Minhua,Zhu,116008,215008,"Sf, CA",,1868,2022-12-21,1675,2024-06-29,ACTIVE,ICC Butterfly California State Open,1581.0,1581.0,2016-12-02,2016-12-04
2137,Yuzhang,Gao,21696,93176,"San Jose, CA",(TTA) Table Tennis America,1867,2023-10-29,1985,2024-09-01,ACTIVE,2023 ICC JOOLA Autumn Open,1896.0,1867.0,2023-10-28,2023-10-29
2137,Yuzhang,Gao,21696,93176,"San Jose, CA",(TTA) Table Tennis America,1867,2023-10-29,1985,2024-09-01,ACTIVE,2018 ICC Butterfly America Open,1856.0,1896.0,2018-12-07,2018-12-09
2171,William,Jin,174369,1174369,"Pleasanton, CA",Micro Motion Table Tennis Academy,1861,2024-09-02,1493,2024-09-07,ACTIVE,2024 ICC JOOLA Fall OPEN,1735.0,1873.0,2024-08-24,2024-08-25
2171,William,Jin,174369,1174369,"Pleasanton, CA",Micro Motion Table Tennis Academy,1861,2024-09-02,1493,2024-09-07,ACTIVE,2024 ICC JOOLA Summer OPEN,1664.0,1663.0,2024-05-04,2024-05-05
2171,William,Jin,174369,1174369,"Pleasanton, CA",Micro Motion Table Tennis Academy,1861,2024-09-02,1493,2024-09-07,ACTIVE,2024 ICC JOOLA Spring OPEN,1214.0,1565.0,2024-03-02,2024-03-03
2171,William,Jin,174369,1174369,"Pleasanton, CA",Micro Motion Table Tennis Academy,1861,2024-09-02,1493,2024-09-07,ACTIVE,2023 ICC JOOLA Winter Open,1172.0,1182.0,2023-12-02,2023-12-03
2171,William,Jin,174369,1174369,"Pleasanton, CA",Micro Motion Table Tennis Academy,1861,2024-09-02,1493,2024-09-07,ACTIVE,2023 ICC JOOLA Autumn Open,1189.0,1172.0,2023-10-28,2023-10-29
2171,William,Jin,174369,1174369,"Pleasanton, CA",Micro Motion Table Tennis Academy,1861,2024-09-02,1493,2024-09-07,ACTIVE,ICC JOOLA Fall Open,1215.0,1245.0,2023-08-26,2023-08-27
2171,William,Jin,174369,1174369,"Pleasanton, CA",Micro Motion Table Tennis Academy,1861,2024-09-02,1493,2024-09-07,ACTIVE,ICC JOOLA Summer Open,415.0,410.0,2023-05-06,2023-05-07
2171,William,Jin,174369,1174369,"Pleasanton, CA",Micro Motion Table Tennis Academy,1861,2024-09-02,1493,2024-09-07,ACTIVE,ICC JOOLA Spring Open,271.0,221.0,2023-03-04,2023-03-05
2171,William,Jin,174369,1174369,"Pleasanton, CA",Micro Motion Table Tennis Academy,1861,2024-09-02,1493,2024-09-07,ACTIVE,ICC JOOLA Autumn Open,63.0,74.0,2022-10-15,2022-10-16
2171,William,Jin,174369,1174369,"Pleasanton, CA",Micro Motion Table Tennis Academy,1861,2024-09-02,1493,2024-09-07,ACTIVE,ICC JOOLA Fall Open,86.0,63.0,2022-09-10,2022-09-11
2171,William,Jin,174369,1174369,"Pleasanton, CA",Micro Motion Table Tennis Academy,1861,2024-09-02,1493,2024-09-07,ACTIVE,ICC JOOLA Summer Open,211.0,185.0,2022-05-14,2022-05-15
2171,William,Jin,174369,1174369,"Pleasanton, CA",Micro Motion Table Tennis Academy,1861,2024-09-02,1493,2024-09-07,ACTIVE,ICC JOOLA Spring Open 2022,0.0,267.0,2022-03-19,2022-03-20
2173,Saurabh,Bhartia,595,13322,"Fremont, CA",ICC Table Tennis Center,1861,2018-03-02,1885,2017-12-09,ACTIVE,ICC Butterfly California State Open,1752.0,1736.0,2016-12-02,2016-12-04
2173,Saurabh,Bhartia,595,13322,"Fremont, CA",ICC Table Tennis Center,1861,2018-03-02,1885,2017-12-09,ACTIVE,ICC STIGA California Open,1702.0,1720.0,2015-12-06,
2173,Saurabh,Bhartia,595,13322,"Fremont, CA",ICC Table Tennis Center,1861,2018-03-02,1885,2017-12-09,ACTIVE,ICC STIGA California Open,1747.0,1725.0,2015-05-03,
2173,Saurabh,Bhartia,595,13322,"Fremont, CA",ICC Table Tennis Center,1861,2018-03-02,1885,2017-12-09,ACTIVE,ICC California State Open,1769.0,1747.0,2014-12-07,
2173,Saurabh,Bhartia,595,13322,"Fremont, CA",ICC Table Tennis Center,1861,2018-03-02,1885,2017-12-09,ACTIVE,ICC CA State Open,1842.0,1815.0,2013-12-08,
2173,Saurabh,Bhartia,595,13322,"Fremont, CA",ICC Table Tennis Center,1861,2018-03-02,1885,2017-12-09,ACTIVE,ICC CA State Open,1862.0,1857.0,2013-05-19,
2173,Saurabh,Bhartia,595,13322,"Fremont, CA",ICC Table Tennis Center,1861,2018-03-02,1885,2017-12-09,ACTIVE,ICC CA State Open,1868.0,1862.0,2013-02-17,
2173,Saurabh,Bhartia,595,13322,"Fremont, CA",ICC Table Tennis Center,1861,2018-03-02,1885,2017-12-09,ACTIVE,ICC California State Open,1692.0,1868.0,2012-12-09,
2173,Saurabh,Bhartia,595,13322,"Fremont, CA",ICC Table Tennis Center,1861,2018-03-02,1885,2017-12-09,ACTIVE,ICC California State Open,1654.0,1697.0,2012-05-27,
2173,Saurabh,Bhartia,595,13322,"Fremont, CA",ICC Table Tennis Center,1861,2018-03-02,1885,2017-12-09,ACTIVE,ICC CA State Open,1604.0,1612.0,2011-12-04,
2173,Saurabh,Bhartia,595,13322,"Fremont, CA",ICC Table Tennis Center,1861,2018-03-02,1885,2017-12-09,ACTIVE,ICC CA State Open,1638.0,1641.0,2011-03-20,
2173,Saurabh,Bhartia,595,13322,"Fremont, CA",ICC Table Tennis Center,1861,2018-03-02,1885,2017-12-09,ACTIVE,ICC CA State Open,1648.0,1645.0,2010-12-05,
2181,Shuo,Jia,102119,97968,"Palo Alto, CA",,1860,2019-12-07,1649,2024-07-14,ACTIVE,ICC JOOLA Winter Open,1865.0,1842.0,2019-11-08,2019-11-10
2181,Shuo,Jia,102119,97968,"Palo Alto, CA",,1860,2019-12-07,1649,2024-07-14,ACTIVE,2018 ICC Butterfly America Open,1849.0,1865.0,2018-12-07,2018-12-09
2181,Shuo,Jia,102119,97968,"Palo Alto, CA",,1860,2019-12-07,1649,2024-07-14,ACTIVE,ICC Butterfly America Open - 2018,1785.0,1734.0,2018-05-06,2018-05-06
2181,Shuo,Jia,102119,97968,"Palo Alto, CA",,1860,2019-12-07,1649,2024-07-14,ACTIVE,ICC Butterfly California State Open,1537.0,1529.0,2016-12-02,2016-12-04
2181,Shuo,Jia,102119,97968,"Palo Alto, CA",,1860,2019-12-07,1649,2024-07-14,ACTIVE,ICC STIGA California Open,0.0,1077.0,2015-12-06,
2186,Mridula,Anand,104037,203037,"Fremont, CA",,1859,2024-05-27,1589,2024-04-21,ACTIVE,2024 ICC JOOLA Spring OPEN,1819.0,1810.0,2024-03-02,2024-03-03
2186,Mridula,Anand,104037,203037,"Fremont, CA",,1859,2024-05-27,1589,2024-04-21,ACTIVE,ICC JOOLA Summer Open,1644.0,1652.0,2022-05-14,2022-05-15
2186,Mridula,Anand,104037,203037,"Fremont, CA",,1859,2024-05-27,1589,2024-04-21,ACTIVE,ICC JOOLA Spring Open 2022,1645.0,1645.0,2022-03-19,2022-03-20
2186,Mridula,Anand,104037,203037,"Fremont, CA",,1859,2024-05-27,1589,2024-04-21,ACTIVE,ICC JOOLA Winter Open 2021,1645.0,1645.0,2021-11-13,2021-11-14
2186,Mridula,Anand,104037,203037,"Fremont, CA",,1859,2024-05-27,1589,2024-04-21,ACTIVE,ICC JOOLA Fall Open 2021,1699.0,1666.0,2021-08-28,2021-08-29
2186,Mridula,Anand,104037,203037,"Fremont, CA",,1859,2024-05-27,1589,2024-04-21,ACTIVE,ICC Joola Spring Open,1666.0,1693.0,2019-05-12,2019-05-12
2186,Mridula,Anand,104037,203037,"Fremont, CA",,1859,2024-05-27,1589,2024-04-21,ACTIVE,ICC Butterfly Winter Open,1303.0,1672.0,2019-02-24,2019-02-24
2186,Mridula,Anand,104037,203037,"Fremont, CA",,1859,2024-05-27,1589,2024-04-21,ACTIVE,2018 ICC Butterfly America Open,1358.0,1357.0,2018-12-07,2018-12-09
2186,Mridula,Anand,104037,203037,"Fremont, CA",,1859,2024-05-27,1589,2024-04-21,ACTIVE,ICC Butterfly America Open - 2018,1305.0,1294.0,2018-05-06,2018-05-06
2186,Mridula,Anand,104037,203037,"Fremont, CA",,1859,2024-05-27,1589,2024-04-21,ACTIVE,ICC Butterfly California State Open,352.0,363.0,2016-12-02,2016-12-04
2193,Raghavendar,Thirumala,114021,213021,"Milpitas, CA",,1858,2024-09-02,1822,2024-08-17,ACTIVE,2024 ICC JOOLA Fall OPEN,1803.0,1829.0,2024-08-24,2024-08-25
2193,Raghavendar,Thirumala,114021,213021,"Milpitas, CA",,1858,2024-09-02,1822,2024-08-17,ACTIVE,2024 ICC JOOLA Summer OPEN,1811.0,1889.0,2024-05-04,2024-05-05
2193,Raghavendar,Thirumala,114021,213021,"Milpitas, CA",,1858,2024-09-02,1822,2024-08-17,ACTIVE,ICC JOOLA Fall Open,0.0,1780.0,2022-09-10,2022-09-11
2201,Joe,Yuan,55055,90498,"San Jose, CA",,1856,2024-08-04,1678,2024-09-07,ACTIVE,2024 ICC JOOLA Summer OPEN,1817.0,1807.0,2024-05-04,2024-05-05
2201,Joe,Yuan,55055,90498,"San Jose, CA",,1856,2024-08-04,1678,2024-09-07,ACTIVE,2024 ICC JOOLA Spring OPEN,1826.0,1817.0,2024-03-02,2024-03-03
2201,Joe,Yuan,55055,90498,"San Jose, CA",,1856,2024-08-04,1678,2024-09-07,ACTIVE,ICC JOOLA Winter Open,1298.0,1556.0,2022-12-03,2022-12-04
2201,Joe,Yuan,55055,90498,"San Jose, CA",,1856,2024-08-04,1678,2024-09-07,ACTIVE,ICC CA State Open,1286.0,1285.0,2013-12-08,
2201,Joe,Yuan,55055,90498,"San Jose, CA",,1856,2024-08-04,1678,2024-09-07,ACTIVE,ICC CA State Open,778.0,859.0,2013-05-19,
2221,Wireless,Lovebird,112493,928352,"Santa Cruz, CA",Santa Cruz TTC,1853,2024-09-02,1819,2023-09-10,ACTIVE,2024 ICC JOOLA Summer OPEN,1772.0,1825.0,2024-05-04,2024-05-05
2221,Wireless,Lovebird,112493,928352,"Santa Cruz, CA",Santa Cruz TTC,1853,2024-09-02,1819,2023-09-10,ACTIVE,2023 ICC JOOLA Winter Open,1769.0,1767.0,2023-12-02,2023-12-03
2221,Wireless,Lovebird,112493,928352,"Santa Cruz, CA",Santa Cruz TTC,1853,2024-09-02,1819,2023-09-10,ACTIVE,2023 ICC JOOLA Autumn Open,1788.0,1769.0,2023-10-28,2023-10-29
2221,Wireless,Lovebird,112493,928352,"Santa Cruz, CA",Santa Cruz TTC,1853,2024-09-02,1819,2023-09-10,ACTIVE,ICC JOOLA Fall Open,1768.0,1799.0,2023-08-26,2023-08-27
2221,Wireless,Lovebird,112493,928352,"Santa Cruz, CA",Santa Cruz TTC,1853,2024-09-02,1819,2023-09-10,ACTIVE,ICC JOOLA Autumn Open,1756.0,1784.0,2022-10-15,2022-10-16
2221,Wireless,Lovebird,112493,928352,"Santa Cruz, CA",Santa Cruz TTC,1853,2024-09-02,1819,2023-09-10,ACTIVE,ICC JOOLA Fall Open,1812.0,1756.0,2022-09-10,2022-09-11
2221,Wireless,Lovebird,112493,928352,"Santa Cruz, CA",Santa Cruz TTC,1853,2024-09-02,1819,2023-09-10,ACTIVE,ICC JOOLA Winter Open 2021,1816.0,1812.0,2021-11-13,2021-11-14
2221,Wireless,Lovebird,112493,928352,"Santa Cruz, CA",Santa Cruz TTC,1853,2024-09-02,1819,2023-09-10,ACTIVE,ICC JOOLA Fall Open 2021,1818.0,1816.0,2021-08-28,2021-08-29
2221,Wireless,Lovebird,112493,928352,"Santa Cruz, CA",Santa Cruz TTC,1853,2024-09-02,1819,2023-09-10,ACTIVE,ICC Joola Fall Open 2020,1814.0,1771.0,2020-10-10,2020-10-11
2221,Wireless,Lovebird,112493,928352,"Santa Cruz, CA",Santa Cruz TTC,1853,2024-09-02,1819,2023-09-10,ACTIVE,ICC JOOLA Spring Open 2020,1830.0,1814.0,2020-03-07,2020-03-08
2221,Wireless,Lovebird,112493,928352,"Santa Cruz, CA",Santa Cruz TTC,1853,2024-09-02,1819,2023-09-10,ACTIVE,ICC JOOLA Winter Open,1797.0,1789.0,2019-11-08,2019-11-10
2221,Wireless,Lovebird,112493,928352,"Santa Cruz, CA",Santa Cruz TTC,1853,2024-09-02,1819,2023-09-10,ACTIVE,ICC JOOLA Fall Open,1789.0,1786.0,2019-09-08,2019-09-08
2221,Wireless,Lovebird,112493,928352,"Santa Cruz, CA",Santa Cruz TTC,1853,2024-09-02,1819,2023-09-10,ACTIVE,ICC Joola Spring Open,1817.0,1817.0,2019-05-12,2019-05-12
2221,Wireless,Lovebird,112493,928352,"Santa Cruz, CA",Santa Cruz TTC,1853,2024-09-02,1819,2023-09-10,ACTIVE,2018 ICC Butterfly America Open,1890.0,1826.0,2018-12-07,2018-12-09
2224,Aiden,Zhang,172137,271137,"San Mateo, CA",,1852,2024-09-02,1759,2024-04-07,ACTIVE,2024 ICC JOOLA Spring OPEN,1859.0,1856.0,2024-03-02,2024-03-03
2224,Aiden,Zhang,172137,271137,"San Mateo, CA",,1852,2024-09-02,1759,2024-04-07,ACTIVE,2023 ICC JOOLA Winter Open,1828.0,1833.0,2023-12-02,2023-12-03
2224,Aiden,Zhang,172137,271137,"San Mateo, CA",,1852,2024-09-02,1759,2024-04-07,ACTIVE,2023 ICC JOOLA Autumn Open,1839.0,1828.0,2023-10-28,2023-10-29
2224,Aiden,Zhang,172137,271137,"San Mateo, CA",,1852,2024-09-02,1759,2024-04-07,ACTIVE,ICC JOOLA Summer Open,1766.0,1780.0,2023-05-06,2023-05-07
2224,Aiden,Zhang,172137,271137,"San Mateo, CA",,1852,2024-09-02,1759,2024-04-07,ACTIVE,ICC JOOLA Spring Open,1746.0,1795.0,2023-03-04,2023-03-05
2224,Aiden,Zhang,172137,271137,"San Mateo, CA",,1852,2024-09-02,1759,2024-04-07,ACTIVE,ICC JOOLA Autumn Open,1409.0,1406.0,2022-10-15,2022-10-16
2224,Aiden,Zhang,172137,271137,"San Mateo, CA",,1852,2024-09-02,1759,2024-04-07,ACTIVE,ICC JOOLA Fall Open,1120.0,1409.0,2022-09-10,2022-09-11
2224,Aiden,Zhang,172137,271137,"San Mateo, CA",,1852,2024-09-02,1759,2024-04-07,ACTIVE,ICC JOOLA Summer Open,552.0,674.0,2022-05-14,2022-05-15
2224,Aiden,Zhang,172137,271137,"San Mateo, CA",,1852,2024-09-02,1759,2024-04-07,ACTIVE,ICC JOOLA Spring Open 2022,46.0,278.0,2022-03-19,2022-03-20
2224,Aiden,Zhang,172137,271137,"San Mateo, CA",,1852,2024-09-02,1759,2024-04-07,ACTIVE,ICC JOOLA Winter Open 2021,0.0,28.0,2021-11-13,2021-11-14
2226,Conner,Chen,168206,1168206,"Albany, CA",(TTA) Table Tennis America,1851,2024-05-27,1743,2024-09-07,ACTIVE,2024 ICC JOOLA Spring OPEN,1821.0,1816.0,2024-03-02,2024-03-03
2226,Conner,Chen,168206,1168206,"Albany, CA",(TTA) Table Tennis America,1851,2024-05-27,1743,2024-09-07,ACTIVE,2023 ICC JOOLA Winter Open,1804.0,1799.0,2023-12-02,2023-12-03
2226,Conner,Chen,168206,1168206,"Albany, CA",(TTA) Table Tennis America,1851,2024-05-27,1743,2024-09-07,ACTIVE,2023 ICC JOOLA Autumn Open,1767.0,1804.0,2023-10-28,2023-10-29
2226,Conner,Chen,168206,1168206,"Albany, CA",(TTA) Table Tennis America,1851,2024-05-27,1743,2024-09-07,ACTIVE,ICC JOOLA Spring Open,1717.0,1753.0,2023-03-04,2023-03-05
2226,Conner,Chen,168206,1168206,"Albany, CA",(TTA) Table Tennis America,1851,2024-05-27,1743,2024-09-07,ACTIVE,ICC JOOLA Winter Open,1547.0,1568.0,2022-12-03,2022-12-04
2226,Conner,Chen,168206,1168206,"Albany, CA",(TTA) Table Tennis America,1851,2024-05-27,1743,2024-09-07,ACTIVE,ICC JOOLA Autumn Open,1522.0,1547.0,2022-10-15,2022-10-16
2226,Conner,Chen,168206,1168206,"Albany, CA",(TTA) Table Tennis America,1851,2024-05-27,1743,2024-09-07,ACTIVE,ICC JOOLA Fall Open,1547.0,1522.0,2022-09-10,2022-09-11
2226,Conner,Chen,168206,1168206,"Albany, CA",(TTA) Table Tennis America,1851,2024-05-27,1743,2024-09-07,ACTIVE,ICC JOOLA Summer Open,1187.0,1192.0,2022-05-14,2022-05-15
2226,Conner,Chen,168206,1168206,"Albany, CA",(TTA) Table Tennis America,1851,2024-05-27,1743,2024-09-07,ACTIVE,ICC JOOLA Spring Open 2022,298.0,1100.0,2022-03-19,2022-03-20
2226,Conner,Chen,168206,1168206,"Albany, CA",(TTA) Table Tennis America,1851,2024-05-27,1743,2024-09-07,ACTIVE,ICC JOOLA Winter Open 2021,203.0,298.0,2021-11-13,2021-11-14
2226,Conner,Chen,168206,1168206,"Albany, CA",(TTA) Table Tennis America,1851,2024-05-27,1743,2024-09-07,ACTIVE,ICC JOOLA Fall Open 2021,254.0,203.0,2021-08-28,2021-08-29
2228,Gaurav,Sharma,171502,1171502,"Gilbert, AZ",TABLE TENNIS & MORE AZ,1851,2024-08-25,1884,2024-06-14,ACTIVE,ICC JOOLA Fall Open,1868.0,1761.0,2022-09-10,2022-09-11
2229,yash,Anand,185620,284620,,,1850,2024-08-25,2099,2024-09-07,ACTIVE,2024 ICC JOOLA Fall OPEN,0.0,1850.0,2024-08-24,2024-08-25
2233,Maziar,Mohammadi,5345,17161,"Denver, CO",DenverPong,1850,2024-07-07,1866,2015-08-27,ACTIVE,ICC Joola Spring Open 2021,1871.0,1861.0,2021-04-10,2021-04-11
2258,Brendan,Ross,164189,1164189,"La Canada, CA",Los Angeles Table Tennis Association,1846,2024-06-02,0,,ACTIVE,ICC Joola Fall Open 2020,1476.0,1460.0,2020-10-10,2020-10-11
2288,Megha,Ranganath,104096,203096,"Irvine, CA",Orange County Table Tennis Academy,1842,2024-06-22,1296,2019-01-12,ACTIVE,ICC JOOLA SUMMER OPEN- 2021,1718.0,1651.0,2021-05-29,2021-05-30
2288,Megha,Ranganath,104096,203096,"Irvine, CA",Orange County Table Tennis Academy,1842,2024-06-22,1296,2019-01-12,ACTIVE,ICC Butterfly Winter Open,1475.0,1440.0,2019-02-24,2019-02-24
2288,Megha,Ranganath,104096,203096,"Irvine, CA",Orange County Table Tennis Academy,1842,2024-06-22,1296,2019-01-12,ACTIVE,2018 ICC Butterfly America Open,1458.0,1438.0,2018-12-07,2018-12-09
2288,Megha,Ranganath,104096,203096,"Irvine, CA",Orange County Table Tennis Academy,1842,2024-06-22,1296,2019-01-12,ACTIVE,ICC Butterfly America Open - 2018,1589.0,1589.0,2018-05-06,2018-05-06
2288,Megha,Ranganath,104096,203096,"Irvine, CA",Orange County Table Tennis Academy,1842,2024-06-22,1296,2019-01-12,ACTIVE,ICC Butterfly California State Open,252.0,198.0,2016-12-02,2016-12-04
2295,Henry,Wu,112420,928279,"Foster City, CA",Pong Planet,1841,2024-05-18,1862,2024-05-24,ACTIVE,2024 ICC JOOLA Summer OPEN,1855.0,1847.0,2024-05-04,2024-05-05
2295,Henry,Wu,112420,928279,"Foster City, CA",Pong Planet,1841,2024-05-18,1862,2024-05-24,ACTIVE,2024 ICC JOOLA Spring OPEN,1889.0,1888.0,2024-03-02,2024-03-03
2295,Henry,Wu,112420,928279,"Foster City, CA",Pong Planet,1841,2024-05-18,1862,2024-05-24,ACTIVE,2023 ICC JOOLA Winter Open,1889.0,1892.0,2023-12-02,2023-12-03
2295,Henry,Wu,112420,928279,"Foster City, CA",Pong Planet,1841,2024-05-18,1862,2024-05-24,ACTIVE,ICC JOOLA Fall Open,1861.0,1866.0,2023-08-26,2023-08-27
2295,Henry,Wu,112420,928279,"Foster City, CA",Pong Planet,1841,2024-05-18,1862,2024-05-24,ACTIVE,ICC JOOLA Fall Open,1962.0,1943.0,2022-09-10,2022-09-11
2295,Henry,Wu,112420,928279,"Foster City, CA",Pong Planet,1841,2024-05-18,1862,2024-05-24,ACTIVE,ICC JOOLA Winter Open 2021,1953.0,1947.0,2021-11-13,2021-11-14
2295,Henry,Wu,112420,928279,"Foster City, CA",Pong Planet,1841,2024-05-18,1862,2024-05-24,ACTIVE,ICC JOOLA Spring Open 2020,1978.0,1954.0,2020-03-07,2020-03-08
2295,Henry,Wu,112420,928279,"Foster City, CA",Pong Planet,1841,2024-05-18,1862,2024-05-24,ACTIVE,ICC JOOLA Fall Open,1984.0,1999.0,2019-09-08,2019-09-08
2295,Henry,Wu,112420,928279,"Foster City, CA",Pong Planet,1841,2024-05-18,1862,2024-05-24,ACTIVE,ICC Joola Spring Open,1988.0,1984.0,2019-05-12,2019-05-12
2295,Henry,Wu,112420,928279,"Foster City, CA",Pong Planet,1841,2024-05-18,1862,2024-05-24,ACTIVE,ICC Butterfly Winter Open,2018.0,2003.0,2019-02-24,2019-02-24
2295,Henry,Wu,112420,928279,"Foster City, CA",Pong Planet,1841,2024-05-18,1862,2024-05-24,ACTIVE,2018 ICC Butterfly America Open,2040.0,2018.0,2018-12-07,2018-12-09
2295,Henry,Wu,112420,928279,"Foster City, CA",Pong Planet,1841,2024-05-18,1862,2024-05-24,ACTIVE,ICC Butterfly America Open - 2018,1959.0,1958.0,2018-05-06,2018-05-06
2295,Henry,Wu,112420,928279,"Foster City, CA",Pong Planet,1841,2024-05-18,1862,2024-05-24,ACTIVE,ICC Butterfly California State Open,1891.0,1919.0,2016-12-02,2016-12-04
2295,Henry,Wu,112420,928279,"Foster City, CA",Pong Planet,1841,2024-05-18,1862,2024-05-24,ACTIVE,ICC STIGA California Open,1527.0,1726.0,2015-12-06,
2299,Chenguang,Zhu,56025,91100,"Menlo Park, CA",Seattle Pacific Table Tennis Club,1841,2024-06-22,1832,2024-06-18,ACTIVE,ICC STIGA California Open,1685.0,1696.0,2015-12-06,
2299,Chenguang,Zhu,56025,91100,"Menlo Park, CA",Seattle Pacific Table Tennis Club,1841,2024-06-22,1832,2024-06-18,ACTIVE,ICC STIGA California Open,1478.0,1478.0,2015-05-03,
2299,Chenguang,Zhu,56025,91100,"Menlo Park, CA",Seattle Pacific Table Tennis Club,1841,2024-06-22,1832,2024-06-18,ACTIVE,ICC California State Open,1223.0,1478.0,2014-12-07,
2310,Stephanie,Qin,176694,275694,"Fremont, CA",(TTA) Table Tennis America,1839,2024-07-07,1493,2024-06-30,ACTIVE,2023 ICC JOOLA Autumn Open,1812.0,1790.0,2023-10-28,2023-10-29
2310,Stephanie,Qin,176694,275694,"Fremont, CA",(TTA) Table Tennis America,1839,2024-07-07,1493,2024-06-30,ACTIVE,ICC JOOLA Summer Open,1598.0,1601.0,2023-05-06,2023-05-07
2311,Aarush,Yagnik,118582,217582,"Folsom, CA",Folsom Table Tennis Club,1839,2024-08-11,2052,2024-08-29,ACTIVE,ICC JOOLA Spring Open 2022,1866.0,1864.0,2022-03-19,2022-03-20
2325,Rahul,Chatwani,15022,81586,"Fremont, CA",,1838,2024-02-19,1737,2024-02-04,ACTIVE,2023 ICC JOOLA Autumn Open,1668.0,1589.0,2023-10-28,2023-10-29
2325,Rahul,Chatwani,15022,81586,"Fremont, CA",,1838,2024-02-19,1737,2024-02-04,ACTIVE,ICC CA State Open,549.0,555.0,2011-03-20,
2325,Rahul,Chatwani,15022,81586,"Fremont, CA",,1838,2024-02-19,1737,2024-02-04,ACTIVE,ICC CA State Open,223.0,549.0,2010-12-05,
2325,Rahul,Chatwani,15022,81586,"Fremont, CA",,1838,2024-02-19,1737,2024-02-04,ACTIVE,ICC CA State Open,211.0,223.0,2010-05-02,
2325,Rahul,Chatwani,15022,81586,"Fremont, CA",,1838,2024-02-19,1737,2024-02-04,ACTIVE,ICC CA State Open,192.0,211.0,2010-02-28,
2325,Rahul,Chatwani,15022,81586,"Fremont, CA",,1838,2024-02-19,1737,2024-02-04,ACTIVE,ICC California State Open,0.0,192.0,2009-12-06,
2329,Jun,Velasco,166473,1166473,Palmdale,,1837,2024-08-24,1773,2024-02-23,ACTIVE,ICC Joola Spring Open 2021,1817.0,1776.0,2021-04-10,2021-04-11
2334,Tianwei,Chen,15420,35045,"Eugene, OR",,1836,2018-11-10,1779,2024-08-17,ACTIVE,ICC Butterfly California State Open,1833.0,1841.0,2016-12-02,2016-12-04
2339,Qingzhou,Luo,99478,198478,"Los Altos, CA",Champaign County Table Tennis Club (CCTTC),1835,2022-03-27,1782,2022-11-26,ACTIVE,ICC JOOLA Spring Open 2022,1829.0,1846.0,2022-03-19,2022-03-20
2339,Qingzhou,Luo,99478,198478,"Los Altos, CA",Champaign County Table Tennis Club (CCTTC),1835,2022-03-27,1782,2022-11-26,ACTIVE,ICC Butterfly California State Open,1679.0,1712.0,2016-12-02,2016-12-04
2339,Qingzhou,Luo,99478,198478,"Los Altos, CA",Champaign County Table Tennis Club (CCTTC),1835,2022-03-27,1782,2022-11-26,ACTIVE,ICC STIGA California Open,1635.0,1679.0,2015-12-06,
2360,Ella,Zhou,171725,270725,"Santa Rosa, CA",(TTA) Table Tennis America,1832,2024-07-07,1686,2024-08-25,ACTIVE,2023 ICC JOOLA Winter Open,1341.0,1323.0,2023-12-02,2023-12-03
2360,Ella,Zhou,171725,270725,"Santa Rosa, CA",(TTA) Table Tennis America,1832,2024-07-07,1686,2024-08-25,ACTIVE,ICC JOOLA Spring Open,285.0,356.0,2023-03-04,2023-03-05
2393,Divya,Chalise,119651,218651,"Berkeley, TX",,1826,2024-08-25,1745,2024-07-21,ACTIVE,2024 ICC JOOLA Fall OPEN,1834.0,1826.0,2024-08-24,2024-08-25
2393,Divya,Chalise,119651,218651,"Berkeley, TX",,1826,2024-08-25,1745,2024-07-21,ACTIVE,ICC JOOLA Summer Open,1744.0,1744.0,2022-05-14,2022-05-15
2396,Mark,Da Vee,1552,5226,"Monterey, CA",,1825,2024-05-18,0,,ACTIVE,ICC CA State Open,1844.0,1823.0,2011-12-04,
2414,David,Davallou,1618,95288,"Oakland, CA",Alameda Ping Pong Gym,1822,2024-03-16,1746,2015-10-03,ACTIVE,2018 ICC Butterfly America Open,1671.0,1666.0,2018-12-07,2018-12-09
2414,David,Davallou,1618,95288,"Oakland, CA",Alameda Ping Pong Gym,1822,2024-03-16,1746,2015-10-03,ACTIVE,ICC Butterfly America Open - 2018,1671.0,1671.0,2018-05-06,2018-05-06
2414,David,Davallou,1618,95288,"Oakland, CA",Alameda Ping Pong Gym,1822,2024-03-16,1746,2015-10-03,ACTIVE,ICC Butterfly California State Open,1757.0,1728.0,2016-12-02,2016-12-04
2414,David,Davallou,1618,95288,"Oakland, CA",Alameda Ping Pong Gym,1822,2024-03-16,1746,2015-10-03,ACTIVE,ICC STIGA California Open,1806.0,1799.0,2015-05-03,
2414,David,Davallou,1618,95288,"Oakland, CA",Alameda Ping Pong Gym,1822,2024-03-16,1746,2015-10-03,ACTIVE,ICC California State Open,0.0,1624.0,2014-12-07,
2416,Titus,Ho,172178,271178,"San Jose, CA",888 Table Tennis Center - San Jose,1822,2024-09-02,1541,2024-08-17,ACTIVE,2024 ICC JOOLA Fall OPEN,1795.0,1798.0,2024-08-24,2024-08-25
2416,Titus,Ho,172178,271178,"San Jose, CA",888 Table Tennis Center - San Jose,1822,2024-09-02,1541,2024-08-17,ACTIVE,2024 ICC JOOLA Spring OPEN,1793.0,1785.0,2024-03-02,2024-03-03
2416,Titus,Ho,172178,271178,"San Jose, CA",888 Table Tennis Center - San Jose,1822,2024-09-02,1541,2024-08-17,ACTIVE,2023 ICC JOOLA Winter Open,1422.0,1441.0,2023-12-02,2023-12-03
2416,Titus,Ho,172178,271178,"San Jose, CA",888 Table Tennis Center - San Jose,1822,2024-09-02,1541,2024-08-17,ACTIVE,2023 ICC JOOLA Autumn Open,1407.0,1422.0,2023-10-28,2023-10-29
2416,Titus,Ho,172178,271178,"San Jose, CA",888 Table Tennis Center - San Jose,1822,2024-09-02,1541,2024-08-17,ACTIVE,ICC JOOLA Fall Open,1261.0,1281.0,2023-08-26,2023-08-27
2416,Titus,Ho,172178,271178,"San Jose, CA",888 Table Tennis Center - San Jose,1822,2024-09-02,1541,2024-08-17,ACTIVE,ICC JOOLA Summer Open,1149.0,1091.0,2023-05-06,2023-05-07
2420,Paul,Pan,5918,64221,"Daly City, CA",Pong Planet,1821,2023-09-17,1721,2024-03-22,ACTIVE,ICC CA State Open,1822.0,1873.0,2013-02-17,
2430,Thy,Nham,38483,80883,"Santa Clara, CA",,1820,2018-03-02,1663,2019-02-09,ACTIVE,ICC CA State Open,1673.0,1693.0,2011-06-05,
2434,Maximilian,He,171444,270444,"Fremont, CA",(TTA) Table Tennis America,1820,2024-08-25,1708,2024-08-25,ACTIVE,2024 ICC JOOLA Fall OPEN,1830.0,1820.0,2024-08-24,2024-08-25
2434,Maximilian,He,171444,270444,"Fremont, CA",(TTA) Table Tennis America,1820,2024-08-25,1708,2024-08-25,ACTIVE,2023 ICC JOOLA Winter Open,1767.0,1793.0,2023-12-02,2023-12-03
2434,Maximilian,He,171444,270444,"Fremont, CA",(TTA) Table Tennis America,1820,2024-08-25,1708,2024-08-25,ACTIVE,2023 ICC JOOLA Autumn Open,1766.0,1767.0,2023-10-28,2023-10-29
2434,Maximilian,He,171444,270444,"Fremont, CA",(TTA) Table Tennis America,1820,2024-08-25,1708,2024-08-25,ACTIVE,ICC JOOLA Fall Open,1741.0,1747.0,2023-08-26,2023-08-27
2434,Maximilian,He,171444,270444,"Fremont, CA",(TTA) Table Tennis America,1820,2024-08-25,1708,2024-08-25,ACTIVE,ICC JOOLA Summer Open,1781.0,1801.0,2023-05-06,2023-05-07
2434,Maximilian,He,171444,270444,"Fremont, CA",(TTA) Table Tennis America,1820,2024-08-25,1708,2024-08-25,ACTIVE,ICC JOOLA Spring Open,1747.0,1723.0,2023-03-04,2023-03-05
2434,Maximilian,He,171444,270444,"Fremont, CA",(TTA) Table Tennis America,1820,2024-08-25,1708,2024-08-25,ACTIVE,ICC JOOLA Autumn Open,1072.0,1423.0,2022-10-15,2022-10-16
2434,Maximilian,He,171444,270444,"Fremont, CA",(TTA) Table Tennis America,1820,2024-08-25,1708,2024-08-25,ACTIVE,ICC JOOLA SUMMER OPEN- 2021,0.0,219.0,2021-05-29,2021-05-30
2457,David,Stoppelman,7451,96502,"Woodland Hills, CA",,1816,2024-06-02,0,,ACTIVE,ICC JOOLA Fall Open 2021,1921.0,1914.0,2021-08-28,2021-08-29
2457,David,Stoppelman,7451,96502,"Woodland Hills, CA",,1816,2024-06-02,0,,ACTIVE,ICC Joola Spring Open 2021,1924.0,1921.0,2021-04-10,2021-04-11
2476,Xiaofei,Ren,42614,93563,"San Jose, CA",Swan Ping Pong,1814,2022-12-21,1788,2024-07-14,ACTIVE,ICC California State Open,1612.0,1722.0,2014-12-07,
2478,Yun,Peng,40340,76263,"San Jose, CA",Swan Ping Pong,1814,2018-03-02,1985,2023-10-01,ACTIVE,ICC California State Open,1776.0,1814.0,2014-12-07,
2478,Yun,Peng,40340,76263,"San Jose, CA",Swan Ping Pong,1814,2018-03-02,1985,2023-10-01,ACTIVE,ICC California State Open,1575.0,1732.0,2012-03-18,
2478,Yun,Peng,40340,76263,"San Jose, CA",Swan Ping Pong,1814,2018-03-02,1985,2023-10-01,ACTIVE,ICC CA State Open,1558.0,1569.0,2011-06-05,
2482,Neave,Joy,170440,269440,"Liberty Hill, TX",Lonestar Table Tennis Academy,1814,2024-07-27,1793,2024-05-08,ACTIVE,ICC JOOLA Autumn Open,1317.0,1237.0,2022-10-15,2022-10-16
2492,Luis,Crescitelli,1512,53412,"Orange, CA",Orange County Table Tennis Academy,1813,2024-08-24,1635,2015-11-12,ACTIVE,ICC Joola Fall Open 2020,1840.0,1799.0,2020-10-10,2020-10-11
2503,Advik,Pradhan,125072,224072,"Milpitas, CA",Kou Lei Table Tennis Club,1811,2024-07-07,1633,2024-09-07,ACTIVE,2024 ICC JOOLA Summer OPEN,1737.0,1738.0,2024-05-04,2024-05-05
2503,Advik,Pradhan,125072,224072,"Milpitas, CA",Kou Lei Table Tennis Club,1811,2024-07-07,1633,2024-09-07,ACTIVE,2024 ICC JOOLA Spring OPEN,1744.0,1738.0,2024-03-02,2024-03-03
2503,Advik,Pradhan,125072,224072,"Milpitas, CA",Kou Lei Table Tennis Club,1811,2024-07-07,1633,2024-09-07,ACTIVE,2023 ICC JOOLA Winter Open,1786.0,1775.0,2023-12-02,2023-12-03
2503,Advik,Pradhan,125072,224072,"Milpitas, CA",Kou Lei Table Tennis Club,1811,2024-07-07,1633,2024-09-07,ACTIVE,2023 ICC JOOLA Autumn Open,1815.0,1786.0,2023-10-28,2023-10-29
2503,Advik,Pradhan,125072,224072,"Milpitas, CA",Kou Lei Table Tennis Club,1811,2024-07-07,1633,2024-09-07,ACTIVE,ICC JOOLA Fall Open,1853.0,1817.0,2023-08-26,2023-08-27
2503,Advik,Pradhan,125072,224072,"Milpitas, CA",Kou Lei Table Tennis Club,1811,2024-07-07,1633,2024-09-07,ACTIVE,ICC JOOLA Summer Open,1648.0,1658.0,2023-05-06,2023-05-07
2503,Advik,Pradhan,125072,224072,"Milpitas, CA",Kou Lei Table Tennis Club,1811,2024-07-07,1633,2024-09-07,ACTIVE,ICC JOOLA Spring Open,1670.0,1649.0,2023-03-04,2023-03-05
2503,Advik,Pradhan,125072,224072,"Milpitas, CA",Kou Lei Table Tennis Club,1811,2024-07-07,1633,2024-09-07,ACTIVE,ICC JOOLA Winter Open,1612.0,1576.0,2022-12-03,2022-12-04
2503,Advik,Pradhan,125072,224072,"Milpitas, CA",Kou Lei Table Tennis Club,1811,2024-07-07,1633,2024-09-07,ACTIVE,ICC JOOLA Autumn Open,1646.0,1612.0,2022-10-15,2022-10-16
2503,Advik,Pradhan,125072,224072,"Milpitas, CA",Kou Lei Table Tennis Club,1811,2024-07-07,1633,2024-09-07,ACTIVE,ICC JOOLA Fall Open,1656.0,1646.0,2022-09-10,2022-09-11
2503,Advik,Pradhan,125072,224072,"Milpitas, CA",Kou Lei Table Tennis Club,1811,2024-07-07,1633,2024-09-07,ACTIVE,ICC JOOLA Summer Open,1276.0,1266.0,2022-05-14,2022-05-15
2503,Advik,Pradhan,125072,224072,"Milpitas, CA",Kou Lei Table Tennis Club,1811,2024-07-07,1633,2024-09-07,ACTIVE,ICC JOOLA Winter Open 2021,1294.0,1279.0,2021-11-13,2021-11-14
2503,Advik,Pradhan,125072,224072,"Milpitas, CA",Kou Lei Table Tennis Club,1811,2024-07-07,1633,2024-09-07,ACTIVE,ICC JOOLA Fall Open 2021,1309.0,1294.0,2021-08-28,2021-08-29
2503,Advik,Pradhan,125072,224072,"Milpitas, CA",Kou Lei Table Tennis Club,1811,2024-07-07,1633,2024-09-07,ACTIVE,ICC JOOLA SUMMER OPEN- 2021,764.0,786.0,2021-05-29,2021-05-30
2503,Advik,Pradhan,125072,224072,"Milpitas, CA",Kou Lei Table Tennis Club,1811,2024-07-07,1633,2024-09-07,ACTIVE,ICC Joola Spring Open 2021,906.0,844.0,2021-04-10,2021-04-11
2503,Advik,Pradhan,125072,224072,"Milpitas, CA",Kou Lei Table Tennis Club,1811,2024-07-07,1633,2024-09-07,ACTIVE,ICC JOOLA Spring Open 2020,988.0,906.0,2020-03-07,2020-03-08
2503,Advik,Pradhan,125072,224072,"Milpitas, CA",Kou Lei Table Tennis Club,1811,2024-07-07,1633,2024-09-07,ACTIVE,ICC JOOLA Winter Open,150.0,151.0,2019-11-08,2019-11-10
2503,Advik,Pradhan,125072,224072,"Milpitas, CA",Kou Lei Table Tennis Club,1811,2024-07-07,1633,2024-09-07,ACTIVE,ICC JOOLA Fall Open,206.0,150.0,2019-09-08,2019-09-08
2503,Advik,Pradhan,125072,224072,"Milpitas, CA",Kou Lei Table Tennis Club,1811,2024-07-07,1633,2024-09-07,ACTIVE,ICC Joola Spring Open,68.0,99.0,2019-05-12,2019-05-12
2503,Advik,Pradhan,125072,224072,"Milpitas, CA",Kou Lei Table Tennis Club,1811,2024-07-07,1633,2024-09-07,ACTIVE,ICC Butterfly Winter Open,0.0,68.0,2019-02-24,2019-02-24
2515,Vihaan,Taneja,176877,275877,"Burlingame, CA",888 Table Tennis Center,1810,2024-09-02,1740,2024-06-02,ACTIVE,2024 ICC JOOLA Fall OPEN,1826.0,1810.0,2024-08-24,2024-08-25
2515,Vihaan,Taneja,176877,275877,"Burlingame, CA",888 Table Tennis Center,1810,2024-09-02,1740,2024-06-02,ACTIVE,2024 ICC JOOLA Summer OPEN,1780.0,1758.0,2024-05-04,2024-05-05
2516,Sharath,Bellulli Amarnath,518,97005,"Sunnyvale, CA",World Champions Table Tennis Academy (WCTTA),1809,2018-05-06,1625,2024-02-25,ACTIVE,ICC Butterfly America Open - 2018,1851.0,1809.0,2018-05-06,2018-05-06
2516,Sharath,Bellulli Amarnath,518,97005,"Sunnyvale, CA",World Champions Table Tennis Academy (WCTTA),1809,2018-05-06,1625,2024-02-25,ACTIVE,ICC Butterfly California State Open,1654.0,1677.0,2016-12-02,2016-12-04
2516,Sharath,Bellulli Amarnath,518,97005,"Sunnyvale, CA",World Champions Table Tennis Academy (WCTTA),1809,2018-05-06,1625,2024-02-25,ACTIVE,ICC STIGA California Open,1213.0,1590.0,2015-12-06,
2519,Disha,Bhattacharyya,173737,272737,"San Ramon, CA",Micro Motion Table Tennis Academy,1809,2024-09-02,1565,2024-09-07,ACTIVE,2024 ICC JOOLA Fall OPEN,1772.0,1700.0,2024-08-24,2024-08-25
2519,Disha,Bhattacharyya,173737,272737,"San Ramon, CA",Micro Motion Table Tennis Academy,1809,2024-09-02,1565,2024-09-07,ACTIVE,2024 ICC JOOLA Spring OPEN,1654.0,1626.0,2024-03-02,2024-03-03
2519,Disha,Bhattacharyya,173737,272737,"San Ramon, CA",Micro Motion Table Tennis Academy,1809,2024-09-02,1565,2024-09-07,ACTIVE,2023 ICC JOOLA Winter Open,1304.0,1283.0,2023-12-02,2023-12-03
2519,Disha,Bhattacharyya,173737,272737,"San Ramon, CA",Micro Motion Table Tennis Academy,1809,2024-09-02,1565,2024-09-07,ACTIVE,ICC JOOLA Spring Open,441.0,388.0,2023-03-04,2023-03-05
2519,Disha,Bhattacharyya,173737,272737,"San Ramon, CA",Micro Motion Table Tennis Academy,1809,2024-09-02,1565,2024-09-07,ACTIVE,ICC JOOLA Winter Open,152.0,314.0,2022-12-03,2022-12-04
2519,Disha,Bhattacharyya,173737,272737,"San Ramon, CA",Micro Motion Table Tennis Academy,1809,2024-09-02,1565,2024-09-07,ACTIVE,ICC JOOLA Autumn Open,103.0,128.0,2022-10-15,2022-10-16
2519,Disha,Bhattacharyya,173737,272737,"San Ramon, CA",Micro Motion Table Tennis Academy,1809,2024-09-02,1565,2024-09-07,ACTIVE,ICC JOOLA Fall Open,96.0,103.0,2022-09-10,2022-09-11
2619,Harrison,Barclay,168895,267895,"Austin, PA",,1796,2024-08-25,1717,2022-07-06,ACTIVE,2024 ICC JOOLA Fall OPEN,1809.0,1796.0,2024-08-24,2024-08-25
2628,Dhruv B,Sampat,6771,86755,"Mountain View, CA",(TTA) Table Tennis America,1794,2024-09-02,1637,2021-12-11,ACTIVE,ICC JOOLA Winter Open,1737.0,1748.0,2019-11-08,2019-11-10
2628,Dhruv B,Sampat,6771,86755,"Mountain View, CA",(TTA) Table Tennis America,1794,2024-09-02,1637,2021-12-11,ACTIVE,ICC Butterfly America Open - 2018,1791.0,1680.0,2018-05-06,2018-05-06
2628,Dhruv B,Sampat,6771,86755,"Mountain View, CA",(TTA) Table Tennis America,1794,2024-09-02,1637,2021-12-11,ACTIVE,ICC Butterfly California State Open,1636.0,1617.0,2016-12-02,2016-12-04
2628,Dhruv B,Sampat,6771,86755,"Mountain View, CA",(TTA) Table Tennis America,1794,2024-09-02,1637,2021-12-11,ACTIVE,ICC STIGA California Open,1322.0,1366.0,2015-12-06,
2628,Dhruv B,Sampat,6771,86755,"Mountain View, CA",(TTA) Table Tennis America,1794,2024-09-02,1637,2021-12-11,ACTIVE,ICC CA State Open,1119.0,1022.0,2013-05-19,
2628,Dhruv B,Sampat,6771,86755,"Mountain View, CA",(TTA) Table Tennis America,1794,2024-09-02,1637,2021-12-11,ACTIVE,ICC California State Open,1234.0,1221.0,2012-12-09,
2628,Dhruv B,Sampat,6771,86755,"Mountain View, CA",(TTA) Table Tennis America,1794,2024-09-02,1637,2021-12-11,ACTIVE,ICC California State Open,871.0,918.0,2012-05-27,
2628,Dhruv B,Sampat,6771,86755,"Mountain View, CA",(TTA) Table Tennis America,1794,2024-09-02,1637,2021-12-11,ACTIVE,ICC California State Open,878.0,839.0,2012-03-18,
2628,Dhruv B,Sampat,6771,86755,"Mountain View, CA",(TTA) Table Tennis America,1794,2024-09-02,1637,2021-12-11,ACTIVE,ICC CA State Open,775.0,888.0,2011-12-04,
2640,Jing,Jin,3459,82234,"Mountain View, CA",Silicon Valley Table Tennis Club (SVTTC),1793,2024-05-05,1658,2023-08-06,ACTIVE,2024 ICC JOOLA Summer OPEN,1771.0,1793.0,2024-05-04,2024-05-05
2640,Jing,Jin,3459,82234,"Mountain View, CA",Silicon Valley Table Tennis Club (SVTTC),1793,2024-05-05,1658,2023-08-06,ACTIVE,2024 ICC JOOLA Spring OPEN,1827.0,1813.0,2024-03-02,2024-03-03
2640,Jing,Jin,3459,82234,"Mountain View, CA",Silicon Valley Table Tennis Club (SVTTC),1793,2024-05-05,1658,2023-08-06,ACTIVE,2023 ICC JOOLA Winter Open,1632.0,1639.0,2023-12-02,2023-12-03
2640,Jing,Jin,3459,82234,"Mountain View, CA",Silicon Valley Table Tennis Club (SVTTC),1793,2024-05-05,1658,2023-08-06,ACTIVE,2023 ICC JOOLA Autumn Open,1677.0,1632.0,2023-10-28,2023-10-29
2640,Jing,Jin,3459,82234,"Mountain View, CA",Silicon Valley Table Tennis Club (SVTTC),1793,2024-05-05,1658,2023-08-06,ACTIVE,ICC JOOLA Fall Open,1727.0,1679.0,2023-08-26,2023-08-27
2640,Jing,Jin,3459,82234,"Mountain View, CA",Silicon Valley Table Tennis Club (SVTTC),1793,2024-05-05,1658,2023-08-06,ACTIVE,ICC JOOLA Summer Open,1756.0,1727.0,2023-05-06,2023-05-07
2640,Jing,Jin,3459,82234,"Mountain View, CA",Silicon Valley Table Tennis Club (SVTTC),1793,2024-05-05,1658,2023-08-06,ACTIVE,ICC JOOLA Spring Open,1765.0,1756.0,2023-03-04,2023-03-05
2640,Jing,Jin,3459,82234,"Mountain View, CA",Silicon Valley Table Tennis Club (SVTTC),1793,2024-05-05,1658,2023-08-06,ACTIVE,ICC JOOLA Autumn Open,1891.0,1866.0,2022-10-15,2022-10-16
2640,Jing,Jin,3459,82234,"Mountain View, CA",Silicon Valley Table Tennis Club (SVTTC),1793,2024-05-05,1658,2023-08-06,ACTIVE,ICC JOOLA Fall Open,1901.0,1891.0,2022-09-10,2022-09-11
2640,Jing,Jin,3459,82234,"Mountain View, CA",Silicon Valley Table Tennis Club (SVTTC),1793,2024-05-05,1658,2023-08-06,ACTIVE,ICC Joola Spring Open,1871.0,1883.0,2019-05-12,2019-05-12
2640,Jing,Jin,3459,82234,"Mountain View, CA",Silicon Valley Table Tennis Club (SVTTC),1793,2024-05-05,1658,2023-08-06,ACTIVE,ICC Butterfly Winter Open,1882.0,1871.0,2019-02-24,2019-02-24
2640,Jing,Jin,3459,82234,"Mountain View, CA",Silicon Valley Table Tennis Club (SVTTC),1793,2024-05-05,1658,2023-08-06,ACTIVE,2018 ICC Butterfly America Open,1909.0,1882.0,2018-12-07,2018-12-09
2640,Jing,Jin,3459,82234,"Mountain View, CA",Silicon Valley Table Tennis Club (SVTTC),1793,2024-05-05,1658,2023-08-06,ACTIVE,ICC STIGA California Open,1759.0,1756.0,2015-05-03,
2640,Jing,Jin,3459,82234,"Mountain View, CA",Silicon Valley Table Tennis Club (SVTTC),1793,2024-05-05,1658,2023-08-06,ACTIVE,ICC California State Open,1691.0,1757.0,2014-12-07,
2640,Jing,Jin,3459,82234,"Mountain View, CA",Silicon Valley Table Tennis Club (SVTTC),1793,2024-05-05,1658,2023-08-06,ACTIVE,ICC California State Open,1595.0,1773.0,2014-04-06,
2640,Jing,Jin,3459,82234,"Mountain View, CA",Silicon Valley Table Tennis Club (SVTTC),1793,2024-05-05,1658,2023-08-06,ACTIVE,ICC CA State Open,1439.0,1595.0,2013-12-08,
2640,Jing,Jin,3459,82234,"Mountain View, CA",Silicon Valley Table Tennis Club (SVTTC),1793,2024-05-05,1658,2023-08-06,ACTIVE,ICC CA State Open,1507.0,1439.0,2013-05-19,
2640,Jing,Jin,3459,82234,"Mountain View, CA",Silicon Valley Table Tennis Club (SVTTC),1793,2024-05-05,1658,2023-08-06,ACTIVE,ICC CA State Open,1423.0,1507.0,2013-02-17,
2640,Jing,Jin,3459,82234,"Mountain View, CA",Silicon Valley Table Tennis Club (SVTTC),1793,2024-05-05,1658,2023-08-06,ACTIVE,ICC California State Open,1310.0,1423.0,2012-12-09,
2640,Jing,Jin,3459,82234,"Mountain View, CA",Silicon Valley Table Tennis Club (SVTTC),1793,2024-05-05,1658,2023-08-06,ACTIVE,ICC California State Open,1295.0,1290.0,2012-05-27,
2640,Jing,Jin,3459,82234,"Mountain View, CA",Silicon Valley Table Tennis Club (SVTTC),1793,2024-05-05,1658,2023-08-06,ACTIVE,ICC California State Open,1301.0,1295.0,2012-03-18,
2640,Jing,Jin,3459,82234,"Mountain View, CA",Silicon Valley Table Tennis Club (SVTTC),1793,2024-05-05,1658,2023-08-06,ACTIVE,ICC CA State Open,1304.0,1301.0,2011-12-04,
2640,Jing,Jin,3459,82234,"Mountain View, CA",Silicon Valley Table Tennis Club (SVTTC),1793,2024-05-05,1658,2023-08-06,ACTIVE,ICC CA State Open,1350.0,1346.0,2011-06-05,
2640,Jing,Jin,3459,82234,"Mountain View, CA",Silicon Valley Table Tennis Club (SVTTC),1793,2024-05-05,1658,2023-08-06,ACTIVE,ICC CA State Open,1344.0,1342.0,2011-03-20,
2640,Jing,Jin,3459,82234,"Mountain View, CA",Silicon Valley Table Tennis Club (SVTTC),1793,2024-05-05,1658,2023-08-06,ACTIVE,ICC CA State Open,1345.0,1344.0,2010-12-05,
2640,Jing,Jin,3459,82234,"Mountain View, CA",Silicon Valley Table Tennis Club (SVTTC),1793,2024-05-05,1658,2023-08-06,ACTIVE,ICC CA State Open,1419.0,1354.0,2010-05-02,
2640,Jing,Jin,3459,82234,"Mountain View, CA",Silicon Valley Table Tennis Club (SVTTC),1793,2024-05-05,1658,2023-08-06,ACTIVE,ICC CA State Open,0.0,1419.0,2010-02-28,
2664,Laura,Zhang,171872,1171872,"-, CA",,1790,2024-09-02,1543,2024-06-24,ACTIVE,2023 ICC JOOLA Winter Open,1760.0,1765.0,2023-12-02,2023-12-03
2664,Laura,Zhang,171872,1171872,"-, CA",,1790,2024-09-02,1543,2024-06-24,ACTIVE,2023 ICC JOOLA Autumn Open,1718.0,1760.0,2023-10-28,2023-10-29
2664,Laura,Zhang,171872,1171872,"-, CA",,1790,2024-09-02,1543,2024-06-24,ACTIVE,ICC JOOLA Spring Open,1458.0,1453.0,2023-03-04,2023-03-05
2664,Laura,Zhang,171872,1171872,"-, CA",,1790,2024-09-02,1543,2024-06-24,ACTIVE,ICC JOOLA Winter Open,1452.0,1452.0,2022-12-03,2022-12-04
2664,Laura,Zhang,171872,1171872,"-, CA",,1790,2024-09-02,1543,2024-06-24,ACTIVE,ICC JOOLA Autumn Open,1253.0,1452.0,2022-10-15,2022-10-16
2664,Laura,Zhang,171872,1171872,"-, CA",,1790,2024-09-02,1543,2024-06-24,ACTIVE,ICC JOOLA Fall Open,1331.0,1253.0,2022-09-10,2022-09-11
2664,Laura,Zhang,171872,1171872,"-, CA",,1790,2024-09-02,1543,2024-06-24,ACTIVE,ICC JOOLA Summer Open,1267.0,1267.0,2022-05-14,2022-05-15
2664,Laura,Zhang,171872,1171872,"-, CA",,1790,2024-09-02,1543,2024-06-24,ACTIVE,ICC JOOLA Spring Open 2022,1283.0,1243.0,2022-03-19,2022-03-20
2664,Laura,Zhang,171872,1171872,"-, CA",,1790,2024-09-02,1543,2024-06-24,ACTIVE,ICC JOOLA Winter Open 2021,219.0,524.0,2021-11-13,2021-11-14
2672,Yash,Dholakia,170829,269829,"Seattle, WA",Seattle Pacific Table Tennis Club,1789,2024-06-30,2016,2023-09-16,ACTIVE,ICC JOOLA Spring Open 2022,1899.0,1944.0,2022-03-19,2022-03-20
2691,Kenny,Tien,7798,30471,"San Jose, CA",,1786,2023-02-11,1939,2020-08-09,ACTIVE,ICC STIGA California Open,1851.0,1793.0,2015-12-06,
2691,Kenny,Tien,7798,30471,"San Jose, CA",,1786,2023-02-11,1939,2020-08-09,ACTIVE,ICC CA State Open,2126.0,2105.0,2011-12-04,
2691,Kenny,Tien,7798,30471,"San Jose, CA",,1786,2023-02-11,1939,2020-08-09,ACTIVE,ICC CA State Open,2101.0,2193.0,2010-12-05,
2691,Kenny,Tien,7798,30471,"San Jose, CA",,1786,2023-02-11,1939,2020-08-09,ACTIVE,ICC CA State Open,2133.0,2096.0,2010-05-02,
2691,Kenny,Tien,7798,30471,"San Jose, CA",,1786,2023-02-11,1939,2020-08-09,ACTIVE,ICC CA State Open,2101.0,2133.0,2010-02-28,
2691,Kenny,Tien,7798,30471,"San Jose, CA",,1786,2023-02-11,1939,2020-08-09,ACTIVE,ICC California State Open,2074.0,2077.0,2009-12-06,
2691,Kenny,Tien,7798,30471,"San Jose, CA",,1786,2023-02-11,1939,2020-08-09,ACTIVE,ICC California State Open,2037.0,2035.0,2009-05-10,
2691,Kenny,Tien,7798,30471,"San Jose, CA",,1786,2023-02-11,1939,2020-08-09,ACTIVE,ICC California State Open,2020.0,2037.0,2009-03-01,
2694,Phong,Dao,1595,91339,"Sparks, NV",,1785,2024-05-18,1760,2023-04-30,ACTIVE,ICC JOOLA Winter Open,1631.0,1640.0,2022-12-03,2022-12-04
2694,Phong,Dao,1595,91339,"Sparks, NV",,1785,2024-05-18,1760,2023-04-30,ACTIVE,ICC JOOLA SUMMER OPEN- 2021,1626.0,1595.0,2021-05-29,2021-05-30
2703,James,Fu,2265,95707,"Superior, CO",,1784,2024-06-15,0,,ACTIVE,2024 ICC JOOLA Summer OPEN,1802.0,1794.0,2024-05-04,2024-05-05
2709,Vinay,Nagaraj,171519,270519,,,1783,2024-09-02,1693,2024-09-07,ACTIVE,2024 ICC JOOLA Fall OPEN,1777.0,1779.0,2024-08-24,2024-08-25
2709,Vinay,Nagaraj,171519,270519,,,1783,2024-09-02,1693,2024-09-07,ACTIVE,ICC JOOLA Fall Open,1643.0,1642.0,2022-09-10,2022-09-11
2709,Vinay,Nagaraj,171519,270519,,,1783,2024-09-02,1693,2024-09-07,ACTIVE,ICC JOOLA Spring Open 2022,1749.0,1743.0,2022-03-19,2022-03-20
2709,Vinay,Nagaraj,171519,270519,,,1783,2024-09-02,1693,2024-09-07,ACTIVE,ICC JOOLA Winter Open 2021,1449.0,1499.0,2021-11-13,2021-11-14
2709,Vinay,Nagaraj,171519,270519,,,1783,2024-09-02,1693,2024-09-07,ACTIVE,ICC JOOLA Fall Open 2021,1466.0,1437.0,2021-08-28,2021-08-29
2739,Carlos,Santana,44319,93374,"Granada Hills, CA",Westside Table Tennis Center,1778,2024-07-20,1702,2020-01-28,ACTIVE,ICC Butterfly Winter Open,1743.0,1742.0,2019-02-24,2019-02-24
2759,Zehao,Hu,173631,272631,"Redwood City, CA",Pong Planet,1775,2024-05-05,1675,2024-08-25,ACTIVE,2024 ICC JOOLA Summer OPEN,1737.0,1775.0,2024-05-04,2024-05-05
2759,Zehao,Hu,173631,272631,"Redwood City, CA",Pong Planet,1775,2024-05-05,1675,2024-08-25,ACTIVE,2023 ICC JOOLA Autumn Open,1738.0,1710.0,2023-10-28,2023-10-29
2759,Zehao,Hu,173631,272631,"Redwood City, CA",Pong Planet,1775,2024-05-05,1675,2024-08-25,ACTIVE,ICC JOOLA Spring Open,1621.0,1727.0,2023-03-04,2023-03-05
2759,Zehao,Hu,173631,272631,"Redwood City, CA",Pong Planet,1775,2024-05-05,1675,2024-08-25,ACTIVE,ICC JOOLA Fall Open,894.0,1389.0,2022-09-10,2022-09-11
2762,Max,Rogers,167014,1167014,"Upland, CA",,1775,2022-04-23,1722,2022-03-13,ACTIVE,ICC JOOLA Spring Open 2022,1791.0,1776.0,2022-03-19,2022-03-20
2762,Max,Rogers,167014,1167014,"Upland, CA",,1775,2022-04-23,1722,2022-03-13,ACTIVE,ICC Joola Fall Open 2020,890.0,1148.0,2020-10-10,2020-10-11
2777,Jimmy,Zhu,176086,275086,"Santa clara, CA",,1773,2024-08-25,1820,2024-09-07,ACTIVE,2024 ICC JOOLA Fall OPEN,1787.0,1773.0,2024-08-24,2024-08-25
2777,Jimmy,Zhu,176086,275086,"Santa clara, CA",,1773,2024-08-25,1820,2024-09-07,ACTIVE,2024 ICC JOOLA Summer OPEN,1735.0,1746.0,2024-05-04,2024-05-05
2777,Jimmy,Zhu,176086,275086,"Santa clara, CA",,1773,2024-08-25,1820,2024-09-07,ACTIVE,2023 ICC JOOLA Winter Open,1368.0,1408.0,2023-12-02,2023-12-03
2777,Jimmy,Zhu,176086,275086,"Santa clara, CA",,1773,2024-08-25,1820,2024-09-07,ACTIVE,ICC JOOLA Fall Open,172.0,699.0,2023-08-26,2023-08-27
2806,Parth,Bindal,171709,270709,Dublin,,1768,2024-09-02,1576,2024-09-07,ACTIVE,2024 ICC JOOLA Spring OPEN,1540.0,1540.0,2024-03-02,2024-03-03
2806,Parth,Bindal,171709,270709,Dublin,,1768,2024-09-02,1576,2024-09-07,ACTIVE,ICC JOOLA Fall Open,1041.0,1136.0,2023-08-26,2023-08-27
2806,Parth,Bindal,171709,270709,Dublin,,1768,2024-09-02,1576,2024-09-07,ACTIVE,ICC JOOLA Summer Open,445.0,445.0,2023-05-06,2023-05-07
2806,Parth,Bindal,171709,270709,Dublin,,1768,2024-09-02,1576,2024-09-07,ACTIVE,ICC JOOLA Winter Open,82.0,76.0,2022-12-03,2022-12-04
2818,Umar,Iqbal,123486,222486,Fremont,Fremont Table Tennis Academy,1766,2024-08-31,1800,2024-08-25,ACTIVE,ICC JOOLA Fall Open,881.0,881.0,2022-09-10,2022-09-11
2819,Danny,Hui,26279,70967,"Saratoga, CA",,1766,2018-03-02,1881,2022-10-29,ACTIVE,ICC California State Open,1774.0,1766.0,2009-12-06,
2819,Danny,Hui,26279,70967,"Saratoga, CA",,1766,2018-03-02,1881,2022-10-29,ACTIVE,ICC California State Open,1808.0,1774.0,2009-05-10,
2819,Danny,Hui,26279,70967,"Saratoga, CA",,1766,2018-03-02,1881,2022-10-29,ACTIVE,ICC California State Open,1815.0,1808.0,2009-03-01,
2819,Danny,Hui,26279,70967,"Saratoga, CA",,1766,2018-03-02,1881,2022-10-29,ACTIVE,ICC California State Open,1638.0,1815.0,2008-12-06,
2820,Qi,Cai,124588,223588,"FLUSHING, NY",New York Indoor Sports Club,1766,2024-08-25,1767,2023-04-15,ACTIVE,ICC JOOLA Fall Open 2021,1388.0,1392.0,2021-08-28,2021-08-29
2836,Hanson,Qin,41777,81606,"San Jose, CA",Learning Tree Table Tennis Club,1763,2024-05-18,1718,2024-09-07,ACTIVE,2024 ICC JOOLA Summer OPEN,1719.0,1762.0,2024-05-04,2024-05-05
2836,Hanson,Qin,41777,81606,"San Jose, CA",Learning Tree Table Tennis Club,1763,2024-05-18,1718,2024-09-07,ACTIVE,2023 ICC JOOLA Winter Open,1709.0,1693.0,2023-12-02,2023-12-03
2836,Hanson,Qin,41777,81606,"San Jose, CA",Learning Tree Table Tennis Club,1763,2024-05-18,1718,2024-09-07,ACTIVE,2023 ICC JOOLA Autumn Open,1702.0,1709.0,2023-10-28,2023-10-29
2836,Hanson,Qin,41777,81606,"San Jose, CA",Learning Tree Table Tennis Club,1763,2024-05-18,1718,2024-09-07,ACTIVE,ICC California State Open,1428.0,1462.0,2012-12-09,
2836,Hanson,Qin,41777,81606,"San Jose, CA",Learning Tree Table Tennis Club,1763,2024-05-18,1718,2024-09-07,ACTIVE,ICC California State Open,1224.0,1428.0,2012-03-18,
2836,Hanson,Qin,41777,81606,"San Jose, CA",Learning Tree Table Tennis Club,1763,2024-05-18,1718,2024-09-07,ACTIVE,ICC CA State Open,550.0,886.0,2011-12-04,
2836,Hanson,Qin,41777,81606,"San Jose, CA",Learning Tree Table Tennis Club,1763,2024-05-18,1718,2024-09-07,ACTIVE,ICC CA State Open,480.0,440.0,2011-03-20,
2836,Hanson,Qin,41777,81606,"San Jose, CA",Learning Tree Table Tennis Club,1763,2024-05-18,1718,2024-09-07,ACTIVE,ICC CA State Open,480.0,480.0,2010-12-05,
2836,Hanson,Qin,41777,81606,"San Jose, CA",Learning Tree Table Tennis Club,1763,2024-05-18,1718,2024-09-07,ACTIVE,ICC CA State Open,0.0,480.0,2010-05-02,
2853,Manant,Kochar,130837,229837,"Milpitas, CA",,1761,2023-12-21,1614,2024-06-08,ACTIVE,ICC JOOLA Summer Open,1641.0,1675.0,2023-05-06,2023-05-07
2853,Manant,Kochar,130837,229837,"Milpitas, CA",,1761,2023-12-21,1614,2024-06-08,ACTIVE,ICC JOOLA Spring Open,1687.0,1641.0,2023-03-04,2023-03-05
2853,Manant,Kochar,130837,229837,"Milpitas, CA",,1761,2023-12-21,1614,2024-06-08,ACTIVE,ICC JOOLA Winter Open,1511.0,1523.0,2022-12-03,2022-12-04
2853,Manant,Kochar,130837,229837,"Milpitas, CA",,1761,2023-12-21,1614,2024-06-08,ACTIVE,ICC JOOLA Autumn Open,1566.0,1511.0,2022-10-15,2022-10-16
2853,Manant,Kochar,130837,229837,"Milpitas, CA",,1761,2023-12-21,1614,2024-06-08,ACTIVE,ICC JOOLA Fall Open,1606.0,1566.0,2022-09-10,2022-09-11
2853,Manant,Kochar,130837,229837,"Milpitas, CA",,1761,2023-12-21,1614,2024-06-08,ACTIVE,ICC JOOLA Summer Open,1632.0,1599.0,2022-05-14,2022-05-15
2853,Manant,Kochar,130837,229837,"Milpitas, CA",,1761,2023-12-21,1614,2024-06-08,ACTIVE,ICC JOOLA Spring Open 2022,1648.0,1632.0,2022-03-19,2022-03-20
2853,Manant,Kochar,130837,229837,"Milpitas, CA",,1761,2023-12-21,1614,2024-06-08,ACTIVE,ICC JOOLA Spring Open 2020,1740.0,1648.0,2020-03-07,2020-03-08
2859,Matthew,Shen,116931,215931,"Fremont, CA",(TTA) Table Tennis America,1761,2024-05-11,1558,2024-03-09,ACTIVE,ICC JOOLA Spring Open 2022,1608.0,1608.0,2022-03-19,2022-03-20
2859,Matthew,Shen,116931,215931,"Fremont, CA",(TTA) Table Tennis America,1761,2024-05-11,1558,2024-03-09,ACTIVE,ICC JOOLA Spring Open 2020,1627.0,1622.0,2020-03-07,2020-03-08
2859,Matthew,Shen,116931,215931,"Fremont, CA",(TTA) Table Tennis America,1761,2024-05-11,1558,2024-03-09,ACTIVE,ICC JOOLA Fall Open,1686.0,1710.0,2019-09-08,2019-09-08
2859,Matthew,Shen,116931,215931,"Fremont, CA",(TTA) Table Tennis America,1761,2024-05-11,1558,2024-03-09,ACTIVE,ICC Joola Spring Open,1225.0,1446.0,2019-05-12,2019-05-12
2859,Matthew,Shen,116931,215931,"Fremont, CA",(TTA) Table Tennis America,1761,2024-05-11,1558,2024-03-09,ACTIVE,ICC Butterfly Winter Open,771.0,932.0,2019-02-24,2019-02-24
2859,Matthew,Shen,116931,215931,"Fremont, CA",(TTA) Table Tennis America,1761,2024-05-11,1558,2024-03-09,ACTIVE,2018 ICC Butterfly America Open,560.0,771.0,2018-12-07,2018-12-09
2868,Jack,Lynch,181160,1181160,"San Jose, CA",Fremont Table Tennis Academy,1760,2024-08-25,1256,2024-09-01,ACTIVE,2024 ICC JOOLA Summer OPEN,1192.0,1199.0,2024-05-04,2024-05-05
2868,Jack,Lynch,181160,1181160,"San Jose, CA",Fremont Table Tennis Academy,1760,2024-08-25,1256,2024-09-01,ACTIVE,2023 ICC JOOLA Winter Open,682.0,718.0,2023-12-02,2023-12-03
2868,Jack,Lynch,181160,1181160,"San Jose, CA",Fremont Table Tennis Academy,1760,2024-08-25,1256,2024-09-01,ACTIVE,2023 ICC JOOLA Autumn Open,645.0,682.0,2023-10-28,2023-10-29
2868,Jack,Lynch,181160,1181160,"San Jose, CA",Fremont Table Tennis Academy,1760,2024-08-25,1256,2024-09-01,ACTIVE,ICC JOOLA Fall Open,0.0,451.0,2023-08-26,2023-08-27
2902,Chandra,Annamaneni,170373,1170373,Milpitas,,1755,2024-08-25,1490,2024-08-31,ACTIVE,2024 ICC JOOLA Fall OPEN,1560.0,1755.0,2024-08-24,2024-08-25
2902,Chandra,Annamaneni,170373,1170373,Milpitas,,1755,2024-08-25,1490,2024-08-31,ACTIVE,2024 ICC JOOLA Summer OPEN,1645.0,1587.0,2024-05-04,2024-05-05
2902,Chandra,Annamaneni,170373,1170373,Milpitas,,1755,2024-08-25,1490,2024-08-31,ACTIVE,ICC JOOLA Spring Open 2020,0.0,1427.0,2020-03-07,2020-03-08
2920,Aswanth,Thilakkumar,172190,271190,"Fremont, CA",(TTA) Table Tennis America,1751,2023-12-21,1747,2024-09-08,ACTIVE,ICC JOOLA Summer Open,1481.0,1528.0,2023-05-06,2023-05-07
2920,Aswanth,Thilakkumar,172190,271190,"Fremont, CA",(TTA) Table Tennis America,1751,2023-12-21,1747,2024-09-08,ACTIVE,ICC JOOLA Spring Open,1503.0,1511.0,2023-03-04,2023-03-05
2920,Aswanth,Thilakkumar,172190,271190,"Fremont, CA",(TTA) Table Tennis America,1751,2023-12-21,1747,2024-09-08,ACTIVE,ICC JOOLA Fall Open,1323.0,1343.0,2022-09-10,2022-09-11
2920,Aswanth,Thilakkumar,172190,271190,"Fremont, CA",(TTA) Table Tennis America,1751,2023-12-21,1747,2024-09-08,ACTIVE,ICC JOOLA Summer Open,490.0,679.0,2022-05-14,2022-05-15
2920,Aswanth,Thilakkumar,172190,271190,"Fremont, CA",(TTA) Table Tennis America,1751,2023-12-21,1747,2024-09-08,ACTIVE,ICC JOOLA Spring Open 2022,298.0,381.0,2022-03-19,2022-03-20
2933,Hong-Zhong,Zhang,9014,10140,"Foster City, CA",,1749,2024-09-02,1911,2023-10-01,ACTIVE,ICC STIGA California Open,1911.0,1872.0,2015-05-03,
2933,Hong-Zhong,Zhang,9014,10140,"Foster City, CA",,1749,2024-09-02,1911,2023-10-01,ACTIVE,ICC California State Open,1971.0,1854.0,2012-05-27,
2933,Hong-Zhong,Zhang,9014,10140,"Foster City, CA",,1749,2024-09-02,1911,2023-10-01,ACTIVE,ICC California State Open,1914.0,1893.0,2012-03-18,
2933,Hong-Zhong,Zhang,9014,10140,"Foster City, CA",,1749,2024-09-02,1911,2023-10-01,ACTIVE,ICC CA State Open,1859.0,1900.0,2010-12-05,
2933,Hong-Zhong,Zhang,9014,10140,"Foster City, CA",,1749,2024-09-02,1911,2023-10-01,ACTIVE,ICC CA State Open,1905.0,1944.0,2010-05-02,
2958,Sanjay,Bharadwaj,12165,84306,"Belmont, CA",,1745,2019-03-03,1766,2024-03-09,ACTIVE,ICC CA State Open,0.0,1211.0,2010-12-05,
2972,Misael,Duran,122563,221563,San Gabriel,,1743,2024-07-20,0,,ACTIVE,ICC Joola Fall Open 2020,1626.0,1601.0,2020-10-10,2020-10-11
2976,Yuan,Lin,102180,98220,"Fremont, CA",,1742,2022-12-04,1699,2024-09-07,ACTIVE,ICC JOOLA Winter Open,1765.0,1742.0,2022-12-03,2022-12-04
2976,Yuan,Lin,102180,98220,"Fremont, CA",,1742,2022-12-04,1699,2024-09-07,ACTIVE,ICC Butterfly California State Open,1510.0,1765.0,2016-12-02,2016-12-04
2976,Yuan,Lin,102180,98220,"Fremont, CA",,1742,2022-12-04,1699,2024-09-07,ACTIVE,ICC STIGA California Open,0.0,1510.0,2015-12-06,
2986,Anthony,Ma,116343,215343,"SAN JOSE, CA",Swan Ping Pong,1741,2023-10-09,1836,2024-09-01,ACTIVE,ICC JOOLA Fall Open,1728.0,1735.0,2023-08-26,2023-08-27
2986,Anthony,Ma,116343,215343,"SAN JOSE, CA",Swan Ping Pong,1741,2023-10-09,1836,2024-09-01,ACTIVE,ICC JOOLA Winter Open,1711.0,1696.0,2019-11-08,2019-11-10
2986,Anthony,Ma,116343,215343,"SAN JOSE, CA",Swan Ping Pong,1741,2023-10-09,1836,2024-09-01,ACTIVE,ICC Butterfly Winter Open,1746.0,1734.0,2019-02-24,2019-02-24
2986,Anthony,Ma,116343,215343,"SAN JOSE, CA",Swan Ping Pong,1741,2023-10-09,1836,2024-09-01,ACTIVE,2018 ICC Butterfly America Open,1686.0,1746.0,2018-12-07,2018-12-09
3013,Shrikant,Nayak,37839,80773,"Monterey, CA",,1738,2023-12-03,0,,ACTIVE,2023 ICC JOOLA Winter Open,1731.0,1738.0,2023-12-02,2023-12-03
3013,Shrikant,Nayak,37839,80773,"Monterey, CA",,1738,2023-12-03,0,,ACTIVE,ICC California State Open,1652.0,1653.0,2014-04-06,
3013,Shrikant,Nayak,37839,80773,"Monterey, CA",,1738,2023-12-03,0,,ACTIVE,ICC CA State Open,1606.0,1516.0,2013-02-17,
3013,Shrikant,Nayak,37839,80773,"Monterey, CA",,1738,2023-12-03,0,,ACTIVE,ICC California State Open,1608.0,1606.0,2012-12-09,
3013,Shrikant,Nayak,37839,80773,"Monterey, CA",,1738,2023-12-03,0,,ACTIVE,ICC California State Open,1577.0,1573.0,2012-03-18,
3013,Shrikant,Nayak,37839,80773,"Monterey, CA",,1738,2023-12-03,0,,ACTIVE,ICC California State Open,1161.0,1111.0,2009-12-06,
3063,Yun,Fan,2072,81398,"Hillsboro, OR",Paddle Palace Club,1730,2024-09-08,1594,2023-08-19,ACTIVE,ICC California State Open,1402.0,1343.0,2012-05-27,
3079,Ryan,Chen,121128,220128,"Fremont, CA",,1728,2024-08-25,1488,2024-09-08,ACTIVE,2024 ICC JOOLA Fall OPEN,1734.0,1728.0,2024-08-24,2024-08-25
3079,Ryan,Chen,121128,220128,"Fremont, CA",,1728,2024-08-25,1488,2024-09-08,ACTIVE,2024 ICC JOOLA Summer OPEN,1579.0,1599.0,2024-05-04,2024-05-05
3079,Ryan,Chen,121128,220128,"Fremont, CA",,1728,2024-08-25,1488,2024-09-08,ACTIVE,2024 ICC JOOLA Spring OPEN,1505.0,1579.0,2024-03-02,2024-03-03
3079,Ryan,Chen,121128,220128,"Fremont, CA",,1728,2024-08-25,1488,2024-09-08,ACTIVE,2023 ICC JOOLA Winter Open,1470.0,1460.0,2023-12-02,2023-12-03
3079,Ryan,Chen,121128,220128,"Fremont, CA",,1728,2024-08-25,1488,2024-09-08,ACTIVE,2023 ICC JOOLA Autumn Open,1533.0,1470.0,2023-10-28,2023-10-29
3079,Ryan,Chen,121128,220128,"Fremont, CA",,1728,2024-08-25,1488,2024-09-08,ACTIVE,ICC JOOLA Fall Open,1631.0,1571.0,2023-08-26,2023-08-27
3079,Ryan,Chen,121128,220128,"Fremont, CA",,1728,2024-08-25,1488,2024-09-08,ACTIVE,ICC JOOLA Spring Open,1233.0,1542.0,2023-03-04,2023-03-05
3079,Ryan,Chen,121128,220128,"Fremont, CA",,1728,2024-08-25,1488,2024-09-08,ACTIVE,ICC JOOLA Autumn Open,969.0,1128.0,2022-10-15,2022-10-16
3079,Ryan,Chen,121128,220128,"Fremont, CA",,1728,2024-08-25,1488,2024-09-08,ACTIVE,ICC JOOLA Fall Open,793.0,969.0,2022-09-10,2022-09-11
3079,Ryan,Chen,121128,220128,"Fremont, CA",,1728,2024-08-25,1488,2024-09-08,ACTIVE,ICC JOOLA Summer Open,494.0,477.0,2022-05-14,2022-05-15
3082,Pradyumna,Amatya,10060,82229,"Salinas, CA",,1728,2024-05-18,1777,2015-11-28,ACTIVE,2023 ICC JOOLA Winter Open,1779.0,1746.0,2023-12-02,2023-12-03
3082,Pradyumna,Amatya,10060,82229,"Salinas, CA",,1728,2024-05-18,1777,2015-11-28,ACTIVE,ICC Joola Fall Open 2020,1792.0,1779.0,2020-10-10,2020-10-11
3082,Pradyumna,Amatya,10060,82229,"Salinas, CA",,1728,2024-05-18,1777,2015-11-28,ACTIVE,ICC JOOLA Spring Open 2020,1784.0,1792.0,2020-03-07,2020-03-08
3082,Pradyumna,Amatya,10060,82229,"Salinas, CA",,1728,2024-05-18,1777,2015-11-28,ACTIVE,ICC STIGA California Open,1869.0,1830.0,2015-12-06,
3082,Pradyumna,Amatya,10060,82229,"Salinas, CA",,1728,2024-05-18,1777,2015-11-28,ACTIVE,ICC California State Open,1772.0,1770.0,2014-04-06,
3082,Pradyumna,Amatya,10060,82229,"Salinas, CA",,1728,2024-05-18,1777,2015-11-28,ACTIVE,ICC California State Open,1815.0,1783.0,2012-12-09,
3082,Pradyumna,Amatya,10060,82229,"Salinas, CA",,1728,2024-05-18,1777,2015-11-28,ACTIVE,ICC California State Open,1802.0,1833.0,2012-05-27,
3082,Pradyumna,Amatya,10060,82229,"Salinas, CA",,1728,2024-05-18,1777,2015-11-28,ACTIVE,ICC California State Open,1816.0,1802.0,2012-03-18,
3082,Pradyumna,Amatya,10060,82229,"Salinas, CA",,1728,2024-05-18,1777,2015-11-28,ACTIVE,ICC CA State Open,1752.0,1791.0,2011-12-04,
3082,Pradyumna,Amatya,10060,82229,"Salinas, CA",,1728,2024-05-18,1777,2015-11-28,ACTIVE,ICC CA State Open,1674.0,1629.0,2011-06-05,
3082,Pradyumna,Amatya,10060,82229,"Salinas, CA",,1728,2024-05-18,1777,2015-11-28,ACTIVE,ICC CA State Open,1596.0,1589.0,2011-03-20,
3082,Pradyumna,Amatya,10060,82229,"Salinas, CA",,1728,2024-05-18,1777,2015-11-28,ACTIVE,ICC CA State Open,1622.0,1602.0,2010-12-05,
3082,Pradyumna,Amatya,10060,82229,"Salinas, CA",,1728,2024-05-18,1777,2015-11-28,ACTIVE,ICC CA State Open,1678.0,1651.0,2010-05-02,
3082,Pradyumna,Amatya,10060,82229,"Salinas, CA",,1728,2024-05-18,1777,2015-11-28,ACTIVE,ICC CA State Open,0.0,1678.0,2010-02-28,
3097,Brian,McElvain,5111,82772,"Menlo Park, CA",Pong Planet,1727,2018-03-02,1415,2024-04-09,ACTIVE,ICC STIGA California Open,1509.0,1489.0,2015-12-06,
3097,Brian,McElvain,5111,82772,"Menlo Park, CA",Pong Planet,1727,2018-03-02,1415,2024-04-09,ACTIVE,ICC STIGA California Open,822.0,1207.0,2015-05-03,
3097,Brian,McElvain,5111,82772,"Menlo Park, CA",Pong Planet,1727,2018-03-02,1415,2024-04-09,ACTIVE,ICC California State Open,409.0,503.0,2014-04-06,
3097,Brian,McElvain,5111,82772,"Menlo Park, CA",Pong Planet,1727,2018-03-02,1415,2024-04-09,ACTIVE,ICC CA State Open,224.0,409.0,2013-05-19,
3097,Brian,McElvain,5111,82772,"Menlo Park, CA",Pong Planet,1727,2018-03-02,1415,2024-04-09,ACTIVE,ICC California State Open,209.0,224.0,2012-12-09,
3097,Brian,McElvain,5111,82772,"Menlo Park, CA",Pong Planet,1727,2018-03-02,1415,2024-04-09,ACTIVE,ICC CA State Open,199.0,209.0,2010-12-05,
3097,Brian,McElvain,5111,82772,"Menlo Park, CA",Pong Planet,1727,2018-03-02,1415,2024-04-09,ACTIVE,ICC CA State Open,0.0,200.0,2010-05-02,
3102,Luya,Prasad,171867,1171867,"Fremont, CA",(TTA) Table Tennis America,1726,2024-07-28,1512,2024-09-08,ACTIVE,ICC JOOLA Summer Open,1348.0,1378.0,2023-05-06,2023-05-07
3104,Abhinav,Gunda,2688,89194,"Fremont, CA",ICC Table Tennis Center,1726,2024-06-27,1766,2016-02-13,ACTIVE,ICC STIGA California Open,1844.0,1838.0,2015-12-06,
3104,Abhinav,Gunda,2688,89194,"Fremont, CA",ICC Table Tennis Center,1726,2024-06-27,1766,2016-02-13,ACTIVE,ICC STIGA California Open,1747.0,1719.0,2015-05-03,
3104,Abhinav,Gunda,2688,89194,"Fremont, CA",ICC Table Tennis Center,1726,2024-06-27,1766,2016-02-13,ACTIVE,ICC California State Open,1549.0,1542.0,2014-12-07,
3104,Abhinav,Gunda,2688,89194,"Fremont, CA",ICC Table Tennis Center,1726,2024-06-27,1766,2016-02-13,ACTIVE,ICC California State Open,823.0,1044.0,2014-04-06,
3104,Abhinav,Gunda,2688,89194,"Fremont, CA",ICC Table Tennis Center,1726,2024-06-27,1766,2016-02-13,ACTIVE,ICC CA State Open,580.0,435.0,2013-12-08,
3104,Abhinav,Gunda,2688,89194,"Fremont, CA",ICC Table Tennis Center,1726,2024-06-27,1766,2016-02-13,ACTIVE,ICC CA State Open,62.0,56.0,2013-05-19,
3104,Abhinav,Gunda,2688,89194,"Fremont, CA",ICC Table Tennis Center,1726,2024-06-27,1766,2016-02-13,ACTIVE,ICC CA State Open,13.0,62.0,2013-02-17,
3104,Abhinav,Gunda,2688,89194,"Fremont, CA",ICC Table Tennis Center,1726,2024-06-27,1766,2016-02-13,ACTIVE,ICC California State Open,19.0,13.0,2012-12-09,
3130,Lex,Lacson,170408,269408,"-, CA",,1722,2024-07-07,1432,2024-08-20,ACTIVE,2024 ICC JOOLA Spring OPEN,1543.0,1765.0,2024-03-02,2024-03-03
3130,Lex,Lacson,170408,269408,"-, CA",,1722,2024-07-07,1432,2024-08-20,ACTIVE,ICC JOOLA Fall Open,1422.0,1398.0,2022-09-10,2022-09-11
3130,Lex,Lacson,170408,269408,"-, CA",,1722,2024-07-07,1432,2024-08-20,ACTIVE,ICC JOOLA Summer Open,1182.0,1088.0,2022-05-14,2022-05-15
3130,Lex,Lacson,170408,269408,"-, CA",,1722,2024-07-07,1432,2024-08-20,ACTIVE,ICC JOOLA Spring Open 2022,560.0,591.0,2022-03-19,2022-03-20
3130,Lex,Lacson,170408,269408,"-, CA",,1722,2024-07-07,1432,2024-08-20,ACTIVE,ICC JOOLA Winter Open 2021,687.0,502.0,2021-11-13,2021-11-14
3145,Stephen,Lai,4064,74521,"Burlingame, CA",,1720,2023-10-12,1643,2024-06-30,ACTIVE,ICC California State Open,1720.0,1684.0,2009-12-06,
3145,Stephen,Lai,4064,74521,"Burlingame, CA",,1720,2023-10-12,1643,2024-06-30,ACTIVE,ICC California State Open,1728.0,1718.0,2009-05-10,
3172,Suguru,Araki,10387,3916,"Richmond, CA",Sunset Table Tennis Club,1715,2024-05-18,1815,2022-05-22,ACTIVE,2023 ICC JOOLA Winter Open,1775.0,1768.0,2023-12-02,2023-12-03
3172,Suguru,Araki,10387,3916,"Richmond, CA",Sunset Table Tennis Club,1715,2024-05-18,1815,2022-05-22,ACTIVE,2023 ICC JOOLA Autumn Open,1770.0,1775.0,2023-10-28,2023-10-29
3172,Suguru,Araki,10387,3916,"Richmond, CA",Sunset Table Tennis Club,1715,2024-05-18,1815,2022-05-22,ACTIVE,ICC JOOLA Summer Open,1770.0,1771.0,2023-05-06,2023-05-07
3172,Suguru,Araki,10387,3916,"Richmond, CA",Sunset Table Tennis Club,1715,2024-05-18,1815,2022-05-22,ACTIVE,ICC JOOLA Fall Open,1816.0,1778.0,2022-09-10,2022-09-11
3172,Suguru,Araki,10387,3916,"Richmond, CA",Sunset Table Tennis Club,1715,2024-05-18,1815,2022-05-22,ACTIVE,ICC JOOLA Winter Open 2021,1992.0,1976.0,2021-11-13,2021-11-14
3175,Suheng,Tan,169762,268762,"San Jose, CA",Kou Lei Table Tennis Club,1714,2024-05-19,1689,2024-09-07,ACTIVE,2024 ICC JOOLA Summer OPEN,1567.0,1741.0,2024-05-04,2024-05-05
3175,Suheng,Tan,169762,268762,"San Jose, CA",Kou Lei Table Tennis Club,1714,2024-05-19,1689,2024-09-07,ACTIVE,2023 ICC JOOLA Autumn Open,1502.0,1589.0,2023-10-28,2023-10-29
3175,Suheng,Tan,169762,268762,"San Jose, CA",Kou Lei Table Tennis Club,1714,2024-05-19,1689,2024-09-07,ACTIVE,ICC JOOLA Fall Open,1441.0,1499.0,2023-08-26,2023-08-27
3175,Suheng,Tan,169762,268762,"San Jose, CA",Kou Lei Table Tennis Club,1714,2024-05-19,1689,2024-09-07,ACTIVE,ICC JOOLA Summer Open,1255.0,1441.0,2023-05-06,2023-05-07
3175,Suheng,Tan,169762,268762,"San Jose, CA",Kou Lei Table Tennis Club,1714,2024-05-19,1689,2024-09-07,ACTIVE,ICC JOOLA Spring Open,1059.0,1039.0,2023-03-04,2023-03-05
3175,Suheng,Tan,169762,268762,"San Jose, CA",Kou Lei Table Tennis Club,1714,2024-05-19,1689,2024-09-07,ACTIVE,ICC JOOLA Winter Open,1066.0,1066.0,2022-12-03,2022-12-04
3192,Calvin,Ho,118660,217660,"San Jose, CA",(TTA) Table Tennis America,1711,2024-03-03,1586,2024-08-18,ACTIVE,2024 ICC JOOLA Spring OPEN,1712.0,1711.0,2024-03-02,2024-03-03
3192,Calvin,Ho,118660,217660,"San Jose, CA",(TTA) Table Tennis America,1711,2024-03-03,1586,2024-08-18,ACTIVE,2018 ICC Butterfly America Open,1480.0,1715.0,2018-12-07,2018-12-09
3205,Rhoy,Xu,172399,1172399,"Campbell, CA",Rising Stars World Table Tennis Academy,1710,2024-08-25,1734,2024-09-07,ACTIVE,2024 ICC JOOLA Fall OPEN,1686.0,1710.0,2024-08-24,2024-08-25
3205,Rhoy,Xu,172399,1172399,"Campbell, CA",Rising Stars World Table Tennis Academy,1710,2024-08-25,1734,2024-09-07,ACTIVE,2024 ICC JOOLA Summer OPEN,1695.0,1685.0,2024-05-04,2024-05-05
3205,Rhoy,Xu,172399,1172399,"Campbell, CA",Rising Stars World Table Tennis Academy,1710,2024-08-25,1734,2024-09-07,ACTIVE,2024 ICC JOOLA Spring OPEN,1489.0,1699.0,2024-03-02,2024-03-03
3205,Rhoy,Xu,172399,1172399,"Campbell, CA",Rising Stars World Table Tennis Academy,1710,2024-08-25,1734,2024-09-07,ACTIVE,2023 ICC JOOLA Winter Open,1505.0,1528.0,2023-12-02,2023-12-03
3205,Rhoy,Xu,172399,1172399,"Campbell, CA",Rising Stars World Table Tennis Academy,1710,2024-08-25,1734,2024-09-07,ACTIVE,2023 ICC JOOLA Autumn Open,1469.0,1460.0,2023-10-28,2023-10-29
3205,Rhoy,Xu,172399,1172399,"Campbell, CA",Rising Stars World Table Tennis Academy,1710,2024-08-25,1734,2024-09-07,ACTIVE,ICC JOOLA Fall Open,1347.0,1464.0,2023-08-26,2023-08-27
3205,Rhoy,Xu,172399,1172399,"Campbell, CA",Rising Stars World Table Tennis Academy,1710,2024-08-25,1734,2024-09-07,ACTIVE,ICC JOOLA Summer Open,683.0,1229.0,2023-05-06,2023-05-07
3205,Rhoy,Xu,172399,1172399,"Campbell, CA",Rising Stars World Table Tennis Academy,1710,2024-08-25,1734,2024-09-07,ACTIVE,ICC JOOLA Winter Open 2021,298.0,290.0,2021-11-13,2021-11-14
3205,Rhoy,Xu,172399,1172399,"Campbell, CA",Rising Stars World Table Tennis Academy,1710,2024-08-25,1734,2024-09-07,ACTIVE,ICC JOOLA Fall Open 2021,0.0,298.0,2021-08-28,2021-08-29
3213,Ying,Liu,172419,271419,"Austin, CA",Pong Planet,1709,2024-09-02,1628,2024-08-25,ACTIVE,2023 ICC JOOLA Autumn Open,1529.0,1572.0,2023-10-28,2023-10-29
3215,Ali,Shafai,45283,52354,"Santa Clara, CA",,1709,2024-09-02,1703,2010-01-23,ACTIVE,ICC California State Open,1856.0,1828.0,2009-12-06,
3215,Ali,Shafai,45283,52354,"Santa Clara, CA",,1709,2024-09-02,1703,2010-01-23,ACTIVE,ICC California State Open,1841.0,1825.0,2008-12-06,
3218,Srinithi Balaa,Saravanan,171393,270393,"Milpitas, CA",ICC Table Tennis Center,1708,2024-09-02,1419,2024-09-07,ACTIVE,2024 ICC JOOLA Fall OPEN,1765.0,1747.0,2024-08-24,2024-08-25
3218,Srinithi Balaa,Saravanan,171393,270393,"Milpitas, CA",ICC Table Tennis Center,1708,2024-09-02,1419,2024-09-07,ACTIVE,2024 ICC JOOLA Spring OPEN,1630.0,1602.0,2024-03-02,2024-03-03
3218,Srinithi Balaa,Saravanan,171393,270393,"Milpitas, CA",ICC Table Tennis Center,1708,2024-09-02,1419,2024-09-07,ACTIVE,2023 ICC JOOLA Winter Open,1465.0,1428.0,2023-12-02,2023-12-03
3218,Srinithi Balaa,Saravanan,171393,270393,"Milpitas, CA",ICC Table Tennis Center,1708,2024-09-02,1419,2024-09-07,ACTIVE,ICC JOOLA Fall Open,1580.0,1532.0,2023-08-26,2023-08-27
3218,Srinithi Balaa,Saravanan,171393,270393,"Milpitas, CA",ICC Table Tennis Center,1708,2024-09-02,1419,2024-09-07,ACTIVE,ICC JOOLA Summer Open,1447.0,1338.0,2023-05-06,2023-05-07
3218,Srinithi Balaa,Saravanan,171393,270393,"Milpitas, CA",ICC Table Tennis Center,1708,2024-09-02,1419,2024-09-07,ACTIVE,ICC JOOLA Spring Open,1544.0,1473.0,2023-03-04,2023-03-05
3218,Srinithi Balaa,Saravanan,171393,270393,"Milpitas, CA",ICC Table Tennis Center,1708,2024-09-02,1419,2024-09-07,ACTIVE,ICC JOOLA Winter Open,788.0,1128.0,2022-12-03,2022-12-04
3218,Srinithi Balaa,Saravanan,171393,270393,"Milpitas, CA",ICC Table Tennis Center,1708,2024-09-02,1419,2024-09-07,ACTIVE,ICC JOOLA Autumn Open,601.0,788.0,2022-10-15,2022-10-16
3218,Srinithi Balaa,Saravanan,171393,270393,"Milpitas, CA",ICC Table Tennis Center,1708,2024-09-02,1419,2024-09-07,ACTIVE,ICC JOOLA Fall Open,498.0,601.0,2022-09-10,2022-09-11
3218,Srinithi Balaa,Saravanan,171393,270393,"Milpitas, CA",ICC Table Tennis Center,1708,2024-09-02,1419,2024-09-07,ACTIVE,ICC JOOLA Summer Open,325.0,497.0,2022-05-14,2022-05-15
3218,Srinithi Balaa,Saravanan,171393,270393,"Milpitas, CA",ICC Table Tennis Center,1708,2024-09-02,1419,2024-09-07,ACTIVE,ICC JOOLA Spring Open 2022,390.0,348.0,2022-03-19,2022-03-20
3218,Srinithi Balaa,Saravanan,171393,270393,"Milpitas, CA",ICC Table Tennis Center,1708,2024-09-02,1419,2024-09-07,ACTIVE,ICC JOOLA Winter Open 2021,303.0,390.0,2021-11-13,2021-11-14
3218,Srinithi Balaa,Saravanan,171393,270393,"Milpitas, CA",ICC Table Tennis Center,1708,2024-09-02,1419,2024-09-07,ACTIVE,ICC JOOLA Fall Open 2021,0.0,110.0,2021-08-28,2021-08-29
3221,Sahaj,Ramachandran,171492,270492,"Austin, TX",Austin Table Tennis Club,1708,2024-08-31,1593,2024-05-01,ACTIVE,ICC JOOLA Summer Open,867.0,869.0,2022-05-14,2022-05-15
3221,Sahaj,Ramachandran,171492,270492,"Austin, TX",Austin Table Tennis Club,1708,2024-08-31,1593,2024-05-01,ACTIVE,ICC JOOLA Spring Open 2022,792.0,867.0,2022-03-19,2022-03-20
3221,Sahaj,Ramachandran,171492,270492,"Austin, TX",Austin Table Tennis Club,1708,2024-08-31,1593,2024-05-01,ACTIVE,ICC JOOLA Winter Open 2021,0.0,900.0,2021-11-13,2021-11-14
3238,Ethan,Su,176965,275965,"Santa Clara, CA",Swan Ping Pong,1705,2024-08-25,1610,2024-09-01,ACTIVE,2024 ICC JOOLA Fall OPEN,1721.0,1705.0,2024-08-24,2024-08-25
3238,Ethan,Su,176965,275965,"Santa Clara, CA",Swan Ping Pong,1705,2024-08-25,1610,2024-09-01,ACTIVE,2024 ICC JOOLA Summer OPEN,1658.0,1651.0,2024-05-04,2024-05-05
3238,Ethan,Su,176965,275965,"Santa Clara, CA",Swan Ping Pong,1705,2024-08-25,1610,2024-09-01,ACTIVE,2024 ICC JOOLA Spring OPEN,1658.0,1658.0,2024-03-02,2024-03-03
3238,Ethan,Su,176965,275965,"Santa Clara, CA",Swan Ping Pong,1705,2024-08-25,1610,2024-09-01,ACTIVE,2023 ICC JOOLA Winter Open,1302.0,1340.0,2023-12-02,2023-12-03
3238,Ethan,Su,176965,275965,"Santa Clara, CA",Swan Ping Pong,1705,2024-08-25,1610,2024-09-01,ACTIVE,ICC JOOLA Fall Open,368.0,914.0,2023-08-26,2023-08-27
3238,Ethan,Su,176965,275965,"Santa Clara, CA",Swan Ping Pong,1705,2024-08-25,1610,2024-09-01,ACTIVE,ICC JOOLA Summer Open,34.0,368.0,2023-05-06,2023-05-07
3238,Ethan,Su,176965,275965,"Santa Clara, CA",Swan Ping Pong,1705,2024-08-25,1610,2024-09-01,ACTIVE,ICC JOOLA Spring Open,0.0,34.0,2023-03-04,2023-03-05
3238,Ethan,Su,176965,275965,"Santa Clara, CA",Swan Ping Pong,1705,2024-08-25,1610,2024-09-01,ACTIVE,ICC JOOLA Winter Open,0.0,0.0,2022-12-03,2022-12-04
3239,Makarios,Moussa,102836,201836,"San Jose, CA",World Champions Table Tennis Academy (WCTTA),1705,2023-06-24,1586,2020-02-29,ACTIVE,2018 ICC Butterfly America Open,1750.0,1745.0,2018-12-07,2018-12-09
3240,Paul,Villacarlos,8132,5399,"Walnut Creek, CA",Concord Table Tennis Club,1705,2020-02-29,1672,2017-06-07,ACTIVE,ICC California State Open,1390.0,1506.0,2014-04-06,
3240,Paul,Villacarlos,8132,5399,"Walnut Creek, CA",Concord Table Tennis Club,1705,2020-02-29,1672,2017-06-07,ACTIVE,ICC CA State Open,1387.0,1366.0,2013-12-08,
3249,Emily,Goodwin,98456,197456,"San Jose, CA",,1704,2021-12-22,1495,2021-12-05,ACTIVE,ICC Butterfly Winter Open,1418.0,1327.0,2019-02-24,2019-02-24
3249,Emily,Goodwin,98456,197456,"San Jose, CA",,1704,2021-12-22,1495,2021-12-05,ACTIVE,2018 ICC Butterfly America Open,930.0,1124.0,2018-12-07,2018-12-09
3249,Emily,Goodwin,98456,197456,"San Jose, CA",,1704,2021-12-22,1495,2021-12-05,ACTIVE,ICC Butterfly America Open - 2018,677.0,607.0,2018-05-06,2018-05-06
3264,Daryl,Sterling,7425,34953,"North Hills, CA",Allen and Sons Table Tennis Club,1701,2023-12-21,0,,ACTIVE,ICC CA State Open,1734.0,1701.0,2011-06-05,
3264,Daryl,Sterling,7425,34953,"North Hills, CA",Allen and Sons Table Tennis Club,1701,2023-12-21,0,,ACTIVE,ICC California State Open,1424.0,1420.0,2009-05-10,
3281,Priyanshu,Ghosh,119722,218722,Fremont,,1699,2023-07-07,1433,2023-09-03,ACTIVE,ICC JOOLA Autumn Open,1469.0,1516.0,2022-10-15,2022-10-16
3281,Priyanshu,Ghosh,119722,218722,Fremont,,1699,2023-07-07,1433,2023-09-03,ACTIVE,ICC JOOLA Fall Open,1524.0,1469.0,2022-09-10,2022-09-11
3281,Priyanshu,Ghosh,119722,218722,Fremont,,1699,2023-07-07,1433,2023-09-03,ACTIVE,ICC JOOLA Summer Open,1289.0,1260.0,2022-05-14,2022-05-15
3281,Priyanshu,Ghosh,119722,218722,Fremont,,1699,2023-07-07,1433,2023-09-03,ACTIVE,ICC JOOLA Spring Open 2022,1313.0,1303.0,2022-03-19,2022-03-20
3295,Paul,Chang,58841,25587,"Milpitas, CA",ICC Table Tennis Center,1698,2024-08-25,1485,2024-09-07,ACTIVE,2024 ICC JOOLA Fall OPEN,1708.0,1698.0,2024-08-24,2024-08-25
3295,Paul,Chang,58841,25587,"Milpitas, CA",ICC Table Tennis Center,1698,2024-08-25,1485,2024-09-07,ACTIVE,2024 ICC JOOLA Summer OPEN,1648.0,1666.0,2024-05-04,2024-05-05
3295,Paul,Chang,58841,25587,"Milpitas, CA",ICC Table Tennis Center,1698,2024-08-25,1485,2024-09-07,ACTIVE,2024 ICC JOOLA Spring OPEN,1656.0,1648.0,2024-03-02,2024-03-03
3295,Paul,Chang,58841,25587,"Milpitas, CA",ICC Table Tennis Center,1698,2024-08-25,1485,2024-09-07,ACTIVE,2023 ICC JOOLA Winter Open,1646.0,1646.0,2023-12-02,2023-12-03
3295,Paul,Chang,58841,25587,"Milpitas, CA",ICC Table Tennis Center,1698,2024-08-25,1485,2024-09-07,ACTIVE,2023 ICC JOOLA Autumn Open,1649.0,1646.0,2023-10-28,2023-10-29
3295,Paul,Chang,58841,25587,"Milpitas, CA",ICC Table Tennis Center,1698,2024-08-25,1485,2024-09-07,ACTIVE,ICC JOOLA Spring Open,1655.0,1649.0,2023-03-04,2023-03-05
3295,Paul,Chang,58841,25587,"Milpitas, CA",ICC Table Tennis Center,1698,2024-08-25,1485,2024-09-07,ACTIVE,ICC JOOLA Fall Open,1660.0,1654.0,2022-09-10,2022-09-11
3295,Paul,Chang,58841,25587,"Milpitas, CA",ICC Table Tennis Center,1698,2024-08-25,1485,2024-09-07,ACTIVE,ICC JOOLA Spring Open 2022,1678.0,1663.0,2022-03-19,2022-03-20
3295,Paul,Chang,58841,25587,"Milpitas, CA",ICC Table Tennis Center,1698,2024-08-25,1485,2024-09-07,ACTIVE,ICC JOOLA Winter Open 2021,1664.0,1678.0,2021-11-13,2021-11-14
3295,Paul,Chang,58841,25587,"Milpitas, CA",ICC Table Tennis Center,1698,2024-08-25,1485,2024-09-07,ACTIVE,ICC JOOLA Fall Open 2021,1677.0,1676.0,2021-08-28,2021-08-29
3295,Paul,Chang,58841,25587,"Milpitas, CA",ICC Table Tennis Center,1698,2024-08-25,1485,2024-09-07,ACTIVE,ICC JOOLA SUMMER OPEN- 2021,1654.0,1677.0,2021-05-29,2021-05-30
3295,Paul,Chang,58841,25587,"Milpitas, CA",ICC Table Tennis Center,1698,2024-08-25,1485,2024-09-07,ACTIVE,ICC Joola Fall Open 2020,1618.0,1654.0,2020-10-10,2020-10-11
3295,Paul,Chang,58841,25587,"Milpitas, CA",ICC Table Tennis Center,1698,2024-08-25,1485,2024-09-07,ACTIVE,2018 ICC Butterfly America Open,1662.0,1618.0,2018-12-07,2018-12-09
3295,Paul,Chang,58841,25587,"Milpitas, CA",ICC Table Tennis Center,1698,2024-08-25,1485,2024-09-07,ACTIVE,ICC Butterfly America Open - 2018,1649.0,1653.0,2018-05-06,2018-05-06
3306,Eugene,Popov,6205,95991,"San Jose, CA",Westside Advance Table Tennis (WSATT),1695,2024-03-17,1684,2020-11-28,ACTIVE,ICC STIGA California Open,1627.0,1601.0,2015-05-03,
3310,Anthony,Cavazos,981,56980,"San Francisco, CA",888 Table Tennis Center,1695,2024-09-02,1612,2024-08-11,ACTIVE,ICC Butterfly Winter Open,1737.0,1781.0,2019-02-24,2019-02-24
3310,Anthony,Cavazos,981,56980,"San Francisco, CA",888 Table Tennis Center,1695,2024-09-02,1612,2024-08-11,ACTIVE,2018 ICC Butterfly America Open,1820.0,1737.0,2018-12-07,2018-12-09
3310,Anthony,Cavazos,981,56980,"San Francisco, CA",888 Table Tennis Center,1695,2024-09-02,1612,2024-08-11,ACTIVE,ICC Butterfly America Open - 2018,1817.0,1771.0,2018-05-06,2018-05-06
3310,Anthony,Cavazos,981,56980,"San Francisco, CA",888 Table Tennis Center,1695,2024-09-02,1612,2024-08-11,ACTIVE,ICC STIGA California Open,1763.0,1676.0,2015-12-06,
3310,Anthony,Cavazos,981,56980,"San Francisco, CA",888 Table Tennis Center,1695,2024-09-02,1612,2024-08-11,ACTIVE,ICC STIGA California Open,1622.0,1590.0,2015-05-03,
3310,Anthony,Cavazos,981,56980,"San Francisco, CA",888 Table Tennis Center,1695,2024-09-02,1612,2024-08-11,ACTIVE,ICC CA State Open,1556.0,1549.0,2013-12-08,
3319,Karthik,Kalle,171900,270900,"Fremont, CA",(TTA) Table Tennis America,1693,2024-08-25,1752,2024-09-08,ACTIVE,2024 ICC JOOLA Fall OPEN,1782.0,1693.0,2024-08-24,2024-08-25
3319,Karthik,Kalle,171900,270900,"Fremont, CA",(TTA) Table Tennis America,1693,2024-08-25,1752,2024-09-08,ACTIVE,2024 ICC JOOLA Summer OPEN,1854.0,1806.0,2024-05-04,2024-05-05
3319,Karthik,Kalle,171900,270900,"Fremont, CA",(TTA) Table Tennis America,1693,2024-08-25,1752,2024-09-08,ACTIVE,ICC JOOLA Fall Open,1571.0,1573.0,2023-08-26,2023-08-27
3319,Karthik,Kalle,171900,270900,"Fremont, CA",(TTA) Table Tennis America,1693,2024-08-25,1752,2024-09-08,ACTIVE,ICC JOOLA Spring Open,1468.0,1468.0,2023-03-04,2023-03-05
3348,Peter,Chung,1355,31990,"San Leandro, CA",ICC Table Tennis Center,1689,2018-03-02,1365,2012-07-23,ACTIVE,ICC California State Open,1745.0,1700.0,2009-03-01,
3348,Peter,Chung,1355,31990,"San Leandro, CA",ICC Table Tennis Center,1689,2018-03-02,1365,2012-07-23,ACTIVE,ICC California State Open,1761.0,1745.0,2008-12-06,
3352,Brian,Hutchins-Knowle,3292,62550,"San Jose, CA",,1689,2023-12-21,1537,2023-12-09,ACTIVE,2023 ICC JOOLA Winter Open,1813.0,1818.0,2023-12-02,2023-12-03
3352,Brian,Hutchins-Knowle,3292,62550,"San Jose, CA",,1689,2023-12-21,1537,2023-12-09,ACTIVE,ICC JOOLA Spring Open,1813.0,1813.0,2023-03-04,2023-03-05
3352,Brian,Hutchins-Knowle,3292,62550,"San Jose, CA",,1689,2023-12-21,1537,2023-12-09,ACTIVE,ICC JOOLA Summer Open,1727.0,1727.0,2022-05-14,2022-05-15
3352,Brian,Hutchins-Knowle,3292,62550,"San Jose, CA",,1689,2023-12-21,1537,2023-12-09,ACTIVE,ICC JOOLA Spring Open 2020,1781.0,1780.0,2020-03-07,2020-03-08
3352,Brian,Hutchins-Knowle,3292,62550,"San Jose, CA",,1689,2023-12-21,1537,2023-12-09,ACTIVE,ICC JOOLA Winter Open,1804.0,1770.0,2019-11-08,2019-11-10
3352,Brian,Hutchins-Knowle,3292,62550,"San Jose, CA",,1689,2023-12-21,1537,2023-12-09,ACTIVE,ICC JOOLA Fall Open,1804.0,1804.0,2019-09-08,2019-09-08
3352,Brian,Hutchins-Knowle,3292,62550,"San Jose, CA",,1689,2023-12-21,1537,2023-12-09,ACTIVE,ICC Joola Spring Open,1828.0,1810.0,2019-05-12,2019-05-12
3352,Brian,Hutchins-Knowle,3292,62550,"San Jose, CA",,1689,2023-12-21,1537,2023-12-09,ACTIVE,ICC Butterfly Winter Open,1829.0,1822.0,2019-02-24,2019-02-24
3352,Brian,Hutchins-Knowle,3292,62550,"San Jose, CA",,1689,2023-12-21,1537,2023-12-09,ACTIVE,2018 ICC Butterfly America Open,1871.0,1829.0,2018-12-07,2018-12-09
3352,Brian,Hutchins-Knowle,3292,62550,"San Jose, CA",,1689,2023-12-21,1537,2023-12-09,ACTIVE,ICC Butterfly America Open - 2018,1839.0,1884.0,2018-05-06,2018-05-06
3352,Brian,Hutchins-Knowle,3292,62550,"San Jose, CA",,1689,2023-12-21,1537,2023-12-09,ACTIVE,ICC Butterfly California State Open,1831.0,1883.0,2016-12-02,2016-12-04
3352,Brian,Hutchins-Knowle,3292,62550,"San Jose, CA",,1689,2023-12-21,1537,2023-12-09,ACTIVE,ICC STIGA California Open,1853.0,1878.0,2015-12-06,
3352,Brian,Hutchins-Knowle,3292,62550,"San Jose, CA",,1689,2023-12-21,1537,2023-12-09,ACTIVE,ICC STIGA California Open,1853.0,1853.0,2015-05-03,
3352,Brian,Hutchins-Knowle,3292,62550,"San Jose, CA",,1689,2023-12-21,1537,2023-12-09,ACTIVE,ICC California State Open,1764.0,1739.0,2014-12-07,
3352,Brian,Hutchins-Knowle,3292,62550,"San Jose, CA",,1689,2023-12-21,1537,2023-12-09,ACTIVE,ICC California State Open,1772.0,1772.0,2014-04-06,
3352,Brian,Hutchins-Knowle,3292,62550,"San Jose, CA",,1689,2023-12-21,1537,2023-12-09,ACTIVE,ICC CA State Open,1810.0,1776.0,2013-12-08,
3352,Brian,Hutchins-Knowle,3292,62550,"San Jose, CA",,1689,2023-12-21,1537,2023-12-09,ACTIVE,ICC CA State Open,1699.0,1742.0,2013-05-19,
3352,Brian,Hutchins-Knowle,3292,62550,"San Jose, CA",,1689,2023-12-21,1537,2023-12-09,ACTIVE,ICC CA State Open,1780.0,1699.0,2013-02-17,
3352,Brian,Hutchins-Knowle,3292,62550,"San Jose, CA",,1689,2023-12-21,1537,2023-12-09,ACTIVE,ICC California State Open,1756.0,1762.0,2012-12-09,
3352,Brian,Hutchins-Knowle,3292,62550,"San Jose, CA",,1689,2023-12-21,1537,2023-12-09,ACTIVE,ICC California State Open,1771.0,1767.0,2012-05-27,
3352,Brian,Hutchins-Knowle,3292,62550,"San Jose, CA",,1689,2023-12-21,1537,2023-12-09,ACTIVE,ICC California State Open,1669.0,1771.0,2012-03-18,
3352,Brian,Hutchins-Knowle,3292,62550,"San Jose, CA",,1689,2023-12-21,1537,2023-12-09,ACTIVE,ICC CA State Open,1737.0,1759.0,2011-12-04,
3352,Brian,Hutchins-Knowle,3292,62550,"San Jose, CA",,1689,2023-12-21,1537,2023-12-09,ACTIVE,ICC CA State Open,1737.0,1755.0,2011-06-05,
3352,Brian,Hutchins-Knowle,3292,62550,"San Jose, CA",,1689,2023-12-21,1537,2023-12-09,ACTIVE,ICC CA State Open,1726.0,1725.0,2011-03-20,
3352,Brian,Hutchins-Knowle,3292,62550,"San Jose, CA",,1689,2023-12-21,1537,2023-12-09,ACTIVE,ICC CA State Open,1707.0,1746.0,2010-05-02,
3352,Brian,Hutchins-Knowle,3292,62550,"San Jose, CA",,1689,2023-12-21,1537,2023-12-09,ACTIVE,ICC CA State Open,1707.0,1707.0,2010-02-28,
3352,Brian,Hutchins-Knowle,3292,62550,"San Jose, CA",,1689,2023-12-21,1537,2023-12-09,ACTIVE,ICC California State Open,1722.0,1674.0,2009-12-06,
3358,Radu,Licea,4499,70970,"Santa Clara, CA","The Top Spin, LLC",1688,2024-02-19,1646,2024-03-17,ACTIVE,ICC California State Open,1657.0,1657.0,2014-04-06,
3358,Radu,Licea,4499,70970,"Santa Clara, CA","The Top Spin, LLC",1688,2024-02-19,1646,2024-03-17,ACTIVE,ICC CA State Open,1771.0,1747.0,2010-02-28,
3358,Radu,Licea,4499,70970,"Santa Clara, CA","The Top Spin, LLC",1688,2024-02-19,1646,2024-03-17,ACTIVE,ICC California State Open,1745.0,1780.0,2009-12-06,
3358,Radu,Licea,4499,70970,"Santa Clara, CA","The Top Spin, LLC",1688,2024-02-19,1646,2024-03-17,ACTIVE,ICC California State Open,1751.0,1757.0,2009-05-10,
3358,Radu,Licea,4499,70970,"Santa Clara, CA","The Top Spin, LLC",1688,2024-02-19,1646,2024-03-17,ACTIVE,ICC California State Open,1707.0,1751.0,2009-03-01,
3363,Jonathan,Li,122740,221740,"South San Francisco, CA",888 Table Tennis Center,1687,2024-09-02,1669,2023-07-23,ACTIVE,ICC Butterfly Winter Open,428.0,828.0,2019-02-24,2019-02-24
3384,Mahadevan,Arivazhakan,237,97451,"Sunnyvale, CA",,1685,2024-06-22,1385,2023-09-30,ACTIVE,ICC JOOLA Fall Open,1792.0,1790.0,2023-08-26,2023-08-27
3384,Mahadevan,Arivazhakan,237,97451,"Sunnyvale, CA",,1685,2024-06-22,1385,2023-09-30,ACTIVE,ICC JOOLA Spring Open 2022,1829.0,1740.0,2022-03-19,2022-03-20
3384,Mahadevan,Arivazhakan,237,97451,"Sunnyvale, CA",,1685,2024-06-22,1385,2023-09-30,ACTIVE,ICC JOOLA Winter Open,1947.0,1918.0,2019-11-08,2019-11-10
3384,Mahadevan,Arivazhakan,237,97451,"Sunnyvale, CA",,1685,2024-06-22,1385,2023-09-30,ACTIVE,ICC Joola Spring Open,1784.0,1824.0,2019-05-12,2019-05-12
3384,Mahadevan,Arivazhakan,237,97451,"Sunnyvale, CA",,1685,2024-06-22,1385,2023-09-30,ACTIVE,ICC Butterfly Winter Open,1712.0,1757.0,2019-02-24,2019-02-24
3384,Mahadevan,Arivazhakan,237,97451,"Sunnyvale, CA",,1685,2024-06-22,1385,2023-09-30,ACTIVE,2018 ICC Butterfly America Open,1770.0,1745.0,2018-12-07,2018-12-09
3384,Mahadevan,Arivazhakan,237,97451,"Sunnyvale, CA",,1685,2024-06-22,1385,2023-09-30,ACTIVE,ICC Butterfly America Open - 2018,1402.0,1387.0,2018-05-06,2018-05-06
3392,Kent,Yu,8917,2141,"San Mateo, CA",,1684,2018-03-02,1671,2024-04-13,ACTIVE,ICC CA State Open,1485.0,1479.0,2013-05-19,
3392,Kent,Yu,8917,2141,"San Mateo, CA",,1684,2018-03-02,1671,2024-04-13,ACTIVE,ICC California State Open,1489.0,1487.0,2012-05-27,
3392,Kent,Yu,8917,2141,"San Mateo, CA",,1684,2018-03-02,1671,2024-04-13,ACTIVE,ICC CA State Open,1548.0,1491.0,2011-12-04,
3392,Kent,Yu,8917,2141,"San Mateo, CA",,1684,2018-03-02,1671,2024-04-13,ACTIVE,ICC CA State Open,1568.0,1567.0,2010-05-02,
3392,Kent,Yu,8917,2141,"San Mateo, CA",,1684,2018-03-02,1671,2024-04-13,ACTIVE,ICC California State Open,1491.0,1482.0,2009-12-06,
3405,Kyle,Lam,173217,272217,"Milpitas, CA",,1681,2024-03-03,1856,2024-09-07,ACTIVE,2024 ICC JOOLA Spring OPEN,1701.0,1681.0,2024-03-02,2024-03-03
3405,Kyle,Lam,173217,272217,"Milpitas, CA",,1681,2024-03-03,1856,2024-09-07,ACTIVE,2023 ICC JOOLA Winter Open,1571.0,1711.0,2023-12-02,2023-12-03
3405,Kyle,Lam,173217,272217,"Milpitas, CA",,1681,2024-03-03,1856,2024-09-07,ACTIVE,2023 ICC JOOLA Autumn Open,917.0,1472.0,2023-10-28,2023-10-29
3405,Kyle,Lam,173217,272217,"Milpitas, CA",,1681,2024-03-03,1856,2024-09-07,ACTIVE,ICC JOOLA Fall Open,772.0,750.0,2023-08-26,2023-08-27
3405,Kyle,Lam,173217,272217,"Milpitas, CA",,1681,2024-03-03,1856,2024-09-07,ACTIVE,ICC JOOLA Summer Open,513.0,615.0,2023-05-06,2023-05-07
3405,Kyle,Lam,173217,272217,"Milpitas, CA",,1681,2024-03-03,1856,2024-09-07,ACTIVE,ICC JOOLA Spring Open,142.0,513.0,2023-03-04,2023-03-05
3405,Kyle,Lam,173217,272217,"Milpitas, CA",,1681,2024-03-03,1856,2024-09-07,ACTIVE,ICC JOOLA Fall Open,136.0,142.0,2022-09-10,2022-09-11
3437,Kevin,Shams,168868,267868,"Saratoga, CA",Westside Advance Table Tennis (WSATT),1677,2024-03-17,1350,2024-09-01,ACTIVE,ICC JOOLA Summer Open,1011.0,1011.0,2022-05-14,2022-05-15
3437,Kevin,Shams,168868,267868,"Saratoga, CA",Westside Advance Table Tennis (WSATT),1677,2024-03-17,1350,2024-09-01,ACTIVE,ICC JOOLA Spring Open 2022,0.0,873.0,2022-03-19,2022-03-20
3440,Brooks,Leonard,31779,85963,"Santa Clarita, CA",,1676,2024-05-18,1157,2013-07-31,ACTIVE,ICC JOOLA Fall Open 2021,1499.0,1355.0,2021-08-28,2021-08-29
3440,Brooks,Leonard,31779,85963,"Santa Clarita, CA",,1676,2024-05-18,1157,2013-07-31,ACTIVE,ICC Joola Fall Open 2020,859.0,859.0,2020-10-10,2020-10-11
3490,Camden,Cheung,178526,277526,"Dublin, CA",Micro Motion Table Tennis Academy,1668,2024-09-02,1575,2024-09-08,ACTIVE,2024 ICC JOOLA Summer OPEN,1412.0,1415.0,2024-05-04,2024-05-05
3490,Camden,Cheung,178526,277526,"Dublin, CA",Micro Motion Table Tennis Academy,1668,2024-09-02,1575,2024-09-08,ACTIVE,2024 ICC JOOLA Spring OPEN,1396.0,1412.0,2024-03-02,2024-03-03
3490,Camden,Cheung,178526,277526,"Dublin, CA",Micro Motion Table Tennis Academy,1668,2024-09-02,1575,2024-09-08,ACTIVE,2023 ICC JOOLA Winter Open,899.0,893.0,2023-12-02,2023-12-03
3490,Camden,Cheung,178526,277526,"Dublin, CA",Micro Motion Table Tennis Academy,1668,2024-09-02,1575,2024-09-08,ACTIVE,2023 ICC JOOLA Autumn Open,806.0,899.0,2023-10-28,2023-10-29
3490,Camden,Cheung,178526,277526,"Dublin, CA",Micro Motion Table Tennis Academy,1668,2024-09-02,1575,2024-09-08,ACTIVE,ICC JOOLA Fall Open,146.0,452.0,2023-08-26,2023-08-27
3490,Camden,Cheung,178526,277526,"Dublin, CA",Micro Motion Table Tennis Academy,1668,2024-09-02,1575,2024-09-08,ACTIVE,ICC JOOLA Summer Open,26.0,65.0,2023-05-06,2023-05-07
3493,Hsueh-yen,Lin,4535,78058,"Torrance, CA",Grace Lin TTC,1668,2023-12-21,1668,2015-04-04,ACTIVE,ICC CA State Open,1697.0,1699.0,2011-12-04,
3494,Jerry,Tan,174034,273034,"Fremont, CA",Kou Lei Table Tennis Club,1668,2024-09-02,1361,2024-09-07,ACTIVE,ICC JOOLA Summer Open,1511.0,1504.0,2023-05-06,2023-05-07
3494,Jerry,Tan,174034,273034,"Fremont, CA",Kou Lei Table Tennis Club,1668,2024-09-02,1361,2024-09-07,ACTIVE,ICC JOOLA Spring Open,1276.0,1557.0,2023-03-04,2023-03-05
3494,Jerry,Tan,174034,273034,"Fremont, CA",Kou Lei Table Tennis Club,1668,2024-09-02,1361,2024-09-07,ACTIVE,ICC JOOLA Autumn Open,751.0,718.0,2022-10-15,2022-10-16
3500,Mihika,Vangapalli,124757,223757,Fremont,Fremont Table Tennis Academy,1667,2024-08-31,1694,2024-09-08,ACTIVE,2024 ICC JOOLA Fall OPEN,1677.0,1707.0,2024-08-24,2024-08-25
3500,Mihika,Vangapalli,124757,223757,Fremont,Fremont Table Tennis Academy,1667,2024-08-31,1694,2024-09-08,ACTIVE,2023 ICC JOOLA Autumn Open,1550.0,1378.0,2023-10-28,2023-10-29
3503,Raghav,Shah,172275,271275,"Dublin, CA",Micro Motion Table Tennis Academy,1667,2024-09-02,1719,2024-09-07,ACTIVE,2024 ICC JOOLA Spring OPEN,1690.0,1681.0,2024-03-02,2024-03-03
3503,Raghav,Shah,172275,271275,"Dublin, CA",Micro Motion Table Tennis Academy,1667,2024-09-02,1719,2024-09-07,ACTIVE,ICC JOOLA Fall Open,1260.0,1550.0,2023-08-26,2023-08-27
3503,Raghav,Shah,172275,271275,"Dublin, CA",Micro Motion Table Tennis Academy,1667,2024-09-02,1719,2024-09-07,ACTIVE,ICC JOOLA Winter Open,1193.0,1175.0,2022-12-03,2022-12-04
3503,Raghav,Shah,172275,271275,"Dublin, CA",Micro Motion Table Tennis Academy,1667,2024-09-02,1719,2024-09-07,ACTIVE,ICC JOOLA Spring Open 2022,243.0,296.0,2022-03-19,2022-03-20
3503,Raghav,Shah,172275,271275,"Dublin, CA",Micro Motion Table Tennis Academy,1667,2024-09-02,1719,2024-09-07,ACTIVE,ICC JOOLA Winter Open 2021,115.0,231.0,2021-11-13,2021-11-14
3513,Arthur,Zhou,178185,277185,"Fremont, CA",(TTA) Table Tennis America,1665,2024-09-02,1450,2024-09-08,ACTIVE,2024 ICC JOOLA Fall OPEN,1475.0,1453.0,2024-08-24,2024-08-25
3513,Arthur,Zhou,178185,277185,"Fremont, CA",(TTA) Table Tennis America,1665,2024-09-02,1450,2024-09-08,ACTIVE,ICC JOOLA Summer Open,444.0,435.0,2023-05-06,2023-05-07
3523,William,Waltrip,8211,72008,"Roseville, CA",Korea Foreign Table Tennis Club,1663,2024-05-18,1834,2023-09-23,ACTIVE,ICC Butterfly America Open - 2018,1777.0,1805.0,2018-05-06,2018-05-06
3530,Alexander,Li,172322,271322,"Burlingame, CA",888 Table Tennis Center,1662,2024-07-28,1506,2024-09-08,ACTIVE,ICC JOOLA Autumn Open,1031.0,978.0,2022-10-15,2022-10-16
3530,Alexander,Li,172322,271322,"Burlingame, CA",888 Table Tennis Center,1662,2024-07-28,1506,2024-09-08,ACTIVE,ICC JOOLA Fall Open,1069.0,1031.0,2022-09-10,2022-09-11
3530,Alexander,Li,172322,271322,"Burlingame, CA",888 Table Tennis Center,1662,2024-07-28,1506,2024-09-08,ACTIVE,ICC JOOLA Spring Open 2022,112.0,132.0,2022-03-19,2022-03-20
3530,Alexander,Li,172322,271322,"Burlingame, CA",888 Table Tennis Center,1662,2024-07-28,1506,2024-09-08,ACTIVE,ICC JOOLA Winter Open 2021,111.0,87.0,2021-11-13,2021-11-14
3538,Edward K.,Suen,48014,45353,"Issaquah, WA",,1662,2022-12-21,1434,2024-09-07,ACTIVE,ICC CA State Open,1748.0,1726.0,2013-02-17,
3550,Margaret,Lu,119597,218597,,,1660,2023-05-29,1559,2022-08-06,ACTIVE,ICC JOOLA Fall Open,1644.0,1667.0,2022-09-10,2022-09-11
3550,Margaret,Lu,119597,218597,,,1660,2023-05-29,1559,2022-08-06,ACTIVE,ICC JOOLA Spring Open 2022,857.0,1211.0,2022-03-19,2022-03-20
3550,Margaret,Lu,119597,218597,,,1660,2023-05-29,1559,2022-08-06,ACTIVE,ICC JOOLA Winter Open,728.0,857.0,2019-11-08,2019-11-10
3550,Margaret,Lu,119597,218597,,,1660,2023-05-29,1559,2022-08-06,ACTIVE,ICC JOOLA Fall Open,522.0,728.0,2019-09-08,2019-09-08
3550,Margaret,Lu,119597,218597,,,1660,2023-05-29,1559,2022-08-06,ACTIVE,ICC Joola Spring Open,386.0,522.0,2019-05-12,2019-05-12
3601,Owen,Leung,176451,1176451,"Union City, CA",Micro Motion Table Tennis Academy,1654,2024-09-02,1511,2024-09-08,ACTIVE,2024 ICC JOOLA Fall OPEN,1619.0,1652.0,2024-08-24,2024-08-25
3601,Owen,Leung,176451,1176451,"Union City, CA",Micro Motion Table Tennis Academy,1654,2024-09-02,1511,2024-09-08,ACTIVE,2024 ICC JOOLA Summer OPEN,1404.0,1413.0,2024-05-04,2024-05-05
3601,Owen,Leung,176451,1176451,"Union City, CA",Micro Motion Table Tennis Academy,1654,2024-09-02,1511,2024-09-08,ACTIVE,2024 ICC JOOLA Spring OPEN,1365.0,1389.0,2024-03-02,2024-03-03
3601,Owen,Leung,176451,1176451,"Union City, CA",Micro Motion Table Tennis Academy,1654,2024-09-02,1511,2024-09-08,ACTIVE,2023 ICC JOOLA Winter Open,1195.0,1361.0,2023-12-02,2023-12-03
3601,Owen,Leung,176451,1176451,"Union City, CA",Micro Motion Table Tennis Academy,1654,2024-09-02,1511,2024-09-08,ACTIVE,2023 ICC JOOLA Autumn Open,1200.0,1195.0,2023-10-28,2023-10-29
3601,Owen,Leung,176451,1176451,"Union City, CA",Micro Motion Table Tennis Academy,1654,2024-09-02,1511,2024-09-08,ACTIVE,ICC JOOLA Fall Open,1018.0,967.0,2023-08-26,2023-08-27
3601,Owen,Leung,176451,1176451,"Union City, CA",Micro Motion Table Tennis Academy,1654,2024-09-02,1511,2024-09-08,ACTIVE,ICC JOOLA Summer Open,265.0,462.0,2023-05-06,2023-05-07
3601,Owen,Leung,176451,1176451,"Union City, CA",Micro Motion Table Tennis Academy,1654,2024-09-02,1511,2024-09-08,ACTIVE,ICC JOOLA Spring Open,189.0,222.0,2023-03-04,2023-03-05
3601,Owen,Leung,176451,1176451,"Union City, CA",Micro Motion Table Tennis Academy,1654,2024-09-02,1511,2024-09-08,ACTIVE,ICC JOOLA Autumn Open,60.0,63.0,2022-10-15,2022-10-16
3601,Owen,Leung,176451,1176451,"Union City, CA",Micro Motion Table Tennis Academy,1654,2024-09-02,1511,2024-09-08,ACTIVE,ICC JOOLA Fall Open,72.0,60.0,2022-09-10,2022-09-11
3603,Vinod,Kambrath,104034,203034,"Roseville, CA",Orange County Table Tennis Academy,1654,2024-06-22,1275,2019-01-12,ACTIVE,ICC JOOLA SUMMER OPEN- 2021,1289.0,1335.0,2021-05-29,2021-05-30
3603,Vinod,Kambrath,104034,203034,"Roseville, CA",Orange County Table Tennis Academy,1654,2024-06-22,1275,2019-01-12,ACTIVE,2018 ICC Butterfly America Open,1464.0,1469.0,2018-12-07,2018-12-09
3603,Vinod,Kambrath,104034,203034,"Roseville, CA",Orange County Table Tennis Academy,1654,2024-06-22,1275,2019-01-12,ACTIVE,ICC Butterfly America Open - 2018,1515.0,1474.0,2018-05-06,2018-05-06
3603,Vinod,Kambrath,104034,203034,"Roseville, CA",Orange County Table Tennis Academy,1654,2024-06-22,1275,2019-01-12,ACTIVE,ICC Butterfly California State Open,768.0,728.0,2016-12-02,2016-12-04
3611,Eliana,Chan,172316,271316,"Hillsborough, CA",888 Table Tennis Center,1652,2024-09-02,1038,2024-03-10,ACTIVE,ICC JOOLA Autumn Open,532.0,477.0,2022-10-15,2022-10-16
3619,Jason,Liang,32437,84890,"San Jose, CA",Swan Ping Pong,1652,2024-05-19,1589,2024-09-08,ACTIVE,ICC Butterfly Winter Open,1826.0,1733.0,2019-02-24,2019-02-24
3619,Jason,Liang,32437,84890,"San Jose, CA",Swan Ping Pong,1652,2024-05-19,1589,2024-09-08,ACTIVE,ICC Butterfly America Open - 2018,1706.0,1688.0,2018-05-06,2018-05-06
3619,Jason,Liang,32437,84890,"San Jose, CA",Swan Ping Pong,1652,2024-05-19,1589,2024-09-08,ACTIVE,ICC California State Open,1524.0,1522.0,2014-12-07,
3619,Jason,Liang,32437,84890,"San Jose, CA",Swan Ping Pong,1652,2024-05-19,1589,2024-09-08,ACTIVE,ICC California State Open,1425.0,1524.0,2014-04-06,
3619,Jason,Liang,32437,84890,"San Jose, CA",Swan Ping Pong,1652,2024-05-19,1589,2024-09-08,ACTIVE,ICC CA State Open,1329.0,1425.0,2013-12-08,
3619,Jason,Liang,32437,84890,"San Jose, CA",Swan Ping Pong,1652,2024-05-19,1589,2024-09-08,ACTIVE,ICC California State Open,1321.0,1329.0,2012-03-18,
3624,Daniel,Maung,35199,63659,"San Carlos, CA",,1651,2024-07-28,1423,2024-06-23,ACTIVE,ICC JOOLA Fall Open,1665.0,1616.0,2023-08-26,2023-08-27
3624,Daniel,Maung,35199,63659,"San Carlos, CA",,1651,2024-07-28,1423,2024-06-23,ACTIVE,ICC JOOLA Spring Open,1708.0,1659.0,2023-03-04,2023-03-05
3624,Daniel,Maung,35199,63659,"San Carlos, CA",,1651,2024-07-28,1423,2024-06-23,ACTIVE,ICC JOOLA Autumn Open,1607.0,1617.0,2022-10-15,2022-10-16
3624,Daniel,Maung,35199,63659,"San Carlos, CA",,1651,2024-07-28,1423,2024-06-23,ACTIVE,ICC JOOLA Fall Open,1659.0,1607.0,2022-09-10,2022-09-11
3624,Daniel,Maung,35199,63659,"San Carlos, CA",,1651,2024-07-28,1423,2024-06-23,ACTIVE,ICC JOOLA Spring Open 2022,1664.0,1659.0,2022-03-19,2022-03-20
3646,Milan,Kovac,164652,263652,"Redwood City, CA",888 Table Tennis Center,1648,2024-09-02,1246,2024-03-03,ACTIVE,ICC JOOLA Autumn Open,1552.0,1574.0,2022-10-15,2022-10-16
3646,Milan,Kovac,164652,263652,"Redwood City, CA",888 Table Tennis Center,1648,2024-09-02,1246,2024-03-03,ACTIVE,ICC JOOLA Fall Open,1538.0,1552.0,2022-09-10,2022-09-11
3646,Milan,Kovac,164652,263652,"Redwood City, CA",888 Table Tennis Center,1648,2024-09-02,1246,2024-03-03,ACTIVE,ICC JOOLA Summer Open,1567.0,1519.0,2022-05-14,2022-05-15
3646,Milan,Kovac,164652,263652,"Redwood City, CA",888 Table Tennis Center,1648,2024-09-02,1246,2024-03-03,ACTIVE,ICC JOOLA Spring Open 2022,1533.0,1625.0,2022-03-19,2022-03-20
3646,Milan,Kovac,164652,263652,"Redwood City, CA",888 Table Tennis Center,1648,2024-09-02,1246,2024-03-03,ACTIVE,ICC JOOLA Winter Open 2021,1337.0,1244.0,2021-11-13,2021-11-14
3657,Nahomy,Barrera Green,11394,84352,USA,,1647,2024-02-17,0,,ACTIVE,ICC California State Open,1501.0,1645.0,2012-12-09,
3660,Tanisha,Bala,167075,266075,Fremont,,1647,2024-09-02,1258,2024-08-17,ACTIVE,2024 ICC JOOLA Summer OPEN,1393.0,1353.0,2024-05-04,2024-05-05
3660,Tanisha,Bala,167075,266075,Fremont,,1647,2024-09-02,1258,2024-08-17,ACTIVE,2023 ICC JOOLA Autumn Open,1336.0,1435.0,2023-10-28,2023-10-29
3660,Tanisha,Bala,167075,266075,Fremont,,1647,2024-09-02,1258,2024-08-17,ACTIVE,ICC JOOLA Fall Open,1499.0,1486.0,2023-08-26,2023-08-27
3660,Tanisha,Bala,167075,266075,Fremont,,1647,2024-09-02,1258,2024-08-17,ACTIVE,ICC JOOLA Summer Open,1500.0,1477.0,2023-05-06,2023-05-07
3660,Tanisha,Bala,167075,266075,Fremont,,1647,2024-09-02,1258,2024-08-17,ACTIVE,ICC JOOLA Spring Open,1338.0,1507.0,2023-03-04,2023-03-05
3660,Tanisha,Bala,167075,266075,Fremont,,1647,2024-09-02,1258,2024-08-17,ACTIVE,ICC JOOLA Winter Open,1275.0,1218.0,2022-12-03,2022-12-04
3660,Tanisha,Bala,167075,266075,Fremont,,1647,2024-09-02,1258,2024-08-17,ACTIVE,ICC JOOLA Autumn Open,1320.0,1275.0,2022-10-15,2022-10-16
3660,Tanisha,Bala,167075,266075,Fremont,,1647,2024-09-02,1258,2024-08-17,ACTIVE,ICC JOOLA Summer Open,535.0,528.0,2022-05-14,2022-05-15
3660,Tanisha,Bala,167075,266075,Fremont,,1647,2024-09-02,1258,2024-08-17,ACTIVE,ICC JOOLA Spring Open 2022,525.0,535.0,2022-03-19,2022-03-20
3660,Tanisha,Bala,167075,266075,Fremont,,1647,2024-09-02,1258,2024-08-17,ACTIVE,ICC JOOLA Winter Open 2021,317.0,318.0,2021-11-13,2021-11-14
3660,Tanisha,Bala,167075,266075,Fremont,,1647,2024-09-02,1258,2024-08-17,ACTIVE,ICC JOOLA Fall Open 2021,63.0,259.0,2021-08-28,2021-08-29
3660,Tanisha,Bala,167075,266075,Fremont,,1647,2024-09-02,1258,2024-08-17,ACTIVE,ICC JOOLA SUMMER OPEN- 2021,0.0,63.0,2021-05-29,2021-05-30
3664,Jishnu,Talukdar,172975,271975,"San Jose, CA",888 Table Tennis Center,1646,2024-07-28,1667,2024-09-08,ACTIVE,2024 ICC JOOLA Summer OPEN,1708.0,1702.0,2024-05-04,2024-05-05
3664,Jishnu,Talukdar,172975,271975,"San Jose, CA",888 Table Tennis Center,1646,2024-07-28,1667,2024-09-08,ACTIVE,2024 ICC JOOLA Spring OPEN,1734.0,1712.0,2024-03-02,2024-03-03
3664,Jishnu,Talukdar,172975,271975,"San Jose, CA",888 Table Tennis Center,1646,2024-07-28,1667,2024-09-08,ACTIVE,2023 ICC JOOLA Winter Open,1547.0,1522.0,2023-12-02,2023-12-03
3664,Jishnu,Talukdar,172975,271975,"San Jose, CA",888 Table Tennis Center,1646,2024-07-28,1667,2024-09-08,ACTIVE,2023 ICC JOOLA Autumn Open,1574.0,1577.0,2023-10-28,2023-10-29
3664,Jishnu,Talukdar,172975,271975,"San Jose, CA",888 Table Tennis Center,1646,2024-07-28,1667,2024-09-08,ACTIVE,ICC JOOLA Fall Open,872.0,873.0,2023-08-26,2023-08-27
3664,Jishnu,Talukdar,172975,271975,"San Jose, CA",888 Table Tennis Center,1646,2024-07-28,1667,2024-09-08,ACTIVE,ICC JOOLA Summer Open,577.0,595.0,2023-05-06,2023-05-07
3664,Jishnu,Talukdar,172975,271975,"San Jose, CA",888 Table Tennis Center,1646,2024-07-28,1667,2024-09-08,ACTIVE,ICC JOOLA Spring Open,399.0,450.0,2023-03-04,2023-03-05
3672,Yang,Hua,3193,91872,"Alameda, CA",(TTA) Table Tennis America,1645,2024-07-07,1608,2024-08-17,ACTIVE,ICC STIGA California Open,314.0,370.0,2015-05-03,
3672,Yang,Hua,3193,91872,"Alameda, CA",(TTA) Table Tennis America,1645,2024-07-07,1608,2024-08-17,ACTIVE,ICC California State Open,300.0,314.0,2014-12-07,
3672,Yang,Hua,3193,91872,"Alameda, CA",(TTA) Table Tennis America,1645,2024-07-07,1608,2024-08-17,ACTIVE,ICC California State Open,117.0,112.0,2014-04-06,
3676,Abdul Syed,Musthafa,167093,1167093,"San Jose, CA",,1645,2024-07-07,1288,2024-09-07,ACTIVE,ICC JOOLA Autumn Open,1453.0,1447.0,2022-10-15,2022-10-16
3676,Abdul Syed,Musthafa,167093,1167093,"San Jose, CA",,1645,2024-07-07,1288,2024-09-07,ACTIVE,ICC JOOLA Spring Open 2022,1511.0,1488.0,2022-03-19,2022-03-20
3676,Abdul Syed,Musthafa,167093,1167093,"San Jose, CA",,1645,2024-07-07,1288,2024-09-07,ACTIVE,ICC JOOLA Winter Open 2021,1263.0,1302.0,2021-11-13,2021-11-14
3676,Abdul Syed,Musthafa,167093,1167093,"San Jose, CA",,1645,2024-07-07,1288,2024-09-07,ACTIVE,ICC JOOLA Fall Open 2021,1218.0,1263.0,2021-08-28,2021-08-29
3676,Abdul Syed,Musthafa,167093,1167093,"San Jose, CA",,1645,2024-07-07,1288,2024-09-07,ACTIVE,ICC JOOLA SUMMER OPEN- 2021,1115.0,1044.0,2021-05-29,2021-05-30
3676,Abdul Syed,Musthafa,167093,1167093,"San Jose, CA",,1645,2024-07-07,1288,2024-09-07,ACTIVE,ICC Joola Spring Open 2021,1009.0,1115.0,2021-04-10,2021-04-11
3676,Abdul Syed,Musthafa,167093,1167093,"San Jose, CA",,1645,2024-07-07,1288,2024-09-07,ACTIVE,ICC Joola Fall Open 2020,964.0,1009.0,2020-10-10,2020-10-11
3676,Abdul Syed,Musthafa,167093,1167093,"San Jose, CA",,1645,2024-07-07,1288,2024-09-07,ACTIVE,ICC JOOLA Spring Open 2020,961.0,964.0,2020-03-07,2020-03-08
3676,Abdul Syed,Musthafa,167093,1167093,"San Jose, CA",,1645,2024-07-07,1288,2024-09-07,ACTIVE,ICC JOOLA Winter Open,935.0,961.0,2019-11-08,2019-11-10
3676,Abdul Syed,Musthafa,167093,1167093,"San Jose, CA",,1645,2024-07-07,1288,2024-09-07,ACTIVE,ICC JOOLA Fall Open,0.0,935.0,2019-09-08,2019-09-08
3684,Yue,Li,172049,271049,"Los Gatos, CA",Westside Advance Table Tennis (WSATT),1643,2024-05-19,1555,2024-06-15,ACTIVE,ICC JOOLA Spring Open,1477.0,1479.0,2023-03-04,2023-03-05
3684,Yue,Li,172049,271049,"Los Gatos, CA",Westside Advance Table Tennis (WSATT),1643,2024-05-19,1555,2024-06-15,ACTIVE,ICC JOOLA Summer Open,1190.0,1182.0,2022-05-14,2022-05-15
3684,Yue,Li,172049,271049,"Los Gatos, CA",Westside Advance Table Tennis (WSATT),1643,2024-05-19,1555,2024-06-15,ACTIVE,ICC JOOLA Spring Open 2022,1153.0,1093.0,2022-03-19,2022-03-20
3709,Sarika,Kannan,168382,1168382,"Frisco, TX",,1640,2024-08-24,0,,ACTIVE,ICC JOOLA Spring Open 2020,96.0,696.0,2020-03-07,2020-03-08
3709,Sarika,Kannan,168382,1168382,"Frisco, TX",,1640,2024-08-24,0,,ACTIVE,ICC JOOLA Winter Open,0.0,96.0,2019-11-08,2019-11-10
3728,Jonathan,Jiang,174368,1174368,"Milpitas, CA",,1637,2023-12-21,1694,2024-03-09,ACTIVE,ICC JOOLA Spring Open 2022,0.0,1276.0,2022-03-19,2022-03-20
3742,Ethan,Guo,172320,271320,"San Mateo, CA",888 Table Tennis Center,1636,2023-07-07,1163,2024-06-09,ACTIVE,ICC JOOLA Autumn Open,1094.0,949.0,2022-10-15,2022-10-16
3742,Ethan,Guo,172320,271320,"San Mateo, CA",888 Table Tennis Center,1636,2023-07-07,1163,2024-06-09,ACTIVE,ICC JOOLA Fall Open,1054.0,1094.0,2022-09-10,2022-09-11
3742,Ethan,Guo,172320,271320,"San Mateo, CA",888 Table Tennis Center,1636,2023-07-07,1163,2024-06-09,ACTIVE,ICC JOOLA Spring Open 2022,1008.0,933.0,2022-03-19,2022-03-20
3742,Ethan,Guo,172320,271320,"San Mateo, CA",888 Table Tennis Center,1636,2023-07-07,1163,2024-06-09,ACTIVE,ICC JOOLA Winter Open 2021,271.0,311.0,2021-11-13,2021-11-14
3755,Jun,Huang,102963,98071,"Fremont, CA",(TTA) Table Tennis America,1635,2024-03-17,1559,2024-09-07,ACTIVE,ICC Butterfly California State Open,694.0,680.0,2016-12-02,2016-12-04
3808,Paul,Shih,7075,81397,"Hillsboro, OR",Paddle Palace Club,1629,2024-09-08,1632,2023-08-19,ACTIVE,ICC California State Open,1554.0,1471.0,2012-05-27,
3818,Armaan,Mansuri,174218,273218,,,1628,2024-09-02,1351,2024-08-03,ACTIVE,2024 ICC JOOLA Fall OPEN,1685.0,1626.0,2024-08-24,2024-08-25
3818,Armaan,Mansuri,174218,273218,,,1628,2024-09-02,1351,2024-08-03,ACTIVE,2024 ICC JOOLA Spring OPEN,1455.0,1463.0,2024-03-02,2024-03-03
3818,Armaan,Mansuri,174218,273218,,,1628,2024-09-02,1351,2024-08-03,ACTIVE,2023 ICC JOOLA Winter Open,951.0,1154.0,2023-12-02,2023-12-03
3818,Armaan,Mansuri,174218,273218,,,1628,2024-09-02,1351,2024-08-03,ACTIVE,ICC JOOLA Fall Open,610.0,951.0,2023-08-26,2023-08-27
3818,Armaan,Mansuri,174218,273218,,,1628,2024-09-02,1351,2024-08-03,ACTIVE,ICC JOOLA Spring Open,728.0,610.0,2023-03-04,2023-03-05
3818,Armaan,Mansuri,174218,273218,,,1628,2024-09-02,1351,2024-08-03,ACTIVE,ICC JOOLA Winter Open,143.0,173.0,2022-12-03,2022-12-04
3818,Armaan,Mansuri,174218,273218,,,1628,2024-09-02,1351,2024-08-03,ACTIVE,ICC JOOLA Autumn Open,128.0,143.0,2022-10-15,2022-10-16
3818,Armaan,Mansuri,174218,273218,,,1628,2024-09-02,1351,2024-08-03,ACTIVE,ICC JOOLA Fall Open,0.0,128.0,2022-09-10,2022-09-11
3829,Tom,Spesick,7349,63823,"Cool, CA",Auburn Table Tennis Club,1627,2024-05-18,0,,ACTIVE,2024 ICC JOOLA Spring OPEN,1637.0,1652.0,2024-03-02,2024-03-03
3839,Girish,Siddaganganna,171131,270131,"Fremont, CA",,1626,2024-07-28,1587,2024-08-18,ACTIVE,2024 ICC JOOLA Spring OPEN,1631.0,1628.0,2024-03-02,2024-03-03
3839,Girish,Siddaganganna,171131,270131,"Fremont, CA",,1626,2024-07-28,1587,2024-08-18,ACTIVE,2023 ICC JOOLA Winter Open,1591.0,1591.0,2023-12-02,2023-12-03
3839,Girish,Siddaganganna,171131,270131,"Fremont, CA",,1626,2024-07-28,1587,2024-08-18,ACTIVE,2023 ICC JOOLA Autumn Open,1591.0,1591.0,2023-10-28,2023-10-29
3839,Girish,Siddaganganna,171131,270131,"Fremont, CA",,1626,2024-07-28,1587,2024-08-18,ACTIVE,ICC JOOLA Fall Open,1506.0,1531.0,2023-08-26,2023-08-27
3839,Girish,Siddaganganna,171131,270131,"Fremont, CA",,1626,2024-07-28,1587,2024-08-18,ACTIVE,ICC JOOLA Summer Open,1478.0,1506.0,2023-05-06,2023-05-07
3839,Girish,Siddaganganna,171131,270131,"Fremont, CA",,1626,2024-07-28,1587,2024-08-18,ACTIVE,ICC JOOLA Spring Open,1332.0,1330.0,2023-03-04,2023-03-05
3839,Girish,Siddaganganna,171131,270131,"Fremont, CA",,1626,2024-07-28,1587,2024-08-18,ACTIVE,ICC JOOLA Autumn Open,1038.0,1087.0,2022-10-15,2022-10-16
3839,Girish,Siddaganganna,171131,270131,"Fremont, CA",,1626,2024-07-28,1587,2024-08-18,ACTIVE,ICC JOOLA Fall Open,997.0,1040.0,2022-09-10,2022-09-11
3839,Girish,Siddaganganna,171131,270131,"Fremont, CA",,1626,2024-07-28,1587,2024-08-18,ACTIVE,ICC JOOLA Summer Open,715.0,1007.0,2022-05-14,2022-05-15
3839,Girish,Siddaganganna,171131,270131,"Fremont, CA",,1626,2024-07-28,1587,2024-08-18,ACTIVE,ICC JOOLA Spring Open 2022,762.0,759.0,2022-03-19,2022-03-20
3839,Girish,Siddaganganna,171131,270131,"Fremont, CA",,1626,2024-07-28,1587,2024-08-18,ACTIVE,ICC JOOLA Winter Open 2021,787.0,764.0,2021-11-13,2021-11-14
3839,Girish,Siddaganganna,171131,270131,"Fremont, CA",,1626,2024-07-28,1587,2024-08-18,ACTIVE,ICC JOOLA Fall Open 2021,485.0,793.0,2021-08-28,2021-08-29
3841,Yi,Zhou,173010,272010,"Sunnyvale, CA",,1626,2023-12-21,1473,2024-03-03,ACTIVE,2023 ICC JOOLA Winter Open,1596.0,1594.0,2023-12-02,2023-12-03
3849,Raza,Mawjee,5068,88195,"El Dorado Hills, CA",Folsom Table Tennis Club,1625,2024-07-07,1633,2019-01-27,ACTIVE,ICC JOOLA Summer Open,1450.0,1482.0,2023-05-06,2023-05-07
3849,Raza,Mawjee,5068,88195,"El Dorado Hills, CA",Folsom Table Tennis Club,1625,2024-07-07,1633,2019-01-27,ACTIVE,ICC STIGA California Open,1475.0,1666.0,2015-12-06,
3849,Raza,Mawjee,5068,88195,"El Dorado Hills, CA",Folsom Table Tennis Club,1625,2024-07-07,1633,2019-01-27,ACTIVE,ICC California State Open,1216.0,1312.0,2012-12-09,
3911,Nicholas,Neuer,170147,1170147,Berkley,,1616,2024-09-02,1428,2023-10-08,ACTIVE,2024 ICC JOOLA Fall OPEN,1575.0,1574.0,2024-08-24,2024-08-25
3911,Nicholas,Neuer,170147,1170147,Berkley,,1616,2024-09-02,1428,2023-10-08,ACTIVE,ICC JOOLA Spring Open,1667.0,1669.0,2023-03-04,2023-03-05
3911,Nicholas,Neuer,170147,1170147,Berkley,,1616,2024-09-02,1428,2023-10-08,ACTIVE,ICC JOOLA Fall Open,1547.0,1592.0,2022-09-10,2022-09-11
3911,Nicholas,Neuer,170147,1170147,Berkley,,1616,2024-09-02,1428,2023-10-08,ACTIVE,ICC JOOLA Summer Open,1518.0,1517.0,2022-05-14,2022-05-15
3911,Nicholas,Neuer,170147,1170147,Berkley,,1616,2024-09-02,1428,2023-10-08,ACTIVE,ICC JOOLA Spring Open 2022,1411.0,1518.0,2022-03-19,2022-03-20
3911,Nicholas,Neuer,170147,1170147,Berkley,,1616,2024-09-02,1428,2023-10-08,ACTIVE,ICC JOOLA Winter Open 2021,1411.0,1507.0,2021-11-13,2021-11-14
3911,Nicholas,Neuer,170147,1170147,Berkley,,1616,2024-09-02,1428,2023-10-08,ACTIVE,ICC JOOLA Fall Open 2021,1257.0,1411.0,2021-08-28,2021-08-29
3922,Jaideep,Singh,46291,74283,"Union City, CA",,1615,2023-10-09,1460,2017-05-06,ACTIVE,ICC California State Open,1620.0,1616.0,2014-04-06,
3922,Jaideep,Singh,46291,74283,"Union City, CA",,1615,2023-10-09,1460,2017-05-06,ACTIVE,ICC Northern CA Open,0.0,1633.0,2007-07-22,
3927,Alexander,Rozhin,103883,202883,"El Cerrito, CA",Alameda Ping Pong Gym,1614,2024-08-25,1450,2023-07-16,ACTIVE,2024 ICC JOOLA Fall OPEN,1664.0,1614.0,2024-08-24,2024-08-25
3927,Alexander,Rozhin,103883,202883,"El Cerrito, CA",Alameda Ping Pong Gym,1614,2024-08-25,1450,2023-07-16,ACTIVE,2024 ICC JOOLA Spring OPEN,1651.0,1609.0,2024-03-02,2024-03-03
3927,Alexander,Rozhin,103883,202883,"El Cerrito, CA",Alameda Ping Pong Gym,1614,2024-08-25,1450,2023-07-16,ACTIVE,2023 ICC JOOLA Autumn Open,1702.0,1679.0,2023-10-28,2023-10-29
3927,Alexander,Rozhin,103883,202883,"El Cerrito, CA",Alameda Ping Pong Gym,1614,2024-08-25,1450,2023-07-16,ACTIVE,ICC JOOLA Fall Open,1638.0,1660.0,2023-08-26,2023-08-27
3927,Alexander,Rozhin,103883,202883,"El Cerrito, CA",Alameda Ping Pong Gym,1614,2024-08-25,1450,2023-07-16,ACTIVE,ICC JOOLA Spring Open,1709.0,1712.0,2023-03-04,2023-03-05
3927,Alexander,Rozhin,103883,202883,"El Cerrito, CA",Alameda Ping Pong Gym,1614,2024-08-25,1450,2023-07-16,ACTIVE,ICC JOOLA Autumn Open,1684.0,1697.0,2022-10-15,2022-10-16
3927,Alexander,Rozhin,103883,202883,"El Cerrito, CA",Alameda Ping Pong Gym,1614,2024-08-25,1450,2023-07-16,ACTIVE,ICC JOOLA Fall Open,1651.0,1646.0,2022-09-10,2022-09-11
3927,Alexander,Rozhin,103883,202883,"El Cerrito, CA",Alameda Ping Pong Gym,1614,2024-08-25,1450,2023-07-16,ACTIVE,ICC JOOLA Winter Open 2021,1538.0,1542.0,2021-11-13,2021-11-14
3927,Alexander,Rozhin,103883,202883,"El Cerrito, CA",Alameda Ping Pong Gym,1614,2024-08-25,1450,2023-07-16,ACTIVE,ICC Butterfly America Open - 2018,1531.0,1645.0,2018-05-06,2018-05-06
3933,Raghav,Bikkina,165548,264548,Fremont,Fremont Table Tennis Academy,1613,2024-08-31,1352,2024-09-08,ACTIVE,2024 ICC JOOLA Spring OPEN,1411.0,1415.0,2024-03-02,2024-03-03
3933,Raghav,Bikkina,165548,264548,Fremont,Fremont Table Tennis Academy,1613,2024-08-31,1352,2024-09-08,ACTIVE,ICC JOOLA SUMMER OPEN- 2021,37.0,46.0,2021-05-29,2021-05-30
3936,Rick,Massoth,35056,31289,"Albuquerque, NM",Albuquerque Table Tennis Club,1613,2024-04-28,0,,ACTIVE,ICC JOOLA Winter Open,1881.0,1783.0,2019-11-08,2019-11-10
3940,Hasan,Shahriar,45370,30276,"Lodi, CA",,1611,2024-01-27,1501,2018-11-10,ACTIVE,2023 ICC JOOLA Winter Open,1679.0,1648.0,2023-12-02,2023-12-03
3940,Hasan,Shahriar,45370,30276,"Lodi, CA",,1611,2024-01-27,1501,2018-11-10,ACTIVE,2018 ICC Butterfly America Open,1676.0,1660.0,2018-12-07,2018-12-09
3951,Mingxiang,Fan,174227,273227,"Sunnyvale, CA",Swan Ping Pong,1610,2024-06-15,1741,2024-08-25,ACTIVE,ICC JOOLA Spring Open,0.0,1618.0,2023-03-04,2023-03-05
3952,Disha,Srinivasan,47280,72128,"Las Vegas, NV",,1610,2023-12-21,0,,ACTIVE,ICC JOOLA Fall Open,1647.0,1609.0,2023-08-26,2023-08-27
3979,Kevin,Tran,49842,34645,"Fremont, CA",,1606,2023-06-24,1297,2024-05-07,ACTIVE,ICC JOOLA Spring Open,1654.0,1642.0,2023-03-04,2023-03-05
3979,Kevin,Tran,49842,34645,"Fremont, CA",,1606,2023-06-24,1297,2024-05-07,ACTIVE,ICC CA State Open,1587.0,1587.0,2011-06-05,
3979,Kevin,Tran,49842,34645,"Fremont, CA",,1606,2023-06-24,1297,2024-05-07,ACTIVE,ICC California State Open,1598.0,1500.0,2009-12-06,
3979,Kevin,Tran,49842,34645,"Fremont, CA",,1606,2023-06-24,1297,2024-05-07,ACTIVE,ICC California State Open,1624.0,1631.0,2009-03-01,
3979,Kevin,Tran,49842,34645,"Fremont, CA",,1606,2023-06-24,1297,2024-05-07,ACTIVE,ICC Northern CA Open,1150.0,1095.0,2007-07-22,
3985,Grant,Brown,13257,43549,"Eugene, OR",Eugene Table Tennis Club,1605,2024-01-21,0,,ACTIVE,ICC California State Open,1702.0,1631.0,2014-12-07,
4003,Tao,Li,172451,271451,"West Lafayette, IN",,1602,2023-07-07,1498,2023-04-03,ACTIVE,ICC JOOLA Spring Open,1626.0,1472.0,2023-03-04,2023-03-05
4024,Anirudh,Bhat,151080,250080,"Fremont, CA",(TTA) Table Tennis America,1599,2024-04-28,1512,2024-09-08,ACTIVE,2024 ICC JOOLA Spring OPEN,1602.0,1618.0,2024-03-02,2024-03-03
4024,Anirudh,Bhat,151080,250080,"Fremont, CA",(TTA) Table Tennis America,1599,2024-04-28,1512,2024-09-08,ACTIVE,2023 ICC JOOLA Winter Open,1448.0,1488.0,2023-12-02,2023-12-03
4024,Anirudh,Bhat,151080,250080,"Fremont, CA",(TTA) Table Tennis America,1599,2024-04-28,1512,2024-09-08,ACTIVE,2023 ICC JOOLA Autumn Open,1445.0,1448.0,2023-10-28,2023-10-29
4024,Anirudh,Bhat,151080,250080,"Fremont, CA",(TTA) Table Tennis America,1599,2024-04-28,1512,2024-09-08,ACTIVE,ICC JOOLA Fall Open,1218.0,1189.0,2023-08-26,2023-08-27
4024,Anirudh,Bhat,151080,250080,"Fremont, CA",(TTA) Table Tennis America,1599,2024-04-28,1512,2024-09-08,ACTIVE,ICC JOOLA Fall Open,1118.0,1162.0,2022-09-10,2022-09-11
4024,Anirudh,Bhat,151080,250080,"Fremont, CA",(TTA) Table Tennis America,1599,2024-04-28,1512,2024-09-08,ACTIVE,ICC JOOLA Summer Open,1143.0,1118.0,2022-05-14,2022-05-15
4024,Anirudh,Bhat,151080,250080,"Fremont, CA",(TTA) Table Tennis America,1599,2024-04-28,1512,2024-09-08,ACTIVE,ICC JOOLA Spring Open 2022,1211.0,1148.0,2022-03-19,2022-03-20
4024,Anirudh,Bhat,151080,250080,"Fremont, CA",(TTA) Table Tennis America,1599,2024-04-28,1512,2024-09-08,ACTIVE,ICC JOOLA Winter Open 2021,465.0,501.0,2021-11-13,2021-11-14
4024,Anirudh,Bhat,151080,250080,"Fremont, CA",(TTA) Table Tennis America,1599,2024-04-28,1512,2024-09-08,ACTIVE,ICC JOOLA Fall Open 2021,179.0,465.0,2021-08-28,2021-08-29
4024,Anirudh,Bhat,151080,250080,"Fremont, CA",(TTA) Table Tennis America,1599,2024-04-28,1512,2024-09-08,ACTIVE,ICC JOOLA SUMMER OPEN- 2021,191.0,179.0,2021-05-29,2021-05-30
4024,Anirudh,Bhat,151080,250080,"Fremont, CA",(TTA) Table Tennis America,1599,2024-04-28,1512,2024-09-08,ACTIVE,ICC Joola Spring Open 2021,140.0,191.0,2021-04-10,2021-04-11
4024,Anirudh,Bhat,151080,250080,"Fremont, CA",(TTA) Table Tennis America,1599,2024-04-28,1512,2024-09-08,ACTIVE,ICC Joola Fall Open 2020,64.0,140.0,2020-10-10,2020-10-11
4024,Anirudh,Bhat,151080,250080,"Fremont, CA",(TTA) Table Tennis America,1599,2024-04-28,1512,2024-09-08,ACTIVE,ICC JOOLA Spring Open 2020,48.0,64.0,2020-03-07,2020-03-08
4024,Anirudh,Bhat,151080,250080,"Fremont, CA",(TTA) Table Tennis America,1599,2024-04-28,1512,2024-09-08,ACTIVE,ICC JOOLA Winter Open,0.0,1459.0,2019-11-08,2019-11-10
4065,Chris,Holton,25479,12628,"Empire, CA",,1594,2024-06-22,1474,2023-07-09,ACTIVE,ICC JOOLA Summer Open,1602.0,1593.0,2022-05-14,2022-05-15
4065,Chris,Holton,25479,12628,"Empire, CA",,1594,2024-06-22,1474,2023-07-09,ACTIVE,ICC JOOLA Spring Open 2022,1606.0,1600.0,2022-03-19,2022-03-20
4065,Chris,Holton,25479,12628,"Empire, CA",,1594,2024-06-22,1474,2023-07-09,ACTIVE,ICC Joola Spring Open 2021,1632.0,1626.0,2021-04-10,2021-04-11
4065,Chris,Holton,25479,12628,"Empire, CA",,1594,2024-06-22,1474,2023-07-09,ACTIVE,ICC Joola Fall Open 2020,1632.0,1632.0,2020-10-10,2020-10-11
4074,Nishi,Kumar,3999,95292,"San Jose, CA",888 Table Tennis Center,1593,2023-12-21,1395,2023-09-25,ACTIVE,2023 ICC JOOLA Winter Open,1735.0,1695.0,2023-12-02,2023-12-03
4074,Nishi,Kumar,3999,95292,"San Jose, CA",888 Table Tennis Center,1593,2023-12-21,1395,2023-09-25,ACTIVE,ICC JOOLA Fall Open,1626.0,1626.0,2023-08-26,2023-08-27
4074,Nishi,Kumar,3999,95292,"San Jose, CA",888 Table Tennis Center,1593,2023-12-21,1395,2023-09-25,ACTIVE,ICC JOOLA Spring Open 2022,1601.0,1601.0,2022-03-19,2022-03-20
4074,Nishi,Kumar,3999,95292,"San Jose, CA",888 Table Tennis Center,1593,2023-12-21,1395,2023-09-25,ACTIVE,ICC JOOLA Fall Open 2021,1704.0,1626.0,2021-08-28,2021-08-29
4074,Nishi,Kumar,3999,95292,"San Jose, CA",888 Table Tennis Center,1593,2023-12-21,1395,2023-09-25,ACTIVE,ICC Joola Spring Open 2021,1565.0,1583.0,2021-04-10,2021-04-11
4074,Nishi,Kumar,3999,95292,"San Jose, CA",888 Table Tennis Center,1593,2023-12-21,1395,2023-09-25,ACTIVE,ICC Joola Spring Open,1603.0,1546.0,2019-05-12,2019-05-12
4074,Nishi,Kumar,3999,95292,"San Jose, CA",888 Table Tennis Center,1593,2023-12-21,1395,2023-09-25,ACTIVE,ICC Butterfly Winter Open,1626.0,1613.0,2019-02-24,2019-02-24
4074,Nishi,Kumar,3999,95292,"San Jose, CA",888 Table Tennis Center,1593,2023-12-21,1395,2023-09-25,ACTIVE,2018 ICC Butterfly America Open,1232.0,1626.0,2018-12-07,2018-12-09
4074,Nishi,Kumar,3999,95292,"San Jose, CA",888 Table Tennis Center,1593,2023-12-21,1395,2023-09-25,ACTIVE,ICC Butterfly California State Open,220.0,264.0,2016-12-02,2016-12-04
4074,Nishi,Kumar,3999,95292,"San Jose, CA",888 Table Tennis Center,1593,2023-12-21,1395,2023-09-25,ACTIVE,ICC STIGA California Open,16.0,33.0,2015-12-06,
4074,Nishi,Kumar,3999,95292,"San Jose, CA",888 Table Tennis Center,1593,2023-12-21,1395,2023-09-25,ACTIVE,ICC STIGA California Open,27.0,16.0,2015-05-03,
4074,Nishi,Kumar,3999,95292,"San Jose, CA",888 Table Tennis Center,1593,2023-12-21,1395,2023-09-25,ACTIVE,ICC California State Open,0.0,27.0,2014-12-07,
4082,Ziyi Ilenia,Zhang,172327,271327,"Burlingame, CA",888 Table Tennis Center,1591,2024-09-02,1110,2024-09-08,ACTIVE,ICC JOOLA Fall Open,200.0,182.0,2022-09-10,2022-09-11
4082,Ziyi Ilenia,Zhang,172327,271327,"Burlingame, CA",888 Table Tennis Center,1591,2024-09-02,1110,2024-09-08,ACTIVE,ICC JOOLA Winter Open 2021,53.0,53.0,2021-11-13,2021-11-14
4092,Grant,Connell,1438,5022,"Queen Creek, AZ",,1590,2018-12-09,1711,2019-10-28,ACTIVE,ICC CA State Open,1772.0,1742.0,2011-06-05,
4098,Vincent,Tran,7882,87030,"Santa Clara, CA","The Top Spin, LLC",1589,2024-06-22,1730,2018-04-22,ACTIVE,2024 ICC JOOLA Summer OPEN,1758.0,1715.0,2024-05-04,2024-05-05
4098,Vincent,Tran,7882,87030,"Santa Clara, CA","The Top Spin, LLC",1589,2024-06-22,1730,2018-04-22,ACTIVE,ICC CA State Open,0.0,1805.0,2011-12-04,
4116,Randy,Hui,165196,264196,"San Jose, CA",Swan Ping Pong,1584,2024-07-07,1423,2024-09-01,ACTIVE,2024 ICC JOOLA Summer OPEN,1330.0,1325.0,2024-05-04,2024-05-05
4116,Randy,Hui,165196,264196,"San Jose, CA",Swan Ping Pong,1584,2024-07-07,1423,2024-09-01,ACTIVE,ICC JOOLA Autumn Open,397.0,461.0,2022-10-15,2022-10-16
4116,Randy,Hui,165196,264196,"San Jose, CA",Swan Ping Pong,1584,2024-07-07,1423,2024-09-01,ACTIVE,ICC JOOLA Fall Open,487.0,397.0,2022-09-10,2022-09-11
4168,Krishna,Sarangapani,164243,1164243,"Sunnyvale, CA",,1578,2022-09-11,1496,2021-09-18,ACTIVE,ICC JOOLA Fall Open,1607.0,1578.0,2022-09-10,2022-09-11
4168,Krishna,Sarangapani,164243,1164243,"Sunnyvale, CA",,1578,2022-09-11,1496,2021-09-18,ACTIVE,ICC Butterfly Winter Open,0.0,1607.0,2019-02-24,2019-02-24
4186,Michael,Liu,132514,231514,"Santa Clara, CA",Swan Ping Pong,1575,2024-07-07,1554,2024-06-30,ACTIVE,2024 ICC JOOLA Spring OPEN,1593.0,1611.0,2024-03-02,2024-03-03
4186,Michael,Liu,132514,231514,"Santa Clara, CA",Swan Ping Pong,1575,2024-07-07,1554,2024-06-30,ACTIVE,2023 ICC JOOLA Winter Open,1427.0,1593.0,2023-12-02,2023-12-03
4186,Michael,Liu,132514,231514,"Santa Clara, CA",Swan Ping Pong,1575,2024-07-07,1554,2024-06-30,ACTIVE,ICC JOOLA Fall Open,1493.0,1482.0,2023-08-26,2023-08-27
4186,Michael,Liu,132514,231514,"Santa Clara, CA",Swan Ping Pong,1575,2024-07-07,1554,2024-06-30,ACTIVE,ICC JOOLA Summer Open,239.0,666.0,2023-05-06,2023-05-07
4186,Michael,Liu,132514,231514,"Santa Clara, CA",Swan Ping Pong,1575,2024-07-07,1554,2024-06-30,ACTIVE,ICC JOOLA Spring Open,0.0,239.0,2023-03-04,2023-03-05
4188,Ranjith,Ramachandran,6369,89674,"Milpitas, CA",Paddle Palace Club,1575,2024-03-03,0,,ACTIVE,2024 ICC JOOLA Spring OPEN,1631.0,1575.0,2024-03-02,2024-03-03
4188,Ranjith,Ramachandran,6369,89674,"Milpitas, CA",Paddle Palace Club,1575,2024-03-03,0,,ACTIVE,ICC JOOLA Summer Open,1632.0,1631.0,2022-05-14,2022-05-15
4195,Prashanth,Prahlad,41378,52333,"Fremont, CA",,1574,2024-08-25,1578,2024-09-07,ACTIVE,2024 ICC JOOLA Fall OPEN,1615.0,1574.0,2024-08-24,2024-08-25
4195,Prashanth,Prahlad,41378,52333,"Fremont, CA",,1574,2024-08-25,1578,2024-09-07,ACTIVE,2024 ICC JOOLA Spring OPEN,1583.0,1582.0,2024-03-02,2024-03-03
4195,Prashanth,Prahlad,41378,52333,"Fremont, CA",,1574,2024-08-25,1578,2024-09-07,ACTIVE,2023 ICC JOOLA Autumn Open,1612.0,1564.0,2023-10-28,2023-10-29
4195,Prashanth,Prahlad,41378,52333,"Fremont, CA",,1574,2024-08-25,1578,2024-09-07,ACTIVE,ICC JOOLA Fall Open,1666.0,1615.0,2023-08-26,2023-08-27
4195,Prashanth,Prahlad,41378,52333,"Fremont, CA",,1574,2024-08-25,1578,2024-09-07,ACTIVE,ICC JOOLA Summer Open,1694.0,1666.0,2023-05-06,2023-05-07
4195,Prashanth,Prahlad,41378,52333,"Fremont, CA",,1574,2024-08-25,1578,2024-09-07,ACTIVE,ICC CA State Open,1702.0,1702.0,2011-03-20,
4195,Prashanth,Prahlad,41378,52333,"Fremont, CA",,1574,2024-08-25,1578,2024-09-07,ACTIVE,ICC CA State Open,1734.0,1702.0,2010-12-05,
4195,Prashanth,Prahlad,41378,52333,"Fremont, CA",,1574,2024-08-25,1578,2024-09-07,ACTIVE,ICC CA State Open,1686.0,1734.0,2010-05-02,
4195,Prashanth,Prahlad,41378,52333,"Fremont, CA",,1574,2024-08-25,1578,2024-09-07,ACTIVE,ICC CA State Open,1768.0,1686.0,2010-02-28,
4195,Prashanth,Prahlad,41378,52333,"Fremont, CA",,1574,2024-08-25,1578,2024-09-07,ACTIVE,ICC Northern CA Open,1765.0,1768.0,2007-07-22,
4236,Yueran,Ren,172424,271424,"Milpitas, CA",Super Spin Table Tennis Club,1567,2024-08-25,1524,2024-09-07,ACTIVE,2024 ICC JOOLA Fall OPEN,1563.0,1567.0,2024-08-24,2024-08-25
4236,Yueran,Ren,172424,271424,"Milpitas, CA",Super Spin Table Tennis Club,1567,2024-08-25,1524,2024-09-07,ACTIVE,2024 ICC JOOLA Summer OPEN,1556.0,1563.0,2024-05-04,2024-05-05
4236,Yueran,Ren,172424,271424,"Milpitas, CA",Super Spin Table Tennis Club,1567,2024-08-25,1524,2024-09-07,ACTIVE,2024 ICC JOOLA Spring OPEN,1560.0,1561.0,2024-03-02,2024-03-03
4236,Yueran,Ren,172424,271424,"Milpitas, CA",Super Spin Table Tennis Club,1567,2024-08-25,1524,2024-09-07,ACTIVE,2023 ICC JOOLA Winter Open,1471.0,1483.0,2023-12-02,2023-12-03
4236,Yueran,Ren,172424,271424,"Milpitas, CA",Super Spin Table Tennis Club,1567,2024-08-25,1524,2024-09-07,ACTIVE,2023 ICC JOOLA Autumn Open,1486.0,1471.0,2023-10-28,2023-10-29
4236,Yueran,Ren,172424,271424,"Milpitas, CA",Super Spin Table Tennis Club,1567,2024-08-25,1524,2024-09-07,ACTIVE,ICC JOOLA Fall Open,1569.0,1506.0,2023-08-26,2023-08-27
4236,Yueran,Ren,172424,271424,"Milpitas, CA",Super Spin Table Tennis Club,1567,2024-08-25,1524,2024-09-07,ACTIVE,ICC JOOLA Summer Open,1212.0,1241.0,2023-05-06,2023-05-07
4236,Yueran,Ren,172424,271424,"Milpitas, CA",Super Spin Table Tennis Club,1567,2024-08-25,1524,2024-09-07,ACTIVE,ICC JOOLA Winter Open,819.0,1172.0,2022-12-03,2022-12-04
4236,Yueran,Ren,172424,271424,"Milpitas, CA",Super Spin Table Tennis Club,1567,2024-08-25,1524,2024-09-07,ACTIVE,ICC JOOLA Autumn Open,326.0,819.0,2022-10-15,2022-10-16
4236,Yueran,Ren,172424,271424,"Milpitas, CA",Super Spin Table Tennis Club,1567,2024-08-25,1524,2024-09-07,ACTIVE,ICC JOOLA Fall Open,0.0,326.0,2022-09-10,2022-09-11
4313,Chong,Pang,5929,83386,"Cypress, TX",Houston International Table Tennis Academy (HITTA),1555,2022-12-21,1697,2022-09-10,ACTIVE,ICC STIGA California Open,1514.0,1514.0,2015-05-03,
4313,Chong,Pang,5929,83386,"Cypress, TX",Houston International Table Tennis Academy (HITTA),1555,2022-12-21,1697,2022-09-10,ACTIVE,ICC CA State Open,1313.0,1300.0,2013-12-08,
4313,Chong,Pang,5929,83386,"Cypress, TX",Houston International Table Tennis Academy (HITTA),1555,2022-12-21,1697,2022-09-10,ACTIVE,ICC CA State Open,842.0,1247.0,2013-05-19,
4313,Chong,Pang,5929,83386,"Cypress, TX",Houston International Table Tennis Academy (HITTA),1555,2022-12-21,1697,2022-09-10,ACTIVE,ICC CA State Open,849.0,842.0,2013-02-17,
4313,Chong,Pang,5929,83386,"Cypress, TX",Houston International Table Tennis Academy (HITTA),1555,2022-12-21,1697,2022-09-10,ACTIVE,ICC California State Open,849.0,849.0,2012-12-09,
4313,Chong,Pang,5929,83386,"Cypress, TX",Houston International Table Tennis Academy (HITTA),1555,2022-12-21,1697,2022-09-10,ACTIVE,ICC California State Open,731.0,731.0,2012-03-18,
4313,Chong,Pang,5929,83386,"Cypress, TX",Houston International Table Tennis Academy (HITTA),1555,2022-12-21,1697,2022-09-10,ACTIVE,ICC CA State Open,683.0,731.0,2010-12-05,
4342,Dattu,Rao,173546,1173546,"Fremont, CA",ICC Table Tennis Center,1552,2024-08-25,1391,2024-09-08,ACTIVE,2024 ICC JOOLA Fall OPEN,1642.0,1552.0,2024-08-24,2024-08-25
4342,Dattu,Rao,173546,1173546,"Fremont, CA",ICC Table Tennis Center,1552,2024-08-25,1391,2024-09-08,ACTIVE,ICC JOOLA Fall Open,1425.0,1345.0,2023-08-26,2023-08-27
4352,Harry,Tan,172147,271147,"Fremont, CA",Kou Lei Table Tennis Club,1550,2024-09-02,1476,2024-09-07,ACTIVE,ICC JOOLA Summer Open,1386.0,1391.0,2023-05-06,2023-05-07
4352,Harry,Tan,172147,271147,"Fremont, CA",Kou Lei Table Tennis Club,1550,2024-09-02,1476,2024-09-07,ACTIVE,ICC JOOLA Spring Open,1217.0,1217.0,2023-03-04,2023-03-05
4352,Harry,Tan,172147,271147,"Fremont, CA",Kou Lei Table Tennis Club,1550,2024-09-02,1476,2024-09-07,ACTIVE,ICC JOOLA Autumn Open,446.0,522.0,2022-10-15,2022-10-16
4383,Omkar,Salvi,185865,284865,,,1546,2024-08-25,0,,ACTIVE,2024 ICC JOOLA Fall OPEN,0.0,1546.0,2024-08-24,2024-08-25
4392,Parijat,Shah,181640,1181640,Sunnyvale,,1545,2024-08-25,1465,2024-08-31,ACTIVE,2024 ICC JOOLA Fall OPEN,1560.0,1545.0,2024-08-24,2024-08-25
4392,Parijat,Shah,181640,1181640,Sunnyvale,,1545,2024-08-25,1465,2024-08-31,ACTIVE,2023 ICC JOOLA Winter Open,1589.0,1562.0,2023-12-02,2023-12-03
4392,Parijat,Shah,181640,1181640,Sunnyvale,,1545,2024-08-25,1465,2024-08-31,ACTIVE,2023 ICC JOOLA Autumn Open,1603.0,1589.0,2023-10-28,2023-10-29
4436,Oscar,Su,174772,273772,"Sunnyvale, CA",Swan Ping Pong,1541,2024-07-07,1538,2024-09-08,ACTIVE,2024 ICC JOOLA Summer OPEN,1498.0,1497.0,2024-05-04,2024-05-05
4436,Oscar,Su,174772,273772,"Sunnyvale, CA",Swan Ping Pong,1541,2024-07-07,1538,2024-09-08,ACTIVE,2024 ICC JOOLA Spring OPEN,1230.0,1499.0,2024-03-02,2024-03-03
4436,Oscar,Su,174772,273772,"Sunnyvale, CA",Swan Ping Pong,1541,2024-07-07,1538,2024-09-08,ACTIVE,ICC JOOLA Fall Open,370.0,375.0,2023-08-26,2023-08-27
4436,Oscar,Su,174772,273772,"Sunnyvale, CA",Swan Ping Pong,1541,2024-07-07,1538,2024-09-08,ACTIVE,ICC JOOLA Spring Open,330.0,286.0,2023-03-04,2023-03-05
4436,Oscar,Su,174772,273772,"Sunnyvale, CA",Swan Ping Pong,1541,2024-07-07,1538,2024-09-08,ACTIVE,ICC JOOLA Winter Open,75.0,350.0,2022-12-03,2022-12-04
4436,Oscar,Su,174772,273772,"Sunnyvale, CA",Swan Ping Pong,1541,2024-07-07,1538,2024-09-08,ACTIVE,ICC JOOLA Fall Open,41.0,65.0,2022-09-10,2022-09-11
4475,Crystal,Lin,169150,268150,,,1535,2024-09-02,1157,2024-08-18,ACTIVE,2024 ICC JOOLA Summer OPEN,1188.0,1168.0,2024-05-04,2024-05-05
4518,Scott,Hunter,115854,214854,"Emmett, ID",Adam Davis,1530,2023-10-08,1155,2023-04-09,ACTIVE,ICC JOOLA Fall Open,1583.0,1575.0,2023-08-26,2023-08-27
4518,Scott,Hunter,115854,214854,"Emmett, ID",Adam Davis,1530,2023-10-08,1155,2023-04-09,ACTIVE,ICC JOOLA Spring Open,1551.0,1545.0,2023-03-04,2023-03-05
4518,Scott,Hunter,115854,214854,"Emmett, ID",Adam Davis,1530,2023-10-08,1155,2023-04-09,ACTIVE,ICC JOOLA Summer Open,1846.0,1779.0,2022-05-14,2022-05-15
4518,Scott,Hunter,115854,214854,"Emmett, ID",Adam Davis,1530,2023-10-08,1155,2023-04-09,ACTIVE,ICC JOOLA SUMMER OPEN- 2021,1320.0,1214.0,2021-05-29,2021-05-30
4518,Scott,Hunter,115854,214854,"Emmett, ID",Adam Davis,1530,2023-10-08,1155,2023-04-09,ACTIVE,ICC Joola Spring Open 2021,1420.0,1320.0,2021-04-10,2021-04-11
4520,Joshua,Liebling,176098,275098,"San Bruno, CA",888 Table Tennis Center,1530,2024-07-28,1435,2024-09-08,ACTIVE,2024 ICC JOOLA Spring OPEN,1367.0,1356.0,2024-03-02,2024-03-03
4520,Joshua,Liebling,176098,275098,"San Bruno, CA",888 Table Tennis Center,1530,2024-07-28,1435,2024-09-08,ACTIVE,ICC JOOLA Fall Open,499.0,442.0,2023-08-26,2023-08-27
4523,Dewei,Sun,7511,82242,"San Jose, CA",Swan Ping Pong,1529,2024-04-21,1479,2023-09-09,ACTIVE,2024 ICC JOOLA Spring OPEN,1525.0,1491.0,2024-03-02,2024-03-03
4523,Dewei,Sun,7511,82242,"San Jose, CA",Swan Ping Pong,1529,2024-04-21,1479,2023-09-09,ACTIVE,ICC STIGA California Open,1744.0,1757.0,2015-05-03,
4523,Dewei,Sun,7511,82242,"San Jose, CA",Swan Ping Pong,1529,2024-04-21,1479,2023-09-09,ACTIVE,ICC California State Open,1740.0,1742.0,2014-04-06,
4523,Dewei,Sun,7511,82242,"San Jose, CA",Swan Ping Pong,1529,2024-04-21,1479,2023-09-09,ACTIVE,ICC CA State Open,1790.0,1740.0,2013-12-08,
4523,Dewei,Sun,7511,82242,"San Jose, CA",Swan Ping Pong,1529,2024-04-21,1479,2023-09-09,ACTIVE,ICC CA State Open,1790.0,1790.0,2013-02-17,
4523,Dewei,Sun,7511,82242,"San Jose, CA",Swan Ping Pong,1529,2024-04-21,1479,2023-09-09,ACTIVE,ICC California State Open,1691.0,1790.0,2012-12-09,
4523,Dewei,Sun,7511,82242,"San Jose, CA",Swan Ping Pong,1529,2024-04-21,1479,2023-09-09,ACTIVE,ICC California State Open,1753.0,1691.0,2012-03-18,
4523,Dewei,Sun,7511,82242,"San Jose, CA",Swan Ping Pong,1529,2024-04-21,1479,2023-09-09,ACTIVE,ICC CA State Open,1756.0,1753.0,2011-12-04,
4523,Dewei,Sun,7511,82242,"San Jose, CA",Swan Ping Pong,1529,2024-04-21,1479,2023-09-09,ACTIVE,ICC CA State Open,1608.0,1605.0,2011-03-20,
4523,Dewei,Sun,7511,82242,"San Jose, CA",Swan Ping Pong,1529,2024-04-21,1479,2023-09-09,ACTIVE,ICC CA State Open,1581.0,1608.0,2010-12-05,
4523,Dewei,Sun,7511,82242,"San Jose, CA",Swan Ping Pong,1529,2024-04-21,1479,2023-09-09,ACTIVE,ICC CA State Open,1359.0,1527.0,2010-05-02,
4523,Dewei,Sun,7511,82242,"San Jose, CA",Swan Ping Pong,1529,2024-04-21,1479,2023-09-09,ACTIVE,ICC CA State Open,0.0,1359.0,2010-02-28,
4526,Bryan,Wu,174041,273041,"Orinda, CA",,1529,2024-02-19,1296,2024-08-10,ACTIVE,ICC JOOLA Fall Open,1104.0,1126.0,2023-08-26,2023-08-27
4526,Bryan,Wu,174041,273041,"Orinda, CA",,1529,2024-02-19,1296,2024-08-10,ACTIVE,ICC JOOLA Summer Open,390.0,656.0,2023-05-06,2023-05-07
4526,Bryan,Wu,174041,273041,"Orinda, CA",,1529,2024-02-19,1296,2024-08-10,ACTIVE,ICC JOOLA Winter Open,199.0,350.0,2022-12-03,2022-12-04
4526,Bryan,Wu,174041,273041,"Orinda, CA",,1529,2024-02-19,1296,2024-08-10,ACTIVE,ICC JOOLA Autumn Open,200.0,199.0,2022-10-15,2022-10-16
4526,Bryan,Wu,174041,273041,"Orinda, CA",,1529,2024-02-19,1296,2024-08-10,ACTIVE,ICC JOOLA Fall Open,177.0,200.0,2022-09-10,2022-09-11
4527,Sergey,Semenov,102888,97877,"Santa Clara, CA",,1529,2024-03-03,1381,2024-02-25,ACTIVE,2024 ICC JOOLA Spring OPEN,1604.0,1529.0,2024-03-02,2024-03-03
4538,Jordan,Mahallati,174478,1174478,Lincoln,,1527,2024-05-18,1141,2022-08-28,ACTIVE,ICC JOOLA Winter Open,1228.0,1206.0,2022-12-03,2022-12-04
4538,Jordan,Mahallati,174478,1174478,Lincoln,,1527,2024-05-18,1141,2022-08-28,ACTIVE,ICC JOOLA Summer Open,857.0,861.0,2022-05-14,2022-05-15
4572,Arvid,Ali,9853,74134,"Woodinville, WA",ICC Table Tennis Center,1522,2023-12-03,1498,2024-01-27,ACTIVE,2023 ICC JOOLA Winter Open,1572.0,1522.0,2023-12-02,2023-12-03
4572,Arvid,Ali,9853,74134,"Woodinville, WA",ICC Table Tennis Center,1522,2023-12-03,1498,2024-01-27,ACTIVE,ICC JOOLA Summer Open,1583.0,1583.0,2023-05-06,2023-05-07
4572,Arvid,Ali,9853,74134,"Woodinville, WA",ICC Table Tennis Center,1522,2023-12-03,1498,2024-01-27,ACTIVE,ICC JOOLA Winter Open,1469.0,1466.0,2022-12-03,2022-12-04
4578,Riley,Woo,168383,1168383,"Burlingame, CA",,1521,2024-09-02,1153,2024-09-08,ACTIVE,2023 ICC JOOLA Autumn Open,1354.0,1310.0,2023-10-28,2023-10-29
4578,Riley,Woo,168383,1168383,"Burlingame, CA",,1521,2024-09-02,1153,2024-09-08,ACTIVE,ICC JOOLA Autumn Open,1244.0,1285.0,2022-10-15,2022-10-16
4578,Riley,Woo,168383,1168383,"Burlingame, CA",,1521,2024-09-02,1153,2024-09-08,ACTIVE,ICC JOOLA Fall Open,1247.0,1244.0,2022-09-10,2022-09-11
4578,Riley,Woo,168383,1168383,"Burlingame, CA",,1521,2024-09-02,1153,2024-09-08,ACTIVE,ICC JOOLA Summer Open,722.0,722.0,2022-05-14,2022-05-15
4578,Riley,Woo,168383,1168383,"Burlingame, CA",,1521,2024-09-02,1153,2024-09-08,ACTIVE,ICC JOOLA Spring Open 2022,646.0,679.0,2022-03-19,2022-03-20
4578,Riley,Woo,168383,1168383,"Burlingame, CA",,1521,2024-09-02,1153,2024-09-08,ACTIVE,ICC JOOLA Fall Open 2021,141.0,137.0,2021-08-28,2021-08-29
4578,Riley,Woo,168383,1168383,"Burlingame, CA",,1521,2024-09-02,1153,2024-09-08,ACTIVE,ICC JOOLA SUMMER OPEN- 2021,26.0,53.0,2021-05-29,2021-05-30
4578,Riley,Woo,168383,1168383,"Burlingame, CA",,1521,2024-09-02,1153,2024-09-08,ACTIVE,ICC Joola Spring Open 2021,30.0,26.0,2021-04-10,2021-04-11
4578,Riley,Woo,168383,1168383,"Burlingame, CA",,1521,2024-09-02,1153,2024-09-08,ACTIVE,ICC Joola Fall Open 2020,41.0,30.0,2020-10-10,2020-10-11
4578,Riley,Woo,168383,1168383,"Burlingame, CA",,1521,2024-09-02,1153,2024-09-08,ACTIVE,ICC JOOLA Spring Open 2020,0.0,41.0,2020-03-07,2020-03-08
4578,Riley,Woo,168383,1168383,"Burlingame, CA",,1521,2024-09-02,1153,2024-09-08,ACTIVE,ICC JOOLA Winter Open,0.0,0.0,2019-11-08,2019-11-10
4621,Brooks,Marquette,123126,222126,CA,Santa Cruz TTC,1517,2023-12-10,1207,2024-04-07,ACTIVE,ICC JOOLA Summer Open,1183.0,1167.0,2023-05-06,2023-05-07
4623,Cosmo,Pinkerton,119068,218068,"Woodside, CA",Pong Planet,1516,2020-02-29,1627,2023-12-05,ACTIVE,ICC JOOLA Fall Open,1617.0,1562.0,2019-09-08,2019-09-08
4623,Cosmo,Pinkerton,119068,218068,"Woodside, CA",Pong Planet,1516,2020-02-29,1627,2023-12-05,ACTIVE,ICC Butterfly Winter Open,1332.0,1373.0,2019-02-24,2019-02-24
4623,Cosmo,Pinkerton,119068,218068,"Woodside, CA",Pong Planet,1516,2020-02-29,1627,2023-12-05,ACTIVE,2018 ICC Butterfly America Open,1211.0,1332.0,2018-12-07,2018-12-09
4623,Cosmo,Pinkerton,119068,218068,"Woodside, CA",Pong Planet,1516,2020-02-29,1627,2023-12-05,ACTIVE,ICC Butterfly America Open - 2018,1362.0,1312.0,2018-05-06,2018-05-06
4647,Qiuyi,Jia,164263,263263,"Bellevue, WA",,1513,2024-04-28,1677,2024-07-06,ACTIVE,2024 ICC JOOLA Spring OPEN,1400.0,1389.0,2024-03-02,2024-03-03
4702,Aahan,Vangala,174517,273517,"Issaquah, WA",,1506,2024-05-27,1500,2024-09-07,ACTIVE,2024 ICC JOOLA Spring OPEN,1340.0,1340.0,2024-03-02,2024-03-03
4706,Peter,Groot,2655,6288,"San Jose, CA",,1505,2019-09-08,0,,ACTIVE,ICC JOOLA Fall Open,0.0,1505.0,2019-09-08,2019-09-08
4762,Changlin,Ma,119797,218797,"San Jose, CA",BAPPA Table Tennis,1497,2024-06-15,1673,2024-08-17,ACTIVE,ICC JOOLA Fall Open,1349.0,1439.0,2022-09-10,2022-09-11
4762,Changlin,Ma,119797,218797,"San Jose, CA",BAPPA Table Tennis,1497,2024-06-15,1673,2024-08-17,ACTIVE,ICC JOOLA Spring Open 2020,1238.0,1349.0,2020-03-07,2020-03-08
4762,Changlin,Ma,119797,218797,"San Jose, CA",BAPPA Table Tennis,1497,2024-06-15,1673,2024-08-17,ACTIVE,2018 ICC Butterfly America Open,401.0,1238.0,2018-12-07,2018-12-09
4764,Chia-yeh,Li,4395,84911,"Houston, NM",Albuquerque Table Tennis Club,1496,2023-05-07,1276,2024-05-12,ACTIVE,ICC JOOLA Summer Open,1530.0,1496.0,2023-05-06,2023-05-07
4764,Chia-yeh,Li,4395,84911,"Houston, NM",Albuquerque Table Tennis Club,1496,2023-05-07,1276,2024-05-12,ACTIVE,ICC JOOLA Autumn Open,1538.0,1530.0,2022-10-15,2022-10-16
4792,Alan,Li,32019,8939,"Edmonds, WA",,1490,2024-06-22,1246,2024-09-07,ACTIVE,ICC JOOLA Fall Open,1247.0,1243.0,2022-09-10,2022-09-11
4798,Martin,Mainster,4895,90843,"Reno, NV",Reno-Sparks TTC,1489,2024-01-27,1463,2023-04-30,ACTIVE,ICC JOOLA SUMMER OPEN- 2021,1547.0,1543.0,2021-05-29,2021-05-30
4861,Priyankaa,Rajendran,182817,281817,,,1480,2024-08-25,1443,2024-03-16,ACTIVE,2024 ICC JOOLA Fall OPEN,1371.0,1480.0,2024-08-24,2024-08-25
4861,Priyankaa,Rajendran,182817,281817,,,1480,2024-08-25,1443,2024-03-16,ACTIVE,2024 ICC JOOLA Spring OPEN,0.0,1371.0,2024-03-02,2024-03-03
4865,Mohammad,Astaneh,176827,1176827,Davis,,1480,2024-08-25,0,,ACTIVE,2024 ICC JOOLA Fall OPEN,1433.0,1480.0,2024-08-24,2024-08-25
4880,Tom,Li,4455,37938,"Belmont, CA",,1478,2023-10-12,1373,2023-08-06,ACTIVE,ICC CA State Open,1591.0,1614.0,2010-12-05,
4887,Chao,Xu,124847,223847,,,1477,2023-12-21,1579,2024-08-31,ACTIVE,2023 ICC JOOLA Autumn Open,1472.0,1476.0,2023-10-28,2023-10-29
4887,Chao,Xu,124847,223847,,,1477,2023-12-21,1579,2024-08-31,ACTIVE,ICC JOOLA Spring Open,0.0,801.0,2023-03-04,2023-03-05
4910,Yifan,Guo,174603,273603,"San Mateo, CA",,1472,2023-12-21,1399,2022-11-09,ACTIVE,ICC JOOLA Summer Open,0.0,1030.0,2022-05-14,2022-05-15
4928,David,He,132063,231063,"Santa Clara, CA",,1471,2023-05-07,1048,2024-04-06,ACTIVE,ICC JOOLA Summer Open,1363.0,1471.0,2023-05-06,2023-05-07
4928,David,He,132063,231063,"Santa Clara, CA",,1471,2023-05-07,1048,2024-04-06,ACTIVE,ICC JOOLA Spring Open,966.0,1153.0,2023-03-04,2023-03-05
4928,David,He,132063,231063,"Santa Clara, CA",,1471,2023-05-07,1048,2024-04-06,ACTIVE,ICC JOOLA Winter Open,913.0,911.0,2022-12-03,2022-12-04
4928,David,He,132063,231063,"Santa Clara, CA",,1471,2023-05-07,1048,2024-04-06,ACTIVE,ICC JOOLA Autumn Open,825.0,920.0,2022-10-15,2022-10-16
4928,David,He,132063,231063,"Santa Clara, CA",,1471,2023-05-07,1048,2024-04-06,ACTIVE,ICC JOOLA Fall Open,825.0,825.0,2022-09-10,2022-09-11
4928,David,He,132063,231063,"Santa Clara, CA",,1471,2023-05-07,1048,2024-04-06,ACTIVE,ICC JOOLA Summer Open,825.0,825.0,2022-05-14,2022-05-15
4928,David,He,132063,231063,"Santa Clara, CA",,1471,2023-05-07,1048,2024-04-06,ACTIVE,ICC JOOLA Spring Open 2022,373.0,825.0,2022-03-19,2022-03-20
4928,David,He,132063,231063,"Santa Clara, CA",,1471,2023-05-07,1048,2024-04-06,ACTIVE,ICC JOOLA Winter Open 2021,319.0,373.0,2021-11-13,2021-11-14
4928,David,He,132063,231063,"Santa Clara, CA",,1471,2023-05-07,1048,2024-04-06,ACTIVE,ICC JOOLA Fall Open 2021,197.0,319.0,2021-08-28,2021-08-29
4928,David,He,132063,231063,"Santa Clara, CA",,1471,2023-05-07,1048,2024-04-06,ACTIVE,ICC JOOLA SUMMER OPEN- 2021,180.0,187.0,2021-05-29,2021-05-30
4928,David,He,132063,231063,"Santa Clara, CA",,1471,2023-05-07,1048,2024-04-06,ACTIVE,ICC Joola Spring Open 2021,0.0,180.0,2021-04-10,2021-04-11
4942,Holly,Huang,178441,277441,"San Lorenzo, CA",,1468,2024-08-25,1488,2024-09-08,ACTIVE,2024 ICC JOOLA Fall OPEN,1401.0,1468.0,2024-08-24,2024-08-25
4942,Holly,Huang,178441,277441,"San Lorenzo, CA",,1468,2024-08-25,1488,2024-09-08,ACTIVE,2023 ICC JOOLA Winter Open,482.0,449.0,2023-12-02,2023-12-03
5021,Chuck,Zhang,175201,274201,"Fremont, CA",,1456,2024-09-02,1583,2024-09-01,ACTIVE,2024 ICC JOOLA Fall OPEN,1437.0,1431.0,2024-08-24,2024-08-25
5021,Chuck,Zhang,175201,274201,"Fremont, CA",,1456,2024-09-02,1583,2024-09-01,ACTIVE,2024 ICC JOOLA Summer OPEN,680.0,966.0,2024-05-04,2024-05-05
5040,yushi,han,184252,283252,,,1455,2024-08-25,0,,ACTIVE,2024 ICC JOOLA Fall OPEN,1396.0,1455.0,2024-08-24,2024-08-25
5066,Mabel,Mu,175788,274788,"Los Altos, CA",Kou Lei Table Tennis Club,1451,2024-05-27,1115,2024-09-08,ACTIVE,2024 ICC JOOLA Spring OPEN,1157.0,1257.0,2024-03-02,2024-03-03
5066,Mabel,Mu,175788,274788,"Los Altos, CA",Kou Lei Table Tennis Club,1451,2024-05-27,1115,2024-09-08,ACTIVE,2023 ICC JOOLA Autumn Open,276.0,355.0,2023-10-28,2023-10-29
5066,Mabel,Mu,175788,274788,"Los Altos, CA",Kou Lei Table Tennis Club,1451,2024-05-27,1115,2024-09-08,ACTIVE,ICC JOOLA Fall Open,174.0,246.0,2023-08-26,2023-08-27
5066,Mabel,Mu,175788,274788,"Los Altos, CA",Kou Lei Table Tennis Club,1451,2024-05-27,1115,2024-09-08,ACTIVE,ICC JOOLA Spring Open,183.0,174.0,2023-03-04,2023-03-05
5068,Mike,Sturtevant,7471,10052,"Sonora, CA",Modesto Table Tennis Club,1450,2024-09-02,1561,2023-03-26,ACTIVE,2023 ICC JOOLA Autumn Open,1539.0,1522.0,2023-10-28,2023-10-29
5068,Mike,Sturtevant,7471,10052,"Sonora, CA",Modesto Table Tennis Club,1450,2024-09-02,1561,2023-03-26,ACTIVE,ICC JOOLA Autumn Open,1636.0,1578.0,2022-10-15,2022-10-16
5068,Mike,Sturtevant,7471,10052,"Sonora, CA",Modesto Table Tennis Club,1450,2024-09-02,1561,2023-03-26,ACTIVE,ICC Joola Spring Open,1691.0,1633.0,2019-05-12,2019-05-12
5068,Mike,Sturtevant,7471,10052,"Sonora, CA",Modesto Table Tennis Club,1450,2024-09-02,1561,2023-03-26,ACTIVE,ICC Butterfly Winter Open,1753.0,1740.0,2019-02-24,2019-02-24
5068,Mike,Sturtevant,7471,10052,"Sonora, CA",Modesto Table Tennis Club,1450,2024-09-02,1561,2023-03-26,ACTIVE,2018 ICC Butterfly America Open,1754.0,1753.0,2018-12-07,2018-12-09
5068,Mike,Sturtevant,7471,10052,"Sonora, CA",Modesto Table Tennis Club,1450,2024-09-02,1561,2023-03-26,ACTIVE,ICC CA State Open,1560.0,1557.0,2013-05-19,
5119,Arsalan,Afrakhteh,174167,273167,"san ramon, CA",,1444,2024-08-25,1351,2024-07-21,ACTIVE,2024 ICC JOOLA Fall OPEN,1444.0,1444.0,2024-08-24,2024-08-25
5119,Arsalan,Afrakhteh,174167,273167,"san ramon, CA",,1444,2024-08-25,1351,2024-07-21,ACTIVE,ICC JOOLA Summer Open,1200.0,1507.0,2023-05-06,2023-05-07
5119,Arsalan,Afrakhteh,174167,273167,"san ramon, CA",,1444,2024-08-25,1351,2024-07-21,ACTIVE,ICC JOOLA Spring Open,1150.0,1150.0,2023-03-04,2023-03-05
5120,Avinash,Mallavarapu,171905,270905,"Fremont, CA",,1444,2024-09-02,1143,2024-04-07,ACTIVE,ICC JOOLA Autumn Open,1572.0,1478.0,2022-10-15,2022-10-16
5120,Avinash,Mallavarapu,171905,270905,"Fremont, CA",,1444,2024-09-02,1143,2024-04-07,ACTIVE,ICC JOOLA Spring Open 2022,1285.0,1267.0,2022-03-19,2022-03-20
5125,Isaac,Stephen,176594,275594,"Fremont, CA",ICC Table Tennis Center,1444,2024-08-25,1320,2024-09-07,ACTIVE,2024 ICC JOOLA Fall OPEN,1441.0,1444.0,2024-08-24,2024-08-25
5125,Isaac,Stephen,176594,275594,"Fremont, CA",ICC Table Tennis Center,1444,2024-08-25,1320,2024-09-07,ACTIVE,2024 ICC JOOLA Summer OPEN,1441.0,1441.0,2024-05-04,2024-05-05
5125,Isaac,Stephen,176594,275594,"Fremont, CA",ICC Table Tennis Center,1444,2024-08-25,1320,2024-09-07,ACTIVE,2024 ICC JOOLA Spring OPEN,326.0,1087.0,2024-03-02,2024-03-03
5125,Isaac,Stephen,176594,275594,"Fremont, CA",ICC Table Tennis Center,1444,2024-08-25,1320,2024-09-07,ACTIVE,2023 ICC JOOLA Winter Open,223.0,326.0,2023-12-02,2023-12-03
5125,Isaac,Stephen,176594,275594,"Fremont, CA",ICC Table Tennis Center,1444,2024-08-25,1320,2024-09-07,ACTIVE,ICC JOOLA Fall Open,111.0,223.0,2023-08-26,2023-08-27
5194,Hao,Chu,85976,57447,"Atherton, CA",,1436,2023-09-17,1485,2024-08-11,ACTIVE,ICC JOOLA Summer Open,1359.0,1339.0,2022-05-14,2022-05-15
5204,HUNG-WEN,HUNG,175567,274567,"Saratoga, CA",,1435,2024-08-25,1375,2024-09-07,ACTIVE,2024 ICC JOOLA Fall OPEN,1522.0,1435.0,2024-08-24,2024-08-25
5204,HUNG-WEN,HUNG,175567,274567,"Saratoga, CA",,1435,2024-08-25,1375,2024-09-07,ACTIVE,2024 ICC JOOLA Summer OPEN,1565.0,1564.0,2024-05-04,2024-05-05
5204,HUNG-WEN,HUNG,175567,274567,"Saratoga, CA",,1435,2024-08-25,1375,2024-09-07,ACTIVE,2024 ICC JOOLA Spring OPEN,1476.0,1490.0,2024-03-02,2024-03-03
5204,HUNG-WEN,HUNG,175567,274567,"Saratoga, CA",,1435,2024-08-25,1375,2024-09-07,ACTIVE,2023 ICC JOOLA Winter Open,609.0,666.0,2023-12-02,2023-12-03
5204,HUNG-WEN,HUNG,175567,274567,"Saratoga, CA",,1435,2024-08-25,1375,2024-09-07,ACTIVE,2023 ICC JOOLA Autumn Open,458.0,496.0,2023-10-28,2023-10-29
5204,HUNG-WEN,HUNG,175567,274567,"Saratoga, CA",,1435,2024-08-25,1375,2024-09-07,ACTIVE,ICC JOOLA Fall Open,0.0,373.0,2023-08-26,2023-08-27
5205,Billy,Fu,2263,64549,"Reno, NV",Reno-Sparks TTC,1435,2024-08-25,1742,2007-07-01,ACTIVE,2024 ICC JOOLA Fall OPEN,1536.0,1435.0,2024-08-24,2024-08-25
5205,Billy,Fu,2263,64549,"Reno, NV",Reno-Sparks TTC,1435,2024-08-25,1742,2007-07-01,ACTIVE,ICC JOOLA SUMMER OPEN- 2021,1724.0,1712.0,2021-05-29,2021-05-30
5205,Billy,Fu,2263,64549,"Reno, NV",Reno-Sparks TTC,1435,2024-08-25,1742,2007-07-01,ACTIVE,ICC STIGA California Open,1764.0,1733.0,2015-05-03,
5205,Billy,Fu,2263,64549,"Reno, NV",Reno-Sparks TTC,1435,2024-08-25,1742,2007-07-01,ACTIVE,ICC CA State Open,1736.0,1663.0,2013-12-08,
5205,Billy,Fu,2263,64549,"Reno, NV",Reno-Sparks TTC,1435,2024-08-25,1742,2007-07-01,ACTIVE,ICC CA State Open,1711.0,1697.0,2013-05-19,
5205,Billy,Fu,2263,64549,"Reno, NV",Reno-Sparks TTC,1435,2024-08-25,1742,2007-07-01,ACTIVE,ICC CA State Open,1798.0,1732.0,2013-02-17,
5205,Billy,Fu,2263,64549,"Reno, NV",Reno-Sparks TTC,1435,2024-08-25,1742,2007-07-01,ACTIVE,ICC CA State Open,1803.0,1795.0,2011-03-20,
5249,Arkaprabho,Ghosh,2427,85039,"Sunnyvale *, CA",Swan Ping Pong,1429,2024-04-21,1301,2024-02-11,ACTIVE,2024 ICC JOOLA Spring OPEN,1463.0,1446.0,2024-03-02,2024-03-03
5249,Arkaprabho,Ghosh,2427,85039,"Sunnyvale *, CA",Swan Ping Pong,1429,2024-04-21,1301,2024-02-11,ACTIVE,ICC STIGA California Open,1488.0,1676.0,2015-05-03,
5249,Arkaprabho,Ghosh,2427,85039,"Sunnyvale *, CA",Swan Ping Pong,1429,2024-04-21,1301,2024-02-11,ACTIVE,ICC California State Open,1528.0,1489.0,2012-12-09,
5249,Arkaprabho,Ghosh,2427,85039,"Sunnyvale *, CA",Swan Ping Pong,1429,2024-04-21,1301,2024-02-11,ACTIVE,ICC California State Open,1519.0,1528.0,2012-05-27,
5249,Arkaprabho,Ghosh,2427,85039,"Sunnyvale *, CA",Swan Ping Pong,1429,2024-04-21,1301,2024-02-11,ACTIVE,ICC California State Open,1196.0,1519.0,2012-03-18,
5249,Arkaprabho,Ghosh,2427,85039,"Sunnyvale *, CA",Swan Ping Pong,1429,2024-04-21,1301,2024-02-11,ACTIVE,ICC CA State Open,1196.0,1196.0,2011-12-04,
5249,Arkaprabho,Ghosh,2427,85039,"Sunnyvale *, CA",Swan Ping Pong,1429,2024-04-21,1301,2024-02-11,ACTIVE,ICC CA State Open,1197.0,1196.0,2011-06-05,
5249,Arkaprabho,Ghosh,2427,85039,"Sunnyvale *, CA",Swan Ping Pong,1429,2024-04-21,1301,2024-02-11,ACTIVE,ICC CA State Open,0.0,1197.0,2011-03-20,
5251,Danson,Cheng,176282,275282,"Sunnyvale, CA",,1429,2024-08-25,1369,2024-09-07,ACTIVE,2024 ICC JOOLA Fall OPEN,1397.0,1429.0,2024-08-24,2024-08-25
5251,Danson,Cheng,176282,275282,"Sunnyvale, CA",,1429,2024-08-25,1369,2024-09-07,ACTIVE,2024 ICC JOOLA Spring OPEN,987.0,947.0,2024-03-02,2024-03-03
5251,Danson,Cheng,176282,275282,"Sunnyvale, CA",,1429,2024-08-25,1369,2024-09-07,ACTIVE,2023 ICC JOOLA Winter Open,426.0,465.0,2023-12-02,2023-12-03
5251,Danson,Cheng,176282,275282,"Sunnyvale, CA",,1429,2024-08-25,1369,2024-09-07,ACTIVE,2023 ICC JOOLA Autumn Open,375.0,426.0,2023-10-28,2023-10-29
5251,Danson,Cheng,176282,275282,"Sunnyvale, CA",,1429,2024-08-25,1369,2024-09-07,ACTIVE,ICC JOOLA Fall Open,221.0,282.0,2023-08-26,2023-08-27
5251,Danson,Cheng,176282,275282,"Sunnyvale, CA",,1429,2024-08-25,1369,2024-09-07,ACTIVE,ICC JOOLA Summer Open,118.0,221.0,2023-05-06,2023-05-07
5251,Danson,Cheng,176282,275282,"Sunnyvale, CA",,1429,2024-08-25,1369,2024-09-07,ACTIVE,ICC JOOLA Winter Open,64.0,118.0,2022-12-03,2022-12-04
5251,Danson,Cheng,176282,275282,"Sunnyvale, CA",,1429,2024-08-25,1369,2024-09-07,ACTIVE,ICC JOOLA Autumn Open,0.0,64.0,2022-10-15,2022-10-16
5262,Atharva,Arvind,176448,1176448,"San Jose, CA",,1427,2024-08-25,1568,2024-09-08,ACTIVE,2024 ICC JOOLA Fall OPEN,1409.0,1427.0,2024-08-24,2024-08-25
5262,Atharva,Arvind,176448,1176448,"San Jose, CA",,1427,2024-08-25,1568,2024-09-08,ACTIVE,2024 ICC JOOLA Summer OPEN,1195.0,1145.0,2024-05-04,2024-05-05
5262,Atharva,Arvind,176448,1176448,"San Jose, CA",,1427,2024-08-25,1568,2024-09-08,ACTIVE,2024 ICC JOOLA Spring OPEN,388.0,503.0,2024-03-02,2024-03-03
5279,Alexander,Yavorskiy,54570,93872,"Redwood City, CA",Pong Planet,1424,2024-02-19,1488,2024-08-27,ACTIVE,ICC California State Open,0.0,1082.0,2014-12-07,
5284,Wendell,Loadholt,33325,52575,"Sacramento, CA",,1423,2024-04-21,0,,ACTIVE,ICC California State Open,1571.0,1572.0,2014-04-06,
5285,Michael,Marinas,4993,38893,"Daly City, CA",,1423,2024-06-22,1174,2024-04-28,ACTIVE,ICC Butterfly Winter Open,1432.0,1434.0,2019-02-24,2019-02-24
5316,Thishanth,Thilakkumar,172191,271191,"Fremont, CA",,1419,2023-12-21,999,2024-09-08,ACTIVE,ICC JOOLA Summer Open,916.0,1016.0,2023-05-06,2023-05-07
5316,Thishanth,Thilakkumar,172191,271191,"Fremont, CA",,1419,2023-12-21,999,2024-09-08,ACTIVE,ICC JOOLA Spring Open,918.0,916.0,2023-03-04,2023-03-05
5316,Thishanth,Thilakkumar,172191,271191,"Fremont, CA",,1419,2023-12-21,999,2024-09-08,ACTIVE,ICC JOOLA Fall Open,331.0,519.0,2022-09-10,2022-09-11
5316,Thishanth,Thilakkumar,172191,271191,"Fremont, CA",,1419,2023-12-21,999,2024-09-08,ACTIVE,ICC JOOLA Summer Open,176.0,179.0,2022-05-14,2022-05-15
5316,Thishanth,Thilakkumar,172191,271191,"Fremont, CA",,1419,2023-12-21,999,2024-09-08,ACTIVE,ICC JOOLA Spring Open 2022,84.0,116.0,2022-03-19,2022-03-20
5329,Gaurav,Sood,183861,282861,"Sanjose, CA",,1417,2024-08-31,1258,2024-09-07,ACTIVE,2024 ICC JOOLA Fall OPEN,1395.0,1408.0,2024-08-24,2024-08-25
5329,Gaurav,Sood,183861,282861,"Sanjose, CA",,1417,2024-08-31,1258,2024-09-07,ACTIVE,2024 ICC JOOLA Summer OPEN,0.0,1434.0,2024-05-04,2024-05-05
5333,Akhil,Ramakrishnan,180803,279803,"Fremont, CA",Fremont Table Tennis Academy,1416,2024-08-31,1618,2024-09-08,ACTIVE,2024 ICC JOOLA Fall OPEN,1385.0,1434.0,2024-08-24,2024-08-25
5333,Akhil,Ramakrishnan,180803,279803,"Fremont, CA",Fremont Table Tennis Academy,1416,2024-08-31,1618,2024-09-08,ACTIVE,2024 ICC JOOLA Summer OPEN,221.0,327.0,2024-05-04,2024-05-05
5333,Akhil,Ramakrishnan,180803,279803,"Fremont, CA",Fremont Table Tennis Academy,1416,2024-08-31,1618,2024-09-08,ACTIVE,2024 ICC JOOLA Spring OPEN,97.0,126.0,2024-03-02,2024-03-03
5364,Atul,Rathore,175741,274741,"Foster City, CA",888 Table Tennis Center,1412,2024-09-02,1234,2024-09-07,ACTIVE,2024 ICC JOOLA Fall OPEN,1464.0,1430.0,2024-08-24,2024-08-25
5364,Atul,Rathore,175741,274741,"Foster City, CA",888 Table Tennis Center,1412,2024-09-02,1234,2024-09-07,ACTIVE,2023 ICC JOOLA Winter Open,1400.0,1399.0,2023-12-02,2023-12-03
5364,Atul,Rathore,175741,274741,"Foster City, CA",888 Table Tennis Center,1412,2024-09-02,1234,2024-09-07,ACTIVE,ICC JOOLA Fall Open,1465.0,1478.0,2023-08-26,2023-08-27
5364,Atul,Rathore,175741,274741,"Foster City, CA",888 Table Tennis Center,1412,2024-09-02,1234,2024-09-07,ACTIVE,ICC JOOLA Summer Open,1387.0,1224.0,2023-05-06,2023-05-07
5365,Rishaan,Bala,167076,266076,Fremont,,1412,2024-09-02,1142,2024-03-23,ACTIVE,2023 ICC JOOLA Winter Open,1404.0,1504.0,2023-12-02,2023-12-03
5365,Rishaan,Bala,167076,266076,Fremont,,1412,2024-09-02,1142,2024-03-23,ACTIVE,ICC JOOLA Fall Open,1450.0,1464.0,2023-08-26,2023-08-27
5365,Rishaan,Bala,167076,266076,Fremont,,1412,2024-09-02,1142,2024-03-23,ACTIVE,ICC JOOLA Summer Open,810.0,718.0,2023-05-06,2023-05-07
5365,Rishaan,Bala,167076,266076,Fremont,,1412,2024-09-02,1142,2024-03-23,ACTIVE,ICC JOOLA Spring Open,679.0,802.0,2023-03-04,2023-03-05
5365,Rishaan,Bala,167076,266076,Fremont,,1412,2024-09-02,1142,2024-03-23,ACTIVE,ICC JOOLA Winter Open,761.0,679.0,2022-12-03,2022-12-04
5365,Rishaan,Bala,167076,266076,Fremont,,1412,2024-09-02,1142,2024-03-23,ACTIVE,ICC JOOLA Summer Open,522.0,515.0,2022-05-14,2022-05-15
5365,Rishaan,Bala,167076,266076,Fremont,,1412,2024-09-02,1142,2024-03-23,ACTIVE,ICC JOOLA Spring Open 2022,242.0,242.0,2022-03-19,2022-03-20
5365,Rishaan,Bala,167076,266076,Fremont,,1412,2024-09-02,1142,2024-03-23,ACTIVE,ICC JOOLA Winter Open 2021,82.0,99.0,2021-11-13,2021-11-14
5365,Rishaan,Bala,167076,266076,Fremont,,1412,2024-09-02,1142,2024-03-23,ACTIVE,ICC JOOLA Fall Open 2021,0.0,82.0,2021-08-28,2021-08-29
5372,Alexander,Liebling,176099,275099,"San Bruno, CA",888 Table Tennis Center,1411,2024-07-28,1424,2024-09-08,ACTIVE,2024 ICC JOOLA Spring OPEN,1189.0,1271.0,2024-03-02,2024-03-03
5379,Toon,Mao,4968,55611,"San Francisco, CA",San Francisco Table Tennis Club,1409,2018-03-02,0,,ACTIVE,ICC STIGA California Open,1466.0,1463.0,2015-12-06,
5379,Toon,Mao,4968,55611,"San Francisco, CA",San Francisco Table Tennis Club,1409,2018-03-02,0,,ACTIVE,ICC STIGA California Open,1622.0,1552.0,2015-05-03,
5379,Toon,Mao,4968,55611,"San Francisco, CA",San Francisco Table Tennis Club,1409,2018-03-02,0,,ACTIVE,ICC California State Open,1624.0,1622.0,2014-12-07,
5379,Toon,Mao,4968,55611,"San Francisco, CA",San Francisco Table Tennis Club,1409,2018-03-02,0,,ACTIVE,ICC CA State Open,1700.0,1696.0,2011-03-20,
5379,Toon,Mao,4968,55611,"San Francisco, CA",San Francisco Table Tennis Club,1409,2018-03-02,0,,ACTIVE,ICC California State Open,1764.0,1716.0,2009-12-06,
5388,Siddharth,Kodaty,177426,276426,"Fremont, CA",,1407,2024-09-02,1054,2024-09-07,ACTIVE,2024 ICC JOOLA Fall OPEN,1304.0,1401.0,2024-08-24,2024-08-25
5388,Siddharth,Kodaty,177426,276426,"Fremont, CA",,1407,2024-09-02,1054,2024-09-07,ACTIVE,2024 ICC JOOLA Summer OPEN,458.0,678.0,2024-05-04,2024-05-05
5388,Siddharth,Kodaty,177426,276426,"Fremont, CA",,1407,2024-09-02,1054,2024-09-07,ACTIVE,2024 ICC JOOLA Spring OPEN,385.0,458.0,2024-03-02,2024-03-03
5388,Siddharth,Kodaty,177426,276426,"Fremont, CA",,1407,2024-09-02,1054,2024-09-07,ACTIVE,2023 ICC JOOLA Winter Open,282.0,293.0,2023-12-02,2023-12-03
5388,Siddharth,Kodaty,177426,276426,"Fremont, CA",,1407,2024-09-02,1054,2024-09-07,ACTIVE,2023 ICC JOOLA Autumn Open,159.0,282.0,2023-10-28,2023-10-29
5388,Siddharth,Kodaty,177426,276426,"Fremont, CA",,1407,2024-09-02,1054,2024-09-07,ACTIVE,ICC JOOLA Summer Open,0.0,23.0,2023-05-06,2023-05-07
5409,Steve,Ezzo,2047,7171,"San Simeon, CA",Experior Table Tennis Club,1405,2024-07-07,1266,2018-04-21,ACTIVE,ICC JOOLA Fall Open,1525.0,1484.0,2022-09-10,2022-09-11
5409,Steve,Ezzo,2047,7171,"San Simeon, CA",Experior Table Tennis Club,1405,2024-07-07,1266,2018-04-21,ACTIVE,ICC Butterfly Winter Open,1578.0,1475.0,2019-02-24,2019-02-24
5409,Steve,Ezzo,2047,7171,"San Simeon, CA",Experior Table Tennis Club,1405,2024-07-07,1266,2018-04-21,ACTIVE,2018 ICC Butterfly America Open,1643.0,1578.0,2018-12-07,2018-12-09
5409,Steve,Ezzo,2047,7171,"San Simeon, CA",Experior Table Tennis Club,1405,2024-07-07,1266,2018-04-21,ACTIVE,ICC California State Open,1306.0,1304.0,2014-04-06,
5409,Steve,Ezzo,2047,7171,"San Simeon, CA",Experior Table Tennis Club,1405,2024-07-07,1266,2018-04-21,ACTIVE,ICC CA State Open,1459.0,1405.0,2013-02-17,
5448,Benjamin,Lam,173218,272218,"Milpitas, CA",,1398,2023-12-21,1632,2024-09-07,ACTIVE,2023 ICC JOOLA Winter Open,741.0,994.0,2023-12-02,2023-12-03
5448,Benjamin,Lam,173218,272218,"Milpitas, CA",,1398,2023-12-21,1632,2024-09-07,ACTIVE,2023 ICC JOOLA Autumn Open,622.0,738.0,2023-10-28,2023-10-29
5448,Benjamin,Lam,173218,272218,"Milpitas, CA",,1398,2023-12-21,1632,2024-09-07,ACTIVE,ICC JOOLA Fall Open,637.0,636.0,2023-08-26,2023-08-27
5448,Benjamin,Lam,173218,272218,"Milpitas, CA",,1398,2023-12-21,1632,2024-09-07,ACTIVE,ICC JOOLA Summer Open,220.0,267.0,2023-05-06,2023-05-07
5448,Benjamin,Lam,173218,272218,"Milpitas, CA",,1398,2023-12-21,1632,2024-09-07,ACTIVE,ICC JOOLA Spring Open,87.0,220.0,2023-03-04,2023-03-05
5448,Benjamin,Lam,173218,272218,"Milpitas, CA",,1398,2023-12-21,1632,2024-09-07,ACTIVE,ICC JOOLA Fall Open,90.0,87.0,2022-09-10,2022-09-11
5459,Zsolt,Lattmann,102887,97876,"San Jose, CA",Stickman Skills Center,1397,2024-01-27,1254,2018-06-30,ACTIVE,ICC JOOLA Spring Open 2022,1565.0,1593.0,2022-03-19,2022-03-20
5459,Zsolt,Lattmann,102887,97876,"San Jose, CA",Stickman Skills Center,1397,2024-01-27,1254,2018-06-30,ACTIVE,ICC Joola Spring Open 2021,1747.0,1747.0,2021-04-10,2021-04-11
5459,Zsolt,Lattmann,102887,97876,"San Jose, CA",Stickman Skills Center,1397,2024-01-27,1254,2018-06-30,ACTIVE,ICC JOOLA Spring Open 2020,1760.0,1747.0,2020-03-07,2020-03-08
5459,Zsolt,Lattmann,102887,97876,"San Jose, CA",Stickman Skills Center,1397,2024-01-27,1254,2018-06-30,ACTIVE,ICC Joola Spring Open,1641.0,1642.0,2019-05-12,2019-05-12
5470,Christopher,Zutler,122912,221912,,,1395,2024-09-02,841,2024-09-08,ACTIVE,ICC JOOLA Spring Open 2022,1142.0,1145.0,2022-03-19,2022-03-20
5492,Vihan,Bagal,174132,273132,"Saratoga, CA",World Champions Table Tennis Academy (WCTTA),1391,2024-07-07,1159,2024-07-21,ACTIVE,2023 ICC JOOLA Autumn Open,1079.0,1054.0,2023-10-28,2023-10-29
5492,Vihan,Bagal,174132,273132,"Saratoga, CA",World Champions Table Tennis Academy (WCTTA),1391,2024-07-07,1159,2024-07-21,ACTIVE,ICC JOOLA Summer Open,535.0,587.0,2023-05-06,2023-05-07
5515,Max,Yang,173978,272978,San Jose,888 Table Tennis Center,1389,2024-09-02,1624,2024-09-08,ACTIVE,2024 ICC JOOLA Fall OPEN,1268.0,1391.0,2024-08-24,2024-08-25
5515,Max,Yang,173978,272978,San Jose,888 Table Tennis Center,1389,2024-09-02,1624,2024-09-08,ACTIVE,2024 ICC JOOLA Spring OPEN,1270.0,1268.0,2024-03-02,2024-03-03
5515,Max,Yang,173978,272978,San Jose,888 Table Tennis Center,1389,2024-09-02,1624,2024-09-08,ACTIVE,2023 ICC JOOLA Winter Open,544.0,544.0,2023-12-02,2023-12-03
5515,Max,Yang,173978,272978,San Jose,888 Table Tennis Center,1389,2024-09-02,1624,2024-09-08,ACTIVE,2023 ICC JOOLA Autumn Open,558.0,544.0,2023-10-28,2023-10-29
5515,Max,Yang,173978,272978,San Jose,888 Table Tennis Center,1389,2024-09-02,1624,2024-09-08,ACTIVE,ICC JOOLA Fall Open,469.0,449.0,2023-08-26,2023-08-27
5515,Max,Yang,173978,272978,San Jose,888 Table Tennis Center,1389,2024-09-02,1624,2024-09-08,ACTIVE,ICC JOOLA Summer Open,456.0,422.0,2023-05-06,2023-05-07
5528,Balamurugan,Kanagaraj,132598,231598,"Milpitas, CA",,1387,2024-09-02,1072,2024-09-08,ACTIVE,2024 ICC JOOLA Fall OPEN,1303.0,1287.0,2024-08-24,2024-08-25
5528,Balamurugan,Kanagaraj,132598,231598,"Milpitas, CA",,1387,2024-09-02,1072,2024-09-08,ACTIVE,2023 ICC JOOLA Winter Open,1536.0,1536.0,2023-12-02,2023-12-03
5528,Balamurugan,Kanagaraj,132598,231598,"Milpitas, CA",,1387,2024-09-02,1072,2024-09-08,ACTIVE,2023 ICC JOOLA Autumn Open,1296.0,1299.0,2023-10-28,2023-10-29
5528,Balamurugan,Kanagaraj,132598,231598,"Milpitas, CA",,1387,2024-09-02,1072,2024-09-08,ACTIVE,ICC JOOLA Summer Open,1181.0,1179.0,2023-05-06,2023-05-07
5528,Balamurugan,Kanagaraj,132598,231598,"Milpitas, CA",,1387,2024-09-02,1072,2024-09-08,ACTIVE,ICC JOOLA Spring Open,1267.0,1212.0,2023-03-04,2023-03-05
5528,Balamurugan,Kanagaraj,132598,231598,"Milpitas, CA",,1387,2024-09-02,1072,2024-09-08,ACTIVE,ICC JOOLA Winter Open,1055.0,1042.0,2022-12-03,2022-12-04
5528,Balamurugan,Kanagaraj,132598,231598,"Milpitas, CA",,1387,2024-09-02,1072,2024-09-08,ACTIVE,ICC JOOLA Fall Open,1038.0,988.0,2022-09-10,2022-09-11
5528,Balamurugan,Kanagaraj,132598,231598,"Milpitas, CA",,1387,2024-09-02,1072,2024-09-08,ACTIVE,ICC JOOLA Summer Open,639.0,629.0,2022-05-14,2022-05-15
5528,Balamurugan,Kanagaraj,132598,231598,"Milpitas, CA",,1387,2024-09-02,1072,2024-09-08,ACTIVE,ICC JOOLA Spring Open 2022,720.0,639.0,2022-03-19,2022-03-20
5528,Balamurugan,Kanagaraj,132598,231598,"Milpitas, CA",,1387,2024-09-02,1072,2024-09-08,ACTIVE,ICC JOOLA Fall Open 2021,624.0,621.0,2021-08-28,2021-08-29
5528,Balamurugan,Kanagaraj,132598,231598,"Milpitas, CA",,1387,2024-09-02,1072,2024-09-08,ACTIVE,ICC Joola Spring Open 2021,628.0,624.0,2021-04-10,2021-04-11
5528,Balamurugan,Kanagaraj,132598,231598,"Milpitas, CA",,1387,2024-09-02,1072,2024-09-08,ACTIVE,ICC Joola Fall Open 2020,0.0,628.0,2020-10-10,2020-10-11
5546,Yangui,Tao,48837,34560,"Cupertino, CA",,1384,2018-03-02,1730,2024-09-01,ACTIVE,ICC CA State Open,1019.0,1384.0,2011-03-20,
5546,Yangui,Tao,48837,34560,"Cupertino, CA",,1384,2018-03-02,1730,2024-09-01,ACTIVE,ICC California State Open,997.0,1021.0,2009-12-06,
5572,Ashish,Seth,116941,215941,"Los Altos, CA",ICC Table Tennis Center,1380,2024-05-05,1499,2024-08-31,ACTIVE,2024 ICC JOOLA Summer OPEN,1396.0,1380.0,2024-05-04,2024-05-05
5572,Ashish,Seth,116941,215941,"Los Altos, CA",ICC Table Tennis Center,1380,2024-05-05,1499,2024-08-31,ACTIVE,2023 ICC JOOLA Winter Open,1418.0,1396.0,2023-12-02,2023-12-03
5572,Ashish,Seth,116941,215941,"Los Altos, CA",ICC Table Tennis Center,1380,2024-05-05,1499,2024-08-31,ACTIVE,ICC JOOLA Summer Open,0.0,1418.0,2023-05-06,2023-05-07
5577,Nidal,Ilyas,124530,223530,"Conshohocken, PA",,1378,2024-07-28,1148,2024-09-07,ACTIVE,ICC JOOLA Spring Open,1320.0,1315.0,2023-03-04,2023-03-05
5577,Nidal,Ilyas,124530,223530,"Conshohocken, PA",,1378,2024-07-28,1148,2024-09-07,ACTIVE,ICC JOOLA Fall Open,1341.0,1341.0,2022-09-10,2022-09-11
5593,Kevin,Wang,182368,1182368,"San Jose, CA",,1376,2024-08-25,1208,2024-09-07,ACTIVE,2024 ICC JOOLA Fall OPEN,1382.0,1376.0,2024-08-24,2024-08-25
5593,Kevin,Wang,182368,1182368,"San Jose, CA",,1376,2024-08-25,1208,2024-09-07,ACTIVE,2024 ICC JOOLA Spring OPEN,1311.0,1412.0,2024-03-02,2024-03-03
5593,Kevin,Wang,182368,1182368,"San Jose, CA",,1376,2024-08-25,1208,2024-09-07,ACTIVE,2023 ICC JOOLA Autumn Open,0.0,1298.0,2023-10-28,2023-10-29
5624,Ram,Suryanarayan,132635,231635,,,1372,2022-09-11,1365,2024-08-25,ACTIVE,ICC JOOLA Fall Open,0.0,1372.0,2022-09-10,2022-09-11
5638,Shuban,Baviskar,178839,277839,"Fremont, CA",,1369,2024-08-25,1397,2024-09-08,ACTIVE,2024 ICC JOOLA Fall OPEN,1374.0,1369.0,2024-08-24,2024-08-25
5638,Shuban,Baviskar,178839,277839,"Fremont, CA",,1369,2024-08-25,1397,2024-09-08,ACTIVE,2024 ICC JOOLA Spring OPEN,89.0,194.0,2024-03-02,2024-03-03
5650,Yelena,Karshtedt,3636,17499,"San Francisco, CA",,1367,2018-03-02,1527,2007-07-20,ACTIVE,ICC California State Open,1416.0,1367.0,2012-05-27,
5650,Yelena,Karshtedt,3636,17499,"San Francisco, CA",,1367,2018-03-02,1527,2007-07-20,ACTIVE,ICC California State Open,1416.0,1416.0,2012-03-18,
5650,Yelena,Karshtedt,3636,17499,"San Francisco, CA",,1367,2018-03-02,1527,2007-07-20,ACTIVE,ICC CA State Open,1417.0,1416.0,2011-12-04,
5650,Yelena,Karshtedt,3636,17499,"San Francisco, CA",,1367,2018-03-02,1527,2007-07-20,ACTIVE,ICC CA State Open,1407.0,1399.0,2011-06-05,
5650,Yelena,Karshtedt,3636,17499,"San Francisco, CA",,1367,2018-03-02,1527,2007-07-20,ACTIVE,ICC CA State Open,1426.0,1427.0,2011-03-20,
5650,Yelena,Karshtedt,3636,17499,"San Francisco, CA",,1367,2018-03-02,1527,2007-07-20,ACTIVE,ICC CA State Open,1436.0,1426.0,2010-12-05,
5650,Yelena,Karshtedt,3636,17499,"San Francisco, CA",,1367,2018-03-02,1527,2007-07-20,ACTIVE,ICC CA State Open,1467.0,1466.0,2010-05-02,
5650,Yelena,Karshtedt,3636,17499,"San Francisco, CA",,1367,2018-03-02,1527,2007-07-20,ACTIVE,ICC CA State Open,1472.0,1467.0,2010-02-28,
5650,Yelena,Karshtedt,3636,17499,"San Francisco, CA",,1367,2018-03-02,1527,2007-07-20,ACTIVE,ICC California State Open,1476.0,1472.0,2009-12-06,
5650,Yelena,Karshtedt,3636,17499,"San Francisco, CA",,1367,2018-03-02,1527,2007-07-20,ACTIVE,ICC California State Open,1532.0,1575.0,2009-05-10,
5650,Yelena,Karshtedt,3636,17499,"San Francisco, CA",,1367,2018-03-02,1527,2007-07-20,ACTIVE,ICC California State Open,1597.0,1532.0,2009-03-01,
5650,Yelena,Karshtedt,3636,17499,"San Francisco, CA",,1367,2018-03-02,1527,2007-07-20,ACTIVE,ICC Northern CA Open,1520.0,1516.0,2007-07-22,
5702,Diganth,Jain,178354,277354,,,1361,2024-05-12,1309,2024-09-08,ACTIVE,2024 ICC JOOLA Summer OPEN,562.0,628.0,2024-05-04,2024-05-05
5702,Diganth,Jain,178354,277354,,,1361,2024-05-12,1309,2024-09-08,ACTIVE,2024 ICC JOOLA Spring OPEN,555.0,504.0,2024-03-02,2024-03-03
5702,Diganth,Jain,178354,277354,,,1361,2024-05-12,1309,2024-09-08,ACTIVE,2023 ICC JOOLA Autumn Open,576.0,533.0,2023-10-28,2023-10-29
5702,Diganth,Jain,178354,277354,,,1361,2024-05-12,1309,2024-09-08,ACTIVE,ICC JOOLA Spring Open,0.0,2052.0,2023-03-04,2023-03-05
5709,Nan,Zhou,55977,73123,"Sunnyvale *, CA",,1359,2024-09-02,1440,2023-05-21,ACTIVE,ICC CA State Open,1373.0,1375.0,2010-02-28,
5720,Karina,Xiao,174642,273642,"Daly City, CA",,1357,2024-08-25,1141,2024-08-18,ACTIVE,2024 ICC JOOLA Fall OPEN,1364.0,1357.0,2024-08-24,2024-08-25
5775,Daniel,Aref,176402,275402,CA,(TTA) Table Tennis America,1349,2024-08-31,1264,2024-09-08,ACTIVE,2024 ICC JOOLA Fall OPEN,1113.0,1360.0,2024-08-24,2024-08-25
5777,Daniel,Mar,4972,32375,"Newark, CA",,1349,2018-03-02,1001,2010-03-04,ACTIVE,ICC Northern CA Open,1164.0,1170.0,2007-07-22,
5796,Ali,Afrakhteh,176469,275469,"San Ramon, CA",,1347,2024-08-31,1238,2024-09-08,ACTIVE,2024 ICC JOOLA Fall OPEN,1041.0,1244.0,2024-08-24,2024-08-25
5814,Michael,Raybman,116854,215854,Cambridge,,1345,2023-11-11,1002,2024-05-21,ACTIVE,ICC JOOLA Autumn Open,1384.0,1382.0,2022-10-15,2022-10-16
5878,Bo,Xu,171729,1171729,"Milpitas, CA",,1337,2022-06-05,1278,2023-04-15,ACTIVE,ICC JOOLA Spring Open 2022,841.0,989.0,2022-03-19,2022-03-20
5878,Bo,Xu,171729,1171729,"Milpitas, CA",,1337,2022-06-05,1278,2023-04-15,ACTIVE,ICC JOOLA Winter Open 2021,894.0,798.0,2021-11-13,2021-11-14
5878,Bo,Xu,171729,1171729,"Milpitas, CA",,1337,2022-06-05,1278,2023-04-15,ACTIVE,ICC JOOLA Fall Open 2021,576.0,391.0,2021-08-28,2021-08-29
5890,Debbie,Malkin,118578,217578,"Santa Cruz, CA",Santa Cruz TTC,1335,2024-08-25,1149,2024-08-18,ACTIVE,2024 ICC JOOLA Fall OPEN,1410.0,1335.0,2024-08-24,2024-08-25
5926,Asher (lee),Kaiser,102126,97781,"Encinitas, CA",,1330,2024-08-25,1382,2024-05-11,ACTIVE,2018 ICC Butterfly America Open,1652.0,1589.0,2018-12-07,2018-12-09
5940,Anchit,Nayak,177162,276162,Milpitas,,1328,2024-08-31,858,2024-09-08,ACTIVE,2024 ICC JOOLA Spring OPEN,523.0,587.0,2024-03-02,2024-03-03
5940,Anchit,Nayak,177162,276162,Milpitas,,1328,2024-08-31,858,2024-09-08,ACTIVE,2023 ICC JOOLA Autumn Open,66.0,341.0,2023-10-28,2023-10-29
5940,Anchit,Nayak,177162,276162,Milpitas,,1328,2024-08-31,858,2024-09-08,ACTIVE,ICC JOOLA Spring Open,36.0,43.0,2023-03-04,2023-03-05
5941,Aman,Trivedi,185621,284621,,,1328,2024-08-25,1477,2024-09-07,ACTIVE,2024 ICC JOOLA Fall OPEN,0.0,1328.0,2024-08-24,2024-08-25
5973,Indraniel,Conjeevaram,171226,1171226,"Saratoga, CA",ICC Table Tennis Center,1324,2024-09-02,1171,2024-09-07,ACTIVE,2024 ICC JOOLA Fall OPEN,1089.0,1221.0,2024-08-24,2024-08-25
5973,Indraniel,Conjeevaram,171226,1171226,"Saratoga, CA",ICC Table Tennis Center,1324,2024-09-02,1171,2024-09-07,ACTIVE,2024 ICC JOOLA Summer OPEN,407.0,373.0,2024-05-04,2024-05-05
5973,Indraniel,Conjeevaram,171226,1171226,"Saratoga, CA",ICC Table Tennis Center,1324,2024-09-02,1171,2024-09-07,ACTIVE,2024 ICC JOOLA Spring OPEN,330.0,407.0,2024-03-02,2024-03-03
5973,Indraniel,Conjeevaram,171226,1171226,"Saratoga, CA",ICC Table Tennis Center,1324,2024-09-02,1171,2024-09-07,ACTIVE,2023 ICC JOOLA Winter Open,457.0,330.0,2023-12-02,2023-12-03
5973,Indraniel,Conjeevaram,171226,1171226,"Saratoga, CA",ICC Table Tennis Center,1324,2024-09-02,1171,2024-09-07,ACTIVE,2023 ICC JOOLA Autumn Open,565.0,457.0,2023-10-28,2023-10-29
5979,Kaung,Khin,168670,1168670,"San Bruno, CA",888 Table Tennis Center,1323,2024-08-25,984,2024-08-31,ACTIVE,2024 ICC JOOLA Fall OPEN,1362.0,1323.0,2024-08-24,2024-08-25
5979,Kaung,Khin,168670,1168670,"San Bruno, CA",888 Table Tennis Center,1323,2024-08-25,984,2024-08-31,ACTIVE,2024 ICC JOOLA Spring OPEN,1447.0,1410.0,2024-03-02,2024-03-03
5979,Kaung,Khin,168670,1168670,"San Bruno, CA",888 Table Tennis Center,1323,2024-08-25,984,2024-08-31,ACTIVE,2023 ICC JOOLA Winter Open,1255.0,1196.0,2023-12-02,2023-12-03
6001,Michael,Lai,117722,216722,"Sunnyvale, CA",,1319,2023-12-03,1247,2024-09-01,ACTIVE,2023 ICC JOOLA Winter Open,1369.0,1319.0,2023-12-02,2023-12-03
6001,Michael,Lai,117722,216722,"Sunnyvale, CA",,1319,2023-12-03,1247,2024-09-01,ACTIVE,ICC JOOLA Fall Open,1317.0,1292.0,2023-08-26,2023-08-27
6001,Michael,Lai,117722,216722,"Sunnyvale, CA",,1319,2023-12-03,1247,2024-09-01,ACTIVE,ICC JOOLA Autumn Open,1287.0,1317.0,2022-10-15,2022-10-16
6001,Michael,Lai,117722,216722,"Sunnyvale, CA",,1319,2023-12-03,1247,2024-09-01,ACTIVE,ICC JOOLA Fall Open,1267.0,1287.0,2022-09-10,2022-09-11
6001,Michael,Lai,117722,216722,"Sunnyvale, CA",,1319,2023-12-03,1247,2024-09-01,ACTIVE,ICC JOOLA Winter Open 2021,964.0,964.0,2021-11-13,2021-11-14
6001,Michael,Lai,117722,216722,"Sunnyvale, CA",,1319,2023-12-03,1247,2024-09-01,ACTIVE,ICC JOOLA Fall Open 2021,970.0,970.0,2021-08-28,2021-08-29
6005,John,Lindley,4560,70926,CA,Sacramento Table Tennis Club,1318,2018-03-02,0,,ACTIVE,ICC California State Open,1409.0,1394.0,2009-05-10,
6030,Cyndi (Xuxin),Zhang,9004,96337,"Dublin, CA",Micro Motion Table Tennis Academy,1314,2024-07-28,802,2024-03-23,ACTIVE,2024 ICC JOOLA Summer OPEN,1303.0,1303.0,2024-05-04,2024-05-05
6030,Cyndi (Xuxin),Zhang,9004,96337,"Dublin, CA",Micro Motion Table Tennis Academy,1314,2024-07-28,802,2024-03-23,ACTIVE,2023 ICC JOOLA Autumn Open,1151.0,1191.0,2023-10-28,2023-10-29
6030,Cyndi (Xuxin),Zhang,9004,96337,"Dublin, CA",Micro Motion Table Tennis Academy,1314,2024-07-28,802,2024-03-23,ACTIVE,ICC JOOLA Winter Open,1168.0,1151.0,2022-12-03,2022-12-04
6030,Cyndi (Xuxin),Zhang,9004,96337,"Dublin, CA",Micro Motion Table Tennis Academy,1314,2024-07-28,802,2024-03-23,ACTIVE,ICC JOOLA Fall Open,976.0,972.0,2022-09-10,2022-09-11
6056,Han-Elliot,Phan,175756,1175756,"Roseville, CA",Sacramento Table Tennis Club,1311,2024-09-02,0,,ACTIVE,2024 ICC JOOLA Spring OPEN,1034.0,984.0,2024-03-02,2024-03-03
6089,Anant,Garg,172529,271529,Fremont,,1306,2024-08-25,1252,2024-09-07,ACTIVE,2024 ICC JOOLA Fall OPEN,860.0,1306.0,2024-08-24,2024-08-25
6090,Shreyan,Modak,181491,280491,"San Jose, CA",ICC Table Tennis Center,1306,2024-09-02,1060,2024-09-07,ACTIVE,2024 ICC JOOLA Fall OPEN,1182.0,1287.0,2024-08-24,2024-08-25
6090,Shreyan,Modak,181491,280491,"San Jose, CA",ICC Table Tennis Center,1306,2024-09-02,1060,2024-09-07,ACTIVE,2024 ICC JOOLA Summer OPEN,164.0,316.0,2024-05-04,2024-05-05
6090,Shreyan,Modak,181491,280491,"San Jose, CA",ICC Table Tennis Center,1306,2024-09-02,1060,2024-09-07,ACTIVE,2024 ICC JOOLA Spring OPEN,173.0,164.0,2024-03-02,2024-03-03
6125,Spencer,Tang,130780,229780,"-, CA",Pong Planet,1300,2024-07-07,344,2024-08-25,ACTIVE,ICC JOOLA Spring Open 2022,267.0,265.0,2022-03-19,2022-03-20
6125,Spencer,Tang,130780,229780,"-, CA",Pong Planet,1300,2024-07-07,344,2024-08-25,ACTIVE,ICC JOOLA Winter Open 2021,0.0,196.0,2021-11-13,2021-11-14
6152,liu,xiaobo,130924,229924,,,1296,2023-10-09,1559,2024-04-21,ACTIVE,ICC JOOLA Fall Open,0.0,1248.0,2023-08-26,2023-08-27
6189,Roy,Wehrmeister,52394,31830,"Skokie, IL",Weber Table Tennis Club,1290,2024-05-05,0,,ACTIVE,ICC California State Open,1376.0,1313.0,2012-03-18,
6239,Basha,Shaik,118579,217579,"Union city, CA",,1282,2024-08-25,999,2024-09-07,ACTIVE,2024 ICC JOOLA Fall OPEN,1300.0,1282.0,2024-08-24,2024-08-25
6239,Basha,Shaik,118579,217579,"Union city, CA",,1282,2024-08-25,999,2024-09-07,ACTIVE,2024 ICC JOOLA Summer OPEN,1400.0,1350.0,2024-05-04,2024-05-05
6239,Basha,Shaik,118579,217579,"Union city, CA",,1282,2024-08-25,999,2024-09-07,ACTIVE,ICC JOOLA Summer Open,1500.0,1490.0,2023-05-06,2023-05-07
6239,Basha,Shaik,118579,217579,"Union city, CA",,1282,2024-08-25,999,2024-09-07,ACTIVE,ICC JOOLA SUMMER OPEN- 2021,1542.0,1492.0,2021-05-29,2021-05-30
6239,Basha,Shaik,118579,217579,"Union city, CA",,1282,2024-08-25,999,2024-09-07,ACTIVE,ICC JOOLA Spring Open 2020,1549.0,1542.0,2020-03-07,2020-03-08
6239,Basha,Shaik,118579,217579,"Union city, CA",,1282,2024-08-25,999,2024-09-07,ACTIVE,ICC JOOLA Winter Open,1584.0,1549.0,2019-11-08,2019-11-10
6239,Basha,Shaik,118579,217579,"Union city, CA",,1282,2024-08-25,999,2024-09-07,ACTIVE,ICC JOOLA Fall Open,1684.0,1584.0,2019-09-08,2019-09-08
6242,Teddy,Tong,7842,1532,"Rancho Palos Verdes, CA",Grace Lin TTC,1281,2023-12-21,1498,2015-07-18,ACTIVE,ICC CA State Open,1529.0,1521.0,2011-12-04,
6253,Yuanlei,Zhang,167098,1167098,"Milpitas, CA",,1280,2024-08-25,1267,2024-09-07,ACTIVE,2024 ICC JOOLA Fall OPEN,1303.0,1280.0,2024-08-24,2024-08-25
6253,Yuanlei,Zhang,167098,1167098,"Milpitas, CA",,1280,2024-08-25,1267,2024-09-07,ACTIVE,2024 ICC JOOLA Summer OPEN,1313.0,1303.0,2024-05-04,2024-05-05
6253,Yuanlei,Zhang,167098,1167098,"Milpitas, CA",,1280,2024-08-25,1267,2024-09-07,ACTIVE,2024 ICC JOOLA Spring OPEN,1345.0,1315.0,2024-03-02,2024-03-03
6253,Yuanlei,Zhang,167098,1167098,"Milpitas, CA",,1280,2024-08-25,1267,2024-09-07,ACTIVE,ICC JOOLA Fall Open 2021,1260.0,1345.0,2021-08-28,2021-08-29
6253,Yuanlei,Zhang,167098,1167098,"Milpitas, CA",,1280,2024-08-25,1267,2024-09-07,ACTIVE,ICC Joola Spring Open 2021,1377.0,1260.0,2021-04-10,2021-04-11
6253,Yuanlei,Zhang,167098,1167098,"Milpitas, CA",,1280,2024-08-25,1267,2024-09-07,ACTIVE,ICC Joola Fall Open 2020,1404.0,1377.0,2020-10-10,2020-10-11
6253,Yuanlei,Zhang,167098,1167098,"Milpitas, CA",,1280,2024-08-25,1267,2024-09-07,ACTIVE,ICC JOOLA Spring Open 2020,1484.0,1404.0,2020-03-07,2020-03-08
6253,Yuanlei,Zhang,167098,1167098,"Milpitas, CA",,1280,2024-08-25,1267,2024-09-07,ACTIVE,ICC JOOLA Fall Open,0.0,1484.0,2019-09-08,2019-09-08
6260,Guanting,Chen,15202,85325,"Albany, TX",,1278,2024-08-25,0,,ACTIVE,2024 ICC JOOLA Fall OPEN,1308.0,1278.0,2024-08-24,2024-08-25
6260,Guanting,Chen,15202,85325,"Albany, TX",,1278,2024-08-25,0,,ACTIVE,2023 ICC JOOLA Autumn Open,1313.0,1308.0,2023-10-28,2023-10-29
6263,Nathan,Wang,121406,220406,"San Jose, CA",,1277,2019-03-16,1304,2019-12-28,ACTIVE,ICC Butterfly Winter Open,1393.0,1346.0,2019-02-24,2019-02-24
6267,Sanjay,Prasanna,172207,271207,,,1277,2024-09-02,747,2024-09-08,ACTIVE,2023 ICC JOOLA Autumn Open,1244.0,1187.0,2023-10-28,2023-10-29
6267,Sanjay,Prasanna,172207,271207,,,1277,2024-09-02,747,2024-09-08,ACTIVE,ICC JOOLA Spring Open,1134.0,1168.0,2023-03-04,2023-03-05
6267,Sanjay,Prasanna,172207,271207,,,1277,2024-09-02,747,2024-09-08,ACTIVE,ICC JOOLA Spring Open 2022,615.0,587.0,2022-03-19,2022-03-20
6267,Sanjay,Prasanna,172207,271207,,,1277,2024-09-02,747,2024-09-08,ACTIVE,ICC JOOLA Winter Open 2021,556.0,521.0,2021-11-13,2021-11-14
6288,Kaylin,Xiao,166649,265649,"Daly City, CA",,1274,2024-08-25,1163,2024-08-31,ACTIVE,2024 ICC JOOLA Fall OPEN,1278.0,1274.0,2024-08-24,2024-08-25
6293,Sam,Roberson,6560,25,"Sacramento, CA",Sacramento Table Tennis Club,1273,2024-05-18,1855,2010-02-06,ACTIVE,ICC JOOLA SUMMER OPEN- 2021,1250.0,1244.0,2021-05-29,2021-05-30
6293,Sam,Roberson,6560,25,"Sacramento, CA",Sacramento Table Tennis Club,1273,2024-05-18,1855,2010-02-06,ACTIVE,2018 ICC Butterfly America Open,1466.0,1474.0,2018-12-07,2018-12-09
6293,Sam,Roberson,6560,25,"Sacramento, CA",Sacramento Table Tennis Club,1273,2024-05-18,1855,2010-02-06,ACTIVE,ICC STIGA California Open,1525.0,1567.0,2015-12-06,
6293,Sam,Roberson,6560,25,"Sacramento, CA",Sacramento Table Tennis Club,1273,2024-05-18,1855,2010-02-06,ACTIVE,ICC CA State Open,1602.0,1594.0,2013-12-08,
6293,Sam,Roberson,6560,25,"Sacramento, CA",Sacramento Table Tennis Club,1273,2024-05-18,1855,2010-02-06,ACTIVE,ICC CA State Open,1728.0,1721.0,2011-03-20,
6293,Sam,Roberson,6560,25,"Sacramento, CA",Sacramento Table Tennis Club,1273,2024-05-18,1855,2010-02-06,ACTIVE,ICC CA State Open,1796.0,1790.0,2010-05-02,
6316,Sanyam,Bindal,171710,270710,,,1270,2024-09-02,1119,2024-08-17,ACTIVE,2024 ICC JOOLA Spring OPEN,1074.0,1074.0,2024-03-02,2024-03-03
6316,Sanyam,Bindal,171710,270710,,,1270,2024-09-02,1119,2024-08-17,ACTIVE,ICC JOOLA Fall Open,247.0,538.0,2023-08-26,2023-08-27
6316,Sanyam,Bindal,171710,270710,,,1270,2024-09-02,1119,2024-08-17,ACTIVE,ICC JOOLA Summer Open,203.0,200.0,2023-05-06,2023-05-07
6318,William Y.,Wong,53455,11251,"San Francisco, CA",,1270,2024-06-22,1191,2023-11-05,ACTIVE,ICC Butterfly Winter Open,1224.0,1313.0,2019-02-24,2019-02-24
6318,William Y.,Wong,53455,11251,"San Francisco, CA",,1270,2024-06-22,1191,2023-11-05,ACTIVE,2018 ICC Butterfly America Open,1241.0,1224.0,2018-12-07,2018-12-09
6328,Jonathan,Chang,14869,34046,"Pleasanton, CA",,1268,2024-08-24,0,,ACTIVE,ICC CA State Open,1268.0,1212.0,2013-12-08,
6339,Shaarav,Sunil,170793,269793,,,1267,2024-06-22,1341,2024-08-31,ACTIVE,2023 ICC JOOLA Autumn Open,1249.0,1247.0,2023-10-28,2023-10-29
6339,Shaarav,Sunil,170793,269793,,,1267,2024-06-22,1341,2024-08-31,ACTIVE,ICC JOOLA Winter Open,1082.0,1098.0,2022-12-03,2022-12-04
6339,Shaarav,Sunil,170793,269793,,,1267,2024-06-22,1341,2024-08-31,ACTIVE,ICC JOOLA Autumn Open,949.0,1079.0,2022-10-15,2022-10-16
6339,Shaarav,Sunil,170793,269793,,,1267,2024-06-22,1341,2024-08-31,ACTIVE,ICC JOOLA Fall Open,943.0,949.0,2022-09-10,2022-09-11
6339,Shaarav,Sunil,170793,269793,,,1267,2024-06-22,1341,2024-08-31,ACTIVE,ICC JOOLA Summer Open,673.0,709.0,2022-05-14,2022-05-15
6339,Shaarav,Sunil,170793,269793,,,1267,2024-06-22,1341,2024-08-31,ACTIVE,ICC JOOLA Spring Open 2022,624.0,622.0,2022-03-19,2022-03-20
6358,Zoe,Zhang,165512,264512,"San Jose, CA",BAPPA Table Tennis,1264,2022-07-07,1098,2022-03-06,ACTIVE,ICC JOOLA Summer Open,896.0,896.0,2022-05-14,2022-05-15
6358,Zoe,Zhang,165512,264512,"San Jose, CA",BAPPA Table Tennis,1264,2022-07-07,1098,2022-03-06,ACTIVE,ICC JOOLA Spring Open 2022,799.0,799.0,2022-03-19,2022-03-20
6358,Zoe,Zhang,165512,264512,"San Jose, CA",BAPPA Table Tennis,1264,2022-07-07,1098,2022-03-06,ACTIVE,ICC JOOLA Winter Open 2021,326.0,509.0,2021-11-13,2021-11-14
6358,Zoe,Zhang,165512,264512,"San Jose, CA",BAPPA Table Tennis,1264,2022-07-07,1098,2022-03-06,ACTIVE,ICC JOOLA Fall Open 2021,325.0,281.0,2021-08-28,2021-08-29
6358,Zoe,Zhang,165512,264512,"San Jose, CA",BAPPA Table Tennis,1264,2022-07-07,1098,2022-03-06,ACTIVE,ICC JOOLA SUMMER OPEN- 2021,0.0,0.0,2021-05-29,2021-05-30
6361,Daiwik,Bitra,177739,276739,,,1263,2024-08-31,1176,2024-08-03,ACTIVE,2024 ICC JOOLA Spring OPEN,30.0,218.0,2024-03-02,2024-03-03
6361,Daiwik,Bitra,177739,276739,,,1263,2024-08-31,1176,2024-08-03,ACTIVE,2023 ICC JOOLA Autumn Open,23.0,30.0,2023-10-28,2023-10-29
6361,Daiwik,Bitra,177739,276739,,,1263,2024-08-31,1176,2024-08-03,ACTIVE,ICC JOOLA Spring Open,31.0,19.0,2023-03-04,2023-03-05
6370,Aubrey,Ong,176657,275657,"Menlo Park, CA",888 Table Tennis Center,1262,2024-09-02,867,2024-09-08,ACTIVE,2023 ICC JOOLA Winter Open,370.0,382.0,2023-12-02,2023-12-03
6370,Aubrey,Ong,176657,275657,"Menlo Park, CA",888 Table Tennis Center,1262,2024-09-02,867,2024-09-08,ACTIVE,2023 ICC JOOLA Autumn Open,371.0,370.0,2023-10-28,2023-10-29
6370,Aubrey,Ong,176657,275657,"Menlo Park, CA",888 Table Tennis Center,1262,2024-09-02,867,2024-09-08,ACTIVE,ICC JOOLA Winter Open,0.0,10.0,2022-12-03,2022-12-04
6403,Tanisha,Balamurugan,175995,274995,"Milpitas, CA",,1257,2024-09-02,882,2024-09-08,ACTIVE,2024 ICC JOOLA Fall OPEN,1258.0,1208.0,2024-08-24,2024-08-25
6403,Tanisha,Balamurugan,175995,274995,"Milpitas, CA",,1257,2024-09-02,882,2024-09-08,ACTIVE,2024 ICC JOOLA Summer OPEN,1039.0,1035.0,2024-05-04,2024-05-05
6403,Tanisha,Balamurugan,175995,274995,"Milpitas, CA",,1257,2024-09-02,882,2024-09-08,ACTIVE,2024 ICC JOOLA Spring OPEN,1053.0,1053.0,2024-03-02,2024-03-03
6403,Tanisha,Balamurugan,175995,274995,"Milpitas, CA",,1257,2024-09-02,882,2024-09-08,ACTIVE,2023 ICC JOOLA Winter Open,903.0,847.0,2023-12-02,2023-12-03
6403,Tanisha,Balamurugan,175995,274995,"Milpitas, CA",,1257,2024-09-02,882,2024-09-08,ACTIVE,2023 ICC JOOLA Autumn Open,348.0,368.0,2023-10-28,2023-10-29
6403,Tanisha,Balamurugan,175995,274995,"Milpitas, CA",,1257,2024-09-02,882,2024-09-08,ACTIVE,ICC JOOLA Fall Open,108.0,153.0,2023-08-26,2023-08-27
6410,Krishna,Nandakumar,130845,229845,"San Ramon, CA",,1256,2024-05-18,906,2024-07-20,ACTIVE,ICC JOOLA Winter Open 2021,1252.0,1252.0,2021-11-13,2021-11-14
6410,Krishna,Nandakumar,130845,229845,"San Ramon, CA",,1256,2024-05-18,906,2024-07-20,ACTIVE,ICC JOOLA Fall Open 2021,1389.0,1389.0,2021-08-28,2021-08-29
6410,Krishna,Nandakumar,130845,229845,"San Ramon, CA",,1256,2024-05-18,906,2024-07-20,ACTIVE,ICC JOOLA SUMMER OPEN- 2021,716.0,936.0,2021-05-29,2021-05-30
6410,Krishna,Nandakumar,130845,229845,"San Ramon, CA",,1256,2024-05-18,906,2024-07-20,ACTIVE,ICC Joola Spring Open 2021,718.0,716.0,2021-04-10,2021-04-11
6410,Krishna,Nandakumar,130845,229845,"San Ramon, CA",,1256,2024-05-18,906,2024-07-20,ACTIVE,ICC Joola Fall Open 2020,382.0,718.0,2020-10-10,2020-10-11
6410,Krishna,Nandakumar,130845,229845,"San Ramon, CA",,1256,2024-05-18,906,2024-07-20,ACTIVE,ICC JOOLA Spring Open 2020,352.0,382.0,2020-03-07,2020-03-08
6452,Samvith,Mahadevan,171683,270683,"Austin, TX",Austin Table Tennis Club,1249,2024-08-31,1015,2024-06-19,ACTIVE,ICC JOOLA Summer Open,133.0,118.0,2022-05-14,2022-05-15
6452,Samvith,Mahadevan,171683,270683,"Austin, TX",Austin Table Tennis Club,1249,2024-08-31,1015,2024-06-19,ACTIVE,ICC JOOLA Spring Open 2022,162.0,133.0,2022-03-19,2022-03-20
6452,Samvith,Mahadevan,171683,270683,"Austin, TX",Austin Table Tennis Club,1249,2024-08-31,1015,2024-06-19,ACTIVE,ICC JOOLA Winter Open 2021,0.0,162.0,2021-11-13,2021-11-14
6458,Harvey,Gotliffe,2575,6102,"Santa Cruz, CA",Santa Cruz TTC,1248,2019-10-10,1440,2014-09-27,ACTIVE,ICC California State Open,1425.0,1424.0,2014-04-06,
6458,Harvey,Gotliffe,2575,6102,"Santa Cruz, CA",Santa Cruz TTC,1248,2019-10-10,1440,2014-09-27,ACTIVE,ICC California State Open,1555.0,1535.0,2009-05-10,
6460,Revanth,Bodepudi,122688,221688,Austin,,1248,2024-08-25,0,,ACTIVE,2024 ICC JOOLA Fall OPEN,1255.0,1248.0,2024-08-24,2024-08-25
6589,Liem,Tran,49855,148855,"Pleasanton, CA",ICC Table Tennis Center,1231,2023-03-18,1034,2024-07-20,ACTIVE,ICC JOOLA Summer Open,951.0,952.0,2022-05-14,2022-05-15
6621,Dinesh,Gupta,174283,273283,,,1225,2024-05-05,1145,2024-09-07,ACTIVE,2024 ICC JOOLA Summer OPEN,0.0,1225.0,2024-05-04,2024-05-05
6634,Mohan,Vallabhapurapu,8034,73410,"Norco, CA",Los Angeles Table Tennis Association,1223,2024-03-10,0,,ACTIVE,ICC CA State Open,915.0,915.0,2010-05-02,
6662,Shoujin,Wang,52011,91612,"Fremont, CA",,1218,2024-07-07,700,2024-09-07,ACTIVE,ICC JOOLA Fall Open,911.0,948.0,2023-08-26,2023-08-27
6662,Shoujin,Wang,52011,91612,"Fremont, CA",,1218,2024-07-07,700,2024-09-07,ACTIVE,ICC California State Open,663.0,711.0,2014-04-06,
6693,Danny,Diaz,1730,17913,"Seal Beach, CA",Los Angeles Table Tennis Association,1214,2024-02-24,0,,ACTIVE,ICC California State Open,1536.0,1503.0,2014-04-06,
6693,Danny,Diaz,1730,17913,"Seal Beach, CA",Los Angeles Table Tennis Association,1214,2024-02-24,0,,ACTIVE,ICC CA State Open,1526.0,1532.0,2011-12-04,
6752,Saharsh,Mutta,173246,1173246,Dublin,,1205,2024-08-25,1201,2024-09-07,ACTIVE,2024 ICC JOOLA Fall OPEN,549.0,1205.0,2024-08-24,2024-08-25
6752,Saharsh,Mutta,173246,1173246,Dublin,,1205,2024-08-25,1201,2024-09-07,ACTIVE,2024 ICC JOOLA Spring OPEN,422.0,592.0,2024-03-02,2024-03-03
6752,Saharsh,Mutta,173246,1173246,Dublin,,1205,2024-08-25,1201,2024-09-07,ACTIVE,2023 ICC JOOLA Winter Open,56.0,422.0,2023-12-02,2023-12-03
6752,Saharsh,Mutta,173246,1173246,Dublin,,1205,2024-08-25,1201,2024-09-07,ACTIVE,ICC JOOLA Spring Open 2022,64.0,56.0,2022-03-19,2022-03-20
6755,Kenny,Zhu,56057,82156,"long island city, NY",,1205,2018-03-02,1212,2024-04-08,ACTIVE,ICC CA State Open,1265.0,1205.0,2011-12-04,
6755,Kenny,Zhu,56057,82156,"long island city, NY",,1205,2018-03-02,1212,2024-04-08,ACTIVE,ICC CA State Open,486.0,561.0,2010-12-05,
6756,Krish,Gupta,172813,271813,"San Jose, CA",,1204,2024-08-25,1393,2024-09-07,ACTIVE,2024 ICC JOOLA Fall OPEN,1155.0,1204.0,2024-08-24,2024-08-25
6756,Krish,Gupta,172813,271813,"San Jose, CA",,1204,2024-08-25,1393,2024-09-07,ACTIVE,2024 ICC JOOLA Summer OPEN,1055.0,1155.0,2024-05-04,2024-05-05
6756,Krish,Gupta,172813,271813,"San Jose, CA",,1204,2024-08-25,1393,2024-09-07,ACTIVE,2024 ICC JOOLA Spring OPEN,567.0,1055.0,2024-03-02,2024-03-03
6756,Krish,Gupta,172813,271813,"San Jose, CA",,1204,2024-08-25,1393,2024-09-07,ACTIVE,2023 ICC JOOLA Winter Open,532.0,567.0,2023-12-02,2023-12-03
6756,Krish,Gupta,172813,271813,"San Jose, CA",,1204,2024-08-25,1393,2024-09-07,ACTIVE,2023 ICC JOOLA Autumn Open,465.0,532.0,2023-10-28,2023-10-29
6756,Krish,Gupta,172813,271813,"San Jose, CA",,1204,2024-08-25,1393,2024-09-07,ACTIVE,ICC JOOLA Fall Open,527.0,465.0,2023-08-26,2023-08-27
6756,Krish,Gupta,172813,271813,"San Jose, CA",,1204,2024-08-25,1393,2024-09-07,ACTIVE,ICC JOOLA Spring Open,378.0,519.0,2023-03-04,2023-03-05
6756,Krish,Gupta,172813,271813,"San Jose, CA",,1204,2024-08-25,1393,2024-09-07,ACTIVE,ICC JOOLA Winter Open,388.0,378.0,2022-12-03,2022-12-04
6756,Krish,Gupta,172813,271813,"San Jose, CA",,1204,2024-08-25,1393,2024-09-07,ACTIVE,ICC JOOLA Fall Open,404.0,388.0,2022-09-10,2022-09-11
6756,Krish,Gupta,172813,271813,"San Jose, CA",,1204,2024-08-25,1393,2024-09-07,ACTIVE,ICC JOOLA Spring Open 2022,0.0,404.0,2022-03-19,2022-03-20
6777,Alan,Chen,124589,223589,"Sunnyvale, CA",Spartans Table Tennis Club,1201,2019-12-07,1242,2020-01-05,ACTIVE,ICC JOOLA Winter Open,1250.0,1246.0,2019-11-08,2019-11-10
6777,Alan,Chen,124589,223589,"Sunnyvale, CA",Spartans Table Tennis Club,1201,2019-12-07,1242,2020-01-05,ACTIVE,ICC JOOLA Fall Open,0.0,1250.0,2019-09-08,2019-09-08
6781,Abivridh,Ram,176392,275392,,,1200,2024-09-02,1074,2024-09-07,ACTIVE,2024 ICC JOOLA Fall OPEN,1224.0,1196.0,2024-08-24,2024-08-25
6781,Abivridh,Ram,176392,275392,,,1200,2024-09-02,1074,2024-09-07,ACTIVE,2024 ICC JOOLA Summer OPEN,296.0,403.0,2024-05-04,2024-05-05
6781,Abivridh,Ram,176392,275392,,,1200,2024-09-02,1074,2024-09-07,ACTIVE,2024 ICC JOOLA Spring OPEN,283.0,296.0,2024-03-02,2024-03-03
6781,Abivridh,Ram,176392,275392,,,1200,2024-09-02,1074,2024-09-07,ACTIVE,2023 ICC JOOLA Winter Open,310.0,306.0,2023-12-02,2023-12-03
6781,Abivridh,Ram,176392,275392,,,1200,2024-09-02,1074,2024-09-07,ACTIVE,2023 ICC JOOLA Autumn Open,350.0,311.0,2023-10-28,2023-10-29
6781,Abivridh,Ram,176392,275392,,,1200,2024-09-02,1074,2024-09-07,ACTIVE,ICC JOOLA Fall Open,0.0,350.0,2023-08-26,2023-08-27
6783,Barbara,Clark,1370,89272,"Berkeley, CA",Alameda Ping Pong Gym,1200,2024-06-02,940,2018-06-16,ACTIVE,2018 ICC Butterfly America Open,1463.0,1354.0,2018-12-07,2018-12-09
6783,Barbara,Clark,1370,89272,"Berkeley, CA",Alameda Ping Pong Gym,1200,2024-06-02,940,2018-06-16,ACTIVE,ICC Butterfly California State Open,1253.0,1222.0,2016-12-02,2016-12-04
6783,Barbara,Clark,1370,89272,"Berkeley, CA",Alameda Ping Pong Gym,1200,2024-06-02,940,2018-06-16,ACTIVE,ICC California State Open,1094.0,993.0,2014-12-07,
6783,Barbara,Clark,1370,89272,"Berkeley, CA",Alameda Ping Pong Gym,1200,2024-06-02,940,2018-06-16,ACTIVE,ICC California State Open,1113.0,1067.0,2014-04-06,
6783,Barbara,Clark,1370,89272,"Berkeley, CA",Alameda Ping Pong Gym,1200,2024-06-02,940,2018-06-16,ACTIVE,ICC CA State Open,1279.0,1121.0,2013-12-08,
6783,Barbara,Clark,1370,89272,"Berkeley, CA",Alameda Ping Pong Gym,1200,2024-06-02,940,2018-06-16,ACTIVE,ICC CA State Open,865.0,898.0,2013-05-19,
6783,Barbara,Clark,1370,89272,"Berkeley, CA",Alameda Ping Pong Gym,1200,2024-06-02,940,2018-06-16,ACTIVE,ICC CA State Open,846.0,811.0,2013-02-17,
6783,Barbara,Clark,1370,89272,"Berkeley, CA",Alameda Ping Pong Gym,1200,2024-06-02,940,2018-06-16,ACTIVE,ICC California State Open,818.0,846.0,2012-12-09,
6829,Mark,Johnson,3488,26863,"San Jose, CA",ICC Table Tennis Center,1193,2021-11-14,1180,2022-02-27,ACTIVE,ICC JOOLA Winter Open 2021,1244.0,1193.0,2021-11-13,2021-11-14
6829,Mark,Johnson,3488,26863,"San Jose, CA",ICC Table Tennis Center,1193,2021-11-14,1180,2022-02-27,ACTIVE,ICC Joola Spring Open 2021,1279.0,1244.0,2021-04-10,2021-04-11
6829,Mark,Johnson,3488,26863,"San Jose, CA",ICC Table Tennis Center,1193,2021-11-14,1180,2022-02-27,ACTIVE,ICC Joola Fall Open 2020,1368.0,1279.0,2020-10-10,2020-10-11
6829,Mark,Johnson,3488,26863,"San Jose, CA",ICC Table Tennis Center,1193,2021-11-14,1180,2022-02-27,ACTIVE,ICC JOOLA Spring Open 2020,1395.0,1368.0,2020-03-07,2020-03-08
6829,Mark,Johnson,3488,26863,"San Jose, CA",ICC Table Tennis Center,1193,2021-11-14,1180,2022-02-27,ACTIVE,ICC JOOLA Winter Open,1595.0,1544.0,2019-11-08,2019-11-10
6829,Mark,Johnson,3488,26863,"San Jose, CA",ICC Table Tennis Center,1193,2021-11-14,1180,2022-02-27,ACTIVE,ICC JOOLA Fall Open,1641.0,1625.0,2019-09-08,2019-09-08
6829,Mark,Johnson,3488,26863,"San Jose, CA",ICC Table Tennis Center,1193,2021-11-14,1180,2022-02-27,ACTIVE,ICC Joola Spring Open,1600.0,1541.0,2019-05-12,2019-05-12
6829,Mark,Johnson,3488,26863,"San Jose, CA",ICC Table Tennis Center,1193,2021-11-14,1180,2022-02-27,ACTIVE,ICC Butterfly Winter Open,1733.0,1722.0,2019-02-24,2019-02-24
6829,Mark,Johnson,3488,26863,"San Jose, CA",ICC Table Tennis Center,1193,2021-11-14,1180,2022-02-27,ACTIVE,2018 ICC Butterfly America Open,1675.0,1650.0,2018-12-07,2018-12-09
6829,Mark,Johnson,3488,26863,"San Jose, CA",ICC Table Tennis Center,1193,2021-11-14,1180,2022-02-27,ACTIVE,ICC Butterfly America Open - 2018,1754.0,1727.0,2018-05-06,2018-05-06
6829,Mark,Johnson,3488,26863,"San Jose, CA",ICC Table Tennis Center,1193,2021-11-14,1180,2022-02-27,ACTIVE,ICC Butterfly California State Open,1731.0,1678.0,2016-12-02,2016-12-04
6829,Mark,Johnson,3488,26863,"San Jose, CA",ICC Table Tennis Center,1193,2021-11-14,1180,2022-02-27,ACTIVE,ICC STIGA California Open,1558.0,1507.0,2015-12-06,
6829,Mark,Johnson,3488,26863,"San Jose, CA",ICC Table Tennis Center,1193,2021-11-14,1180,2022-02-27,ACTIVE,ICC STIGA California Open,1733.0,1653.0,2015-05-03,
6829,Mark,Johnson,3488,26863,"San Jose, CA",ICC Table Tennis Center,1193,2021-11-14,1180,2022-02-27,ACTIVE,ICC California State Open,1690.0,1685.0,2014-12-07,
6829,Mark,Johnson,3488,26863,"San Jose, CA",ICC Table Tennis Center,1193,2021-11-14,1180,2022-02-27,ACTIVE,ICC California State Open,1769.0,1677.0,2014-04-06,
6829,Mark,Johnson,3488,26863,"San Jose, CA",ICC Table Tennis Center,1193,2021-11-14,1180,2022-02-27,ACTIVE,ICC CA State Open,1622.0,1751.0,2013-12-08,
6829,Mark,Johnson,3488,26863,"San Jose, CA",ICC Table Tennis Center,1193,2021-11-14,1180,2022-02-27,ACTIVE,ICC CA State Open,1757.0,1723.0,2013-05-19,
6829,Mark,Johnson,3488,26863,"San Jose, CA",ICC Table Tennis Center,1193,2021-11-14,1180,2022-02-27,ACTIVE,ICC CA State Open,1774.0,1757.0,2013-02-17,
6829,Mark,Johnson,3488,26863,"San Jose, CA",ICC Table Tennis Center,1193,2021-11-14,1180,2022-02-27,ACTIVE,ICC California State Open,1751.0,1778.0,2012-12-09,
6829,Mark,Johnson,3488,26863,"San Jose, CA",ICC Table Tennis Center,1193,2021-11-14,1180,2022-02-27,ACTIVE,ICC California State Open,1693.0,1801.0,2012-05-27,
6829,Mark,Johnson,3488,26863,"San Jose, CA",ICC Table Tennis Center,1193,2021-11-14,1180,2022-02-27,ACTIVE,ICC California State Open,1673.0,1693.0,2012-03-18,
6829,Mark,Johnson,3488,26863,"San Jose, CA",ICC Table Tennis Center,1193,2021-11-14,1180,2022-02-27,ACTIVE,ICC CA State Open,1755.0,1764.0,2011-12-04,
6829,Mark,Johnson,3488,26863,"San Jose, CA",ICC Table Tennis Center,1193,2021-11-14,1180,2022-02-27,ACTIVE,ICC CA State Open,1798.0,1792.0,2011-06-05,
6829,Mark,Johnson,3488,26863,"San Jose, CA",ICC Table Tennis Center,1193,2021-11-14,1180,2022-02-27,ACTIVE,ICC CA State Open,1844.0,1832.0,2011-03-20,
6829,Mark,Johnson,3488,26863,"San Jose, CA",ICC Table Tennis Center,1193,2021-11-14,1180,2022-02-27,ACTIVE,ICC CA State Open,1815.0,1776.0,2010-12-05,
6829,Mark,Johnson,3488,26863,"San Jose, CA",ICC Table Tennis Center,1193,2021-11-14,1180,2022-02-27,ACTIVE,ICC CA State Open,1895.0,1894.0,2010-05-02,
6829,Mark,Johnson,3488,26863,"San Jose, CA",ICC Table Tennis Center,1193,2021-11-14,1180,2022-02-27,ACTIVE,ICC CA State Open,1941.0,1895.0,2010-02-28,
6829,Mark,Johnson,3488,26863,"San Jose, CA",ICC Table Tennis Center,1193,2021-11-14,1180,2022-02-27,ACTIVE,ICC California State Open,1838.0,1877.0,2009-12-06,
6829,Mark,Johnson,3488,26863,"San Jose, CA",ICC Table Tennis Center,1193,2021-11-14,1180,2022-02-27,ACTIVE,ICC California State Open,1812.0,1884.0,2009-05-10,
6829,Mark,Johnson,3488,26863,"San Jose, CA",ICC Table Tennis Center,1193,2021-11-14,1180,2022-02-27,ACTIVE,ICC California State Open,1831.0,1812.0,2009-03-01,
6829,Mark,Johnson,3488,26863,"San Jose, CA",ICC Table Tennis Center,1193,2021-11-14,1180,2022-02-27,ACTIVE,ICC California State Open,1879.0,1874.0,2008-12-06,
6829,Mark,Johnson,3488,26863,"San Jose, CA",ICC Table Tennis Center,1193,2021-11-14,1180,2022-02-27,ACTIVE,ICC Northern CA Open,1961.0,1963.0,2007-07-22,
6913,Jadon,Huang,173290,272290,"San Francisco, CA",888 Table Tennis Center,1184,2023-09-04,716,2024-08-04,ACTIVE,ICC JOOLA Spring Open 2022,0.0,1199.0,2022-03-19,2022-03-20
6947,Roger,Le,123423,222423,"San Ramon, CA",Pleasanton Table Tennis Club,1176,2023-09-04,1229,2023-10-01,ACTIVE,ICC JOOLA Summer Open,1114.0,1113.0,2022-05-14,2022-05-15
6947,Roger,Le,123423,222423,"San Ramon, CA",Pleasanton Table Tennis Club,1176,2023-09-04,1229,2023-10-01,ACTIVE,ICC JOOLA Spring Open 2022,1240.0,1227.0,2022-03-19,2022-03-20
6947,Roger,Le,123423,222423,"San Ramon, CA",Pleasanton Table Tennis Club,1176,2023-09-04,1229,2023-10-01,ACTIVE,ICC JOOLA Winter Open 2021,1296.0,1290.0,2021-11-13,2021-11-14
6983,Khaden,Nguyen,177164,276164,"San Jose, CA",(TTA) Table Tennis America,1171,2024-05-19,704,2024-03-10,ACTIVE,2024 ICC JOOLA Summer OPEN,1064.0,1173.0,2024-05-04,2024-05-05
6983,Khaden,Nguyen,177164,276164,"San Jose, CA",(TTA) Table Tennis America,1171,2024-05-19,704,2024-03-10,ACTIVE,2024 ICC JOOLA Spring OPEN,696.0,664.0,2024-03-02,2024-03-03
6985,Yash,Kapoor,169171,268171,CA,UMD Club Table Tennis,1171,2024-09-02,1178,2024-08-25,ACTIVE,2024 ICC JOOLA Summer OPEN,1121.0,1102.0,2024-05-04,2024-05-05
6985,Yash,Kapoor,169171,268171,CA,UMD Club Table Tennis,1171,2024-09-02,1178,2024-08-25,ACTIVE,ICC JOOLA Fall Open,1174.0,1104.0,2022-09-10,2022-09-11
7012,Ravi,Epuri,171494,270494,Fremont,,1164,2024-09-02,927,2024-07-20,ACTIVE,2024 ICC JOOLA Summer OPEN,1325.0,1215.0,2024-05-04,2024-05-05
7012,Ravi,Epuri,171494,270494,Fremont,,1164,2024-09-02,927,2024-07-20,ACTIVE,2023 ICC JOOLA Winter Open,1017.0,1200.0,2023-12-02,2023-12-03
7012,Ravi,Epuri,171494,270494,Fremont,,1164,2024-09-02,927,2024-07-20,ACTIVE,ICC JOOLA Fall Open,1252.0,1149.0,2023-08-26,2023-08-27
7012,Ravi,Epuri,171494,270494,Fremont,,1164,2024-09-02,927,2024-07-20,ACTIVE,ICC JOOLA Summer Open,1182.0,1180.0,2023-05-06,2023-05-07
7012,Ravi,Epuri,171494,270494,Fremont,,1164,2024-09-02,927,2024-07-20,ACTIVE,ICC JOOLA Autumn Open,1183.0,1143.0,2022-10-15,2022-10-16
7012,Ravi,Epuri,171494,270494,Fremont,,1164,2024-09-02,927,2024-07-20,ACTIVE,ICC JOOLA Spring Open 2022,611.0,601.0,2022-03-19,2022-03-20
7012,Ravi,Epuri,171494,270494,Fremont,,1164,2024-09-02,927,2024-07-20,ACTIVE,ICC JOOLA Winter Open 2021,535.0,500.0,2021-11-13,2021-11-14
7051,Tim,Wang Lee,120218,219218,,,1158,2024-06-22,1601,2018-06-05,ACTIVE,2023 ICC JOOLA Winter Open,1265.0,1208.0,2023-12-02,2023-12-03
7051,Tim,Wang Lee,120218,219218,,,1158,2024-06-22,1601,2018-06-05,ACTIVE,ICC JOOLA Spring Open,1217.0,1215.0,2023-03-04,2023-03-05
7109,Zekun,Li,176263,275263,,,1150,2024-05-05,1521,2024-09-08,ACTIVE,2024 ICC JOOLA Summer OPEN,1150.0,1150.0,2024-05-04,2024-05-05
7179,Alex,Tilo,3741,74276,"San Bruno, CA",888 Table Tennis Center,1138,2018-03-02,797,2008-11-18,ACTIVE,ICC Northern CA Open,359.0,321.0,2007-07-22,
7198,Weiran Roy,Wu,171820,1171820,"San Mateo, CA",Pong Planet,1134,2023-08-27,1349,2024-07-02,ACTIVE,ICC JOOLA Fall Open,1177.0,1134.0,2023-08-26,2023-08-27
7219,Shreya,Srinivasan,178044,277044,"Mountain View, CA",ICC Table Tennis Center,1131,2024-08-24,809,2024-09-08,ACTIVE,2023 ICC JOOLA Winter Open,177.0,421.0,2023-12-02,2023-12-03
7219,Shreya,Srinivasan,178044,277044,"Mountain View, CA",ICC Table Tennis Center,1131,2024-08-24,809,2024-09-08,ACTIVE,2023 ICC JOOLA Autumn Open,229.0,177.0,2023-10-28,2023-10-29
7219,Shreya,Srinivasan,178044,277044,"Mountain View, CA",ICC Table Tennis Center,1131,2024-08-24,809,2024-09-08,ACTIVE,ICC JOOLA Fall Open,435.0,255.0,2023-08-26,2023-08-27
7219,Shreya,Srinivasan,178044,277044,"Mountain View, CA",ICC Table Tennis Center,1131,2024-08-24,809,2024-09-08,ACTIVE,ICC JOOLA Spring Open,0.0,26.0,2023-03-04,2023-03-05
7237,Solon,Yiu,54777,82146,"San Ramon, CA",,1129,2024-05-18,872,2010-09-22,ACTIVE,ICC CA State Open,0.0,249.0,2010-05-02,
7304,Daniel John,Callejas,173190,1173190,"Pacifica, CA",888 Table Tennis Center,1117,2024-09-02,932,2024-09-08,ACTIVE,2024 ICC JOOLA Spring OPEN,793.0,792.0,2024-03-02,2024-03-03
7387,Jenna,Kiyasu,167835,266835,,,1102,2024-09-02,900,2024-09-08,ACTIVE,2024 ICC JOOLA Summer OPEN,771.0,793.0,2024-05-04,2024-05-05
7421,Muhammad,Qazi,123960,222960,"Pleasanton, CA",,1097,2022-12-11,781,2022-09-04,ACTIVE,ICC JOOLA Fall Open,960.0,1090.0,2022-09-10,2022-09-11
7422,Abhinav,Kakarala,177728,276728,,,1097,2024-07-28,1314,2024-09-08,ACTIVE,2024 ICC JOOLA Summer OPEN,247.0,274.0,2024-05-04,2024-05-05
7434,Vivian,Huang,185961,1185961,Saratoga,,1096,2024-08-25,0,,ACTIVE,2024 ICC JOOLA Fall OPEN,0.0,1096.0,2024-08-24,2024-08-25
7445,Kaiman,Chan,14649,78696,"Santa Clara, CA",,1094,2018-03-02,1279,2024-08-10,ACTIVE,ICC California State Open,1097.0,1094.0,2012-12-09,
7445,Kaiman,Chan,14649,78696,"Santa Clara, CA",,1094,2018-03-02,1279,2024-08-10,ACTIVE,ICC California State Open,1198.0,1097.0,2012-05-27,
7445,Kaiman,Chan,14649,78696,"Santa Clara, CA",,1094,2018-03-02,1279,2024-08-10,ACTIVE,ICC California State Open,758.0,1198.0,2012-03-18,
7445,Kaiman,Chan,14649,78696,"Santa Clara, CA",,1094,2018-03-02,1279,2024-08-10,ACTIVE,ICC CA State Open,767.0,758.0,2011-03-20,
7445,Kaiman,Chan,14649,78696,"Santa Clara, CA",,1094,2018-03-02,1279,2024-08-10,ACTIVE,ICC California State Open,788.0,775.0,2009-03-01,
7445,Kaiman,Chan,14649,78696,"Santa Clara, CA",,1094,2018-03-02,1279,2024-08-10,ACTIVE,ICC California State Open,0.0,570.0,2008-12-06,
7468,Ziqi Calista,Zhang,172326,271326,"Burlingame, CA",888 Table Tennis Center,1090,2024-02-19,883,2024-01-28,ACTIVE,ICC JOOLA Fall Open,689.0,504.0,2022-09-10,2022-09-11
7468,Ziqi Calista,Zhang,172326,271326,"Burlingame, CA",888 Table Tennis Center,1090,2024-02-19,883,2024-01-28,ACTIVE,ICC JOOLA Winter Open 2021,104.0,89.0,2021-11-13,2021-11-14
7546,Carson,Levit,171286,1171286,San Francisco,,1076,2024-08-22,1220,2024-07-01,ACTIVE,ICC Joola Spring Open 2021,0.0,710.0,2021-04-10,2021-04-11
7558,Sridhar,Sreenivasan,177586,1177586,"Fremont, CA",ICC Table Tennis Center,1074,2022-12-21,0,,ACTIVE,ICC JOOLA Winter Open,1339.0,1124.0,2022-12-03,2022-12-04
7566,Devansh,Bhattacharyya,176292,275292,"san ramon, CA",Micro Motion Table Tennis Academy,1072,2024-09-02,515,2024-09-07,ACTIVE,2024 ICC JOOLA Summer OPEN,250.0,216.0,2024-05-04,2024-05-05
7566,Devansh,Bhattacharyya,176292,275292,"san ramon, CA",Micro Motion Table Tennis Academy,1072,2024-09-02,515,2024-09-07,ACTIVE,2024 ICC JOOLA Spring OPEN,285.0,250.0,2024-03-02,2024-03-03
7566,Devansh,Bhattacharyya,176292,275292,"san ramon, CA",Micro Motion Table Tennis Academy,1072,2024-09-02,515,2024-09-07,ACTIVE,2023 ICC JOOLA Winter Open,22.0,19.0,2023-12-02,2023-12-03
7566,Devansh,Bhattacharyya,176292,275292,"san ramon, CA",Micro Motion Table Tennis Academy,1072,2024-09-02,515,2024-09-07,ACTIVE,ICC JOOLA Winter Open,3.0,0.0,2022-12-03,2022-12-04
7566,Devansh,Bhattacharyya,176292,275292,"san ramon, CA",Micro Motion Table Tennis Academy,1072,2024-09-02,515,2024-09-07,ACTIVE,ICC JOOLA Autumn Open,0.0,0.0,2022-10-15,2022-10-16
7591,Lee,Swander,48335,60057,"San Jose, CA",,1067,2024-06-02,0,,ACTIVE,ICC California State Open,1407.0,1362.0,2009-12-06,
7591,Lee,Swander,48335,60057,"San Jose, CA",,1067,2024-06-02,0,,ACTIVE,ICC California State Open,1387.0,1394.0,2009-03-01,
7599,Yin,Wu,174059,273059,,,1065,2024-02-19,730,2024-01-28,ACTIVE,ICC JOOLA Fall Open,692.0,692.0,2023-08-26,2023-08-27
7599,Yin,Wu,174059,273059,,,1065,2024-02-19,730,2024-01-28,ACTIVE,ICC JOOLA Summer Open,626.0,592.0,2023-05-06,2023-05-07
7626,Aditya,Shyam,173994,1173994,"Dublin, CA",Fremont Table Tennis Academy Tri-Valley Branch,1060,2024-08-31,948,2024-09-08,ACTIVE,2024 ICC JOOLA Summer OPEN,474.0,499.0,2024-05-04,2024-05-05
7627,Joel,Gousse,165824,1165824,"Sacramento, CA",Folsom Table Tennis Club,1060,2024-08-25,1000,2024-06-30,ACTIVE,2024 ICC JOOLA Fall OPEN,1109.0,1060.0,2024-08-24,2024-08-25
7627,Joel,Gousse,165824,1165824,"Sacramento, CA",Folsom Table Tennis Club,1060,2024-08-25,1000,2024-06-30,ACTIVE,ICC JOOLA Winter Open,901.0,709.0,2022-12-03,2022-12-04
7627,Joel,Gousse,165824,1165824,"Sacramento, CA",Folsom Table Tennis Club,1060,2024-08-25,1000,2024-06-30,ACTIVE,ICC JOOLA Summer Open,727.0,718.0,2022-05-14,2022-05-15
7705,Taoli,Gu,178341,277341,"San Jose, CA",,1043,2024-02-19,1339,2024-06-30,ACTIVE,ICC JOOLA Summer Open,574.0,880.0,2023-05-06,2023-05-07
7716,Ethan,Yao,172880,271880,"San Carlos, CA",,1041,2024-04-21,1463,2024-05-24,ACTIVE,2024 ICC JOOLA Spring OPEN,1032.0,1069.0,2024-03-02,2024-03-03
7716,Ethan,Yao,172880,271880,"San Carlos, CA",,1041,2024-04-21,1463,2024-05-24,ACTIVE,2023 ICC JOOLA Winter Open,904.0,863.0,2023-12-02,2023-12-03
7716,Ethan,Yao,172880,271880,"San Carlos, CA",,1041,2024-04-21,1463,2024-05-24,ACTIVE,2023 ICC JOOLA Autumn Open,529.0,896.0,2023-10-28,2023-10-29
7742,Prithvin,Pratheep,178186,277186,"Fremont, CA",(TTA) Table Tennis America,1035,2024-08-25,1100,2024-09-07,ACTIVE,2024 ICC JOOLA Fall OPEN,1086.0,1035.0,2024-08-24,2024-08-25
7742,Prithvin,Pratheep,178186,277186,"Fremont, CA",(TTA) Table Tennis America,1035,2024-08-25,1100,2024-09-07,ACTIVE,2024 ICC JOOLA Summer OPEN,192.0,297.0,2024-05-04,2024-05-05
7742,Prithvin,Pratheep,178186,277186,"Fremont, CA",(TTA) Table Tennis America,1035,2024-08-25,1100,2024-09-07,ACTIVE,2023 ICC JOOLA Winter Open,69.0,160.0,2023-12-02,2023-12-03
7742,Prithvin,Pratheep,178186,277186,"Fremont, CA",(TTA) Table Tennis America,1035,2024-08-25,1100,2024-09-07,ACTIVE,2023 ICC JOOLA Autumn Open,47.0,69.0,2023-10-28,2023-10-29
7742,Prithvin,Pratheep,178186,277186,"Fremont, CA",(TTA) Table Tennis America,1035,2024-08-25,1100,2024-09-07,ACTIVE,ICC JOOLA Summer Open,66.0,46.0,2023-05-06,2023-05-07
7745,Sidharth,Vitthanala,172801,271801,"Fremont, CA",,1033,2023-05-07,852,2023-06-24,ACTIVE,ICC JOOLA Summer Open,1117.0,1033.0,2023-05-06,2023-05-07
7745,Sidharth,Vitthanala,172801,271801,"Fremont, CA",,1033,2023-05-07,852,2023-06-24,ACTIVE,ICC JOOLA Spring Open,1240.0,1173.0,2023-03-04,2023-03-05
7745,Sidharth,Vitthanala,172801,271801,"Fremont, CA",,1033,2023-05-07,852,2023-06-24,ACTIVE,ICC JOOLA Winter Open,606.0,662.0,2022-12-03,2022-12-04
7745,Sidharth,Vitthanala,172801,271801,"Fremont, CA",,1033,2023-05-07,852,2023-06-24,ACTIVE,ICC JOOLA Autumn Open,486.0,650.0,2022-10-15,2022-10-16
7745,Sidharth,Vitthanala,172801,271801,"Fremont, CA",,1033,2023-05-07,852,2023-06-24,ACTIVE,ICC JOOLA Fall Open,171.0,361.0,2022-09-10,2022-09-11
7745,Sidharth,Vitthanala,172801,271801,"Fremont, CA",,1033,2023-05-07,852,2023-06-24,ACTIVE,ICC JOOLA Summer Open,44.0,171.0,2022-05-14,2022-05-15
7745,Sidharth,Vitthanala,172801,271801,"Fremont, CA",,1033,2023-05-07,852,2023-06-24,ACTIVE,ICC JOOLA Spring Open 2022,40.0,44.0,2022-03-19,2022-03-20
7745,Sidharth,Vitthanala,172801,271801,"Fremont, CA",,1033,2023-05-07,852,2023-06-24,ACTIVE,ICC JOOLA Winter Open 2021,0.0,40.0,2021-11-13,2021-11-14
7766,Lichi,Liu,171238,270238,"Daly City, CA",,1030,2023-06-04,763,2024-07-27,ACTIVE,ICC Joola Spring Open 2021,0.0,898.0,2021-04-10,2021-04-11
7805,Shrivats,Kannan,28321,89195,"Fremont, CA",,1022,2024-08-22,1124,2023-12-11,ACTIVE,ICC CA State Open,93.0,103.0,2013-02-17,
7805,Shrivats,Kannan,28321,89195,"Fremont, CA",,1022,2024-08-22,1124,2023-12-11,ACTIVE,ICC California State Open,98.0,93.0,2012-12-09,
7896,Alex,Hwang,124729,223729,"Orinda, CA",(TTA) Table Tennis America,1003,2024-07-07,378,2024-09-08,ACTIVE,2018 ICC Butterfly America Open,194.0,184.0,2018-12-07,2018-12-09
7943,Cliff,Demartini,1676,22383,"Cambell, CA",,994,2023-10-12,0,,ACTIVE,ICC STIGA California Open,1239.0,1239.0,2015-12-06,
7943,Cliff,Demartini,1676,22383,"Cambell, CA",,994,2023-10-12,0,,ACTIVE,ICC CA State Open,834.0,759.0,2011-06-05,
7943,Cliff,Demartini,1676,22383,"Cambell, CA",,994,2023-10-12,0,,ACTIVE,ICC CA State Open,855.0,857.0,2011-03-20,
7943,Cliff,Demartini,1676,22383,"Cambell, CA",,994,2023-10-12,0,,ACTIVE,ICC CA State Open,890.0,890.0,2010-05-02,
7943,Cliff,Demartini,1676,22383,"Cambell, CA",,994,2023-10-12,0,,ACTIVE,ICC CA State Open,910.0,890.0,2010-02-28,
7943,Cliff,Demartini,1676,22383,"Cambell, CA",,994,2023-10-12,0,,ACTIVE,ICC California State Open,920.0,920.0,2008-12-06,
7943,Cliff,Demartini,1676,22383,"Cambell, CA",,994,2023-10-12,0,,ACTIVE,ICC Northern CA Open,769.0,719.0,2007-07-22,
8079,Craig,Beuttler,118908,217908,"Laguna Woods, CA",,960,2020-10-11,0,,ACTIVE,ICC Joola Fall Open 2020,1032.0,960.0,2020-10-10,2020-10-11
8094,Felix,Stephen,177417,276417,"Fremont, CA",888 Table Tennis Center - San Jose,956,2024-07-28,632,2024-09-08,ACTIVE,2024 ICC JOOLA Spring OPEN,119.0,133.0,2024-03-02,2024-03-03
8094,Felix,Stephen,177417,276417,"Fremont, CA",888 Table Tennis Center - San Jose,956,2024-07-28,632,2024-09-08,ACTIVE,2023 ICC JOOLA Winter Open,111.0,119.0,2023-12-02,2023-12-03
8094,Felix,Stephen,177417,276417,"Fremont, CA",888 Table Tennis Center - San Jose,956,2024-07-28,632,2024-09-08,ACTIVE,2023 ICC JOOLA Autumn Open,24.0,111.0,2023-10-28,2023-10-29
8094,Felix,Stephen,177417,276417,"Fremont, CA",888 Table Tennis Center - San Jose,956,2024-07-28,632,2024-09-08,ACTIVE,ICC JOOLA Fall Open,21.0,24.0,2023-08-26,2023-08-27
8108,Sophy,Chou,1304,93841,"Sunnyvale, CA",,953,2018-03-02,0,,ACTIVE,ICC STIGA California Open,307.0,335.0,2015-05-03,
8108,Sophy,Chou,1304,93841,"Sunnyvale, CA",,953,2018-03-02,0,,ACTIVE,ICC California State Open,207.0,213.0,2014-12-07,
8153,Eric,Jia,120543,219543,"Fremont, CA",(TTA) Table Tennis America,945,2019-11-10,940,2020-03-01,ACTIVE,ICC JOOLA Winter Open,995.0,945.0,2019-11-08,2019-11-10
8153,Eric,Jia,120543,219543,"Fremont, CA",(TTA) Table Tennis America,945,2019-11-10,940,2020-03-01,ACTIVE,ICC JOOLA Fall Open,979.0,973.0,2019-09-08,2019-09-08
8153,Eric,Jia,120543,219543,"Fremont, CA",(TTA) Table Tennis America,945,2019-11-10,940,2020-03-01,ACTIVE,ICC Joola Spring Open,632.0,612.0,2019-05-12,2019-05-12
8153,Eric,Jia,120543,219543,"Fremont, CA",(TTA) Table Tennis America,945,2019-11-10,940,2020-03-01,ACTIVE,ICC Butterfly Winter Open,391.0,372.0,2019-02-24,2019-02-24
8153,Eric,Jia,120543,219543,"Fremont, CA",(TTA) Table Tennis America,945,2019-11-10,940,2020-03-01,ACTIVE,2018 ICC Butterfly America Open,355.0,391.0,2018-12-07,2018-12-09
8153,Eric,Jia,120543,219543,"Fremont, CA",(TTA) Table Tennis America,945,2019-11-10,940,2020-03-01,ACTIVE,ICC Butterfly America Open - 2018,132.0,136.0,2018-05-06,2018-05-06
8181,Blesson,Paul,116232,215232,"San Jose, CA",,938,2024-08-25,1027,2024-08-17,ACTIVE,2024 ICC JOOLA Fall OPEN,915.0,938.0,2024-08-24,2024-08-25
8181,Blesson,Paul,116232,215232,"San Jose, CA",,938,2024-08-25,1027,2024-08-17,ACTIVE,2023 ICC JOOLA Winter Open,976.0,978.0,2023-12-02,2023-12-03
8181,Blesson,Paul,116232,215232,"San Jose, CA",,938,2024-08-25,1027,2024-08-17,ACTIVE,2023 ICC JOOLA Autumn Open,951.0,976.0,2023-10-28,2023-10-29
8240,Wesley,Yao,171730,1171730,"1225 Vienna Dr Spc93 Sunnyval, CA",,928,2024-05-12,1054,2024-04-28,ACTIVE,2024 ICC JOOLA Spring OPEN,1067.0,991.0,2024-03-02,2024-03-03
8240,Wesley,Yao,171730,1171730,"1225 Vienna Dr Spc93 Sunnyval, CA",,928,2024-05-12,1054,2024-04-28,ACTIVE,2023 ICC JOOLA Winter Open,703.0,623.0,2023-12-02,2023-12-03
8240,Wesley,Yao,171730,1171730,"1225 Vienna Dr Spc93 Sunnyval, CA",,928,2024-05-12,1054,2024-04-28,ACTIVE,2023 ICC JOOLA Autumn Open,779.0,703.0,2023-10-28,2023-10-29
8240,Wesley,Yao,171730,1171730,"1225 Vienna Dr Spc93 Sunnyval, CA",,928,2024-05-12,1054,2024-04-28,ACTIVE,ICC JOOLA Fall Open,404.0,406.0,2023-08-26,2023-08-27
8240,Wesley,Yao,171730,1171730,"1225 Vienna Dr Spc93 Sunnyval, CA",,928,2024-05-12,1054,2024-04-28,ACTIVE,ICC JOOLA Summer Open,339.0,394.0,2023-05-06,2023-05-07
8321,Muzaffar,Halkuziev,130599,229599,"Fremont, CA",ICC Table Tennis Center,912,2023-12-03,1222,2023-11-25,ACTIVE,2023 ICC JOOLA Winter Open,0.0,912.0,2023-12-02,2023-12-03
8337,Puneet,Murgai,171287,1171287,"Milpitas, CA",,909,2021-04-11,1080,2023-09-17,ACTIVE,ICC Joola Spring Open 2021,0.0,909.0,2021-04-10,2021-04-11
8338,Nath,Santos,171290,1171290,Turlock,,909,2024-07-20,0,,ACTIVE,ICC Joola Spring Open 2021,0.0,823.0,2021-04-10,2021-04-11
8356,Nimish,Jain,123485,222485,"San Ramon, CA",,906,2020-03-08,583,2024-03-30,ACTIVE,ICC JOOLA Spring Open 2020,816.0,906.0,2020-03-07,2020-03-08
8407,Chuo-Han,Lee,115617,214617,"Cupertino, CA",Swan Ping Pong,895,2022-04-03,1144,2024-09-01,ACTIVE,2018 ICC Butterfly America Open,582.0,624.0,2018-12-07,2018-12-09
8441,Tania,Ralhan,177405,276405,,,890,2024-05-27,0,,ACTIVE,ICC JOOLA Summer Open,1101.0,1101.0,2023-05-06,2023-05-07
8441,Tania,Ralhan,177405,276405,,,890,2024-05-27,0,,ACTIVE,ICC JOOLA Spring Open,1101.0,1101.0,2023-03-04,2023-03-05
8496,Arunodoy,Saha,173581,272581,"San Jose, CA",,876,2022-03-20,866,2023-03-26,ACTIVE,ICC JOOLA Spring Open 2022,886.0,876.0,2022-03-19,2022-03-20
8579,Shishir,Krishnappa Mahesh,177502,276502,"SAN JOSE, CA",,858,2024-08-25,1062,2024-09-07,ACTIVE,2024 ICC JOOLA Fall OPEN,858.0,858.0,2024-08-24,2024-08-25
8579,Shishir,Krishnappa Mahesh,177502,276502,"SAN JOSE, CA",,858,2024-08-25,1062,2024-09-07,ACTIVE,2024 ICC JOOLA Summer OPEN,447.0,517.0,2024-05-04,2024-05-05
8579,Shishir,Krishnappa Mahesh,177502,276502,"SAN JOSE, CA",,858,2024-08-25,1062,2024-09-07,ACTIVE,2024 ICC JOOLA Spring OPEN,320.0,353.0,2024-03-02,2024-03-03
8579,Shishir,Krishnappa Mahesh,177502,276502,"SAN JOSE, CA",,858,2024-08-25,1062,2024-09-07,ACTIVE,2023 ICC JOOLA Winter Open,78.0,86.0,2023-12-02,2023-12-03
8585,Amiraj,Nigam,180918,279918,"Folsom, CA",Folsom Table Tennis Club,857,2024-09-02,0,,ACTIVE,2024 ICC JOOLA Summer OPEN,918.0,718.0,2024-05-04,2024-05-05
8585,Amiraj,Nigam,180918,279918,"Folsom, CA",Folsom Table Tennis Club,857,2024-09-02,0,,ACTIVE,2023 ICC JOOLA Winter Open,299.0,360.0,2023-12-02,2023-12-03
8585,Amiraj,Nigam,180918,279918,"Folsom, CA",Folsom Table Tennis Club,857,2024-09-02,0,,ACTIVE,ICC JOOLA Fall Open,0.0,297.0,2023-08-26,2023-08-27
8634,Andy,Chen,171562,1171562,"Vacaville, CA",,843,2024-09-02,788,2024-07-07,ACTIVE,2024 ICC JOOLA Summer OPEN,633.0,598.0,2024-05-04,2024-05-05
8634,Andy,Chen,171562,1171562,"Vacaville, CA",,843,2024-09-02,788,2024-07-07,ACTIVE,ICC JOOLA SUMMER OPEN- 2021,0.0,876.0,2021-05-29,2021-05-30
8636,Zhihuan,Wang,165252,1165252,"Mountain View, CA",,843,2019-09-08,977,2024-06-30,ACTIVE,ICC JOOLA Fall Open,840.0,843.0,2019-09-08,2019-09-08
8636,Zhihuan,Wang,165252,1165252,"Mountain View, CA",,843,2019-09-08,977,2024-06-30,ACTIVE,ICC Joola Spring Open,886.0,840.0,2019-05-12,2019-05-12
8655,Norie,Mitteldorf,122282,221282,"Forestville, CA",,839,2023-10-08,677,2018-06-04,ACTIVE,ICC JOOLA Fall Open,0.0,330.0,2022-09-10,2022-09-11
8657,John,Bacon,167638,266638,"Snohomish, WA",,839,2024-06-30,1203,2024-08-31,ACTIVE,ICC JOOLA Winter Open,818.0,481.0,2019-11-08,2019-11-10
8667,Leo,Xu,172150,271150,"Milpitas, CA",Silicon Valley Table Tennis Club (SVTTC),836,2023-12-21,913,2024-06-30,ACTIVE,2023 ICC JOOLA Autumn Open,339.0,293.0,2023-10-28,2023-10-29
8667,Leo,Xu,172150,271150,"Milpitas, CA",Silicon Valley Table Tennis Club (SVTTC),836,2023-12-21,913,2024-06-30,ACTIVE,ICC JOOLA Fall Open,108.0,339.0,2023-08-26,2023-08-27
8667,Leo,Xu,172150,271150,"Milpitas, CA",Silicon Valley Table Tennis Club (SVTTC),836,2023-12-21,913,2024-06-30,ACTIVE,ICC JOOLA Autumn Open,121.0,108.0,2022-10-15,2022-10-16
8667,Leo,Xu,172150,271150,"Milpitas, CA",Silicon Valley Table Tennis Club (SVTTC),836,2023-12-21,913,2024-06-30,ACTIVE,ICC JOOLA Summer Open,118.0,122.0,2022-05-14,2022-05-15
8667,Leo,Xu,172150,271150,"Milpitas, CA",Silicon Valley Table Tennis Club (SVTTC),836,2023-12-21,913,2024-06-30,ACTIVE,ICC JOOLA Spring Open 2022,96.0,99.0,2022-03-19,2022-03-20
8671,Ralph,Villafuerte,51163,81821,"TRACY, CA",Big Island Table Tennis Association,836,2018-03-02,846,2011-06-18,ACTIVE,ICC CA State Open,896.0,836.0,2013-02-17,
8671,Ralph,Villafuerte,51163,81821,"TRACY, CA",Big Island Table Tennis Association,836,2018-03-02,846,2011-06-18,ACTIVE,ICC CA State Open,1077.0,1027.0,2011-03-20,
8671,Ralph,Villafuerte,51163,81821,"TRACY, CA",Big Island Table Tennis Association,836,2018-03-02,846,2011-06-18,ACTIVE,ICC CA State Open,1105.0,1081.0,2010-12-05,
8706,Averie,Zhao,180916,279916,,,827,2024-07-07,883,2024-09-08,ACTIVE,2024 ICC JOOLA Summer OPEN,91.0,84.0,2024-05-04,2024-05-05
8767,Max,Chien,122756,221756,Sunnyvale,Swan Ping Pong,812,2018-05-06,1551,2024-06-15,ACTIVE,ICC Butterfly America Open - 2018,0.0,812.0,2018-05-06,2018-05-06
8838,Paul,Li,130676,229676,Fremont,,796,2023-04-02,808,2023-04-22,ACTIVE,ICC JOOLA Spring Open,721.0,821.0,2023-03-04,2023-03-05
8838,Paul,Li,130676,229676,Fremont,,796,2023-04-02,808,2023-04-22,ACTIVE,ICC JOOLA Winter Open,676.0,721.0,2022-12-03,2022-12-04
8838,Paul,Li,130676,229676,Fremont,,796,2023-04-02,808,2023-04-22,ACTIVE,ICC Joola Fall Open 2020,676.0,676.0,2020-10-10,2020-10-11
8838,Paul,Li,130676,229676,Fremont,,796,2023-04-02,808,2023-04-22,ACTIVE,ICC JOOLA Spring Open 2020,0.0,676.0,2020-03-07,2020-03-08
8856,Alexander,Wiklund,119337,218337,"San Jose, CA",World Champions Table Tennis Academy (WCTTA),793,2019-07-05,505,2023-11-12,ACTIVE,ICC Joola Spring Open,508.0,535.0,2019-05-12,2019-05-12
8856,Alexander,Wiklund,119337,218337,"San Jose, CA",World Champions Table Tennis Academy (WCTTA),793,2019-07-05,505,2023-11-12,ACTIVE,ICC Butterfly Winter Open,527.0,508.0,2019-02-24,2019-02-24
8856,Alexander,Wiklund,119337,218337,"San Jose, CA",World Champions Table Tennis Academy (WCTTA),793,2019-07-05,505,2023-11-12,ACTIVE,2018 ICC Butterfly America Open,575.0,527.0,2018-12-07,2018-12-09
8856,Alexander,Wiklund,119337,218337,"San Jose, CA",World Champions Table Tennis Academy (WCTTA),793,2019-07-05,505,2023-11-12,ACTIVE,ICC Butterfly America Open - 2018,375.0,532.0,2018-05-06,2018-05-06
8864,Aidan,Lim,174168,273168,"Cupertino, CA",,791,2023-10-09,967,2024-01-28,ACTIVE,ICC JOOLA Fall Open,762.0,696.0,2023-08-26,2023-08-27
8864,Aidan,Lim,174168,273168,"Cupertino, CA",,791,2023-10-09,967,2024-01-28,ACTIVE,ICC JOOLA Fall Open,726.0,699.0,2022-09-10,2022-09-11
8864,Aidan,Lim,174168,273168,"Cupertino, CA",,791,2023-10-09,967,2024-01-28,ACTIVE,ICC JOOLA Summer Open,0.0,730.0,2022-05-14,2022-05-15
8891,Longwen,Hua,178742,277742,"Alameda, CA",,785,2024-07-07,780,2024-09-07,ACTIVE,2024 ICC JOOLA Summer OPEN,156.0,338.0,2024-05-04,2024-05-05
8891,Longwen,Hua,178742,277742,"Alameda, CA",,785,2024-07-07,780,2024-09-07,ACTIVE,2023 ICC JOOLA Winter Open,42.0,41.0,2023-12-02,2023-12-03
8949,Dylan,Hoang,177944,276944,"Dublin, CA",Pleasanton Table Tennis Club,771,2024-05-12,1058,2024-09-08,ACTIVE,2024 ICC JOOLA Spring OPEN,0.0,771.0,2024-03-02,2024-03-03
9000,Xujing,Zhang,100299,199299,"San Jose, CA",,756,2024-02-04,444,2024-01-21,ACTIVE,ICC Butterfly California State Open,905.0,839.0,2016-12-02,2016-12-04
9033,Artur,Kesel,58900,26629,"Cedar Park, TX",,748,2019-11-10,336,2020-02-18,ACTIVE,ICC JOOLA Winter Open,871.0,748.0,2019-11-08,2019-11-10
9033,Artur,Kesel,58900,26629,"Cedar Park, TX",,748,2019-11-10,336,2020-02-18,ACTIVE,ICC JOOLA Fall Open,901.0,871.0,2019-09-08,2019-09-08
9054,Cynthia,Ranii,6403,87850,"Santa Cruz, CA",Santa Cruz TTC,744,2023-12-21,824,2016-10-09,ACTIVE,ICC JOOLA Fall Open 2021,931.0,801.0,2021-08-28,2021-08-29
9054,Cynthia,Ranii,6403,87850,"Santa Cruz, CA",Santa Cruz TTC,744,2023-12-21,824,2016-10-09,ACTIVE,ICC STIGA California Open,584.0,476.0,2015-12-06,
9054,Cynthia,Ranii,6403,87850,"Santa Cruz, CA",Santa Cruz TTC,744,2023-12-21,824,2016-10-09,ACTIVE,ICC California State Open,229.0,217.0,2014-04-06,
9054,Cynthia,Ranii,6403,87850,"Santa Cruz, CA",Santa Cruz TTC,744,2023-12-21,824,2016-10-09,ACTIVE,ICC CA State Open,354.0,328.0,2013-05-19,
9054,Cynthia,Ranii,6403,87850,"Santa Cruz, CA",Santa Cruz TTC,744,2023-12-21,824,2016-10-09,ACTIVE,ICC CA State Open,622.0,532.0,2013-02-17,
9057,Abhi,Thakur,173950,272950,"Fremont, CA",,743,2024-05-05,1135,2024-06-22,ACTIVE,2024 ICC JOOLA Summer OPEN,744.0,743.0,2024-05-04,2024-05-05
9129,Yuhao,Zhang,179000,278000,,,725,2023-12-10,1084,2024-09-01,ACTIVE,2023 ICC JOOLA Winter Open,0.0,644.0,2023-12-02,2023-12-03
9151,Patrick,Wong,175615,274615,"Saratoga, CA",BAPPA Table Tennis,720,2024-03-17,977,2024-09-07,ACTIVE,2023 ICC JOOLA Winter Open,405.0,712.0,2023-12-02,2023-12-03
9151,Patrick,Wong,175615,274615,"Saratoga, CA",BAPPA Table Tennis,720,2024-03-17,977,2024-09-07,ACTIVE,ICC JOOLA Fall Open,391.0,391.0,2022-09-10,2022-09-11
9165,Terry,Peng,178513,277513,"San jose, CA",Super Spin Table Tennis Club,716,2024-08-25,914,2024-09-08,ACTIVE,2024 ICC JOOLA Fall OPEN,761.0,716.0,2024-08-24,2024-08-25
9165,Terry,Peng,178513,277513,"San jose, CA",Super Spin Table Tennis Club,716,2024-08-25,914,2024-09-08,ACTIVE,2024 ICC JOOLA Summer OPEN,379.0,362.0,2024-05-04,2024-05-05
9165,Terry,Peng,178513,277513,"San jose, CA",Super Spin Table Tennis Club,716,2024-08-25,914,2024-09-08,ACTIVE,2024 ICC JOOLA Spring OPEN,101.0,379.0,2024-03-02,2024-03-03
9165,Terry,Peng,178513,277513,"San jose, CA",Super Spin Table Tennis Club,716,2024-08-25,914,2024-09-08,ACTIVE,2023 ICC JOOLA Winter Open,89.0,101.0,2023-12-02,2023-12-03
9165,Terry,Peng,178513,277513,"San jose, CA",Super Spin Table Tennis Club,716,2024-08-25,914,2024-09-08,ACTIVE,2023 ICC JOOLA Autumn Open,13.0,46.0,2023-10-28,2023-10-29
9165,Terry,Peng,178513,277513,"San jose, CA",Super Spin Table Tennis Club,716,2024-08-25,914,2024-09-08,ACTIVE,ICC JOOLA Fall Open,0.0,0.0,2023-08-26,2023-08-27
9173,Enzo,Yuen,183077,282077,"Foster City, CA",888 Table Tennis Center,713,2024-09-02,829,2024-09-08,ACTIVE,2024 ICC JOOLA Fall OPEN,291.0,618.0,2024-08-24,2024-08-25
9173,Enzo,Yuen,183077,282077,"Foster City, CA",888 Table Tennis Center,713,2024-09-02,829,2024-09-08,ACTIVE,2024 ICC JOOLA Spring OPEN,0.0,0.0,2024-03-02,2024-03-03
9181,Kabir,Raghavan,177968,276968,,,711,2024-05-05,181,2023-08-13,ACTIVE,ICC JOOLA Summer Open,0.0,56.0,2023-05-06,2023-05-07
9194,Chirag,Sheth,171332,270332,"Fremont, CA",,709,2021-11-14,919,2024-04-28,ACTIVE,ICC JOOLA Winter Open 2021,319.0,709.0,2021-11-13,2021-11-14
9194,Chirag,Sheth,171332,270332,"Fremont, CA",,709,2021-11-14,919,2024-04-28,ACTIVE,ICC JOOLA SUMMER OPEN- 2021,0.0,319.0,2021-05-29,2021-05-30
9205,Michael,McRitchie,35699,86923,"San Ramon, CA",,707,2024-05-18,819,2014-02-01,ACTIVE,ICC CA State Open,1136.0,1033.0,2013-02-17,
9216,Jonathan,Wang,177520,276520,"Pleasanton, CA",,705,2024-07-28,853,2024-09-07,ACTIVE,2023 ICC JOOLA Winter Open,382.0,341.0,2023-12-02,2023-12-03
9216,Jonathan,Wang,177520,276520,"Pleasanton, CA",,705,2024-07-28,853,2024-09-07,ACTIVE,ICC JOOLA Fall Open,20.0,187.0,2023-08-26,2023-08-27
9239,Vihaan,Raut,176055,275055,"Santa Clara, CA",,698,2024-09-02,443,2024-08-18,ACTIVE,2024 ICC JOOLA Fall OPEN,602.0,650.0,2024-08-24,2024-08-25
9239,Vihaan,Raut,176055,275055,"Santa Clara, CA",,698,2024-09-02,443,2024-08-18,ACTIVE,2024 ICC JOOLA Summer OPEN,145.0,138.0,2024-05-04,2024-05-05
9239,Vihaan,Raut,176055,275055,"Santa Clara, CA",,698,2024-09-02,443,2024-08-18,ACTIVE,2024 ICC JOOLA Spring OPEN,177.0,145.0,2024-03-02,2024-03-03
9239,Vihaan,Raut,176055,275055,"Santa Clara, CA",,698,2024-09-02,443,2024-08-18,ACTIVE,2023 ICC JOOLA Winter Open,131.0,177.0,2023-12-02,2023-12-03
9239,Vihaan,Raut,176055,275055,"Santa Clara, CA",,698,2024-09-02,443,2024-08-18,ACTIVE,2023 ICC JOOLA Autumn Open,129.0,131.0,2023-10-28,2023-10-29
9239,Vihaan,Raut,176055,275055,"Santa Clara, CA",,698,2024-09-02,443,2024-08-18,ACTIVE,ICC JOOLA Fall Open,22.0,129.0,2023-08-26,2023-08-27
9239,Vihaan,Raut,176055,275055,"Santa Clara, CA",,698,2024-09-02,443,2024-08-18,ACTIVE,ICC JOOLA Spring Open,33.0,22.0,2023-03-04,2023-03-05
9239,Vihaan,Raut,176055,275055,"Santa Clara, CA",,698,2024-09-02,443,2024-08-18,ACTIVE,ICC JOOLA Winter Open,0.0,33.0,2022-12-03,2022-12-04
9251,Vedant,Tilloo,174158,273158,San Ramon,,693,2024-06-22,1043,2024-09-07,ACTIVE,2024 ICC JOOLA Spring OPEN,329.0,307.0,2024-03-02,2024-03-03
9310,Mason,Mai,176354,275354,"San Bruno, CA",888 Table Tennis Center,676,2024-04-21,799,2024-06-02,ACTIVE,2024 ICC JOOLA Spring OPEN,547.0,552.0,2024-03-02,2024-03-03
9310,Mason,Mai,176354,275354,"San Bruno, CA",888 Table Tennis Center,676,2024-04-21,799,2024-06-02,ACTIVE,2023 ICC JOOLA Autumn Open,414.0,434.0,2023-10-28,2023-10-29
9310,Mason,Mai,176354,275354,"San Bruno, CA",888 Table Tennis Center,676,2024-04-21,799,2024-06-02,ACTIVE,ICC JOOLA Fall Open,344.0,304.0,2023-08-26,2023-08-27
9310,Mason,Mai,176354,275354,"San Bruno, CA",888 Table Tennis Center,676,2024-04-21,799,2024-06-02,ACTIVE,ICC JOOLA Spring Open,37.0,35.0,2023-03-04,2023-03-05
9348,Stanley,Li,32319,84305,"Cupertino, CA",,667,2024-07-28,728,2024-08-11,ACTIVE,ICC CA State Open,0.0,529.0,2010-12-05,
9351,Brett,Preston,172503,271503,"-, CA",,667,2023-10-09,889,2024-08-31,ACTIVE,ICC JOOLA Fall Open,634.0,579.0,2022-09-10,2022-09-11
9351,Brett,Preston,172503,271503,"-, CA",,667,2023-10-09,889,2024-08-31,ACTIVE,ICC JOOLA Spring Open 2022,711.0,681.0,2022-03-19,2022-03-20
9351,Brett,Preston,172503,271503,"-, CA",,667,2023-10-09,889,2024-08-31,ACTIVE,ICC JOOLA Winter Open 2021,0.0,711.0,2021-11-13,2021-11-14
9371,Yeehan,Tan,169930,268930,"Fremont, CA",,659,2024-05-05,1113,2024-07-28,ACTIVE,2024 ICC JOOLA Summer OPEN,747.0,659.0,2024-05-04,2024-05-05
9388,Kiana,Zhang,169883,268883,"Milpitas, CA",,655,2023-10-09,582,2023-12-10,ACTIVE,ICC JOOLA Summer Open,691.0,645.0,2023-05-06,2023-05-07
9388,Kiana,Zhang,169883,268883,"Milpitas, CA",,655,2023-10-09,582,2023-12-10,ACTIVE,ICC JOOLA Autumn Open,382.0,356.0,2022-10-15,2022-10-16
9388,Kiana,Zhang,169883,268883,"Milpitas, CA",,655,2023-10-09,582,2023-12-10,ACTIVE,ICC JOOLA Spring Open 2022,0.0,372.0,2022-03-19,2022-03-20
9402,Anirvin,Alapati,185302,284302,"San Jose, CA",,651,2024-08-25,135,2024-09-07,ACTIVE,2024 ICC JOOLA Fall OPEN,786.0,651.0,2024-08-24,2024-08-25
9418,Walter,Witkowski,8522,21983,"San Leandro, CA",,647,2019-05-12,0,,ACTIVE,ICC Joola Spring Open,705.0,647.0,2019-05-12,2019-05-12
9418,Walter,Witkowski,8522,21983,"San Leandro, CA",,647,2019-05-12,0,,ACTIVE,ICC Butterfly Winter Open,855.0,705.0,2019-02-24,2019-02-24
9418,Walter,Witkowski,8522,21983,"San Leandro, CA",,647,2019-05-12,0,,ACTIVE,ICC Butterfly California State Open,962.0,905.0,2016-12-02,2016-12-04
9418,Walter,Witkowski,8522,21983,"San Leandro, CA",,647,2019-05-12,0,,ACTIVE,ICC STIGA California Open,1032.0,1012.0,2015-12-06,
9418,Walter,Witkowski,8522,21983,"San Leandro, CA",,647,2019-05-12,0,,ACTIVE,ICC California State Open,1109.0,1017.0,2014-04-06,
9418,Walter,Witkowski,8522,21983,"San Leandro, CA",,647,2019-05-12,0,,ACTIVE,ICC CA State Open,1204.0,1109.0,2013-12-08,
9418,Walter,Witkowski,8522,21983,"San Leandro, CA",,647,2019-05-12,0,,ACTIVE,ICC CA State Open,1167.0,1059.0,2013-05-19,
9418,Walter,Witkowski,8522,21983,"San Leandro, CA",,647,2019-05-12,0,,ACTIVE,ICC California State Open,1130.0,1045.0,2012-03-18,
9418,Walter,Witkowski,8522,21983,"San Leandro, CA",,647,2019-05-12,0,,ACTIVE,ICC CA State Open,958.0,888.0,2011-03-20,
9418,Walter,Witkowski,8522,21983,"San Leandro, CA",,647,2019-05-12,0,,ACTIVE,ICC CA State Open,1261.0,1208.0,2010-05-02,
9418,Walter,Witkowski,8522,21983,"San Leandro, CA",,647,2019-05-12,0,,ACTIVE,ICC CA State Open,1316.0,1261.0,2010-02-28,
9418,Walter,Witkowski,8522,21983,"San Leandro, CA",,647,2019-05-12,0,,ACTIVE,ICC California State Open,1406.0,1316.0,2009-12-06,
9418,Walter,Witkowski,8522,21983,"San Leandro, CA",,647,2019-05-12,0,,ACTIVE,ICC California State Open,1109.0,1054.0,2008-12-06,
9446,Tom,Bu,13428,69575,"San Jose, CA",,639,2023-10-09,1087,2024-04-14,ACTIVE,ICC JOOLA Spring Open,802.0,702.0,2023-03-04,2023-03-05
9461,Sana,Sahu,173249,1173249,Fremont,,633,2024-08-25,780,2024-09-08,ACTIVE,2024 ICC JOOLA Fall OPEN,290.0,633.0,2024-08-24,2024-08-25
9461,Sana,Sahu,173249,1173249,Fremont,,633,2024-08-25,780,2024-09-08,ACTIVE,2024 ICC JOOLA Summer OPEN,256.0,290.0,2024-05-04,2024-05-05
9461,Sana,Sahu,173249,1173249,Fremont,,633,2024-08-25,780,2024-09-08,ACTIVE,2024 ICC JOOLA Spring OPEN,234.0,270.0,2024-03-02,2024-03-03
9461,Sana,Sahu,173249,1173249,Fremont,,633,2024-08-25,780,2024-09-08,ACTIVE,2023 ICC JOOLA Winter Open,259.0,234.0,2023-12-02,2023-12-03
9461,Sana,Sahu,173249,1173249,Fremont,,633,2024-08-25,780,2024-09-08,ACTIVE,2023 ICC JOOLA Autumn Open,264.0,259.0,2023-10-28,2023-10-29
9461,Sana,Sahu,173249,1173249,Fremont,,633,2024-08-25,780,2024-09-08,ACTIVE,ICC JOOLA Fall Open,105.0,156.0,2023-08-26,2023-08-27
9461,Sana,Sahu,173249,1173249,Fremont,,633,2024-08-25,780,2024-09-08,ACTIVE,ICC JOOLA Summer Open,87.0,105.0,2023-05-06,2023-05-07
9537,Terry,Won,185016,284016,"Milpitas, CA",888 Table Tennis Center,607,2024-08-25,0,,ACTIVE,2024 ICC JOOLA Fall OPEN,569.0,607.0,2024-08-24,2024-08-25
9547,Annie,Zhang,177224,276224,"San Jose, CA",James Ping Pong Training Center,604,2023-05-07,438,2024-06-30,ACTIVE,ICC JOOLA Summer Open,704.0,604.0,2023-05-06,2023-05-07
9549,Meng,Chen,180613,279613,"Pleasanton, CA",,604,2024-05-12,143,2024-05-04,ACTIVE,2023 ICC JOOLA Winter Open,312.0,303.0,2023-12-02,2023-12-03
9549,Meng,Chen,180613,279613,"Pleasanton, CA",,604,2024-05-12,143,2024-05-04,ACTIVE,2023 ICC JOOLA Autumn Open,313.0,312.0,2023-10-28,2023-10-29
9549,Meng,Chen,180613,279613,"Pleasanton, CA",,604,2024-05-12,143,2024-05-04,ACTIVE,ICC JOOLA Fall Open,500.0,313.0,2023-08-26,2023-08-27
9583,Nandan,Conjeevaram,171227,1171227,"Saratoga, CA",ICC Table Tennis Center,596,2024-08-25,179,2024-09-08,ACTIVE,2024 ICC JOOLA Fall OPEN,218.0,596.0,2024-08-24,2024-08-25
9583,Nandan,Conjeevaram,171227,1171227,"Saratoga, CA",ICC Table Tennis Center,596,2024-08-25,179,2024-09-08,ACTIVE,2024 ICC JOOLA Summer OPEN,204.0,218.0,2024-05-04,2024-05-05
9583,Nandan,Conjeevaram,171227,1171227,"Saratoga, CA",ICC Table Tennis Center,596,2024-08-25,179,2024-09-08,ACTIVE,2024 ICC JOOLA Spring OPEN,231.0,204.0,2024-03-02,2024-03-03
9583,Nandan,Conjeevaram,171227,1171227,"Saratoga, CA",ICC Table Tennis Center,596,2024-08-25,179,2024-09-08,ACTIVE,2023 ICC JOOLA Winter Open,307.0,223.0,2023-12-02,2023-12-03
9583,Nandan,Conjeevaram,171227,1171227,"Saratoga, CA",ICC Table Tennis Center,596,2024-08-25,179,2024-09-08,ACTIVE,2023 ICC JOOLA Autumn Open,387.0,307.0,2023-10-28,2023-10-29
9586,Harold,Lee,185637,284637,"San Jose, CA",888 Table Tennis Center,594,2024-08-25,0,,ACTIVE,2024 ICC JOOLA Fall OPEN,0.0,594.0,2024-08-24,2024-08-25
9613,Ming Wai Myra,Kan,183499,282499,"Santa Clara, CA",,586,2024-08-25,760,2024-09-07,ACTIVE,2024 ICC JOOLA Fall OPEN,0.0,586.0,2024-08-24,2024-08-25
9624,Ankitha,Mukund,180639,279639,"MILPITAS, CA",,582,2024-08-25,266,2024-09-08,ACTIVE,2024 ICC JOOLA Fall OPEN,475.0,582.0,2024-08-24,2024-08-25
9624,Ankitha,Mukund,180639,279639,"MILPITAS, CA",,582,2024-08-25,266,2024-09-08,ACTIVE,2024 ICC JOOLA Summer OPEN,51.0,144.0,2024-05-04,2024-05-05
9624,Ankitha,Mukund,180639,279639,"MILPITAS, CA",,582,2024-08-25,266,2024-09-08,ACTIVE,2024 ICC JOOLA Spring OPEN,35.0,51.0,2024-03-02,2024-03-03
9624,Ankitha,Mukund,180639,279639,"MILPITAS, CA",,582,2024-08-25,266,2024-09-08,ACTIVE,2023 ICC JOOLA Autumn Open,0.0,35.0,2023-10-28,2023-10-29
9655,Desmond,Horsley,184550,1184550,Studio Coty,,572,2024-08-25,0,,ACTIVE,2024 ICC JOOLA Fall OPEN,690.0,572.0,2024-08-24,2024-08-25
9676,Vincent,Li,174371,1174371,Pleasanton,,568,2024-05-05,1045,2024-08-24,ACTIVE,2024 ICC JOOLA Summer OPEN,291.0,568.0,2024-05-04,2024-05-05
9676,Vincent,Li,174371,1174371,Pleasanton,,568,2024-05-05,1045,2024-08-24,ACTIVE,2023 ICC JOOLA Winter Open,242.0,242.0,2023-12-02,2023-12-03
9676,Vincent,Li,174371,1174371,Pleasanton,,568,2024-05-05,1045,2024-08-24,ACTIVE,ICC JOOLA Summer Open,8.0,13.0,2023-05-06,2023-05-07
9676,Vincent,Li,174371,1174371,Pleasanton,,568,2024-05-05,1045,2024-08-24,ACTIVE,ICC JOOLA Autumn Open,0.0,0.0,2022-10-15,2022-10-16
9676,Vincent,Li,174371,1174371,Pleasanton,,568,2024-05-05,1045,2024-08-24,ACTIVE,ICC JOOLA Fall Open,0.0,0.0,2022-09-10,2022-09-11
9676,Vincent,Li,174371,1174371,Pleasanton,,568,2024-05-05,1045,2024-08-24,ACTIVE,ICC JOOLA Spring Open 2022,0.0,0.0,2022-03-19,2022-03-20
9729,Cylus,Yim,179658,278658,"Los Gatos, CA",BAPPA Table Tennis,545,2024-06-15,592,2024-08-31,ACTIVE,2024 ICC JOOLA Spring OPEN,155.0,155.0,2024-03-02,2024-03-03
9737,Christopher,Boyea,182744,281744,"Mountain View, CA",,543,2024-08-25,661,2024-08-18,ACTIVE,2024 ICC JOOLA Fall OPEN,482.0,543.0,2024-08-24,2024-08-25
9737,Christopher,Boyea,182744,281744,"Mountain View, CA",,543,2024-08-25,661,2024-08-18,ACTIVE,2024 ICC JOOLA Summer OPEN,343.0,346.0,2024-05-04,2024-05-05
9737,Christopher,Boyea,182744,281744,"Mountain View, CA",,543,2024-08-25,661,2024-08-18,ACTIVE,2024 ICC JOOLA Spring OPEN,282.0,256.0,2024-03-02,2024-03-03
9737,Christopher,Boyea,182744,281744,"Mountain View, CA",,543,2024-08-25,661,2024-08-18,ACTIVE,2023 ICC JOOLA Winter Open,0.0,234.0,2023-12-02,2023-12-03
9764,Lucas,Wu,177637,276637,"San Jose, CA",Super Spin Table Tennis Club,534,2024-07-28,894,2024-08-18,ACTIVE,2024 ICC JOOLA Summer OPEN,362.0,489.0,2024-05-04,2024-05-05
9764,Lucas,Wu,177637,276637,"San Jose, CA",Super Spin Table Tennis Club,534,2024-07-28,894,2024-08-18,ACTIVE,2024 ICC JOOLA Spring OPEN,358.0,362.0,2024-03-02,2024-03-03
9764,Lucas,Wu,177637,276637,"San Jose, CA",Super Spin Table Tennis Club,534,2024-07-28,894,2024-08-18,ACTIVE,2023 ICC JOOLA Winter Open,297.0,358.0,2023-12-02,2023-12-03
9764,Lucas,Wu,177637,276637,"San Jose, CA",Super Spin Table Tennis Club,534,2024-07-28,894,2024-08-18,ACTIVE,2023 ICC JOOLA Autumn Open,332.0,292.0,2023-10-28,2023-10-29
9764,Lucas,Wu,177637,276637,"San Jose, CA",Super Spin Table Tennis Club,534,2024-07-28,894,2024-08-18,ACTIVE,ICC JOOLA Fall Open,0.0,407.0,2023-08-26,2023-08-27
9765,Shriya,Kodaty,180485,279485,,,532,2024-08-25,148,2024-09-08,ACTIVE,2024 ICC JOOLA Fall OPEN,718.0,532.0,2024-08-24,2024-08-25
9765,Shriya,Kodaty,180485,279485,,,532,2024-08-25,148,2024-09-08,ACTIVE,2024 ICC JOOLA Summer OPEN,3.0,32.0,2024-05-04,2024-05-05
9765,Shriya,Kodaty,180485,279485,,,532,2024-08-25,148,2024-09-08,ACTIVE,2024 ICC JOOLA Spring OPEN,0.0,3.0,2024-03-02,2024-03-03
9776,Sridhar,Kaundinya,118521,217521,"FREMONT, CA",ICC Table Tennis Center,528,2024-05-18,436,2024-04-27,ACTIVE,2024 ICC JOOLA Spring OPEN,455.0,406.0,2024-03-02,2024-03-03
9776,Sridhar,Kaundinya,118521,217521,"FREMONT, CA",ICC Table Tennis Center,528,2024-05-18,436,2024-04-27,ACTIVE,2023 ICC JOOLA Autumn Open,458.0,479.0,2023-10-28,2023-10-29
9776,Sridhar,Kaundinya,118521,217521,"FREMONT, CA",ICC Table Tennis Center,528,2024-05-18,436,2024-04-27,ACTIVE,ICC JOOLA Summer Open,400.0,458.0,2023-05-06,2023-05-07
9776,Sridhar,Kaundinya,118521,217521,"FREMONT, CA",ICC Table Tennis Center,528,2024-05-18,436,2024-04-27,ACTIVE,ICC JOOLA Winter Open,378.0,374.0,2022-12-03,2022-12-04
9776,Sridhar,Kaundinya,118521,217521,"FREMONT, CA",ICC Table Tennis Center,528,2024-05-18,436,2024-04-27,ACTIVE,ICC JOOLA Autumn Open,404.0,385.0,2022-10-15,2022-10-16
9776,Sridhar,Kaundinya,118521,217521,"FREMONT, CA",ICC Table Tennis Center,528,2024-05-18,436,2024-04-27,ACTIVE,ICC JOOLA Spring Open 2022,453.0,401.0,2022-03-19,2022-03-20
9776,Sridhar,Kaundinya,118521,217521,"FREMONT, CA",ICC Table Tennis Center,528,2024-05-18,436,2024-04-27,ACTIVE,ICC Joola Spring Open 2021,536.0,453.0,2021-04-10,2021-04-11
9776,Sridhar,Kaundinya,118521,217521,"FREMONT, CA",ICC Table Tennis Center,528,2024-05-18,436,2024-04-27,ACTIVE,ICC Joola Fall Open 2020,498.0,536.0,2020-10-10,2020-10-11
9776,Sridhar,Kaundinya,118521,217521,"FREMONT, CA",ICC Table Tennis Center,528,2024-05-18,436,2024-04-27,ACTIVE,ICC JOOLA Spring Open 2020,506.0,498.0,2020-03-07,2020-03-08
9776,Sridhar,Kaundinya,118521,217521,"FREMONT, CA",ICC Table Tennis Center,528,2024-05-18,436,2024-04-27,ACTIVE,ICC JOOLA Fall Open,174.0,191.0,2019-09-08,2019-09-08
9776,Sridhar,Kaundinya,118521,217521,"FREMONT, CA",ICC Table Tennis Center,528,2024-05-18,436,2024-04-27,ACTIVE,ICC Joola Spring Open,101.0,140.0,2019-05-12,2019-05-12
9776,Sridhar,Kaundinya,118521,217521,"FREMONT, CA",ICC Table Tennis Center,528,2024-05-18,436,2024-04-27,ACTIVE,ICC Butterfly Winter Open,105.0,104.0,2019-02-24,2019-02-24
9776,Sridhar,Kaundinya,118521,217521,"FREMONT, CA",ICC Table Tennis Center,528,2024-05-18,436,2024-04-27,ACTIVE,2018 ICC Butterfly America Open,0.0,105.0,2018-12-07,2018-12-09
9784,Alexander,Oh,185810,284810,"Cupertino, CA",,523,2024-08-25,0,,ACTIVE,2024 ICC JOOLA Fall OPEN,0.0,523.0,2024-08-24,2024-08-25
9803,Clarice,Ho,183628,282628,Alameda,,516,2024-08-25,287,2024-09-01,ACTIVE,2024 ICC JOOLA Fall OPEN,129.0,516.0,2024-08-24,2024-08-25
9803,Clarice,Ho,183628,282628,Alameda,,516,2024-08-25,287,2024-09-01,ACTIVE,2024 ICC JOOLA Summer OPEN,0.0,129.0,2024-05-04,2024-05-05
9827,Abinav,Prasanna,170621,269621,"-, CA",,505,2021-04-11,574,2021-07-19,ACTIVE,ICC Joola Spring Open 2021,0.0,505.0,2021-04-10,2021-04-11
9829,Derek,Liu,181157,280157,"Santa Clara, CA",(TTA) Table Tennis America,505,2024-05-05,988,2024-09-07,ACTIVE,2024 ICC JOOLA Summer OPEN,446.0,505.0,2024-05-04,2024-05-05
9829,Derek,Liu,181157,280157,"Santa Clara, CA",(TTA) Table Tennis America,505,2024-05-05,988,2024-09-07,ACTIVE,2024 ICC JOOLA Spring OPEN,481.0,446.0,2024-03-02,2024-03-03
9829,Derek,Liu,181157,280157,"Santa Clara, CA",(TTA) Table Tennis America,505,2024-05-05,988,2024-09-07,ACTIVE,2023 ICC JOOLA Winter Open,46.0,221.0,2023-12-02,2023-12-03
9850,Sebastian,DeFrancesco,1663,38930,"Santa Cruz, CA",Pong Planet,493,2019-12-21,234,2018-04-08,ACTIVE,ICC CA State Open,959.0,959.0,2011-06-05,
9883,Yeeyao,Wong,175617,274617,"Saratoga, CA",BAPPA Table Tennis,473,2024-06-15,877,2024-09-07,ACTIVE,ICC JOOLA Fall Open,44.0,64.0,2022-09-10,2022-09-11
9892,Damon,Chew,176884,275884,"Alameda, CA",,471,2024-03-16,0,,ACTIVE,ICC JOOLA Summer Open,0.0,0.0,2023-05-06,2023-05-07
9919,Thomas,Won,180230,279230,"Livermore, CA",,457,2024-08-25,82,2023-06-10,ACTIVE,2024 ICC JOOLA Fall OPEN,0.0,457.0,2024-08-24,2024-08-25
9947,Aditi,Prasanna,176454,1176454,"Dublin, CA",Micro Motion Table Tennis Academy,443,2024-08-25,161,2024-09-07,ACTIVE,2024 ICC JOOLA Fall OPEN,571.0,443.0,2024-08-24,2024-08-25
9947,Aditi,Prasanna,176454,1176454,"Dublin, CA",Micro Motion Table Tennis Academy,443,2024-08-25,161,2024-09-07,ACTIVE,2023 ICC JOOLA Winter Open,0.0,0.0,2023-12-02,2023-12-03
9958,Patrick,Wang,179648,278648,"fremont, CA",BAPPA Table Tennis,439,2024-06-15,847,2024-07-21,ACTIVE,2024 ICC JOOLA Spring OPEN,212.0,202.0,2024-03-02,2024-03-03
9963,Ruiheng,Liu,180428,279428,CA,,437,2024-08-25,212,2024-08-11,ACTIVE,2024 ICC JOOLA Fall OPEN,0.0,437.0,2024-08-24,2024-08-25
9970,Salih,Musthafa,178801,277801,CA,,434,2024-08-25,587,2024-08-31,ACTIVE,2024 ICC JOOLA Fall OPEN,60.0,434.0,2024-08-24,2024-08-25
9970,Salih,Musthafa,178801,277801,CA,,434,2024-08-25,587,2024-08-31,ACTIVE,2024 ICC JOOLA Spring OPEN,36.0,60.0,2024-03-02,2024-03-03
9971,Chebu,Herrick,2976,74421,"Granite Bay, CA",,434,2024-06-15,0,,ACTIVE,ICC JOOLA Winter Open 2021,507.0,535.0,2021-11-13,2021-11-14
9971,Chebu,Herrick,2976,74421,"Granite Bay, CA",,434,2024-06-15,0,,ACTIVE,ICC STIGA California Open,594.0,549.0,2015-12-06,
9977,Frank,Sun,185655,284655,"cupertino, CA",(TTA) Table Tennis America,431,2024-08-25,875,2024-09-07,ACTIVE,2024 ICC JOOLA Fall OPEN,0.0,431.0,2024-08-24,2024-08-25
9985,Ethan,Antony,176058,275058,"San Jose, CA",,428,2024-08-25,368,2024-08-18,ACTIVE,2024 ICC JOOLA Fall OPEN,445.0,428.0,2024-08-24,2024-08-25
9985,Ethan,Antony,176058,275058,"San Jose, CA",,428,2024-08-25,368,2024-08-18,ACTIVE,2024 ICC JOOLA Spring OPEN,51.0,51.0,2024-03-02,2024-03-03
9985,Ethan,Antony,176058,275058,"San Jose, CA",,428,2024-08-25,368,2024-08-18,ACTIVE,ICC JOOLA Fall Open,0.0,101.0,2022-09-10,2022-09-11
9987,Lyon,Jin,169669,268669,"Mountain View, CA",,427,2024-05-19,963,2024-09-08,ACTIVE,2024 ICC JOOLA Summer OPEN,407.0,402.0,2024-05-04,2024-05-05
9987,Lyon,Jin,169669,268669,"Mountain View, CA",,427,2024-05-19,963,2024-09-08,ACTIVE,2024 ICC JOOLA Spring OPEN,308.0,337.0,2024-03-02,2024-03-03
9987,Lyon,Jin,169669,268669,"Mountain View, CA",,427,2024-05-19,963,2024-09-08,ACTIVE,2023 ICC JOOLA Winter Open,277.0,308.0,2023-12-02,2023-12-03
9987,Lyon,Jin,169669,268669,"Mountain View, CA",,427,2024-05-19,963,2024-09-08,ACTIVE,2023 ICC JOOLA Autumn Open,171.0,277.0,2023-10-28,2023-10-29
9987,Lyon,Jin,169669,268669,"Mountain View, CA",,427,2024-05-19,963,2024-09-08,ACTIVE,ICC JOOLA Fall Open,183.0,171.0,2023-08-26,2023-08-27
9987,Lyon,Jin,169669,268669,"Mountain View, CA",,427,2024-05-19,963,2024-09-08,ACTIVE,ICC JOOLA Summer Open,46.0,183.0,2023-05-06,2023-05-07
9987,Lyon,Jin,169669,268669,"Mountain View, CA",,427,2024-05-19,963,2024-09-08,ACTIVE,ICC JOOLA Spring Open,44.0,46.0,2023-03-04,2023-03-05
9987,Lyon,Jin,169669,268669,"Mountain View, CA",,427,2024-05-19,963,2024-09-08,ACTIVE,ICC JOOLA Autumn Open,13.0,44.0,2022-10-15,2022-10-16
9987,Lyon,Jin,169669,268669,"Mountain View, CA",,427,2024-05-19,963,2024-09-08,ACTIVE,ICC JOOLA Fall Open,0.0,13.0,2022-09-10,2022-09-11
9992,Patrick,Sun,176070,275070,CA,,425,2024-08-25,0,,ACTIVE,2024 ICC JOOLA Fall OPEN,765.0,425.0,2024-08-24,2024-08-25
9993,Deshna,Niranjan Gowda,178147,277147,,,425,2024-08-25,727,2024-09-08,ACTIVE,2024 ICC JOOLA Fall OPEN,119.0,425.0,2024-08-24,2024-08-25
9993,Deshna,Niranjan Gowda,178147,277147,,,425,2024-08-25,727,2024-09-08,ACTIVE,2024 ICC JOOLA Summer OPEN,0.0,119.0,2024-05-04,2024-05-05
9994,Viaan,Juneja,178772,277772,"Fremont, CA",,424,2024-08-25,375,2024-09-08,ACTIVE,2024 ICC JOOLA Fall OPEN,256.0,424.0,2024-08-24,2024-08-25
9994,Viaan,Juneja,178772,277772,"Fremont, CA",,424,2024-08-25,375,2024-09-08,ACTIVE,2024 ICC JOOLA Summer OPEN,248.0,254.0,2024-05-04,2024-05-05
9994,Viaan,Juneja,178772,277772,"Fremont, CA",,424,2024-08-25,375,2024-09-08,ACTIVE,2024 ICC JOOLA Spring OPEN,101.0,97.0,2024-03-02,2024-03-03
9994,Viaan,Juneja,178772,277772,"Fremont, CA",,424,2024-08-25,375,2024-09-08,ACTIVE,2023 ICC JOOLA Winter Open,10.0,9.0,2023-12-02,2023-12-03
10015,Nelson,Nguyen,182802,1182802,San Jose,,413,2023-12-03,0,,ACTIVE,2023 ICC JOOLA Winter Open,0.0,413.0,2023-12-02,2023-12-03
10028,Aarush,Murgai,170756,1170756,Milpitas,,405,2023-05-07,824,2023-07-09,ACTIVE,ICC JOOLA Summer Open,384.0,405.0,2023-05-06,2023-05-07
10028,Aarush,Murgai,170756,1170756,Milpitas,,405,2023-05-07,824,2023-07-09,ACTIVE,ICC JOOLA Spring Open,386.0,384.0,2023-03-04,2023-03-05
10028,Aarush,Murgai,170756,1170756,Milpitas,,405,2023-05-07,824,2023-07-09,ACTIVE,ICC JOOLA Winter Open,444.0,386.0,2022-12-03,2022-12-04
10028,Aarush,Murgai,170756,1170756,Milpitas,,405,2023-05-07,824,2023-07-09,ACTIVE,ICC JOOLA Summer Open,430.0,444.0,2022-05-14,2022-05-15
10028,Aarush,Murgai,170756,1170756,Milpitas,,405,2023-05-07,824,2023-07-09,ACTIVE,ICC JOOLA Winter Open 2021,124.0,430.0,2021-11-13,2021-11-14
10028,Aarush,Murgai,170756,1170756,Milpitas,,405,2023-05-07,824,2023-07-09,ACTIVE,ICC JOOLA Fall Open 2021,80.0,124.0,2021-08-28,2021-08-29
10028,Aarush,Murgai,170756,1170756,Milpitas,,405,2023-05-07,824,2023-07-09,ACTIVE,ICC Joola Spring Open 2021,92.0,80.0,2021-04-10,2021-04-11
10028,Aarush,Murgai,170756,1170756,Milpitas,,405,2023-05-07,824,2023-07-09,ACTIVE,ICC Joola Fall Open 2020,0.0,92.0,2020-10-10,2020-10-11
10050,Kaiden,Lau,183747,282747,"FREMONT, CA",(TTA) Table Tennis America,395,2024-08-25,195,2024-09-07,ACTIVE,2024 ICC JOOLA Fall OPEN,360.0,395.0,2024-08-24,2024-08-25
10054,Jacky,Lau,174296,273296,,,394,2022-12-11,320,2024-04-14,ACTIVE,ICC JOOLA Summer Open,618.0,551.0,2022-05-14,2022-05-15
10057,Kevan,Lin,175727,274727,"Palo Alto, CA",,391,2024-08-31,412,2024-09-08,ACTIVE,2024 ICC JOOLA Fall OPEN,243.0,237.0,2024-08-24,2024-08-25
10057,Kevan,Lin,175727,274727,"Palo Alto, CA",,391,2024-08-31,412,2024-09-08,ACTIVE,2024 ICC JOOLA Summer OPEN,169.0,185.0,2024-05-04,2024-05-05
10057,Kevan,Lin,175727,274727,"Palo Alto, CA",,391,2024-08-31,412,2024-09-08,ACTIVE,2024 ICC JOOLA Spring OPEN,92.0,71.0,2024-03-02,2024-03-03
10057,Kevan,Lin,175727,274727,"Palo Alto, CA",,391,2024-08-31,412,2024-09-08,ACTIVE,ICC JOOLA Autumn Open,15.0,11.0,2022-10-15,2022-10-16
10072,Blandon,Chen,181553,280553,,,383,2024-08-31,349,2024-09-08,ACTIVE,2024 ICC JOOLA Fall OPEN,419.0,466.0,2024-08-24,2024-08-25
10072,Blandon,Chen,181553,280553,,,383,2024-08-31,349,2024-09-08,ACTIVE,2024 ICC JOOLA Summer OPEN,21.0,37.0,2024-05-04,2024-05-05
10072,Blandon,Chen,181553,280553,,,383,2024-08-31,349,2024-09-08,ACTIVE,2024 ICC JOOLA Spring OPEN,11.0,0.0,2024-03-02,2024-03-03
10092,Chirag,Aswani,10660,80006,"Fremont, CA",,374,2018-03-02,863,2024-05-05,ACTIVE,ICC CA State Open,255.0,374.0,2010-02-28,
10092,Chirag,Aswani,10660,80006,"Fremont, CA",,374,2018-03-02,863,2024-05-05,ACTIVE,ICC California State Open,236.0,255.0,2009-12-06,
10092,Chirag,Aswani,10660,80006,"Fremont, CA",,374,2018-03-02,863,2024-05-05,ACTIVE,ICC California State Open,0.0,236.0,2009-05-10,
10115,Arjith,Athur,182528,281528,,,354,2024-08-25,842,2024-09-08,ACTIVE,2024 ICC JOOLA Fall OPEN,112.0,354.0,2024-08-24,2024-08-25
10115,Arjith,Athur,182528,281528,,,354,2024-08-25,842,2024-09-08,ACTIVE,2024 ICC JOOLA Summer OPEN,0.0,112.0,2024-05-04,2024-05-05
10118,Aneeka,Rao,171289,1171289,"San Ramon, CA",,352,2024-04-13,364,2023-04-23,ACTIVE,ICC JOOLA Summer Open,461.0,352.0,2023-05-06,2023-05-07
10118,Aneeka,Rao,171289,1171289,"San Ramon, CA",,352,2024-04-13,364,2023-04-23,ACTIVE,ICC JOOLA SUMMER OPEN- 2021,52.0,54.0,2021-05-29,2021-05-30
10118,Aneeka,Rao,171289,1171289,"San Ramon, CA",,352,2024-04-13,364,2023-04-23,ACTIVE,ICC Joola Spring Open 2021,0.0,52.0,2021-04-10,2021-04-11
10125,Daniel,Thai,178496,277496,"San Jose, CA",,347,2024-08-31,223,2024-09-08,ACTIVE,2024 ICC JOOLA Fall OPEN,167.0,185.0,2024-08-24,2024-08-25
10125,Daniel,Thai,178496,277496,"San Jose, CA",,347,2024-08-31,223,2024-09-08,ACTIVE,2024 ICC JOOLA Summer OPEN,167.0,167.0,2024-05-04,2024-05-05
10125,Daniel,Thai,178496,277496,"San Jose, CA",,347,2024-08-31,223,2024-09-08,ACTIVE,2024 ICC JOOLA Spring OPEN,118.0,116.0,2024-03-02,2024-03-03
10143,Melody,Ding,174366,1174366,Pleasanton,,331,2024-05-12,351,2024-03-23,ACTIVE,2023 ICC JOOLA Winter Open,259.0,345.0,2023-12-02,2023-12-03
10143,Melody,Ding,174366,1174366,Pleasanton,,331,2024-05-12,351,2024-03-23,ACTIVE,ICC JOOLA Fall Open,86.0,220.0,2023-08-26,2023-08-27
10143,Melody,Ding,174366,1174366,Pleasanton,,331,2024-05-12,351,2024-03-23,ACTIVE,ICC JOOLA Spring Open,131.0,86.0,2023-03-04,2023-03-05
10143,Melody,Ding,174366,1174366,Pleasanton,,331,2024-05-12,351,2024-03-23,ACTIVE,ICC JOOLA Autumn Open,136.0,131.0,2022-10-15,2022-10-16
10143,Melody,Ding,174366,1174366,Pleasanton,,331,2024-05-12,351,2024-03-23,ACTIVE,ICC JOOLA Fall Open,177.0,136.0,2022-09-10,2022-09-11
10143,Melody,Ding,174366,1174366,Pleasanton,,331,2024-05-12,351,2024-03-23,ACTIVE,ICC JOOLA Spring Open 2022,0.0,232.0,2022-03-19,2022-03-20
10151,Sunil,Patil,182803,1182803,Pleasanton,,324,2023-12-03,0,,ACTIVE,2023 ICC JOOLA Winter Open,0.0,324.0,2023-12-02,2023-12-03
10183,Xiheng Tyrus,Zhang,172325,271325,"Burlingame, CA",888 Table Tennis Center,301,2022-08-14,252,2022-08-21,ACTIVE,ICC JOOLA Winter Open 2021,56.0,63.0,2021-11-13,2021-11-14
10194,Colby,Shen,177946,276946,"SARATOGA, CA",,298,2024-08-25,422,2024-08-18,ACTIVE,2024 ICC JOOLA Fall OPEN,132.0,298.0,2024-08-24,2024-08-25
10194,Colby,Shen,177946,276946,"SARATOGA, CA",,298,2024-08-25,422,2024-08-18,ACTIVE,2024 ICC JOOLA Summer OPEN,128.0,132.0,2024-05-04,2024-05-05
10194,Colby,Shen,177946,276946,"SARATOGA, CA",,298,2024-08-25,422,2024-08-18,ACTIVE,2023 ICC JOOLA Autumn Open,74.0,128.0,2023-10-28,2023-10-29
10194,Colby,Shen,177946,276946,"SARATOGA, CA",,298,2024-08-25,422,2024-08-18,ACTIVE,ICC JOOLA Fall Open,0.0,74.0,2023-08-26,2023-08-27
10195,Akash,Tangri,177156,276156,,,297,2024-08-25,415,2024-09-01,ACTIVE,2024 ICC JOOLA Fall OPEN,312.0,297.0,2024-08-24,2024-08-25
10207,Arvind,Ramgopal,184622,1184622,Los Altos Hills,,287,2024-06-15,383,2024-07-07,ACTIVE,2024 ICC JOOLA Summer OPEN,0.0,358.0,2024-05-04,2024-05-05
10225,Ruikang,Wang,173056,272056,,,267,2022-02-13,1036,2024-06-22,ACTIVE,ICC JOOLA Winter Open 2021,0.0,294.0,2021-11-13,2021-11-14
10228,Jiaying,Mao,176969,275969,,,262,2024-02-19,397,2024-04-13,ACTIVE,2023 ICC JOOLA Autumn Open,96.0,202.0,2023-10-28,2023-10-29
10229,Sethuki,Wickrama Arachchige,180460,279460,,,262,2024-04-21,575,2024-09-07,ACTIVE,2024 ICC JOOLA Spring OPEN,320.0,320.0,2024-03-02,2024-03-03
10260,Krish,Subbu,175380,1175380,"Pleasanton, CA",Micro Motion Table Tennis Academy,230,2024-08-25,131,2024-09-01,ACTIVE,2024 ICC JOOLA Fall OPEN,113.0,230.0,2024-08-24,2024-08-25
10260,Krish,Subbu,175380,1175380,"Pleasanton, CA",Micro Motion Table Tennis Academy,230,2024-08-25,131,2024-09-01,ACTIVE,2024 ICC JOOLA Spring OPEN,0.0,3.0,2024-03-02,2024-03-03
10262,Surya,Kalapatapu,164733,263733,Fremont,,227,2023-09-24,516,2024-06-23,ACTIVE,ICC JOOLA Fall Open 2021,234.0,274.0,2021-08-28,2021-08-29
10265,Michael,Xia,178537,277537,"Milpitas, CA",Super Spin Table Tennis Club,218,2024-08-25,407,2024-09-08,ACTIVE,2024 ICC JOOLA Fall OPEN,162.0,218.0,2024-08-24,2024-08-25
10265,Michael,Xia,178537,277537,"Milpitas, CA",Super Spin Table Tennis Club,218,2024-08-25,407,2024-09-08,ACTIVE,2024 ICC JOOLA Spring OPEN,0.0,162.0,2024-03-02,2024-03-03
10269,Hridhay,gokulan,178943,277943,"Milpitas, CA",,216,2024-08-25,151,2024-09-08,ACTIVE,2024 ICC JOOLA Fall OPEN,243.0,216.0,2024-08-24,2024-08-25
10269,Hridhay,gokulan,178943,277943,"Milpitas, CA",,216,2024-08-25,151,2024-09-08,ACTIVE,2024 ICC JOOLA Summer OPEN,0.0,243.0,2024-05-04,2024-05-05
10272,Diya,Dipak,166528,265528,"Fremont, CA",,213,2022-05-15,181,2024-02-18,ACTIVE,ICC JOOLA Summer Open,213.0,213.0,2022-05-14,2022-05-15
10272,Diya,Dipak,166528,265528,"Fremont, CA",,213,2022-05-15,181,2024-02-18,ACTIVE,ICC JOOLA Spring Open 2022,200.0,213.0,2022-03-19,2022-03-20
10272,Diya,Dipak,166528,265528,"Fremont, CA",,213,2022-05-15,181,2024-02-18,ACTIVE,ICC JOOLA Winter Open 2021,0.0,200.0,2021-11-13,2021-11-14
10273,Louis,Liu,176297,275297,"San Jose, CA",ICC Table Tennis Center,213,2024-08-25,153,2024-09-08,ACTIVE,2024 ICC JOOLA Fall OPEN,226.0,213.0,2024-08-24,2024-08-25
10273,Louis,Liu,176297,275297,"San Jose, CA",ICC Table Tennis Center,213,2024-08-25,153,2024-09-08,ACTIVE,2024 ICC JOOLA Spring OPEN,169.0,189.0,2024-03-02,2024-03-03
10273,Louis,Liu,176297,275297,"San Jose, CA",ICC Table Tennis Center,213,2024-08-25,153,2024-09-08,ACTIVE,2023 ICC JOOLA Winter Open,82.0,78.0,2023-12-02,2023-12-03
10273,Louis,Liu,176297,275297,"San Jose, CA",ICC Table Tennis Center,213,2024-08-25,153,2024-09-08,ACTIVE,2023 ICC JOOLA Autumn Open,59.0,82.0,2023-10-28,2023-10-29
10274,Viraj,Jain,175540,274540,"San Jose, CA",ICC Table Tennis Center,213,2024-08-25,82,2024-09-08,ACTIVE,2024 ICC JOOLA Fall OPEN,0.0,213.0,2024-08-24,2024-08-25
10292,Aarit,Sriramu,173939,272939,"Milpitas, CA",ICC Table Tennis Center,195,2024-08-25,512,2024-08-11,ACTIVE,2024 ICC JOOLA Fall OPEN,0.0,195.0,2024-08-24,2024-08-25
10297,Anyang,Chen,178521,277521,,,185,2024-08-25,630,2024-09-08,ACTIVE,2024 ICC JOOLA Fall OPEN,179.0,185.0,2024-08-24,2024-08-25
10297,Anyang,Chen,178521,277521,,,185,2024-08-25,630,2024-09-08,ACTIVE,2024 ICC JOOLA Summer OPEN,191.0,179.0,2024-05-04,2024-05-05
10297,Anyang,Chen,178521,277521,,,185,2024-08-25,630,2024-09-08,ACTIVE,2023 ICC JOOLA Winter Open,205.0,191.0,2023-12-02,2023-12-03
10297,Anyang,Chen,178521,277521,,,185,2024-08-25,630,2024-09-08,ACTIVE,2023 ICC JOOLA Autumn Open,0.0,205.0,2023-10-28,2023-10-29
10302,Himank,Handa,178618,277618,,,181,2024-08-25,199,2024-09-08,ACTIVE,2024 ICC JOOLA Fall OPEN,206.0,181.0,2024-08-24,2024-08-25
10302,Himank,Handa,178618,277618,,,181,2024-08-25,199,2024-09-08,ACTIVE,2024 ICC JOOLA Summer OPEN,0.0,206.0,2024-05-04,2024-05-05
10303,Kapil,Tewari,166417,265417,"Frisco, TX",,180,2024-06-22,145,2020-03-01,ACTIVE,ICC JOOLA Spring Open 2020,53.0,60.0,2020-03-07,2020-03-08
10303,Kapil,Tewari,166417,265417,"Frisco, TX",,180,2024-06-22,145,2020-03-01,ACTIVE,ICC JOOLA Winter Open,0.0,53.0,2019-11-08,2019-11-10
10304,Aditya,Kota,177504,276504,,,176,2024-08-31,374,2024-09-08,ACTIVE,ICC JOOLA Fall Open,87.0,82.0,2023-08-26,2023-08-27
10305,Daniel,Yang,175511,274511,"san jose, CA",,176,2023-10-29,100,2024-03-31,ACTIVE,2023 ICC JOOLA Autumn Open,0.0,176.0,2023-10-28,2023-10-29
10309,Nihar,Shah,172044,271044,"Fremont, CA",,168,2024-04-13,185,2024-09-08,ACTIVE,ICC JOOLA Fall Open,124.0,166.0,2023-08-26,2023-08-27
10313,Ethan,YANG,181554,280554,"Los Altos, CA",,162,2024-08-31,97,2024-09-01,ACTIVE,2024 ICC JOOLA Summer OPEN,36.0,43.0,2024-05-04,2024-05-05
10313,Ethan,YANG,181554,280554,"Los Altos, CA",,162,2024-08-31,97,2024-09-01,ACTIVE,2024 ICC JOOLA Spring OPEN,0.0,0.0,2024-03-02,2024-03-03
10321,Youli,Xu,180616,279616,,,149,2024-08-25,251,2024-09-07,ACTIVE,2024 ICC JOOLA Fall OPEN,35.0,149.0,2024-08-24,2024-08-25
10331,Siddharth,Anandikar,181705,280705,,,131,2024-08-25,219,2024-09-08,ACTIVE,2024 ICC JOOLA Fall OPEN,0.0,131.0,2024-08-24,2024-08-25
10332,Saarth,Deshmukh,180560,279560,"Fremont, CA",,128,2024-08-25,196,2024-09-08,ACTIVE,2024 ICC JOOLA Fall OPEN,133.0,128.0,2024-08-24,2024-08-25
10332,Saarth,Deshmukh,180560,279560,"Fremont, CA",,128,2024-08-25,196,2024-09-08,ACTIVE,2024 ICC JOOLA Summer OPEN,133.0,71.0,2024-05-04,2024-05-05
10335,Tanush,Deshpande,182612,281612,"Cupertino, CA",,124,2024-08-25,125,2024-09-08,ACTIVE,2024 ICC JOOLA Fall OPEN,0.0,124.0,2024-08-24,2024-08-25
10336,Viet-Linh,Do,180611,279611,,,121,2024-08-25,533,2024-08-31,ACTIVE,2024 ICC JOOLA Fall OPEN,129.0,121.0,2024-08-24,2024-08-25
10336,Viet-Linh,Do,180611,279611,,,121,2024-08-25,533,2024-08-31,ACTIVE,2024 ICC JOOLA Spring OPEN,51.0,50.0,2024-03-02,2024-03-03
10339,Akshay,Gosavi,183959,282959,,,119,2024-08-31,241,2024-06-02,ACTIVE,2024 ICC JOOLA Fall OPEN,109.0,107.0,2024-08-24,2024-08-25
10339,Akshay,Gosavi,183959,282959,,,119,2024-08-31,241,2024-06-02,ACTIVE,2024 ICC JOOLA Summer OPEN,106.0,94.0,2024-05-04,2024-05-05
10340,Kabir,Jain,176637,275637,,,119,2024-08-25,106,2024-09-08,ACTIVE,2024 ICC JOOLA Fall OPEN,0.0,119.0,2024-08-24,2024-08-25
10344,Youqing,Xu,180617,279617,,,114,2024-08-25,123,2024-09-07,ACTIVE,2024 ICC JOOLA Fall OPEN,64.0,114.0,2024-08-24,2024-08-25
10347,Nam,Le,177638,276638,"Milpitas, CA",,108,2023-12-10,309,2024-01-13,ACTIVE,2023 ICC JOOLA Winter Open,23.0,47.0,2023-12-02,2023-12-03
10347,Nam,Le,177638,276638,"Milpitas, CA",,108,2023-12-10,309,2024-01-13,ACTIVE,ICC JOOLA Fall Open,27.0,23.0,2023-08-26,2023-08-27
10349,Shyam,Kota,180307,279307,,,103,2024-08-31,68,2024-09-08,ACTIVE,ICC JOOLA Fall Open,0.0,224.0,2023-08-26,2023-08-27
10357,Ram Aditya,POLISETTY,178067,277067,,,99,2023-10-29,799,2024-09-08,ACTIVE,2023 ICC JOOLA Autumn Open,86.0,99.0,2023-10-28,2023-10-29
10359,J,Chen,180324,279324,"Sunnyvale, CA",,97,2023-12-10,34,2024-06-23,ACTIVE,2023 ICC JOOLA Winter Open,11.0,0.0,2023-12-02,2023-12-03
10370,Raymond,Ding,180542,279542,"Cupertino, CA",Kou Lei Table Tennis Club,82,2024-08-25,90,2024-09-08,ACTIVE,2024 ICC JOOLA Fall OPEN,84.0,82.0,2024-08-24,2024-08-25
10370,Raymond,Ding,180542,279542,"Cupertino, CA",Kou Lei Table Tennis Club,82,2024-08-25,90,2024-09-08,ACTIVE,2023 ICC JOOLA Winter Open,0.0,0.0,2023-12-02,2023-12-03
10374,Joe,Halligan,178364,277364,"Fremont, CA",,79,2024-05-05,104,2024-06-22,ACTIVE,2024 ICC JOOLA Summer OPEN,94.0,79.0,2024-05-04,2024-05-05
10375,Jayden,Peterson,178432,277432,Campbell,,78,2023-11-11,407,2023-10-22,ACTIVE,2023 ICC JOOLA Autumn Open,66.0,67.0,2023-10-28,2023-10-29
10377,Siva,Palla,181426,280426,,,78,2024-08-25,246,2024-09-08,ACTIVE,2024 ICC JOOLA Fall OPEN,49.0,78.0,2024-08-24,2024-08-25
10377,Siva,Palla,181426,280426,,,78,2024-08-25,246,2024-09-08,ACTIVE,2024 ICC JOOLA Summer OPEN,61.0,49.0,2024-05-04,2024-05-05
10377,Siva,Palla,181426,280426,,,78,2024-08-25,246,2024-09-08,ACTIVE,2024 ICC JOOLA Spring OPEN,0.0,61.0,2024-03-02,2024-03-03
10380,Jonathan,Sun,180594,279594,,,70,2024-08-25,155,2024-09-08,ACTIVE,2024 ICC JOOLA Fall OPEN,119.0,70.0,2024-08-24,2024-08-25
10380,Jonathan,Sun,180594,279594,,,70,2024-08-25,155,2024-09-08,ACTIVE,2024 ICC JOOLA Spring OPEN,20.0,9.0,2024-03-02,2024-03-03
10400,Sumedh,Chekka,170375,1170375,"Saratoga, CA",,52,2024-06-22,101,2024-09-08,ACTIVE,2024 ICC JOOLA Summer OPEN,32.0,43.0,2024-05-04,2024-05-05
10400,Sumedh,Chekka,170375,1170375,"Saratoga, CA",,52,2024-06-22,101,2024-09-08,ACTIVE,2024 ICC JOOLA Spring OPEN,15.0,32.0,2024-03-02,2024-03-03
10400,Sumedh,Chekka,170375,1170375,"Saratoga, CA",,52,2024-06-22,101,2024-09-08,ACTIVE,2023 ICC JOOLA Autumn Open,24.0,15.0,2023-10-28,2023-10-29
10400,Sumedh,Chekka,170375,1170375,"Saratoga, CA",,52,2024-06-22,101,2024-09-08,ACTIVE,ICC JOOLA Fall Open,21.0,24.0,2023-08-26,2023-08-27
10400,Sumedh,Chekka,170375,1170375,"Saratoga, CA",,52,2024-06-22,101,2024-09-08,ACTIVE,ICC JOOLA Spring Open 2020,0.0,21.0,2020-03-07,2020-03-08
10425,Otto,Leung,180902,279902,"Union city, CA",Micro Motion Table Tennis Academy,38,2024-08-25,36,2024-09-08,ACTIVE,2024 ICC JOOLA Fall OPEN,48.0,38.0,2024-08-24,2024-08-25
10425,Otto,Leung,180902,279902,"Union city, CA",Micro Motion Table Tennis Academy,38,2024-08-25,36,2024-09-08,ACTIVE,2024 ICC JOOLA Summer OPEN,0.0,17.0,2024-05-04,2024-05-05
10435,John,Tan,181551,280551,"Campbell, CA",,32,2024-03-03,24,2024-05-19,ACTIVE,2024 ICC JOOLA Spring OPEN,64.0,32.0,2024-03-02,2024-03-03
10438,Pratik,Natarajan,175939,274939,"Fremont, CA",,31,2023-12-03,52,2024-08-17,ACTIVE,2023 ICC JOOLA Winter Open,0.0,31.0,2023-12-02,2023-12-03
10442,Al,Johnson,104148,203148,"Stockton, CA",,25,2024-08-25,0,,ACTIVE,2024 ICC JOOLA Fall OPEN,32.0,25.0,2024-08-24,2024-08-25
10442,Al,Johnson,104148,203148,"Stockton, CA",,25,2024-08-25,0,,ACTIVE,2024 ICC JOOLA Summer OPEN,92.0,66.0,2024-05-04,2024-05-05
10444,Maxwell,Huang,179578,278578,,,24,2024-05-12,30,2024-08-18,ACTIVE,2024 ICC JOOLA Summer OPEN,0.0,0.0,2024-05-04,2024-05-05
10456,Surya,Raghav,182367,1182367,Cupertino,,18,2023-10-29,0,,ACTIVE,2023 ICC JOOLA Autumn Open,0.0,18.0,2023-10-28,2023-10-29
10463,Dhyuthi,Praveen,176757,275757,"San Ramon, CA",,15,2024-05-12,50,2024-09-07,ACTIVE,2024 ICC JOOLA Spring OPEN,28.0,16.0,2024-03-02,2024-03-03
10465,XICHEN,SONG,179363,278363,,,14,2024-03-03,47,2024-07-28,ACTIVE,2024 ICC JOOLA Spring OPEN,0.0,14.0,2024-03-02,2024-03-03
10467,Samanvi,Sashidhar,174525,273525,San Jose,,12,2024-03-03,164,2024-09-01,ACTIVE,2024 ICC JOOLA Spring OPEN,20.0,12.0,2024-03-02,2024-03-03
10467,Samanvi,Sashidhar,174525,273525,San Jose,,12,2024-03-03,164,2024-09-01,ACTIVE,ICC JOOLA Spring Open,17.0,25.0,2023-03-04,2023-03-05
10470,Lyla,Stephen,178048,277048,"Fremont, CA",ICC Table Tennis Center,10,2024-08-25,180,2024-09-08,ACTIVE,2024 ICC JOOLA Fall OPEN,26.0,10.0,2024-08-24,2024-08-25
10470,Lyla,Stephen,178048,277048,"Fremont, CA",ICC Table Tennis Center,10,2024-08-25,180,2024-09-08,ACTIVE,2024 ICC JOOLA Spring OPEN,1.0,26.0,2024-03-02,2024-03-03
10470,Lyla,Stephen,178048,277048,"Fremont, CA",ICC Table Tennis Center,10,2024-08-25,180,2024-09-08,ACTIVE,2023 ICC JOOLA Winter Open,14.0,1.0,2023-12-02,2023-12-03
10474,Sion,Woo,182548,281548,,,6,2024-09-02,108,2024-09-08,ACTIVE,2024 ICC JOOLA Spring OPEN,21.0,6.0,2024-03-02,2024-03-03
10475,Leonard,Saw,183626,282626,"san jose, CA",,4,2024-05-05,210,2024-09-08,ACTIVE,2024 ICC JOOLA Summer OPEN,0.0,4.0,2024-05-04,2024-05-05
