Rank,First Name,Last Name,Database#,USATT#,Location,Home Club,Tournament Rating,Last Played Tournament,League Rating,Last Played League,Membership Expiration,Tournament,Initial Rating,Final Rating,Start Date,End Date
2,Lei,Kou,165420,1165420,"Milpitas, CA",Kou Lei Table Tennis Club,2810,2024-04-07,2816,2022-08-28,ACTIVE,2023 JOOLA North American Teams,2800.0,2814.0,2023-11-24,2023-11-26
2,Lei,Kou,165420,1165420,"Milpitas, CA",Kou Lei Table Tennis Club,2810,2024-04-07,2816,2022-08-28,ACTIVE,2022 JOOLA North American Teams,2864.0,2842.0,2022-11-25,2022-11-27
2,Lei,Kou,165420,1165420,"Milpitas, CA",Kou Lei Table Tennis Club,2810,2024-04-07,2816,2022-08-28,ACTIVE,2021 Joola North American Team,2826.0,2831.0,2021-11-26,2021-11-28
3,Enzo,Angles,169130,1169130,"Vila Nova De Gaia, FN",,2808,2024-09-08,0,,ACTIVE,2023 JOOLA North American Teams,2761.0,2772.0,2023-11-24,2023-11-26
5,Jinbao,Ma,121283,220283,"Sunnyvale, CA",,2774,2024-09-02,2723,2022-10-02,ACTIVE,2023 JOOLA North American Teams,2752.0,2746.0,2023-11-24,2023-11-26
5,Jinbao,Ma,121283,220283,"Sunnyvale, CA",,2774,2024-09-02,2723,2022-10-02,ACTIVE,2022 JOOLA North American Teams,2731.0,2766.0,2022-11-25,2022-11-27
5,Jinbao,Ma,121283,220283,"Sunnyvale, CA",,2774,2024-09-02,2723,2022-10-02,ACTIVE,2019 JOOLA North American Teams,2690.0,2691.0,2019-11-29,2019-12-01
5,Jinbao,Ma,121283,220283,"Sunnyvale, CA",,2774,2024-09-02,2723,2022-10-02,ACTIVE,JOOLA North American Teams,2738.0,2743.0,2018-11-23,2018-11-25
7,Nikhil,Kumar,3998,84326,"San Jose, CA",888 Table Tennis Center,2753,2024-09-02,2601,2022-08-28,ACTIVE,2022 JOOLA North American Teams,2687.0,2690.0,2022-11-25,2022-11-27
8,Xin,Zhou,9141,81817,"Milpitas, CA",888 Table Tennis Center,2751,2023-12-21,2667,2022-11-20,ACTIVE,2022 JOOLA North American Teams,2756.0,2775.0,2022-11-25,2022-11-27
9,Jishan,Liang,4482,86560,"Cary, NC",NC International Table Tennis (NCITT),2746,2024-08-04,2648,2015-06-02,ACTIVE,2023 JOOLA North American Teams,2712.0,2707.0,2023-11-24,2023-11-26
9,Jishan,Liang,4482,86560,"Cary, NC",NC International Table Tennis (NCITT),2746,2024-08-04,2648,2015-06-02,ACTIVE,2022 JOOLA North American Teams,2711.0,2678.0,2022-11-25,2022-11-27
9,Jishan,Liang,4482,86560,"Cary, NC",NC International Table Tennis (NCITT),2746,2024-08-04,2648,2015-06-02,ACTIVE,2021 Joola North American Team,2711.0,2711.0,2021-11-26,2021-11-28
9,Jishan,Liang,4482,86560,"Cary, NC",NC International Table Tennis (NCITT),2746,2024-08-04,2648,2015-06-02,ACTIVE,2019 JOOLA North American Teams,2656.0,2664.0,2019-11-29,2019-12-01
9,Jishan,Liang,4482,86560,"Cary, NC",NC International Table Tennis (NCITT),2746,2024-08-04,2648,2015-06-02,ACTIVE,JOOLA North American Teams,2641.0,2635.0,2018-11-23,2018-11-25
9,Jishan,Liang,4482,86560,"Cary, NC",NC International Table Tennis (NCITT),2746,2024-08-04,2648,2015-06-02,ACTIVE,20th Annual North American Team Championship Powered By JOOLA,2679.0,2634.0,2017-11-24,2017-11-26
9,Jishan,Liang,4482,86560,"Cary, NC",NC International Table Tennis (NCITT),2746,2024-08-04,2648,2015-06-02,ACTIVE,2016 JOOLA NA Teams,2668.0,2685.0,2016-11-25,2016-11-27
9,Jishan,Liang,4482,86560,"Cary, NC",NC International Table Tennis (NCITT),2746,2024-08-04,2648,2015-06-02,ACTIVE,2014 JOOLA North American Teams Championships,2610.0,2656.0,2014-11-30,
10,Ilija,Lupulesku,4814,4011,"Chicago, IL",Chicago Table Tennis Club - Wheeling Park District Branch ,2746,2018-03-02,0,,ACTIVE,North American Teams,2750.0,2766.0,2003-11-30,
11,Taehyun,Kim,182757,1182757,,,2735,2024-09-08,0,,ACTIVE,2023 JOOLA North American Teams,0.0,2798.0,2023-11-24,2023-11-26
14,Jinxin,Wang,8266,94609,"Santa Clara, CA",,2718,2024-09-02,0,,ACTIVE,20th Annual North American Team Championship Powered By JOOLA,2701.0,2681.0,2017-11-24,2017-11-26
14,Jinxin,Wang,8266,94609,"Santa Clara, CA",,2718,2024-09-02,0,,ACTIVE,2016 JOOLA NA Teams,2678.0,2704.0,2016-11-25,2016-11-27
17,Wei,Wang,52059,84431,"San Ramon, FN",,2709,2024-09-02,0,,ACTIVE,2022 JOOLA North American Teams,2729.0,2735.0,2022-11-25,2022-11-27
17,Wei,Wang,52059,84431,"San Ramon, FN",,2709,2024-09-02,0,,ACTIVE,20th Annual North American Team Championship Powered By JOOLA,2763.0,2753.0,2017-11-24,2017-11-26
17,Wei,Wang,52059,84431,"San Ramon, FN",,2709,2024-09-02,0,,ACTIVE,2016 JOOLA NA Teams,2752.0,2751.0,2016-11-25,2016-11-27
18,Wenzhang,Tao,7674,87343,"Santa Clara, CA",888 Table Tennis Center - San Jose,2707,2024-04-28,2669,2022-08-28,ACTIVE,2023 JOOLA North American Teams,2659.0,2657.0,2023-11-24,2023-11-26
18,Wenzhang,Tao,7674,87343,"Santa Clara, CA",888 Table Tennis Center - San Jose,2707,2024-04-28,2669,2022-08-28,ACTIVE,2022 JOOLA North American Teams,2670.0,2664.0,2022-11-25,2022-11-27
18,Wenzhang,Tao,7674,87343,"Santa Clara, CA",888 Table Tennis Center - San Jose,2707,2024-04-28,2669,2022-08-28,ACTIVE,2019 JOOLA North American Teams,2778.0,2783.0,2019-11-29,2019-12-01
18,Wenzhang,Tao,7674,87343,"Santa Clara, CA",888 Table Tennis Center - San Jose,2707,2024-04-28,2669,2022-08-28,ACTIVE,JOOLA North American Teams,2798.0,2784.0,2018-11-23,2018-11-25
18,Wenzhang,Tao,7674,87343,"Santa Clara, CA",888 Table Tennis Center - San Jose,2707,2024-04-28,2669,2022-08-28,ACTIVE,2016 JOOLA NA Teams,2730.0,2741.0,2016-11-25,2016-11-27
19,Rajko,Gommers,116762,215762,"-, CA",888 Table Tennis Center,2696,2023-05-29,2665,2022-12-11,ACTIVE,2019 JOOLA North American Teams,2727.0,2729.0,2019-11-29,2019-12-01
19,Rajko,Gommers,116762,215762,"-, CA",888 Table Tennis Center,2696,2023-05-29,2665,2022-12-11,ACTIVE,2016 JOOLA NA Teams,0.0,2737.0,2016-11-25,2016-11-27
20,Daniel,Gorak,166717,1166717,"Tampa, FL",,2692,2024-08-10,0,,ACTIVE,2023 JOOLA North American Teams,2762.0,2759.0,2023-11-24,2023-11-26
21,Bob,Chen,1129,93379,"San Jose, CA",,2688,2019-12-21,2743,2015-06-13,ACTIVE,2019 JOOLA North American Teams,2683.0,2685.0,2019-11-29,2019-12-01
21,Bob,Chen,1129,93379,"San Jose, CA",,2688,2019-12-21,2743,2015-06-13,ACTIVE,2016 JOOLA NA Teams,2726.0,2737.0,2016-11-25,2016-11-27
22,Kaden,Xu,102354,98214,"Dunellen, NJ",,2687,2024-07-28,0,,ACTIVE,2019 JOOLA North American Teams,2732.0,2742.0,2019-11-29,2019-12-01
22,Kaden,Xu,102354,98214,"Dunellen, NJ",,2687,2024-07-28,0,,ACTIVE,JOOLA North American Teams,2681.0,2691.0,2018-11-23,2018-11-25
22,Kaden,Xu,102354,98214,"Dunellen, NJ",,2687,2024-07-28,0,,ACTIVE,20th Annual North American Team Championship Powered By JOOLA,2703.0,2715.0,2017-11-24,2017-11-26
25,Aditya,Sareen,119074,218074,"West Windsor, NJ",PINGPOD,2676,2024-08-25,2497,2023-10-22,ACTIVE,2021 Joola North American Team,2481.0,2485.0,2021-11-26,2021-11-28
25,Aditya,Sareen,119074,218074,"West Windsor, NJ",PINGPOD,2676,2024-08-25,2497,2023-10-22,ACTIVE,2019 JOOLA North American Teams,2184.0,2223.0,2019-11-29,2019-12-01
25,Aditya,Sareen,119074,218074,"West Windsor, NJ",PINGPOD,2676,2024-08-25,2497,2023-10-22,ACTIVE,JOOLA North American Teams,1906.0,1979.0,2018-11-23,2018-11-25
28,Patryk,Zyworonek,9197,96307,"Des Plaines, IL",Experior Table Tennis Club,2661,2023-12-21,2245,2020-03-06,ACTIVE,2019 JOOLA North American Teams,2144.0,2181.0,2019-11-29,2019-12-01
28,Patryk,Zyworonek,9197,96307,"Des Plaines, IL",Experior Table Tennis Club,2661,2023-12-21,2245,2020-03-06,ACTIVE,JOOLA North American Teams,2028.0,2054.0,2018-11-23,2018-11-25
28,Patryk,Zyworonek,9197,96307,"Des Plaines, IL",Experior Table Tennis Club,2661,2023-12-21,2245,2020-03-06,ACTIVE,20th Annual North American Team Championship Powered By JOOLA,1774.0,1731.0,2017-11-24,2017-11-26
29,Jun,Gao,2333,777,"Covina, CA",California Table Tennis,2660,2018-03-02,0,,ACTIVE,1999 NA Teams 2,2648.0,2652.0,1999-11-28,
31,Rogelio,Castro,14379,113379,MI,,2657,2024-07-28,792,2013-02-12,ACTIVE,20th Annual North American Team Championship Powered By JOOLA,1998.0,2108.0,2017-11-24,2017-11-26
31,Rogelio,Castro,14379,113379,MI,,2657,2024-07-28,792,2013-02-12,ACTIVE,2015 JOOLA North American Teams Championships,0.0,2050.0,2015-11-29,
32,Mathieu,De Saintilan,121976,220976,,,2656,2024-04-28,0,,ACTIVE,20th Annual North American Team Championship Powered By JOOLA,0.0,2671.0,2017-11-24,2017-11-26
34,Yijun,Feng,2116,35040,"Long Island City, NY",PINGPOD,2650,2024-08-25,2579,2014-01-07,ACTIVE,2016 JOOLA NA Teams,2713.0,2709.0,2016-11-25,2016-11-27
34,Yijun,Feng,2116,35040,"Long Island City, NY",PINGPOD,2650,2024-08-25,2579,2014-01-07,ACTIVE,2015 JOOLA North American Teams Championships,2527.0,2723.0,2015-11-29,
34,Yijun,Feng,2116,35040,"Long Island City, NY",PINGPOD,2650,2024-08-25,2579,2014-01-07,ACTIVE,2014 JOOLA North American Teams Championships,2577.0,2577.0,2014-11-30,
39,Romain,Lorentz,174109,1174109,Brooklyn,PINGPOD,2643,2024-07-28,0,,ACTIVE,2022 JOOLA North American Teams,2687.0,2683.0,2022-11-25,2022-11-27
40,Xiang Jing,Zhang,9053,89338,"Temple City, CA",California Table Tennis,2643,2024-08-04,0,,ACTIVE,2023 JOOLA North American Teams,2752.0,2762.0,2023-11-24,2023-11-26
40,Xiang Jing,Zhang,9053,89338,"Temple City, CA",California Table Tennis,2643,2024-08-04,0,,ACTIVE,2022 JOOLA North American Teams,2701.0,2701.0,2022-11-25,2022-11-27
45,Kai,Zhang,9027,86637,"Pleasantville, NY",,2630,2024-08-25,2676,2015-06-02,ACTIVE,2019 JOOLA North American Teams,2669.0,2652.0,2019-11-29,2019-12-01
45,Kai,Zhang,9027,86637,"Pleasantville, NY",,2630,2024-08-25,2676,2015-06-02,ACTIVE,JOOLA North American Teams,2646.0,2651.0,2018-11-23,2018-11-25
45,Kai,Zhang,9027,86637,"Pleasantville, NY",,2630,2024-08-25,2676,2015-06-02,ACTIVE,20th Annual North American Team Championship Powered By JOOLA,2658.0,2606.0,2017-11-24,2017-11-26
45,Kai,Zhang,9027,86637,"Pleasantville, NY",,2630,2024-08-25,2676,2015-06-02,ACTIVE,2016 JOOLA NA Teams,2689.0,2648.0,2016-11-25,2016-11-27
45,Kai,Zhang,9027,86637,"Pleasantville, NY",,2630,2024-08-25,2676,2015-06-02,ACTIVE,2014 JOOLA North American Teams Championships,2659.0,2684.0,2014-11-30,
46,Nandan,Naresh,5520,84904,"Lisle, IL",888 Table Tennis Center,2630,2024-08-04,2395,2024-02-04,ACTIVE,2022 JOOLA North American Teams,2534.0,2483.0,2022-11-25,2022-11-27
46,Nandan,Naresh,5520,84904,"Lisle, IL",888 Table Tennis Center,2630,2024-08-04,2395,2024-02-04,ACTIVE,JOOLA North American Teams,2193.0,2236.0,2018-11-23,2018-11-25
46,Nandan,Naresh,5520,84904,"Lisle, IL",888 Table Tennis Center,2630,2024-08-04,2395,2024-02-04,ACTIVE,20th Annual North American Team Championship Powered By JOOLA,2204.0,2206.0,2017-11-24,2017-11-26
48,Angel,Naranjo,5512,92745,San Juan,,2620,2024-04-14,0,,ACTIVE,2019 JOOLA North American Teams,2468.0,2477.0,2019-11-29,2019-12-01
48,Angel,Naranjo,5512,92745,San Juan,,2620,2024-04-14,0,,ACTIVE,JOOLA North American Teams,2346.0,2357.0,2018-11-23,2018-11-25
48,Angel,Naranjo,5512,92745,San Juan,,2620,2024-04-14,0,,ACTIVE,20th Annual North American Team Championship Powered By JOOLA,2250.0,2245.0,2017-11-24,2017-11-26
48,Angel,Naranjo,5512,92745,San Juan,,2620,2024-04-14,0,,ACTIVE,2016 JOOLA NA Teams,2140.0,2250.0,2016-11-25,2016-11-27
48,Angel,Naranjo,5512,92745,San Juan,,2620,2024-04-14,0,,ACTIVE,2015 JOOLA North American Teams Championships,1963.0,2021.0,2015-11-29,
48,Angel,Naranjo,5512,92745,San Juan,,2620,2024-04-14,0,,ACTIVE,2014 JOOLA North American Teams Championships,1376.0,1771.0,2014-11-30,
50,Tianrui,Zhang,167100,1167100,"Fremont, CA",(TTA) Table Tennis America,2613,2024-07-28,2460,2022-08-06,ACTIVE,2023 JOOLA North American Teams,2598.0,2612.0,2023-11-24,2023-11-26
50,Tianrui,Zhang,167100,1167100,"Fremont, CA",(TTA) Table Tennis America,2613,2024-07-28,2460,2022-08-06,ACTIVE,2022 JOOLA North American Teams,2512.0,2496.0,2022-11-25,2022-11-27
51,David Yong-Xiang,Zhuang,9163,58322,"West Windsor, NJ","Princeton Pong, LLC",2613,2020-10-11,2612,2020-09-29,ACTIVE,North American Teams,2726.0,2760.0,2003-11-30,
51,David Yong-Xiang,Zhuang,9163,58322,"West Windsor, NJ","Princeton Pong, LLC",2613,2020-10-11,2612,2020-09-29,ACTIVE,1999 NA Teams 2,2726.0,2727.0,1999-11-28,
53,Steven,Moreno,131664,230664,,,2605,2024-07-21,2304,2022-07-31,ACTIVE,2019 JOOLA North American Teams,1664.0,1869.0,2019-11-29,2019-12-01
54,Jiaqi,Zheng,9104,72386,"Fremont, CA",,2601,2018-03-02,2515,2016-07-02,ACTIVE,2015 JOOLA North American Teams Championships,2544.0,2582.0,2015-11-29,
54,Jiaqi,Zheng,9104,72386,"Fremont, CA",,2601,2018-03-02,2515,2016-07-02,ACTIVE,2014 JOOLA North American Teams Championships,2565.0,2593.0,2014-11-30,
59,Sid,Naresh,5522,84903,"Lisle, IL",888 Table Tennis Center,2598,2024-09-02,2478,2024-08-25,ACTIVE,2019 JOOLA North American Teams,2451.0,2485.0,2019-11-29,2019-12-01
59,Sid,Naresh,5522,84903,"Lisle, IL",888 Table Tennis Center,2598,2024-09-02,2478,2024-08-25,ACTIVE,JOOLA North American Teams,2438.0,2450.0,2018-11-23,2018-11-25
59,Sid,Naresh,5522,84903,"Lisle, IL",888 Table Tennis Center,2598,2024-09-02,2478,2024-08-25,ACTIVE,20th Annual North American Team Championship Powered By JOOLA,2307.0,2364.0,2017-11-24,2017-11-26
60,Amy,Wang,8222,76235,"Turnersville, NJ",USA Table Tennis,2593,2024-07-07,2400,2022-05-06,ACTIVE,2023 JOOLA North American Teams,2549.0,2554.0,2023-11-24,2023-11-26
60,Amy,Wang,8222,76235,"Turnersville, NJ",USA Table Tennis,2593,2024-07-07,2400,2022-05-06,ACTIVE,JOOLA North American Teams,2508.0,2531.0,2018-11-23,2018-11-25
60,Amy,Wang,8222,76235,"Turnersville, NJ",USA Table Tennis,2593,2024-07-07,2400,2022-05-06,ACTIVE,2014 JOOLA North American Teams Championships,2304.0,2327.0,2014-11-30,
61,Eric,Owens,39444,31196,"Chicago, IL",,2591,2018-03-02,0,,ACTIVE,1999 NA Teams 2,2577.0,2597.0,1999-11-28,
63,Andrew,Cao,112982,211982,"Katy, TX",,2590,2024-08-11,2480,2023-10-14,ACTIVE,2023 JOOLA North American Teams,2511.0,2501.0,2023-11-24,2023-11-26
63,Andrew,Cao,112982,211982,"Katy, TX",,2590,2024-08-11,2480,2023-10-14,ACTIVE,2022 JOOLA North American Teams,2434.0,2405.0,2022-11-25,2022-11-27
63,Andrew,Cao,112982,211982,"Katy, TX",,2590,2024-08-11,2480,2023-10-14,ACTIVE,2021 Joola North American Team,2335.0,2365.0,2021-11-26,2021-11-28
63,Andrew,Cao,112982,211982,"Katy, TX",,2590,2024-08-11,2480,2023-10-14,ACTIVE,2019 JOOLA North American Teams,2208.0,2218.0,2019-11-29,2019-12-01
63,Andrew,Cao,112982,211982,"Katy, TX",,2590,2024-08-11,2480,2023-10-14,ACTIVE,JOOLA North American Teams,1888.0,1862.0,2018-11-23,2018-11-25
65,Daniel,Tran,7858,91031,"Katy, TX",,2589,2024-08-11,2569,2023-06-04,ACTIVE,2022 JOOLA North American Teams,2524.0,2536.0,2022-11-25,2022-11-27
65,Daniel,Tran,7858,91031,"Katy, TX",,2589,2024-08-11,2569,2023-06-04,ACTIVE,2021 Joola North American Team,2473.0,2480.0,2021-11-26,2021-11-28
65,Daniel,Tran,7858,91031,"Katy, TX",,2589,2024-08-11,2569,2023-06-04,ACTIVE,2019 JOOLA North American Teams,2355.0,2349.0,2019-11-29,2019-12-01
68,Jian,Li,4381,96257,"Hillsborough, NJ",Topspin Table Tennis Club,2587,2024-06-30,2650,2019-06-14,ACTIVE,2016 JOOLA NA Teams,2673.0,2665.0,2016-11-25,2016-11-27
74,Ojo,Onaolapo,121240,220240,"Newark, NY",PINGPOD,2567,2024-08-31,2604,2022-05-14,ACTIVE,2022 JOOLA North American Teams,2589.0,2598.0,2022-11-25,2022-11-27
76,Enrique,Rios,132378,1132378,"Morovis, FN",,2564,2024-08-11,2186,2022-04-23,ACTIVE,2021 Joola North American Team,2274.0,2281.0,2021-11-26,2021-11-28
76,Enrique,Rios,132378,1132378,"Morovis, FN",,2564,2024-08-11,2186,2022-04-23,ACTIVE,2019 JOOLA North American Teams,1792.0,2123.0,2019-11-29,2019-12-01
76,Enrique,Rios,132378,1132378,"Morovis, FN",,2564,2024-08-11,2186,2022-04-23,ACTIVE,JOOLA North American Teams,0.0,1926.0,2018-11-23,2018-11-25
77,Phong,Nguyen,102225,98055,"New Orleans, LA",,2564,2024-07-20,0,,ACTIVE,2019 JOOLA North American Teams,2577.0,2562.0,2019-11-29,2019-12-01
77,Phong,Nguyen,102225,98055,"New Orleans, LA",,2564,2024-07-20,0,,ACTIVE,2016 JOOLA NA Teams,2535.0,2539.0,2016-11-25,2016-11-27
78,Mikołaj,Szaliński,181665,280665,"Parsippany, NJ",Matchpoint Table Tennis Center NJ,2564,2023-11-26,0,,ACTIVE,2023 JOOLA North American Teams,2408.0,2564.0,2023-11-24,2023-11-26
79,Zhigao,Si,132275,231275,"Fremont, CA",(TTA) Table Tennis America,2564,2023-12-21,2448,2022-03-12,ACTIVE,2023 JOOLA North American Teams,2555.0,2550.0,2023-11-24,2023-11-26
79,Zhigao,Si,132275,231275,"Fremont, CA",(TTA) Table Tennis America,2564,2023-12-21,2448,2022-03-12,ACTIVE,2022 JOOLA North American Teams,2490.0,2583.0,2022-11-25,2022-11-27
81,Kewei,Li,4437,89053,"Houston, TX",Houston International Table Tennis Academy (HITTA),2561,2024-08-31,0,,ACTIVE,2015 JOOLA North American Teams Championships,2724.0,2705.0,2015-11-29,
84,Bruno,Ventura Dos Anjos,51062,94589,"Bethesda, MD",MDTTC - Maryland Table Tennis Center,2558,2024-07-14,2548,2019-09-07,ACTIVE,2019 JOOLA North American Teams,2506.0,2521.0,2019-11-29,2019-12-01
87,Yichi,Zhang,9059,89328,"Clinton, IL",Experior Table Tennis Club,2544,2024-05-05,2621,2019-08-10,ACTIVE,20th Annual North American Team Championship Powered By JOOLA,2592.0,2590.0,2017-11-24,2017-11-26
89,Darryl,Tsao,102323,98262,"Fremont, CA",888 Table Tennis Center,2543,2024-09-02,2536,2024-02-04,ACTIVE,2022 JOOLA North American Teams,2551.0,2573.0,2022-11-25,2022-11-27
93,Fei,Tong,7834,3520,"Glen Head, NY",,2539,2018-03-02,2528,2019-04-25,ACTIVE,2014 JOOLA North American Teams Championships,2431.0,2539.0,2014-11-30,
94,Yutaka,Nakano,176631,1176631,"Houston, TX",Texas Table Tennis Training Center,2539,2023-11-11,0,,ACTIVE,2022 JOOLA North American Teams,2537.0,2549.0,2022-11-25,2022-11-27
101,Jimmy,Butler,863,4594,"Houston, TX",Houston International Table Tennis Academy (HITTA),2530,2024-07-07,2432,2024-06-29,ACTIVE,2015 JOOLA North American Teams Championships,2599.0,2599.0,2015-11-29,
107,Tong Sheng,Huang,3232,59863,"Boyds, MD",MDTTC - Maryland Table Tennis Center,2526,2018-03-02,0,,ACTIVE,North American Teams,2526.0,2526.0,2003-11-30,
107,Tong Sheng,Huang,3232,59863,"Boyds, MD",MDTTC - Maryland Table Tennis Center,2526,2018-03-02,0,,ACTIVE,1998 North American Teams Cham,2569.0,2560.0,1998-11-29,
109,Robert,Roberts,43067,57410,"Elmsford, NY",,2524,2018-03-02,2514,2011-09-12,ACTIVE,2015 JOOLA North American Teams Championships,2514.0,2520.0,2015-11-29,
109,Robert,Roberts,43067,57410,"Elmsford, NY",,2524,2018-03-02,2514,2011-09-12,ACTIVE,1998 North American Teams Cham,2384.0,2421.0,1998-11-29,
110,Lidney,Mazzeo Castro,117598,216598,"Germantown, MD",MDTTC - Maryland Table Tennis Center,2524,2023-11-26,2560,2018-09-11,ACTIVE,2023 JOOLA North American Teams,2522.0,2524.0,2023-11-24,2023-11-26
110,Lidney,Mazzeo Castro,117598,216598,"Germantown, MD",MDTTC - Maryland Table Tennis Center,2524,2023-11-26,2560,2018-09-11,ACTIVE,2022 JOOLA North American Teams,2522.0,2522.0,2022-11-25,2022-11-27
110,Lidney,Mazzeo Castro,117598,216598,"Germantown, MD",MDTTC - Maryland Table Tennis Center,2524,2023-11-26,2560,2018-09-11,ACTIVE,2021 Joola North American Team,2522.0,2522.0,2021-11-26,2021-11-28
110,Lidney,Mazzeo Castro,117598,216598,"Germantown, MD",MDTTC - Maryland Table Tennis Center,2524,2023-11-26,2560,2018-09-11,ACTIVE,2019 JOOLA North American Teams,2532.0,2533.0,2019-11-29,2019-12-01
110,Lidney,Mazzeo Castro,117598,216598,"Germantown, MD",MDTTC - Maryland Table Tennis Center,2524,2023-11-26,2560,2018-09-11,ACTIVE,JOOLA North American Teams,2528.0,2531.0,2018-11-23,2018-11-25
112,Ahmed,Adeleye,175500,1175500,"Las Vegas, MD",Washington Table Tennis Center,2522,2024-08-31,0,,ACTIVE,2023 JOOLA North American Teams,2543.0,2538.0,2023-11-24,2023-11-26
113,Seth,Pech,6040,32337,"Strongsville, OH",Strongsville Table Tennis,2521,2024-05-19,2402,2020-11-10,ACTIVE,2022 JOOLA North American Teams,2497.0,2475.0,2022-11-25,2022-11-27
113,Seth,Pech,6040,32337,"Strongsville, OH",Strongsville Table Tennis,2521,2024-05-19,2402,2020-11-10,ACTIVE,20th Annual North American Team Championship Powered By JOOLA,2353.0,2316.0,2017-11-24,2017-11-26
113,Seth,Pech,6040,32337,"Strongsville, OH",Strongsville Table Tennis,2521,2024-05-19,2402,2020-11-10,ACTIVE,2015 JOOLA North American Teams Championships,2354.0,2333.0,2015-11-29,
115,Paul Zhenyu,Qi,166478,1166478,Richmond,,2520,2024-04-07,0,,ACTIVE,2023 JOOLA North American Teams,2565.0,2512.0,2023-11-24,2023-11-26
119,Victor,Xie,8690,93758,"Alameda, CA",888 Table Tennis Center,2515,2024-07-07,2415,2024-04-07,ACTIVE,2022 JOOLA North American Teams,2353.0,2359.0,2022-11-25,2022-11-27
120,Jon,Ebuen,1922,22066,"Elmhurst, NY",PINGPOD,2514,2022-11-27,2606,2018-04-21,ACTIVE,2022 JOOLA North American Teams,2515.0,2514.0,2022-11-25,2022-11-27
120,Jon,Ebuen,1922,22066,"Elmhurst, NY",PINGPOD,2514,2022-11-27,2606,2018-04-21,ACTIVE,20th Annual North American Team Championship Powered By JOOLA,2553.0,2536.0,2017-11-24,2017-11-26
120,Jon,Ebuen,1922,22066,"Elmhurst, NY",PINGPOD,2514,2022-11-27,2606,2018-04-21,ACTIVE,2014 JOOLA North American Teams Championships,2529.0,2550.0,2014-11-30,
120,Jon,Ebuen,1922,22066,"Elmhurst, NY",PINGPOD,2514,2022-11-27,2606,2018-04-21,ACTIVE,North American Teams,2506.0,2494.0,2003-11-30,
121,Todd,Sweeris,7571,10417,"Fairfax, VA",,2514,2018-03-02,0,,ACTIVE,North American Teams,2596.0,2522.0,2003-11-30,
121,Todd,Sweeris,7571,10417,"Fairfax, VA",,2514,2018-03-02,0,,ACTIVE,1999 NA Teams 2,2615.0,2633.0,1999-11-28,
122,Rachel,Sung,7538,82232,"Campbell, CA",ICC Table Tennis Center,2512,2024-07-07,2434,2024-02-04,ACTIVE,2023 JOOLA North American Teams,2508.0,2512.0,2023-11-24,2023-11-26
124,Chulong,Nie,168124,267124,,,2511,2023-12-21,0,,ACTIVE,2019 JOOLA North American Teams,0.0,2032.0,2019-11-29,2019-12-01
125,Chance,Friend,2253,31426,"Canton, MN",Minnesota Table Tennis Federation,2511,2024-08-24,2299,2010-10-05,ACTIVE,2019 JOOLA North American Teams,2511.0,2505.0,2019-11-29,2019-12-01
126,Anav,Gupta,103363,202363,"Cary, NC",NC International Table Tennis (NCITT),2509,2024-09-02,2223,2024-02-04,ACTIVE,2023 JOOLA North American Teams,2415.0,2404.0,2023-11-24,2023-11-26
126,Anav,Gupta,103363,202363,"Cary, NC",NC International Table Tennis (NCITT),2509,2024-09-02,2223,2024-02-04,ACTIVE,2022 JOOLA North American Teams,2383.0,2374.0,2022-11-25,2022-11-27
126,Anav,Gupta,103363,202363,"Cary, NC",NC International Table Tennis (NCITT),2509,2024-09-02,2223,2024-02-04,ACTIVE,2021 Joola North American Team,2306.0,2318.0,2021-11-26,2021-11-28
126,Anav,Gupta,103363,202363,"Cary, NC",NC International Table Tennis (NCITT),2509,2024-09-02,2223,2024-02-04,ACTIVE,2019 JOOLA North American Teams,2003.0,2024.0,2019-11-29,2019-12-01
127,Stanley,Hsu,102103,97890,"North Potomac, MD",MDTTC - Maryland Table Tennis Center,2509,2024-08-25,2186,2020-02-07,ACTIVE,2022 JOOLA North American Teams,2408.0,2445.0,2022-11-25,2022-11-27
127,Stanley,Hsu,102103,97890,"North Potomac, MD",MDTTC - Maryland Table Tennis Center,2509,2024-08-25,2186,2020-02-07,ACTIVE,2021 Joola North American Team,2336.0,2360.0,2021-11-26,2021-11-28
127,Stanley,Hsu,102103,97890,"North Potomac, MD",MDTTC - Maryland Table Tennis Center,2509,2024-08-25,2186,2020-02-07,ACTIVE,2019 JOOLA North American Teams,2204.0,2289.0,2019-11-29,2019-12-01
127,Stanley,Hsu,102103,97890,"North Potomac, MD",MDTTC - Maryland Table Tennis Center,2509,2024-08-25,2186,2020-02-07,ACTIVE,JOOLA North American Teams,2005.0,2129.0,2018-11-23,2018-11-25
127,Stanley,Hsu,102103,97890,"North Potomac, MD",MDTTC - Maryland Table Tennis Center,2509,2024-08-25,2186,2020-02-07,ACTIVE,20th Annual North American Team Championship Powered By JOOLA,1841.0,1931.0,2017-11-24,2017-11-26
127,Stanley,Hsu,102103,97890,"North Potomac, MD",MDTTC - Maryland Table Tennis Center,2509,2024-08-25,2186,2020-02-07,ACTIVE,2016 JOOLA NA Teams,1368.0,1404.0,2016-11-25,2016-11-27
127,Stanley,Hsu,102103,97890,"North Potomac, MD",MDTTC - Maryland Table Tennis Center,2509,2024-08-25,2186,2020-02-07,ACTIVE,2015 JOOLA North American Teams Championships,961.0,1017.0,2015-11-29,
128,Yutian,Wang,8330,86990,"Little Neck, NY",Origin Table Tennis Academy,2508,2024-05-05,0,,ACTIVE,2019 JOOLA North American Teams,2595.0,2588.0,2019-11-29,2019-12-01
128,Yutian,Wang,8330,86990,"Little Neck, NY",Origin Table Tennis Academy,2508,2024-05-05,0,,ACTIVE,JOOLA North American Teams,2567.0,2601.0,2018-11-23,2018-11-25
128,Yutian,Wang,8330,86990,"Little Neck, NY",Origin Table Tennis Academy,2508,2024-05-05,0,,ACTIVE,2016 JOOLA NA Teams,2592.0,2587.0,2016-11-25,2016-11-27
132,Yinghua,Cheng,1227,54107,"Boyds, MD",MDTTC - Maryland Table Tennis Center,2506,2018-03-02,0,,ACTIVE,2015 JOOLA North American Teams Championships,2614.0,2506.0,2015-11-29,
132,Yinghua,Cheng,1227,54107,"Boyds, MD",MDTTC - Maryland Table Tennis Center,2506,2018-03-02,0,,ACTIVE,1999 NA Teams 2,2748.0,2735.0,1999-11-28,
132,Yinghua,Cheng,1227,54107,"Boyds, MD",MDTTC - Maryland Table Tennis Center,2506,2018-03-02,0,,ACTIVE,1998 North American Teams Cham,2793.0,2787.0,1998-11-29,
137,Ahmed,Elmallah,102797,201797,"Flushing, NY",Gold Coast Table Tennis Club,2502,2023-08-13,2465,2018-11-17,ACTIVE,2022 JOOLA North American Teams,2386.0,2367.0,2022-11-25,2022-11-27
137,Ahmed,Elmallah,102797,201797,"Flushing, NY",Gold Coast Table Tennis Club,2502,2023-08-13,2465,2018-11-17,ACTIVE,2021 Joola North American Team,2416.0,2379.0,2021-11-26,2021-11-28
137,Ahmed,Elmallah,102797,201797,"Flushing, NY",Gold Coast Table Tennis Club,2502,2023-08-13,2465,2018-11-17,ACTIVE,20th Annual North American Team Championship Powered By JOOLA,2430.0,2512.0,2017-11-24,2017-11-26
140,Ye,Tian,7793,95248,"Sunnyvale, MA",,2498,2024-07-28,2571,2022-11-06,ACTIVE,2022 JOOLA North American Teams,2630.0,2637.0,2022-11-25,2022-11-27
140,Ye,Tian,7793,95248,"Sunnyvale, MA",,2498,2024-07-28,2571,2022-11-06,ACTIVE,2021 Joola North American Team,2652.0,2630.0,2021-11-26,2021-11-28
140,Ye,Tian,7793,95248,"Sunnyvale, MA",,2498,2024-07-28,2571,2022-11-06,ACTIVE,2019 JOOLA North American Teams,2561.0,2534.0,2019-11-29,2019-12-01
140,Ye,Tian,7793,95248,"Sunnyvale, MA",,2498,2024-07-28,2571,2022-11-06,ACTIVE,JOOLA North American Teams,2583.0,2567.0,2018-11-23,2018-11-25
140,Ye,Tian,7793,95248,"Sunnyvale, MA",,2498,2024-07-28,2571,2022-11-06,ACTIVE,20th Annual North American Team Championship Powered By JOOLA,2642.0,2616.0,2017-11-24,2017-11-26
140,Ye,Tian,7793,95248,"Sunnyvale, MA",,2498,2024-07-28,2571,2022-11-06,ACTIVE,2016 JOOLA NA Teams,2592.0,2603.0,2016-11-25,2016-11-27
142,Jiangshan,Guo,115856,214856,"Cary, NC",Carolina International Table Tennis Academy (CITTA),2497,2024-04-28,0,,ACTIVE,2022 JOOLA North American Teams,2459.0,2451.0,2022-11-25,2022-11-27
142,Jiangshan,Guo,115856,214856,"Cary, NC",Carolina International Table Tennis Academy (CITTA),2497,2024-04-28,0,,ACTIVE,JOOLA North American Teams,2555.0,2471.0,2018-11-23,2018-11-25
142,Jiangshan,Guo,115856,214856,"Cary, NC",Carolina International Table Tennis Academy (CITTA),2497,2024-04-28,0,,ACTIVE,20th Annual North American Team Championship Powered By JOOLA,2503.0,2468.0,2017-11-24,2017-11-26
142,Jiangshan,Guo,115856,214856,"Cary, NC",Carolina International Table Tennis Academy (CITTA),2497,2024-04-28,0,,ACTIVE,2016 JOOLA NA Teams,0.0,2274.0,2016-11-25,2016-11-27
143,Adam,Hugh,3257,14204,"Hoboken, NJ",HiTT,2497,2024-04-28,2550,2023-11-17,ACTIVE,2023 JOOLA North American Teams,2582.0,2541.0,2023-11-24,2023-11-26
143,Adam,Hugh,3257,14204,"Hoboken, NJ",HiTT,2497,2024-04-28,2550,2023-11-17,ACTIVE,2014 JOOLA North American Teams Championships,2619.0,2663.0,2014-11-30,
143,Adam,Hugh,3257,14204,"Hoboken, NJ",HiTT,2497,2024-04-28,2550,2023-11-17,ACTIVE,North American Teams,2505.0,2586.0,2003-11-30,
143,Adam,Hugh,3257,14204,"Hoboken, NJ",HiTT,2497,2024-04-28,2550,2023-11-17,ACTIVE,1999 NA Teams 2,2106.0,2110.0,1999-11-28,
144,Tawny,Banh,11216,52902,"San Gabriel, CA",Los Angeles Table Tennis Association,2497,2018-03-02,0,,ACTIVE,North American Teams,2407.0,2536.0,2003-11-30,
144,Tawny,Banh,11216,52902,"San Gabriel, CA",Los Angeles Table Tennis Association,2497,2018-03-02,0,,ACTIVE,1999 NA Teams 2,2438.0,2420.0,1999-11-28,
146,Mark,Hazinski,2898,915,"Plano, TX",Fort Worth Table Tennis Club,2494,2023-03-19,0,,ACTIVE,1999 NA Teams 2,2251.0,2271.0,1999-11-28,
146,Mark,Hazinski,2898,915,"Plano, TX",Fort Worth Table Tennis Club,2494,2023-03-19,0,,ACTIVE,1998 North American Teams Cham,2113.0,2133.0,1998-11-29,
149,Nathan,Xu,176693,1176693,"Philadelphia, PA",,2491,2024-06-30,0,,ACTIVE,2022 JOOLA North American Teams,2607.0,2536.0,2022-11-25,2022-11-27
150,Kokou,Fanny,102542,201542,"PLEASANTVILLE, NY",,2491,2024-08-25,2444,2016-03-01,ACTIVE,2016 JOOLA NA Teams,2359.0,2379.0,2016-11-25,2016-11-27
152,Rafael Euardo,Cabrera,121993,220993,,,2490,2024-06-30,0,,ACTIVE,20th Annual North American Team Championship Powered By JOOLA,0.0,2051.0,2017-11-24,2017-11-26
153,Youruo,Wu,53820,90353,"Milpitas, CA",,2489,2024-08-04,2065,2015-07-24,ACTIVE,2023 JOOLA North American Teams,2454.0,2479.0,2023-11-24,2023-11-26
153,Youruo,Wu,53820,90353,"Milpitas, CA",,2489,2024-08-04,2065,2015-07-24,ACTIVE,2022 JOOLA North American Teams,2427.0,2452.0,2022-11-25,2022-11-27
154,Zongqi Henry,Zhong,9123,84897,"Eatonwood, NJ",New Jersey Table Tennis Club,2485,2024-07-28,2461,2022-09-13,ACTIVE,2022 JOOLA North American Teams,2489.0,2504.0,2022-11-25,2022-11-27
154,Zongqi Henry,Zhong,9123,84897,"Eatonwood, NJ",New Jersey Table Tennis Club,2485,2024-07-28,2461,2022-09-13,ACTIVE,2021 Joola North American Team,2515.0,2522.0,2021-11-26,2021-11-28
154,Zongqi Henry,Zhong,9123,84897,"Eatonwood, NJ",New Jersey Table Tennis Club,2485,2024-07-28,2461,2022-09-13,ACTIVE,2019 JOOLA North American Teams,2513.0,2479.0,2019-11-29,2019-12-01
154,Zongqi Henry,Zhong,9123,84897,"Eatonwood, NJ",New Jersey Table Tennis Club,2485,2024-07-28,2461,2022-09-13,ACTIVE,JOOLA North American Teams,2450.0,2486.0,2018-11-23,2018-11-25
154,Zongqi Henry,Zhong,9123,84897,"Eatonwood, NJ",New Jersey Table Tennis Club,2485,2024-07-28,2461,2022-09-13,ACTIVE,20th Annual North American Team Championship Powered By JOOLA,2406.0,2414.0,2017-11-24,2017-11-26
154,Zongqi Henry,Zhong,9123,84897,"Eatonwood, NJ",New Jersey Table Tennis Club,2485,2024-07-28,2461,2022-09-13,ACTIVE,2016 JOOLA NA Teams,2462.0,2461.0,2016-11-25,2016-11-27
157,Nishant,Lebaka,121808,220808,"Somerset, NJ",Lily Yip Table Tennis Center,2484,2024-08-04,2529,2024-05-31,ACTIVE,2023 JOOLA North American Teams,2496.0,2497.0,2023-11-24,2023-11-26
157,Nishant,Lebaka,121808,220808,"Somerset, NJ",Lily Yip Table Tennis Center,2484,2024-08-04,2529,2024-05-31,ACTIVE,2022 JOOLA North American Teams,2434.0,2458.0,2022-11-25,2022-11-27
157,Nishant,Lebaka,121808,220808,"Somerset, NJ",Lily Yip Table Tennis Center,2484,2024-08-04,2529,2024-05-31,ACTIVE,2021 Joola North American Team,2311.0,2428.0,2021-11-26,2021-11-28
157,Nishant,Lebaka,121808,220808,"Somerset, NJ",Lily Yip Table Tennis Center,2484,2024-08-04,2529,2024-05-31,ACTIVE,2019 JOOLA North American Teams,2117.0,2213.0,2019-11-29,2019-12-01
157,Nishant,Lebaka,121808,220808,"Somerset, NJ",Lily Yip Table Tennis Center,2484,2024-08-04,2529,2024-05-31,ACTIVE,JOOLA North American Teams,1924.0,2006.0,2018-11-23,2018-11-25
158,Lingshuai,Meng,5190,94011,"Bellevue, WA",,2482,2023-09-10,0,,ACTIVE,2022 JOOLA North American Teams,2505.0,2523.0,2022-11-25,2022-11-27
158,Lingshuai,Meng,5190,94011,"Bellevue, WA",,2482,2023-09-10,0,,ACTIVE,20th Annual North American Team Championship Powered By JOOLA,2512.0,2477.0,2017-11-24,2017-11-26
158,Lingshuai,Meng,5190,94011,"Bellevue, WA",,2482,2023-09-10,0,,ACTIVE,2016 JOOLA NA Teams,2469.0,2479.0,2016-11-25,2016-11-27
160,Eric,Boggan,666,4321,"Merrick, NY",,2481,2018-03-02,0,,ACTIVE,1999 NA Teams 2,2579.0,2550.0,1999-11-28,
164,Yue,Wu,8655,78882,"Suwanee, GA",Wu Yue Table Tennis,2478,2020-10-01,0,,ACTIVE,20th Annual North American Team Championship Powered By JOOLA,2519.0,2496.0,2017-11-24,2017-11-26
164,Yue,Wu,8655,78882,"Suwanee, GA",Wu Yue Table Tennis,2478,2020-10-01,0,,ACTIVE,2015 JOOLA North American Teams Championships,2525.0,2491.0,2015-11-29,
164,Yue,Wu,8655,78882,"Suwanee, GA",Wu Yue Table Tennis,2478,2020-10-01,0,,ACTIVE,2014 JOOLA North American Teams Championships,2452.0,2567.0,2014-11-30,
167,Aziz,Zarehbin,8974,91906,"Oakland, CA",ICC Table Tennis Center,2472,2024-08-04,2389,2024-01-07,ACTIVE,2022 JOOLA North American Teams,2383.0,2427.0,2022-11-25,2022-11-27
167,Aziz,Zarehbin,8974,91906,"Oakland, CA",ICC Table Tennis Center,2472,2024-08-04,2389,2024-01-07,ACTIVE,2021 Joola North American Team,2462.0,2429.0,2021-11-26,2021-11-28
167,Aziz,Zarehbin,8974,91906,"Oakland, CA",ICC Table Tennis Center,2472,2024-08-04,2389,2024-01-07,ACTIVE,2019 JOOLA North American Teams,2432.0,2331.0,2019-11-29,2019-12-01
167,Aziz,Zarehbin,8974,91906,"Oakland, CA",ICC Table Tennis Center,2472,2024-08-04,2389,2024-01-07,ACTIVE,JOOLA North American Teams,2338.0,2322.0,2018-11-23,2018-11-25
167,Aziz,Zarehbin,8974,91906,"Oakland, CA",ICC Table Tennis Center,2472,2024-08-04,2389,2024-01-07,ACTIVE,20th Annual North American Team Championship Powered By JOOLA,2151.0,2264.0,2017-11-24,2017-11-26
167,Aziz,Zarehbin,8974,91906,"Oakland, CA",ICC Table Tennis Center,2472,2024-08-04,2389,2024-01-07,ACTIVE,2016 JOOLA NA Teams,2087.0,2174.0,2016-11-25,2016-11-27
168,Chen,Wang,8230,22153,"New York, NY",,2472,2020-03-01,2614,2015-08-14,ACTIVE,2019 JOOLA North American Teams,2416.0,2458.0,2019-11-29,2019-12-01
168,Chen,Wang,8230,22153,"New York, NY",,2472,2020-03-01,2614,2015-08-14,ACTIVE,JOOLA North American Teams,2471.0,2451.0,2018-11-23,2018-11-25
168,Chen,Wang,8230,22153,"New York, NY",,2472,2020-03-01,2614,2015-08-14,ACTIVE,20th Annual North American Team Championship Powered By JOOLA,2492.0,2490.0,2017-11-24,2017-11-26
168,Chen,Wang,8230,22153,"New York, NY",,2472,2020-03-01,2614,2015-08-14,ACTIVE,2016 JOOLA NA Teams,2575.0,2551.0,2016-11-25,2016-11-27
168,Chen,Wang,8230,22153,"New York, NY",,2472,2020-03-01,2614,2015-08-14,ACTIVE,North American Teams,2657.0,2660.0,2003-11-30,
170,Zexuan,Wang,94278,81393,"Seattle, WA",,2466,2024-09-08,2488,2024-08-31,ACTIVE,2023 JOOLA North American Teams,2469.0,2442.0,2023-11-24,2023-11-26
175,Cory,Eider,1948,62727,"Minneapolis, NJ",Lily Yip Table Tennis Center,2461,2023-11-26,2538,2020-10-30,ACTIVE,2023 JOOLA North American Teams,2512.0,2461.0,2023-11-24,2023-11-26
175,Cory,Eider,1948,62727,"Minneapolis, NJ",Lily Yip Table Tennis Center,2461,2023-11-26,2538,2020-10-30,ACTIVE,2022 JOOLA North American Teams,2512.0,2512.0,2022-11-25,2022-11-27
175,Cory,Eider,1948,62727,"Minneapolis, NJ",Lily Yip Table Tennis Center,2461,2023-11-26,2538,2020-10-30,ACTIVE,JOOLA North American Teams,2530.0,2512.0,2018-11-23,2018-11-25
175,Cory,Eider,1948,62727,"Minneapolis, NJ",Lily Yip Table Tennis Center,2461,2023-11-26,2538,2020-10-30,ACTIVE,20th Annual North American Team Championship Powered By JOOLA,2517.0,2530.0,2017-11-24,2017-11-26
175,Cory,Eider,1948,62727,"Minneapolis, NJ",Lily Yip Table Tennis Center,2461,2023-11-26,2538,2020-10-30,ACTIVE,2014 JOOLA North American Teams Championships,2533.0,2532.0,2014-11-30,
175,Cory,Eider,1948,62727,"Minneapolis, NJ",Lily Yip Table Tennis Center,2461,2023-11-26,2538,2020-10-30,ACTIVE,1998 North American Teams Cham,2089.0,2185.0,1998-11-29,
178,Luoxuan,Shao,177172,1177172,"Lake Forest, CA",,2459,2023-12-21,0,,ACTIVE,2023 JOOLA North American Teams,2446.0,2466.0,2023-11-24,2023-11-26
178,Luoxuan,Shao,177172,1177172,"Lake Forest, CA",,2459,2023-12-21,0,,ACTIVE,2022 JOOLA North American Teams,2345.0,2430.0,2022-11-25,2022-11-27
182,Krish,Gandhi,103990,202990,"Lexington, MA",Westford Table Tennis Club,2455,2024-07-14,1481,2019-05-25,ACTIVE,2023 JOOLA North American Teams,2391.0,2409.0,2023-11-24,2023-11-26
182,Krish,Gandhi,103990,202990,"Lexington, MA",Westford Table Tennis Club,2455,2024-07-14,1481,2019-05-25,ACTIVE,2022 JOOLA North American Teams,2307.0,2362.0,2022-11-25,2022-11-27
182,Krish,Gandhi,103990,202990,"Lexington, MA",Westford Table Tennis Club,2455,2024-07-14,1481,2019-05-25,ACTIVE,2021 Joola North American Team,2268.0,2224.0,2021-11-26,2021-11-28
182,Krish,Gandhi,103990,202990,"Lexington, MA",Westford Table Tennis Club,2455,2024-07-14,1481,2019-05-25,ACTIVE,2019 JOOLA North American Teams,1867.0,2007.0,2019-11-29,2019-12-01
182,Krish,Gandhi,103990,202990,"Lexington, MA",Westford Table Tennis Club,2455,2024-07-14,1481,2019-05-25,ACTIVE,JOOLA North American Teams,1438.0,1588.0,2018-11-23,2018-11-25
184,Timothy,Wang,8312,18537,"castle pines, CO",Mile High Table Tennis Academy,2455,2024-04-28,2405,2020-02-22,ACTIVE,2023 JOOLA North American Teams,2473.0,2460.0,2023-11-24,2023-11-26
184,Timothy,Wang,8312,18537,"castle pines, CO",Mile High Table Tennis Academy,2455,2024-04-28,2405,2020-02-22,ACTIVE,2022 JOOLA North American Teams,2529.0,2529.0,2022-11-25,2022-11-27
184,Timothy,Wang,8312,18537,"castle pines, CO",Mile High Table Tennis Academy,2455,2024-04-28,2405,2020-02-22,ACTIVE,2021 Joola North American Team,2478.0,2460.0,2021-11-26,2021-11-28
184,Timothy,Wang,8312,18537,"castle pines, CO",Mile High Table Tennis Academy,2455,2024-04-28,2405,2020-02-22,ACTIVE,2019 JOOLA North American Teams,2525.0,2504.0,2019-11-29,2019-12-01
184,Timothy,Wang,8312,18537,"castle pines, CO",Mile High Table Tennis Academy,2455,2024-04-28,2405,2020-02-22,ACTIVE,JOOLA North American Teams,2577.0,2583.0,2018-11-23,2018-11-25
184,Timothy,Wang,8312,18537,"castle pines, CO",Mile High Table Tennis Academy,2455,2024-04-28,2405,2020-02-22,ACTIVE,2015 JOOLA North American Teams Championships,2608.0,2611.0,2015-11-29,
185,Jie,You,122814,221814,"Lodi, NJ",JOYOUS TABLE TENNIS CLUB,2455,2024-05-26,0,,ACTIVE,2021 Joola North American Team,2432.0,2447.0,2021-11-26,2021-11-28
185,Jie,You,122814,221814,"Lodi, NJ",JOYOUS TABLE TENNIS CLUB,2455,2024-05-26,0,,ACTIVE,JOOLA North American Teams,2492.0,2505.0,2018-11-23,2018-11-25
189,Ted,Li,4453,89340,"San Diego, CA",Learning Tree Table Tennis Club,2453,2022-09-04,2134,2024-07-12,ACTIVE,2019 JOOLA North American Teams,2505.0,2548.0,2019-11-29,2019-12-01
192,Kaijun,Zhou,177619,276619,,,2452,2024-06-30,0,,ACTIVE,2022 JOOLA North American Teams,2420.0,2425.0,2022-11-25,2022-11-27
195,Aditya,Godhwani,2474,82768,"Fremont, CA",(TTA) Table Tennis America,2446,2024-07-07,2308,2024-08-25,ACTIVE,2022 JOOLA North American Teams,2399.0,2415.0,2022-11-25,2022-11-27
196,Bryant,Lin,4525,82782,"Alameda, CA",Alameda Table Tennis Club (ATTC),2445,2024-09-02,2365,2024-06-09,ACTIVE,2023 JOOLA North American Teams,2432.0,2427.0,2023-11-24,2023-11-26
196,Bryant,Lin,4525,82782,"Alameda, CA",Alameda Table Tennis Club (ATTC),2445,2024-09-02,2365,2024-06-09,ACTIVE,2021 Joola North American Team,2289.0,2371.0,2021-11-26,2021-11-28
197,Samson,Dubina,1866,9051,"Akron, OH",Samson Dubina Table Tennis Academy,2443,2020-03-08,2432,2016-01-23,ACTIVE,20th Annual North American Team Championship Powered By JOOLA,2465.0,2488.0,2017-11-24,2017-11-26
197,Samson,Dubina,1866,9051,"Akron, OH",Samson Dubina Table Tennis Academy,2443,2020-03-08,2432,2016-01-23,ACTIVE,2014 JOOLA North American Teams Championships,2514.0,2490.0,2014-11-30,
197,Samson,Dubina,1866,9051,"Akron, OH",Samson Dubina Table Tennis Academy,2443,2020-03-08,2432,2016-01-23,ACTIVE,North American Teams,2327.0,2371.0,2003-11-30,
197,Samson,Dubina,1866,9051,"Akron, OH",Samson Dubina Table Tennis Academy,2443,2020-03-08,2432,2016-01-23,ACTIVE,1999 NA Teams 2,2132.0,2000.0,1999-11-28,
200,Krishnateja,Avvari,318,72387,"Fremont, CA",ICC Table Tennis Center,2441,2024-07-28,2382,2024-03-09,ACTIVE,2021 Joola North American Team,2484.0,2595.0,2021-11-26,2021-11-28
202,Fei,Zhai,103666,202666,"Flushing, NY",Gold Coast Table Tennis Club,2438,2023-08-13,2238,2017-11-03,ACTIVE,2022 JOOLA North American Teams,2314.0,2317.0,2022-11-25,2022-11-27
202,Fei,Zhai,103666,202666,"Flushing, NY",Gold Coast Table Tennis Club,2438,2023-08-13,2238,2017-11-03,ACTIVE,2021 Joola North American Team,2344.0,2298.0,2021-11-26,2021-11-28
202,Fei,Zhai,103666,202666,"Flushing, NY",Gold Coast Table Tennis Club,2438,2023-08-13,2238,2017-11-03,ACTIVE,20th Annual North American Team Championship Powered By JOOLA,2165.0,2190.0,2017-11-24,2017-11-26
203,Hasan,Saidov,116306,215306,"Staten Island, NY",Matchpoint Table Tennis Center NJ,2435,2024-07-07,2449,2024-08-09,ACTIVE,2023 JOOLA North American Teams,2414.0,2466.0,2023-11-24,2023-11-26
203,Hasan,Saidov,116306,215306,"Staten Island, NY",Matchpoint Table Tennis Center NJ,2435,2024-07-07,2449,2024-08-09,ACTIVE,2022 JOOLA North American Teams,2291.0,2320.0,2022-11-25,2022-11-27
203,Hasan,Saidov,116306,215306,"Staten Island, NY",Matchpoint Table Tennis Center NJ,2435,2024-07-07,2449,2024-08-09,ACTIVE,2021 Joola North American Team,2304.0,2358.0,2021-11-26,2021-11-28
203,Hasan,Saidov,116306,215306,"Staten Island, NY",Matchpoint Table Tennis Center NJ,2435,2024-07-07,2449,2024-08-09,ACTIVE,2019 JOOLA North American Teams,2036.0,2141.0,2019-11-29,2019-12-01
203,Hasan,Saidov,116306,215306,"Staten Island, NY",Matchpoint Table Tennis Center NJ,2435,2024-07-07,2449,2024-08-09,ACTIVE,JOOLA North American Teams,1701.0,1791.0,2018-11-23,2018-11-25
205,Di,Yu,54943,92007,"Cary, NC",Carolina International Table Tennis Academy (CITTA),2435,2023-09-24,0,,ACTIVE,2022 JOOLA North American Teams,2437.0,2446.0,2022-11-25,2022-11-27
205,Di,Yu,54943,92007,"Cary, NC",Carolina International Table Tennis Academy (CITTA),2435,2023-09-24,0,,ACTIVE,JOOLA North American Teams,2476.0,2434.0,2018-11-23,2018-11-25
205,Di,Yu,54943,92007,"Cary, NC",Carolina International Table Tennis Academy (CITTA),2435,2023-09-24,0,,ACTIVE,20th Annual North American Team Championship Powered By JOOLA,2434.0,2489.0,2017-11-24,2017-11-26
205,Di,Yu,54943,92007,"Cary, NC",Carolina International Table Tennis Academy (CITTA),2435,2023-09-24,0,,ACTIVE,2016 JOOLA NA Teams,2490.0,2435.0,2016-11-25,2016-11-27
205,Di,Yu,54943,92007,"Cary, NC",Carolina International Table Tennis Academy (CITTA),2435,2023-09-24,0,,ACTIVE,2015 JOOLA North American Teams Championships,2508.0,2491.0,2015-11-29,
209,Leo,Huang,26178,93127,"San Leandro, CA",,2433,2023-12-21,2302,2023-11-12,ACTIVE,2023 JOOLA North American Teams,2450.0,2444.0,2023-11-24,2023-11-26
209,Leo,Huang,26178,93127,"San Leandro, CA",,2433,2023-12-21,2302,2023-11-12,ACTIVE,2022 JOOLA North American Teams,2225.0,2438.0,2022-11-25,2022-11-27
209,Leo,Huang,26178,93127,"San Leandro, CA",,2433,2023-12-21,2302,2023-11-12,ACTIVE,2019 JOOLA North American Teams,2313.0,2297.0,2019-11-29,2019-12-01
209,Leo,Huang,26178,93127,"San Leandro, CA",,2433,2023-12-21,2302,2023-11-12,ACTIVE,JOOLA North American Teams,2301.0,2321.0,2018-11-23,2018-11-25
209,Leo,Huang,26178,93127,"San Leandro, CA",,2433,2023-12-21,2302,2023-11-12,ACTIVE,2014 JOOLA North American Teams Championships,2299.0,2320.0,2014-11-30,
210,Earl James,Alto,154,22497,"San Diego, CA",Learning Tree Table Tennis Club,2431,2024-08-25,2404,2024-07-19,ACTIVE,2021 Joola North American Team,2524.0,2475.0,2021-11-26,2021-11-28
210,Earl James,Alto,154,22497,"San Diego, CA",Learning Tree Table Tennis Club,2431,2024-08-25,2404,2024-07-19,ACTIVE,2019 JOOLA North American Teams,2432.0,2604.0,2019-11-29,2019-12-01
210,Earl James,Alto,154,22497,"San Diego, CA",Learning Tree Table Tennis Club,2431,2024-08-25,2404,2024-07-19,ACTIVE,2015 JOOLA North American Teams Championships,2392.0,2427.0,2015-11-29,
210,Earl James,Alto,154,22497,"San Diego, CA",Learning Tree Table Tennis Club,2431,2024-08-25,2404,2024-07-19,ACTIVE,2014 JOOLA North American Teams Championships,2407.0,2357.0,2014-11-30,
212,Mu,Du,103754,202754,"North Potomac, MD",MDTTC - Maryland Table Tennis Center,2430,2024-08-25,2125,2020-02-07,ACTIVE,2023 JOOLA North American Teams,2330.0,2323.0,2023-11-24,2023-11-26
212,Mu,Du,103754,202754,"North Potomac, MD",MDTTC - Maryland Table Tennis Center,2430,2024-08-25,2125,2020-02-07,ACTIVE,2022 JOOLA North American Teams,2219.0,2273.0,2022-11-25,2022-11-27
212,Mu,Du,103754,202754,"North Potomac, MD",MDTTC - Maryland Table Tennis Center,2430,2024-08-25,2125,2020-02-07,ACTIVE,2021 Joola North American Team,2168.0,2210.0,2021-11-26,2021-11-28
212,Mu,Du,103754,202754,"North Potomac, MD",MDTTC - Maryland Table Tennis Center,2430,2024-08-25,2125,2020-02-07,ACTIVE,2019 JOOLA North American Teams,2003.0,2012.0,2019-11-29,2019-12-01
212,Mu,Du,103754,202754,"North Potomac, MD",MDTTC - Maryland Table Tennis Center,2430,2024-08-25,2125,2020-02-07,ACTIVE,JOOLA North American Teams,1816.0,1992.0,2018-11-23,2018-11-25
212,Mu,Du,103754,202754,"North Potomac, MD",MDTTC - Maryland Table Tennis Center,2430,2024-08-25,2125,2020-02-07,ACTIVE,20th Annual North American Team Championship Powered By JOOLA,1559.0,1725.0,2017-11-24,2017-11-26
212,Mu,Du,103754,202754,"North Potomac, MD",MDTTC - Maryland Table Tennis Center,2430,2024-08-25,2125,2020-02-07,ACTIVE,2016 JOOLA NA Teams,1069.0,1277.0,2016-11-25,2016-11-27
215,Shuja,Jafar,3383,59942,"Union City, CA",Silicon Valley Table Tennis Club (SVTTC),2428,2018-05-31,2008,2024-07-20,ACTIVE,North American Teams,2279.0,2347.0,2003-11-30,
215,Shuja,Jafar,3383,59942,"Union City, CA",Silicon Valley Table Tennis Club (SVTTC),2428,2018-05-31,2008,2024-07-20,ACTIVE,1999 NA Teams 2,2207.0,2212.0,1999-11-28,
215,Shuja,Jafar,3383,59942,"Union City, CA",Silicon Valley Table Tennis Club (SVTTC),2428,2018-05-31,2008,2024-07-20,ACTIVE,1998 North American Teams Cham,2136.0,2037.0,1998-11-29,
216,Hector,Berrios,579,20409,Corozal,,2428,2024-04-14,0,,ACTIVE,2021 Joola North American Team,2411.0,2416.0,2021-11-26,2021-11-28
216,Hector,Berrios,579,20409,Corozal,,2428,2024-04-14,0,,ACTIVE,2019 JOOLA North American Teams,2487.0,2472.0,2019-11-29,2019-12-01
216,Hector,Berrios,579,20409,Corozal,,2428,2024-04-14,0,,ACTIVE,JOOLA North American Teams,2522.0,2487.0,2018-11-23,2018-11-25
216,Hector,Berrios,579,20409,Corozal,,2428,2024-04-14,0,,ACTIVE,20th Annual North American Team Championship Powered By JOOLA,2555.0,2543.0,2017-11-24,2017-11-26
216,Hector,Berrios,579,20409,Corozal,,2428,2024-04-14,0,,ACTIVE,2016 JOOLA NA Teams,2435.0,2425.0,2016-11-25,2016-11-27
216,Hector,Berrios,579,20409,Corozal,,2428,2024-04-14,0,,ACTIVE,2015 JOOLA North American Teams Championships,2490.0,2482.0,2015-11-29,
216,Hector,Berrios,579,20409,Corozal,,2428,2024-04-14,0,,ACTIVE,1999 NA Teams 2,0.0,1659.0,1999-11-28,
218,Xianyao,He,104271,203271,"San Jose, CA",888 Table Tennis Center - San Jose,2423,2024-09-02,2326,2024-08-18,ACTIVE,2022 JOOLA North American Teams,2343.0,2349.0,2022-11-25,2022-11-27
219,Tiffany,Ke,28641,89217,"san jose, CA",(TTA) Table Tennis America,2423,2024-07-07,2278,2024-01-07,ACTIVE,2022 JOOLA North American Teams,2321.0,2328.0,2022-11-25,2022-11-27
219,Tiffany,Ke,28641,89217,"san jose, CA",(TTA) Table Tennis America,2423,2024-07-07,2278,2024-01-07,ACTIVE,20th Annual North American Team Championship Powered By JOOLA,2233.0,2409.0,2017-11-24,2017-11-26
219,Tiffany,Ke,28641,89217,"san jose, CA",(TTA) Table Tennis America,2423,2024-07-07,2278,2024-01-07,ACTIVE,2016 JOOLA NA Teams,2108.0,2242.0,2016-11-25,2016-11-27
219,Tiffany,Ke,28641,89217,"san jose, CA",(TTA) Table Tennis America,2423,2024-07-07,2278,2024-01-07,ACTIVE,2015 JOOLA North American Teams Championships,2008.0,2012.0,2015-11-29,
219,Tiffany,Ke,28641,89217,"san jose, CA",(TTA) Table Tennis America,2423,2024-07-07,2278,2024-01-07,ACTIVE,2014 JOOLA North American Teams Championships,1887.0,1973.0,2014-11-30,
220,Ze Yi,Yang,168426,267426,,,2423,2024-07-28,0,,ACTIVE,2019 JOOLA North American Teams,0.0,1781.0,2019-11-29,2019-12-01
221,Jonathan,Li,4429,80741,"Mercer Island, WA",Seattle Pacific Table Tennis Club,2422,2024-09-08,2396,2024-08-24,ACTIVE,2023 JOOLA North American Teams,2418.0,2413.0,2023-11-24,2023-11-26
221,Jonathan,Li,4429,80741,"Mercer Island, WA",Seattle Pacific Table Tennis Club,2422,2024-09-08,2396,2024-08-24,ACTIVE,2014 JOOLA North American Teams Championships,2161.0,2201.0,2014-11-30,
222,Khaleel,Asgarali,270,7756,"Columbia, MD",Washington DC Table Tennis Center,2421,2024-07-14,2266,2004-09-26,ACTIVE,2022 JOOLA North American Teams,2446.0,2412.0,2022-11-25,2022-11-27
222,Khaleel,Asgarali,270,7756,"Columbia, MD",Washington DC Table Tennis Center,2421,2024-07-14,2266,2004-09-26,ACTIVE,2019 JOOLA North American Teams,2351.0,2390.0,2019-11-29,2019-12-01
222,Khaleel,Asgarali,270,7756,"Columbia, MD",Washington DC Table Tennis Center,2421,2024-07-14,2266,2004-09-26,ACTIVE,JOOLA North American Teams,2383.0,2375.0,2018-11-23,2018-11-25
222,Khaleel,Asgarali,270,7756,"Columbia, MD",Washington DC Table Tennis Center,2421,2024-07-14,2266,2004-09-26,ACTIVE,North American Teams,2313.0,2267.0,2003-11-30,
222,Khaleel,Asgarali,270,7756,"Columbia, MD",Washington DC Table Tennis Center,2421,2024-07-14,2266,2004-09-26,ACTIVE,1999 NA Teams 2,1938.0,1965.0,1999-11-28,
222,Khaleel,Asgarali,270,7756,"Columbia, MD",Washington DC Table Tennis Center,2421,2024-07-14,2266,2004-09-26,ACTIVE,1998 North American Teams Cham,1687.0,1778.0,1998-11-29,
225,Charles,Shen,118235,217235,"Basking Ridge, NJ",Topspin Table Tennis Club,2421,2024-08-25,2401,2024-05-17,ACTIVE,2023 JOOLA North American Teams,2381.0,2408.0,2023-11-24,2023-11-26
225,Charles,Shen,118235,217235,"Basking Ridge, NJ",Topspin Table Tennis Club,2421,2024-08-25,2401,2024-05-17,ACTIVE,2022 JOOLA North American Teams,2323.0,2291.0,2022-11-25,2022-11-27
225,Charles,Shen,118235,217235,"Basking Ridge, NJ",Topspin Table Tennis Club,2421,2024-08-25,2401,2024-05-17,ACTIVE,2021 Joola North American Team,2281.0,2157.0,2021-11-26,2021-11-28
225,Charles,Shen,118235,217235,"Basking Ridge, NJ",Topspin Table Tennis Club,2421,2024-08-25,2401,2024-05-17,ACTIVE,2019 JOOLA North American Teams,1981.0,2046.0,2019-11-29,2019-12-01
225,Charles,Shen,118235,217235,"Basking Ridge, NJ",Topspin Table Tennis Club,2421,2024-08-25,2401,2024-05-17,ACTIVE,JOOLA North American Teams,1547.0,1688.0,2018-11-23,2018-11-25
225,Charles,Shen,118235,217235,"Basking Ridge, NJ",Topspin Table Tennis Club,2421,2024-08-25,2401,2024-05-17,ACTIVE,20th Annual North American Team Championship Powered By JOOLA,624.0,1091.0,2017-11-24,2017-11-26
228,Sarah,Jalli,3396,94697,"North Canton, OH",,2418,2024-03-24,2104,2019-06-23,ACTIVE,2022 JOOLA North American Teams,2411.0,2464.0,2022-11-25,2022-11-27
228,Sarah,Jalli,3396,94697,"North Canton, OH",,2418,2024-03-24,2104,2019-06-23,ACTIVE,2019 JOOLA North American Teams,2304.0,2294.0,2019-11-29,2019-12-01
229,Diwei,Shi,7059,89048,"Katy, TX",Houston International Table Tennis Academy (HITTA),2418,2024-03-17,0,,ACTIVE,2015 JOOLA North American Teams Championships,2578.0,2575.0,2015-11-29,
229,Diwei,Shi,7059,89048,"Katy, TX",Houston International Table Tennis Academy (HITTA),2418,2024-03-17,0,,ACTIVE,2014 JOOLA North American Teams Championships,2627.0,2597.0,2014-11-30,
230,Xia,Chu,8665,95416,"Alpharetta, GA",,2418,2023-11-26,0,,ACTIVE,2023 JOOLA North American Teams,2400.0,2418.0,2023-11-24,2023-11-26
230,Xia,Chu,8665,95416,"Alpharetta, GA",,2418,2023-11-26,0,,ACTIVE,2022 JOOLA North American Teams,2394.0,2400.0,2022-11-25,2022-11-27
230,Xia,Chu,8665,95416,"Alpharetta, GA",,2418,2023-11-26,0,,ACTIVE,2019 JOOLA North American Teams,2395.0,2394.0,2019-11-29,2019-12-01
230,Xia,Chu,8665,95416,"Alpharetta, GA",,2418,2023-11-26,0,,ACTIVE,JOOLA North American Teams,2394.0,2395.0,2018-11-23,2018-11-25
230,Xia,Chu,8665,95416,"Alpharetta, GA",,2418,2023-11-26,0,,ACTIVE,2014 JOOLA North American Teams Championships,0.0,2462.0,2014-11-30,
231,Laurent,Jutras-Vigneault,165674,1165674,"Blainville, Quebec, FN",,2415,2024-06-30,2282,2024-04-14,ACTIVE,2022 JOOLA North American Teams,2274.0,2359.0,2022-11-25,2022-11-27
231,Laurent,Jutras-Vigneault,165674,1165674,"Blainville, Quebec, FN",,2415,2024-06-30,2282,2024-04-14,ACTIVE,2019 JOOLA North American Teams,1986.0,2101.0,2019-11-29,2019-12-01
232,Alex,Luo,103029,202029,"Dublin, CA",(TTA) Table Tennis America,2415,2024-09-02,2327,2024-08-18,ACTIVE,2023 JOOLA North American Teams,2444.0,2431.0,2023-11-24,2023-11-26
232,Alex,Luo,103029,202029,"Dublin, CA",(TTA) Table Tennis America,2415,2024-09-02,2327,2024-08-18,ACTIVE,2021 Joola North American Team,2087.0,2086.0,2021-11-26,2021-11-28
232,Alex,Luo,103029,202029,"Dublin, CA",(TTA) Table Tennis America,2415,2024-09-02,2327,2024-08-18,ACTIVE,2019 JOOLA North American Teams,1758.0,1831.0,2019-11-29,2019-12-01
234,Kef,Noorani,118865,217865,"Mountain View, CA",888 Table Tennis Center,2414,2024-07-07,2273,2024-08-25,ACTIVE,2023 JOOLA North American Teams,2293.0,2325.0,2023-11-24,2023-11-26
234,Kef,Noorani,118865,217865,"Mountain View, CA",888 Table Tennis Center,2414,2024-07-07,2273,2024-08-25,ACTIVE,2022 JOOLA North American Teams,2118.0,2222.0,2022-11-25,2022-11-27
234,Kef,Noorani,118865,217865,"Mountain View, CA",888 Table Tennis Center,2414,2024-07-07,2273,2024-08-25,ACTIVE,2021 Joola North American Team,1950.0,2141.0,2021-11-26,2021-11-28
237,John James,Alto,155,30755,"San Diego, CA",Learning Tree Table Tennis Club,2413,2024-08-04,2344,2024-07-12,ACTIVE,2023 JOOLA North American Teams,2343.0,2423.0,2023-11-24,2023-11-26
237,John James,Alto,155,30755,"San Diego, CA",Learning Tree Table Tennis Club,2413,2024-08-04,2344,2024-07-12,ACTIVE,2021 Joola North American Team,2368.0,2384.0,2021-11-26,2021-11-28
237,John James,Alto,155,30755,"San Diego, CA",Learning Tree Table Tennis Club,2413,2024-08-04,2344,2024-07-12,ACTIVE,2019 JOOLA North American Teams,2265.0,2313.0,2019-11-29,2019-12-01
238,Kai,Zarehbin,8975,91905,"Oakland, CA",ICC Table Tennis Center,2411,2024-08-25,2279,2024-07-20,ACTIVE,2023 JOOLA North American Teams,2485.0,2458.0,2023-11-24,2023-11-26
238,Kai,Zarehbin,8975,91905,"Oakland, CA",ICC Table Tennis Center,2411,2024-08-25,2279,2024-07-20,ACTIVE,2021 Joola North American Team,2432.0,2450.0,2021-11-26,2021-11-28
238,Kai,Zarehbin,8975,91905,"Oakland, CA",ICC Table Tennis Center,2411,2024-08-25,2279,2024-07-20,ACTIVE,JOOLA North American Teams,2279.0,2302.0,2018-11-23,2018-11-25
238,Kai,Zarehbin,8975,91905,"Oakland, CA",ICC Table Tennis Center,2411,2024-08-25,2279,2024-07-20,ACTIVE,20th Annual North American Team Championship Powered By JOOLA,2218.0,2345.0,2017-11-24,2017-11-26
238,Kai,Zarehbin,8975,91905,"Oakland, CA",ICC Table Tennis Center,2411,2024-08-25,2279,2024-07-20,ACTIVE,2016 JOOLA NA Teams,2149.0,2234.0,2016-11-25,2016-11-27
241,Aryan,Jha,112736,211736,"Lexington, MA",,2409,2024-06-30,2032,2019-10-15,ACTIVE,2023 JOOLA North American Teams,2389.0,2413.0,2023-11-24,2023-11-26
241,Aryan,Jha,112736,211736,"Lexington, MA",,2409,2024-06-30,2032,2019-10-15,ACTIVE,2022 JOOLA North American Teams,2298.0,2278.0,2022-11-25,2022-11-27
241,Aryan,Jha,112736,211736,"Lexington, MA",,2409,2024-06-30,2032,2019-10-15,ACTIVE,2019 JOOLA North American Teams,2005.0,2003.0,2019-11-29,2019-12-01
241,Aryan,Jha,112736,211736,"Lexington, MA",,2409,2024-06-30,2032,2019-10-15,ACTIVE,JOOLA North American Teams,1888.0,1905.0,2018-11-23,2018-11-25
241,Aryan,Jha,112736,211736,"Lexington, MA",,2409,2024-06-30,2032,2019-10-15,ACTIVE,20th Annual North American Team Championship Powered By JOOLA,1500.0,1450.0,2017-11-24,2017-11-26
242,Gabriel,Perez,6083,92744,Guaynabo,,2409,2024-04-14,0,,ACTIVE,2019 JOOLA North American Teams,2302.0,2320.0,2019-11-29,2019-12-01
242,Gabriel,Perez,6083,92744,Guaynabo,,2409,2024-04-14,0,,ACTIVE,JOOLA North American Teams,2229.0,2352.0,2018-11-23,2018-11-25
242,Gabriel,Perez,6083,92744,Guaynabo,,2409,2024-04-14,0,,ACTIVE,20th Annual North American Team Championship Powered By JOOLA,2238.0,2205.0,2017-11-24,2017-11-26
242,Gabriel,Perez,6083,92744,Guaynabo,,2409,2024-04-14,0,,ACTIVE,2016 JOOLA NA Teams,2103.0,2255.0,2016-11-25,2016-11-27
242,Gabriel,Perez,6083,92744,Guaynabo,,2409,2024-04-14,0,,ACTIVE,2015 JOOLA North American Teams Championships,2073.0,2098.0,2015-11-29,
242,Gabriel,Perez,6083,92744,Guaynabo,,2409,2024-04-14,0,,ACTIVE,2014 JOOLA North American Teams Championships,1212.0,1666.0,2014-11-30,
243,Greg,Bartz,11466,110466,"Edgewater, NJ",Han-In Table Tennis Club,2409,2024-07-07,2500,2024-06-21,ACTIVE,2023 JOOLA North American Teams,2405.0,2408.0,2023-11-24,2023-11-26
243,Greg,Bartz,11466,110466,"Edgewater, NJ",Han-In Table Tennis Club,2409,2024-07-07,2500,2024-06-21,ACTIVE,2019 JOOLA North American Teams,2405.0,2391.0,2019-11-29,2019-12-01
243,Greg,Bartz,11466,110466,"Edgewater, NJ",Han-In Table Tennis Club,2409,2024-07-07,2500,2024-06-21,ACTIVE,JOOLA North American Teams,2353.0,2391.0,2018-11-23,2018-11-25
243,Greg,Bartz,11466,110466,"Edgewater, NJ",Han-In Table Tennis Club,2409,2024-07-07,2500,2024-06-21,ACTIVE,20th Annual North American Team Championship Powered By JOOLA,2318.0,2361.0,2017-11-24,2017-11-26
244,Jonathan,Ou,5859,73748,"Bellevue, WA",Atlanta International Table Tennis Academy,2408,2024-09-02,0,,ACTIVE,2022 JOOLA North American Teams,2439.0,2442.0,2022-11-25,2022-11-27
244,Jonathan,Ou,5859,73748,"Bellevue, WA",Atlanta International Table Tennis Academy,2408,2024-09-02,0,,ACTIVE,2021 Joola North American Team,2400.0,2444.0,2021-11-26,2021-11-28
245,Seonbeom,Huh,178381,1178381,"Cornwall-on-Hudson, NY",,2406,2024-06-30,2439,2023-11-17,ACTIVE,2023 JOOLA North American Teams,2449.0,2498.0,2023-11-24,2023-11-26
248,Derron,Douglas,120232,219232,"Fort Worth, TX",Fort Worth Table Tennis Club,2401,2024-04-28,2157,2023-03-12,ACTIVE,2023 JOOLA North American Teams,2221.0,2428.0,2023-11-24,2023-11-26
252,Khai,Dinh,164521,263521,"Silver Spring, MD",,2399,2024-08-03,2450,2019-03-05,ACTIVE,2023 JOOLA North American Teams,2356.0,2393.0,2023-11-24,2023-11-26
252,Khai,Dinh,164521,263521,"Silver Spring, MD",,2399,2024-08-03,2450,2019-03-05,ACTIVE,2022 JOOLA North American Teams,2287.0,2366.0,2022-11-25,2022-11-27
252,Khai,Dinh,164521,263521,"Silver Spring, MD",,2399,2024-08-03,2450,2019-03-05,ACTIVE,2019 JOOLA North American Teams,2149.0,2254.0,2019-11-29,2019-12-01
254,Connor,Lee,98388,197388,"Tenafly, NJ",,2397,2024-08-04,2359,2024-06-21,ACTIVE,2023 JOOLA North American Teams,2366.0,2375.0,2023-11-24,2023-11-26
254,Connor,Lee,98388,197388,"Tenafly, NJ",,2397,2024-08-04,2359,2024-06-21,ACTIVE,2022 JOOLA North American Teams,2370.0,2334.0,2022-11-25,2022-11-27
254,Connor,Lee,98388,197388,"Tenafly, NJ",,2397,2024-08-04,2359,2024-06-21,ACTIVE,2021 Joola North American Team,2315.0,2328.0,2021-11-26,2021-11-28
254,Connor,Lee,98388,197388,"Tenafly, NJ",,2397,2024-08-04,2359,2024-06-21,ACTIVE,2019 JOOLA North American Teams,2094.0,2226.0,2019-11-29,2019-12-01
254,Connor,Lee,98388,197388,"Tenafly, NJ",,2397,2024-08-04,2359,2024-06-21,ACTIVE,JOOLA North American Teams,2052.0,2060.0,2018-11-23,2018-11-25
254,Connor,Lee,98388,197388,"Tenafly, NJ",,2397,2024-08-04,2359,2024-06-21,ACTIVE,20th Annual North American Team Championship Powered By JOOLA,1872.0,1989.0,2017-11-24,2017-11-26
257,Allen,Wang,8220,69905,"Sewell, NJ",Flick! Table Tennis Performance Center,2395,2019-03-01,2356,2015-06-24,ACTIVE,20th Annual North American Team Championship Powered By JOOLA,2434.0,2360.0,2017-11-24,2017-11-26
257,Allen,Wang,8220,69905,"Sewell, NJ",Flick! Table Tennis Performance Center,2395,2019-03-01,2356,2015-06-24,ACTIVE,2016 JOOLA NA Teams,2497.0,2487.0,2016-11-25,2016-11-27
257,Allen,Wang,8220,69905,"Sewell, NJ",Flick! Table Tennis Performance Center,2395,2019-03-01,2356,2015-06-24,ACTIVE,2015 JOOLA North American Teams Championships,2457.0,2497.0,2015-11-29,
257,Allen,Wang,8220,69905,"Sewell, NJ",Flick! Table Tennis Performance Center,2395,2019-03-01,2356,2015-06-24,ACTIVE,2014 JOOLA North American Teams Championships,2380.0,2470.0,2014-11-30,
260,Jiaqi,Lin,131877,230877,"Fort Worth, TX",Fort Worth Table Tennis Club,2392,2024-04-28,0,,ACTIVE,JOOLA North American Teams,0.0,2028.0,2018-11-23,2018-11-25
262,Ryan,Lin,121032,220032,"Potomac, MD",MDTTC - Maryland Table Tennis Center,2389,2024-08-25,2258,2023-01-27,ACTIVE,2021 Joola North American Team,2106.0,2176.0,2021-11-26,2021-11-28
262,Ryan,Lin,121032,220032,"Potomac, MD",MDTTC - Maryland Table Tennis Center,2389,2024-08-25,2258,2023-01-27,ACTIVE,2019 JOOLA North American Teams,1569.0,1775.0,2019-11-29,2019-12-01
262,Ryan,Lin,121032,220032,"Potomac, MD",MDTTC - Maryland Table Tennis Center,2389,2024-08-25,2258,2023-01-27,ACTIVE,JOOLA North American Teams,822.0,1005.0,2018-11-23,2018-11-25
264,Ethan,Liu,4607,91756,"Albany, CA",888 Table Tennis Center,2389,2024-09-02,2294,2023-08-27,ACTIVE,2022 JOOLA North American Teams,2362.0,2351.0,2022-11-25,2022-11-27
265,Eliel,Sosis,7327,94640,"Sharon, MA",,2388,2024-07-07,2240,2024-06-29,ACTIVE,2019 JOOLA North American Teams,2303.0,2305.0,2019-11-29,2019-12-01
265,Eliel,Sosis,7327,94640,"Sharon, MA",,2388,2024-07-07,2240,2024-06-29,ACTIVE,JOOLA North American Teams,2283.0,2375.0,2018-11-23,2018-11-25
266,Daniel,Ng,5591,88317,"Duluth, GA",,2388,2023-11-26,2305,2019-04-06,ACTIVE,2023 JOOLA North American Teams,2393.0,2388.0,2023-11-24,2023-11-26
266,Daniel,Ng,5591,88317,"Duluth, GA",,2388,2023-11-26,2305,2019-04-06,ACTIVE,2022 JOOLA North American Teams,2404.0,2393.0,2022-11-25,2022-11-27
266,Daniel,Ng,5591,88317,"Duluth, GA",,2388,2023-11-26,2305,2019-04-06,ACTIVE,2021 Joola North American Team,2326.0,2404.0,2021-11-26,2021-11-28
266,Daniel,Ng,5591,88317,"Duluth, GA",,2388,2023-11-26,2305,2019-04-06,ACTIVE,2019 JOOLA North American Teams,2290.0,2326.0,2019-11-29,2019-12-01
266,Daniel,Ng,5591,88317,"Duluth, GA",,2388,2023-11-26,2305,2019-04-06,ACTIVE,JOOLA North American Teams,2250.0,2338.0,2018-11-23,2018-11-25
266,Daniel,Ng,5591,88317,"Duluth, GA",,2388,2023-11-26,2305,2019-04-06,ACTIVE,20th Annual North American Team Championship Powered By JOOLA,2168.0,2218.0,2017-11-24,2017-11-26
266,Daniel,Ng,5591,88317,"Duluth, GA",,2388,2023-11-26,2305,2019-04-06,ACTIVE,2016 JOOLA NA Teams,2068.0,2227.0,2016-11-25,2016-11-27
266,Daniel,Ng,5591,88317,"Duluth, GA",,2388,2023-11-26,2305,2019-04-06,ACTIVE,2015 JOOLA North American Teams Championships,1981.0,2044.0,2015-11-29,
266,Daniel,Ng,5591,88317,"Duluth, GA",,2388,2023-11-26,2305,2019-04-06,ACTIVE,2014 JOOLA North American Teams Championships,2125.0,1933.0,2014-11-30,
270,Yadier,Lopez,169108,1169108,Utuado,,2385,2024-07-28,0,,ACTIVE,2022 JOOLA North American Teams,2338.0,2299.0,2022-11-25,2022-11-27
274,Steve,Nguyen,38391,39842,"Laguna Hills, CA",,2381,2018-03-02,2264,2013-09-28,ACTIVE,North American Teams,2371.0,2221.0,2003-11-30,
276,Chase,Bockoven,12543,70138,"Acton, MA",C&C Table Tennis,2381,2021-11-28,2362,2020-06-26,ACTIVE,2021 Joola North American Team,2408.0,2381.0,2021-11-26,2021-11-28
276,Chase,Bockoven,12543,70138,"Acton, MA",C&C Table Tennis,2381,2021-11-28,2362,2020-06-26,ACTIVE,20th Annual North American Team Championship Powered By JOOLA,2259.0,2291.0,2017-11-24,2017-11-26
276,Chase,Bockoven,12543,70138,"Acton, MA",C&C Table Tennis,2381,2021-11-28,2362,2020-06-26,ACTIVE,2016 JOOLA NA Teams,2313.0,2214.0,2016-11-25,2016-11-27
276,Chase,Bockoven,12543,70138,"Acton, MA",C&C Table Tennis,2381,2021-11-28,2362,2020-06-26,ACTIVE,2014 JOOLA North American Teams Championships,2228.0,2329.0,2014-11-30,
277,Viktorian,Subonj,7487,4479,"Sugar Land, TX",Houston Table Tennis Association Inc.,2379,2024-02-03,0,,ACTIVE,1998 North American Teams Cham,2471.0,2520.0,1998-11-29,
279,Kayla,Goodwin,2552,92550,"Englewood, FL",Tampa TTC,2378,2024-07-28,2192,2024-01-07,ACTIVE,2023 JOOLA North American Teams,2280.0,2269.0,2023-11-24,2023-11-26
279,Kayla,Goodwin,2552,92550,"Englewood, FL",Tampa TTC,2378,2024-07-28,2192,2024-01-07,ACTIVE,2022 JOOLA North American Teams,2229.0,2122.0,2022-11-25,2022-11-27
280,Rachid,El Boubou,19688,92375,"Morrisville, OK",,2376,2024-08-11,0,,ACTIVE,2022 JOOLA North American Teams,2324.0,2364.0,2022-11-25,2022-11-27
281,Alex,Averin,309,81774,"Garwood, NJ",PINGPOD,2374,2024-08-25,2486,2024-09-06,ACTIVE,2023 JOOLA North American Teams,2397.0,2420.0,2023-11-24,2023-11-26
281,Alex,Averin,309,81774,"Garwood, NJ",PINGPOD,2374,2024-08-25,2486,2024-09-06,ACTIVE,2022 JOOLA North American Teams,2298.0,2331.0,2022-11-25,2022-11-27
281,Alex,Averin,309,81774,"Garwood, NJ",PINGPOD,2374,2024-08-25,2486,2024-09-06,ACTIVE,2021 Joola North American Team,2454.0,2432.0,2021-11-26,2021-11-28
281,Alex,Averin,309,81774,"Garwood, NJ",PINGPOD,2374,2024-08-25,2486,2024-09-06,ACTIVE,2019 JOOLA North American Teams,2340.0,2291.0,2019-11-29,2019-12-01
281,Alex,Averin,309,81774,"Garwood, NJ",PINGPOD,2374,2024-08-25,2486,2024-09-06,ACTIVE,JOOLA North American Teams,2277.0,2268.0,2018-11-23,2018-11-25
283,Isabella,Xu,102353,98155,"Cary, NC",NC International Table Tennis (NCITT),2374,2024-08-04,2299,2024-05-17,ACTIVE,2023 JOOLA North American Teams,2277.0,2189.0,2023-11-24,2023-11-26
283,Isabella,Xu,102353,98155,"Cary, NC",NC International Table Tennis (NCITT),2374,2024-08-04,2299,2024-05-17,ACTIVE,2022 JOOLA North American Teams,2331.0,2247.0,2022-11-25,2022-11-27
283,Isabella,Xu,102353,98155,"Cary, NC",NC International Table Tennis (NCITT),2374,2024-08-04,2299,2024-05-17,ACTIVE,2021 Joola North American Team,2185.0,2217.0,2021-11-26,2021-11-28
283,Isabella,Xu,102353,98155,"Cary, NC",NC International Table Tennis (NCITT),2374,2024-08-04,2299,2024-05-17,ACTIVE,2019 JOOLA North American Teams,2097.0,2039.0,2019-11-29,2019-12-01
283,Isabella,Xu,102353,98155,"Cary, NC",NC International Table Tennis (NCITT),2374,2024-08-04,2299,2024-05-17,ACTIVE,JOOLA North American Teams,1919.0,1822.0,2018-11-23,2018-11-25
283,Isabella,Xu,102353,98155,"Cary, NC",NC International Table Tennis (NCITT),2374,2024-08-04,2299,2024-05-17,ACTIVE,20th Annual North American Team Championship Powered By JOOLA,1791.0,1639.0,2017-11-24,2017-11-26
283,Isabella,Xu,102353,98155,"Cary, NC",NC International Table Tennis (NCITT),2374,2024-08-04,2299,2024-05-17,ACTIVE,2016 JOOLA NA Teams,315.0,495.0,2016-11-25,2016-11-27
286,Wantong,Liu,4667,84582,"Katy, TX",Houston International Table Tennis Academy (HITTA),2372,2024-03-17,0,,ACTIVE,2015 JOOLA North American Teams Championships,2376.0,2333.0,2015-11-29,
286,Wantong,Liu,4667,84582,"Katy, TX",Houston International Table Tennis Academy (HITTA),2372,2024-03-17,0,,ACTIVE,2014 JOOLA North American Teams Championships,2375.0,2378.0,2014-11-30,
289,Jose,Nieves,132364,1132364,San Juan,,2370,2024-04-14,0,,ACTIVE,2019 JOOLA North American Teams,2007.0,2104.0,2019-11-29,2019-12-01
289,Jose,Nieves,132364,1132364,San Juan,,2370,2024-04-14,0,,ACTIVE,JOOLA North American Teams,0.0,2007.0,2018-11-23,2018-11-25
292,Raymond,Zhu,102385,98266,"San Jose, CA",888 Table Tennis Center,2366,2024-09-02,2266,2024-04-21,ACTIVE,2022 JOOLA North American Teams,2210.0,2267.0,2022-11-25,2022-11-27
294,Wilson,Wei,52433,73216,"Flushing, NY",,2365,2023-11-26,2251,2017-05-20,ACTIVE,2023 JOOLA North American Teams,2360.0,2365.0,2023-11-24,2023-11-26
294,Wilson,Wei,52433,73216,"Flushing, NY",,2365,2023-11-26,2251,2017-05-20,ACTIVE,2022 JOOLA North American Teams,2329.0,2350.0,2022-11-25,2022-11-27
294,Wilson,Wei,52433,73216,"Flushing, NY",,2365,2023-11-26,2251,2017-05-20,ACTIVE,2021 Joola North American Team,2326.0,2329.0,2021-11-26,2021-11-28
294,Wilson,Wei,52433,73216,"Flushing, NY",,2365,2023-11-26,2251,2017-05-20,ACTIVE,2019 JOOLA North American Teams,2321.0,2291.0,2019-11-29,2019-12-01
294,Wilson,Wei,52433,73216,"Flushing, NY",,2365,2023-11-26,2251,2017-05-20,ACTIVE,JOOLA North American Teams,2337.0,2328.0,2018-11-23,2018-11-25
294,Wilson,Wei,52433,73216,"Flushing, NY",,2365,2023-11-26,2251,2017-05-20,ACTIVE,2016 JOOLA NA Teams,2294.0,2337.0,2016-11-25,2016-11-27
294,Wilson,Wei,52433,73216,"Flushing, NY",,2365,2023-11-26,2251,2017-05-20,ACTIVE,2014 JOOLA North American Teams Championships,2355.0,2444.0,2014-11-30,
295,Max,Ji,112695,211695,vancouver,,2362,2023-11-26,0,,ACTIVE,2023 JOOLA North American Teams,2387.0,2362.0,2023-11-24,2023-11-26
295,Max,Ji,112695,211695,vancouver,,2362,2023-11-26,0,,ACTIVE,2022 JOOLA North American Teams,2369.0,2404.0,2022-11-25,2022-11-27
296,Alex,Wu,8610,92296,"San Diego, CA",Learning Tree Table Tennis Club,2361,2024-08-04,2347,2024-09-06,ACTIVE,2023 JOOLA North American Teams,2324.0,2362.0,2023-11-24,2023-11-26
296,Alex,Wu,8610,92296,"San Diego, CA",Learning Tree Table Tennis Club,2361,2024-08-04,2347,2024-09-06,ACTIVE,2022 JOOLA North American Teams,2363.0,2272.0,2022-11-25,2022-11-27
296,Alex,Wu,8610,92296,"San Diego, CA",Learning Tree Table Tennis Club,2361,2024-08-04,2347,2024-09-06,ACTIVE,2019 JOOLA North American Teams,2398.0,2395.0,2019-11-29,2019-12-01
297,Lucy,Chen,113153,212153,"Glen Head, NY",,2360,2024-06-16,2157,2020-02-28,ACTIVE,2022 JOOLA North American Teams,2346.0,2307.0,2022-11-25,2022-11-27
297,Lucy,Chen,113153,212153,"Glen Head, NY",,2360,2024-06-16,2157,2020-02-28,ACTIVE,2021 Joola North American Team,2253.0,2307.0,2021-11-26,2021-11-28
297,Lucy,Chen,113153,212153,"Glen Head, NY",,2360,2024-06-16,2157,2020-02-28,ACTIVE,2019 JOOLA North American Teams,2118.0,2197.0,2019-11-29,2019-12-01
298,Rachel,Wang,8298,96633,"Apex, NC",Carolina International Table Tennis Academy (CITTA),2359,2024-05-27,1663,2018-07-27,ACTIVE,2023 JOOLA North American Teams,2247.0,2253.0,2023-11-24,2023-11-26
298,Rachel,Wang,8298,96633,"Apex, NC",Carolina International Table Tennis Academy (CITTA),2359,2024-05-27,1663,2018-07-27,ACTIVE,2021 Joola North American Team,2260.0,2226.0,2021-11-26,2021-11-28
298,Rachel,Wang,8298,96633,"Apex, NC",Carolina International Table Tennis Academy (CITTA),2359,2024-05-27,1663,2018-07-27,ACTIVE,2019 JOOLA North American Teams,2078.0,2073.0,2019-11-29,2019-12-01
298,Rachel,Wang,8298,96633,"Apex, NC",Carolina International Table Tennis Academy (CITTA),2359,2024-05-27,1663,2018-07-27,ACTIVE,JOOLA North American Teams,1708.0,1702.0,2018-11-23,2018-11-25
299,Yashraj,Shah,118130,217130,"Iselin, NJ",Lily Yip Table Tennis Center,2357,2024-08-25,2370,2024-09-06,ACTIVE,2023 JOOLA North American Teams,2403.0,2361.0,2023-11-24,2023-11-26
299,Yashraj,Shah,118130,217130,"Iselin, NJ",Lily Yip Table Tennis Center,2357,2024-08-25,2370,2024-09-06,ACTIVE,2022 JOOLA North American Teams,2238.0,2301.0,2022-11-25,2022-11-27
299,Yashraj,Shah,118130,217130,"Iselin, NJ",Lily Yip Table Tennis Center,2357,2024-08-25,2370,2024-09-06,ACTIVE,2021 Joola North American Team,2128.0,2056.0,2021-11-26,2021-11-28
302,Dhruv,Chopra,113806,212806,"Robbinsville, NJ",Lily Yip Table Tennis Center,2353,2024-08-11,2328,2024-08-23,ACTIVE,2023 JOOLA North American Teams,2216.0,2296.0,2023-11-24,2023-11-26
302,Dhruv,Chopra,113806,212806,"Robbinsville, NJ",Lily Yip Table Tennis Center,2353,2024-08-11,2328,2024-08-23,ACTIVE,2022 JOOLA North American Teams,2154.0,2231.0,2022-11-25,2022-11-27
302,Dhruv,Chopra,113806,212806,"Robbinsville, NJ",Lily Yip Table Tennis Center,2353,2024-08-11,2328,2024-08-23,ACTIVE,2021 Joola North American Team,1927.0,2065.0,2021-11-26,2021-11-28
302,Dhruv,Chopra,113806,212806,"Robbinsville, NJ",Lily Yip Table Tennis Center,2353,2024-08-11,2328,2024-08-23,ACTIVE,2019 JOOLA North American Teams,1732.0,1916.0,2019-11-29,2019-12-01
302,Dhruv,Chopra,113806,212806,"Robbinsville, NJ",Lily Yip Table Tennis Center,2353,2024-08-11,2328,2024-08-23,ACTIVE,JOOLA North American Teams,1148.0,1454.0,2018-11-23,2018-11-25
308,Arthur,Cohen,16632,19551,"Brooklyn, NY",Nison's Table Tennis School,2350,2023-11-26,2204,2013-11-24,ACTIVE,2023 JOOLA North American Teams,2279.0,2350.0,2023-11-24,2023-11-26
308,Arthur,Cohen,16632,19551,"Brooklyn, NY",Nison's Table Tennis School,2350,2023-11-26,2204,2013-11-24,ACTIVE,2022 JOOLA North American Teams,2282.0,2283.0,2022-11-25,2022-11-27
308,Arthur,Cohen,16632,19551,"Brooklyn, NY",Nison's Table Tennis School,2350,2023-11-26,2204,2013-11-24,ACTIVE,2021 Joola North American Team,2265.0,2266.0,2021-11-26,2021-11-28
310,Khoa,Nguyen,5640,8683,"San Jose, CA",,2348,2023-10-08,2434,2014-03-01,ACTIVE,North American Teams,2578.0,2546.0,2003-11-30,
312,Ramana,Vaidya,176992,275992,,,2348,2024-09-02,2166,2023-03-25,ACTIVE,2023 JOOLA North American Teams,2226.0,2395.0,2023-11-24,2023-11-26
313,Sean,Chen,112679,211679,"New York, NY",New York Indoor Sports Club,2347,2024-02-03,2175,2020-02-07,ACTIVE,2023 JOOLA North American Teams,2353.0,2359.0,2023-11-24,2023-11-26
313,Sean,Chen,112679,211679,"New York, NY",New York Indoor Sports Club,2347,2024-02-03,2175,2020-02-07,ACTIVE,2022 JOOLA North American Teams,2377.0,2414.0,2022-11-25,2022-11-27
313,Sean,Chen,112679,211679,"New York, NY",New York Indoor Sports Club,2347,2024-02-03,2175,2020-02-07,ACTIVE,2021 Joola North American Team,2338.0,2315.0,2021-11-26,2021-11-28
313,Sean,Chen,112679,211679,"New York, NY",New York Indoor Sports Club,2347,2024-02-03,2175,2020-02-07,ACTIVE,2019 JOOLA North American Teams,2072.0,2169.0,2019-11-29,2019-12-01
313,Sean,Chen,112679,211679,"New York, NY",New York Indoor Sports Club,2347,2024-02-03,2175,2020-02-07,ACTIVE,JOOLA North American Teams,1914.0,1963.0,2018-11-23,2018-11-25
313,Sean,Chen,112679,211679,"New York, NY",New York Indoor Sports Club,2347,2024-02-03,2175,2020-02-07,ACTIVE,20th Annual North American Team Championship Powered By JOOLA,1140.0,1283.0,2017-11-24,2017-11-26
314,Khoi,Dinh,164522,263522,"Silver Spring, MD",Washington DC Table Tennis Center,2347,2024-08-03,2450,2019-03-05,ACTIVE,2023 JOOLA North American Teams,2392.0,2282.0,2023-11-24,2023-11-26
314,Khoi,Dinh,164522,263522,"Silver Spring, MD",Washington DC Table Tennis Center,2347,2024-08-03,2450,2019-03-05,ACTIVE,2022 JOOLA North American Teams,2310.0,2378.0,2022-11-25,2022-11-27
314,Khoi,Dinh,164522,263522,"Silver Spring, MD",Washington DC Table Tennis Center,2347,2024-08-03,2450,2019-03-05,ACTIVE,2021 Joola North American Team,2359.0,2367.0,2021-11-26,2021-11-28
314,Khoi,Dinh,164522,263522,"Silver Spring, MD",Washington DC Table Tennis Center,2347,2024-08-03,2450,2019-03-05,ACTIVE,2019 JOOLA North American Teams,2371.0,2357.0,2019-11-29,2019-12-01
315,Yao,Tang,168377,1168377,"San Jose, CA",Super Spin Table Tennis Club,2347,2024-06-22,2391,2023-09-23,ACTIVE,2023 JOOLA North American Teams,2290.0,2304.0,2023-11-24,2023-11-26
318,Michael,Guo,122417,221417,"Katy, TX","Chinese Community Center, Inc.",2346,2024-02-18,2275,2024-02-24,ACTIVE,2022 JOOLA North American Teams,2360.0,2319.0,2022-11-25,2022-11-27
318,Michael,Guo,122417,221417,"Katy, TX","Chinese Community Center, Inc.",2346,2024-02-18,2275,2024-02-24,ACTIVE,2021 Joola North American Team,2207.0,2311.0,2021-11-26,2021-11-28
318,Michael,Guo,122417,221417,"Katy, TX","Chinese Community Center, Inc.",2346,2024-02-18,2275,2024-02-24,ACTIVE,2019 JOOLA North American Teams,1888.0,2053.0,2019-11-29,2019-12-01
318,Michael,Guo,122417,221417,"Katy, TX","Chinese Community Center, Inc.",2346,2024-02-18,2275,2024-02-24,ACTIVE,JOOLA North American Teams,1479.0,1650.0,2018-11-23,2018-11-25
320,Angie,Tan,7635,87830,"Milpitas, CA",888 Table Tennis Center,2346,2024-07-07,2269,2022-06-18,ACTIVE,2023 JOOLA North American Teams,2405.0,2357.0,2023-11-24,2023-11-26
320,Angie,Tan,7635,87830,"Milpitas, CA",888 Table Tennis Center,2346,2024-07-07,2269,2022-06-18,ACTIVE,2015 JOOLA North American Teams Championships,2079.0,2117.0,2015-11-29,
321,Tahl,Leibovitz,4316,59922,"Ozone Park, NY",PingPod Lower East Side,2345,2024-08-11,2389,2022-04-08,ACTIVE,2022 JOOLA North American Teams,2362.0,2367.0,2022-11-25,2022-11-27
321,Tahl,Leibovitz,4316,59922,"Ozone Park, NY",PingPod Lower East Side,2345,2024-08-11,2389,2022-04-08,ACTIVE,2021 Joola North American Team,2397.0,2432.0,2021-11-26,2021-11-28
321,Tahl,Leibovitz,4316,59922,"Ozone Park, NY",PingPod Lower East Side,2345,2024-08-11,2389,2022-04-08,ACTIVE,2019 JOOLA North American Teams,2458.0,2440.0,2019-11-29,2019-12-01
321,Tahl,Leibovitz,4316,59922,"Ozone Park, NY",PingPod Lower East Side,2345,2024-08-11,2389,2022-04-08,ACTIVE,JOOLA North American Teams,2503.0,2480.0,2018-11-23,2018-11-25
321,Tahl,Leibovitz,4316,59922,"Ozone Park, NY",PingPod Lower East Side,2345,2024-08-11,2389,2022-04-08,ACTIVE,20th Annual North American Team Championship Powered By JOOLA,2516.0,2503.0,2017-11-24,2017-11-26
321,Tahl,Leibovitz,4316,59922,"Ozone Park, NY",PingPod Lower East Side,2345,2024-08-11,2389,2022-04-08,ACTIVE,2015 JOOLA North American Teams Championships,2436.0,2431.0,2015-11-29,
321,Tahl,Leibovitz,4316,59922,"Ozone Park, NY",PingPod Lower East Side,2345,2024-08-11,2389,2022-04-08,ACTIVE,2014 JOOLA North American Teams Championships,2445.0,2444.0,2014-11-30,
321,Tahl,Leibovitz,4316,59922,"Ozone Park, NY",PingPod Lower East Side,2345,2024-08-11,2389,2022-04-08,ACTIVE,North American Teams,2465.0,2451.0,2003-11-30,
321,Tahl,Leibovitz,4316,59922,"Ozone Park, NY",PingPod Lower East Side,2345,2024-08-11,2389,2022-04-08,ACTIVE,1999 NA Teams 2,2372.0,2411.0,1999-11-28,
321,Tahl,Leibovitz,4316,59922,"Ozone Park, NY",PingPod Lower East Side,2345,2024-08-11,2389,2022-04-08,ACTIVE,1998 North American Teams Cham,2367.0,2351.0,1998-11-29,
322,Arnav,Jain,99566,198566,"Edison, NJ",Lily Yip Table Tennis Center,2345,2024-08-25,2491,2024-09-06,ACTIVE,2023 JOOLA North American Teams,2340.0,2353.0,2023-11-24,2023-11-26
322,Arnav,Jain,99566,198566,"Edison, NJ",Lily Yip Table Tennis Center,2345,2024-08-25,2491,2024-09-06,ACTIVE,2022 JOOLA North American Teams,2205.0,2315.0,2022-11-25,2022-11-27
322,Arnav,Jain,99566,198566,"Edison, NJ",Lily Yip Table Tennis Center,2345,2024-08-25,2491,2024-09-06,ACTIVE,2021 Joola North American Team,2060.0,2116.0,2021-11-26,2021-11-28
322,Arnav,Jain,99566,198566,"Edison, NJ",Lily Yip Table Tennis Center,2345,2024-08-25,2491,2024-09-06,ACTIVE,2019 JOOLA North American Teams,1507.0,1599.0,2019-11-29,2019-12-01
322,Arnav,Jain,99566,198566,"Edison, NJ",Lily Yip Table Tennis Center,2345,2024-08-25,2491,2024-09-06,ACTIVE,JOOLA North American Teams,1017.0,1165.0,2018-11-23,2018-11-25
322,Arnav,Jain,99566,198566,"Edison, NJ",Lily Yip Table Tennis Center,2345,2024-08-25,2491,2024-09-06,ACTIVE,20th Annual North American Team Championship Powered By JOOLA,402.0,735.0,2017-11-24,2017-11-26
324,Min kyun,Kim,29238,1207,"Suwanee, GA",MK Georgia Table Tennis,2344,2018-03-02,0,,ACTIVE,2016 JOOLA NA Teams,2157.0,2344.0,2016-11-25,2016-11-27
324,Min kyun,Kim,29238,1207,"Suwanee, GA",MK Georgia Table Tennis,2344,2018-03-02,0,,ACTIVE,2014 JOOLA North American Teams Championships,2169.0,2157.0,2014-11-30,
326,Jordan,Grewal,166826,1166826,Mississauga,,2343,2023-11-26,0,,ACTIVE,2023 JOOLA North American Teams,2368.0,2343.0,2023-11-24,2023-11-26
326,Jordan,Grewal,166826,1166826,Mississauga,,2343,2023-11-26,0,,ACTIVE,2022 JOOLA North American Teams,2332.0,2381.0,2022-11-25,2022-11-27
326,Jordan,Grewal,166826,1166826,Mississauga,,2343,2023-11-26,0,,ACTIVE,2021 Joola North American Team,2164.0,2357.0,2021-11-26,2021-11-28
327,Andrew,Yang,8756,93696,"Suwanee, GA",Atlanta International Table Tennis Academy,2342,2024-07-14,0,,ACTIVE,2023 JOOLA North American Teams,2336.0,2321.0,2023-11-24,2023-11-26
327,Andrew,Yang,8756,93696,"Suwanee, GA",Atlanta International Table Tennis Academy,2342,2024-07-14,0,,ACTIVE,2022 JOOLA North American Teams,2297.0,2314.0,2022-11-25,2022-11-27
327,Andrew,Yang,8756,93696,"Suwanee, GA",Atlanta International Table Tennis Academy,2342,2024-07-14,0,,ACTIVE,2021 Joola North American Team,2198.0,2313.0,2021-11-26,2021-11-28
327,Andrew,Yang,8756,93696,"Suwanee, GA",Atlanta International Table Tennis Academy,2342,2024-07-14,0,,ACTIVE,2019 JOOLA North American Teams,2149.0,2155.0,2019-11-29,2019-12-01
327,Andrew,Yang,8756,93696,"Suwanee, GA",Atlanta International Table Tennis Academy,2342,2024-07-14,0,,ACTIVE,JOOLA North American Teams,1985.0,2184.0,2018-11-23,2018-11-25
327,Andrew,Yang,8756,93696,"Suwanee, GA",Atlanta International Table Tennis Academy,2342,2024-07-14,0,,ACTIVE,20th Annual North American Team Championship Powered By JOOLA,1914.0,2082.0,2017-11-24,2017-11-26
327,Andrew,Yang,8756,93696,"Suwanee, GA",Atlanta International Table Tennis Academy,2342,2024-07-14,0,,ACTIVE,2016 JOOLA NA Teams,1821.0,2003.0,2016-11-25,2016-11-27
327,Andrew,Yang,8756,93696,"Suwanee, GA",Atlanta International Table Tennis Academy,2342,2024-07-14,0,,ACTIVE,2014 JOOLA North American Teams Championships,951.0,960.0,2014-11-30,
328,Barney,Reed,6456,44775,"Milpitas, CA",Stickman Skills Center,2342,2023-11-26,2447,2018-05-26,ACTIVE,2023 JOOLA North American Teams,2339.0,2342.0,2023-11-24,2023-11-26
328,Barney,Reed,6456,44775,"Milpitas, CA",Stickman Skills Center,2342,2023-11-26,2447,2018-05-26,ACTIVE,20th Annual North American Team Championship Powered By JOOLA,2474.0,2468.0,2017-11-24,2017-11-26
328,Barney,Reed,6456,44775,"Milpitas, CA",Stickman Skills Center,2342,2023-11-26,2447,2018-05-26,ACTIVE,North American Teams,2668.0,2588.0,2003-11-30,
328,Barney,Reed,6456,44775,"Milpitas, CA",Stickman Skills Center,2342,2023-11-26,2447,2018-05-26,ACTIVE,1999 NA Teams 2,2488.0,2520.0,1999-11-28,
329,William,Feng,123276,222276,"Lower Gywnedd, PA",,2342,2024-08-25,2458,2024-08-23,ACTIVE,2023 JOOLA North American Teams,2213.0,2308.0,2023-11-24,2023-11-26
329,William,Feng,123276,222276,"Lower Gywnedd, PA",,2342,2024-08-25,2458,2024-08-23,ACTIVE,2022 JOOLA North American Teams,2175.0,2131.0,2022-11-25,2022-11-27
329,William,Feng,123276,222276,"Lower Gywnedd, PA",,2342,2024-08-25,2458,2024-08-23,ACTIVE,2021 Joola North American Team,1855.0,1909.0,2021-11-26,2021-11-28
329,William,Feng,123276,222276,"Lower Gywnedd, PA",,2342,2024-08-25,2458,2024-08-23,ACTIVE,2019 JOOLA North American Teams,828.0,1106.0,2019-11-29,2019-12-01
329,William,Feng,123276,222276,"Lower Gywnedd, PA",,2342,2024-08-25,2458,2024-08-23,ACTIVE,JOOLA North American Teams,575.0,809.0,2018-11-23,2018-11-25
330,Allen,Lin,4523,32369,"Vienna, VA",Northern VA Table Tennis Center (NOVATTC),2342,2024-08-04,2085,2015-11-22,ACTIVE,2023 JOOLA North American Teams,2220.0,2383.0,2023-11-24,2023-11-26
330,Allen,Lin,4523,32369,"Vienna, VA",Northern VA Table Tennis Center (NOVATTC),2342,2024-08-04,2085,2015-11-22,ACTIVE,2022 JOOLA North American Teams,2232.0,2337.0,2022-11-25,2022-11-27
330,Allen,Lin,4523,32369,"Vienna, VA",Northern VA Table Tennis Center (NOVATTC),2342,2024-08-04,2085,2015-11-22,ACTIVE,2021 Joola North American Team,2236.0,2159.0,2021-11-26,2021-11-28
330,Allen,Lin,4523,32369,"Vienna, VA",Northern VA Table Tennis Center (NOVATTC),2342,2024-08-04,2085,2015-11-22,ACTIVE,2019 JOOLA North American Teams,2202.0,2230.0,2019-11-29,2019-12-01
330,Allen,Lin,4523,32369,"Vienna, VA",Northern VA Table Tennis Center (NOVATTC),2342,2024-08-04,2085,2015-11-22,ACTIVE,JOOLA North American Teams,2255.0,2202.0,2018-11-23,2018-11-25
330,Allen,Lin,4523,32369,"Vienna, VA",Northern VA Table Tennis Center (NOVATTC),2342,2024-08-04,2085,2015-11-22,ACTIVE,20th Annual North American Team Championship Powered By JOOLA,2241.0,2245.0,2017-11-24,2017-11-26
330,Allen,Lin,4523,32369,"Vienna, VA",Northern VA Table Tennis Center (NOVATTC),2342,2024-08-04,2085,2015-11-22,ACTIVE,2016 JOOLA NA Teams,2201.0,2287.0,2016-11-25,2016-11-27
330,Allen,Lin,4523,32369,"Vienna, VA",Northern VA Table Tennis Center (NOVATTC),2342,2024-08-04,2085,2015-11-22,ACTIVE,2015 JOOLA North American Teams Championships,2261.0,2224.0,2015-11-29,
332,Calvin,Chan,1013,73906,"Dresher, PA",Lily Yip Table Tennis Center,2341,2018-03-02,2351,2020-01-11,ACTIVE,2014 JOOLA North American Teams Championships,2353.0,2341.0,2014-11-30,
333,Emmanuel,Tuglo,104212,203212,"Lawrenceville, GA",,2339,2024-08-31,0,,ACTIVE,2023 JOOLA North American Teams,2415.0,2280.0,2023-11-24,2023-11-26
333,Emmanuel,Tuglo,104212,203212,"Lawrenceville, GA",,2339,2024-08-31,0,,ACTIVE,2022 JOOLA North American Teams,2245.0,2369.0,2022-11-25,2022-11-27
333,Emmanuel,Tuglo,104212,203212,"Lawrenceville, GA",,2339,2024-08-31,0,,ACTIVE,2019 JOOLA North American Teams,2240.0,2270.0,2019-11-29,2019-12-01
333,Emmanuel,Tuglo,104212,203212,"Lawrenceville, GA",,2339,2024-08-31,0,,ACTIVE,JOOLA North American Teams,2132.0,2173.0,2018-11-23,2018-11-25
333,Emmanuel,Tuglo,104212,203212,"Lawrenceville, GA",,2339,2024-08-31,0,,ACTIVE,20th Annual North American Team Championship Powered By JOOLA,2039.0,2082.0,2017-11-24,2017-11-26
339,Kenny,Ly,33961,132961,"Lachaine, CA",,2337,2024-08-25,1316,2010-09-01,ACTIVE,2022 JOOLA North American Teams,2208.0,2292.0,2022-11-25,2022-11-27
340,Richard,Lee,4279,54845,"Rockville, MD",Club JOOLA,2337,2021-11-28,2377,2008-10-29,ACTIVE,2021 Joola North American Team,2378.0,2337.0,2021-11-26,2021-11-28
340,Richard,Lee,4279,54845,"Rockville, MD",Club JOOLA,2337,2021-11-28,2377,2008-10-29,ACTIVE,1999 NA Teams 2,2288.0,2274.0,1999-11-28,
343,Vishal,Sivakumar,171292,1171292,"Milpitas, CA",Rising Stars World Table Tennis Academy,2333,2024-09-02,2179,2024-09-07,ACTIVE,2023 JOOLA North American Teams,2219.0,2250.0,2023-11-24,2023-11-26
345,Brianna,Burgos Rodriguez,131651,230651,,,2333,2024-04-14,0,,ACTIVE,2019 JOOLA North American Teams,2095.0,2120.0,2019-11-29,2019-12-01
347,Eliam,Davila Santiago,171010,1171010,Rio Grande,,2331,2024-06-30,0,,ACTIVE,2023 JOOLA North American Teams,2250.0,2349.0,2023-11-24,2023-11-26
348,Joakim,Desmeules,132431,1132431,"St-Augustin de Desmaures, FN",,2331,2024-06-30,0,,ACTIVE,2022 JOOLA North American Teams,2362.0,2374.0,2022-11-25,2022-11-27
348,Joakim,Desmeules,132431,1132431,"St-Augustin de Desmaures, FN",,2331,2024-06-30,0,,ACTIVE,2019 JOOLA North American Teams,2105.0,2226.0,2019-11-29,2019-12-01
348,Joakim,Desmeules,132431,1132431,"St-Augustin de Desmaures, FN",,2331,2024-06-30,0,,ACTIVE,JOOLA North American Teams,0.0,2105.0,2018-11-23,2018-11-25
349,Rignesh,Padamanur,116565,215565,"Santa Clara, CA",,2330,2023-12-21,2264,2023-06-11,ACTIVE,2022 JOOLA North American Teams,2142.0,2166.0,2022-11-25,2022-11-27
349,Rignesh,Padamanur,116565,215565,"Santa Clara, CA",,2330,2023-12-21,2264,2023-06-11,ACTIVE,2021 Joola North American Team,2070.0,2154.0,2021-11-26,2021-11-28
350,Ange Cedric,Oba,5757,97683,Newark,,2330,2024-03-31,2426,2023-02-21,ACTIVE,2019 JOOLA North American Teams,2317.0,2379.0,2019-11-29,2019-12-01
350,Ange Cedric,Oba,5757,97683,Newark,,2330,2024-03-31,2426,2023-02-21,ACTIVE,JOOLA North American Teams,2368.0,2369.0,2018-11-23,2018-11-25
350,Ange Cedric,Oba,5757,97683,Newark,,2330,2024-03-31,2426,2023-02-21,ACTIVE,20th Annual North American Team Championship Powered By JOOLA,2344.0,2503.0,2017-11-24,2017-11-26
350,Ange Cedric,Oba,5757,97683,Newark,,2330,2024-03-31,2426,2023-02-21,ACTIVE,2016 JOOLA NA Teams,2337.0,2340.0,2016-11-25,2016-11-27
351,Keenan,Zhou,9134,95558,"San Diego, CA",,2330,2024-08-04,2354,2023-03-10,ACTIVE,2021 Joola North American Team,2219.0,2269.0,2021-11-26,2021-11-28
358,Charles,Deng,18270,71597,"Katy, TX",,2327,2021-11-28,1896,2023-12-06,ACTIVE,2021 Joola North American Team,2310.0,2327.0,2021-11-26,2021-11-28
362,Daniel,Seemiller,6920,9870,"New Carlisle, IN",South Bend Table Tennis Club,2324,2023-03-19,0,,ACTIVE,1998 North American Teams Cham,2520.0,2489.0,1998-11-29,
364,Siddhesh,Kubal,170696,269696,"Seattle, WA",Seattle Pacific Table Tennis Club,2324,2024-04-28,2363,2024-07-06,ACTIVE,2023 JOOLA North American Teams,2332.0,2319.0,2023-11-24,2023-11-26
367,Husen,Saidov,116307,215307,"Staten Island, NY",Matchpoint Table Tennis Center NJ,2320,2024-08-11,2357,2024-09-06,ACTIVE,2023 JOOLA North American Teams,2305.0,2300.0,2023-11-24,2023-11-26
367,Husen,Saidov,116307,215307,"Staten Island, NY",Matchpoint Table Tennis Center NJ,2320,2024-08-11,2357,2024-09-06,ACTIVE,2022 JOOLA North American Teams,2271.0,2295.0,2022-11-25,2022-11-27
367,Husen,Saidov,116307,215307,"Staten Island, NY",Matchpoint Table Tennis Center NJ,2320,2024-08-11,2357,2024-09-06,ACTIVE,2021 Joola North American Team,2198.0,2266.0,2021-11-26,2021-11-28
367,Husen,Saidov,116307,215307,"Staten Island, NY",Matchpoint Table Tennis Center NJ,2320,2024-08-11,2357,2024-09-06,ACTIVE,2019 JOOLA North American Teams,1900.0,1977.0,2019-11-29,2019-12-01
367,Husen,Saidov,116307,215307,"Staten Island, NY",Matchpoint Table Tennis Center NJ,2320,2024-08-11,2357,2024-09-06,ACTIVE,JOOLA North American Teams,1583.0,1641.0,2018-11-23,2018-11-25
368,Kyler,Chen,167521,1167521,"Cary, NC",NC International Table Tennis (NCITT),2320,2024-05-27,0,,ACTIVE,2023 JOOLA North American Teams,2224.0,2290.0,2023-11-24,2023-11-26
368,Kyler,Chen,167521,1167521,"Cary, NC",NC International Table Tennis (NCITT),2320,2024-05-27,0,,ACTIVE,2022 JOOLA North American Teams,2056.0,2254.0,2022-11-25,2022-11-27
368,Kyler,Chen,167521,1167521,"Cary, NC",NC International Table Tennis (NCITT),2320,2024-05-27,0,,ACTIVE,2021 Joola North American Team,1960.0,2046.0,2021-11-26,2021-11-28
368,Kyler,Chen,167521,1167521,"Cary, NC",NC International Table Tennis (NCITT),2320,2024-05-27,0,,ACTIVE,2019 JOOLA North American Teams,699.0,1219.0,2019-11-29,2019-12-01
372,Alondra,Rodriguez,132365,1132365,Santa Isabel,,2317,2024-07-21,2188,2021-08-01,ACTIVE,2019 JOOLA North American Teams,1797.0,2145.0,2019-11-29,2019-12-01
372,Alondra,Rodriguez,132365,1132365,Santa Isabel,,2317,2024-07-21,2188,2021-08-01,ACTIVE,JOOLA North American Teams,0.0,1797.0,2018-11-23,2018-11-25
373,Jiaxin,Ren,182324,281324,,,2315,2023-12-21,0,,ACTIVE,2023 JOOLA North American Teams,2190.0,2231.0,2023-11-24,2023-11-26
375,Jay,Chen,117241,216241,"New York, NY",New York Indoor Sports Club,2315,2024-06-16,2310,2024-05-17,ACTIVE,2023 JOOLA North American Teams,2283.0,2296.0,2023-11-24,2023-11-26
375,Jay,Chen,117241,216241,"New York, NY",New York Indoor Sports Club,2315,2024-06-16,2310,2024-05-17,ACTIVE,2022 JOOLA North American Teams,1943.0,2102.0,2022-11-25,2022-11-27
375,Jay,Chen,117241,216241,"New York, NY",New York Indoor Sports Club,2315,2024-06-16,2310,2024-05-17,ACTIVE,2021 Joola North American Team,1857.0,1982.0,2021-11-26,2021-11-28
375,Jay,Chen,117241,216241,"New York, NY",New York Indoor Sports Club,2315,2024-06-16,2310,2024-05-17,ACTIVE,2019 JOOLA North American Teams,1415.0,1500.0,2019-11-29,2019-12-01
375,Jay,Chen,117241,216241,"New York, NY",New York Indoor Sports Club,2315,2024-06-16,2310,2024-05-17,ACTIVE,JOOLA North American Teams,550.0,931.0,2018-11-23,2018-11-25
375,Jay,Chen,117241,216241,"New York, NY",New York Indoor Sports Club,2315,2024-06-16,2310,2024-05-17,ACTIVE,20th Annual North American Team Championship Powered By JOOLA,391.0,402.0,2017-11-24,2017-11-26
376,Joshua,Mak,4910,82025,"Plano, TX",888 Table Tennis Center,2314,2024-08-24,2228,2022-06-05,ACTIVE,2022 JOOLA North American Teams,2372.0,2265.0,2022-11-25,2022-11-27
376,Joshua,Mak,4910,82025,"Plano, TX",888 Table Tennis Center,2314,2024-08-24,2228,2022-06-05,ACTIVE,2021 Joola North American Team,2225.0,2317.0,2021-11-26,2021-11-28
376,Joshua,Mak,4910,82025,"Plano, TX",888 Table Tennis Center,2314,2024-08-24,2228,2022-06-05,ACTIVE,2015 JOOLA North American Teams Championships,2075.0,2012.0,2015-11-29,
377,Shawn,Fong,2193,85265,"Albany, CA",I Table Tennis,2313,2023-11-26,2248,2023-08-19,ACTIVE,2023 JOOLA North American Teams,2335.0,2313.0,2023-11-24,2023-11-26
378,Yamil,Castellano,132379,1132379,,,2312,2024-07-21,0,,ACTIVE,2019 JOOLA North American Teams,2014.0,2101.0,2019-11-29,2019-12-01
378,Yamil,Castellano,132379,1132379,,,2312,2024-07-21,0,,ACTIVE,JOOLA North American Teams,0.0,2014.0,2018-11-23,2018-11-25
380,Paul,David,1622,7014,"Queens., NY",,2311,2023-12-21,0,,ACTIVE,2023 JOOLA North American Teams,2323.0,2318.0,2023-11-24,2023-11-26
380,Paul,David,1622,7014,"Queens., NY",,2311,2023-12-21,0,,ACTIVE,2022 JOOLA North American Teams,2337.0,2323.0,2022-11-25,2022-11-27
380,Paul,David,1622,7014,"Queens., NY",,2311,2023-12-21,0,,ACTIVE,2021 Joola North American Team,2287.0,2307.0,2021-11-26,2021-11-28
380,Paul,David,1622,7014,"Queens., NY",,2311,2023-12-21,0,,ACTIVE,2019 JOOLA North American Teams,2367.0,2357.0,2019-11-29,2019-12-01
380,Paul,David,1622,7014,"Queens., NY",,2311,2023-12-21,0,,ACTIVE,JOOLA North American Teams,2386.0,2392.0,2018-11-23,2018-11-25
380,Paul,David,1622,7014,"Queens., NY",,2311,2023-12-21,0,,ACTIVE,20th Annual North American Team Championship Powered By JOOLA,2393.0,2386.0,2017-11-24,2017-11-26
380,Paul,David,1622,7014,"Queens., NY",,2311,2023-12-21,0,,ACTIVE,2014 JOOLA North American Teams Championships,2415.0,2414.0,2014-11-30,
380,Paul,David,1622,7014,"Queens., NY",,2311,2023-12-21,0,,ACTIVE,North American Teams,2459.0,2461.0,2003-11-30,
380,Paul,David,1622,7014,"Queens., NY",,2311,2023-12-21,0,,ACTIVE,1999 NA Teams 2,2317.0,2389.0,1999-11-28,
380,Paul,David,1622,7014,"Queens., NY",,2311,2023-12-21,0,,ACTIVE,1998 North American Teams Cham,2364.0,2338.0,1998-11-29,
383,Shuang,Wang,52015,86641,"New York, NY",PINGPOD,2310,2024-03-17,0,,ACTIVE,JOOLA North American Teams,2391.0,2386.0,2018-11-23,2018-11-25
383,Shuang,Wang,52015,86641,"New York, NY",PINGPOD,2310,2024-03-17,0,,ACTIVE,20th Annual North American Team Championship Powered By JOOLA,2370.0,2364.0,2017-11-24,2017-11-26
383,Shuang,Wang,52015,86641,"New York, NY",PINGPOD,2310,2024-03-17,0,,ACTIVE,2016 JOOLA NA Teams,2344.0,2355.0,2016-11-25,2016-11-27
385,Derek,May,60551,8144,"Evans, GA",,2309,2024-07-07,0,,ACTIVE,1999 NA Teams 2,2377.0,2355.0,1999-11-28,
387,Dickie,Fleisher,2162,5815,"Jacksonville, FL",Naples Table Tennis,2307,2018-03-02,2272,2019-06-28,ACTIVE,2014 JOOLA North American Teams Championships,2305.0,2307.0,2014-11-30,
387,Dickie,Fleisher,2162,5815,"Jacksonville, FL",Naples Table Tennis,2307,2018-03-02,2272,2019-06-28,ACTIVE,North American Teams,2254.0,2425.0,2003-11-30,
387,Dickie,Fleisher,2162,5815,"Jacksonville, FL",Naples Table Tennis,2307,2018-03-02,2272,2019-06-28,ACTIVE,1999 NA Teams 2,2250.0,2353.0,1999-11-28,
390,Mandy,Yu,123971,222971,"Byron, MN",Rochester Table Tennis Club,2305,2024-07-07,2291,2023-08-25,ACTIVE,2022 JOOLA North American Teams,2086.0,2047.0,2022-11-25,2022-11-27
390,Mandy,Yu,123971,222971,"Byron, MN",Rochester Table Tennis Club,2305,2024-07-07,2291,2023-08-25,ACTIVE,2021 Joola North American Team,2074.0,2115.0,2021-11-26,2021-11-28
390,Mandy,Yu,123971,222971,"Byron, MN",Rochester Table Tennis Club,2305,2024-07-07,2291,2023-08-25,ACTIVE,2019 JOOLA North American Teams,1791.0,1796.0,2019-11-29,2019-12-01
392,Lily,Yip,8875,53157,"Warren, NJ",Lily Yip Table Tennis Center,2305,2024-03-10,2341,2023-04-07,ACTIVE,2022 JOOLA North American Teams,2287.0,2291.0,2022-11-25,2022-11-27
392,Lily,Yip,8875,53157,"Warren, NJ",Lily Yip Table Tennis Center,2305,2024-03-10,2341,2023-04-07,ACTIVE,2019 JOOLA North American Teams,2339.0,2279.0,2019-11-29,2019-12-01
392,Lily,Yip,8875,53157,"Warren, NJ",Lily Yip Table Tennis Center,2305,2024-03-10,2341,2023-04-07,ACTIVE,JOOLA North American Teams,2305.0,2345.0,2018-11-23,2018-11-25
392,Lily,Yip,8875,53157,"Warren, NJ",Lily Yip Table Tennis Center,2305,2024-03-10,2341,2023-04-07,ACTIVE,20th Annual North American Team Championship Powered By JOOLA,2361.0,2317.0,2017-11-24,2017-11-26
392,Lily,Yip,8875,53157,"Warren, NJ",Lily Yip Table Tennis Center,2305,2024-03-10,2341,2023-04-07,ACTIVE,North American Teams,2355.0,2486.0,2003-11-30,
392,Lily,Yip,8875,53157,"Warren, NJ",Lily Yip Table Tennis Center,2305,2024-03-10,2341,2023-04-07,ACTIVE,1999 NA Teams 2,2315.0,2339.0,1999-11-28,
394,Revant,Kasichainula,102131,98253,"Fremont, CA",Kou Lei Table Tennis Club,2302,2024-05-27,2218,2024-04-28,ACTIVE,2022 JOOLA North American Teams,2160.0,2197.0,2022-11-25,2022-11-27
396,Daniely,Rios,6540,78944,"CHICAGO, IL",,2301,2024-06-02,0,,ACTIVE,2016 JOOLA NA Teams,2294.0,2273.0,2016-11-25,2016-11-27
396,Daniely,Rios,6540,78944,"CHICAGO, IL",,2301,2024-06-02,0,,ACTIVE,2015 JOOLA North American Teams Championships,2243.0,2294.0,2015-11-29,
398,Changwoo,Lim,4513,93106,"Little Ferry, NJ",TAK9 Club ,2300,2023-12-21,2349,2023-12-08,ACTIVE,2023 JOOLA North American Teams,2312.0,2294.0,2023-11-24,2023-11-26
398,Changwoo,Lim,4513,93106,"Little Ferry, NJ",TAK9 Club ,2300,2023-12-21,2349,2023-12-08,ACTIVE,JOOLA North American Teams,2336.0,2356.0,2018-11-23,2018-11-25
400,Yuxiang,Li,4471,21400,"Bayside, NY",New York International Table Tennis Club,2299,2024-08-04,0,,ACTIVE,2022 JOOLA North American Teams,2244.0,2232.0,2022-11-25,2022-11-27
400,Yuxiang,Li,4471,21400,"Bayside, NY",New York International Table Tennis Club,2299,2024-08-04,0,,ACTIVE,2019 JOOLA North American Teams,2268.0,2419.0,2019-11-29,2019-12-01
400,Yuxiang,Li,4471,21400,"Bayside, NY",New York International Table Tennis Club,2299,2024-08-04,0,,ACTIVE,20th Annual North American Team Championship Powered By JOOLA,2345.0,2303.0,2017-11-24,2017-11-26
400,Yuxiang,Li,4471,21400,"Bayside, NY",New York International Table Tennis Club,2299,2024-08-04,0,,ACTIVE,2016 JOOLA NA Teams,2375.0,2395.0,2016-11-25,2016-11-27
400,Yuxiang,Li,4471,21400,"Bayside, NY",New York International Table Tennis Club,2299,2024-08-04,0,,ACTIVE,2015 JOOLA North American Teams Championships,2353.0,2373.0,2015-11-29,
400,Yuxiang,Li,4471,21400,"Bayside, NY",New York International Table Tennis Club,2299,2024-08-04,0,,ACTIVE,2014 JOOLA North American Teams Championships,2314.0,2347.0,2014-11-30,
400,Yuxiang,Li,4471,21400,"Bayside, NY",New York International Table Tennis Club,2299,2024-08-04,0,,ACTIVE,North American Teams,2554.0,2588.0,2003-11-30,
401,Adrian,Rivera,168839,1168839,Aibonito,,2299,2024-04-14,0,,ACTIVE,2023 JOOLA North American Teams,2259.0,2275.0,2023-11-24,2023-11-26
401,Adrian,Rivera,168839,1168839,Aibonito,,2299,2024-04-14,0,,ACTIVE,2019 JOOLA North American Teams,0.0,1960.0,2019-11-29,2019-12-01
402,Maxwell,Liu,122774,221774,Eagan,,2299,2024-05-05,1830,2019-08-24,ACTIVE,2022 JOOLA North American Teams,2228.0,2293.0,2022-11-25,2022-11-27
403,Judy,Hugh,3258,14203,"Warren, NJ",Lily Yip Table Tennis Center,2298,2023-11-26,2408,2023-11-17,ACTIVE,2023 JOOLA North American Teams,2318.0,2298.0,2023-11-24,2023-11-26
403,Judy,Hugh,3258,14203,"Warren, NJ",Lily Yip Table Tennis Center,2298,2023-11-26,2408,2023-11-17,ACTIVE,2022 JOOLA North American Teams,2311.0,2318.0,2022-11-25,2022-11-27
403,Judy,Hugh,3258,14203,"Warren, NJ",Lily Yip Table Tennis Center,2298,2023-11-26,2408,2023-11-17,ACTIVE,2021 Joola North American Team,2310.0,2311.0,2021-11-26,2021-11-28
403,Judy,Hugh,3258,14203,"Warren, NJ",Lily Yip Table Tennis Center,2298,2023-11-26,2408,2023-11-17,ACTIVE,2019 JOOLA North American Teams,2402.0,2310.0,2019-11-29,2019-12-01
403,Judy,Hugh,3258,14203,"Warren, NJ",Lily Yip Table Tennis Center,2298,2023-11-26,2408,2023-11-17,ACTIVE,20th Annual North American Team Championship Powered By JOOLA,2392.0,2402.0,2017-11-24,2017-11-26
403,Judy,Hugh,3258,14203,"Warren, NJ",Lily Yip Table Tennis Center,2298,2023-11-26,2408,2023-11-17,ACTIVE,2014 JOOLA North American Teams Championships,2384.0,2379.0,2014-11-30,
403,Judy,Hugh,3258,14203,"Warren, NJ",Lily Yip Table Tennis Center,2298,2023-11-26,2408,2023-11-17,ACTIVE,North American Teams,2121.0,2196.0,2003-11-30,
403,Judy,Hugh,3258,14203,"Warren, NJ",Lily Yip Table Tennis Center,2298,2023-11-26,2408,2023-11-17,ACTIVE,1999 NA Teams 2,1118.0,1356.0,1999-11-28,
404,Zhiyu,Xie,181434,1181434,Park Ridge,,2298,2024-05-05,0,,ACTIVE,2023 JOOLA North American Teams,2288.0,2294.0,2023-11-24,2023-11-26
404,Zhiyu,Xie,181434,1181434,Park Ridge,,2298,2024-05-05,0,,ACTIVE,20th Annual North American Team Championship Powered By JOOLA,2264.0,2258.0,2017-11-24,2017-11-26
404,Zhiyu,Xie,181434,1181434,Park Ridge,,2298,2024-05-05,0,,ACTIVE,2016 JOOLA NA Teams,0.0,2264.0,2016-11-25,2016-11-27
405,Tuck Seng,Tan,7646,21511,"McKinney, TX",Atlanta Georgia Table Tennis Association,2298,2018-03-02,2188,2024-06-14,ACTIVE,2014 JOOLA North American Teams Championships,2315.0,2298.0,2014-11-30,
405,Tuck Seng,Tan,7646,21511,"McKinney, TX",Atlanta Georgia Table Tennis Association,2298,2018-03-02,2188,2024-06-14,ACTIVE,North American Teams,1978.0,2168.0,2003-11-30,
407,Yasiris,Ortiz,104162,203162,"Bronx, NY",PingPod Lower East Side,2296,2024-08-25,2276,2024-06-28,ACTIVE,2022 JOOLA North American Teams,2204.0,2246.0,2022-11-25,2022-11-27
407,Yasiris,Ortiz,104162,203162,"Bronx, NY",PingPod Lower East Side,2296,2024-08-25,2276,2024-06-28,ACTIVE,2021 Joola North American Team,2199.0,2209.0,2021-11-26,2021-11-28
407,Yasiris,Ortiz,104162,203162,"Bronx, NY",PingPod Lower East Side,2296,2024-08-25,2276,2024-06-28,ACTIVE,2019 JOOLA North American Teams,2245.0,2230.0,2019-11-29,2019-12-01
407,Yasiris,Ortiz,104162,203162,"Bronx, NY",PingPod Lower East Side,2296,2024-08-25,2276,2024-06-28,ACTIVE,20th Annual North American Team Championship Powered By JOOLA,2294.0,2299.0,2017-11-24,2017-11-26
407,Yasiris,Ortiz,104162,203162,"Bronx, NY",PingPod Lower East Side,2296,2024-08-25,2276,2024-06-28,ACTIVE,2016 JOOLA NA Teams,2128.0,2259.0,2016-11-25,2016-11-27
408,Cole,Ryberg,33540,86553,"Hurst, TX",Dallas TTC,2295,2023-11-26,2080,2021-06-16,ACTIVE,2023 JOOLA North American Teams,2227.0,2295.0,2023-11-24,2023-11-26
408,Cole,Ryberg,33540,86553,"Hurst, TX",Dallas TTC,2295,2023-11-26,2080,2021-06-16,ACTIVE,2022 JOOLA North American Teams,2218.0,2225.0,2022-11-25,2022-11-27
408,Cole,Ryberg,33540,86553,"Hurst, TX",Dallas TTC,2295,2023-11-26,2080,2021-06-16,ACTIVE,2021 Joola North American Team,2109.0,2219.0,2021-11-26,2021-11-28
408,Cole,Ryberg,33540,86553,"Hurst, TX",Dallas TTC,2295,2023-11-26,2080,2021-06-16,ACTIVE,2019 JOOLA North American Teams,2129.0,2179.0,2019-11-29,2019-12-01
408,Cole,Ryberg,33540,86553,"Hurst, TX",Dallas TTC,2295,2023-11-26,2080,2021-06-16,ACTIVE,2014 JOOLA North American Teams Championships,2097.0,2113.0,2014-11-30,
409,Darius,Fahimi,103343,202343,"-, NJ",,2295,2024-06-30,2354,2024-01-05,ACTIVE,2022 JOOLA North American Teams,2359.0,2406.0,2022-11-25,2022-11-27
409,Darius,Fahimi,103343,202343,"-, NJ",,2295,2024-06-30,2354,2024-01-05,ACTIVE,2021 Joola North American Team,2419.0,2400.0,2021-11-26,2021-11-28
409,Darius,Fahimi,103343,202343,"-, NJ",,2295,2024-06-30,2354,2024-01-05,ACTIVE,2019 JOOLA North American Teams,2049.0,2134.0,2019-11-29,2019-12-01
409,Darius,Fahimi,103343,202343,"-, NJ",,2295,2024-06-30,2354,2024-01-05,ACTIVE,JOOLA North American Teams,2041.0,2065.0,2018-11-23,2018-11-25
409,Darius,Fahimi,103343,202343,"-, NJ",,2295,2024-06-30,2354,2024-01-05,ACTIVE,20th Annual North American Team Championship Powered By JOOLA,1691.0,1822.0,2017-11-24,2017-11-26
409,Darius,Fahimi,103343,202343,"-, NJ",,2295,2024-06-30,2354,2024-01-05,ACTIVE,2016 JOOLA NA Teams,735.0,1178.0,2016-11-25,2016-11-27
410,Zonggang,Li,173767,1173767,Langley,,2294,2024-02-04,0,,ACTIVE,2023 JOOLA North American Teams,2164.0,2293.0,2023-11-24,2023-11-26
411,Jayden,Cai,163852,262852,"Katy, TX",Houston International Table Tennis Academy (HITTA),2293,2024-05-27,2197,2024-05-05,ACTIVE,2023 JOOLA North American Teams,2194.0,2118.0,2023-11-24,2023-11-26
411,Jayden,Cai,163852,262852,"Katy, TX",Houston International Table Tennis Academy (HITTA),2293,2024-05-27,2197,2024-05-05,ACTIVE,2022 JOOLA North American Teams,1951.0,1953.0,2022-11-25,2022-11-27
411,Jayden,Cai,163852,262852,"Katy, TX",Houston International Table Tennis Academy (HITTA),2293,2024-05-27,2197,2024-05-05,ACTIVE,2019 JOOLA North American Teams,929.0,1225.0,2019-11-29,2019-12-01
412,Ravi,Ganapathy,113689,212689,"Centennial, CA",,2292,2021-11-28,2261,2016-11-20,ACTIVE,2021 Joola North American Team,2401.0,2292.0,2021-11-26,2021-11-28
412,Ravi,Ganapathy,113689,212689,"Centennial, CA",,2292,2021-11-28,2261,2016-11-20,ACTIVE,2019 JOOLA North American Teams,2301.0,2357.0,2019-11-29,2019-12-01
412,Ravi,Ganapathy,113689,212689,"Centennial, CA",,2292,2021-11-28,2261,2016-11-20,ACTIVE,20th Annual North American Team Championship Powered By JOOLA,2147.0,2359.0,2017-11-24,2017-11-26
413,Santiago,Acosta,119921,218921,"Union City, NJ",PINGPOD,2292,2024-07-14,2402,2024-04-05,ACTIVE,2023 JOOLA North American Teams,2347.0,2340.0,2023-11-24,2023-11-26
413,Santiago,Acosta,119921,218921,"Union City, NJ",PINGPOD,2292,2024-07-14,2402,2024-04-05,ACTIVE,2021 Joola North American Team,2223.0,2231.0,2021-11-26,2021-11-28
413,Santiago,Acosta,119921,218921,"Union City, NJ",PINGPOD,2292,2024-07-14,2402,2024-04-05,ACTIVE,2019 JOOLA North American Teams,2216.0,2249.0,2019-11-29,2019-12-01
413,Santiago,Acosta,119921,218921,"Union City, NJ",PINGPOD,2292,2024-07-14,2402,2024-04-05,ACTIVE,JOOLA North American Teams,2239.0,2198.0,2018-11-23,2018-11-25
415,Vinay,Chandra,1045,34825,"Highlands Ranch, CO",Mile High Table Tennis Academy,2290,2024-08-04,2176,2024-05-25,ACTIVE,2023 JOOLA North American Teams,2233.0,2243.0,2023-11-24,2023-11-26
415,Vinay,Chandra,1045,34825,"Highlands Ranch, CO",Mile High Table Tennis Academy,2290,2024-08-04,2176,2024-05-25,ACTIVE,2022 JOOLA North American Teams,2222.0,2317.0,2022-11-25,2022-11-27
415,Vinay,Chandra,1045,34825,"Highlands Ranch, CO",Mile High Table Tennis Academy,2290,2024-08-04,2176,2024-05-25,ACTIVE,2021 Joola North American Team,2149.0,2233.0,2021-11-26,2021-11-28
415,Vinay,Chandra,1045,34825,"Highlands Ranch, CO",Mile High Table Tennis Academy,2290,2024-08-04,2176,2024-05-25,ACTIVE,2019 JOOLA North American Teams,2168.0,2206.0,2019-11-29,2019-12-01
415,Vinay,Chandra,1045,34825,"Highlands Ranch, CO",Mile High Table Tennis Academy,2290,2024-08-04,2176,2024-05-25,ACTIVE,JOOLA North American Teams,2167.0,2117.0,2018-11-23,2018-11-25
415,Vinay,Chandra,1045,34825,"Highlands Ranch, CO",Mile High Table Tennis Academy,2290,2024-08-04,2176,2024-05-25,ACTIVE,20th Annual North American Team Championship Powered By JOOLA,2088.0,2156.0,2017-11-24,2017-11-26
415,Vinay,Chandra,1045,34825,"Highlands Ranch, CO",Mile High Table Tennis Academy,2290,2024-08-04,2176,2024-05-25,ACTIVE,2016 JOOLA NA Teams,2152.0,2160.0,2016-11-25,2016-11-27
416,Kui,Tan,48670,80663,"Manvel, TX",,2289,2018-03-02,0,,ACTIVE,2016 JOOLA NA Teams,2178.0,2289.0,2016-11-25,2016-11-27
417,Tashiya,Piyadasa,123763,222763,"Fountain Valley, CA",Orange County Table Tennis Academy,2289,2024-07-07,0,,ACTIVE,2022 JOOLA North American Teams,1943.0,2110.0,2022-11-25,2022-11-27
418,Liren,Zhang,157612,1157612,"Westford, MA",Westford Table Tennis Club,2289,2024-07-28,2282,2024-05-17,ACTIVE,2022 JOOLA North American Teams,2025.0,2106.0,2022-11-25,2022-11-27
418,Liren,Zhang,157612,1157612,"Westford, MA",Westford Table Tennis Club,2289,2024-07-28,2282,2024-05-17,ACTIVE,2021 Joola North American Team,1785.0,1799.0,2021-11-26,2021-11-28
419,Kobe,Couyoumjian,1494,95668,"Tustin, CA",Orange County Table Tennis Academy,2289,2024-06-09,0,,ACTIVE,2022 JOOLA North American Teams,2204.0,2236.0,2022-11-25,2022-11-27
422,Ying,Peng,6068,30666,"Monroe Township, NJ","Princeton Pong, LLC",2288,2022-11-27,2217,2013-08-10,ACTIVE,2022 JOOLA North American Teams,2293.0,2288.0,2022-11-25,2022-11-27
427,Jonathan,Hu,3178,95282,"Dublin, CA",888 Table Tennis Center,2285,2023-07-07,2136,2023-06-11,ACTIVE,2021 Joola North American Team,2302.0,2271.0,2021-11-26,2021-11-28
431,Ryan,Cuadro Perez,171158,1171158,Utuado,,2283,2024-04-14,0,,ACTIVE,2022 JOOLA North American Teams,2096.0,2126.0,2022-11-25,2022-11-27
433,Ethan,Ruan,6669,91924,"Alpharetta, GA",,2282,2023-11-26,2281,2019-04-06,ACTIVE,2023 JOOLA North American Teams,2384.0,2282.0,2023-11-24,2023-11-26
433,Ethan,Ruan,6669,91924,"Alpharetta, GA",,2282,2023-11-26,2281,2019-04-06,ACTIVE,2022 JOOLA North American Teams,2275.0,2384.0,2022-11-25,2022-11-27
433,Ethan,Ruan,6669,91924,"Alpharetta, GA",,2282,2023-11-26,2281,2019-04-06,ACTIVE,2021 Joola North American Team,2229.0,2294.0,2021-11-26,2021-11-28
433,Ethan,Ruan,6669,91924,"Alpharetta, GA",,2282,2023-11-26,2281,2019-04-06,ACTIVE,2019 JOOLA North American Teams,2304.0,2353.0,2019-11-29,2019-12-01
433,Ethan,Ruan,6669,91924,"Alpharetta, GA",,2282,2023-11-26,2281,2019-04-06,ACTIVE,JOOLA North American Teams,2200.0,2305.0,2018-11-23,2018-11-25
433,Ethan,Ruan,6669,91924,"Alpharetta, GA",,2282,2023-11-26,2281,2019-04-06,ACTIVE,20th Annual North American Team Championship Powered By JOOLA,2105.0,2245.0,2017-11-24,2017-11-26
433,Ethan,Ruan,6669,91924,"Alpharetta, GA",,2282,2023-11-26,2281,2019-04-06,ACTIVE,2016 JOOLA NA Teams,1932.0,2097.0,2016-11-25,2016-11-27
433,Ethan,Ruan,6669,91924,"Alpharetta, GA",,2282,2023-11-26,2281,2019-04-06,ACTIVE,2015 JOOLA North American Teams Championships,1917.0,1972.0,2015-11-29,
433,Ethan,Ruan,6669,91924,"Alpharetta, GA",,2282,2023-11-26,2281,2019-04-06,ACTIVE,2014 JOOLA North American Teams Championships,1625.0,1617.0,2014-11-30,
434,Igor,Shulkin,45998,18534,"Staten Island, NY",Lily Yip Table Tennis Center,2282,2024-08-11,2389,2024-08-09,ACTIVE,2022 JOOLA North American Teams,2329.0,2333.0,2022-11-25,2022-11-27
434,Igor,Shulkin,45998,18534,"Staten Island, NY",Lily Yip Table Tennis Center,2282,2024-08-11,2389,2024-08-09,ACTIVE,2021 Joola North American Team,2318.0,2344.0,2021-11-26,2021-11-28
434,Igor,Shulkin,45998,18534,"Staten Island, NY",Lily Yip Table Tennis Center,2282,2024-08-11,2389,2024-08-09,ACTIVE,2019 JOOLA North American Teams,2280.0,2291.0,2019-11-29,2019-12-01
434,Igor,Shulkin,45998,18534,"Staten Island, NY",Lily Yip Table Tennis Center,2282,2024-08-11,2389,2024-08-09,ACTIVE,JOOLA North American Teams,2276.0,2357.0,2018-11-23,2018-11-25
434,Igor,Shulkin,45998,18534,"Staten Island, NY",Lily Yip Table Tennis Center,2282,2024-08-11,2389,2024-08-09,ACTIVE,20th Annual North American Team Championship Powered By JOOLA,2263.0,2289.0,2017-11-24,2017-11-26
434,Igor,Shulkin,45998,18534,"Staten Island, NY",Lily Yip Table Tennis Center,2282,2024-08-11,2389,2024-08-09,ACTIVE,North American Teams,2301.0,2292.0,2003-11-30,
435,Changbo,Lu,103365,202365,"Cary, NC",Triangle Badminton & Table Tennis,2282,2024-03-24,0,,ACTIVE,2023 JOOLA North American Teams,2390.0,2275.0,2023-11-24,2023-11-26
435,Changbo,Lu,103365,202365,"Cary, NC",Triangle Badminton & Table Tennis,2282,2024-03-24,0,,ACTIVE,2022 JOOLA North American Teams,2237.0,2290.0,2022-11-25,2022-11-27
435,Changbo,Lu,103365,202365,"Cary, NC",Triangle Badminton & Table Tennis,2282,2024-03-24,0,,ACTIVE,2021 Joola North American Team,2248.0,2252.0,2021-11-26,2021-11-28
435,Changbo,Lu,103365,202365,"Cary, NC",Triangle Badminton & Table Tennis,2282,2024-03-24,0,,ACTIVE,2019 JOOLA North American Teams,2061.0,2065.0,2019-11-29,2019-12-01
435,Changbo,Lu,103365,202365,"Cary, NC",Triangle Badminton & Table Tennis,2282,2024-03-24,0,,ACTIVE,JOOLA North American Teams,1792.0,1778.0,2018-11-23,2018-11-25
435,Changbo,Lu,103365,202365,"Cary, NC",Triangle Badminton & Table Tennis,2282,2024-03-24,0,,ACTIVE,20th Annual North American Team Championship Powered By JOOLA,1357.0,1461.0,2017-11-24,2017-11-26
435,Changbo,Lu,103365,202365,"Cary, NC",Triangle Badminton & Table Tennis,2282,2024-03-24,0,,ACTIVE,2016 JOOLA NA Teams,379.0,580.0,2016-11-25,2016-11-27
440,Emily,Quan,103992,202992,"Sharon, MA",Massachusetts Table Tennis and Badminton Club,2279,2023-11-26,2156,2020-02-25,ACTIVE,2023 JOOLA North American Teams,2263.0,2279.0,2023-11-24,2023-11-26
440,Emily,Quan,103992,202992,"Sharon, MA",Massachusetts Table Tennis and Badminton Club,2279,2023-11-26,2156,2020-02-25,ACTIVE,2022 JOOLA North American Teams,2182.0,2329.0,2022-11-25,2022-11-27
440,Emily,Quan,103992,202992,"Sharon, MA",Massachusetts Table Tennis and Badminton Club,2279,2023-11-26,2156,2020-02-25,ACTIVE,2021 Joola North American Team,2270.0,2238.0,2021-11-26,2021-11-28
440,Emily,Quan,103992,202992,"Sharon, MA",Massachusetts Table Tennis and Badminton Club,2279,2023-11-26,2156,2020-02-25,ACTIVE,2019 JOOLA North American Teams,2156.0,2098.0,2019-11-29,2019-12-01
440,Emily,Quan,103992,202992,"Sharon, MA",Massachusetts Table Tennis and Badminton Club,2279,2023-11-26,2156,2020-02-25,ACTIVE,JOOLA North American Teams,1877.0,1979.0,2018-11-23,2018-11-25
440,Emily,Quan,103992,202992,"Sharon, MA",Massachusetts Table Tennis and Badminton Club,2279,2023-11-26,2156,2020-02-25,ACTIVE,20th Annual North American Team Championship Powered By JOOLA,1662.0,1746.0,2017-11-24,2017-11-26
443,Ayano,Takeda,175117,1175117,"Los Angels, CA",,2277,2024-02-03,0,,ACTIVE,2022 JOOLA North American Teams,2253.0,2244.0,2022-11-25,2022-11-27
445,Martin,Rogers,43290,80095,"Newport Beach *, CA",,2276,2021-12-22,2228,2021-11-07,ACTIVE,2021 Joola North American Team,2268.0,2248.0,2021-11-26,2021-11-28
446,Woobeen,Jeong,178383,1178383,"Connecticut, NY",,2275,2024-05-12,2291,2023-08-18,ACTIVE,2023 JOOLA North American Teams,2392.0,2319.0,2023-11-24,2023-11-26
447,James,Zhang,102372,98301,"Rockville, MD",MDTTC - Maryland Table Tennis Center,2275,2024-07-14,2064,2020-02-28,ACTIVE,2023 JOOLA North American Teams,2261.0,2279.0,2023-11-24,2023-11-26
447,James,Zhang,102372,98301,"Rockville, MD",MDTTC - Maryland Table Tennis Center,2275,2024-07-14,2064,2020-02-28,ACTIVE,2022 JOOLA North American Teams,2242.0,2312.0,2022-11-25,2022-11-27
447,James,Zhang,102372,98301,"Rockville, MD",MDTTC - Maryland Table Tennis Center,2275,2024-07-14,2064,2020-02-28,ACTIVE,2021 Joola North American Team,2212.0,2173.0,2021-11-26,2021-11-28
447,James,Zhang,102372,98301,"Rockville, MD",MDTTC - Maryland Table Tennis Center,2275,2024-07-14,2064,2020-02-28,ACTIVE,2019 JOOLA North American Teams,2026.0,2059.0,2019-11-29,2019-12-01
447,James,Zhang,102372,98301,"Rockville, MD",MDTTC - Maryland Table Tennis Center,2275,2024-07-14,2064,2020-02-28,ACTIVE,JOOLA North American Teams,1735.0,1902.0,2018-11-23,2018-11-25
447,James,Zhang,102372,98301,"Rockville, MD",MDTTC - Maryland Table Tennis Center,2275,2024-07-14,2064,2020-02-28,ACTIVE,20th Annual North American Team Championship Powered By JOOLA,1400.0,1500.0,2017-11-24,2017-11-26
447,James,Zhang,102372,98301,"Rockville, MD",MDTTC - Maryland Table Tennis Center,2275,2024-07-14,2064,2020-02-28,ACTIVE,2016 JOOLA NA Teams,739.0,1040.0,2016-11-25,2016-11-27
447,James,Zhang,102372,98301,"Rockville, MD",MDTTC - Maryland Table Tennis Center,2275,2024-07-14,2064,2020-02-28,ACTIVE,2015 JOOLA North American Teams Championships,0.0,702.0,2015-11-29,
448,Richard and Susan,Butler,864,4599,"Winston-Salem, NC",,2274,2018-04-01,0,,ACTIVE,1999 NA Teams 2,2410.0,2294.0,1999-11-28,
450,John,Mc Dermott,5108,93518,"River Edge, NJ",Han-In Table Tennis Club,2273,2024-08-25,2266,2022-05-14,ACTIVE,2023 JOOLA North American Teams,2318.0,2248.0,2023-11-24,2023-11-26
450,John,Mc Dermott,5108,93518,"River Edge, NJ",Han-In Table Tennis Club,2273,2024-08-25,2266,2022-05-14,ACTIVE,2021 Joola North American Team,2332.0,2343.0,2021-11-26,2021-11-28
450,John,Mc Dermott,5108,93518,"River Edge, NJ",Han-In Table Tennis Club,2273,2024-08-25,2266,2022-05-14,ACTIVE,2019 JOOLA North American Teams,2251.0,2299.0,2019-11-29,2019-12-01
450,John,Mc Dermott,5108,93518,"River Edge, NJ",Han-In Table Tennis Club,2273,2024-08-25,2266,2022-05-14,ACTIVE,JOOLA North American Teams,2246.0,2274.0,2018-11-23,2018-11-25
450,John,Mc Dermott,5108,93518,"River Edge, NJ",Han-In Table Tennis Club,2273,2024-08-25,2266,2022-05-14,ACTIVE,20th Annual North American Team Championship Powered By JOOLA,2138.0,2080.0,2017-11-24,2017-11-26
451,Tuan Dai,Le Md,4197,47064,"Pomona, CA",Orange County Table Tennis Academy,2272,2024-06-02,2369,2015-05-12,ACTIVE,North American Teams,2294.0,2405.0,2003-11-30,
451,Tuan Dai,Le Md,4197,47064,"Pomona, CA",Orange County Table Tennis Academy,2272,2024-06-02,2369,2015-05-12,ACTIVE,1998 North American Teams Cham,2249.0,2361.0,1998-11-29,
454,Tanish,Balamurugan,131805,230805,"Milpitas, CA",888 Table Tennis Center,2272,2024-09-02,2105,2024-09-07,ACTIVE,2023 JOOLA North American Teams,2215.0,2295.0,2023-11-24,2023-11-26
455,Stefano,Ratti,6428,25847,"Kensington, MD",MDTTC - Maryland Table Tennis Center,2271,2024-07-14,2336,2019-01-25,ACTIVE,2023 JOOLA North American Teams,2279.0,2269.0,2023-11-24,2023-11-26
455,Stefano,Ratti,6428,25847,"Kensington, MD",MDTTC - Maryland Table Tennis Center,2271,2024-07-14,2336,2019-01-25,ACTIVE,2022 JOOLA North American Teams,2331.0,2297.0,2022-11-25,2022-11-27
455,Stefano,Ratti,6428,25847,"Kensington, MD",MDTTC - Maryland Table Tennis Center,2271,2024-07-14,2336,2019-01-25,ACTIVE,2015 JOOLA North American Teams Championships,2313.0,2344.0,2015-11-29,
455,Stefano,Ratti,6428,25847,"Kensington, MD",MDTTC - Maryland Table Tennis Center,2271,2024-07-14,2336,2019-01-25,ACTIVE,2014 JOOLA North American Teams Championships,2194.0,2283.0,2014-11-30,
456,Kevin,Doyle,171074,1171074,"Green Brook, NJ",Lily Yip Table Tennis Center,2271,2024-08-11,2354,2024-09-06,ACTIVE,2023 JOOLA North American Teams,2221.0,2262.0,2023-11-24,2023-11-26
456,Kevin,Doyle,171074,1171074,"Green Brook, NJ",Lily Yip Table Tennis Center,2271,2024-08-11,2354,2024-09-06,ACTIVE,2022 JOOLA North American Teams,2088.0,2067.0,2022-11-25,2022-11-27
456,Kevin,Doyle,171074,1171074,"Green Brook, NJ",Lily Yip Table Tennis Center,2271,2024-08-11,2354,2024-09-06,ACTIVE,2021 Joola North American Team,1710.0,1739.0,2021-11-26,2021-11-28
458,Yishiuan,Lin,131429,230429,"Lexington, MA",Massachusetts Table Tennis and Badminton Club,2269,2024-03-30,2106,2024-03-03,ACTIVE,2022 JOOLA North American Teams,2267.0,2215.0,2022-11-25,2022-11-27
458,Yishiuan,Lin,131429,230429,"Lexington, MA",Massachusetts Table Tennis and Badminton Club,2269,2024-03-30,2106,2024-03-03,ACTIVE,2019 JOOLA North American Teams,2020.0,2022.0,2019-11-29,2019-12-01
460,Giovannie,Centeno,116777,215777,Cidra,,2268,2024-04-14,0,,ACTIVE,2019 JOOLA North American Teams,1902.0,2007.0,2019-11-29,2019-12-01
460,Giovannie,Centeno,116777,215777,Cidra,,2268,2024-04-14,0,,ACTIVE,JOOLA North American Teams,1058.0,1902.0,2018-11-23,2018-11-25
460,Giovannie,Centeno,116777,215777,Cidra,,2268,2024-04-14,0,,ACTIVE,2016 JOOLA NA Teams,0.0,1058.0,2016-11-25,2016-11-27
461,Dan,Seemiller Jr,6921,27825,"El Paso, TX",El Paso Table Tennis Club,2267,2024-07-27,2164,2022-09-23,ACTIVE,North American Teams,1274.0,1323.0,2003-11-30,
468,Anastasiia,Rybka,6706,93896,"Arlington, TX",Gilbert Table Tennis Center,2262,2023-12-21,0,,ACTIVE,2019 JOOLA North American Teams,2325.0,2261.0,2019-11-29,2019-12-01
469,Vikash,Sahu,6731,28377,"North Potomac, MD",Club JOOLA,2262,2024-08-25,2159,2020-01-11,ACTIVE,2023 JOOLA North American Teams,2207.0,2258.0,2023-11-24,2023-11-26
469,Vikash,Sahu,6731,28377,"North Potomac, MD",Club JOOLA,2262,2024-08-25,2159,2020-01-11,ACTIVE,2022 JOOLA North American Teams,2273.0,2192.0,2022-11-25,2022-11-27
469,Vikash,Sahu,6731,28377,"North Potomac, MD",Club JOOLA,2262,2024-08-25,2159,2020-01-11,ACTIVE,2019 JOOLA North American Teams,2233.0,2216.0,2019-11-29,2019-12-01
469,Vikash,Sahu,6731,28377,"North Potomac, MD",Club JOOLA,2262,2024-08-25,2159,2020-01-11,ACTIVE,JOOLA North American Teams,2217.0,2223.0,2018-11-23,2018-11-25
469,Vikash,Sahu,6731,28377,"North Potomac, MD",Club JOOLA,2262,2024-08-25,2159,2020-01-11,ACTIVE,20th Annual North American Team Championship Powered By JOOLA,2213.0,2204.0,2017-11-24,2017-11-26
469,Vikash,Sahu,6731,28377,"North Potomac, MD",Club JOOLA,2262,2024-08-25,2159,2020-01-11,ACTIVE,2016 JOOLA NA Teams,2220.0,2140.0,2016-11-25,2016-11-27
471,Olouwachehoun,Guiganfode,102799,201799,"Indianapolis, IN",,2259,2024-08-11,0,,ACTIVE,JOOLA North American Teams,2362.0,2350.0,2018-11-23,2018-11-25
471,Olouwachehoun,Guiganfode,102799,201799,"Indianapolis, IN",,2259,2024-08-11,0,,ACTIVE,20th Annual North American Team Championship Powered By JOOLA,2327.0,2320.0,2017-11-24,2017-11-26
472,Michael,Chang,131483,230483,"Dallas, TX",DFW Table Tennis,2259,2024-08-24,0,,ACTIVE,2022 JOOLA North American Teams,2014.0,2009.0,2022-11-25,2022-11-27
473,Om,Narvekar,118143,217143,Saratoga,,2258,2024-07-28,2133,2024-08-18,ACTIVE,2023 JOOLA North American Teams,2130.0,2141.0,2023-11-24,2023-11-26
475,Carmen,Yu,118532,217532,"Fort Washington, PA",,2257,2024-07-07,2002,2022-08-26,ACTIVE,2023 JOOLA North American Teams,2168.0,2134.0,2023-11-24,2023-11-26
475,Carmen,Yu,118532,217532,"Fort Washington, PA",,2257,2024-07-07,2002,2022-08-26,ACTIVE,2022 JOOLA North American Teams,2093.0,2083.0,2022-11-25,2022-11-27
475,Carmen,Yu,118532,217532,"Fort Washington, PA",,2257,2024-07-07,2002,2022-08-26,ACTIVE,2021 Joola North American Team,2062.0,2028.0,2021-11-26,2021-11-28
475,Carmen,Yu,118532,217532,"Fort Washington, PA",,2257,2024-07-07,2002,2022-08-26,ACTIVE,2019 JOOLA North American Teams,1644.0,1785.0,2019-11-29,2019-12-01
475,Carmen,Yu,118532,217532,"Fort Washington, PA",,2257,2024-07-07,2002,2022-08-26,ACTIVE,JOOLA North American Teams,715.0,1026.0,2018-11-23,2018-11-25
478,Keith,Pech,6039,32336,"Irving, TX",DFW Table Tennis,2256,2024-08-31,2221,2022-05-23,ACTIVE,2022 JOOLA North American Teams,2291.0,2268.0,2022-11-25,2022-11-27
478,Keith,Pech,6039,32336,"Irving, TX",DFW Table Tennis,2256,2024-08-31,2221,2022-05-23,ACTIVE,2019 JOOLA North American Teams,2247.0,2266.0,2019-11-29,2019-12-01
479,Joshua,Tran,7868,71477,"Hollywood, MD",MDTTC - Maryland Table Tennis Center,2255,2024-08-04,2257,2023-06-09,ACTIVE,2023 JOOLA North American Teams,2224.0,2217.0,2023-11-24,2023-11-26
479,Joshua,Tran,7868,71477,"Hollywood, MD",MDTTC - Maryland Table Tennis Center,2255,2024-08-04,2257,2023-06-09,ACTIVE,2022 JOOLA North American Teams,2234.0,2238.0,2022-11-25,2022-11-27
479,Joshua,Tran,7868,71477,"Hollywood, MD",MDTTC - Maryland Table Tennis Center,2255,2024-08-04,2257,2023-06-09,ACTIVE,2019 JOOLA North American Teams,2248.0,2246.0,2019-11-29,2019-12-01
479,Joshua,Tran,7868,71477,"Hollywood, MD",MDTTC - Maryland Table Tennis Center,2255,2024-08-04,2257,2023-06-09,ACTIVE,JOOLA North American Teams,2153.0,2248.0,2018-11-23,2018-11-25
479,Joshua,Tran,7868,71477,"Hollywood, MD",MDTTC - Maryland Table Tennis Center,2255,2024-08-04,2257,2023-06-09,ACTIVE,20th Annual North American Team Championship Powered By JOOLA,1994.0,2153.0,2017-11-24,2017-11-26
479,Joshua,Tran,7868,71477,"Hollywood, MD",MDTTC - Maryland Table Tennis Center,2255,2024-08-04,2257,2023-06-09,ACTIVE,2016 JOOLA NA Teams,2159.0,1994.0,2016-11-25,2016-11-27
479,Joshua,Tran,7868,71477,"Hollywood, MD",MDTTC - Maryland Table Tennis Center,2255,2024-08-04,2257,2023-06-09,ACTIVE,2015 JOOLA North American Teams Championships,2054.0,2159.0,2015-11-29,
479,Joshua,Tran,7868,71477,"Hollywood, MD",MDTTC - Maryland Table Tennis Center,2255,2024-08-04,2257,2023-06-09,ACTIVE,2014 JOOLA North American Teams Championships,2058.0,2160.0,2014-11-30,
480,Ryan,Lin,4548,96592,"Rowland Heights, CA",California Table Tennis,2255,2024-08-04,0,,ACTIVE,2022 JOOLA North American Teams,2199.0,2147.0,2022-11-25,2022-11-27
482,Abigail,YU,170965,269965,"Byron, MN",Rochester Table Tennis Club,2252,2024-07-07,2158,2023-08-25,ACTIVE,2022 JOOLA North American Teams,2054.0,2018.0,2022-11-25,2022-11-27
482,Abigail,YU,170965,269965,"Byron, MN",Rochester Table Tennis Club,2252,2024-07-07,2158,2023-08-25,ACTIVE,2021 Joola North American Team,1258.0,1411.0,2021-11-26,2021-11-28
484,Sabrina,Zhu,9155,91046,"Alpharetta, GA",Atlanta International Table Tennis Academy,2251,2023-11-26,2221,2019-07-26,ACTIVE,2023 JOOLA North American Teams,2170.0,2251.0,2023-11-24,2023-11-26
484,Sabrina,Zhu,9155,91046,"Alpharetta, GA",Atlanta International Table Tennis Academy,2251,2023-11-26,2221,2019-07-26,ACTIVE,2022 JOOLA North American Teams,2262.0,2201.0,2022-11-25,2022-11-27
484,Sabrina,Zhu,9155,91046,"Alpharetta, GA",Atlanta International Table Tennis Academy,2251,2023-11-26,2221,2019-07-26,ACTIVE,2019 JOOLA North American Teams,2270.0,2265.0,2019-11-29,2019-12-01
484,Sabrina,Zhu,9155,91046,"Alpharetta, GA",Atlanta International Table Tennis Academy,2251,2023-11-26,2221,2019-07-26,ACTIVE,JOOLA North American Teams,2229.0,2226.0,2018-11-23,2018-11-25
484,Sabrina,Zhu,9155,91046,"Alpharetta, GA",Atlanta International Table Tennis Academy,2251,2023-11-26,2221,2019-07-26,ACTIVE,20th Annual North American Team Championship Powered By JOOLA,2150.0,2207.0,2017-11-24,2017-11-26
484,Sabrina,Zhu,9155,91046,"Alpharetta, GA",Atlanta International Table Tennis Academy,2251,2023-11-26,2221,2019-07-26,ACTIVE,2016 JOOLA NA Teams,2055.0,2170.0,2016-11-25,2016-11-27
484,Sabrina,Zhu,9155,91046,"Alpharetta, GA",Atlanta International Table Tennis Academy,2251,2023-11-26,2221,2019-07-26,ACTIVE,2015 JOOLA North American Teams Championships,1906.0,2022.0,2015-11-29,
484,Sabrina,Zhu,9155,91046,"Alpharetta, GA",Atlanta International Table Tennis Academy,2251,2023-11-26,2221,2019-07-26,ACTIVE,2014 JOOLA North American Teams Championships,1675.0,1800.0,2014-11-30,
485,Keith,Evans,2036,19043,"Birmingham, AL","BumperNets, Inc.",2251,2023-03-18,2270,2019-05-13,ACTIVE,North American Teams,2428.0,2393.0,2003-11-30,
486,Stuti,Kashyap,123299,222299,"Fremont, CA",(TTA) Table Tennis America,2250,2024-08-25,2165,2024-08-18,ACTIVE,2023 JOOLA North American Teams,2217.0,2236.0,2023-11-24,2023-11-26
488,Mikael,Munoz,102783,201783,,,2249,2024-07-21,0,,ACTIVE,20th Annual North American Team Championship Powered By JOOLA,2041.0,2113.0,2017-11-24,2017-11-26
489,Tim,Nasseir,5528,18635,"Eastvale, CA",,2249,2024-08-04,2104,2011-04-09,ACTIVE,1999 NA Teams 2,2124.0,2187.0,1999-11-28,
489,Tim,Nasseir,5528,18635,"Eastvale, CA",,2249,2024-08-04,2104,2011-04-09,ACTIVE,1998 North American Teams Cham,0.0,2124.0,1998-11-29,
491,Leon,Edmarie,132387,1132387,Guaynabo,,2246,2024-07-28,0,,ACTIVE,2019 JOOLA North American Teams,1890.0,2045.0,2019-11-29,2019-12-01
491,Leon,Edmarie,132387,1132387,Guaynabo,,2246,2024-07-28,0,,ACTIVE,JOOLA North American Teams,0.0,1890.0,2018-11-23,2018-11-25
492,Virginia,Sung,48222,58286,"Colorado Springs, CO",USA Table Tennis,2246,2024-07-07,2151,2023-03-07,ACTIVE,JOOLA North American Teams,2282.0,2282.0,2018-11-23,2018-11-25
494,Irene,Yeoh,120210,219210,"Fremont, CA",(TTA) Table Tennis America,2246,2024-07-28,2202,2024-08-11,ACTIVE,2023 JOOLA North American Teams,2112.0,2163.0,2023-11-24,2023-11-26
498,Jeff,Ruiz,6678,93102,"Chula Vista, CA",Learning Tree Table Tennis Club,2245,2024-07-07,2318,2024-07-12,ACTIVE,2021 Joola North American Team,2195.0,2204.0,2021-11-26,2021-11-28
498,Jeff,Ruiz,6678,93102,"Chula Vista, CA",Learning Tree Table Tennis Club,2245,2024-07-07,2318,2024-07-12,ACTIVE,2019 JOOLA North American Teams,2177.0,2295.0,2019-11-29,2019-12-01
498,Jeff,Ruiz,6678,93102,"Chula Vista, CA",Learning Tree Table Tennis Club,2245,2024-07-07,2318,2024-07-12,ACTIVE,JOOLA North American Teams,2246.0,2268.0,2018-11-23,2018-11-25
499,Matt,Winkler,8506,1763,"Gilbert, AZ","Table Tennis & More, Inc.",2245,2024-07-28,2122,2024-05-24,ACTIVE,2014 JOOLA North American Teams Championships,2212.0,2322.0,2014-11-30,
501,Max,Mouchinski,150995,1150995,"Cranford, NJ",Lily Yip Table Tennis Center,2245,2024-08-25,2319,2024-09-06,ACTIVE,2023 JOOLA North American Teams,2217.0,2255.0,2023-11-24,2023-11-26
501,Max,Mouchinski,150995,1150995,"Cranford, NJ",Lily Yip Table Tennis Center,2245,2024-08-25,2319,2024-09-06,ACTIVE,2022 JOOLA North American Teams,2243.0,2171.0,2022-11-25,2022-11-27
501,Max,Mouchinski,150995,1150995,"Cranford, NJ",Lily Yip Table Tennis Center,2245,2024-08-25,2319,2024-09-06,ACTIVE,2021 Joola North American Team,1940.0,2074.0,2021-11-26,2021-11-28
501,Max,Mouchinski,150995,1150995,"Cranford, NJ",Lily Yip Table Tennis Center,2245,2024-08-25,2319,2024-09-06,ACTIVE,2019 JOOLA North American Teams,1233.0,1487.0,2019-11-29,2019-12-01
502,John,Beaumont,11644,59879,"New Orleans, LA",,2244,2023-11-26,0,,ACTIVE,2023 JOOLA North American Teams,2175.0,2244.0,2023-11-24,2023-11-26
502,John,Beaumont,11644,59879,"New Orleans, LA",,2244,2023-11-26,0,,ACTIVE,2022 JOOLA North American Teams,2164.0,2175.0,2022-11-25,2022-11-27
502,John,Beaumont,11644,59879,"New Orleans, LA",,2244,2023-11-26,0,,ACTIVE,2019 JOOLA North American Teams,2187.0,2203.0,2019-11-29,2019-12-01
502,John,Beaumont,11644,59879,"New Orleans, LA",,2244,2023-11-26,0,,ACTIVE,2016 JOOLA NA Teams,2238.0,2243.0,2016-11-25,2016-11-27
502,John,Beaumont,11644,59879,"New Orleans, LA",,2244,2023-11-26,0,,ACTIVE,2014 JOOLA North American Teams Championships,2271.0,2239.0,2014-11-30,
502,John,Beaumont,11644,59879,"New Orleans, LA",,2244,2023-11-26,0,,ACTIVE,1999 NA Teams 2,2155.0,2209.0,1999-11-28,
502,John,Beaumont,11644,59879,"New Orleans, LA",,2244,2023-11-26,0,,ACTIVE,1998 North American Teams Cham,2117.0,2148.0,1998-11-29,
507,Pinchung,Chen,1177,89620,"Arcadia, CA",California Table Tennis,2242,2024-03-10,2328,2016-05-28,ACTIVE,2014 JOOLA North American Teams Championships,2257.0,2255.0,2014-11-30,
508,Jan,Gonzalez,102078,98296,"Villalba, PR",,2242,2024-04-14,0,,ACTIVE,2019 JOOLA North American Teams,2157.0,2145.0,2019-11-29,2019-12-01
508,Jan,Gonzalez,102078,98296,"Villalba, PR",,2242,2024-04-14,0,,ACTIVE,JOOLA North American Teams,2200.0,2157.0,2018-11-23,2018-11-25
508,Jan,Gonzalez,102078,98296,"Villalba, PR",,2242,2024-04-14,0,,ACTIVE,20th Annual North American Team Championship Powered By JOOLA,2007.0,2200.0,2017-11-24,2017-11-26
508,Jan,Gonzalez,102078,98296,"Villalba, PR",,2242,2024-04-14,0,,ACTIVE,2016 JOOLA NA Teams,1890.0,2007.0,2016-11-25,2016-11-27
508,Jan,Gonzalez,102078,98296,"Villalba, PR",,2242,2024-04-14,0,,ACTIVE,2015 JOOLA North American Teams Championships,0.0,1890.0,2015-11-29,
509,Daniela,Munoz,102784,201784,,,2240,2024-07-21,0,,ACTIVE,20th Annual North American Team Championship Powered By JOOLA,1977.0,1980.0,2017-11-24,2017-11-26
517,Hui Yuan,Liu,4615,2369,"Rega Park, NY",New York Table Tennis Club,2236,2023-11-26,0,,ACTIVE,2023 JOOLA North American Teams,2261.0,2236.0,2023-11-24,2023-11-26
517,Hui Yuan,Liu,4615,2369,"Rega Park, NY",New York Table Tennis Club,2236,2023-11-26,0,,ACTIVE,JOOLA North American Teams,2211.0,2260.0,2018-11-23,2018-11-25
517,Hui Yuan,Liu,4615,2369,"Rega Park, NY",New York Table Tennis Club,2236,2023-11-26,0,,ACTIVE,20th Annual North American Team Championship Powered By JOOLA,2265.0,2211.0,2017-11-24,2017-11-26
517,Hui Yuan,Liu,4615,2369,"Rega Park, NY",New York Table Tennis Club,2236,2023-11-26,0,,ACTIVE,2016 JOOLA NA Teams,2299.0,2309.0,2016-11-25,2016-11-27
517,Hui Yuan,Liu,4615,2369,"Rega Park, NY",New York Table Tennis Club,2236,2023-11-26,0,,ACTIVE,2015 JOOLA North American Teams Championships,2308.0,2287.0,2015-11-29,
517,Hui Yuan,Liu,4615,2369,"Rega Park, NY",New York Table Tennis Club,2236,2023-11-26,0,,ACTIVE,North American Teams,2402.0,2398.0,2003-11-30,
517,Hui Yuan,Liu,4615,2369,"Rega Park, NY",New York Table Tennis Club,2236,2023-11-26,0,,ACTIVE,1999 NA Teams 2,2405.0,2438.0,1999-11-28,
517,Hui Yuan,Liu,4615,2369,"Rega Park, NY",New York Table Tennis Club,2236,2023-11-26,0,,ACTIVE,1998 North American Teams Cham,2456.0,2462.0,1998-11-29,
522,David,Rosenzweig,6633,55035,"Hoboken, NJ",New Jersey Table Tennis Club,2234,2018-03-02,2260,2018-12-21,ACTIVE,North American Teams,2199.0,2210.0,2003-11-30,
522,David,Rosenzweig,6633,55035,"Hoboken, NJ",New Jersey Table Tennis Club,2234,2018-03-02,2260,2018-12-21,ACTIVE,1999 NA Teams 2,2098.0,2165.0,1999-11-28,
522,David,Rosenzweig,6633,55035,"Hoboken, NJ",New Jersey Table Tennis Club,2234,2018-03-02,2260,2018-12-21,ACTIVE,1998 North American Teams Cham,2200.0,2163.0,1998-11-29,
523,Sebastian,Cruz Ruiz,168994,1168994,Utuado,,2233,2024-04-14,0,,ACTIVE,2022 JOOLA North American Teams,2018.0,2223.0,2022-11-25,2022-11-27
526,Emile,Goldstein,2501,35343,"New York, NY",Wang Chen Table Tennis Club,2233,2023-11-26,2326,2023-03-06,ACTIVE,2023 JOOLA North American Teams,2264.0,2233.0,2023-11-24,2023-11-26
526,Emile,Goldstein,2501,35343,"New York, NY",Wang Chen Table Tennis Club,2233,2023-11-26,2326,2023-03-06,ACTIVE,2022 JOOLA North American Teams,2233.0,2248.0,2022-11-25,2022-11-27
526,Emile,Goldstein,2501,35343,"New York, NY",Wang Chen Table Tennis Club,2233,2023-11-26,2326,2023-03-06,ACTIVE,2021 Joola North American Team,2139.0,2238.0,2021-11-26,2021-11-28
526,Emile,Goldstein,2501,35343,"New York, NY",Wang Chen Table Tennis Club,2233,2023-11-26,2326,2023-03-06,ACTIVE,2019 JOOLA North American Teams,2224.0,2146.0,2019-11-29,2019-12-01
526,Emile,Goldstein,2501,35343,"New York, NY",Wang Chen Table Tennis Club,2233,2023-11-26,2326,2023-03-06,ACTIVE,JOOLA North American Teams,2206.0,2226.0,2018-11-23,2018-11-25
526,Emile,Goldstein,2501,35343,"New York, NY",Wang Chen Table Tennis Club,2233,2023-11-26,2326,2023-03-06,ACTIVE,20th Annual North American Team Championship Powered By JOOLA,2229.0,2206.0,2017-11-24,2017-11-26
526,Emile,Goldstein,2501,35343,"New York, NY",Wang Chen Table Tennis Club,2233,2023-11-26,2326,2023-03-06,ACTIVE,2016 JOOLA NA Teams,2197.0,2217.0,2016-11-25,2016-11-27
526,Emile,Goldstein,2501,35343,"New York, NY",Wang Chen Table Tennis Club,2233,2023-11-26,2326,2023-03-06,ACTIVE,2015 JOOLA North American Teams Championships,2224.0,2196.0,2015-11-29,
526,Emile,Goldstein,2501,35343,"New York, NY",Wang Chen Table Tennis Club,2233,2023-11-26,2326,2023-03-06,ACTIVE,2014 JOOLA North American Teams Championships,2160.0,2141.0,2014-11-30,
529,Mendy,Wang,51950,86207,"Princeton Junction, NJ",,2231,2024-08-25,2122,2018-01-09,ACTIVE,2019 JOOLA North American Teams,2273.0,2335.0,2019-11-29,2019-12-01
529,Mendy,Wang,51950,86207,"Princeton Junction, NJ",,2231,2024-08-25,2122,2018-01-09,ACTIVE,2016 JOOLA NA Teams,2233.0,2157.0,2016-11-25,2016-11-27
530,Roger,Liu,4642,82029,"New York, OH",Twinsburg Table Tennis Club,2230,2024-08-25,2197,2017-06-24,ACTIVE,JOOLA North American Teams,2358.0,2307.0,2018-11-23,2018-11-25
530,Roger,Liu,4642,82029,"New York, OH",Twinsburg Table Tennis Club,2230,2024-08-25,2197,2017-06-24,ACTIVE,20th Annual North American Team Championship Powered By JOOLA,2315.0,2261.0,2017-11-24,2017-11-26
532,Kunal,Shah,6977,34225,"New York, NY",,2230,2023-11-26,2232,2020-10-30,ACTIVE,2023 JOOLA North American Teams,2204.0,2230.0,2023-11-24,2023-11-26
532,Kunal,Shah,6977,34225,"New York, NY",,2230,2023-11-26,2232,2020-10-30,ACTIVE,2022 JOOLA North American Teams,2154.0,2204.0,2022-11-25,2022-11-27
532,Kunal,Shah,6977,34225,"New York, NY",,2230,2023-11-26,2232,2020-10-30,ACTIVE,2021 Joola North American Team,2227.0,2154.0,2021-11-26,2021-11-28
532,Kunal,Shah,6977,34225,"New York, NY",,2230,2023-11-26,2232,2020-10-30,ACTIVE,JOOLA North American Teams,2200.0,2227.0,2018-11-23,2018-11-25
532,Kunal,Shah,6977,34225,"New York, NY",,2230,2023-11-26,2232,2020-10-30,ACTIVE,20th Annual North American Team Championship Powered By JOOLA,2171.0,2201.0,2017-11-24,2017-11-26
532,Kunal,Shah,6977,34225,"New York, NY",,2230,2023-11-26,2232,2020-10-30,ACTIVE,2016 JOOLA NA Teams,2224.0,2212.0,2016-11-25,2016-11-27
532,Kunal,Shah,6977,34225,"New York, NY",,2230,2023-11-26,2232,2020-10-30,ACTIVE,2015 JOOLA North American Teams Championships,2320.0,2224.0,2015-11-29,
532,Kunal,Shah,6977,34225,"New York, NY",,2230,2023-11-26,2232,2020-10-30,ACTIVE,2014 JOOLA North American Teams Championships,2291.0,2320.0,2014-11-30,
534,Dora,Kurimay,30335,74221,"New York, NY",PINGPOD,2229,2023-12-21,2313,2020-01-17,ACTIVE,2022 JOOLA North American Teams,2275.0,2282.0,2022-11-25,2022-11-27
534,Dora,Kurimay,30335,74221,"New York, NY",PINGPOD,2229,2023-12-21,2313,2020-01-17,ACTIVE,2019 JOOLA North American Teams,2380.0,2275.0,2019-11-29,2019-12-01
535,Vivaan,Chhabra,118772,217772,"Westford, MA",Westford Table Tennis Club,2229,2024-07-28,1466,2019-03-04,ACTIVE,2021 Joola North American Team,2096.0,2081.0,2021-11-26,2021-11-28
535,Vivaan,Chhabra,118772,217772,"Westford, MA",Westford Table Tennis Club,2229,2024-07-28,1466,2019-03-04,ACTIVE,2019 JOOLA North American Teams,1776.0,1882.0,2019-11-29,2019-12-01
536,Xuanming,Hu,176718,275718,"Florham Park, NJ",Matchpoint Table Tennis Center NJ,2228,2022-11-27,0,,ACTIVE,2022 JOOLA North American Teams,0.0,2228.0,2022-11-25,2022-11-27
537,Alan,Chen,1117,88147,"Warren, NJ",New York University NCAA,2228,2024-06-30,2312,2015-11-03,ACTIVE,2016 JOOLA NA Teams,2141.0,2176.0,2016-11-25,2016-11-27
537,Alan,Chen,1117,88147,"Warren, NJ",New York University NCAA,2228,2024-06-30,2312,2015-11-03,ACTIVE,2015 JOOLA North American Teams Championships,2246.0,2330.0,2015-11-29,
537,Alan,Chen,1117,88147,"Warren, NJ",New York University NCAA,2228,2024-06-30,2312,2015-11-03,ACTIVE,2014 JOOLA North American Teams Championships,2075.0,2179.0,2014-11-30,
538,John,Mar,4973,5185,"Lawrenceville, GA",Atlanta International Table Tennis Academy,2228,2024-07-14,2152,2008-08-02,ACTIVE,2023 JOOLA North American Teams,2274.0,2280.0,2023-11-24,2023-11-26
538,John,Mar,4973,5185,"Lawrenceville, GA",Atlanta International Table Tennis Academy,2228,2024-07-14,2152,2008-08-02,ACTIVE,2022 JOOLA North American Teams,2255.0,2297.0,2022-11-25,2022-11-27
538,John,Mar,4973,5185,"Lawrenceville, GA",Atlanta International Table Tennis Academy,2228,2024-07-14,2152,2008-08-02,ACTIVE,2021 Joola North American Team,2231.0,2211.0,2021-11-26,2021-11-28
538,John,Mar,4973,5185,"Lawrenceville, GA",Atlanta International Table Tennis Academy,2228,2024-07-14,2152,2008-08-02,ACTIVE,2019 JOOLA North American Teams,2264.0,2242.0,2019-11-29,2019-12-01
538,John,Mar,4973,5185,"Lawrenceville, GA",Atlanta International Table Tennis Academy,2228,2024-07-14,2152,2008-08-02,ACTIVE,JOOLA North American Teams,2201.0,2279.0,2018-11-23,2018-11-25
538,John,Mar,4973,5185,"Lawrenceville, GA",Atlanta International Table Tennis Academy,2228,2024-07-14,2152,2008-08-02,ACTIVE,20th Annual North American Team Championship Powered By JOOLA,2103.0,2312.0,2017-11-24,2017-11-26
538,John,Mar,4973,5185,"Lawrenceville, GA",Atlanta International Table Tennis Academy,2228,2024-07-14,2152,2008-08-02,ACTIVE,2016 JOOLA NA Teams,2259.0,2226.0,2016-11-25,2016-11-27
538,John,Mar,4973,5185,"Lawrenceville, GA",Atlanta International Table Tennis Academy,2228,2024-07-14,2152,2008-08-02,ACTIVE,2015 JOOLA North American Teams Championships,2182.0,2209.0,2015-11-29,
538,John,Mar,4973,5185,"Lawrenceville, GA",Atlanta International Table Tennis Academy,2228,2024-07-14,2152,2008-08-02,ACTIVE,2014 JOOLA North American Teams Championships,2232.0,2227.0,2014-11-30,
540,Amber,Liu,113114,212114,"Johns Creek, GA",NC International Table Tennis (NCITT),2228,2024-08-18,0,,ACTIVE,2022 JOOLA North American Teams,2187.0,2190.0,2022-11-25,2022-11-27
540,Amber,Liu,113114,212114,"Johns Creek, GA",NC International Table Tennis (NCITT),2228,2024-08-18,0,,ACTIVE,2021 Joola North American Team,2255.0,2213.0,2021-11-26,2021-11-28
540,Amber,Liu,113114,212114,"Johns Creek, GA",NC International Table Tennis (NCITT),2228,2024-08-18,0,,ACTIVE,2019 JOOLA North American Teams,2044.0,2044.0,2019-11-29,2019-12-01
540,Amber,Liu,113114,212114,"Johns Creek, GA",NC International Table Tennis (NCITT),2228,2024-08-18,0,,ACTIVE,JOOLA North American Teams,1651.0,1636.0,2018-11-23,2018-11-25
540,Amber,Liu,113114,212114,"Johns Creek, GA",NC International Table Tennis (NCITT),2228,2024-08-18,0,,ACTIVE,20th Annual North American Team Championship Powered By JOOLA,510.0,960.0,2017-11-24,2017-11-26
541,Steven,Granaturov,2596,95340,"Brooklyn, NY",Nison's Table Tennis School,2227,2024-07-28,2333,2024-07-26,ACTIVE,2023 JOOLA North American Teams,2302.0,2318.0,2023-11-24,2023-11-26
541,Steven,Granaturov,2596,95340,"Brooklyn, NY",Nison's Table Tennis School,2227,2024-07-28,2333,2024-07-26,ACTIVE,2022 JOOLA North American Teams,2263.0,2286.0,2022-11-25,2022-11-27
541,Steven,Granaturov,2596,95340,"Brooklyn, NY",Nison's Table Tennis School,2227,2024-07-28,2333,2024-07-26,ACTIVE,2021 Joola North American Team,2197.0,2174.0,2021-11-26,2021-11-28
541,Steven,Granaturov,2596,95340,"Brooklyn, NY",Nison's Table Tennis School,2227,2024-07-28,2333,2024-07-26,ACTIVE,2019 JOOLA North American Teams,2022.0,2187.0,2019-11-29,2019-12-01
541,Steven,Granaturov,2596,95340,"Brooklyn, NY",Nison's Table Tennis School,2227,2024-07-28,2333,2024-07-26,ACTIVE,JOOLA North American Teams,2014.0,2112.0,2018-11-23,2018-11-25
541,Steven,Granaturov,2596,95340,"Brooklyn, NY",Nison's Table Tennis School,2227,2024-07-28,2333,2024-07-26,ACTIVE,20th Annual North American Team Championship Powered By JOOLA,2049.0,2061.0,2017-11-24,2017-11-26
541,Steven,Granaturov,2596,95340,"Brooklyn, NY",Nison's Table Tennis School,2227,2024-07-28,2333,2024-07-26,ACTIVE,2016 JOOLA NA Teams,1814.0,1821.0,2016-11-25,2016-11-27
541,Steven,Granaturov,2596,95340,"Brooklyn, NY",Nison's Table Tennis School,2227,2024-07-28,2333,2024-07-26,ACTIVE,2015 JOOLA North American Teams Championships,1734.0,1737.0,2015-11-29,
543,Mark,Phillips,40736,91063,"Myrtle Beach, CA",,2226,2023-11-26,2115,2018-07-28,ACTIVE,2023 JOOLA North American Teams,2167.0,2226.0,2023-11-24,2023-11-26
544,Amy,Feng,2108,61742,"Marietta, GA",East Cobb Sports Table Tennis,2226,2023-11-26,0,,ACTIVE,2023 JOOLA North American Teams,2246.0,2226.0,2023-11-24,2023-11-26
544,Amy,Feng,2108,61742,"Marietta, GA",East Cobb Sports Table Tennis,2226,2023-11-26,0,,ACTIVE,2022 JOOLA North American Teams,2309.0,2246.0,2022-11-25,2022-11-27
544,Amy,Feng,2108,61742,"Marietta, GA",East Cobb Sports Table Tennis,2226,2023-11-26,0,,ACTIVE,JOOLA North American Teams,2317.0,2309.0,2018-11-23,2018-11-25
545,Agnieszka,Maluszczak,131166,230166,"Brooklyn, NY",PINGPOD,2226,2024-07-28,2025,2024-04-24,ACTIVE,2022 JOOLA North American Teams,2318.0,2159.0,2022-11-25,2022-11-27
546,Kary,Fang,112608,211608,"Fort Collins, CO",Mile High Table Tennis Academy,2226,2024-08-04,670,2017-08-13,ACTIVE,2023 JOOLA North American Teams,2192.0,2273.0,2023-11-24,2023-11-26
546,Kary,Fang,112608,211608,"Fort Collins, CO",Mile High Table Tennis Academy,2226,2024-08-04,670,2017-08-13,ACTIVE,2022 JOOLA North American Teams,2124.0,2079.0,2022-11-25,2022-11-27
547,Albert,Yang,8754,94028,"Basking Ridge, NJ",Topspin Table Tennis Club,2225,2024-07-07,2148,2022-08-07,ACTIVE,2023 JOOLA North American Teams,2287.0,2241.0,2023-11-24,2023-11-26
547,Albert,Yang,8754,94028,"Basking Ridge, NJ",Topspin Table Tennis Club,2225,2024-07-07,2148,2022-08-07,ACTIVE,2022 JOOLA North American Teams,2146.0,2235.0,2022-11-25,2022-11-27
547,Albert,Yang,8754,94028,"Basking Ridge, NJ",Topspin Table Tennis Club,2225,2024-07-07,2148,2022-08-07,ACTIVE,2021 Joola North American Team,2065.0,2262.0,2021-11-26,2021-11-28
547,Albert,Yang,8754,94028,"Basking Ridge, NJ",Topspin Table Tennis Club,2225,2024-07-07,2148,2022-08-07,ACTIVE,2019 JOOLA North American Teams,1950.0,2013.0,2019-11-29,2019-12-01
547,Albert,Yang,8754,94028,"Basking Ridge, NJ",Topspin Table Tennis Club,2225,2024-07-07,2148,2022-08-07,ACTIVE,JOOLA North American Teams,1536.0,1612.0,2018-11-23,2018-11-25
547,Albert,Yang,8754,94028,"Basking Ridge, NJ",Topspin Table Tennis Club,2225,2024-07-07,2148,2022-08-07,ACTIVE,20th Annual North American Team Championship Powered By JOOLA,998.0,1441.0,2017-11-24,2017-11-26
547,Albert,Yang,8754,94028,"Basking Ridge, NJ",Topspin Table Tennis Club,2225,2024-07-07,2148,2022-08-07,ACTIVE,2016 JOOLA NA Teams,680.0,1132.0,2016-11-25,2016-11-27
547,Albert,Yang,8754,94028,"Basking Ridge, NJ",Topspin Table Tennis Club,2225,2024-07-07,2148,2022-08-07,ACTIVE,2015 JOOLA North American Teams Championships,630.0,639.0,2015-11-29,
549,Tai Lun,Zhang,166480,265480,"Plano, TX",,2224,2024-03-02,1667,2019-07-31,ACTIVE,2022 JOOLA North American Teams,2202.0,2118.0,2022-11-25,2022-11-27
550,Ziqi,Yan,172136,271136,"Bellevue, WA",Seattle Pacific Table Tennis Club,2223,2024-04-28,2063,2021-08-14,ACTIVE,2022 JOOLA North American Teams,2259.0,2281.0,2022-11-25,2022-11-27
551,Tiancheng,Wang,164233,1164233,"Long Island City, NY",PingPod Lower East Side,2223,2024-08-04,1763,2023-02-23,ACTIVE,2023 JOOLA North American Teams,2208.0,2218.0,2023-11-24,2023-11-26
551,Tiancheng,Wang,164233,1164233,"Long Island City, NY",PingPod Lower East Side,2223,2024-08-04,1763,2023-02-23,ACTIVE,2022 JOOLA North American Teams,2226.0,2180.0,2022-11-25,2022-11-27
551,Tiancheng,Wang,164233,1164233,"Long Island City, NY",PingPod Lower East Side,2223,2024-08-04,1763,2023-02-23,ACTIVE,2021 Joola North American Team,2189.0,2211.0,2021-11-26,2021-11-28
551,Tiancheng,Wang,164233,1164233,"Long Island City, NY",PingPod Lower East Side,2223,2024-08-04,1763,2023-02-23,ACTIVE,2019 JOOLA North American Teams,1971.0,1949.0,2019-11-29,2019-12-01
552,Santos,Shih,7076,48633,"Tenafly, NJ",New York Indoor Sports Club,2223,2019-12-01,0,,ACTIVE,2019 JOOLA North American Teams,2145.0,2223.0,2019-11-29,2019-12-01
552,Santos,Shih,7076,48633,"Tenafly, NJ",New York Indoor Sports Club,2223,2019-12-01,0,,ACTIVE,20th Annual North American Team Championship Powered By JOOLA,2151.0,2140.0,2017-11-24,2017-11-26
552,Santos,Shih,7076,48633,"Tenafly, NJ",New York Indoor Sports Club,2223,2019-12-01,0,,ACTIVE,2016 JOOLA NA Teams,2172.0,2140.0,2016-11-25,2016-11-27
552,Santos,Shih,7076,48633,"Tenafly, NJ",New York Indoor Sports Club,2223,2019-12-01,0,,ACTIVE,2015 JOOLA North American Teams Championships,2203.0,2172.0,2015-11-29,
552,Santos,Shih,7076,48633,"Tenafly, NJ",New York Indoor Sports Club,2223,2019-12-01,0,,ACTIVE,2014 JOOLA North American Teams Championships,2211.0,2219.0,2014-11-30,
552,Santos,Shih,7076,48633,"Tenafly, NJ",New York Indoor Sports Club,2223,2019-12-01,0,,ACTIVE,North American Teams,2090.0,2202.0,2003-11-30,
552,Santos,Shih,7076,48633,"Tenafly, NJ",New York Indoor Sports Club,2223,2019-12-01,0,,ACTIVE,1999 NA Teams 2,2037.0,2069.0,1999-11-28,
553,Pablo,Figueroa,102066,98297,"Villalba, PR",,2223,2024-04-14,0,,ACTIVE,2019 JOOLA North American Teams,2190.0,2148.0,2019-11-29,2019-12-01
553,Pablo,Figueroa,102066,98297,"Villalba, PR",,2223,2024-04-14,0,,ACTIVE,JOOLA North American Teams,1891.0,2190.0,2018-11-23,2018-11-25
553,Pablo,Figueroa,102066,98297,"Villalba, PR",,2223,2024-04-14,0,,ACTIVE,2015 JOOLA North American Teams Championships,0.0,1891.0,2015-11-29,
557,Allison,Chen,181666,280666,,,2221,2023-12-21,0,,ACTIVE,2023 JOOLA North American Teams,0.0,2213.0,2023-11-24,2023-11-26
558,Vladimir,Shapiro,7007,88894,"Newton, MA",Boston Table Tennis Center,2220,2018-03-02,2226,2024-04-14,ACTIVE,20th Annual North American Team Championship Powered By JOOLA,2218.0,2220.0,2017-11-24,2017-11-26
558,Vladimir,Shapiro,7007,88894,"Newton, MA",Boston Table Tennis Center,2220,2018-03-02,2226,2024-04-14,ACTIVE,2014 JOOLA North American Teams Championships,2337.0,2291.0,2014-11-30,
559,Ethan,Yiu,174701,1174701,Vancouver,,2220,2024-02-04,0,,ACTIVE,2023 JOOLA North American Teams,2122.0,2214.0,2023-11-24,2023-11-26
561,Emani,Mcpherson,35689,86327,"Bridgeport, CT",,2219,2024-08-11,0,,ACTIVE,20th Annual North American Team Championship Powered By JOOLA,2250.0,2183.0,2017-11-24,2017-11-26
562,Hannah,Song,104187,203187,"Katy, TX",Houston International Table Tennis Academy (HITTA),2219,2024-08-11,2323,2024-06-29,ACTIVE,2023 JOOLA North American Teams,2195.0,2191.0,2023-11-24,2023-11-26
562,Hannah,Song,104187,203187,"Katy, TX",Houston International Table Tennis Academy (HITTA),2219,2024-08-11,2323,2024-06-29,ACTIVE,2022 JOOLA North American Teams,2270.0,2270.0,2022-11-25,2022-11-27
563,David,Fernandez,2123,57949,"Brooklyn, NY",PINGPOD,2218,2024-08-25,0,,ACTIVE,2022 JOOLA North American Teams,2356.0,2317.0,2022-11-25,2022-11-27
563,David,Fernandez,2123,57949,"Brooklyn, NY",PINGPOD,2218,2024-08-25,0,,ACTIVE,North American Teams,2556.0,2559.0,2003-11-30,
563,David,Fernandez,2123,57949,"Brooklyn, NY",PINGPOD,2218,2024-08-25,0,,ACTIVE,1998 North American Teams Cham,2551.0,2539.0,1998-11-29,
566,Diana,Gee,2393,6044,"Apex, NC",,2217,2018-03-02,0,,ACTIVE,1999 NA Teams 2,2325.0,2319.0,1999-11-28,
569,Justin,Liu,164236,1164236,"Saratoga, CA",888 Table Tennis Center,2217,2024-09-02,2083,2024-09-08,ACTIVE,2023 JOOLA North American Teams,2092.0,2180.0,2023-11-24,2023-11-26
570,Kenai,Rios,112820,211820,"Clayton, NC",Carolina International Table Tennis Academy (CITTA),2217,2024-07-07,0,,ACTIVE,2019 JOOLA North American Teams,1782.0,1647.0,2019-11-29,2019-12-01
575,Yin,Wang,8322,15076,"Everett, WA",,2215,2024-02-04,2249,2023-12-23,ACTIVE,North American Teams,2242.0,2237.0,2003-11-30,
578,Roman,Osmanov,5853,16808,"manalapan, NJ",,2213,2022-11-27,2262,2016-05-14,ACTIVE,2022 JOOLA North American Teams,2178.0,2213.0,2022-11-25,2022-11-27
578,Roman,Osmanov,5853,16808,"manalapan, NJ",,2213,2022-11-27,2262,2016-05-14,ACTIVE,2021 Joola North American Team,2226.0,2187.0,2021-11-26,2021-11-28
578,Roman,Osmanov,5853,16808,"manalapan, NJ",,2213,2022-11-27,2262,2016-05-14,ACTIVE,2019 JOOLA North American Teams,2262.0,2226.0,2019-11-29,2019-12-01
578,Roman,Osmanov,5853,16808,"manalapan, NJ",,2213,2022-11-27,2262,2016-05-14,ACTIVE,JOOLA North American Teams,2275.0,2260.0,2018-11-23,2018-11-25
578,Roman,Osmanov,5853,16808,"manalapan, NJ",,2213,2022-11-27,2262,2016-05-14,ACTIVE,20th Annual North American Team Championship Powered By JOOLA,2273.0,2278.0,2017-11-24,2017-11-26
578,Roman,Osmanov,5853,16808,"manalapan, NJ",,2213,2022-11-27,2262,2016-05-14,ACTIVE,2015 JOOLA North American Teams Championships,2344.0,2293.0,2015-11-29,
579,Liang (Vincent),Liung,4673,26454,"Boston, MA",Boston Table Tennis Center,2212,2018-03-02,1900,2023-09-18,ACTIVE,North American Teams,2212.0,2212.0,2003-11-30,
580,Srinivasan,Ramanathan,42133,64575,"Canton, MI",,2212,2023-11-26,0,,ACTIVE,2023 JOOLA North American Teams,2227.0,2212.0,2023-11-24,2023-11-26
580,Srinivasan,Ramanathan,42133,64575,"Canton, MI",,2212,2023-11-26,0,,ACTIVE,2022 JOOLA North American Teams,2178.0,2237.0,2022-11-25,2022-11-27
580,Srinivasan,Ramanathan,42133,64575,"Canton, MI",,2212,2023-11-26,0,,ACTIVE,North American Teams,2372.0,2347.0,2003-11-30,
580,Srinivasan,Ramanathan,42133,64575,"Canton, MI",,2212,2023-11-26,0,,ACTIVE,1999 NA Teams 2,2397.0,2354.0,1999-11-28,
580,Srinivasan,Ramanathan,42133,64575,"Canton, MI",,2212,2023-11-26,0,,ACTIVE,1998 North American Teams Cham,2227.0,2258.0,1998-11-29,
581,Nicholas,Kui,123653,222653,"Great Neck, NY",,2211,2022-11-27,2051,2020-02-21,ACTIVE,2022 JOOLA North American Teams,2196.0,2211.0,2022-11-25,2022-11-27
581,Nicholas,Kui,123653,222653,"Great Neck, NY",,2211,2022-11-27,2051,2020-02-21,ACTIVE,2021 Joola North American Team,2117.0,2117.0,2021-11-26,2021-11-28
581,Nicholas,Kui,123653,222653,"Great Neck, NY",,2211,2022-11-27,2051,2020-02-21,ACTIVE,2019 JOOLA North American Teams,1870.0,1896.0,2019-11-29,2019-12-01
581,Nicholas,Kui,123653,222653,"Great Neck, NY",,2211,2022-11-27,2051,2020-02-21,ACTIVE,JOOLA North American Teams,997.0,1407.0,2018-11-23,2018-11-25
584,Shyam,Purohit,166236,265236,"Atlanta, GA",Georgia Tech Table Tennis Association,2209,2024-09-02,2052,2024-02-10,ACTIVE,2023 JOOLA North American Teams,2165.0,2184.0,2023-11-24,2023-11-26
584,Shyam,Purohit,166236,265236,"Atlanta, GA",Georgia Tech Table Tennis Association,2209,2024-09-02,2052,2024-02-10,ACTIVE,2022 JOOLA North American Teams,2222.0,2222.0,2022-11-25,2022-11-27
584,Shyam,Purohit,166236,265236,"Atlanta, GA",Georgia Tech Table Tennis Association,2209,2024-09-02,2052,2024-02-10,ACTIVE,2021 Joola North American Team,2121.0,2107.0,2021-11-26,2021-11-28
587,Daria,Fahimi,115365,214365,"Franklin Lakes, NJ",,2208,2022-12-21,2326,2022-11-18,ACTIVE,2022 JOOLA North American Teams,2143.0,2203.0,2022-11-25,2022-11-27
587,Daria,Fahimi,115365,214365,"Franklin Lakes, NJ",,2208,2022-12-21,2326,2022-11-18,ACTIVE,2021 Joola North American Team,2106.0,2136.0,2021-11-26,2021-11-28
587,Daria,Fahimi,115365,214365,"Franklin Lakes, NJ",,2208,2022-12-21,2326,2022-11-18,ACTIVE,2019 JOOLA North American Teams,1725.0,1862.0,2019-11-29,2019-12-01
587,Daria,Fahimi,115365,214365,"Franklin Lakes, NJ",,2208,2022-12-21,2326,2022-11-18,ACTIVE,JOOLA North American Teams,1498.0,1305.0,2018-11-23,2018-11-25
587,Daria,Fahimi,115365,214365,"Franklin Lakes, NJ",,2208,2022-12-21,2326,2022-11-18,ACTIVE,20th Annual North American Team Championship Powered By JOOLA,872.0,842.0,2017-11-24,2017-11-26
590,Alireza,Khatibi,115915,214915,"Fremont, CA",888 Table Tennis Center,2207,2023-07-07,2062,2024-09-01,ACTIVE,2021 Joola North American Team,2172.0,2205.0,2021-11-26,2021-11-28
590,Alireza,Khatibi,115915,214915,"Fremont, CA",888 Table Tennis Center,2207,2023-07-07,2062,2024-09-01,ACTIVE,20th Annual North American Team Championship Powered By JOOLA,1277.0,1522.0,2017-11-24,2017-11-26
590,Alireza,Khatibi,115915,214915,"Fremont, CA",888 Table Tennis Center,2207,2023-07-07,2062,2024-09-01,ACTIVE,2016 JOOLA NA Teams,576.0,595.0,2016-11-25,2016-11-27
594,Keith,Lin,122934,221934,"San Francisco, CA",,2205,2024-08-25,2052,2024-08-11,ACTIVE,2022 JOOLA North American Teams,2125.0,2107.0,2022-11-25,2022-11-27
595,Frank,Yu,8910,76492,"Millburn, NJ",New Jersey Table Tennis Club,2205,2018-03-02,2012,2017-05-05,ACTIVE,2014 JOOLA North American Teams Championships,2052.0,2205.0,2014-11-30,
596,Puneet,Khurana,78477,29320,"San Diego, CA",San Diego TTA,2204,2020-01-19,1975,2023-10-27,ACTIVE,2019 JOOLA North American Teams,2185.0,2202.0,2019-11-29,2019-12-01
597,Winston,Wu,123837,222837,"bethesda, MD",MDTTC - Maryland Table Tennis Center,2204,2024-08-25,1876,2020-02-28,ACTIVE,2023 JOOLA North American Teams,2238.0,2213.0,2023-11-24,2023-11-26
597,Winston,Wu,123837,222837,"bethesda, MD",MDTTC - Maryland Table Tennis Center,2204,2024-08-25,1876,2020-02-28,ACTIVE,2022 JOOLA North American Teams,2229.0,2141.0,2022-11-25,2022-11-27
597,Winston,Wu,123837,222837,"bethesda, MD",MDTTC - Maryland Table Tennis Center,2204,2024-08-25,1876,2020-02-28,ACTIVE,2021 Joola North American Team,2053.0,2069.0,2021-11-26,2021-11-28
597,Winston,Wu,123837,222837,"bethesda, MD",MDTTC - Maryland Table Tennis Center,2204,2024-08-25,1876,2020-02-28,ACTIVE,2019 JOOLA North American Teams,1746.0,1879.0,2019-11-29,2019-12-01
597,Winston,Wu,123837,222837,"bethesda, MD",MDTTC - Maryland Table Tennis Center,2204,2024-08-25,1876,2020-02-28,ACTIVE,JOOLA North American Teams,785.0,1006.0,2018-11-23,2018-11-25
600,Winston,Wang,52081,22286,"Jericho, NY",Gold Coast Table Tennis Club,2203,2024-07-07,2163,2020-01-17,ACTIVE,2023 JOOLA North American Teams,2209.0,2186.0,2023-11-24,2023-11-26
600,Winston,Wang,52081,22286,"Jericho, NY",Gold Coast Table Tennis Club,2203,2024-07-07,2163,2020-01-17,ACTIVE,2022 JOOLA North American Teams,2180.0,2184.0,2022-11-25,2022-11-27
600,Winston,Wang,52081,22286,"Jericho, NY",Gold Coast Table Tennis Club,2203,2024-07-07,2163,2020-01-17,ACTIVE,2019 JOOLA North American Teams,2158.0,2162.0,2019-11-29,2019-12-01
600,Winston,Wang,52081,22286,"Jericho, NY",Gold Coast Table Tennis Club,2203,2024-07-07,2163,2020-01-17,ACTIVE,20th Annual North American Team Championship Powered By JOOLA,2126.0,2082.0,2017-11-24,2017-11-26
600,Winston,Wang,52081,22286,"Jericho, NY",Gold Coast Table Tennis Club,2203,2024-07-07,2163,2020-01-17,ACTIVE,2016 JOOLA NA Teams,2083.0,2126.0,2016-11-25,2016-11-27
602,Aria,Shi,123815,222815,"Princeton, NJ","Princeton Pong, LLC",2203,2024-07-07,2356,2024-09-06,ACTIVE,2023 JOOLA North American Teams,2174.0,2230.0,2023-11-24,2023-11-26
602,Aria,Shi,123815,222815,"Princeton, NJ","Princeton Pong, LLC",2203,2024-07-07,2356,2024-09-06,ACTIVE,2022 JOOLA North American Teams,2055.0,2098.0,2022-11-25,2022-11-27
602,Aria,Shi,123815,222815,"Princeton, NJ","Princeton Pong, LLC",2203,2024-07-07,2356,2024-09-06,ACTIVE,2021 Joola North American Team,1964.0,2029.0,2021-11-26,2021-11-28
602,Aria,Shi,123815,222815,"Princeton, NJ","Princeton Pong, LLC",2203,2024-07-07,2356,2024-09-06,ACTIVE,2019 JOOLA North American Teams,1128.0,1510.0,2019-11-29,2019-12-01
602,Aria,Shi,123815,222815,"Princeton, NJ","Princeton Pong, LLC",2203,2024-07-07,2356,2024-09-06,ACTIVE,JOOLA North American Teams,0.0,829.0,2018-11-23,2018-11-25
603,Li,Chen,15324,64486,"Monterey Park, CA",,2203,2018-03-02,2092,2010-04-11,ACTIVE,North American Teams,1974.0,1992.0,2003-11-30,
603,Li,Chen,15324,64486,"Monterey Park, CA",,2203,2018-03-02,2092,2010-04-11,ACTIVE,1999 NA Teams 2,2032.0,2009.0,1999-11-28,
603,Li,Chen,15324,64486,"Monterey Park, CA",,2203,2018-03-02,2092,2010-04-11,ACTIVE,1998 North American Teams Cham,1748.0,2032.0,1998-11-29,
605,Vignesh,Iyer,171366,270366,"Irvine, CA",,2202,2024-08-24,0,,ACTIVE,2022 JOOLA North American Teams,2113.0,2147.0,2022-11-25,2022-11-27
606,Haizhu,Yang,171743,1171743,"Lake Oswego, OR",,2202,2023-12-21,0,,ACTIVE,2023 JOOLA North American Teams,2133.0,2197.0,2023-11-24,2023-11-26
608,Itziar A,Rios,112821,211821,"Raleigh, NC",,2201,2024-07-07,0,,ACTIVE,2019 JOOLA North American Teams,1998.0,1993.0,2019-11-29,2019-12-01
609,Nikhil,Chawla,157412,256412,"San Carlos, CA",,2201,2024-07-28,1990,2024-08-04,ACTIVE,2021 Joola North American Team,1388.0,1563.0,2021-11-26,2021-11-28
611,Anthony,Chu,1323,71673,"Milpitas, CA","The Top Spin, LLC",2200,2024-09-02,2217,2022-10-27,ACTIVE,2019 JOOLA North American Teams,2254.0,2219.0,2019-11-29,2019-12-01
616,Tony,Ma,116463,215463,"Cary, NC",Triangle Badminton & Table Tennis,2200,2024-09-02,2066,2024-09-08,ACTIVE,2019 JOOLA North American Teams,2060.0,2039.0,2019-11-29,2019-12-01
616,Tony,Ma,116463,215463,"Cary, NC",Triangle Badminton & Table Tennis,2200,2024-09-02,2066,2024-09-08,ACTIVE,JOOLA North American Teams,2010.0,2094.0,2018-11-23,2018-11-25
616,Tony,Ma,116463,215463,"Cary, NC",Triangle Badminton & Table Tennis,2200,2024-09-02,2066,2024-09-08,ACTIVE,20th Annual North American Team Championship Powered By JOOLA,1656.0,1688.0,2017-11-24,2017-11-26
617,Zhengyuan,Cui,179623,278623,,,2199,2024-09-02,2022,2024-07-19,ACTIVE,2023 JOOLA North American Teams,2086.0,1986.0,2023-11-24,2023-11-26
618,Eduardo,Sanchez,132339,1132339,Aibonito,,2199,2023-04-02,0,,ACTIVE,2019 JOOLA North American Teams,1736.0,2022.0,2019-11-29,2019-12-01
618,Eduardo,Sanchez,132339,1132339,Aibonito,,2199,2023-04-02,0,,ACTIVE,JOOLA North American Teams,0.0,1736.0,2018-11-23,2018-11-25
619,Mitchell,Seidenfeld,6932,9877,"Lakeville, MN",Table Tennis Minnesota,2198,2018-03-02,2153,2018-07-27,ACTIVE,1999 NA Teams 2,2333.0,2267.0,1999-11-28,
620,Tsz Lun (Alan),Chu,1338,79092,"High Point, NC",,2198,2024-07-07,2091,2018-08-04,ACTIVE,2019 JOOLA North American Teams,2111.0,2136.0,2019-11-29,2019-12-01
620,Tsz Lun (Alan),Chu,1338,79092,"High Point, NC",,2198,2024-07-07,2091,2018-08-04,ACTIVE,JOOLA North American Teams,2092.0,2107.0,2018-11-23,2018-11-25
621,Alexander,Zhou,172722,271722,"-, MA",,2198,2024-03-31,0,,ACTIVE,2021 Joola North American Team,0.0,2273.0,2021-11-26,2021-11-28
622,Xianliang,He,157702,256702,"San Jose, CA",888 Table Tennis Center,2197,2024-09-02,2120,2024-09-08,ACTIVE,2023 JOOLA North American Teams,2074.0,2139.0,2023-11-24,2023-11-26
624,Thomas,Yu,8937,62089,"Fort Washington, PA",,2197,2024-07-07,2240,2022-07-30,ACTIVE,2021 Joola North American Team,2246.0,2214.0,2021-11-26,2021-11-28
624,Thomas,Yu,8937,62089,"Fort Washington, PA",,2197,2024-07-07,2240,2022-07-30,ACTIVE,2019 JOOLA North American Teams,2252.0,2252.0,2019-11-29,2019-12-01
624,Thomas,Yu,8937,62089,"Fort Washington, PA",,2197,2024-07-07,2240,2022-07-30,ACTIVE,2014 JOOLA North American Teams Championships,2314.0,2314.0,2014-11-30,
624,Thomas,Yu,8937,62089,"Fort Washington, PA",,2197,2024-07-07,2240,2022-07-30,ACTIVE,North American Teams,2145.0,2234.0,2003-11-30,
627,Carlough,Francis,165662,264662,"Walpole, MA",Mastiff Table Tennis Club,2195,2024-08-11,2348,2024-08-16,ACTIVE,2023 JOOLA North American Teams,2023.0,2197.0,2023-11-24,2023-11-26
627,Carlough,Francis,165662,264662,"Walpole, MA",Mastiff Table Tennis Club,2195,2024-08-11,2348,2024-08-16,ACTIVE,2022 JOOLA North American Teams,1978.0,1962.0,2022-11-25,2022-11-27
628,Jadon,Yuan,115764,214764,"Plano, TX",,2195,2023-07-07,1582,2021-06-12,ACTIVE,2022 JOOLA North American Teams,2158.0,2059.0,2022-11-25,2022-11-27
628,Jadon,Yuan,115764,214764,"Plano, TX",,2195,2023-07-07,1582,2021-06-12,ACTIVE,2019 JOOLA North American Teams,1713.0,1852.0,2019-11-29,2019-12-01
630,Dong,Liu,116830,215830,"Newark, CA",Golden State Table Tennis Club LLC,2195,2024-09-02,2125,2024-06-29,ACTIVE,2023 JOOLA North American Teams,2229.0,2246.0,2023-11-24,2023-11-26
630,Dong,Liu,116830,215830,"Newark, CA",Golden State Table Tennis Club LLC,2195,2024-09-02,2125,2024-06-29,ACTIVE,2022 JOOLA North American Teams,2178.0,2212.0,2022-11-25,2022-11-27
630,Dong,Liu,116830,215830,"Newark, CA",Golden State Table Tennis Club LLC,2195,2024-09-02,2125,2024-06-29,ACTIVE,2019 JOOLA North American Teams,2180.0,2139.0,2019-11-29,2019-12-01
630,Dong,Liu,116830,215830,"Newark, CA",Golden State Table Tennis Club LLC,2195,2024-09-02,2125,2024-06-29,ACTIVE,JOOLA North American Teams,2047.0,2182.0,2018-11-23,2018-11-25
631,Baquero,Samuel,166024,1166024,,,2195,2024-07-21,0,,ACTIVE,2019 JOOLA North American Teams,1611.0,1824.0,2019-11-29,2019-12-01
634,Feng,Xue,112614,211614,"Severna Park, MD",MDTTC - Maryland Table Tennis Center,2194,2024-05-27,804,2017-06-13,ACTIVE,2023 JOOLA North American Teams,2135.0,2091.0,2023-11-24,2023-11-26
634,Feng,Xue,112614,211614,"Severna Park, MD",MDTTC - Maryland Table Tennis Center,2194,2024-05-27,804,2017-06-13,ACTIVE,2022 JOOLA North American Teams,1929.0,1864.0,2022-11-25,2022-11-27
634,Feng,Xue,112614,211614,"Severna Park, MD",MDTTC - Maryland Table Tennis Center,2194,2024-05-27,804,2017-06-13,ACTIVE,2021 Joola North American Team,1805.0,1856.0,2021-11-26,2021-11-28
634,Feng,Xue,112614,211614,"Severna Park, MD",MDTTC - Maryland Table Tennis Center,2194,2024-05-27,804,2017-06-13,ACTIVE,2019 JOOLA North American Teams,1643.0,1850.0,2019-11-29,2019-12-01
634,Feng,Xue,112614,211614,"Severna Park, MD",MDTTC - Maryland Table Tennis Center,2194,2024-05-27,804,2017-06-13,ACTIVE,JOOLA North American Teams,1319.0,1472.0,2018-11-23,2018-11-25
634,Feng,Xue,112614,211614,"Severna Park, MD",MDTTC - Maryland Table Tennis Center,2194,2024-05-27,804,2017-06-13,ACTIVE,20th Annual North American Team Championship Powered By JOOLA,1098.0,1065.0,2017-11-24,2017-11-26
637,Julio,Gonzales,172802,271802,"Romeoville, IL",Experior Table Tennis Club,2192,2024-04-14,2124,2021-10-16,ACTIVE,2023 JOOLA North American Teams,2190.0,2150.0,2023-11-24,2023-11-26
637,Julio,Gonzales,172802,271802,"Romeoville, IL",Experior Table Tennis Club,2192,2024-04-14,2124,2021-10-16,ACTIVE,2022 JOOLA North American Teams,2132.0,2215.0,2022-11-25,2022-11-27
639,Petrica (petro),Stirbu,47676,30785,"Tucker, GA",,2190,2022-11-27,1898,2007-01-31,ACTIVE,2022 JOOLA North American Teams,2199.0,2190.0,2022-11-25,2022-11-27
639,Petrica (petro),Stirbu,47676,30785,"Tucker, GA",,2190,2022-11-27,1898,2007-01-31,ACTIVE,2019 JOOLA North American Teams,2174.0,2201.0,2019-11-29,2019-12-01
639,Petrica (petro),Stirbu,47676,30785,"Tucker, GA",,2190,2022-11-27,1898,2007-01-31,ACTIVE,JOOLA North American Teams,2178.0,2165.0,2018-11-23,2018-11-25
639,Petrica (petro),Stirbu,47676,30785,"Tucker, GA",,2190,2022-11-27,1898,2007-01-31,ACTIVE,20th Annual North American Team Championship Powered By JOOLA,2128.0,2179.0,2017-11-24,2017-11-26
639,Petrica (petro),Stirbu,47676,30785,"Tucker, GA",,2190,2022-11-27,1898,2007-01-31,ACTIVE,2016 JOOLA NA Teams,2240.0,2130.0,2016-11-25,2016-11-27
639,Petrica (petro),Stirbu,47676,30785,"Tucker, GA",,2190,2022-11-27,1898,2007-01-31,ACTIVE,2015 JOOLA North American Teams Championships,2132.0,2240.0,2015-11-29,
642,Dean,Schultz,6876,92367,"Portland, OR",,2190,2021-11-28,2097,2021-08-21,ACTIVE,2021 Joola North American Team,2066.0,2190.0,2021-11-26,2021-11-28
642,Dean,Schultz,6876,92367,"Portland, OR",,2190,2021-11-28,2097,2021-08-21,ACTIVE,2019 JOOLA North American Teams,1977.0,2124.0,2019-11-29,2019-12-01
642,Dean,Schultz,6876,92367,"Portland, OR",,2190,2021-11-28,2097,2021-08-21,ACTIVE,JOOLA North American Teams,1765.0,1923.0,2018-11-23,2018-11-25
644,Jose,Navedo,5540,96706,Corozol,,2189,2024-04-14,0,,ACTIVE,2019 JOOLA North American Teams,2100.0,2167.0,2019-11-29,2019-12-01
644,Jose,Navedo,5540,96706,Corozol,,2189,2024-04-14,0,,ACTIVE,20th Annual North American Team Championship Powered By JOOLA,1784.0,2010.0,2017-11-24,2017-11-26
644,Jose,Navedo,5540,96706,Corozol,,2189,2024-04-14,0,,ACTIVE,2015 JOOLA North American Teams Championships,1601.0,1784.0,2015-11-29,
645,Ching Nam,Fu,172783,271783,"North York, FN",,2189,2022-12-21,0,,ACTIVE,2022 JOOLA North American Teams,2222.0,2189.0,2022-11-25,2022-11-27
645,Ching Nam,Fu,172783,271783,"North York, FN",,2189,2022-12-21,0,,ACTIVE,2021 Joola North American Team,0.0,2256.0,2021-11-26,2021-11-28
648,Zakria,Rahime,177802,1177802,,,2188,2023-11-26,0,,ACTIVE,2023 JOOLA North American Teams,2197.0,2188.0,2023-11-24,2023-11-26
648,Zakria,Rahime,177802,1177802,,,2188,2023-11-26,0,,ACTIVE,2022 JOOLA North American Teams,0.0,2197.0,2022-11-25,2022-11-27
654,Festus,Ayinde,10810,51119,"Union, NJ",,2186,2024-02-11,1967,2024-08-01,ACTIVE,North American Teams,2296.0,2297.0,2003-11-30,
655,Charlie Jun,Zhang,182763,1182763,,,2185,2023-11-26,0,,ACTIVE,2023 JOOLA North American Teams,0.0,2185.0,2023-11-24,2023-11-26
657,Nicholas,Snider,7262,18498,"Cincinnati, OH",Tan's Table Tennis Training Club,2184,2024-03-17,0,,ACTIVE,North American Teams,2161.0,2122.0,2003-11-30,
660,Joe,Zhang,165421,1165421,"Milpitas, CA",ICC Table Tennis Center,2183,2024-08-25,2137,2024-09-07,ACTIVE,2023 JOOLA North American Teams,2061.0,2203.0,2023-11-24,2023-11-26
664,Bradley,Robbins,6552,92461,"Windham, NH",C&C Table Tennis,2183,2024-06-16,2202,2024-08-23,ACTIVE,2023 JOOLA North American Teams,2157.0,2247.0,2023-11-24,2023-11-26
664,Bradley,Robbins,6552,92461,"Windham, NH",C&C Table Tennis,2183,2024-06-16,2202,2024-08-23,ACTIVE,2022 JOOLA North American Teams,2167.0,2174.0,2022-11-25,2022-11-27
664,Bradley,Robbins,6552,92461,"Windham, NH",C&C Table Tennis,2183,2024-06-16,2202,2024-08-23,ACTIVE,2021 Joola North American Team,2138.0,2132.0,2021-11-26,2021-11-28
664,Bradley,Robbins,6552,92461,"Windham, NH",C&C Table Tennis,2183,2024-06-16,2202,2024-08-23,ACTIVE,2019 JOOLA North American Teams,2062.0,2127.0,2019-11-29,2019-12-01
664,Bradley,Robbins,6552,92461,"Windham, NH",C&C Table Tennis,2183,2024-06-16,2202,2024-08-23,ACTIVE,JOOLA North American Teams,2038.0,2044.0,2018-11-23,2018-11-25
664,Bradley,Robbins,6552,92461,"Windham, NH",C&C Table Tennis,2183,2024-06-16,2202,2024-08-23,ACTIVE,20th Annual North American Team Championship Powered By JOOLA,1971.0,2002.0,2017-11-24,2017-11-26
664,Bradley,Robbins,6552,92461,"Windham, NH",C&C Table Tennis,2183,2024-06-16,2202,2024-08-23,ACTIVE,2016 JOOLA NA Teams,1824.0,1883.0,2016-11-25,2016-11-27
667,Jaden,Jia,122549,221549,"Fremont, CA",(TTA) Table Tennis America,2182,2024-07-07,2066,2024-09-01,ACTIVE,2023 JOOLA North American Teams,2106.0,2105.0,2023-11-24,2023-11-26
667,Jaden,Jia,122549,221549,"Fremont, CA",(TTA) Table Tennis America,2182,2024-07-07,2066,2024-09-01,ACTIVE,2022 JOOLA North American Teams,1916.0,1924.0,2022-11-25,2022-11-27
668,Haoran,Liu,182254,1182254,Langley,,2182,2023-11-26,0,,ACTIVE,2023 JOOLA North American Teams,2155.0,2182.0,2023-11-24,2023-11-26
674,Lucia,Sun,131237,230237,"San Jose, CA",(TTA) Table Tennis America,2178,2024-08-25,1990,2024-09-01,ACTIVE,2023 JOOLA North American Teams,1991.0,2073.0,2023-11-24,2023-11-26
676,Ryan,Hoarfrost,3060,11877,"Lake Oswego, OR",Paddle Palace Club,2178,2024-09-08,2124,2014-08-01,ACTIVE,2019 JOOLA North American Teams,2171.0,2247.0,2019-11-29,2019-12-01
678,Manohar,Karthikeyan,3637,94381,"Firestone, CO",Mile High Table Tennis Academy,2177,2024-05-05,2216,2022-11-20,ACTIVE,2023 JOOLA North American Teams,2193.0,2201.0,2023-11-24,2023-11-26
678,Manohar,Karthikeyan,3637,94381,"Firestone, CO",Mile High Table Tennis Academy,2177,2024-05-05,2216,2022-11-20,ACTIVE,2022 JOOLA North American Teams,2230.0,2226.0,2022-11-25,2022-11-27
678,Manohar,Karthikeyan,3637,94381,"Firestone, CO",Mile High Table Tennis Academy,2177,2024-05-05,2216,2022-11-20,ACTIVE,2021 Joola North American Team,2167.0,2210.0,2021-11-26,2021-11-28
678,Manohar,Karthikeyan,3637,94381,"Firestone, CO",Mile High Table Tennis Academy,2177,2024-05-05,2216,2022-11-20,ACTIVE,20th Annual North American Team Championship Powered By JOOLA,2205.0,2218.0,2017-11-24,2017-11-26
678,Manohar,Karthikeyan,3637,94381,"Firestone, CO",Mile High Table Tennis Academy,2177,2024-05-05,2216,2022-11-20,ACTIVE,2016 JOOLA NA Teams,2254.0,2226.0,2016-11-25,2016-11-27
679,Zhen,Jia,3442,83670,"CHARLOTTE, NC",Charlotte Table Tennis Club,2177,2018-03-02,2181,2019-02-14,ACTIVE,20th Annual North American Team Championship Powered By JOOLA,2224.0,2177.0,2017-11-24,2017-11-26
679,Zhen,Jia,3442,83670,"CHARLOTTE, NC",Charlotte Table Tennis Club,2177,2018-03-02,2181,2019-02-14,ACTIVE,2016 JOOLA NA Teams,2187.0,2190.0,2016-11-25,2016-11-27
679,Zhen,Jia,3442,83670,"CHARLOTTE, NC",Charlotte Table Tennis Club,2177,2018-03-02,2181,2019-02-14,ACTIVE,2014 JOOLA North American Teams Championships,2159.0,2140.0,2014-11-30,
682,Lucas,Wu,176037,275037,"Winchester, MA",Lily Yip Table Tennis Center,2177,2024-08-25,2406,2024-08-23,ACTIVE,2023 JOOLA North American Teams,1930.0,2061.0,2023-11-24,2023-11-26
682,Lucas,Wu,176037,275037,"Winchester, MA",Lily Yip Table Tennis Center,2177,2024-08-25,2406,2024-08-23,ACTIVE,2022 JOOLA North American Teams,1087.0,1586.0,2022-11-25,2022-11-27
684,Fabian,Lenggenhager,103201,95394,,,2176,2023-11-26,0,,ACTIVE,2023 JOOLA North American Teams,2130.0,2176.0,2023-11-24,2023-11-26
684,Fabian,Lenggenhager,103201,95394,,,2176,2023-11-26,0,,ACTIVE,2019 JOOLA North American Teams,2045.0,2130.0,2019-11-29,2019-12-01
684,Fabian,Lenggenhager,103201,95394,,,2176,2023-11-26,0,,ACTIVE,JOOLA North American Teams,2185.0,2045.0,2018-11-23,2018-11-25
684,Fabian,Lenggenhager,103201,95394,,,2176,2023-11-26,0,,ACTIVE,20th Annual North American Team Championship Powered By JOOLA,2123.0,2185.0,2017-11-24,2017-11-26
684,Fabian,Lenggenhager,103201,95394,,,2176,2023-11-26,0,,ACTIVE,2016 JOOLA NA Teams,2189.0,2123.0,2016-11-25,2016-11-27
684,Fabian,Lenggenhager,103201,95394,,,2176,2023-11-26,0,,ACTIVE,2015 JOOLA North American Teams Championships,1986.0,2189.0,2015-11-29,
684,Fabian,Lenggenhager,103201,95394,,,2176,2023-11-26,0,,ACTIVE,2014 JOOLA North American Teams Championships,0.0,2186.0,2014-11-30,
686,Ming-Han,Chou,1306,96768,"Rockford, IL",,2175,2023-11-26,0,,ACTIVE,2023 JOOLA North American Teams,2150.0,2175.0,2023-11-24,2023-11-26
687,Jiazhou,Wang,51868,92699,"Stony Brook, NY",,2175,2024-09-02,2069,2024-06-23,ACTIVE,2023 JOOLA North American Teams,2158.0,2171.0,2023-11-24,2023-11-26
687,Jiazhou,Wang,51868,92699,"Stony Brook, NY",,2175,2024-09-02,2069,2024-06-23,ACTIVE,2015 JOOLA North American Teams Championships,1316.0,1861.0,2015-11-29,
688,Brian,Eisner,1955,5580,"Monmouth Junction, NJ",,2175,2022-11-27,2096,2013-07-22,ACTIVE,2022 JOOLA North American Teams,2098.0,2175.0,2022-11-25,2022-11-27
690,Kyle,Yu,8923,75613,"Millburn, NJ",New Jersey Table Tennis Club,2174,2018-03-02,2102,2016-07-25,ACTIVE,2015 JOOLA North American Teams Championships,2160.0,2174.0,2015-11-29,
690,Kyle,Yu,8923,75613,"Millburn, NJ",New Jersey Table Tennis Club,2174,2018-03-02,2102,2016-07-25,ACTIVE,2014 JOOLA North American Teams Championships,2062.0,2160.0,2014-11-30,
694,Kelly,Zhao,9084,86018,"Plano, TX",,2172,2024-03-16,2195,2019-10-26,ACTIVE,2015 JOOLA North American Teams Championships,2005.0,2065.0,2015-11-29,
695,Tiana,Piyadasa,170759,1170759,"Fountain Valley, CA",Orange County Table Tennis Academy,2171,2024-07-07,0,,ACTIVE,2023 JOOLA North American Teams,2086.0,2123.0,2023-11-24,2023-11-26
697,Tanish,Mamidyala,170693,269693,"PRINCETON JUNCTION, NJ",Lily Yip Table Tennis Center,2171,2024-08-25,2240,2024-09-06,ACTIVE,2023 JOOLA North American Teams,2112.0,2179.0,2023-11-24,2023-11-26
697,Tanish,Mamidyala,170693,269693,"PRINCETON JUNCTION, NJ",Lily Yip Table Tennis Center,2171,2024-08-25,2240,2024-09-06,ACTIVE,2022 JOOLA North American Teams,1803.0,1621.0,2022-11-25,2022-11-27
698,Shashin,Shodhan,7103,55220,"Fremont, CA",Fremont Table Tennis Academy,2170,2024-03-24,2259,2024-02-24,ACTIVE,1999 NA Teams 2,2442.0,2456.0,1999-11-28,
700,Nathan,Zhong,167425,1167425,"Great Neck, NY",Origin Table Tennis Academy,2167,2024-01-28,2071,2023-09-22,ACTIVE,2023 JOOLA North American Teams,2197.0,2184.0,2023-11-24,2023-11-26
700,Nathan,Zhong,167425,1167425,"Great Neck, NY",Origin Table Tennis Academy,2167,2024-01-28,2071,2023-09-22,ACTIVE,2022 JOOLA North American Teams,1978.0,2024.0,2022-11-25,2022-11-27
700,Nathan,Zhong,167425,1167425,"Great Neck, NY",Origin Table Tennis Academy,2167,2024-01-28,2071,2023-09-22,ACTIVE,2021 Joola North American Team,1761.0,1714.0,2021-11-26,2021-11-28
700,Nathan,Zhong,167425,1167425,"Great Neck, NY",Origin Table Tennis Academy,2167,2024-01-28,2071,2023-09-22,ACTIVE,2019 JOOLA North American Teams,792.0,1047.0,2019-11-29,2019-12-01
703,Allan,Alva,157,32583,"Red Lion, PA",,2167,2024-04-06,2189,2014-11-09,ACTIVE,2015 JOOLA North American Teams Championships,2267.0,2227.0,2015-11-29,
703,Allan,Alva,157,32583,"Red Lion, PA",,2167,2024-04-06,2189,2014-11-09,ACTIVE,2014 JOOLA North American Teams Championships,2258.0,2260.0,2014-11-30,
705,Tianyi,Zhou,9140,95031,"Matthews, NC",Charlotte Table Tennis Club,2167,2024-08-04,2103,2023-05-18,ACTIVE,2019 JOOLA North American Teams,1920.0,2071.0,2019-11-29,2019-12-01
706,Jeff,Nguyen,5636,74947,"Austin, TX",Austin Table Tennis Club,2166,2024-07-07,1982,2024-08-28,ACTIVE,2021 Joola North American Team,1953.0,2074.0,2021-11-26,2021-11-28
706,Jeff,Nguyen,5636,74947,"Austin, TX",Austin Table Tennis Club,2166,2024-07-07,1982,2024-08-28,ACTIVE,20th Annual North American Team Championship Powered By JOOLA,2015.0,2020.0,2017-11-24,2017-11-26
706,Jeff,Nguyen,5636,74947,"Austin, TX",Austin Table Tennis Club,2166,2024-07-07,1982,2024-08-28,ACTIVE,2016 JOOLA NA Teams,1979.0,2038.0,2016-11-25,2016-11-27
708,Tigran,Gyonjyan,2733,79839,"Sammamish, WA",Seattle Pacific Table Tennis Club,2166,2024-02-04,2154,2024-01-13,ACTIVE,2022 JOOLA North American Teams,2124.0,2033.0,2022-11-25,2022-11-27
710,Joseph,Wang,8269,23760,"Rockville, MD",MDTTC - Maryland Table Tennis Center,2165,2018-03-02,2052,2009-04-19,ACTIVE,North American Teams,1904.0,2034.0,2003-11-30,
711,Daniel,Tan,7637,84597,"MANVEL, TX",,2165,2018-03-02,2079,2022-11-12,ACTIVE,2016 JOOLA NA Teams,2140.0,2156.0,2016-11-25,2016-11-27
713,Luis Enrique,Serrano Torres,6958,84401,"Villalba, FN",,2163,2024-04-14,0,,ACTIVE,2019 JOOLA North American Teams,2199.0,2253.0,2019-11-29,2019-12-01
713,Luis Enrique,Serrano Torres,6958,84401,"Villalba, FN",,2163,2024-04-14,0,,ACTIVE,JOOLA North American Teams,2175.0,2199.0,2018-11-23,2018-11-25
713,Luis Enrique,Serrano Torres,6958,84401,"Villalba, FN",,2163,2024-04-14,0,,ACTIVE,20th Annual North American Team Championship Powered By JOOLA,2204.0,2194.0,2017-11-24,2017-11-26
713,Luis Enrique,Serrano Torres,6958,84401,"Villalba, FN",,2163,2024-04-14,0,,ACTIVE,2015 JOOLA North American Teams Championships,2321.0,2278.0,2015-11-29,
713,Luis Enrique,Serrano Torres,6958,84401,"Villalba, FN",,2163,2024-04-14,0,,ACTIVE,2014 JOOLA North American Teams Championships,2261.0,2321.0,2014-11-30,
714,Daymar,Castro,131652,230652,,,2163,2024-04-14,0,,ACTIVE,2019 JOOLA North American Teams,1879.0,2010.0,2019-11-29,2019-12-01
714,Daymar,Castro,131652,230652,,,2163,2024-04-14,0,,ACTIVE,JOOLA North American Teams,0.0,1887.0,2018-11-23,2018-11-25
716,Logan,Watson,8359,92943,"Moore, OK",Oklahoma City Table Tennis Club,2163,2024-08-11,1908,2024-06-27,ACTIVE,2022 JOOLA North American Teams,2049.0,2131.0,2022-11-25,2022-11-27
718,Joe,Podvin,6183,13313,"Brooklyn Park, MN",Table Tennis Minnesota,2162,2024-05-05,2016,2013-04-13,ACTIVE,North American Teams,2071.0,2064.0,2003-11-30,
719,Matthew,Hetherington,25003,91731,"Rockville, MD",Maryland T.T. Association,2162,2023-07-01,2292,2020-08-07,ACTIVE,2019 JOOLA North American Teams,2152.0,2182.0,2019-11-29,2019-12-01
719,Matthew,Hetherington,25003,91731,"Rockville, MD",Maryland T.T. Association,2162,2023-07-01,2292,2020-08-07,ACTIVE,JOOLA North American Teams,2205.0,2193.0,2018-11-23,2018-11-25
719,Matthew,Hetherington,25003,91731,"Rockville, MD",Maryland T.T. Association,2162,2023-07-01,2292,2020-08-07,ACTIVE,20th Annual North American Team Championship Powered By JOOLA,2200.0,2228.0,2017-11-24,2017-11-26
719,Matthew,Hetherington,25003,91731,"Rockville, MD",Maryland T.T. Association,2162,2023-07-01,2292,2020-08-07,ACTIVE,2014 JOOLA North American Teams Championships,2262.0,2214.0,2014-11-30,
720,Sebastian,Maldonado,173771,1173771,"Utuado, FL",,2162,2024-04-14,0,,ACTIVE,2022 JOOLA North American Teams,1809.0,2084.0,2022-11-25,2022-11-27
723,Geetha,Krishna,125135,224135,"Marietta, GA",East Cobb Sports Table Tennis,2160,2024-08-18,0,,ACTIVE,2023 JOOLA North American Teams,2065.0,2041.0,2023-11-24,2023-11-26
723,Geetha,Krishna,125135,224135,"Marietta, GA",East Cobb Sports Table Tennis,2160,2024-08-18,0,,ACTIVE,2022 JOOLA North American Teams,1900.0,2064.0,2022-11-25,2022-11-27
723,Geetha,Krishna,125135,224135,"Marietta, GA",East Cobb Sports Table Tennis,2160,2024-08-18,0,,ACTIVE,2019 JOOLA North American Teams,846.0,1113.0,2019-11-29,2019-12-01
724,Igor,Falchuk,2057,95008,"Darien, IL",,2159,2024-07-07,2230,2021-10-16,ACTIVE,JOOLA North American Teams,2123.0,2269.0,2018-11-23,2018-11-25
727,Jay,Lee,4257,84742,"Methuen, MA",,2159,2024-01-28,2226,2020-03-10,ACTIVE,20th Annual North American Team Championship Powered By JOOLA,2236.0,2239.0,2017-11-24,2017-11-26
727,Jay,Lee,4257,84742,"Methuen, MA",,2159,2024-01-28,2226,2020-03-10,ACTIVE,2015 JOOLA North American Teams Championships,2094.0,2132.0,2015-11-29,
727,Jay,Lee,4257,84742,"Methuen, MA",,2159,2024-01-28,2226,2020-03-10,ACTIVE,2014 JOOLA North American Teams Championships,2088.0,2177.0,2014-11-30,
728,Sharath,Kumar,4004,78578,"Irvine, CO",New Jersey Table Tennis Club,2159,2018-03-02,1958,2013-07-23,ACTIVE,2014 JOOLA North American Teams Championships,1992.0,1990.0,2014-11-30,
730,Jorge,Ayala,132343,1132343,,,2159,2024-04-14,0,,ACTIVE,2022 JOOLA North American Teams,2170.0,2172.0,2022-11-25,2022-11-27
730,Jorge,Ayala,132343,1132343,,,2159,2024-04-14,0,,ACTIVE,2019 JOOLA North American Teams,2063.0,2057.0,2019-11-29,2019-12-01
730,Jorge,Ayala,132343,1132343,,,2159,2024-04-14,0,,ACTIVE,JOOLA North American Teams,0.0,2063.0,2018-11-23,2018-11-25
732,Medha,Krishna,119837,218837,"Marietta, GA",East Cobb Sports Table Tennis,2158,2024-08-18,0,,ACTIVE,2023 JOOLA North American Teams,2239.0,2156.0,2023-11-24,2023-11-26
732,Medha,Krishna,119837,218837,"Marietta, GA",East Cobb Sports Table Tennis,2158,2024-08-18,0,,ACTIVE,2022 JOOLA North American Teams,2088.0,2180.0,2022-11-25,2022-11-27
732,Medha,Krishna,119837,218837,"Marietta, GA",East Cobb Sports Table Tennis,2158,2024-08-18,0,,ACTIVE,2019 JOOLA North American Teams,1756.0,1736.0,2019-11-29,2019-12-01
732,Medha,Krishna,119837,218837,"Marietta, GA",East Cobb Sports Table Tennis,2158,2024-08-18,0,,ACTIVE,JOOLA North American Teams,1558.0,1674.0,2018-11-23,2018-11-25
735,Michael,Walk,8195,10888,"Pittsburgh, PA",South Park Table Tennis Club,2156,2019-12-01,0,,ACTIVE,2019 JOOLA North American Teams,2112.0,2156.0,2019-11-29,2019-12-01
735,Michael,Walk,8195,10888,"Pittsburgh, PA",South Park Table Tennis Club,2156,2019-12-01,0,,ACTIVE,2014 JOOLA North American Teams Championships,2200.0,2213.0,2014-11-30,
735,Michael,Walk,8195,10888,"Pittsburgh, PA",South Park Table Tennis Club,2156,2019-12-01,0,,ACTIVE,North American Teams,2140.0,2177.0,2003-11-30,
735,Michael,Walk,8195,10888,"Pittsburgh, PA",South Park Table Tennis Club,2156,2019-12-01,0,,ACTIVE,1999 NA Teams 2,2104.0,2101.0,1999-11-28,
735,Michael,Walk,8195,10888,"Pittsburgh, PA",South Park Table Tennis Club,2156,2019-12-01,0,,ACTIVE,1998 North American Teams Cham,2084.0,2109.0,1998-11-29,
736,Julián J.,Rubio Gil de Lamadrid,6673,89799,"Utuado, PR",,2156,2023-04-02,0,,ACTIVE,2016 JOOLA NA Teams,2240.0,2131.0,2016-11-25,2016-11-27
737,Kevin,Au,295,59475,"San Jose, CA",(TTA) Table Tennis America,2156,2024-09-02,2204,2022-10-19,ACTIVE,North American Teams,2279.0,2319.0,2003-11-30,
738,Cameron,Smith,7228,82859,"Charlotte, NC",Charlotte Table Tennis Club,2156,2024-08-11,2236,2024-08-22,ACTIVE,2023 JOOLA North American Teams,2152.0,2182.0,2023-11-24,2023-11-26
738,Cameron,Smith,7228,82859,"Charlotte, NC",Charlotte Table Tennis Club,2156,2024-08-11,2236,2024-08-22,ACTIVE,2019 JOOLA North American Teams,2151.0,2173.0,2019-11-29,2019-12-01
738,Cameron,Smith,7228,82859,"Charlotte, NC",Charlotte Table Tennis Club,2156,2024-08-11,2236,2024-08-22,ACTIVE,JOOLA North American Teams,2005.0,2083.0,2018-11-23,2018-11-25
738,Cameron,Smith,7228,82859,"Charlotte, NC",Charlotte Table Tennis Club,2156,2024-08-11,2236,2024-08-22,ACTIVE,20th Annual North American Team Championship Powered By JOOLA,1934.0,1987.0,2017-11-24,2017-11-26
743,Farhad,Dalvi,1571,96098,"New York, NY",,2154,2022-11-27,2048,2024-09-03,ACTIVE,2022 JOOLA North American Teams,2035.0,2154.0,2022-11-25,2022-11-27
743,Farhad,Dalvi,1571,96098,"New York, NY",,2154,2022-11-27,2048,2024-09-03,ACTIVE,2019 JOOLA North American Teams,2000.0,2027.0,2019-11-29,2019-12-01
743,Farhad,Dalvi,1571,96098,"New York, NY",,2154,2022-11-27,2048,2024-09-03,ACTIVE,JOOLA North American Teams,1894.0,2019.0,2018-11-23,2018-11-25
745,Ayllon,Giladi,58815,25344,"Portland, OR",Paddle Palace Club,2154,2024-09-08,2029,2023-06-09,ACTIVE,JOOLA North American Teams,1752.0,1869.0,2018-11-23,2018-11-25
748,Richard David,Seemiller,6923,9872,"Stafford, VA",,2153,2018-11-25,0,,ACTIVE,JOOLA North American Teams,2128.0,2153.0,2018-11-23,2018-11-25
748,Richard David,Seemiller,6923,9872,"Stafford, VA",,2153,2018-11-25,0,,ACTIVE,20th Annual North American Team Championship Powered By JOOLA,2213.0,2128.0,2017-11-24,2017-11-26
748,Richard David,Seemiller,6923,9872,"Stafford, VA",,2153,2018-11-25,0,,ACTIVE,North American Teams,2309.0,2307.0,2003-11-30,
748,Richard David,Seemiller,6923,9872,"Stafford, VA",,2153,2018-11-25,0,,ACTIVE,1999 NA Teams 2,2402.0,2387.0,1999-11-28,
748,Richard David,Seemiller,6923,9872,"Stafford, VA",,2153,2018-11-25,0,,ACTIVE,1998 North American Teams Cham,2278.0,2318.0,1998-11-29,
749,Yi,Ma,34103,84273,"Santa Clara, CA",,2153,2024-07-28,2040,2024-06-29,ACTIVE,2023 JOOLA North American Teams,2149.0,2259.0,2023-11-24,2023-11-26
749,Yi,Ma,34103,84273,"Santa Clara, CA",,2153,2024-07-28,2040,2024-06-29,ACTIVE,2022 JOOLA North American Teams,1981.0,2198.0,2022-11-25,2022-11-27
755,Michael,Li,32242,73467,"Sunnyvale, CA",,2150,2024-09-02,2013,2024-09-08,ACTIVE,2023 JOOLA North American Teams,2086.0,2177.0,2023-11-24,2023-11-26
757,Zichari,Young,54919,85792,"Alpharetta, BMU",,2149,2024-07-14,0,,ACTIVE,JOOLA North American Teams,1888.0,2042.0,2018-11-23,2018-11-25
759,Andy,Liu,165276,264276,"florham Park, NJ",Matchpoint Table Tennis Center NJ,2149,2024-08-25,2262,2024-09-06,ACTIVE,2023 JOOLA North American Teams,2184.0,2326.0,2023-11-24,2023-11-26
759,Andy,Liu,165276,264276,"florham Park, NJ",Matchpoint Table Tennis Center NJ,2149,2024-08-25,2262,2024-09-06,ACTIVE,2022 JOOLA North American Teams,1958.0,2073.0,2022-11-25,2022-11-27
759,Andy,Liu,165276,264276,"florham Park, NJ",Matchpoint Table Tennis Center NJ,2149,2024-08-25,2262,2024-09-06,ACTIVE,2021 Joola North American Team,1610.0,1657.0,2021-11-26,2021-11-28
759,Andy,Liu,165276,264276,"florham Park, NJ",Matchpoint Table Tennis Center NJ,2149,2024-08-25,2262,2024-09-06,ACTIVE,2019 JOOLA North American Teams,0.0,790.0,2019-11-29,2019-12-01
764,Aron,Zhang,55369,97413,"Washington, DC",,2148,2024-08-04,2103,2024-09-08,ACTIVE,2022 JOOLA North American Teams,2128.0,2189.0,2022-11-25,2022-11-27
764,Aron,Zhang,55369,97413,"Washington, DC",,2148,2024-08-04,2103,2024-09-08,ACTIVE,2021 Joola North American Team,2167.0,2132.0,2021-11-26,2021-11-28
764,Aron,Zhang,55369,97413,"Washington, DC",,2148,2024-08-04,2103,2024-09-08,ACTIVE,2019 JOOLA North American Teams,2079.0,2050.0,2019-11-29,2019-12-01
766,Kyle,Jao,3408,81559,"Sunnyvale, CA",Swan Ping Pong,2147,2024-06-16,2087,2024-06-29,ACTIVE,2023 JOOLA North American Teams,2110.0,2162.0,2023-11-24,2023-11-26
766,Kyle,Jao,3408,81559,"Sunnyvale, CA",Swan Ping Pong,2147,2024-06-16,2087,2024-06-29,ACTIVE,2022 JOOLA North American Teams,2085.0,2019.0,2022-11-25,2022-11-27
768,David,Roberts,6562,55604,"Bellevue, WA",Seattle Pacific Table Tennis Club,2147,2023-12-10,2169,2023-12-30,ACTIVE,2022 JOOLA North American Teams,2188.0,2212.0,2022-11-25,2022-11-27
770,Richard,Dewitt,1714,47261,"Stratford, CT",,2147,2024-06-30,2190,2024-08-09,ACTIVE,2023 JOOLA North American Teams,2052.0,2137.0,2023-11-24,2023-11-26
770,Richard,Dewitt,1714,47261,"Stratford, CT",,2147,2024-06-30,2190,2024-08-09,ACTIVE,2022 JOOLA North American Teams,2136.0,2143.0,2022-11-25,2022-11-27
770,Richard,Dewitt,1714,47261,"Stratford, CT",,2147,2024-06-30,2190,2024-08-09,ACTIVE,2021 Joola North American Team,2147.0,2147.0,2021-11-26,2021-11-28
770,Richard,Dewitt,1714,47261,"Stratford, CT",,2147,2024-06-30,2190,2024-08-09,ACTIVE,2019 JOOLA North American Teams,2135.0,2201.0,2019-11-29,2019-12-01
770,Richard,Dewitt,1714,47261,"Stratford, CT",,2147,2024-06-30,2190,2024-08-09,ACTIVE,JOOLA North American Teams,2090.0,2224.0,2018-11-23,2018-11-25
770,Richard,Dewitt,1714,47261,"Stratford, CT",,2147,2024-06-30,2190,2024-08-09,ACTIVE,20th Annual North American Team Championship Powered By JOOLA,2121.0,2183.0,2017-11-24,2017-11-26
770,Richard,Dewitt,1714,47261,"Stratford, CT",,2147,2024-06-30,2190,2024-08-09,ACTIVE,2016 JOOLA NA Teams,2132.0,2238.0,2016-11-25,2016-11-27
770,Richard,Dewitt,1714,47261,"Stratford, CT",,2147,2024-06-30,2190,2024-08-09,ACTIVE,2015 JOOLA North American Teams Championships,2202.0,2145.0,2015-11-29,
770,Richard,Dewitt,1714,47261,"Stratford, CT",,2147,2024-06-30,2190,2024-08-09,ACTIVE,2014 JOOLA North American Teams Championships,2184.0,2164.0,2014-11-30,
770,Richard,Dewitt,1714,47261,"Stratford, CT",,2147,2024-06-30,2190,2024-08-09,ACTIVE,North American Teams,2147.0,2217.0,2003-11-30,
770,Richard,Dewitt,1714,47261,"Stratford, CT",,2147,2024-06-30,2190,2024-08-09,ACTIVE,1999 NA Teams 2,2003.0,2055.0,1999-11-28,
774,Kit,Jeerapaet,3416,6980,"Tampa, FL",Sunrise Table Tennis Club - Morningside Recreation Complex,2145,2023-11-12,2000,2004-12-29,ACTIVE,20th Annual North American Team Championship Powered By JOOLA,2250.0,2188.0,2017-11-24,2017-11-26
774,Kit,Jeerapaet,3416,6980,"Tampa, FL",Sunrise Table Tennis Club - Morningside Recreation Complex,2145,2023-11-12,2000,2004-12-29,ACTIVE,2015 JOOLA North American Teams Championships,2243.0,2206.0,2015-11-29,
777,T. J.,Beebe,503,63227,"Marietta, GA",Atlanta Georgia Table Tennis Association,2145,2024-03-02,0,,ACTIVE,1999 NA Teams 2,2393.0,2389.0,1999-11-28,
777,T. J.,Beebe,503,63227,"Marietta, GA",Atlanta Georgia Table Tennis Association,2145,2024-03-02,0,,ACTIVE,1998 North American Teams Cham,2401.0,2426.0,1998-11-29,
780,Michael,Zhang,9033,89100,"Middletown, NJ",Lily Yip Table Tennis Center,2143,2024-08-04,2339,2024-09-06,ACTIVE,2023 JOOLA North American Teams,2210.0,2135.0,2023-11-24,2023-11-26
780,Michael,Zhang,9033,89100,"Middletown, NJ",Lily Yip Table Tennis Center,2143,2024-08-04,2339,2024-09-06,ACTIVE,2022 JOOLA North American Teams,2163.0,2217.0,2022-11-25,2022-11-27
780,Michael,Zhang,9033,89100,"Middletown, NJ",Lily Yip Table Tennis Center,2143,2024-08-04,2339,2024-09-06,ACTIVE,2021 Joola North American Team,1990.0,2162.0,2021-11-26,2021-11-28
780,Michael,Zhang,9033,89100,"Middletown, NJ",Lily Yip Table Tennis Center,2143,2024-08-04,2339,2024-09-06,ACTIVE,JOOLA North American Teams,2051.0,1795.0,2018-11-23,2018-11-25
780,Michael,Zhang,9033,89100,"Middletown, NJ",Lily Yip Table Tennis Center,2143,2024-08-04,2339,2024-09-06,ACTIVE,20th Annual North American Team Championship Powered By JOOLA,2067.0,2071.0,2017-11-24,2017-11-26
780,Michael,Zhang,9033,89100,"Middletown, NJ",Lily Yip Table Tennis Center,2143,2024-08-04,2339,2024-09-06,ACTIVE,2014 JOOLA North American Teams Championships,1574.0,1526.0,2014-11-30,
782,Preston,Stecklein,120273,219273,"Haddonfield, NJ",Lily Yip Table Tennis Center,2143,2023-11-26,2134,2024-08-02,ACTIVE,2023 JOOLA North American Teams,2107.0,2143.0,2023-11-24,2023-11-26
782,Preston,Stecklein,120273,219273,"Haddonfield, NJ",Lily Yip Table Tennis Center,2143,2023-11-26,2134,2024-08-02,ACTIVE,2022 JOOLA North American Teams,2080.0,2103.0,2022-11-25,2022-11-27
782,Preston,Stecklein,120273,219273,"Haddonfield, NJ",Lily Yip Table Tennis Center,2143,2023-11-26,2134,2024-08-02,ACTIVE,2021 Joola North American Team,2033.0,2080.0,2021-11-26,2021-11-28
782,Preston,Stecklein,120273,219273,"Haddonfield, NJ",Lily Yip Table Tennis Center,2143,2023-11-26,2134,2024-08-02,ACTIVE,2019 JOOLA North American Teams,1774.0,1946.0,2019-11-29,2019-12-01
783,Ting Him,Ho,181393,1181393,Richmond,,2142,2023-11-26,0,,ACTIVE,2023 JOOLA North American Teams,1847.0,2142.0,2023-11-24,2023-11-26
784,Sumedh,Seetharaman,166449,1166449,"San Jose, CA",(TTA) Table Tennis America,2141,2024-07-07,2014,2024-09-01,ACTIVE,2023 JOOLA North American Teams,2099.0,2080.0,2023-11-24,2023-11-26
785,Winston,Kalicharan,69993,14752,"Scarborough, On, FN",,2141,2024-05-26,0,,ACTIVE,North American Teams,1929.0,1969.0,2003-11-30,
788,Peter Jie,Yang,8788,78089,"Madison, WI",Madison Table Tennis Club,2140,2024-09-02,2043,2024-08-18,ACTIVE,2014 JOOLA North American Teams Championships,2243.0,2200.0,2014-11-30,
792,Sebastian,Rivera Fuentes,131666,230666,,,2139,2024-07-21,0,,ACTIVE,JOOLA North American Teams,0.0,1503.0,2018-11-23,2018-11-25
794,Kash,Noorani,117131,216131,"Mountain View, CA",,2139,2024-07-07,2020,2024-06-29,ACTIVE,2023 JOOLA North American Teams,2137.0,2188.0,2023-11-24,2023-11-26
794,Kash,Noorani,117131,216131,"Mountain View, CA",,2139,2024-07-07,2020,2024-06-29,ACTIVE,2022 JOOLA North American Teams,2139.0,2130.0,2022-11-25,2022-11-27
795,William,Huang,180401,279401,"Seattle, WA",MDTTC - Maryland Table Tennis Center,2139,2019-12-01,2080,2024-08-17,ACTIVE,2019 JOOLA North American Teams,2094.0,2139.0,2019-11-29,2019-12-01
795,William,Huang,180401,279401,"Seattle, WA",MDTTC - Maryland Table Tennis Center,2139,2019-12-01,2080,2024-08-17,ACTIVE,JOOLA North American Teams,2032.0,2121.0,2018-11-23,2018-11-25
795,William,Huang,180401,279401,"Seattle, WA",MDTTC - Maryland Table Tennis Center,2139,2019-12-01,2080,2024-08-17,ACTIVE,20th Annual North American Team Championship Powered By JOOLA,1974.0,2170.0,2017-11-24,2017-11-26
795,William,Huang,180401,279401,"Seattle, WA",MDTTC - Maryland Table Tennis Center,2139,2019-12-01,2080,2024-08-17,ACTIVE,2016 JOOLA NA Teams,2037.0,1985.0,2016-11-25,2016-11-27
795,William,Huang,180401,279401,"Seattle, WA",MDTTC - Maryland Table Tennis Center,2139,2019-12-01,2080,2024-08-17,ACTIVE,2015 JOOLA North American Teams Championships,1781.0,1818.0,2015-11-29,
795,William,Huang,180401,279401,"Seattle, WA",MDTTC - Maryland Table Tennis Center,2139,2019-12-01,2080,2024-08-17,ACTIVE,2014 JOOLA North American Teams Championships,1205.0,1302.0,2014-11-30,
798,Philippe,Dassonval,1610,60396,"Woodside, NY",NYTTF,2138,2024-06-30,2150,2014-03-04,ACTIVE,2023 JOOLA North American Teams,2090.0,2059.0,2023-11-24,2023-11-26
798,Philippe,Dassonval,1610,60396,"Woodside, NY",NYTTF,2138,2024-06-30,2150,2014-03-04,ACTIVE,2021 Joola North American Team,2196.0,2175.0,2021-11-26,2021-11-28
798,Philippe,Dassonval,1610,60396,"Woodside, NY",NYTTF,2138,2024-06-30,2150,2014-03-04,ACTIVE,20th Annual North American Team Championship Powered By JOOLA,2100.0,2143.0,2017-11-24,2017-11-26
798,Philippe,Dassonval,1610,60396,"Woodside, NY",NYTTF,2138,2024-06-30,2150,2014-03-04,ACTIVE,North American Teams,1865.0,1998.0,2003-11-30,
798,Philippe,Dassonval,1610,60396,"Woodside, NY",NYTTF,2138,2024-06-30,2150,2014-03-04,ACTIVE,1999 NA Teams 2,1976.0,2014.0,1999-11-28,
802,Long,Zhu,172274,271274,"Little Neck, NY",Lily Yip Table Tennis Center,2137,2024-08-25,2270,2024-08-16,ACTIVE,2023 JOOLA North American Teams,2122.0,2080.0,2023-11-24,2023-11-26
802,Long,Zhu,172274,271274,"Little Neck, NY",Lily Yip Table Tennis Center,2137,2024-08-25,2270,2024-08-16,ACTIVE,2022 JOOLA North American Teams,1750.0,1806.0,2022-11-25,2022-11-27
802,Long,Zhu,172274,271274,"Little Neck, NY",Lily Yip Table Tennis Center,2137,2024-08-25,2270,2024-08-16,ACTIVE,2021 Joola North American Team,1295.0,1389.0,2021-11-26,2021-11-28
810,Joshua,Susana,168168,267168,"Plainfield, IN",IndyPong TTC,2135,2024-03-17,1998,2024-04-08,ACTIVE,2023 JOOLA North American Teams,2006.0,2044.0,2023-11-24,2023-11-26
810,Joshua,Susana,168168,267168,"Plainfield, IN",IndyPong TTC,2135,2024-03-17,1998,2024-04-08,ACTIVE,2021 Joola North American Team,1874.0,1965.0,2021-11-26,2021-11-28
814,Letao,Bo,117953,216953,"New York, NY",,2134,2024-03-02,2048,2018-08-18,ACTIVE,2021 Joola North American Team,2083.0,2119.0,2021-11-26,2021-11-28
814,Letao,Bo,117953,216953,"New York, NY",,2134,2024-03-02,2048,2018-08-18,ACTIVE,JOOLA North American Teams,2101.0,2093.0,2018-11-23,2018-11-25
815,Dylan,Ruperto,174908,1174908,,,2133,2024-04-14,0,,ACTIVE,2022 JOOLA North American Teams,1823.0,1976.0,2022-11-25,2022-11-27
817,Amoolya,Menon,122340,221340,"Mount Kisco, NY",,2133,2024-07-07,2181,2024-05-17,ACTIVE,2023 JOOLA North American Teams,2131.0,2127.0,2023-11-24,2023-11-26
817,Amoolya,Menon,122340,221340,"Mount Kisco, NY",,2133,2024-07-07,2181,2024-05-17,ACTIVE,2022 JOOLA North American Teams,2098.0,2134.0,2022-11-25,2022-11-27
817,Amoolya,Menon,122340,221340,"Mount Kisco, NY",,2133,2024-07-07,2181,2024-05-17,ACTIVE,2021 Joola North American Team,1997.0,2033.0,2021-11-26,2021-11-28
817,Amoolya,Menon,122340,221340,"Mount Kisco, NY",,2133,2024-07-07,2181,2024-05-17,ACTIVE,2019 JOOLA North American Teams,1642.0,1579.0,2019-11-29,2019-12-01
817,Amoolya,Menon,122340,221340,"Mount Kisco, NY",,2133,2024-07-07,2181,2024-05-17,ACTIVE,JOOLA North American Teams,1026.0,1173.0,2018-11-23,2018-11-25
819,Jameson,Bernard,12030,76852,"Lancaster, PA",PINGPOD,2131,2024-08-25,1944,2013-05-05,ACTIVE,2023 JOOLA North American Teams,2144.0,2174.0,2023-11-24,2023-11-26
819,Jameson,Bernard,12030,76852,"Lancaster, PA",PINGPOD,2131,2024-08-25,1944,2013-05-05,ACTIVE,2022 JOOLA North American Teams,2137.0,2231.0,2022-11-25,2022-11-27
819,Jameson,Bernard,12030,76852,"Lancaster, PA",PINGPOD,2131,2024-08-25,1944,2013-05-05,ACTIVE,2021 Joola North American Team,2096.0,2112.0,2021-11-26,2021-11-28
822,CHIRAG,PRADHAN,175994,274994,"Fremont, CA",(TTA) Table Tennis America,2130,2024-07-07,2017,2024-06-29,ACTIVE,2022 JOOLA North American Teams,1475.0,1446.0,2022-11-25,2022-11-27
823,Murali,Mani,4947,93017,"North Attleboro, RI",,2129,2024-05-05,2208,2023-10-13,ACTIVE,2019 JOOLA North American Teams,2149.0,2131.0,2019-11-29,2019-12-01
824,Priya,Venkateraman,171128,1171128,"Fort Collins, CO",,2129,2024-08-04,0,,ACTIVE,2023 JOOLA North American Teams,2076.0,2199.0,2023-11-24,2023-11-26
824,Priya,Venkateraman,171128,1171128,"Fort Collins, CO",,2129,2024-08-04,0,,ACTIVE,2022 JOOLA North American Teams,1973.0,2012.0,2022-11-25,2022-11-27
829,Nam,Nguyen,5649,62461,"Ashburn, VA",,2127,2024-03-02,2143,2013-06-16,ACTIVE,2022 JOOLA North American Teams,2174.0,2168.0,2022-11-25,2022-11-27
829,Nam,Nguyen,5649,62461,"Ashburn, VA",,2127,2024-03-02,2143,2013-06-16,ACTIVE,2021 Joola North American Team,2233.0,2174.0,2021-11-26,2021-11-28
829,Nam,Nguyen,5649,62461,"Ashburn, VA",,2127,2024-03-02,2143,2013-06-16,ACTIVE,2019 JOOLA North American Teams,2158.0,2228.0,2019-11-29,2019-12-01
829,Nam,Nguyen,5649,62461,"Ashburn, VA",,2127,2024-03-02,2143,2013-06-16,ACTIVE,JOOLA North American Teams,2127.0,2184.0,2018-11-23,2018-11-25
829,Nam,Nguyen,5649,62461,"Ashburn, VA",,2127,2024-03-02,2143,2013-06-16,ACTIVE,20th Annual North American Team Championship Powered By JOOLA,2137.0,2147.0,2017-11-24,2017-11-26
829,Nam,Nguyen,5649,62461,"Ashburn, VA",,2127,2024-03-02,2143,2013-06-16,ACTIVE,2015 JOOLA North American Teams Championships,2192.0,2104.0,2015-11-29,
829,Nam,Nguyen,5649,62461,"Ashburn, VA",,2127,2024-03-02,2143,2013-06-16,ACTIVE,2014 JOOLA North American Teams Championships,2144.0,2235.0,2014-11-30,
831,Harjinder,Singh,178103,1178103,"Monmouth Jn, NJ",,2126,2024-08-04,2292,2024-08-09,ACTIVE,2023 JOOLA North American Teams,2108.0,2123.0,2023-11-24,2023-11-26
832,William,Wu,123838,222838,"bethesda, MD",MDTTC - Maryland Table Tennis Center,2126,2024-05-05,2074,2020-02-28,ACTIVE,2023 JOOLA North American Teams,2168.0,2254.0,2023-11-24,2023-11-26
832,William,Wu,123838,222838,"bethesda, MD",MDTTC - Maryland Table Tennis Center,2126,2024-05-05,2074,2020-02-28,ACTIVE,2022 JOOLA North American Teams,2135.0,2197.0,2022-11-25,2022-11-27
832,William,Wu,123838,222838,"bethesda, MD",MDTTC - Maryland Table Tennis Center,2126,2024-05-05,2074,2020-02-28,ACTIVE,2021 Joola North American Team,2068.0,2255.0,2021-11-26,2021-11-28
832,William,Wu,123838,222838,"bethesda, MD",MDTTC - Maryland Table Tennis Center,2126,2024-05-05,2074,2020-02-28,ACTIVE,2019 JOOLA North American Teams,1914.0,1859.0,2019-11-29,2019-12-01
832,William,Wu,123838,222838,"bethesda, MD",MDTTC - Maryland Table Tennis Center,2126,2024-05-05,2074,2020-02-28,ACTIVE,JOOLA North American Teams,852.0,1189.0,2018-11-23,2018-11-25
834,HAMOON,BAHRAMI,173482,272482,"Houston, TX",Houston International Table Tennis Academy (HITTA),2125,2024-05-12,2128,2024-08-03,ACTIVE,2023 JOOLA North American Teams,2139.0,2138.0,2023-11-24,2023-11-26
839,Loi,Pham,6121,92907,"Thornton, CO",Sky High Table Tennis Club,2124,2024-04-28,0,,ACTIVE,JOOLA North American Teams,2092.0,2078.0,2018-11-23,2018-11-25
841,Mohan,Yang,8787,94089,"Herndon, VA",,2122,2024-06-16,0,,ACTIVE,2023 JOOLA North American Teams,2019.0,2011.0,2023-11-24,2023-11-26
841,Mohan,Yang,8787,94089,"Herndon, VA",,2122,2024-06-16,0,,ACTIVE,2022 JOOLA North American Teams,2036.0,2019.0,2022-11-25,2022-11-27
841,Mohan,Yang,8787,94089,"Herndon, VA",,2122,2024-06-16,0,,ACTIVE,2021 Joola North American Team,1915.0,2097.0,2021-11-26,2021-11-28
843,Allan,Anzagira,119469,218469,"Long Island City, NY",PingPod Lower East Side,2122,2024-08-25,2002,2024-07-30,ACTIVE,2023 JOOLA North American Teams,2117.0,2166.0,2023-11-24,2023-11-26
843,Allan,Anzagira,119469,218469,"Long Island City, NY",PingPod Lower East Side,2122,2024-08-25,2002,2024-07-30,ACTIVE,2022 JOOLA North American Teams,2133.0,2182.0,2022-11-25,2022-11-27
843,Allan,Anzagira,119469,218469,"Long Island City, NY",PingPod Lower East Side,2122,2024-08-25,2002,2024-07-30,ACTIVE,2021 Joola North American Team,1958.0,2109.0,2021-11-26,2021-11-28
843,Allan,Anzagira,119469,218469,"Long Island City, NY",PingPod Lower East Side,2122,2024-08-25,2002,2024-07-30,ACTIVE,2019 JOOLA North American Teams,1817.0,1885.0,2019-11-29,2019-12-01
844,Luis,Rodriguez,6590,94586,"Miami, FL",,2122,2024-08-24,0,,ACTIVE,2019 JOOLA North American Teams,2073.0,2074.0,2019-11-29,2019-12-01
853,Sihyun,Park,178382,1178382,"Cornwall-on-Hudson, NY",,2119,2023-12-21,0,,ACTIVE,2023 JOOLA North American Teams,2152.0,2079.0,2023-11-24,2023-11-26
855,Augustin,Murillo,123785,222785,Rego Park,,2118,2024-08-25,1964,2018-10-06,ACTIVE,2023 JOOLA North American Teams,2018.0,2047.0,2023-11-24,2023-11-26
855,Augustin,Murillo,123785,222785,Rego Park,,2118,2024-08-25,1964,2018-10-06,ACTIVE,JOOLA North American Teams,1937.0,2120.0,2018-11-23,2018-11-25
857,Richard,Liu,4640,73291,"Great Neck, NY",New York Indoor Sports Club,2117,2023-11-26,0,,ACTIVE,2023 JOOLA North American Teams,2131.0,2117.0,2023-11-24,2023-11-26
857,Richard,Liu,4640,73291,"Great Neck, NY",New York Indoor Sports Club,2117,2023-11-26,0,,ACTIVE,2022 JOOLA North American Teams,2140.0,2131.0,2022-11-25,2022-11-27
857,Richard,Liu,4640,73291,"Great Neck, NY",New York Indoor Sports Club,2117,2023-11-26,0,,ACTIVE,2019 JOOLA North American Teams,2066.0,2140.0,2019-11-29,2019-12-01
857,Richard,Liu,4640,73291,"Great Neck, NY",New York Indoor Sports Club,2117,2023-11-26,0,,ACTIVE,20th Annual North American Team Championship Powered By JOOLA,1964.0,2066.0,2017-11-24,2017-11-26
857,Richard,Liu,4640,73291,"Great Neck, NY",New York Indoor Sports Club,2117,2023-11-26,0,,ACTIVE,2016 JOOLA NA Teams,2035.0,1965.0,2016-11-25,2016-11-27
857,Richard,Liu,4640,73291,"Great Neck, NY",New York Indoor Sports Club,2117,2023-11-26,0,,ACTIVE,2015 JOOLA North American Teams Championships,2090.0,2035.0,2015-11-29,
857,Richard,Liu,4640,73291,"Great Neck, NY",New York Indoor Sports Club,2117,2023-11-26,0,,ACTIVE,2014 JOOLA North American Teams Championships,2080.0,2090.0,2014-11-30,
859,Sayan,Jafarali,172149,271149,CA,,2117,2024-08-25,1878,2024-09-08,ACTIVE,2023 JOOLA North American Teams,1605.0,1837.0,2023-11-24,2023-11-26
859,Sayan,Jafarali,172149,271149,CA,,2117,2024-08-25,1878,2024-09-08,ACTIVE,2022 JOOLA North American Teams,1349.0,1345.0,2022-11-25,2022-11-27
860,Thomas,Sui,171911,270911,"Katy, TX",Houston International Table Tennis Academy (HITTA),2117,2024-08-31,2141,2024-08-30,ACTIVE,2023 JOOLA North American Teams,1993.0,2091.0,2023-11-24,2023-11-26
866,Brian,Wu,124599,223599,"Flushing, NY",New York Indoor Sports Club,2116,2024-06-16,1963,2023-01-27,ACTIVE,2023 JOOLA North American Teams,2055.0,2171.0,2023-11-24,2023-11-26
866,Brian,Wu,124599,223599,"Flushing, NY",New York Indoor Sports Club,2116,2024-06-16,1963,2023-01-27,ACTIVE,2022 JOOLA North American Teams,1969.0,1971.0,2022-11-25,2022-11-27
866,Brian,Wu,124599,223599,"Flushing, NY",New York Indoor Sports Club,2116,2024-06-16,1963,2023-01-27,ACTIVE,2021 Joola North American Team,1889.0,1791.0,2021-11-26,2021-11-28
866,Brian,Wu,124599,223599,"Flushing, NY",New York Indoor Sports Club,2116,2024-06-16,1963,2023-01-27,ACTIVE,2019 JOOLA North American Teams,940.0,935.0,2019-11-29,2019-12-01
866,Brian,Wu,124599,223599,"Flushing, NY",New York Indoor Sports Club,2116,2024-06-16,1963,2023-01-27,ACTIVE,JOOLA North American Teams,261.0,512.0,2018-11-23,2018-11-25
868,Reynaldo,Perez,6086,57368,"Ronkonkoma, NY",,2116,2018-03-02,0,,ACTIVE,2016 JOOLA NA Teams,2118.0,2116.0,2016-11-25,2016-11-27
868,Reynaldo,Perez,6086,57368,"Ronkonkoma, NY",,2116,2018-03-02,0,,ACTIVE,2015 JOOLA North American Teams Championships,2186.0,2118.0,2015-11-29,
868,Reynaldo,Perez,6086,57368,"Ronkonkoma, NY",,2116,2018-03-02,0,,ACTIVE,North American Teams,2225.0,2208.0,2003-11-30,
868,Reynaldo,Perez,6086,57368,"Ronkonkoma, NY",,2116,2018-03-02,0,,ACTIVE,1999 NA Teams 2,2097.0,2259.0,1999-11-28,
868,Reynaldo,Perez,6086,57368,"Ronkonkoma, NY",,2116,2018-03-02,0,,ACTIVE,1998 North American Teams Cham,2117.0,2133.0,1998-11-29,
869,Zhi Qiang,Zhang,157432,1157432,,,2116,2023-11-26,0,,ACTIVE,2023 JOOLA North American Teams,1895.0,2116.0,2023-11-24,2023-11-26
872,Jacob,Kordus,171468,1171468,"Morrisville, NC",Carolina International Table Tennis Academy (CITTA),2114,2024-07-28,0,,ACTIVE,2023 JOOLA North American Teams,1965.0,2114.0,2023-11-24,2023-11-26
872,Jacob,Kordus,171468,1171468,"Morrisville, NC",Carolina International Table Tennis Academy (CITTA),2114,2024-07-28,0,,ACTIVE,2022 JOOLA North American Teams,1805.0,1807.0,2022-11-25,2022-11-27
873,Rohan,Lewis,31998,92840,"Toronto, CAN",,2114,2024-05-26,0,,ACTIVE,2023 JOOLA North American Teams,2030.0,2051.0,2023-11-24,2023-11-26
873,Rohan,Lewis,31998,92840,"Toronto, CAN",,2114,2024-05-26,0,,ACTIVE,2022 JOOLA North American Teams,2031.0,2030.0,2022-11-25,2022-11-27
873,Rohan,Lewis,31998,92840,"Toronto, CAN",,2114,2024-05-26,0,,ACTIVE,2016 JOOLA NA Teams,2146.0,2018.0,2016-11-25,2016-11-27
873,Rohan,Lewis,31998,92840,"Toronto, CAN",,2114,2024-05-26,0,,ACTIVE,2014 JOOLA North American Teams Championships,2087.0,2101.0,2014-11-30,
874,Abhinav,Shirbhate,166334,265334,"Sunnyvale, CA",Kou Lei Table Tennis Club,2113,2024-08-25,1899,2024-09-07,ACTIVE,2023 JOOLA North American Teams,2021.0,2024.0,2023-11-24,2023-11-26
881,Jim,Chai,994,1648,"San Mateo, CA",,2112,2023-05-29,1962,2024-07-19,ACTIVE,North American Teams,1954.0,2094.0,2003-11-30,
884,Daniel,Gong,2519,90833,"McLean, VA",,2111,2024-06-01,2113,2023-06-09,ACTIVE,2023 JOOLA North American Teams,2120.0,2044.0,2023-11-24,2023-11-26
884,Daniel,Gong,2519,90833,"McLean, VA",,2111,2024-06-01,2113,2023-06-09,ACTIVE,2022 JOOLA North American Teams,2055.0,2047.0,2022-11-25,2022-11-27
884,Daniel,Gong,2519,90833,"McLean, VA",,2111,2024-06-01,2113,2023-06-09,ACTIVE,2016 JOOLA NA Teams,1824.0,1879.0,2016-11-25,2016-11-27
884,Daniel,Gong,2519,90833,"McLean, VA",,2111,2024-06-01,2113,2023-06-09,ACTIVE,2015 JOOLA North American Teams Championships,1798.0,1802.0,2015-11-29,
884,Daniel,Gong,2519,90833,"McLean, VA",,2111,2024-06-01,2113,2023-06-09,ACTIVE,2014 JOOLA North American Teams Championships,1635.0,1695.0,2014-11-30,
885,Hari Teja,Narayanabhatla,173541,272541,"Atlanta, GA",Atlanta Georgia Table Tennis Association,2111,2024-07-21,2151,2022-05-21,ACTIVE,2023 JOOLA North American Teams,2187.0,2237.0,2023-11-24,2023-11-26
886,Vincent,Guan,166648,265648,San Francisco,,2111,2024-07-07,1899,2024-06-02,ACTIVE,2021 Joola North American Team,629.0,1281.0,2021-11-26,2021-11-28
887,Patrick,Mualem,5436,57625,"Leesburg, VA",Club JOOLA,2110,2019-10-27,2192,2012-11-04,ACTIVE,North American Teams,2208.0,2297.0,2003-11-30,
887,Patrick,Mualem,5436,57625,"Leesburg, VA",Club JOOLA,2110,2019-10-27,2192,2012-11-04,ACTIVE,1999 NA Teams 2,2245.0,2271.0,1999-11-28,
887,Patrick,Mualem,5436,57625,"Leesburg, VA",Club JOOLA,2110,2019-10-27,2192,2012-11-04,ACTIVE,1998 North American Teams Cham,2142.0,2146.0,1998-11-29,
888,Sivaraam,Velayutham,124759,223759,"Fremont, CA",(TTA) Table Tennis America,2110,2024-09-02,1970,2024-08-17,ACTIVE,2023 JOOLA North American Teams,2056.0,2124.0,2023-11-24,2023-11-26
890,Ethan,Zhou,172061,271061,"Fremont, CA",(TTA) Table Tennis America,2109,2024-07-07,1981,2024-06-23,ACTIVE,2023 JOOLA North American Teams,1871.0,2018.0,2023-11-24,2023-11-26
891,Brandon,Koh,3873,85572,"Duluth, GA",Atlanta International Table Tennis Academy,2109,2023-12-21,1968,2024-01-05,ACTIVE,2016 JOOLA NA Teams,2029.0,2147.0,2016-11-25,2016-11-27
891,Brandon,Koh,3873,85572,"Duluth, GA",Atlanta International Table Tennis Academy,2109,2023-12-21,1968,2024-01-05,ACTIVE,2015 JOOLA North American Teams Championships,2012.0,2036.0,2015-11-29,
895,Tianshi,Wang,115847,214847,"Stamford, CT",Westchester Table Tennis Center,2108,2018-09-30,2104,2024-07-06,ACTIVE,2016 JOOLA NA Teams,0.0,2136.0,2016-11-25,2016-11-27
896,Hongze,Shan,181445,280445,Oakville,,2108,2024-06-30,0,,ACTIVE,2023 JOOLA North American Teams,1584.0,1816.0,2023-11-24,2023-11-26
901,Hiep,Tran,7862,16107,"Sterling, VA",Newport News Table Tennis Club,2106,2022-03-27,2115,2007-06-07,ACTIVE,2021 Joola North American Team,2175.0,2136.0,2021-11-26,2021-11-28
901,Hiep,Tran,7862,16107,"Sterling, VA",Newport News Table Tennis Club,2106,2022-03-27,2115,2007-06-07,ACTIVE,2019 JOOLA North American Teams,2163.0,2175.0,2019-11-29,2019-12-01
901,Hiep,Tran,7862,16107,"Sterling, VA",Newport News Table Tennis Club,2106,2022-03-27,2115,2007-06-07,ACTIVE,JOOLA North American Teams,2152.0,2195.0,2018-11-23,2018-11-25
901,Hiep,Tran,7862,16107,"Sterling, VA",Newport News Table Tennis Club,2106,2022-03-27,2115,2007-06-07,ACTIVE,20th Annual North American Team Championship Powered By JOOLA,2220.0,2152.0,2017-11-24,2017-11-26
901,Hiep,Tran,7862,16107,"Sterling, VA",Newport News Table Tennis Club,2106,2022-03-27,2115,2007-06-07,ACTIVE,2016 JOOLA NA Teams,2167.0,2220.0,2016-11-25,2016-11-27
901,Hiep,Tran,7862,16107,"Sterling, VA",Newport News Table Tennis Club,2106,2022-03-27,2115,2007-06-07,ACTIVE,2015 JOOLA North American Teams Championships,2140.0,2188.0,2015-11-29,
901,Hiep,Tran,7862,16107,"Sterling, VA",Newport News Table Tennis Club,2106,2022-03-27,2115,2007-06-07,ACTIVE,2014 JOOLA North American Teams Championships,2145.0,2162.0,2014-11-30,
901,Hiep,Tran,7862,16107,"Sterling, VA",Newport News Table Tennis Club,2106,2022-03-27,2115,2007-06-07,ACTIVE,1998 North American Teams Cham,1912.0,1934.0,1998-11-29,
904,Malcolm Jinqian,Xiong,181386,280386,"OAKVILLE, FN",,2103,2024-07-28,0,,ACTIVE,2023 JOOLA North American Teams,1862.0,1895.0,2023-11-24,2023-11-26
905,Adis,Medunjanin,35759,16807,"Milford, CT",,2103,2023-11-26,0,,ACTIVE,2023 JOOLA North American Teams,2075.0,2103.0,2023-11-24,2023-11-26
905,Adis,Medunjanin,35759,16807,"Milford, CT",,2103,2023-11-26,0,,ACTIVE,2019 JOOLA North American Teams,2126.0,2075.0,2019-11-29,2019-12-01
905,Adis,Medunjanin,35759,16807,"Milford, CT",,2103,2023-11-26,0,,ACTIVE,JOOLA North American Teams,2118.0,2145.0,2018-11-23,2018-11-25
905,Adis,Medunjanin,35759,16807,"Milford, CT",,2103,2023-11-26,0,,ACTIVE,20th Annual North American Team Championship Powered By JOOLA,2129.0,2131.0,2017-11-24,2017-11-26
905,Adis,Medunjanin,35759,16807,"Milford, CT",,2103,2023-11-26,0,,ACTIVE,2016 JOOLA NA Teams,2098.0,2150.0,2016-11-25,2016-11-27
905,Adis,Medunjanin,35759,16807,"Milford, CT",,2103,2023-11-26,0,,ACTIVE,2015 JOOLA North American Teams Championships,2125.0,2098.0,2015-11-29,
905,Adis,Medunjanin,35759,16807,"Milford, CT",,2103,2023-11-26,0,,ACTIVE,2014 JOOLA North American Teams Championships,2135.0,2159.0,2014-11-30,
906,Michael,Levene,4361,31180,"Morrisville, NC",Carolina International Table Tennis Academy (CITTA),2102,2023-07-07,2226,2016-04-17,ACTIVE,2015 JOOLA North American Teams Championships,2030.0,2222.0,2015-11-29,
906,Michael,Levene,4361,31180,"Morrisville, NC",Carolina International Table Tennis Academy (CITTA),2102,2023-07-07,2226,2016-04-17,ACTIVE,2014 JOOLA North American Teams Championships,2170.0,2132.0,2014-11-30,
907,Yu-Chan,Chang,1077,92050,"Middletown, CT",,2102,2024-02-25,1951,2019-07-12,ACTIVE,2022 JOOLA North American Teams,1956.0,1986.0,2022-11-25,2022-11-27
908,Konstantinos,Nikopoulos,130420,229420,"Arlington, VA",Maryland T.T. Association,2102,2019-12-01,2263,2018-10-23,ACTIVE,2019 JOOLA North American Teams,2140.0,2102.0,2019-11-29,2019-12-01
908,Konstantinos,Nikopoulos,130420,229420,"Arlington, VA",Maryland T.T. Association,2102,2019-12-01,2263,2018-10-23,ACTIVE,JOOLA North American Teams,1975.0,2140.0,2018-11-23,2018-11-25
909,Luis,Mejia,123018,222018,Doral,,2102,2024-08-24,0,,ACTIVE,2019 JOOLA North American Teams,1552.0,1681.0,2019-11-29,2019-12-01
912,Jingfan,Feng,120191,219191,"Milpitas, CA",Swan Ping Pong,2101,2024-09-02,2054,2024-08-03,ACTIVE,2023 JOOLA North American Teams,2001.0,2166.0,2023-11-24,2023-11-26
914,Larry,Hodges,3073,6703,"Germantown, MD",MDTTC - Maryland Table Tennis Center,2100,2019-06-08,2052,2017-04-22,ACTIVE,North American Teams,2142.0,2142.0,2003-11-30,
914,Larry,Hodges,3073,6703,"Germantown, MD",MDTTC - Maryland Table Tennis Center,2100,2019-06-08,2052,2017-04-22,ACTIVE,1999 NA Teams 2,2219.0,2222.0,1999-11-28,
914,Larry,Hodges,3073,6703,"Germantown, MD",MDTTC - Maryland Table Tennis Center,2100,2019-06-08,2052,2017-04-22,ACTIVE,1998 North American Teams Cham,2257.0,2217.0,1998-11-29,
915,Jinghua,He,2906,92416,"Oakland Gardens, NY",New York International Table Tennis Club,2100,2023-11-26,0,,ACTIVE,2023 JOOLA North American Teams,2119.0,2100.0,2023-11-24,2023-11-26
915,Jinghua,He,2906,92416,"Oakland Gardens, NY",New York International Table Tennis Club,2100,2023-11-26,0,,ACTIVE,2022 JOOLA North American Teams,2069.0,2096.0,2022-11-25,2022-11-27
915,Jinghua,He,2906,92416,"Oakland Gardens, NY",New York International Table Tennis Club,2100,2023-11-26,0,,ACTIVE,2016 JOOLA NA Teams,2106.0,2082.0,2016-11-25,2016-11-27
915,Jinghua,He,2906,92416,"Oakland Gardens, NY",New York International Table Tennis Club,2100,2023-11-26,0,,ACTIVE,2015 JOOLA North American Teams Championships,2046.0,2106.0,2015-11-29,
916,Malika,Sandybayeva,176475,1176475,Cornwall On Hudson,,2100,2023-12-21,0,,ACTIVE,2022 JOOLA North American Teams,2053.0,2164.0,2022-11-25,2022-11-27
917,Tyler,Spesick,7350,72870,"Cool, CA",,2100,2024-08-25,2055,2024-06-16,ACTIVE,2023 JOOLA North American Teams,2066.0,2009.0,2023-11-24,2023-11-26
917,Tyler,Spesick,7350,72870,"Cool, CA",,2100,2024-08-25,2055,2024-06-16,ACTIVE,2022 JOOLA North American Teams,2062.0,1949.0,2022-11-25,2022-11-27
920,Johnnie,Lopez Arteaga,63902,4861,"Katy, TX",Houston International Table Tennis Academy (HITTA),2099,2024-08-11,2141,2024-08-03,ACTIVE,2023 JOOLA North American Teams,2030.0,2102.0,2023-11-24,2023-11-26
920,Johnnie,Lopez Arteaga,63902,4861,"Katy, TX",Houston International Table Tennis Academy (HITTA),2099,2024-08-11,2141,2024-08-03,ACTIVE,2019 JOOLA North American Teams,2087.0,2073.0,2019-11-29,2019-12-01
920,Johnnie,Lopez Arteaga,63902,4861,"Katy, TX",Houston International Table Tennis Academy (HITTA),2099,2024-08-11,2141,2024-08-03,ACTIVE,JOOLA North American Teams,1833.0,1987.0,2018-11-23,2018-11-25
921,Amanda,Malek,4916,81522,"Costa Mesa, CA",Power Pong TTA,2098,2023-12-21,2101,2023-09-15,ACTIVE,JOOLA North American Teams,2194.0,2288.0,2018-11-23,2018-11-25
922,Angela,He,171665,1171665,"Johns Creek, GA",Atlanta International Table Tennis Academy,2098,2024-07-14,0,,ACTIVE,2023 JOOLA North American Teams,2120.0,2106.0,2023-11-24,2023-11-26
922,Angela,He,171665,1171665,"Johns Creek, GA",Atlanta International Table Tennis Academy,2098,2024-07-14,0,,ACTIVE,2022 JOOLA North American Teams,1933.0,1935.0,2022-11-25,2022-11-27
922,Angela,He,171665,1171665,"Johns Creek, GA",Atlanta International Table Tennis Academy,2098,2024-07-14,0,,ACTIVE,2021 Joola North American Team,1446.0,1461.0,2021-11-26,2021-11-28
923,Edwan,Castillo Córdova,174828,1174828,"Manatí, FN",,2098,2024-04-14,0,,ACTIVE,2022 JOOLA North American Teams,1956.0,2145.0,2022-11-25,2022-11-27
924,Xian,Peng,177163,276163,,,2097,2024-01-28,0,,ACTIVE,2023 JOOLA North American Teams,2284.0,2077.0,2023-11-24,2023-11-26
924,Xian,Peng,177163,276163,,,2097,2024-01-28,0,,ACTIVE,2022 JOOLA North American Teams,0.0,2284.0,2022-11-25,2022-11-27
929,Billy,Joe,3467,79440,"West Windsor, NJ",,2096,2024-03-31,2306,2020-10-20,ACTIVE,2019 JOOLA North American Teams,2261.0,2222.0,2019-11-29,2019-12-01
929,Billy,Joe,3467,79440,"West Windsor, NJ",,2096,2024-03-31,2306,2020-10-20,ACTIVE,20th Annual North American Team Championship Powered By JOOLA,2248.0,2237.0,2017-11-24,2017-11-26
929,Billy,Joe,3467,79440,"West Windsor, NJ",,2096,2024-03-31,2306,2020-10-20,ACTIVE,2015 JOOLA North American Teams Championships,2150.0,2121.0,2015-11-29,
929,Billy,Joe,3467,79440,"West Windsor, NJ",,2096,2024-03-31,2306,2020-10-20,ACTIVE,2014 JOOLA North American Teams Championships,2050.0,2131.0,2014-11-30,
930,Jinhao,Lee,172443,1172443,"Fuquay Varina, NC",,2096,2024-08-11,0,,ACTIVE,2023 JOOLA North American Teams,1990.0,2124.0,2023-11-24,2023-11-26
930,Jinhao,Lee,172443,1172443,"Fuquay Varina, NC",,2096,2024-08-11,0,,ACTIVE,2022 JOOLA North American Teams,1948.0,1957.0,2022-11-25,2022-11-27
930,Jinhao,Lee,172443,1172443,"Fuquay Varina, NC",,2096,2024-08-11,0,,ACTIVE,2021 Joola North American Team,1697.0,1609.0,2021-11-26,2021-11-28
933,Saivaishnav,Senthilkumar,173259,1173259,"Princeton, NJ",Lily Yip Table Tennis Center,2096,2024-08-25,2191,2024-08-23,ACTIVE,2023 JOOLA North American Teams,2060.0,1929.0,2023-11-24,2023-11-26
933,Saivaishnav,Senthilkumar,173259,1173259,"Princeton, NJ",Lily Yip Table Tennis Center,2096,2024-08-25,2191,2024-08-23,ACTIVE,2022 JOOLA North American Teams,1059.0,1088.0,2022-11-25,2022-11-27
934,Yudi,Jin,171083,270083,"Cary, NC",NC International Table Tennis (NCITT),2095,2024-08-04,0,,ACTIVE,2023 JOOLA North American Teams,2007.0,2101.0,2023-11-24,2023-11-26
934,Yudi,Jin,171083,270083,"Cary, NC",NC International Table Tennis (NCITT),2095,2024-08-04,0,,ACTIVE,2022 JOOLA North American Teams,1794.0,1785.0,2022-11-25,2022-11-27
934,Yudi,Jin,171083,270083,"Cary, NC",NC International Table Tennis (NCITT),2095,2024-08-04,0,,ACTIVE,2021 Joola North American Team,1257.0,1375.0,2021-11-26,2021-11-28
935,Fei,Chen,15192,76380,"Brooklyn, NY",,2095,2023-11-26,0,,ACTIVE,2023 JOOLA North American Teams,2101.0,2095.0,2023-11-24,2023-11-26
936,Shriraam,Velayutham,124760,223760,"Fremont, CA",(TTA) Table Tennis America,2095,2024-09-02,1942,2024-08-17,ACTIVE,2023 JOOLA North American Teams,2128.0,2121.0,2023-11-24,2023-11-26
938,Charnchai,Tangpong,48793,4402,"Fargo, ND",,2095,2023-11-04,0,,ACTIVE,North American Teams,2063.0,2091.0,2003-11-30,
940,Ben,Zhang,165422,1165422,"Milpitas, CA",ICC Table Tennis Center,2094,2024-08-25,2037,2024-08-17,ACTIVE,2023 JOOLA North American Teams,2145.0,2213.0,2023-11-24,2023-11-26
941,Moustapha,Nasser,37767,33797,"Raleigh, NC",,2094,2024-08-04,0,,ACTIVE,2023 JOOLA North American Teams,2040.0,2070.0,2023-11-24,2023-11-26
941,Moustapha,Nasser,37767,33797,"Raleigh, NC",,2094,2024-08-04,0,,ACTIVE,2022 JOOLA North American Teams,2065.0,2023.0,2022-11-25,2022-11-27
941,Moustapha,Nasser,37767,33797,"Raleigh, NC",,2094,2024-08-04,0,,ACTIVE,2021 Joola North American Team,2049.0,2051.0,2021-11-26,2021-11-28
941,Moustapha,Nasser,37767,33797,"Raleigh, NC",,2094,2024-08-04,0,,ACTIVE,2019 JOOLA North American Teams,1915.0,2045.0,2019-11-29,2019-12-01
941,Moustapha,Nasser,37767,33797,"Raleigh, NC",,2094,2024-08-04,0,,ACTIVE,JOOLA North American Teams,1842.0,1798.0,2018-11-23,2018-11-25
945,Karl,Rosenberg,43466,81893,"Cincinnati, OH",,2094,2024-05-05,0,,ACTIVE,2022 JOOLA North American Teams,2093.0,2111.0,2022-11-25,2022-11-27
946,Jose,Mendez,168831,1168831,Juana Diaz,,2093,2023-04-02,0,,ACTIVE,2019 JOOLA North American Teams,0.0,2019.0,2019-11-29,2019-12-01
947,Thor J.,Truelson,7907,27830,"Bothell, WA",Seattle Pacific Table Tennis Club,2093,2023-10-08,2042,2023-11-04,ACTIVE,2022 JOOLA North American Teams,2140.0,2109.0,2022-11-25,2022-11-27
951,Andrew,Huang,171728,1171728,"Walnut, CA",Grace Lin TTC,2092,2024-08-24,1869,2024-09-06,ACTIVE,2023 JOOLA North American Teams,1933.0,1977.0,2023-11-24,2023-11-26
951,Andrew,Huang,171728,1171728,"Walnut, CA",Grace Lin TTC,2092,2024-08-24,1869,2024-09-06,ACTIVE,2022 JOOLA North American Teams,1886.0,1901.0,2022-11-25,2022-11-27
952,Fan,Tong,181063,1181063,"Wayne, PA",,2091,2023-11-26,0,,ACTIVE,2023 JOOLA North American Teams,2046.0,2091.0,2023-11-24,2023-11-26
953,Andrew,Knips,29574,20728,"Philadelphia, PA",,2091,2023-06-04,0,,ACTIVE,North American Teams,1952.0,2005.0,2003-11-30,
954,Jonathan,Ramos,6391,97126,"Brookshire, TX",Houston International Table Tennis Academy (HITTA),2091,2023-11-26,2103,2022-08-20,ACTIVE,2023 JOOLA North American Teams,2068.0,2091.0,2023-11-24,2023-11-26
954,Jonathan,Ramos,6391,97126,"Brookshire, TX",Houston International Table Tennis Academy (HITTA),2091,2023-11-26,2103,2022-08-20,ACTIVE,2019 JOOLA North American Teams,1998.0,1945.0,2019-11-29,2019-12-01
954,Jonathan,Ramos,6391,97126,"Brookshire, TX",Houston International Table Tennis Academy (HITTA),2091,2023-11-26,2103,2022-08-20,ACTIVE,JOOLA North American Teams,1938.0,1998.0,2018-11-23,2018-11-25
966,Nicholas,Wetzler,52664,61233,"York, PA",Lancaster Table Tennis Club,2088,2024-08-18,0,,ACTIVE,2022 JOOLA North American Teams,2137.0,2098.0,2022-11-25,2022-11-27
966,Nicholas,Wetzler,52664,61233,"York, PA",Lancaster Table Tennis Club,2088,2024-08-18,0,,ACTIVE,2019 JOOLA North American Teams,1934.0,2012.0,2019-11-29,2019-12-01
966,Nicholas,Wetzler,52664,61233,"York, PA",Lancaster Table Tennis Club,2088,2024-08-18,0,,ACTIVE,JOOLA North American Teams,1897.0,1878.0,2018-11-23,2018-11-25
966,Nicholas,Wetzler,52664,61233,"York, PA",Lancaster Table Tennis Club,2088,2024-08-18,0,,ACTIVE,20th Annual North American Team Championship Powered By JOOLA,1847.0,1961.0,2017-11-24,2017-11-26
966,Nicholas,Wetzler,52664,61233,"York, PA",Lancaster Table Tennis Club,2088,2024-08-18,0,,ACTIVE,1999 NA Teams 2,1282.0,1320.0,1999-11-28,
966,Nicholas,Wetzler,52664,61233,"York, PA",Lancaster Table Tennis Club,2088,2024-08-18,0,,ACTIVE,1998 North American Teams Cham,1297.0,1443.0,1998-11-29,
969,Samarth,Chythanya,172851,1172851,"Plainsboro, NJ",Lily Yip Table Tennis Center,2087,2024-08-04,2242,2024-07-26,ACTIVE,2023 JOOLA North American Teams,2148.0,2085.0,2023-11-24,2023-11-26
969,Samarth,Chythanya,172851,1172851,"Plainsboro, NJ",Lily Yip Table Tennis Center,2087,2024-08-04,2242,2024-07-26,ACTIVE,2022 JOOLA North American Teams,1923.0,2062.0,2022-11-25,2022-11-27
970,Dhruv,Dusad,168516,1168516,"Coppell, TX",DFW Table Tennis,2087,2024-08-24,0,,ACTIVE,2023 JOOLA North American Teams,2021.0,1976.0,2023-11-24,2023-11-26
970,Dhruv,Dusad,168516,1168516,"Coppell, TX",DFW Table Tennis,2087,2024-08-24,0,,ACTIVE,2022 JOOLA North American Teams,1653.0,1781.0,2022-11-25,2022-11-27
972,Kevin,Zhou,9135,82151,"Beltsville, VA",,2087,2023-11-26,2082,2018-04-13,ACTIVE,2023 JOOLA North American Teams,2092.0,2087.0,2023-11-24,2023-11-26
972,Kevin,Zhou,9135,82151,"Beltsville, VA",,2087,2023-11-26,2082,2018-04-13,ACTIVE,20th Annual North American Team Championship Powered By JOOLA,2002.0,2092.0,2017-11-24,2017-11-26
972,Kevin,Zhou,9135,82151,"Beltsville, VA",,2087,2023-11-26,2082,2018-04-13,ACTIVE,2016 JOOLA NA Teams,2004.0,1969.0,2016-11-25,2016-11-27
972,Kevin,Zhou,9135,82151,"Beltsville, VA",,2087,2023-11-26,2082,2018-04-13,ACTIVE,2015 JOOLA North American Teams Championships,1925.0,1864.0,2015-11-29,
973,Valeri,Kim,3791,32791,"Issaquah, WA",Seattle Pacific Table Tennis Club,2087,2019-12-01,1977,2024-04-20,ACTIVE,2019 JOOLA North American Teams,2099.0,2087.0,2019-11-29,2019-12-01
974,Lennox,Douglas,1821,3212,"Havertown, PA",,2086,2023-11-26,2241,2021-12-17,ACTIVE,2023 JOOLA North American Teams,2163.0,2086.0,2023-11-24,2023-11-26
974,Lennox,Douglas,1821,3212,"Havertown, PA",,2086,2023-11-26,2241,2021-12-17,ACTIVE,2021 Joola North American Team,1998.0,2163.0,2021-11-26,2021-11-28
974,Lennox,Douglas,1821,3212,"Havertown, PA",,2086,2023-11-26,2241,2021-12-17,ACTIVE,2019 JOOLA North American Teams,2076.0,2003.0,2019-11-29,2019-12-01
974,Lennox,Douglas,1821,3212,"Havertown, PA",,2086,2023-11-26,2241,2021-12-17,ACTIVE,20th Annual North American Team Championship Powered By JOOLA,2095.0,2076.0,2017-11-24,2017-11-26
974,Lennox,Douglas,1821,3212,"Havertown, PA",,2086,2023-11-26,2241,2021-12-17,ACTIVE,2016 JOOLA NA Teams,2082.0,2095.0,2016-11-25,2016-11-27
974,Lennox,Douglas,1821,3212,"Havertown, PA",,2086,2023-11-26,2241,2021-12-17,ACTIVE,2015 JOOLA North American Teams Championships,2126.0,2082.0,2015-11-29,
974,Lennox,Douglas,1821,3212,"Havertown, PA",,2086,2023-11-26,2241,2021-12-17,ACTIVE,2014 JOOLA North American Teams Championships,2120.0,2126.0,2014-11-30,
974,Lennox,Douglas,1821,3212,"Havertown, PA",,2086,2023-11-26,2241,2021-12-17,ACTIVE,North American Teams,2060.0,2060.0,2003-11-30,
974,Lennox,Douglas,1821,3212,"Havertown, PA",,2086,2023-11-26,2241,2021-12-17,ACTIVE,1999 NA Teams 2,1926.0,1921.0,1999-11-28,
978,Parviz,Mojaverian,5352,8429,"Overland Park, KS",,2086,2024-07-07,1977,2019-03-16,ACTIVE,North American Teams,2219.0,2246.0,2003-11-30,
978,Parviz,Mojaverian,5352,8429,"Overland Park, KS",,2086,2024-07-07,1977,2019-03-16,ACTIVE,1999 NA Teams 2,2237.0,2335.0,1999-11-28,
978,Parviz,Mojaverian,5352,8429,"Overland Park, KS",,2086,2024-07-07,1977,2019-03-16,ACTIVE,1998 North American Teams Cham,2192.0,2194.0,1998-11-29,
981,Brian,Chia,1249,30737,"Newcastle, WA",Seattle Pacific Table Tennis Club,2085,2023-03-05,2149,2023-09-16,ACTIVE,2019 JOOLA North American Teams,2088.0,2193.0,2019-11-29,2019-12-01
983,Raul,Lopez,4720,86895,"Brooklyn * *, NY",,2084,2024-08-03,0,,ACTIVE,2015 JOOLA North American Teams Championships,2037.0,2114.0,2015-11-29,
986,Oluwole,Ayangade,322,64766,"Kennesaw, IN",Chicago Table Tennis Club - Wheeling Park District Branch ,2083,2024-08-31,0,,ACTIVE,2023 JOOLA North American Teams,2105.0,2106.0,2023-11-24,2023-11-26
986,Oluwole,Ayangade,322,64766,"Kennesaw, IN",Chicago Table Tennis Club - Wheeling Park District Branch ,2083,2024-08-31,0,,ACTIVE,2019 JOOLA North American Teams,2221.0,2240.0,2019-11-29,2019-12-01
986,Oluwole,Ayangade,322,64766,"Kennesaw, IN",Chicago Table Tennis Club - Wheeling Park District Branch ,2083,2024-08-31,0,,ACTIVE,JOOLA North American Teams,2173.0,2199.0,2018-11-23,2018-11-25
986,Oluwole,Ayangade,322,64766,"Kennesaw, IN",Chicago Table Tennis Club - Wheeling Park District Branch ,2083,2024-08-31,0,,ACTIVE,20th Annual North American Team Championship Powered By JOOLA,2108.0,2143.0,2017-11-24,2017-11-26
986,Oluwole,Ayangade,322,64766,"Kennesaw, IN",Chicago Table Tennis Club - Wheeling Park District Branch ,2083,2024-08-31,0,,ACTIVE,2015 JOOLA North American Teams Championships,2220.0,2202.0,2015-11-29,
986,Oluwole,Ayangade,322,64766,"Kennesaw, IN",Chicago Table Tennis Club - Wheeling Park District Branch ,2083,2024-08-31,0,,ACTIVE,2014 JOOLA North American Teams Championships,2073.0,2255.0,2014-11-30,
989,Yuri,Nazarov,64698,6247,"Brooklyn, NY",,2083,2024-08-11,0,,ACTIVE,1998 North American Teams Cham,2059.0,2146.0,1998-11-29,
991,Narasimhan,Ramakrishnan,6371,25608,"Schaumburg, IL",Experior Table Tennis Club,2083,2024-05-05,2092,2020-02-08,ACTIVE,JOOLA North American Teams,2000.0,1959.0,2018-11-23,2018-11-25
996,Joel,Alleyne,102662,201662,Georgetown,,2081,2024-03-31,2085,2021-01-27,ACTIVE,2015 JOOLA North American Teams Championships,0.0,2105.0,2015-11-29,
997,Avinash,Cavale,74804,22551,"Seattle, WA",Seattle Pacific Table Tennis Club,2081,2019-12-01,1981,2019-12-07,ACTIVE,2019 JOOLA North American Teams,1980.0,2081.0,2019-11-29,2019-12-01
1000,Gayatri,Swaminathan,176626,1176626,"Rockville, MD",,2081,2024-07-07,0,,ACTIVE,2022 JOOLA North American Teams,2176.0,2257.0,2022-11-25,2022-11-27
1003,David,Lam,4079,85278,"Morris Plains, NJ",New Jersey Table Tennis Club,2079,2018-05-06,2041,2019-11-01,ACTIVE,20th Annual North American Team Championship Powered By JOOLA,2056.0,2092.0,2017-11-24,2017-11-26
1003,David,Lam,4079,85278,"Morris Plains, NJ",New Jersey Table Tennis Club,2079,2018-05-06,2041,2019-11-01,ACTIVE,2016 JOOLA NA Teams,1972.0,2046.0,2016-11-25,2016-11-27
1003,David,Lam,4079,85278,"Morris Plains, NJ",New Jersey Table Tennis Club,2079,2018-05-06,2041,2019-11-01,ACTIVE,2015 JOOLA North American Teams Championships,1935.0,1993.0,2015-11-29,
1003,David,Lam,4079,85278,"Morris Plains, NJ",New Jersey Table Tennis Club,2079,2018-05-06,2041,2019-11-01,ACTIVE,2014 JOOLA North American Teams Championships,1711.0,1767.0,2014-11-30,
1010,John,Hsu,3163,33903,"Rockville, MD",MDTTC - Maryland Table Tennis Center,2076,2024-07-14,2096,2018-11-06,ACTIVE,2014 JOOLA North American Teams Championships,2248.0,2141.0,2014-11-30,
1020,Ark,Ouyang,5861,97418,"Annandale, NJ",Matchpoint Table Tennis Center NJ,2074,2024-06-30,2114,2023-06-30,ACTIVE,2023 JOOLA North American Teams,2066.0,2141.0,2023-11-24,2023-11-26
1020,Ark,Ouyang,5861,97418,"Annandale, NJ",Matchpoint Table Tennis Center NJ,2074,2024-06-30,2114,2023-06-30,ACTIVE,2022 JOOLA North American Teams,2099.0,2099.0,2022-11-25,2022-11-27
1020,Ark,Ouyang,5861,97418,"Annandale, NJ",Matchpoint Table Tennis Center NJ,2074,2024-06-30,2114,2023-06-30,ACTIVE,2021 Joola North American Team,2025.0,2024.0,2021-11-26,2021-11-28
1020,Ark,Ouyang,5861,97418,"Annandale, NJ",Matchpoint Table Tennis Center NJ,2074,2024-06-30,2114,2023-06-30,ACTIVE,2019 JOOLA North American Teams,1949.0,2032.0,2019-11-29,2019-12-01
1020,Ark,Ouyang,5861,97418,"Annandale, NJ",Matchpoint Table Tennis Center NJ,2074,2024-06-30,2114,2023-06-30,ACTIVE,JOOLA North American Teams,1858.0,1987.0,2018-11-23,2018-11-25
1020,Ark,Ouyang,5861,97418,"Annandale, NJ",Matchpoint Table Tennis Center NJ,2074,2024-06-30,2114,2023-06-30,ACTIVE,20th Annual North American Team Championship Powered By JOOLA,1685.0,1841.0,2017-11-24,2017-11-26
1020,Ark,Ouyang,5861,97418,"Annandale, NJ",Matchpoint Table Tennis Center NJ,2074,2024-06-30,2114,2023-06-30,ACTIVE,2016 JOOLA NA Teams,1629.0,1762.0,2016-11-25,2016-11-27
1020,Ark,Ouyang,5861,97418,"Annandale, NJ",Matchpoint Table Tennis Center NJ,2074,2024-06-30,2114,2023-06-30,ACTIVE,2015 JOOLA North American Teams Championships,566.0,819.0,2015-11-29,
1023,Phyllis,Du,25906,75343,"Sharon, MA",Mastiff Table Tennis Club,2073,2018-03-02,2154,2017-11-28,ACTIVE,2014 JOOLA North American Teams Championships,2170.0,2078.0,2014-11-30,
1025,Ryan,Tao,170609,1170609,"Apex, NC",Carolina International Table Tennis Academy (CITTA),2073,2024-08-11,0,,ACTIVE,2023 JOOLA North American Teams,1829.0,1872.0,2023-11-24,2023-11-26
1025,Ryan,Tao,170609,1170609,"Apex, NC",Carolina International Table Tennis Academy (CITTA),2073,2024-08-11,0,,ACTIVE,2022 JOOLA North American Teams,1647.0,1412.0,2022-11-25,2022-11-27
1026,Jerry,Vasquez,8077,59330,"Nashua, NH",Boston Table Tennis Center,2073,2024-07-07,2129,2024-01-26,ACTIVE,2022 JOOLA North American Teams,2028.0,2028.0,2022-11-25,2022-11-27
1026,Jerry,Vasquez,8077,59330,"Nashua, NH",Boston Table Tennis Center,2073,2024-07-07,2129,2024-01-26,ACTIVE,JOOLA North American Teams,2228.0,2020.0,2018-11-23,2018-11-25
1026,Jerry,Vasquez,8077,59330,"Nashua, NH",Boston Table Tennis Center,2073,2024-07-07,2129,2024-01-26,ACTIVE,20th Annual North American Team Championship Powered By JOOLA,2238.0,2226.0,2017-11-24,2017-11-26
1026,Jerry,Vasquez,8077,59330,"Nashua, NH",Boston Table Tennis Center,2073,2024-07-07,2129,2024-01-26,ACTIVE,2016 JOOLA NA Teams,2111.0,2141.0,2016-11-25,2016-11-27
1026,Jerry,Vasquez,8077,59330,"Nashua, NH",Boston Table Tennis Center,2073,2024-07-07,2129,2024-01-26,ACTIVE,2015 JOOLA North American Teams Championships,2140.0,2141.0,2015-11-29,
1026,Jerry,Vasquez,8077,59330,"Nashua, NH",Boston Table Tennis Center,2073,2024-07-07,2129,2024-01-26,ACTIVE,2014 JOOLA North American Teams Championships,2219.0,2159.0,2014-11-30,
1026,Jerry,Vasquez,8077,59330,"Nashua, NH",Boston Table Tennis Center,2073,2024-07-07,2129,2024-01-26,ACTIVE,North American Teams,2056.0,2068.0,2003-11-30,
1027,Michael D.,Henry,2959,6592,"Brooklyn, NY",,2073,2023-11-26,2155,2015-09-24,ACTIVE,2023 JOOLA North American Teams,2110.0,2073.0,2023-11-24,2023-11-26
1027,Michael D.,Henry,2959,6592,"Brooklyn, NY",,2073,2023-11-26,2155,2015-09-24,ACTIVE,2019 JOOLA North American Teams,2159.0,2121.0,2019-11-29,2019-12-01
1027,Michael D.,Henry,2959,6592,"Brooklyn, NY",,2073,2023-11-26,2155,2015-09-24,ACTIVE,JOOLA North American Teams,2145.0,2164.0,2018-11-23,2018-11-25
1027,Michael D.,Henry,2959,6592,"Brooklyn, NY",,2073,2023-11-26,2155,2015-09-24,ACTIVE,20th Annual North American Team Championship Powered By JOOLA,2122.0,2120.0,2017-11-24,2017-11-26
1027,Michael D.,Henry,2959,6592,"Brooklyn, NY",,2073,2023-11-26,2155,2015-09-24,ACTIVE,2016 JOOLA NA Teams,2135.0,2119.0,2016-11-25,2016-11-27
1027,Michael D.,Henry,2959,6592,"Brooklyn, NY",,2073,2023-11-26,2155,2015-09-24,ACTIVE,2015 JOOLA North American Teams Championships,2273.0,2172.0,2015-11-29,
1027,Michael D.,Henry,2959,6592,"Brooklyn, NY",,2073,2023-11-26,2155,2015-09-24,ACTIVE,2014 JOOLA North American Teams Championships,2318.0,2321.0,2014-11-30,
1027,Michael D.,Henry,2959,6592,"Brooklyn, NY",,2073,2023-11-26,2155,2015-09-24,ACTIVE,North American Teams,2241.0,2297.0,2003-11-30,
1027,Michael D.,Henry,2959,6592,"Brooklyn, NY",,2073,2023-11-26,2155,2015-09-24,ACTIVE,1999 NA Teams 2,2196.0,2297.0,1999-11-28,
1027,Michael D.,Henry,2959,6592,"Brooklyn, NY",,2073,2023-11-26,2155,2015-09-24,ACTIVE,1998 North American Teams Cham,2173.0,2196.0,1998-11-29,
1032,Kyle,Yan,8747,80676,"Portland, OR",Paddle Palace Club,2071,2024-06-16,0,,ACTIVE,2023 JOOLA North American Teams,2063.0,2074.0,2023-11-24,2023-11-26
1032,Kyle,Yan,8747,80676,"Portland, OR",Paddle Palace Club,2071,2024-06-16,0,,ACTIVE,2022 JOOLA North American Teams,1958.0,1968.0,2022-11-25,2022-11-27
1032,Kyle,Yan,8747,80676,"Portland, OR",Paddle Palace Club,2071,2024-06-16,0,,ACTIVE,2015 JOOLA North American Teams Championships,2094.0,2008.0,2015-11-29,
1032,Kyle,Yan,8747,80676,"Portland, OR",Paddle Palace Club,2071,2024-06-16,0,,ACTIVE,2014 JOOLA North American Teams Championships,1937.0,2018.0,2014-11-30,
1034,Jason,Liu,164284,263284,"Johns Creek, GA",,2071,2024-08-18,0,,ACTIVE,2023 JOOLA North American Teams,2052.0,2160.0,2023-11-24,2023-11-26
1034,Jason,Liu,164284,263284,"Johns Creek, GA",,2071,2024-08-18,0,,ACTIVE,2022 JOOLA North American Teams,1955.0,2033.0,2022-11-25,2022-11-27
1034,Jason,Liu,164284,263284,"Johns Creek, GA",,2071,2024-08-18,0,,ACTIVE,2021 Joola North American Team,1821.0,1881.0,2021-11-26,2021-11-28
1034,Jason,Liu,164284,263284,"Johns Creek, GA",,2071,2024-08-18,0,,ACTIVE,2019 JOOLA North American Teams,758.0,1308.0,2019-11-29,2019-12-01
1038,Aaron,Avery,312,48793,"Middleton, WI",Madison Table Tennis Club,2070,2024-05-18,2039,2023-05-07,ACTIVE,North American Teams,2008.0,1987.0,2003-11-30,
1038,Aaron,Avery,312,48793,"Middleton, WI",Madison Table Tennis Club,2070,2024-05-18,2039,2023-05-07,ACTIVE,1999 NA Teams 2,2031.0,2102.0,1999-11-28,
1040,Rohan,Jamadagni,181687,280687,,,2070,2023-11-26,2119,2023-10-13,ACTIVE,2023 JOOLA North American Teams,0.0,2070.0,2023-11-24,2023-11-26
1041,Raymond,Mack,34160,7967,"Sun City, AZ",Phoenix Table Tennis Club,2069,2023-10-12,2075,2007-07-01,ACTIVE,North American Teams,2115.0,2166.0,2003-11-30,
1041,Raymond,Mack,34160,7967,"Sun City, AZ",Phoenix Table Tennis Club,2069,2023-10-12,2075,2007-07-01,ACTIVE,1999 NA Teams 2,2075.0,2083.0,1999-11-28,
1041,Raymond,Mack,34160,7967,"Sun City, AZ",Phoenix Table Tennis Club,2069,2023-10-12,2075,2007-07-01,ACTIVE,1998 North American Teams Cham,2070.0,2075.0,1998-11-29,
1044,Joshua,Joseph,157745,1157745,"Cypress, TX",,2068,2024-08-11,2112,2024-07-13,ACTIVE,2023 JOOLA North American Teams,2054.0,2054.0,2023-11-24,2023-11-26
1047,Jesse,Oh,5782,97021,"Fort Lee, NJ",,2068,2024-07-28,2111,2024-04-06,ACTIVE,2023 JOOLA North American Teams,1966.0,2059.0,2023-11-24,2023-11-26
1047,Jesse,Oh,5782,97021,"Fort Lee, NJ",,2068,2024-07-28,2111,2024-04-06,ACTIVE,2022 JOOLA North American Teams,1987.0,2042.0,2022-11-25,2022-11-27
1047,Jesse,Oh,5782,97021,"Fort Lee, NJ",,2068,2024-07-28,2111,2024-04-06,ACTIVE,JOOLA North American Teams,1877.0,1860.0,2018-11-23,2018-11-25
1047,Jesse,Oh,5782,97021,"Fort Lee, NJ",,2068,2024-07-28,2111,2024-04-06,ACTIVE,20th Annual North American Team Championship Powered By JOOLA,1779.0,1781.0,2017-11-24,2017-11-26
1048,Anthony,Capasso,934,91703,"Milford, CT",,2068,2024-03-10,2187,2023-09-01,ACTIVE,20th Annual North American Team Championship Powered By JOOLA,2155.0,2147.0,2017-11-24,2017-11-26
1055,Adedayo,Mokuolu,5359,35094,"Las Vegas, NV",,2067,2024-08-31,0,,ACTIVE,2019 JOOLA North American Teams,2166.0,2156.0,2019-11-29,2019-12-01
1059,Matt,Chando,1042,21974,"Cary, NC",,2065,2018-03-02,2079,2024-09-05,ACTIVE,2014 JOOLA North American Teams Championships,1974.0,2069.0,2014-11-30,
1060,Simon,Shtofmakher,7118,9997,"Springfield, NJ",New Jersey Table Tennis Club,2065,2023-11-26,2127,2024-08-08,ACTIVE,2023 JOOLA North American Teams,2078.0,2065.0,2023-11-24,2023-11-26
1060,Simon,Shtofmakher,7118,9997,"Springfield, NJ",New Jersey Table Tennis Club,2065,2023-11-26,2127,2024-08-08,ACTIVE,2022 JOOLA North American Teams,2131.0,2118.0,2022-11-25,2022-11-27
1060,Simon,Shtofmakher,7118,9997,"Springfield, NJ",New Jersey Table Tennis Club,2065,2023-11-26,2127,2024-08-08,ACTIVE,2021 Joola North American Team,2178.0,2131.0,2021-11-26,2021-11-28
1060,Simon,Shtofmakher,7118,9997,"Springfield, NJ",New Jersey Table Tennis Club,2065,2023-11-26,2127,2024-08-08,ACTIVE,2019 JOOLA North American Teams,2142.0,2178.0,2019-11-29,2019-12-01
1060,Simon,Shtofmakher,7118,9997,"Springfield, NJ",New Jersey Table Tennis Club,2065,2023-11-26,2127,2024-08-08,ACTIVE,2016 JOOLA NA Teams,2180.0,2145.0,2016-11-25,2016-11-27
1060,Simon,Shtofmakher,7118,9997,"Springfield, NJ",New Jersey Table Tennis Club,2065,2023-11-26,2127,2024-08-08,ACTIVE,2015 JOOLA North American Teams Championships,2163.0,2180.0,2015-11-29,
1060,Simon,Shtofmakher,7118,9997,"Springfield, NJ",New Jersey Table Tennis Club,2065,2023-11-26,2127,2024-08-08,ACTIVE,2014 JOOLA North American Teams Championships,2157.0,2187.0,2014-11-30,
1061,Rony,Joy,3540,90115,"Round Rock, TX",Lonestar Table Tennis Academy,2065,2024-07-07,1883,2024-06-26,ACTIVE,2021 Joola North American Team,1916.0,1897.0,2021-11-26,2021-11-28
1061,Rony,Joy,3540,90115,"Round Rock, TX",Lonestar Table Tennis Academy,2065,2024-07-07,1883,2024-06-26,ACTIVE,20th Annual North American Team Championship Powered By JOOLA,1886.0,1843.0,2017-11-24,2017-11-26
1062,Kevin,Nguyen,122139,221139,"Portland, OR",,2064,2024-09-08,1921,2019-09-14,ACTIVE,2022 JOOLA North American Teams,2085.0,2052.0,2022-11-25,2022-11-27
1063,Lixin,Lang,4124,52443,"North Potomac, MD",,2064,2023-11-26,2183,2019-10-25,ACTIVE,2023 JOOLA North American Teams,2031.0,2064.0,2023-11-24,2023-11-26
1063,Lixin,Lang,4124,52443,"North Potomac, MD",,2064,2023-11-26,2183,2019-10-25,ACTIVE,2022 JOOLA North American Teams,2027.0,2031.0,2022-11-25,2022-11-27
1063,Lixin,Lang,4124,52443,"North Potomac, MD",,2064,2023-11-26,2183,2019-10-25,ACTIVE,2021 Joola North American Team,2037.0,2027.0,2021-11-26,2021-11-28
1063,Lixin,Lang,4124,52443,"North Potomac, MD",,2064,2023-11-26,2183,2019-10-25,ACTIVE,2019 JOOLA North American Teams,2030.0,2037.0,2019-11-29,2019-12-01
1063,Lixin,Lang,4124,52443,"North Potomac, MD",,2064,2023-11-26,2183,2019-10-25,ACTIVE,JOOLA North American Teams,2052.0,2035.0,2018-11-23,2018-11-25
1063,Lixin,Lang,4124,52443,"North Potomac, MD",,2064,2023-11-26,2183,2019-10-25,ACTIVE,20th Annual North American Team Championship Powered By JOOLA,2108.0,2047.0,2017-11-24,2017-11-26
1063,Lixin,Lang,4124,52443,"North Potomac, MD",,2064,2023-11-26,2183,2019-10-25,ACTIVE,2016 JOOLA NA Teams,2078.0,2152.0,2016-11-25,2016-11-27
1063,Lixin,Lang,4124,52443,"North Potomac, MD",,2064,2023-11-26,2183,2019-10-25,ACTIVE,2015 JOOLA North American Teams Championships,2093.0,2146.0,2015-11-29,
1063,Lixin,Lang,4124,52443,"North Potomac, MD",,2064,2023-11-26,2183,2019-10-25,ACTIVE,2014 JOOLA North American Teams Championships,2180.0,2097.0,2014-11-30,
1063,Lixin,Lang,4124,52443,"North Potomac, MD",,2064,2023-11-26,2183,2019-10-25,ACTIVE,North American Teams,2126.0,2103.0,2003-11-30,
1063,Lixin,Lang,4124,52443,"North Potomac, MD",,2064,2023-11-26,2183,2019-10-25,ACTIVE,1999 NA Teams 2,2009.0,2000.0,1999-11-28,
1063,Lixin,Lang,4124,52443,"North Potomac, MD",,2064,2023-11-26,2183,2019-10-25,ACTIVE,1998 North American Teams Cham,2117.0,2050.0,1998-11-29,
1065,Konstantyn,Salatov,44021,79268,"North Potomac, MD",MDTTC - Maryland Table Tennis Center,2064,2024-05-26,2016,2020-02-21,ACTIVE,2023 JOOLA North American Teams,2025.0,2016.0,2023-11-24,2023-11-26
1065,Konstantyn,Salatov,44021,79268,"North Potomac, MD",MDTTC - Maryland Table Tennis Center,2064,2024-05-26,2016,2020-02-21,ACTIVE,2022 JOOLA North American Teams,2008.0,2056.0,2022-11-25,2022-11-27
1065,Konstantyn,Salatov,44021,79268,"North Potomac, MD",MDTTC - Maryland Table Tennis Center,2064,2024-05-26,2016,2020-02-21,ACTIVE,2021 Joola North American Team,1977.0,2008.0,2021-11-26,2021-11-28
1065,Konstantyn,Salatov,44021,79268,"North Potomac, MD",MDTTC - Maryland Table Tennis Center,2064,2024-05-26,2016,2020-02-21,ACTIVE,2019 JOOLA North American Teams,1847.0,1977.0,2019-11-29,2019-12-01
1069,Charles,Tardif,182168,281168,,,2063,2024-08-25,0,,ACTIVE,2023 JOOLA North American Teams,0.0,1970.0,2023-11-24,2023-11-26
1070,Sho,Miyazaki,5325,95249,"Flushing, NY",Sameh Awadallah Table Tennis Academy (SATTA),2063,2024-08-25,2046,2023-02-06,ACTIVE,2023 JOOLA North American Teams,2013.0,2126.0,2023-11-24,2023-11-26
1070,Sho,Miyazaki,5325,95249,"Flushing, NY",Sameh Awadallah Table Tennis Academy (SATTA),2063,2024-08-25,2046,2023-02-06,ACTIVE,2022 JOOLA North American Teams,2057.0,2124.0,2022-11-25,2022-11-27
1070,Sho,Miyazaki,5325,95249,"Flushing, NY",Sameh Awadallah Table Tennis Academy (SATTA),2063,2024-08-25,2046,2023-02-06,ACTIVE,2021 Joola North American Team,2002.0,2155.0,2021-11-26,2021-11-28
1070,Sho,Miyazaki,5325,95249,"Flushing, NY",Sameh Awadallah Table Tennis Academy (SATTA),2063,2024-08-25,2046,2023-02-06,ACTIVE,2019 JOOLA North American Teams,1959.0,2018.0,2019-11-29,2019-12-01
1070,Sho,Miyazaki,5325,95249,"Flushing, NY",Sameh Awadallah Table Tennis Academy (SATTA),2063,2024-08-25,2046,2023-02-06,ACTIVE,JOOLA North American Teams,2004.0,1999.0,2018-11-23,2018-11-25
1070,Sho,Miyazaki,5325,95249,"Flushing, NY",Sameh Awadallah Table Tennis Academy (SATTA),2063,2024-08-25,2046,2023-02-06,ACTIVE,20th Annual North American Team Championship Powered By JOOLA,1960.0,1990.0,2017-11-24,2017-11-26
1070,Sho,Miyazaki,5325,95249,"Flushing, NY",Sameh Awadallah Table Tennis Academy (SATTA),2063,2024-08-25,2046,2023-02-06,ACTIVE,2016 JOOLA NA Teams,1920.0,1945.0,2016-11-25,2016-11-27
1070,Sho,Miyazaki,5325,95249,"Flushing, NY",Sameh Awadallah Table Tennis Academy (SATTA),2063,2024-08-25,2046,2023-02-06,ACTIVE,2015 JOOLA North American Teams Championships,1737.0,1915.0,2015-11-29,
1072,Dmitry,Ryvkin,6708,29479,"Tallahassee, FL",FSU Table Tennis ,2062,2023-05-28,1192,2016-10-25,ACTIVE,2019 JOOLA North American Teams,1940.0,2083.0,2019-11-29,2019-12-01
1072,Dmitry,Ryvkin,6708,29479,"Tallahassee, FL",FSU Table Tennis ,2062,2023-05-28,1192,2016-10-25,ACTIVE,20th Annual North American Team Championship Powered By JOOLA,2016.0,1923.0,2017-11-24,2017-11-26
1074,Marvin,Yu,118681,217681,"Tenafly, NJ",Matchpoint Table Tennis Center NJ,2062,2024-07-28,1973,2024-05-19,ACTIVE,2023 JOOLA North American Teams,2062.0,2042.0,2023-11-24,2023-11-26
1074,Marvin,Yu,118681,217681,"Tenafly, NJ",Matchpoint Table Tennis Center NJ,2062,2024-07-28,1973,2024-05-19,ACTIVE,2022 JOOLA North American Teams,1898.0,1995.0,2022-11-25,2022-11-27
1074,Marvin,Yu,118681,217681,"Tenafly, NJ",Matchpoint Table Tennis Center NJ,2062,2024-07-28,1973,2024-05-19,ACTIVE,2021 Joola North American Team,1794.0,1879.0,2021-11-26,2021-11-28
1079,Donald,Duff,72430,18627,FN,,2062,2023-11-26,0,,ACTIVE,2023 JOOLA North American Teams,2089.0,2062.0,2023-11-24,2023-11-26
1079,Donald,Duff,72430,18627,FN,,2062,2023-11-26,0,,ACTIVE,North American Teams,1814.0,1890.0,2003-11-30,
1085,Sarthak,Gupta,120272,219272,"Austin, TX",Austin Table Tennis Club,2061,2023-05-28,1937,2023-12-27,ACTIVE,JOOLA North American Teams,1662.0,1555.0,2018-11-23,2018-11-25
1088,Carlos,Ortiz,5846,95356,"Cidra, US",,2060,2024-04-14,0,,ACTIVE,JOOLA North American Teams,1862.0,2095.0,2018-11-23,2018-11-25
1088,Carlos,Ortiz,5846,95356,"Cidra, US",,2060,2024-04-14,0,,ACTIVE,2015 JOOLA North American Teams Championships,1684.0,1862.0,2015-11-29,
1088,Carlos,Ortiz,5846,95356,"Cidra, US",,2060,2024-04-14,0,,ACTIVE,2014 JOOLA North American Teams Championships,0.0,1684.0,2014-11-30,
1089,Felix,Li,4406,87979,"San Francisco, CA",888 Table Tennis Center,2059,2024-03-23,2061,2022-05-22,ACTIVE,2021 Joola North American Team,2047.0,2102.0,2021-11-26,2021-11-28
1090,Zhengrui,Zhong,121911,220911,"New York, NY",,2059,2024-08-03,0,,ACTIVE,2022 JOOLA North American Teams,1767.0,1802.0,2022-11-25,2022-11-27
1090,Zhengrui,Zhong,121911,220911,"New York, NY",,2059,2024-08-03,0,,ACTIVE,JOOLA North American Teams,1578.0,1569.0,2018-11-23,2018-11-25
1098,Stephanie,Zhang,102374,98300,"Rockville, MD",,2057,2024-05-05,2062,2020-02-07,ACTIVE,2023 JOOLA North American Teams,2060.0,2052.0,2023-11-24,2023-11-26
1098,Stephanie,Zhang,102374,98300,"Rockville, MD",,2057,2024-05-05,2062,2020-02-07,ACTIVE,2022 JOOLA North American Teams,2046.0,2034.0,2022-11-25,2022-11-27
1098,Stephanie,Zhang,102374,98300,"Rockville, MD",,2057,2024-05-05,2062,2020-02-07,ACTIVE,2021 Joola North American Team,1982.0,2084.0,2021-11-26,2021-11-28
1098,Stephanie,Zhang,102374,98300,"Rockville, MD",,2057,2024-05-05,2062,2020-02-07,ACTIVE,2019 JOOLA North American Teams,1855.0,2038.0,2019-11-29,2019-12-01
1098,Stephanie,Zhang,102374,98300,"Rockville, MD",,2057,2024-05-05,2062,2020-02-07,ACTIVE,JOOLA North American Teams,1734.0,1954.0,2018-11-23,2018-11-25
1098,Stephanie,Zhang,102374,98300,"Rockville, MD",,2057,2024-05-05,2062,2020-02-07,ACTIVE,20th Annual North American Team Championship Powered By JOOLA,1463.0,1508.0,2017-11-24,2017-11-26
1098,Stephanie,Zhang,102374,98300,"Rockville, MD",,2057,2024-05-05,2062,2020-02-07,ACTIVE,2016 JOOLA NA Teams,914.0,1073.0,2016-11-25,2016-11-27
1098,Stephanie,Zhang,102374,98300,"Rockville, MD",,2057,2024-05-05,2062,2020-02-07,ACTIVE,2015 JOOLA North American Teams Championships,0.0,699.0,2015-11-29,
1099,Tre,Riley,102638,201638,,,2057,2024-03-17,1972,2022-06-19,ACTIVE,2019 JOOLA North American Teams,1867.0,1951.0,2019-11-29,2019-12-01
1099,Tre,Riley,102638,201638,,,2057,2024-03-17,1972,2022-06-19,ACTIVE,20th Annual North American Team Championship Powered By JOOLA,1657.0,1867.0,2017-11-24,2017-11-26
1099,Tre,Riley,102638,201638,,,2057,2024-03-17,1972,2022-06-19,ACTIVE,2016 JOOLA NA Teams,1435.0,1657.0,2016-11-25,2016-11-27
1099,Tre,Riley,102638,201638,,,2057,2024-03-17,1972,2022-06-19,ACTIVE,2015 JOOLA North American Teams Championships,0.0,1435.0,2015-11-29,
1102,Junduo (Jason),Zhao,9082,8985,"san ramon, CA",JZTT Academy,2056,2018-09-15,2083,2018-01-19,ACTIVE,North American Teams,2133.0,2185.0,2003-11-30,
1107,Donald,Hayes,2886,50664,"Windham, NH",Westford Table Tennis Club,2055,2024-07-14,2162,2020-03-10,ACTIVE,North American Teams,2118.0,2078.0,2003-11-30,
1107,Donald,Hayes,2886,50664,"Windham, NH",Westford Table Tennis Club,2055,2024-07-14,2162,2020-03-10,ACTIVE,1998 North American Teams Cham,2050.0,2077.0,1998-11-29,
1108,Valentina,Davila Santiago,168807,1168807,Rio Grande,,2055,2024-07-28,0,,ACTIVE,2019 JOOLA North American Teams,0.0,1563.0,2019-11-29,2019-12-01
1115,Peter (Liyang),Hua,25971,24333,"Chicago, IL",,2053,2018-03-02,1983,2024-09-03,ACTIVE,North American Teams,1670.0,1601.0,2003-11-30,
1116,Zhiyang,Wang,175318,274318,"West Lafayette, IN",,2053,2024-05-05,2096,2024-05-11,ACTIVE,2023 JOOLA North American Teams,2008.0,2047.0,2023-11-24,2023-11-26
1116,Zhiyang,Wang,175318,274318,"West Lafayette, IN",,2053,2024-05-05,2096,2024-05-11,ACTIVE,2022 JOOLA North American Teams,2084.0,1890.0,2022-11-25,2022-11-27
1118,Abhilash,Rajesh Kumar,6364,93845,"Mountain View, CA",Stickman Skills Center,2052,2023-12-21,1925,2024-02-13,ACTIVE,2023 JOOLA North American Teams,2095.0,2060.0,2023-11-24,2023-11-26
1118,Abhilash,Rajesh Kumar,6364,93845,"Mountain View, CA",Stickman Skills Center,2052,2023-12-21,1925,2024-02-13,ACTIVE,2022 JOOLA North American Teams,2075.0,2095.0,2022-11-25,2022-11-27
1119,Alanis,Reyes,116739,215739,Aibonito,,2051,2024-04-14,0,,ACTIVE,2019 JOOLA North American Teams,1707.0,1832.0,2019-11-29,2019-12-01
1119,Alanis,Reyes,116739,215739,Aibonito,,2051,2024-04-14,0,,ACTIVE,JOOLA North American Teams,1243.0,1707.0,2018-11-23,2018-11-25
1119,Alanis,Reyes,116739,215739,Aibonito,,2051,2024-04-14,0,,ACTIVE,2016 JOOLA NA Teams,0.0,1243.0,2016-11-25,2016-11-27
1120,David B.,Stout,7453,47292,"Carmel, IN",SpinBlock Table Tennis Center,2051,2022-05-29,1959,2021-09-27,ACTIVE,2019 JOOLA North American Teams,2076.0,2045.0,2019-11-29,2019-12-01
1120,David B.,Stout,7453,47292,"Carmel, IN",SpinBlock Table Tennis Center,2051,2022-05-29,1959,2021-09-27,ACTIVE,JOOLA North American Teams,2101.0,2040.0,2018-11-23,2018-11-25
1120,David B.,Stout,7453,47292,"Carmel, IN",SpinBlock Table Tennis Center,2051,2022-05-29,1959,2021-09-27,ACTIVE,20th Annual North American Team Championship Powered By JOOLA,2112.0,2097.0,2017-11-24,2017-11-26
1120,David B.,Stout,7453,47292,"Carmel, IN",SpinBlock Table Tennis Center,2051,2022-05-29,1959,2021-09-27,ACTIVE,2016 JOOLA NA Teams,2082.0,2173.0,2016-11-25,2016-11-27
1120,David B.,Stout,7453,47292,"Carmel, IN",SpinBlock Table Tennis Center,2051,2022-05-29,1959,2021-09-27,ACTIVE,1999 NA Teams 2,1982.0,1969.0,1999-11-28,
1120,David B.,Stout,7453,47292,"Carmel, IN",SpinBlock Table Tennis Center,2051,2022-05-29,1959,2021-09-27,ACTIVE,1998 North American Teams Cham,1953.0,2002.0,1998-11-29,
1123,Dwight,King,3804,5706,"Brooklyn, NY",,2051,2019-12-01,0,,ACTIVE,2019 JOOLA North American Teams,2069.0,2051.0,2019-11-29,2019-12-01
1123,Dwight,King,3804,5706,"Brooklyn, NY",,2051,2019-12-01,0,,ACTIVE,JOOLA North American Teams,2040.0,2069.0,2018-11-23,2018-11-25
1125,Juan Pablo,Pinto,176638,275638,,,2051,2024-04-14,0,,ACTIVE,2023 JOOLA North American Teams,0.0,2066.0,2023-11-24,2023-11-26
1126,Ralph,Bockoven,12546,4312,"Acton, MA",C&C Table Tennis,2050,2023-10-29,2059,2023-11-11,ACTIVE,2021 Joola North American Team,2066.0,2066.0,2021-11-26,2021-11-28
1126,Ralph,Bockoven,12546,4312,"Acton, MA",C&C Table Tennis,2050,2023-10-29,2059,2023-11-11,ACTIVE,20th Annual North American Team Championship Powered By JOOLA,2100.0,2110.0,2017-11-24,2017-11-26
1126,Ralph,Bockoven,12546,4312,"Acton, MA",C&C Table Tennis,2050,2023-10-29,2059,2023-11-11,ACTIVE,2014 JOOLA North American Teams Championships,2021.0,2178.0,2014-11-30,
1130,Ming,Cheung,15705,27877,"Whitestone, NY",Flushing Table Tennis Center,2049,2024-08-25,0,,ACTIVE,2023 JOOLA North American Teams,2069.0,2084.0,2023-11-24,2023-11-26
1130,Ming,Cheung,15705,27877,"Whitestone, NY",Flushing Table Tennis Center,2049,2024-08-25,0,,ACTIVE,2021 Joola North American Team,2206.0,2187.0,2021-11-26,2021-11-28
1130,Ming,Cheung,15705,27877,"Whitestone, NY",Flushing Table Tennis Center,2049,2024-08-25,0,,ACTIVE,JOOLA North American Teams,2094.0,2209.0,2018-11-23,2018-11-25
1130,Ming,Cheung,15705,27877,"Whitestone, NY",Flushing Table Tennis Center,2049,2024-08-25,0,,ACTIVE,North American Teams,1965.0,2107.0,2003-11-30,
1133,Tejas,Avadhanula,171466,1171466,Apex,,2049,2024-08-04,0,,ACTIVE,2023 JOOLA North American Teams,2041.0,2022.0,2023-11-24,2023-11-26
1133,Tejas,Avadhanula,171466,1171466,Apex,,2049,2024-08-04,0,,ACTIVE,2022 JOOLA North American Teams,1866.0,1908.0,2022-11-25,2022-11-27
1136,Jingzhe,Cui,17380,89066,"Claymont, DE",CACC Table Tennis Club,2049,2024-08-04,2010,2024-07-14,ACTIVE,2022 JOOLA North American Teams,1986.0,2013.0,2022-11-25,2022-11-27
1139,Yuyang,Ying,8872,90630,"Fremont, CA",ICC Table Tennis Center,2047,2024-09-02,1981,2024-09-08,ACTIVE,2014 JOOLA North American Teams Championships,1662.0,1765.0,2014-11-30,
1140,Carlos,Rodriguez,6586,94585,"Hollywood, FL","Broward Table Tennis Club, Inc.",2047,2024-08-24,0,,ACTIVE,2019 JOOLA North American Teams,1925.0,1966.0,2019-11-29,2019-12-01
1142,Esteban,Ayala,174898,1174898,,,2046,2024-08-11,1983,2024-08-03,ACTIVE,2022 JOOLA North American Teams,1322.0,1597.0,2022-11-25,2022-11-27
1145,Isabella,Luo,168433,267433,"Dublin, CA",(TTA) Table Tennis America,2046,2024-09-02,1821,2024-09-07,ACTIVE,2023 JOOLA North American Teams,2008.0,1955.0,2023-11-24,2023-11-26
1145,Isabella,Luo,168433,267433,"Dublin, CA",(TTA) Table Tennis America,2046,2024-09-02,1821,2024-09-07,ACTIVE,2022 JOOLA North American Teams,1767.0,1821.0,2022-11-25,2022-11-27
1145,Isabella,Luo,168433,267433,"Dublin, CA",(TTA) Table Tennis America,2046,2024-09-02,1821,2024-09-07,ACTIVE,2021 Joola North American Team,1222.0,1255.0,2021-11-26,2021-11-28
1148,Henry,Chau,124877,223877,Kendall Park,,2045,2024-05-05,2171,2024-04-23,ACTIVE,2021 Joola North American Team,1989.0,1998.0,2021-11-26,2021-11-28
1148,Henry,Chau,124877,223877,Kendall Park,,2045,2024-05-05,2171,2024-04-23,ACTIVE,JOOLA North American Teams,2104.0,1972.0,2018-11-23,2018-11-25
1152,Jack,Gelman,22015,46810,"Cockeysville, MD",Baltimore Table Tennis Club,2044,2018-03-25,2090,2004-01-19,ACTIVE,North American Teams,2082.0,2052.0,2003-11-30,
1155,Kagin,Lee,4264,56068,"Chicago, IL",Net and Paddle Club,2043,2018-03-02,2136,2012-04-26,ACTIVE,North American Teams,2169.0,2057.0,2003-11-30,
1155,Kagin,Lee,4264,56068,"Chicago, IL",Net and Paddle Club,2043,2018-03-02,2136,2012-04-26,ACTIVE,1999 NA Teams 2,1788.0,1840.0,1999-11-28,
1158,Tigran,Tsitoghdzyan,7937,83226,"New York, NY",,2042,2023-11-26,2209,2022-03-04,ACTIVE,2023 JOOLA North American Teams,2132.0,2042.0,2023-11-24,2023-11-26
1158,Tigran,Tsitoghdzyan,7937,83226,"New York, NY",,2042,2023-11-26,2209,2022-03-04,ACTIVE,2019 JOOLA North American Teams,2005.0,2041.0,2019-11-29,2019-12-01
1158,Tigran,Tsitoghdzyan,7937,83226,"New York, NY",,2042,2023-11-26,2209,2022-03-04,ACTIVE,JOOLA North American Teams,2013.0,2043.0,2018-11-23,2018-11-25
1158,Tigran,Tsitoghdzyan,7937,83226,"New York, NY",,2042,2023-11-26,2209,2022-03-04,ACTIVE,20th Annual North American Team Championship Powered By JOOLA,1975.0,2013.0,2017-11-24,2017-11-26
1158,Tigran,Tsitoghdzyan,7937,83226,"New York, NY",,2042,2023-11-26,2209,2022-03-04,ACTIVE,2016 JOOLA NA Teams,1973.0,1975.0,2016-11-25,2016-11-27
1158,Tigran,Tsitoghdzyan,7937,83226,"New York, NY",,2042,2023-11-26,2209,2022-03-04,ACTIVE,2015 JOOLA North American Teams Championships,2026.0,1998.0,2015-11-29,
1158,Tigran,Tsitoghdzyan,7937,83226,"New York, NY",,2042,2023-11-26,2209,2022-03-04,ACTIVE,2014 JOOLA North American Teams Championships,1996.0,2013.0,2014-11-30,
1162,Akhila,Chitti,118611,217611,"Morrisville, NC",Triangle Badminton & Table Tennis,2042,2023-08-06,0,,ACTIVE,2022 JOOLA North American Teams,1781.0,1650.0,2022-11-25,2022-11-27
1170,D.j.,Settle,6960,14685,"Raleigh, NC",,2041,2023-11-26,2007,2010-02-15,ACTIVE,2023 JOOLA North American Teams,2137.0,2041.0,2023-11-24,2023-11-26
1170,D.j.,Settle,6960,14685,"Raleigh, NC",,2041,2023-11-26,2007,2010-02-15,ACTIVE,2019 JOOLA North American Teams,2128.0,2137.0,2019-11-29,2019-12-01
1170,D.j.,Settle,6960,14685,"Raleigh, NC",,2041,2023-11-26,2007,2010-02-15,ACTIVE,JOOLA North American Teams,2167.0,2128.0,2018-11-23,2018-11-25
1171,David G.,Chaviedo G,176996,1176996,Knoxville,,2041,2023-11-26,0,,ACTIVE,2023 JOOLA North American Teams,2215.0,2041.0,2023-11-24,2023-11-26
1172,Vukman,Soskic,47074,30068,"Corvallis, OR",,2041,2023-12-21,0,,ACTIVE,2019 JOOLA North American Teams,2006.0,2061.0,2019-11-29,2019-12-01
1172,Vukman,Soskic,47074,30068,"Corvallis, OR",,2041,2023-12-21,0,,ACTIVE,JOOLA North American Teams,2055.0,2006.0,2018-11-23,2018-11-25
1176,Nathan,Yu,172260,271260,,,2040,2024-09-02,1658,2024-04-21,ACTIVE,2022 JOOLA North American Teams,1672.0,1728.0,2022-11-25,2022-11-27
1176,Nathan,Yu,172260,271260,,,2040,2024-09-02,1658,2024-04-21,ACTIVE,2021 Joola North American Team,448.0,1167.0,2021-11-26,2021-11-28
1179,Vinh,Nguyen,177446,1177446,"Philadelphia, PA",,2038,2024-08-25,2003,2024-08-18,ACTIVE,2023 JOOLA North American Teams,1884.0,1889.0,2023-11-24,2023-11-26
1179,Vinh,Nguyen,177446,1177446,"Philadelphia, PA",,2038,2024-08-25,2003,2024-08-18,ACTIVE,2022 JOOLA North American Teams,1795.0,1996.0,2022-11-25,2022-11-27
1180,Mukaila,Rabiu,120391,219391,"Saint Albans, NY",New York Indoor Sports Club,2038,2024-08-25,2152,2018-10-13,ACTIVE,2023 JOOLA North American Teams,2000.0,2016.0,2023-11-24,2023-11-26
1180,Mukaila,Rabiu,120391,219391,"Saint Albans, NY",New York Indoor Sports Club,2038,2024-08-25,2152,2018-10-13,ACTIVE,2022 JOOLA North American Teams,2045.0,2056.0,2022-11-25,2022-11-27
1180,Mukaila,Rabiu,120391,219391,"Saint Albans, NY",New York Indoor Sports Club,2038,2024-08-25,2152,2018-10-13,ACTIVE,2021 Joola North American Team,2097.0,2063.0,2021-11-26,2021-11-28
1180,Mukaila,Rabiu,120391,219391,"Saint Albans, NY",New York Indoor Sports Club,2038,2024-08-25,2152,2018-10-13,ACTIVE,2019 JOOLA North American Teams,1932.0,2012.0,2019-11-29,2019-12-01
1180,Mukaila,Rabiu,120391,219391,"Saint Albans, NY",New York Indoor Sports Club,2038,2024-08-25,2152,2018-10-13,ACTIVE,JOOLA North American Teams,2043.0,2012.0,2018-11-23,2018-11-25
1181,Danny,Wan,120179,219179,"Potomac, MD",Potomac Country Table Tennis Club,2038,2024-08-03,1974,2020-02-28,ACTIVE,2022 JOOLA North American Teams,1860.0,1916.0,2022-11-25,2022-11-27
1181,Danny,Wan,120179,219179,"Potomac, MD",Potomac Country Table Tennis Club,2038,2024-08-03,1974,2020-02-28,ACTIVE,2021 Joola North American Team,1950.0,1933.0,2021-11-26,2021-11-28
1181,Danny,Wan,120179,219179,"Potomac, MD",Potomac Country Table Tennis Club,2038,2024-08-03,1974,2020-02-28,ACTIVE,2019 JOOLA North American Teams,1986.0,2000.0,2019-11-29,2019-12-01
1181,Danny,Wan,120179,219179,"Potomac, MD",Potomac Country Table Tennis Club,2038,2024-08-03,1974,2020-02-28,ACTIVE,JOOLA North American Teams,1529.0,1654.0,2018-11-23,2018-11-25
1181,Danny,Wan,120179,219179,"Potomac, MD",Potomac Country Table Tennis Club,2038,2024-08-03,1974,2020-02-28,ACTIVE,20th Annual North American Team Championship Powered By JOOLA,926.0,848.0,2017-11-24,2017-11-26
1183,Chi,Chan,14595,55576,"Orlando, FL",,2037,2024-07-21,0,,ACTIVE,2015 JOOLA North American Teams Championships,2015.0,2012.0,2015-11-29,
1184,Gilianie,Avila,131655,1131655,"Ceiba, FN",,2037,2024-04-14,1852,2022-07-31,ACTIVE,2023 JOOLA North American Teams,2014.0,2038.0,2023-11-24,2023-11-26
1184,Gilianie,Avila,131655,1131655,"Ceiba, FN",,2037,2024-04-14,1852,2022-07-31,ACTIVE,2019 JOOLA North American Teams,1280.0,1652.0,2019-11-29,2019-12-01
1184,Gilianie,Avila,131655,1131655,"Ceiba, FN",,2037,2024-04-14,1852,2022-07-31,ACTIVE,JOOLA North American Teams,1207.0,1280.0,2018-11-23,2018-11-25
1189,Tai,Ly,33975,32392,"Austin, TX",,2037,2018-03-02,1988,2017-09-06,ACTIVE,20th Annual North American Team Championship Powered By JOOLA,2003.0,2037.0,2017-11-24,2017-11-26
1190,Gene,Chou,131777,230777,"Princeton, NJ",,2037,2022-10-02,1948,2024-08-11,ACTIVE,2021 Joola North American Team,2008.0,1947.0,2021-11-26,2021-11-28
1191,Robert,Mayer,5075,37621,"Pearland, TX",Texas Table Tennis Training Center,2037,2019-12-21,2073,2004-05-05,ACTIVE,North American Teams,2132.0,2081.0,2003-11-30,
1191,Robert,Mayer,5075,37621,"Pearland, TX",Texas Table Tennis Training Center,2037,2019-12-21,2073,2004-05-05,ACTIVE,1999 NA Teams 2,2193.0,2230.0,1999-11-28,
1191,Robert,Mayer,5075,37621,"Pearland, TX",Texas Table Tennis Training Center,2037,2019-12-21,2073,2004-05-05,ACTIVE,1998 North American Teams Cham,2138.0,2176.0,1998-11-29,
1192,Steve,Akselrod,9700,23936,"Morganville, NJ",Lily Yip Table Tennis Center,2037,2018-03-02,1877,2024-09-06,ACTIVE,20th Annual North American Team Championship Powered By JOOLA,2055.0,2037.0,2017-11-24,2017-11-26
1192,Steve,Akselrod,9700,23936,"Morganville, NJ",Lily Yip Table Tennis Center,2037,2018-03-02,1877,2024-09-06,ACTIVE,2015 JOOLA North American Teams Championships,1966.0,2055.0,2015-11-29,
1192,Steve,Akselrod,9700,23936,"Morganville, NJ",Lily Yip Table Tennis Center,2037,2018-03-02,1877,2024-09-06,ACTIVE,2014 JOOLA North American Teams Championships,1977.0,1966.0,2014-11-30,
1192,Steve,Akselrod,9700,23936,"Morganville, NJ",Lily Yip Table Tennis Center,2037,2018-03-02,1877,2024-09-06,ACTIVE,North American Teams,1791.0,1861.0,2003-11-30,
1194,Kurt,Lloyd,4679,46715,"Chandler, AZ",,2036,2018-03-02,2097,2019-06-11,ACTIVE,North American Teams,2071.0,2092.0,2003-11-30,
1195,Naveen,Vaddadi,8018,90261,"Fairfax, VA",,2036,2023-11-26,2014,2017-03-17,ACTIVE,2023 JOOLA North American Teams,2007.0,2036.0,2023-11-24,2023-11-26
1195,Naveen,Vaddadi,8018,90261,"Fairfax, VA",,2036,2023-11-26,2014,2017-03-17,ACTIVE,2022 JOOLA North American Teams,1994.0,2007.0,2022-11-25,2022-11-27
1195,Naveen,Vaddadi,8018,90261,"Fairfax, VA",,2036,2023-11-26,2014,2017-03-17,ACTIVE,2021 Joola North American Team,2018.0,2043.0,2021-11-26,2021-11-28
1195,Naveen,Vaddadi,8018,90261,"Fairfax, VA",,2036,2023-11-26,2014,2017-03-17,ACTIVE,2019 JOOLA North American Teams,2015.0,2092.0,2019-11-29,2019-12-01
1195,Naveen,Vaddadi,8018,90261,"Fairfax, VA",,2036,2023-11-26,2014,2017-03-17,ACTIVE,JOOLA North American Teams,2030.0,2014.0,2018-11-23,2018-11-25
1195,Naveen,Vaddadi,8018,90261,"Fairfax, VA",,2036,2023-11-26,2014,2017-03-17,ACTIVE,20th Annual North American Team Championship Powered By JOOLA,1941.0,2053.0,2017-11-24,2017-11-26
1195,Naveen,Vaddadi,8018,90261,"Fairfax, VA",,2036,2023-11-26,2014,2017-03-17,ACTIVE,2016 JOOLA NA Teams,1923.0,1943.0,2016-11-25,2016-11-27
1195,Naveen,Vaddadi,8018,90261,"Fairfax, VA",,2036,2023-11-26,2014,2017-03-17,ACTIVE,2014 JOOLA North American Teams Championships,1791.0,1889.0,2014-11-30,
1196,Jianxin,Wang,103542,202542,CA,,2036,2024-03-17,1846,2024-04-27,ACTIVE,2022 JOOLA North American Teams,2019.0,2037.0,2022-11-25,2022-11-27
1196,Jianxin,Wang,103542,202542,CA,,2036,2024-03-17,1846,2024-04-27,ACTIVE,JOOLA North American Teams,1809.0,2019.0,2018-11-23,2018-11-25
1200,Jonathan,Chu,1330,57948,"East Brunswick, NJ",,2035,2018-12-22,2091,2019-02-22,ACTIVE,North American Teams,1978.0,2006.0,2003-11-30,
1200,Jonathan,Chu,1330,57948,"East Brunswick, NJ",,2035,2018-12-22,2091,2019-02-22,ACTIVE,1999 NA Teams 2,1970.0,2034.0,1999-11-28,
1203,Ryan,Gibson,22224,89377,"Portland, OR",Paddle Palace Club,2035,2024-09-08,2210,2019-01-18,ACTIVE,2023 JOOLA North American Teams,2067.0,2162.0,2023-11-24,2023-11-26
1203,Ryan,Gibson,22224,89377,"Portland, OR",Paddle Palace Club,2035,2024-09-08,2210,2019-01-18,ACTIVE,2022 JOOLA North American Teams,2098.0,2127.0,2022-11-25,2022-11-27
1203,Ryan,Gibson,22224,89377,"Portland, OR",Paddle Palace Club,2035,2024-09-08,2210,2019-01-18,ACTIVE,2019 JOOLA North American Teams,2086.0,2148.0,2019-11-29,2019-12-01
1203,Ryan,Gibson,22224,89377,"Portland, OR",Paddle Palace Club,2035,2024-09-08,2210,2019-01-18,ACTIVE,JOOLA North American Teams,2109.0,2056.0,2018-11-23,2018-11-25
1203,Ryan,Gibson,22224,89377,"Portland, OR",Paddle Palace Club,2035,2024-09-08,2210,2019-01-18,ACTIVE,20th Annual North American Team Championship Powered By JOOLA,1584.0,2127.0,2017-11-24,2017-11-26
1204,Vivek,Kini,3810,84684,"Aurora, IL",,2035,2023-11-26,2010,2019-09-13,ACTIVE,2023 JOOLA North American Teams,2045.0,2035.0,2023-11-24,2023-11-26
1204,Vivek,Kini,3810,84684,"Aurora, IL",,2035,2023-11-26,2010,2019-09-13,ACTIVE,2022 JOOLA North American Teams,2105.0,2096.0,2022-11-25,2022-11-27
1204,Vivek,Kini,3810,84684,"Aurora, IL",,2035,2023-11-26,2010,2019-09-13,ACTIVE,2021 Joola North American Team,2076.0,2113.0,2021-11-26,2021-11-28
1204,Vivek,Kini,3810,84684,"Aurora, IL",,2035,2023-11-26,2010,2019-09-13,ACTIVE,2019 JOOLA North American Teams,2074.0,2102.0,2019-11-29,2019-12-01
1204,Vivek,Kini,3810,84684,"Aurora, IL",,2035,2023-11-26,2010,2019-09-13,ACTIVE,JOOLA North American Teams,2062.0,2066.0,2018-11-23,2018-11-25
1204,Vivek,Kini,3810,84684,"Aurora, IL",,2035,2023-11-26,2010,2019-09-13,ACTIVE,20th Annual North American Team Championship Powered By JOOLA,2112.0,2084.0,2017-11-24,2017-11-26
1206,Daniel,Walk,8194,10887,"North East, PA",,2034,2018-03-02,0,,ACTIVE,2014 JOOLA North American Teams Championships,2038.0,2034.0,2014-11-30,
1206,Daniel,Walk,8194,10887,"North East, PA",,2034,2018-03-02,0,,ACTIVE,North American Teams,2042.0,2219.0,2003-11-30,
1206,Daniel,Walk,8194,10887,"North East, PA",,2034,2018-03-02,0,,ACTIVE,1999 NA Teams 2,2011.0,2042.0,1999-11-28,
1206,Daniel,Walk,8194,10887,"North East, PA",,2034,2018-03-02,0,,ACTIVE,1998 North American Teams Cham,2015.0,2011.0,1998-11-29,
1207,Zhongheng,Qiao,164628,1164628,"Notre Dame, IN",IndyPong TTC,2034,2024-08-11,1856,2024-07-01,ACTIVE,2022 JOOLA North American Teams,1978.0,1855.0,2022-11-25,2022-11-27
1208,Changping,Duan,1861,49379,"Clarksburg, MD",Washington DC Table Tennis Center,2034,2018-03-02,2132,2021-07-17,ACTIVE,2016 JOOLA NA Teams,2009.0,2046.0,2016-11-25,2016-11-27
1208,Changping,Duan,1861,49379,"Clarksburg, MD",Washington DC Table Tennis Center,2034,2018-03-02,2132,2021-07-17,ACTIVE,2015 JOOLA North American Teams Championships,2077.0,2023.0,2015-11-29,
1208,Changping,Duan,1861,49379,"Clarksburg, MD",Washington DC Table Tennis Center,2034,2018-03-02,2132,2021-07-17,ACTIVE,2014 JOOLA North American Teams Championships,2035.0,2052.0,2014-11-30,
1208,Changping,Duan,1861,49379,"Clarksburg, MD",Washington DC Table Tennis Center,2034,2018-03-02,2132,2021-07-17,ACTIVE,North American Teams,2237.0,2206.0,2003-11-30,
1208,Changping,Duan,1861,49379,"Clarksburg, MD",Washington DC Table Tennis Center,2034,2018-03-02,2132,2021-07-17,ACTIVE,1999 NA Teams 2,2097.0,2120.0,1999-11-28,
1208,Changping,Duan,1861,49379,"Clarksburg, MD",Washington DC Table Tennis Center,2034,2018-03-02,2132,2021-07-17,ACTIVE,1998 North American Teams Cham,2115.0,2077.0,1998-11-29,
1210,Van,Ly,4822,97461,"Coral Springs, FL",,2034,2024-03-31,0,,ACTIVE,20th Annual North American Team Championship Powered By JOOLA,2114.0,2161.0,2017-11-24,2017-11-26
1211,Scott,Malek,4919,59026,"Rapid City, CA",Power Pong TTA,2033,2024-06-15,2065,2019-04-30,ACTIVE,2015 JOOLA North American Teams Championships,2168.0,2148.0,2015-11-29,
1213,Martin P.,Del Vecchio,1670,18168,"Knoxville, TN",Knoxville Table Tennis Club,2033,2024-07-20,0,,ACTIVE,2023 JOOLA North American Teams,2132.0,2018.0,2023-11-24,2023-11-26
1213,Martin P.,Del Vecchio,1670,18168,"Knoxville, TN",Knoxville Table Tennis Club,2033,2024-07-20,0,,ACTIVE,2022 JOOLA North American Teams,2062.0,2132.0,2022-11-25,2022-11-27
1213,Martin P.,Del Vecchio,1670,18168,"Knoxville, TN",Knoxville Table Tennis Club,2033,2024-07-20,0,,ACTIVE,2021 Joola North American Team,2107.0,2116.0,2021-11-26,2021-11-28
1213,Martin P.,Del Vecchio,1670,18168,"Knoxville, TN",Knoxville Table Tennis Club,2033,2024-07-20,0,,ACTIVE,2019 JOOLA North American Teams,2112.0,2154.0,2019-11-29,2019-12-01
1213,Martin P.,Del Vecchio,1670,18168,"Knoxville, TN",Knoxville Table Tennis Club,2033,2024-07-20,0,,ACTIVE,20th Annual North American Team Championship Powered By JOOLA,2109.0,2109.0,2017-11-24,2017-11-26
1213,Martin P.,Del Vecchio,1670,18168,"Knoxville, TN",Knoxville Table Tennis Club,2033,2024-07-20,0,,ACTIVE,2016 JOOLA NA Teams,2164.0,2152.0,2016-11-25,2016-11-27
1213,Martin P.,Del Vecchio,1670,18168,"Knoxville, TN",Knoxville Table Tennis Club,2033,2024-07-20,0,,ACTIVE,2015 JOOLA North American Teams Championships,2145.0,2124.0,2015-11-29,
1213,Martin P.,Del Vecchio,1670,18168,"Knoxville, TN",Knoxville Table Tennis Club,2033,2024-07-20,0,,ACTIVE,2014 JOOLA North American Teams Championships,2088.0,2021.0,2014-11-30,
1213,Martin P.,Del Vecchio,1670,18168,"Knoxville, TN",Knoxville Table Tennis Club,2033,2024-07-20,0,,ACTIVE,North American Teams,785.0,1805.0,2003-11-30,
1215,Odingo,Mitchell,5310,19269,"Laurelton, NY",,2033,2024-08-25,0,,ACTIVE,2022 JOOLA North American Teams,2103.0,2065.0,2022-11-25,2022-11-27
1215,Odingo,Mitchell,5310,19269,"Laurelton, NY",,2033,2024-08-25,0,,ACTIVE,North American Teams,1946.0,2145.0,2003-11-30,
1218,Hao,Li,32129,131129,"Santa Clara, CA",(TTA) Table Tennis America,2032,2024-08-04,2080,2024-06-29,ACTIVE,2023 JOOLA North American Teams,1992.0,2123.0,2023-11-24,2023-11-26
1219,Steven,Chen,1192,90786,"San Diego, CA",Learning Tree Table Tennis Club,2032,2024-06-16,1923,2024-07-12,ACTIVE,2019 JOOLA North American Teams,1906.0,1984.0,2019-11-29,2019-12-01
1219,Steven,Chen,1192,90786,"San Diego, CA",Learning Tree Table Tennis Club,2032,2024-06-16,1923,2024-07-12,ACTIVE,20th Annual North American Team Championship Powered By JOOLA,1885.0,2020.0,2017-11-24,2017-11-26
1219,Steven,Chen,1192,90786,"San Diego, CA",Learning Tree Table Tennis Club,2032,2024-06-16,1923,2024-07-12,ACTIVE,2015 JOOLA North American Teams Championships,1871.0,1893.0,2015-11-29,
1219,Steven,Chen,1192,90786,"San Diego, CA",Learning Tree Table Tennis Club,2032,2024-06-16,1923,2024-07-12,ACTIVE,2014 JOOLA North American Teams Championships,1877.0,1922.0,2014-11-30,
1220,Xinhui,Huang,182756,1182756,,,2032,2023-11-26,0,,ACTIVE,2023 JOOLA North American Teams,0.0,2032.0,2023-11-24,2023-11-26
1221,Noel,Furniss,117240,216240,"Thornwood, NY",Westchester Table Tennis Center,2032,2024-06-16,0,,ACTIVE,2022 JOOLA North American Teams,1796.0,1958.0,2022-11-25,2022-11-27
1221,Noel,Furniss,117240,216240,"Thornwood, NY",Westchester Table Tennis Center,2032,2024-06-16,0,,ACTIVE,2021 Joola North American Team,1624.0,1632.0,2021-11-26,2021-11-28
1221,Noel,Furniss,117240,216240,"Thornwood, NY",Westchester Table Tennis Center,2032,2024-06-16,0,,ACTIVE,2019 JOOLA North American Teams,1794.0,1799.0,2019-11-29,2019-12-01
1221,Noel,Furniss,117240,216240,"Thornwood, NY",Westchester Table Tennis Center,2032,2024-06-16,0,,ACTIVE,JOOLA North American Teams,1701.0,1720.0,2018-11-23,2018-11-25
1221,Noel,Furniss,117240,216240,"Thornwood, NY",Westchester Table Tennis Center,2032,2024-06-16,0,,ACTIVE,20th Annual North American Team Championship Powered By JOOLA,1290.0,1484.0,2017-11-24,2017-11-26
1223,Siqi,Yang,119595,218595,"Berwyn, PA",,2031,2024-06-02,1863,2019-03-09,ACTIVE,2023 JOOLA North American Teams,2103.0,2043.0,2023-11-24,2023-11-26
1223,Siqi,Yang,119595,218595,"Berwyn, PA",,2031,2024-06-02,1863,2019-03-09,ACTIVE,2022 JOOLA North American Teams,1927.0,2106.0,2022-11-25,2022-11-27
1223,Siqi,Yang,119595,218595,"Berwyn, PA",,2031,2024-06-02,1863,2019-03-09,ACTIVE,2021 Joola North American Team,1845.0,1917.0,2021-11-26,2021-11-28
1225,Terrie,Yu,167527,1167527,"Cary, NC",Carolina International Table Tennis Academy (CITTA),2030,2024-08-25,0,,ACTIVE,2023 JOOLA North American Teams,1965.0,2084.0,2023-11-24,2023-11-26
1225,Terrie,Yu,167527,1167527,"Cary, NC",Carolina International Table Tennis Academy (CITTA),2030,2024-08-25,0,,ACTIVE,2022 JOOLA North American Teams,1919.0,2010.0,2022-11-25,2022-11-27
1225,Terrie,Yu,167527,1167527,"Cary, NC",Carolina International Table Tennis Academy (CITTA),2030,2024-08-25,0,,ACTIVE,2021 Joola North American Team,1795.0,1765.0,2021-11-26,2021-11-28
1225,Terrie,Yu,167527,1167527,"Cary, NC",Carolina International Table Tennis Academy (CITTA),2030,2024-08-25,0,,ACTIVE,2019 JOOLA North American Teams,225.0,434.0,2019-11-29,2019-12-01
1226,Tom,Orlik,39274,69744,"Arlington, NY",,2030,2024-03-31,0,,ACTIVE,2023 JOOLA North American Teams,2189.0,2044.0,2023-11-24,2023-11-26
1226,Tom,Orlik,39274,69744,"Arlington, NY",,2030,2024-03-31,0,,ACTIVE,2022 JOOLA North American Teams,2054.0,2056.0,2022-11-25,2022-11-27
1226,Tom,Orlik,39274,69744,"Arlington, NY",,2030,2024-03-31,0,,ACTIVE,2021 Joola North American Team,1998.0,2055.0,2021-11-26,2021-11-28
1227,Rick,Mueller,5441,2655,"Austin, TX",Austin Table Tennis Club,2029,2023-11-26,1906,2024-08-28,ACTIVE,2023 JOOLA North American Teams,1951.0,2029.0,2023-11-24,2023-11-26
1227,Rick,Mueller,5441,2655,"Austin, TX",Austin Table Tennis Club,2029,2023-11-26,1906,2024-08-28,ACTIVE,2022 JOOLA North American Teams,1860.0,1977.0,2022-11-25,2022-11-27
1227,Rick,Mueller,5441,2655,"Austin, TX",Austin Table Tennis Club,2029,2023-11-26,1906,2024-08-28,ACTIVE,2021 Joola North American Team,1885.0,1825.0,2021-11-26,2021-11-28
1227,Rick,Mueller,5441,2655,"Austin, TX",Austin Table Tennis Club,2029,2023-11-26,1906,2024-08-28,ACTIVE,2019 JOOLA North American Teams,1909.0,1954.0,2019-11-29,2019-12-01
1227,Rick,Mueller,5441,2655,"Austin, TX",Austin Table Tennis Club,2029,2023-11-26,1906,2024-08-28,ACTIVE,JOOLA North American Teams,2017.0,2039.0,2018-11-23,2018-11-25
1227,Rick,Mueller,5441,2655,"Austin, TX",Austin Table Tennis Club,2029,2023-11-26,1906,2024-08-28,ACTIVE,20th Annual North American Team Championship Powered By JOOLA,2013.0,2013.0,2017-11-24,2017-11-26
1227,Rick,Mueller,5441,2655,"Austin, TX",Austin Table Tennis Club,2029,2023-11-26,1906,2024-08-28,ACTIVE,2016 JOOLA NA Teams,1990.0,1986.0,2016-11-25,2016-11-27
1227,Rick,Mueller,5441,2655,"Austin, TX",Austin Table Tennis Club,2029,2023-11-26,1906,2024-08-28,ACTIVE,2015 JOOLA North American Teams Championships,1969.0,2041.0,2015-11-29,
1227,Rick,Mueller,5441,2655,"Austin, TX",Austin Table Tennis Club,2029,2023-11-26,1906,2024-08-28,ACTIVE,2014 JOOLA North American Teams Championships,2002.0,2053.0,2014-11-30,
1227,Rick,Mueller,5441,2655,"Austin, TX",Austin Table Tennis Club,2029,2023-11-26,1906,2024-08-28,ACTIVE,1999 NA Teams 2,1836.0,1959.0,1999-11-28,
1227,Rick,Mueller,5441,2655,"Austin, TX",Austin Table Tennis Club,2029,2023-11-26,1906,2024-08-28,ACTIVE,1998 North American Teams Cham,2014.0,1841.0,1998-11-29,
1229,Henry,Forte,2206,18771,"DORAL, FL","Broward Table Tennis Club, Inc.",2029,2023-12-02,0,,ACTIVE,2015 JOOLA North American Teams Championships,2122.0,2139.0,2015-11-29,
1231,Aarthi,Loganathan,118446,217446,"Maple Grove, MN",Table Tennis Minnesota,2029,2023-11-04,2117,2022-08-26,ACTIVE,2022 JOOLA North American Teams,2071.0,2147.0,2022-11-25,2022-11-27
1231,Aarthi,Loganathan,118446,217446,"Maple Grove, MN",Table Tennis Minnesota,2029,2023-11-04,2117,2022-08-26,ACTIVE,2021 Joola North American Team,2004.0,1970.0,2021-11-26,2021-11-28
1233,Alyssa,Kang,113231,212231,"Oakland Gardens, NY",New York Indoor Sports Club,2028,2024-05-04,1214,2018-06-16,ACTIVE,2022 JOOLA North American Teams,2003.0,2048.0,2022-11-25,2022-11-27
1233,Alyssa,Kang,113231,212231,"Oakland Gardens, NY",New York Indoor Sports Club,2028,2024-05-04,1214,2018-06-16,ACTIVE,2021 Joola North American Team,1926.0,2038.0,2021-11-26,2021-11-28
1233,Alyssa,Kang,113231,212231,"Oakland Gardens, NY",New York Indoor Sports Club,2028,2024-05-04,1214,2018-06-16,ACTIVE,2019 JOOLA North American Teams,1823.0,1926.0,2019-11-29,2019-12-01
1233,Alyssa,Kang,113231,212231,"Oakland Gardens, NY",New York Indoor Sports Club,2028,2024-05-04,1214,2018-06-16,ACTIVE,JOOLA North American Teams,1483.0,1596.0,2018-11-23,2018-11-25
1233,Alyssa,Kang,113231,212231,"Oakland Gardens, NY",New York Indoor Sports Club,2028,2024-05-04,1214,2018-06-16,ACTIVE,20th Annual North American Team Championship Powered By JOOLA,905.0,1005.0,2017-11-24,2017-11-26
1233,Alyssa,Kang,113231,212231,"Oakland Gardens, NY",New York Indoor Sports Club,2028,2024-05-04,1214,2018-06-16,ACTIVE,2016 JOOLA NA Teams,594.0,547.0,2016-11-25,2016-11-27
1234,Anya,Shanbhag,171127,1171127,"Katy, TX",Houston International Table Tennis Academy (HITTA),2028,2024-08-11,1989,2024-08-03,ACTIVE,2023 JOOLA North American Teams,1921.0,1880.0,2023-11-24,2023-11-26
1234,Anya,Shanbhag,171127,1171127,"Katy, TX",Houston International Table Tennis Academy (HITTA),2028,2024-08-11,1989,2024-08-03,ACTIVE,2022 JOOLA North American Teams,1628.0,1746.0,2022-11-25,2022-11-27
1234,Anya,Shanbhag,171127,1171127,"Katy, TX",Houston International Table Tennis Academy (HITTA),2028,2024-08-11,1989,2024-08-03,ACTIVE,2021 Joola North American Team,1414.0,1185.0,2021-11-26,2021-11-28
1235,Alexander,Cai,888,94668,"Mequon, WI",,2028,2023-11-26,1609,2017-09-08,ACTIVE,2023 JOOLA North American Teams,2046.0,2028.0,2023-11-24,2023-11-26
1236,Joshua,Hong,166281,265281,"palisades park, NJ",TAK9 Club ,2028,2024-08-11,2060,2024-09-03,ACTIVE,2023 JOOLA North American Teams,1937.0,1954.0,2023-11-24,2023-11-26
1241,Jiaming,Zheng,117579,216579,"New York, NY",,2026,2024-06-30,1960,2024-02-12,ACTIVE,2023 JOOLA North American Teams,1978.0,2037.0,2023-11-24,2023-11-26
1241,Jiaming,Zheng,117579,216579,"New York, NY",,2026,2024-06-30,1960,2024-02-12,ACTIVE,2022 JOOLA North American Teams,2009.0,2002.0,2022-11-25,2022-11-27
1241,Jiaming,Zheng,117579,216579,"New York, NY",,2026,2024-06-30,1960,2024-02-12,ACTIVE,2019 JOOLA North American Teams,1737.0,1743.0,2019-11-29,2019-12-01
1241,Jiaming,Zheng,117579,216579,"New York, NY",,2026,2024-06-30,1960,2024-02-12,ACTIVE,JOOLA North American Teams,1554.0,1759.0,2018-11-23,2018-11-25
1241,Jiaming,Zheng,117579,216579,"New York, NY",,2026,2024-06-30,1960,2024-02-12,ACTIVE,20th Annual North American Team Championship Powered By JOOLA,1591.0,1394.0,2017-11-24,2017-11-26
1245,Frank,Arias,234,77664,"Miami, FL","Broward Table Tennis Club, Inc.",2026,2023-10-08,0,,ACTIVE,2015 JOOLA North American Teams Championships,2119.0,2102.0,2015-11-29,
1245,Frank,Arias,234,77664,"Miami, FL","Broward Table Tennis Club, Inc.",2026,2023-10-08,0,,ACTIVE,2014 JOOLA North American Teams Championships,2197.0,2075.0,2014-11-30,
1246,Adnan,Medunjanin,5157,83321,"Fairfield, CT",Westchester Table Tennis Center,2025,2023-11-26,0,,ACTIVE,2023 JOOLA North American Teams,2171.0,2025.0,2023-11-24,2023-11-26
1246,Adnan,Medunjanin,5157,83321,"Fairfield, CT",Westchester Table Tennis Center,2025,2023-11-26,0,,ACTIVE,2019 JOOLA North American Teams,2121.0,2067.0,2019-11-29,2019-12-01
1246,Adnan,Medunjanin,5157,83321,"Fairfield, CT",Westchester Table Tennis Center,2025,2023-11-26,0,,ACTIVE,JOOLA North American Teams,2161.0,2133.0,2018-11-23,2018-11-25
1246,Adnan,Medunjanin,5157,83321,"Fairfield, CT",Westchester Table Tennis Center,2025,2023-11-26,0,,ACTIVE,20th Annual North American Team Championship Powered By JOOLA,2231.0,2217.0,2017-11-24,2017-11-26
1246,Adnan,Medunjanin,5157,83321,"Fairfield, CT",Westchester Table Tennis Center,2025,2023-11-26,0,,ACTIVE,2016 JOOLA NA Teams,2229.0,2228.0,2016-11-25,2016-11-27
1246,Adnan,Medunjanin,5157,83321,"Fairfield, CT",Westchester Table Tennis Center,2025,2023-11-26,0,,ACTIVE,2015 JOOLA North American Teams Championships,2113.0,2111.0,2015-11-29,
1246,Adnan,Medunjanin,5157,83321,"Fairfield, CT",Westchester Table Tennis Center,2025,2023-11-26,0,,ACTIVE,2014 JOOLA North American Teams Championships,2105.0,2092.0,2014-11-30,
1251,Vivaan,Chandra,170374,1170374,"Highlands Ranch, CO",Mile High Table Tennis Academy,2025,2024-08-04,559,2022-03-13,ACTIVE,2023 JOOLA North American Teams,1685.0,1789.0,2023-11-24,2023-11-26
1251,Vivaan,Chandra,170374,1170374,"Highlands Ranch, CO",Mile High Table Tennis Academy,2025,2024-08-04,559,2022-03-13,ACTIVE,2022 JOOLA North American Teams,1365.0,1337.0,2022-11-25,2022-11-27
1251,Vivaan,Chandra,170374,1170374,"Highlands Ranch, CO",Mile High Table Tennis Academy,2025,2024-08-04,559,2022-03-13,ACTIVE,2021 Joola North American Team,791.0,865.0,2021-11-26,2021-11-28
1254,Kristian,Sahadeo,112840,211840,Queens,,2025,2023-12-02,0,,ACTIVE,2023 JOOLA North American Teams,1873.0,1988.0,2023-11-24,2023-11-26
1254,Kristian,Sahadeo,112840,211840,Queens,,2025,2023-12-02,0,,ACTIVE,2019 JOOLA North American Teams,1621.0,1822.0,2019-11-29,2019-12-01
1254,Kristian,Sahadeo,112840,211840,Queens,,2025,2023-12-02,0,,ACTIVE,JOOLA North American Teams,1140.0,1510.0,2018-11-23,2018-11-25
1254,Kristian,Sahadeo,112840,211840,Queens,,2025,2023-12-02,0,,ACTIVE,2016 JOOLA NA Teams,911.0,1140.0,2016-11-25,2016-11-27
1256,Aj,Salatov,163913,1163913,"North Potomac, MD",MDTTC - Maryland Table Tennis Center,2024,2024-05-26,1198,2020-02-21,ACTIVE,2023 JOOLA North American Teams,1881.0,2013.0,2023-11-24,2023-11-26
1256,Aj,Salatov,163913,1163913,"North Potomac, MD",MDTTC - Maryland Table Tennis Center,2024,2024-05-26,1198,2020-02-21,ACTIVE,2022 JOOLA North American Teams,1659.0,1777.0,2022-11-25,2022-11-27
1256,Aj,Salatov,163913,1163913,"North Potomac, MD",MDTTC - Maryland Table Tennis Center,2024,2024-05-26,1198,2020-02-21,ACTIVE,2021 Joola North American Team,1607.0,1616.0,2021-11-26,2021-11-28
1256,Aj,Salatov,163913,1163913,"North Potomac, MD",MDTTC - Maryland Table Tennis Center,2024,2024-05-26,1198,2020-02-21,ACTIVE,2019 JOOLA North American Teams,800.0,880.0,2019-11-29,2019-12-01
1260,Daniel,Ni,124150,223150,Alphre,Atlanta International Table Tennis Academy,2024,2024-08-18,0,,ACTIVE,2023 JOOLA North American Teams,1799.0,1905.0,2023-11-24,2023-11-26
1260,Daniel,Ni,124150,223150,Alphre,Atlanta International Table Tennis Academy,2024,2024-08-18,0,,ACTIVE,2022 JOOLA North American Teams,1810.0,1990.0,2022-11-25,2022-11-27
1260,Daniel,Ni,124150,223150,Alphre,Atlanta International Table Tennis Academy,2024,2024-08-18,0,,ACTIVE,2021 Joola North American Team,1524.0,1685.0,2021-11-26,2021-11-28
1260,Daniel,Ni,124150,223150,Alphre,Atlanta International Table Tennis Academy,2024,2024-08-18,0,,ACTIVE,2019 JOOLA North American Teams,1413.0,1470.0,2019-11-29,2019-12-01
1260,Daniel,Ni,124150,223150,Alphre,Atlanta International Table Tennis Academy,2024,2024-08-18,0,,ACTIVE,JOOLA North American Teams,481.0,759.0,2018-11-23,2018-11-25
1265,Justin,Liu,172241,271241,"Chantilly, VA",MDTTC - Maryland Table Tennis Center,2023,2024-04-14,0,,ACTIVE,2023 JOOLA North American Teams,1825.0,1997.0,2023-11-24,2023-11-26
1265,Justin,Liu,172241,271241,"Chantilly, VA",MDTTC - Maryland Table Tennis Center,2023,2024-04-14,0,,ACTIVE,2022 JOOLA North American Teams,1712.0,1834.0,2022-11-25,2022-11-27
1265,Justin,Liu,172241,271241,"Chantilly, VA",MDTTC - Maryland Table Tennis Center,2023,2024-04-14,0,,ACTIVE,2021 Joola North American Team,947.0,1086.0,2021-11-26,2021-11-28
1268,Gauravdeep,Aulakh,167520,1167520,"Morrisville, NC",NC International Table Tennis (NCITT),2022,2024-08-04,0,,ACTIVE,2023 JOOLA North American Teams,1935.0,2025.0,2023-11-24,2023-11-26
1270,Johnny,Torres Santiago,102321,98315,"Rockville, MD",,2022,2024-04-14,0,,ACTIVE,2019 JOOLA North American Teams,2076.0,2097.0,2019-11-29,2019-12-01
1270,Johnny,Torres Santiago,102321,98315,"Rockville, MD",,2022,2024-04-14,0,,ACTIVE,JOOLA North American Teams,1909.0,2076.0,2018-11-23,2018-11-25
1270,Johnny,Torres Santiago,102321,98315,"Rockville, MD",,2022,2024-04-14,0,,ACTIVE,20th Annual North American Team Championship Powered By JOOLA,2076.0,1909.0,2017-11-24,2017-11-26
1270,Johnny,Torres Santiago,102321,98315,"Rockville, MD",,2022,2024-04-14,0,,ACTIVE,2016 JOOLA NA Teams,2025.0,2076.0,2016-11-25,2016-11-27
1270,Johnny,Torres Santiago,102321,98315,"Rockville, MD",,2022,2024-04-14,0,,ACTIVE,2015 JOOLA North American Teams Championships,0.0,2025.0,2015-11-29,
1271,Nicholas,Nash,123829,222829,"Rockville, MD",MDTTC - Maryland Table Tennis Center,2022,2024-08-25,1870,2020-03-03,ACTIVE,2023 JOOLA North American Teams,1969.0,1983.0,2023-11-24,2023-11-26
1271,Nicholas,Nash,123829,222829,"Rockville, MD",MDTTC - Maryland Table Tennis Center,2022,2024-08-25,1870,2020-03-03,ACTIVE,2022 JOOLA North American Teams,1909.0,1977.0,2022-11-25,2022-11-27
1271,Nicholas,Nash,123829,222829,"Rockville, MD",MDTTC - Maryland Table Tennis Center,2022,2024-08-25,1870,2020-03-03,ACTIVE,2021 Joola North American Team,1777.0,1804.0,2021-11-26,2021-11-28
1271,Nicholas,Nash,123829,222829,"Rockville, MD",MDTTC - Maryland Table Tennis Center,2022,2024-08-25,1870,2020-03-03,ACTIVE,2019 JOOLA North American Teams,1501.0,1588.0,2019-11-29,2019-12-01
1271,Nicholas,Nash,123829,222829,"Rockville, MD",MDTTC - Maryland Table Tennis Center,2022,2024-08-25,1870,2020-03-03,ACTIVE,JOOLA North American Teams,1102.0,1100.0,2018-11-23,2018-11-25
1273,Mitch,Conroy,173263,1173263,"Jacksonville, AL",North East Alabama Table Tennis,2022,2024-07-07,0,,ACTIVE,2023 JOOLA North American Teams,1937.0,2034.0,2023-11-24,2023-11-26
1276,Qiang,Qiang,41759,85034,"Malvern, PA",,2021,2024-06-22,0,,ACTIVE,2023 JOOLA North American Teams,1971.0,2033.0,2023-11-24,2023-11-26
1277,Rei (Mike),Guo,168816,1168816,"King George, VA",Washington DC Table Tennis Center,2021,2024-08-04,0,,ACTIVE,2023 JOOLA North American Teams,1920.0,2026.0,2023-11-24,2023-11-26
1277,Rei (Mike),Guo,168816,1168816,"King George, VA",Washington DC Table Tennis Center,2021,2024-08-04,0,,ACTIVE,2022 JOOLA North American Teams,2006.0,1950.0,2022-11-25,2022-11-27
1277,Rei (Mike),Guo,168816,1168816,"King George, VA",Washington DC Table Tennis Center,2021,2024-08-04,0,,ACTIVE,2019 JOOLA North American Teams,0.0,1585.0,2019-11-29,2019-12-01
1279,Kaye,Chen,121824,220824,"Katy, TX",Houston International Table Tennis Academy (HITTA),2021,2024-08-11,2044,2022-08-27,ACTIVE,JOOLA North American Teams,863.0,1090.0,2018-11-23,2018-11-25
1281,Dell,Sweeris,7570,10415,"Caledonia, MI",Holland Table Tennis Club,2020,2022-12-21,2145,2016-02-01,ACTIVE,2016 JOOLA NA Teams,2147.0,2133.0,2016-11-25,2016-11-27
1281,Dell,Sweeris,7570,10415,"Caledonia, MI",Holland Table Tennis Club,2020,2022-12-21,2145,2016-02-01,ACTIVE,2015 JOOLA North American Teams Championships,2051.0,2075.0,2015-11-29,
1281,Dell,Sweeris,7570,10415,"Caledonia, MI",Holland Table Tennis Club,2020,2022-12-21,2145,2016-02-01,ACTIVE,North American Teams,2134.0,2129.0,2003-11-30,
1281,Dell,Sweeris,7570,10415,"Caledonia, MI",Holland Table Tennis Club,2020,2022-12-21,2145,2016-02-01,ACTIVE,1999 NA Teams 2,2061.0,2080.0,1999-11-28,
1289,Roberto,Byles,876,4615,"Humble, TX",Houston International Table Tennis Academy,2018,2024-08-11,2109,2024-06-22,ACTIVE,2014 JOOLA North American Teams Championships,2055.0,2271.0,2014-11-30,
1290,Risheetha,Bhagawatula,124797,223797,"Cary, NC",Carolina International Table Tennis Academy (CITTA),2018,2023-07-07,963,2018-06-26,ACTIVE,2022 JOOLA North American Teams,1989.0,2065.0,2022-11-25,2022-11-27
1290,Risheetha,Bhagawatula,124797,223797,"Cary, NC",Carolina International Table Tennis Academy (CITTA),2018,2023-07-07,963,2018-06-26,ACTIVE,2021 Joola North American Team,2061.0,2020.0,2021-11-26,2021-11-28
1290,Risheetha,Bhagawatula,124797,223797,"Cary, NC",Carolina International Table Tennis Academy (CITTA),2018,2023-07-07,963,2018-06-26,ACTIVE,2019 JOOLA North American Teams,1790.0,1874.0,2019-11-29,2019-12-01
1290,Risheetha,Bhagawatula,124797,223797,"Cary, NC",Carolina International Table Tennis Academy (CITTA),2018,2023-07-07,963,2018-06-26,ACTIVE,JOOLA North American Teams,1223.0,1431.0,2018-11-23,2018-11-25
1294,Ruijiao,Wang,171578,1171578,"Flushing, NY",New York Indoor Sports Club,2016,2024-07-28,0,,ACTIVE,2023 JOOLA North American Teams,1874.0,1861.0,2023-11-24,2023-11-26
1298,Eva,Liung,124243,223243,North Reading,,2015,2024-08-25,1983,2024-06-28,ACTIVE,2023 JOOLA North American Teams,1741.0,1733.0,2023-11-24,2023-11-26
1298,Eva,Liung,124243,223243,North Reading,,2015,2024-08-25,1983,2024-06-28,ACTIVE,2022 JOOLA North American Teams,1375.0,1483.0,2022-11-25,2022-11-27
1298,Eva,Liung,124243,223243,North Reading,,2015,2024-08-25,1983,2024-06-28,ACTIVE,2021 Joola North American Team,1359.0,1290.0,2021-11-26,2021-11-28
1298,Eva,Liung,124243,223243,North Reading,,2015,2024-08-25,1983,2024-06-28,ACTIVE,2019 JOOLA North American Teams,523.0,605.0,2019-11-29,2019-12-01
1298,Eva,Liung,124243,223243,North Reading,,2015,2024-08-25,1983,2024-06-28,ACTIVE,JOOLA North American Teams,0.0,202.0,2018-11-23,2018-11-25
1302,Thomas,Sawner,6832,71226,"Falls Church, VA",Northern VA Table Tennis Center (NOVATTC),2015,2023-04-30,1869,2014-10-27,ACTIVE,2022 JOOLA North American Teams,2064.0,2034.0,2022-11-25,2022-11-27
1302,Thomas,Sawner,6832,71226,"Falls Church, VA",Northern VA Table Tennis Center (NOVATTC),2015,2023-04-30,1869,2014-10-27,ACTIVE,2021 Joola North American Team,1927.0,2090.0,2021-11-26,2021-11-28
1302,Thomas,Sawner,6832,71226,"Falls Church, VA",Northern VA Table Tennis Center (NOVATTC),2015,2023-04-30,1869,2014-10-27,ACTIVE,2019 JOOLA North American Teams,1941.0,1936.0,2019-11-29,2019-12-01
1302,Thomas,Sawner,6832,71226,"Falls Church, VA",Northern VA Table Tennis Center (NOVATTC),2015,2023-04-30,1869,2014-10-27,ACTIVE,JOOLA North American Teams,2063.0,2040.0,2018-11-23,2018-11-25
1302,Thomas,Sawner,6832,71226,"Falls Church, VA",Northern VA Table Tennis Center (NOVATTC),2015,2023-04-30,1869,2014-10-27,ACTIVE,20th Annual North American Team Championship Powered By JOOLA,2040.0,2105.0,2017-11-24,2017-11-26
1302,Thomas,Sawner,6832,71226,"Falls Church, VA",Northern VA Table Tennis Center (NOVATTC),2015,2023-04-30,1869,2014-10-27,ACTIVE,2016 JOOLA NA Teams,1999.0,2040.0,2016-11-25,2016-11-27
1302,Thomas,Sawner,6832,71226,"Falls Church, VA",Northern VA Table Tennis Center (NOVATTC),2015,2023-04-30,1869,2014-10-27,ACTIVE,2015 JOOLA North American Teams Championships,2001.0,2015.0,2015-11-29,
1302,Thomas,Sawner,6832,71226,"Falls Church, VA",Northern VA Table Tennis Center (NOVATTC),2015,2023-04-30,1869,2014-10-27,ACTIVE,2014 JOOLA North American Teams Championships,1950.0,2027.0,2014-11-30,
1304,Jackie,Feng,20458,70467,"Ambler, PA",New Jersey Table Tennis Club,2015,2024-06-16,2111,2024-08-23,ACTIVE,2023 JOOLA North American Teams,2019.0,2023.0,2023-11-24,2023-11-26
1304,Jackie,Feng,20458,70467,"Ambler, PA",New Jersey Table Tennis Club,2015,2024-06-16,2111,2024-08-23,ACTIVE,2022 JOOLA North American Teams,1947.0,1996.0,2022-11-25,2022-11-27
1304,Jackie,Feng,20458,70467,"Ambler, PA",New Jersey Table Tennis Club,2015,2024-06-16,2111,2024-08-23,ACTIVE,2021 Joola North American Team,2102.0,2092.0,2021-11-26,2021-11-28
1304,Jackie,Feng,20458,70467,"Ambler, PA",New Jersey Table Tennis Club,2015,2024-06-16,2111,2024-08-23,ACTIVE,2019 JOOLA North American Teams,1934.0,1931.0,2019-11-29,2019-12-01
1304,Jackie,Feng,20458,70467,"Ambler, PA",New Jersey Table Tennis Club,2015,2024-06-16,2111,2024-08-23,ACTIVE,JOOLA North American Teams,2006.0,1986.0,2018-11-23,2018-11-25
1304,Jackie,Feng,20458,70467,"Ambler, PA",New Jersey Table Tennis Club,2015,2024-06-16,2111,2024-08-23,ACTIVE,20th Annual North American Team Championship Powered By JOOLA,1980.0,1980.0,2017-11-24,2017-11-26
1304,Jackie,Feng,20458,70467,"Ambler, PA",New Jersey Table Tennis Club,2015,2024-06-16,2111,2024-08-23,ACTIVE,2014 JOOLA North American Teams Championships,1989.0,1927.0,2014-11-30,
1310,Kaige,Liu,124047,223047,"Fremont, CA",,2014,2024-08-11,1760,2023-07-25,ACTIVE,2023 JOOLA North American Teams,2025.0,2072.0,2023-11-24,2023-11-26
1310,Kaige,Liu,124047,223047,"Fremont, CA",,2014,2024-08-11,1760,2023-07-25,ACTIVE,2022 JOOLA North American Teams,1889.0,1919.0,2022-11-25,2022-11-27
1310,Kaige,Liu,124047,223047,"Fremont, CA",,2014,2024-08-11,1760,2023-07-25,ACTIVE,2019 JOOLA North American Teams,1809.0,1886.0,2019-11-29,2019-12-01
1310,Kaige,Liu,124047,223047,"Fremont, CA",,2014,2024-08-11,1760,2023-07-25,ACTIVE,JOOLA North American Teams,1488.0,1507.0,2018-11-23,2018-11-25
1311,John,Olsen,5801,8825,"Annandale, VA",,2014,2018-06-17,1990,2013-06-16,ACTIVE,1998 North American Teams Cham,1723.0,1811.0,1998-11-29,
1322,Mauricio,Silva,175799,274799,"Brooklyn, NY",,2013,2024-08-25,2012,2024-07-30,ACTIVE,2023 JOOLA North American Teams,1969.0,2093.0,2023-11-24,2023-11-26
1322,Mauricio,Silva,175799,274799,"Brooklyn, NY",,2013,2024-08-25,2012,2024-07-30,ACTIVE,2022 JOOLA North American Teams,1900.0,1990.0,2022-11-25,2022-11-27
1323,Willy,Leparulo,4333,13012,"Tallahassee, FL",FSU Table Tennis ,2013,2023-05-28,1208,2016-10-25,ACTIVE,2019 JOOLA North American Teams,2013.0,2125.0,2019-11-29,2019-12-01
1323,Willy,Leparulo,4333,13012,"Tallahassee, FL",FSU Table Tennis ,2013,2023-05-28,1208,2016-10-25,ACTIVE,20th Annual North American Team Championship Powered By JOOLA,1973.0,2017.0,2017-11-24,2017-11-26
1323,Willy,Leparulo,4333,13012,"Tallahassee, FL",FSU Table Tennis ,2013,2023-05-28,1208,2016-10-25,ACTIVE,2016 JOOLA NA Teams,1970.0,1960.0,2016-11-25,2016-11-27
1323,Willy,Leparulo,4333,13012,"Tallahassee, FL",FSU Table Tennis ,2013,2023-05-28,1208,2016-10-25,ACTIVE,2015 JOOLA North American Teams Championships,2003.0,2025.0,2015-11-29,
1327,Dennis,Norman,5729,81196,"BOWIE, MD",Washington DC Table Tennis Center,2012,2018-03-02,1627,2016-04-17,ACTIVE,2016 JOOLA NA Teams,1988.0,2012.0,2016-11-25,2016-11-27
1327,Dennis,Norman,5729,81196,"BOWIE, MD",Washington DC Table Tennis Center,2012,2018-03-02,1627,2016-04-17,ACTIVE,2015 JOOLA North American Teams Championships,1963.0,1988.0,2015-11-29,
1328,Paul,Pashuku,5994,8954,"Chicago, IL",,2012,2022-05-29,2157,2013-04-18,ACTIVE,1999 NA Teams 2,2191.0,2310.0,1999-11-28,
1328,Paul,Pashuku,5994,8954,"Chicago, IL",,2012,2022-05-29,2157,2013-04-18,ACTIVE,1998 North American Teams Cham,2161.0,2195.0,1998-11-29,
1329,Jingting,Lin,175743,1175743,"Cambridge, MA",MIT Table Tennis Club,2012,2024-08-25,1976,2024-03-30,ACTIVE,2023 JOOLA North American Teams,1809.0,1947.0,2023-11-24,2023-11-26
1333,Michael,Lauro,4159,40239,"Little Rock, AR",Arkansas Table Tennis Academy,2011,2023-10-21,2083,2019-03-09,ACTIVE,20th Annual North American Team Championship Powered By JOOLA,2023.0,2083.0,2017-11-24,2017-11-26
1334,Saisamhitha,Kanchanapelly,123286,222286,"Cumming, GA",Wu Yue Table Tennis,2011,2023-02-28,0,,ACTIVE,2022 JOOLA North American Teams,2082.0,2103.0,2022-11-25,2022-11-27
1334,Saisamhitha,Kanchanapelly,123286,222286,"Cumming, GA",Wu Yue Table Tennis,2011,2023-02-28,0,,ACTIVE,2021 Joola North American Team,1919.0,1986.0,2021-11-26,2021-11-28
1334,Saisamhitha,Kanchanapelly,123286,222286,"Cumming, GA",Wu Yue Table Tennis,2011,2023-02-28,0,,ACTIVE,2019 JOOLA North American Teams,1761.0,1694.0,2019-11-29,2019-12-01
1334,Saisamhitha,Kanchanapelly,123286,222286,"Cumming, GA",Wu Yue Table Tennis,2011,2023-02-28,0,,ACTIVE,JOOLA North American Teams,1044.0,1040.0,2018-11-23,2018-11-25
1336,Voltaire,Benedicto,525,47919,"Redwood City, CA",ICC Table Tennis Center,2010,2024-04-21,2066,2024-06-29,ACTIVE,North American Teams,2207.0,2280.0,2003-11-30,
1339,Yifei,Fang,130956,229956,"Sugar Land, TX",,2010,2024-06-30,2055,2020-02-28,ACTIVE,2022 JOOLA North American Teams,2109.0,2087.0,2022-11-25,2022-11-27
1339,Yifei,Fang,130956,229956,"Sugar Land, TX",,2010,2024-06-30,2055,2020-02-28,ACTIVE,2019 JOOLA North American Teams,2041.0,2106.0,2019-11-29,2019-12-01
1340,Michael,Song,7315,94940,"Bayside, NY",Chinese Community Center of Flushing Inc,2010,2024-04-14,1769,2017-06-02,ACTIVE,2023 JOOLA North American Teams,2042.0,2061.0,2023-11-24,2023-11-26
1340,Michael,Song,7315,94940,"Bayside, NY",Chinese Community Center of Flushing Inc,2010,2024-04-14,1769,2017-06-02,ACTIVE,2022 JOOLA North American Teams,2026.0,1987.0,2022-11-25,2022-11-27
1340,Michael,Song,7315,94940,"Bayside, NY",Chinese Community Center of Flushing Inc,2010,2024-04-14,1769,2017-06-02,ACTIVE,2021 Joola North American Team,1986.0,1878.0,2021-11-26,2021-11-28
1340,Michael,Song,7315,94940,"Bayside, NY",Chinese Community Center of Flushing Inc,2010,2024-04-14,1769,2017-06-02,ACTIVE,2019 JOOLA North American Teams,1978.0,2030.0,2019-11-29,2019-12-01
1340,Michael,Song,7315,94940,"Bayside, NY",Chinese Community Center of Flushing Inc,2010,2024-04-14,1769,2017-06-02,ACTIVE,JOOLA North American Teams,1804.0,1929.0,2018-11-23,2018-11-25
1340,Michael,Song,7315,94940,"Bayside, NY",Chinese Community Center of Flushing Inc,2010,2024-04-14,1769,2017-06-02,ACTIVE,20th Annual North American Team Championship Powered By JOOLA,1714.0,1850.0,2017-11-24,2017-11-26
1340,Michael,Song,7315,94940,"Bayside, NY",Chinese Community Center of Flushing Inc,2010,2024-04-14,1769,2017-06-02,ACTIVE,2016 JOOLA NA Teams,1705.0,1682.0,2016-11-25,2016-11-27
1340,Michael,Song,7315,94940,"Bayside, NY",Chinese Community Center of Flushing Inc,2010,2024-04-14,1769,2017-06-02,ACTIVE,2015 JOOLA North American Teams Championships,1100.0,1257.0,2015-11-29,
1340,Michael,Song,7315,94940,"Bayside, NY",Chinese Community Center of Flushing Inc,2010,2024-04-14,1769,2017-06-02,ACTIVE,2014 JOOLA North American Teams Championships,489.0,449.0,2014-11-30,
1346,Stu,Kroll,3962,7429,"Port Washington, NY",,2008,2018-03-02,2098,2020-01-17,ACTIVE,2014 JOOLA North American Teams Championships,2007.0,2076.0,2014-11-30,
1357,Maria,Tran,7874,94680,"Oklahoma City, OK",Oklahoma City Table Tennis Club,2007,2023-07-07,2055,2022-10-15,ACTIVE,JOOLA North American Teams,1565.0,1691.0,2018-11-23,2018-11-25
1358,Aaryan,Chaudhary,171982,1171982,Basking Ridge,,2007,2024-08-11,1924,2024-09-06,ACTIVE,2023 JOOLA North American Teams,1766.0,1851.0,2023-11-24,2023-11-26
1358,Aaryan,Chaudhary,171982,1171982,Basking Ridge,,2007,2024-08-11,1924,2024-09-06,ACTIVE,2022 JOOLA North American Teams,1401.0,1535.0,2022-11-25,2022-11-27
1358,Aaryan,Chaudhary,171982,1171982,Basking Ridge,,2007,2024-08-11,1924,2024-09-06,ACTIVE,2021 Joola North American Team,812.0,1234.0,2021-11-26,2021-11-28
1359,Jean-Augustin,Touton,115918,214918,"New York, NY",PINGPOD,2007,2024-04-14,1879,2023-01-16,ACTIVE,2023 JOOLA North American Teams,2032.0,2174.0,2023-11-24,2023-11-26
1359,Jean-Augustin,Touton,115918,214918,"New York, NY",PINGPOD,2007,2024-04-14,1879,2023-01-16,ACTIVE,2022 JOOLA North American Teams,1847.0,1913.0,2022-11-25,2022-11-27
1359,Jean-Augustin,Touton,115918,214918,"New York, NY",PINGPOD,2007,2024-04-14,1879,2023-01-16,ACTIVE,20th Annual North American Team Championship Powered By JOOLA,1602.0,1581.0,2017-11-24,2017-11-26
1360,Sourish,Ghosh,168665,1168665,"Longmont, CO",DenverPong,2007,2024-08-25,0,,ACTIVE,2023 JOOLA North American Teams,2022.0,2039.0,2023-11-24,2023-11-26
1364,Greg,Kerkow,3704,41837,"Kailua-Kona, HI",Big Island Table Tennis Association,2006,2018-03-02,1850,2013-03-23,ACTIVE,1999 NA Teams 2,1936.0,1860.0,1999-11-28,
1365,Wilfredo,Aponte Pomales,178817,277817,"Jersey City, NJ",PINGPOD,2006,2024-04-14,1973,2024-09-03,ACTIVE,2023 JOOLA North American Teams,1965.0,2031.0,2023-11-24,2023-11-26
1367,Songchen,Xia,102349,98325,"Brooklyn, NY",,2006,2024-04-28,2160,2024-05-06,ACTIVE,2023 JOOLA North American Teams,1828.0,1973.0,2023-11-24,2023-11-26
1367,Songchen,Xia,102349,98325,"Brooklyn, NY",,2006,2024-04-28,2160,2024-05-06,ACTIVE,2022 JOOLA North American Teams,1779.0,1802.0,2022-11-25,2022-11-27
1368,Marcus,Yao,132147,1132147,"Basking Ridge, NJ",Lily Yip Table Tennis Center,2005,2024-06-16,2161,2024-09-06,ACTIVE,2023 JOOLA North American Teams,1917.0,2038.0,2023-11-24,2023-11-26
1368,Marcus,Yao,132147,1132147,"Basking Ridge, NJ",Lily Yip Table Tennis Center,2005,2024-06-16,2161,2024-09-06,ACTIVE,2022 JOOLA North American Teams,2023.0,1876.0,2022-11-25,2022-11-27
1368,Marcus,Yao,132147,1132147,"Basking Ridge, NJ",Lily Yip Table Tennis Center,2005,2024-06-16,2161,2024-09-06,ACTIVE,2021 Joola North American Team,1616.0,1643.0,2021-11-26,2021-11-28
1372,Sophie,Wu,8645,93483,"San Diego, CA",Learning Tree Table Tennis Club,2005,2024-04-28,1982,2024-03-15,ACTIVE,2023 JOOLA North American Teams,1954.0,2045.0,2023-11-24,2023-11-26
1373,Conrado,Garza,116953,215953,"Austin, TX",Austin Table Tennis Club,2005,2023-09-16,1905,2024-08-21,ACTIVE,2019 JOOLA North American Teams,1852.0,1939.0,2019-11-29,2019-12-01
1373,Conrado,Garza,116953,215953,"Austin, TX",Austin Table Tennis Club,2005,2023-09-16,1905,2024-08-21,ACTIVE,JOOLA North American Teams,1853.0,1842.0,2018-11-23,2018-11-25
1374,Venkateraman,Gangaikondan Ramasubiramanian,177140,276140,,,2005,2023-11-26,0,,ACTIVE,2023 JOOLA North American Teams,1912.0,2005.0,2023-11-24,2023-11-26
1374,Venkateraman,Gangaikondan Ramasubiramanian,177140,276140,,,2005,2023-11-26,0,,ACTIVE,2022 JOOLA North American Teams,0.0,1933.0,2022-11-25,2022-11-27
1376,Ishan,Jain,27009,126009,"Austin, TX",,2004,2024-07-07,1883,2023-01-18,ACTIVE,2023 JOOLA North American Teams,1973.0,1989.0,2023-11-24,2023-11-26
1376,Ishan,Jain,27009,126009,"Austin, TX",,2004,2024-07-07,1883,2023-01-18,ACTIVE,2022 JOOLA North American Teams,1870.0,2001.0,2022-11-25,2022-11-27
1376,Ishan,Jain,27009,126009,"Austin, TX",,2004,2024-07-07,1883,2023-01-18,ACTIVE,2021 Joola North American Team,1872.0,1817.0,2021-11-26,2021-11-28
1376,Ishan,Jain,27009,126009,"Austin, TX",,2004,2024-07-07,1883,2023-01-18,ACTIVE,2019 JOOLA North American Teams,1864.0,1810.0,2019-11-29,2019-12-01
1376,Ishan,Jain,27009,126009,"Austin, TX",,2004,2024-07-07,1883,2023-01-18,ACTIVE,JOOLA North American Teams,1842.0,1892.0,2018-11-23,2018-11-25
1381,Jintao,Lee,174330,1174330,"Fuquay Varina, NC",Carolina International Table Tennis Academy (CITTA),2003,2024-08-11,0,,ACTIVE,2023 JOOLA North American Teams,1603.0,1375.0,2023-11-24,2023-11-26
1381,Jintao,Lee,174330,1174330,"Fuquay Varina, NC",Carolina International Table Tennis Academy (CITTA),2003,2024-08-11,0,,ACTIVE,2022 JOOLA North American Teams,1092.0,1258.0,2022-11-25,2022-11-27
1387,Felipe,Osorio,5854,84726,"White Plains, NY",Westchester Table Tennis Center,2002,2024-04-14,1929,2022-03-13,ACTIVE,2023 JOOLA North American Teams,1874.0,1958.0,2023-11-24,2023-11-26
1387,Felipe,Osorio,5854,84726,"White Plains, NY",Westchester Table Tennis Center,2002,2024-04-14,1929,2022-03-13,ACTIVE,2019 JOOLA North American Teams,1938.0,1898.0,2019-11-29,2019-12-01
1387,Felipe,Osorio,5854,84726,"White Plains, NY",Westchester Table Tennis Center,2002,2024-04-14,1929,2022-03-13,ACTIVE,JOOLA North American Teams,1921.0,1951.0,2018-11-23,2018-11-25
1390,Joe,Griffis,2638,6276,"Richmond, VA",,2001,2018-03-02,0,,ACTIVE,North American Teams,2071.0,2084.0,2003-11-30,
1390,Joe,Griffis,2638,6276,"Richmond, VA",,2001,2018-03-02,0,,ACTIVE,1999 NA Teams 2,1980.0,2081.0,1999-11-28,
1390,Joe,Griffis,2638,6276,"Richmond, VA",,2001,2018-03-02,0,,ACTIVE,1998 North American Teams Cham,2135.0,1980.0,1998-11-29,
1395,Samuel,Leon,122260,221260,Coral Springs,,2000,2024-08-24,0,,ACTIVE,2019 JOOLA North American Teams,1394.0,1657.0,2019-11-29,2019-12-01
1396,Abhishek,Dhawan,168874,267874,"Piscataway, NJ",,2000,2024-02-04,2091,2024-09-06,ACTIVE,2023 JOOLA North American Teams,1957.0,1996.0,2023-11-24,2023-11-26
1398,Yuanhao,Li,118360,217360,"Pittsburgh, PA",,1999,2024-07-28,1934,2022-11-21,ACTIVE,2023 JOOLA North American Teams,1904.0,1925.0,2023-11-24,2023-11-26
1398,Yuanhao,Li,118360,217360,"Pittsburgh, PA",,1999,2024-07-28,1934,2022-11-21,ACTIVE,2021 Joola North American Team,1722.0,1843.0,2021-11-26,2021-11-28
1398,Yuanhao,Li,118360,217360,"Pittsburgh, PA",,1999,2024-07-28,1934,2022-11-21,ACTIVE,2019 JOOLA North American Teams,1570.0,1607.0,2019-11-29,2019-12-01
1401,Phong,Ho,3049,50220,"Portland, OR",,1998,2019-12-01,2026,2014-08-08,ACTIVE,2019 JOOLA North American Teams,2115.0,1998.0,2019-11-29,2019-12-01
1403,Ben,Sheng,7042,65000,"Boston, MA",Boston Table Tennis Center,1997,2023-11-26,2080,2020-02-11,ACTIVE,2023 JOOLA North American Teams,1989.0,1997.0,2023-11-24,2023-11-26
1403,Ben,Sheng,7042,65000,"Boston, MA",Boston Table Tennis Center,1997,2023-11-26,2080,2020-02-11,ACTIVE,2022 JOOLA North American Teams,1959.0,1988.0,2022-11-25,2022-11-27
1403,Ben,Sheng,7042,65000,"Boston, MA",Boston Table Tennis Center,1997,2023-11-26,2080,2020-02-11,ACTIVE,2021 Joola North American Team,2082.0,1945.0,2021-11-26,2021-11-28
1403,Ben,Sheng,7042,65000,"Boston, MA",Boston Table Tennis Center,1997,2023-11-26,2080,2020-02-11,ACTIVE,2014 JOOLA North American Teams Championships,2002.0,2028.0,2014-11-30,
1403,Ben,Sheng,7042,65000,"Boston, MA",Boston Table Tennis Center,1997,2023-11-26,2080,2020-02-11,ACTIVE,North American Teams,1855.0,1911.0,2003-11-30,
1416,Fumiaki,Funama,176248,275248,"Knoxville, TN",Knoxville Table Tennis Club,1994,2024-04-06,0,,ACTIVE,2023 JOOLA North American Teams,1995.0,2054.0,2023-11-24,2023-11-26
1422,Xinrui,Yang,173898,272898,"Bellevue, WA",Seattle Pacific Table Tennis Club,1993,2024-04-28,1872,2024-09-07,ACTIVE,2022 JOOLA North American Teams,1699.0,1990.0,2022-11-25,2022-11-27
1425,Audrey,Yang,171736,1171736,"Herndon, VA",MDTTC - Maryland Table Tennis Center,1993,2024-06-16,0,,ACTIVE,2023 JOOLA North American Teams,1777.0,1865.0,2023-11-24,2023-11-26
1425,Audrey,Yang,171736,1171736,"Herndon, VA",MDTTC - Maryland Table Tennis Center,1993,2024-06-16,0,,ACTIVE,2022 JOOLA North American Teams,1328.0,1477.0,2022-11-25,2022-11-27
1425,Audrey,Yang,171736,1171736,"Herndon, VA",MDTTC - Maryland Table Tennis Center,1993,2024-06-16,0,,ACTIVE,2021 Joola North American Team,991.0,1308.0,2021-11-26,2021-11-28
1426,Hung,Ho,3044,81276,"Happy Valley, OR",Portland Table Tennis Club,1993,2019-12-01,2095,2014-08-08,ACTIVE,2019 JOOLA North American Teams,2004.0,1993.0,2019-11-29,2019-12-01
1427,Swar,Patel,164695,263695,"Round Rock, TX",Austin Table Tennis Club,1992,2024-08-31,1901,2024-05-15,ACTIVE,2023 JOOLA North American Teams,1907.0,1910.0,2023-11-24,2023-11-26
1427,Swar,Patel,164695,263695,"Round Rock, TX",Austin Table Tennis Club,1992,2024-08-31,1901,2024-05-15,ACTIVE,2022 JOOLA North American Teams,1635.0,1753.0,2022-11-25,2022-11-27
1427,Swar,Patel,164695,263695,"Round Rock, TX",Austin Table Tennis Club,1992,2024-08-31,1901,2024-05-15,ACTIVE,2021 Joola North American Team,1184.0,853.0,2021-11-26,2021-11-28
1428,Xiaotian,Lu,4772,83849,"Oakton, VA",,1992,2024-03-31,1828,2014-05-11,ACTIVE,2023 JOOLA North American Teams,2074.0,1982.0,2023-11-24,2023-11-26
1428,Xiaotian,Lu,4772,83849,"Oakton, VA",,1992,2024-03-31,1828,2014-05-11,ACTIVE,2022 JOOLA North American Teams,2062.0,2074.0,2022-11-25,2022-11-27
1428,Xiaotian,Lu,4772,83849,"Oakton, VA",,1992,2024-03-31,1828,2014-05-11,ACTIVE,2019 JOOLA North American Teams,2040.0,2062.0,2019-11-29,2019-12-01
1428,Xiaotian,Lu,4772,83849,"Oakton, VA",,1992,2024-03-31,1828,2014-05-11,ACTIVE,JOOLA North American Teams,1937.0,2040.0,2018-11-23,2018-11-25
1429,Dan,Shao,163864,262864,"Philadelphia, PA",,1991,2024-06-16,2064,2024-07-12,ACTIVE,2023 JOOLA North American Teams,2034.0,2061.0,2023-11-24,2023-11-26
1431,Gary,Pentecost,6072,72715,"Durham, NC",Triangle Badminton & Table Tennis,1991,2018-03-02,0,,ACTIVE,2016 JOOLA NA Teams,1990.0,1991.0,2016-11-25,2016-11-27
1433,Joseph,Kim,29211,73206,"New York, NY",NYTTF,1990,2024-08-25,2015,2024-07-05,ACTIVE,2023 JOOLA North American Teams,1966.0,2005.0,2023-11-24,2023-11-26
1433,Joseph,Kim,29211,73206,"New York, NY",NYTTF,1990,2024-08-25,2015,2024-07-05,ACTIVE,2022 JOOLA North American Teams,2132.0,2023.0,2022-11-25,2022-11-27
1433,Joseph,Kim,29211,73206,"New York, NY",NYTTF,1990,2024-08-25,2015,2024-07-05,ACTIVE,2014 JOOLA North American Teams Championships,2015.0,2053.0,2014-11-30,
1434,Nirali,Maniar Gandhi,103991,202991,"Lexington, MA",Westford Table Tennis Club,1990,2024-07-07,0,,ACTIVE,2019 JOOLA North American Teams,1888.0,2008.0,2019-11-29,2019-12-01
1434,Nirali,Maniar Gandhi,103991,202991,"Lexington, MA",Westford Table Tennis Club,1990,2024-07-07,0,,ACTIVE,JOOLA North American Teams,1817.0,1928.0,2018-11-23,2018-11-25
1438,Ronald,Yu,8930,32315,"Yorba Linda, CA",,1990,2024-06-09,1874,2024-06-07,ACTIVE,2023 JOOLA North American Teams,2006.0,2092.0,2023-11-24,2023-11-26
1438,Ronald,Yu,8930,32315,"Yorba Linda, CA",,1990,2024-06-09,1874,2024-06-07,ACTIVE,2022 JOOLA North American Teams,2033.0,2074.0,2022-11-25,2022-11-27
1440,Bill,Kochenderfer,3871,74416,"Beaverton, OR",Peace and Pong at Portland Table Tennis Club,1989,2024-02-25,1956,2024-01-29,ACTIVE,2021 Joola North American Team,1977.0,2015.0,2021-11-26,2021-11-28
1446,Aditya,Chirayath,171089,270089,"Cedar Park, TX",,1988,2024-08-31,1865,2024-08-28,ACTIVE,2023 JOOLA North American Teams,1762.0,1810.0,2023-11-24,2023-11-26
1446,Aditya,Chirayath,171089,270089,"Cedar Park, TX",,1988,2024-08-31,1865,2024-08-28,ACTIVE,2022 JOOLA North American Teams,1516.0,1651.0,2022-11-25,2022-11-27
1446,Aditya,Chirayath,171089,270089,"Cedar Park, TX",,1988,2024-08-31,1865,2024-08-28,ACTIVE,2021 Joola North American Team,910.0,1094.0,2021-11-26,2021-11-28
1452,Sixing,Zheng,102725,201725,"Brownsburg, IN",,1986,2024-08-11,1897,2024-08-26,ACTIVE,2023 JOOLA North American Teams,1980.0,2028.0,2023-11-24,2023-11-26
1452,Sixing,Zheng,102725,201725,"Brownsburg, IN",,1986,2024-08-11,1897,2024-08-26,ACTIVE,2022 JOOLA North American Teams,1999.0,2088.0,2022-11-25,2022-11-27
1455,Brad,Letourneau,4347,94133,"Lakewood, CO",,1986,2024-08-04,0,,ACTIVE,20th Annual North American Team Championship Powered By JOOLA,2011.0,1958.0,2017-11-24,2017-11-26
1459,Aiden,Liang,166517,265517,"San Jose, CA",Super Spin Table Tennis Club,1985,2024-08-04,1910,2024-08-11,ACTIVE,2023 JOOLA North American Teams,1809.0,1880.0,2023-11-24,2023-11-26
1461,Emma,Yang,171846,270846,"Whippany, NJ",Matchpoint Table Tennis Center NJ,1984,2024-07-07,1480,2023-01-06,ACTIVE,2023 JOOLA North American Teams,1848.0,1931.0,2023-11-24,2023-11-26
1461,Emma,Yang,171846,270846,"Whippany, NJ",Matchpoint Table Tennis Center NJ,1984,2024-07-07,1480,2023-01-06,ACTIVE,2022 JOOLA North American Teams,1441.0,1605.0,2022-11-25,2022-11-27
1461,Emma,Yang,171846,270846,"Whippany, NJ",Matchpoint Table Tennis Center NJ,1984,2024-07-07,1480,2023-01-06,ACTIVE,2021 Joola North American Team,857.0,864.0,2021-11-26,2021-11-28
1466,Randy,Hou,3124,20092,"Houston, TX",,1983,2024-08-11,2160,2024-05-05,ACTIVE,2016 JOOLA NA Teams,2157.0,2227.0,2016-11-25,2016-11-27
1469,Shehroze,Aamer,172005,1172005,"Pleasantville, NY",Westchester Table Tennis Center,1983,2024-08-25,0,,ACTIVE,2023 JOOLA North American Teams,1801.0,1900.0,2023-11-24,2023-11-26
1469,Shehroze,Aamer,172005,1172005,"Pleasantville, NY",Westchester Table Tennis Center,1983,2024-08-25,0,,ACTIVE,2022 JOOLA North American Teams,1764.0,1751.0,2022-11-25,2022-11-27
1473,Mark Ben,Weber,8372,10964,"Richmond, IN",,1982,2018-03-02,0,,ACTIVE,North American Teams,1817.0,1918.0,2003-11-30,
1473,Mark Ben,Weber,8372,10964,"Richmond, IN",,1982,2018-03-02,0,,ACTIVE,1999 NA Teams 2,1806.0,1854.0,1999-11-28,
1473,Mark Ben,Weber,8372,10964,"Richmond, IN",,1982,2018-03-02,0,,ACTIVE,1998 North American Teams Cham,1808.0,1846.0,1998-11-29,
1475,Ray,Wang,164101,263101,"Chester Springs, PA",,1981,2023-11-26,1480,2019-06-11,ACTIVE,2023 JOOLA North American Teams,1758.0,1981.0,2023-11-24,2023-11-26
1475,Ray,Wang,164101,263101,"Chester Springs, PA",,1981,2023-11-26,1480,2019-06-11,ACTIVE,2019 JOOLA North American Teams,1638.0,1669.0,2019-11-29,2019-12-01
1480,Ahan,Beniwal,172883,271883,"Redmond, WA",888 Table Tennis Center,1979,2024-07-07,2063,2024-07-20,ACTIVE,2023 JOOLA North American Teams,1766.0,1876.0,2023-11-24,2023-11-26
1480,Ahan,Beniwal,172883,271883,"Redmond, WA",888 Table Tennis Center,1979,2024-07-07,2063,2024-07-20,ACTIVE,2022 JOOLA North American Teams,1145.0,1189.0,2022-11-25,2022-11-27
1481,Harry,He,2903,81571,"Hoover, AL",BIRMINGHAM HOMETOWN TABLE TENNIS CLUB,1979,2024-07-07,0,,ACTIVE,2023 JOOLA North American Teams,2013.0,1993.0,2023-11-24,2023-11-26
1481,Harry,He,2903,81571,"Hoover, AL",BIRMINGHAM HOMETOWN TABLE TENNIS CLUB,1979,2024-07-07,0,,ACTIVE,2022 JOOLA North American Teams,2130.0,2011.0,2022-11-25,2022-11-27
1482,Dennis S.,Cobb Sr,1394,30032,"Grand Blanc, MI",Davison Athletic Club,1979,2023-05-06,2177,2009-09-20,ACTIVE,1998 North American Teams Cham,2050.0,1960.0,1998-11-29,
1484,Thomas,Yost,8887,14987,"Evans, OH",,1979,2024-08-18,2057,2024-05-19,ACTIVE,JOOLA North American Teams,1995.0,1933.0,2018-11-23,2018-11-25
1484,Thomas,Yost,8887,14987,"Evans, OH",,1979,2024-08-18,2057,2024-05-19,ACTIVE,North American Teams,2072.0,2075.0,2003-11-30,
1484,Thomas,Yost,8887,14987,"Evans, OH",,1979,2024-08-18,2057,2024-05-19,ACTIVE,1999 NA Teams 2,1915.0,1874.0,1999-11-28,
1484,Thomas,Yost,8887,14987,"Evans, OH",,1979,2024-08-18,2057,2024-05-19,ACTIVE,1998 North American Teams Cham,1677.0,1575.0,1998-11-29,
1488,Arcot,Naresh,5519,81883,"Lisle, IL",Experior Table Tennis Club,1978,2024-07-07,2027,2021-10-16,ACTIVE,JOOLA North American Teams,1999.0,2059.0,2018-11-23,2018-11-25
1488,Arcot,Naresh,5519,81883,"Lisle, IL",Experior Table Tennis Club,1978,2024-07-07,2027,2021-10-16,ACTIVE,20th Annual North American Team Championship Powered By JOOLA,2011.0,2026.0,2017-11-24,2017-11-26
1490,Samik,Ajikutira,164823,1164823,"WESTFORD, MA",Westford Table Tennis Club,1978,2024-07-28,0,,ACTIVE,2022 JOOLA North American Teams,1895.0,1989.0,2022-11-25,2022-11-27
1490,Samik,Ajikutira,164823,1164823,"WESTFORD, MA",Westford Table Tennis Club,1978,2024-07-28,0,,ACTIVE,2021 Joola North American Team,1587.0,1565.0,2021-11-26,2021-11-28
1494,Sunil,Bandapally,402,83332,"Phoenix, AZ",Phoenix Table Tennis Club,1977,2024-08-18,2048,2023-08-07,ACTIVE,2023 JOOLA North American Teams,2001.0,2051.0,2023-11-24,2023-11-26
1495,Kurtison,Lynch,34002,58927,"Brooklyn, NY",,1977,2024-08-18,0,,ACTIVE,2023 JOOLA North American Teams,1936.0,1951.0,2023-11-24,2023-11-26
1495,Kurtison,Lynch,34002,58927,"Brooklyn, NY",,1977,2024-08-18,0,,ACTIVE,2022 JOOLA North American Teams,2017.0,1913.0,2022-11-25,2022-11-27
1495,Kurtison,Lynch,34002,58927,"Brooklyn, NY",,1977,2024-08-18,0,,ACTIVE,North American Teams,2202.0,2070.0,2003-11-30,
1495,Kurtison,Lynch,34002,58927,"Brooklyn, NY",,1977,2024-08-18,0,,ACTIVE,1999 NA Teams 2,2119.0,1998.0,1999-11-28,
1495,Kurtison,Lynch,34002,58927,"Brooklyn, NY",,1977,2024-08-18,0,,ACTIVE,1998 North American Teams Cham,2138.0,2126.0,1998-11-29,
1502,Kai,Song,168402,267402,"Austin, TX",Northern VA Table Tennis Center (NOVATTC),1975,2024-08-31,1860,2024-07-03,ACTIVE,2023 JOOLA North American Teams,1885.0,1938.0,2023-11-24,2023-11-26
1505,Vince,Coley,16720,73259,"Toronto, CAN",,1974,2023-11-26,0,,ACTIVE,2023 JOOLA North American Teams,2058.0,1974.0,2023-11-24,2023-11-26
1505,Vince,Coley,16720,73259,"Toronto, CAN",,1974,2023-11-26,0,,ACTIVE,2019 JOOLA North American Teams,1971.0,2058.0,2019-11-29,2019-12-01
1505,Vince,Coley,16720,73259,"Toronto, CAN",,1974,2023-11-26,0,,ACTIVE,JOOLA North American Teams,2021.0,1971.0,2018-11-23,2018-11-25
1505,Vince,Coley,16720,73259,"Toronto, CAN",,1974,2023-11-26,0,,ACTIVE,20th Annual North American Team Championship Powered By JOOLA,2089.0,2022.0,2017-11-24,2017-11-26
1505,Vince,Coley,16720,73259,"Toronto, CAN",,1974,2023-11-26,0,,ACTIVE,2016 JOOLA NA Teams,2010.0,2094.0,2016-11-25,2016-11-27
1505,Vince,Coley,16720,73259,"Toronto, CAN",,1974,2023-11-26,0,,ACTIVE,2015 JOOLA North American Teams Championships,2035.0,2010.0,2015-11-29,
1505,Vince,Coley,16720,73259,"Toronto, CAN",,1974,2023-11-26,0,,ACTIVE,2014 JOOLA North American Teams Championships,2002.0,2035.0,2014-11-30,
1506,James,Winn,53134,60903,"Fishers, IN",IndyPong TTC,1974,2023-05-28,1856,2023-06-05,ACTIVE,2021 Joola North American Team,1876.0,1843.0,2021-11-26,2021-11-28
1507,Jonathan,Lamp,4106,72970,"Ashland, KY",,1973,2023-11-19,0,,ACTIVE,20th Annual North American Team Championship Powered By JOOLA,1928.0,1879.0,2017-11-24,2017-11-26
1509,Kevin,Yang,121984,220984,"Chatham, NJ",,1973,2024-08-25,2017,2024-08-29,ACTIVE,2019 JOOLA North American Teams,1591.0,1644.0,2019-11-29,2019-12-01
1509,Kevin,Yang,121984,220984,"Chatham, NJ",,1973,2024-08-25,2017,2024-08-29,ACTIVE,JOOLA North American Teams,1149.0,1292.0,2018-11-23,2018-11-25
1509,Kevin,Yang,121984,220984,"Chatham, NJ",,1973,2024-08-25,2017,2024-08-29,ACTIVE,20th Annual North American Team Championship Powered By JOOLA,0.0,279.0,2017-11-24,2017-11-26
1510,Adam,Brown,13217,46356,"Pelham, AL",,1973,2024-05-04,2095,2007-12-10,ACTIVE,1999 NA Teams 2,1911.0,2009.0,1999-11-28,
1510,Adam,Brown,13217,46356,"Pelham, AL",,1973,2024-05-04,2095,2007-12-10,ACTIVE,1998 North American Teams Cham,1762.0,1925.0,1998-11-29,
1515,John,Wetzler,52663,11058,"York, PA",,1972,2024-06-01,2146,2012-06-17,ACTIVE,2022 JOOLA North American Teams,2064.0,2108.0,2022-11-25,2022-11-27
1515,John,Wetzler,52663,11058,"York, PA",,1972,2024-06-01,2146,2012-06-17,ACTIVE,JOOLA North American Teams,2064.0,2079.0,2018-11-23,2018-11-25
1515,John,Wetzler,52663,11058,"York, PA",,1972,2024-06-01,2146,2012-06-17,ACTIVE,20th Annual North American Team Championship Powered By JOOLA,2158.0,2156.0,2017-11-24,2017-11-26
1515,John,Wetzler,52663,11058,"York, PA",,1972,2024-06-01,2146,2012-06-17,ACTIVE,2015 JOOLA North American Teams Championships,2255.0,2255.0,2015-11-29,
1515,John,Wetzler,52663,11058,"York, PA",,1972,2024-06-01,2146,2012-06-17,ACTIVE,2014 JOOLA North American Teams Championships,2203.0,2332.0,2014-11-30,
1515,John,Wetzler,52663,11058,"York, PA",,1972,2024-06-01,2146,2012-06-17,ACTIVE,North American Teams,2226.0,2277.0,2003-11-30,
1515,John,Wetzler,52663,11058,"York, PA",,1972,2024-06-01,2146,2012-06-17,ACTIVE,1999 NA Teams 2,2124.0,2282.0,1999-11-28,
1515,John,Wetzler,52663,11058,"York, PA",,1972,2024-06-01,2146,2012-06-17,ACTIVE,1998 North American Teams Cham,2142.0,2151.0,1998-11-29,
1516,Carlos,Williams,52927,29841,"Brooklyn, NY",,1972,2023-11-26,0,,ACTIVE,2023 JOOLA North American Teams,1983.0,1972.0,2023-11-24,2023-11-26
1516,Carlos,Williams,52927,29841,"Brooklyn, NY",,1972,2023-11-26,0,,ACTIVE,2015 JOOLA North American Teams Championships,1952.0,1983.0,2015-11-29,
1516,Carlos,Williams,52927,29841,"Brooklyn, NY",,1972,2023-11-26,0,,ACTIVE,2014 JOOLA North American Teams Championships,1922.0,1952.0,2014-11-30,
1520,Krish,Balaji,171107,1171107,"Marietta, GA",Atlanta International Table Tennis Academy,1971,2024-08-18,0,,ACTIVE,2023 JOOLA North American Teams,1718.0,1869.0,2023-11-24,2023-11-26
1520,Krish,Balaji,171107,1171107,"Marietta, GA",Atlanta International Table Tennis Academy,1971,2024-08-18,0,,ACTIVE,2022 JOOLA North American Teams,1402.0,1490.0,2022-11-25,2022-11-27
1521,David,Zhou,55932,28109,"Sicklerville, NJ",,1971,2018-03-02,1986,2020-03-05,ACTIVE,North American Teams,1897.0,1891.0,2003-11-30,
1527,Aansh,Jha,112738,211738,"Lexington, MA",Westford Table Tennis Club,1970,2024-07-28,1335,2017-08-22,ACTIVE,2023 JOOLA North American Teams,1892.0,1888.0,2023-11-24,2023-11-26
1527,Aansh,Jha,112738,211738,"Lexington, MA",Westford Table Tennis Club,1970,2024-07-28,1335,2017-08-22,ACTIVE,2022 JOOLA North American Teams,1859.0,1899.0,2022-11-25,2022-11-27
1527,Aansh,Jha,112738,211738,"Lexington, MA",Westford Table Tennis Club,1970,2024-07-28,1335,2017-08-22,ACTIVE,JOOLA North American Teams,1120.0,1384.0,2018-11-23,2018-11-25
1531,Aarav,Jahagirdar,176610,1176610,"Alpharetta, GA",Atlanta International Table Tennis Academy,1969,2024-08-18,0,,ACTIVE,2023 JOOLA North American Teams,1773.0,1904.0,2023-11-24,2023-11-26
1531,Aarav,Jahagirdar,176610,1176610,"Alpharetta, GA",Atlanta International Table Tennis Academy,1969,2024-08-18,0,,ACTIVE,2022 JOOLA North American Teams,1016.0,1050.0,2022-11-25,2022-11-27
1538,Winnie,Yeung,8860,96338,"Sunnyvale, CA",(TTA) Table Tennis America,1966,2024-01-27,1785,2024-05-19,ACTIVE,JOOLA North American Teams,1777.0,1871.0,2018-11-23,2018-11-25
1542,Ernesto Ryuki,Kawamoto,3660,3072,"Madison, AL",,1965,2018-03-02,0,,ACTIVE,1998 North American Teams Cham,1869.0,2010.0,1998-11-29,
1548,Gideon,Teitel,7715,75508,"New York, NY",King Pong in Soho,1964,2020-10-25,2160,2020-02-28,ACTIVE,2019 JOOLA North American Teams,1992.0,1989.0,2019-11-29,2019-12-01
1548,Gideon,Teitel,7715,75508,"New York, NY",King Pong in Soho,1964,2020-10-25,2160,2020-02-28,ACTIVE,JOOLA North American Teams,1953.0,2049.0,2018-11-23,2018-11-25
1548,Gideon,Teitel,7715,75508,"New York, NY",King Pong in Soho,1964,2020-10-25,2160,2020-02-28,ACTIVE,20th Annual North American Team Championship Powered By JOOLA,1938.0,2072.0,2017-11-24,2017-11-26
1548,Gideon,Teitel,7715,75508,"New York, NY",King Pong in Soho,1964,2020-10-25,2160,2020-02-28,ACTIVE,2016 JOOLA NA Teams,1954.0,2023.0,2016-11-25,2016-11-27
1548,Gideon,Teitel,7715,75508,"New York, NY",King Pong in Soho,1964,2020-10-25,2160,2020-02-28,ACTIVE,2015 JOOLA North American Teams Championships,1940.0,2034.0,2015-11-29,
1548,Gideon,Teitel,7715,75508,"New York, NY",King Pong in Soho,1964,2020-10-25,2160,2020-02-28,ACTIVE,2014 JOOLA North American Teams Championships,1823.0,1729.0,2014-11-30,
1552,David,Sakai,6741,9668,"Bowie, MD",Las Vegas Table Tennis,1963,2023-12-21,2142,2015-08-09,ACTIVE,JOOLA North American Teams,2073.0,2056.0,2018-11-23,2018-11-25
1552,David,Sakai,6741,9668,"Bowie, MD",Las Vegas Table Tennis,1963,2023-12-21,2142,2015-08-09,ACTIVE,North American Teams,2174.0,2178.0,2003-11-30,
1552,David,Sakai,6741,9668,"Bowie, MD",Las Vegas Table Tennis,1963,2023-12-21,2142,2015-08-09,ACTIVE,1999 NA Teams 2,2205.0,2300.0,1999-11-28,
1552,David,Sakai,6741,9668,"Bowie, MD",Las Vegas Table Tennis,1963,2023-12-21,2142,2015-08-09,ACTIVE,1998 North American Teams Cham,2294.0,2281.0,1998-11-29,
1558,H. Richard,Hicks,2996,6642,"Indianapolis, IN",,1962,2019-12-01,2093,2008-09-03,ACTIVE,2019 JOOLA North American Teams,1894.0,1962.0,2019-11-29,2019-12-01
1558,H. Richard,Hicks,2996,6642,"Indianapolis, IN",,1962,2019-12-01,2093,2008-09-03,ACTIVE,JOOLA North American Teams,2032.0,1939.0,2018-11-23,2018-11-25
1558,H. Richard,Hicks,2996,6642,"Indianapolis, IN",,1962,2019-12-01,2093,2008-09-03,ACTIVE,20th Annual North American Team Championship Powered By JOOLA,1961.0,2061.0,2017-11-24,2017-11-26
1558,H. Richard,Hicks,2996,6642,"Indianapolis, IN",,1962,2019-12-01,2093,2008-09-03,ACTIVE,2016 JOOLA NA Teams,2005.0,1910.0,2016-11-25,2016-11-27
1558,H. Richard,Hicks,2996,6642,"Indianapolis, IN",,1962,2019-12-01,2093,2008-09-03,ACTIVE,2014 JOOLA North American Teams Championships,2053.0,2114.0,2014-11-30,
1558,H. Richard,Hicks,2996,6642,"Indianapolis, IN",,1962,2019-12-01,2093,2008-09-03,ACTIVE,North American Teams,2231.0,2316.0,2003-11-30,
1558,H. Richard,Hicks,2996,6642,"Indianapolis, IN",,1962,2019-12-01,2093,2008-09-03,ACTIVE,1999 NA Teams 2,2156.0,2376.0,1999-11-28,
1558,H. Richard,Hicks,2996,6642,"Indianapolis, IN",,1962,2019-12-01,2093,2008-09-03,ACTIVE,1998 North American Teams Cham,2217.0,2184.0,1998-11-29,
1559,Asif,ud-Doula,7990,72967,"Dalton, PA",Scranton Area Table Tennis Association,1961,2022-11-27,2064,2020-02-21,ACTIVE,2022 JOOLA North American Teams,1986.0,1961.0,2022-11-25,2022-11-27
1559,Asif,ud-Doula,7990,72967,"Dalton, PA",Scranton Area Table Tennis Association,1961,2022-11-27,2064,2020-02-21,ACTIVE,2019 JOOLA North American Teams,1979.0,1986.0,2019-11-29,2019-12-01
1559,Asif,ud-Doula,7990,72967,"Dalton, PA",Scranton Area Table Tennis Association,1961,2022-11-27,2064,2020-02-21,ACTIVE,JOOLA North American Teams,1981.0,1979.0,2018-11-23,2018-11-25
1559,Asif,ud-Doula,7990,72967,"Dalton, PA",Scranton Area Table Tennis Association,1961,2022-11-27,2064,2020-02-21,ACTIVE,2015 JOOLA North American Teams Championships,2046.0,2011.0,2015-11-29,
1559,Asif,ud-Doula,7990,72967,"Dalton, PA",Scranton Area Table Tennis Association,1961,2022-11-27,2064,2020-02-21,ACTIVE,2014 JOOLA North American Teams Championships,1944.0,2079.0,2014-11-30,
1561,David,Rudesill,43673,2730,"Lakewood, CO",DenverPong,1961,2024-03-09,1883,2013-09-15,ACTIVE,2023 JOOLA North American Teams,1994.0,1997.0,2023-11-24,2023-11-26
1561,David,Rudesill,43673,2730,"Lakewood, CO",DenverPong,1961,2024-03-09,1883,2013-09-15,ACTIVE,1999 NA Teams 2,2063.0,2018.0,1999-11-28,
1561,David,Rudesill,43673,2730,"Lakewood, CO",DenverPong,1961,2024-03-09,1883,2013-09-15,ACTIVE,1998 North American Teams Cham,1966.0,2039.0,1998-11-29,
1564,Leonel,Valle,174832,1174832,,,1961,2024-04-14,0,,ACTIVE,2022 JOOLA North American Teams,1432.0,1606.0,2022-11-25,2022-11-27
1570,Jerry,Zhang,124480,223480,"Pearland, TX",,1959,2024-07-07,2031,2023-11-04,ACTIVE,2023 JOOLA North American Teams,2036.0,2096.0,2023-11-24,2023-11-26
1570,Jerry,Zhang,124480,223480,"Pearland, TX",,1959,2024-07-07,2031,2023-11-04,ACTIVE,2022 JOOLA North American Teams,2022.0,2075.0,2022-11-25,2022-11-27
1570,Jerry,Zhang,124480,223480,"Pearland, TX",,1959,2024-07-07,2031,2023-11-04,ACTIVE,2021 Joola North American Team,1913.0,2070.0,2021-11-26,2021-11-28
1574,Nathan,Britt,130850,229850,"Kennesaw, GA",East Cobb Sports Table Tennis,1958,2024-08-18,0,,ACTIVE,2023 JOOLA North American Teams,1809.0,1897.0,2023-11-24,2023-11-26
1574,Nathan,Britt,130850,229850,"Kennesaw, GA",East Cobb Sports Table Tennis,1958,2024-08-18,0,,ACTIVE,2022 JOOLA North American Teams,1777.0,1765.0,2022-11-25,2022-11-27
1580,Charlene Xiaoying,Liu,4596,51422,"Clarksburg, MD",Washington DC Table Tennis Center,1958,2019-07-05,1980,2021-07-17,ACTIVE,2016 JOOLA NA Teams,2011.0,2014.0,2016-11-25,2016-11-27
1580,Charlene Xiaoying,Liu,4596,51422,"Clarksburg, MD",Washington DC Table Tennis Center,1958,2019-07-05,1980,2021-07-17,ACTIVE,2015 JOOLA North American Teams Championships,2005.0,2012.0,2015-11-29,
1580,Charlene Xiaoying,Liu,4596,51422,"Clarksburg, MD",Washington DC Table Tennis Center,1958,2019-07-05,1980,2021-07-17,ACTIVE,2014 JOOLA North American Teams Championships,2010.0,2040.0,2014-11-30,
1580,Charlene Xiaoying,Liu,4596,51422,"Clarksburg, MD",Washington DC Table Tennis Center,1958,2019-07-05,1980,2021-07-17,ACTIVE,North American Teams,2038.0,2024.0,2003-11-30,
1580,Charlene Xiaoying,Liu,4596,51422,"Clarksburg, MD",Washington DC Table Tennis Center,1958,2019-07-05,1980,2021-07-17,ACTIVE,1999 NA Teams 2,1881.0,2019.0,1999-11-28,
1580,Charlene Xiaoying,Liu,4596,51422,"Clarksburg, MD",Washington DC Table Tennis Center,1958,2019-07-05,1980,2021-07-17,ACTIVE,1998 North American Teams Cham,1919.0,1928.0,1998-11-29,
1583,Daniel,Anteneh,174545,1174545,"Silver Spring, MD",MDTTC - Maryland Table Tennis Center,1957,2024-08-25,0,,ACTIVE,2023 JOOLA North American Teams,1736.0,1798.0,2023-11-24,2023-11-26
1583,Daniel,Anteneh,174545,1174545,"Silver Spring, MD",MDTTC - Maryland Table Tennis Center,1957,2024-08-25,0,,ACTIVE,2022 JOOLA North American Teams,1198.0,1220.0,2022-11-25,2022-11-27
1585,Olin,Rupchin,176480,1176480,Dobbs Ferry,,1956,2024-08-25,0,,ACTIVE,2023 JOOLA North American Teams,1888.0,1939.0,2023-11-24,2023-11-26
1585,Olin,Rupchin,176480,1176480,Dobbs Ferry,,1956,2024-08-25,0,,ACTIVE,2022 JOOLA North American Teams,1094.0,1442.0,2022-11-25,2022-11-27
1586,David Wesley,Albright,101,3818,"Richmond, VA",,1956,2018-03-02,1906,2021-06-30,ACTIVE,1999 NA Teams 2,1878.0,1766.0,1999-11-28,
1590,andrey,farkash,20291,14336,"staten island, NY",Lily Yip Table Tennis Center,1955,2021-05-08,1889,2023-05-29,ACTIVE,20th Annual North American Team Championship Powered By JOOLA,1923.0,2010.0,2017-11-24,2017-11-26
1591,Douglas Yi,Li,32091,59160,"North Haledon, NJ",,1955,2023-10-22,2060,2023-12-21,ACTIVE,2016 JOOLA NA Teams,2101.0,1944.0,2016-11-25,2016-11-27
1591,Douglas Yi,Li,32091,59160,"North Haledon, NJ",,1955,2023-10-22,2060,2023-12-21,ACTIVE,North American Teams,2055.0,2043.0,2003-11-30,
1591,Douglas Yi,Li,32091,59160,"North Haledon, NJ",,1955,2023-10-22,2060,2023-12-21,ACTIVE,1999 NA Teams 2,1779.0,1934.0,1999-11-28,
1592,Marcelo,Alava,94,93312,"New York, NY",Westchester Table Tennis Center,1955,2024-02-25,0,,ACTIVE,20th Annual North American Team Championship Powered By JOOLA,1964.0,2054.0,2017-11-24,2017-11-26
1599,Donald,Garlanger,21806,6001,"Maple Shade, NJ",,1954,2022-11-27,1973,2021-08-05,ACTIVE,2022 JOOLA North American Teams,1981.0,1954.0,2022-11-25,2022-11-27
1599,Donald,Garlanger,21806,6001,"Maple Shade, NJ",,1954,2022-11-27,1973,2021-08-05,ACTIVE,2019 JOOLA North American Teams,2111.0,1981.0,2019-11-29,2019-12-01
1599,Donald,Garlanger,21806,6001,"Maple Shade, NJ",,1954,2022-11-27,1973,2021-08-05,ACTIVE,North American Teams,2112.0,2111.0,2003-11-30,
1603,Jonathan,Hirata,3032,70449,"New York, NY",King Pong in Soho,1954,2024-07-28,1893,2024-07-30,ACTIVE,2023 JOOLA North American Teams,1985.0,1930.0,2023-11-24,2023-11-26
1603,Jonathan,Hirata,3032,70449,"New York, NY",King Pong in Soho,1954,2024-07-28,1893,2024-07-30,ACTIVE,2014 JOOLA North American Teams Championships,1916.0,1956.0,2014-11-30,
1605,Garth,Jordan,27862,60362,"Tampa, FL",,1953,2023-07-09,1915,2005-01-16,ACTIVE,2021 Joola North American Team,2003.0,1894.0,2021-11-26,2021-11-28
1605,Garth,Jordan,27862,60362,"Tampa, FL",,1953,2023-07-09,1915,2005-01-16,ACTIVE,2016 JOOLA NA Teams,1988.0,2027.0,2016-11-25,2016-11-27
1605,Garth,Jordan,27862,60362,"Tampa, FL",,1953,2023-07-09,1915,2005-01-16,ACTIVE,2014 JOOLA North American Teams Championships,2031.0,2088.0,2014-11-30,
1615,Avighn,Pinninti,176113,275113,"Robbinsville, NJ","Princeton Pong, LLC",1952,2024-08-25,1879,2024-05-17,ACTIVE,2023 JOOLA North American Teams,1441.0,1637.0,2023-11-24,2023-11-26
1617,Emely,Alvarado,174938,1174938,,,1951,2024-04-14,0,,ACTIVE,2023 JOOLA North American Teams,1792.0,1899.0,2023-11-24,2023-11-26
1620,Lei,Wu,116151,215151,"Huntersville, NC",Charlotte Table Tennis Club,1951,2023-10-22,2110,2023-08-31,ACTIVE,2021 Joola North American Team,1941.0,1957.0,2021-11-26,2021-11-28
1621,Jason,Hodak,104122,203122,"Durham, NC",Triangle Badminton & Table Tennis,1951,2023-01-29,0,,ACTIVE,2022 JOOLA North American Teams,1957.0,1945.0,2022-11-25,2022-11-27
1621,Jason,Hodak,104122,203122,"Durham, NC",Triangle Badminton & Table Tennis,1951,2023-01-29,0,,ACTIVE,2021 Joola North American Team,1948.0,1905.0,2021-11-26,2021-11-28
1621,Jason,Hodak,104122,203122,"Durham, NC",Triangle Badminton & Table Tennis,1951,2023-01-29,0,,ACTIVE,2019 JOOLA North American Teams,1728.0,1805.0,2019-11-29,2019-12-01
1626,Amir,Khan,3728,85897,"New Milford, NJ",,1950,2024-08-11,2097,2024-08-02,ACTIVE,2023 JOOLA North American Teams,1897.0,2033.0,2023-11-24,2023-11-26
1626,Amir,Khan,3728,85897,"New Milford, NJ",,1950,2024-08-11,2097,2024-08-02,ACTIVE,2022 JOOLA North American Teams,1946.0,1995.0,2022-11-25,2022-11-27
1626,Amir,Khan,3728,85897,"New Milford, NJ",,1950,2024-08-11,2097,2024-08-02,ACTIVE,2021 Joola North American Team,1924.0,2017.0,2021-11-26,2021-11-28
1626,Amir,Khan,3728,85897,"New Milford, NJ",,1950,2024-08-11,2097,2024-08-02,ACTIVE,2019 JOOLA North American Teams,1883.0,2060.0,2019-11-29,2019-12-01
1626,Amir,Khan,3728,85897,"New Milford, NJ",,1950,2024-08-11,2097,2024-08-02,ACTIVE,JOOLA North American Teams,1913.0,1919.0,2018-11-23,2018-11-25
1627,Nobuyuki,Shiogai,7090,26208,"Parker, CO",Sky High Table Tennis Club,1950,2023-12-21,2013,2009-04-16,ACTIVE,2023 JOOLA North American Teams,1981.0,1917.0,2023-11-24,2023-11-26
1627,Nobuyuki,Shiogai,7090,26208,"Parker, CO",Sky High Table Tennis Club,1950,2023-12-21,2013,2009-04-16,ACTIVE,2019 JOOLA North American Teams,2065.0,1956.0,2019-11-29,2019-12-01
1627,Nobuyuki,Shiogai,7090,26208,"Parker, CO",Sky High Table Tennis Club,1950,2023-12-21,2013,2009-04-16,ACTIVE,JOOLA North American Teams,1955.0,2065.0,2018-11-23,2018-11-25
1627,Nobuyuki,Shiogai,7090,26208,"Parker, CO",Sky High Table Tennis Club,1950,2023-12-21,2013,2009-04-16,ACTIVE,20th Annual North American Team Championship Powered By JOOLA,1983.0,1993.0,2017-11-24,2017-11-26
1627,Nobuyuki,Shiogai,7090,26208,"Parker, CO",Sky High Table Tennis Club,1950,2023-12-21,2013,2009-04-16,ACTIVE,2016 JOOLA NA Teams,1956.0,1984.0,2016-11-25,2016-11-27
1627,Nobuyuki,Shiogai,7090,26208,"Parker, CO",Sky High Table Tennis Club,1950,2023-12-21,2013,2009-04-16,ACTIVE,2015 JOOLA North American Teams Championships,1973.0,1996.0,2015-11-29,
1628,Daniel,Mcginnis,35524,87690,"Ames, IA",Iowa State University Table Tennis Club,1950,2024-07-07,1609,2022-07-31,ACTIVE,2022 JOOLA North American Teams,1888.0,1915.0,2022-11-25,2022-11-27
1631,Marty,Reisman,66609,9393,"New York, NY",,1949,2018-03-02,0,,ACTIVE,1999 NA Teams 2,2031.0,2030.0,1999-11-28,
1632,Hugo,Su,7478,13014,"Miami, FL","Broward Table Tennis Club, Inc.",1949,2019-06-23,0,,ACTIVE,1998 North American Teams Cham,1948.0,1907.0,1998-11-29,
1635,Jacob,Younce,54868,95653,"Daphne, AL",,1948,2024-07-07,2026,2023-07-01,ACTIVE,JOOLA North American Teams,1770.0,1752.0,2018-11-23,2018-11-25
1635,Jacob,Younce,54868,95653,"Daphne, AL",,1948,2024-07-07,2026,2023-07-01,ACTIVE,20th Annual North American Team Championship Powered By JOOLA,1621.0,1780.0,2017-11-24,2017-11-26
1636,Alvin,Chen,1120,89725,"Bayside, NY",,1948,2024-06-01,1813,2017-07-08,ACTIVE,2015 JOOLA North American Teams Championships,1721.0,1739.0,2015-11-29,
1636,Alvin,Chen,1120,89725,"Bayside, NY",,1948,2024-06-01,1813,2017-07-08,ACTIVE,2014 JOOLA North American Teams Championships,1549.0,1594.0,2014-11-30,
1638,Samuel,Smith,46708,43687,"Mc Kinney, TX",,1948,2024-08-31,2165,2015-01-03,ACTIVE,2019 JOOLA North American Teams,2132.0,2141.0,2019-11-29,2019-12-01
1638,Samuel,Smith,46708,43687,"Mc Kinney, TX",,1948,2024-08-31,2165,2015-01-03,ACTIVE,North American Teams,2235.0,2280.0,2003-11-30,
1638,Samuel,Smith,46708,43687,"Mc Kinney, TX",,1948,2024-08-31,2165,2015-01-03,ACTIVE,1999 NA Teams 2,2228.0,2182.0,1999-11-28,
1638,Samuel,Smith,46708,43687,"Mc Kinney, TX",,1948,2024-08-31,2165,2015-01-03,ACTIVE,1998 North American Teams Cham,2131.0,2173.0,1998-11-29,
1641,Frank,Tang,7659,11198,"Williamsville, NY",,1948,2024-02-18,0,,ACTIVE,1998 North American Teams Cham,0.0,2029.0,1998-11-29,
1642,Oscar,Ramirez,42173,26440,"Gaithersburg * *, MD",,1947,2018-03-02,0,,ACTIVE,North American Teams,1863.0,1870.0,2003-11-30,
1645,Kangjian,Shao,173520,1173520,Bryn Mawr,,1946,2024-06-16,0,,ACTIVE,2023 JOOLA North American Teams,1892.0,1984.0,2023-11-24,2023-11-26
1647,Ananya,Khuntia,170985,269985,"Aurora, CO",DenverPong,1946,2024-07-07,1764,2024-02-23,ACTIVE,2023 JOOLA North American Teams,1744.0,1767.0,2023-11-24,2023-11-26
1647,Ananya,Khuntia,170985,269985,"Aurora, CO",DenverPong,1946,2024-07-07,1764,2024-02-23,ACTIVE,2022 JOOLA North American Teams,1405.0,1468.0,2022-11-25,2022-11-27
1648,Daniel,Moon,5379,78855,"Schwenksville, PA",PingPod Philadelphia,1945,2024-08-04,1858,2024-08-27,ACTIVE,2022 JOOLA North American Teams,1912.0,1870.0,2022-11-25,2022-11-27
1650,Amy,Zhao,177191,276191,,,1945,2024-06-30,0,,ACTIVE,2023 JOOLA North American Teams,1580.0,1776.0,2023-11-24,2023-11-26
1650,Amy,Zhao,177191,276191,,,1945,2024-06-30,0,,ACTIVE,2022 JOOLA North American Teams,0.0,1672.0,2022-11-25,2022-11-27
1653,Raga,Avanasi,121152,220152,Hillsborough,,1945,2024-04-06,0,,ACTIVE,2022 JOOLA North American Teams,1859.0,1831.0,2022-11-25,2022-11-27
1653,Raga,Avanasi,121152,220152,Hillsborough,,1945,2024-04-06,0,,ACTIVE,2021 Joola North American Team,1630.0,1784.0,2021-11-26,2021-11-28
1656,Alexander,Zubatov,9190,73922,"New York, NY",,1945,2023-11-26,0,,ACTIVE,2023 JOOLA North American Teams,2022.0,1945.0,2023-11-24,2023-11-26
1656,Alexander,Zubatov,9190,73922,"New York, NY",,1945,2023-11-26,0,,ACTIVE,2022 JOOLA North American Teams,1966.0,2022.0,2022-11-25,2022-11-27
1656,Alexander,Zubatov,9190,73922,"New York, NY",,1945,2023-11-26,0,,ACTIVE,2019 JOOLA North American Teams,2036.0,1876.0,2019-11-29,2019-12-01
1656,Alexander,Zubatov,9190,73922,"New York, NY",,1945,2023-11-26,0,,ACTIVE,2016 JOOLA NA Teams,1954.0,2036.0,2016-11-25,2016-11-27
1656,Alexander,Zubatov,9190,73922,"New York, NY",,1945,2023-11-26,0,,ACTIVE,2015 JOOLA North American Teams Championships,1907.0,1954.0,2015-11-29,
1656,Alexander,Zubatov,9190,73922,"New York, NY",,1945,2023-11-26,0,,ACTIVE,2014 JOOLA North American Teams Championships,1936.0,1907.0,2014-11-30,
1661,Scott,Barone,452,60127,"Davison, MI",Michigan Table Tennis Academy,1944,2024-02-25,1952,2014-06-14,ACTIVE,North American Teams,2005.0,1950.0,2003-11-30,
1662,Justin,Chen,172757,271757,"Charlottesville, VA",,1944,2024-05-05,0,,ACTIVE,2023 JOOLA North American Teams,1656.0,1656.0,2023-11-24,2023-11-26
1662,Justin,Chen,172757,271757,"Charlottesville, VA",,1944,2024-05-05,0,,ACTIVE,2022 JOOLA North American Teams,1477.0,1637.0,2022-11-25,2022-11-27
1668,Wai M.,Wong,8570,45824,"Santa Clara, CA",N,1943,2024-07-07,1952,2024-07-19,ACTIVE,2014 JOOLA North American Teams Championships,2056.0,2165.0,2014-11-30,
1671,Quan,Ho,25254,92055,"Henrico, VA",,1942,2024-04-07,0,,ACTIVE,2023 JOOLA North American Teams,1747.0,1966.0,2023-11-24,2023-11-26
1673,Terry,Kissinger,3828,22874,"Silver Spring, MD",,1942,2022-11-27,2067,2018-11-16,ACTIVE,2022 JOOLA North American Teams,1992.0,1942.0,2022-11-25,2022-11-27
1673,Terry,Kissinger,3828,22874,"Silver Spring, MD",,1942,2022-11-27,2067,2018-11-16,ACTIVE,2021 Joola North American Team,1975.0,1992.0,2021-11-26,2021-11-28
1673,Terry,Kissinger,3828,22874,"Silver Spring, MD",,1942,2022-11-27,2067,2018-11-16,ACTIVE,2019 JOOLA North American Teams,1978.0,1975.0,2019-11-29,2019-12-01
1673,Terry,Kissinger,3828,22874,"Silver Spring, MD",,1942,2022-11-27,2067,2018-11-16,ACTIVE,JOOLA North American Teams,1895.0,1978.0,2018-11-23,2018-11-25
1673,Terry,Kissinger,3828,22874,"Silver Spring, MD",,1942,2022-11-27,2067,2018-11-16,ACTIVE,20th Annual North American Team Championship Powered By JOOLA,2044.0,1895.0,2017-11-24,2017-11-26
1673,Terry,Kissinger,3828,22874,"Silver Spring, MD",,1942,2022-11-27,2067,2018-11-16,ACTIVE,2016 JOOLA NA Teams,2005.0,2044.0,2016-11-25,2016-11-27
1673,Terry,Kissinger,3828,22874,"Silver Spring, MD",,1942,2022-11-27,2067,2018-11-16,ACTIVE,2015 JOOLA North American Teams Championships,1973.0,2005.0,2015-11-29,
1673,Terry,Kissinger,3828,22874,"Silver Spring, MD",,1942,2022-11-27,2067,2018-11-16,ACTIVE,2014 JOOLA North American Teams Championships,1973.0,1973.0,2014-11-30,
1676,Stephen,Hochman,3066,6696,"Westminster, MD",Baltimore Table Tennis Club,1941,2024-07-06,1960,2011-05-20,ACTIVE,2016 JOOLA NA Teams,1922.0,1954.0,2016-11-25,2016-11-27
1687,Ruibin,Chen,177213,276213,,,1938,2023-11-26,1838,2023-08-29,ACTIVE,2023 JOOLA North American Teams,1787.0,1938.0,2023-11-24,2023-11-26
1697,Derek,Wang,172858,1172858,"Belle Mead, NJ",Topspin Table Tennis Club,1936,2024-08-25,1969,2024-08-23,ACTIVE,2023 JOOLA North American Teams,1631.0,1814.0,2023-11-24,2023-11-26
1697,Derek,Wang,172858,1172858,"Belle Mead, NJ",Topspin Table Tennis Club,1936,2024-08-25,1969,2024-08-23,ACTIVE,2022 JOOLA North American Teams,1164.0,1318.0,2022-11-25,2022-11-27
1697,Derek,Wang,172858,1172858,"Belle Mead, NJ",Topspin Table Tennis Club,1936,2024-08-25,1969,2024-08-23,ACTIVE,2021 Joola North American Team,213.0,629.0,2021-11-26,2021-11-28
1701,Kailyn,Cruz,173761,1173761,Utuado,,1936,2024-04-14,1501,2023-02-11,ACTIVE,2022 JOOLA North American Teams,1567.0,1786.0,2022-11-25,2022-11-27
1705,Eric,Wei,166079,1166079,"Hillsborough, NJ",Topspin Table Tennis Club,1935,2023-11-26,503,2020-02-28,ACTIVE,2023 JOOLA North American Teams,1910.0,1935.0,2023-11-24,2023-11-26
1705,Eric,Wei,166079,1166079,"Hillsborough, NJ",Topspin Table Tennis Club,1935,2023-11-26,503,2020-02-28,ACTIVE,2022 JOOLA North American Teams,1673.0,1775.0,2022-11-25,2022-11-27
1705,Eric,Wei,166079,1166079,"Hillsborough, NJ",Topspin Table Tennis Club,1935,2023-11-26,503,2020-02-28,ACTIVE,2021 Joola North American Team,1329.0,1548.0,2021-11-26,2021-11-28
1705,Eric,Wei,166079,1166079,"Hillsborough, NJ",Topspin Table Tennis Club,1935,2023-11-26,503,2020-02-28,ACTIVE,2019 JOOLA North American Teams,460.0,633.0,2019-11-29,2019-12-01
1706,Varin,Chandra,170751,1170751,"Highlands Ranch, CO",Mile High Table Tennis Academy,1935,2024-08-04,1901,2024-05-24,ACTIVE,2023 JOOLA North American Teams,1680.0,1812.0,2023-11-24,2023-11-26
1706,Varin,Chandra,170751,1170751,"Highlands Ranch, CO",Mile High Table Tennis Academy,1935,2024-08-04,1901,2024-05-24,ACTIVE,2022 JOOLA North American Teams,1462.0,1391.0,2022-11-25,2022-11-27
1706,Varin,Chandra,170751,1170751,"Highlands Ranch, CO",Mile High Table Tennis Academy,1935,2024-08-04,1901,2024-05-24,ACTIVE,2021 Joola North American Team,985.0,1063.0,2021-11-26,2021-11-28
1707,Shishir,Mahajan,98089,197089,"Santa Clara, CA",Stickman Skills Center,1934,2024-03-03,1749,2024-08-18,ACTIVE,2023 JOOLA North American Teams,1849.0,1934.0,2023-11-24,2023-11-26
1708,Siddharth,Vadlamani,8021,92810,"Austin, TX",Austin Table Tennis Club,1934,2024-07-27,1586,2024-07-31,ACTIVE,JOOLA North American Teams,1547.0,1613.0,2018-11-23,2018-11-25
1708,Siddharth,Vadlamani,8021,92810,"Austin, TX",Austin Table Tennis Club,1934,2024-07-27,1586,2024-07-31,ACTIVE,20th Annual North American Team Championship Powered By JOOLA,1503.0,1648.0,2017-11-24,2017-11-26
1711,Patrick,Engel,19861,86114,"Zionsville, IN",IndyPong TTC,1934,2024-05-05,1807,2024-03-04,ACTIVE,2023 JOOLA North American Teams,1945.0,1935.0,2023-11-24,2023-11-26
1711,Patrick,Engel,19861,86114,"Zionsville, IN",IndyPong TTC,1934,2024-05-05,1807,2024-03-04,ACTIVE,2022 JOOLA North American Teams,1880.0,1949.0,2022-11-25,2022-11-27
1711,Patrick,Engel,19861,86114,"Zionsville, IN",IndyPong TTC,1934,2024-05-05,1807,2024-03-04,ACTIVE,2021 Joola North American Team,1794.0,1817.0,2021-11-26,2021-11-28
1711,Patrick,Engel,19861,86114,"Zionsville, IN",IndyPong TTC,1934,2024-05-05,1807,2024-03-04,ACTIVE,2019 JOOLA North American Teams,1816.0,1826.0,2019-11-29,2019-12-01
1711,Patrick,Engel,19861,86114,"Zionsville, IN",IndyPong TTC,1934,2024-05-05,1807,2024-03-04,ACTIVE,JOOLA North American Teams,1797.0,1759.0,2018-11-23,2018-11-25
1724,Max,Liu,171887,270887,"florham Park, NJ",Matchpoint Table Tennis Center NJ,1932,2024-08-25,2070,2024-09-06,ACTIVE,2023 JOOLA North American Teams,1850.0,1942.0,2023-11-24,2023-11-26
1724,Max,Liu,171887,270887,"florham Park, NJ",Matchpoint Table Tennis Center NJ,1932,2024-08-25,2070,2024-09-06,ACTIVE,2022 JOOLA North American Teams,1636.0,1814.0,2022-11-25,2022-11-27
1724,Max,Liu,171887,270887,"florham Park, NJ",Matchpoint Table Tennis Center NJ,1932,2024-08-25,2070,2024-09-06,ACTIVE,2021 Joola North American Team,948.0,914.0,2021-11-26,2021-11-28
1724,Max,Liu,171887,270887,"florham Park, NJ",Matchpoint Table Tennis Center NJ,1932,2024-08-25,2070,2024-09-06,ACTIVE,2019 JOOLA North American Teams,0.0,77.0,2019-11-29,2019-12-01
1728,Danica,Huang,175371,1175371,"Cupertino, CA",,1931,2024-09-02,1830,2024-09-08,ACTIVE,2023 JOOLA North American Teams,1860.0,1997.0,2023-11-24,2023-11-26
1734,Kevin,Lewis,122342,221342,"Brooklyn, NY",,1931,2024-03-31,1927,2024-09-03,ACTIVE,2022 JOOLA North American Teams,1926.0,1936.0,2022-11-25,2022-11-27
1737,Daniel,Wang,51764,54488,"Weehawken, NJ",PingPod-HiTT - Jersey City,1930,2024-06-30,1824,2024-06-18,ACTIVE,1999 NA Teams 2,1743.0,1905.0,1999-11-28,
1738,Pranam,Acharya,165260,1165260,"Carmel, IN",SpinBlock Table Tennis Center,1930,2024-08-11,1884,2024-03-25,ACTIVE,2022 JOOLA North American Teams,2030.0,2062.0,2022-11-25,2022-11-27
1740,Aaron,Zhang,119476,218476,"Potomac, MD",MDTTC - Maryland Table Tennis Center,1930,2024-03-02,1887,2024-03-30,ACTIVE,2023 JOOLA North American Teams,1810.0,1913.0,2023-11-24,2023-11-26
1740,Aaron,Zhang,119476,218476,"Potomac, MD",MDTTC - Maryland Table Tennis Center,1930,2024-03-02,1887,2024-03-30,ACTIVE,2022 JOOLA North American Teams,1878.0,1792.0,2022-11-25,2022-11-27
1740,Aaron,Zhang,119476,218476,"Potomac, MD",MDTTC - Maryland Table Tennis Center,1930,2024-03-02,1887,2024-03-30,ACTIVE,2021 Joola North American Team,1562.0,1729.0,2021-11-26,2021-11-28
1740,Aaron,Zhang,119476,218476,"Potomac, MD",MDTTC - Maryland Table Tennis Center,1930,2024-03-02,1887,2024-03-30,ACTIVE,2019 JOOLA North American Teams,1013.0,1523.0,2019-11-29,2019-12-01
1740,Aaron,Zhang,119476,218476,"Potomac, MD",MDTTC - Maryland Table Tennis Center,1930,2024-03-02,1887,2024-03-30,ACTIVE,JOOLA North American Teams,796.0,1013.0,2018-11-23,2018-11-25
1741,Zhuqing,Li,116019,215019,"ROCKVILLE, MD",MDTTC - Maryland Table Tennis Center,1929,2023-11-26,1759,2019-12-27,ACTIVE,2023 JOOLA North American Teams,1992.0,1929.0,2023-11-24,2023-11-26
1741,Zhuqing,Li,116019,215019,"ROCKVILLE, MD",MDTTC - Maryland Table Tennis Center,1929,2023-11-26,1759,2019-12-27,ACTIVE,JOOLA North American Teams,1725.0,1716.0,2018-11-23,2018-11-25
1741,Zhuqing,Li,116019,215019,"ROCKVILLE, MD",MDTTC - Maryland Table Tennis Center,1929,2023-11-26,1759,2019-12-27,ACTIVE,20th Annual North American Team Championship Powered By JOOLA,1754.0,1725.0,2017-11-24,2017-11-26
1741,Zhuqing,Li,116019,215019,"ROCKVILLE, MD",MDTTC - Maryland Table Tennis Center,1929,2023-11-26,1759,2019-12-27,ACTIVE,2016 JOOLA NA Teams,0.0,1754.0,2016-11-25,2016-11-27
1745,Yanyu,Xie,116584,215584,"Mooresville, NC",Georgia Tech Table Tennis Association,1928,2023-12-17,2020,2023-05-18,ACTIVE,2023 JOOLA North American Teams,2026.0,2024.0,2023-11-24,2023-11-26
1745,Yanyu,Xie,116584,215584,"Mooresville, NC",Georgia Tech Table Tennis Association,1928,2023-12-17,2020,2023-05-18,ACTIVE,2022 JOOLA North American Teams,2014.0,2045.0,2022-11-25,2022-11-27
1745,Yanyu,Xie,116584,215584,"Mooresville, NC",Georgia Tech Table Tennis Association,1928,2023-12-17,2020,2023-05-18,ACTIVE,2021 Joola North American Team,1849.0,1904.0,2021-11-26,2021-11-28
1745,Yanyu,Xie,116584,215584,"Mooresville, NC",Georgia Tech Table Tennis Association,1928,2023-12-17,2020,2023-05-18,ACTIVE,2019 JOOLA North American Teams,1801.0,1881.0,2019-11-29,2019-12-01
1747,Clark,Cui,178906,277906,"Newmarket, FN",Table Tennis and More Inc.,1928,2024-06-30,0,,ACTIVE,2023 JOOLA North American Teams,1723.0,1793.0,2023-11-24,2023-11-26
1748,Bong,Jang,27109,85360,"Severna park, MD",Baltimore Table Tennis Club,1928,2023-11-26,0,,ACTIVE,2023 JOOLA North American Teams,1845.0,1928.0,2023-11-24,2023-11-26
1748,Bong,Jang,27109,85360,"Severna park, MD",Baltimore Table Tennis Club,1928,2023-11-26,0,,ACTIVE,2021 Joola North American Team,1714.0,1845.0,2021-11-26,2021-11-28
1750,Amel,Medunjanin,5158,85881,"Fairfield, CT",Connecticut TTA- Bethany & Prospect Table Tennis Club,1927,2023-11-26,0,,ACTIVE,2023 JOOLA North American Teams,2105.0,1927.0,2023-11-24,2023-11-26
1750,Amel,Medunjanin,5158,85881,"Fairfield, CT",Connecticut TTA- Bethany & Prospect Table Tennis Club,1927,2023-11-26,0,,ACTIVE,2019 JOOLA North American Teams,1989.0,2082.0,2019-11-29,2019-12-01
1750,Amel,Medunjanin,5158,85881,"Fairfield, CT",Connecticut TTA- Bethany & Prospect Table Tennis Club,1927,2023-11-26,0,,ACTIVE,JOOLA North American Teams,2148.0,1959.0,2018-11-23,2018-11-25
1750,Amel,Medunjanin,5158,85881,"Fairfield, CT",Connecticut TTA- Bethany & Prospect Table Tennis Club,1927,2023-11-26,0,,ACTIVE,20th Annual North American Team Championship Powered By JOOLA,2046.0,2148.0,2017-11-24,2017-11-26
1750,Amel,Medunjanin,5158,85881,"Fairfield, CT",Connecticut TTA- Bethany & Prospect Table Tennis Club,1927,2023-11-26,0,,ACTIVE,2016 JOOLA NA Teams,1985.0,2112.0,2016-11-25,2016-11-27
1750,Amel,Medunjanin,5158,85881,"Fairfield, CT",Connecticut TTA- Bethany & Prospect Table Tennis Club,1927,2023-11-26,0,,ACTIVE,2015 JOOLA North American Teams Championships,2013.0,1948.0,2015-11-29,
1750,Amel,Medunjanin,5158,85881,"Fairfield, CT",Connecticut TTA- Bethany & Prospect Table Tennis Club,1927,2023-11-26,0,,ACTIVE,2014 JOOLA North American Teams Championships,1934.0,1854.0,2014-11-30,
1753,Qirui,Zeng,176324,275324,"Newton, MA",,1927,2024-07-14,1979,2024-07-20,ACTIVE,2023 JOOLA North American Teams,1775.0,1893.0,2023-11-24,2023-11-26
1762,Danyal,Hassan,2866,94943,"North Brunswick, NJ",PINGPOD,1925,2024-07-28,2050,2023-11-17,ACTIVE,2023 JOOLA North American Teams,1932.0,1971.0,2023-11-24,2023-11-26
1762,Danyal,Hassan,2866,94943,"North Brunswick, NJ",PINGPOD,1925,2024-07-28,2050,2023-11-17,ACTIVE,2022 JOOLA North American Teams,1954.0,1952.0,2022-11-25,2022-11-27
1762,Danyal,Hassan,2866,94943,"North Brunswick, NJ",PINGPOD,1925,2024-07-28,2050,2023-11-17,ACTIVE,JOOLA North American Teams,1925.0,1908.0,2018-11-23,2018-11-25
1763,John,Potter,6220,10393,"Camp Lejeune, NC",Tidewater Table Tennis Club,1925,2024-07-07,1906,2023-07-14,ACTIVE,2023 JOOLA North American Teams,1721.0,1737.0,2023-11-24,2023-11-26
1763,John,Potter,6220,10393,"Camp Lejeune, NC",Tidewater Table Tennis Club,1925,2024-07-07,1906,2023-07-14,ACTIVE,2019 JOOLA North American Teams,1909.0,1722.0,2019-11-29,2019-12-01
1763,John,Potter,6220,10393,"Camp Lejeune, NC",Tidewater Table Tennis Club,1925,2024-07-07,1906,2023-07-14,ACTIVE,JOOLA North American Teams,1779.0,1917.0,2018-11-23,2018-11-25
1763,John,Potter,6220,10393,"Camp Lejeune, NC",Tidewater Table Tennis Club,1925,2024-07-07,1906,2023-07-14,ACTIVE,20th Annual North American Team Championship Powered By JOOLA,1739.0,1776.0,2017-11-24,2017-11-26
1764,Jenny,Wang,97123,196123,"Basking Ridge, NJ",Lily Yip Table Tennis Center,1925,2024-05-12,2117,2024-08-23,ACTIVE,2023 JOOLA North American Teams,1927.0,1954.0,2023-11-24,2023-11-26
1764,Jenny,Wang,97123,196123,"Basking Ridge, NJ",Lily Yip Table Tennis Center,1925,2024-05-12,2117,2024-08-23,ACTIVE,2022 JOOLA North American Teams,1783.0,1880.0,2022-11-25,2022-11-27
1764,Jenny,Wang,97123,196123,"Basking Ridge, NJ",Lily Yip Table Tennis Center,1925,2024-05-12,2117,2024-08-23,ACTIVE,2021 Joola North American Team,1848.0,1934.0,2021-11-26,2021-11-28
1764,Jenny,Wang,97123,196123,"Basking Ridge, NJ",Lily Yip Table Tennis Center,1925,2024-05-12,2117,2024-08-23,ACTIVE,2019 JOOLA North American Teams,1697.0,1819.0,2019-11-29,2019-12-01
1764,Jenny,Wang,97123,196123,"Basking Ridge, NJ",Lily Yip Table Tennis Center,1925,2024-05-12,2117,2024-08-23,ACTIVE,JOOLA North American Teams,1354.0,1379.0,2018-11-23,2018-11-25
1764,Jenny,Wang,97123,196123,"Basking Ridge, NJ",Lily Yip Table Tennis Center,1925,2024-05-12,2117,2024-08-23,ACTIVE,20th Annual North American Team Championship Powered By JOOLA,723.0,935.0,2017-11-24,2017-11-26
1764,Jenny,Wang,97123,196123,"Basking Ridge, NJ",Lily Yip Table Tennis Center,1925,2024-05-12,2117,2024-08-23,ACTIVE,2016 JOOLA NA Teams,217.0,326.0,2016-11-25,2016-11-27
1766,Xiaoya,Du,181530,1181530,North Potomac,,1924,2023-11-26,0,,ACTIVE,2023 JOOLA North American Teams,2004.0,1924.0,2023-11-24,2023-11-26
1767,Kelvin,Koh,3874,90486,"Weehawken, NJ",New Jersey Table Tennis Club,1924,2020-02-23,2006,2024-06-07,ACTIVE,JOOLA North American Teams,1831.0,1906.0,2018-11-23,2018-11-25
1767,Kelvin,Koh,3874,90486,"Weehawken, NJ",New Jersey Table Tennis Club,1924,2020-02-23,2006,2024-06-07,ACTIVE,20th Annual North American Team Championship Powered By JOOLA,1919.0,1874.0,2017-11-24,2017-11-26
1782,Harrison,Ngo,5606,89471,"Gallatin, TN",Smash nGo Table Tennis,1922,2024-02-25,1783,2015-08-25,ACTIVE,2019 JOOLA North American Teams,1916.0,2004.0,2019-11-29,2019-12-01
1782,Harrison,Ngo,5606,89471,"Gallatin, TN",Smash nGo Table Tennis,1922,2024-02-25,1783,2015-08-25,ACTIVE,JOOLA North American Teams,1832.0,1831.0,2018-11-23,2018-11-25
1782,Harrison,Ngo,5606,89471,"Gallatin, TN",Smash nGo Table Tennis,1922,2024-02-25,1783,2015-08-25,ACTIVE,2015 JOOLA North American Teams Championships,1992.0,1984.0,2015-11-29,
1783,Arya,Joshi,176918,275918,"Jersey City, NJ",,1921,2024-06-27,1880,2024-09-03,ACTIVE,2023 JOOLA North American Teams,1920.0,1946.0,2023-11-24,2023-11-26
1784,Maximilian,Kogler,3872,97213,"New York, NY",PingPod Lower East Side,1921,2024-07-28,1893,2024-09-03,ACTIVE,2023 JOOLA North American Teams,1988.0,1948.0,2023-11-24,2023-11-26
1784,Maximilian,Kogler,3872,97213,"New York, NY",PingPod Lower East Side,1921,2024-07-28,1893,2024-09-03,ACTIVE,2022 JOOLA North American Teams,1907.0,1985.0,2022-11-25,2022-11-27
1784,Maximilian,Kogler,3872,97213,"New York, NY",PingPod Lower East Side,1921,2024-07-28,1893,2024-09-03,ACTIVE,2019 JOOLA North American Teams,1930.0,1975.0,2019-11-29,2019-12-01
1784,Maximilian,Kogler,3872,97213,"New York, NY",PingPod Lower East Side,1921,2024-07-28,1893,2024-09-03,ACTIVE,JOOLA North American Teams,1936.0,1968.0,2018-11-23,2018-11-25
1789,Brian,Fong,118018,217018,"Jamaica, NY",Origin Table Tennis Academy,1920,2024-08-25,1704,2022-03-27,ACTIVE,2023 JOOLA North American Teams,1872.0,1983.0,2023-11-24,2023-11-26
1789,Brian,Fong,118018,217018,"Jamaica, NY",Origin Table Tennis Academy,1920,2024-08-25,1704,2022-03-27,ACTIVE,2022 JOOLA North American Teams,1746.0,1746.0,2022-11-25,2022-11-27
1789,Brian,Fong,118018,217018,"Jamaica, NY",Origin Table Tennis Academy,1920,2024-08-25,1704,2022-03-27,ACTIVE,2021 Joola North American Team,1579.0,1654.0,2021-11-26,2021-11-28
1789,Brian,Fong,118018,217018,"Jamaica, NY",Origin Table Tennis Academy,1920,2024-08-25,1704,2022-03-27,ACTIVE,2019 JOOLA North American Teams,1517.0,1535.0,2019-11-29,2019-12-01
1789,Brian,Fong,118018,217018,"Jamaica, NY",Origin Table Tennis Academy,1920,2024-08-25,1704,2022-03-27,ACTIVE,JOOLA North American Teams,1424.0,1453.0,2018-11-23,2018-11-25
1792,nylton,sako,178338,277338,"chatham, NJ",New Jersey Table Tennis Club,1920,2023-11-26,2027,2024-08-29,ACTIVE,2023 JOOLA North American Teams,1870.0,1920.0,2023-11-24,2023-11-26
1796,Yuecheng,Xu,165093,264093,"Chestnut Hill, MA",Massachusetts Table Tennis and Badminton Club,1920,2024-06-16,1510,2024-01-13,ACTIVE,2023 JOOLA North American Teams,1922.0,1896.0,2023-11-24,2023-11-26
1796,Yuecheng,Xu,165093,264093,"Chestnut Hill, MA",Massachusetts Table Tennis and Badminton Club,1920,2024-06-16,1510,2024-01-13,ACTIVE,2022 JOOLA North American Teams,1927.0,1977.0,2022-11-25,2022-11-27
1796,Yuecheng,Xu,165093,264093,"Chestnut Hill, MA",Massachusetts Table Tennis and Badminton Club,1920,2024-06-16,1510,2024-01-13,ACTIVE,2021 Joola North American Team,1651.0,1788.0,2021-11-26,2021-11-28
1796,Yuecheng,Xu,165093,264093,"Chestnut Hill, MA",Massachusetts Table Tennis and Badminton Club,1920,2024-06-16,1510,2024-01-13,ACTIVE,2019 JOOLA North American Teams,920.0,1212.0,2019-11-29,2019-12-01
1803,Austin,Wu-Duenas,1870,88909,"Palo Alto, CA",(TTA) Table Tennis America,1918,2024-08-25,1685,2024-09-08,ACTIVE,2019 JOOLA North American Teams,1758.0,1784.0,2019-11-29,2019-12-01
1810,Eddy,Wei,175988,1175988,"Hillsborough, NJ",Topspin Table Tennis Club,1917,2024-07-07,0,,ACTIVE,2023 JOOLA North American Teams,1554.0,1804.0,2023-11-24,2023-11-26
1810,Eddy,Wei,175988,1175988,"Hillsborough, NJ",Topspin Table Tennis Club,1917,2024-07-07,0,,ACTIVE,2022 JOOLA North American Teams,918.0,1308.0,2022-11-25,2022-11-27
1812,Honghao,Lin,176630,1176630,Pittsburgh,,1917,2024-08-25,0,,ACTIVE,2023 JOOLA North American Teams,1717.0,1877.0,2023-11-24,2023-11-26
1812,Honghao,Lin,176630,1176630,Pittsburgh,,1917,2024-08-25,0,,ACTIVE,2022 JOOLA North American Teams,1755.0,1760.0,2022-11-25,2022-11-27
1819,Scott,Preiss,6239,9201,"Manitou Springs, CO",Pikes Peak Ping Pong Club,1915,2023-10-12,1966,2011-03-14,ACTIVE,North American Teams,2082.0,2081.0,2003-11-30,
1828,Steven,Lowry,4738,7907,"Gilbertsville, PA",Infinite Loop Table Tennis Club,1913,2024-04-06,2180,2007-08-16,ACTIVE,1999 NA Teams 2,2034.0,2115.0,1999-11-28,
1829,Chi,Tran,49794,29348,"Wake Forest, NC",Triangle Badminton & Table Tennis,1913,2023-04-30,0,,ACTIVE,2016 JOOLA NA Teams,1931.0,1908.0,2016-11-25,2016-11-27
1829,Chi,Tran,49794,29348,"Wake Forest, NC",Triangle Badminton & Table Tennis,1913,2023-04-30,0,,ACTIVE,2015 JOOLA North American Teams Championships,1891.0,1957.0,2015-11-29,
1835,Linpeng,Chen,112677,211677,"Flushing, NY",PINGPOD,1912,2024-08-25,0,,ACTIVE,2022 JOOLA North American Teams,1638.0,1567.0,2022-11-25,2022-11-27
1835,Linpeng,Chen,112677,211677,"Flushing, NY",PINGPOD,1912,2024-08-25,0,,ACTIVE,2021 Joola North American Team,1469.0,1514.0,2021-11-26,2021-11-28
1835,Linpeng,Chen,112677,211677,"Flushing, NY",PINGPOD,1912,2024-08-25,0,,ACTIVE,2019 JOOLA North American Teams,1148.0,1382.0,2019-11-29,2019-12-01
1840,Chao,Ouyang,173527,1173527,"Morrisville, NC",Carolina International Table Tennis Academy (CITTA),1912,2024-03-24,0,,ACTIVE,2023 JOOLA North American Teams,1830.0,1918.0,2023-11-24,2023-11-26
1841,Walter,Lam,30697,79912,"Princeton, NJ",,1912,2024-08-04,2043,2020-01-14,ACTIVE,2019 JOOLA North American Teams,1948.0,1918.0,2019-11-29,2019-12-01
1841,Walter,Lam,30697,79912,"Princeton, NJ",,1912,2024-08-04,2043,2020-01-14,ACTIVE,20th Annual North American Team Championship Powered By JOOLA,1843.0,1905.0,2017-11-24,2017-11-26
1841,Walter,Lam,30697,79912,"Princeton, NJ",,1912,2024-08-04,2043,2020-01-14,ACTIVE,2016 JOOLA NA Teams,1955.0,1847.0,2016-11-25,2016-11-27
1842,Shuai,Yuan,115996,214996,"Richmond, FN",,1911,2024-07-13,1909,2024-07-16,ACTIVE,2022 JOOLA North American Teams,1941.0,1935.0,2022-11-25,2022-11-27
1847,Zhongqi,Zhang,118528,217528,"Blue Bell, PA",,1910,2023-11-26,1780,2019-05-28,ACTIVE,2023 JOOLA North American Teams,1756.0,1910.0,2023-11-24,2023-11-26
1847,Zhongqi,Zhang,118528,217528,"Blue Bell, PA",,1910,2023-11-26,1780,2019-05-28,ACTIVE,2019 JOOLA North American Teams,1777.0,1764.0,2019-11-29,2019-12-01
1847,Zhongqi,Zhang,118528,217528,"Blue Bell, PA",,1910,2023-11-26,1780,2019-05-28,ACTIVE,JOOLA North American Teams,1590.0,1777.0,2018-11-23,2018-11-25
1853,Shah,Rahim,6348,88485,"Hillsborough, NJ",,1910,2024-07-27,2103,2019-04-26,ACTIVE,2014 JOOLA North American Teams Championships,1706.0,1863.0,2014-11-30,
1854,Ramin,Safikhani,116735,215735,ashburn,,1910,2023-11-26,0,,ACTIVE,2023 JOOLA North American Teams,1992.0,1910.0,2023-11-24,2023-11-26
1854,Ramin,Safikhani,116735,215735,ashburn,,1910,2023-11-26,0,,ACTIVE,2016 JOOLA NA Teams,0.0,1900.0,2016-11-25,2016-11-27
1855,Kevin,Li Zhang,102177,97783,"Chula Vista, CA",,1909,2024-03-23,1794,2023-10-27,ACTIVE,2023 JOOLA North American Teams,1859.0,2022.0,2023-11-24,2023-11-26
1857,Carol,Cai,174775,273775,"New York, NY",PingPod Lower East Side,1909,2023-11-26,1861,2023-01-16,ACTIVE,2023 JOOLA North American Teams,1917.0,1909.0,2023-11-24,2023-11-26
1857,Carol,Cai,174775,273775,"New York, NY",PingPod Lower East Side,1909,2023-11-26,1861,2023-01-16,ACTIVE,2022 JOOLA North American Teams,0.0,2047.0,2022-11-25,2022-11-27
1858,Michael,Sun,174013,273013,"New Hyde Park, NY",,1909,2024-07-28,0,,ACTIVE,2023 JOOLA North American Teams,1794.0,1893.0,2023-11-24,2023-11-26
1858,Michael,Sun,174013,273013,"New Hyde Park, NY",,1909,2024-07-28,0,,ACTIVE,2022 JOOLA North American Teams,1396.0,1415.0,2022-11-25,2022-11-27
1859,Tamas,Szeles,124384,223384,"Spring Valley, NY",,1909,2024-08-25,1985,2023-05-05,ACTIVE,2019 JOOLA North American Teams,1694.0,1760.0,2019-11-29,2019-12-01
1859,Tamas,Szeles,124384,223384,"Spring Valley, NY",,1909,2024-08-25,1985,2023-05-05,ACTIVE,JOOLA North American Teams,1301.0,1477.0,2018-11-23,2018-11-25
1865,Tony,Wu,53795,28551,"Winchester, MA",Boston Table Tennis Center,1907,2024-07-07,1891,2024-07-12,ACTIVE,2023 JOOLA North American Teams,1782.0,1810.0,2023-11-24,2023-11-26
1866,Edmund,Suen,7492,62061,"New York, NY",American Youth TTO,1907,2024-08-10,2047,2023-01-16,ACTIVE,2023 JOOLA North American Teams,2014.0,1848.0,2023-11-24,2023-11-26
1866,Edmund,Suen,7492,62061,"New York, NY",American Youth TTO,1907,2024-08-10,2047,2023-01-16,ACTIVE,2022 JOOLA North American Teams,1987.0,2030.0,2022-11-25,2022-11-27
1866,Edmund,Suen,7492,62061,"New York, NY",American Youth TTO,1907,2024-08-10,2047,2023-01-16,ACTIVE,2021 Joola North American Team,2021.0,2029.0,2021-11-26,2021-11-28
1866,Edmund,Suen,7492,62061,"New York, NY",American Youth TTO,1907,2024-08-10,2047,2023-01-16,ACTIVE,2019 JOOLA North American Teams,2013.0,1822.0,2019-11-29,2019-12-01
1866,Edmund,Suen,7492,62061,"New York, NY",American Youth TTO,1907,2024-08-10,2047,2023-01-16,ACTIVE,JOOLA North American Teams,1998.0,1896.0,2018-11-23,2018-11-25
1869,Chandru,Krishnan,30075,22877,Toronto Canada,,1907,2023-11-26,0,,ACTIVE,2023 JOOLA North American Teams,1861.0,1907.0,2023-11-24,2023-11-26
1869,Chandru,Krishnan,30075,22877,Toronto Canada,,1907,2023-11-26,0,,ACTIVE,2022 JOOLA North American Teams,1951.0,1861.0,2022-11-25,2022-11-27
1869,Chandru,Krishnan,30075,22877,Toronto Canada,,1907,2023-11-26,0,,ACTIVE,JOOLA North American Teams,2001.0,2033.0,2018-11-23,2018-11-25
1869,Chandru,Krishnan,30075,22877,Toronto Canada,,1907,2023-11-26,0,,ACTIVE,20th Annual North American Team Championship Powered By JOOLA,2013.0,2001.0,2017-11-24,2017-11-26
1869,Chandru,Krishnan,30075,22877,Toronto Canada,,1907,2023-11-26,0,,ACTIVE,2015 JOOLA North American Teams Championships,2066.0,2064.0,2015-11-29,
1869,Chandru,Krishnan,30075,22877,Toronto Canada,,1907,2023-11-26,0,,ACTIVE,North American Teams,2026.0,2111.0,2003-11-30,
1870,Ann,Alvarez,160,48678,"East Brunswick, NJ",New Jersey Table Tennis Club,1907,2018-03-02,1825,2018-02-12,ACTIVE,North American Teams,1760.0,1867.0,2003-11-30,
1874,Alex,Kotlyarskiy,3922,23927,"Brooklyn, NY",,1906,2018-03-02,0,,ACTIVE,North American Teams,1742.0,1767.0,2003-11-30,
1876,Rohit,Dewan,1711,29186,"Herndon, VA",Northern VA Table Tennis Center (NOVATTC),1906,2018-03-02,1662,2014-10-12,ACTIVE,2014 JOOLA North American Teams Championships,1765.0,1890.0,2014-11-30,
1880,Elijah,Holtzblatt,175416,1175416,"Washington, DC",Washington DC Table Tennis Center,1905,2024-08-25,0,,ACTIVE,2022 JOOLA North American Teams,1297.0,1455.0,2022-11-25,2022-11-27
1883,Ricardo,Brito,761,80953,"North Plainfield, NJ",New Jersey Table Tennis Club,1905,2023-03-11,1996,2024-08-08,ACTIVE,2022 JOOLA North American Teams,1766.0,1930.0,2022-11-25,2022-11-27
1883,Ricardo,Brito,761,80953,"North Plainfield, NJ",New Jersey Table Tennis Club,1905,2023-03-11,1996,2024-08-08,ACTIVE,2021 Joola North American Team,1764.0,1793.0,2021-11-26,2021-11-28
1883,Ricardo,Brito,761,80953,"North Plainfield, NJ",New Jersey Table Tennis Club,1905,2023-03-11,1996,2024-08-08,ACTIVE,JOOLA North American Teams,1878.0,1871.0,2018-11-23,2018-11-25
1883,Ricardo,Brito,761,80953,"North Plainfield, NJ",New Jersey Table Tennis Club,1905,2023-03-11,1996,2024-08-08,ACTIVE,20th Annual North American Team Championship Powered By JOOLA,1847.0,1871.0,2017-11-24,2017-11-26
1883,Ricardo,Brito,761,80953,"North Plainfield, NJ",New Jersey Table Tennis Club,1905,2023-03-11,1996,2024-08-08,ACTIVE,2016 JOOLA NA Teams,1801.0,1934.0,2016-11-25,2016-11-27
1883,Ricardo,Brito,761,80953,"North Plainfield, NJ",New Jersey Table Tennis Club,1905,2023-03-11,1996,2024-08-08,ACTIVE,2015 JOOLA North American Teams Championships,1732.0,1755.0,2015-11-29,
1883,Ricardo,Brito,761,80953,"North Plainfield, NJ",New Jersey Table Tennis Club,1905,2023-03-11,1996,2024-08-08,ACTIVE,2014 JOOLA North American Teams Championships,1890.0,1812.0,2014-11-30,
1890,Sarah,Yang,169979,268979,"Fremont, CA",(TTA) Table Tennis America,1904,2024-09-02,1818,2024-08-03,ACTIVE,2023 JOOLA North American Teams,1743.0,1868.0,2023-11-24,2023-11-26
1891,Lonnie,Moon,104205,203205,"Whitestone, NY",Gold Coast Table Tennis Club,1903,2024-08-25,1845,2023-06-30,ACTIVE,2019 JOOLA North American Teams,1395.0,1523.0,2019-11-29,2019-12-01
1891,Lonnie,Moon,104205,203205,"Whitestone, NY",Gold Coast Table Tennis Club,1903,2024-08-25,1845,2023-06-30,ACTIVE,JOOLA North American Teams,1260.0,1247.0,2018-11-23,2018-11-25
1891,Lonnie,Moon,104205,203205,"Whitestone, NY",Gold Coast Table Tennis Club,1903,2024-08-25,1845,2023-06-30,ACTIVE,20th Annual North American Team Championship Powered By JOOLA,681.0,867.0,2017-11-24,2017-11-26
1893,Theo,Schleifer,116546,215546,,,1903,2023-11-26,0,,ACTIVE,2023 JOOLA North American Teams,1724.0,1903.0,2023-11-24,2023-11-26
1893,Theo,Schleifer,116546,215546,,,1903,2023-11-26,0,,ACTIVE,2019 JOOLA North American Teams,1677.0,1724.0,2019-11-29,2019-12-01
1893,Theo,Schleifer,116546,215546,,,1903,2023-11-26,0,,ACTIVE,20th Annual North American Team Championship Powered By JOOLA,1759.0,1677.0,2017-11-24,2017-11-26
1894,David,Jia,3439,72925,"Somerville, MA",Boston Table Tennis Center,1903,2024-06-30,1895,2020-02-11,ACTIVE,2023 JOOLA North American Teams,1952.0,1992.0,2023-11-24,2023-11-26
1894,David,Jia,3439,72925,"Somerville, MA",Boston Table Tennis Center,1903,2024-06-30,1895,2020-02-11,ACTIVE,2022 JOOLA North American Teams,1824.0,1907.0,2022-11-25,2022-11-27
1894,David,Jia,3439,72925,"Somerville, MA",Boston Table Tennis Center,1903,2024-06-30,1895,2020-02-11,ACTIVE,2019 JOOLA North American Teams,1871.0,1889.0,2019-11-29,2019-12-01
1894,David,Jia,3439,72925,"Somerville, MA",Boston Table Tennis Center,1903,2024-06-30,1895,2020-02-11,ACTIVE,JOOLA North American Teams,1895.0,1871.0,2018-11-23,2018-11-25
1894,David,Jia,3439,72925,"Somerville, MA",Boston Table Tennis Center,1903,2024-06-30,1895,2020-02-11,ACTIVE,20th Annual North American Team Championship Powered By JOOLA,1925.0,1895.0,2017-11-24,2017-11-26
1894,David,Jia,3439,72925,"Somerville, MA",Boston Table Tennis Center,1903,2024-06-30,1895,2020-02-11,ACTIVE,2016 JOOLA NA Teams,1738.0,1925.0,2016-11-25,2016-11-27
1896,Songtao,Feng,167289,266289,"Gainesville, FL",,1903,2024-06-16,2126,2019-11-21,ACTIVE,2023 JOOLA North American Teams,1986.0,1904.0,2023-11-24,2023-11-26
1896,Songtao,Feng,167289,266289,"Gainesville, FL",,1903,2024-06-16,2126,2019-11-21,ACTIVE,2022 JOOLA North American Teams,1935.0,1986.0,2022-11-25,2022-11-27
1896,Songtao,Feng,167289,266289,"Gainesville, FL",,1903,2024-06-16,2126,2019-11-21,ACTIVE,2021 Joola North American Team,1991.0,1924.0,2021-11-26,2021-11-28
1897,Gregg,Robertshaw,6567,9501,"Raleigh, NC",Triangle Badminton & Table Tennis,1903,2024-07-07,2147,2014-05-29,ACTIVE,2023 JOOLA North American Teams,1969.0,1928.0,2023-11-24,2023-11-26
1897,Gregg,Robertshaw,6567,9501,"Raleigh, NC",Triangle Badminton & Table Tennis,1903,2024-07-07,2147,2014-05-29,ACTIVE,JOOLA North American Teams,2076.0,2043.0,2018-11-23,2018-11-25
1897,Gregg,Robertshaw,6567,9501,"Raleigh, NC",Triangle Badminton & Table Tennis,1903,2024-07-07,2147,2014-05-29,ACTIVE,20th Annual North American Team Championship Powered By JOOLA,2104.0,2095.0,2017-11-24,2017-11-26
1897,Gregg,Robertshaw,6567,9501,"Raleigh, NC",Triangle Badminton & Table Tennis,1903,2024-07-07,2147,2014-05-29,ACTIVE,2014 JOOLA North American Teams Championships,2034.0,2032.0,2014-11-30,
1897,Gregg,Robertshaw,6567,9501,"Raleigh, NC",Triangle Badminton & Table Tennis,1903,2024-07-07,2147,2014-05-29,ACTIVE,North American Teams,2112.0,2050.0,2003-11-30,
1897,Gregg,Robertshaw,6567,9501,"Raleigh, NC",Triangle Badminton & Table Tennis,1903,2024-07-07,2147,2014-05-29,ACTIVE,1999 NA Teams 2,2011.0,2049.0,1999-11-28,
1899,Zachary,Jaworowski,116259,215259,"Glendale, NY",,1902,2019-12-01,0,,ACTIVE,2019 JOOLA North American Teams,1883.0,1902.0,2019-11-29,2019-12-01
1901,Aiden,Zhao,177190,276190,,,1902,2023-12-21,0,,ACTIVE,2022 JOOLA North American Teams,0.0,1762.0,2022-11-25,2022-11-27
1903,Isabella,Joseph,172344,271344,"Cypress, TX",,1902,2024-08-11,1761,2024-07-13,ACTIVE,2023 JOOLA North American Teams,1503.0,1655.0,2023-11-24,2023-11-26
1904,David,Oh,38970,137970,"New York, NY",PINGPOD,1902,2024-08-25,1893,2024-07-30,ACTIVE,2023 JOOLA North American Teams,1996.0,1950.0,2023-11-24,2023-11-26
1909,Andy,Fang,20229,33012,"New Hyde Park, NY",,1901,2024-08-25,0,,ACTIVE,2023 JOOLA North American Teams,1891.0,1874.0,2023-11-24,2023-11-26
1909,Andy,Fang,20229,33012,"New Hyde Park, NY",,1901,2024-08-25,0,,ACTIVE,2022 JOOLA North American Teams,2039.0,2026.0,2022-11-25,2022-11-27
1912,Emin,Dinlersoz,132419,1132419,"Alexandria, VA",Washington DC Table Tennis Center,1901,2024-01-28,1842,2024-08-25,ACTIVE,JOOLA North American Teams,0.0,1697.0,2018-11-23,2018-11-25
1915,Yamil,López,171171,1171171,Utuado,,1901,2024-04-14,1824,2023-02-11,ACTIVE,2022 JOOLA North American Teams,1600.0,1826.0,2022-11-25,2022-11-27
1916,Richik,Ghosh,174762,273762,"Chantilly, VA",MDTTC - Maryland Table Tennis Center,1901,2024-08-25,1938,2024-04-12,ACTIVE,2022 JOOLA North American Teams,957.0,1045.0,2022-11-25,2022-11-27
1923,Emma,Jiao,172481,271481,"Katy, TX",Houston International Table Tennis Academy,1900,2024-05-27,1910,2024-04-14,ACTIVE,2023 JOOLA North American Teams,1832.0,1871.0,2023-11-24,2023-11-26
1926,Michael,Gorodetsky,170825,269825,"Brooklyn, NY",,1899,2024-08-25,1850,2024-07-26,ACTIVE,2023 JOOLA North American Teams,1873.0,1913.0,2023-11-24,2023-11-26
1926,Michael,Gorodetsky,170825,269825,"Brooklyn, NY",,1899,2024-08-25,1850,2024-07-26,ACTIVE,2022 JOOLA North American Teams,1853.0,1917.0,2022-11-25,2022-11-27
1927,Shreya,Venkateraman,171643,1171643,Fort Collins,,1899,2024-08-04,0,,ACTIVE,2023 JOOLA North American Teams,1791.0,1909.0,2023-11-24,2023-11-26
1927,Shreya,Venkateraman,171643,1171643,Fort Collins,,1899,2024-08-04,0,,ACTIVE,2022 JOOLA North American Teams,1124.0,1269.0,2022-11-25,2022-11-27
1932,Richard,McAfee,5084,43720,"Aurora, CO",Sky High Table Tennis Club,1899,2024-04-28,2070,2015-06-27,ACTIVE,2021 Joola North American Team,2028.0,2013.0,2021-11-26,2021-11-28
1932,Richard,McAfee,5084,43720,"Aurora, CO",Sky High Table Tennis Club,1899,2024-04-28,2070,2015-06-27,ACTIVE,JOOLA North American Teams,2058.0,1970.0,2018-11-23,2018-11-25
1932,Richard,McAfee,5084,43720,"Aurora, CO",Sky High Table Tennis Club,1899,2024-04-28,2070,2015-06-27,ACTIVE,2016 JOOLA NA Teams,2118.0,2089.0,2016-11-25,2016-11-27
1932,Richard,McAfee,5084,43720,"Aurora, CO",Sky High Table Tennis Club,1899,2024-04-28,2070,2015-06-27,ACTIVE,North American Teams,2006.0,2016.0,2003-11-30,
1932,Richard,McAfee,5084,43720,"Aurora, CO",Sky High Table Tennis Club,1899,2024-04-28,2070,2015-06-27,ACTIVE,1999 NA Teams 2,1970.0,1959.0,1999-11-28,
1932,Richard,McAfee,5084,43720,"Aurora, CO",Sky High Table Tennis Club,1899,2024-04-28,2070,2015-06-27,ACTIVE,1998 North American Teams Cham,2003.0,2012.0,1998-11-29,
1933,Fadi,Kaddoura,3553,14826,"New York, NY",New York Indoor Sports Club,1899,2018-03-02,0,,ACTIVE,20th Annual North American Team Championship Powered By JOOLA,1883.0,1894.0,2017-11-24,2017-11-26
1933,Fadi,Kaddoura,3553,14826,"New York, NY",New York Indoor Sports Club,1899,2018-03-02,0,,ACTIVE,2016 JOOLA NA Teams,1919.0,1883.0,2016-11-25,2016-11-27
1933,Fadi,Kaddoura,3553,14826,"New York, NY",New York Indoor Sports Club,1899,2018-03-02,0,,ACTIVE,2014 JOOLA North American Teams Championships,1853.0,1949.0,2014-11-30,
1933,Fadi,Kaddoura,3553,14826,"New York, NY",New York Indoor Sports Club,1899,2018-03-02,0,,ACTIVE,1999 NA Teams 2,1321.0,1355.0,1999-11-28,
1935,Jesse,Letchworth,4344,70895,"glen allen, VA",Richmond Table Tennis Club (RTTC),1899,2023-11-26,1885,2015-08-19,ACTIVE,2023 JOOLA North American Teams,1939.0,1899.0,2023-11-24,2023-11-26
1935,Jesse,Letchworth,4344,70895,"glen allen, VA",Richmond Table Tennis Club (RTTC),1899,2023-11-26,1885,2015-08-19,ACTIVE,2022 JOOLA North American Teams,1930.0,1939.0,2022-11-25,2022-11-27
1935,Jesse,Letchworth,4344,70895,"glen allen, VA",Richmond Table Tennis Club (RTTC),1899,2023-11-26,1885,2015-08-19,ACTIVE,2019 JOOLA North American Teams,1925.0,1930.0,2019-11-29,2019-12-01
1935,Jesse,Letchworth,4344,70895,"glen allen, VA",Richmond Table Tennis Club (RTTC),1899,2023-11-26,1885,2015-08-19,ACTIVE,JOOLA North American Teams,1900.0,1925.0,2018-11-23,2018-11-25
1935,Jesse,Letchworth,4344,70895,"glen allen, VA",Richmond Table Tennis Club (RTTC),1899,2023-11-26,1885,2015-08-19,ACTIVE,20th Annual North American Team Championship Powered By JOOLA,1918.0,1900.0,2017-11-24,2017-11-26
1935,Jesse,Letchworth,4344,70895,"glen allen, VA",Richmond Table Tennis Club (RTTC),1899,2023-11-26,1885,2015-08-19,ACTIVE,2016 JOOLA NA Teams,1935.0,1922.0,2016-11-25,2016-11-27
1935,Jesse,Letchworth,4344,70895,"glen allen, VA",Richmond Table Tennis Club (RTTC),1899,2023-11-26,1885,2015-08-19,ACTIVE,2015 JOOLA North American Teams Championships,1831.0,1985.0,2015-11-29,
1935,Jesse,Letchworth,4344,70895,"glen allen, VA",Richmond Table Tennis Club (RTTC),1899,2023-11-26,1885,2015-08-19,ACTIVE,2014 JOOLA North American Teams Championships,1912.0,1875.0,2014-11-30,
1938,Uko,Marcus,1837,3701,"Las Vegas, GA",,1898,2024-08-31,1804,2024-03-20,ACTIVE,2019 JOOLA North American Teams,1814.0,1841.0,2019-11-29,2019-12-01
1938,Uko,Marcus,1837,3701,"Las Vegas, GA",,1898,2024-08-31,1804,2024-03-20,ACTIVE,JOOLA North American Teams,1903.0,1901.0,2018-11-23,2018-11-25
1938,Uko,Marcus,1837,3701,"Las Vegas, GA",,1898,2024-08-31,1804,2024-03-20,ACTIVE,20th Annual North American Team Championship Powered By JOOLA,2008.0,2035.0,2017-11-24,2017-11-26
1940,Alan,Pruce,6263,19698,"Hollywood, SC",,1898,2018-03-02,1892,2013-06-02,ACTIVE,North American Teams,1725.0,1530.0,2003-11-30,
1942,Landry,Molimbi,5362,96024,"Portland, OR",Paddle Palace Club,1898,2024-09-08,0,,ACTIVE,2021 Joola North American Team,1701.0,1703.0,2021-11-26,2021-11-28
1945,Richard,Carrington,14216,26782,"Scarborough, CAN",,1897,2024-04-14,0,,ACTIVE,2023 JOOLA North American Teams,2014.0,1917.0,2023-11-24,2023-11-26
1945,Richard,Carrington,14216,26782,"Scarborough, CAN",,1897,2024-04-14,0,,ACTIVE,2019 JOOLA North American Teams,2082.0,2014.0,2019-11-29,2019-12-01
1945,Richard,Carrington,14216,26782,"Scarborough, CAN",,1897,2024-04-14,0,,ACTIVE,JOOLA North American Teams,1969.0,2082.0,2018-11-23,2018-11-25
1945,Richard,Carrington,14216,26782,"Scarborough, CAN",,1897,2024-04-14,0,,ACTIVE,20th Annual North American Team Championship Powered By JOOLA,2081.0,1952.0,2017-11-24,2017-11-26
1945,Richard,Carrington,14216,26782,"Scarborough, CAN",,1897,2024-04-14,0,,ACTIVE,2016 JOOLA NA Teams,2002.0,2120.0,2016-11-25,2016-11-27
1945,Richard,Carrington,14216,26782,"Scarborough, CAN",,1897,2024-04-14,0,,ACTIVE,2015 JOOLA North American Teams Championships,2090.0,2116.0,2015-11-29,
1945,Richard,Carrington,14216,26782,"Scarborough, CAN",,1897,2024-04-14,0,,ACTIVE,2014 JOOLA North American Teams Championships,2062.0,2073.0,2014-11-30,
1948,Tarun,Tandon,7653,74872,"Sunnyvale, CA",ICC Table Tennis Center,1897,2024-07-28,1785,2024-07-27,ACTIVE,2022 JOOLA North American Teams,1830.0,1856.0,2022-11-25,2022-11-27
1950,Ling,Fan,2069,73523,"CHARLOTTE, NC",Charlotte Table Tennis Club,1896,2024-04-20,1979,2024-09-07,ACTIVE,2023 JOOLA North American Teams,1771.0,1725.0,2023-11-24,2023-11-26
1950,Ling,Fan,2069,73523,"CHARLOTTE, NC",Charlotte Table Tennis Club,1896,2024-04-20,1979,2024-09-07,ACTIVE,2022 JOOLA North American Teams,1755.0,1746.0,2022-11-25,2022-11-27
1950,Ling,Fan,2069,73523,"CHARLOTTE, NC",Charlotte Table Tennis Club,1896,2024-04-20,1979,2024-09-07,ACTIVE,2019 JOOLA North American Teams,1877.0,1895.0,2019-11-29,2019-12-01
1950,Ling,Fan,2069,73523,"CHARLOTTE, NC",Charlotte Table Tennis Club,1896,2024-04-20,1979,2024-09-07,ACTIVE,JOOLA North American Teams,1813.0,1892.0,2018-11-23,2018-11-25
1950,Ling,Fan,2069,73523,"CHARLOTTE, NC",Charlotte Table Tennis Club,1896,2024-04-20,1979,2024-09-07,ACTIVE,20th Annual North American Team Championship Powered By JOOLA,1909.0,1852.0,2017-11-24,2017-11-26
1961,David,Benson,543,55272,"Virginia Beach, VA",Tidewater Table Tennis Club,1894,2024-08-04,0,,ACTIVE,1998 North American Teams Cham,1908.0,2040.0,1998-11-29,
1969,Fabian,Rivera,42943,92750,"Cidra, PRI",,1893,2023-04-02,0,,ACTIVE,2014 JOOLA North American Teams Championships,1098.0,1389.0,2014-11-30,
1971,Jiang,Li,4421,86652,"Virginia Beach, VA",Newport News Table Tennis Club,1892,2024-08-04,1898,2020-02-21,ACTIVE,2023 JOOLA North American Teams,1855.0,1818.0,2023-11-24,2023-11-26
1971,Jiang,Li,4421,86652,"Virginia Beach, VA",Newport News Table Tennis Club,1892,2024-08-04,1898,2020-02-21,ACTIVE,2022 JOOLA North American Teams,1852.0,1820.0,2022-11-25,2022-11-27
1971,Jiang,Li,4421,86652,"Virginia Beach, VA",Newport News Table Tennis Club,1892,2024-08-04,1898,2020-02-21,ACTIVE,2019 JOOLA North American Teams,1901.0,1844.0,2019-11-29,2019-12-01
1971,Jiang,Li,4421,86652,"Virginia Beach, VA",Newport News Table Tennis Club,1892,2024-08-04,1898,2020-02-21,ACTIVE,20th Annual North American Team Championship Powered By JOOLA,1818.0,1838.0,2017-11-24,2017-11-26
1971,Jiang,Li,4421,86652,"Virginia Beach, VA",Newport News Table Tennis Club,1892,2024-08-04,1898,2020-02-21,ACTIVE,2016 JOOLA NA Teams,1853.0,1848.0,2016-11-25,2016-11-27
1971,Jiang,Li,4421,86652,"Virginia Beach, VA",Newport News Table Tennis Club,1892,2024-08-04,1898,2020-02-21,ACTIVE,2014 JOOLA North American Teams Championships,1766.0,1863.0,2014-11-30,
1974,Megan,Cui,170443,1170443,"Houston, TX",,1892,2024-08-31,1955,2024-08-03,ACTIVE,2022 JOOLA North American Teams,1401.0,1600.0,2022-11-25,2022-11-27
1979,Andrew,Bui,125217,224217,"New York, NY",,1891,2024-06-30,1788,2024-09-05,ACTIVE,2023 JOOLA North American Teams,1744.0,1886.0,2023-11-24,2023-11-26
1979,Andrew,Bui,125217,224217,"New York, NY",,1891,2024-06-30,1788,2024-09-05,ACTIVE,2022 JOOLA North American Teams,1713.0,1718.0,2022-11-25,2022-11-27
1979,Andrew,Bui,125217,224217,"New York, NY",,1891,2024-06-30,1788,2024-09-05,ACTIVE,2021 Joola North American Team,1825.0,1606.0,2021-11-26,2021-11-28
1983,Arden,Shi,170635,269635,Princeton,,1891,2023-11-26,1905,2023-04-28,ACTIVE,2023 JOOLA North American Teams,1892.0,1891.0,2023-11-24,2023-11-26
1983,Arden,Shi,170635,269635,Princeton,,1891,2023-11-26,1905,2023-04-28,ACTIVE,2022 JOOLA North American Teams,1750.0,1951.0,2022-11-25,2022-11-27
1983,Arden,Shi,170635,269635,Princeton,,1891,2023-11-26,1905,2023-04-28,ACTIVE,2021 Joola North American Team,1326.0,1589.0,2021-11-26,2021-11-28
1989,Feng,Tang,178026,277026,"Ridgewood, NY",PINGPOD,1890,2024-07-28,1797,2024-07-23,ACTIVE,2023 JOOLA North American Teams,1592.0,1838.0,2023-11-24,2023-11-26
1990,Ilia,Minkin,5289,95757,"Baltimore, MD",Baltimore Table Tennis Club,1890,2024-08-25,1828,2020-02-21,ACTIVE,2023 JOOLA North American Teams,1836.0,1879.0,2023-11-24,2023-11-26
1990,Ilia,Minkin,5289,95757,"Baltimore, MD",Baltimore Table Tennis Club,1890,2024-08-25,1828,2020-02-21,ACTIVE,2022 JOOLA North American Teams,1772.0,1844.0,2022-11-25,2022-11-27
1990,Ilia,Minkin,5289,95757,"Baltimore, MD",Baltimore Table Tennis Club,1890,2024-08-25,1828,2020-02-21,ACTIVE,20th Annual North American Team Championship Powered By JOOLA,1475.0,1598.0,2017-11-24,2017-11-26
1992,Joel,Liu,4620,75202,"Brooklyn, NY",,1889,2024-08-25,1991,2024-07-05,ACTIVE,2023 JOOLA North American Teams,1963.0,2084.0,2023-11-24,2023-11-26
1992,Joel,Liu,4620,75202,"Brooklyn, NY",,1889,2024-08-25,1991,2024-07-05,ACTIVE,2022 JOOLA North American Teams,2016.0,2031.0,2022-11-25,2022-11-27
1992,Joel,Liu,4620,75202,"Brooklyn, NY",,1889,2024-08-25,1991,2024-07-05,ACTIVE,2014 JOOLA North American Teams Championships,1890.0,2016.0,2014-11-30,
1996,Kangmin,Zheng,116391,215391,MD,,1889,2023-11-26,2045,2019-03-29,ACTIVE,2023 JOOLA North American Teams,1922.0,1889.0,2023-11-24,2023-11-26
1996,Kangmin,Zheng,116391,215391,MD,,1889,2023-11-26,2045,2019-03-29,ACTIVE,2022 JOOLA North American Teams,1925.0,1922.0,2022-11-25,2022-11-27
1996,Kangmin,Zheng,116391,215391,MD,,1889,2023-11-26,2045,2019-03-29,ACTIVE,JOOLA North American Teams,1914.0,1928.0,2018-11-23,2018-11-25
1996,Kangmin,Zheng,116391,215391,MD,,1889,2023-11-26,2045,2019-03-29,ACTIVE,20th Annual North American Team Championship Powered By JOOLA,1830.0,1914.0,2017-11-24,2017-11-26
1996,Kangmin,Zheng,116391,215391,MD,,1889,2023-11-26,2045,2019-03-29,ACTIVE,2016 JOOLA NA Teams,0.0,1830.0,2016-11-25,2016-11-27
1999,Brandon,Moody,36839,94615,"Morrisville, NC",Triangle Badminton & Table Tennis,1889,2023-11-26,0,,ACTIVE,2023 JOOLA North American Teams,1855.0,1889.0,2023-11-24,2023-11-26
1999,Brandon,Moody,36839,94615,"Morrisville, NC",Triangle Badminton & Table Tennis,1889,2023-11-26,0,,ACTIVE,2022 JOOLA North American Teams,1867.0,1807.0,2022-11-25,2022-11-27
1999,Brandon,Moody,36839,94615,"Morrisville, NC",Triangle Badminton & Table Tennis,1889,2023-11-26,0,,ACTIVE,2021 Joola North American Team,1725.0,1817.0,2021-11-26,2021-11-28
1999,Brandon,Moody,36839,94615,"Morrisville, NC",Triangle Badminton & Table Tennis,1889,2023-11-26,0,,ACTIVE,2019 JOOLA North American Teams,1816.0,1846.0,2019-11-29,2019-12-01
1999,Brandon,Moody,36839,94615,"Morrisville, NC",Triangle Badminton & Table Tennis,1889,2023-11-26,0,,ACTIVE,JOOLA North American Teams,1790.0,1786.0,2018-11-23,2018-11-25
1999,Brandon,Moody,36839,94615,"Morrisville, NC",Triangle Badminton & Table Tennis,1889,2023-11-26,0,,ACTIVE,20th Annual North American Team Championship Powered By JOOLA,1921.0,1966.0,2017-11-24,2017-11-26
1999,Brandon,Moody,36839,94615,"Morrisville, NC",Triangle Badminton & Table Tennis,1889,2023-11-26,0,,ACTIVE,2015 JOOLA North American Teams Championships,1406.0,1663.0,2015-11-29,
2001,Gary,Harbeck,2821,6425,"Pembroke Pines, FL",,1888,2022-09-04,0,,ACTIVE,20th Annual North American Team Championship Powered By JOOLA,1935.0,1887.0,2017-11-24,2017-11-26
2002,Maksim,Danilau,1590,97353,"Baltimore, MD",,1888,2023-11-26,0,,ACTIVE,2023 JOOLA North American Teams,1921.0,1888.0,2023-11-24,2023-11-26
2013,Peter,Ge,177572,276572,"Baltimore, MD",Johns Hopkins Table Tennis Club,1886,2023-11-26,0,,ACTIVE,2023 JOOLA North American Teams,1946.0,1886.0,2023-11-24,2023-11-26
2013,Peter,Ge,177572,276572,"Baltimore, MD",Johns Hopkins Table Tennis Club,1886,2023-11-26,0,,ACTIVE,2022 JOOLA North American Teams,0.0,1946.0,2022-11-25,2022-11-27
2015,Bronson,Wong,173266,1173266,Atlanta,,1886,2023-11-26,0,,ACTIVE,2023 JOOLA North American Teams,1722.0,1886.0,2023-11-24,2023-11-26
2016,Pedro,Matos Ortiz,116747,215747,"Fajardo, FN",,1885,2024-04-14,0,,ACTIVE,2019 JOOLA North American Teams,1968.0,2013.0,2019-11-29,2019-12-01
2016,Pedro,Matos Ortiz,116747,215747,"Fajardo, FN",,1885,2024-04-14,0,,ACTIVE,JOOLA North American Teams,1811.0,1968.0,2018-11-23,2018-11-25
2016,Pedro,Matos Ortiz,116747,215747,"Fajardo, FN",,1885,2024-04-14,0,,ACTIVE,2016 JOOLA NA Teams,0.0,1811.0,2016-11-25,2016-11-27
2017,San KoKo,Htet,25882,86077,"New York, NY",PINGPOD,1885,2024-08-25,1935,2024-06-11,ACTIVE,2023 JOOLA North American Teams,1865.0,1929.0,2023-11-24,2023-11-26
2017,San KoKo,Htet,25882,86077,"New York, NY",PINGPOD,1885,2024-08-25,1935,2024-06-11,ACTIVE,2022 JOOLA North American Teams,1838.0,1883.0,2022-11-25,2022-11-27
2021,Dorian,Nerjaku,103586,202586,Wyandanch,,1885,2024-03-31,0,,ACTIVE,2022 JOOLA North American Teams,1909.0,1977.0,2022-11-25,2022-11-27
2022,Benicio,Nix,171941,1171941,"Silver Spring, MD",Washington DC Table Tennis Center,1885,2024-08-25,0,,ACTIVE,2022 JOOLA North American Teams,1587.0,1617.0,2022-11-25,2022-11-27
2022,Benicio,Nix,171941,1171941,"Silver Spring, MD",Washington DC Table Tennis Center,1885,2024-08-25,0,,ACTIVE,2021 Joola North American Team,1689.0,1689.0,2021-11-26,2021-11-28
2023,Jason,Leon,130470,229470,Coral Springs,,1885,2024-08-24,0,,ACTIVE,2019 JOOLA North American Teams,845.0,1353.0,2019-11-29,2019-12-01
2025,Christopher,Lehman,4309,7680,"Somerset, NJ","Princeton Pong, LLC",1885,2019-05-19,1915,2020-01-07,ACTIVE,JOOLA North American Teams,1867.0,1891.0,2018-11-23,2018-11-25
2025,Christopher,Lehman,4309,7680,"Somerset, NJ","Princeton Pong, LLC",1885,2019-05-19,1915,2020-01-07,ACTIVE,2014 JOOLA North American Teams Championships,2002.0,1971.0,2014-11-30,
2025,Christopher,Lehman,4309,7680,"Somerset, NJ","Princeton Pong, LLC",1885,2019-05-19,1915,2020-01-07,ACTIVE,North American Teams,1994.0,2031.0,2003-11-30,
2025,Christopher,Lehman,4309,7680,"Somerset, NJ","Princeton Pong, LLC",1885,2019-05-19,1915,2020-01-07,ACTIVE,1999 NA Teams 2,2057.0,2025.0,1999-11-28,
2025,Christopher,Lehman,4309,7680,"Somerset, NJ","Princeton Pong, LLC",1885,2019-05-19,1915,2020-01-07,ACTIVE,1998 North American Teams Cham,2101.0,2102.0,1998-11-29,
2026,Evelyn,Ma,173060,272060,"Bridgewater, NJ",,1884,2024-08-25,2096,2024-08-23,ACTIVE,2023 JOOLA North American Teams,1568.0,1690.0,2023-11-24,2023-11-26
2026,Evelyn,Ma,173060,272060,"Bridgewater, NJ",,1884,2024-08-25,2096,2024-08-23,ACTIVE,2022 JOOLA North American Teams,892.0,1198.0,2022-11-25,2022-11-27
2026,Evelyn,Ma,173060,272060,"Bridgewater, NJ",,1884,2024-08-25,2096,2024-08-23,ACTIVE,2021 Joola North American Team,0.0,557.0,2021-11-26,2021-11-28
2031,Lee,Abraham,114178,213178,"Austin, TX",,1883,2023-11-26,1586,2024-08-07,ACTIVE,2023 JOOLA North American Teams,1866.0,1883.0,2023-11-24,2023-11-26
2031,Lee,Abraham,114178,213178,"Austin, TX",,1883,2023-11-26,1586,2024-08-07,ACTIVE,2022 JOOLA North American Teams,1650.0,1856.0,2022-11-25,2022-11-27
2031,Lee,Abraham,114178,213178,"Austin, TX",,1883,2023-11-26,1586,2024-08-07,ACTIVE,2021 Joola North American Team,1652.0,1768.0,2021-11-26,2021-11-28
2031,Lee,Abraham,114178,213178,"Austin, TX",,1883,2023-11-26,1586,2024-08-07,ACTIVE,2019 JOOLA North American Teams,1749.0,1710.0,2019-11-29,2019-12-01
2031,Lee,Abraham,114178,213178,"Austin, TX",,1883,2023-11-26,1586,2024-08-07,ACTIVE,JOOLA North American Teams,1709.0,1704.0,2018-11-23,2018-11-25
2033,Fangxing (Fran),Li,4405,26027,"Knoxville, TN",Knoxville Table Tennis Club,1883,2024-08-10,1908,2022-04-28,ACTIVE,2023 JOOLA North American Teams,1899.0,1953.0,2023-11-24,2023-11-26
2033,Fangxing (Fran),Li,4405,26027,"Knoxville, TN",Knoxville Table Tennis Club,1883,2024-08-10,1908,2022-04-28,ACTIVE,2022 JOOLA North American Teams,1846.0,1909.0,2022-11-25,2022-11-27
2033,Fangxing (Fran),Li,4405,26027,"Knoxville, TN",Knoxville Table Tennis Club,1883,2024-08-10,1908,2022-04-28,ACTIVE,2019 JOOLA North American Teams,1836.0,1888.0,2019-11-29,2019-12-01
2033,Fangxing (Fran),Li,4405,26027,"Knoxville, TN",Knoxville Table Tennis Club,1883,2024-08-10,1908,2022-04-28,ACTIVE,JOOLA North American Teams,1748.0,1838.0,2018-11-23,2018-11-25
2033,Fangxing (Fran),Li,4405,26027,"Knoxville, TN",Knoxville Table Tennis Club,1883,2024-08-10,1908,2022-04-28,ACTIVE,20th Annual North American Team Championship Powered By JOOLA,1841.0,1786.0,2017-11-24,2017-11-26
2033,Fangxing (Fran),Li,4405,26027,"Knoxville, TN",Knoxville Table Tennis Club,1883,2024-08-10,1908,2022-04-28,ACTIVE,2016 JOOLA NA Teams,1776.0,1805.0,2016-11-25,2016-11-27
2033,Fangxing (Fran),Li,4405,26027,"Knoxville, TN",Knoxville Table Tennis Club,1883,2024-08-10,1908,2022-04-28,ACTIVE,2014 JOOLA North American Teams Championships,1752.0,1800.0,2014-11-30,
2036,Grigoriy,Yasinov,8826,30117,"Baltimore, MD",,1883,2024-01-28,1662,2005-06-23,ACTIVE,2023 JOOLA North American Teams,1777.0,1891.0,2023-11-24,2023-11-26
2036,Grigoriy,Yasinov,8826,30117,"Baltimore, MD",,1883,2024-01-28,1662,2005-06-23,ACTIVE,2022 JOOLA North American Teams,1810.0,1757.0,2022-11-25,2022-11-27
2036,Grigoriy,Yasinov,8826,30117,"Baltimore, MD",,1883,2024-01-28,1662,2005-06-23,ACTIVE,2021 Joola North American Team,1855.0,1766.0,2021-11-26,2021-11-28
2036,Grigoriy,Yasinov,8826,30117,"Baltimore, MD",,1883,2024-01-28,1662,2005-06-23,ACTIVE,2019 JOOLA North American Teams,1756.0,1845.0,2019-11-29,2019-12-01
2036,Grigoriy,Yasinov,8826,30117,"Baltimore, MD",,1883,2024-01-28,1662,2005-06-23,ACTIVE,JOOLA North American Teams,1759.0,1914.0,2018-11-23,2018-11-25
2036,Grigoriy,Yasinov,8826,30117,"Baltimore, MD",,1883,2024-01-28,1662,2005-06-23,ACTIVE,20th Annual North American Team Championship Powered By JOOLA,1767.0,1819.0,2017-11-24,2017-11-26
2036,Grigoriy,Yasinov,8826,30117,"Baltimore, MD",,1883,2024-01-28,1662,2005-06-23,ACTIVE,2016 JOOLA NA Teams,1791.0,1821.0,2016-11-25,2016-11-27
2036,Grigoriy,Yasinov,8826,30117,"Baltimore, MD",,1883,2024-01-28,1662,2005-06-23,ACTIVE,2015 JOOLA North American Teams Championships,1865.0,1812.0,2015-11-29,
2036,Grigoriy,Yasinov,8826,30117,"Baltimore, MD",,1883,2024-01-28,1662,2005-06-23,ACTIVE,2014 JOOLA North American Teams Championships,1913.0,1865.0,2014-11-30,
2037,Sarit,Roy,104066,203066,"Beaverton, OR",Paddle Palace Club,1883,2024-09-08,0,,ACTIVE,2021 Joola North American Team,1820.0,1970.0,2021-11-26,2021-11-28
2039,Ron,Zharzhavsky,122716,221716,"Congers, NY",Westchester Table Tennis Center,1882,2024-07-28,1036,2023-08-27,ACTIVE,2023 JOOLA North American Teams,1864.0,1804.0,2023-11-24,2023-11-26
2041,Henry,Mccoullum,5101,8191,"State College, PA",Penn State University Table Tennis Club,1882,2023-11-26,2109,2009-02-11,ACTIVE,2023 JOOLA North American Teams,1886.0,1882.0,2023-11-24,2023-11-26
2041,Henry,Mccoullum,5101,8191,"State College, PA",Penn State University Table Tennis Club,1882,2023-11-26,2109,2009-02-11,ACTIVE,2022 JOOLA North American Teams,1889.0,1886.0,2022-11-25,2022-11-27
2041,Henry,Mccoullum,5101,8191,"State College, PA",Penn State University Table Tennis Club,1882,2023-11-26,2109,2009-02-11,ACTIVE,2021 Joola North American Team,1980.0,1889.0,2021-11-26,2021-11-28
2041,Henry,Mccoullum,5101,8191,"State College, PA",Penn State University Table Tennis Club,1882,2023-11-26,2109,2009-02-11,ACTIVE,JOOLA North American Teams,2033.0,1999.0,2018-11-23,2018-11-25
2041,Henry,Mccoullum,5101,8191,"State College, PA",Penn State University Table Tennis Club,1882,2023-11-26,2109,2009-02-11,ACTIVE,20th Annual North American Team Championship Powered By JOOLA,1916.0,2014.0,2017-11-24,2017-11-26
2041,Henry,Mccoullum,5101,8191,"State College, PA",Penn State University Table Tennis Club,1882,2023-11-26,2109,2009-02-11,ACTIVE,2016 JOOLA NA Teams,1952.0,1921.0,2016-11-25,2016-11-27
2041,Henry,Mccoullum,5101,8191,"State College, PA",Penn State University Table Tennis Club,1882,2023-11-26,2109,2009-02-11,ACTIVE,2015 JOOLA North American Teams Championships,2079.0,1990.0,2015-11-29,
2041,Henry,Mccoullum,5101,8191,"State College, PA",Penn State University Table Tennis Club,1882,2023-11-26,2109,2009-02-11,ACTIVE,2014 JOOLA North American Teams Championships,1966.0,2094.0,2014-11-30,
2041,Henry,Mccoullum,5101,8191,"State College, PA",Penn State University Table Tennis Club,1882,2023-11-26,2109,2009-02-11,ACTIVE,North American Teams,2170.0,2150.0,2003-11-30,
2041,Henry,Mccoullum,5101,8191,"State College, PA",Penn State University Table Tennis Club,1882,2023-11-26,2109,2009-02-11,ACTIVE,1999 NA Teams 2,2114.0,2151.0,1999-11-28,
2041,Henry,Mccoullum,5101,8191,"State College, PA",Penn State University Table Tennis Club,1882,2023-11-26,2109,2009-02-11,ACTIVE,1998 North American Teams Cham,2163.0,2137.0,1998-11-29,
2051,Reginald,Tan,176357,275357,Rowland Heights,,1880,2024-04-20,1941,2024-01-26,ACTIVE,2022 JOOLA North American Teams,1762.0,1881.0,2022-11-25,2022-11-27
2058,Sambit,Kanjilal,157439,1157439,Austin,,1879,2023-03-18,1801,2022-12-28,ACTIVE,2022 JOOLA North American Teams,1870.0,1881.0,2022-11-25,2022-11-27
2059,Robert,Page,5889,59575,"Boston, MA",,1878,2023-12-03,1946,2023-12-01,ACTIVE,2023 JOOLA North American Teams,1865.0,1907.0,2023-11-24,2023-11-26
2059,Robert,Page,5889,59575,"Boston, MA",,1878,2023-12-03,1946,2023-12-01,ACTIVE,2021 Joola North American Team,1943.0,1868.0,2021-11-26,2021-11-28
2059,Robert,Page,5889,59575,"Boston, MA",,1878,2023-12-03,1946,2023-12-01,ACTIVE,2019 JOOLA North American Teams,1969.0,1931.0,2019-11-29,2019-12-01
2059,Robert,Page,5889,59575,"Boston, MA",,1878,2023-12-03,1946,2023-12-01,ACTIVE,JOOLA North American Teams,1915.0,2045.0,2018-11-23,2018-11-25
2059,Robert,Page,5889,59575,"Boston, MA",,1878,2023-12-03,1946,2023-12-01,ACTIVE,20th Annual North American Team Championship Powered By JOOLA,1883.0,1974.0,2017-11-24,2017-11-26
2059,Robert,Page,5889,59575,"Boston, MA",,1878,2023-12-03,1946,2023-12-01,ACTIVE,2016 JOOLA NA Teams,1885.0,1926.0,2016-11-25,2016-11-27
2061,Jeffrey,Smart,7222,22901,"Columbia, MD",Howard County Table Tennis Club,1878,2019-12-01,1984,2011-03-12,ACTIVE,2019 JOOLA North American Teams,1928.0,1878.0,2019-11-29,2019-12-01
2061,Jeffrey,Smart,7222,22901,"Columbia, MD",Howard County Table Tennis Club,1878,2019-12-01,1984,2011-03-12,ACTIVE,JOOLA North American Teams,1930.0,1955.0,2018-11-23,2018-11-25
2061,Jeffrey,Smart,7222,22901,"Columbia, MD",Howard County Table Tennis Club,1878,2019-12-01,1984,2011-03-12,ACTIVE,20th Annual North American Team Championship Powered By JOOLA,1900.0,1897.0,2017-11-24,2017-11-26
2061,Jeffrey,Smart,7222,22901,"Columbia, MD",Howard County Table Tennis Club,1878,2019-12-01,1984,2011-03-12,ACTIVE,2016 JOOLA NA Teams,2018.0,1908.0,2016-11-25,2016-11-27
2061,Jeffrey,Smart,7222,22901,"Columbia, MD",Howard County Table Tennis Club,1878,2019-12-01,1984,2011-03-12,ACTIVE,2015 JOOLA North American Teams Championships,2010.0,2018.0,2015-11-29,
2061,Jeffrey,Smart,7222,22901,"Columbia, MD",Howard County Table Tennis Club,1878,2019-12-01,1984,2011-03-12,ACTIVE,2014 JOOLA North American Teams Championships,2030.0,2010.0,2014-11-30,
2068,Stephanie,Bai,172772,271772,"Toronto, FN",,1878,2024-06-30,0,,ACTIVE,2023 JOOLA North American Teams,1819.0,1780.0,2023-11-24,2023-11-26
2072,Alexander,Chasteen,1096,95742,"New York, NY",,1877,2024-08-25,1200,2016-06-26,ACTIVE,2023 JOOLA North American Teams,1814.0,1789.0,2023-11-24,2023-11-26
2072,Alexander,Chasteen,1096,95742,"New York, NY",,1877,2024-08-25,1200,2016-06-26,ACTIVE,2022 JOOLA North American Teams,1251.0,1852.0,2022-11-25,2022-11-27
2075,Jun Tae,Huh,175772,274772,"Fort Lee, NJ",Han-In Table Tennis Club,1877,2023-11-26,2053,2024-07-05,ACTIVE,2023 JOOLA North American Teams,1705.0,1877.0,2023-11-24,2023-11-26
2076,Marius,Wechsler,8375,10970,"Mt. Laurel, NJ",West Jersey Table Tennis Club,1876,2024-09-08,1996,2024-09-05,ACTIVE,2023 JOOLA North American Teams,2064.0,1883.0,2023-11-24,2023-11-26
2076,Marius,Wechsler,8375,10970,"Mt. Laurel, NJ",West Jersey Table Tennis Club,1876,2024-09-08,1996,2024-09-05,ACTIVE,North American Teams,2134.0,2100.0,2003-11-30,
2078,George,Nie,5696,71290,"Annandale, VA",Northern VA Table Tennis Center (NOVATTC),1876,2024-07-14,1890,2016-08-12,ACTIVE,2023 JOOLA North American Teams,1891.0,1884.0,2023-11-24,2023-11-26
2078,George,Nie,5696,71290,"Annandale, VA",Northern VA Table Tennis Center (NOVATTC),1876,2024-07-14,1890,2016-08-12,ACTIVE,2022 JOOLA North American Teams,1842.0,1920.0,2022-11-25,2022-11-27
2078,George,Nie,5696,71290,"Annandale, VA",Northern VA Table Tennis Center (NOVATTC),1876,2024-07-14,1890,2016-08-12,ACTIVE,2019 JOOLA North American Teams,1834.0,1942.0,2019-11-29,2019-12-01
2078,George,Nie,5696,71290,"Annandale, VA",Northern VA Table Tennis Center (NOVATTC),1876,2024-07-14,1890,2016-08-12,ACTIVE,2016 JOOLA NA Teams,2019.0,1983.0,2016-11-25,2016-11-27
2078,George,Nie,5696,71290,"Annandale, VA",Northern VA Table Tennis Center (NOVATTC),1876,2024-07-14,1890,2016-08-12,ACTIVE,2015 JOOLA North American Teams Championships,2045.0,1947.0,2015-11-29,
2078,George,Nie,5696,71290,"Annandale, VA",Northern VA Table Tennis Center (NOVATTC),1876,2024-07-14,1890,2016-08-12,ACTIVE,2014 JOOLA North American Teams Championships,1945.0,2046.0,2014-11-30,
2093,Xun,Lin,124945,223945,"Ann Arbor, MI",Michigan Table Tennis Academy,1873,2024-08-31,1807,2022-05-17,ACTIVE,2023 JOOLA North American Teams,1887.0,1721.0,2023-11-24,2023-11-26
2093,Xun,Lin,124945,223945,"Ann Arbor, MI",Michigan Table Tennis Academy,1873,2024-08-31,1807,2022-05-17,ACTIVE,2022 JOOLA North American Teams,1833.0,1742.0,2022-11-25,2022-11-27
2093,Xun,Lin,124945,223945,"Ann Arbor, MI",Michigan Table Tennis Academy,1873,2024-08-31,1807,2022-05-17,ACTIVE,2021 Joola North American Team,1703.0,1601.0,2021-11-26,2021-11-28
2095,Nicholas,Wuensch,151189,1151189,"Jersey City, NJ",HiTT,1873,2024-08-11,1919,2024-09-03,ACTIVE,2023 JOOLA North American Teams,1928.0,1908.0,2023-11-24,2023-11-26
2095,Nicholas,Wuensch,151189,1151189,"Jersey City, NJ",HiTT,1873,2024-08-11,1919,2024-09-03,ACTIVE,2022 JOOLA North American Teams,1799.0,1758.0,2022-11-25,2022-11-27
2097,Shiheng,Qiu,116243,215243,"Frisco, TX",,1872,2023-11-26,1689,2019-10-26,ACTIVE,2023 JOOLA North American Teams,1884.0,1872.0,2023-11-24,2023-11-26
2100,Abolaji,Ogunshola,5780,85099,"Mansfield, TX",,1872,2024-08-24,2106,2019-11-22,ACTIVE,2023 JOOLA North American Teams,1945.0,1961.0,2023-11-24,2023-11-26
2100,Abolaji,Ogunshola,5780,85099,"Mansfield, TX",,1872,2024-08-24,2106,2019-11-22,ACTIVE,2019 JOOLA North American Teams,1935.0,2043.0,2019-11-29,2019-12-01
2100,Abolaji,Ogunshola,5780,85099,"Mansfield, TX",,1872,2024-08-24,2106,2019-11-22,ACTIVE,20th Annual North American Team Championship Powered By JOOLA,1933.0,2071.0,2017-11-24,2017-11-26
2100,Abolaji,Ogunshola,5780,85099,"Mansfield, TX",,1872,2024-08-24,2106,2019-11-22,ACTIVE,2014 JOOLA North American Teams Championships,1986.0,1918.0,2014-11-30,
2111,Kui,Zhang,55517,32162,"Houghton, MI",,1871,2024-08-04,1945,2017-08-22,ACTIVE,2023 JOOLA North American Teams,1868.0,1905.0,2023-11-24,2023-11-26
2111,Kui,Zhang,55517,32162,"Houghton, MI",,1871,2024-08-04,1945,2017-08-22,ACTIVE,2022 JOOLA North American Teams,1777.0,1834.0,2022-11-25,2022-11-27
2111,Kui,Zhang,55517,32162,"Houghton, MI",,1871,2024-08-04,1945,2017-08-22,ACTIVE,2019 JOOLA North American Teams,1851.0,1811.0,2019-11-29,2019-12-01
2111,Kui,Zhang,55517,32162,"Houghton, MI",,1871,2024-08-04,1945,2017-08-22,ACTIVE,JOOLA North American Teams,1882.0,1893.0,2018-11-23,2018-11-25
2111,Kui,Zhang,55517,32162,"Houghton, MI",,1871,2024-08-04,1945,2017-08-22,ACTIVE,20th Annual North American Team Championship Powered By JOOLA,1881.0,1941.0,2017-11-24,2017-11-26
2113,Alice,Chen,171853,1171853,"San Jose, CA",888 Table Tennis Center,1870,2024-09-02,1502,2024-09-07,ACTIVE,2023 JOOLA North American Teams,1795.0,1902.0,2023-11-24,2023-11-26
2117,Leo,Shao,173507,1173507,,,1870,2024-07-13,0,,ACTIVE,2023 JOOLA North American Teams,1605.0,1528.0,2023-11-24,2023-11-26
2117,Leo,Shao,173507,1173507,,,1870,2024-07-13,0,,ACTIVE,2022 JOOLA North American Teams,884.0,956.0,2022-11-25,2022-11-27
2117,Leo,Shao,173507,1173507,,,1870,2024-07-13,0,,ACTIVE,2021 Joola North American Team,0.0,639.0,2021-11-26,2021-11-28
2121,Caleb,Jiménez Rodríguez,132342,1132342,,,1870,2024-04-14,0,,ACTIVE,2019 JOOLA North American Teams,1826.0,1950.0,2019-11-29,2019-12-01
2121,Caleb,Jiménez Rodríguez,132342,1132342,,,1870,2024-04-14,0,,ACTIVE,JOOLA North American Teams,0.0,1826.0,2018-11-23,2018-11-25
2123,George,Davis,1638,10910,"Peoria, AZ",,1869,2018-03-02,1848,2021-06-07,ACTIVE,2016 JOOLA NA Teams,1764.0,1759.0,2016-11-25,2016-11-27
2123,George,Davis,1638,10910,"Peoria, AZ",,1869,2018-03-02,1848,2021-06-07,ACTIVE,2015 JOOLA North American Teams Championships,1781.0,1764.0,2015-11-29,
2123,George,Davis,1638,10910,"Peoria, AZ",,1869,2018-03-02,1848,2021-06-07,ACTIVE,2014 JOOLA North American Teams Championships,1581.0,1781.0,2014-11-30,
2125,Daniel,Dreano,131757,1131757,"Raleigh, NC",Triangle Badminton & Table Tennis,1869,2024-08-04,0,,ACTIVE,2023 JOOLA North American Teams,2016.0,1884.0,2023-11-24,2023-11-26
2125,Daniel,Dreano,131757,1131757,"Raleigh, NC",Triangle Badminton & Table Tennis,1869,2024-08-04,0,,ACTIVE,2022 JOOLA North American Teams,1867.0,1898.0,2022-11-25,2022-11-27
2125,Daniel,Dreano,131757,1131757,"Raleigh, NC",Triangle Badminton & Table Tennis,1869,2024-08-04,0,,ACTIVE,2021 Joola North American Team,1816.0,1845.0,2021-11-26,2021-11-28
2125,Daniel,Dreano,131757,1131757,"Raleigh, NC",Triangle Badminton & Table Tennis,1869,2024-08-04,0,,ACTIVE,2019 JOOLA North American Teams,1794.0,1571.0,2019-11-29,2019-12-01
2126,Jurgen,Strobach Lovon,176625,1176625,"Bethesda, MD",MDTTC - Maryland Table Tennis Center,1869,2024-08-25,0,,ACTIVE,2023 JOOLA North American Teams,1840.0,1819.0,2023-11-24,2023-11-26
2134,Bhavesh,Shah,171387,270387,"Woodbridge, NJ",Lily Yip Table Tennis Center,1867,2024-06-09,2052,2024-08-07,ACTIVE,2023 JOOLA North American Teams,1893.0,1919.0,2023-11-24,2023-11-26
2134,Bhavesh,Shah,171387,270387,"Woodbridge, NJ",Lily Yip Table Tennis Center,1867,2024-06-09,2052,2024-08-07,ACTIVE,2022 JOOLA North American Teams,1896.0,1893.0,2022-11-25,2022-11-27
2134,Bhavesh,Shah,171387,270387,"Woodbridge, NJ",Lily Yip Table Tennis Center,1867,2024-06-09,2052,2024-08-07,ACTIVE,2021 Joola North American Team,1727.0,1895.0,2021-11-26,2021-11-28
2136,Chris,Quesada,6315,79039,"Pensacola, FL",Pensacola Table Tennis Club,1867,2024-06-08,0,,ACTIVE,2023 JOOLA North American Teams,1908.0,1860.0,2023-11-24,2023-11-26
2136,Chris,Quesada,6315,79039,"Pensacola, FL",Pensacola Table Tennis Club,1867,2024-06-08,0,,ACTIVE,2019 JOOLA North American Teams,1845.0,1932.0,2019-11-29,2019-12-01
2136,Chris,Quesada,6315,79039,"Pensacola, FL",Pensacola Table Tennis Club,1867,2024-06-08,0,,ACTIVE,JOOLA North American Teams,1868.0,1851.0,2018-11-23,2018-11-25
2149,Kunal,Tungare,169734,268734,,,1865,2023-11-26,1859,2024-01-19,ACTIVE,2023 JOOLA North American Teams,1874.0,1865.0,2023-11-24,2023-11-26
2149,Kunal,Tungare,169734,268734,,,1865,2023-11-26,1859,2024-01-19,ACTIVE,2022 JOOLA North American Teams,1879.0,1856.0,2022-11-25,2022-11-27
2149,Kunal,Tungare,169734,268734,,,1865,2023-11-26,1859,2024-01-19,ACTIVE,2021 Joola North American Team,1979.0,1879.0,2021-11-26,2021-11-28
2152,Joshua,Moyer,171385,1171385,"York, PA",Manor Table Tennis Club,1865,2024-08-04,0,,ACTIVE,2023 JOOLA North American Teams,2048.0,2028.0,2023-11-24,2023-11-26
2152,Joshua,Moyer,171385,1171385,"York, PA",Manor Table Tennis Club,1865,2024-08-04,0,,ACTIVE,2022 JOOLA North American Teams,1879.0,1897.0,2022-11-25,2022-11-27
2153,Derek,Lee,31366,75598,"Lawrenceville, GA",Atlanta International Table Tennis Academy,1865,2023-11-26,0,,ACTIVE,2023 JOOLA North American Teams,1741.0,1865.0,2023-11-24,2023-11-26
2153,Derek,Lee,31366,75598,"Lawrenceville, GA",Atlanta International Table Tennis Academy,1865,2023-11-26,0,,ACTIVE,2019 JOOLA North American Teams,1743.0,1729.0,2019-11-29,2019-12-01
2153,Derek,Lee,31366,75598,"Lawrenceville, GA",Atlanta International Table Tennis Academy,1865,2023-11-26,0,,ACTIVE,2015 JOOLA North American Teams Championships,1853.0,1720.0,2015-11-29,
2153,Derek,Lee,31366,75598,"Lawrenceville, GA",Atlanta International Table Tennis Academy,1865,2023-11-26,0,,ACTIVE,2014 JOOLA North American Teams Championships,1770.0,1853.0,2014-11-30,
2154,Stan,Pease,6037,43556,"Evansville, IN",,1865,2018-03-02,0,,ACTIVE,North American Teams,1985.0,2036.0,2003-11-30,
2156,Alfred,John,93578,73278,Oshawa,,1864,2023-11-26,0,,ACTIVE,2023 JOOLA North American Teams,1933.0,1864.0,2023-11-24,2023-11-26
2156,Alfred,John,93578,73278,Oshawa,,1864,2023-11-26,0,,ACTIVE,JOOLA North American Teams,1900.0,1933.0,2018-11-23,2018-11-25
2156,Alfred,John,93578,73278,Oshawa,,1864,2023-11-26,0,,ACTIVE,20th Annual North American Team Championship Powered By JOOLA,1981.0,1716.0,2017-11-24,2017-11-26
2156,Alfred,John,93578,73278,Oshawa,,1864,2023-11-26,0,,ACTIVE,2016 JOOLA NA Teams,2026.0,1981.0,2016-11-25,2016-11-27
2156,Alfred,John,93578,73278,Oshawa,,1864,2023-11-26,0,,ACTIVE,2015 JOOLA North American Teams Championships,2047.0,2026.0,2015-11-29,
2156,Alfred,John,93578,73278,Oshawa,,1864,2023-11-26,0,,ACTIVE,2014 JOOLA North American Teams Championships,2030.0,2047.0,2014-11-30,
2157,Xinyang,Li,176791,1176791,Langley Bc,,1864,2024-02-04,0,,ACTIVE,2023 JOOLA North American Teams,1725.0,1852.0,2023-11-24,2023-11-26
2161,Natalia,Gasio Morales,94229,80713,"Fair Haven, FN",,1863,2024-04-14,2066,2023-09-08,ACTIVE,2023 JOOLA North American Teams,1974.0,1933.0,2023-11-24,2023-11-26
2161,Natalia,Gasio Morales,94229,80713,"Fair Haven, FN",,1863,2024-04-14,2066,2023-09-08,ACTIVE,2022 JOOLA North American Teams,1879.0,2013.0,2022-11-25,2022-11-27
2166,Ananya,Singaraju,165013,264013,"Austin, TX",Lonestar Table Tennis Academy,1863,2024-08-31,1769,2024-05-08,ACTIVE,2022 JOOLA North American Teams,1447.0,1584.0,2022-11-25,2022-11-27
2170,John,Lee,31456,25372,"Durham, NC",Triangle Badminton & Table Tennis,1862,2024-08-04,0,,ACTIVE,20th Annual North American Team Championship Powered By JOOLA,1903.0,1960.0,2017-11-24,2017-11-26
2170,John,Lee,31456,25372,"Durham, NC",Triangle Badminton & Table Tennis,1862,2024-08-04,0,,ACTIVE,2016 JOOLA NA Teams,1954.0,1870.0,2016-11-25,2016-11-27
2170,John,Lee,31456,25372,"Durham, NC",Triangle Badminton & Table Tennis,1862,2024-08-04,0,,ACTIVE,2015 JOOLA North American Teams Championships,1988.0,1982.0,2015-11-29,
2170,John,Lee,31456,25372,"Durham, NC",Triangle Badminton & Table Tennis,1862,2024-08-04,0,,ACTIVE,2014 JOOLA North American Teams Championships,1934.0,1989.0,2014-11-30,
2176,Liam,Cannon,121307,220307,"West Greenwich, RI",RHODE ISLAND TTA,1861,2024-08-25,0,,ACTIVE,2023 JOOLA North American Teams,1775.0,1775.0,2023-11-24,2023-11-26
2179,Yan,Hu,182702,281702,"Morrisville, NC",,1860,2024-08-04,0,,ACTIVE,2023 JOOLA North American Teams,0.0,1730.0,2023-11-24,2023-11-26
2180,Bigler Lionel,Bigler Lionel,182754,1182754,,,1860,2023-11-26,0,,ACTIVE,2023 JOOLA North American Teams,0.0,1860.0,2023-11-24,2023-11-26
2182,Zhiyuan,Dong,166888,265888,"Taiyuan, DE",,1860,2023-11-26,1913,2022-11-04,ACTIVE,2023 JOOLA North American Teams,1931.0,1860.0,2023-11-24,2023-11-26
2182,Zhiyuan,Dong,166888,265888,"Taiyuan, DE",,1860,2023-11-26,1913,2022-11-04,ACTIVE,2022 JOOLA North American Teams,1899.0,1931.0,2022-11-25,2022-11-27
2182,Zhiyuan,Dong,166888,265888,"Taiyuan, DE",,1860,2023-11-26,1913,2022-11-04,ACTIVE,2021 Joola North American Team,865.0,1679.0,2021-11-26,2021-11-28
2187,George,Kennedy,3695,7223,"Minneapolis, MN",,1859,2018-03-02,0,,ACTIVE,1998 North American Teams Cham,2034.0,1767.0,1998-11-29,
2188,Venkata,Krishna,3955,94903,"Arlington, VA",,1859,2024-01-28,0,,ACTIVE,2023 JOOLA North American Teams,1965.0,1931.0,2023-11-24,2023-11-26
2188,Venkata,Krishna,3955,94903,"Arlington, VA",,1859,2024-01-28,0,,ACTIVE,2014 JOOLA North American Teams Championships,0.0,1965.0,2014-11-30,
2192,Jaykob,Aksoy,169761,268761,"Roswell, GA",East Cobb Sports Table Tennis,1858,2024-03-02,0,,ACTIVE,2023 JOOLA North American Teams,1678.0,1846.0,2023-11-24,2023-11-26
2192,Jaykob,Aksoy,169761,268761,"Roswell, GA",East Cobb Sports Table Tennis,1858,2024-03-02,0,,ACTIVE,2022 JOOLA North American Teams,1748.0,1853.0,2022-11-25,2022-11-27
2195,Flint,Lane,4119,86433,"Naples, FL","Princeton Pong, LLC",1857,2024-07-07,1940,2020-12-01,ACTIVE,2022 JOOLA North American Teams,1855.0,1891.0,2022-11-25,2022-11-27
2195,Flint,Lane,4119,86433,"Naples, FL","Princeton Pong, LLC",1857,2024-07-07,1940,2020-12-01,ACTIVE,2019 JOOLA North American Teams,1880.0,1779.0,2019-11-29,2019-12-01
2202,Max,Yenlee,112730,211730,"New York, NY",,1856,2024-08-25,0,,ACTIVE,2021 Joola North American Team,1725.0,1811.0,2021-11-26,2021-11-28
2206,Arseni,Mouchinski,150994,1150994,"Cranford, NJ",Lily Yip Table Tennis Center,1856,2024-08-25,1955,2024-09-06,ACTIVE,2023 JOOLA North American Teams,1779.0,1945.0,2023-11-24,2023-11-26
2206,Arseni,Mouchinski,150994,1150994,"Cranford, NJ",Lily Yip Table Tennis Center,1856,2024-08-25,1955,2024-09-06,ACTIVE,2022 JOOLA North American Teams,1658.0,1730.0,2022-11-25,2022-11-27
2206,Arseni,Mouchinski,150994,1150994,"Cranford, NJ",Lily Yip Table Tennis Center,1856,2024-08-25,1955,2024-09-06,ACTIVE,2021 Joola North American Team,1652.0,1863.0,2021-11-26,2021-11-28
2206,Arseni,Mouchinski,150994,1150994,"Cranford, NJ",Lily Yip Table Tennis Center,1856,2024-08-25,1955,2024-09-06,ACTIVE,2019 JOOLA North American Teams,1259.0,1393.0,2019-11-29,2019-12-01
2211,Yuwen,Li,121183,220183,"Tualatin, OR",Paddle Palace Club,1855,2024-09-08,0,,ACTIVE,2022 JOOLA North American Teams,2024.0,1993.0,2022-11-25,2022-11-27
2212,Geovanni,Quinones,168837,1168837,"Guaynabo, CA",,1855,2024-04-14,0,,ACTIVE,2021 Joola North American Team,1707.0,1659.0,2021-11-26,2021-11-28
2212,Geovanni,Quinones,168837,1168837,"Guaynabo, CA",,1855,2024-04-14,0,,ACTIVE,2019 JOOLA North American Teams,0.0,1274.0,2019-11-29,2019-12-01
2218,Winston,Dowridge,1827,61248,"Jacksonville, FL",,1853,2024-06-16,0,,ACTIVE,2021 Joola North American Team,2022.0,1835.0,2021-11-26,2021-11-28
2227,Mayur,Mistry,120023,219023,"Milpitas, CA",,1851,2022-11-27,1964,2024-06-29,ACTIVE,2022 JOOLA North American Teams,1838.0,1851.0,2022-11-25,2022-11-27
2227,Mayur,Mistry,120023,219023,"Milpitas, CA",,1851,2022-11-27,1964,2024-06-29,ACTIVE,2019 JOOLA North American Teams,1675.0,1837.0,2019-11-29,2019-12-01
2233,Maziar,Mohammadi,5345,17161,"Denver, CO",DenverPong,1850,2024-07-07,1866,2015-08-27,ACTIVE,2023 JOOLA North American Teams,1923.0,1948.0,2023-11-24,2023-11-26
2233,Maziar,Mohammadi,5345,17161,"Denver, CO",DenverPong,1850,2024-07-07,1866,2015-08-27,ACTIVE,2019 JOOLA North American Teams,1858.0,1690.0,2019-11-29,2019-12-01
2233,Maziar,Mohammadi,5345,17161,"Denver, CO",DenverPong,1850,2024-07-07,1866,2015-08-27,ACTIVE,2014 JOOLA North American Teams Championships,1821.0,1776.0,2014-11-30,
2235,Melvin,Yao,170998,1170998,"Basking Ridge, NJ",Lily Yip Table Tennis Center,1850,2024-06-16,1947,2024-09-06,ACTIVE,2023 JOOLA North American Teams,1753.0,1649.0,2023-11-24,2023-11-26
2235,Melvin,Yao,170998,1170998,"Basking Ridge, NJ",Lily Yip Table Tennis Center,1850,2024-06-16,1947,2024-09-06,ACTIVE,2022 JOOLA North American Teams,1240.0,1531.0,2022-11-25,2022-11-27
2235,Melvin,Yao,170998,1170998,"Basking Ridge, NJ",Lily Yip Table Tennis Center,1850,2024-06-16,1947,2024-09-06,ACTIVE,2021 Joola North American Team,779.0,1182.0,2021-11-26,2021-11-28
2244,Jim,Tsung,50249,8408,,,1848,2023-11-26,2107,2017-12-21,ACTIVE,2023 JOOLA North American Teams,1844.0,1848.0,2023-11-24,2023-11-26
2244,Jim,Tsung,50249,8408,,,1848,2023-11-26,2107,2017-12-21,ACTIVE,2022 JOOLA North American Teams,1889.0,1844.0,2022-11-25,2022-11-27
2244,Jim,Tsung,50249,8408,,,1848,2023-11-26,2107,2017-12-21,ACTIVE,2019 JOOLA North American Teams,2016.0,1889.0,2019-11-29,2019-12-01
2244,Jim,Tsung,50249,8408,,,1848,2023-11-26,2107,2017-12-21,ACTIVE,2016 JOOLA NA Teams,2067.0,2016.0,2016-11-25,2016-11-27
2248,Engin,Erdogan,2001,90479,"New York, NY",Spin NY,1848,2023-12-30,1929,2023-06-14,ACTIVE,2023 JOOLA North American Teams,1743.0,1826.0,2023-11-24,2023-11-26
2252,Grant,Zou,172539,271539,"Whippany, NJ",Matchpoint Table Tennis Center NJ,1848,2024-04-28,1761,2023-05-05,ACTIVE,2023 JOOLA North American Teams,1885.0,1850.0,2023-11-24,2023-11-26
2252,Grant,Zou,172539,271539,"Whippany, NJ",Matchpoint Table Tennis Center NJ,1848,2024-04-28,1761,2023-05-05,ACTIVE,2022 JOOLA North American Teams,1509.0,1614.0,2022-11-25,2022-11-27
2252,Grant,Zou,172539,271539,"Whippany, NJ",Matchpoint Table Tennis Center NJ,1848,2024-04-28,1761,2023-05-05,ACTIVE,2021 Joola North American Team,924.0,1333.0,2021-11-26,2021-11-28
2254,Yat To,Yeung,116064,215064,"Ann Arbor, MI",,1847,2024-08-25,0,,ACTIVE,2023 JOOLA North American Teams,1898.0,1867.0,2023-11-24,2023-11-26
2260,Levi,Leder,4211,94823,"Woodbury, NY",,1846,2024-04-28,1779,2020-03-06,ACTIVE,2019 JOOLA North American Teams,1637.0,1578.0,2019-11-29,2019-12-01
2265,Timothy,Cudjoe,174103,1174103,Brooklyn,,1845,2024-07-28,1760,2024-09-03,ACTIVE,2023 JOOLA North American Teams,1711.0,1778.0,2023-11-24,2023-11-26
2265,Timothy,Cudjoe,174103,1174103,Brooklyn,,1845,2024-07-28,1760,2024-09-03,ACTIVE,2022 JOOLA North American Teams,1410.0,1637.0,2022-11-25,2022-11-27
2274,Rick,Hicks,2999,21825,"Indianapolis, IN",,1844,2019-07-05,0,,ACTIVE,20th Annual North American Team Championship Powered By JOOLA,1940.0,1866.0,2017-11-24,2017-11-26
2276,Jayden,Lin,175970,1175970,Princeton,,1843,2024-08-04,0,,ACTIVE,2023 JOOLA North American Teams,2004.0,1791.0,2023-11-24,2023-11-26
2276,Jayden,Lin,175970,1175970,Princeton,,1843,2024-08-04,0,,ACTIVE,2022 JOOLA North American Teams,1545.0,1251.0,2022-11-25,2022-11-27
2278,Sudarshan,Gundurao,23464,78229,"New York, NY",,1843,2024-01-13,1938,2018-03-30,ACTIVE,2023 JOOLA North American Teams,1949.0,1927.0,2023-11-24,2023-11-26
2279,Isabella,Zai,157628,1157628,"Westwood, MA",Massachusetts Table Tennis and Badminton Club,1843,2024-07-07,1867,2024-02-09,ACTIVE,2023 JOOLA North American Teams,1925.0,1874.0,2023-11-24,2023-11-26
2279,Isabella,Zai,157628,1157628,"Westwood, MA",Massachusetts Table Tennis and Badminton Club,1843,2024-07-07,1867,2024-02-09,ACTIVE,2022 JOOLA North American Teams,1967.0,1886.0,2022-11-25,2022-11-27
2279,Isabella,Zai,157628,1157628,"Westwood, MA",Massachusetts Table Tennis and Badminton Club,1843,2024-07-07,1867,2024-02-09,ACTIVE,2021 Joola North American Team,1639.0,1744.0,2021-11-26,2021-11-28
2279,Isabella,Zai,157628,1157628,"Westwood, MA",Massachusetts Table Tennis and Badminton Club,1843,2024-07-07,1867,2024-02-09,ACTIVE,2019 JOOLA North American Teams,896.0,1223.0,2019-11-29,2019-12-01
2280,Naymaris,Hernandez Marti,173764,1173764,Utuado,,1843,2024-04-14,0,,ACTIVE,2022 JOOLA North American Teams,1200.0,1483.0,2022-11-25,2022-11-27
2281,Terence,Drassal,19148,64453,"Shoreview, MN",Table Tennis Minnesota,1843,2024-05-05,0,,ACTIVE,1999 NA Teams 2,1987.0,1933.0,1999-11-28,
2284,Jane,Medved,5159,95331,"Brooklyn, NY",,1842,2024-07-28,0,,ACTIVE,2023 JOOLA North American Teams,1822.0,1872.0,2023-11-24,2023-11-26
2284,Jane,Medved,5159,95331,"Brooklyn, NY",,1842,2024-07-28,0,,ACTIVE,2022 JOOLA North American Teams,1883.0,1860.0,2022-11-25,2022-11-27
2284,Jane,Medved,5159,95331,"Brooklyn, NY",,1842,2024-07-28,0,,ACTIVE,20th Annual North American Team Championship Powered By JOOLA,1653.0,1660.0,2017-11-24,2017-11-26
2285,Samuel,Altshuler,169772,1169772,"Mount Airy, MD",Maryland T.T. Association,1842,2024-08-10,0,,ACTIVE,2023 JOOLA North American Teams,1737.0,1728.0,2023-11-24,2023-11-26
2294,Jim,Mcqueen,5143,8260,"Raleigh, NC",,1841,2022-01-30,0,,ACTIVE,JOOLA North American Teams,1823.0,1905.0,2018-11-23,2018-11-25
2294,Jim,Mcqueen,5143,8260,"Raleigh, NC",,1841,2022-01-30,0,,ACTIVE,20th Annual North American Team Championship Powered By JOOLA,1891.0,1940.0,2017-11-24,2017-11-26
2294,Jim,Mcqueen,5143,8260,"Raleigh, NC",,1841,2022-01-30,0,,ACTIVE,2016 JOOLA NA Teams,1910.0,1903.0,2016-11-25,2016-11-27
2294,Jim,Mcqueen,5143,8260,"Raleigh, NC",,1841,2022-01-30,0,,ACTIVE,2015 JOOLA North American Teams Championships,1977.0,1964.0,2015-11-29,
2294,Jim,Mcqueen,5143,8260,"Raleigh, NC",,1841,2022-01-30,0,,ACTIVE,North American Teams,1966.0,1959.0,2003-11-30,
2294,Jim,Mcqueen,5143,8260,"Raleigh, NC",,1841,2022-01-30,0,,ACTIVE,1999 NA Teams 2,1984.0,2022.0,1999-11-28,
2294,Jim,Mcqueen,5143,8260,"Raleigh, NC",,1841,2022-01-30,0,,ACTIVE,1998 North American Teams Cham,1987.0,2041.0,1998-11-29,
2297,Antoine,Lessard,179890,278890,"Québec, FN",,1841,2024-06-30,0,,ACTIVE,2023 JOOLA North American Teams,1752.0,1851.0,2023-11-24,2023-11-26
2298,Kevin,Zywicki,56263,90515,"Troy, MI",Greater Michigan Table Tennis Organization,1841,2024-06-22,1644,2017-07-24,ACTIVE,2023 JOOLA North American Teams,1765.0,1858.0,2023-11-24,2023-11-26
2300,German,Lopezotero,170992,269992,"Pensacola, FL",Pensacola Table Tennis Club,1841,2024-06-08,0,,ACTIVE,2023 JOOLA North American Teams,1913.0,1838.0,2023-11-24,2023-11-26
2305,Doon,Wong,8549,11230,"Elmhurst, NY",,1840,2018-03-02,0,,ACTIVE,1999 NA Teams 2,1840.0,1841.0,1999-11-28,
2305,Doon,Wong,8549,11230,"Elmhurst, NY",,1840,2018-03-02,0,,ACTIVE,1998 North American Teams Cham,1836.0,1840.0,1998-11-29,
2307,Rath,Yin,118197,217197,"Austin, TX",Austin Table Tennis Club,1840,2024-06-30,1751,2024-08-14,ACTIVE,2023 JOOLA North American Teams,1784.0,1884.0,2023-11-24,2023-11-26
2307,Rath,Yin,118197,217197,"Austin, TX",Austin Table Tennis Club,1840,2024-06-30,1751,2024-08-14,ACTIVE,2021 Joola North American Team,1717.0,1878.0,2021-11-26,2021-11-28
2307,Rath,Yin,118197,217197,"Austin, TX",Austin Table Tennis Club,1840,2024-06-30,1751,2024-08-14,ACTIVE,2019 JOOLA North American Teams,1767.0,1738.0,2019-11-29,2019-12-01
2307,Rath,Yin,118197,217197,"Austin, TX",Austin Table Tennis Club,1840,2024-06-30,1751,2024-08-14,ACTIVE,JOOLA North American Teams,1574.0,1687.0,2018-11-23,2018-11-25
2310,Stephanie,Qin,176694,275694,"Fremont, CA",(TTA) Table Tennis America,1839,2024-07-07,1493,2024-06-30,ACTIVE,2023 JOOLA North American Teams,1790.0,1802.0,2023-11-24,2023-11-26
2311,Aarush,Yagnik,118582,217582,"Folsom, CA",Folsom Table Tennis Club,1839,2024-08-11,2052,2024-08-29,ACTIVE,20th Annual North American Team Championship Powered By JOOLA,1630.0,1748.0,2017-11-24,2017-11-26
2315,Kam,Bhatia,61982,1986,"ON, ON",,1838,2023-11-26,0,,ACTIVE,2023 JOOLA North American Teams,1889.0,1838.0,2023-11-24,2023-11-26
2315,Kam,Bhatia,61982,1986,"ON, ON",,1838,2023-11-26,0,,ACTIVE,JOOLA North American Teams,2049.0,1889.0,2018-11-23,2018-11-25
2317,Jim,Hayford,2890,6526,"Burlington, VT",,1838,2018-03-02,0,,ACTIVE,1998 North American Teams Cham,1834.0,1785.0,1998-11-29,
2330,Kenneth,Wong,172187,1172187,"Philadelphia, PA",,1837,2024-08-04,0,,ACTIVE,2023 JOOLA North American Teams,1801.0,1891.0,2023-11-24,2023-11-26
2333,David,Lee,173613,272613,"Fort Lee, NJ",TAK9 Club ,1836,2024-08-25,1567,2024-04-19,ACTIVE,2023 JOOLA North American Teams,1440.0,1581.0,2023-11-24,2023-11-26
2335,Frederick,Nicolas,5694,15334,"Stafford, VA",Potomac Country Table Tennis Club,1836,2024-07-14,2032,2017-08-04,ACTIVE,2023 JOOLA North American Teams,1915.0,1846.0,2023-11-24,2023-11-26
2335,Frederick,Nicolas,5694,15334,"Stafford, VA",Potomac Country Table Tennis Club,1836,2024-07-14,2032,2017-08-04,ACTIVE,2022 JOOLA North American Teams,1930.0,1960.0,2022-11-25,2022-11-27
2335,Frederick,Nicolas,5694,15334,"Stafford, VA",Potomac Country Table Tennis Club,1836,2024-07-14,2032,2017-08-04,ACTIVE,2021 Joola North American Team,2025.0,1930.0,2021-11-26,2021-11-28
2335,Frederick,Nicolas,5694,15334,"Stafford, VA",Potomac Country Table Tennis Club,1836,2024-07-14,2032,2017-08-04,ACTIVE,2019 JOOLA North American Teams,1982.0,2025.0,2019-11-29,2019-12-01
2335,Frederick,Nicolas,5694,15334,"Stafford, VA",Potomac Country Table Tennis Club,1836,2024-07-14,2032,2017-08-04,ACTIVE,JOOLA North American Teams,1912.0,1988.0,2018-11-23,2018-11-25
2335,Frederick,Nicolas,5694,15334,"Stafford, VA",Potomac Country Table Tennis Club,1836,2024-07-14,2032,2017-08-04,ACTIVE,20th Annual North American Team Championship Powered By JOOLA,1868.0,1937.0,2017-11-24,2017-11-26
2335,Frederick,Nicolas,5694,15334,"Stafford, VA",Potomac Country Table Tennis Club,1836,2024-07-14,2032,2017-08-04,ACTIVE,2016 JOOLA NA Teams,2109.0,1917.0,2016-11-25,2016-11-27
2335,Frederick,Nicolas,5694,15334,"Stafford, VA",Potomac Country Table Tennis Club,1836,2024-07-14,2032,2017-08-04,ACTIVE,2015 JOOLA North American Teams Championships,1920.0,1932.0,2015-11-29,
2335,Frederick,Nicolas,5694,15334,"Stafford, VA",Potomac Country Table Tennis Club,1836,2024-07-14,2032,2017-08-04,ACTIVE,2014 JOOLA North American Teams Championships,1966.0,1939.0,2014-11-30,
2336,Priyo,Chatterjee,15020,59036,"Brooklyn, NY",Nison's Table Tennis School,1836,2024-05-26,2010,2024-01-05,ACTIVE,2023 JOOLA North American Teams,1847.0,1825.0,2023-11-24,2023-11-26
2337,David,Elliott,1967,18762,"Bloomington, MN",,1836,2023-11-04,1806,2013-04-13,ACTIVE,1999 NA Teams 2,1429.0,1467.0,1999-11-28,
2342,Thang,Luong,170922,1170922,Morgantown,,1834,2024-07-06,0,,ACTIVE,2023 JOOLA North American Teams,1814.0,1913.0,2023-11-24,2023-11-26
2342,Thang,Luong,170922,1170922,Morgantown,,1834,2024-07-06,0,,ACTIVE,2022 JOOLA North American Teams,1578.0,1863.0,2022-11-25,2022-11-27
2355,Dmitri,Fomin,2184,2818,"Hopkinton, MA",Boston Table Tennis Center,1832,2023-11-26,1980,2024-01-19,ACTIVE,2023 JOOLA North American Teams,1879.0,1832.0,2023-11-24,2023-11-26
2355,Dmitri,Fomin,2184,2818,"Hopkinton, MA",Boston Table Tennis Center,1832,2023-11-26,1980,2024-01-19,ACTIVE,2022 JOOLA North American Teams,1925.0,1879.0,2022-11-25,2022-11-27
2355,Dmitri,Fomin,2184,2818,"Hopkinton, MA",Boston Table Tennis Center,1832,2023-11-26,1980,2024-01-19,ACTIVE,2021 Joola North American Team,1979.0,1925.0,2021-11-26,2021-11-28
2355,Dmitri,Fomin,2184,2818,"Hopkinton, MA",Boston Table Tennis Center,1832,2023-11-26,1980,2024-01-19,ACTIVE,2019 JOOLA North American Teams,1916.0,1979.0,2019-11-29,2019-12-01
2355,Dmitri,Fomin,2184,2818,"Hopkinton, MA",Boston Table Tennis Center,1832,2023-11-26,1980,2024-01-19,ACTIVE,JOOLA North American Teams,1915.0,1916.0,2018-11-23,2018-11-25
2355,Dmitri,Fomin,2184,2818,"Hopkinton, MA",Boston Table Tennis Center,1832,2023-11-26,1980,2024-01-19,ACTIVE,20th Annual North American Team Championship Powered By JOOLA,1955.0,1915.0,2017-11-24,2017-11-26
2355,Dmitri,Fomin,2184,2818,"Hopkinton, MA",Boston Table Tennis Center,1832,2023-11-26,1980,2024-01-19,ACTIVE,2016 JOOLA NA Teams,2009.0,1955.0,2016-11-25,2016-11-27
2355,Dmitri,Fomin,2184,2818,"Hopkinton, MA",Boston Table Tennis Center,1832,2023-11-26,1980,2024-01-19,ACTIVE,2015 JOOLA North American Teams Championships,1939.0,2009.0,2015-11-29,
2355,Dmitri,Fomin,2184,2818,"Hopkinton, MA",Boston Table Tennis Center,1832,2023-11-26,1980,2024-01-19,ACTIVE,2014 JOOLA North American Teams Championships,1909.0,1996.0,2014-11-30,
2359,Homer,Brown,13261,4485,"Birmingham, AL","BumperNets, Inc.",1832,2024-07-07,1774,2019-05-06,ACTIVE,1998 North American Teams Cham,2033.0,2046.0,1998-11-29,
2366,Sara,Gulabani,2685,97134,"Cary, NC",NC International Table Tennis (NCITT),1831,2024-07-28,0,,ACTIVE,2023 JOOLA North American Teams,1868.0,1854.0,2023-11-24,2023-11-26
2366,Sara,Gulabani,2685,97134,"Cary, NC",NC International Table Tennis (NCITT),1831,2024-07-28,0,,ACTIVE,2021 Joola North American Team,1747.0,1740.0,2021-11-26,2021-11-28
2366,Sara,Gulabani,2685,97134,"Cary, NC",NC International Table Tennis (NCITT),1831,2024-07-28,0,,ACTIVE,2019 JOOLA North American Teams,1523.0,1664.0,2019-11-29,2019-12-01
2367,Logan,Herman,2968,94695,"Gibsonia, PA",Pittsburgh Oakland Table Tennis Club,1831,2024-04-14,0,,ACTIVE,2023 JOOLA North American Teams,1871.0,1899.0,2023-11-24,2023-11-26
2367,Logan,Herman,2968,94695,"Gibsonia, PA",Pittsburgh Oakland Table Tennis Club,1831,2024-04-14,0,,ACTIVE,2022 JOOLA North American Teams,1752.0,1760.0,2022-11-25,2022-11-27
2367,Logan,Herman,2968,94695,"Gibsonia, PA",Pittsburgh Oakland Table Tennis Club,1831,2024-04-14,0,,ACTIVE,2021 Joola North American Team,1784.0,1854.0,2021-11-26,2021-11-28
2367,Logan,Herman,2968,94695,"Gibsonia, PA",Pittsburgh Oakland Table Tennis Club,1831,2024-04-14,0,,ACTIVE,2019 JOOLA North American Teams,1800.0,1827.0,2019-11-29,2019-12-01
2372,Erik,Pulido,132412,1132412,"Irving, TX",DFW Table Tennis,1830,2024-08-24,0,,ACTIVE,JOOLA North American Teams,0.0,1840.0,2018-11-23,2018-11-25
2373,Samuel,Huang,3227,55818,"Rockville, MD",,1830,2018-03-02,0,,ACTIVE,2016 JOOLA NA Teams,1827.0,1830.0,2016-11-25,2016-11-27
2373,Samuel,Huang,3227,55818,"Rockville, MD",,1830,2018-03-02,0,,ACTIVE,North American Teams,1810.0,1908.0,2003-11-30,
2373,Samuel,Huang,3227,55818,"Rockville, MD",,1830,2018-03-02,0,,ACTIVE,1999 NA Teams 2,1866.0,1911.0,1999-11-28,
2373,Samuel,Huang,3227,55818,"Rockville, MD",,1830,2018-03-02,0,,ACTIVE,1998 North American Teams Cham,1865.0,1877.0,1998-11-29,
2376,Dominic,Hu,172816,1172816,"Cary, NC",,1829,2024-08-11,0,,ACTIVE,2022 JOOLA North American Teams,1558.0,1594.0,2022-11-25,2022-11-27
2376,Dominic,Hu,172816,1172816,"Cary, NC",,1829,2024-08-11,0,,ACTIVE,2021 Joola North American Team,1404.0,1346.0,2021-11-26,2021-11-28
2378,Jason,Mei,171753,270753,"Mountain Lakes, NJ",Matchpoint Table Tennis Center NJ,1829,2024-06-16,1972,2024-06-14,ACTIVE,2023 JOOLA North American Teams,1785.0,1754.0,2023-11-24,2023-11-26
2378,Jason,Mei,171753,270753,"Mountain Lakes, NJ",Matchpoint Table Tennis Center NJ,1829,2024-06-16,1972,2024-06-14,ACTIVE,2022 JOOLA North American Teams,1559.0,1508.0,2022-11-25,2022-11-27
2378,Jason,Mei,171753,270753,"Mountain Lakes, NJ",Matchpoint Table Tennis Center NJ,1829,2024-06-16,1972,2024-06-14,ACTIVE,2021 Joola North American Team,909.0,1041.0,2021-11-26,2021-11-28
2387,Davis,Kam,28184,24846,"Westfield, NJ",New Jersey Table Tennis Club,1827,2019-10-05,1944,2024-09-05,ACTIVE,1999 NA Teams 2,1896.0,1872.0,1999-11-28,
2387,Davis,Kam,28184,24846,"Westfield, NJ",New Jersey Table Tennis Club,1827,2019-10-05,1944,2024-09-05,ACTIVE,1998 North American Teams Cham,1912.0,1896.0,1998-11-29,
2389,RICHARD,TRIPLET,174222,273222,"Austell, GA",Decatur Table Tennis,1827,2024-07-14,0,,ACTIVE,2023 JOOLA North American Teams,1824.0,1854.0,2023-11-24,2023-11-26
2389,RICHARD,TRIPLET,174222,273222,"Austell, GA",Decatur Table Tennis,1827,2024-07-14,0,,ACTIVE,2022 JOOLA North American Teams,1870.0,1746.0,2022-11-25,2022-11-27
2392,Kevin,Yang,119573,218573,Gaithersburg,,1826,2024-05-05,1200,2020-03-03,ACTIVE,2023 JOOLA North American Teams,1870.0,1718.0,2023-11-24,2023-11-26
2392,Kevin,Yang,119573,218573,Gaithersburg,,1826,2024-05-05,1200,2020-03-03,ACTIVE,2022 JOOLA North American Teams,1473.0,1588.0,2022-11-25,2022-11-27
2392,Kevin,Yang,119573,218573,Gaithersburg,,1826,2024-05-05,1200,2020-03-03,ACTIVE,2021 Joola North American Team,1118.0,1250.0,2021-11-26,2021-11-28
2397,Carlos,Ruperto,174909,1174909,,,1825,2024-04-14,0,,ACTIVE,2022 JOOLA North American Teams,1832.0,1726.0,2022-11-25,2022-11-27
2401,Li,Ma,97250,196250,"Monroe, NJ","Princeton Pong, LLC",1825,2024-04-07,1961,2022-12-16,ACTIVE,2022 JOOLA North American Teams,1788.0,1853.0,2022-11-25,2022-11-27
2401,Li,Ma,97250,196250,"Monroe, NJ","Princeton Pong, LLC",1825,2024-04-07,1961,2022-12-16,ACTIVE,2019 JOOLA North American Teams,1850.0,1813.0,2019-11-29,2019-12-01
2401,Li,Ma,97250,196250,"Monroe, NJ","Princeton Pong, LLC",1825,2024-04-07,1961,2022-12-16,ACTIVE,JOOLA North American Teams,0.0,1850.0,2018-11-23,2018-11-25
2402,Annie,Zhang,166394,1166394,"Johns Creek, GA",Atlanta International Table Tennis Academy,1825,2023-07-16,0,,ACTIVE,2022 JOOLA North American Teams,1752.0,1849.0,2022-11-25,2022-11-27
2402,Annie,Zhang,166394,1166394,"Johns Creek, GA",Atlanta International Table Tennis Academy,1825,2023-07-16,0,,ACTIVE,2021 Joola North American Team,1480.0,1351.0,2021-11-26,2021-11-28
2407,David,Pannell,5932,19514,"Myrtle Beach, SC",Myrtle Beach Table Tennis Club,1823,2024-06-01,1806,2020-02-20,ACTIVE,2019 JOOLA North American Teams,1720.0,1811.0,2019-11-29,2019-12-01
2418,Ajai,Singh,122078,221078,Cary,,1822,2024-08-04,0,,ACTIVE,2023 JOOLA North American Teams,1833.0,1782.0,2023-11-24,2023-11-26
2419,Carlton,Robinson,87836,59854,"Warrensville Hts, OH",Stiga Shaker Heights Table Tennis Club,1821,2023-11-19,0,,ACTIVE,1998 North American Teams Cham,1879.0,1833.0,1998-11-29,
2421,Claude,Boulard,12830,197,"Georgetown, MA",,1821,2018-03-02,1803,2023-11-17,ACTIVE,1999 NA Teams 2,1617.0,1771.0,1999-11-28,
2426,Lewis,Bragg,729,4404,"Charlottesville, VA",Charlottesville TTC,1821,2019-03-31,1920,2019-01-18,ACTIVE,2015 JOOLA North American Teams Championships,1762.0,1897.0,2015-11-29,
2426,Lewis,Bragg,729,4404,"Charlottesville, VA",Charlottesville TTC,1821,2019-03-31,1920,2019-01-18,ACTIVE,2014 JOOLA North American Teams Championships,1774.0,1781.0,2014-11-30,
2426,Lewis,Bragg,729,4404,"Charlottesville, VA",Charlottesville TTC,1821,2019-03-31,1920,2019-01-18,ACTIVE,North American Teams,1806.0,1754.0,2003-11-30,
2426,Lewis,Bragg,729,4404,"Charlottesville, VA",Charlottesville TTC,1821,2019-03-31,1920,2019-01-18,ACTIVE,1999 NA Teams 2,1905.0,1899.0,1999-11-28,
2426,Lewis,Bragg,729,4404,"Charlottesville, VA",Charlottesville TTC,1821,2019-03-31,1920,2019-01-18,ACTIVE,1998 North American Teams Cham,1842.0,1817.0,1998-11-29,
2427,Mable,Ng,5593,29265,"Brooklyn, NY",,1821,2018-03-02,0,,ACTIVE,2014 JOOLA North American Teams Championships,1631.0,1788.0,2014-11-30,
2428,Jason,Lacey,30492,9257,"Lancaster, OH",,1820,2024-08-24,0,,ACTIVE,North American Teams,1832.0,1816.0,2003-11-30,
2431,Ameer,Jafri,131709,1131709,"Manhasset Hills, NY",,1820,2024-06-16,1152,2020-03-06,ACTIVE,2019 JOOLA North American Teams,792.0,863.0,2019-11-29,2019-12-01
2432,Alan,Santos,6808,33592,"Cape Canaveral, FL",,1820,2024-08-04,1668,2020-01-18,ACTIVE,2023 JOOLA North American Teams,1912.0,1918.0,2023-11-24,2023-11-26
2432,Alan,Santos,6808,33592,"Cape Canaveral, FL",,1820,2024-08-04,1668,2020-01-18,ACTIVE,2022 JOOLA North American Teams,1703.0,1656.0,2022-11-25,2022-11-27
2432,Alan,Santos,6808,33592,"Cape Canaveral, FL",,1820,2024-08-04,1668,2020-01-18,ACTIVE,2021 Joola North American Team,1717.0,1663.0,2021-11-26,2021-11-28
2432,Alan,Santos,6808,33592,"Cape Canaveral, FL",,1820,2024-08-04,1668,2020-01-18,ACTIVE,2019 JOOLA North American Teams,1727.0,1500.0,2019-11-29,2019-12-01
2432,Alan,Santos,6808,33592,"Cape Canaveral, FL",,1820,2024-08-04,1668,2020-01-18,ACTIVE,JOOLA North American Teams,1784.0,1666.0,2018-11-23,2018-11-25
2432,Alan,Santos,6808,33592,"Cape Canaveral, FL",,1820,2024-08-04,1668,2020-01-18,ACTIVE,20th Annual North American Team Championship Powered By JOOLA,1645.0,1576.0,2017-11-24,2017-11-26
2432,Alan,Santos,6808,33592,"Cape Canaveral, FL",,1820,2024-08-04,1668,2020-01-18,ACTIVE,2016 JOOLA NA Teams,1553.0,1483.0,2016-11-25,2016-11-27
2432,Alan,Santos,6808,33592,"Cape Canaveral, FL",,1820,2024-08-04,1668,2020-01-18,ACTIVE,2014 JOOLA North American Teams Championships,1602.0,1583.0,2014-11-30,
2433,Tommy,Omen,5809,94212,"Austin, TX",Austin Table Tennis Club,1820,2024-08-31,1829,2024-08-28,ACTIVE,2023 JOOLA North American Teams,1816.0,1894.0,2023-11-24,2023-11-26
2433,Tommy,Omen,5809,94212,"Austin, TX",Austin Table Tennis Club,1820,2024-08-31,1829,2024-08-28,ACTIVE,2022 JOOLA North American Teams,1733.0,1685.0,2022-11-25,2022-11-27
2435,John,Sava,44508,93594,"Alexandria, VA",,1820,2024-08-25,0,,ACTIVE,2023 JOOLA North American Teams,1961.0,1915.0,2023-11-24,2023-11-26
2435,John,Sava,44508,93594,"Alexandria, VA",,1820,2024-08-25,0,,ACTIVE,20th Annual North American Team Championship Powered By JOOLA,1950.0,1961.0,2017-11-24,2017-11-26
2435,John,Sava,44508,93594,"Alexandria, VA",,1820,2024-08-25,0,,ACTIVE,2016 JOOLA NA Teams,1347.0,1950.0,2016-11-25,2016-11-27
2437,Landy,Liu,168246,267246,MD,MDTTC - Maryland Table Tennis Center,1819,2024-05-05,0,,ACTIVE,2023 JOOLA North American Teams,1730.0,1831.0,2023-11-24,2023-11-26
2437,Landy,Liu,168246,267246,MD,MDTTC - Maryland Table Tennis Center,1819,2024-05-05,0,,ACTIVE,2022 JOOLA North American Teams,1629.0,1722.0,2022-11-25,2022-11-27
2437,Landy,Liu,168246,267246,MD,MDTTC - Maryland Table Tennis Center,1819,2024-05-05,0,,ACTIVE,2021 Joola North American Team,1177.0,1223.0,2021-11-26,2021-11-28
2439,Rihaan,Dahra,172184,1172184,"Princeton Junction, NJ","Princeton Pong, LLC",1819,2024-08-04,1945,2024-05-31,ACTIVE,2022 JOOLA North American Teams,1405.0,1567.0,2022-11-25,2022-11-27
2441,Tom,MILLER,5276,16201,"Charlotte, NC",Charlotte Table Tennis Club,1819,2018-03-02,1772,2018-06-07,ACTIVE,2014 JOOLA North American Teams Championships,1807.0,1811.0,2014-11-30,
2442,Hau,Lam,4081,37020,"Beaverton, OR",Portland Table Tennis Club,1819,2024-07-07,2196,2014-08-08,ACTIVE,2019 JOOLA North American Teams,2027.0,2133.0,2019-11-29,2019-12-01
2446,Gary,Schlager,6851,13869,"Chevy Chase, MD",MDTTC - Maryland Table Tennis Center,1818,2018-12-22,1905,2017-04-22,ACTIVE,20th Annual North American Team Championship Powered By JOOLA,1859.0,1911.0,2017-11-24,2017-11-26
2446,Gary,Schlager,6851,13869,"Chevy Chase, MD",MDTTC - Maryland Table Tennis Center,1818,2018-12-22,1905,2017-04-22,ACTIVE,2016 JOOLA NA Teams,1830.0,1848.0,2016-11-25,2016-11-27
2446,Gary,Schlager,6851,13869,"Chevy Chase, MD",MDTTC - Maryland Table Tennis Center,1818,2018-12-22,1905,2017-04-22,ACTIVE,2015 JOOLA North American Teams Championships,1829.0,1822.0,2015-11-29,
2446,Gary,Schlager,6851,13869,"Chevy Chase, MD",MDTTC - Maryland Table Tennis Center,1818,2018-12-22,1905,2017-04-22,ACTIVE,2014 JOOLA North American Teams Championships,1864.0,1906.0,2014-11-30,
2446,Gary,Schlager,6851,13869,"Chevy Chase, MD",MDTTC - Maryland Table Tennis Center,1818,2018-12-22,1905,2017-04-22,ACTIVE,1999 NA Teams 2,1010.0,1206.0,1999-11-28,
2452,Leandro,Lima,170798,1170798,"New York, NY",PingPod Lower East Side,1817,2024-07-28,1718,2023-10-19,ACTIVE,2023 JOOLA North American Teams,1776.0,1767.0,2023-11-24,2023-11-26
2452,Leandro,Lima,170798,1170798,"New York, NY",PingPod Lower East Side,1817,2024-07-28,1718,2023-10-19,ACTIVE,2022 JOOLA North American Teams,1521.0,1559.0,2022-11-25,2022-11-27
2462,Naizam,Kanji,72388,18580,"FN, AB",,1816,2023-11-26,0,,ACTIVE,2023 JOOLA North American Teams,1914.0,1816.0,2023-11-24,2023-11-26
2462,Naizam,Kanji,72388,18580,"FN, AB",,1816,2023-11-26,0,,ACTIVE,2019 JOOLA North American Teams,1806.0,1914.0,2019-11-29,2019-12-01
2462,Naizam,Kanji,72388,18580,"FN, AB",,1816,2023-11-26,0,,ACTIVE,JOOLA North American Teams,1792.0,1806.0,2018-11-23,2018-11-25
2462,Naizam,Kanji,72388,18580,"FN, AB",,1816,2023-11-26,0,,ACTIVE,20th Annual North American Team Championship Powered By JOOLA,1891.0,1792.0,2017-11-24,2017-11-26
2462,Naizam,Kanji,72388,18580,"FN, AB",,1816,2023-11-26,0,,ACTIVE,2016 JOOLA NA Teams,1951.0,1891.0,2016-11-25,2016-11-27
2462,Naizam,Kanji,72388,18580,"FN, AB",,1816,2023-11-26,0,,ACTIVE,2015 JOOLA North American Teams Championships,1958.0,1951.0,2015-11-29,
2462,Naizam,Kanji,72388,18580,"FN, AB",,1816,2023-11-26,0,,ACTIVE,North American Teams,2097.0,2041.0,2003-11-30,
2462,Naizam,Kanji,72388,18580,"FN, AB",,1816,2023-11-26,0,,ACTIVE,1998 North American Teams Cham,0.0,2097.0,1998-11-29,
2466,Byong Kuk,Kang,3602,85336,"Catharpin, VA",Korean Table Tennis Club of Washington,1815,2023-11-26,1903,2016-07-22,ACTIVE,2023 JOOLA North American Teams,1841.0,1815.0,2023-11-24,2023-11-26
2469,John,Oros,5838,53699,"Moline, IL",,1815,2019-05-25,0,,ACTIVE,1999 NA Teams 2,1779.0,1844.0,1999-11-28,
2469,John,Oros,5838,53699,"Moline, IL",,1815,2019-05-25,0,,ACTIVE,1998 North American Teams Cham,1847.0,1760.0,1998-11-29,
2471,Guo Tai,Du,19210,88098,"Quincy, MA",,1814,2023-07-30,0,,ACTIVE,2022 JOOLA North American Teams,1929.0,1913.0,2022-11-25,2022-11-27
2472,Bandhu,Paudyal,131623,230623,"Lititz, PA",,1814,2024-06-22,0,,ACTIVE,JOOLA North American Teams,0.0,1488.0,2018-11-23,2018-11-25
2475,Niraj,Muni,5454,87903,"Livingston, NJ",,1814,2018-03-02,1766,2024-09-03,ACTIVE,20th Annual North American Team Championship Powered By JOOLA,1849.0,1814.0,2017-11-24,2017-11-26
2477,Jiaming,Cao,121985,220985,San Diego,,1814,2024-02-24,0,,ACTIVE,2019 JOOLA North American Teams,1904.0,1959.0,2019-11-29,2019-12-01
2477,Jiaming,Cao,121985,220985,San Diego,,1814,2024-02-24,0,,ACTIVE,JOOLA North American Teams,1827.0,1904.0,2018-11-23,2018-11-25
2477,Jiaming,Cao,121985,220985,San Diego,,1814,2024-02-24,0,,ACTIVE,20th Annual North American Team Championship Powered By JOOLA,0.0,1827.0,2017-11-24,2017-11-26
2480,Jaymee,Stout,47773,79745,"Carmel, IN",SpinBlock Table Tennis Center,1814,2022-05-29,1618,2022-01-17,ACTIVE,2021 Joola North American Team,1663.0,1705.0,2021-11-26,2021-11-28
2480,Jaymee,Stout,47773,79745,"Carmel, IN",SpinBlock Table Tennis Center,1814,2022-05-29,1618,2022-01-17,ACTIVE,20th Annual North American Team Championship Powered By JOOLA,1055.0,1048.0,2017-11-24,2017-11-26
2481,Ben,Hicks,173233,1173233,"Morrisville, NC",Triangle Badminton & Table Tennis,1814,2024-02-18,0,,ACTIVE,2023 JOOLA North American Teams,1596.0,1554.0,2023-11-24,2023-11-26
2482,Neave,Joy,170440,269440,"Liberty Hill, TX",Lonestar Table Tennis Academy,1814,2024-07-27,1793,2024-05-08,ACTIVE,2023 JOOLA North American Teams,1752.0,1743.0,2023-11-24,2023-11-26
2482,Neave,Joy,170440,269440,"Liberty Hill, TX",Lonestar Table Tennis Academy,1814,2024-07-27,1793,2024-05-08,ACTIVE,2022 JOOLA North American Teams,1504.0,1652.0,2022-11-25,2022-11-27
2482,Neave,Joy,170440,269440,"Liberty Hill, TX",Lonestar Table Tennis Academy,1814,2024-07-27,1793,2024-05-08,ACTIVE,2021 Joola North American Team,1117.0,1029.0,2021-11-26,2021-11-28
2493,Yuntian,Lin,174063,1174063,"Suwanee, GA",Atlanta International Table Tennis Academy,1813,2024-08-18,0,,ACTIVE,2023 JOOLA North American Teams,1666.0,1790.0,2023-11-24,2023-11-26
2493,Yuntian,Lin,174063,1174063,"Suwanee, GA",Atlanta International Table Tennis Academy,1813,2024-08-18,0,,ACTIVE,2022 JOOLA North American Teams,943.0,1232.0,2022-11-25,2022-11-27
2495,Devaditya,Dassarma,1609,86001,"Schnecksville, PA",Allentown/Lehigh Valley Table Tennis Club,1812,2024-02-11,1877,2024-09-06,ACTIVE,2023 JOOLA North American Teams,1620.0,1860.0,2023-11-24,2023-11-26
2495,Devaditya,Dassarma,1609,86001,"Schnecksville, PA",Allentown/Lehigh Valley Table Tennis Club,1812,2024-02-11,1877,2024-09-06,ACTIVE,2021 Joola North American Team,1812.0,1802.0,2021-11-26,2021-11-28
2495,Devaditya,Dassarma,1609,86001,"Schnecksville, PA",Allentown/Lehigh Valley Table Tennis Club,1812,2024-02-11,1877,2024-09-06,ACTIVE,2019 JOOLA North American Teams,1793.0,1728.0,2019-11-29,2019-12-01
2495,Devaditya,Dassarma,1609,86001,"Schnecksville, PA",Allentown/Lehigh Valley Table Tennis Club,1812,2024-02-11,1877,2024-09-06,ACTIVE,2016 JOOLA NA Teams,1634.0,1636.0,2016-11-25,2016-11-27
2495,Devaditya,Dassarma,1609,86001,"Schnecksville, PA",Allentown/Lehigh Valley Table Tennis Club,1812,2024-02-11,1877,2024-09-06,ACTIVE,2015 JOOLA North American Teams Championships,1589.0,1625.0,2015-11-29,
2497,Jorge,Vanegas Sanchez,8057,24999,"Chicago, IL",Net and Paddle Club,1812,2024-06-02,1912,2019-08-24,ACTIVE,North American Teams,2040.0,2065.0,2003-11-30,
2500,Spencer,Abadie,4,70013,"Slidell, LA",New Orleans Table Tennis Club,1811,2024-07-20,1841,2023-10-21,ACTIVE,2015 JOOLA North American Teams Championships,1896.0,1821.0,2015-11-29,
2500,Spencer,Abadie,4,70013,"Slidell, LA",New Orleans Table Tennis Club,1811,2024-07-20,1841,2023-10-21,ACTIVE,2014 JOOLA North American Teams Championships,1888.0,1957.0,2014-11-30,
2504,Jose,Suarez,102547,201547,"Mount Vernon, NY",,1811,2024-07-28,0,,ACTIVE,2019 JOOLA North American Teams,1866.0,1963.0,2019-11-29,2019-12-01
2510,Sean,Mccracken,35420,42237,"Greenwood, IN",,1810,2023-10-29,0,,ACTIVE,2022 JOOLA North American Teams,1775.0,1725.0,2022-11-25,2022-11-27
2512,Liora,Cheung,172655,1172655,"Whitestone, NY",,1810,2024-08-25,0,,ACTIVE,2023 JOOLA North American Teams,1666.0,1893.0,2023-11-24,2023-11-26
2512,Liora,Cheung,172655,1172655,"Whitestone, NY",,1810,2024-08-25,0,,ACTIVE,2021 Joola North American Team,927.0,1064.0,2021-11-26,2021-11-28
2514,Larry,Bavly,481,47761,"Brookline, MA",Massachusetts Table Tennis and Badminton Club,1810,2024-08-04,1884,2024-07-20,ACTIVE,2022 JOOLA North American Teams,1729.0,1900.0,2022-11-25,2022-11-27
2514,Larry,Bavly,481,47761,"Brookline, MA",Massachusetts Table Tennis and Badminton Club,1810,2024-08-04,1884,2024-07-20,ACTIVE,2019 JOOLA North American Teams,1933.0,1922.0,2019-11-29,2019-12-01
2514,Larry,Bavly,481,47761,"Brookline, MA",Massachusetts Table Tennis and Badminton Club,1810,2024-08-04,1884,2024-07-20,ACTIVE,JOOLA North American Teams,1961.0,2011.0,2018-11-23,2018-11-25
2514,Larry,Bavly,481,47761,"Brookline, MA",Massachusetts Table Tennis and Badminton Club,1810,2024-08-04,1884,2024-07-20,ACTIVE,20th Annual North American Team Championship Powered By JOOLA,1988.0,2091.0,2017-11-24,2017-11-26
2514,Larry,Bavly,481,47761,"Brookline, MA",Massachusetts Table Tennis and Badminton Club,1810,2024-08-04,1884,2024-07-20,ACTIVE,2014 JOOLA North American Teams Championships,2003.0,2130.0,2014-11-30,
2514,Larry,Bavly,481,47761,"Brookline, MA",Massachusetts Table Tennis and Badminton Club,1810,2024-08-04,1884,2024-07-20,ACTIVE,North American Teams,2124.0,2172.0,2003-11-30,
2514,Larry,Bavly,481,47761,"Brookline, MA",Massachusetts Table Tennis and Badminton Club,1810,2024-08-04,1884,2024-07-20,ACTIVE,1999 NA Teams 2,2101.0,2202.0,1999-11-28,
2522,Steve,Camas,907,57730,"East Northport, NY",East Northport Table Tennis,1808,2018-03-02,0,,ACTIVE,2014 JOOLA North American Teams Championships,1839.0,1826.0,2014-11-30,
2529,Yuzhou,Zheng,164949,263949,Rockville,,1807,2024-08-25,800,2020-02-07,ACTIVE,2023 JOOLA North American Teams,1734.0,1790.0,2023-11-24,2023-11-26
2529,Yuzhou,Zheng,164949,263949,Rockville,,1807,2024-08-25,800,2020-02-07,ACTIVE,2022 JOOLA North American Teams,1290.0,1513.0,2022-11-25,2022-11-27
2530,Genesis,Oquendo Reyes,102239,98310,"Bayamón, MD",,1807,2023-04-02,0,,ACTIVE,2015 JOOLA North American Teams Championships,0.0,1963.0,2015-11-29,
2531,Elvis,Lopez Almonte,4718,79339,"Charlotte, NC",Charlotte Table Tennis Club,1807,2022-08-14,1776,2024-08-22,ACTIVE,20th Annual North American Team Championship Powered By JOOLA,1853.0,1978.0,2017-11-24,2017-11-26
2532,Chidiebere N,Nwokorie,5752,80684,"Anchorage, AK",Alaska Table Tennis Club,1807,2024-08-31,0,,ACTIVE,2022 JOOLA North American Teams,1925.0,1839.0,2022-11-25,2022-11-27
2532,Chidiebere N,Nwokorie,5752,80684,"Anchorage, AK",Alaska Table Tennis Club,1807,2024-08-31,0,,ACTIVE,20th Annual North American Team Championship Powered By JOOLA,1948.0,2012.0,2017-11-24,2017-11-26
2532,Chidiebere N,Nwokorie,5752,80684,"Anchorage, AK",Alaska Table Tennis Club,1807,2024-08-31,0,,ACTIVE,2015 JOOLA North American Teams Championships,1888.0,1948.0,2015-11-29,
2533,Samarveer,Singh,124040,223040,Cary,,1807,2024-08-04,0,,ACTIVE,2023 JOOLA North American Teams,1794.0,1596.0,2023-11-24,2023-11-26
2534,Aaron,Chen,177186,1177186,"New Hyde Park, NY",,1806,2024-04-28,0,,ACTIVE,2023 JOOLA North American Teams,1705.0,1656.0,2023-11-24,2023-11-26
2534,Aaron,Chen,177186,1177186,"New Hyde Park, NY",,1806,2024-04-28,0,,ACTIVE,2022 JOOLA North American Teams,742.0,889.0,2022-11-25,2022-11-27
2536,Dat,Nguyen,38217,76313,"Austin, IL",,1806,2024-03-16,1912,2023-11-01,ACTIVE,20th Annual North American Team Championship Powered By JOOLA,1859.0,1941.0,2017-11-24,2017-11-26
2537,Xiaotao,Guo,2708,94884,"Cranbury, NJ",,1806,2019-12-01,0,,ACTIVE,2019 JOOLA North American Teams,1844.0,1806.0,2019-11-29,2019-12-01
2547,David,Centeno,987,95354,"Cidra, US",,1805,2023-04-02,0,,ACTIVE,2019 JOOLA North American Teams,1979.0,1874.0,2019-11-29,2019-12-01
2547,David,Centeno,987,95354,"Cidra, US",,1805,2023-04-02,0,,ACTIVE,JOOLA North American Teams,1809.0,1979.0,2018-11-23,2018-11-25
2547,David,Centeno,987,95354,"Cidra, US",,1805,2023-04-02,0,,ACTIVE,2016 JOOLA NA Teams,1587.0,1809.0,2016-11-25,2016-11-27
2547,David,Centeno,987,95354,"Cidra, US",,1805,2023-04-02,0,,ACTIVE,2015 JOOLA North American Teams Championships,1363.0,1587.0,2015-11-29,
2547,David,Centeno,987,95354,"Cidra, US",,1805,2023-04-02,0,,ACTIVE,2014 JOOLA North American Teams Championships,0.0,1363.0,2014-11-30,
2550,Josian,Pagan Diaz,168834,1168834,,,1804,2024-04-14,0,,ACTIVE,2019 JOOLA North American Teams,0.0,1311.0,2019-11-29,2019-12-01
2552,Russell,Legaspi,175784,274784,"New York, NY",PINGPOD,1804,2024-05-04,1855,2024-05-22,ACTIVE,2022 JOOLA North American Teams,1933.0,1790.0,2022-11-25,2022-11-27
2562,Ross,Brown,785,7124,"Athens, GA",Atlanta Georgia Table Tennis Association,1802,2018-03-02,0,,ACTIVE,North American Teams,1850.0,1855.0,2003-11-30,
2562,Ross,Brown,785,7124,"Athens, GA",Atlanta Georgia Table Tennis Association,1802,2018-03-02,0,,ACTIVE,1999 NA Teams 2,1697.0,1827.0,1999-11-28,
2563,Dan,Krall,29977,42644,"MINNEAPOLIS, MN",Minnesota Table Tennis Federation,1802,2024-08-04,0,,ACTIVE,1999 NA Teams 2,1863.0,1883.0,1999-11-28,
2567,Jeriel,Lopez,169107,1169107,Utuado,,1802,2023-04-02,1920,2023-02-11,ACTIVE,2022 JOOLA North American Teams,1963.0,1844.0,2022-11-25,2022-11-27
2569,Tim,Connelly,1440,63315,"Wilmington, NC",,1802,2024-06-01,1755,2014-10-27,ACTIVE,2014 JOOLA North American Teams Championships,1805.0,1855.0,2014-11-30,
2580,Wayne,Carney,959,508,"Morrisville, NC",Triangle Badminton & Table Tennis,1801,2024-06-16,0,,ACTIVE,2015 JOOLA North American Teams Championships,1931.0,2050.0,2015-11-29,
2580,Wayne,Carney,959,508,"Morrisville, NC",Triangle Badminton & Table Tennis,1801,2024-06-16,0,,ACTIVE,2014 JOOLA North American Teams Championships,1935.0,1960.0,2014-11-30,
2585,Emilio,Oquendo Reyes,102238,98309,"Bayamón, MD",,1800,2023-04-02,0,,ACTIVE,2015 JOOLA North American Teams Championships,0.0,1928.0,2015-11-29,
2591,Hao,Gu,164836,263836,Ashburn,,1800,2023-11-26,0,,ACTIVE,2023 JOOLA North American Teams,1483.0,1800.0,2023-11-24,2023-11-26
2591,Hao,Gu,164836,263836,Ashburn,,1800,2023-11-26,0,,ACTIVE,2022 JOOLA North American Teams,1424.0,1483.0,2022-11-25,2022-11-27
2596,Vihaan,Desaraju,179199,1179199,"Irving, TX",DFW Table Tennis,1799,2024-08-24,0,,ACTIVE,2023 JOOLA North American Teams,1404.0,1501.0,2023-11-24,2023-11-26
2600,Andrew,Belinfanti Knight,182110,281110,"Playa Vista, CA",,1798,2024-08-04,0,,ACTIVE,North American Teams,1807.0,1806.0,2003-11-30,
2605,Adriana,Vargas,172112,1172112,Utuado,,1797,2024-04-14,1828,2022-09-17,ACTIVE,2022 JOOLA North American Teams,1528.0,1722.0,2022-11-25,2022-11-27
2621,Paul,Yost,54856,61393,"Portsmouth, OH",,1795,2024-07-20,1774,2004-11-19,ACTIVE,JOOLA North American Teams,1845.0,1785.0,2018-11-23,2018-11-25
2621,Paul,Yost,54856,61393,"Portsmouth, OH",,1795,2024-07-20,1774,2004-11-19,ACTIVE,North American Teams,1826.0,1907.0,2003-11-30,
2621,Paul,Yost,54856,61393,"Portsmouth, OH",,1795,2024-07-20,1774,2004-11-19,ACTIVE,1999 NA Teams 2,1840.0,1783.0,1999-11-28,
2621,Paul,Yost,54856,61393,"Portsmouth, OH",,1795,2024-07-20,1774,2004-11-19,ACTIVE,1998 North American Teams Cham,1691.0,1711.0,1998-11-29,
2626,Narender,Kanchi,3592,97233,"Edison, NJ",Lily Yip Table Tennis Center,1794,2023-11-26,1983,2020-07-24,ACTIVE,2023 JOOLA North American Teams,1695.0,1794.0,2023-11-24,2023-11-26
2626,Narender,Kanchi,3592,97233,"Edison, NJ",Lily Yip Table Tennis Center,1794,2023-11-26,1983,2020-07-24,ACTIVE,2022 JOOLA North American Teams,1781.0,1695.0,2022-11-25,2022-11-27
2626,Narender,Kanchi,3592,97233,"Edison, NJ",Lily Yip Table Tennis Center,1794,2023-11-26,1983,2020-07-24,ACTIVE,2021 Joola North American Team,1868.0,1781.0,2021-11-26,2021-11-28
2626,Narender,Kanchi,3592,97233,"Edison, NJ",Lily Yip Table Tennis Center,1794,2023-11-26,1983,2020-07-24,ACTIVE,JOOLA North American Teams,1761.0,1753.0,2018-11-23,2018-11-25
2643,Zachary,Smith,120769,219769,Huntington,,1793,2024-07-27,0,,ACTIVE,JOOLA North American Teams,976.0,1301.0,2018-11-23,2018-11-25
2644,Lanfei,Chen,98032,197032,"Jericho, NY",New York Indoor Sports Club,1793,2024-03-17,1500,2019-04-19,ACTIVE,2023 JOOLA North American Teams,1723.0,1832.0,2023-11-24,2023-11-26
2644,Lanfei,Chen,98032,197032,"Jericho, NY",New York Indoor Sports Club,1793,2024-03-17,1500,2019-04-19,ACTIVE,2022 JOOLA North American Teams,1785.0,1842.0,2022-11-25,2022-11-27
2644,Lanfei,Chen,98032,197032,"Jericho, NY",New York Indoor Sports Club,1793,2024-03-17,1500,2019-04-19,ACTIVE,2021 Joola North American Team,1778.0,1816.0,2021-11-26,2021-11-28
2647,Andrew,Pham,157443,1157443,"Austin, TX",Austin Table Tennis Club,1792,2021-11-28,1667,2024-08-21,ACTIVE,2021 Joola North American Team,1565.0,1792.0,2021-11-26,2021-11-28
2649,Ishan,Rangdal,169640,268640,"Livingston, NJ",Matchpoint Table Tennis Center NJ,1792,2024-07-07,1820,2024-06-14,ACTIVE,2023 JOOLA North American Teams,1791.0,1773.0,2023-11-24,2023-11-26
2649,Ishan,Rangdal,169640,268640,"Livingston, NJ",Matchpoint Table Tennis Center NJ,1792,2024-07-07,1820,2024-06-14,ACTIVE,2022 JOOLA North American Teams,1295.0,1457.0,2022-11-25,2022-11-27
2649,Ishan,Rangdal,169640,268640,"Livingston, NJ",Matchpoint Table Tennis Center NJ,1792,2024-07-07,1820,2024-06-14,ACTIVE,2021 Joola North American Team,782.0,969.0,2021-11-26,2021-11-28
2656,Eldin,Medunjanin,103344,202344,"Fairfield, CT",Westchester Table Tennis Center,1791,2023-11-26,1683,2017-11-10,ACTIVE,2023 JOOLA North American Teams,1750.0,1791.0,2023-11-24,2023-11-26
2656,Eldin,Medunjanin,103344,202344,"Fairfield, CT",Westchester Table Tennis Center,1791,2023-11-26,1683,2017-11-10,ACTIVE,2019 JOOLA North American Teams,1628.0,1729.0,2019-11-29,2019-12-01
2656,Eldin,Medunjanin,103344,202344,"Fairfield, CT",Westchester Table Tennis Center,1791,2023-11-26,1683,2017-11-10,ACTIVE,20th Annual North American Team Championship Powered By JOOLA,1646.0,1793.0,2017-11-24,2017-11-26
2656,Eldin,Medunjanin,103344,202344,"Fairfield, CT",Westchester Table Tennis Center,1791,2023-11-26,1683,2017-11-10,ACTIVE,2016 JOOLA NA Teams,1094.0,1385.0,2016-11-25,2016-11-27
2659,Gerry,Miller,36293,64643,"Ramsey, MN",,1791,2023-05-28,0,,ACTIVE,1999 NA Teams 2,1600.0,1734.0,1999-11-28,
2659,Gerry,Miller,36293,64643,"Ramsey, MN",,1791,2023-05-28,0,,ACTIVE,1998 North American Teams Cham,1666.0,1596.0,1998-11-29,
2662,Irving,Adams,44,30606,"Union, NJ",New Jersey Table Tennis Club,1790,2022-11-27,1813,2024-08-23,ACTIVE,2022 JOOLA North American Teams,1829.0,1790.0,2022-11-25,2022-11-27
2662,Irving,Adams,44,30606,"Union, NJ",New Jersey Table Tennis Club,1790,2022-11-27,1813,2024-08-23,ACTIVE,JOOLA North American Teams,1895.0,1829.0,2018-11-23,2018-11-25
2662,Irving,Adams,44,30606,"Union, NJ",New Jersey Table Tennis Club,1790,2022-11-27,1813,2024-08-23,ACTIVE,20th Annual North American Team Championship Powered By JOOLA,1931.0,1895.0,2017-11-24,2017-11-26
2662,Irving,Adams,44,30606,"Union, NJ",New Jersey Table Tennis Club,1790,2022-11-27,1813,2024-08-23,ACTIVE,2016 JOOLA NA Teams,1886.0,1931.0,2016-11-25,2016-11-27
2662,Irving,Adams,44,30606,"Union, NJ",New Jersey Table Tennis Club,1790,2022-11-27,1813,2024-08-23,ACTIVE,2015 JOOLA North American Teams Championships,1916.0,1886.0,2015-11-29,
2662,Irving,Adams,44,30606,"Union, NJ",New Jersey Table Tennis Club,1790,2022-11-27,1813,2024-08-23,ACTIVE,2014 JOOLA North American Teams Championships,1849.0,1916.0,2014-11-30,
2675,Arsul,Ali Dhatwani,171837,270837,"Johns Creek, GA",,1788,2024-07-07,0,,ACTIVE,2023 JOOLA North American Teams,1641.0,1665.0,2023-11-24,2023-11-26
2675,Arsul,Ali Dhatwani,171837,270837,"Johns Creek, GA",,1788,2024-07-07,0,,ACTIVE,2022 JOOLA North American Teams,1276.0,1259.0,2022-11-25,2022-11-27
2677,Ramesh,Kumar,167534,1167534,"Harrisburg, PA",Manor Table Tennis Club,1788,2024-06-22,0,,ACTIVE,2023 JOOLA North American Teams,1729.0,1795.0,2023-11-24,2023-11-26
2677,Ramesh,Kumar,167534,1167534,"Harrisburg, PA",Manor Table Tennis Club,1788,2024-06-22,0,,ACTIVE,2022 JOOLA North American Teams,1638.0,1628.0,2022-11-25,2022-11-27
2680,Pingfan,Xie,8686,95350,"Medford, MD",,1788,2023-11-26,1810,2023-10-13,ACTIVE,2023 JOOLA North American Teams,0.0,1788.0,2023-11-24,2023-11-26
2681,Daniel,Green,2606,6231,"Ocean Pines, MD",Southern Delaware Table Tennis Club,1787,2024-06-16,1888,2017-06-28,ACTIVE,20th Annual North American Team Championship Powered By JOOLA,1861.0,1855.0,2017-11-24,2017-11-26
2681,Daniel,Green,2606,6231,"Ocean Pines, MD",Southern Delaware Table Tennis Club,1787,2024-06-16,1888,2017-06-28,ACTIVE,2014 JOOLA North American Teams Championships,2025.0,1986.0,2014-11-30,
2684,Matt,Gandy,21604,91580,"Kingsport, TN",Bristol Sportsplex,1787,2021-07-24,1787,2024-04-01,ACTIVE,2019 JOOLA North American Teams,1789.0,1715.0,2019-11-29,2019-12-01
2689,James,Wu,119830,218830,"Peachtree Corners, GA",,1786,2024-08-18,0,,ACTIVE,2022 JOOLA North American Teams,1847.0,1928.0,2022-11-25,2022-11-27
2689,James,Wu,119830,218830,"Peachtree Corners, GA",,1786,2024-08-18,0,,ACTIVE,2019 JOOLA North American Teams,1523.0,1634.0,2019-11-29,2019-12-01
2689,James,Wu,119830,218830,"Peachtree Corners, GA",,1786,2024-08-18,0,,ACTIVE,JOOLA North American Teams,1208.0,1376.0,2018-11-23,2018-11-25
2689,James,Wu,119830,218830,"Peachtree Corners, GA",,1786,2024-08-18,0,,ACTIVE,20th Annual North American Team Championship Powered By JOOLA,747.0,845.0,2017-11-24,2017-11-26
2690,Ke Yu,Chen,172313,271313,"Cary, NC",Carolina International Table Tennis Academy (CITTA),1786,2024-08-11,0,,ACTIVE,2023 JOOLA North American Teams,1091.0,1496.0,2023-11-24,2023-11-26
2700,Sue,Nolte,102232,98274,"Cary, NC",,1784,2024-08-04,0,,ACTIVE,2023 JOOLA North American Teams,1637.0,1666.0,2023-11-24,2023-11-26
2700,Sue,Nolte,102232,98274,"Cary, NC",,1784,2024-08-04,0,,ACTIVE,2021 Joola North American Team,1791.0,1727.0,2021-11-26,2021-11-28
2705,Alex,Chen,116044,215044,"ELLICOTT CITY, MD",Howard County Table Tennis Club,1783,2024-07-06,0,,ACTIVE,2019 JOOLA North American Teams,1943.0,1782.0,2019-11-29,2019-12-01
2705,Alex,Chen,116044,215044,"ELLICOTT CITY, MD",Howard County Table Tennis Club,1783,2024-07-06,0,,ACTIVE,JOOLA North American Teams,1826.0,1943.0,2018-11-23,2018-11-25
2705,Alex,Chen,116044,215044,"ELLICOTT CITY, MD",Howard County Table Tennis Club,1783,2024-07-06,0,,ACTIVE,20th Annual North American Team Championship Powered By JOOLA,1712.0,1675.0,2017-11-24,2017-11-26
2705,Alex,Chen,116044,215044,"ELLICOTT CITY, MD",Howard County Table Tennis Club,1783,2024-07-06,0,,ACTIVE,2016 JOOLA NA Teams,0.0,1452.0,2016-11-25,2016-11-27
2716,Benjamin,Kang,3601,86208,"Falls Church, VA",,1781,2024-04-28,0,,ACTIVE,2023 JOOLA North American Teams,1694.0,1864.0,2023-11-24,2023-11-26
2716,Benjamin,Kang,3601,86208,"Falls Church, VA",,1781,2024-04-28,0,,ACTIVE,2021 Joola North American Team,1778.0,1712.0,2021-11-26,2021-11-28
2716,Benjamin,Kang,3601,86208,"Falls Church, VA",,1781,2024-04-28,0,,ACTIVE,2019 JOOLA North American Teams,1673.0,1778.0,2019-11-29,2019-12-01
2716,Benjamin,Kang,3601,86208,"Falls Church, VA",,1781,2024-04-28,0,,ACTIVE,JOOLA North American Teams,1705.0,1673.0,2018-11-23,2018-11-25
2716,Benjamin,Kang,3601,86208,"Falls Church, VA",,1781,2024-04-28,0,,ACTIVE,20th Annual North American Team Championship Powered By JOOLA,1619.0,1701.0,2017-11-24,2017-11-26
2716,Benjamin,Kang,3601,86208,"Falls Church, VA",,1781,2024-04-28,0,,ACTIVE,2016 JOOLA NA Teams,1362.0,1619.0,2016-11-25,2016-11-27
2716,Benjamin,Kang,3601,86208,"Falls Church, VA",,1781,2024-04-28,0,,ACTIVE,2015 JOOLA North American Teams Championships,1400.0,1450.0,2015-11-29,
2716,Benjamin,Kang,3601,86208,"Falls Church, VA",,1781,2024-04-28,0,,ACTIVE,2014 JOOLA North American Teams Championships,1449.0,1400.0,2014-11-30,
2722,Matt,Dellandrea,18213,82176,"Bellevue, WA",Seattle Pacific Table Tennis Club,1780,2024-06-30,1828,2024-09-07,ACTIVE,20th Annual North American Team Championship Powered By JOOLA,2005.0,1841.0,2017-11-24,2017-11-26
2722,Matt,Dellandrea,18213,82176,"Bellevue, WA",Seattle Pacific Table Tennis Club,1780,2024-06-30,1828,2024-09-07,ACTIVE,2014 JOOLA North American Teams Championships,1966.0,1923.0,2014-11-30,
2731,Robert,Billington,12300,16280,"Houston * *, TX",,1779,2018-03-02,0,,ACTIVE,North American Teams,1746.0,1684.0,2003-11-30,
2732,Joel,Christo,16182,11976,"Yonkers, NY",,1779,2024-07-14,1531,2005-02-20,ACTIVE,2019 JOOLA North American Teams,1687.0,1587.0,2019-11-29,2019-12-01
2732,Joel,Christo,16182,11976,"Yonkers, NY",,1779,2024-07-14,1531,2005-02-20,ACTIVE,1999 NA Teams 2,349.0,727.0,1999-11-28,
2732,Joel,Christo,16182,11976,"Yonkers, NY",,1779,2024-07-14,1531,2005-02-20,ACTIVE,1998 North American Teams Cham,195.0,245.0,1998-11-29,
2735,Qi,Guo,2703,80876,"Edison, NJ",New Jersey Table Tennis Club,1779,2022-06-05,1858,2022-10-11,ACTIVE,2014 JOOLA North American Teams Championships,1951.0,1780.0,2014-11-30,
2740,Jack,Jacob,3373,60813,"Baltimore, MD",,1778,2019-07-05,1786,2005-05-16,ACTIVE,North American Teams,1838.0,1814.0,2003-11-30,
2745,Merr,Trumbore,7909,10675,"Dallas, PA",,1778,2018-03-02,1757,2008-02-22,ACTIVE,1999 NA Teams 2,1915.0,1993.0,1999-11-28,
2745,Merr,Trumbore,7909,10675,"Dallas, PA",,1778,2018-03-02,1757,2008-02-22,ACTIVE,1998 North American Teams Cham,1980.0,1915.0,1998-11-29,
2748,Robert,Hodgson,3076,38619,"Henderson, NV",Lee's Table Tennis Club,1777,2024-03-24,1885,2020-03-05,ACTIVE,2023 JOOLA North American Teams,1872.0,1756.0,2023-11-24,2023-11-26
2748,Robert,Hodgson,3076,38619,"Henderson, NV",Lee's Table Tennis Club,1777,2024-03-24,1885,2020-03-05,ACTIVE,JOOLA North American Teams,1870.0,1815.0,2018-11-23,2018-11-25
2748,Robert,Hodgson,3076,38619,"Henderson, NV",Lee's Table Tennis Club,1777,2024-03-24,1885,2020-03-05,ACTIVE,20th Annual North American Team Championship Powered By JOOLA,1836.0,1862.0,2017-11-24,2017-11-26
2748,Robert,Hodgson,3076,38619,"Henderson, NV",Lee's Table Tennis Club,1777,2024-03-24,1885,2020-03-05,ACTIVE,2014 JOOLA North American Teams Championships,1916.0,1888.0,2014-11-30,
2748,Robert,Hodgson,3076,38619,"Henderson, NV",Lee's Table Tennis Club,1777,2024-03-24,1885,2020-03-05,ACTIVE,North American Teams,1773.0,1863.0,2003-11-30,
2748,Robert,Hodgson,3076,38619,"Henderson, NV",Lee's Table Tennis Club,1777,2024-03-24,1885,2020-03-05,ACTIVE,1999 NA Teams 2,1814.0,1729.0,1999-11-28,
2748,Robert,Hodgson,3076,38619,"Henderson, NV",Lee's Table Tennis Club,1777,2024-03-24,1885,2020-03-05,ACTIVE,1998 North American Teams Cham,1701.0,1814.0,1998-11-29,
2755,Wilson,Cheah,103587,202587,"New York, NY",American Youth TTO,1776,2024-06-30,1298,2017-06-16,ACTIVE,2022 JOOLA North American Teams,1645.0,1719.0,2022-11-25,2022-11-27
2755,Wilson,Cheah,103587,202587,"New York, NY",American Youth TTO,1776,2024-06-30,1298,2017-06-16,ACTIVE,2021 Joola North American Team,1731.0,1639.0,2021-11-26,2021-11-28
2755,Wilson,Cheah,103587,202587,"New York, NY",American Youth TTO,1776,2024-06-30,1298,2017-06-16,ACTIVE,2019 JOOLA North American Teams,1629.0,1746.0,2019-11-29,2019-12-01
2755,Wilson,Cheah,103587,202587,"New York, NY",American Youth TTO,1776,2024-06-30,1298,2017-06-16,ACTIVE,JOOLA North American Teams,1517.0,1686.0,2018-11-23,2018-11-25
2755,Wilson,Cheah,103587,202587,"New York, NY",American Youth TTO,1776,2024-06-30,1298,2017-06-16,ACTIVE,20th Annual North American Team Championship Powered By JOOLA,1496.0,1516.0,2017-11-24,2017-11-26
2762,Max,Rogers,167014,1167014,"Upland, CA",,1775,2022-04-23,1722,2022-03-13,ACTIVE,2021 Joola North American Team,1843.0,1832.0,2021-11-26,2021-11-28
2764,Sumin,Lee,4291,91475,"Fort Lee, NJ",Han-In Table Tennis Club,1775,2023-11-26,1907,2023-09-29,ACTIVE,2023 JOOLA North American Teams,1780.0,1775.0,2023-11-24,2023-11-26
2773,Marvin,Plevinsky,6176,9114,"Philadelphia, PA",,1773,2018-03-02,1887,2010-07-26,ACTIVE,North American Teams,1899.0,1883.0,2003-11-30,
2773,Marvin,Plevinsky,6176,9114,"Philadelphia, PA",,1773,2018-03-02,1887,2010-07-26,ACTIVE,1999 NA Teams 2,2012.0,2029.0,1999-11-28,
2773,Marvin,Plevinsky,6176,9114,"Philadelphia, PA",,1773,2018-03-02,1887,2010-07-26,ACTIVE,1998 North American Teams Cham,1898.0,2085.0,1998-11-29,
2774,Marco,Makkar,4913,32732,"Staten Island, NY",,1773,2023-07-01,1793,2020-01-31,ACTIVE,2014 JOOLA North American Teams Championships,1653.0,1736.0,2014-11-30,
2780,Dave,Williams,8471,11140,"Cumberland, MD",,1772,2018-03-02,0,,ACTIVE,1999 NA Teams 2,1700.0,1723.0,1999-11-28,
2780,Dave,Williams,8471,11140,"Cumberland, MD",,1772,2018-03-02,0,,ACTIVE,1998 North American Teams Cham,1421.0,1494.0,1998-11-29,
2788,Jose Manuel,Rivera,174826,1174826,,,1771,2024-04-14,1438,2023-02-11,ACTIVE,2022 JOOLA North American Teams,1339.0,1521.0,2022-11-25,2022-11-27
2791,George,Holz,3092,6758,"Warren, NJ",,1770,2018-03-02,1530,2013-04-29,ACTIVE,1999 NA Teams 2,1781.0,1824.0,1999-11-28,
2791,George,Holz,3092,6758,"Warren, NJ",,1770,2018-03-02,1530,2013-04-29,ACTIVE,1998 North American Teams Cham,1786.0,1860.0,1998-11-29,
2797,Po Keung,Chan,1032,58713,"Swansea, MA",,1769,2023-11-26,2043,2018-07-10,ACTIVE,2023 JOOLA North American Teams,1785.0,1769.0,2023-11-24,2023-11-26
2801,Clayton,Pavlicek,6028,80943,"Leander, TX",Austin Table Tennis Club,1769,2021-07-09,1741,2019-11-20,ACTIVE,2019 JOOLA North American Teams,1877.0,1769.0,2019-11-29,2019-12-01
2801,Clayton,Pavlicek,6028,80943,"Leander, TX",Austin Table Tennis Club,1769,2021-07-09,1741,2019-11-20,ACTIVE,2015 JOOLA North American Teams Championships,1670.0,1757.0,2015-11-29,
2809,Danny,Woon,172558,271558,,,1767,2024-08-31,1690,2024-06-19,ACTIVE,2023 JOOLA North American Teams,1672.0,1788.0,2023-11-24,2023-11-26
2809,Danny,Woon,172558,271558,,,1767,2024-08-31,1690,2024-06-19,ACTIVE,2022 JOOLA North American Teams,1737.0,1638.0,2022-11-25,2022-11-27
2811,James Earl,Hawkins,2877,6513,"York, PA",,1767,2018-03-02,1750,2012-05-30,ACTIVE,1998 North American Teams Cham,1830.0,1862.0,1998-11-29,
2814,Henry,Coronel,174442,1174442,"Kearny, NJ",,1767,2024-07-28,1884,2024-05-16,ACTIVE,2023 JOOLA North American Teams,1578.0,1673.0,2023-11-24,2023-11-26
2814,Henry,Coronel,174442,1174442,"Kearny, NJ",,1767,2024-07-28,1884,2024-05-16,ACTIVE,2022 JOOLA North American Teams,1429.0,1460.0,2022-11-25,2022-11-27
2815,Glen,Marhefka,4987,8058,"Parma, OH",,1767,2018-03-02,0,,ACTIVE,1999 NA Teams 2,1807.0,1880.0,1999-11-28,
2820,Qi,Cai,124588,223588,"FLUSHING, NY",New York Indoor Sports Club,1766,2024-08-25,1767,2023-04-15,ACTIVE,2023 JOOLA North American Teams,1729.0,1815.0,2023-11-24,2023-11-26
2827,Theodore,Thayib,130498,229498,"Rochester, MN",,1765,2024-07-07,0,,ACTIVE,2022 JOOLA North American Teams,1722.0,1796.0,2022-11-25,2022-11-27
2827,Theodore,Thayib,130498,229498,"Rochester, MN",,1765,2024-07-07,0,,ACTIVE,2021 Joola North American Team,1539.0,1639.0,2021-11-26,2021-11-28
2831,Kenneth,Lin,130891,229891,"Whippany, NJ",,1764,2022-11-27,1950,2023-06-27,ACTIVE,2022 JOOLA North American Teams,1707.0,1764.0,2022-11-25,2022-11-27
2831,Kenneth,Lin,130891,229891,"Whippany, NJ",,1764,2022-11-27,1950,2023-06-27,ACTIVE,2019 JOOLA North American Teams,541.0,941.0,2019-11-29,2019-12-01
2837,Desmond,Wilson,53053,15897,"FN, CAN",,1763,2023-11-26,0,,ACTIVE,2023 JOOLA North American Teams,2103.0,1763.0,2023-11-24,2023-11-26
2837,Desmond,Wilson,53053,15897,"FN, CAN",,1763,2023-11-26,0,,ACTIVE,2015 JOOLA North American Teams Championships,2116.0,2103.0,2015-11-29,
2837,Desmond,Wilson,53053,15897,"FN, CAN",,1763,2023-11-26,0,,ACTIVE,North American Teams,2163.0,2186.0,2003-11-30,
2837,Desmond,Wilson,53053,15897,"FN, CAN",,1763,2023-11-26,0,,ACTIVE,1999 NA Teams 2,2013.0,2100.0,1999-11-28,
2856,Rafi,Hosein,3122,17893,"Flushing, NY",,1761,2024-07-28,1815,2021-02-19,ACTIVE,2022 JOOLA North American Teams,1807.0,1828.0,2022-11-25,2022-11-27
2856,Rafi,Hosein,3122,17893,"Flushing, NY",,1761,2024-07-28,1815,2021-02-19,ACTIVE,2021 Joola North American Team,1694.0,1807.0,2021-11-26,2021-11-28
2856,Rafi,Hosein,3122,17893,"Flushing, NY",,1761,2024-07-28,1815,2021-02-19,ACTIVE,2019 JOOLA North American Teams,1703.0,1703.0,2019-11-29,2019-12-01
2856,Rafi,Hosein,3122,17893,"Flushing, NY",,1761,2024-07-28,1815,2021-02-19,ACTIVE,JOOLA North American Teams,1750.0,1833.0,2018-11-23,2018-11-25
2856,Rafi,Hosein,3122,17893,"Flushing, NY",,1761,2024-07-28,1815,2021-02-19,ACTIVE,20th Annual North American Team Championship Powered By JOOLA,1679.0,1612.0,2017-11-24,2017-11-26
2856,Rafi,Hosein,3122,17893,"Flushing, NY",,1761,2024-07-28,1815,2021-02-19,ACTIVE,2016 JOOLA NA Teams,1737.0,1792.0,2016-11-25,2016-11-27
2856,Rafi,Hosein,3122,17893,"Flushing, NY",,1761,2024-07-28,1815,2021-02-19,ACTIVE,2015 JOOLA North American Teams Championships,1801.0,1734.0,2015-11-29,
2860,Saraansh,Wadkar,117701,216701,Germantown,,1761,2021-08-08,1661,2020-02-25,ACTIVE,JOOLA North American Teams,1368.0,1658.0,2018-11-23,2018-11-25
2860,Saraansh,Wadkar,117701,216701,Germantown,,1761,2021-08-08,1661,2020-02-25,ACTIVE,20th Annual North American Team Championship Powered By JOOLA,1137.0,1128.0,2017-11-24,2017-11-26
2866,Earl,Nittskoff,68220,12173,"Mayfield Heights, OH",,1760,2024-05-19,0,,ACTIVE,1999 NA Teams 2,1863.0,1818.0,1999-11-28,
2867,Timothy,Stello,47518,26168,"New Freedom, PA",,1760,2024-08-03,1350,2017-08-29,ACTIVE,2022 JOOLA North American Teams,1750.0,1857.0,2022-11-25,2022-11-27
2871,Eric,Zheng,55847,35038,"Poinciana, FL",,1759,2023-12-21,1749,2021-10-23,ACTIVE,2014 JOOLA North American Teams Championships,1874.0,2009.0,2014-11-30,
2876,Michelle,Kang,102128,98308,"Falls Church, VA",,1759,2023-11-26,1627,2018-06-22,ACTIVE,2023 JOOLA North American Teams,1798.0,1759.0,2023-11-24,2023-11-26
2876,Michelle,Kang,102128,98308,"Falls Church, VA",,1759,2023-11-26,1627,2018-06-22,ACTIVE,2021 Joola North American Team,1880.0,1798.0,2021-11-26,2021-11-28
2876,Michelle,Kang,102128,98308,"Falls Church, VA",,1759,2023-11-26,1627,2018-06-22,ACTIVE,2019 JOOLA North American Teams,1821.0,1880.0,2019-11-29,2019-12-01
2876,Michelle,Kang,102128,98308,"Falls Church, VA",,1759,2023-11-26,1627,2018-06-22,ACTIVE,JOOLA North American Teams,1755.0,1685.0,2018-11-23,2018-11-25
2876,Michelle,Kang,102128,98308,"Falls Church, VA",,1759,2023-11-26,1627,2018-06-22,ACTIVE,20th Annual North American Team Championship Powered By JOOLA,1354.0,1448.0,2017-11-24,2017-11-26
2876,Michelle,Kang,102128,98308,"Falls Church, VA",,1759,2023-11-26,1627,2018-06-22,ACTIVE,2016 JOOLA NA Teams,1043.0,1022.0,2016-11-25,2016-11-27
2876,Michelle,Kang,102128,98308,"Falls Church, VA",,1759,2023-11-26,1627,2018-06-22,ACTIVE,2015 JOOLA North American Teams Championships,0.0,496.0,2015-11-29,
2879,Jasmine,Lo,4683,94080,"New York, NY",,1758,2024-06-30,1290,2017-05-12,ACTIVE,2023 JOOLA North American Teams,1740.0,1761.0,2023-11-24,2023-11-26
2879,Jasmine,Lo,4683,94080,"New York, NY",,1758,2024-06-30,1290,2017-05-12,ACTIVE,2022 JOOLA North American Teams,1804.0,1800.0,2022-11-25,2022-11-27
2879,Jasmine,Lo,4683,94080,"New York, NY",,1758,2024-06-30,1290,2017-05-12,ACTIVE,2021 Joola North American Team,1872.0,1887.0,2021-11-26,2021-11-28
2879,Jasmine,Lo,4683,94080,"New York, NY",,1758,2024-06-30,1290,2017-05-12,ACTIVE,2019 JOOLA North American Teams,1850.0,1850.0,2019-11-29,2019-12-01
2879,Jasmine,Lo,4683,94080,"New York, NY",,1758,2024-06-30,1290,2017-05-12,ACTIVE,JOOLA North American Teams,1730.0,1782.0,2018-11-23,2018-11-25
2879,Jasmine,Lo,4683,94080,"New York, NY",,1758,2024-06-30,1290,2017-05-12,ACTIVE,20th Annual North American Team Championship Powered By JOOLA,1241.0,1472.0,2017-11-24,2017-11-26
2879,Jasmine,Lo,4683,94080,"New York, NY",,1758,2024-06-30,1290,2017-05-12,ACTIVE,2014 JOOLA North American Teams Championships,581.0,732.0,2014-11-30,
2886,Romi,Kovacs,171122,270122,"Trafalgar, IN",IndyPong TTC,1757,2024-07-27,1628,2023-06-19,ACTIVE,2022 JOOLA North American Teams,1565.0,1463.0,2022-11-25,2022-11-27
2887,OWEN,HU,181444,280444,,,1757,2023-12-21,0,,ACTIVE,2023 JOOLA North American Teams,0.0,1766.0,2023-11-24,2023-11-26
2894,Ray,Zhang,115874,214874,"Highland Park, NJ",Topspin Table Tennis Club,1756,2024-01-07,1117,2020-01-17,ACTIVE,2022 JOOLA North American Teams,1657.0,1614.0,2022-11-25,2022-11-27
2894,Ray,Zhang,115874,214874,"Highland Park, NJ",Topspin Table Tennis Club,1756,2024-01-07,1117,2020-01-17,ACTIVE,2021 Joola North American Team,1620.0,1570.0,2021-11-26,2021-11-28
2894,Ray,Zhang,115874,214874,"Highland Park, NJ",Topspin Table Tennis Club,1756,2024-01-07,1117,2020-01-17,ACTIVE,2019 JOOLA North American Teams,1181.0,1516.0,2019-11-29,2019-12-01
2894,Ray,Zhang,115874,214874,"Highland Park, NJ",Topspin Table Tennis Club,1756,2024-01-07,1117,2020-01-17,ACTIVE,JOOLA North American Teams,868.0,1047.0,2018-11-23,2018-11-25
2894,Ray,Zhang,115874,214874,"Highland Park, NJ",Topspin Table Tennis Club,1756,2024-01-07,1117,2020-01-17,ACTIVE,2016 JOOLA NA Teams,0.0,518.0,2016-11-25,2016-11-27
2895,Carl L.,Bradley Jr,724,34532,"Indianapolis, IN",,1756,2023-09-17,1806,2019-02-04,ACTIVE,JOOLA North American Teams,1883.0,1866.0,2018-11-23,2018-11-25
2895,Carl L.,Bradley Jr,724,34532,"Indianapolis, IN",,1756,2023-09-17,1806,2019-02-04,ACTIVE,20th Annual North American Team Championship Powered By JOOLA,1875.0,1959.0,2017-11-24,2017-11-26
2903,Karson,Jiang,118972,217972,"Westfield, NJ",,1755,2022-11-27,2058,2022-05-14,ACTIVE,2022 JOOLA North American Teams,1958.0,1755.0,2022-11-25,2022-11-27
2903,Karson,Jiang,118972,217972,"Westfield, NJ",,1755,2022-11-27,2058,2022-05-14,ACTIVE,2021 Joola North American Team,1728.0,1958.0,2021-11-26,2021-11-28
2903,Karson,Jiang,118972,217972,"Westfield, NJ",,1755,2022-11-27,2058,2022-05-14,ACTIVE,2019 JOOLA North American Teams,1717.0,1744.0,2019-11-29,2019-12-01
2903,Karson,Jiang,118972,217972,"Westfield, NJ",,1755,2022-11-27,2058,2022-05-14,ACTIVE,JOOLA North American Teams,1224.0,1440.0,2018-11-23,2018-11-25
2903,Karson,Jiang,118972,217972,"Westfield, NJ",,1755,2022-11-27,2058,2022-05-14,ACTIVE,20th Annual North American Team Championship Powered By JOOLA,771.0,900.0,2017-11-24,2017-11-26
2907,Daniel,Feng,172852,1172852,"Belle Mead, NJ",Topspin Table Tennis Club,1753,2024-09-08,1638,2024-07-19,ACTIVE,2023 JOOLA North American Teams,1125.0,1401.0,2023-11-24,2023-11-26
2907,Daniel,Feng,172852,1172852,"Belle Mead, NJ",Topspin Table Tennis Club,1753,2024-09-08,1638,2024-07-19,ACTIVE,2022 JOOLA North American Teams,432.0,964.0,2022-11-25,2022-11-27
2907,Daniel,Feng,172852,1172852,"Belle Mead, NJ",Topspin Table Tennis Club,1753,2024-09-08,1638,2024-07-19,ACTIVE,2021 Joola North American Team,181.0,462.0,2021-11-26,2021-11-28
2911,Marguerite,Cheung,1241,70292,"Cedar Park, TX",Austin Table Tennis Club,1753,2018-03-02,1265,2010-03-08,ACTIVE,2015 JOOLA North American Teams Championships,1759.0,1753.0,2015-11-29,
2911,Marguerite,Cheung,1241,70292,"Cedar Park, TX",Austin Table Tennis Club,1753,2018-03-02,1265,2010-03-08,ACTIVE,2014 JOOLA North American Teams Championships,1706.0,1762.0,2014-11-30,
2912,Bill,Lemieux,4324,14237,"Arlington Heights, IL",,1753,2018-03-02,0,,ACTIVE,1999 NA Teams 2,1771.0,1753.0,1999-11-28,
2912,Bill,Lemieux,4324,14237,"Arlington Heights, IL",,1753,2018-03-02,0,,ACTIVE,1998 North American Teams Cham,1803.0,1771.0,1998-11-29,
2913,Wayne Ming,Chin,1266,48742,"Staten Island, NY",,1753,2024-04-28,1901,2024-09-05,ACTIVE,2023 JOOLA North American Teams,1833.0,1752.0,2023-11-24,2023-11-26
2913,Wayne Ming,Chin,1266,48742,"Staten Island, NY",,1753,2024-04-28,1901,2024-09-05,ACTIVE,2022 JOOLA North American Teams,1664.0,1833.0,2022-11-25,2022-11-27
2913,Wayne Ming,Chin,1266,48742,"Staten Island, NY",,1753,2024-04-28,1901,2024-09-05,ACTIVE,2021 Joola North American Team,1731.0,1675.0,2021-11-26,2021-11-28
2913,Wayne Ming,Chin,1266,48742,"Staten Island, NY",,1753,2024-04-28,1901,2024-09-05,ACTIVE,2019 JOOLA North American Teams,1816.0,1731.0,2019-11-29,2019-12-01
2913,Wayne Ming,Chin,1266,48742,"Staten Island, NY",,1753,2024-04-28,1901,2024-09-05,ACTIVE,JOOLA North American Teams,1949.0,1802.0,2018-11-23,2018-11-25
2913,Wayne Ming,Chin,1266,48742,"Staten Island, NY",,1753,2024-04-28,1901,2024-09-05,ACTIVE,20th Annual North American Team Championship Powered By JOOLA,1855.0,1857.0,2017-11-24,2017-11-26
2913,Wayne Ming,Chin,1266,48742,"Staten Island, NY",,1753,2024-04-28,1901,2024-09-05,ACTIVE,2016 JOOLA NA Teams,1880.0,1855.0,2016-11-25,2016-11-27
2913,Wayne Ming,Chin,1266,48742,"Staten Island, NY",,1753,2024-04-28,1901,2024-09-05,ACTIVE,2015 JOOLA North American Teams Championships,1968.0,1769.0,2015-11-29,
2913,Wayne Ming,Chin,1266,48742,"Staten Island, NY",,1753,2024-04-28,1901,2024-09-05,ACTIVE,2014 JOOLA North American Teams Championships,1936.0,1933.0,2014-11-30,
2913,Wayne Ming,Chin,1266,48742,"Staten Island, NY",,1753,2024-04-28,1901,2024-09-05,ACTIVE,North American Teams,1833.0,1921.0,2003-11-30,
2913,Wayne Ming,Chin,1266,48742,"Staten Island, NY",,1753,2024-04-28,1901,2024-09-05,ACTIVE,1999 NA Teams 2,1812.0,1878.0,1999-11-28,
2913,Wayne Ming,Chin,1266,48742,"Staten Island, NY",,1753,2024-04-28,1901,2024-09-05,ACTIVE,1998 North American Teams Cham,1951.0,1885.0,1998-11-29,
2922,Zack,Guido,115914,214914,"White Plains, NY",Westchester Table Tennis Center,1751,2024-01-28,1953,2021-09-24,ACTIVE,2023 JOOLA North American Teams,1827.0,1805.0,2023-11-24,2023-11-26
2922,Zack,Guido,115914,214914,"White Plains, NY",Westchester Table Tennis Center,1751,2024-01-28,1953,2021-09-24,ACTIVE,2022 JOOLA North American Teams,1727.0,1899.0,2022-11-25,2022-11-27
2922,Zack,Guido,115914,214914,"White Plains, NY",Westchester Table Tennis Center,1751,2024-01-28,1953,2021-09-24,ACTIVE,2021 Joola North American Team,1574.0,1720.0,2021-11-26,2021-11-28
2922,Zack,Guido,115914,214914,"White Plains, NY",Westchester Table Tennis Center,1751,2024-01-28,1953,2021-09-24,ACTIVE,2019 JOOLA North American Teams,1605.0,1691.0,2019-11-29,2019-12-01
2922,Zack,Guido,115914,214914,"White Plains, NY",Westchester Table Tennis Center,1751,2024-01-28,1953,2021-09-24,ACTIVE,JOOLA North American Teams,1618.0,1682.0,2018-11-23,2018-11-25
2922,Zack,Guido,115914,214914,"White Plains, NY",Westchester Table Tennis Center,1751,2024-01-28,1953,2021-09-24,ACTIVE,20th Annual North American Team Championship Powered By JOOLA,1363.0,1452.0,2017-11-24,2017-11-26
2923,Phani,Hari,174329,1174329,"Morrisville, NC",,1751,2024-08-04,0,,ACTIVE,2023 JOOLA North American Teams,1679.0,1640.0,2023-11-24,2023-11-26
2936,Haohui,He,181368,1181368,Brooklyn,,1749,2024-08-25,0,,ACTIVE,2023 JOOLA North American Teams,1588.0,1672.0,2023-11-24,2023-11-26
2942,Andrea,Tang,103987,202987,"Newton, MA",Massachusetts Table Tennis and Badminton Club,1747,2024-08-25,1319,2019-12-23,ACTIVE,2022 JOOLA North American Teams,1593.0,1626.0,2022-11-25,2022-11-27
2942,Andrea,Tang,103987,202987,"Newton, MA",Massachusetts Table Tennis and Badminton Club,1747,2024-08-25,1319,2019-12-23,ACTIVE,2021 Joola North American Team,1637.0,1675.0,2021-11-26,2021-11-28
2942,Andrea,Tang,103987,202987,"Newton, MA",Massachusetts Table Tennis and Badminton Club,1747,2024-08-25,1319,2019-12-23,ACTIVE,2019 JOOLA North American Teams,1408.0,1349.0,2019-11-29,2019-12-01
2943,Yi,Qiu,172404,271404,,,1747,2024-08-31,1684,2024-08-28,ACTIVE,2023 JOOLA North American Teams,1611.0,1621.0,2023-11-24,2023-11-26
2950,Mike,Jones,120672,219672,Raleigh,,1746,2023-06-11,1863,2024-03-07,ACTIVE,2021 Joola North American Team,1751.0,1820.0,2021-11-26,2021-11-28
2950,Mike,Jones,120672,219672,Raleigh,,1746,2023-06-11,1863,2024-03-07,ACTIVE,2019 JOOLA North American Teams,1482.0,1734.0,2019-11-29,2019-12-01
2951,Shandra,Qiu,171886,270886,Austin,,1746,2024-08-31,1762,2024-08-28,ACTIVE,2023 JOOLA North American Teams,1590.0,1688.0,2023-11-24,2023-11-26
2963,Randy,Stoddard,103382,202382,"Philadelphia, PA",South Jersey Indoor Sports Center,1744,2024-04-07,1769,2024-01-04,ACTIVE,2023 JOOLA North American Teams,1551.0,1684.0,2023-11-24,2023-11-26
2963,Randy,Stoddard,103382,202382,"Philadelphia, PA",South Jersey Indoor Sports Center,1744,2024-04-07,1769,2024-01-04,ACTIVE,2022 JOOLA North American Teams,1811.0,1675.0,2022-11-25,2022-11-27
2963,Randy,Stoddard,103382,202382,"Philadelphia, PA",South Jersey Indoor Sports Center,1744,2024-04-07,1769,2024-01-04,ACTIVE,2019 JOOLA North American Teams,1436.0,1476.0,2019-11-29,2019-12-01
2965,Vasily,Avram,317,69750,"Watertown, MA",,1743,2023-12-17,1990,2023-10-20,ACTIVE,2023 JOOLA North American Teams,1867.0,1749.0,2023-11-24,2023-11-26
2965,Vasily,Avram,317,69750,"Watertown, MA",,1743,2023-12-17,1990,2023-10-20,ACTIVE,2021 Joola North American Team,1992.0,1905.0,2021-11-26,2021-11-28
2965,Vasily,Avram,317,69750,"Watertown, MA",,1743,2023-12-17,1990,2023-10-20,ACTIVE,2019 JOOLA North American Teams,1959.0,1992.0,2019-11-29,2019-12-01
2965,Vasily,Avram,317,69750,"Watertown, MA",,1743,2023-12-17,1990,2023-10-20,ACTIVE,JOOLA North American Teams,1907.0,1952.0,2018-11-23,2018-11-25
2965,Vasily,Avram,317,69750,"Watertown, MA",,1743,2023-12-17,1990,2023-10-20,ACTIVE,20th Annual North American Team Championship Powered By JOOLA,1903.0,1927.0,2017-11-24,2017-11-26
2965,Vasily,Avram,317,69750,"Watertown, MA",,1743,2023-12-17,1990,2023-10-20,ACTIVE,2016 JOOLA NA Teams,1860.0,1908.0,2016-11-25,2016-11-27
2967,Thomas Woyu,Hu,25940,54875,"Kew Gardens Hills, NY",American Youth TTO,1743,2023-11-26,1840,2023-01-10,ACTIVE,2023 JOOLA North American Teams,1753.0,1743.0,2023-11-24,2023-11-26
2967,Thomas Woyu,Hu,25940,54875,"Kew Gardens Hills, NY",American Youth TTO,1743,2023-11-26,1840,2023-01-10,ACTIVE,2022 JOOLA North American Teams,1792.0,1753.0,2022-11-25,2022-11-27
2967,Thomas Woyu,Hu,25940,54875,"Kew Gardens Hills, NY",American Youth TTO,1743,2023-11-26,1840,2023-01-10,ACTIVE,2021 Joola North American Team,1857.0,1824.0,2021-11-26,2021-11-28
2967,Thomas Woyu,Hu,25940,54875,"Kew Gardens Hills, NY",American Youth TTO,1743,2023-11-26,1840,2023-01-10,ACTIVE,2019 JOOLA North American Teams,1741.0,1756.0,2019-11-29,2019-12-01
2967,Thomas Woyu,Hu,25940,54875,"Kew Gardens Hills, NY",American Youth TTO,1743,2023-11-26,1840,2023-01-10,ACTIVE,JOOLA North American Teams,1642.0,1735.0,2018-11-23,2018-11-25
2967,Thomas Woyu,Hu,25940,54875,"Kew Gardens Hills, NY",American Youth TTO,1743,2023-11-26,1840,2023-01-10,ACTIVE,20th Annual North American Team Championship Powered By JOOLA,1671.0,1538.0,2017-11-24,2017-11-26
2969,Mike,Kuklakis,3987,7451,"Highland Park, NJ",,1743,2018-03-02,1875,2016-03-28,ACTIVE,North American Teams,1917.0,1920.0,2003-11-30,
2969,Mike,Kuklakis,3987,7451,"Highland Park, NJ",,1743,2018-03-02,1875,2016-03-28,ACTIVE,1998 North American Teams Cham,1921.0,1948.0,1998-11-29,
2974,Justin,Liu,4624,93245,"Great Neck, NY",New York International Table Tennis Club,1742,2018-03-02,623,2018-05-11,ACTIVE,2015 JOOLA North American Teams Championships,1445.0,1718.0,2015-11-29,
2974,Justin,Liu,4624,93245,"Great Neck, NY",New York International Table Tennis Club,1742,2018-03-02,623,2018-05-11,ACTIVE,2014 JOOLA North American Teams Championships,553.0,891.0,2014-11-30,
2979,Jonathan,Yang,172897,271897,"PRINCETON, NJ",Topspin Table Tennis Club,1742,2023-11-26,0,,ACTIVE,2023 JOOLA North American Teams,1463.0,1742.0,2023-11-24,2023-11-26
2979,Jonathan,Yang,172897,271897,"PRINCETON, NJ",Topspin Table Tennis Club,1742,2023-11-26,0,,ACTIVE,2022 JOOLA North American Teams,1183.0,1485.0,2022-11-25,2022-11-27
2979,Jonathan,Yang,172897,271897,"PRINCETON, NJ",Topspin Table Tennis Club,1742,2023-11-26,0,,ACTIVE,2021 Joola North American Team,0.0,824.0,2021-11-26,2021-11-28
2986,Alan,Lin,32643,61647,"Edison, NJ",,1741,2024-09-08,2002,2019-08-09,ACTIVE,20th Annual North American Team Championship Powered By JOOLA,1961.0,1780.0,2017-11-24,2017-11-26
2988,Bruce,Downs,19113,118113,"Buford, GA",,1741,2024-08-10,1221,2009-10-07,ACTIVE,2023 JOOLA North American Teams,1808.0,1620.0,2023-11-24,2023-11-26
2989,Anish,Hemanth,177835,276835,"Suwanee, GA",Atlanta International Table Tennis Academy,1741,2024-08-18,0,,ACTIVE,2023 JOOLA North American Teams,1328.0,1133.0,2023-11-24,2023-11-26
2990,Oishik,Mukherjee,117430,216430,"Livingston, NJ",,1741,2022-11-27,1926,2021-12-10,ACTIVE,2022 JOOLA North American Teams,1931.0,1741.0,2022-11-25,2022-11-27
2990,Oishik,Mukherjee,117430,216430,"Livingston, NJ",,1741,2022-11-27,1926,2021-12-10,ACTIVE,2021 Joola North American Team,1846.0,1931.0,2021-11-26,2021-11-28
2990,Oishik,Mukherjee,117430,216430,"Livingston, NJ",,1741,2022-11-27,1926,2021-12-10,ACTIVE,2019 JOOLA North American Teams,1774.0,1781.0,2019-11-29,2019-12-01
2990,Oishik,Mukherjee,117430,216430,"Livingston, NJ",,1741,2022-11-27,1926,2021-12-10,ACTIVE,JOOLA North American Teams,1487.0,1384.0,2018-11-23,2018-11-25
2990,Oishik,Mukherjee,117430,216430,"Livingston, NJ",,1741,2022-11-27,1926,2021-12-10,ACTIVE,20th Annual North American Team Championship Powered By JOOLA,886.0,908.0,2017-11-24,2017-11-26
2991,Terrence,Rausch,116740,215740,,,1740,2023-12-17,0,,ACTIVE,2016 JOOLA NA Teams,0.0,1446.0,2016-11-25,2016-11-27
2997,Sean,CHAO,176864,275864,,New Jersey Table Tennis Club,1740,2024-08-25,1851,2024-07-25,ACTIVE,2023 JOOLA North American Teams,1304.0,1429.0,2023-11-24,2023-11-26
2997,Sean,CHAO,176864,275864,,New Jersey Table Tennis Club,1740,2024-08-25,1851,2024-07-25,ACTIVE,2022 JOOLA North American Teams,681.0,745.0,2022-11-25,2022-11-27
2998,Andrei,Zanko,104165,203165,"Glen Cove, NY",Gold Coast Table Tennis Club,1740,2024-08-25,1638,2018-05-19,ACTIVE,2023 JOOLA North American Teams,1681.0,1725.0,2023-11-24,2023-11-26
2998,Andrei,Zanko,104165,203165,"Glen Cove, NY",Gold Coast Table Tennis Club,1740,2024-08-25,1638,2018-05-19,ACTIVE,2022 JOOLA North American Teams,1595.0,1576.0,2022-11-25,2022-11-27
2998,Andrei,Zanko,104165,203165,"Glen Cove, NY",Gold Coast Table Tennis Club,1740,2024-08-25,1638,2018-05-19,ACTIVE,2021 Joola North American Team,1672.0,1669.0,2021-11-26,2021-11-28
3000,Shant,Akoubian,120609,219609,Granada Hills,,1739,2024-08-04,1697,2024-07-19,ACTIVE,2023 JOOLA North American Teams,1718.0,1727.0,2023-11-24,2023-11-26
3001,Shirley,Zhang,9003,85208,"Glen Allen, VA",University of Virginia Table Tennis Club(UVATTC),1739,2023-11-26,1946,2023-06-09,ACTIVE,2023 JOOLA North American Teams,1833.0,1739.0,2023-11-24,2023-11-26
3001,Shirley,Zhang,9003,85208,"Glen Allen, VA",University of Virginia Table Tennis Club(UVATTC),1739,2023-11-26,1946,2023-06-09,ACTIVE,2022 JOOLA North American Teams,1775.0,1841.0,2022-11-25,2022-11-27
3009,Lynwood (Lyn),Smith,7243,10112,"Palm Springs, FL",,1738,2018-03-02,0,,ACTIVE,1998 North American Teams Cham,1995.0,1860.0,1998-11-29,
3011,Shaman,Jain,27017,91966,"Edison, NJ",Lily Yip Table Tennis Center,1738,2024-01-13,1936,2024-09-10,ACTIVE,2023 JOOLA North American Teams,1702.0,1751.0,2023-11-24,2023-11-26
3016,Steven,Tran,166694,265694,"Stoneham, MA",Boston Table Tennis Center,1737,2023-11-26,1220,2023-02-16,ACTIVE,2023 JOOLA North American Teams,1671.0,1737.0,2023-11-24,2023-11-26
3016,Steven,Tran,166694,265694,"Stoneham, MA",Boston Table Tennis Center,1737,2023-11-26,1220,2023-02-16,ACTIVE,2022 JOOLA North American Teams,1472.0,1499.0,2022-11-25,2022-11-27
3019,Senthilkumar,Sekaran,45114,85630,"Charlotte, NC",,1737,2024-08-11,1937,2024-08-29,ACTIVE,2023 JOOLA North American Teams,1770.0,1674.0,2023-11-24,2023-11-26
3027,Neil,Ackerman,36,3749,"Skaneateles, NY",,1736,2024-08-10,0,,ACTIVE,1999 NA Teams 2,1944.0,1948.0,1999-11-28,
3027,Neil,Ackerman,36,3749,"Skaneateles, NY",,1736,2024-08-10,0,,ACTIVE,1998 North American Teams Cham,1865.0,2055.0,1998-11-29,
3035,Sanford,Potiker,6219,9172,"Bedford Heights, OH",,1735,2018-03-02,0,,ACTIVE,North American Teams,1783.0,1777.0,2003-11-30,
3038,Jeffrey,Lau,72390,18582,FN,,1735,2023-11-26,0,,ACTIVE,2023 JOOLA North American Teams,1979.0,1735.0,2023-11-24,2023-11-26
3038,Jeffrey,Lau,72390,18582,FN,,1735,2023-11-26,0,,ACTIVE,2019 JOOLA North American Teams,1932.0,1979.0,2019-11-29,2019-12-01
3038,Jeffrey,Lau,72390,18582,FN,,1735,2023-11-26,0,,ACTIVE,JOOLA North American Teams,1869.0,1932.0,2018-11-23,2018-11-25
3038,Jeffrey,Lau,72390,18582,FN,,1735,2023-11-26,0,,ACTIVE,2016 JOOLA NA Teams,1898.0,1869.0,2016-11-25,2016-11-27
3038,Jeffrey,Lau,72390,18582,FN,,1735,2023-11-26,0,,ACTIVE,2015 JOOLA North American Teams Championships,1949.0,1898.0,2015-11-29,
3038,Jeffrey,Lau,72390,18582,FN,,1735,2023-11-26,0,,ACTIVE,North American Teams,2018.0,2017.0,2003-11-30,
3038,Jeffrey,Lau,72390,18582,FN,,1735,2023-11-26,0,,ACTIVE,1999 NA Teams 2,1951.0,1922.0,1999-11-28,
3038,Jeffrey,Lau,72390,18582,FN,,1735,2023-11-26,0,,ACTIVE,1998 North American Teams Cham,0.0,1922.0,1998-11-29,
3039,Saketh,Narayanan,165370,264370,"Livingston, NJ",MatchPoint Table Tennis Center,1735,2024-08-04,1623,2024-08-16,ACTIVE,2023 JOOLA North American Teams,1437.0,1719.0,2023-11-24,2023-11-26
3039,Saketh,Narayanan,165370,264370,"Livingston, NJ",MatchPoint Table Tennis Center,1735,2024-08-04,1623,2024-08-16,ACTIVE,2022 JOOLA North American Teams,1314.0,1339.0,2022-11-25,2022-11-27
3039,Saketh,Narayanan,165370,264370,"Livingston, NJ",MatchPoint Table Tennis Center,1735,2024-08-04,1623,2024-08-16,ACTIVE,2021 Joola North American Team,926.0,1078.0,2021-11-26,2021-11-28
3039,Saketh,Narayanan,165370,264370,"Livingston, NJ",MatchPoint Table Tennis Center,1735,2024-08-04,1623,2024-08-16,ACTIVE,2019 JOOLA North American Teams,0.0,522.0,2019-11-29,2019-12-01
3040,Doug,Whitwood,8444,11095,"Dumfries, VA",,1735,2018-03-02,0,,ACTIVE,1998 North American Teams Cham,0.0,1735.0,1998-11-29,
3042,Weilu,Zhang,55618,154618,"Ellicott City, MD",,1734,2024-06-01,1625,2017-06-06,ACTIVE,2022 JOOLA North American Teams,1608.0,1767.0,2022-11-25,2022-11-27
3045,Steven,Kasha,3641,76916,"Jamaica Plain, MA",Boston Table Tennis Center,1733,2024-08-25,1864,2023-10-13,ACTIVE,2023 JOOLA North American Teams,1735.0,1722.0,2023-11-24,2023-11-26
3045,Steven,Kasha,3641,76916,"Jamaica Plain, MA",Boston Table Tennis Center,1733,2024-08-25,1864,2023-10-13,ACTIVE,2014 JOOLA North American Teams Championships,1662.0,1810.0,2014-11-30,
3063,Yun,Fan,2072,81398,"Hillsboro, OR",Paddle Palace Club,1730,2024-09-08,1594,2023-08-19,ACTIVE,2021 Joola North American Team,1745.0,1700.0,2021-11-26,2021-11-28
3063,Yun,Fan,2072,81398,"Hillsboro, OR",Paddle Palace Club,1730,2024-09-08,1594,2023-08-19,ACTIVE,JOOLA North American Teams,1647.0,1631.0,2018-11-23,2018-11-25
3069,Roger,Dickson,1741,57866,"Portland, TN",Newgy Table Tennis Center,1730,2024-07-07,1783,2013-01-30,ACTIVE,2019 JOOLA North American Teams,1516.0,1355.0,2019-11-29,2019-12-01
3069,Roger,Dickson,1741,57866,"Portland, TN",Newgy Table Tennis Center,1730,2024-07-07,1783,2013-01-30,ACTIVE,North American Teams,1593.0,1645.0,2003-11-30,
3070,William,Mobley,5337,8424,"Huntsville, AL",North Alabama Table Tennis Club,1730,2018-03-02,1870,2006-02-25,ACTIVE,North American Teams,1844.0,1868.0,2003-11-30,
3071,Thang,Lam,4094,53069,"Portland, OR",Portland Table Tennis Club,1730,2024-06-16,1634,2014-06-20,ACTIVE,2019 JOOLA North American Teams,1758.0,1740.0,2019-11-29,2019-12-01
3072,Andrew,Kanarek,173870,1173870,"Brooklyn, NY",PINGPOD,1729,2024-05-26,1744,2024-06-11,ACTIVE,2023 JOOLA North American Teams,1662.0,1618.0,2023-11-24,2023-11-26
3072,Andrew,Kanarek,173870,1173870,"Brooklyn, NY",PINGPOD,1729,2024-05-26,1744,2024-06-11,ACTIVE,2022 JOOLA North American Teams,1485.0,1734.0,2022-11-25,2022-11-27
3077,Patrick Kin Luen,Lui,4787,7924,"Davenport, FL",,1729,2022-09-03,1854,2020-02-20,ACTIVE,North American Teams,1839.0,1870.0,2003-11-30,
3077,Patrick Kin Luen,Lui,4787,7924,"Davenport, FL",,1729,2022-09-03,1854,2020-02-20,ACTIVE,1999 NA Teams 2,1909.0,1909.0,1999-11-28,
3077,Patrick Kin Luen,Lui,4787,7924,"Davenport, FL",,1729,2022-09-03,1854,2020-02-20,ACTIVE,1998 North American Teams Cham,2032.0,1944.0,1998-11-29,
3086,Elias,Gomez,2511,64678,"Norwood, NC",Charlotte Table Tennis Club,1728,2024-08-11,2010,2024-09-05,ACTIVE,JOOLA North American Teams,1837.0,1794.0,2018-11-23,2018-11-25
3086,Elias,Gomez,2511,64678,"Norwood, NC",Charlotte Table Tennis Club,1728,2024-08-11,2010,2024-09-05,ACTIVE,20th Annual North American Team Championship Powered By JOOLA,1912.0,1830.0,2017-11-24,2017-11-26
3086,Elias,Gomez,2511,64678,"Norwood, NC",Charlotte Table Tennis Club,1728,2024-08-11,2010,2024-09-05,ACTIVE,2016 JOOLA NA Teams,1855.0,1915.0,2016-11-25,2016-11-27
3088,Radha Krushna M,Kanchanapelly,3591,83335,"Cumming, GA",Atlanta International Table Tennis Academy,1727,2024-08-18,1430,2016-02-24,ACTIVE,2023 JOOLA North American Teams,1796.0,1833.0,2023-11-24,2023-11-26
3088,Radha Krushna M,Kanchanapelly,3591,83335,"Cumming, GA",Atlanta International Table Tennis Academy,1727,2024-08-18,1430,2016-02-24,ACTIVE,2022 JOOLA North American Teams,1875.0,1858.0,2022-11-25,2022-11-27
3088,Radha Krushna M,Kanchanapelly,3591,83335,"Cumming, GA",Atlanta International Table Tennis Academy,1727,2024-08-18,1430,2016-02-24,ACTIVE,2021 Joola North American Team,1805.0,1866.0,2021-11-26,2021-11-28
3088,Radha Krushna M,Kanchanapelly,3591,83335,"Cumming, GA",Atlanta International Table Tennis Academy,1727,2024-08-18,1430,2016-02-24,ACTIVE,2019 JOOLA North American Teams,1738.0,1715.0,2019-11-29,2019-12-01
3088,Radha Krushna M,Kanchanapelly,3591,83335,"Cumming, GA",Atlanta International Table Tennis Academy,1727,2024-08-18,1430,2016-02-24,ACTIVE,JOOLA North American Teams,1545.0,1508.0,2018-11-23,2018-11-25
3090,Wen-Jin,Lee,165664,264664,"Alpharetta, GA",Wu Yue Table Tennis,1727,2023-11-26,0,,ACTIVE,2023 JOOLA North American Teams,1687.0,1727.0,2023-11-24,2023-11-26
3090,Wen-Jin,Lee,165664,264664,"Alpharetta, GA",Wu Yue Table Tennis,1727,2023-11-26,0,,ACTIVE,2022 JOOLA North American Teams,1678.0,1721.0,2022-11-25,2022-11-27
3090,Wen-Jin,Lee,165664,264664,"Alpharetta, GA",Wu Yue Table Tennis,1727,2023-11-26,0,,ACTIVE,2021 Joola North American Team,1769.0,1630.0,2021-11-26,2021-11-28
3090,Wen-Jin,Lee,165664,264664,"Alpharetta, GA",Wu Yue Table Tennis,1727,2023-11-26,0,,ACTIVE,2019 JOOLA North American Teams,1246.0,1281.0,2019-11-29,2019-12-01
3099,Katherine,Dong,115719,214719,"East Williston, NY",,1726,2022-08-28,1397,2019-07-19,ACTIVE,2021 Joola North American Team,1772.0,1727.0,2021-11-26,2021-11-28
3099,Katherine,Dong,115719,214719,"East Williston, NY",,1726,2022-08-28,1397,2019-07-19,ACTIVE,JOOLA North American Teams,1119.0,1234.0,2018-11-23,2018-11-25
3099,Katherine,Dong,115719,214719,"East Williston, NY",,1726,2022-08-28,1397,2019-07-19,ACTIVE,20th Annual North American Team Championship Powered By JOOLA,904.0,909.0,2017-11-24,2017-11-26
3103,Ramya,Ramesh,181603,280603,Edison,,1726,2023-11-26,1789,2023-12-29,ACTIVE,2023 JOOLA North American Teams,1505.0,1726.0,2023-11-24,2023-11-26
3107,Babak,Fakharpour,2052,61392,"Lexington, KY",Lexington Table Tennis Club,1725,2024-07-20,1953,2009-12-30,ACTIVE,2019 JOOLA North American Teams,1842.0,1822.0,2019-11-29,2019-12-01
3107,Babak,Fakharpour,2052,61392,"Lexington, KY",Lexington Table Tennis Club,1725,2024-07-20,1953,2009-12-30,ACTIVE,JOOLA North American Teams,1915.0,1844.0,2018-11-23,2018-11-25
3107,Babak,Fakharpour,2052,61392,"Lexington, KY",Lexington Table Tennis Club,1725,2024-07-20,1953,2009-12-30,ACTIVE,North American Teams,1847.0,1832.0,2003-11-30,
3107,Babak,Fakharpour,2052,61392,"Lexington, KY",Lexington Table Tennis Club,1725,2024-07-20,1953,2009-12-30,ACTIVE,1999 NA Teams 2,1941.0,1932.0,1999-11-28,
3116,Anup,Gopalakrishnan,117765,216765,"Marietta, GA",East Cobb Sports Table Tennis,1724,2023-12-21,0,,ACTIVE,JOOLA North American Teams,1696.0,1775.0,2018-11-23,2018-11-25
3121,Hannoch,Marksheid,34799,14975,"Atlit Isreal, CA",,1724,2022-10-06,0,,ACTIVE,2014 JOOLA North American Teams Championships,1846.0,1851.0,2014-11-30,
3135,Pete,May,5072,8146,"Augusta, GA",,1721,2024-07-07,0,,ACTIVE,2015 JOOLA North American Teams Championships,1930.0,1935.0,2015-11-29,
3135,Pete,May,5072,8146,"Augusta, GA",,1721,2024-07-07,0,,ACTIVE,1999 NA Teams 2,1996.0,2008.0,1999-11-28,
3137,Adeel,Rajput,6366,75051,"Nesconset, NY",Bohemia Table Tennis Club,1721,2024-05-26,1863,2024-09-03,ACTIVE,2023 JOOLA North American Teams,1732.0,1747.0,2023-11-24,2023-11-26
3137,Adeel,Rajput,6366,75051,"Nesconset, NY",Bohemia Table Tennis Club,1721,2024-05-26,1863,2024-09-03,ACTIVE,2022 JOOLA North American Teams,1755.0,1847.0,2022-11-25,2022-11-27
3137,Adeel,Rajput,6366,75051,"Nesconset, NY",Bohemia Table Tennis Club,1721,2024-05-26,1863,2024-09-03,ACTIVE,2021 Joola North American Team,1801.0,1832.0,2021-11-26,2021-11-28
3137,Adeel,Rajput,6366,75051,"Nesconset, NY",Bohemia Table Tennis Club,1721,2024-05-26,1863,2024-09-03,ACTIVE,2019 JOOLA North American Teams,1734.0,1752.0,2019-11-29,2019-12-01
3137,Adeel,Rajput,6366,75051,"Nesconset, NY",Bohemia Table Tennis Club,1721,2024-05-26,1863,2024-09-03,ACTIVE,JOOLA North American Teams,1705.0,1861.0,2018-11-23,2018-11-25
3137,Adeel,Rajput,6366,75051,"Nesconset, NY",Bohemia Table Tennis Club,1721,2024-05-26,1863,2024-09-03,ACTIVE,20th Annual North American Team Championship Powered By JOOLA,1750.0,1703.0,2017-11-24,2017-11-26
3141,James,Yang,172489,271489,"Whippany, NJ",Matchpoint Table Tennis Center NJ,1720,2024-07-07,1774,2023-06-02,ACTIVE,2023 JOOLA North American Teams,1666.0,1726.0,2023-11-24,2023-11-26
3141,James,Yang,172489,271489,"Whippany, NJ",Matchpoint Table Tennis Center NJ,1720,2024-07-07,1774,2023-06-02,ACTIVE,2022 JOOLA North American Teams,1513.0,1602.0,2022-11-25,2022-11-27
3141,James,Yang,172489,271489,"Whippany, NJ",Matchpoint Table Tennis Center NJ,1720,2024-07-07,1774,2023-06-02,ACTIVE,2021 Joola North American Team,1077.0,1218.0,2021-11-26,2021-11-28
3157,Jackson,Chen,116309,215309,"Brooklyn, NY",,1718,2023-11-26,0,,ACTIVE,2023 JOOLA North American Teams,1741.0,1718.0,2023-11-24,2023-11-26
3157,Jackson,Chen,116309,215309,"Brooklyn, NY",,1718,2023-11-26,0,,ACTIVE,2022 JOOLA North American Teams,1690.0,1703.0,2022-11-25,2022-11-27
3157,Jackson,Chen,116309,215309,"Brooklyn, NY",,1718,2023-11-26,0,,ACTIVE,2021 Joola North American Team,1411.0,1379.0,2021-11-26,2021-11-28
3157,Jackson,Chen,116309,215309,"Brooklyn, NY",,1718,2023-11-26,0,,ACTIVE,2019 JOOLA North American Teams,1012.0,1138.0,2019-11-29,2019-12-01
3161,Yihang,Tang,172282,271282,"Austin, TX",Austin Table Tennis Club,1718,2024-08-31,1523,2024-08-28,ACTIVE,2023 JOOLA North American Teams,1608.0,1588.0,2023-11-24,2023-11-26
3162,Cyndy,Meng,116792,215792,Ellicott City,,1717,2024-07-07,1575,2023-06-09,ACTIVE,2023 JOOLA North American Teams,1661.0,1678.0,2023-11-24,2023-11-26
3162,Cyndy,Meng,116792,215792,Ellicott City,,1717,2024-07-07,1575,2023-06-09,ACTIVE,2022 JOOLA North American Teams,1195.0,1545.0,2022-11-25,2022-11-27
3162,Cyndy,Meng,116792,215792,Ellicott City,,1717,2024-07-07,1575,2023-06-09,ACTIVE,JOOLA North American Teams,1055.0,1350.0,2018-11-23,2018-11-25
3162,Cyndy,Meng,116792,215792,Ellicott City,,1717,2024-07-07,1575,2023-06-09,ACTIVE,20th Annual North American Team Championship Powered By JOOLA,0.0,798.0,2017-11-24,2017-11-26
3165,Brian,Aschenbach,269,76778,"Cranford, NJ",New Jersey Table Tennis Club,1716,2023-11-26,1785,2024-09-05,ACTIVE,2023 JOOLA North American Teams,1745.0,1716.0,2023-11-24,2023-11-26
3165,Brian,Aschenbach,269,76778,"Cranford, NJ",New Jersey Table Tennis Club,1716,2023-11-26,1785,2024-09-05,ACTIVE,2022 JOOLA North American Teams,1707.0,1745.0,2022-11-25,2022-11-27
3165,Brian,Aschenbach,269,76778,"Cranford, NJ",New Jersey Table Tennis Club,1716,2023-11-26,1785,2024-09-05,ACTIVE,2021 Joola North American Team,1513.0,1707.0,2021-11-26,2021-11-28
3165,Brian,Aschenbach,269,76778,"Cranford, NJ",New Jersey Table Tennis Club,1716,2023-11-26,1785,2024-09-05,ACTIVE,2019 JOOLA North American Teams,1974.0,1513.0,2019-11-29,2019-12-01
3165,Brian,Aschenbach,269,76778,"Cranford, NJ",New Jersey Table Tennis Club,1716,2023-11-26,1785,2024-09-05,ACTIVE,20th Annual North American Team Championship Powered By JOOLA,1923.0,1974.0,2017-11-24,2017-11-26
3165,Brian,Aschenbach,269,76778,"Cranford, NJ",New Jersey Table Tennis Club,1716,2023-11-26,1785,2024-09-05,ACTIVE,2016 JOOLA NA Teams,1847.0,1923.0,2016-11-25,2016-11-27
3165,Brian,Aschenbach,269,76778,"Cranford, NJ",New Jersey Table Tennis Club,1716,2023-11-26,1785,2024-09-05,ACTIVE,2014 JOOLA North American Teams Championships,1803.0,1847.0,2014-11-30,
3172,Suguru,Araki,10387,3916,"Richmond, CA",Sunset Table Tennis Club,1715,2024-05-18,1815,2022-05-22,ACTIVE,2019 JOOLA North American Teams,2043.0,1992.0,2019-11-29,2019-12-01
3172,Suguru,Araki,10387,3916,"Richmond, CA",Sunset Table Tennis Club,1715,2024-05-18,1815,2022-05-22,ACTIVE,2016 JOOLA NA Teams,2072.0,2043.0,2016-11-25,2016-11-27
3172,Suguru,Araki,10387,3916,"Richmond, CA",Sunset Table Tennis Club,1715,2024-05-18,1815,2022-05-22,ACTIVE,2015 JOOLA North American Teams Championships,2060.0,2072.0,2015-11-29,
3172,Suguru,Araki,10387,3916,"Richmond, CA",Sunset Table Tennis Club,1715,2024-05-18,1815,2022-05-22,ACTIVE,2014 JOOLA North American Teams Championships,2063.0,2060.0,2014-11-30,
3172,Suguru,Araki,10387,3916,"Richmond, CA",Sunset Table Tennis Club,1715,2024-05-18,1815,2022-05-22,ACTIVE,North American Teams,2124.0,2081.0,2003-11-30,
3173,Xinhua,Yin,8870,81327,"Hoover, AL","BumperNets, Inc.",1715,2024-07-07,0,,ACTIVE,JOOLA North American Teams,1807.0,1801.0,2018-11-23,2018-11-25
3180,Richard,Perez,6087,77714,"Valrico, FL",Sunrise Table Tennis Club - Morningside Recreation Complex,1714,2019-04-13,1701,2020-11-20,ACTIVE,2016 JOOLA NA Teams,1591.0,1506.0,2016-11-25,2016-11-27
3180,Richard,Perez,6087,77714,"Valrico, FL",Sunrise Table Tennis Club - Morningside Recreation Complex,1714,2019-04-13,1701,2020-11-20,ACTIVE,2014 JOOLA North American Teams Championships,1669.0,1721.0,2014-11-30,
3182,Ariel,Chen,1124,80345,"Brooklyn, NY",,1713,2024-03-31,1580,2019-07-19,ACTIVE,2022 JOOLA North American Teams,1713.0,1728.0,2022-11-25,2022-11-27
3182,Ariel,Chen,1124,80345,"Brooklyn, NY",,1713,2024-03-31,1580,2019-07-19,ACTIVE,2021 Joola North American Team,1580.0,1686.0,2021-11-26,2021-11-28
3194,Travis,Rosin,171915,270915,"Needham, MA",Mastiff Table Tennis Club,1711,2023-11-26,1711,2024-01-27,ACTIVE,2023 JOOLA North American Teams,1804.0,1711.0,2023-11-24,2023-11-26
3194,Travis,Rosin,171915,270915,"Needham, MA",Mastiff Table Tennis Club,1711,2023-11-26,1711,2024-01-27,ACTIVE,2022 JOOLA North American Teams,1377.0,1570.0,2022-11-25,2022-11-27
3197,Jason,Mabe,4852,64377,"Ellerbe, NC",Carolina International Table Tennis Academy (CITTA),1711,2024-06-01,1771,2018-03-29,ACTIVE,2022 JOOLA North American Teams,1816.0,1795.0,2022-11-25,2022-11-27
3197,Jason,Mabe,4852,64377,"Ellerbe, NC",Carolina International Table Tennis Academy (CITTA),1711,2024-06-01,1771,2018-03-29,ACTIVE,2021 Joola North American Team,1641.0,1816.0,2021-11-26,2021-11-28
3197,Jason,Mabe,4852,64377,"Ellerbe, NC",Carolina International Table Tennis Academy (CITTA),1711,2024-06-01,1771,2018-03-29,ACTIVE,2019 JOOLA North American Teams,1549.0,1797.0,2019-11-29,2019-12-01
3197,Jason,Mabe,4852,64377,"Ellerbe, NC",Carolina International Table Tennis Academy (CITTA),1711,2024-06-01,1771,2018-03-29,ACTIVE,JOOLA North American Teams,1601.0,1561.0,2018-11-23,2018-11-25
3197,Jason,Mabe,4852,64377,"Ellerbe, NC",Carolina International Table Tennis Academy (CITTA),1711,2024-06-01,1771,2018-03-29,ACTIVE,20th Annual North American Team Championship Powered By JOOLA,1132.0,1341.0,2017-11-24,2017-11-26
3199,Tesilimi O.,Iloh,26624,58954,"Arlington, MI",,1710,2024-08-31,0,,ACTIVE,North American Teams,1998.0,2064.0,2003-11-30,
3200,Karl,Augestad,298,42062,"Anchorage, AK",Alaska Table Tennis Club,1710,2023-10-12,1657,2016-07-28,ACTIVE,20th Annual North American Team Championship Powered By JOOLA,1918.0,1859.0,2017-11-24,2017-11-26
3200,Karl,Augestad,298,42062,"Anchorage, AK",Alaska Table Tennis Club,1710,2023-10-12,1657,2016-07-28,ACTIVE,2015 JOOLA North American Teams Championships,1758.0,1918.0,2015-11-29,
3200,Karl,Augestad,298,42062,"Anchorage, AK",Alaska Table Tennis Club,1710,2023-10-12,1657,2016-07-28,ACTIVE,2014 JOOLA North American Teams Championships,1911.0,1807.0,2014-11-30,
3200,Karl,Augestad,298,42062,"Anchorage, AK",Alaska Table Tennis Club,1710,2023-10-12,1657,2016-07-28,ACTIVE,North American Teams,1851.0,1883.0,2003-11-30,
3204,Austin,Chen,1125,96029,"Philadelphia, CA",,1710,2024-08-25,0,,ACTIVE,2023 JOOLA North American Teams,1545.0,1544.0,2023-11-24,2023-11-26
3206,Rey,Sotero,7328,76208,"Silver Spring, MD",Potomac Country Table Tennis Club,1710,2023-11-26,2056,2018-06-05,ACTIVE,2023 JOOLA North American Teams,1719.0,1710.0,2023-11-24,2023-11-26
3206,Rey,Sotero,7328,76208,"Silver Spring, MD",Potomac Country Table Tennis Club,1710,2023-11-26,2056,2018-06-05,ACTIVE,2022 JOOLA North American Teams,1817.0,1778.0,2022-11-25,2022-11-27
3206,Rey,Sotero,7328,76208,"Silver Spring, MD",Potomac Country Table Tennis Club,1710,2023-11-26,2056,2018-06-05,ACTIVE,JOOLA North American Teams,1769.0,1877.0,2018-11-23,2018-11-25
3206,Rey,Sotero,7328,76208,"Silver Spring, MD",Potomac Country Table Tennis Club,1710,2023-11-26,2056,2018-06-05,ACTIVE,20th Annual North American Team Championship Powered By JOOLA,1803.0,1753.0,2017-11-24,2017-11-26
3206,Rey,Sotero,7328,76208,"Silver Spring, MD",Potomac Country Table Tennis Club,1710,2023-11-26,2056,2018-06-05,ACTIVE,2016 JOOLA NA Teams,1891.0,1844.0,2016-11-25,2016-11-27
3215,Ali,Shafai,45283,52354,"Santa Clara, CA",,1709,2024-09-02,1703,2010-01-23,ACTIVE,2023 JOOLA North American Teams,1787.0,1736.0,2023-11-24,2023-11-26
3220,Rodney,Johnson,173024,1173024,Parkville,,1708,2023-11-26,0,,ACTIVE,2023 JOOLA North American Teams,1794.0,1708.0,2023-11-24,2023-11-26
3220,Rodney,Johnson,173024,1173024,Parkville,,1708,2023-11-26,0,,ACTIVE,2022 JOOLA North American Teams,1643.0,1807.0,2022-11-25,2022-11-27
3221,Sahaj,Ramachandran,171492,270492,"Austin, TX",Austin Table Tennis Club,1708,2024-08-31,1593,2024-05-01,ACTIVE,2023 JOOLA North American Teams,1524.0,1734.0,2023-11-24,2023-11-26
3221,Sahaj,Ramachandran,171492,270492,"Austin, TX",Austin Table Tennis Club,1708,2024-08-31,1593,2024-05-01,ACTIVE,2022 JOOLA North American Teams,1468.0,1430.0,2022-11-25,2022-11-27
3226,Max,Qi,103833,202833,"Whitehouse Station, NJ",Topspin Table Tennis Club,1707,2023-11-26,1859,2023-09-29,ACTIVE,2023 JOOLA North American Teams,1535.0,1707.0,2023-11-24,2023-11-26
3226,Max,Qi,103833,202833,"Whitehouse Station, NJ",Topspin Table Tennis Club,1707,2023-11-26,1859,2023-09-29,ACTIVE,2022 JOOLA North American Teams,1512.0,1519.0,2022-11-25,2022-11-27
3226,Max,Qi,103833,202833,"Whitehouse Station, NJ",Topspin Table Tennis Club,1707,2023-11-26,1859,2023-09-29,ACTIVE,2021 Joola North American Team,795.0,1230.0,2021-11-26,2021-11-28
3226,Max,Qi,103833,202833,"Whitehouse Station, NJ",Topspin Table Tennis Club,1707,2023-11-26,1859,2023-09-29,ACTIVE,2019 JOOLA North American Teams,472.0,779.0,2019-11-29,2019-12-01
3226,Max,Qi,103833,202833,"Whitehouse Station, NJ",Topspin Table Tennis Club,1707,2023-11-26,1859,2023-09-29,ACTIVE,2016 JOOLA NA Teams,442.0,472.0,2016-11-25,2016-11-27
3227,Mohamed G,Kamara,3580,34020,"Washington Dc, MD",MDTTC - Maryland Table Tennis Center,1707,2024-08-03,2120,2020-02-07,ACTIVE,20th Annual North American Team Championship Powered By JOOLA,1930.0,1952.0,2017-11-24,2017-11-26
3236,Cyrus,Cursetjee,166959,1166959,"New York, NY",,1705,2024-08-25,0,,ACTIVE,2023 JOOLA North American Teams,1752.0,1635.0,2023-11-24,2023-11-26
3236,Cyrus,Cursetjee,166959,1166959,"New York, NY",,1705,2024-08-25,0,,ACTIVE,2022 JOOLA North American Teams,1724.0,1742.0,2022-11-25,2022-11-27
3243,Miller,Montealegre,5370,76068,"Cranford, NJ",,1705,2021-02-21,1881,2024-09-05,ACTIVE,2016 JOOLA NA Teams,1761.0,1752.0,2016-11-25,2016-11-27
3244,Alexey,Andreev,120319,219319,,,1705,2024-08-25,1776,2018-04-16,ACTIVE,2022 JOOLA North American Teams,1627.0,1671.0,2022-11-25,2022-11-27
3245,Peter,Gaidarev,2307,92458,"Charlestown, MA",Boston Table Tennis Center,1704,2024-08-25,1887,2020-03-10,ACTIVE,2019 JOOLA North American Teams,1871.0,1838.0,2019-11-29,2019-12-01
3245,Peter,Gaidarev,2307,92458,"Charlestown, MA",Boston Table Tennis Center,1704,2024-08-25,1887,2020-03-10,ACTIVE,JOOLA North American Teams,1778.0,1911.0,2018-11-23,2018-11-25
3245,Peter,Gaidarev,2307,92458,"Charlestown, MA",Boston Table Tennis Center,1704,2024-08-25,1887,2020-03-10,ACTIVE,20th Annual North American Team Championship Powered By JOOLA,1723.0,1777.0,2017-11-24,2017-11-26
3248,Shawfe,Sung,7539,31997,"Marietta, GA",East Cobb Sports Table Tennis,1704,2023-11-18,0,,ACTIVE,JOOLA North American Teams,1692.0,1704.0,2018-11-23,2018-11-25
3248,Shawfe,Sung,7539,31997,"Marietta, GA",East Cobb Sports Table Tennis,1704,2023-11-18,0,,ACTIVE,2016 JOOLA NA Teams,1648.0,1692.0,2016-11-25,2016-11-27
3253,Rayyan,Mamdani,166389,1166389,"Duluth, GA",Atlanta International Table Tennis Academy,1704,2024-08-18,0,,ACTIVE,2023 JOOLA North American Teams,1812.0,1792.0,2023-11-24,2023-11-26
3253,Rayyan,Mamdani,166389,1166389,"Duluth, GA",Atlanta International Table Tennis Academy,1704,2024-08-18,0,,ACTIVE,2022 JOOLA North American Teams,1262.0,1548.0,2022-11-25,2022-11-27
3253,Rayyan,Mamdani,166389,1166389,"Duluth, GA",Atlanta International Table Tennis Academy,1704,2024-08-18,0,,ACTIVE,2021 Joola North American Team,1230.0,1257.0,2021-11-26,2021-11-28
3254,Mohit,Shah,45324,83352,"Elkridge, MD",,1703,2023-11-26,1334,2012-08-26,ACTIVE,2023 JOOLA North American Teams,1633.0,1703.0,2023-11-24,2023-11-26
3254,Mohit,Shah,45324,83352,"Elkridge, MD",,1703,2023-11-26,1334,2012-08-26,ACTIVE,2022 JOOLA North American Teams,1637.0,1630.0,2022-11-25,2022-11-27
3254,Mohit,Shah,45324,83352,"Elkridge, MD",,1703,2023-11-26,1334,2012-08-26,ACTIVE,2021 Joola North American Team,1628.0,1650.0,2021-11-26,2021-11-28
3254,Mohit,Shah,45324,83352,"Elkridge, MD",,1703,2023-11-26,1334,2012-08-26,ACTIVE,2019 JOOLA North American Teams,1686.0,1628.0,2019-11-29,2019-12-01
3254,Mohit,Shah,45324,83352,"Elkridge, MD",,1703,2023-11-26,1334,2012-08-26,ACTIVE,JOOLA North American Teams,1654.0,1776.0,2018-11-23,2018-11-25
3254,Mohit,Shah,45324,83352,"Elkridge, MD",,1703,2023-11-26,1334,2012-08-26,ACTIVE,20th Annual North American Team Championship Powered By JOOLA,1707.0,1679.0,2017-11-24,2017-11-26
3254,Mohit,Shah,45324,83352,"Elkridge, MD",,1703,2023-11-26,1334,2012-08-26,ACTIVE,2016 JOOLA NA Teams,1734.0,1708.0,2016-11-25,2016-11-27
3254,Mohit,Shah,45324,83352,"Elkridge, MD",,1703,2023-11-26,1334,2012-08-26,ACTIVE,2015 JOOLA North American Teams Championships,1725.0,1734.0,2015-11-29,
3254,Mohit,Shah,45324,83352,"Elkridge, MD",,1703,2023-11-26,1334,2012-08-26,ACTIVE,2014 JOOLA North American Teams Championships,1673.0,1737.0,2014-11-30,
3258,Kevin,Chen,172755,271755,"Charlottesville, VA",,1703,2024-06-01,0,,ACTIVE,2023 JOOLA North American Teams,1515.0,1581.0,2023-11-24,2023-11-26
3258,Kevin,Chen,172755,271755,"Charlottesville, VA",,1703,2024-06-01,0,,ACTIVE,2022 JOOLA North American Teams,1328.0,1551.0,2022-11-25,2022-11-27
3259,Luke,Wong,120958,219958,"Lexington, MA",Massachusetts Table Tennis and Badminton Club,1702,2024-07-28,1142,2019-04-08,ACTIVE,2023 JOOLA North American Teams,1716.0,1711.0,2023-11-24,2023-11-26
3259,Luke,Wong,120958,219958,"Lexington, MA",Massachusetts Table Tennis and Badminton Club,1702,2024-07-28,1142,2019-04-08,ACTIVE,2022 JOOLA North American Teams,1456.0,1726.0,2022-11-25,2022-11-27
3259,Luke,Wong,120958,219958,"Lexington, MA",Massachusetts Table Tennis and Badminton Club,1702,2024-07-28,1142,2019-04-08,ACTIVE,2021 Joola North American Team,1452.0,1486.0,2021-11-26,2021-11-28
3259,Luke,Wong,120958,219958,"Lexington, MA",Massachusetts Table Tennis and Badminton Club,1702,2024-07-28,1142,2019-04-08,ACTIVE,2019 JOOLA North American Teams,791.0,878.0,2019-11-29,2019-12-01
3259,Luke,Wong,120958,219958,"Lexington, MA",Massachusetts Table Tennis and Badminton Club,1702,2024-07-28,1142,2019-04-08,ACTIVE,JOOLA North American Teams,787.0,793.0,2018-11-23,2018-11-25
3270,Anastasia,Yastrebova,54547,153547,"Marlton, NJ",,1700,2024-05-05,1939,2024-04-04,ACTIVE,2023 JOOLA North American Teams,1643.0,1690.0,2023-11-24,2023-11-26
3272,Huafeng,Fan,173928,1173928,New York,,1700,2024-09-08,1789,2024-09-10,ACTIVE,2023 JOOLA North American Teams,1638.0,1723.0,2023-11-24,2023-11-26
3273,Patrick,Moran,166815,1166815,"New York, NY",PingPod Lower East Side,1700,2024-08-22,1761,2024-04-24,ACTIVE,2021 Joola North American Team,1380.0,1377.0,2021-11-26,2021-11-28
3274,Simon,Brain,732,60706,"Huntersville, NC",Charlotte Table Tennis Club,1700,2024-08-10,2013,2020-01-09,ACTIVE,2023 JOOLA North American Teams,1738.0,1717.0,2023-11-24,2023-11-26
3274,Simon,Brain,732,60706,"Huntersville, NC",Charlotte Table Tennis Club,1700,2024-08-10,2013,2020-01-09,ACTIVE,2022 JOOLA North American Teams,1736.0,1747.0,2022-11-25,2022-11-27
3274,Simon,Brain,732,60706,"Huntersville, NC",Charlotte Table Tennis Club,1700,2024-08-10,2013,2020-01-09,ACTIVE,2021 Joola North American Team,1731.0,1711.0,2021-11-26,2021-11-28
3274,Simon,Brain,732,60706,"Huntersville, NC",Charlotte Table Tennis Club,1700,2024-08-10,2013,2020-01-09,ACTIVE,2019 JOOLA North American Teams,1814.0,1810.0,2019-11-29,2019-12-01
3274,Simon,Brain,732,60706,"Huntersville, NC",Charlotte Table Tennis Club,1700,2024-08-10,2013,2020-01-09,ACTIVE,JOOLA North American Teams,1859.0,1868.0,2018-11-23,2018-11-25
3274,Simon,Brain,732,60706,"Huntersville, NC",Charlotte Table Tennis Club,1700,2024-08-10,2013,2020-01-09,ACTIVE,20th Annual North American Team Championship Powered By JOOLA,1879.0,1819.0,2017-11-24,2017-11-26
3274,Simon,Brain,732,60706,"Huntersville, NC",Charlotte Table Tennis Club,1700,2024-08-10,2013,2020-01-09,ACTIVE,2015 JOOLA North American Teams Championships,1796.0,1788.0,2015-11-29,
3274,Simon,Brain,732,60706,"Huntersville, NC",Charlotte Table Tennis Club,1700,2024-08-10,2013,2020-01-09,ACTIVE,2014 JOOLA North American Teams Championships,1832.0,1787.0,2014-11-30,
3274,Simon,Brain,732,60706,"Huntersville, NC",Charlotte Table Tennis Club,1700,2024-08-10,2013,2020-01-09,ACTIVE,North American Teams,1895.0,1941.0,2003-11-30,
3274,Simon,Brain,732,60706,"Huntersville, NC",Charlotte Table Tennis Club,1700,2024-08-10,2013,2020-01-09,ACTIVE,1999 NA Teams 2,1858.0,1735.0,1999-11-28,
3274,Simon,Brain,732,60706,"Huntersville, NC",Charlotte Table Tennis Club,1700,2024-08-10,2013,2020-01-09,ACTIVE,1998 North American Teams Cham,1849.0,1763.0,1998-11-29,
3275,Sophia,Bai,172771,271771,"Toronto, FN",,1700,2024-06-30,0,,ACTIVE,2023 JOOLA North American Teams,1712.0,1720.0,2023-11-24,2023-11-26
3276,Jesus,Mejias,182758,1182758,,,1700,2024-04-14,0,,ACTIVE,2023 JOOLA North American Teams,0.0,1667.0,2023-11-24,2023-11-26
3297,Mark,Shapiro,7005,61560,"Reynoldsburg, OH",Columbus Table Tennis Club,1697,2018-03-02,1768,2003-11-24,ACTIVE,North American Teams,1840.0,1894.0,2003-11-30,
3302,Luca,Jiang,180094,1180094,"Chapel Hill, NC",Carolina International Table Tennis Academy (CITTA),1696,2024-07-28,0,,ACTIVE,2023 JOOLA North American Teams,1192.0,1342.0,2023-11-24,2023-11-26
3308,Shiyou,Xu,172211,271211,"Princeton, NJ",Topspin Table Tennis Club,1695,2024-08-04,0,,ACTIVE,2023 JOOLA North American Teams,1264.0,1573.0,2023-11-24,2023-11-26
3308,Shiyou,Xu,172211,271211,"Princeton, NJ",Topspin Table Tennis Club,1695,2024-08-04,0,,ACTIVE,2022 JOOLA North American Teams,467.0,1008.0,2022-11-25,2022-11-27
3315,Robert,Kyker,4038,7485,"Tulsa, OK",Tulsa Table Tennis Club,1694,2018-03-02,0,,ACTIVE,1999 NA Teams 2,1608.0,1586.0,1999-11-28,
3323,Yaqin,Tang,172819,271819,"syracuse, NY",,1692,2021-11-28,0,,ACTIVE,2021 Joola North American Team,0.0,1692.0,2021-11-26,2021-11-28
3327,Juan P.,Mejias,174800,1174800,Cidra,,1692,2023-11-26,0,,ACTIVE,2023 JOOLA North American Teams,1620.0,1692.0,2023-11-24,2023-11-26
3335,Alla,Lantsman,113702,212702,"Mount Laurel Township, NJ",West Jersey Table Tennis Club,1690,2024-05-05,1818,2023-08-17,ACTIVE,2023 JOOLA North American Teams,1707.0,1698.0,2023-11-24,2023-11-26
3335,Alla,Lantsman,113702,212702,"Mount Laurel Township, NJ",West Jersey Table Tennis Club,1690,2024-05-05,1818,2023-08-17,ACTIVE,2022 JOOLA North American Teams,1760.0,1707.0,2022-11-25,2022-11-27
3335,Alla,Lantsman,113702,212702,"Mount Laurel Township, NJ",West Jersey Table Tennis Club,1690,2024-05-05,1818,2023-08-17,ACTIVE,JOOLA North American Teams,1519.0,1593.0,2018-11-23,2018-11-25
3344,Maksim,Kovalev,29940,72061,"Holly Springs, NC",Triangle Badminton & Table Tennis,1690,2024-08-11,0,,ACTIVE,2023 JOOLA North American Teams,1604.0,1702.0,2023-11-24,2023-11-26
3344,Maksim,Kovalev,29940,72061,"Holly Springs, NC",Triangle Badminton & Table Tennis,1690,2024-08-11,0,,ACTIVE,JOOLA North American Teams,1607.0,1712.0,2018-11-23,2018-11-25
3344,Maksim,Kovalev,29940,72061,"Holly Springs, NC",Triangle Badminton & Table Tennis,1690,2024-08-11,0,,ACTIVE,20th Annual North American Team Championship Powered By JOOLA,1484.0,1529.0,2017-11-24,2017-11-26
3349,Jeremy,Ku,171345,1171345,"Great Falls, VA",,1689,2024-08-25,0,,ACTIVE,2023 JOOLA North American Teams,1584.0,1703.0,2023-11-24,2023-11-26
3349,Jeremy,Ku,171345,1171345,"Great Falls, VA",,1689,2024-08-25,0,,ACTIVE,2022 JOOLA North American Teams,1523.0,1463.0,2022-11-25,2022-11-27
3349,Jeremy,Ku,171345,1171345,"Great Falls, VA",,1689,2024-08-25,0,,ACTIVE,2021 Joola North American Team,938.0,1020.0,2021-11-26,2021-11-28
3352,Brian,Hutchins-Knowle,3292,62550,"San Jose, CA",,1689,2023-12-21,1537,2023-12-09,ACTIVE,1999 NA Teams 2,1720.0,1664.0,1999-11-28,
3352,Brian,Hutchins-Knowle,3292,62550,"San Jose, CA",,1689,2023-12-21,1537,2023-12-09,ACTIVE,1998 North American Teams Cham,1592.0,1720.0,1998-11-29,
3353,Felix,Hentschel,172009,1172009,"Cambridge, MA",,1689,2024-05-26,1703,2024-01-12,ACTIVE,2023 JOOLA North American Teams,1740.0,1813.0,2023-11-24,2023-11-26
3353,Felix,Hentschel,172009,1172009,"Cambridge, MA",,1689,2024-05-26,1703,2024-01-12,ACTIVE,2022 JOOLA North American Teams,880.0,917.0,2022-11-25,2022-11-27
3360,Arya,Vasan,167865,266865,"Princeton Jct, NJ","Princeton Pong, LLC",1688,2024-09-08,1343,2023-07-14,ACTIVE,2023 JOOLA North American Teams,1552.0,1628.0,2023-11-24,2023-11-26
3360,Arya,Vasan,167865,266865,"Princeton Jct, NJ","Princeton Pong, LLC",1688,2024-09-08,1343,2023-07-14,ACTIVE,2022 JOOLA North American Teams,1343.0,1413.0,2022-11-25,2022-11-27
3367,Edward,Hogshead,3082,6727,"Rockford, IL",,1686,2018-03-02,0,,ACTIVE,North American Teams,1921.0,1796.0,2003-11-30,
3368,Stanley,Harn,2830,25840,"Niles, IL",,1686,2023-05-28,1615,2013-07-01,ACTIVE,1999 NA Teams 2,1873.0,1676.0,1999-11-28,
3368,Stanley,Harn,2830,25840,"Niles, IL",,1686,2023-05-28,1615,2013-07-01,ACTIVE,1998 North American Teams Cham,1724.0,1770.0,1998-11-29,
3371,Alexander,Del Vento,124563,223563,West Orange,,1686,2024-02-25,1871,2024-05-21,ACTIVE,2022 JOOLA North American Teams,1701.0,1786.0,2022-11-25,2022-11-27
3371,Alexander,Del Vento,124563,223563,West Orange,,1686,2024-02-25,1871,2024-05-21,ACTIVE,2021 Joola North American Team,1691.0,1833.0,2021-11-26,2021-11-28
3371,Alexander,Del Vento,124563,223563,West Orange,,1686,2024-02-25,1871,2024-05-21,ACTIVE,2019 JOOLA North American Teams,1383.0,1623.0,2019-11-29,2019-12-01
3373,Sam,Sundar,123317,222317,Charlotte,,1686,2023-11-26,1807,2023-12-21,ACTIVE,2023 JOOLA North American Teams,1612.0,1686.0,2023-11-24,2023-11-26
3373,Sam,Sundar,123317,222317,Charlotte,,1686,2023-11-26,1807,2023-12-21,ACTIVE,2022 JOOLA North American Teams,1663.0,1633.0,2022-11-25,2022-11-27
3373,Sam,Sundar,123317,222317,Charlotte,,1686,2023-11-26,1807,2023-12-21,ACTIVE,2019 JOOLA North American Teams,1622.0,1650.0,2019-11-29,2019-12-01
3373,Sam,Sundar,123317,222317,Charlotte,,1686,2023-11-26,1807,2023-12-21,ACTIVE,JOOLA North American Teams,1545.0,1624.0,2018-11-23,2018-11-25
3380,Connie Mae,Sweeris,7569,10414,"Caledonia, MI",,1685,2023-12-21,1891,2016-02-01,ACTIVE,2016 JOOLA NA Teams,1792.0,1781.0,2016-11-25,2016-11-27
3380,Connie Mae,Sweeris,7569,10414,"Caledonia, MI",,1685,2023-12-21,1891,2016-02-01,ACTIVE,2015 JOOLA North American Teams Championships,1796.0,1790.0,2015-11-29,
3381,Carly,Googel,103572,202572,"Chappaqua, NY",,1685,2024-07-28,0,,ACTIVE,2022 JOOLA North American Teams,1566.0,1654.0,2022-11-25,2022-11-27
3381,Carly,Googel,103572,202572,"Chappaqua, NY",,1685,2024-07-28,0,,ACTIVE,2021 Joola North American Team,1489.0,1510.0,2021-11-26,2021-11-28
3381,Carly,Googel,103572,202572,"Chappaqua, NY",,1685,2024-07-28,0,,ACTIVE,2019 JOOLA North American Teams,1594.0,1462.0,2019-11-29,2019-12-01
3381,Carly,Googel,103572,202572,"Chappaqua, NY",,1685,2024-07-28,0,,ACTIVE,JOOLA North American Teams,1143.0,1107.0,2018-11-23,2018-11-25
3381,Carly,Googel,103572,202572,"Chappaqua, NY",,1685,2024-07-28,0,,ACTIVE,20th Annual North American Team Championship Powered By JOOLA,1077.0,994.0,2017-11-24,2017-11-26
3383,Jimmy,Wang,179142,1179142,,,1685,2024-03-17,0,,ACTIVE,2023 JOOLA North American Teams,1530.0,1682.0,2023-11-24,2023-11-26
3386,Cynthia,Ruan,6668,91918,"Marietta, GA",,1684,2018-07-22,0,,ACTIVE,20th Annual North American Team Championship Powered By JOOLA,1449.0,1715.0,2017-11-24,2017-11-26
3386,Cynthia,Ruan,6668,91918,"Marietta, GA",,1684,2018-07-22,0,,ACTIVE,2016 JOOLA NA Teams,1586.0,1380.0,2016-11-25,2016-11-27
3386,Cynthia,Ruan,6668,91918,"Marietta, GA",,1684,2018-07-22,0,,ACTIVE,2015 JOOLA North American Teams Championships,1183.0,1200.0,2015-11-29,
3386,Cynthia,Ruan,6668,91918,"Marietta, GA",,1684,2018-07-22,0,,ACTIVE,2014 JOOLA North American Teams Championships,909.0,762.0,2014-11-30,
3394,Michael,Rodriguez,174884,1174884,,,1683,2024-04-14,0,,ACTIVE,2022 JOOLA North American Teams,1422.0,1681.0,2022-11-25,2022-11-27
3401,Aurelio,Gittens,174444,1174444,"Hillside, NJ",,1681,2024-07-28,1879,2024-09-05,ACTIVE,2023 JOOLA North American Teams,1517.0,1559.0,2023-11-24,2023-11-26
3401,Aurelio,Gittens,174444,1174444,"Hillside, NJ",,1681,2024-07-28,1879,2024-09-05,ACTIVE,2022 JOOLA North American Teams,1168.0,1397.0,2022-11-25,2022-11-27
3411,Russell,Bryan,180533,279533,"Woodstock, GA",East Cobb Sports Table Tennis,1680,2024-08-18,0,,ACTIVE,2023 JOOLA North American Teams,1757.0,1668.0,2023-11-24,2023-11-26
3419,Emily,Ding,1758,93511,"Plano, TX",,1680,2024-07-28,0,,ACTIVE,2016 JOOLA NA Teams,1569.0,1697.0,2016-11-25,2016-11-27
3421,Horace,Thompson,177931,276931,,,1679,2024-07-21,1811,2024-08-27,ACTIVE,2023 JOOLA North American Teams,1489.0,1520.0,2023-11-24,2023-11-26
3432,Isabelle,Wu,167748,1167748,"Vienna, VA",MDTTC - Maryland Table Tennis Center,1677,2024-08-25,0,,ACTIVE,2023 JOOLA North American Teams,1766.0,1697.0,2023-11-24,2023-11-26
3432,Isabelle,Wu,167748,1167748,"Vienna, VA",MDTTC - Maryland Table Tennis Center,1677,2024-08-25,0,,ACTIVE,2022 JOOLA North American Teams,1421.0,1320.0,2022-11-25,2022-11-27
3432,Isabelle,Wu,167748,1167748,"Vienna, VA",MDTTC - Maryland Table Tennis Center,1677,2024-08-25,0,,ACTIVE,2021 Joola North American Team,812.0,881.0,2021-11-26,2021-11-28
3436,Jean,Sze,7586,79358,"Monmouth Junction, NJ",New York International Table Tennis Club,1677,2022-11-27,1827,2024-03-05,ACTIVE,2022 JOOLA North American Teams,1653.0,1677.0,2022-11-25,2022-11-27
3436,Jean,Sze,7586,79358,"Monmouth Junction, NJ",New York International Table Tennis Club,1677,2022-11-27,1827,2024-03-05,ACTIVE,2019 JOOLA North American Teams,1672.0,1598.0,2019-11-29,2019-12-01
3436,Jean,Sze,7586,79358,"Monmouth Junction, NJ",New York International Table Tennis Club,1677,2022-11-27,1827,2024-03-05,ACTIVE,20th Annual North American Team Championship Powered By JOOLA,1709.0,1672.0,2017-11-24,2017-11-26
3456,Han,Nguyen,38237,89655,"Bowie, MD",MDTTC - Maryland Table Tennis Center,1673,2023-11-26,1828,2017-04-07,ACTIVE,2023 JOOLA North American Teams,1719.0,1673.0,2023-11-24,2023-11-26
3456,Han,Nguyen,38237,89655,"Bowie, MD",MDTTC - Maryland Table Tennis Center,1673,2023-11-26,1828,2017-04-07,ACTIVE,2019 JOOLA North American Teams,1752.0,1719.0,2019-11-29,2019-12-01
3456,Han,Nguyen,38237,89655,"Bowie, MD",MDTTC - Maryland Table Tennis Center,1673,2023-11-26,1828,2017-04-07,ACTIVE,JOOLA North American Teams,1741.0,1752.0,2018-11-23,2018-11-25
3456,Han,Nguyen,38237,89655,"Bowie, MD",MDTTC - Maryland Table Tennis Center,1673,2023-11-26,1828,2017-04-07,ACTIVE,20th Annual North American Team Championship Powered By JOOLA,1651.0,1741.0,2017-11-24,2017-11-26
3456,Han,Nguyen,38237,89655,"Bowie, MD",MDTTC - Maryland Table Tennis Center,1673,2023-11-26,1828,2017-04-07,ACTIVE,2016 JOOLA NA Teams,1698.0,1674.0,2016-11-25,2016-11-27
3456,Han,Nguyen,38237,89655,"Bowie, MD",MDTTC - Maryland Table Tennis Center,1673,2023-11-26,1828,2017-04-07,ACTIVE,2014 JOOLA North American Teams Championships,1655.0,1698.0,2014-11-30,
3460,Zhen,Chen,170930,269930,"Springfield, VA",Northern VA Table Tennis Center (NOVATTC),1673,2024-03-17,1647,2024-08-03,ACTIVE,2022 JOOLA North American Teams,1444.0,1487.0,2022-11-25,2022-11-27
3462,Chongsheng,Kang,3603,3727,"COLLEGEVILLE, PA",Phoenixville Table Tennis Club,1672,2024-09-08,1786,2024-08-27,ACTIVE,2021 Joola North American Team,1847.0,1805.0,2021-11-26,2021-11-28
3471,yashwanth,sathish,172693,271693,"Cedar Park, TX",Lonestar Table Tennis Academy,1671,2024-08-31,1614,2024-05-08,ACTIVE,2023 JOOLA North American Teams,1742.0,1714.0,2023-11-24,2023-11-26
3471,yashwanth,sathish,172693,271693,"Cedar Park, TX",Lonestar Table Tennis Academy,1671,2024-08-31,1614,2024-05-08,ACTIVE,2022 JOOLA North American Teams,1028.0,1066.0,2022-11-25,2022-11-27
3477,Matthew,Heister,177539,276539,"Queens, NY",,1670,2024-07-28,1678,2024-06-25,ACTIVE,2023 JOOLA North American Teams,1702.0,1653.0,2023-11-24,2023-11-26
3491,Fuller,Gao,171651,270651,"Potomac, MD",MDTTC - Maryland Table Tennis Center,1668,2023-11-26,0,,ACTIVE,2023 JOOLA North American Teams,1522.0,1668.0,2023-11-24,2023-11-26
3491,Fuller,Gao,171651,270651,"Potomac, MD",MDTTC - Maryland Table Tennis Center,1668,2023-11-26,0,,ACTIVE,2022 JOOLA North American Teams,1389.0,1404.0,2022-11-25,2022-11-27
3491,Fuller,Gao,171651,270651,"Potomac, MD",MDTTC - Maryland Table Tennis Center,1668,2023-11-26,0,,ACTIVE,2021 Joola North American Team,981.0,1016.0,2021-11-26,2021-11-28
3498,Prabhas,Lanka,178504,1178504,"Cumming, GA",Atlanta International Table Tennis Academy,1667,2024-08-18,0,,ACTIVE,2023 JOOLA North American Teams,1175.0,1253.0,2023-11-24,2023-11-26
3505,Ethan Y,Liu,179735,1179735,Fort Lee,,1666,2024-07-20,1556,2024-02-03,ACTIVE,2023 JOOLA North American Teams,1315.0,1647.0,2023-11-24,2023-11-26
3508,Nader,Fahimi,102540,201540,"Franklin Lakes, NJ",Westchester Table Tennis Center,1666,2024-06-09,1812,2024-02-23,ACTIVE,2022 JOOLA North American Teams,1622.0,1732.0,2022-11-25,2022-11-27
3508,Nader,Fahimi,102540,201540,"Franklin Lakes, NJ",Westchester Table Tennis Center,1666,2024-06-09,1812,2024-02-23,ACTIVE,2021 Joola North American Team,1823.0,1815.0,2021-11-26,2021-11-28
3508,Nader,Fahimi,102540,201540,"Franklin Lakes, NJ",Westchester Table Tennis Center,1666,2024-06-09,1812,2024-02-23,ACTIVE,2019 JOOLA North American Teams,1553.0,1610.0,2019-11-29,2019-12-01
3508,Nader,Fahimi,102540,201540,"Franklin Lakes, NJ",Westchester Table Tennis Center,1666,2024-06-09,1812,2024-02-23,ACTIVE,2016 JOOLA NA Teams,1595.0,1656.0,2016-11-25,2016-11-27
3523,William,Waltrip,8211,72008,"Roseville, CA",Korea Foreign Table Tennis Club,1663,2024-05-18,1834,2023-09-23,ACTIVE,2016 JOOLA NA Teams,1905.0,1965.0,2016-11-25,2016-11-27
3524,Brian,Zhou,166696,265696,"Boston, MA",,1663,2023-11-26,1069,2019-08-17,ACTIVE,2023 JOOLA North American Teams,1660.0,1663.0,2023-11-24,2023-11-26
3524,Brian,Zhou,166696,265696,"Boston, MA",,1663,2023-11-26,1069,2019-08-17,ACTIVE,2022 JOOLA North American Teams,1498.0,1380.0,2022-11-25,2022-11-27
3526,Parvathy,Gopikrishna,165213,1165213,"Pleasantville, NY",,1663,2024-08-25,0,,ACTIVE,2023 JOOLA North American Teams,1343.0,1558.0,2023-11-24,2023-11-26
3526,Parvathy,Gopikrishna,165213,1165213,"Pleasantville, NY",,1663,2024-08-25,0,,ACTIVE,2022 JOOLA North American Teams,1318.0,1549.0,2022-11-25,2022-11-27
3528,Nathan,Lu,173224,272224,"Lexington, MA",,1663,2024-07-07,1635,2024-07-20,ACTIVE,2022 JOOLA North American Teams,1086.0,1490.0,2022-11-25,2022-11-27
3530,Alexander,Li,172322,271322,"Burlingame, CA",888 Table Tennis Center,1662,2024-07-28,1506,2024-09-08,ACTIVE,2022 JOOLA North American Teams,978.0,1300.0,2022-11-25,2022-11-27
3532,Eddie,Li,4402,92473,"Herndon, VA",Northern VA Table Tennis Center (NOVATTC),1662,2024-06-01,0,,ACTIVE,2015 JOOLA North American Teams Championships,956.0,967.0,2015-11-29,
3532,Eddie,Li,4402,92473,"Herndon, VA",Northern VA Table Tennis Center (NOVATTC),1662,2024-06-01,0,,ACTIVE,2014 JOOLA North American Teams Championships,507.0,642.0,2014-11-30,
3535,Ayan,Bagchi,353,76908,"Dunn Loring, VA",MDTTC - Maryland Table Tennis Center,1662,2023-11-26,1891,2019-10-01,ACTIVE,2023 JOOLA North American Teams,1750.0,1662.0,2023-11-24,2023-11-26
3535,Ayan,Bagchi,353,76908,"Dunn Loring, VA",MDTTC - Maryland Table Tennis Center,1662,2023-11-26,1891,2019-10-01,ACTIVE,2022 JOOLA North American Teams,1797.0,1750.0,2022-11-25,2022-11-27
3535,Ayan,Bagchi,353,76908,"Dunn Loring, VA",MDTTC - Maryland Table Tennis Center,1662,2023-11-26,1891,2019-10-01,ACTIVE,2019 JOOLA North American Teams,1772.0,1797.0,2019-11-29,2019-12-01
3535,Ayan,Bagchi,353,76908,"Dunn Loring, VA",MDTTC - Maryland Table Tennis Center,1662,2023-11-26,1891,2019-10-01,ACTIVE,JOOLA North American Teams,1699.0,1827.0,2018-11-23,2018-11-25
3535,Ayan,Bagchi,353,76908,"Dunn Loring, VA",MDTTC - Maryland Table Tennis Center,1662,2023-11-26,1891,2019-10-01,ACTIVE,20th Annual North American Team Championship Powered By JOOLA,1811.0,1890.0,2017-11-24,2017-11-26
3535,Ayan,Bagchi,353,76908,"Dunn Loring, VA",MDTTC - Maryland Table Tennis Center,1662,2023-11-26,1891,2019-10-01,ACTIVE,2015 JOOLA North American Teams Championships,1805.0,1899.0,2015-11-29,
3537,Ishaan,Thakkar,179584,278584,"Suwanee, GA",Atlanta International Table Tennis Academy,1662,2024-07-07,0,,ACTIVE,2023 JOOLA North American Teams,1063.0,1348.0,2023-11-24,2023-11-26
3549,Abhishek,Kapoor,3620,80380,"Centreville, VA",Smash Table Tennis Club,1660,2019-12-21,0,,ACTIVE,2019 JOOLA North American Teams,1532.0,1601.0,2019-11-29,2019-12-01
3549,Abhishek,Kapoor,3620,80380,"Centreville, VA",Smash Table Tennis Club,1660,2019-12-21,0,,ACTIVE,20th Annual North American Team Championship Powered By JOOLA,1323.0,1440.0,2017-11-24,2017-11-26
3570,Hina,Sheikh,7027,94580,"West Newton, MA",Newton Table Tennis Center,1658,2024-05-19,1713,2024-05-11,ACTIVE,2023 JOOLA North American Teams,1644.0,1648.0,2023-11-24,2023-11-26
3570,Hina,Sheikh,7027,94580,"West Newton, MA",Newton Table Tennis Center,1658,2024-05-19,1713,2024-05-11,ACTIVE,2019 JOOLA North American Teams,958.0,942.0,2019-11-29,2019-12-01
3576,Steven,Horowitz,3118,6796,"White Plains, NY",,1657,2023-04-16,0,,ACTIVE,1999 NA Teams 2,1917.0,1914.0,1999-11-28,
3576,Steven,Horowitz,3118,6796,"White Plains, NY",,1657,2023-04-16,0,,ACTIVE,1998 North American Teams Cham,1955.0,1943.0,1998-11-29,
3598,Yu Yang,Fan,177160,276160,,,1654,2023-12-21,0,,ACTIVE,2023 JOOLA North American Teams,1715.0,1653.0,2023-11-24,2023-11-26
3598,Yu Yang,Fan,177160,276160,,,1654,2023-12-21,0,,ACTIVE,2022 JOOLA North American Teams,0.0,1680.0,2022-11-25,2022-11-27
3607,Tuan,Pham,6126,75975,"Duluth, GA",MK Georgia Table Tennis,1654,2023-11-26,1553,2008-05-07,ACTIVE,2023 JOOLA North American Teams,1565.0,1654.0,2023-11-24,2023-11-26
3607,Tuan,Pham,6126,75975,"Duluth, GA",MK Georgia Table Tennis,1654,2023-11-26,1553,2008-05-07,ACTIVE,2022 JOOLA North American Teams,1611.0,1520.0,2022-11-25,2022-11-27
3607,Tuan,Pham,6126,75975,"Duluth, GA",MK Georgia Table Tennis,1654,2023-11-26,1553,2008-05-07,ACTIVE,2021 Joola North American Team,1498.0,1567.0,2021-11-26,2021-11-28
3607,Tuan,Pham,6126,75975,"Duluth, GA",MK Georgia Table Tennis,1654,2023-11-26,1553,2008-05-07,ACTIVE,2019 JOOLA North American Teams,1630.0,1498.0,2019-11-29,2019-12-01
3607,Tuan,Pham,6126,75975,"Duluth, GA",MK Georgia Table Tennis,1654,2023-11-26,1553,2008-05-07,ACTIVE,JOOLA North American Teams,1703.0,1630.0,2018-11-23,2018-11-25
3607,Tuan,Pham,6126,75975,"Duluth, GA",MK Georgia Table Tennis,1654,2023-11-26,1553,2008-05-07,ACTIVE,20th Annual North American Team Championship Powered By JOOLA,1702.0,1703.0,2017-11-24,2017-11-26
3607,Tuan,Pham,6126,75975,"Duluth, GA",MK Georgia Table Tennis,1654,2023-11-26,1553,2008-05-07,ACTIVE,2016 JOOLA NA Teams,1581.0,1702.0,2016-11-25,2016-11-27
3607,Tuan,Pham,6126,75975,"Duluth, GA",MK Georgia Table Tennis,1654,2023-11-26,1553,2008-05-07,ACTIVE,2015 JOOLA North American Teams Championships,1697.0,1581.0,2015-11-29,
3607,Tuan,Pham,6126,75975,"Duluth, GA",MK Georgia Table Tennis,1654,2023-11-26,1553,2008-05-07,ACTIVE,2014 JOOLA North American Teams Championships,1704.0,1653.0,2014-11-30,
3617,Aaryan,Polisetty,172686,1172686,"Leander, TX",Austin Table Tennis Club,1652,2024-08-31,1515,2024-07-03,ACTIVE,2023 JOOLA North American Teams,1500.0,1632.0,2023-11-24,2023-11-26
3617,Aaryan,Polisetty,172686,1172686,"Leander, TX",Austin Table Tennis Club,1652,2024-08-31,1515,2024-07-03,ACTIVE,2022 JOOLA North American Teams,1370.0,1456.0,2022-11-25,2022-11-27
3632,Lee,Christo,16183,3495,"Chantilly, VA",,1650,2024-08-03,1677,2005-02-20,ACTIVE,2019 JOOLA North American Teams,1635.0,1393.0,2019-11-29,2019-12-01
3632,Lee,Christo,16183,3495,"Chantilly, VA",,1650,2024-08-03,1677,2005-02-20,ACTIVE,1999 NA Teams 2,1086.0,1159.0,1999-11-28,
3632,Lee,Christo,16183,3495,"Chantilly, VA",,1650,2024-08-03,1677,2005-02-20,ACTIVE,1998 North American Teams Cham,647.0,898.0,1998-11-29,
3656,Daniel,Shen,171386,1171386,"Bloomfield Hills, MI",Northern Virginia Table Tennis Club (NVTTC),1647,2023-11-26,0,,ACTIVE,2023 JOOLA North American Teams,1677.0,1647.0,2023-11-24,2023-11-26
3656,Daniel,Shen,171386,1171386,"Bloomfield Hills, MI",Northern Virginia Table Tennis Club (NVTTC),1647,2023-11-26,0,,ACTIVE,2022 JOOLA North American Teams,1769.0,1677.0,2022-11-25,2022-11-27
3656,Daniel,Shen,171386,1171386,"Bloomfield Hills, MI",Northern Virginia Table Tennis Club (NVTTC),1647,2023-11-26,0,,ACTIVE,2021 Joola North American Team,1054.0,1354.0,2021-11-26,2021-11-28
3661,Dave,Peradotto,6075,42747,"Farmington Hills, MI",Davison Athletic Club,1647,2024-05-05,0,,ACTIVE,North American Teams,1927.0,1862.0,2003-11-30,
3661,Dave,Peradotto,6075,42747,"Farmington Hills, MI",Davison Athletic Club,1647,2024-05-05,0,,ACTIVE,1998 North American Teams Cham,1949.0,1939.0,1998-11-29,
3662,Sen,Nie,5697,78310,"Canton, NC",The Cleveland Table Tennis Association,1646,2024-08-18,0,,ACTIVE,2022 JOOLA North American Teams,1805.0,1724.0,2022-11-25,2022-11-27
3662,Sen,Nie,5697,78310,"Canton, NC",The Cleveland Table Tennis Association,1646,2024-08-18,0,,ACTIVE,2021 Joola North American Team,1723.0,1805.0,2021-11-26,2021-11-28
3662,Sen,Nie,5697,78310,"Canton, NC",The Cleveland Table Tennis Association,1646,2024-08-18,0,,ACTIVE,2019 JOOLA North American Teams,1684.0,1726.0,2019-11-29,2019-12-01
3662,Sen,Nie,5697,78310,"Canton, NC",The Cleveland Table Tennis Association,1646,2024-08-18,0,,ACTIVE,JOOLA North American Teams,1753.0,1877.0,2018-11-23,2018-11-25
3668,Haoran,Guan,112903,211903,"Mountain View, CA",,1645,2024-08-04,1733,2020-03-06,ACTIVE,20th Annual North American Team Championship Powered By JOOLA,1854.0,1857.0,2017-11-24,2017-11-26
3691,MICHAEL,REFF,6465,24318,"Hempstead, NY",,1642,2024-06-08,0,,ACTIVE,2015 JOOLA North American Teams Championships,1721.0,1716.0,2015-11-29,
3691,MICHAEL,REFF,6465,24318,"Hempstead, NY",,1642,2024-06-08,0,,ACTIVE,2014 JOOLA North American Teams Championships,1691.0,1792.0,2014-11-30,
3705,Zorain,Malik,178242,277242,"Alpharetta, GA",,1640,2024-08-18,0,,ACTIVE,2023 JOOLA North American Teams,1016.0,1283.0,2023-11-24,2023-11-26
3708,Hersh,Shah,173486,272486,"edison, NJ",Lily Yip Table Tennis Center,1640,2024-06-09,1881,2024-07-19,ACTIVE,2023 JOOLA North American Teams,1549.0,1604.0,2023-11-24,2023-11-26
3709,Sarika,Kannan,168382,1168382,"Frisco, TX",,1640,2024-08-24,0,,ACTIVE,2023 JOOLA North American Teams,1503.0,1467.0,2023-11-24,2023-11-26
3709,Sarika,Kannan,168382,1168382,"Frisco, TX",,1640,2024-08-24,0,,ACTIVE,2022 JOOLA North American Teams,1352.0,1642.0,2022-11-25,2022-11-27
3718,Jinpeng,Xiao,8677,85228,"Apex, NC",Cary Table Tennis Association,1639,2024-08-04,0,,ACTIVE,2023 JOOLA North American Teams,1676.0,1672.0,2023-11-24,2023-11-26
3718,Jinpeng,Xiao,8677,85228,"Apex, NC",Cary Table Tennis Association,1639,2024-08-04,0,,ACTIVE,2022 JOOLA North American Teams,1722.0,1672.0,2022-11-25,2022-11-27
3718,Jinpeng,Xiao,8677,85228,"Apex, NC",Cary Table Tennis Association,1639,2024-08-04,0,,ACTIVE,2021 Joola North American Team,1672.0,1650.0,2021-11-26,2021-11-28
3718,Jinpeng,Xiao,8677,85228,"Apex, NC",Cary Table Tennis Association,1639,2024-08-04,0,,ACTIVE,2019 JOOLA North American Teams,1612.0,1622.0,2019-11-29,2019-12-01
3718,Jinpeng,Xiao,8677,85228,"Apex, NC",Cary Table Tennis Association,1639,2024-08-04,0,,ACTIVE,JOOLA North American Teams,1610.0,1619.0,2018-11-23,2018-11-25
3718,Jinpeng,Xiao,8677,85228,"Apex, NC",Cary Table Tennis Association,1639,2024-08-04,0,,ACTIVE,20th Annual North American Team Championship Powered By JOOLA,1613.0,1664.0,2017-11-24,2017-11-26
3718,Jinpeng,Xiao,8677,85228,"Apex, NC",Cary Table Tennis Association,1639,2024-08-04,0,,ACTIVE,2016 JOOLA NA Teams,1709.0,1566.0,2016-11-25,2016-11-27
3718,Jinpeng,Xiao,8677,85228,"Apex, NC",Cary Table Tennis Association,1639,2024-08-04,0,,ACTIVE,2014 JOOLA North American Teams Championships,1733.0,1704.0,2014-11-30,
3721,Tom,Loop,4715,44761,"Scotch Plains, NJ",,1638,2018-03-02,0,,ACTIVE,North American Teams,1645.0,1638.0,2003-11-30,
3721,Tom,Loop,4715,44761,"Scotch Plains, NJ",,1638,2018-03-02,0,,ACTIVE,1999 NA Teams 2,1779.0,1690.0,1999-11-28,
3729,Steve,Federico,2093,5724,"Pembroke Pines, FL","Broward Table Tennis Club, Inc.",1637,2024-07-07,0,,ACTIVE,20th Annual North American Team Championship Powered By JOOLA,1858.0,1907.0,2017-11-24,2017-11-26
3729,Steve,Federico,2093,5724,"Pembroke Pines, FL","Broward Table Tennis Club, Inc.",1637,2024-07-07,0,,ACTIVE,2014 JOOLA North American Teams Championships,1829.0,1906.0,2014-11-30,
3729,Steve,Federico,2093,5724,"Pembroke Pines, FL","Broward Table Tennis Club, Inc.",1637,2024-07-07,0,,ACTIVE,North American Teams,2017.0,2027.0,2003-11-30,
3729,Steve,Federico,2093,5724,"Pembroke Pines, FL","Broward Table Tennis Club, Inc.",1637,2024-07-07,0,,ACTIVE,1999 NA Teams 2,1957.0,2034.0,1999-11-28,
3729,Steve,Federico,2093,5724,"Pembroke Pines, FL","Broward Table Tennis Club, Inc.",1637,2024-07-07,0,,ACTIVE,1998 North American Teams Cham,2009.0,1989.0,1998-11-29,
3731,George,Nicholas,5684,70555,"Brooklyn, NY",,1637,2023-12-02,2014,2021-06-24,ACTIVE,2022 JOOLA North American Teams,1807.0,1713.0,2022-11-25,2022-11-27
3731,George,Nicholas,5684,70555,"Brooklyn, NY",,1637,2023-12-02,2014,2021-06-24,ACTIVE,2021 Joola North American Team,1909.0,1807.0,2021-11-26,2021-11-28
3731,George,Nicholas,5684,70555,"Brooklyn, NY",,1637,2023-12-02,2014,2021-06-24,ACTIVE,JOOLA North American Teams,1906.0,1918.0,2018-11-23,2018-11-25
3731,George,Nicholas,5684,70555,"Brooklyn, NY",,1637,2023-12-02,2014,2021-06-24,ACTIVE,20th Annual North American Team Championship Powered By JOOLA,1950.0,1906.0,2017-11-24,2017-11-26
3731,George,Nicholas,5684,70555,"Brooklyn, NY",,1637,2023-12-02,2014,2021-06-24,ACTIVE,2016 JOOLA NA Teams,1854.0,1950.0,2016-11-25,2016-11-27
3731,George,Nicholas,5684,70555,"Brooklyn, NY",,1637,2023-12-02,2014,2021-06-24,ACTIVE,2015 JOOLA North American Teams Championships,1935.0,1854.0,2015-11-29,
3731,George,Nicholas,5684,70555,"Brooklyn, NY",,1637,2023-12-02,2014,2021-06-24,ACTIVE,2014 JOOLA North American Teams Championships,1992.0,1934.0,2014-11-30,
3734,Rohit,Barua,167787,266787,"Westfield, NJ",New Jersey Table Tennis Club,1637,2024-09-08,1879,2024-07-18,ACTIVE,2023 JOOLA North American Teams,1572.0,1694.0,2023-11-24,2023-11-26
3734,Rohit,Barua,167787,266787,"Westfield, NJ",New Jersey Table Tennis Club,1637,2024-09-08,1879,2024-07-18,ACTIVE,2022 JOOLA North American Teams,1127.0,1415.0,2022-11-25,2022-11-27
3734,Rohit,Barua,167787,266787,"Westfield, NJ",New Jersey Table Tennis Club,1637,2024-09-08,1879,2024-07-18,ACTIVE,2019 JOOLA North American Teams,0.0,520.0,2019-11-29,2019-12-01
3738,Peter,Liu,177148,276148,"Morristown, NJ",Matchpoint Table Tennis Center NJ,1637,2024-06-30,1743,2024-06-21,ACTIVE,2023 JOOLA North American Teams,1134.0,1467.0,2023-11-24,2023-11-26
3738,Peter,Liu,177148,276148,"Morristown, NJ",Matchpoint Table Tennis Center NJ,1637,2024-06-30,1743,2024-06-21,ACTIVE,2022 JOOLA North American Teams,0.0,700.0,2022-11-25,2022-11-27
3740,Hunter,Tsai,177152,276152,"East Hanover, NJ",Matchpoint Table Tennis Center NJ,1636,2024-07-28,1688,2024-06-21,ACTIVE,2023 JOOLA North American Teams,1110.0,1500.0,2023-11-24,2023-11-26
3740,Hunter,Tsai,177152,276152,"East Hanover, NJ",Matchpoint Table Tennis Center NJ,1636,2024-07-28,1688,2024-06-21,ACTIVE,2022 JOOLA North American Teams,0.0,607.0,2022-11-25,2022-11-27
3742,Ethan,Guo,172320,271320,"San Mateo, CA",888 Table Tennis Center,1636,2023-07-07,1163,2024-06-09,ACTIVE,2022 JOOLA North American Teams,949.0,1487.0,2022-11-25,2022-11-27
3742,Ethan,Guo,172320,271320,"San Mateo, CA",888 Table Tennis Center,1636,2023-07-07,1163,2024-06-09,ACTIVE,2021 Joola North American Team,311.0,436.0,2021-11-26,2021-11-28
3743,William,Zhou,120886,219886,"Natick, MA",,1636,2023-11-26,0,,ACTIVE,2023 JOOLA North American Teams,1310.0,1636.0,2023-11-24,2023-11-26
3743,William,Zhou,120886,219886,"Natick, MA",,1636,2023-11-26,0,,ACTIVE,JOOLA North American Teams,1555.0,1231.0,2018-11-23,2018-11-25
3743,William,Zhou,120886,219886,"Natick, MA",,1636,2023-11-26,0,,ACTIVE,20th Annual North American Team Championship Powered By JOOLA,0.0,1249.0,2017-11-24,2017-11-26
3745,Joon,Chung,1352,91456,"Tenafly, NJ",Han-In Table Tennis Club,1636,2024-04-28,1802,2016-10-01,ACTIVE,JOOLA North American Teams,1815.0,1689.0,2018-11-23,2018-11-25
3756,Lawrence,Ding,178997,277997,"Cary, NC",,1635,2024-07-28,0,,ACTIVE,2023 JOOLA North American Teams,1339.0,1358.0,2023-11-24,2023-11-26
3759,mo,wang,181461,280461,,,1635,2024-04-14,0,,ACTIVE,2023 JOOLA North American Teams,0.0,1598.0,2023-11-24,2023-11-26
3760,Rahul,Movva,176613,1176613,"Alpharetta, GA",Atlanta International Table Tennis Academy,1635,2024-08-18,0,,ACTIVE,2023 JOOLA North American Teams,1658.0,1734.0,2023-11-24,2023-11-26
3760,Rahul,Movva,176613,1176613,"Alpharetta, GA",Atlanta International Table Tennis Academy,1635,2024-08-18,0,,ACTIVE,2022 JOOLA North American Teams,752.0,1106.0,2022-11-25,2022-11-27
3761,Cyril,Khazan,114161,213161,"Woodmere, NY",,1635,2024-09-08,1636,2023-06-27,ACTIVE,2023 JOOLA North American Teams,1531.0,1476.0,2023-11-24,2023-11-26
3766,Eason,Liu,173505,1173505,,,1634,2024-06-16,0,,ACTIVE,2023 JOOLA North American Teams,1299.0,1244.0,2023-11-24,2023-11-26
3766,Eason,Liu,173505,1173505,,,1634,2024-06-16,0,,ACTIVE,2022 JOOLA North American Teams,696.0,703.0,2022-11-25,2022-11-27
3766,Eason,Liu,173505,1173505,,,1634,2024-06-16,0,,ACTIVE,2021 Joola North American Team,0.0,391.0,2021-11-26,2021-11-28
3767,John,Andrade,201,3893,"Somerset, NJ",,1634,2018-05-06,1584,2018-08-21,ACTIVE,1999 NA Teams 2,1993.0,2018.0,1999-11-28,
3768,Jayden,Dong,171983,1171983,Warren,,1634,2024-08-11,1806,2024-09-06,ACTIVE,2023 JOOLA North American Teams,671.0,996.0,2023-11-24,2023-11-26
3771,Vibhu,Vinod,175174,1175174,"Plainsboro, NJ",,1633,2024-08-04,0,,ACTIVE,2023 JOOLA North American Teams,1489.0,1639.0,2023-11-24,2023-11-26
3771,Vibhu,Vinod,175174,1175174,"Plainsboro, NJ",,1633,2024-08-04,0,,ACTIVE,2022 JOOLA North American Teams,993.0,1294.0,2022-11-25,2022-11-27
3785,Mark,Ratner,6425,58147,"Silver Spring, MD",,1631,2018-03-02,0,,ACTIVE,North American Teams,1839.0,1775.0,2003-11-30,
3787,Cheryl,Hu,164394,263394,"Newbury Park, CA",Grace Lin TTC,1631,2023-12-21,1890,2023-05-13,ACTIVE,2023 JOOLA North American Teams,1770.0,1850.0,2023-11-24,2023-11-26
3787,Cheryl,Hu,164394,263394,"Newbury Park, CA",Grace Lin TTC,1631,2023-12-21,1890,2023-05-13,ACTIVE,2022 JOOLA North American Teams,1650.0,1810.0,2022-11-25,2022-11-27
3787,Cheryl,Hu,164394,263394,"Newbury Park, CA",Grace Lin TTC,1631,2023-12-21,1890,2023-05-13,ACTIVE,2021 Joola North American Team,1295.0,1548.0,2021-11-26,2021-11-28
3787,Cheryl,Hu,164394,263394,"Newbury Park, CA",Grace Lin TTC,1631,2023-12-21,1890,2023-05-13,ACTIVE,2019 JOOLA North American Teams,860.0,957.0,2019-11-29,2019-12-01
3795,Leonid,Polishuk,6191,83354,"Blue Bell, PA",Trolley Car Table Tennis Club,1630,2023-12-21,1826,2018-07-31,ACTIVE,2014 JOOLA North American Teams Championships,1746.0,1849.0,2014-11-30,
3806,Leyang,Zeng,167557,266557,"Westfield, NJ",New Jersey Table Tennis Club,1629,2024-05-19,1637,2024-07-16,ACTIVE,2023 JOOLA North American Teams,1638.0,1661.0,2023-11-24,2023-11-26
3806,Leyang,Zeng,167557,266557,"Westfield, NJ",New Jersey Table Tennis Club,1629,2024-05-19,1637,2024-07-16,ACTIVE,2022 JOOLA North American Teams,1652.0,1453.0,2022-11-25,2022-11-27
3806,Leyang,Zeng,167557,266557,"Westfield, NJ",New Jersey Table Tennis Club,1629,2024-05-19,1637,2024-07-16,ACTIVE,2021 Joola North American Team,724.0,1480.0,2021-11-26,2021-11-28
3806,Leyang,Zeng,167557,266557,"Westfield, NJ",New Jersey Table Tennis Club,1629,2024-05-19,1637,2024-07-16,ACTIVE,2019 JOOLA North American Teams,0.0,663.0,2019-11-29,2019-12-01
3808,Paul,Shih,7075,81397,"Hillsboro, OR",Paddle Palace Club,1629,2024-09-08,1632,2023-08-19,ACTIVE,2021 Joola North American Team,1727.0,1675.0,2021-11-26,2021-11-28
3808,Paul,Shih,7075,81397,"Hillsboro, OR",Paddle Palace Club,1629,2024-09-08,1632,2023-08-19,ACTIVE,JOOLA North American Teams,1586.0,1587.0,2018-11-23,2018-11-25
3826,Daping,Zhi,177743,276743,,,1627,2023-11-26,1494,2023-10-03,ACTIVE,2023 JOOLA North American Teams,1651.0,1627.0,2023-11-24,2023-11-26
3845,Chris,Victor,178263,1178263,Green Brook,,1625,2023-11-26,1803,2023-05-20,ACTIVE,2023 JOOLA North American Teams,1544.0,1625.0,2023-11-24,2023-11-26
3852,Evan J,Chiu,171251,270251,"Jericho, NY",,1625,2024-07-07,0,,ACTIVE,2022 JOOLA North American Teams,1390.0,1355.0,2022-11-25,2022-11-27
3858,Mossa,Shakalu,45379,87142,,,1624,2024-04-14,0,,ACTIVE,2023 JOOLA North American Teams,1573.0,1642.0,2023-11-24,2023-11-26
3858,Mossa,Shakalu,45379,87142,,,1624,2024-04-14,0,,ACTIVE,2022 JOOLA North American Teams,1718.0,1573.0,2022-11-25,2022-11-27
3858,Mossa,Shakalu,45379,87142,,,1624,2024-04-14,0,,ACTIVE,2021 Joola North American Team,1742.0,1661.0,2021-11-26,2021-11-28
3858,Mossa,Shakalu,45379,87142,,,1624,2024-04-14,0,,ACTIVE,2019 JOOLA North American Teams,1618.0,1742.0,2019-11-29,2019-12-01
3858,Mossa,Shakalu,45379,87142,,,1624,2024-04-14,0,,ACTIVE,JOOLA North American Teams,1583.0,1618.0,2018-11-23,2018-11-25
3858,Mossa,Shakalu,45379,87142,,,1624,2024-04-14,0,,ACTIVE,2015 JOOLA North American Teams Championships,1531.0,1655.0,2015-11-29,
3858,Mossa,Shakalu,45379,87142,,,1624,2024-04-14,0,,ACTIVE,2014 JOOLA North American Teams Championships,1576.0,1531.0,2014-11-30,
3863,Somya,Mittal,166004,265004,Princeton Junction,,1623,2024-09-08,991,2023-08-18,ACTIVE,2023 JOOLA North American Teams,1517.0,1609.0,2023-11-24,2023-11-26
3863,Somya,Mittal,166004,265004,Princeton Junction,,1623,2024-09-08,991,2023-08-18,ACTIVE,2022 JOOLA North American Teams,1345.0,1427.0,2022-11-25,2022-11-27
3873,Pedro,Diaz,174794,1174794,Cidra,,1622,2023-11-26,0,,ACTIVE,2023 JOOLA North American Teams,1618.0,1622.0,2023-11-24,2023-11-26
3883,Ryan (shuoyang),Feng,176081,1176081,Great Neck,,1620,2024-06-16,0,,ACTIVE,2023 JOOLA North American Teams,1362.0,1308.0,2023-11-24,2023-11-26
3883,Ryan (shuoyang),Feng,176081,1176081,Great Neck,,1620,2024-06-16,0,,ACTIVE,2022 JOOLA North American Teams,632.0,606.0,2022-11-25,2022-11-27
3892,John,Jarema,3409,6975,NJ,,1618,2023-11-10,1461,2024-09-06,ACTIVE,1999 NA Teams 2,2020.0,2018.0,1999-11-28,
3892,John,Jarema,3409,6975,NJ,,1618,2023-11-10,1461,2024-09-06,ACTIVE,1998 North American Teams Cham,1955.0,2008.0,1998-11-29,
3895,Hal,Barnes,446,72469,"Carrollton, VA",Newport News Table Tennis Club,1618,2024-08-25,0,,ACTIVE,2019 JOOLA North American Teams,1653.0,1628.0,2019-11-29,2019-12-01
3896,Christian,Marrero,174902,1174902,,,1617,2024-07-21,0,,ACTIVE,2022 JOOLA North American Teams,1247.0,1370.0,2022-11-25,2022-11-27
3901,Phillip,Wang,168849,1168849,,,1617,2023-11-26,0,,ACTIVE,2023 JOOLA North American Teams,1626.0,1617.0,2023-11-24,2023-11-26
3901,Phillip,Wang,168849,1168849,,,1617,2023-11-26,0,,ACTIVE,2019 JOOLA North American Teams,0.0,1626.0,2019-11-29,2019-12-01
3902,Bill,Milstead,122289,221289,"Richmond, VA",Richmond Table Tennis Club (RTTC),1617,2024-04-07,1587,2021-08-04,ACTIVE,2019 JOOLA North American Teams,1616.0,1510.0,2019-11-29,2019-12-01
3902,Bill,Milstead,122289,221289,"Richmond, VA",Richmond Table Tennis Club (RTTC),1617,2024-04-07,1587,2021-08-04,ACTIVE,JOOLA North American Teams,1413.0,1392.0,2018-11-23,2018-11-25
3907,Dave,Fullen,2285,20101,"Hilliard, OH",Spin & Smash TTPPC,1617,2024-07-07,1209,2015-06-27,ACTIVE,JOOLA North American Teams,1473.0,1188.0,2018-11-23,2018-11-25
3907,Dave,Fullen,2285,20101,"Hilliard, OH",Spin & Smash TTPPC,1617,2024-07-07,1209,2015-06-27,ACTIVE,North American Teams,842.0,793.0,2003-11-30,
3916,Nick,Stillman,165681,1165681,"Brooklyn, NY",,1615,2020-02-23,1159,2023-12-30,ACTIVE,2019 JOOLA North American Teams,1632.0,1514.0,2019-11-29,2019-12-01
3917,Yonatan,Morse-Achtenberg,181046,280046,"Washington, DC",,1615,2024-07-14,0,,ACTIVE,2023 JOOLA North American Teams,1019.0,1125.0,2023-11-24,2023-11-26
3925,Connie,Yap,8820,94145,"Virginia Beach, VA",,1614,2024-06-01,1241,2022-06-27,ACTIVE,2023 JOOLA North American Teams,1634.0,1594.0,2023-11-24,2023-11-26
3925,Connie,Yap,8820,94145,"Virginia Beach, VA",,1614,2024-06-01,1241,2022-06-27,ACTIVE,2022 JOOLA North American Teams,1577.0,1374.0,2022-11-25,2022-11-27
3925,Connie,Yap,8820,94145,"Virginia Beach, VA",,1614,2024-06-01,1241,2022-06-27,ACTIVE,2021 Joola North American Team,1616.0,1614.0,2021-11-26,2021-11-28
3925,Connie,Yap,8820,94145,"Virginia Beach, VA",,1614,2024-06-01,1241,2022-06-27,ACTIVE,2019 JOOLA North American Teams,1322.0,1372.0,2019-11-29,2019-12-01
3925,Connie,Yap,8820,94145,"Virginia Beach, VA",,1614,2024-06-01,1241,2022-06-27,ACTIVE,JOOLA North American Teams,1380.0,1380.0,2018-11-23,2018-11-25
3925,Connie,Yap,8820,94145,"Virginia Beach, VA",,1614,2024-06-01,1241,2022-06-27,ACTIVE,20th Annual North American Team Championship Powered By JOOLA,1405.0,1499.0,2017-11-24,2017-11-26
3925,Connie,Yap,8820,94145,"Virginia Beach, VA",,1614,2024-06-01,1241,2022-06-27,ACTIVE,2016 JOOLA NA Teams,1404.0,1462.0,2016-11-25,2016-11-27
3925,Connie,Yap,8820,94145,"Virginia Beach, VA",,1614,2024-06-01,1241,2022-06-27,ACTIVE,2015 JOOLA North American Teams Championships,1238.0,1440.0,2015-11-29,
3925,Connie,Yap,8820,94145,"Virginia Beach, VA",,1614,2024-06-01,1241,2022-06-27,ACTIVE,2014 JOOLA North American Teams Championships,1069.0,1056.0,2014-11-30,
3931,Derwin,Mercer,115344,214344,"Washington, DC","District of Columbia Table Tennis, Inc.",1613,2024-07-14,0,,ACTIVE,2023 JOOLA North American Teams,1652.0,1613.0,2023-11-24,2023-11-26
3931,Derwin,Mercer,115344,214344,"Washington, DC","District of Columbia Table Tennis, Inc.",1613,2024-07-14,0,,ACTIVE,2022 JOOLA North American Teams,1629.0,1628.0,2022-11-25,2022-11-27
3931,Derwin,Mercer,115344,214344,"Washington, DC","District of Columbia Table Tennis, Inc.",1613,2024-07-14,0,,ACTIVE,2019 JOOLA North American Teams,1655.0,1625.0,2019-11-29,2019-12-01
3931,Derwin,Mercer,115344,214344,"Washington, DC","District of Columbia Table Tennis, Inc.",1613,2024-07-14,0,,ACTIVE,JOOLA North American Teams,1564.0,1657.0,2018-11-23,2018-11-25
3931,Derwin,Mercer,115344,214344,"Washington, DC","District of Columbia Table Tennis, Inc.",1613,2024-07-14,0,,ACTIVE,20th Annual North American Team Championship Powered By JOOLA,1692.0,1564.0,2017-11-24,2017-11-26
3938,John,Tranter,7883,79183,"Fridley, MN",University of Minnesota Table Tennis Club,1612,2018-03-02,1600,2011-11-19,ACTIVE,2016 JOOLA NA Teams,1660.0,1612.0,2016-11-25,2016-11-27
3938,John,Tranter,7883,79183,"Fridley, MN",University of Minnesota Table Tennis Club,1612,2018-03-02,1600,2011-11-19,ACTIVE,2015 JOOLA North American Teams Championships,1671.0,1660.0,2015-11-29,
3947,Thomas,Guo,172871,271871,"Fairfax, VA",Northern VA Table Tennis Center (NOVATTC),1610,2023-11-26,0,,ACTIVE,2023 JOOLA North American Teams,1554.0,1610.0,2023-11-24,2023-11-26
3947,Thomas,Guo,172871,271871,"Fairfax, VA",Northern VA Table Tennis Center (NOVATTC),1610,2023-11-26,0,,ACTIVE,2022 JOOLA North American Teams,1616.0,1663.0,2022-11-25,2022-11-27
3947,Thomas,Guo,172871,271871,"Fairfax, VA",Northern VA Table Tennis Center (NOVATTC),1610,2023-11-26,0,,ACTIVE,2021 Joola North American Team,975.0,1333.0,2021-11-26,2021-11-28
3959,Anthony,O'Neal,39166,70367,"Seattle, WA",,1609,2024-06-16,1701,2024-04-13,ACTIVE,2023 JOOLA North American Teams,1569.0,1662.0,2023-11-24,2023-11-26
3962,Bojiang,Wu,112839,211839,"Rochester, NY",,1608,2024-05-05,1838,2017-06-02,ACTIVE,20th Annual North American Team Championship Powered By JOOLA,1235.0,1283.0,2017-11-24,2017-11-26
3977,Katie,Wang,132399,1132399,"Virginia Beach, VA",Tidewater Table Tennis Club,1606,2024-04-07,0,,ACTIVE,2022 JOOLA North American Teams,1101.0,944.0,2022-11-25,2022-11-27
3977,Katie,Wang,132399,1132399,"Virginia Beach, VA",Tidewater Table Tennis Club,1606,2024-04-07,0,,ACTIVE,JOOLA North American Teams,0.0,1100.0,2018-11-23,2018-11-25
4003,Tao,Li,172451,271451,"West Lafayette, IN",,1602,2023-07-07,1498,2023-04-03,ACTIVE,2022 JOOLA North American Teams,1634.0,1390.0,2022-11-25,2022-11-27
4042,Dennis,Coppola,16986,25263,"Fairfield, NJ",,1597,2023-11-26,1773,2023-11-17,ACTIVE,2023 JOOLA North American Teams,1663.0,1597.0,2023-11-24,2023-11-26
4042,Dennis,Coppola,16986,25263,"Fairfield, NJ",,1597,2023-11-26,1773,2023-11-17,ACTIVE,JOOLA North American Teams,1770.0,1663.0,2018-11-23,2018-11-25
4046,Julian,Burke,118789,217789,"Virginia Beach, VA",,1596,2022-03-27,0,,ACTIVE,2019 JOOLA North American Teams,1678.0,1594.0,2019-11-29,2019-12-01
4046,Julian,Burke,118789,217789,"Virginia Beach, VA",,1596,2022-03-27,0,,ACTIVE,JOOLA North American Teams,1064.0,1458.0,2018-11-23,2018-11-25
4046,Julian,Burke,118789,217789,"Virginia Beach, VA",,1596,2022-03-27,0,,ACTIVE,20th Annual North American Team Championship Powered By JOOLA,0.0,848.0,2017-11-24,2017-11-26
4049,Gino,Chu,132161,231161,"NY, NY",,1596,2024-06-30,0,,ACTIVE,2019 JOOLA North American Teams,1006.0,1353.0,2019-11-29,2019-12-01
4049,Gino,Chu,132161,231161,"NY, NY",,1596,2024-06-30,0,,ACTIVE,JOOLA North American Teams,0.0,669.0,2018-11-23,2018-11-25
4053,Joe,Fong,172486,271486,"Livingston, NJ",,1596,2024-04-14,1854,2024-09-10,ACTIVE,2023 JOOLA North American Teams,1604.0,1572.0,2023-11-24,2023-11-26
4053,Joe,Fong,172486,271486,"Livingston, NJ",,1596,2024-04-14,1854,2024-09-10,ACTIVE,2022 JOOLA North American Teams,1502.0,1595.0,2022-11-25,2022-11-27
4054,Kenneth,Eng,1991,25764,"North Easton, MA",Boston Table Tennis Center,1596,2023-11-26,1815,2016-02-09,ACTIVE,2023 JOOLA North American Teams,1591.0,1596.0,2023-11-24,2023-11-26
4054,Kenneth,Eng,1991,25764,"North Easton, MA",Boston Table Tennis Center,1596,2023-11-26,1815,2016-02-09,ACTIVE,JOOLA North American Teams,1801.0,1588.0,2018-11-23,2018-11-25
4057,Brian,Gray,176892,275892,"Randallstown, MD",Baltimore Table Tennis Club,1596,2023-11-26,0,,ACTIVE,2023 JOOLA North American Teams,1629.0,1596.0,2023-11-24,2023-11-26
4066,Tim,Boggan,668,4324,"Merrick, NY",,1594,2018-03-02,0,,ACTIVE,1999 NA Teams 2,1926.0,1917.0,1999-11-28,
4066,Tim,Boggan,668,4324,"Merrick, NY",,1594,2018-03-02,0,,ACTIVE,1998 North American Teams Cham,1856.0,1993.0,1998-11-29,
4077,Kyle,Moyant,37187,82256,"Carlsbad, NM",El Paso Table Tennis Club,1592,2024-07-27,0,,ACTIVE,20th Annual North American Team Championship Powered By JOOLA,1521.0,1521.0,2017-11-24,2017-11-26
4077,Kyle,Moyant,37187,82256,"Carlsbad, NM",El Paso Table Tennis Club,1592,2024-07-27,0,,ACTIVE,2014 JOOLA North American Teams Championships,1610.0,1606.0,2014-11-30,
4080,Ryan,He,176535,1176535,Newtown,,1592,2024-08-11,0,,ACTIVE,2023 JOOLA North American Teams,1176.0,1399.0,2023-11-24,2023-11-26
4080,Ryan,He,176535,1176535,Newtown,,1592,2024-08-11,0,,ACTIVE,2022 JOOLA North American Teams,636.0,939.0,2022-11-25,2022-11-27
4085,Flora,Soto,119383,218383,"New York, NY",,1591,2023-11-26,1199,2024-04-15,ACTIVE,2023 JOOLA North American Teams,1298.0,1591.0,2023-11-24,2023-11-26
4085,Flora,Soto,119383,218383,"New York, NY",,1591,2023-11-26,1199,2024-04-15,ACTIVE,2021 Joola North American Team,1306.0,1298.0,2021-11-26,2021-11-28
4085,Flora,Soto,119383,218383,"New York, NY",,1591,2023-11-26,1199,2024-04-15,ACTIVE,20th Annual North American Team Championship Powered By JOOLA,566.0,835.0,2017-11-24,2017-11-26
4096,David,Jones,27766,42342,"Stone Mountain, GA",,1589,2024-07-07,0,,ACTIVE,1999 NA Teams 2,1559.0,1591.0,1999-11-28,
4102,Kyongsook,Kim,3779,83553,"Silver Spring, MD",Maryland T.T. Association,1588,2024-08-25,1390,2018-02-06,ACTIVE,2023 JOOLA North American Teams,1537.0,1550.0,2023-11-24,2023-11-26
4102,Kyongsook,Kim,3779,83553,"Silver Spring, MD",Maryland T.T. Association,1588,2024-08-25,1390,2018-02-06,ACTIVE,2022 JOOLA North American Teams,1605.0,1497.0,2022-11-25,2022-11-27
4102,Kyongsook,Kim,3779,83553,"Silver Spring, MD",Maryland T.T. Association,1588,2024-08-25,1390,2018-02-06,ACTIVE,2016 JOOLA NA Teams,1401.0,1430.0,2016-11-25,2016-11-27
4105,Hughes,Liu,171271,1171271,"Marietta, GA",East Cobb Sports Table Tennis,1587,2024-07-14,0,,ACTIVE,2023 JOOLA North American Teams,1653.0,1406.0,2023-11-24,2023-11-26
4112,Xin,Liu,177625,276625,"Great Neck, NY",Origin Table Tennis Academy,1585,2024-08-25,0,,ACTIVE,2023 JOOLA North American Teams,1458.0,1480.0,2023-11-24,2023-11-26
4112,Xin,Liu,177625,276625,"Great Neck, NY",Origin Table Tennis Academy,1585,2024-08-25,0,,ACTIVE,2022 JOOLA North American Teams,0.0,578.0,2022-11-25,2022-11-27
4118,Aiman,Elsherbiny,1975,95242,"Astoria, NY",,1584,2023-11-26,1556,2019-11-08,ACTIVE,2023 JOOLA North American Teams,1278.0,1584.0,2023-11-24,2023-11-26
4118,Aiman,Elsherbiny,1975,95242,"Astoria, NY",,1584,2023-11-26,1556,2019-11-08,ACTIVE,2022 JOOLA North American Teams,1611.0,1278.0,2022-11-25,2022-11-27
4118,Aiman,Elsherbiny,1975,95242,"Astoria, NY",,1584,2023-11-26,1556,2019-11-08,ACTIVE,2021 Joola North American Team,1513.0,1616.0,2021-11-26,2021-11-28
4118,Aiman,Elsherbiny,1975,95242,"Astoria, NY",,1584,2023-11-26,1556,2019-11-08,ACTIVE,2019 JOOLA North American Teams,1508.0,1549.0,2019-11-29,2019-12-01
4118,Aiman,Elsherbiny,1975,95242,"Astoria, NY",,1584,2023-11-26,1556,2019-11-08,ACTIVE,JOOLA North American Teams,1425.0,1516.0,2018-11-23,2018-11-25
4118,Aiman,Elsherbiny,1975,95242,"Astoria, NY",,1584,2023-11-26,1556,2019-11-08,ACTIVE,20th Annual North American Team Championship Powered By JOOLA,1476.0,1473.0,2017-11-24,2017-11-26
4119,Owen,Hunt,89311,61812,"Toronto, FN",,1584,2023-11-26,0,,ACTIVE,2023 JOOLA North American Teams,1731.0,1584.0,2023-11-24,2023-11-26
4119,Owen,Hunt,89311,61812,"Toronto, FN",,1584,2023-11-26,0,,ACTIVE,2019 JOOLA North American Teams,1764.0,1731.0,2019-11-29,2019-12-01
4119,Owen,Hunt,89311,61812,"Toronto, FN",,1584,2023-11-26,0,,ACTIVE,JOOLA North American Teams,1675.0,1764.0,2018-11-23,2018-11-25
4119,Owen,Hunt,89311,61812,"Toronto, FN",,1584,2023-11-26,0,,ACTIVE,20th Annual North American Team Championship Powered By JOOLA,1788.0,1675.0,2017-11-24,2017-11-26
4119,Owen,Hunt,89311,61812,"Toronto, FN",,1584,2023-11-26,0,,ACTIVE,2016 JOOLA NA Teams,1751.0,1788.0,2016-11-25,2016-11-27
4119,Owen,Hunt,89311,61812,"Toronto, FN",,1584,2023-11-26,0,,ACTIVE,2015 JOOLA North American Teams Championships,1784.0,1751.0,2015-11-29,
4122,Sameer,Wadkar,117784,216784,"Germantown, MD",,1583,2024-08-25,1676,2020-03-03,ACTIVE,2023 JOOLA North American Teams,1576.0,1552.0,2023-11-24,2023-11-26
4122,Sameer,Wadkar,117784,216784,"Germantown, MD",,1583,2024-08-25,1676,2020-03-03,ACTIVE,2022 JOOLA North American Teams,1560.0,1562.0,2022-11-25,2022-11-27
4122,Sameer,Wadkar,117784,216784,"Germantown, MD",,1583,2024-08-25,1676,2020-03-03,ACTIVE,2021 Joola North American Team,1591.0,1549.0,2021-11-26,2021-11-28
4122,Sameer,Wadkar,117784,216784,"Germantown, MD",,1583,2024-08-25,1676,2020-03-03,ACTIVE,2019 JOOLA North American Teams,1435.0,1555.0,2019-11-29,2019-12-01
4122,Sameer,Wadkar,117784,216784,"Germantown, MD",,1583,2024-08-25,1676,2020-03-03,ACTIVE,JOOLA North American Teams,1315.0,1317.0,2018-11-23,2018-11-25
4131,Vandita,Chopra,131162,230162,"Robbinsville, NJ",,1581,2024-09-08,1793,2024-08-23,ACTIVE,2019 JOOLA North American Teams,1664.0,1600.0,2019-11-29,2019-12-01
4131,Vandita,Chopra,131162,230162,"Robbinsville, NJ",,1581,2024-09-08,1793,2024-08-23,ACTIVE,JOOLA North American Teams,1582.0,1565.0,2018-11-23,2018-11-25
4135,Dennis,Spellman,7345,10185,"Philadelphia, PA",,1581,2018-03-02,1475,2018-08-16,ACTIVE,1999 NA Teams 2,1821.0,1767.0,1999-11-28,
4135,Dennis,Spellman,7345,10185,"Philadelphia, PA",,1581,2018-03-02,1475,2018-08-16,ACTIVE,1998 North American Teams Cham,1724.0,1821.0,1998-11-29,
4136,Sanjay,Lifetime Membership,6370,59,"Arlington, VA",,1581,2024-07-14,0,,ACTIVE,2023 JOOLA North American Teams,1593.0,1582.0,2023-11-24,2023-11-26
4136,Sanjay,Lifetime Membership,6370,59,"Arlington, VA",,1581,2024-07-14,0,,ACTIVE,2022 JOOLA North American Teams,1606.0,1511.0,2022-11-25,2022-11-27
4136,Sanjay,Lifetime Membership,6370,59,"Arlington, VA",,1581,2024-07-14,0,,ACTIVE,2019 JOOLA North American Teams,1618.0,1609.0,2019-11-29,2019-12-01
4136,Sanjay,Lifetime Membership,6370,59,"Arlington, VA",,1581,2024-07-14,0,,ACTIVE,JOOLA North American Teams,1729.0,1532.0,2018-11-23,2018-11-25
4136,Sanjay,Lifetime Membership,6370,59,"Arlington, VA",,1581,2024-07-14,0,,ACTIVE,20th Annual North American Team Championship Powered By JOOLA,1752.0,1729.0,2017-11-24,2017-11-26
4136,Sanjay,Lifetime Membership,6370,59,"Arlington, VA",,1581,2024-07-14,0,,ACTIVE,2016 JOOLA NA Teams,1712.0,1752.0,2016-11-25,2016-11-27
4136,Sanjay,Lifetime Membership,6370,59,"Arlington, VA",,1581,2024-07-14,0,,ACTIVE,2015 JOOLA North American Teams Championships,1747.0,1712.0,2015-11-29,
4136,Sanjay,Lifetime Membership,6370,59,"Arlington, VA",,1581,2024-07-14,0,,ACTIVE,2014 JOOLA North American Teams Championships,1686.0,1747.0,2014-11-30,
4140,John,Browning,13340,50538,"Lee's Summit, MO",Kansas City Table Tennis,1580,2018-03-02,0,,ACTIVE,1999 NA Teams 2,1678.0,1733.0,1999-11-28,
4140,John,Browning,13340,50538,"Lee's Summit, MO",Kansas City Table Tennis,1580,2018-03-02,0,,ACTIVE,1998 North American Teams Cham,1635.0,1679.0,1998-11-29,
4162,Lee,Sumner,7504,48064,"Dallastown, PA",,1578,2018-03-02,0,,ACTIVE,North American Teams,1685.0,1701.0,2003-11-30,
4162,Lee,Sumner,7504,48064,"Dallastown, PA",,1578,2018-03-02,0,,ACTIVE,1999 NA Teams 2,1760.0,1757.0,1999-11-28,
4162,Lee,Sumner,7504,48064,"Dallastown, PA",,1578,2018-03-02,0,,ACTIVE,1998 North American Teams Cham,1768.0,1782.0,1998-11-29,
4167,Stanley,Tang,48772,87800,"Austin, AZ",,1578,2023-04-02,1637,2024-04-10,ACTIVE,2019 JOOLA North American Teams,1550.0,1537.0,2019-11-29,2019-12-01
4169,Dmitriy,Zhitomirskiy,9116,90656,"Staten Island, NY",Lily Yip Table Tennis Center,1578,2024-01-13,1797,2024-08-23,ACTIVE,2019 JOOLA North American Teams,1501.0,1597.0,2019-11-29,2019-12-01
4169,Dmitriy,Zhitomirskiy,9116,90656,"Staten Island, NY",Lily Yip Table Tennis Center,1578,2024-01-13,1797,2024-08-23,ACTIVE,20th Annual North American Team Championship Powered By JOOLA,1592.0,1499.0,2017-11-24,2017-11-26
4171,Aaron,Li,174382,273382,"Livingston, NJ",Matchpoint Table Tennis Center NJ,1577,2024-08-25,1037,2023-11-03,ACTIVE,2023 JOOLA North American Teams,1415.0,1385.0,2023-11-24,2023-11-26
4171,Aaron,Li,174382,273382,"Livingston, NJ",Matchpoint Table Tennis Center NJ,1577,2024-08-25,1037,2023-11-03,ACTIVE,2022 JOOLA North American Teams,777.0,798.0,2022-11-25,2022-11-27
4176,Fumio,Yoshikawa,8885,11352,"Mentor, OH",,1576,2018-03-02,0,,ACTIVE,1999 NA Teams 2,1730.0,1776.0,1999-11-28,
4176,Fumio,Yoshikawa,8885,11352,"Mentor, OH",,1576,2018-03-02,0,,ACTIVE,1998 North American Teams Cham,1683.0,1647.0,1998-11-29,
4184,Ying,Zhang,9060,90711,"White Plains, NY",Westchester Table Tennis Center,1575,2024-08-25,0,,ACTIVE,2016 JOOLA NA Teams,1384.0,1297.0,2016-11-25,2016-11-27
4184,Ying,Zhang,9060,90711,"White Plains, NY",Westchester Table Tennis Center,1575,2024-08-25,0,,ACTIVE,2015 JOOLA North American Teams Championships,1333.0,1489.0,2015-11-29,
4189,Yulun,Hsiao,172517,1172517,Fremont,,1575,2022-11-05,0,,ACTIVE,2021 Joola North American Team,1653.0,1654.0,2021-11-26,2021-11-28
4220,David,Guan,118271,217271,"Timonium, MD",Baltimore Table Tennis Club,1570,2024-08-25,1412,2019-10-05,ACTIVE,2019 JOOLA North American Teams,1525.0,1537.0,2019-11-29,2019-12-01
4220,David,Guan,118271,217271,"Timonium, MD",Baltimore Table Tennis Club,1570,2024-08-25,1412,2019-10-05,ACTIVE,JOOLA North American Teams,1127.0,1123.0,2018-11-23,2018-11-25
4221,Barbara,Kaminsky,3584,7133,"Oak Hill, VA",Smash Table Tennis,1569,2019-07-05,0,,ACTIVE,1999 NA Teams 2,1731.0,1758.0,1999-11-28,
4221,Barbara,Kaminsky,3584,7133,"Oak Hill, VA",Smash Table Tennis,1569,2019-07-05,0,,ACTIVE,1998 North American Teams Cham,1781.0,1713.0,1998-11-29,
4229,Santosh,Chandrasekaran,169884,268884,"Monroe Township, NJ","Princeton Pong, LLC",1568,2024-09-08,1644,2023-05-27,ACTIVE,2023 JOOLA North American Teams,1505.0,1513.0,2023-11-24,2023-11-26
4231,Ian,Dominguez,18896,93849,"Fairfax, VA",,1568,2022-11-27,0,,ACTIVE,2022 JOOLA North American Teams,1618.0,1568.0,2022-11-25,2022-11-27
4231,Ian,Dominguez,18896,93849,"Fairfax, VA",,1568,2022-11-27,0,,ACTIVE,20th Annual North American Team Championship Powered By JOOLA,1563.0,1632.0,2017-11-24,2017-11-26
4246,Justin,Wang,52083,88032,"Vienna, VA",Northern VA Table Tennis Center (NOVATTC),1566,2024-04-06,1678,2019-10-25,ACTIVE,2022 JOOLA North American Teams,1582.0,1577.0,2022-11-25,2022-11-27
4272,Fan,Yang,8769,92536,"Ellicott City, MD",Howard County Table Tennis Club,1562,2023-07-15,1384,2018-04-02,ACTIVE,2022 JOOLA North American Teams,1322.0,1578.0,2022-11-25,2022-11-27
4272,Fan,Yang,8769,92536,"Ellicott City, MD",Howard County Table Tennis Club,1562,2023-07-15,1384,2018-04-02,ACTIVE,JOOLA North American Teams,1155.0,1155.0,2018-11-23,2018-11-25
4272,Fan,Yang,8769,92536,"Ellicott City, MD",Howard County Table Tennis Club,1562,2023-07-15,1384,2018-04-02,ACTIVE,2015 JOOLA North American Teams Championships,340.0,1017.0,2015-11-29,
4273,Hsu-Chang,Lu,4749,84845,"Piscataway, NJ",,1562,2018-03-02,1709,2024-09-06,ACTIVE,2015 JOOLA North American Teams Championships,1643.0,1619.0,2015-11-29,
4276,Sumit,Shrestha,171232,1171232,North Dartmouth,,1562,2024-05-05,0,,ACTIVE,2023 JOOLA North American Teams,1531.0,1630.0,2023-11-24,2023-11-26
4279,Tony,Murnahan,5460,1523,"Apex, NC",,1561,2024-07-20,1609,2020-02-27,ACTIVE,2022 JOOLA North American Teams,1582.0,1557.0,2022-11-25,2022-11-27
4279,Tony,Murnahan,5460,1523,"Apex, NC",,1561,2024-07-20,1609,2020-02-27,ACTIVE,20th Annual North American Team Championship Powered By JOOLA,1654.0,1694.0,2017-11-24,2017-11-26
4279,Tony,Murnahan,5460,1523,"Apex, NC",,1561,2024-07-20,1609,2020-02-27,ACTIVE,2016 JOOLA NA Teams,1631.0,1590.0,2016-11-25,2016-11-27
4279,Tony,Murnahan,5460,1523,"Apex, NC",,1561,2024-07-20,1609,2020-02-27,ACTIVE,1998 North American Teams Cham,1719.0,1645.0,1998-11-29,
4280,Dave,French,21186,20943,Canada,,1561,2019-09-14,0,,ACTIVE,North American Teams,0.0,1406.0,2003-11-30,
4298,Riaan,Lodha,177070,276070,"Livingston, NJ",MatchPoint Table Tennis Center,1558,2024-08-11,1224,2023-12-22,ACTIVE,2023 JOOLA North American Teams,1240.0,1409.0,2023-11-24,2023-11-26
4298,Riaan,Lodha,177070,276070,"Livingston, NJ",MatchPoint Table Tennis Center,1558,2024-08-11,1224,2023-12-22,ACTIVE,2022 JOOLA North American Teams,0.0,748.0,2022-11-25,2022-11-27
4309,David,Asson,10655,71198,"Brooklyn, NY",,1556,2024-08-11,1880,2024-07-25,ACTIVE,2023 JOOLA North American Teams,1680.0,1542.0,2023-11-24,2023-11-26
4323,Aaron,Zhang,180010,1180010,"Bayside, NY",,1554,2024-06-30,0,,ACTIVE,2023 JOOLA North American Teams,1043.0,1215.0,2023-11-24,2023-11-26
4339,Nan (Jay),Jiang,176519,1176519,"Clarksville, MD",,1552,2024-05-04,0,,ACTIVE,2022 JOOLA North American Teams,1425.0,1572.0,2022-11-25,2022-11-27
4343,Jeremey,Lopez,121851,220851,Austin,Austin Table Tennis Club,1552,2024-08-31,1467,2024-07-31,ACTIVE,2022 JOOLA North American Teams,1413.0,1477.0,2022-11-25,2022-11-27
4360,Ojas,Limaye,178198,1178198,Kendall Park,,1549,2024-09-08,0,,ACTIVE,2023 JOOLA North American Teams,1206.0,1590.0,2023-11-24,2023-11-26
4362,Genaris,Rojas,43313,87143,MEX,,1549,2024-04-14,0,,ACTIVE,2023 JOOLA North American Teams,1745.0,1621.0,2023-11-24,2023-11-26
4362,Genaris,Rojas,43313,87143,MEX,,1549,2024-04-14,0,,ACTIVE,2022 JOOLA North American Teams,1702.0,1745.0,2022-11-25,2022-11-27
4362,Genaris,Rojas,43313,87143,MEX,,1549,2024-04-14,0,,ACTIVE,2021 Joola North American Team,1482.0,1684.0,2021-11-26,2021-11-28
4362,Genaris,Rojas,43313,87143,MEX,,1549,2024-04-14,0,,ACTIVE,2019 JOOLA North American Teams,1734.0,1482.0,2019-11-29,2019-12-01
4362,Genaris,Rojas,43313,87143,MEX,,1549,2024-04-14,0,,ACTIVE,JOOLA North American Teams,1566.0,1734.0,2018-11-23,2018-11-25
4362,Genaris,Rojas,43313,87143,MEX,,1549,2024-04-14,0,,ACTIVE,2015 JOOLA North American Teams Championships,1653.0,1641.0,2015-11-29,
4362,Genaris,Rojas,43313,87143,MEX,,1549,2024-04-14,0,,ACTIVE,2014 JOOLA North American Teams Championships,1626.0,1653.0,2014-11-30,
4369,Omar,Cruz,174901,1174901,,,1548,2023-12-17,0,,ACTIVE,2022 JOOLA North American Teams,1357.0,1516.0,2022-11-25,2022-11-27
4372,Xiaofeng,Guo,2707,34134,"Chatanooga, TN",Chattanooga Table Tennis Club,1548,2024-07-07,0,,ACTIVE,JOOLA North American Teams,1863.0,1716.0,2018-11-23,2018-11-25
4375,Lyonnel,Eugene,2028,3422,"Neptune, NJ",,1548,2024-09-08,1781,2023-07-28,ACTIVE,2014 JOOLA North American Teams Championships,1737.0,1650.0,2014-11-30,
4386,Jacob,Yu,175517,1175517,"Manhasset, NY",Gold Coast Table Tennis Club,1546,2024-08-25,0,,ACTIVE,2023 JOOLA North American Teams,1431.0,1518.0,2023-11-24,2023-11-26
4386,Jacob,Yu,175517,1175517,"Manhasset, NY",Gold Coast Table Tennis Club,1546,2024-08-25,0,,ACTIVE,2022 JOOLA North American Teams,740.0,841.0,2022-11-25,2022-11-27
4397,Roberto,Hernandez Ramos,132380,1132380,,,1544,2024-04-14,0,,ACTIVE,JOOLA North American Teams,0.0,1428.0,2018-11-23,2018-11-25
4408,Jonah,Lin,32730,93637,"Lancaster, PA",Millersville Bible Church Table Tennis Club,1544,2024-04-06,0,,ACTIVE,2021 Joola North American Team,1741.0,1703.0,2021-11-26,2021-11-28
4413,Kodi Bhaskar,Kottaidurai,164718,1164718,Bowie,,1543,2024-08-25,0,,ACTIVE,2023 JOOLA North American Teams,1316.0,1420.0,2023-11-24,2023-11-26
4413,Kodi Bhaskar,Kottaidurai,164718,1164718,Bowie,,1543,2024-08-25,0,,ACTIVE,2019 JOOLA North American Teams,1052.0,1051.0,2019-11-29,2019-12-01
4417,Matt,Mathews,5053,18730,"Rumford, RI",,1543,2024-05-05,0,,ACTIVE,North American Teams,1753.0,1733.0,2003-11-30,
4425,Yun-Ting,Tsai,166052,1166052,"Queens, NY",,1542,2024-07-28,1484,2023-02-15,ACTIVE,2023 JOOLA North American Teams,1349.0,1561.0,2023-11-24,2023-11-26
4433,Paul,Nunez,5746,34102,"White Plains, NY",,1541,2022-11-27,0,,ACTIVE,2022 JOOLA North American Teams,1516.0,1541.0,2022-11-25,2022-11-27
4433,Paul,Nunez,5746,34102,"White Plains, NY",,1541,2022-11-27,0,,ACTIVE,2014 JOOLA North American Teams Championships,1512.0,1513.0,2014-11-30,
4438,Kaining,Gao,176691,275691,"Pleasant Hill, IA",,1540,2023-10-29,0,,ACTIVE,2022 JOOLA North American Teams,1332.0,1419.0,2022-11-25,2022-11-27
4440,Gavin,Newton-tanzer,173025,272025,"Jersey City, NJ",,1540,2024-08-22,1494,2024-07-16,ACTIVE,2023 JOOLA North American Teams,1340.0,1418.0,2023-11-24,2023-11-26
4440,Gavin,Newton-tanzer,173025,272025,"Jersey City, NJ",,1540,2024-08-22,1494,2024-07-16,ACTIVE,2022 JOOLA North American Teams,1228.0,1245.0,2022-11-25,2022-11-27
4454,Joseph,Sabas,43876,146,"Saint Paul, MN",,1538,2023-11-04,1614,2013-04-20,ACTIVE,1999 NA Teams 2,1460.0,1650.0,1999-11-28,
4454,Joseph,Sabas,43876,146,"Saint Paul, MN",,1538,2023-11-04,1614,2013-04-20,ACTIVE,1998 North American Teams Cham,1451.0,1471.0,1998-11-29,
4474,Liam,Draper,170916,1170916,"Bethesda, MD",MDTTC - Maryland Table Tennis Center,1535,2024-07-14,293,2020-02-21,ACTIVE,2023 JOOLA North American Teams,1520.0,1628.0,2023-11-24,2023-11-26
4474,Liam,Draper,170916,1170916,"Bethesda, MD",MDTTC - Maryland Table Tennis Center,1535,2024-07-14,293,2020-02-21,ACTIVE,2022 JOOLA North American Teams,1299.0,1367.0,2022-11-25,2022-11-27
4474,Liam,Draper,170916,1170916,"Bethesda, MD",MDTTC - Maryland Table Tennis Center,1535,2024-07-14,293,2020-02-21,ACTIVE,2021 Joola North American Team,898.0,953.0,2021-11-26,2021-11-28
4477,Adrian,Bohne,132370,1132370,,,1534,2024-04-14,0,,ACTIVE,2023 JOOLA North American Teams,1649.0,1500.0,2023-11-24,2023-11-26
4477,Adrian,Bohne,132370,1132370,,,1534,2024-04-14,0,,ACTIVE,2022 JOOLA North American Teams,1679.0,1649.0,2022-11-25,2022-11-27
4477,Adrian,Bohne,132370,1132370,,,1534,2024-04-14,0,,ACTIVE,2021 Joola North American Team,1544.0,1806.0,2021-11-26,2021-11-28
4477,Adrian,Bohne,132370,1132370,,,1534,2024-04-14,0,,ACTIVE,2019 JOOLA North American Teams,1749.0,1544.0,2019-11-29,2019-12-01
4477,Adrian,Bohne,132370,1132370,,,1534,2024-04-14,0,,ACTIVE,JOOLA North American Teams,0.0,1749.0,2018-11-23,2018-11-25
4478,Yulong,Wang,8219,96984,"Charlestown, MA",Boston Table Tennis Center,1534,2024-03-24,1689,2024-01-19,ACTIVE,2023 JOOLA North American Teams,1515.0,1509.0,2023-11-24,2023-11-26
4484,Julio,Tirado,182487,281487,,,1534,2024-04-14,0,,ACTIVE,2023 JOOLA North American Teams,0.0,1496.0,2023-11-24,2023-11-26
4494,Jacob,Xiong,167071,266071,MD,MDTTC - Maryland Table Tennis Center,1533,2024-08-25,368,2020-02-11,ACTIVE,2023 JOOLA North American Teams,1487.0,1552.0,2023-11-24,2023-11-26
4494,Jacob,Xiong,167071,266071,MD,MDTTC - Maryland Table Tennis Center,1533,2024-08-25,368,2020-02-11,ACTIVE,2022 JOOLA North American Teams,1184.0,1216.0,2022-11-25,2022-11-27
4494,Jacob,Xiong,167071,266071,MD,MDTTC - Maryland Table Tennis Center,1533,2024-08-25,368,2020-02-11,ACTIVE,2021 Joola North American Team,650.0,687.0,2021-11-26,2021-11-28
4496,Evan,Chiu,173499,1173499,"Roslyn, NY",Origin Table Tennis Academy,1533,2024-07-28,0,,ACTIVE,2023 JOOLA North American Teams,1111.0,1361.0,2023-11-24,2023-11-26
4496,Evan,Chiu,173499,1173499,"Roslyn, NY",Origin Table Tennis Academy,1533,2024-07-28,0,,ACTIVE,2022 JOOLA North American Teams,716.0,728.0,2022-11-25,2022-11-27
4496,Evan,Chiu,173499,1173499,"Roslyn, NY",Origin Table Tennis Academy,1533,2024-07-28,0,,ACTIVE,2021 Joola North American Team,0.0,400.0,2021-11-26,2021-11-28
4500,Abel,Lopez,174903,1174903,,,1532,2024-04-14,0,,ACTIVE,2022 JOOLA North American Teams,1258.0,1382.0,2022-11-25,2022-11-27
4506,Ivan,Tsai,172889,271889,"Coppell, TX",DFW Table Tennis,1531,2024-08-11,0,,ACTIVE,2023 JOOLA North American Teams,1491.0,1591.0,2023-11-24,2023-11-26
4507,Neil,Myers,5473,14255,"Euclid, OH",,1531,2018-03-02,0,,ACTIVE,1999 NA Teams 2,1912.0,1798.0,1999-11-28,
4508,Neil,Bhardwaj,172459,1172459,"Hopkinton, MA",,1531,2024-08-25,1529,2024-08-17,ACTIVE,2023 JOOLA North American Teams,1373.0,1331.0,2023-11-24,2023-11-26
4516,Sergey,Averin,310,18198,"Morristown, NJ",,1530,2018-03-02,1679,2006-10-21,ACTIVE,1999 NA Teams 2,1583.0,1564.0,1999-11-28,
4517,Rishab,Rao,172876,271876,"Castle Pines, CO",Mile High Table Tennis Academy,1530,2024-08-04,16,2021-10-17,ACTIVE,2023 JOOLA North American Teams,1328.0,1222.0,2023-11-24,2023-11-26
4525,Paul,Hadfield,2740,6347,"Sherwood, AR",,1529,2023-10-21,1697,2014-04-23,ACTIVE,1998 North American Teams Cham,1780.0,1895.0,1998-11-29,
4542,Rina,Xin,175683,274683,"Syosset, NY",,1526,2024-08-11,0,,ACTIVE,2023 JOOLA North American Teams,1285.0,1293.0,2023-11-24,2023-11-26
4542,Rina,Xin,175683,274683,"Syosset, NY",,1526,2024-08-11,0,,ACTIVE,2022 JOOLA North American Teams,447.0,646.0,2022-11-25,2022-11-27
4552,Ziheng,Shen,166077,1166077,"East Brunswick, NJ",Topspin Table Tennis Club,1525,2024-09-08,291,2020-02-28,ACTIVE,2023 JOOLA North American Teams,1506.0,1672.0,2023-11-24,2023-11-26
4552,Ziheng,Shen,166077,1166077,"East Brunswick, NJ",Topspin Table Tennis Club,1525,2024-09-08,291,2020-02-28,ACTIVE,2022 JOOLA North American Teams,1296.0,1364.0,2022-11-25,2022-11-27
4552,Ziheng,Shen,166077,1166077,"East Brunswick, NJ",Topspin Table Tennis Club,1525,2024-09-08,291,2020-02-28,ACTIVE,2021 Joola North American Team,619.0,1019.0,2021-11-26,2021-11-28
4552,Ziheng,Shen,166077,1166077,"East Brunswick, NJ",Topspin Table Tennis Club,1525,2024-09-08,291,2020-02-28,ACTIVE,2019 JOOLA North American Teams,222.0,257.0,2019-11-29,2019-12-01
4560,Eugene,Zhang,116719,215719,,,1524,2024-08-25,0,,ACTIVE,2023 JOOLA North American Teams,1470.0,1421.0,2023-11-24,2023-11-26
4560,Eugene,Zhang,116719,215719,,,1524,2024-08-25,0,,ACTIVE,2022 JOOLA North American Teams,1550.0,1387.0,2022-11-25,2022-11-27
4560,Eugene,Zhang,116719,215719,,,1524,2024-08-25,0,,ACTIVE,2021 Joola North American Team,1298.0,1297.0,2021-11-26,2021-11-28
4560,Eugene,Zhang,116719,215719,,,1524,2024-08-25,0,,ACTIVE,2019 JOOLA North American Teams,1274.0,1530.0,2019-11-29,2019-12-01
4560,Eugene,Zhang,116719,215719,,,1524,2024-08-25,0,,ACTIVE,JOOLA North American Teams,1121.0,1142.0,2018-11-23,2018-11-25
4560,Eugene,Zhang,116719,215719,,,1524,2024-08-25,0,,ACTIVE,20th Annual North American Team Championship Powered By JOOLA,1070.0,1088.0,2017-11-24,2017-11-26
4560,Eugene,Zhang,116719,215719,,,1524,2024-08-25,0,,ACTIVE,2016 JOOLA NA Teams,0.0,1063.0,2016-11-25,2016-11-27
4568,Joseph,Nam,117761,216761,"Sandy Springs, GA",,1522,2023-11-26,0,,ACTIVE,2023 JOOLA North American Teams,1539.0,1522.0,2023-11-24,2023-11-26
4568,Joseph,Nam,117761,216761,"Sandy Springs, GA",,1522,2023-11-26,0,,ACTIVE,2019 JOOLA North American Teams,1806.0,1764.0,2019-11-29,2019-12-01
4568,Joseph,Nam,117761,216761,"Sandy Springs, GA",,1522,2023-11-26,0,,ACTIVE,JOOLA North American Teams,1580.0,1522.0,2018-11-23,2018-11-25
4583,Jason,Choi,172151,271151,"Centreville, VA",Northern VA Table Tennis Center (NOVATTC),1520,2024-08-25,0,,ACTIVE,2023 JOOLA North American Teams,1310.0,1353.0,2023-11-24,2023-11-26
4583,Jason,Choi,172151,271151,"Centreville, VA",Northern VA Table Tennis Center (NOVATTC),1520,2024-08-25,0,,ACTIVE,2022 JOOLA North American Teams,1250.0,1368.0,2022-11-25,2022-11-27
4583,Jason,Choi,172151,271151,"Centreville, VA",Northern VA Table Tennis Center (NOVATTC),1520,2024-08-25,0,,ACTIVE,2021 Joola North American Team,980.0,1116.0,2021-11-26,2021-11-28
4586,Siddharth,Sharma,179844,1179844,Livingston,,1520,2023-11-26,1745,2024-09-06,ACTIVE,2023 JOOLA North American Teams,1313.0,1520.0,2023-11-24,2023-11-26
4592,Dustin,Plotnick,168024,1168024,"New York, NY",,1519,2024-03-17,1623,2024-02-26,ACTIVE,2023 JOOLA North American Teams,1491.0,1526.0,2023-11-24,2023-11-26
4592,Dustin,Plotnick,168024,1168024,"New York, NY",,1519,2024-03-17,1623,2024-02-26,ACTIVE,2022 JOOLA North American Teams,1354.0,1520.0,2022-11-25,2022-11-27
4592,Dustin,Plotnick,168024,1168024,"New York, NY",,1519,2024-03-17,1623,2024-02-26,ACTIVE,2019 JOOLA North American Teams,1280.0,1426.0,2019-11-29,2019-12-01
4595,Anuj,Shah,177570,1177570,"Iselin, NJ",Lily Yip Table Tennis Center,1519,2024-09-08,1652,2024-09-06,ACTIVE,2023 JOOLA North American Teams,796.0,1006.0,2023-11-24,2023-11-26
4605,Koji,Ishida,174023,273023,"Setauket, NY",Origin Table Tennis Academy,1518,2023-11-26,1488,2024-09-04,ACTIVE,2023 JOOLA North American Teams,1099.0,1518.0,2023-11-24,2023-11-26
4605,Koji,Ishida,174023,273023,"Setauket, NY",Origin Table Tennis Academy,1518,2023-11-26,1488,2024-09-04,ACTIVE,2022 JOOLA North American Teams,840.0,990.0,2022-11-25,2022-11-27
4612,Dave,Fulcomer,64529,5937,"Effort, PA",,1517,2024-09-08,0,,ACTIVE,2021 Joola North American Team,1711.0,1574.0,2021-11-26,2021-11-28
4612,Dave,Fulcomer,64529,5937,"Effort, PA",,1517,2024-09-08,0,,ACTIVE,1998 North American Teams Cham,1850.0,1778.0,1998-11-29,
4630,Nicholas,Mott,164248,263248,"Austin, TX",Austin Table Tennis Club,1515,2024-03-09,1418,2024-08-07,ACTIVE,2022 JOOLA North American Teams,1546.0,1350.0,2022-11-25,2022-11-27
4631,Jane,Gao,121793,220793,"North Reading, MA",,1515,2024-02-25,0,,ACTIVE,2023 JOOLA North American Teams,1650.0,1602.0,2023-11-24,2023-11-26
4631,Jane,Gao,121793,220793,"North Reading, MA",,1515,2024-02-25,0,,ACTIVE,JOOLA North American Teams,1776.0,1688.0,2018-11-23,2018-11-25
4631,Jane,Gao,121793,220793,"North Reading, MA",,1515,2024-02-25,0,,ACTIVE,20th Annual North American Team Championship Powered By JOOLA,0.0,1776.0,2017-11-24,2017-11-26
4635,Lewis,Gao,171342,1171342,"Jericho, NY",,1514,2024-07-13,1334,2023-08-06,ACTIVE,2023 JOOLA North American Teams,1524.0,1686.0,2023-11-24,2023-11-26
4635,Lewis,Gao,171342,1171342,"Jericho, NY",,1514,2024-07-13,1334,2023-08-06,ACTIVE,2022 JOOLA North American Teams,1202.0,1437.0,2022-11-25,2022-11-27
4635,Lewis,Gao,171342,1171342,"Jericho, NY",,1514,2024-07-13,1334,2023-08-06,ACTIVE,2021 Joola North American Team,904.0,899.0,2021-11-26,2021-11-28
4640,Yunteng,Lin,174062,1174062,Suwanee,,1514,2024-08-18,0,,ACTIVE,2023 JOOLA North American Teams,1344.0,1390.0,2023-11-24,2023-11-26
4640,Yunteng,Lin,174062,1174062,Suwanee,,1514,2024-08-18,0,,ACTIVE,2022 JOOLA North American Teams,1030.0,1044.0,2022-11-25,2022-11-27
4641,Edward,Chen,176913,1176913,"Plainsboro, NJ","Princeton Pong, LLC",1513,2024-09-08,0,,ACTIVE,2023 JOOLA North American Teams,1398.0,1367.0,2023-11-24,2023-11-26
4641,Edward,Chen,176913,1176913,"Plainsboro, NJ","Princeton Pong, LLC",1513,2024-09-08,0,,ACTIVE,2022 JOOLA North American Teams,784.0,986.0,2022-11-25,2022-11-27
4658,Ben,Bednarz,501,24961,"Salem, OR",Willamette Table Tennis Club,1512,2024-07-07,0,,ACTIVE,2019 JOOLA North American Teams,1625.0,1619.0,2019-11-29,2019-12-01
4658,Ben,Bednarz,501,24961,"Salem, OR",Willamette Table Tennis Club,1512,2024-07-07,0,,ACTIVE,JOOLA North American Teams,1407.0,1414.0,2018-11-23,2018-11-25
4665,Will,Shortz,7109,46018,"Pleasantville, NY",,1511,2023-11-26,1712,2014-01-07,ACTIVE,2023 JOOLA North American Teams,1473.0,1511.0,2023-11-24,2023-11-26
4665,Will,Shortz,7109,46018,"Pleasantville, NY",,1511,2023-11-26,1712,2014-01-07,ACTIVE,2022 JOOLA North American Teams,1414.0,1414.0,2022-11-25,2022-11-27
4665,Will,Shortz,7109,46018,"Pleasantville, NY",,1511,2023-11-26,1712,2014-01-07,ACTIVE,2019 JOOLA North American Teams,1788.0,1398.0,2019-11-29,2019-12-01
4665,Will,Shortz,7109,46018,"Pleasantville, NY",,1511,2023-11-26,1712,2014-01-07,ACTIVE,JOOLA North American Teams,1819.0,1788.0,2018-11-23,2018-11-25
4665,Will,Shortz,7109,46018,"Pleasantville, NY",,1511,2023-11-26,1712,2014-01-07,ACTIVE,20th Annual North American Team Championship Powered By JOOLA,1842.0,1819.0,2017-11-24,2017-11-26
4665,Will,Shortz,7109,46018,"Pleasantville, NY",,1511,2023-11-26,1712,2014-01-07,ACTIVE,2014 JOOLA North American Teams Championships,1816.0,1873.0,2014-11-30,
4674,Thomas,Huff,3255,6854,"Boonsboro, MD",,1509,2018-03-02,1519,2011-12-17,ACTIVE,North American Teams,1572.0,1625.0,2003-11-30,
4675,Irving,Goldstein,2502,6161,"Baltimore, MD",,1509,2018-03-02,1595,2005-06-23,ACTIVE,North American Teams,1602.0,1647.0,2003-11-30,
4675,Irving,Goldstein,2502,6161,"Baltimore, MD",,1509,2018-03-02,1595,2005-06-23,ACTIVE,1999 NA Teams 2,1691.0,1670.0,1999-11-28,
4685,Jozef,Simkovic,7149,80797,"Birmingham, AL",BIRMINGHAM HOMETOWN TABLE TENNIS CLUB,1508,2024-08-10,1581,2015-06-20,ACTIVE,2021 Joola North American Team,1594.0,1577.0,2021-11-26,2021-11-28
4685,Jozef,Simkovic,7149,80797,"Birmingham, AL",BIRMINGHAM HOMETOWN TABLE TENNIS CLUB,1508,2024-08-10,1581,2015-06-20,ACTIVE,20th Annual North American Team Championship Powered By JOOLA,1594.0,1631.0,2017-11-24,2017-11-26
4685,Jozef,Simkovic,7149,80797,"Birmingham, AL",BIRMINGHAM HOMETOWN TABLE TENNIS CLUB,1508,2024-08-10,1581,2015-06-20,ACTIVE,2016 JOOLA NA Teams,1548.0,1625.0,2016-11-25,2016-11-27
4685,Jozef,Simkovic,7149,80797,"Birmingham, AL",BIRMINGHAM HOMETOWN TABLE TENNIS CLUB,1508,2024-08-10,1581,2015-06-20,ACTIVE,2015 JOOLA North American Teams Championships,1538.0,1684.0,2015-11-29,
4685,Jozef,Simkovic,7149,80797,"Birmingham, AL",BIRMINGHAM HOMETOWN TABLE TENNIS CLUB,1508,2024-08-10,1581,2015-06-20,ACTIVE,2014 JOOLA North American Teams Championships,1608.0,1608.0,2014-11-30,
4702,Aahan,Vangala,174517,273517,"Issaquah, WA",,1506,2024-05-27,1500,2024-09-07,ACTIVE,2023 JOOLA North American Teams,1246.0,1306.0,2023-11-24,2023-11-26
4707,Matthew,Barnes,449,72986,"Salem, OR",Willamette Table Tennis Club,1505,2023-12-10,0,,ACTIVE,JOOLA North American Teams,1504.0,1494.0,2018-11-23,2018-11-25
4714,Bill,Draper,116512,215512,"Bethesda, MD",MDTTC - Maryland Table Tennis Center,1503,2024-07-14,1634,2020-02-21,ACTIVE,2023 JOOLA North American Teams,1386.0,1453.0,2023-11-24,2023-11-26
4714,Bill,Draper,116512,215512,"Bethesda, MD",MDTTC - Maryland Table Tennis Center,1503,2024-07-14,1634,2020-02-21,ACTIVE,2022 JOOLA North American Teams,1526.0,1532.0,2022-11-25,2022-11-27
4714,Bill,Draper,116512,215512,"Bethesda, MD",MDTTC - Maryland Table Tennis Center,1503,2024-07-14,1634,2020-02-21,ACTIVE,2021 Joola North American Team,1478.0,1464.0,2021-11-26,2021-11-28
4714,Bill,Draper,116512,215512,"Bethesda, MD",MDTTC - Maryland Table Tennis Center,1503,2024-07-14,1634,2020-02-21,ACTIVE,2019 JOOLA North American Teams,1315.0,1404.0,2019-11-29,2019-12-01
4714,Bill,Draper,116512,215512,"Bethesda, MD",MDTTC - Maryland Table Tennis Center,1503,2024-07-14,1634,2020-02-21,ACTIVE,JOOLA North American Teams,1439.0,1303.0,2018-11-23,2018-11-25
4722,Avi,Finkelstein,131376,230376,Baltimore,,1502,2024-07-14,0,,ACTIVE,2019 JOOLA North American Teams,1516.0,1526.0,2019-11-29,2019-12-01
4726,Sarah,Hunter,112869,211869,"Johns Creek, GA",,1502,2019-12-01,0,,ACTIVE,2019 JOOLA North American Teams,1379.0,1502.0,2019-11-29,2019-12-01
4726,Sarah,Hunter,112869,211869,"Johns Creek, GA",,1502,2019-12-01,0,,ACTIVE,JOOLA North American Teams,1285.0,1206.0,2018-11-23,2018-11-25
4729,Lekha,Subbaiah,176771,1176771,"Austin, TX",Austin Table Tennis Club,1501,2024-08-31,1380,2024-07-03,ACTIVE,2023 JOOLA North American Teams,1044.0,1194.0,2023-11-24,2023-11-26
4732,Peter,Zombori,9180,24589,"curtis bay, MD",,1501,2022-11-27,1652,2016-09-19,ACTIVE,2022 JOOLA North American Teams,1639.0,1501.0,2022-11-25,2022-11-27
4732,Peter,Zombori,9180,24589,"curtis bay, MD",,1501,2022-11-27,1652,2016-09-19,ACTIVE,2015 JOOLA North American Teams Championships,1644.0,1805.0,2015-11-29,
4732,Peter,Zombori,9180,24589,"curtis bay, MD",,1501,2022-11-27,1652,2016-09-19,ACTIVE,2014 JOOLA North American Teams Championships,1703.0,1791.0,2014-11-30,
4740,Emily,Ye,130921,229921,"Potomac, MD",MDTTC - Maryland Table Tennis Center,1500,2024-05-05,920,2020-02-28,ACTIVE,2023 JOOLA North American Teams,1427.0,1532.0,2023-11-24,2023-11-26
4740,Emily,Ye,130921,229921,"Potomac, MD",MDTTC - Maryland Table Tennis Center,1500,2024-05-05,920,2020-02-28,ACTIVE,2022 JOOLA North American Teams,1089.0,1191.0,2022-11-25,2022-11-27
4740,Emily,Ye,130921,229921,"Potomac, MD",MDTTC - Maryland Table Tennis Center,1500,2024-05-05,920,2020-02-28,ACTIVE,2021 Joola North American Team,887.0,1146.0,2021-11-26,2021-11-28
4741,Justin,Wu,173696,272696,"Hillsborough, NJ",Topspin Table Tennis Club,1500,2024-02-04,0,,ACTIVE,2023 JOOLA North American Teams,1315.0,1517.0,2023-11-24,2023-11-26
4741,Justin,Wu,173696,272696,"Hillsborough, NJ",Topspin Table Tennis Club,1500,2024-02-04,0,,ACTIVE,2022 JOOLA North American Teams,877.0,1139.0,2022-11-25,2022-11-27
4743,Akshan,Paudel,172200,1172200,"Ellicott City, MD",,1500,2024-08-25,0,,ACTIVE,2023 JOOLA North American Teams,926.0,999.0,2023-11-24,2023-11-26
4746,Ryan,Ng,180234,279234,,,1499,2024-09-08,1655,2024-09-06,ACTIVE,2023 JOOLA North American Teams,558.0,995.0,2023-11-24,2023-11-26
4749,Brian,Shen,122433,221433,"Queens, NY",PingPod Lower East Side,1499,2024-06-30,1648,2024-05-08,ACTIVE,2023 JOOLA North American Teams,1519.0,1474.0,2023-11-24,2023-11-26
4749,Brian,Shen,122433,221433,"Queens, NY",PingPod Lower East Side,1499,2024-06-30,1648,2024-05-08,ACTIVE,2022 JOOLA North American Teams,1371.0,1425.0,2022-11-25,2022-11-27
4755,Weihsuan,Wong,177940,276940,"Austin, TX",Austin Table Tennis Club,1497,2024-01-27,1253,2024-01-17,ACTIVE,2023 JOOLA North American Teams,1366.0,1365.0,2023-11-24,2023-11-26
4759,Willard,Rodrigazo,180328,279328,"New York, NY",PINGPOD,1497,2023-11-26,0,,ACTIVE,2023 JOOLA North American Teams,1035.0,1497.0,2023-11-24,2023-11-26
4769,Max,Zhang,174671,273671,,,1494,2024-06-22,0,,ACTIVE,2023 JOOLA North American Teams,1155.0,1105.0,2023-11-24,2023-11-26
4778,Tom,Metz,36055,73482,"Denville, NJ",,1493,2024-07-07,1684,2024-09-06,ACTIVE,2022 JOOLA North American Teams,1183.0,1532.0,2022-11-25,2022-11-27
4783,Tiffany,Lu,175529,1175529,"Roslyn Heights, NY",New York Indoor Sports Club,1492,2024-06-16,0,,ACTIVE,2023 JOOLA North American Teams,1195.0,1323.0,2023-11-24,2023-11-26
4783,Tiffany,Lu,175529,1175529,"Roslyn Heights, NY",New York Indoor Sports Club,1492,2024-06-16,0,,ACTIVE,2022 JOOLA North American Teams,453.0,692.0,2022-11-25,2022-11-27
4787,Jim,Mossberg,5420,8515,"Laurel, MD",,1491,2023-11-26,0,,ACTIVE,2023 JOOLA North American Teams,1502.0,1491.0,2023-11-24,2023-11-26
4787,Jim,Mossberg,5420,8515,"Laurel, MD",,1491,2023-11-26,0,,ACTIVE,2022 JOOLA North American Teams,1771.0,1502.0,2022-11-25,2022-11-27
4787,Jim,Mossberg,5420,8515,"Laurel, MD",,1491,2023-11-26,0,,ACTIVE,2021 Joola North American Team,1624.0,1771.0,2021-11-26,2021-11-28
4787,Jim,Mossberg,5420,8515,"Laurel, MD",,1491,2023-11-26,0,,ACTIVE,2019 JOOLA North American Teams,1850.0,1624.0,2019-11-29,2019-12-01
4787,Jim,Mossberg,5420,8515,"Laurel, MD",,1491,2023-11-26,0,,ACTIVE,JOOLA North American Teams,1824.0,1850.0,2018-11-23,2018-11-25
4787,Jim,Mossberg,5420,8515,"Laurel, MD",,1491,2023-11-26,0,,ACTIVE,20th Annual North American Team Championship Powered By JOOLA,1666.0,1795.0,2017-11-24,2017-11-26
4787,Jim,Mossberg,5420,8515,"Laurel, MD",,1491,2023-11-26,0,,ACTIVE,2016 JOOLA NA Teams,1869.0,1779.0,2016-11-25,2016-11-27
4787,Jim,Mossberg,5420,8515,"Laurel, MD",,1491,2023-11-26,0,,ACTIVE,2015 JOOLA North American Teams Championships,1865.0,1869.0,2015-11-29,
4787,Jim,Mossberg,5420,8515,"Laurel, MD",,1491,2023-11-26,0,,ACTIVE,2014 JOOLA North American Teams Championships,1893.0,1865.0,2014-11-30,
4787,Jim,Mossberg,5420,8515,"Laurel, MD",,1491,2023-11-26,0,,ACTIVE,North American Teams,1787.0,1900.0,2003-11-30,
4787,Jim,Mossberg,5420,8515,"Laurel, MD",,1491,2023-11-26,0,,ACTIVE,1999 NA Teams 2,1862.0,1953.0,1999-11-28,
4787,Jim,Mossberg,5420,8515,"Laurel, MD",,1491,2023-11-26,0,,ACTIVE,1998 North American Teams Cham,1907.0,1862.0,1998-11-29,
4799,Reginald,Willis,8484,11921,"Rosedale, MD",Baltimore Table Tennis Club,1489,2023-11-26,1715,2012-09-15,ACTIVE,2023 JOOLA North American Teams,1582.0,1489.0,2023-11-24,2023-11-26
4799,Reginald,Willis,8484,11921,"Rosedale, MD",Baltimore Table Tennis Club,1489,2023-11-26,1715,2012-09-15,ACTIVE,2022 JOOLA North American Teams,1589.0,1582.0,2022-11-25,2022-11-27
4799,Reginald,Willis,8484,11921,"Rosedale, MD",Baltimore Table Tennis Club,1489,2023-11-26,1715,2012-09-15,ACTIVE,2021 Joola North American Team,1565.0,1594.0,2021-11-26,2021-11-28
4799,Reginald,Willis,8484,11921,"Rosedale, MD",Baltimore Table Tennis Club,1489,2023-11-26,1715,2012-09-15,ACTIVE,2019 JOOLA North American Teams,1640.0,1548.0,2019-11-29,2019-12-01
4799,Reginald,Willis,8484,11921,"Rosedale, MD",Baltimore Table Tennis Club,1489,2023-11-26,1715,2012-09-15,ACTIVE,JOOLA North American Teams,1642.0,1613.0,2018-11-23,2018-11-25
4799,Reginald,Willis,8484,11921,"Rosedale, MD",Baltimore Table Tennis Club,1489,2023-11-26,1715,2012-09-15,ACTIVE,20th Annual North American Team Championship Powered By JOOLA,1653.0,1563.0,2017-11-24,2017-11-26
4799,Reginald,Willis,8484,11921,"Rosedale, MD",Baltimore Table Tennis Club,1489,2023-11-26,1715,2012-09-15,ACTIVE,2016 JOOLA NA Teams,1687.0,1763.0,2016-11-25,2016-11-27
4799,Reginald,Willis,8484,11921,"Rosedale, MD",Baltimore Table Tennis Club,1489,2023-11-26,1715,2012-09-15,ACTIVE,2015 JOOLA North American Teams Championships,1759.0,1788.0,2015-11-29,
4799,Reginald,Willis,8484,11921,"Rosedale, MD",Baltimore Table Tennis Club,1489,2023-11-26,1715,2012-09-15,ACTIVE,2014 JOOLA North American Teams Championships,1837.0,1842.0,2014-11-30,
4799,Reginald,Willis,8484,11921,"Rosedale, MD",Baltimore Table Tennis Club,1489,2023-11-26,1715,2012-09-15,ACTIVE,North American Teams,1645.0,1811.0,2003-11-30,
4799,Reginald,Willis,8484,11921,"Rosedale, MD",Baltimore Table Tennis Club,1489,2023-11-26,1715,2012-09-15,ACTIVE,1999 NA Teams 2,1587.0,1620.0,1999-11-28,
4799,Reginald,Willis,8484,11921,"Rosedale, MD",Baltimore Table Tennis Club,1489,2023-11-26,1715,2012-09-15,ACTIVE,1998 North American Teams Cham,1304.0,1541.0,1998-11-29,
4817,Dwan,Hunt,3275,85852,"Philadelphia, PA",Trolley Car Table Tennis Club,1487,2024-02-10,1452,2023-04-06,ACTIVE,2022 JOOLA North American Teams,1325.0,1499.0,2022-11-25,2022-11-27
4817,Dwan,Hunt,3275,85852,"Philadelphia, PA",Trolley Car Table Tennis Club,1487,2024-02-10,1452,2023-04-06,ACTIVE,2019 JOOLA North American Teams,1452.0,1305.0,2019-11-29,2019-12-01
4820,Lixin,Shen,120866,219866,"Parsippany, NJ",,1486,2023-11-26,0,,ACTIVE,2023 JOOLA North American Teams,1396.0,1486.0,2023-11-24,2023-11-26
4820,Lixin,Shen,120866,219866,"Parsippany, NJ",,1486,2023-11-26,0,,ACTIVE,2022 JOOLA North American Teams,1719.0,1396.0,2022-11-25,2022-11-27
4820,Lixin,Shen,120866,219866,"Parsippany, NJ",,1486,2023-11-26,0,,ACTIVE,2019 JOOLA North American Teams,1748.0,1719.0,2019-11-29,2019-12-01
4820,Lixin,Shen,120866,219866,"Parsippany, NJ",,1486,2023-11-26,0,,ACTIVE,JOOLA North American Teams,1784.0,1748.0,2018-11-23,2018-11-25
4820,Lixin,Shen,120866,219866,"Parsippany, NJ",,1486,2023-11-26,0,,ACTIVE,20th Annual North American Team Championship Powered By JOOLA,0.0,1784.0,2017-11-24,2017-11-26
4835,Aaron,Yuan,131221,230221,"Cranford, NJ",New Jersey Table Tennis Club,1484,2024-07-28,1681,2024-07-30,ACTIVE,2022 JOOLA North American Teams,1518.0,1598.0,2022-11-25,2022-11-27
4835,Aaron,Yuan,131221,230221,"Cranford, NJ",New Jersey Table Tennis Club,1484,2024-07-28,1681,2024-07-30,ACTIVE,2021 Joola North American Team,837.0,1315.0,2021-11-26,2021-11-28
4835,Aaron,Yuan,131221,230221,"Cranford, NJ",New Jersey Table Tennis Club,1484,2024-07-28,1681,2024-07-30,ACTIVE,2019 JOOLA North American Teams,0.0,380.0,2019-11-29,2019-12-01
4837,Parth,Pandey,173972,272972,"Livingston, NJ",Matchpoint Table Tennis Center NJ,1483,2024-03-10,1356,2023-12-15,ACTIVE,2023 JOOLA North American Teams,1292.0,1472.0,2023-11-24,2023-11-26
4837,Parth,Pandey,173972,272972,"Livingston, NJ",Matchpoint Table Tennis Center NJ,1483,2024-03-10,1356,2023-12-15,ACTIVE,2022 JOOLA North American Teams,883.0,965.0,2022-11-25,2022-11-27
4853,John,Salas,6749,43722,"Virginia Beach, VA",,1481,2024-08-25,1982,2005-08-03,ACTIVE,2022 JOOLA North American Teams,1470.0,1494.0,2022-11-25,2022-11-27
4853,John,Salas,6749,43722,"Virginia Beach, VA",,1481,2024-08-25,1982,2005-08-03,ACTIVE,1998 North American Teams Cham,1798.0,1780.0,1998-11-29,
4854,Ashley,Popp,165217,1165217,"Brooklyn, NY",PingPod Lower East Side,1481,2024-04-14,1434,2024-06-27,ACTIVE,2023 JOOLA North American Teams,1419.0,1486.0,2023-11-24,2023-11-26
4888,Roy,Dietz,1747,5368,"Canton, OH",,1477,2021-10-09,1763,2004-06-19,ACTIVE,1998 North American Teams Cham,1874.0,1867.0,1998-11-29,
4892,Paul,Hua,3190,13612,"Hixson, TN",Chattanooga Table Tennis Club,1476,2018-03-02,0,,ACTIVE,1999 NA Teams 2,1302.0,1293.0,1999-11-28,
4901,Jerald,Williams,52951,70898,"Hampton, VA",,1475,2023-10-08,0,,ACTIVE,2014 JOOLA North American Teams Championships,1757.0,1715.0,2014-11-30,
4902,Robert,Hoover,25579,28053,"Lodi, NJ",,1475,2024-05-12,1678,2023-10-27,ACTIVE,2023 JOOLA North American Teams,1554.0,1489.0,2023-11-24,2023-11-26
4902,Robert,Hoover,25579,28053,"Lodi, NJ",,1475,2024-05-12,1678,2023-10-27,ACTIVE,2022 JOOLA North American Teams,1542.0,1554.0,2022-11-25,2022-11-27
4902,Robert,Hoover,25579,28053,"Lodi, NJ",,1475,2024-05-12,1678,2023-10-27,ACTIVE,2021 Joola North American Team,1530.0,1540.0,2021-11-26,2021-11-28
4902,Robert,Hoover,25579,28053,"Lodi, NJ",,1475,2024-05-12,1678,2023-10-27,ACTIVE,2019 JOOLA North American Teams,1751.0,1656.0,2019-11-29,2019-12-01
4902,Robert,Hoover,25579,28053,"Lodi, NJ",,1475,2024-05-12,1678,2023-10-27,ACTIVE,North American Teams,1762.0,1744.0,2003-11-30,
4927,Rithik,Veerasikku,180952,1180952,Edison,,1471,2024-08-11,1743,2024-09-06,ACTIVE,2023 JOOLA North American Teams,667.0,772.0,2023-11-24,2023-11-26
4931,Suryakant,Shrivastava,173177,1173177,"Jersey City, NJ",HiTT,1470,2024-05-12,1402,2024-05-20,ACTIVE,2023 JOOLA North American Teams,1458.0,1540.0,2023-11-24,2023-11-26
4960,Rayan,Siddamsettiwar,179354,1179354,"Edison, NJ",,1466,2024-08-11,1587,2024-09-06,ACTIVE,2023 JOOLA North American Teams,897.0,1124.0,2023-11-24,2023-11-26
4974,Yohan,Brito,123392,222392,"North Plainfield, NJ",,1463,2023-03-11,1763,2024-05-28,ACTIVE,2022 JOOLA North American Teams,1354.0,1469.0,2022-11-25,2022-11-27
4974,Yohan,Brito,123392,222392,"North Plainfield, NJ",,1463,2023-03-11,1763,2024-05-28,ACTIVE,2021 Joola North American Team,842.0,986.0,2021-11-26,2021-11-28
4975,Manuel,Orellana,176166,1176166,Northport,,1463,2023-11-26,0,,ACTIVE,2023 JOOLA North American Teams,1361.0,1463.0,2023-11-24,2023-11-26
4975,Manuel,Orellana,176166,1176166,Northport,,1463,2023-11-26,0,,ACTIVE,2022 JOOLA North American Teams,1110.0,1361.0,2022-11-25,2022-11-27
4978,Enli Pan,Flores,2177,97346,"Queens, NY",,1463,2024-01-28,0,,ACTIVE,2022 JOOLA North American Teams,902.0,1106.0,2022-11-25,2022-11-27
4983,Youzhong,Fu,2270,96596,"Marietta, GA",East Cobb Sports Table Tennis,1463,2024-07-14,0,,ACTIVE,2015 JOOLA North American Teams Championships,1207.0,1138.0,2015-11-29,
4993,Ishaan,Chathlani,180947,1180947,Chatham,,1462,2024-09-08,1662,2024-09-06,ACTIVE,2023 JOOLA North American Teams,759.0,1037.0,2023-11-24,2023-11-26
4995,Jay,Nelson,5566,12141,"Huntington, WV",,1461,2024-07-27,0,,ACTIVE,JOOLA North American Teams,1563.0,1615.0,2018-11-23,2018-11-25
4995,Jay,Nelson,5566,12141,"Huntington, WV",,1461,2024-07-27,0,,ACTIVE,20th Annual North American Team Championship Powered By JOOLA,1604.0,1683.0,2017-11-24,2017-11-26
5003,Derek,Zhen,177485,1177485,"Queens, NY",New York Indoor Sports Club,1459,2024-04-06,0,,ACTIVE,2023 JOOLA North American Teams,1315.0,1339.0,2023-11-24,2023-11-26
5005,Bobby,Jones,27749,18868,"Northport, AL",,1459,2024-08-10,0,,ACTIVE,1999 NA Teams 2,1855.0,1830.0,1999-11-28,
5010,Sebastian,Pedraza,174797,1174797,,,1459,2024-04-14,0,,ACTIVE,2022 JOOLA North American Teams,848.0,834.0,2022-11-25,2022-11-27
5015,RONIT,AVHAD,177149,276149,"Livingston, NJ",Matchpoint Table Tennis Center NJ,1458,2024-07-28,1653,2024-09-06,ACTIVE,2023 JOOLA North American Teams,1340.0,1530.0,2023-11-24,2023-11-26
5015,RONIT,AVHAD,177149,276149,"Livingston, NJ",Matchpoint Table Tennis Center NJ,1458,2024-07-28,1653,2024-09-06,ACTIVE,2022 JOOLA North American Teams,682.0,720.0,2022-11-25,2022-11-27
5019,Patrick,Fowler,174520,273520,"Denver, CO",DenverPong,1457,2024-05-05,0,,ACTIVE,2023 JOOLA North American Teams,1422.0,1292.0,2023-11-24,2023-11-26
5019,Patrick,Fowler,174520,273520,"Denver, CO",DenverPong,1457,2024-05-05,0,,ACTIVE,2022 JOOLA North American Teams,867.0,1040.0,2022-11-25,2022-11-27
5047,Mohit,Ganji,172781,271781,Austin,,1454,2024-03-16,1327,2024-04-03,ACTIVE,2023 JOOLA North American Teams,1093.0,1305.0,2023-11-24,2023-11-26
5050,Terese,Terranova,7733,39835,"Fort Lauderdale, FL",South Florida Table Tennis Org,1453,2018-12-22,0,,ACTIVE,1999 NA Teams 2,1528.0,1530.0,1999-11-28,
5050,Terese,Terranova,7733,39835,"Fort Lauderdale, FL",South Florida Table Tennis Org,1453,2018-12-22,0,,ACTIVE,1998 North American Teams Cham,1584.0,1528.0,1998-11-29,
5065,Shubh,Gangrade,180137,1180137,"Pennington, NJ",,1451,2024-09-08,0,,ACTIVE,2023 JOOLA North American Teams,1135.0,1441.0,2023-11-24,2023-11-26
5070,Christine,Cha,119348,218348,"White Plains, NY",Westchester Table Tennis Center,1450,2024-04-28,1400,2022-03-13,ACTIVE,2023 JOOLA North American Teams,1460.0,1460.0,2023-11-24,2023-11-26
5070,Christine,Cha,119348,218348,"White Plains, NY",Westchester Table Tennis Center,1450,2024-04-28,1400,2022-03-13,ACTIVE,2019 JOOLA North American Teams,1272.0,1203.0,2019-11-29,2019-12-01
5070,Christine,Cha,119348,218348,"White Plains, NY",Westchester Table Tennis Center,1450,2024-04-28,1400,2022-03-13,ACTIVE,JOOLA North American Teams,989.0,1002.0,2018-11-23,2018-11-25
5072,Matt,Pugmire,6270,74254,"Taylorsville, UT",,1450,2018-03-02,0,,ACTIVE,2016 JOOLA NA Teams,1490.0,1450.0,2016-11-25,2016-11-27
5085,Daryl,Hill,25095,30968,"Parkville, MD",,1448,2023-11-26,0,,ACTIVE,2023 JOOLA North American Teams,1576.0,1448.0,2023-11-24,2023-11-26
5085,Daryl,Hill,25095,30968,"Parkville, MD",,1448,2023-11-26,0,,ACTIVE,2022 JOOLA North American Teams,1562.0,1576.0,2022-11-25,2022-11-27
5085,Daryl,Hill,25095,30968,"Parkville, MD",,1448,2023-11-26,0,,ACTIVE,2021 Joola North American Team,1574.0,1565.0,2021-11-26,2021-11-28
5094,CK,Paik,179139,1179139,Fort Lee,,1447,2023-11-26,1737,2024-04-11,ACTIVE,2023 JOOLA North American Teams,1421.0,1447.0,2023-11-24,2023-11-26
5114,Alina,Wen,8406,81992,"Edgartown, MA",,1445,2023-12-30,1550,2024-01-05,ACTIVE,2023 JOOLA North American Teams,1453.0,1354.0,2023-11-24,2023-11-26
5124,Bradley,Hagens,2752,79827,"Millersville, PA",Manor Table Tennis Club,1444,2024-07-28,0,,ACTIVE,2022 JOOLA North American Teams,1398.0,1454.0,2022-11-25,2022-11-27
5127,James,Brown,779,91095,"Mathews, NC",Charlotte Table Tennis Club,1443,2024-08-11,1651,2020-03-05,ACTIVE,2023 JOOLA North American Teams,1355.0,1350.0,2023-11-24,2023-11-26
5127,James,Brown,779,91095,"Mathews, NC",Charlotte Table Tennis Club,1443,2024-08-11,1651,2020-03-05,ACTIVE,2022 JOOLA North American Teams,1395.0,1409.0,2022-11-25,2022-11-27
5127,James,Brown,779,91095,"Mathews, NC",Charlotte Table Tennis Club,1443,2024-08-11,1651,2020-03-05,ACTIVE,2021 Joola North American Team,1379.0,1395.0,2021-11-26,2021-11-28
5127,James,Brown,779,91095,"Mathews, NC",Charlotte Table Tennis Club,1443,2024-08-11,1651,2020-03-05,ACTIVE,2019 JOOLA North American Teams,1431.0,1437.0,2019-11-29,2019-12-01
5127,James,Brown,779,91095,"Mathews, NC",Charlotte Table Tennis Club,1443,2024-08-11,1651,2020-03-05,ACTIVE,JOOLA North American Teams,1414.0,1453.0,2018-11-23,2018-11-25
5127,James,Brown,779,91095,"Mathews, NC",Charlotte Table Tennis Club,1443,2024-08-11,1651,2020-03-05,ACTIVE,20th Annual North American Team Championship Powered By JOOLA,1489.0,1414.0,2017-11-24,2017-11-26
5127,James,Brown,779,91095,"Mathews, NC",Charlotte Table Tennis Club,1443,2024-08-11,1651,2020-03-05,ACTIVE,2015 JOOLA North American Teams Championships,1517.0,1527.0,2015-11-29,
5134,Frank,Roth,6652,9592,"Havertown, PA",Trolley Car Table Tennis Club,1443,2024-04-06,0,,ACTIVE,1998 North American Teams Cham,1800.0,1662.0,1998-11-29,
5146,Phil,Dulin,1876,25729,"Statesville, NC",Statesville Table Tennis Club,1441,2024-08-11,1651,2023-09-21,ACTIVE,JOOLA North American Teams,1465.0,1611.0,2018-11-23,2018-11-25
5159,Michael,Zhang,121885,220885,"Manlius, NY",,1439,2023-11-26,0,,ACTIVE,2023 JOOLA North American Teams,1390.0,1439.0,2023-11-24,2023-11-26
5159,Michael,Zhang,121885,220885,"Manlius, NY",,1439,2023-11-26,0,,ACTIVE,2022 JOOLA North American Teams,1265.0,1390.0,2022-11-25,2022-11-27
5159,Michael,Zhang,121885,220885,"Manlius, NY",,1439,2023-11-26,0,,ACTIVE,2021 Joola North American Team,1232.0,1277.0,2021-11-26,2021-11-28
5167,Jerry,Mintz,5293,60213,"Roslyn Heights, NY",,1439,2024-04-14,1701,2020-01-03,ACTIVE,2021 Joola North American Team,1546.0,1426.0,2021-11-26,2021-11-28
5172,Jianting,Lu,171276,1171276,"Fairfax, VA",MDTTC - Maryland Table Tennis Center,1438,2024-03-02,0,,ACTIVE,2023 JOOLA North American Teams,1407.0,1433.0,2023-11-24,2023-11-26
5172,Jianting,Lu,171276,1171276,"Fairfax, VA",MDTTC - Maryland Table Tennis Center,1438,2024-03-02,0,,ACTIVE,2022 JOOLA North American Teams,1222.0,1229.0,2022-11-25,2022-11-27
5172,Jianting,Lu,171276,1171276,"Fairfax, VA",MDTTC - Maryland Table Tennis Center,1438,2024-03-02,0,,ACTIVE,2021 Joola North American Team,1093.0,1222.0,2021-11-26,2021-11-28
5175,Zijing,Wu,167779,266779,Atlanta,,1438,2023-09-09,0,,ACTIVE,2019 JOOLA North American Teams,,,2019-11-29,2019-12-01
5176,David,Yoo,8881,96977,"Palisades Park, NJ",,1438,2024-08-25,1512,2023-10-27,ACTIVE,2023 JOOLA North American Teams,1387.0,1418.0,2023-11-24,2023-11-26
5176,David,Yoo,8881,96977,"Palisades Park, NJ",,1438,2024-08-25,1512,2023-10-27,ACTIVE,2022 JOOLA North American Teams,1418.0,1387.0,2022-11-25,2022-11-27
5176,David,Yoo,8881,96977,"Palisades Park, NJ",,1438,2024-08-25,1512,2023-10-27,ACTIVE,2021 Joola North American Team,1482.0,1381.0,2021-11-26,2021-11-28
5176,David,Yoo,8881,96977,"Palisades Park, NJ",,1438,2024-08-25,1512,2023-10-27,ACTIVE,2019 JOOLA North American Teams,1734.0,1491.0,2019-11-29,2019-12-01
5176,David,Yoo,8881,96977,"Palisades Park, NJ",,1438,2024-08-25,1512,2023-10-27,ACTIVE,JOOLA North American Teams,1493.0,1379.0,2018-11-23,2018-11-25
5176,David,Yoo,8881,96977,"Palisades Park, NJ",,1438,2024-08-25,1512,2023-10-27,ACTIVE,20th Annual North American Team Championship Powered By JOOLA,1330.0,1386.0,2017-11-24,2017-11-26
5189,Iman,Lakhani,174685,273685,"Denver, CO",Mile High Table Tennis Academy,1436,2024-05-05,0,,ACTIVE,2023 JOOLA North American Teams,1192.0,1174.0,2023-11-24,2023-11-26
5189,Iman,Lakhani,174685,273685,"Denver, CO",Mile High Table Tennis Academy,1436,2024-05-05,0,,ACTIVE,2022 JOOLA North American Teams,785.0,834.0,2022-11-25,2022-11-27
5190,Yvonne,Kronlage,3969,7434,"Sykesville, MD",Maryland T.T. Association,1436,2019-07-05,0,,ACTIVE,1998 North American Teams Cham,1632.0,1656.0,1998-11-29,
5196,Frank,Cristofaro,1522,87704,"Leesburg, VA",Northern VA Table Tennis Center (NOVATTC),1436,2018-03-02,1384,2015-06-20,ACTIVE,20th Annual North American Team Championship Powered By JOOLA,1463.0,1436.0,2017-11-24,2017-11-26
5213,Cooper,Ruan,172785,271785,"Alpharetta, GA",,1434,2024-07-14,0,,ACTIVE,2023 JOOLA North American Teams,1328.0,1394.0,2023-11-24,2023-11-26
5213,Cooper,Ruan,172785,271785,"Alpharetta, GA",,1434,2024-07-14,0,,ACTIVE,2022 JOOLA North American Teams,1370.0,1302.0,2022-11-25,2022-11-27
5229,Xavier,Kanji,182553,281553,,,1431,2023-11-26,0,,ACTIVE,2023 JOOLA North American Teams,0.0,1431.0,2023-11-24,2023-11-26
5247,Willie,Saengdet,176483,1176483,"Elmhurst, NY",,1429,2024-08-25,1407,2024-09-09,ACTIVE,2023 JOOLA North American Teams,1132.0,1336.0,2023-11-24,2023-11-26
5248,Aabid,Sheikh,7025,29027,"West Newton, MA",Newton Table Tennis Center,1429,2023-11-26,1558,2019-05-20,ACTIVE,2023 JOOLA North American Teams,1524.0,1429.0,2023-11-24,2023-11-26
5248,Aabid,Sheikh,7025,29027,"West Newton, MA",Newton Table Tennis Center,1429,2023-11-26,1558,2019-05-20,ACTIVE,2019 JOOLA North American Teams,1456.0,1380.0,2019-11-29,2019-12-01
5255,Joseph,Hu,174240,273240,"Manhasset, NY",,1428,2024-06-23,0,,ACTIVE,2023 JOOLA North American Teams,874.0,1070.0,2023-11-24,2023-11-26
5258,Ninaad,Hadge,165565,1165565,"Woodbridge, AL",,1428,2024-08-25,1671,2024-05-03,ACTIVE,2021 Joola North American Team,856.0,1296.0,2021-11-26,2021-11-28
5258,Ninaad,Hadge,165565,1165565,"Woodbridge, AL",,1428,2024-08-25,1671,2024-05-03,ACTIVE,2019 JOOLA North American Teams,646.0,708.0,2019-11-29,2019-12-01
5259,Christopher,Chen,177634,276634,"NEW HYDE PARK, NY",Origin Table Tennis Academy,1428,2024-06-30,0,,ACTIVE,2023 JOOLA North American Teams,1071.0,1274.0,2023-11-24,2023-11-26
5259,Christopher,Chen,177634,276634,"NEW HYDE PARK, NY",Origin Table Tennis Academy,1428,2024-06-30,0,,ACTIVE,2022 JOOLA North American Teams,0.0,477.0,2022-11-25,2022-11-27
5267,Louis,Radzeli,6339,42580,"Beachwood, OH",,1427,2018-03-02,0,,ACTIVE,1999 NA Teams 2,1731.0,1761.0,1999-11-28,
5283,Mark,Berg,552,6250,"New York, NY",King Pong in Soho,1423,2024-07-28,1807,2018-07-31,ACTIVE,2014 JOOLA North American Teams Championships,1762.0,1862.0,2014-11-30,
5297,Oishani,Mukherjee,173059,272059,"Livingston, NJ",Matchpoint Table Tennis Center NJ,1421,2024-08-25,1527,2024-08-16,ACTIVE,2023 JOOLA North American Teams,1178.0,1120.0,2023-11-24,2023-11-26
5297,Oishani,Mukherjee,173059,272059,"Livingston, NJ",Matchpoint Table Tennis Center NJ,1421,2024-08-25,1527,2024-08-16,ACTIVE,2022 JOOLA North American Teams,756.0,865.0,2022-11-25,2022-11-27
5297,Oishani,Mukherjee,173059,272059,"Livingston, NJ",Matchpoint Table Tennis Center NJ,1421,2024-08-25,1527,2024-08-16,ACTIVE,2021 Joola North American Team,438.0,403.0,2021-11-26,2021-11-28
5298,Tom,Tang,179984,1179984,Jericho,,1421,2024-06-16,0,,ACTIVE,2023 JOOLA North American Teams,1360.0,1407.0,2023-11-24,2023-11-26
5301,Faith,Jeng,177006,1177006,"North Potomac, MD",MDTTC - Maryland Table Tennis Center,1421,2024-08-25,0,,ACTIVE,2023 JOOLA North American Teams,1216.0,1261.0,2023-11-24,2023-11-26
5301,Faith,Jeng,177006,1177006,"North Potomac, MD",MDTTC - Maryland Table Tennis Center,1421,2024-08-25,0,,ACTIVE,2022 JOOLA North American Teams,355.0,483.0,2022-11-25,2022-11-27
5310,Chiuhsin,Lee,4232,94319,"Flemington, NJ",,1420,2024-08-25,1389,2018-12-21,ACTIVE,2014 JOOLA North American Teams Championships,887.0,890.0,2014-11-30,
5321,Andy,Zhao,123689,222689,"Raleigh, NC",Triangle Badminton & Table Tennis,1418,2023-11-26,0,,ACTIVE,2023 JOOLA North American Teams,1433.0,1418.0,2023-11-24,2023-11-26
5335,William,Warren,8344,94096,"Morrisville, NC",,1416,2019-02-23,1492,2019-04-25,ACTIVE,2015 JOOLA North American Teams Championships,1582.0,1573.0,2015-11-29,
5343,Hemanth,Kothapalli,176967,275967,,,1415,2024-01-13,1713,2024-07-26,ACTIVE,2023 JOOLA North American Teams,1326.0,1397.0,2023-11-24,2023-11-26
5356,Luz,Brissett,759,46752,"Ridgewood, NJ",,1414,2022-11-27,0,,ACTIVE,2022 JOOLA North American Teams,1414.0,1414.0,2022-11-25,2022-11-27
5367,Adelaide,Luter,173825,272825,"Hopkinton, MA",Mastiff Table Tennis Club,1411,2024-07-07,1480,2024-07-20,ACTIVE,2023 JOOLA North American Teams,1037.0,1296.0,2023-11-24,2023-11-26
5367,Adelaide,Luter,173825,272825,"Hopkinton, MA",Mastiff Table Tennis Club,1411,2024-07-07,1480,2024-07-20,ACTIVE,2022 JOOLA North American Teams,420.0,512.0,2022-11-25,2022-11-27
5397,Vadim,Martirosov,178027,277027,,,1406,2024-07-28,0,,ACTIVE,2023 JOOLA North American Teams,1471.0,1398.0,2023-11-24,2023-11-26
5417,Berndt,Mann,4951,52031,"Tucson, AZ",,1402,2018-03-02,1442,2004-01-03,ACTIVE,1999 NA Teams 2,1572.0,1666.0,1999-11-28,
5427,Wendell,Davis,173354,1173354,,,1400,2024-05-05,0,,ACTIVE,2022 JOOLA North American Teams,1356.0,1425.0,2022-11-25,2022-11-27
5431,Naveen,Mamidyala,166621,265621,"West Windsor, NJ","Princeton Pong, LLC",1400,2024-01-07,1514,2023-09-15,ACTIVE,2022 JOOLA North American Teams,1378.0,1400.0,2022-11-25,2022-11-27
5435,Ty,Dixon,116767,215767,,,1399,2023-12-17,0,,ACTIVE,2016 JOOLA NA Teams,0.0,1026.0,2016-11-25,2016-11-27
5439,Bill,Neely,5554,45516,"Knoxville, TN",Knoxville Table Tennis Club,1399,2018-03-02,1781,2010-06-23,ACTIVE,1999 NA Teams 2,1794.0,1833.0,1999-11-28,
5450,Dale,Goff,2479,35096,"Charleston, WV",Charleston Table Tennis Club - North Charleston Community Center,1398,2021-01-30,0,,ACTIVE,20th Annual North American Team Championship Powered By JOOLA,1254.0,1506.0,2017-11-24,2017-11-26
5453,Andrew,Lee,182497,281497,"Great Neck, NY",Origin Table Tennis Academy,1398,2024-08-25,0,,ACTIVE,2023 JOOLA North American Teams,0.0,587.0,2023-11-24,2023-11-26
5455,Arturo,Li,164175,1164175,"Quincy, MA",,1397,2024-01-21,1659,2024-01-26,ACTIVE,2022 JOOLA North American Teams,1384.0,1471.0,2022-11-25,2022-11-27
5472,Evelyn,Yuan,131220,230220,"Cranford, NJ",New Jersey Table Tennis Club,1395,2023-07-07,1655,2023-04-14,ACTIVE,2022 JOOLA North American Teams,1392.0,1515.0,2022-11-25,2022-11-27
5472,Evelyn,Yuan,131220,230220,"Cranford, NJ",New Jersey Table Tennis Club,1395,2023-07-07,1655,2023-04-14,ACTIVE,2021 Joola North American Team,1182.0,1201.0,2021-11-26,2021-11-28
5472,Evelyn,Yuan,131220,230220,"Cranford, NJ",New Jersey Table Tennis Club,1395,2023-07-07,1655,2023-04-14,ACTIVE,2019 JOOLA North American Teams,549.0,824.0,2019-11-29,2019-12-01
5472,Evelyn,Yuan,131220,230220,"Cranford, NJ",New Jersey Table Tennis Club,1395,2023-07-07,1655,2023-04-14,ACTIVE,JOOLA North American Teams,0.0,549.0,2018-11-23,2018-11-25
5473,Dennis,Moran,5391,29370,"Monument, PA",Middletown Area Table Tennis Club (MATTC),1394,2024-03-09,0,,ACTIVE,JOOLA North American Teams,1543.0,1509.0,2018-11-23,2018-11-25
5473,Dennis,Moran,5391,29370,"Monument, PA",Middletown Area Table Tennis Club (MATTC),1394,2024-03-09,0,,ACTIVE,2014 JOOLA North American Teams Championships,1527.0,1560.0,2014-11-30,
5473,Dennis,Moran,5391,29370,"Monument, PA",Middletown Area Table Tennis Club (MATTC),1394,2024-03-09,0,,ACTIVE,North American Teams,1140.0,1155.0,2003-11-30,
5489,Morton,Greenberg,2617,6251,"Perry Hall, MD",Baltimore Table Tennis Club,1392,2021-12-04,1617,2004-11-15,ACTIVE,20th Annual North American Team Championship Powered By JOOLA,1664.0,1663.0,2017-11-24,2017-11-26
5489,Morton,Greenberg,2617,6251,"Perry Hall, MD",Baltimore Table Tennis Club,1392,2021-12-04,1617,2004-11-15,ACTIVE,2015 JOOLA North American Teams Championships,1709.0,1664.0,2015-11-29,
5489,Morton,Greenberg,2617,6251,"Perry Hall, MD",Baltimore Table Tennis Club,1392,2021-12-04,1617,2004-11-15,ACTIVE,2014 JOOLA North American Teams Championships,1648.0,1709.0,2014-11-30,
5489,Morton,Greenberg,2617,6251,"Perry Hall, MD",Baltimore Table Tennis Club,1392,2021-12-04,1617,2004-11-15,ACTIVE,North American Teams,1635.0,1738.0,2003-11-30,
5497,Lauren,Ye,177091,1177091,Raleigh,,1391,2024-08-11,0,,ACTIVE,2023 JOOLA North American Teams,1349.0,684.0,2023-11-24,2023-11-26
5497,Lauren,Ye,177091,1177091,Raleigh,,1391,2024-08-11,0,,ACTIVE,2022 JOOLA North American Teams,869.0,1125.0,2022-11-25,2022-11-27
5498,Charles,Huang,173014,272014,"Needham, MA",Mastiff Table Tennis Club,1391,2024-08-04,1341,2024-07-20,ACTIVE,2023 JOOLA North American Teams,1204.0,1371.0,2023-11-24,2023-11-26
5499,Rocky,Cheung,115707,214707,"Canton, MA",Massachusetts Table Tennis and Badminton Club,1391,2023-11-26,0,,ACTIVE,2023 JOOLA North American Teams,1408.0,1391.0,2023-11-24,2023-11-26
5499,Rocky,Cheung,115707,214707,"Canton, MA",Massachusetts Table Tennis and Badminton Club,1391,2023-11-26,0,,ACTIVE,2021 Joola North American Team,1283.0,1408.0,2021-11-26,2021-11-28
5528,Balamurugan,Kanagaraj,132598,231598,"Milpitas, CA",,1387,2024-09-02,1072,2024-09-08,ACTIVE,2023 JOOLA North American Teams,1299.0,1536.0,2023-11-24,2023-11-26
5538,Kin hang,Chan,182468,281468,,,1385,2024-06-23,0,,ACTIVE,2023 JOOLA North American Teams,0.0,746.0,2023-11-24,2023-11-26
5550,Ziwei,Shen,166078,1166078,"East Brunswick, NJ",Topspin Table Tennis Club,1383,2024-09-08,206,2020-02-28,ACTIVE,2023 JOOLA North American Teams,1412.0,1408.0,2023-11-24,2023-11-26
5550,Ziwei,Shen,166078,1166078,"East Brunswick, NJ",Topspin Table Tennis Club,1383,2024-09-08,206,2020-02-28,ACTIVE,2022 JOOLA North American Teams,674.0,1046.0,2022-11-25,2022-11-27
5550,Ziwei,Shen,166078,1166078,"East Brunswick, NJ",Topspin Table Tennis Club,1383,2024-09-08,206,2020-02-28,ACTIVE,2021 Joola North American Team,227.0,680.0,2021-11-26,2021-11-28
5550,Ziwei,Shen,166078,1166078,"East Brunswick, NJ",Topspin Table Tennis Club,1383,2024-09-08,206,2020-02-28,ACTIVE,2019 JOOLA North American Teams,202.0,211.0,2019-11-29,2019-12-01
5553,Ayush,Raghavendra,171678,270678,"Ashburn, VA",Northern VA Table Tennis Center (NOVATTC),1382,2024-06-01,0,,ACTIVE,2021 Joola North American Team,712.0,712.0,2021-11-26,2021-11-28
5556,Ryan,Li,176624,1176624,,,1382,2024-08-25,0,,ACTIVE,2023 JOOLA North American Teams,856.0,1132.0,2023-11-24,2023-11-26
5556,Ryan,Li,176624,1176624,,,1382,2024-08-25,0,,ACTIVE,2022 JOOLA North American Teams,648.0,561.0,2022-11-25,2022-11-27
5577,Nidal,Ilyas,124530,223530,"Conshohocken, PA",,1378,2024-07-28,1148,2024-09-07,ACTIVE,2019 JOOLA North American Teams,1055.0,1301.0,2019-11-29,2019-12-01
5581,Raymond,Chen,1179,4809,"Gaithersburg, MD",,1378,2018-03-02,0,,ACTIVE,North American Teams,1553.0,1687.0,2003-11-30,
5600,Jasper,Wong,84045,54925,"Lexington, MA",Massachusetts Table Tennis and Badminton Club,1375,2023-11-26,950,2019-04-08,ACTIVE,2023 JOOLA North American Teams,1412.0,1375.0,2023-11-24,2023-11-26
5600,Jasper,Wong,84045,54925,"Lexington, MA",Massachusetts Table Tennis and Badminton Club,1375,2023-11-26,950,2019-04-08,ACTIVE,2022 JOOLA North American Teams,1344.0,1412.0,2022-11-25,2022-11-27
5600,Jasper,Wong,84045,54925,"Lexington, MA",Massachusetts Table Tennis and Badminton Club,1375,2023-11-26,950,2019-04-08,ACTIVE,2021 Joola North American Team,1311.0,1344.0,2021-11-26,2021-11-28
5600,Jasper,Wong,84045,54925,"Lexington, MA",Massachusetts Table Tennis and Badminton Club,1375,2023-11-26,950,2019-04-08,ACTIVE,2019 JOOLA North American Teams,1622.0,1311.0,2019-11-29,2019-12-01
5600,Jasper,Wong,84045,54925,"Lexington, MA",Massachusetts Table Tennis and Badminton Club,1375,2023-11-26,950,2019-04-08,ACTIVE,JOOLA North American Teams,1670.0,1622.0,2018-11-23,2018-11-25
5606,John,Mcfadden,5114,29798,"New York, NY",Spin NY,1375,2023-12-21,1453,2017-04-15,ACTIVE,JOOLA North American Teams,1320.0,1195.0,2018-11-23,2018-11-25
5606,John,Mcfadden,5114,29798,"New York, NY",Spin NY,1375,2023-12-21,1453,2017-04-15,ACTIVE,2014 JOOLA North American Teams Championships,1386.0,1424.0,2014-11-30,
5606,John,Mcfadden,5114,29798,"New York, NY",Spin NY,1375,2023-12-21,1453,2017-04-15,ACTIVE,North American Teams,1199.0,1192.0,2003-11-30,
5614,sathish,Sekar,172770,271770,"Cedar park, TX",,1374,2022-11-27,1529,2024-04-10,ACTIVE,2022 JOOLA North American Teams,1368.0,1374.0,2022-11-25,2022-11-27
5618,Ali,Malik,116354,215354,"Roslyn, NY",New York University NCAA,1373,2023-12-30,1498,2018-12-14,ACTIVE,2021 Joola North American Team,1465.0,1373.0,2021-11-26,2021-11-28
5625,Gary,Ng,131156,230156,"Redmond, WA",,1372,2024-06-30,1345,2024-06-08,ACTIVE,2021 Joola North American Team,1378.0,1192.0,2021-11-26,2021-11-28
5635,Ethan,Liu,176846,275846,"Berkeley Heights, NJ",New Jersey Table Tennis Club,1370,2024-06-30,1588,2024-06-27,ACTIVE,2023 JOOLA North American Teams,1122.0,1101.0,2023-11-24,2023-11-26
5635,Ethan,Liu,176846,275846,"Berkeley Heights, NJ",New Jersey Table Tennis Club,1370,2024-06-30,1588,2024-06-27,ACTIVE,2022 JOOLA North American Teams,833.0,792.0,2022-11-25,2022-11-27
5641,Joe,Chambers,14549,84566,"Duluth, GA",MK Georgia Table Tennis,1369,2024-08-18,909,2009-04-29,ACTIVE,2023 JOOLA North American Teams,1598.0,1432.0,2023-11-24,2023-11-26
5641,Joe,Chambers,14549,84566,"Duluth, GA",MK Georgia Table Tennis,1369,2024-08-18,909,2009-04-29,ACTIVE,2022 JOOLA North American Teams,1493.0,1598.0,2022-11-25,2022-11-27
5641,Joe,Chambers,14549,84566,"Duluth, GA",MK Georgia Table Tennis,1369,2024-08-18,909,2009-04-29,ACTIVE,2021 Joola North American Team,1612.0,1493.0,2021-11-26,2021-11-28
5641,Joe,Chambers,14549,84566,"Duluth, GA",MK Georgia Table Tennis,1369,2024-08-18,909,2009-04-29,ACTIVE,2019 JOOLA North American Teams,1570.0,1612.0,2019-11-29,2019-12-01
5641,Joe,Chambers,14549,84566,"Duluth, GA",MK Georgia Table Tennis,1369,2024-08-18,909,2009-04-29,ACTIVE,JOOLA North American Teams,1629.0,1570.0,2018-11-23,2018-11-25
5641,Joe,Chambers,14549,84566,"Duluth, GA",MK Georgia Table Tennis,1369,2024-08-18,909,2009-04-29,ACTIVE,20th Annual North American Team Championship Powered By JOOLA,753.0,1547.0,2017-11-24,2017-11-26
5642,Vincent,Petrone,6107,80580,"Richmond, VA",Richmond Table Tennis Club (RTTC),1369,2022-11-27,1511,2021-08-04,ACTIVE,2022 JOOLA North American Teams,1382.0,1369.0,2022-11-25,2022-11-27
5642,Vincent,Petrone,6107,80580,"Richmond, VA",Richmond Table Tennis Club (RTTC),1369,2022-11-27,1511,2021-08-04,ACTIVE,2021 Joola North American Team,1614.0,1384.0,2021-11-26,2021-11-28
5642,Vincent,Petrone,6107,80580,"Richmond, VA",Richmond Table Tennis Club (RTTC),1369,2022-11-27,1511,2021-08-04,ACTIVE,2019 JOOLA North American Teams,1675.0,1614.0,2019-11-29,2019-12-01
5642,Vincent,Petrone,6107,80580,"Richmond, VA",Richmond Table Tennis Club (RTTC),1369,2022-11-27,1511,2021-08-04,ACTIVE,JOOLA North American Teams,1593.0,1562.0,2018-11-23,2018-11-25
5642,Vincent,Petrone,6107,80580,"Richmond, VA",Richmond Table Tennis Club (RTTC),1369,2022-11-27,1511,2021-08-04,ACTIVE,20th Annual North American Team Championship Powered By JOOLA,1581.0,1615.0,2017-11-24,2017-11-26
5642,Vincent,Petrone,6107,80580,"Richmond, VA",Richmond Table Tennis Club (RTTC),1369,2022-11-27,1511,2021-08-04,ACTIVE,2016 JOOLA NA Teams,1726.0,1581.0,2016-11-25,2016-11-27
5642,Vincent,Petrone,6107,80580,"Richmond, VA",Richmond Table Tennis Club (RTTC),1369,2022-11-27,1511,2021-08-04,ACTIVE,2015 JOOLA North American Teams Championships,1747.0,1726.0,2015-11-29,
5642,Vincent,Petrone,6107,80580,"Richmond, VA",Richmond Table Tennis Club (RTTC),1369,2022-11-27,1511,2021-08-04,ACTIVE,2014 JOOLA North American Teams Championships,1632.0,1728.0,2014-11-30,
5648,Shou,Chen,176891,275891,"Ridgewood, NJ",New Jersey Table Tennis Club,1368,2024-07-28,0,,ACTIVE,2023 JOOLA North American Teams,843.0,944.0,2023-11-24,2023-11-26
5648,Shou,Chen,176891,275891,"Ridgewood, NJ",New Jersey Table Tennis Club,1368,2024-07-28,0,,ACTIVE,2022 JOOLA North American Teams,443.0,457.0,2022-11-25,2022-11-27
5652,Emmanuel,Cheung,172654,1172654,"Whitestone, NY",,1367,2022-07-07,0,,ACTIVE,2021 Joola North American Team,846.0,851.0,2021-11-26,2021-11-28
5654,Jeffry D.,Schultz,6877,78166,"Portland, OR",Paddle Palace Club,1367,2023-04-23,1215,2021-08-21,ACTIVE,2021 Joola North American Team,1160.0,1476.0,2021-11-26,2021-11-28
5654,Jeffry D.,Schultz,6877,78166,"Portland, OR",Paddle Palace Club,1367,2023-04-23,1215,2021-08-21,ACTIVE,2019 JOOLA North American Teams,1263.0,1388.0,2019-11-29,2019-12-01
5654,Jeffry D.,Schultz,6877,78166,"Portland, OR",Paddle Palace Club,1367,2023-04-23,1215,2021-08-21,ACTIVE,JOOLA North American Teams,1264.0,1335.0,2018-11-23,2018-11-25
5660,Partha,Mehta,173582,272582,"Morris Plains, NJ",Matchpoint Table Tennis Center NJ,1365,2024-09-08,1599,2024-09-10,ACTIVE,2023 JOOLA North American Teams,1424.0,1555.0,2023-11-24,2023-11-26
5660,Partha,Mehta,173582,272582,"Morris Plains, NJ",Matchpoint Table Tennis Center NJ,1365,2024-09-08,1599,2024-09-10,ACTIVE,2022 JOOLA North American Teams,1375.0,1463.0,2022-11-25,2022-11-27
5664,Oscar,Cintron Matos,168803,1168803,,,1365,2024-04-14,0,,ACTIVE,2019 JOOLA North American Teams,0.0,1532.0,2019-11-29,2019-12-01
5669,Kevin,Oneale,39169,85773,"Philadelphia, PA",PINGPOD,1364,2023-11-26,1482,2023-03-01,ACTIVE,2023 JOOLA North American Teams,1456.0,1364.0,2023-11-24,2023-11-26
5669,Kevin,Oneale,39169,85773,"Philadelphia, PA",PINGPOD,1364,2023-11-26,1482,2023-03-01,ACTIVE,2022 JOOLA North American Teams,1404.0,1512.0,2022-11-25,2022-11-27
5684,Jia,Guo,2697,88659,"Raleigh, NC",,1363,2023-11-26,1573,2018-05-17,ACTIVE,2023 JOOLA North American Teams,1514.0,1363.0,2023-11-24,2023-11-26
5684,Jia,Guo,2697,88659,"Raleigh, NC",,1363,2023-11-26,1573,2018-05-17,ACTIVE,2019 JOOLA North American Teams,1464.0,1514.0,2019-11-29,2019-12-01
5684,Jia,Guo,2697,88659,"Raleigh, NC",,1363,2023-11-26,1573,2018-05-17,ACTIVE,JOOLA North American Teams,1516.0,1464.0,2018-11-23,2018-11-25
5684,Jia,Guo,2697,88659,"Raleigh, NC",,1363,2023-11-26,1573,2018-05-17,ACTIVE,20th Annual North American Team Championship Powered By JOOLA,1554.0,1516.0,2017-11-24,2017-11-26
5684,Jia,Guo,2697,88659,"Raleigh, NC",,1363,2023-11-26,1573,2018-05-17,ACTIVE,2016 JOOLA NA Teams,1568.0,1591.0,2016-11-25,2016-11-27
5684,Jia,Guo,2697,88659,"Raleigh, NC",,1363,2023-11-26,1573,2018-05-17,ACTIVE,2015 JOOLA North American Teams Championships,1500.0,1555.0,2015-11-29,
5684,Jia,Guo,2697,88659,"Raleigh, NC",,1363,2023-11-26,1573,2018-05-17,ACTIVE,2014 JOOLA North American Teams Championships,1365.0,1421.0,2014-11-30,
5690,Anna,Naumova,173728,1173728,"Basking Ridge, NJ",Matchpoint Table Tennis Center NJ,1362,2024-07-07,1368,2024-06-21,ACTIVE,2023 JOOLA North American Teams,981.0,1157.0,2023-11-24,2023-11-26
5690,Anna,Naumova,173728,1173728,"Basking Ridge, NJ",Matchpoint Table Tennis Center NJ,1362,2024-07-07,1368,2024-06-21,ACTIVE,2022 JOOLA North American Teams,605.0,647.0,2022-11-25,2022-11-27
5693,Michael,Meng,176384,275384,"Rockville, MD",MDTTC - Maryland Table Tennis Center,1361,2024-07-14,0,,ACTIVE,2023 JOOLA North American Teams,1056.0,1068.0,2023-11-24,2023-11-26
5695,Scott,Potereiko,112974,211974,"Colorado Springs, CO",,1361,2024-06-15,1109,2019-04-19,ACTIVE,2022 JOOLA North American Teams,1329.0,1328.0,2022-11-25,2022-11-27
5714,Ellie,Peng,172865,271865,"Herndon, VA",Northern VA Table Tennis Center (NOVATTC),1358,2024-08-25,0,,ACTIVE,2023 JOOLA North American Teams,1299.0,1154.0,2023-11-24,2023-11-26
5714,Ellie,Peng,172865,271865,"Herndon, VA",Northern VA Table Tennis Center (NOVATTC),1358,2024-08-25,0,,ACTIVE,2022 JOOLA North American Teams,896.0,910.0,2022-11-25,2022-11-27
5714,Ellie,Peng,172865,271865,"Herndon, VA",Northern VA Table Tennis Center (NOVATTC),1358,2024-08-25,0,,ACTIVE,2021 Joola North American Team,0.0,551.0,2021-11-26,2021-11-28
5744,Helen,Ni,5680,35001,"Montgomery Village *, MD",Club JOOLA,1353,2024-01-27,1318,2024-02-02,ACTIVE,2014 JOOLA North American Teams Championships,1480.0,1430.0,2014-11-30,
5811,Aaric,Churi,170038,1170038,"Scotch Plains, NJ",New Jersey Table Tennis Club,1345,2024-03-17,0,,ACTIVE,2023 JOOLA North American Teams,1237.0,1323.0,2023-11-24,2023-11-26
5811,Aaric,Churi,170038,1170038,"Scotch Plains, NJ",New Jersey Table Tennis Club,1345,2024-03-17,0,,ACTIVE,2021 Joola North American Team,924.0,954.0,2021-11-26,2021-11-28
5822,Vibhu,Sachdev,176640,275640,"Ridgewood, NY",PINGPOD,1344,2024-02-18,0,,ACTIVE,2023 JOOLA North American Teams,1529.0,1304.0,2023-11-24,2023-11-26
5822,Vibhu,Sachdev,176640,275640,"Ridgewood, NY",PINGPOD,1344,2024-02-18,0,,ACTIVE,2022 JOOLA North American Teams,0.0,1529.0,2022-11-25,2022-11-27
5834,Steven,Neumann,37998,29826,"Doylestown, PA","Princeton Pong, LLC",1343,2024-09-08,1369,2005-08-04,ACTIVE,2023 JOOLA North American Teams,1332.0,1431.0,2023-11-24,2023-11-26
5834,Steven,Neumann,37998,29826,"Doylestown, PA","Princeton Pong, LLC",1343,2024-09-08,1369,2005-08-04,ACTIVE,2022 JOOLA North American Teams,1323.0,1316.0,2022-11-25,2022-11-27
5842,Kenneth,Teape,115848,214848,"Kings Park, NY",Bohemia Table Tennis Club,1342,2024-05-05,1687,2024-05-14,ACTIVE,2022 JOOLA North American Teams,1432.0,1424.0,2022-11-25,2022-11-27
5848,Jue,Wang,182564,281564,,,1341,2023-11-26,0,,ACTIVE,2023 JOOLA North American Teams,0.0,1341.0,2023-11-24,2023-11-26
5855,Wing,Zhou,176102,275102,"Floham Park, NJ",Matchpoint Table Tennis Center NJ,1341,2024-06-16,1103,2022-09-30,ACTIVE,2023 JOOLA North American Teams,1182.0,1376.0,2023-11-24,2023-11-26
5855,Wing,Zhou,176102,275102,"Floham Park, NJ",Matchpoint Table Tennis Center NJ,1341,2024-06-16,1103,2022-09-30,ACTIVE,2022 JOOLA North American Teams,621.0,868.0,2022-11-25,2022-11-27
5866,Jimmy,Shen,7038,92451,"Miami Beach, FL",New York International Table Tennis Club,1339,2024-07-07,2044,2019-04-24,ACTIVE,JOOLA North American Teams,2055.0,1701.0,2018-11-23,2018-11-25
5875,Bryce,Hu,123685,222685,"Clarksville, MD",Howard County Table Tennis Club,1337,2024-05-04,1713,2024-06-20,ACTIVE,2023 JOOLA North American Teams,1458.0,1312.0,2023-11-24,2023-11-26
5875,Bryce,Hu,123685,222685,"Clarksville, MD",Howard County Table Tennis Club,1337,2024-05-04,1713,2024-06-20,ACTIVE,2019 JOOLA North American Teams,0.0,932.0,2019-11-29,2019-12-01
5882,Owen,Zou,177045,1177045,Lower Gwynedd,Lily Yip Table Tennis Center,1336,2024-08-25,1436,2024-08-23,ACTIVE,2023 JOOLA North American Teams,785.0,1016.0,2023-11-24,2023-11-26
5882,Owen,Zou,177045,1177045,Lower Gwynedd,Lily Yip Table Tennis Center,1336,2024-08-25,1436,2024-08-23,ACTIVE,2022 JOOLA North American Teams,343.0,376.0,2022-11-25,2022-11-27
5896,William,Englebreth,19874,32547,"Charlotte, NC",Charlotte Table Tennis Club,1335,2024-03-31,1637,2024-09-07,ACTIVE,2022 JOOLA North American Teams,1438.0,1277.0,2022-11-25,2022-11-27
5896,William,Englebreth,19874,32547,"Charlotte, NC",Charlotte Table Tennis Club,1335,2024-03-31,1637,2024-09-07,ACTIVE,JOOLA North American Teams,1386.0,1379.0,2018-11-23,2018-11-25
5900,Justin,Rosales,6615,69729,"Dumont, NJ",Han-In Table Tennis Club,1335,2024-08-25,0,,ACTIVE,2023 JOOLA North American Teams,1300.0,1472.0,2023-11-24,2023-11-26
5900,Justin,Rosales,6615,69729,"Dumont, NJ",Han-In Table Tennis Club,1335,2024-08-25,0,,ACTIVE,2022 JOOLA North American Teams,1110.0,1331.0,2022-11-25,2022-11-27
5908,Kaitlyn,Sung,112853,211853,"Marietta, GA",,1333,2024-08-18,0,,ACTIVE,2022 JOOLA North American Teams,1399.0,1299.0,2022-11-25,2022-11-27
5911,Jeremiah,Jeffrey,117939,216939,"Fond du Lac, WI",,1332,2024-05-18,1385,2018-11-16,ACTIVE,2021 Joola North American Team,1416.0,1237.0,2021-11-26,2021-11-28
5911,Jeremiah,Jeffrey,117939,216939,"Fond du Lac, WI",,1332,2024-05-18,1385,2018-11-16,ACTIVE,2019 JOOLA North American Teams,1123.0,1259.0,2019-11-29,2019-12-01
5911,Jeremiah,Jeffrey,117939,216939,"Fond du Lac, WI",,1332,2024-05-18,1385,2018-11-16,ACTIVE,JOOLA North American Teams,891.0,1123.0,2018-11-23,2018-11-25
5911,Jeremiah,Jeffrey,117939,216939,"Fond du Lac, WI",,1332,2024-05-18,1385,2018-11-16,ACTIVE,20th Annual North American Team Championship Powered By JOOLA,889.0,891.0,2017-11-24,2017-11-26
5915,Arshia,Tharakabhushana,171233,1171233,"Hopkinton, MA",,1331,2024-05-19,1311,2024-04-20,ACTIVE,2023 JOOLA North American Teams,1405.0,1246.0,2023-11-24,2023-11-26
5954,Kevin,Ku,102929,98040,"Great Falls, VA",MDTTC - Maryland Table Tennis Center,1326,2024-08-25,0,,ACTIVE,2023 JOOLA North American Teams,1600.0,1413.0,2023-11-24,2023-11-26
5954,Kevin,Ku,102929,98040,"Great Falls, VA",MDTTC - Maryland Table Tennis Center,1326,2024-08-25,0,,ACTIVE,2022 JOOLA North American Teams,1307.0,1472.0,2022-11-25,2022-11-27
5954,Kevin,Ku,102929,98040,"Great Falls, VA",MDTTC - Maryland Table Tennis Center,1326,2024-08-25,0,,ACTIVE,2021 Joola North American Team,1242.0,1206.0,2021-11-26,2021-11-28
5954,Kevin,Ku,102929,98040,"Great Falls, VA",MDTTC - Maryland Table Tennis Center,1326,2024-08-25,0,,ACTIVE,2019 JOOLA North American Teams,1177.0,1313.0,2019-11-29,2019-12-01
5954,Kevin,Ku,102929,98040,"Great Falls, VA",MDTTC - Maryland Table Tennis Center,1326,2024-08-25,0,,ACTIVE,JOOLA North American Teams,947.0,1016.0,2018-11-23,2018-11-25
5954,Kevin,Ku,102929,98040,"Great Falls, VA",MDTTC - Maryland Table Tennis Center,1326,2024-08-25,0,,ACTIVE,20th Annual North American Team Championship Powered By JOOLA,894.0,951.0,2017-11-24,2017-11-26
5956,Danny,Bae,172328,271328,"Fairfax, VA",Northern Virginia Table Tennis Club (NVTTC),1326,2022-11-27,0,,ACTIVE,2022 JOOLA North American Teams,1270.0,1326.0,2022-11-25,2022-11-27
5973,Indraniel,Conjeevaram,171226,1171226,"Saratoga, CA",ICC Table Tennis Center,1324,2024-09-02,1171,2024-09-07,ACTIVE,2022 JOOLA North American Teams,464.0,565.0,2022-11-25,2022-11-27
5994,Yumiko,Clevenger,119106,218106,"Norfolk, VA",Tidewater Table Tennis Club,1320,2024-04-07,0,,ACTIVE,2022 JOOLA North American Teams,1234.0,1217.0,2022-11-25,2022-11-27
6013,Rishab,Pandey,173973,272973,"Livingston, NJ",Matchpoint Table Tennis Center NJ,1317,2024-03-10,1135,2024-05-17,ACTIVE,2023 JOOLA North American Teams,1025.0,1235.0,2023-11-24,2023-11-26
6013,Rishab,Pandey,173973,272973,"Livingston, NJ",Matchpoint Table Tennis Center NJ,1317,2024-03-10,1135,2024-05-17,ACTIVE,2022 JOOLA North American Teams,718.0,749.0,2022-11-25,2022-11-27
6036,Jiawang,Huang,182755,1182755,"Brooklyn, NY",American Youth TTO,1314,2024-08-25,0,,ACTIVE,2023 JOOLA North American Teams,0.0,1054.0,2023-11-24,2023-11-26
6045,Neslihan,Ozdemir,102959,98111,"Miami Beach, FL",PingPod Wynwood,1312,2019-12-01,0,,ACTIVE,2019 JOOLA North American Teams,1370.0,1312.0,2019-11-29,2019-12-01
6045,Neslihan,Ozdemir,102959,98111,"Miami Beach, FL",PingPod Wynwood,1312,2019-12-01,0,,ACTIVE,JOOLA North American Teams,965.0,1044.0,2018-11-23,2018-11-25
6059,Roman,Zapata,102366,97942,"Somerville, MA",Boston Table Tennis Center,1311,2024-02-25,1284,2024-02-09,ACTIVE,2023 JOOLA North American Teams,1268.0,1305.0,2023-11-24,2023-11-26
6059,Roman,Zapata,102366,97942,"Somerville, MA",Boston Table Tennis Center,1311,2024-02-25,1284,2024-02-09,ACTIVE,2022 JOOLA North American Teams,1042.0,1329.0,2022-11-25,2022-11-27
6059,Roman,Zapata,102366,97942,"Somerville, MA",Boston Table Tennis Center,1311,2024-02-25,1284,2024-02-09,ACTIVE,2021 Joola North American Team,0.0,1102.0,2021-11-26,2021-11-28
6066,Chen,Ren,176539,1176539,Newtown,,1310,2024-08-11,0,,ACTIVE,2023 JOOLA North American Teams,1239.0,1261.0,2023-11-24,2023-11-26
6066,Chen,Ren,176539,1176539,Newtown,,1310,2024-08-11,0,,ACTIVE,2022 JOOLA North American Teams,763.0,909.0,2022-11-25,2022-11-27
6077,Leo,Ling,177617,276617,"Bayside, NY",Origin Table Tennis Academy,1308,2024-05-26,0,,ACTIVE,2023 JOOLA North American Teams,1362.0,1186.0,2023-11-24,2023-11-26
6077,Leo,Ling,177617,276617,"Bayside, NY",Origin Table Tennis Academy,1308,2024-05-26,0,,ACTIVE,2022 JOOLA North American Teams,0.0,714.0,2022-11-25,2022-11-27
6078,Tai,Abrams,164588,263588,"Nassau County, NY",Gold Coast Table Tennis Club,1308,2024-06-30,1128,2022-03-27,ACTIVE,2023 JOOLA North American Teams,1023.0,1143.0,2023-11-24,2023-11-26
6083,Windell,Thomas,7776,75959,"Mount Rainier, MD",,1306,2024-08-10,0,,ACTIVE,2014 JOOLA North American Teams Championships,1697.0,1607.0,2014-11-30,
6107,Songyang,Wang,170787,269787,"Westfield, NJ",New Jersey Table Tennis Club,1302,2024-08-18,0,,ACTIVE,2023 JOOLA North American Teams,1220.0,1332.0,2023-11-24,2023-11-26
6107,Songyang,Wang,170787,269787,"Westfield, NJ",New Jersey Table Tennis Club,1302,2024-08-18,0,,ACTIVE,2022 JOOLA North American Teams,871.0,1072.0,2022-11-25,2022-11-27
6107,Songyang,Wang,170787,269787,"Westfield, NJ",New Jersey Table Tennis Club,1302,2024-08-18,0,,ACTIVE,2021 Joola North American Team,379.0,925.0,2021-11-26,2021-11-28
6117,Grady,Southard,168974,1168974,"Woodside, NY",PingPod Lower East Side,1300,2022-11-27,1269,2024-09-09,ACTIVE,2022 JOOLA North American Teams,1154.0,1300.0,2022-11-25,2022-11-27
6117,Grady,Southard,168974,1168974,"Woodside, NY",PingPod Lower East Side,1300,2022-11-27,1269,2024-09-09,ACTIVE,2021 Joola North American Team,957.0,1154.0,2021-11-26,2021-11-28
6131,Louis,Chen,175686,1175686,Bayside,,1299,2024-08-03,0,,ACTIVE,2022 JOOLA North American Teams,694.0,818.0,2022-11-25,2022-11-27
6141,Yucheng,Fu,175586,1175586,"Great Neck, NY",Origin Table Tennis Academy,1298,2024-08-25,0,,ACTIVE,2023 JOOLA North American Teams,946.0,1101.0,2023-11-24,2023-11-26
6158,Li,Shen,125009,224009,"Yardley, PA","Princeton Pong, LLC",1295,2023-11-26,1304,2019-11-19,ACTIVE,2023 JOOLA North American Teams,1324.0,1295.0,2023-11-24,2023-11-26
6158,Li,Shen,125009,224009,"Yardley, PA","Princeton Pong, LLC",1295,2023-11-26,1304,2019-11-19,ACTIVE,2019 JOOLA North American Teams,1385.0,1324.0,2019-11-29,2019-12-01
6158,Li,Shen,125009,224009,"Yardley, PA","Princeton Pong, LLC",1295,2023-11-26,1304,2019-11-19,ACTIVE,JOOLA North American Teams,1175.0,1385.0,2018-11-23,2018-11-25
6168,Jialin,Yang,120809,219809,"Rego Park, NY",,1293,2023-07-07,0,,ACTIVE,2022 JOOLA North American Teams,1306.0,1455.0,2022-11-25,2022-11-27
6168,Jialin,Yang,120809,219809,"Rego Park, NY",,1293,2023-07-07,0,,ACTIVE,20th Annual North American Team Championship Powered By JOOLA,349.0,372.0,2017-11-24,2017-11-26
6171,Edward,Treisman,49966,269,"Bloomfield Hills, MI",,1292,2019-11-23,0,,ACTIVE,North American Teams,1207.0,1221.0,2003-11-30,
6226,John,Shores,7106,9988,"St. Charles, MO",,1284,2018-03-02,0,,ACTIVE,1999 NA Teams 2,1185.0,1209.0,1999-11-28,
6233,Shuo,Wang,181581,280581,"Scotch plains, NJ",New Jersey Table Tennis Club,1283,2024-08-18,1591,2024-08-09,ACTIVE,2023 JOOLA North American Teams,0.0,1177.0,2023-11-24,2023-11-26
6244,Aiden,Shao,168156,1168156,"New York, NY",,1281,2024-06-30,0,,ACTIVE,2023 JOOLA North American Teams,1088.0,1127.0,2023-11-24,2023-11-26
6244,Aiden,Shao,168156,1168156,"New York, NY",,1281,2024-06-30,0,,ACTIVE,2022 JOOLA North American Teams,660.0,814.0,2022-11-25,2022-11-27
6247,Dana,Hanson,2811,6421,"Sandston, VA",Richmond Table Tennis Club (RTTC),1281,2023-12-21,0,,ACTIVE,2022 JOOLA North American Teams,1254.0,1203.0,2022-11-25,2022-11-27
6247,Dana,Hanson,2811,6421,"Sandston, VA",Richmond Table Tennis Club (RTTC),1281,2023-12-21,0,,ACTIVE,2021 Joola North American Team,1348.0,1064.0,2021-11-26,2021-11-28
6247,Dana,Hanson,2811,6421,"Sandston, VA",Richmond Table Tennis Club (RTTC),1281,2023-12-21,0,,ACTIVE,2019 JOOLA North American Teams,1449.0,1395.0,2019-11-29,2019-12-01
6247,Dana,Hanson,2811,6421,"Sandston, VA",Richmond Table Tennis Club (RTTC),1281,2023-12-21,0,,ACTIVE,JOOLA North American Teams,1652.0,1468.0,2018-11-23,2018-11-25
6247,Dana,Hanson,2811,6421,"Sandston, VA",Richmond Table Tennis Club (RTTC),1281,2023-12-21,0,,ACTIVE,20th Annual North American Team Championship Powered By JOOLA,1376.0,1403.0,2017-11-24,2017-11-26
6247,Dana,Hanson,2811,6421,"Sandston, VA",Richmond Table Tennis Club (RTTC),1281,2023-12-21,0,,ACTIVE,2014 JOOLA North American Teams Championships,1633.0,1624.0,2014-11-30,
6247,Dana,Hanson,2811,6421,"Sandston, VA",Richmond Table Tennis Club (RTTC),1281,2023-12-21,0,,ACTIVE,North American Teams,1650.0,1695.0,2003-11-30,
6247,Dana,Hanson,2811,6421,"Sandston, VA",Richmond Table Tennis Club (RTTC),1281,2023-12-21,0,,ACTIVE,1999 NA Teams 2,1652.0,1542.0,1999-11-28,
6247,Dana,Hanson,2811,6421,"Sandston, VA",Richmond Table Tennis Club (RTTC),1281,2023-12-21,0,,ACTIVE,1998 North American Teams Cham,1589.0,1576.0,1998-11-29,
6269,Rodman,Backus,338,82218,"Vineyard Haven, MA",,1276,2023-11-26,0,,ACTIVE,2023 JOOLA North American Teams,1245.0,1276.0,2023-11-24,2023-11-26
6300,Kimi,Wang,173509,1173509,"Roslyn, NY",,1272,2024-06-23,1232,2022-02-19,ACTIVE,2021 Joola North American Team,0.0,862.0,2021-11-26,2021-11-28
6319,Alessio,Poletti,177618,276618,"Whitestone, NY",Origin Table Tennis Academy,1270,2023-11-26,0,,ACTIVE,2023 JOOLA North American Teams,1155.0,1270.0,2023-11-24,2023-11-26
6319,Alessio,Poletti,177618,276618,"Whitestone, NY",Origin Table Tennis Academy,1270,2023-11-26,0,,ACTIVE,2022 JOOLA North American Teams,0.0,640.0,2022-11-25,2022-11-27
6321,Raghav,Manikandan,121894,220894,"Scotch Plains, NJ",New Jersey Table Tennis Club,1269,2024-07-21,1099,2021-09-28,ACTIVE,2023 JOOLA North American Teams,794.0,1243.0,2023-11-24,2023-11-26
6321,Raghav,Manikandan,121894,220894,"Scotch Plains, NJ",New Jersey Table Tennis Club,1269,2024-07-21,1099,2021-09-28,ACTIVE,2022 JOOLA North American Teams,654.0,771.0,2022-11-25,2022-11-27
6321,Raghav,Manikandan,121894,220894,"Scotch Plains, NJ",New Jersey Table Tennis Club,1269,2024-07-21,1099,2021-09-28,ACTIVE,2021 Joola North American Team,53.0,684.0,2021-11-26,2021-11-28
6330,Lillian,Ding,178470,277470,"Austin, TX",(TTA) Table Tennis America,1268,2024-01-27,1077,2024-07-21,ACTIVE,2023 JOOLA North American Teams,1233.0,1232.0,2023-11-24,2023-11-26
6340,Aadi,Gulabani,177782,1177782,"Cary, NC",NC International Table Tennis (NCITT),1267,2024-07-28,0,,ACTIVE,2023 JOOLA North American Teams,828.0,927.0,2023-11-24,2023-11-26
6340,Aadi,Gulabani,177782,1177782,"Cary, NC",NC International Table Tennis (NCITT),1267,2024-07-28,0,,ACTIVE,2022 JOOLA North American Teams,0.0,466.0,2022-11-25,2022-11-27
6343,Andy,Deng,178894,277894,"North York, FN",,1267,2023-12-21,0,,ACTIVE,2023 JOOLA North American Teams,1266.0,1383.0,2023-11-24,2023-11-26
6352,Devin,Yu,179616,278616,"Cumming, GA",,1266,2024-08-18,0,,ACTIVE,2023 JOOLA North American Teams,1001.0,1140.0,2023-11-24,2023-11-26
6355,Mohammed,Rajput,176169,275169,,,1265,2024-04-07,1465,2024-08-16,ACTIVE,2023 JOOLA North American Teams,984.0,1147.0,2023-11-24,2023-11-26
6388,Kanika,Dusad,177158,276158,"Coppell, TX",DFW Table Tennis,1259,2024-08-24,0,,ACTIVE,2023 JOOLA North American Teams,1117.0,1217.0,2023-11-24,2023-11-26
6400,Hua,Zhong,182764,1182764,"Skillman, NJ","Princeton Pong, LLC",1258,2023-11-26,0,,ACTIVE,2023 JOOLA North American Teams,0.0,1258.0,2023-11-24,2023-11-26
6403,Tanisha,Balamurugan,175995,274995,"Milpitas, CA",,1257,2024-09-02,882,2024-09-08,ACTIVE,2023 JOOLA North American Teams,439.0,903.0,2023-11-24,2023-11-26
6407,Ronald,Arcaro,10419,3920,"Wickliffe, OH",Tri-County Table Tennis Club,1257,2024-07-07,0,,ACTIVE,North American Teams,1618.0,1580.0,2003-11-30,
6407,Ronald,Arcaro,10419,3920,"Wickliffe, OH",Tri-County Table Tennis Club,1257,2024-07-07,0,,ACTIVE,1999 NA Teams 2,1457.0,1604.0,1999-11-28,
6407,Ronald,Arcaro,10419,3920,"Wickliffe, OH",Tri-County Table Tennis Club,1257,2024-07-07,0,,ACTIVE,1998 North American Teams Cham,1570.0,1574.0,1998-11-29,
6423,Mayra,Ahuja,172931,1172931,"Edison, NJ",,1255,2024-08-11,1583,2024-09-06,ACTIVE,2023 JOOLA North American Teams,879.0,1079.0,2023-11-24,2023-11-26
6427,Grace,Wang,8247,91925,"San Diego, CA",,1254,2024-07-20,0,,ACTIVE,2014 JOOLA North American Teams Championships,923.0,1108.0,2014-11-30,
6443,Evelyn,Chen,172696,271696,"Whippany, NJ",MatchPoint Table Tennis Center,1250,2023-11-26,1226,2024-06-21,ACTIVE,2023 JOOLA North American Teams,1005.0,1250.0,2023-11-24,2023-11-26
6443,Evelyn,Chen,172696,271696,"Whippany, NJ",MatchPoint Table Tennis Center,1250,2023-11-26,1226,2024-06-21,ACTIVE,2022 JOOLA North American Teams,1036.0,1035.0,2022-11-25,2022-11-27
6443,Evelyn,Chen,172696,271696,"Whippany, NJ",MatchPoint Table Tennis Center,1250,2023-11-26,1226,2024-06-21,ACTIVE,2021 Joola North American Team,0.0,441.0,2021-11-26,2021-11-28
6445,Anastasia,Melomedov,122834,221834,"Coopersburg, PA",Allentown/Lehigh Valley Table Tennis Club,1250,2024-04-07,0,,ACTIVE,2021 Joola North American Team,1236.0,1395.0,2021-11-26,2021-11-28
6451,Revan,Raguindin,178049,277049,"Ewing, NJ","Princeton Pong, LLC",1249,2024-09-08,0,,ACTIVE,2023 JOOLA North American Teams,941.0,1181.0,2023-11-24,2023-11-26
6459,David,Kang,176915,1176915,"Skillman, NJ",,1248,2024-08-04,767,2023-09-15,ACTIVE,2023 JOOLA North American Teams,916.0,1216.0,2023-11-24,2023-11-26
6459,David,Kang,176915,1176915,"Skillman, NJ",,1248,2024-08-04,767,2023-09-15,ACTIVE,2022 JOOLA North American Teams,644.0,824.0,2022-11-25,2022-11-27
6479,OM,SRINIVASAN,167709,266709,,,1245,2024-06-02,1439,2022-07-19,ACTIVE,2019 JOOLA North American Teams,0.0,515.0,2019-11-29,2019-12-01
6482,Ravi Tej,Ambati,174385,273385,"New York, NY",,1245,2024-02-18,0,,ACTIVE,2022 JOOLA North American Teams,918.0,943.0,2022-11-25,2022-11-27
6522,Justin,Qian,173773,1173773,Harvard,,1240,2024-09-08,0,,ACTIVE,2023 JOOLA North American Teams,683.0,879.0,2023-11-24,2023-11-26
6525,Grace,Wong,113182,212182,"Fort Lee, NJ",New Jersey Table Tennis Club,1239,2024-08-18,1628,2024-03-26,ACTIVE,2019 JOOLA North American Teams,1401.0,1253.0,2019-11-29,2019-12-01
6525,Grace,Wong,113182,212182,"Fort Lee, NJ",New Jersey Table Tennis Club,1239,2024-08-18,1628,2024-03-26,ACTIVE,20th Annual North American Team Championship Powered By JOOLA,960.0,1098.0,2017-11-24,2017-11-26
6525,Grace,Wong,113182,212182,"Fort Lee, NJ",New Jersey Table Tennis Club,1239,2024-08-18,1628,2024-03-26,ACTIVE,2016 JOOLA NA Teams,969.0,960.0,2016-11-25,2016-11-27
6540,Aarush,Sharma,178706,1178706,"Clarksburg, MD",,1237,2024-08-25,0,,ACTIVE,2023 JOOLA North American Teams,934.0,901.0,2023-11-24,2023-11-26
6577,Keith,Veizer,8089,90552,"New Orleans, LA",New Orleans Table Tennis Club,1233,2021-07-31,0,,ACTIVE,2019 JOOLA North American Teams,1266.0,1264.0,2019-11-29,2019-12-01
6577,Keith,Veizer,8089,90552,"New Orleans, LA",New Orleans Table Tennis Club,1233,2021-07-31,0,,ACTIVE,20th Annual North American Team Championship Powered By JOOLA,1131.0,1152.0,2017-11-24,2017-11-26
6577,Keith,Veizer,8089,90552,"New Orleans, LA",New Orleans Table Tennis Club,1233,2021-07-31,0,,ACTIVE,2015 JOOLA North American Teams Championships,1059.0,1059.0,2015-11-29,
6584,Ziyu,Wang,174449,1174449,"Nnew Hyde Park, NY",Origin Table Tennis Academy,1231,2024-03-31,0,,ACTIVE,2023 JOOLA North American Teams,1093.0,1205.0,2023-11-24,2023-11-26
6584,Ziyu,Wang,174449,1174449,"Nnew Hyde Park, NY",Origin Table Tennis Academy,1231,2024-03-31,0,,ACTIVE,2022 JOOLA North American Teams,746.0,953.0,2022-11-25,2022-11-27
6590,Nageh,Garas,177630,276630,,,1231,2022-11-27,1180,2024-06-18,ACTIVE,2022 JOOLA North American Teams,0.0,1231.0,2022-11-25,2022-11-27
6591,Chris,Lee,181493,280493,"Gainesville, VA",,1231,2023-11-26,0,,ACTIVE,2023 JOOLA North American Teams,1247.0,1231.0,2023-11-24,2023-11-26
6601,Rolando,Barbosa,168798,1168798,Naguabo,,1228,2023-04-02,0,,ACTIVE,2019 JOOLA North American Teams,0.0,1263.0,2019-11-29,2019-12-01
6619,Robert,Spitzer,7356,27003,"Land O Lakes, FL",PINGPOD,1225,2024-07-21,1699,2022-07-14,ACTIVE,2014 JOOLA North American Teams Championships,1578.0,1670.0,2014-11-30,
6649,Samara,Sukhai,182760,1182760,,,1221,2023-11-26,0,,ACTIVE,2023 JOOLA North American Teams,0.0,1221.0,2023-11-24,2023-11-26
6708,Jerry,Wartski,8346,14619,"New York, NY",,1211,2018-03-02,0,,ACTIVE,North American Teams,1340.0,1340.0,2003-11-30,
6721,Matthew,Christo,16184,905,"Orlando, FL",,1209,2024-06-16,1349,2005-04-24,ACTIVE,2019 JOOLA North American Teams,1380.0,1276.0,2019-11-29,2019-12-01
6721,Matthew,Christo,16184,905,"Orlando, FL",,1209,2024-06-16,1349,2005-04-24,ACTIVE,1999 NA Teams 2,1144.0,1144.0,1999-11-28,
6721,Matthew,Christo,16184,905,"Orlando, FL",,1209,2024-06-16,1349,2005-04-24,ACTIVE,1998 North American Teams Cham,1246.0,1098.0,1998-11-29,
6735,Areeba,Rahman,172301,1172301,"Flemington, NJ",Lily Yip Table Tennis Center,1207,2024-03-10,1501,2024-09-06,ACTIVE,2023 JOOLA North American Teams,1103.0,1241.0,2023-11-24,2023-11-26
6749,Josh,Wu,176816,1176816,"Dubuque, IA",,1205,2023-10-29,0,,ACTIVE,2022 JOOLA North American Teams,1286.0,1091.0,2022-11-25,2022-11-27
6757,Agastya,Brahmandam,177005,1177005,Boyds,,1204,2024-07-14,0,,ACTIVE,2023 JOOLA North American Teams,836.0,1104.0,2023-11-24,2023-11-26
6757,Agastya,Brahmandam,177005,1177005,Boyds,,1204,2024-07-14,0,,ACTIVE,2022 JOOLA North American Teams,721.0,695.0,2022-11-25,2022-11-27
6765,Charan,Kothapalli,176981,275981,"Edison, NJ",,1203,2024-01-13,1369,2024-05-31,ACTIVE,2023 JOOLA North American Teams,1044.0,1273.0,2023-11-24,2023-11-26
6767,Jeffrey(Fengyi),Jiang,167600,266600,"princeton jut, NJ",,1203,2024-09-08,0,,ACTIVE,2023 JOOLA North American Teams,932.0,1298.0,2023-11-24,2023-11-26
6767,Jeffrey(Fengyi),Jiang,167600,266600,"princeton jut, NJ",,1203,2024-09-08,0,,ACTIVE,2022 JOOLA North American Teams,711.0,875.0,2022-11-25,2022-11-27
6767,Jeffrey(Fengyi),Jiang,167600,266600,"princeton jut, NJ",,1203,2024-09-08,0,,ACTIVE,2021 Joola North American Team,114.0,654.0,2021-11-26,2021-11-28
6767,Jeffrey(Fengyi),Jiang,167600,266600,"princeton jut, NJ",,1203,2024-09-08,0,,ACTIVE,2019 JOOLA North American Teams,0.0,100.0,2019-11-29,2019-12-01
6770,Alan,Grambo,2594,6213,"Indianapolis, IN",Lawrence Table Tennis Fellowship (LTTF),1202,2023-10-12,1326,2022-08-15,ACTIVE,2022 JOOLA North American Teams,1295.0,1238.0,2022-11-25,2022-11-27
6813,Gordon,Mei,175394,1175394,"Ellicott City, MD",Howard County Table Tennis Club,1196,2024-08-03,0,,ACTIVE,2022 JOOLA North American Teams,1102.0,1134.0,2022-11-25,2022-11-27
6833,Alex,Lin,176724,275724,"Suwanee, GA",,1192,2024-03-03,0,,ACTIVE,2022 JOOLA North American Teams,1116.0,670.0,2022-11-25,2022-11-27
6914,Michael,Hanna,2807,96621,"Syosset, NY",,1184,2023-11-26,1410,2017-11-03,ACTIVE,2023 JOOLA North American Teams,1300.0,1184.0,2023-11-24,2023-11-26
6914,Michael,Hanna,2807,96621,"Syosset, NY",,1184,2023-11-26,1410,2017-11-03,ACTIVE,2021 Joola North American Team,1300.0,1300.0,2021-11-26,2021-11-28
6914,Michael,Hanna,2807,96621,"Syosset, NY",,1184,2023-11-26,1410,2017-11-03,ACTIVE,JOOLA North American Teams,1331.0,1300.0,2018-11-23,2018-11-25
6914,Michael,Hanna,2807,96621,"Syosset, NY",,1184,2023-11-26,1410,2017-11-03,ACTIVE,20th Annual North American Team Championship Powered By JOOLA,1386.0,1331.0,2017-11-24,2017-11-26
6925,Mia,Yang,180282,279282,"Suwanee, GA",,1181,2024-08-18,0,,ACTIVE,2023 JOOLA North American Teams,640.0,624.0,2023-11-24,2023-11-26
6929,Aaron,Chen,174060,1174060,"Marietta, GA",East Cobb Sports Table Tennis,1181,2024-07-14,0,,ACTIVE,2023 JOOLA North American Teams,1202.0,1181.0,2023-11-24,2023-11-26
6931,Scott,Kasson,3645,29853,"Richmond, VA",Richmond Table Tennis Club (RTTC),1180,2024-07-07,0,,ACTIVE,2022 JOOLA North American Teams,1257.0,1163.0,2022-11-25,2022-11-27
6931,Scott,Kasson,3645,29853,"Richmond, VA",Richmond Table Tennis Club (RTTC),1180,2024-07-07,0,,ACTIVE,2021 Joola North American Team,1235.0,1146.0,2021-11-26,2021-11-28
6931,Scott,Kasson,3645,29853,"Richmond, VA",Richmond Table Tennis Club (RTTC),1180,2024-07-07,0,,ACTIVE,2019 JOOLA North American Teams,1244.0,1235.0,2019-11-29,2019-12-01
6931,Scott,Kasson,3645,29853,"Richmond, VA",Richmond Table Tennis Club (RTTC),1180,2024-07-07,0,,ACTIVE,JOOLA North American Teams,1255.0,1315.0,2018-11-23,2018-11-25
6931,Scott,Kasson,3645,29853,"Richmond, VA",Richmond Table Tennis Club (RTTC),1180,2024-07-07,0,,ACTIVE,20th Annual North American Team Championship Powered By JOOLA,1354.0,1256.0,2017-11-24,2017-11-26
6931,Scott,Kasson,3645,29853,"Richmond, VA",Richmond Table Tennis Club (RTTC),1180,2024-07-07,0,,ACTIVE,2014 JOOLA North American Teams Championships,1581.0,1335.0,2014-11-30,
6931,Scott,Kasson,3645,29853,"Richmond, VA",Richmond Table Tennis Club (RTTC),1180,2024-07-07,0,,ACTIVE,North American Teams,1597.0,1555.0,2003-11-30,
6931,Scott,Kasson,3645,29853,"Richmond, VA",Richmond Table Tennis Club (RTTC),1180,2024-07-07,0,,ACTIVE,1999 NA Teams 2,1581.0,1632.0,1999-11-28,
6931,Scott,Kasson,3645,29853,"Richmond, VA",Richmond Table Tennis Club (RTTC),1180,2024-07-07,0,,ACTIVE,1998 North American Teams Cham,1564.0,1623.0,1998-11-29,
6985,Yash,Kapoor,169171,268171,CA,UMD Club Table Tennis,1171,2024-09-02,1178,2024-08-25,ACTIVE,2022 JOOLA North American Teams,1019.0,1130.0,2022-11-25,2022-11-27
7041,Chingyao,Chou,1305,97131,"Cary, NC",,1159,2024-08-11,0,,ACTIVE,20th Annual North American Team Championship Powered By JOOLA,1019.0,1029.0,2017-11-24,2017-11-26
7074,Feng,Zhang,181464,280464,,,1155,2023-12-03,0,,ACTIVE,2023 JOOLA North American Teams,0.0,1165.0,2023-11-24,2023-11-26
7089,John R.,Miller,5264,18162,"Rockville, MD",MDTTC - Maryland Table Tennis Center,1152,2021-10-10,1450,2019-12-06,ACTIVE,North American Teams,1471.0,1471.0,2003-11-30,
7089,John R.,Miller,5264,18162,"Rockville, MD",MDTTC - Maryland Table Tennis Center,1152,2021-10-10,1450,2019-12-06,ACTIVE,1999 NA Teams 2,1422.0,1477.0,1999-11-28,
7132,Ethan,Liu,167407,266407,"HILLSBOROUGH, NJ",,1146,2023-11-26,226,2020-02-28,ACTIVE,2023 JOOLA North American Teams,1036.0,1146.0,2023-11-24,2023-11-26
7132,Ethan,Liu,167407,266407,"HILLSBOROUGH, NJ",,1146,2023-11-26,226,2020-02-28,ACTIVE,2022 JOOLA North American Teams,660.0,1036.0,2022-11-25,2022-11-27
7132,Ethan,Liu,167407,266407,"HILLSBOROUGH, NJ",,1146,2023-11-26,226,2020-02-28,ACTIVE,2021 Joola North American Team,143.0,623.0,2021-11-26,2021-11-28
7132,Ethan,Liu,167407,266407,"HILLSBOROUGH, NJ",,1146,2023-11-26,226,2020-02-28,ACTIVE,2019 JOOLA North American Teams,0.0,138.0,2019-11-29,2019-12-01
7142,Jace,Yan,182464,281464,"Great Neck, NY",Origin Table Tennis Academy,1144,2024-07-28,0,,ACTIVE,2023 JOOLA North American Teams,0.0,624.0,2023-11-24,2023-11-26
7166,Disha,Murali,176023,275023,"Cedar Park, TX",Austin Table Tennis Club,1140,2024-05-18,835,2024-03-03,ACTIVE,2023 JOOLA North American Teams,1082.0,1122.0,2023-11-24,2023-11-26
7178,Leo,Li,171650,270650,Potomac,,1138,2024-08-25,0,,ACTIVE,2023 JOOLA North American Teams,828.0,944.0,2023-11-24,2023-11-26
7178,Leo,Li,171650,270650,Potomac,,1138,2024-08-25,0,,ACTIVE,2022 JOOLA North American Teams,801.0,940.0,2022-11-25,2022-11-27
7178,Leo,Li,171650,270650,Potomac,,1138,2024-08-25,0,,ACTIVE,2021 Joola North American Team,784.0,843.0,2021-11-26,2021-11-28
7194,Hannah,Cheng,170792,269792,,New Jersey Table Tennis Club,1135,2023-11-26,1164,2022-08-30,ACTIVE,2023 JOOLA North American Teams,886.0,1135.0,2023-11-24,2023-11-26
7194,Hannah,Cheng,170792,269792,,New Jersey Table Tennis Club,1135,2023-11-26,1164,2022-08-30,ACTIVE,2022 JOOLA North American Teams,832.0,787.0,2022-11-25,2022-11-27
7194,Hannah,Cheng,170792,269792,,New Jersey Table Tennis Club,1135,2023-11-26,1164,2022-08-30,ACTIVE,2021 Joola North American Team,707.0,852.0,2021-11-26,2021-11-28
7197,Md,Rahman,172302,1172302,"Flemington, NJ",Lily Yip Table Tennis Center,1134,2024-03-10,1183,2024-09-06,ACTIVE,2023 JOOLA North American Teams,1077.0,940.0,2023-11-24,2023-11-26
7202,Henry,Zhong,177273,276273,Jericho,,1134,2023-11-26,0,,ACTIVE,2023 JOOLA North American Teams,980.0,1134.0,2023-11-24,2023-11-26
7202,Henry,Zhong,177273,276273,Jericho,,1134,2023-11-26,0,,ACTIVE,2022 JOOLA North American Teams,0.0,561.0,2022-11-25,2022-11-27
7235,Simon,Davis,174540,273540,"Pine Hill, NJ",,1129,2024-07-28,1211,2024-08-18,ACTIVE,2023 JOOLA North American Teams,898.0,816.0,2023-11-24,2023-11-26
7239,Eric,Denny,125225,224225,Colorado Springs,,1128,2024-04-20,0,,ACTIVE,2022 JOOLA North American Teams,977.0,1041.0,2022-11-25,2022-11-27
7247,Daniel,Guttman,2729,20650,"Westfield, NJ",New Jersey Table Tennis Club,1127,2023-10-22,1390,2024-08-06,ACTIVE,2014 JOOLA North American Teams Championships,1261.0,1186.0,2014-11-30,
7297,Heba,Jahama,178050,277050,"Princeton, NJ","Princeton Pong, LLC",1119,2024-09-08,0,,ACTIVE,2023 JOOLA North American Teams,920.0,979.0,2023-11-24,2023-11-26
7360,Ed,Molenda,5360,19152,"Crown Point, IN",,1106,2024-03-17,1162,2021-10-16,ACTIVE,North American Teams,1305.0,1275.0,2003-11-30,
7369,Justin,Qu,175688,1175688,"great neck, NY",Origin Table Tennis Academy,1104,2024-06-16,0,,ACTIVE,2023 JOOLA North American Teams,891.0,1218.0,2023-11-24,2023-11-26
7369,Justin,Qu,175688,1175688,"great neck, NY",Origin Table Tennis Academy,1104,2024-06-16,0,,ACTIVE,2022 JOOLA North American Teams,411.0,702.0,2022-11-25,2022-11-27
7399,Adel,Hanna,102094,96620,"Syosset, NY",,1100,2023-11-26,1341,2016-10-29,ACTIVE,2023 JOOLA North American Teams,1110.0,1100.0,2023-11-24,2023-11-26
7399,Adel,Hanna,102094,96620,"Syosset, NY",,1100,2023-11-26,1341,2016-10-29,ACTIVE,2022 JOOLA North American Teams,1179.0,1110.0,2022-11-25,2022-11-27
7399,Adel,Hanna,102094,96620,"Syosset, NY",,1100,2023-11-26,1341,2016-10-29,ACTIVE,2021 Joola North American Team,1250.0,1179.0,2021-11-26,2021-11-28
7399,Adel,Hanna,102094,96620,"Syosset, NY",,1100,2023-11-26,1341,2016-10-29,ACTIVE,2019 JOOLA North American Teams,1179.0,1250.0,2019-11-29,2019-12-01
7399,Adel,Hanna,102094,96620,"Syosset, NY",,1100,2023-11-26,1341,2016-10-29,ACTIVE,JOOLA North American Teams,1074.0,1179.0,2018-11-23,2018-11-25
7399,Adel,Hanna,102094,96620,"Syosset, NY",,1100,2023-11-26,1341,2016-10-29,ACTIVE,20th Annual North American Team Championship Powered By JOOLA,1109.0,1074.0,2017-11-24,2017-11-26
7484,Adhrit,Kini,167478,1167478,"Naperville, IL",,1087,2024-02-04,0,,ACTIVE,2022 JOOLA North American Teams,1175.0,1211.0,2022-11-25,2022-11-27
7484,Adhrit,Kini,167478,1167478,"Naperville, IL",,1087,2024-02-04,0,,ACTIVE,2021 Joola North American Team,1007.0,1066.0,2021-11-26,2021-11-28
7484,Adhrit,Kini,167478,1167478,"Naperville, IL",,1087,2024-02-04,0,,ACTIVE,2019 JOOLA North American Teams,352.0,354.0,2019-11-29,2019-12-01
7525,Andy,Yang,173384,1173384,,,1080,2024-06-23,0,,ACTIVE,2023 JOOLA North American Teams,1056.0,1134.0,2023-11-24,2023-11-26
7545,Irving,Zhan,177624,276624,"Auburn, AL",Wu Yue Table Tennis,1077,2024-08-10,0,,ACTIVE,2023 JOOLA North American Teams,807.0,843.0,2023-11-24,2023-11-26
7549,Chitra,Venkatraman,8103,58479,"Morristown, NJ",,1076,2021-10-31,1362,2018-10-28,ACTIVE,2019 JOOLA North American Teams,1077.0,1086.0,2019-11-29,2019-12-01
7549,Chitra,Venkatraman,8103,58479,"Morristown, NJ",,1076,2021-10-31,1362,2018-10-28,ACTIVE,20th Annual North American Team Championship Powered By JOOLA,1196.0,1077.0,2017-11-24,2017-11-26
7549,Chitra,Venkatraman,8103,58479,"Morristown, NJ",,1076,2021-10-31,1362,2018-10-28,ACTIVE,2014 JOOLA North American Teams Championships,1347.0,1216.0,2014-11-30,
7549,Chitra,Venkatraman,8103,58479,"Morristown, NJ",,1076,2021-10-31,1362,2018-10-28,ACTIVE,North American Teams,1216.0,1182.0,2003-11-30,
7549,Chitra,Venkatraman,8103,58479,"Morristown, NJ",,1076,2021-10-31,1362,2018-10-28,ACTIVE,1999 NA Teams 2,1110.0,1125.0,1999-11-28,
7556,Mario,Ruiz,176528,275528,"Atlantic City, NJ",,1074,2024-09-08,863,2022-10-11,ACTIVE,2023 JOOLA North American Teams,1020.0,871.0,2023-11-24,2023-11-26
7572,Gerhardt,Egri,1942,23674,"Carnegie, PA",South Park Table Tennis Club,1071,2018-03-02,0,,ACTIVE,1999 NA Teams 2,1303.0,1199.0,1999-11-28,
7581,Bryan,Shin,165218,1165218,"Great Neck, NY",,1068,2023-11-26,0,,ACTIVE,2023 JOOLA North American Teams,1007.0,1068.0,2023-11-24,2023-11-26
7581,Bryan,Shin,165218,1165218,"Great Neck, NY",,1068,2023-11-26,0,,ACTIVE,2019 JOOLA North American Teams,397.0,447.0,2019-11-29,2019-12-01
7632,Nguyen,Tran,104194,203194,Broomfield,,1058,2023-12-02,0,,ACTIVE,2023 JOOLA North American Teams,1181.0,1063.0,2023-11-24,2023-11-26
7654,Ayman,Ibrahim,3312,96623,"Plainview, NY",,1054,2024-05-05,1352,2020-03-06,ACTIVE,2023 JOOLA North American Teams,1078.0,1025.0,2023-11-24,2023-11-26
7654,Ayman,Ibrahim,3312,96623,"Plainview, NY",,1054,2024-05-05,1352,2020-03-06,ACTIVE,2022 JOOLA North American Teams,1134.0,1114.0,2022-11-25,2022-11-27
7654,Ayman,Ibrahim,3312,96623,"Plainview, NY",,1054,2024-05-05,1352,2020-03-06,ACTIVE,2021 Joola North American Team,1022.0,1134.0,2021-11-26,2021-11-28
7654,Ayman,Ibrahim,3312,96623,"Plainview, NY",,1054,2024-05-05,1352,2020-03-06,ACTIVE,2019 JOOLA North American Teams,1101.0,1088.0,2019-11-29,2019-12-01
7654,Ayman,Ibrahim,3312,96623,"Plainview, NY",,1054,2024-05-05,1352,2020-03-06,ACTIVE,JOOLA North American Teams,1033.0,1058.0,2018-11-23,2018-11-25
7654,Ayman,Ibrahim,3312,96623,"Plainview, NY",,1054,2024-05-05,1352,2020-03-06,ACTIVE,20th Annual North American Team Championship Powered By JOOLA,1043.0,1079.0,2017-11-24,2017-11-26
7670,Michael,Zhang,166437,1166437,"Great Falls, NY",,1050,2023-11-26,0,,ACTIVE,2023 JOOLA North American Teams,1154.0,1050.0,2023-11-24,2023-11-26
7670,Michael,Zhang,166437,1166437,"Great Falls, NY",,1050,2023-11-26,0,,ACTIVE,2022 JOOLA North American Teams,878.0,1154.0,2022-11-25,2022-11-27
7670,Michael,Zhang,166437,1166437,"Great Falls, NY",,1050,2023-11-26,0,,ACTIVE,2021 Joola North American Team,923.0,878.0,2021-11-26,2021-11-28
7690,Rohit,Nambiar,167952,1167952,"Woolwich, NJ",,1045,2024-08-04,1174,2024-09-05,ACTIVE,2023 JOOLA North American Teams,806.0,1092.0,2023-11-24,2023-11-26
7693,Paul,Miller,5271,62618,"Thornville, OH",Newark Table Tennis Club,1045,2022-02-27,1579,2005-07-17,ACTIVE,North American Teams,1627.0,1702.0,2003-11-30,
7693,Paul,Miller,5271,62618,"Thornville, OH",Newark Table Tennis Club,1045,2022-02-27,1579,2005-07-17,ACTIVE,1999 NA Teams 2,1568.0,1718.0,1999-11-28,
7693,Paul,Miller,5271,62618,"Thornville, OH",Newark Table Tennis Club,1045,2022-02-27,1579,2005-07-17,ACTIVE,1998 North American Teams Cham,1472.0,1688.0,1998-11-29,
7699,Kevin,Ku,180830,1180830,Princeton Junction,,1044,2024-08-04,0,,ACTIVE,2023 JOOLA North American Teams,815.0,751.0,2023-11-24,2023-11-26
7701,Leo,Yih,163861,262861,"Egg Harbor City, NJ",,1043,2024-09-08,969,2023-06-23,ACTIVE,2023 JOOLA North American Teams,850.0,957.0,2023-11-24,2023-11-26
7703,Sunny,Liu,124264,223264,"Basking Ridge, NJ",,1043,2023-11-26,276,2019-05-10,ACTIVE,2023 JOOLA North American Teams,854.0,1043.0,2023-11-24,2023-11-26
7703,Sunny,Liu,124264,223264,"Basking Ridge, NJ",,1043,2023-11-26,276,2019-05-10,ACTIVE,2022 JOOLA North American Teams,745.0,789.0,2022-11-25,2022-11-27
7703,Sunny,Liu,124264,223264,"Basking Ridge, NJ",,1043,2023-11-26,276,2019-05-10,ACTIVE,2021 Joola North American Team,201.0,748.0,2021-11-26,2021-11-28
7703,Sunny,Liu,124264,223264,"Basking Ridge, NJ",,1043,2023-11-26,276,2019-05-10,ACTIVE,JOOLA North American Teams,210.0,201.0,2018-11-23,2018-11-25
7713,Ethan,Zhang,181465,280465,,,1042,2023-11-26,0,,ACTIVE,2023 JOOLA North American Teams,0.0,1042.0,2023-11-24,2023-11-26
7751,Rassi,Zhou,176101,275101,"Florham Park, NJ",Matchpoint Table Tennis Center NJ,1033,2024-07-07,453,2023-12-22,ACTIVE,2023 JOOLA North American Teams,586.0,684.0,2023-11-24,2023-11-26
7751,Rassi,Zhou,176101,275101,"Florham Park, NJ",Matchpoint Table Tennis Center NJ,1033,2024-07-07,453,2023-12-22,ACTIVE,2022 JOOLA North American Teams,269.0,280.0,2022-11-25,2022-11-27
7762,Iniya,Ashok,177339,276339,,,1031,2024-09-08,1327,2024-06-14,ACTIVE,2023 JOOLA North American Teams,582.0,747.0,2023-11-24,2023-11-26
7762,Iniya,Ashok,177339,276339,,,1031,2024-09-08,1327,2024-06-14,ACTIVE,2022 JOOLA North American Teams,0.0,598.0,2022-11-25,2022-11-27
7764,Yuhan,Hu,172984,271984,"Woodbury, NY",,1030,2024-07-28,0,,ACTIVE,2023 JOOLA North American Teams,831.0,988.0,2023-11-24,2023-11-26
7800,Alexander,Heskial,102100,96622,"New Hyde Park, NY",,1023,2023-11-26,1633,2020-03-06,ACTIVE,2023 JOOLA North American Teams,1345.0,1023.0,2023-11-24,2023-11-26
7800,Alexander,Heskial,102100,96622,"New Hyde Park, NY",,1023,2023-11-26,1633,2020-03-06,ACTIVE,2022 JOOLA North American Teams,1215.0,1345.0,2022-11-25,2022-11-27
7800,Alexander,Heskial,102100,96622,"New Hyde Park, NY",,1023,2023-11-26,1633,2020-03-06,ACTIVE,2019 JOOLA North American Teams,1247.0,1276.0,2019-11-29,2019-12-01
7800,Alexander,Heskial,102100,96622,"New Hyde Park, NY",,1023,2023-11-26,1633,2020-03-06,ACTIVE,JOOLA North American Teams,1324.0,1247.0,2018-11-23,2018-11-25
7800,Alexander,Heskial,102100,96622,"New Hyde Park, NY",,1023,2023-11-26,1633,2020-03-06,ACTIVE,20th Annual North American Team Championship Powered By JOOLA,1285.0,1318.0,2017-11-24,2017-11-26
7822,Siddharth,Aravind,177774,1177774,,,1018,2024-07-14,1093,2024-07-20,ACTIVE,2022 JOOLA North American Teams,0.0,366.0,2022-11-25,2022-11-27
7850,Samuel,Sun,132435,1132435,Falls Church,,1012,2024-03-02,796,2019-12-20,ACTIVE,JOOLA North American Teams,0.0,427.0,2018-11-23,2018-11-25
7857,Kevin,Zhang,180719,279719,,,1011,2024-08-25,0,,ACTIVE,2023 JOOLA North American Teams,197.0,562.0,2023-11-24,2023-11-26
7873,Emma,Xiao,177420,276420,"Raritan, NJ",,1008,2024-08-04,1446,2024-07-19,ACTIVE,2023 JOOLA North American Teams,459.0,831.0,2023-11-24,2023-11-26
7873,Emma,Xiao,177420,276420,"Raritan, NJ",,1008,2024-08-04,1446,2024-07-19,ACTIVE,2022 JOOLA North American Teams,0.0,431.0,2022-11-25,2022-11-27
7885,Ai Hong,Deng,18265,26418,"Quincy, MA",,1005,2024-05-05,1400,2017-02-20,ACTIVE,2019 JOOLA North American Teams,1287.0,1071.0,2019-11-29,2019-12-01
7885,Ai Hong,Deng,18265,26418,"Quincy, MA",,1005,2024-05-05,1400,2017-02-20,ACTIVE,JOOLA North American Teams,1390.0,1380.0,2018-11-23,2018-11-25
7885,Ai Hong,Deng,18265,26418,"Quincy, MA",,1005,2024-05-05,1400,2017-02-20,ACTIVE,20th Annual North American Team Championship Powered By JOOLA,1370.0,1357.0,2017-11-24,2017-11-26
7885,Ai Hong,Deng,18265,26418,"Quincy, MA",,1005,2024-05-05,1400,2017-02-20,ACTIVE,2016 JOOLA NA Teams,1397.0,1371.0,2016-11-25,2016-11-27
7885,Ai Hong,Deng,18265,26418,"Quincy, MA",,1005,2024-05-05,1400,2017-02-20,ACTIVE,2015 JOOLA North American Teams Championships,1072.0,1397.0,2015-11-29,
7921,Kevin,Chau,15034,97238,"Annandale, VA",,999,2024-06-27,0,,ACTIVE,2022 JOOLA North American Teams,1036.0,1025.0,2022-11-25,2022-11-27
7921,Kevin,Chau,15034,97238,"Annandale, VA",,999,2024-06-27,0,,ACTIVE,2021 Joola North American Team,1083.0,1079.0,2021-11-26,2021-11-28
7921,Kevin,Chau,15034,97238,"Annandale, VA",,999,2024-06-27,0,,ACTIVE,20th Annual North American Team Championship Powered By JOOLA,1159.0,1150.0,2017-11-24,2017-11-26
7921,Kevin,Chau,15034,97238,"Annandale, VA",,999,2024-06-27,0,,ACTIVE,2016 JOOLA NA Teams,1128.0,1125.0,2016-11-25,2016-11-27
7921,Kevin,Chau,15034,97238,"Annandale, VA",,999,2024-06-27,0,,ACTIVE,2015 JOOLA North American Teams Championships,1349.0,1128.0,2015-11-29,
7930,Arinjoy,Sarkar,181507,280507,"Hillsborough, NJ",,996,2024-09-08,0,,ACTIVE,2023 JOOLA North American Teams,0.0,833.0,2023-11-24,2023-11-26
7940,Batra,Aarav,178700,1178700,"Rockville, MD",Maryland T.T. Association,994,2024-05-05,0,,ACTIVE,2023 JOOLA North American Teams,833.0,943.0,2023-11-24,2023-11-26
7982,Allen,Tsitoghdzyan,170997,1170997,New York,,984,2023-11-26,0,,ACTIVE,2023 JOOLA North American Teams,900.0,984.0,2023-11-24,2023-11-26
8043,Adele,Chen,176859,1176859,Bayside,,968,2024-06-30,0,,ACTIVE,2023 JOOLA North American Teams,781.0,791.0,2023-11-24,2023-11-26
8043,Adele,Chen,176859,1176859,Bayside,,968,2024-06-30,0,,ACTIVE,2022 JOOLA North American Teams,405.0,352.0,2022-11-25,2022-11-27
8044,Jayden S,Liu,182241,1182241,Great Neck,,968,2024-06-16,0,,ACTIVE,2023 JOOLA North American Teams,653.0,634.0,2023-11-24,2023-11-26
8046,Gloria,Jeng,130610,229610,"North Potomac, MD",,967,2023-10-07,1113,2020-01-24,ACTIVE,2019 JOOLA North American Teams,811.0,858.0,2019-11-29,2019-12-01
8046,Gloria,Jeng,130610,229610,"North Potomac, MD",,967,2023-10-07,1113,2020-01-24,ACTIVE,JOOLA North American Teams,0.0,290.0,2018-11-23,2018-11-25
8103,Quincy,Tran,179039,278039,"Ellicott city, MD",Howard County Table Tennis Club,954,2024-05-18,0,,ACTIVE,2023 JOOLA North American Teams,885.0,904.0,2023-11-24,2023-11-26
8104,Manikandan,Sankar,180623,279623,,,954,2023-11-26,0,,ACTIVE,2023 JOOLA North American Teams,952.0,954.0,2023-11-24,2023-11-26
8109,Jamie,Pan,180304,1180304,Brooklyn,,953,2024-08-22,1320,2024-09-06,ACTIVE,2023 JOOLA North American Teams,596.0,773.0,2023-11-24,2023-11-26
8111,Boris,Hayete,173733,272733,"Needham, MA",Mastiff Table Tennis Club,953,2024-05-19,951,2024-07-20,ACTIVE,2022 JOOLA North American Teams,982.0,953.0,2022-11-25,2022-11-27
8117,Heekyong,Ahn,175878,274878,"Springfield, VA",,951,2024-08-25,0,,ACTIVE,2023 JOOLA North American Teams,807.0,806.0,2023-11-24,2023-11-26
8117,Heekyong,Ahn,175878,274878,"Springfield, VA",,951,2024-08-25,0,,ACTIVE,2022 JOOLA North American Teams,833.0,817.0,2022-11-25,2022-11-27
8118,Yug,Sinha,181315,280315,,,951,2024-08-25,0,,ACTIVE,2023 JOOLA North American Teams,0.0,627.0,2023-11-24,2023-11-26
8124,Kim,Abraham,22,91455,"Alexandria, VA",,950,2022-11-27,0,,ACTIVE,2022 JOOLA North American Teams,1029.0,950.0,2022-11-25,2022-11-27
8124,Kim,Abraham,22,91455,"Alexandria, VA",,950,2022-11-27,0,,ACTIVE,2015 JOOLA North American Teams Championships,1080.0,1029.0,2015-11-29,
8137,Nathan,Song,178707,1178707,Fulton,,948,2024-07-06,0,,ACTIVE,2023 JOOLA North American Teams,698.0,909.0,2023-11-24,2023-11-26
8177,Richard,Qu,177133,276133,"Cedar Grove, NJ",,939,2024-01-13,1345,2024-05-17,ACTIVE,2023 JOOLA North American Teams,1266.0,944.0,2023-11-24,2023-11-26
8184,Isaac,Huang,177786,1177786,,,938,2024-08-11,0,,ACTIVE,2022 JOOLA North American Teams,0.0,294.0,2022-11-25,2022-11-27
8194,Aiden,Albert,176618,275618,,,936,2024-08-04,0,,ACTIVE,2023 JOOLA North American Teams,743.0,941.0,2023-11-24,2023-11-26
8194,Aiden,Albert,176618,275618,,,936,2024-08-04,0,,ACTIVE,2022 JOOLA North American Teams,0.0,827.0,2022-11-25,2022-11-27
8208,Jason,Jiang,178952,1178952,Jericho,,933,2024-08-25,0,,ACTIVE,2023 JOOLA North American Teams,543.0,527.0,2023-11-24,2023-11-26
8210,Claudia,Dunlevy,170578,1170578,"Bordentown, NJ",,933,2024-05-26,1026,2023-11-16,ACTIVE,2022 JOOLA North American Teams,1227.0,1042.0,2022-11-25,2022-11-27
8223,Rishab,Jairam,174556,1174556,"Cary, NC",NC International Table Tennis (NCITT),931,2024-03-31,0,,ACTIVE,2023 JOOLA North American Teams,742.0,843.0,2023-11-24,2023-11-26
8223,Rishab,Jairam,174556,1174556,"Cary, NC",NC International Table Tennis (NCITT),931,2024-03-31,0,,ACTIVE,2022 JOOLA North American Teams,476.0,512.0,2022-11-25,2022-11-27
8312,Brian,Wang,130554,229554,"Katy, TX",Houston International Table Tennis Academy (HITTA),914,2023-08-13,365,2019-09-06,ACTIVE,2019 JOOLA North American Teams,836.0,896.0,2019-11-29,2019-12-01
8320,Owen,Wei,179943,278943,"Westfield, NJ",New Jersey Table Tennis Club,913,2024-04-21,1445,2024-09-03,ACTIVE,2023 JOOLA North American Teams,261.0,650.0,2023-11-24,2023-11-26
8344,C. James,Williams,8467,11124,"Cumberland, MD",,908,2018-03-02,0,,ACTIVE,North American Teams,1092.0,1091.0,2003-11-30,
8344,C. James,Williams,8467,11124,"Cumberland, MD",,908,2018-03-02,0,,ACTIVE,1999 NA Teams 2,1220.0,1197.0,1999-11-28,
8344,C. James,Williams,8467,11124,"Cumberland, MD",,908,2018-03-02,0,,ACTIVE,1998 North American Teams Cham,1164.0,1276.0,1998-11-29,
8359,Aiden,Wu,182678,1182678,Clarksburg,,906,2023-11-26,0,,ACTIVE,2023 JOOLA North American Teams,608.0,906.0,2023-11-24,2023-11-26
8366,Jacob,Chen,181573,280573,"New York, NY",,903,2024-08-22,997,2024-07-29,ACTIVE,2023 JOOLA North American Teams,0.0,726.0,2023-11-24,2023-11-26
8382,Zhen Yang,Dai,177541,1177541,"Great Neck, NY",,900,2024-07-28,0,,ACTIVE,2023 JOOLA North American Teams,676.0,743.0,2023-11-24,2023-11-26
8404,Sara (yang Li-C,Potter,6221,93851,"Virginia Beach, NJ",,895,2023-07-02,0,,ACTIVE,2022 JOOLA North American Teams,834.0,826.0,2022-11-25,2022-11-27
8423,Rachel,Xiao,175528,1175528,"Jericho, NY",,893,2024-06-16,0,,ACTIVE,2023 JOOLA North American Teams,745.0,846.0,2023-11-24,2023-11-26
8423,Rachel,Xiao,175528,1175528,"Jericho, NY",,893,2024-06-16,0,,ACTIVE,2022 JOOLA North American Teams,363.0,317.0,2022-11-25,2022-11-27
8430,Raul,Rivas,182759,1182759,,,892,2024-04-14,0,,ACTIVE,2023 JOOLA North American Teams,0.0,637.0,2023-11-24,2023-11-26
8488,Owen,Wang,177073,276073,"Scotch Plains, NJ",New Jersey Table Tennis Club,878,2024-08-18,1288,2024-08-09,ACTIVE,2023 JOOLA North American Teams,459.0,476.0,2023-11-24,2023-11-26
8501,Henry,Xu,177059,276059,"Belle Mead, NJ",Topspin Table Tennis Club,876,2024-09-08,0,,ACTIVE,2023 JOOLA North American Teams,529.0,670.0,2023-11-24,2023-11-26
8501,Henry,Xu,177059,276059,"Belle Mead, NJ",Topspin Table Tennis Club,876,2024-09-08,0,,ACTIVE,2022 JOOLA North American Teams,0.0,529.0,2022-11-25,2022-11-27
8502,Enya,Li,175534,274534,"Livingston, NJ",Matchpoint Table Tennis Center NJ,876,2024-08-25,425,2022-09-02,ACTIVE,2023 JOOLA North American Teams,685.0,746.0,2023-11-24,2023-11-26
8502,Enya,Li,175534,274534,"Livingston, NJ",Matchpoint Table Tennis Center NJ,876,2024-08-25,425,2022-09-02,ACTIVE,2022 JOOLA North American Teams,409.0,516.0,2022-11-25,2022-11-27
8530,Evan,Cao,179985,1179985,Great Neck,,867,2024-08-03,0,,ACTIVE,2023 JOOLA North American Teams,680.0,746.0,2023-11-24,2023-11-26
8577,Matthew,Wang,172540,271540,"Jersey city, NJ",New Jersey Table Tennis Club,859,2024-08-22,1456,2023-04-18,ACTIVE,2023 JOOLA North American Teams,643.0,773.0,2023-11-24,2023-11-26
8577,Matthew,Wang,172540,271540,"Jersey city, NJ",New Jersey Table Tennis Club,859,2024-08-22,1456,2023-04-18,ACTIVE,2022 JOOLA North American Teams,532.0,520.0,2022-11-25,2022-11-27
8577,Matthew,Wang,172540,271540,"Jersey city, NJ",New Jersey Table Tennis Club,859,2024-08-22,1456,2023-04-18,ACTIVE,2021 Joola North American Team,0.0,191.0,2021-11-26,2021-11-28
8586,Siya,Gangrade,179836,1179836,Pennington,,856,2024-09-08,0,,ACTIVE,2023 JOOLA North American Teams,767.0,742.0,2023-11-24,2023-11-26
8612,Hadrian,Zhang,181548,280548,"Buford, GA",Atlanta International Table Tennis Academy,849,2024-08-18,0,,ACTIVE,2023 JOOLA North American Teams,0.0,573.0,2023-11-24,2023-11-26
8617,Angela,Li,177146,276146,"Livingston, NJ",,848,2024-08-25,596,2023-10-13,ACTIVE,2023 JOOLA North American Teams,586.0,598.0,2023-11-24,2023-11-26
8617,Angela,Li,177146,276146,"Livingston, NJ",,848,2024-08-25,596,2023-10-13,ACTIVE,2022 JOOLA North American Teams,0.0,453.0,2022-11-25,2022-11-27
8642,Jeremy,Xiao,176619,275619,"BERWYN, PA",,842,2024-08-04,0,,ACTIVE,2023 JOOLA North American Teams,726.0,763.0,2023-11-24,2023-11-26
8642,Jeremy,Xiao,176619,275619,"BERWYN, PA",,842,2024-08-04,0,,ACTIVE,2022 JOOLA North American Teams,472.0,466.0,2022-11-25,2022-11-27
8660,Jasmine,Joo,172428,1172428,"Burke, VA",,838,2023-11-26,0,,ACTIVE,2023 JOOLA North American Teams,962.0,838.0,2023-11-24,2023-11-26
8660,Jasmine,Joo,172428,1172428,"Burke, VA",,838,2023-11-26,0,,ACTIVE,2022 JOOLA North American Teams,877.0,962.0,2022-11-25,2022-11-27
8664,YONG,ZOU,176663,275663,"Somerset, NJ",Top Spin Table Tennis Club,837,2023-07-23,0,,ACTIVE,2022 JOOLA North American Teams,0.0,842.0,2022-11-25,2022-11-27
8729,Gail,Kendall,3688,46331,"New York, NY",Westchester Table Tennis Center,822,2024-07-28,1059,2010-02-27,ACTIVE,North American Teams,1260.0,1215.0,2003-11-30,
8729,Gail,Kendall,3688,46331,"New York, NY",Westchester Table Tennis Center,822,2024-07-28,1059,2010-02-27,ACTIVE,1999 NA Teams 2,1100.0,1092.0,1999-11-28,
8729,Gail,Kendall,3688,46331,"New York, NY",Westchester Table Tennis Center,822,2024-07-28,1059,2010-02-27,ACTIVE,1998 North American Teams Cham,995.0,1045.0,1998-11-29,
8739,Miranda,Zhou,177334,1177334,Lexington,,820,2023-11-26,0,,ACTIVE,2023 JOOLA North American Teams,832.0,820.0,2023-11-24,2023-11-26
8750,Grace,Xue,182761,1182761,,,816,2024-05-19,0,,ACTIVE,2023 JOOLA North American Teams,0.0,816.0,2023-11-24,2023-11-26
8763,Lulua,Kothari,176935,1176935,,,813,2023-11-26,0,,ACTIVE,2023 JOOLA North American Teams,813.0,813.0,2023-11-24,2023-11-26
8789,Nathan,Tu,177081,276081,"Needham, MA",Mastiff Table Tennis Club,806,2024-07-14,1023,2024-07-20,ACTIVE,2023 JOOLA North American Teams,688.0,682.0,2023-11-24,2023-11-26
8789,Nathan,Tu,177081,276081,"Needham, MA",Mastiff Table Tennis Club,806,2024-07-14,1023,2024-07-20,ACTIVE,2022 JOOLA North American Teams,0.0,303.0,2022-11-25,2022-11-27
8807,Aiden,Zhang,181566,280566,,,802,2024-07-24,0,,ACTIVE,2023 JOOLA North American Teams,543.0,578.0,2023-11-24,2023-11-26
8811,Daniel,Garcia,21727,5988,"Bronx, NY",Westchester Table Tennis Center,802,2024-08-25,0,,ACTIVE,20th Annual North American Team Championship Powered By JOOLA,1576.0,1404.0,2017-11-24,2017-11-26
8855,Peyton,He,174317,273317,"greatneck, NY",,794,2023-11-26,0,,ACTIVE,2023 JOOLA North American Teams,427.0,794.0,2023-11-24,2023-11-26
8855,Peyton,He,174317,273317,"greatneck, NY",,794,2023-11-26,0,,ACTIVE,2022 JOOLA North American Teams,0.0,428.0,2022-11-25,2022-11-27
8870,Aaron,Li,172611,271611,"Basking Ridge, NJ",Lily Yip Table Tennis Center,790,2024-01-13,1271,2022-11-01,ACTIVE,2023 JOOLA North American Teams,677.0,786.0,2023-11-24,2023-11-26
8870,Aaron,Li,172611,271611,"Basking Ridge, NJ",Lily Yip Table Tennis Center,790,2024-01-13,1271,2022-11-01,ACTIVE,2022 JOOLA North American Teams,535.0,572.0,2022-11-25,2022-11-27
8886,Felix,Chang,181463,280463,,,787,2023-11-26,0,,ACTIVE,2023 JOOLA North American Teams,0.0,787.0,2023-11-24,2023-11-26
8932,Julian,Soni,172509,1172509,Mount Laurel,,775,2022-11-27,734,2022-09-13,ACTIVE,2022 JOOLA North American Teams,676.0,775.0,2022-11-25,2022-11-27
9046,Michelle,Wen,178708,1178708,North Potomac,,745,2024-07-14,0,,ACTIVE,2023 JOOLA North American Teams,629.0,627.0,2023-11-24,2023-11-26
9080,Lijuan,Hu,98373,197373,"Bedminster Township, NJ",,737,2018-09-15,673,2015-11-20,ACTIVE,20th Annual North American Team Championship Powered By JOOLA,470.0,696.0,2017-11-24,2017-11-26
9086,ryuichi,sako,178598,277598,"chatham, NJ",New Jersey Table Tennis Club,736,2024-05-05,1425,2024-08-20,ACTIVE,2023 JOOLA North American Teams,606.0,624.0,2023-11-24,2023-11-26
9115,Justin,Cui,182471,281471,"Merrick, NY",Origin Table Tennis Academy,729,2024-08-25,0,,ACTIVE,2023 JOOLA North American Teams,0.0,712.0,2023-11-24,2023-11-26
9124,Samuel,Xu,177271,276271,"Princeton, NJ",Topspin Table Tennis Club,726,2024-08-25,0,,ACTIVE,2023 JOOLA North American Teams,413.0,798.0,2023-11-24,2023-11-26
9124,Samuel,Xu,177271,276271,"Princeton, NJ",Topspin Table Tennis Club,726,2024-08-25,0,,ACTIVE,2022 JOOLA North American Teams,0.0,413.0,2022-11-25,2022-11-27
9130,Lucien,Ruskin,181605,280605,,,725,2023-11-26,0,,ACTIVE,2023 JOOLA North American Teams,0.0,725.0,2023-11-24,2023-11-26
9131,Jerry,Huang,182426,1182426,"Great Neck, NY",Origin Table Tennis Academy,725,2024-05-26,0,,ACTIVE,2023 JOOLA North American Teams,767.0,784.0,2023-11-24,2023-11-26
9140,Brian,Farkas,20286,11794,"Mercerville, NJ",,723,2024-08-11,1613,2016-11-18,ACTIVE,North American Teams,1851.0,1810.0,2003-11-30,
9140,Brian,Farkas,20286,11794,"Mercerville, NJ",,723,2024-08-11,1613,2016-11-18,ACTIVE,1999 NA Teams 2,1866.0,1867.0,1999-11-28,
9140,Brian,Farkas,20286,11794,"Mercerville, NJ",,723,2024-08-11,1613,2016-11-18,ACTIVE,1998 North American Teams Cham,1785.0,1960.0,1998-11-29,
9152,Yan,Yan,180011,1180011,North Bergen,,719,2024-02-25,543,2024-01-26,ACTIVE,2023 JOOLA North American Teams,506.0,696.0,2023-11-24,2023-11-26
9160,Ivy,Liung,178491,277491,,,718,2024-08-25,803,2024-08-23,ACTIVE,2023 JOOLA North American Teams,641.0,618.0,2023-11-24,2023-11-26
9187,Ryan-wang,Zhou,181704,280704,,,710,2024-04-25,0,,ACTIVE,2023 JOOLA North American Teams,734.0,705.0,2023-11-24,2023-11-26
9192,Jake,Mabanag,164896,263896,"Goldsboro, NC",,709,2023-11-26,0,,ACTIVE,2023 JOOLA North American Teams,370.0,709.0,2023-11-24,2023-11-26
9199,Elaine,Dancis,1579,79457,"Silver Spring, MD",,708,2024-06-01,0,,ACTIVE,2014 JOOLA North American Teams Championships,864.0,741.0,2014-11-30,
9208,Jeremy,Tao,181556,280556,"Ellicott City, MD",Howard County Table Tennis Club,706,2024-08-03,0,,ACTIVE,2023 JOOLA North American Teams,0.0,660.0,2023-11-24,2023-11-26
9218,Daniel,Lin,182474,281474,"Little neck, NY",Origin Table Tennis Academy,705,2024-08-25,0,,ACTIVE,2023 JOOLA North American Teams,0.0,528.0,2023-11-24,2023-11-26
9222,Bella,Liu,177793,1177793,,,703,2024-06-01,0,,ACTIVE,2022 JOOLA North American Teams,0.0,888.0,2022-11-25,2022-11-27
9247,Nader,Behbehani,174100,1174100,"Pleasantville, NY",Westchester Table Tennis Center,694,2024-08-25,0,,ACTIVE,2023 JOOLA North American Teams,762.0,789.0,2023-11-24,2023-11-26
9278,Vincent,Li,175691,1175691,,,684,2024-06-01,0,,ACTIVE,2022 JOOLA North American Teams,701.0,745.0,2022-11-25,2022-11-27
9299,Ally,Tian,172202,1172202,North Potomac,,679,2024-05-05,0,,ACTIVE,2022 JOOLA North American Teams,343.0,396.0,2022-11-25,2022-11-27
9299,Ally,Tian,172202,1172202,North Potomac,,679,2024-05-05,0,,ACTIVE,2021 Joola North American Team,421.0,343.0,2021-11-26,2021-11-28
9302,David,Mao,164727,263727,"Blue Bell, PA",,678,2023-11-26,0,,ACTIVE,2023 JOOLA North American Teams,604.0,678.0,2023-11-24,2023-11-26
9302,David,Mao,164727,263727,"Blue Bell, PA",,678,2023-11-26,0,,ACTIVE,2022 JOOLA North American Teams,0.0,642.0,2022-11-25,2022-11-27
9303,Nenad,Bach,104062,203062,"Croton on Hudson, NY",,678,2024-07-07,0,,ACTIVE,JOOLA North American Teams,939.0,799.0,2018-11-23,2018-11-25
9315,Sophie,Su,181552,280552,"Clarksville, MD",Howard County Table Tennis Club,674,2024-07-06,0,,ACTIVE,2023 JOOLA North American Teams,0.0,626.0,2023-11-24,2023-11-26
9359,Kyle,Eng,176329,1176329,Jericho,,665,2024-08-03,0,,ACTIVE,2023 JOOLA North American Teams,444.0,442.0,2023-11-24,2023-11-26
9359,Kyle,Eng,176329,1176329,Jericho,,665,2024-08-03,0,,ACTIVE,2022 JOOLA North American Teams,506.0,470.0,2022-11-25,2022-11-27
9372,Siddharth,Thatavarthy,182536,281536,"Nutley, NJ",Matchpoint Table Tennis Center NJ,658,2023-11-26,0,,ACTIVE,2023 JOOLA North American Teams,0.0,658.0,2023-11-24,2023-11-26
9387,Saul,Orlik,179346,1179346,Arlington,,655,2024-08-25,0,,ACTIVE,2023 JOOLA North American Teams,397.0,401.0,2023-11-24,2023-11-26
9401,Jianhua,Zhao,182501,281501,,,652,2023-11-26,0,,ACTIVE,2023 JOOLA North American Teams,0.0,652.0,2023-11-24,2023-11-26
9403,Mason,Jiang,181471,280471,"Belle mead, NJ",,651,2023-11-26,0,,ACTIVE,2023 JOOLA North American Teams,0.0,651.0,2023-11-24,2023-11-26
9419,Haichuan (Mark),Zhou,182197,281197,,,647,2023-11-26,0,,ACTIVE,2023 JOOLA North American Teams,0.0,647.0,2023-11-24,2023-11-26
9436,Jayden,Qu,175687,1175687,"Great Neck, NY",,641,2024-04-28,0,,ACTIVE,2022 JOOLA North American Teams,510.0,533.0,2022-11-25,2022-11-27
9454,Alan,Jiang,182502,281502,,,636,2024-03-31,0,,ACTIVE,2023 JOOLA North American Teams,0.0,631.0,2023-11-24,2023-11-26
9466,Josephine,Orlik,172199,1172199,"Arlington, VA",MDTTC - Maryland Table Tennis Center,632,2023-06-18,0,,ACTIVE,2022 JOOLA North American Teams,722.0,685.0,2022-11-25,2022-11-27
9466,Josephine,Orlik,172199,1172199,"Arlington, VA",MDTTC - Maryland Table Tennis Center,632,2023-06-18,0,,ACTIVE,2021 Joola North American Team,993.0,604.0,2021-11-26,2021-11-28
9504,Leo,Cai,179872,278872,"Duluth, GA",,618,2024-08-18,0,,ACTIVE,2023 JOOLA North American Teams,0.0,604.0,2023-11-24,2023-11-26
9528,Jolie,Shi,178256,1178256,Great Neck,,610,2024-07-13,0,,ACTIVE,2023 JOOLA North American Teams,566.0,450.0,2023-11-24,2023-11-26
9543,Leon,Zhang,172385,1172385,"Westford, MA",,605,2024-01-28,0,,ACTIVE,2023 JOOLA North American Teams,592.0,650.0,2023-11-24,2023-11-26
9543,Leon,Zhang,172385,1172385,"Westford, MA",,605,2024-01-28,0,,ACTIVE,2022 JOOLA North American Teams,445.0,426.0,2022-11-25,2022-11-27
9548,Abdul-Malik,Jalloh-Jamboria,182659,281659,"Frederick, MD",MDTTC - Maryland Table Tennis Center,604,2023-11-26,0,,ACTIVE,2023 JOOLA North American Teams,0.0,604.0,2023-11-24,2023-11-26
9571,Tianfang,Ge,177143,276143,"Short Hills, NJ",Matchpoint Table Tennis Center NJ,599,2024-07-28,603,2024-01-05,ACTIVE,2023 JOOLA North American Teams,560.0,579.0,2023-11-24,2023-11-26
9571,Tianfang,Ge,177143,276143,"Short Hills, NJ",Matchpoint Table Tennis Center NJ,599,2024-07-28,603,2024-01-05,ACTIVE,2022 JOOLA North American Teams,0.0,294.0,2022-11-25,2022-11-27
9583,Nandan,Conjeevaram,171227,1171227,"Saratoga, CA",ICC Table Tennis Center,596,2024-08-25,179,2024-09-08,ACTIVE,2022 JOOLA North American Teams,432.0,387.0,2022-11-25,2022-11-27
9587,Brady,Shin,173377,1173377,,,594,2023-11-26,0,,ACTIVE,2023 JOOLA North American Teams,651.0,594.0,2023-11-24,2023-11-26
9597,Athena Wu,Athena Wu,182753,1182753,,,590,2024-01-28,0,,ACTIVE,2023 JOOLA North American Teams,0.0,590.0,2023-11-24,2023-11-26
9620,Ryan,Yao,182762,1182762,,,583,2024-01-14,0,,ACTIVE,2023 JOOLA North American Teams,0.0,567.0,2023-11-24,2023-11-26
9644,Jassim,Al Ibrahim,181723,280723,"Cambridge, MA",,575,2023-11-26,0,,ACTIVE,2023 JOOLA North American Teams,0.0,575.0,2023-11-24,2023-11-26
9665,Jayden,Ma,182451,281451,"Westbury, NY",Origin Table Tennis Academy,570,2024-05-26,0,,ACTIVE,2023 JOOLA North American Teams,0.0,582.0,2023-11-24,2023-11-26
9685,Jason,Zhang,182538,281538,"Livingston, NJ",Matchpoint Table Tennis Center NJ,563,2024-03-31,0,,ACTIVE,2023 JOOLA North American Teams,0.0,551.0,2023-11-24,2023-11-26
9689,Samson,Li,177269,276269,,,560,2024-03-02,0,,ACTIVE,2022 JOOLA North American Teams,571.0,561.0,2022-11-25,2022-11-27
9690,Doris,Wang,182473,281473,"Little Neck, NY",,560,2023-11-26,0,,ACTIVE,2023 JOOLA North American Teams,0.0,560.0,2023-11-24,2023-11-26
9709,LEO J,ZHUO,182467,281467,"flushing, NY",Origin Table Tennis Academy,552,2024-09-08,0,,ACTIVE,2023 JOOLA North American Teams,0.0,108.0,2023-11-24,2023-11-26
9741,Brandon,Kyon,182566,281566,"Garden City, NY",Origin Table Tennis Academy,541,2023-11-26,0,,ACTIVE,2023 JOOLA North American Teams,0.0,541.0,2023-11-24,2023-11-26
9759,Shiva,Mohammadi,177489,1177489,"Brooklyn, NY",,536,2023-11-26,865,2024-01-08,ACTIVE,2023 JOOLA North American Teams,480.0,536.0,2023-11-24,2023-11-26
9771,NIkki,Chen,182293,281293,"Brookville, NY",Origin Table Tennis Academy,530,2024-06-30,0,,ACTIVE,2023 JOOLA North American Teams,443.0,452.0,2023-11-24,2023-11-26
9785,Bennet,Zhang,181466,280466,,,523,2023-11-26,0,,ACTIVE,2023 JOOLA North American Teams,0.0,523.0,2023-11-24,2023-11-26
9786,Kevin,Zhao,178144,277144,"JERSEY CITY, NJ",,523,2024-06-16,1378,2023-06-20,ACTIVE,2023 JOOLA North American Teams,521.0,539.0,2023-11-24,2023-11-26
9796,Aaron,Ho,182201,281201,,,519,2023-11-26,0,,ACTIVE,2023 JOOLA North American Teams,0.0,519.0,2023-11-24,2023-11-26
9798,Andie,Zou,176662,275662,"Somerset, NJ",Top Spin Table Tennis Club,518,2023-07-23,0,,ACTIVE,2022 JOOLA North American Teams,605.0,518.0,2022-11-25,2022-11-27
9830,Ryan,Lee,181462,280462,,,505,2023-11-26,0,,ACTIVE,2023 JOOLA North American Teams,0.0,505.0,2023-11-24,2023-11-26
9832,Sunny,Yu,181346,280346,"Seekonk, MA",Mastiff Table Tennis Club,502,2023-11-26,508,2024-01-27,ACTIVE,2023 JOOLA North American Teams,531.0,502.0,2023-11-24,2023-11-26
9845,Michelle,Yan,181472,280472,"Princeton, NJ",,495,2023-11-26,0,,ACTIVE,2023 JOOLA North American Teams,0.0,495.0,2023-11-24,2023-11-26
9866,KIM HO,SHAO,177789,1177789,"NEW YORK, NY",,483,2022-11-27,0,,ACTIVE,2022 JOOLA North American Teams,0.0,483.0,2022-11-25,2022-11-27
9896,Eddie,Yao,181425,280425,"Berkeley Heights, NJ",New Jersey Table Tennis Club,470,2024-07-21,1456,2023-12-05,ACTIVE,2023 JOOLA North American Teams,471.0,421.0,2023-11-24,2023-11-26
10000,Tianna,Ge,182543,281543,"Short Hills, NJ",MatchPoint Table Tennis Center,422,2024-07-28,587,2024-01-12,ACTIVE,2023 JOOLA North American Teams,0.0,282.0,2023-11-24,2023-11-26
10008,Xiaoyun,Niu,182526,281526,,,419,2023-11-26,0,,ACTIVE,2023 JOOLA North American Teams,0.0,419.0,2023-11-24,2023-11-26
10029,Ian,Chen,182535,281535,,,405,2023-11-26,0,,ACTIVE,2023 JOOLA North American Teams,0.0,405.0,2023-11-24,2023-11-26
10038,Mingqi,Niu,182527,281527,,,400,2023-11-26,0,,ACTIVE,2023 JOOLA North American Teams,0.0,400.0,2023-11-24,2023-11-26
10062,Aarav,Mehta,182542,281542,"Short Hills, NJ",MatchPoint Table Tennis Center,386,2023-11-26,0,,ACTIVE,2023 JOOLA North American Teams,0.0,386.0,2023-11-24,2023-11-26
10077,Rebecca,Xu,177270,276270,"Princeton, NJ",Topspin Table Tennis Club,380,2024-08-04,0,,ACTIVE,2023 JOOLA North American Teams,262.0,260.0,2023-11-24,2023-11-26
10077,Rebecca,Xu,177270,276270,"Princeton, NJ",Topspin Table Tennis Club,380,2024-08-04,0,,ACTIVE,2022 JOOLA North American Teams,0.0,262.0,2022-11-25,2022-11-27
10079,Elie,Hayete,173735,272735,"Needham, MA",Mastiff Table Tennis Club,379,2024-05-19,520,2024-07-20,ACTIVE,2023 JOOLA North American Teams,388.0,381.0,2023-11-24,2023-11-26
10079,Elie,Hayete,173735,272735,"Needham, MA",Mastiff Table Tennis Club,379,2024-05-19,520,2024-07-20,ACTIVE,2022 JOOLA North American Teams,404.0,388.0,2022-11-25,2022-11-27
10084,Emily,Zhang,181662,280662,,,376,2024-06-16,1323,2024-08-20,ACTIVE,2023 JOOLA North American Teams,0.0,406.0,2023-11-24,2023-11-26
10085,Bosco Sun,Chung,182481,281481,"New York, NY",Origin Table Tennis Academy,376,2023-11-26,0,,ACTIVE,2023 JOOLA North American Teams,0.0,376.0,2023-11-24,2023-11-26
10091,Steve,Shu,172666,271666,"West Orange, NJ",,374,2023-10-22,0,,ACTIVE,2021 Joola North American Team,0.0,374.0,2021-11-26,2021-11-28
10100,Justin,Wang,182525,281525,"LIVINGSTON, NJ",Matchpoint Table Tennis Center NJ,367,2023-11-26,0,,ACTIVE,2023 JOOLA North American Teams,0.0,367.0,2023-11-24,2023-11-26
10116,Eshaan,Debnath,124725,223725,"Hillsborough, NJ",,353,2019-12-01,390,2020-01-17,ACTIVE,2019 JOOLA North American Teams,218.0,353.0,2019-11-29,2019-12-01
10129,Jolie,Hu,181703,280703,,,345,2024-05-05,0,,ACTIVE,2023 JOOLA North American Teams,0.0,305.0,2023-11-24,2023-11-26
10152,Daniel,Dong,182453,281453,"Little Neck, NY",Origin Table Tennis Academy,324,2023-11-26,0,,ACTIVE,2023 JOOLA North American Teams,0.0,324.0,2023-11-24,2023-11-26
10164,Aileen,Zhang,182223,281223,,,316,2023-11-26,0,,ACTIVE,2023 JOOLA North American Teams,0.0,316.0,2023-11-24,2023-11-26
10264,Agnes,Gao,173072,272072,,,222,2022-10-16,0,,ACTIVE,2021 Joola North American Team,0.0,222.0,2021-11-26,2021-11-28
10322,Gemma,Chen,182537,281537,"Towaco, NJ",Matchpoint Table Tennis Center NJ,146,2023-11-26,0,,ACTIVE,2023 JOOLA North American Teams,0.0,146.0,2023-11-24,2023-11-26
