Rank,First Name,Last Name,Database#,USATT#,Location,Home Club,Tournament Rating,Last Played Tournament,League Rating,Last Played League,Membership Expiration,Tournament,Initial Rating,Final Rating,Start Date,End Date
1,Kalinikos,Kreanga,69780,14365,FN,,2851,2023-10-29,0,,ACTIVE,2023 Edgeball Chicago International Open,2871.0,2851.0,2023-10-28,2023-10-29
2,Lei,Kou,165420,1165420,"Milpitas, CA",Kou Lei Table Tennis Club,2810,2024-04-07,2816,2022-08-28,ACTIVE,2022 Edgeball Chicago International Table Tennis Open,2856.0,2864.0,2022-10-29,2022-10-30
2,Lei,Kou,165420,1165420,"Milpitas, CA",Kou Lei Table Tennis Club,2810,2024-04-07,2816,2022-08-28,ACTIVE,2021 Edgeball Chicago International Open,2824.0,2825.0,2021-10-30,2021-10-31
15,Yiran,Wu,182499,281499,"Little Neck, NY",Origin Table Tennis Academy,2718,2024-08-25,0,,ACTIVE,2024 Edgeball Teams Tournament,2703.0,2694.0,2024-05-04,2024-05-05
20,Daniel,Gorak,166717,1166717,"Tampa, FL",,2692,2024-08-10,0,,ACTIVE,2023 Edgeball Chicago International Open,2708.0,2796.0,2023-10-28,2023-10-29
28,Patryk,Zyworonek,9197,96307,"Des Plaines, IL",Experior Table Tennis Club,2661,2023-12-21,2245,2020-03-06,ACTIVE,Edgeball Chicago International Table Tennis Open,2140.0,2158.0,2019-10-26,2019-10-27
28,Patryk,Zyworonek,9197,96307,"Des Plaines, IL",Experior Table Tennis Club,2661,2023-12-21,2245,2020-03-06,ACTIVE,Edgeball Chicago International Table Tennis Open,2030.0,2028.0,2018-10-27,2018-10-28
28,Patryk,Zyworonek,9197,96307,"Des Plaines, IL",Experior Table Tennis Club,2661,2023-12-21,2245,2020-03-06,ACTIVE,2017 Edgeball Chicago International Open,1488.0,1481.0,2017-08-12,2017-08-12
28,Patryk,Zyworonek,9197,96307,"Des Plaines, IL",Experior Table Tennis Club,2661,2023-12-21,2245,2020-03-06,ACTIVE,2016 Edgeball Chicago International Table Tennis Open,1007.0,1192.0,2016-10-29,2016-10-30
46,Nandan,Naresh,5520,84904,"Lisle, IL",888 Table Tennis Center,2630,2024-08-04,2395,2024-02-04,ACTIVE,2024 Edgeball Teams Tournament,2634.0,2655.0,2024-05-04,2024-05-05
46,Nandan,Naresh,5520,84904,"Lisle, IL",888 Table Tennis Center,2630,2024-08-04,2395,2024-02-04,ACTIVE,2022 Edgeball Chicago International Table Tennis Open,2534.0,2534.0,2022-10-29,2022-10-30
46,Nandan,Naresh,5520,84904,"Lisle, IL",888 Table Tennis Center,2630,2024-08-04,2395,2024-02-04,ACTIVE,2021 Edgeball Chicago International Open,2502.0,2528.0,2021-10-30,2021-10-31
46,Nandan,Naresh,5520,84904,"Lisle, IL",888 Table Tennis Center,2630,2024-08-04,2395,2024-02-04,ACTIVE,Edgeball Chicago International Table Tennis Open,2349.0,2344.0,2019-10-26,2019-10-27
46,Nandan,Naresh,5520,84904,"Lisle, IL",888 Table Tennis Center,2630,2024-08-04,2395,2024-02-04,ACTIVE,Edgeball Chicago International Table Tennis Open,2193.0,2193.0,2018-10-27,2018-10-28
46,Nandan,Naresh,5520,84904,"Lisle, IL",888 Table Tennis Center,2630,2024-08-04,2395,2024-02-04,ACTIVE,2017 Edgeball Chicago International Open,2162.0,2118.0,2017-08-12,2017-08-12
46,Nandan,Naresh,5520,84904,"Lisle, IL",888 Table Tennis Center,2630,2024-08-04,2395,2024-02-04,ACTIVE,2016 Edgeball Chicago International Table Tennis Open,1889.0,2030.0,2016-10-29,2016-10-30
55,Senura,Silva,176286,275286,"Akron, OH",,2601,2024-09-02,0,,ACTIVE,2022 Edgeball Chicago International Table Tennis Open,2505.0,2471.0,2022-10-29,2022-10-30
59,Sid,Naresh,5522,84903,"Lisle, IL",888 Table Tennis Center,2598,2024-09-02,2478,2024-08-25,ACTIVE,2024 Edgeball Teams Tournament,2634.0,2637.0,2024-05-04,2024-05-05
59,Sid,Naresh,5522,84903,"Lisle, IL",888 Table Tennis Center,2598,2024-09-02,2478,2024-08-25,ACTIVE,2021 Edgeball Chicago International Open,2598.0,2593.0,2021-10-30,2021-10-31
59,Sid,Naresh,5522,84903,"Lisle, IL",888 Table Tennis Center,2598,2024-09-02,2478,2024-08-25,ACTIVE,2017 Edgeball Chicago International Open,2262.0,2253.0,2017-08-12,2017-08-12
59,Sid,Naresh,5522,84903,"Lisle, IL",888 Table Tennis Center,2598,2024-09-02,2478,2024-08-25,ACTIVE,2016 Edgeball Chicago International Table Tennis Open,2190.0,2237.0,2016-10-29,2016-10-30
63,Andrew,Cao,112982,211982,"Katy, TX",,2590,2024-08-11,2480,2023-10-14,ACTIVE,2022 Edgeball Chicago International Table Tennis Open,2414.0,2429.0,2022-10-29,2022-10-30
63,Andrew,Cao,112982,211982,"Katy, TX",,2590,2024-08-11,2480,2023-10-14,ACTIVE,2021 Edgeball Chicago International Open,2324.0,2332.0,2021-10-30,2021-10-31
73,Lily,Zhang,9030,31126,"Berkeley, CA",(TTA) Table Tennis America,2575,2024-01-28,2447,2022-03-05,ACTIVE,2021 Edgeball Chicago International Open,2592.0,2620.0,2021-10-30,2021-10-31
73,Lily,Zhang,9030,31126,"Berkeley, CA",(TTA) Table Tennis America,2575,2024-01-28,2447,2022-03-05,ACTIVE,2017 Edgeball Chicago International Open,2611.0,2603.0,2017-08-12,2017-08-12
84,Bruno,Ventura Dos Anjos,51062,94589,"Bethesda, MD",MDTTC - Maryland Table Tennis Center,2558,2024-07-14,2548,2019-09-07,ACTIVE,Edgeball Chicago International Table Tennis Open,2496.0,2494.0,2019-10-26,2019-10-27
87,Yichi,Zhang,9059,89328,"Clinton, IL",Experior Table Tennis Club,2544,2024-05-05,2621,2019-08-10,ACTIVE,2024 Edgeball Teams Tournament,2571.0,2544.0,2024-05-04,2024-05-05
87,Yichi,Zhang,9059,89328,"Clinton, IL",Experior Table Tennis Club,2544,2024-05-05,2621,2019-08-10,ACTIVE,2023 Edgeball Chicago International Open,2596.0,2571.0,2023-10-28,2023-10-29
87,Yichi,Zhang,9059,89328,"Clinton, IL",Experior Table Tennis Club,2544,2024-05-05,2621,2019-08-10,ACTIVE,2021 Edgeball Chicago International Open,2623.0,2611.0,2021-10-30,2021-10-31
87,Yichi,Zhang,9059,89328,"Clinton, IL",Experior Table Tennis Club,2544,2024-05-05,2621,2019-08-10,ACTIVE,Edgeball Chicago International Table Tennis Open,2648.0,2647.0,2019-10-26,2019-10-27
87,Yichi,Zhang,9059,89328,"Clinton, IL",Experior Table Tennis Club,2544,2024-05-05,2621,2019-08-10,ACTIVE,Edgeball Chicago International Table Tennis Open,2521.0,2525.0,2018-10-27,2018-10-28
87,Yichi,Zhang,9059,89328,"Clinton, IL",Experior Table Tennis Club,2544,2024-05-05,2621,2019-08-10,ACTIVE,2017 Edgeball Chicago International Open,2600.0,2607.0,2017-08-12,2017-08-12
87,Yichi,Zhang,9059,89328,"Clinton, IL",Experior Table Tennis Club,2544,2024-05-05,2621,2019-08-10,ACTIVE,2016 Edgeball Chicago International Table Tennis Open,2539.0,2542.0,2016-10-29,2016-10-30
94,Yutaka,Nakano,176631,1176631,"Houston, TX",Texas Table Tennis Training Center,2539,2023-11-11,0,,ACTIVE,2022 Edgeball Chicago International Table Tennis Open,2409.0,2453.0,2022-10-29,2022-10-30
113,Seth,Pech,6040,32337,"Strongsville, OH",Strongsville Table Tennis,2521,2024-05-19,2402,2020-11-10,ACTIVE,2021 Edgeball Chicago International Open,2483.0,2484.0,2021-10-30,2021-10-31
113,Seth,Pech,6040,32337,"Strongsville, OH",Strongsville Table Tennis,2521,2024-05-19,2402,2020-11-10,ACTIVE,2016 Edgeball Chicago International Table Tennis Open,2375.0,2310.0,2016-10-29,2016-10-30
125,Chance,Friend,2253,31426,"Canton, MN",Minnesota Table Tennis Federation,2511,2024-08-24,2299,2010-10-05,ACTIVE,2024 Edgeball Teams Tournament,2510.0,2531.0,2024-05-04,2024-05-05
125,Chance,Friend,2253,31426,"Canton, MN",Minnesota Table Tennis Federation,2511,2024-08-24,2299,2010-10-05,ACTIVE,2021 Edgeball Chicago International Open,2530.0,2534.0,2021-10-30,2021-10-31
126,Anav,Gupta,103363,202363,"Cary, NC",NC International Table Tennis (NCITT),2509,2024-09-02,2223,2024-02-04,ACTIVE,2021 Edgeball Chicago International Open,2267.0,2306.0,2021-10-30,2021-10-31
126,Anav,Gupta,103363,202363,"Cary, NC",NC International Table Tennis (NCITT),2509,2024-09-02,2223,2024-02-04,ACTIVE,Edgeball Chicago International Table Tennis Open,1998.0,2003.0,2019-10-26,2019-10-27
128,Yutian,Wang,8330,86990,"Little Neck, NY",Origin Table Tennis Academy,2508,2024-05-05,0,,ACTIVE,2024 Edgeball Teams Tournament,2498.0,2508.0,2024-05-04,2024-05-05
151,Raymond,Lui,4788,23083,"Hong Kong, NY",,2491,2024-03-10,2383,2019-12-28,ACTIVE,2022 Edgeball Chicago International Table Tennis Open,2550.0,2501.0,2022-10-29,2022-10-30
162,Hammed-Taiwo,Adeyinka,123239,222239,Duluth,,2479,2024-08-31,0,,ACTIVE,2022 Edgeball Chicago International Table Tennis Open,2542.0,2544.0,2022-10-29,2022-10-30
166,Chenxi,Sui,173742,272742,"Chicago, IL",,2474,2024-08-11,0,,ACTIVE,2024 Edgeball Teams Tournament,2475.0,2473.0,2024-05-04,2024-05-05
184,Timothy,Wang,8312,18537,"castle pines, CO",Mile High Table Tennis Academy,2455,2024-04-28,2405,2020-02-22,ACTIVE,2023 Edgeball Chicago International Open,2468.0,2473.0,2023-10-28,2023-10-29
184,Timothy,Wang,8312,18537,"castle pines, CO",Mile High Table Tennis Academy,2455,2024-04-28,2405,2020-02-22,ACTIVE,2021 Edgeball Chicago International Open,2477.0,2478.0,2021-10-30,2021-10-31
195,Aditya,Godhwani,2474,82768,"Fremont, CA",(TTA) Table Tennis America,2446,2024-07-07,2308,2024-08-25,ACTIVE,2021 Edgeball Chicago International Open,2416.0,2414.0,2021-10-30,2021-10-31
203,Hasan,Saidov,116306,215306,"Staten Island, NY",Matchpoint Table Tennis Center NJ,2435,2024-07-07,2449,2024-08-09,ACTIVE,2021 Edgeball Chicago International Open,2240.0,2277.0,2021-10-30,2021-10-31
217,Wei,Qi,6295,86458,"Rochester, MN",XNT5 Table Tennis Club,2427,2019-05-25,0,,ACTIVE,2016 Edgeball Chicago International Table Tennis Open,2445.0,2427.0,2016-10-29,2016-10-30
228,Sarah,Jalli,3396,94697,"North Canton, OH",,2418,2024-03-24,2104,2019-06-23,ACTIVE,Edgeball Chicago International Table Tennis Open,2261.0,2274.0,2018-10-27,2018-10-28
232,Alex,Luo,103029,202029,"Dublin, CA",(TTA) Table Tennis America,2415,2024-09-02,2327,2024-08-18,ACTIVE,2021 Edgeball Chicago International Open,2015.0,2025.0,2021-10-30,2021-10-31
232,Alex,Luo,103029,202029,"Dublin, CA",(TTA) Table Tennis America,2415,2024-09-02,2327,2024-08-18,ACTIVE,Edgeball Chicago International Table Tennis Open,1741.0,1758.0,2019-10-26,2019-10-27
232,Alex,Luo,103029,202029,"Dublin, CA",(TTA) Table Tennis America,2415,2024-09-02,2327,2024-08-18,ACTIVE,Edgeball Chicago International Table Tennis Open,1487.0,1456.0,2018-10-27,2018-10-28
232,Alex,Luo,103029,202029,"Dublin, CA",(TTA) Table Tennis America,2415,2024-09-02,2327,2024-08-18,ACTIVE,2017 Edgeball Chicago International Open,674.0,714.0,2017-08-12,2017-08-12
239,Xiaohua,Cui,164234,1164234,"San Francisco, CA",Peninsula Table Tennis Club,2410,2024-06-22,2484,2022-12-11,ACTIVE,Edgeball Chicago International Table Tennis Open,2558.0,2558.0,2019-10-26,2019-10-27
245,Seonbeom,Huh,178381,1178381,"Cornwall-on-Hudson, NY",,2406,2024-06-30,2439,2023-11-17,ACTIVE,2023 Edgeball Chicago International Open,2475.0,2479.0,2023-10-28,2023-10-29
254,Connor,Lee,98388,197388,"Tenafly, NJ",,2397,2024-08-04,2359,2024-06-21,ACTIVE,2023 Edgeball Chicago International Open,2403.0,2379.0,2023-10-28,2023-10-29
254,Connor,Lee,98388,197388,"Tenafly, NJ",,2397,2024-08-04,2359,2024-06-21,ACTIVE,2022 Edgeball Chicago International Table Tennis Open,2301.0,2332.0,2022-10-29,2022-10-30
254,Connor,Lee,98388,197388,"Tenafly, NJ",,2397,2024-08-04,2359,2024-06-21,ACTIVE,2021 Edgeball Chicago International Open,2252.0,2316.0,2021-10-30,2021-10-31
256,Ping Cang,Chen,176772,1176772,"Bayside, NY",Origin Table Tennis Academy,2396,2024-08-25,0,,ACTIVE,2024 Edgeball Teams Tournament,2390.0,2343.0,2024-05-04,2024-05-05
263,Alex,Legaria,4307,91080,"St. Louis, MO",,2389,2024-07-06,0,,ACTIVE,2023 Edgeball Chicago International Open,2406.0,2389.0,2023-10-28,2023-10-29
263,Alex,Legaria,4307,91080,"St. Louis, MO",,2389,2024-07-06,0,,ACTIVE,2021 Edgeball Chicago International Open,2424.0,2426.0,2021-10-30,2021-10-31
263,Alex,Legaria,4307,91080,"St. Louis, MO",,2389,2024-07-06,0,,ACTIVE,2016 Edgeball Chicago International Table Tennis Open,2344.0,2372.0,2016-10-29,2016-10-30
281,Alex,Averin,309,81774,"Garwood, NJ",PINGPOD,2374,2024-08-25,2486,2024-09-06,ACTIVE,2017 Edgeball Chicago International Open,2206.0,2203.0,2017-08-12,2017-08-12
281,Alex,Averin,309,81774,"Garwood, NJ",PINGPOD,2374,2024-08-25,2486,2024-09-06,ACTIVE,2016 Edgeball Chicago International Table Tennis Open,2199.0,2197.0,2016-10-29,2016-10-30
283,Isabella,Xu,102353,98155,"Cary, NC",NC International Table Tennis (NCITT),2374,2024-08-04,2299,2024-05-17,ACTIVE,Edgeball Chicago International Table Tennis Open,2214.0,2097.0,2019-10-26,2019-10-27
295,Max,Ji,112695,211695,vancouver,,2362,2023-11-26,0,,ACTIVE,2022 Edgeball Chicago International Table Tennis Open,2369.0,2390.0,2022-10-29,2022-10-30
298,Rachel,Wang,8298,96633,"Apex, NC",Carolina International Table Tennis Academy (CITTA),2359,2024-05-27,1663,2018-07-27,ACTIVE,2023 Edgeball Chicago International Open,2303.0,2267.0,2023-10-28,2023-10-29
305,Michael,Wolski,8538,81963,"Schaumburg, IL",Experior Table Tennis Club,2352,2024-04-21,2402,2020-02-08,ACTIVE,Edgeball Chicago International Table Tennis Open,2298.0,2333.0,2019-10-26,2019-10-27
305,Michael,Wolski,8538,81963,"Schaumburg, IL",Experior Table Tennis Club,2352,2024-04-21,2402,2020-02-08,ACTIVE,Edgeball Chicago International Table Tennis Open,2330.0,2304.0,2018-10-27,2018-10-28
305,Michael,Wolski,8538,81963,"Schaumburg, IL",Experior Table Tennis Club,2352,2024-04-21,2402,2020-02-08,ACTIVE,2016 Edgeball Chicago International Table Tennis Open,2285.0,2275.0,2016-10-29,2016-10-30
307,Jerry,Dydynski,1908,92954,"Wood Dale, IL",Experior Table Tennis Club,2350,2019-04-06,2011,2020-08-07,ACTIVE,Edgeball Chicago International Table Tennis Open,1951.0,1981.0,2018-10-27,2018-10-28
307,Jerry,Dydynski,1908,92954,"Wood Dale, IL",Experior Table Tennis Club,2350,2019-04-06,2011,2020-08-07,ACTIVE,2017 Edgeball Chicago International Open,1990.0,2008.0,2017-08-12,2017-08-12
307,Jerry,Dydynski,1908,92954,"Wood Dale, IL",Experior Table Tennis Club,2350,2019-04-06,2011,2020-08-07,ACTIVE,2016 Edgeball Chicago International Table Tennis Open,1971.0,1953.0,2016-10-29,2016-10-30
311,Ludovic,Gombos,22607,32497,"Dallas, TX",,2348,2024-03-24,0,,ACTIVE,2023 Edgeball Chicago International Open,2360.0,2372.0,2023-10-28,2023-10-29
311,Ludovic,Gombos,22607,32497,"Dallas, TX",,2348,2024-03-24,0,,ACTIVE,2021 Edgeball Chicago International Open,2263.0,2311.0,2021-10-30,2021-10-31
326,Jordan,Grewal,166826,1166826,Mississauga,,2343,2023-11-26,0,,ACTIVE,2022 Edgeball Chicago International Table Tennis Open,2296.0,2302.0,2022-10-29,2022-10-30
333,Emmanuel,Tuglo,104212,203212,"Lawrenceville, GA",,2339,2024-08-31,0,,ACTIVE,2021 Edgeball Chicago International Open,2319.0,2304.0,2021-10-30,2021-10-31
334,Isiaka,Wahab,124610,223610,Indianapolis,,2339,2024-06-02,2219,2019-12-20,ACTIVE,2022 Edgeball Chicago International Table Tennis Open,2392.0,2391.0,2022-10-29,2022-10-30
334,Isiaka,Wahab,124610,223610,Indianapolis,,2339,2024-06-02,2219,2019-12-20,ACTIVE,Edgeball Chicago International Table Tennis Open,2287.0,2286.0,2018-10-27,2018-10-28
356,Brian,Chen,15130,31519,"Chicago, CA",,2327,2024-06-02,2201,2018-03-30,ACTIVE,2024 Edgeball Teams Tournament,2222.0,2244.0,2024-05-04,2024-05-05
357,Wojciech,Wolski,8539,58869,"Schaumburg, IL",Experior Table Tennis Club,2327,2020-01-17,2243,2020-02-08,ACTIVE,Edgeball Chicago International Table Tennis Open,2298.0,2326.0,2019-10-26,2019-10-27
357,Wojciech,Wolski,8539,58869,"Schaumburg, IL",Experior Table Tennis Club,2327,2020-01-17,2243,2020-02-08,ACTIVE,Edgeball Chicago International Table Tennis Open,2355.0,2337.0,2018-10-27,2018-10-28
362,Daniel,Seemiller,6920,9870,"New Carlisle, IN",South Bend Table Tennis Club,2324,2023-03-19,0,,ACTIVE,2016 Edgeball Chicago International Table Tennis Open,2437.0,2458.0,2016-10-29,2016-10-30
363,Lukasz,Fita,2156,31834,"Chicago, IL",Spin NY,2324,2021-10-31,0,,ACTIVE,2021 Edgeball Chicago International Open,2310.0,2324.0,2021-10-30,2021-10-31
364,Siddhesh,Kubal,170696,269696,"Seattle, WA",Seattle Pacific Table Tennis Club,2324,2024-04-28,2363,2024-07-06,ACTIVE,2021 Edgeball Chicago International Open,2370.0,2356.0,2021-10-30,2021-10-31
367,Husen,Saidov,116307,215307,"Staten Island, NY",Matchpoint Table Tennis Center NJ,2320,2024-08-11,2357,2024-09-06,ACTIVE,2021 Edgeball Chicago International Open,2216.0,2236.0,2021-10-30,2021-10-31
381,Artur,Kurek,4017,76969,"River Grove, IL",Net and Paddle Club,2311,2024-04-21,2275,2020-02-08,ACTIVE,2016 Edgeball Chicago International Table Tennis Open,2304.0,2305.0,2016-10-29,2016-10-30
382,Daniel,Stepanyuk,7418,95162,"Lincon, NE",,2311,2022-07-01,2004,2020-03-12,ACTIVE,2021 Edgeball Chicago International Open,2343.0,2331.0,2021-10-30,2021-10-31
382,Daniel,Stepanyuk,7418,95162,"Lincon, NE",,2311,2022-07-01,2004,2020-03-12,ACTIVE,Edgeball Chicago International Table Tennis Open,2180.0,2157.0,2019-10-26,2019-10-27
382,Daniel,Stepanyuk,7418,95162,"Lincon, NE",,2311,2022-07-01,2004,2020-03-12,ACTIVE,Edgeball Chicago International Table Tennis Open,2254.0,2171.0,2018-10-27,2018-10-28
386,Gediminas,Mickus,120276,219276,"Chicago, IL",Experior Table Tennis Club,2308,2024-03-17,2253,2019-09-13,ACTIVE,2023 Edgeball Chicago International Open,2329.0,2336.0,2023-10-28,2023-10-29
386,Gediminas,Mickus,120276,219276,"Chicago, IL",Experior Table Tennis Club,2308,2024-03-17,2253,2019-09-13,ACTIVE,2021 Edgeball Chicago International Open,2223.0,2235.0,2021-10-30,2021-10-31
386,Gediminas,Mickus,120276,219276,"Chicago, IL",Experior Table Tennis Club,2308,2024-03-17,2253,2019-09-13,ACTIVE,Edgeball Chicago International Table Tennis Open,2220.0,2225.0,2019-10-26,2019-10-27
386,Gediminas,Mickus,120276,219276,"Chicago, IL",Experior Table Tennis Club,2308,2024-03-17,2253,2019-09-13,ACTIVE,Edgeball Chicago International Table Tennis Open,2228.0,2258.0,2018-10-27,2018-10-28
386,Gediminas,Mickus,120276,219276,"Chicago, IL",Experior Table Tennis Club,2308,2024-03-17,2253,2019-09-13,ACTIVE,2017 Edgeball Chicago International Open,0.0,2206.0,2017-08-12,2017-08-12
390,Mandy,Yu,123971,222971,"Byron, MN",Rochester Table Tennis Club,2305,2024-07-07,2291,2023-08-25,ACTIVE,2023 Edgeball Chicago International Open,2214.0,2305.0,2023-10-28,2023-10-29
390,Mandy,Yu,123971,222971,"Byron, MN",Rochester Table Tennis Club,2305,2024-07-07,2291,2023-08-25,ACTIVE,2022 Edgeball Chicago International Table Tennis Open,2065.0,2086.0,2022-10-29,2022-10-30
390,Mandy,Yu,123971,222971,"Byron, MN",Rochester Table Tennis Club,2305,2024-07-07,2291,2023-08-25,ACTIVE,Edgeball Chicago International Table Tennis Open,1513.0,1791.0,2019-10-26,2019-10-27
390,Mandy,Yu,123971,222971,"Byron, MN",Rochester Table Tennis Club,2305,2024-07-07,2291,2023-08-25,ACTIVE,Edgeball Chicago International Table Tennis Open,921.0,1110.0,2018-10-27,2018-10-28
398,Changwoo,Lim,4513,93106,"Little Ferry, NJ",TAK9 Club ,2300,2023-12-21,2349,2023-12-08,ACTIVE,2021 Edgeball Chicago International Open,2352.0,2320.0,2021-10-30,2021-10-31
402,Maxwell,Liu,122774,221774,Eagan,,2299,2024-05-05,1830,2019-08-24,ACTIVE,2024 Edgeball Teams Tournament,2293.0,2299.0,2024-05-04,2024-05-05
402,Maxwell,Liu,122774,221774,Eagan,,2299,2024-05-05,1830,2019-08-24,ACTIVE,2023 Edgeball Chicago International Open,2279.0,2274.0,2023-10-28,2023-10-29
402,Maxwell,Liu,122774,221774,Eagan,,2299,2024-05-05,1830,2019-08-24,ACTIVE,2022 Edgeball Chicago International Table Tennis Open,2202.0,2228.0,2022-10-29,2022-10-30
402,Maxwell,Liu,122774,221774,Eagan,,2299,2024-05-05,1830,2019-08-24,ACTIVE,2021 Edgeball Chicago International Open,1877.0,2199.0,2021-10-30,2021-10-31
402,Maxwell,Liu,122774,221774,Eagan,,2299,2024-05-05,1830,2019-08-24,ACTIVE,Edgeball Chicago International Table Tennis Open,1857.0,1871.0,2019-10-26,2019-10-27
404,Zhiyu,Xie,181434,1181434,Park Ridge,,2298,2024-05-05,0,,ACTIVE,2024 Edgeball Teams Tournament,2300.0,2298.0,2024-05-04,2024-05-05
415,Vinay,Chandra,1045,34825,"Highlands Ranch, CO",Mile High Table Tennis Academy,2290,2024-08-04,2176,2024-05-25,ACTIVE,2024 Edgeball Teams Tournament,2328.0,2211.0,2024-05-04,2024-05-05
415,Vinay,Chandra,1045,34825,"Highlands Ranch, CO",Mile High Table Tennis Academy,2290,2024-08-04,2176,2024-05-25,ACTIVE,2023 Edgeball Chicago International Open,2199.0,2226.0,2023-10-28,2023-10-29
415,Vinay,Chandra,1045,34825,"Highlands Ranch, CO",Mile High Table Tennis Academy,2290,2024-08-04,2176,2024-05-25,ACTIVE,2022 Edgeball Chicago International Table Tennis Open,2286.0,2222.0,2022-10-29,2022-10-30
415,Vinay,Chandra,1045,34825,"Highlands Ranch, CO",Mile High Table Tennis Academy,2290,2024-08-04,2176,2024-05-25,ACTIVE,2021 Edgeball Chicago International Open,2156.0,2099.0,2021-10-30,2021-10-31
415,Vinay,Chandra,1045,34825,"Highlands Ranch, CO",Mile High Table Tennis Academy,2290,2024-08-04,2176,2024-05-25,ACTIVE,Edgeball Chicago International Table Tennis Open,2186.0,2164.0,2019-10-26,2019-10-27
435,Changbo,Lu,103365,202365,"Cary, NC",Triangle Badminton & Table Tennis,2282,2024-03-24,0,,ACTIVE,2023 Edgeball Chicago International Open,2404.0,2390.0,2023-10-28,2023-10-29
435,Changbo,Lu,103365,202365,"Cary, NC",Triangle Badminton & Table Tennis,2282,2024-03-24,0,,ACTIVE,2022 Edgeball Chicago International Table Tennis Open,2369.0,2237.0,2022-10-29,2022-10-30
435,Changbo,Lu,103365,202365,"Cary, NC",Triangle Badminton & Table Tennis,2282,2024-03-24,0,,ACTIVE,2021 Edgeball Chicago International Open,2230.0,2248.0,2021-10-30,2021-10-31
435,Changbo,Lu,103365,202365,"Cary, NC",Triangle Badminton & Table Tennis,2282,2024-03-24,0,,ACTIVE,Edgeball Chicago International Table Tennis Open,2020.0,2061.0,2019-10-26,2019-10-27
445,Martin,Rogers,43290,80095,"Newport Beach *, CA",,2276,2021-12-22,2228,2021-11-07,ACTIVE,2021 Edgeball Chicago International Open,2281.0,2268.0,2021-10-30,2021-10-31
461,Dan,Seemiller Jr,6921,27825,"El Paso, TX",El Paso Table Tennis Club,2267,2024-07-27,2164,2022-09-23,ACTIVE,2022 Edgeball Chicago International Table Tennis Open,2187.0,2226.0,2022-10-29,2022-10-30
462,Dian,Li,4401,89742,"Des Plaines, IL",New Orleans Table Tennis Club,2267,2023-10-29,0,,ACTIVE,2023 Edgeball Chicago International Open,2254.0,2267.0,2023-10-28,2023-10-29
468,Anastasiia,Rybka,6706,93896,"Arlington, TX",Gilbert Table Tennis Center,2262,2023-12-21,0,,ACTIVE,Edgeball Chicago International Table Tennis Open,2339.0,2343.0,2018-10-27,2018-10-28
471,Olouwachehoun,Guiganfode,102799,201799,"Indianapolis, IN",,2259,2024-08-11,0,,ACTIVE,2023 Edgeball Chicago International Open,2315.0,2285.0,2023-10-28,2023-10-29
471,Olouwachehoun,Guiganfode,102799,201799,"Indianapolis, IN",,2259,2024-08-11,0,,ACTIVE,2021 Edgeball Chicago International Open,2406.0,2432.0,2021-10-30,2021-10-31
471,Olouwachehoun,Guiganfode,102799,201799,"Indianapolis, IN",,2259,2024-08-11,0,,ACTIVE,Edgeball Chicago International Table Tennis Open,2328.0,2362.0,2018-10-27,2018-10-28
475,Carmen,Yu,118532,217532,"Fort Washington, PA",,2257,2024-07-07,2002,2022-08-26,ACTIVE,2022 Edgeball Chicago International Table Tennis Open,2067.0,2093.0,2022-10-29,2022-10-30
478,Keith,Pech,6039,32336,"Irving, TX",DFW Table Tennis,2256,2024-08-31,2221,2022-05-23,ACTIVE,2021 Edgeball Chicago International Open,2313.0,2314.0,2021-10-30,2021-10-31
482,Abigail,YU,170965,269965,"Byron, MN",Rochester Table Tennis Club,2252,2024-07-07,2158,2023-08-25,ACTIVE,2023 Edgeball Chicago International Open,2094.0,2121.0,2023-10-28,2023-10-29
482,Abigail,YU,170965,269965,"Byron, MN",Rochester Table Tennis Club,2252,2024-07-07,2158,2023-08-25,ACTIVE,2022 Edgeball Chicago International Table Tennis Open,2070.0,2054.0,2022-10-29,2022-10-30
500,Subham,Kundu,30285,129285,"Milpitas, CA",ICC Table Tennis Center,2245,2022-09-04,2292,2020-10-17,ACTIVE,2021 Edgeball Chicago International Open,2208.0,2205.0,2021-10-30,2021-10-31
519,Donald,Hinshaw,25169,32907,"Rochester, MI",Davison Athletic Club,2235,2024-05-19,2088,2013-02-02,ACTIVE,2023 Edgeball Chicago International Open,2170.0,2185.0,2023-10-28,2023-10-29
519,Donald,Hinshaw,25169,32907,"Rochester, MI",Davison Athletic Club,2235,2024-05-19,2088,2013-02-02,ACTIVE,2022 Edgeball Chicago International Table Tennis Open,2184.0,2182.0,2022-10-29,2022-10-30
519,Donald,Hinshaw,25169,32907,"Rochester, MI",Davison Athletic Club,2235,2024-05-19,2088,2013-02-02,ACTIVE,2021 Edgeball Chicago International Open,2211.0,2239.0,2021-10-30,2021-10-31
519,Donald,Hinshaw,25169,32907,"Rochester, MI",Davison Athletic Club,2235,2024-05-19,2088,2013-02-02,ACTIVE,Edgeball Chicago International Table Tennis Open,2184.0,2188.0,2018-10-27,2018-10-28
530,Roger,Liu,4642,82029,"New York, OH",Twinsburg Table Tennis Club,2230,2024-08-25,2197,2017-06-24,ACTIVE,2016 Edgeball Chicago International Table Tennis Open,2249.0,2234.0,2016-10-29,2016-10-30
533,Behzad,Ranjbar,176807,1176807,Coralville,,2230,2024-03-17,0,,ACTIVE,2023 Edgeball Chicago International Open,2222.0,2188.0,2023-10-28,2023-10-29
533,Behzad,Ranjbar,176807,1176807,Coralville,,2230,2024-03-17,0,,ACTIVE,2022 Edgeball Chicago International Table Tennis Open,2262.0,2244.0,2022-10-29,2022-10-30
538,John,Mar,4973,5185,"Lawrenceville, GA",Atlanta International Table Tennis Academy,2228,2024-07-14,2152,2008-08-02,ACTIVE,2022 Edgeball Chicago International Table Tennis Open,2160.0,2255.0,2022-10-29,2022-10-30
542,jiaqi,Song,181578,280578,"Madison, TN",Carroll Area TTC,2227,2024-05-05,0,,ACTIVE,2024 Edgeball Teams Tournament,2203.0,2227.0,2024-05-04,2024-05-05
542,jiaqi,Song,181578,280578,"Madison, TN",Carroll Area TTC,2227,2024-05-05,0,,ACTIVE,2023 Edgeball Chicago International Open,0.0,2203.0,2023-10-28,2023-10-29
545,Agnieszka,Maluszczak,131166,230166,"Brooklyn, NY",PINGPOD,2226,2024-07-28,2025,2024-04-24,ACTIVE,2024 Edgeball Teams Tournament,2190.0,2292.0,2024-05-04,2024-05-05
546,Kary,Fang,112608,211608,"Fort Collins, CO",Mile High Table Tennis Academy,2226,2024-08-04,670,2017-08-13,ACTIVE,2023 Edgeball Chicago International Open,2161.0,2192.0,2023-10-28,2023-10-29
556,Joseph,Yoon,54834,22410,"Lincolnwood, IL",,2221,2019-05-25,2034,2021-10-16,ACTIVE,Edgeball Chicago International Table Tennis Open,2108.0,2099.0,2018-10-27,2018-10-28
556,Joseph,Yoon,54834,22410,"Lincolnwood, IL",,2221,2019-05-25,2034,2021-10-16,ACTIVE,2016 Edgeball Chicago International Table Tennis Open,2017.0,2016.0,2016-10-29,2016-10-30
562,Hannah,Song,104187,203187,"Katy, TX",Houston International Table Tennis Academy (HITTA),2219,2024-08-11,2323,2024-06-29,ACTIVE,2023 Edgeball Chicago International Open,2172.0,2186.0,2023-10-28,2023-10-29
562,Hannah,Song,104187,203187,"Katy, TX",Houston International Table Tennis Academy (HITTA),2219,2024-08-11,2323,2024-06-29,ACTIVE,2022 Edgeball Chicago International Table Tennis Open,2142.0,2270.0,2022-10-29,2022-10-30
570,Kenai,Rios,112820,211820,"Clayton, NC",Carolina International Table Tennis Academy (CITTA),2217,2024-07-07,0,,ACTIVE,Edgeball Chicago International Table Tennis Open,1601.0,1782.0,2019-10-26,2019-10-27
570,Kenai,Rios,112820,211820,"Clayton, NC",Carolina International Table Tennis Academy (CITTA),2217,2024-07-07,0,,ACTIVE,2017 Edgeball Chicago International Open,881.0,1013.0,2017-08-12,2017-08-12
570,Kenai,Rios,112820,211820,"Clayton, NC",Carolina International Table Tennis Academy (CITTA),2217,2024-07-07,0,,ACTIVE,2016 Edgeball Chicago International Table Tennis Open,874.0,905.0,2016-10-29,2016-10-30
572,Ian,Seidenfeld,6931,80503,"Lakeville, MN",Table Tennis Minnesota,2215,2024-07-07,2316,2023-01-27,ACTIVE,2024 Edgeball Teams Tournament,2170.0,2225.0,2024-05-04,2024-05-05
572,Ian,Seidenfeld,6931,80503,"Lakeville, MN",Table Tennis Minnesota,2215,2024-07-07,2316,2023-01-27,ACTIVE,2023 Edgeball Chicago International Open,2223.0,2162.0,2023-10-28,2023-10-29
572,Ian,Seidenfeld,6931,80503,"Lakeville, MN",Table Tennis Minnesota,2215,2024-07-07,2316,2023-01-27,ACTIVE,2022 Edgeball Chicago International Table Tennis Open,2167.0,2163.0,2022-10-29,2022-10-30
598,Marty,Stoner,7450,96235,"South Bend, IN",,2203,2024-03-17,0,,ACTIVE,2016 Edgeball Chicago International Table Tennis Open,1970.0,1976.0,2016-10-29,2016-10-30
604,Nachiket,Joshi,27920,82374,"Madison, WI",,2202,2024-05-18,0,,ACTIVE,2017 Edgeball Chicago International Open,2231.0,2230.0,2017-08-12,2017-08-12
606,Haizhu,Yang,171743,1171743,"Lake Oswego, OR",,2202,2023-12-21,0,,ACTIVE,2023 Edgeball Chicago International Open,2124.0,2123.0,2023-10-28,2023-10-29
606,Haizhu,Yang,171743,1171743,"Lake Oswego, OR",,2202,2023-12-21,0,,ACTIVE,2022 Edgeball Chicago International Table Tennis Open,2066.0,2035.0,2022-10-29,2022-10-30
608,Itziar A,Rios,112821,211821,"Raleigh, NC",,2201,2024-07-07,0,,ACTIVE,Edgeball Chicago International Table Tennis Open,2009.0,1998.0,2019-10-26,2019-10-27
608,Itziar A,Rios,112821,211821,"Raleigh, NC",,2201,2024-07-07,0,,ACTIVE,2017 Edgeball Chicago International Open,1896.0,1902.0,2017-08-12,2017-08-12
608,Itziar A,Rios,112821,211821,"Raleigh, NC",,2201,2024-07-07,0,,ACTIVE,2016 Edgeball Chicago International Table Tennis Open,1693.0,1782.0,2016-10-29,2016-10-30
616,Tony,Ma,116463,215463,"Cary, NC",Triangle Badminton & Table Tennis,2200,2024-09-02,2066,2024-09-08,ACTIVE,Edgeball Chicago International Table Tennis Open,2012.0,2060.0,2019-10-26,2019-10-27
620,Tsz Lun (Alan),Chu,1338,79092,"High Point, NC",,2198,2024-07-07,2091,2018-08-04,ACTIVE,Edgeball Chicago International Table Tennis Open,2059.0,2092.0,2018-10-27,2018-10-28
624,Thomas,Yu,8937,62089,"Fort Washington, PA",,2197,2024-07-07,2240,2022-07-30,ACTIVE,2022 Edgeball Chicago International Table Tennis Open,2244.0,2219.0,2022-10-29,2022-10-30
637,Julio,Gonzales,172802,271802,"Romeoville, IL",Experior Table Tennis Club,2192,2024-04-14,2124,2021-10-16,ACTIVE,2021 Edgeball Chicago International Open,0.0,2010.0,2021-10-30,2021-10-31
650,Zayd,Syed,119014,218014,"Mundelein, IL",,2187,2023-07-07,0,,ACTIVE,2022 Edgeball Chicago International Table Tennis Open,2180.0,2096.0,2022-10-29,2022-10-30
650,Zayd,Syed,119014,218014,"Mundelein, IL",,2187,2023-07-07,0,,ACTIVE,2021 Edgeball Chicago International Open,1871.0,2094.0,2021-10-30,2021-10-31
650,Zayd,Syed,119014,218014,"Mundelein, IL",,2187,2023-07-07,0,,ACTIVE,Edgeball Chicago International Table Tennis Open,2008.0,1977.0,2019-10-26,2019-10-27
650,Zayd,Syed,119014,218014,"Mundelein, IL",,2187,2023-07-07,0,,ACTIVE,Edgeball Chicago International Table Tennis Open,1602.0,1628.0,2018-10-27,2018-10-28
650,Zayd,Syed,119014,218014,"Mundelein, IL",,2187,2023-07-07,0,,ACTIVE,2017 Edgeball Chicago International Open,885.0,859.0,2017-08-12,2017-08-12
673,Guilherme,Shikama,178686,1178686,"Sterling Heights, MI",,2179,2024-05-19,0,,ACTIVE,2023 Edgeball Chicago International Open,2047.0,2048.0,2023-10-28,2023-10-29
678,Manohar,Karthikeyan,3637,94381,"Firestone, CO",Mile High Table Tennis Academy,2177,2024-05-05,2216,2022-11-20,ACTIVE,2024 Edgeball Teams Tournament,2210.0,2177.0,2024-05-04,2024-05-05
683,Dido,Dutta,102059,98251,"Newark, CA",888 Table Tennis Center,2177,2023-03-05,2147,2020-10-04,ACTIVE,2021 Edgeball Chicago International Open,2130.0,2148.0,2021-10-30,2021-10-31
691,Janusz,Franeczek,2231,26185,"Schiller Park, IL",,2173,2024-04-21,2214,2020-03-06,ACTIVE,2022 Edgeball Chicago International Table Tennis Open,2147.0,2144.0,2022-10-29,2022-10-30
691,Janusz,Franeczek,2231,26185,"Schiller Park, IL",,2173,2024-04-21,2214,2020-03-06,ACTIVE,2021 Edgeball Chicago International Open,2109.0,2109.0,2021-10-30,2021-10-31
691,Janusz,Franeczek,2231,26185,"Schiller Park, IL",,2173,2024-04-21,2214,2020-03-06,ACTIVE,Edgeball Chicago International Table Tennis Open,2162.0,2169.0,2019-10-26,2019-10-27
691,Janusz,Franeczek,2231,26185,"Schiller Park, IL",,2173,2024-04-21,2214,2020-03-06,ACTIVE,Edgeball Chicago International Table Tennis Open,2180.0,2149.0,2018-10-27,2018-10-28
691,Janusz,Franeczek,2231,26185,"Schiller Park, IL",,2173,2024-04-21,2214,2020-03-06,ACTIVE,2016 Edgeball Chicago International Table Tennis Open,2163.0,2167.0,2016-10-29,2016-10-30
692,Ladislav,Sranko,7367,86454,"Waukesha, WI",Milwaukee Table Tennis Club,2173,2024-05-18,2035,2019-02-03,ACTIVE,2024 Edgeball Teams Tournament,2160.0,2173.0,2024-05-04,2024-05-05
692,Ladislav,Sranko,7367,86454,"Waukesha, WI",Milwaukee Table Tennis Club,2173,2024-05-18,2035,2019-02-03,ACTIVE,Edgeball Chicago International Table Tennis Open,2050.0,2052.0,2018-10-27,2018-10-28
692,Ladislav,Sranko,7367,86454,"Waukesha, WI",Milwaukee Table Tennis Club,2173,2024-05-18,2035,2019-02-03,ACTIVE,2016 Edgeball Chicago International Table Tennis Open,2066.0,2079.0,2016-10-29,2016-10-30
694,Kelly,Zhao,9084,86018,"Plano, TX",,2172,2024-03-16,2195,2019-10-26,ACTIVE,2017 Edgeball Chicago International Open,2053.0,2168.0,2017-08-12,2017-08-12
717,Khang,Nguyen,167870,266870,"Chapel hill, NC",,2163,2024-08-04,0,,ACTIVE,2022 Edgeball Chicago International Table Tennis Open,1943.0,1943.0,2022-10-29,2022-10-30
717,Khang,Nguyen,167870,266870,"Chapel hill, NC",,2163,2024-08-04,0,,ACTIVE,Edgeball Chicago International Table Tennis Open,0.0,1943.0,2019-10-26,2019-10-27
718,Joe,Podvin,6183,13313,"Brooklyn Park, MN",Table Tennis Minnesota,2162,2024-05-05,2016,2013-04-13,ACTIVE,2024 Edgeball Teams Tournament,2170.0,2162.0,2024-05-04,2024-05-05
718,Joe,Podvin,6183,13313,"Brooklyn Park, MN",Table Tennis Minnesota,2162,2024-05-05,2016,2013-04-13,ACTIVE,2016 Edgeball Chicago International Table Tennis Open,2236.0,2245.0,2016-10-29,2016-10-30
719,Matthew,Hetherington,25003,91731,"Rockville, MD",Maryland T.T. Association,2162,2023-07-01,2292,2020-08-07,ACTIVE,2022 Edgeball Chicago International Table Tennis Open,2154.0,2181.0,2022-10-29,2022-10-30
723,Geetha,Krishna,125135,224135,"Marietta, GA",East Cobb Sports Table Tennis,2160,2024-08-18,0,,ACTIVE,2023 Edgeball Chicago International Open,2060.0,2065.0,2023-10-28,2023-10-29
723,Geetha,Krishna,125135,224135,"Marietta, GA",East Cobb Sports Table Tennis,2160,2024-08-18,0,,ACTIVE,2022 Edgeball Chicago International Table Tennis Open,1886.0,1900.0,2022-10-29,2022-10-30
724,Igor,Falchuk,2057,95008,"Darien, IL",,2159,2024-07-07,2230,2021-10-16,ACTIVE,2023 Edgeball Chicago International Open,2149.0,2289.0,2023-10-28,2023-10-29
724,Igor,Falchuk,2057,95008,"Darien, IL",,2159,2024-07-07,2230,2021-10-16,ACTIVE,2022 Edgeball Chicago International Table Tennis Open,2254.0,2355.0,2022-10-29,2022-10-30
724,Igor,Falchuk,2057,95008,"Darien, IL",,2159,2024-07-07,2230,2021-10-16,ACTIVE,2021 Edgeball Chicago International Open,2216.0,2156.0,2021-10-30,2021-10-31
724,Igor,Falchuk,2057,95008,"Darien, IL",,2159,2024-07-07,2230,2021-10-16,ACTIVE,Edgeball Chicago International Table Tennis Open,2029.0,2075.0,2019-10-26,2019-10-27
724,Igor,Falchuk,2057,95008,"Darien, IL",,2159,2024-07-07,2230,2021-10-16,ACTIVE,Edgeball Chicago International Table Tennis Open,2083.0,1920.0,2018-10-27,2018-10-28
724,Igor,Falchuk,2057,95008,"Darien, IL",,2159,2024-07-07,2230,2021-10-16,ACTIVE,2017 Edgeball Chicago International Open,2123.0,2098.0,2017-08-12,2017-08-12
724,Igor,Falchuk,2057,95008,"Darien, IL",,2159,2024-07-07,2230,2021-10-16,ACTIVE,2016 Edgeball Chicago International Table Tennis Open,2007.0,2014.0,2016-10-29,2016-10-30
732,Medha,Krishna,119837,218837,"Marietta, GA",East Cobb Sports Table Tennis,2158,2024-08-18,0,,ACTIVE,2023 Edgeball Chicago International Open,2147.0,2239.0,2023-10-28,2023-10-29
732,Medha,Krishna,119837,218837,"Marietta, GA",East Cobb Sports Table Tennis,2158,2024-08-18,0,,ACTIVE,2022 Edgeball Chicago International Table Tennis Open,2073.0,2088.0,2022-10-29,2022-10-30
758,Jack,Allen,137,70484,"Cincinatti, KY",Southern Indiana Table Tennis Association,2149,2024-06-15,1649,2013-01-02,ACTIVE,2023 Edgeball Chicago International Open,2227.0,2160.0,2023-10-28,2023-10-29
758,Jack,Allen,137,70484,"Cincinatti, KY",Southern Indiana Table Tennis Association,2149,2024-06-15,1649,2013-01-02,ACTIVE,2017 Edgeball Chicago International Open,2169.0,2110.0,2017-08-12,2017-08-12
767,Leon,Li,4439,14682,"Wheaton, IL",Experior Table Tennis Club,2147,2024-07-07,2108,2021-10-16,ACTIVE,2024 Edgeball Teams Tournament,2137.0,2124.0,2024-05-04,2024-05-05
767,Leon,Li,4439,14682,"Wheaton, IL",Experior Table Tennis Club,2147,2024-07-07,2108,2021-10-16,ACTIVE,2022 Edgeball Chicago International Table Tennis Open,2183.0,2180.0,2022-10-29,2022-10-30
767,Leon,Li,4439,14682,"Wheaton, IL",Experior Table Tennis Club,2147,2024-07-07,2108,2021-10-16,ACTIVE,2021 Edgeball Chicago International Open,2294.0,2286.0,2021-10-30,2021-10-31
767,Leon,Li,4439,14682,"Wheaton, IL",Experior Table Tennis Club,2147,2024-07-07,2108,2021-10-16,ACTIVE,Edgeball Chicago International Table Tennis Open,2110.0,2105.0,2019-10-26,2019-10-27
767,Leon,Li,4439,14682,"Wheaton, IL",Experior Table Tennis Club,2147,2024-07-07,2108,2021-10-16,ACTIVE,Edgeball Chicago International Table Tennis Open,2148.0,2175.0,2018-10-27,2018-10-28
767,Leon,Li,4439,14682,"Wheaton, IL",Experior Table Tennis Club,2147,2024-07-07,2108,2021-10-16,ACTIVE,2017 Edgeball Chicago International Open,2106.0,2098.0,2017-08-12,2017-08-12
767,Leon,Li,4439,14682,"Wheaton, IL",Experior Table Tennis Club,2147,2024-07-07,2108,2021-10-16,ACTIVE,2016 Edgeball Chicago International Table Tennis Open,2100.0,2104.0,2016-10-29,2016-10-30
768,David,Roberts,6562,55604,"Bellevue, WA",Seattle Pacific Table Tennis Club,2147,2023-12-10,2169,2023-12-30,ACTIVE,2022 Edgeball Chicago International Table Tennis Open,2190.0,2188.0,2022-10-29,2022-10-30
768,David,Roberts,6562,55604,"Bellevue, WA",Seattle Pacific Table Tennis Club,2147,2023-12-10,2169,2023-12-30,ACTIVE,2021 Edgeball Chicago International Open,2228.0,2128.0,2021-10-30,2021-10-31
773,Wayne,Wasielewski,8350,10946,"Prospect Heights, IL",Edge Table Tennis Club,2146,2018-10-28,2025,2020-02-01,ACTIVE,Edgeball Chicago International Table Tennis Open,2162.0,2146.0,2018-10-27,2018-10-28
773,Wayne,Wasielewski,8350,10946,"Prospect Heights, IL",Edge Table Tennis Club,2146,2018-10-28,2025,2020-02-01,ACTIVE,2017 Edgeball Chicago International Open,2062.0,2057.0,2017-08-12,2017-08-12
773,Wayne,Wasielewski,8350,10946,"Prospect Heights, IL",Edge Table Tennis Club,2146,2018-10-28,2025,2020-02-01,ACTIVE,2016 Edgeball Chicago International Table Tennis Open,2082.0,2064.0,2016-10-29,2016-10-30
782,Preston,Stecklein,120273,219273,"Haddonfield, NJ",Lily Yip Table Tennis Center,2143,2023-11-26,2134,2024-08-02,ACTIVE,2017 Edgeball Chicago International Open,0.0,1669.0,2017-08-12,2017-08-12
799,Yu-chung,Lin,113281,212281,"Stony Brook, NY",,2138,2024-05-05,2258,2023-07-11,ACTIVE,2024 Edgeball Teams Tournament,2135.0,2138.0,2024-05-04,2024-05-05
810,Joshua,Susana,168168,267168,"Plainfield, IN",IndyPong TTC,2135,2024-03-17,1998,2024-04-08,ACTIVE,2022 Edgeball Chicago International Table Tennis Open,1940.0,1928.0,2022-10-29,2022-10-30
810,Joshua,Susana,168168,267168,"Plainfield, IN",IndyPong TTC,2135,2024-03-17,1998,2024-04-08,ACTIVE,2021 Edgeball Chicago International Open,1928.0,1874.0,2021-10-30,2021-10-31
822,CHIRAG,PRADHAN,175994,274994,"Fremont, CA",(TTA) Table Tennis America,2130,2024-07-07,2017,2024-06-29,ACTIVE,2022 Edgeball Chicago International Table Tennis Open,1392.0,1541.0,2022-10-29,2022-10-30
830,Hamza,Godil,167888,266888,,,2127,2024-08-11,0,,ACTIVE,2024 Edgeball Teams Tournament,2169.0,2198.0,2024-05-04,2024-05-05
830,Hamza,Godil,167888,266888,,,2127,2024-08-11,0,,ACTIVE,2023 Edgeball Chicago International Open,2226.0,2142.0,2023-10-28,2023-10-29
830,Hamza,Godil,167888,266888,,,2127,2024-08-11,0,,ACTIVE,2022 Edgeball Chicago International Table Tennis Open,2233.0,2203.0,2022-10-29,2022-10-30
830,Hamza,Godil,167888,266888,,,2127,2024-08-11,0,,ACTIVE,Edgeball Chicago International Table Tennis Open,0.0,2233.0,2019-10-26,2019-10-27
835,Sam,Lawton,4177,92490,"Raleigh, NC",Triangle Badminton & Table Tennis,2124,2024-08-04,2207,2023-09-07,ACTIVE,2021 Edgeball Chicago International Open,2002.0,1937.0,2021-10-30,2021-10-31
839,Loi,Pham,6121,92907,"Thornton, CO",Sky High Table Tennis Club,2124,2024-04-28,0,,ACTIVE,2021 Edgeball Chicago International Open,2164.0,2132.0,2021-10-30,2021-10-31
839,Loi,Pham,6121,92907,"Thornton, CO",Sky High Table Tennis Club,2124,2024-04-28,0,,ACTIVE,Edgeball Chicago International Table Tennis Open,2092.0,2134.0,2019-10-26,2019-10-27
839,Loi,Pham,6121,92907,"Thornton, CO",Sky High Table Tennis Club,2124,2024-04-28,0,,ACTIVE,2017 Edgeball Chicago International Open,2144.0,2165.0,2017-08-12,2017-08-12
839,Loi,Pham,6121,92907,"Thornton, CO",Sky High Table Tennis Club,2124,2024-04-28,0,,ACTIVE,2016 Edgeball Chicago International Table Tennis Open,2035.0,2018.0,2016-10-29,2016-10-30
842,Kareem,Azrak,170633,269633,"Dublin, OH",Spin & Smash TTPPC,2122,2024-05-19,0,,ACTIVE,2023 Edgeball Chicago International Open,2067.0,2060.0,2023-10-28,2023-10-29
842,Kareem,Azrak,170633,269633,"Dublin, OH",Spin & Smash TTPPC,2122,2024-05-19,0,,ACTIVE,2022 Edgeball Chicago International Table Tennis Open,1975.0,2070.0,2022-10-29,2022-10-30
843,Allan,Anzagira,119469,218469,"Long Island City, NY",PingPod Lower East Side,2122,2024-08-25,2002,2024-07-30,ACTIVE,2024 Edgeball Teams Tournament,2112.0,2139.0,2024-05-04,2024-05-05
843,Allan,Anzagira,119469,218469,"Long Island City, NY",PingPod Lower East Side,2122,2024-08-25,2002,2024-07-30,ACTIVE,2022 Edgeball Chicago International Table Tennis Open,2135.0,2122.0,2022-10-29,2022-10-30
856,Aaron,Tiktin,151017,1151017,"Denver, CO",,2118,2024-06-15,0,,ACTIVE,Edgeball Chicago International Table Tennis Open,1814.0,1905.0,2019-10-26,2019-10-27
861,Dion,Miller,5257,93351,"South Bend, IN",South Bend Table Tennis Club,2117,2024-03-17,1971,2022-11-28,ACTIVE,2023 Edgeball Chicago International Open,2152.0,2136.0,2023-10-28,2023-10-29
861,Dion,Miller,5257,93351,"South Bend, IN",South Bend Table Tennis Club,2117,2024-03-17,1971,2022-11-28,ACTIVE,2022 Edgeball Chicago International Table Tennis Open,2173.0,2150.0,2022-10-29,2022-10-30
861,Dion,Miller,5257,93351,"South Bend, IN",South Bend Table Tennis Club,2117,2024-03-17,1971,2022-11-28,ACTIVE,2016 Edgeball Chicago International Table Tennis Open,1863.0,1845.0,2016-10-29,2016-10-30
866,Brian,Wu,124599,223599,"Flushing, NY",New York Indoor Sports Club,2116,2024-06-16,1963,2023-01-27,ACTIVE,2024 Edgeball Teams Tournament,2150.0,2158.0,2024-05-04,2024-05-05
874,Abhinav,Shirbhate,166334,265334,"Sunnyvale, CA",Kou Lei Table Tennis Club,2113,2024-08-25,1899,2024-09-07,ACTIVE,2021 Edgeball Chicago International Open,749.0,1218.0,2021-10-30,2021-10-31
885,Hari Teja,Narayanabhatla,173541,272541,"Atlanta, GA",Atlanta Georgia Table Tennis Association,2111,2024-07-21,2151,2022-05-21,ACTIVE,2023 Edgeball Chicago International Open,2189.0,2207.0,2023-10-28,2023-10-29
904,Malcolm Jinqian,Xiong,181386,280386,"OAKVILLE, FN",,2103,2024-07-28,0,,ACTIVE,2023 Edgeball Chicago International Open,1113.0,1786.0,2023-10-28,2023-10-29
913,Jeremy,Sneeden,85218,56456,"Montrose, MN",Table Tennis Minnesota,2101,2024-08-11,0,,ACTIVE,2023 Edgeball Chicago International Open,2159.0,2168.0,2023-10-28,2023-10-29
913,Jeremy,Sneeden,85218,56456,"Montrose, MN",Table Tennis Minnesota,2101,2024-08-11,0,,ACTIVE,2022 Edgeball Chicago International Table Tennis Open,2089.0,2101.0,2022-10-29,2022-10-30
913,Jeremy,Sneeden,85218,56456,"Montrose, MN",Table Tennis Minnesota,2101,2024-08-11,0,,ACTIVE,Edgeball Chicago International Table Tennis Open,2164.0,2147.0,2019-10-26,2019-10-27
922,Angela,He,171665,1171665,"Johns Creek, GA",Atlanta International Table Tennis Academy,2098,2024-07-14,0,,ACTIVE,2024 Edgeball Teams Tournament,2044.0,2121.0,2024-05-04,2024-05-05
922,Angela,He,171665,1171665,"Johns Creek, GA",Atlanta International Table Tennis Academy,2098,2024-07-14,0,,ACTIVE,2023 Edgeball Chicago International Open,2011.0,2120.0,2023-10-28,2023-10-29
922,Angela,He,171665,1171665,"Johns Creek, GA",Atlanta International Table Tennis Academy,2098,2024-07-14,0,,ACTIVE,2022 Edgeball Chicago International Table Tennis Open,1945.0,1933.0,2022-10-29,2022-10-30
934,Yudi,Jin,171083,270083,"Cary, NC",NC International Table Tennis (NCITT),2095,2024-08-04,0,,ACTIVE,2023 Edgeball Chicago International Open,1972.0,2007.0,2023-10-28,2023-10-29
937,jin,zuo,184677,1184677,fox river grove,,2095,2024-07-07,0,,ACTIVE,2024 Edgeball Teams Tournament,0.0,2110.0,2024-05-04,2024-05-05
945,Karl,Rosenberg,43466,81893,"Cincinnati, OH",,2094,2024-05-05,0,,ACTIVE,2024 Edgeball Teams Tournament,2099.0,2094.0,2024-05-04,2024-05-05
947,Thor J.,Truelson,7907,27830,"Bothell, WA",Seattle Pacific Table Tennis Club,2093,2023-10-08,2042,2023-11-04,ACTIVE,2022 Edgeball Chicago International Table Tennis Open,2143.0,2153.0,2022-10-29,2022-10-30
947,Thor J.,Truelson,7907,27830,"Bothell, WA",Seattle Pacific Table Tennis Club,2093,2023-10-08,2042,2023-11-04,ACTIVE,2017 Edgeball Chicago International Open,2155.0,2097.0,2017-08-12,2017-08-12
950,Ethan,Keller,3679,95531,"Thiensville, WI",,2092,2024-07-28,2075,2019-05-10,ACTIVE,Edgeball Chicago International Table Tennis Open,2090.0,2092.0,2018-10-27,2018-10-28
950,Ethan,Keller,3679,95531,"Thiensville, WI",,2092,2024-07-28,2075,2019-05-10,ACTIVE,2017 Edgeball Chicago International Open,1946.0,1980.0,2017-08-12,2017-08-12
950,Ethan,Keller,3679,95531,"Thiensville, WI",,2092,2024-07-28,2075,2019-05-10,ACTIVE,2016 Edgeball Chicago International Table Tennis Open,1889.0,1868.0,2016-10-29,2016-10-30
955,Jeff,Johnson,27644,34213,"Macomb, MI",,2091,2024-03-17,0,,ACTIVE,2023 Edgeball Chicago International Open,2086.0,2098.0,2023-10-28,2023-10-29
955,Jeff,Johnson,27644,34213,"Macomb, MI",,2091,2024-03-17,0,,ACTIVE,2022 Edgeball Chicago International Table Tennis Open,2077.0,2064.0,2022-10-29,2022-10-30
955,Jeff,Johnson,27644,34213,"Macomb, MI",,2091,2024-03-17,0,,ACTIVE,2021 Edgeball Chicago International Open,2020.0,2018.0,2021-10-30,2021-10-31
955,Jeff,Johnson,27644,34213,"Macomb, MI",,2091,2024-03-17,0,,ACTIVE,Edgeball Chicago International Table Tennis Open,2036.0,1993.0,2019-10-26,2019-10-27
955,Jeff,Johnson,27644,34213,"Macomb, MI",,2091,2024-03-17,0,,ACTIVE,Edgeball Chicago International Table Tennis Open,2098.0,1984.0,2018-10-27,2018-10-28
965,Zili,Wang,8337,86064,"Fremont, CA",I Table Tennis,2088,2024-07-07,1933,2024-06-30,ACTIVE,2023 Edgeball Chicago International Open,1931.0,2047.0,2023-10-28,2023-10-29
967,Basil,Ibegbu,3311,74880,"Denver, CO",Sky High Table Tennis Club,2088,2024-08-31,1875,2011-01-16,ACTIVE,2023 Edgeball Chicago International Open,2032.0,2121.0,2023-10-28,2023-10-29
967,Basil,Ibegbu,3311,74880,"Denver, CO",Sky High Table Tennis Club,2088,2024-08-31,1875,2011-01-16,ACTIVE,2022 Edgeball Chicago International Table Tennis Open,2039.0,2051.0,2022-10-29,2022-10-30
967,Basil,Ibegbu,3311,74880,"Denver, CO",Sky High Table Tennis Club,2088,2024-08-31,1875,2011-01-16,ACTIVE,Edgeball Chicago International Table Tennis Open,2111.0,2140.0,2019-10-26,2019-10-27
967,Basil,Ibegbu,3311,74880,"Denver, CO",Sky High Table Tennis Club,2088,2024-08-31,1875,2011-01-16,ACTIVE,2017 Edgeball Chicago International Open,2075.0,2155.0,2017-08-12,2017-08-12
986,Oluwole,Ayangade,322,64766,"Kennesaw, IN",Chicago Table Tennis Club - Wheeling Park District Branch ,2083,2024-08-31,0,,ACTIVE,2023 Edgeball Chicago International Open,2107.0,2070.0,2023-10-28,2023-10-29
986,Oluwole,Ayangade,322,64766,"Kennesaw, IN",Chicago Table Tennis Club - Wheeling Park District Branch ,2083,2024-08-31,0,,ACTIVE,2022 Edgeball Chicago International Table Tennis Open,2264.0,2226.0,2022-10-29,2022-10-30
986,Oluwole,Ayangade,322,64766,"Kennesaw, IN",Chicago Table Tennis Club - Wheeling Park District Branch ,2083,2024-08-31,0,,ACTIVE,2021 Edgeball Chicago International Open,2133.0,2158.0,2021-10-30,2021-10-31
986,Oluwole,Ayangade,322,64766,"Kennesaw, IN",Chicago Table Tennis Club - Wheeling Park District Branch ,2083,2024-08-31,0,,ACTIVE,2017 Edgeball Chicago International Open,2108.0,2123.0,2017-08-12,2017-08-12
991,Narasimhan,Ramakrishnan,6371,25608,"Schaumburg, IL",Experior Table Tennis Club,2083,2024-05-05,2092,2020-02-08,ACTIVE,2024 Edgeball Teams Tournament,2104.0,2083.0,2024-05-04,2024-05-05
991,Narasimhan,Ramakrishnan,6371,25608,"Schaumburg, IL",Experior Table Tennis Club,2083,2024-05-05,2092,2020-02-08,ACTIVE,2023 Edgeball Chicago International Open,1969.0,2009.0,2023-10-28,2023-10-29
991,Narasimhan,Ramakrishnan,6371,25608,"Schaumburg, IL",Experior Table Tennis Club,2083,2024-05-05,2092,2020-02-08,ACTIVE,2022 Edgeball Chicago International Table Tennis Open,1907.0,1903.0,2022-10-29,2022-10-30
994,Tran,Nguyen,176489,275489,,,2082,2024-05-05,2160,2024-07-27,ACTIVE,2024 Edgeball Teams Tournament,2055.0,2082.0,2024-05-04,2024-05-05
995,Don,Hamilton,2777,27945,"Dayton, OH",Dayton Table Tennis Club,2082,2024-03-17,0,,ACTIVE,2023 Edgeball Chicago International Open,2076.0,2090.0,2023-10-28,2023-10-29
1002,Akshara,Badri,120240,219240,"Fremont, CA",Rising Stars World Table Tennis Academy,2080,2024-08-25,1963,2024-08-31,ACTIVE,2023 Edgeball Chicago International Open,2073.0,2059.0,2023-10-28,2023-10-29
1004,Spenser Minh,Lam,4092,25844,"Schaumburg, IL",Schaumburg Table Tennis Club,2079,2024-05-05,2151,2020-01-11,ACTIVE,2024 Edgeball Teams Tournament,2112.0,2079.0,2024-05-04,2024-05-05
1004,Spenser Minh,Lam,4092,25844,"Schaumburg, IL",Schaumburg Table Tennis Club,2079,2024-05-05,2151,2020-01-11,ACTIVE,2023 Edgeball Chicago International Open,2093.0,2083.0,2023-10-28,2023-10-29
1004,Spenser Minh,Lam,4092,25844,"Schaumburg, IL",Schaumburg Table Tennis Club,2079,2024-05-05,2151,2020-01-11,ACTIVE,2022 Edgeball Chicago International Table Tennis Open,2103.0,2069.0,2022-10-29,2022-10-30
1004,Spenser Minh,Lam,4092,25844,"Schaumburg, IL",Schaumburg Table Tennis Club,2079,2024-05-05,2151,2020-01-11,ACTIVE,Edgeball Chicago International Table Tennis Open,2159.0,2146.0,2018-10-27,2018-10-28
1004,Spenser Minh,Lam,4092,25844,"Schaumburg, IL",Schaumburg Table Tennis Club,2079,2024-05-05,2151,2020-01-11,ACTIVE,2016 Edgeball Chicago International Table Tennis Open,2162.0,2196.0,2016-10-29,2016-10-30
1008,Mohamad,Alzein,116073,215073,Orland Park,,2077,2024-04-21,2001,2020-08-07,ACTIVE,2023 Edgeball Chicago International Open,2062.0,2064.0,2023-10-28,2023-10-29
1008,Mohamad,Alzein,116073,215073,Orland Park,,2077,2024-04-21,2001,2020-08-07,ACTIVE,2022 Edgeball Chicago International Table Tennis Open,2010.0,1994.0,2022-10-29,2022-10-30
1008,Mohamad,Alzein,116073,215073,Orland Park,,2077,2024-04-21,2001,2020-08-07,ACTIVE,2021 Edgeball Chicago International Open,1991.0,1987.0,2021-10-30,2021-10-31
1008,Mohamad,Alzein,116073,215073,Orland Park,,2077,2024-04-21,2001,2020-08-07,ACTIVE,Edgeball Chicago International Table Tennis Open,1959.0,1936.0,2019-10-26,2019-10-27
1008,Mohamad,Alzein,116073,215073,Orland Park,,2077,2024-04-21,2001,2020-08-07,ACTIVE,Edgeball Chicago International Table Tennis Open,1924.0,1912.0,2018-10-27,2018-10-28
1008,Mohamad,Alzein,116073,215073,Orland Park,,2077,2024-04-21,2001,2020-08-07,ACTIVE,2017 Edgeball Chicago International Open,2079.0,2001.0,2017-08-12,2017-08-12
1008,Mohamad,Alzein,116073,215073,Orland Park,,2077,2024-04-21,2001,2020-08-07,ACTIVE,2016 Edgeball Chicago International Table Tennis Open,0.0,2079.0,2016-10-29,2016-10-30
1038,Aaron,Avery,312,48793,"Middleton, WI",Madison Table Tennis Club,2070,2024-05-18,2039,2023-05-07,ACTIVE,Edgeball Chicago International Table Tennis Open,2093.0,2047.0,2019-10-26,2019-10-27
1039,Darshan,Chalise,120156,219156,Urbana,,2070,2024-08-25,1931,2024-07-21,ACTIVE,2022 Edgeball Chicago International Table Tennis Open,2015.0,2042.0,2022-10-29,2022-10-30
1039,Darshan,Chalise,120156,219156,Urbana,,2070,2024-08-25,1931,2024-07-21,ACTIVE,Edgeball Chicago International Table Tennis Open,2027.0,2021.0,2018-10-27,2018-10-28
1074,Marvin,Yu,118681,217681,"Tenafly, NJ",Matchpoint Table Tennis Center NJ,2062,2024-07-28,1973,2024-05-19,ACTIVE,2022 Edgeball Chicago International Table Tennis Open,1969.0,1898.0,2022-10-29,2022-10-30
1089,Felix,Li,4406,87979,"San Francisco, CA",888 Table Tennis Center,2059,2024-03-23,2061,2022-05-22,ACTIVE,Edgeball Chicago International Table Tennis Open,2071.0,2083.0,2019-10-26,2019-10-27
1103,Pawel,Gluchowski,2465,13394,"Wheeling, IL",,2056,2023-10-29,2072,2019-12-13,ACTIVE,2023 Edgeball Chicago International Open,2085.0,2056.0,2023-10-28,2023-10-29
1103,Pawel,Gluchowski,2465,13394,"Wheeling, IL",,2056,2023-10-29,2072,2019-12-13,ACTIVE,2022 Edgeball Chicago International Table Tennis Open,2048.0,2048.0,2022-10-29,2022-10-30
1103,Pawel,Gluchowski,2465,13394,"Wheeling, IL",,2056,2023-10-29,2072,2019-12-13,ACTIVE,2021 Edgeball Chicago International Open,2051.0,2050.0,2021-10-30,2021-10-31
1103,Pawel,Gluchowski,2465,13394,"Wheeling, IL",,2056,2023-10-29,2072,2019-12-13,ACTIVE,Edgeball Chicago International Table Tennis Open,2100.0,2026.0,2019-10-26,2019-10-27
1103,Pawel,Gluchowski,2465,13394,"Wheeling, IL",,2056,2023-10-29,2072,2019-12-13,ACTIVE,Edgeball Chicago International Table Tennis Open,2085.0,2076.0,2018-10-27,2018-10-28
1103,Pawel,Gluchowski,2465,13394,"Wheeling, IL",,2056,2023-10-29,2072,2019-12-13,ACTIVE,2017 Edgeball Chicago International Open,2057.0,2021.0,2017-08-12,2017-08-12
1103,Pawel,Gluchowski,2465,13394,"Wheeling, IL",,2056,2023-10-29,2072,2019-12-13,ACTIVE,2016 Edgeball Chicago International Table Tennis Open,2033.0,2146.0,2016-10-29,2016-10-30
1116,Zhiyang,Wang,175318,274318,"West Lafayette, IN",,2053,2024-05-05,2096,2024-05-11,ACTIVE,2024 Edgeball Teams Tournament,2041.0,2053.0,2024-05-04,2024-05-05
1116,Zhiyang,Wang,175318,274318,"West Lafayette, IN",,2053,2024-05-05,2096,2024-05-11,ACTIVE,2022 Edgeball Chicago International Table Tennis Open,1959.0,2084.0,2022-10-29,2022-10-30
1118,Abhilash,Rajesh Kumar,6364,93845,"Mountain View, CA",Stickman Skills Center,2052,2023-12-21,1925,2024-02-13,ACTIVE,Edgeball Chicago International Table Tennis Open,2069.0,2030.0,2018-10-27,2018-10-28
1118,Abhilash,Rajesh Kumar,6364,93845,"Mountain View, CA",Stickman Skills Center,2052,2023-12-21,1925,2024-02-13,ACTIVE,2016 Edgeball Chicago International Table Tennis Open,1948.0,1969.0,2016-10-29,2016-10-30
1120,David B.,Stout,7453,47292,"Carmel, IN",SpinBlock Table Tennis Center,2051,2022-05-29,1959,2021-09-27,ACTIVE,2021 Edgeball Chicago International Open,2045.0,2038.0,2021-10-30,2021-10-31
1120,David B.,Stout,7453,47292,"Carmel, IN",SpinBlock Table Tennis Center,2051,2022-05-29,1959,2021-09-27,ACTIVE,Edgeball Chicago International Table Tennis Open,2097.0,2101.0,2018-10-27,2018-10-28
1140,Carlos,Rodriguez,6586,94585,"Hollywood, FL","Broward Table Tennis Club, Inc.",2047,2024-08-24,0,,ACTIVE,Edgeball Chicago International Table Tennis Open,1921.0,1925.0,2019-10-26,2019-10-27
1143,Gabriel,Alcocer,168784,1168784,Eden Prairie,,2046,2024-05-05,0,,ACTIVE,2024 Edgeball Teams Tournament,2064.0,2046.0,2024-05-04,2024-05-05
1143,Gabriel,Alcocer,168784,1168784,Eden Prairie,,2046,2024-05-05,0,,ACTIVE,2023 Edgeball Chicago International Open,2044.0,2041.0,2023-10-28,2023-10-29
1143,Gabriel,Alcocer,168784,1168784,Eden Prairie,,2046,2024-05-05,0,,ACTIVE,2022 Edgeball Chicago International Table Tennis Open,2069.0,2041.0,2022-10-29,2022-10-30
1145,Isabella,Luo,168433,267433,"Dublin, CA",(TTA) Table Tennis America,2046,2024-09-02,1821,2024-09-07,ACTIVE,2021 Edgeball Chicago International Open,1124.0,1153.0,2021-10-30,2021-10-31
1153,Jim,Kossman,182390,1182390,Arnold,,2043,2023-10-29,0,,ACTIVE,2023 Edgeball Chicago International Open,0.0,2043.0,2023-10-28,2023-10-29
1154,Xiangfei,Zeng,120486,219486,"Mason, OH",Tan's Table Tennis Training Club,2043,2024-03-17,0,,ACTIVE,2022 Edgeball Chicago International Table Tennis Open,1969.0,1930.0,2022-10-29,2022-10-30
1154,Xiangfei,Zeng,120486,219486,"Mason, OH",Tan's Table Tennis Training Club,2043,2024-03-17,0,,ACTIVE,2021 Edgeball Chicago International Open,1827.0,1793.0,2021-10-30,2021-10-31
1184,Gilianie,Avila,131655,1131655,"Ceiba, FN",,2037,2024-04-14,1852,2022-07-31,ACTIVE,2023 Edgeball Chicago International Open,1969.0,2014.0,2023-10-28,2023-10-29
1185,Robert,Shahnazari,6989,10437,"Glendale, CA",Grace Lin TTC,2037,2024-08-04,2124,2022-09-10,ACTIVE,2022 Edgeball Chicago International Table Tennis Open,2137.0,2113.0,2022-10-29,2022-10-30
1185,Robert,Shahnazari,6989,10437,"Glendale, CA",Grace Lin TTC,2037,2024-08-04,2124,2022-09-10,ACTIVE,2021 Edgeball Chicago International Open,2224.0,2202.0,2021-10-30,2021-10-31
1204,Vivek,Kini,3810,84684,"Aurora, IL",,2035,2023-11-26,2010,2019-09-13,ACTIVE,2023 Edgeball Chicago International Open,2071.0,2045.0,2023-10-28,2023-10-29
1204,Vivek,Kini,3810,84684,"Aurora, IL",,2035,2023-11-26,2010,2019-09-13,ACTIVE,2022 Edgeball Chicago International Table Tennis Open,2113.0,2105.0,2022-10-29,2022-10-30
1204,Vivek,Kini,3810,84684,"Aurora, IL",,2035,2023-11-26,2010,2019-09-13,ACTIVE,2021 Edgeball Chicago International Open,2077.0,2078.0,2021-10-30,2021-10-31
1204,Vivek,Kini,3810,84684,"Aurora, IL",,2035,2023-11-26,2010,2019-09-13,ACTIVE,Edgeball Chicago International Table Tennis Open,2066.0,2074.0,2019-10-26,2019-10-27
1207,Zhongheng,Qiao,164628,1164628,"Notre Dame, IN",IndyPong TTC,2034,2024-08-11,1856,2024-07-01,ACTIVE,2023 Edgeball Chicago International Open,1839.0,1938.0,2023-10-28,2023-10-29
1207,Zhongheng,Qiao,164628,1164628,"Notre Dame, IN",IndyPong TTC,2034,2024-08-11,1856,2024-07-01,ACTIVE,2022 Edgeball Chicago International Table Tennis Open,1918.0,1978.0,2022-10-29,2022-10-30
1216,Jiawen (john),Bian,12246,17048,"Roselle, IL",,2033,2024-05-05,1995,2021-10-16,ACTIVE,2024 Edgeball Teams Tournament,2028.0,2033.0,2024-05-04,2024-05-05
1216,Jiawen (john),Bian,12246,17048,"Roselle, IL",,2033,2024-05-05,1995,2021-10-16,ACTIVE,2023 Edgeball Chicago International Open,1996.0,2022.0,2023-10-28,2023-10-29
1216,Jiawen (john),Bian,12246,17048,"Roselle, IL",,2033,2024-05-05,1995,2021-10-16,ACTIVE,2022 Edgeball Chicago International Table Tennis Open,2051.0,2007.0,2022-10-29,2022-10-30
1216,Jiawen (john),Bian,12246,17048,"Roselle, IL",,2033,2024-05-05,1995,2021-10-16,ACTIVE,2021 Edgeball Chicago International Open,2079.0,2116.0,2021-10-30,2021-10-31
1216,Jiawen (john),Bian,12246,17048,"Roselle, IL",,2033,2024-05-05,1995,2021-10-16,ACTIVE,Edgeball Chicago International Table Tennis Open,2078.0,2076.0,2019-10-26,2019-10-27
1216,Jiawen (john),Bian,12246,17048,"Roselle, IL",,2033,2024-05-05,1995,2021-10-16,ACTIVE,Edgeball Chicago International Table Tennis Open,2051.0,2022.0,2018-10-27,2018-10-28
1225,Terrie,Yu,167527,1167527,"Cary, NC",Carolina International Table Tennis Academy (CITTA),2030,2024-08-25,0,,ACTIVE,2024 Edgeball Teams Tournament,2062.0,2031.0,2024-05-04,2024-05-05
1225,Terrie,Yu,167527,1167527,"Cary, NC",Carolina International Table Tennis Academy (CITTA),2030,2024-08-25,0,,ACTIVE,2023 Edgeball Chicago International Open,1985.0,1965.0,2023-10-28,2023-10-29
1231,Aarthi,Loganathan,118446,217446,"Maple Grove, MN",Table Tennis Minnesota,2029,2023-11-04,2117,2022-08-26,ACTIVE,2023 Edgeball Chicago International Open,2096.0,2042.0,2023-10-28,2023-10-29
1231,Aarthi,Loganathan,118446,217446,"Maple Grove, MN",Table Tennis Minnesota,2029,2023-11-04,2117,2022-08-26,ACTIVE,2022 Edgeball Chicago International Table Tennis Open,2077.0,2071.0,2022-10-29,2022-10-30
1231,Aarthi,Loganathan,118446,217446,"Maple Grove, MN",Table Tennis Minnesota,2029,2023-11-04,2117,2022-08-26,ACTIVE,2021 Edgeball Chicago International Open,2006.0,2026.0,2021-10-30,2021-10-31
1231,Aarthi,Loganathan,118446,217446,"Maple Grove, MN",Table Tennis Minnesota,2029,2023-11-04,2117,2022-08-26,ACTIVE,Edgeball Chicago International Table Tennis Open,1857.0,1895.0,2019-10-26,2019-10-27
1231,Aarthi,Loganathan,118446,217446,"Maple Grove, MN",Table Tennis Minnesota,2029,2023-11-04,2117,2022-08-26,ACTIVE,Edgeball Chicago International Table Tennis Open,1630.0,1618.0,2018-10-27,2018-10-28
1234,Anya,Shanbhag,171127,1171127,"Katy, TX",Houston International Table Tennis Academy (HITTA),2028,2024-08-11,1989,2024-08-03,ACTIVE,2022 Edgeball Chicago International Table Tennis Open,1595.0,1704.0,2022-10-29,2022-10-30
1234,Anya,Shanbhag,171127,1171127,"Katy, TX",Houston International Table Tennis Academy (HITTA),2028,2024-08-11,1989,2024-08-03,ACTIVE,2021 Edgeball Chicago International Open,790.0,1108.0,2021-10-30,2021-10-31
1235,Alexander,Cai,888,94668,"Mequon, WI",,2028,2023-11-26,1609,2017-09-08,ACTIVE,2022 Edgeball Chicago International Table Tennis Open,2042.0,1970.0,2022-10-29,2022-10-30
1235,Alexander,Cai,888,94668,"Mequon, WI",,2028,2023-11-26,1609,2017-09-08,ACTIVE,Edgeball Chicago International Table Tennis Open,2042.0,2025.0,2019-10-26,2019-10-27
1235,Alexander,Cai,888,94668,"Mequon, WI",,2028,2023-11-26,1609,2017-09-08,ACTIVE,Edgeball Chicago International Table Tennis Open,1886.0,1947.0,2018-10-27,2018-10-28
1236,Joshua,Hong,166281,265281,"palisades park, NJ",TAK9 Club ,2028,2024-08-11,2060,2024-09-03,ACTIVE,2023 Edgeball Chicago International Open,1934.0,1937.0,2023-10-28,2023-10-29
1244,Ilia,Lomasov,182193,281193,"Urbana, IL",Champaign County Table Tennis Club (CCTTC),2026,2023-10-29,0,,ACTIVE,2023 Edgeball Chicago International Open,0.0,2026.0,2023-10-28,2023-10-29
1247,Danny,Williams,117811,216811,"Chicago, IL",Net and Paddle Club,2025,2023-05-28,1904,2019-12-21,ACTIVE,Edgeball Chicago International Table Tennis Open,1862.0,1955.0,2018-10-27,2018-10-28
1247,Danny,Williams,117811,216811,"Chicago, IL",Net and Paddle Club,2025,2023-05-28,1904,2019-12-21,ACTIVE,2017 Edgeball Chicago International Open,1671.0,1665.0,2017-08-12,2017-08-12
1248,Ejaz,Shah,6972,63361,"Algonquin, IL",Experior Table Tennis Club,2025,2024-08-11,2072,2021-10-16,ACTIVE,2024 Edgeball Teams Tournament,2107.0,2061.0,2024-05-04,2024-05-05
1248,Ejaz,Shah,6972,63361,"Algonquin, IL",Experior Table Tennis Club,2025,2024-08-11,2072,2021-10-16,ACTIVE,2022 Edgeball Chicago International Table Tennis Open,2086.0,2049.0,2022-10-29,2022-10-30
1248,Ejaz,Shah,6972,63361,"Algonquin, IL",Experior Table Tennis Club,2025,2024-08-11,2072,2021-10-16,ACTIVE,2021 Edgeball Chicago International Open,2021.0,2049.0,2021-10-30,2021-10-31
1248,Ejaz,Shah,6972,63361,"Algonquin, IL",Experior Table Tennis Club,2025,2024-08-11,2072,2021-10-16,ACTIVE,Edgeball Chicago International Table Tennis Open,2011.0,2044.0,2019-10-26,2019-10-27
1248,Ejaz,Shah,6972,63361,"Algonquin, IL",Experior Table Tennis Club,2025,2024-08-11,2072,2021-10-16,ACTIVE,Edgeball Chicago International Table Tennis Open,2102.0,2096.0,2018-10-27,2018-10-28
1248,Ejaz,Shah,6972,63361,"Algonquin, IL",Experior Table Tennis Club,2025,2024-08-11,2072,2021-10-16,ACTIVE,2016 Edgeball Chicago International Table Tennis Open,2064.0,2058.0,2016-10-29,2016-10-30
1250,Reginald,Dulaca,19312,48053,"Gilberts, IL",,2025,2024-05-05,0,,ACTIVE,2024 Edgeball Teams Tournament,2085.0,2025.0,2024-05-04,2024-05-05
1250,Reginald,Dulaca,19312,48053,"Gilberts, IL",,2025,2024-05-05,0,,ACTIVE,2022 Edgeball Chicago International Table Tennis Open,2109.0,2118.0,2022-10-29,2022-10-30
1251,Vivaan,Chandra,170374,1170374,"Highlands Ranch, CO",Mile High Table Tennis Academy,2025,2024-08-04,559,2022-03-13,ACTIVE,2024 Edgeball Teams Tournament,1825.0,1870.0,2024-05-04,2024-05-05
1251,Vivaan,Chandra,170374,1170374,"Highlands Ranch, CO",Mile High Table Tennis Academy,2025,2024-08-04,559,2022-03-13,ACTIVE,2023 Edgeball Chicago International Open,1760.0,1685.0,2023-10-28,2023-10-29
1251,Vivaan,Chandra,170374,1170374,"Highlands Ranch, CO",Mile High Table Tennis Academy,2025,2024-08-04,559,2022-03-13,ACTIVE,2022 Edgeball Chicago International Table Tennis Open,1234.0,1364.0,2022-10-29,2022-10-30
1251,Vivaan,Chandra,170374,1170374,"Highlands Ranch, CO",Mile High Table Tennis Academy,2025,2024-08-04,559,2022-03-13,ACTIVE,2021 Edgeball Chicago International Open,655.0,818.0,2021-10-30,2021-10-31
1260,Daniel,Ni,124150,223150,Alphre,Atlanta International Table Tennis Academy,2024,2024-08-18,0,,ACTIVE,2022 Edgeball Chicago International Table Tennis Open,1718.0,1810.0,2022-10-29,2022-10-30
1266,J. D.,Bradley,726,24045,"Greenwood, IN",IndyPong TTC,2023,2024-06-02,1862,2023-03-13,ACTIVE,2023 Edgeball Chicago International Open,1873.0,2050.0,2023-10-28,2023-10-29
1266,J. D.,Bradley,726,24045,"Greenwood, IN",IndyPong TTC,2023,2024-06-02,1862,2023-03-13,ACTIVE,Edgeball Chicago International Table Tennis Open,1986.0,1939.0,2018-10-27,2018-10-28
1331,Nicholas,Shilling,7080,79901,"New Berlin, WI",Milwaukee Table Tennis Club,2012,2021-10-31,0,,ACTIVE,2021 Edgeball Chicago International Open,2032.0,2012.0,2021-10-30,2021-10-31
1331,Nicholas,Shilling,7080,79901,"New Berlin, WI",Milwaukee Table Tennis Club,2012,2021-10-31,0,,ACTIVE,Edgeball Chicago International Table Tennis Open,1935.0,1939.0,2018-10-27,2018-10-28
1331,Nicholas,Shilling,7080,79901,"New Berlin, WI",Milwaukee Table Tennis Club,2012,2021-10-31,0,,ACTIVE,2016 Edgeball Chicago International Table Tennis Open,1814.0,1823.0,2016-10-29,2016-10-30
1334,Saisamhitha,Kanchanapelly,123286,222286,"Cumming, GA",Wu Yue Table Tennis,2011,2023-02-28,0,,ACTIVE,2021 Edgeball Chicago International Open,1920.0,1919.0,2021-10-30,2021-10-31
1338,Arefeh,Sherafati,7049,95547,"Philadelphia, PA",,2010,2024-08-25,2034,2024-08-23,ACTIVE,2016 Edgeball Chicago International Table Tennis Open,2001.0,1936.0,2016-10-29,2016-10-30
1341,Piotr,Soja,7281,82335,"Addison, IL",,2009,2024-07-07,1745,2020-07-18,ACTIVE,2023 Edgeball Chicago International Open,1955.0,2114.0,2023-10-28,2023-10-29
1341,Piotr,Soja,7281,82335,"Addison, IL",,2009,2024-07-07,1745,2020-07-18,ACTIVE,2022 Edgeball Chicago International Table Tennis Open,2016.0,2050.0,2022-10-29,2022-10-30
1341,Piotr,Soja,7281,82335,"Addison, IL",,2009,2024-07-07,1745,2020-07-18,ACTIVE,2021 Edgeball Chicago International Open,2030.0,2044.0,2021-10-30,2021-10-31
1341,Piotr,Soja,7281,82335,"Addison, IL",,2009,2024-07-07,1745,2020-07-18,ACTIVE,Edgeball Chicago International Table Tennis Open,2088.0,1987.0,2019-10-26,2019-10-27
1341,Piotr,Soja,7281,82335,"Addison, IL",,2009,2024-07-07,1745,2020-07-18,ACTIVE,Edgeball Chicago International Table Tennis Open,2010.0,2129.0,2018-10-27,2018-10-28
1341,Piotr,Soja,7281,82335,"Addison, IL",,2009,2024-07-07,1745,2020-07-18,ACTIVE,2016 Edgeball Chicago International Table Tennis Open,2014.0,2021.0,2016-10-29,2016-10-30
1369,Nathan,To,122939,221939,"Palatine, IL",,2005,2024-07-07,1377,2021-10-16,ACTIVE,2024 Edgeball Teams Tournament,2124.0,2083.0,2024-05-04,2024-05-05
1369,Nathan,To,122939,221939,"Palatine, IL",,2005,2024-07-07,1377,2021-10-16,ACTIVE,2022 Edgeball Chicago International Table Tennis Open,1742.0,1846.0,2022-10-29,2022-10-30
1369,Nathan,To,122939,221939,"Palatine, IL",,2005,2024-07-07,1377,2021-10-16,ACTIVE,2021 Edgeball Chicago International Open,1357.0,1387.0,2021-10-30,2021-10-31
1369,Nathan,To,122939,221939,"Palatine, IL",,2005,2024-07-07,1377,2021-10-16,ACTIVE,Edgeball Chicago International Table Tennis Open,446.0,454.0,2018-10-27,2018-10-28
1389,Janek,De Guzman,121389,220389,"Lincoln, NE",Lincoln Table Tennis Association,2001,2024-05-05,0,,ACTIVE,2024 Edgeball Teams Tournament,1908.0,2001.0,2024-05-04,2024-05-05
1389,Janek,De Guzman,121389,220389,"Lincoln, NE",Lincoln Table Tennis Association,2001,2024-05-05,0,,ACTIVE,2023 Edgeball Chicago International Open,1758.0,1914.0,2023-10-28,2023-10-29
1389,Janek,De Guzman,121389,220389,"Lincoln, NE",Lincoln Table Tennis Association,2001,2024-05-05,0,,ACTIVE,2022 Edgeball Chicago International Table Tennis Open,1814.0,1771.0,2022-10-29,2022-10-30
1389,Janek,De Guzman,121389,220389,"Lincoln, NE",Lincoln Table Tennis Association,2001,2024-05-05,0,,ACTIVE,2021 Edgeball Chicago International Open,1550.0,1697.0,2021-10-30,2021-10-31
1389,Janek,De Guzman,121389,220389,"Lincoln, NE",Lincoln Table Tennis Association,2001,2024-05-05,0,,ACTIVE,Edgeball Chicago International Table Tennis Open,1147.0,1437.0,2019-10-26,2019-10-27
1391,John B.,Allen,122727,3836,"Louisville, KY",Southern Indiana Table Tennis Association,2001,2024-07-07,2083,2013-02-20,ACTIVE,Edgeball Chicago International Table Tennis Open,2083.0,2083.0,2019-10-26,2019-10-27
1391,John B.,Allen,122727,3836,"Louisville, KY",Southern Indiana Table Tennis Association,2001,2024-07-07,2083,2013-02-20,ACTIVE,2017 Edgeball Chicago International Open,2101.0,2066.0,2017-08-12,2017-08-12
1400,Darren,Tang,48721,23413,"Ypsilanti, OH",,1998,2023-03-19,0,,ACTIVE,Edgeball Chicago International Table Tennis Open,2023.0,2036.0,2018-10-27,2018-10-28
1408,George,Wang,8246,88125,"Naperville, IL",,1995,2024-05-05,1945,2020-01-03,ACTIVE,2024 Edgeball Teams Tournament,1995.0,1995.0,2024-05-04,2024-05-05
1408,George,Wang,8246,88125,"Naperville, IL",,1995,2024-05-05,1945,2020-01-03,ACTIVE,2022 Edgeball Chicago International Table Tennis Open,1971.0,1995.0,2022-10-29,2022-10-30
1413,Matthew,Brumbeloe,796,96732,"Birmingham, AL",,1994,2024-08-10,1723,2019-05-13,ACTIVE,Edgeball Chicago International Table Tennis Open,1585.0,1679.0,2018-10-27,2018-10-28
1427,Swar,Patel,164695,263695,"Round Rock, TX",Austin Table Tennis Club,1992,2024-08-31,1901,2024-05-15,ACTIVE,2022 Edgeball Chicago International Table Tennis Open,1659.0,1684.0,2022-10-29,2022-10-30
1430,Faraz,Kasmani,3644,76326,"Euless, TX",,1991,2024-04-28,1589,2019-11-02,ACTIVE,2022 Edgeball Chicago International Table Tennis Open,1992.0,2012.0,2022-10-29,2022-10-30
1436,Johnny,Phan,179793,1179793,"Troy, MI",,1990,2024-05-05,0,,ACTIVE,2024 Edgeball Teams Tournament,1862.0,1990.0,2024-05-04,2024-05-05
1448,Keigo,Yamagami,117055,216055,"Arlington Heights, IL",,1987,2023-02-19,1962,2020-08-07,ACTIVE,2022 Edgeball Chicago International Table Tennis Open,1925.0,1963.0,2022-10-29,2022-10-30
1448,Keigo,Yamagami,117055,216055,"Arlington Heights, IL",,1987,2023-02-19,1962,2020-08-07,ACTIVE,2021 Edgeball Chicago International Open,1955.0,1928.0,2021-10-30,2021-10-31
1448,Keigo,Yamagami,117055,216055,"Arlington Heights, IL",,1987,2023-02-19,1962,2020-08-07,ACTIVE,Edgeball Chicago International Table Tennis Open,2004.0,1953.0,2019-10-26,2019-10-27
1448,Keigo,Yamagami,117055,216055,"Arlington Heights, IL",,1987,2023-02-19,1962,2020-08-07,ACTIVE,Edgeball Chicago International Table Tennis Open,1873.0,1871.0,2018-10-27,2018-10-28
1452,Sixing,Zheng,102725,201725,"Brownsburg, IN",,1986,2024-08-11,1897,2024-08-26,ACTIVE,2023 Edgeball Chicago International Open,1968.0,1980.0,2023-10-28,2023-10-29
1452,Sixing,Zheng,102725,201725,"Brownsburg, IN",,1986,2024-08-11,1897,2024-08-26,ACTIVE,2022 Edgeball Chicago International Table Tennis Open,2115.0,1999.0,2022-10-29,2022-10-30
1452,Sixing,Zheng,102725,201725,"Brownsburg, IN",,1986,2024-08-11,1897,2024-08-26,ACTIVE,2016 Edgeball Chicago International Table Tennis Open,1946.0,1948.0,2016-10-29,2016-10-30
1460,Pv,Ramni,84739,55794,"Naperville, IL",,1984,2024-05-05,0,,ACTIVE,2024 Edgeball Teams Tournament,2027.0,1984.0,2024-05-04,2024-05-05
1461,Emma,Yang,171846,270846,"Whippany, NJ",Matchpoint Table Tennis Center NJ,1984,2024-07-07,1480,2023-01-06,ACTIVE,2023 Edgeball Chicago International Open,1817.0,1820.0,2023-10-28,2023-10-29
1471,Duane,Searles,6913,81975,"Franklin, WI",Milwaukee Table Tennis Club,1982,2024-08-11,0,,ACTIVE,2024 Edgeball Teams Tournament,1831.0,1806.0,2024-05-04,2024-05-05
1471,Duane,Searles,6913,81975,"Franklin, WI",Milwaukee Table Tennis Club,1982,2024-08-11,0,,ACTIVE,2023 Edgeball Chicago International Open,1844.0,1831.0,2023-10-28,2023-10-29
1471,Duane,Searles,6913,81975,"Franklin, WI",Milwaukee Table Tennis Club,1982,2024-08-11,0,,ACTIVE,2021 Edgeball Chicago International Open,1711.0,1828.0,2021-10-30,2021-10-31
1480,Ahan,Beniwal,172883,271883,"Redmond, WA",888 Table Tennis Center,1979,2024-07-07,2063,2024-07-20,ACTIVE,2022 Edgeball Chicago International Table Tennis Open,844.0,1137.0,2022-10-29,2022-10-30
1488,Arcot,Naresh,5519,81883,"Lisle, IL",Experior Table Tennis Club,1978,2024-07-07,2027,2021-10-16,ACTIVE,2022 Edgeball Chicago International Table Tennis Open,1990.0,2004.0,2022-10-29,2022-10-30
1488,Arcot,Naresh,5519,81883,"Lisle, IL",Experior Table Tennis Club,1978,2024-07-07,2027,2021-10-16,ACTIVE,2021 Edgeball Chicago International Open,2017.0,2017.0,2021-10-30,2021-10-31
1488,Arcot,Naresh,5519,81883,"Lisle, IL",Experior Table Tennis Club,1978,2024-07-07,2027,2021-10-16,ACTIVE,Edgeball Chicago International Table Tennis Open,2098.0,2119.0,2019-10-26,2019-10-27
1488,Arcot,Naresh,5519,81883,"Lisle, IL",Experior Table Tennis Club,1978,2024-07-07,2027,2021-10-16,ACTIVE,Edgeball Chicago International Table Tennis Open,2005.0,2016.0,2018-10-27,2018-10-28
1488,Arcot,Naresh,5519,81883,"Lisle, IL",Experior Table Tennis Club,1978,2024-07-07,2027,2021-10-16,ACTIVE,2017 Edgeball Chicago International Open,1949.0,1966.0,2017-08-12,2017-08-12
1488,Arcot,Naresh,5519,81883,"Lisle, IL",Experior Table Tennis Club,1978,2024-07-07,2027,2021-10-16,ACTIVE,2016 Edgeball Chicago International Table Tennis Open,1891.0,1902.0,2016-10-29,2016-10-30
1489,Alok,Bopanna,12731,92994,"Minneapolis, MN",,1978,2024-07-07,1521,2013-04-13,ACTIVE,2024 Edgeball Teams Tournament,1996.0,2022.0,2024-05-04,2024-05-05
1489,Alok,Bopanna,12731,92994,"Minneapolis, MN",,1978,2024-07-07,1521,2013-04-13,ACTIVE,2021 Edgeball Chicago International Open,2066.0,1968.0,2021-10-30,2021-10-31
1489,Alok,Bopanna,12731,92994,"Minneapolis, MN",,1978,2024-07-07,1521,2013-04-13,ACTIVE,Edgeball Chicago International Table Tennis Open,2036.0,2066.0,2019-10-26,2019-10-27
1504,John,Chen,99570,198570,"Overland Park, KS",Kansas Table Tennis Center (KSTTC),1975,2024-07-07,1796,2016-10-08,ACTIVE,2022 Edgeball Chicago International Table Tennis Open,2011.0,2027.0,2022-10-29,2022-10-30
1504,John,Chen,99570,198570,"Overland Park, KS",Kansas Table Tennis Center (KSTTC),1975,2024-07-07,1796,2016-10-08,ACTIVE,2017 Edgeball Chicago International Open,1999.0,1983.0,2017-08-12,2017-08-12
1504,John,Chen,99570,198570,"Overland Park, KS",Kansas Table Tennis Center (KSTTC),1975,2024-07-07,1796,2016-10-08,ACTIVE,2016 Edgeball Chicago International Table Tennis Open,2092.0,2090.0,2016-10-29,2016-10-30
1506,James,Winn,53134,60903,"Fishers, IN",IndyPong TTC,1974,2023-05-28,1856,2023-06-05,ACTIVE,2021 Edgeball Chicago International Open,1883.0,1876.0,2021-10-30,2021-10-31
1512,Craig,Osikowicz,167436,266436,"SCHAUMBURG, IL",Experior Table Tennis Club,1972,2024-07-07,1260,2021-09-25,ACTIVE,2024 Edgeball Teams Tournament,1923.0,2000.0,2024-05-04,2024-05-05
1512,Craig,Osikowicz,167436,266436,"SCHAUMBURG, IL",Experior Table Tennis Club,1972,2024-07-07,1260,2021-09-25,ACTIVE,2023 Edgeball Chicago International Open,1926.0,1941.0,2023-10-28,2023-10-29
1512,Craig,Osikowicz,167436,266436,"SCHAUMBURG, IL",Experior Table Tennis Club,1972,2024-07-07,1260,2021-09-25,ACTIVE,2022 Edgeball Chicago International Table Tennis Open,1904.0,1921.0,2022-10-29,2022-10-30
1512,Craig,Osikowicz,167436,266436,"SCHAUMBURG, IL",Experior Table Tennis Club,1972,2024-07-07,1260,2021-09-25,ACTIVE,2021 Edgeball Chicago International Open,1267.0,1433.0,2021-10-30,2021-10-31
1512,Craig,Osikowicz,167436,266436,"SCHAUMBURG, IL",Experior Table Tennis Club,1972,2024-07-07,1260,2021-09-25,ACTIVE,Edgeball Chicago International Table Tennis Open,0.0,1159.0,2019-10-26,2019-10-27
1533,Kit Yee,Chu,1332,92109,"Lansing, MI",,1967,2024-05-05,0,,ACTIVE,2024 Edgeball Teams Tournament,1849.0,1967.0,2024-05-04,2024-05-05
1533,Kit Yee,Chu,1332,92109,"Lansing, MI",,1967,2024-05-05,0,,ACTIVE,2022 Edgeball Chicago International Table Tennis Open,1695.0,1819.0,2022-10-29,2022-10-30
1533,Kit Yee,Chu,1332,92109,"Lansing, MI",,1967,2024-05-05,0,,ACTIVE,2021 Edgeball Chicago International Open,1700.0,1669.0,2021-10-30,2021-10-31
1571,Yanko,I Stoykov,47785,85762,"Mt Prospect, IL",,1959,2024-07-07,1759,2020-08-07,ACTIVE,2024 Edgeball Teams Tournament,1955.0,1984.0,2024-05-04,2024-05-05
1571,Yanko,I Stoykov,47785,85762,"Mt Prospect, IL",,1959,2024-07-07,1759,2020-08-07,ACTIVE,2023 Edgeball Chicago International Open,1930.0,2031.0,2023-10-28,2023-10-29
1571,Yanko,I Stoykov,47785,85762,"Mt Prospect, IL",,1959,2024-07-07,1759,2020-08-07,ACTIVE,Edgeball Chicago International Table Tennis Open,1823.0,1830.0,2019-10-26,2019-10-27
1571,Yanko,I Stoykov,47785,85762,"Mt Prospect, IL",,1959,2024-07-07,1759,2020-08-07,ACTIVE,2016 Edgeball Chicago International Table Tennis Open,1756.0,1782.0,2016-10-29,2016-10-30
1573,Aziza,Abdrafikova,178959,277959,Wheeling,,1958,2024-04-21,0,,ACTIVE,2023 Edgeball Chicago International Open,1969.0,1967.0,2023-10-28,2023-10-29
1577,Faizaan,Shaikh,151192,250192,"Springfield, IL",,1958,2024-07-07,0,,ACTIVE,2021 Edgeball Chicago International Open,1847.0,1852.0,2021-10-30,2021-10-31
1577,Faizaan,Shaikh,151192,250192,"Springfield, IL",,1958,2024-07-07,0,,ACTIVE,Edgeball Chicago International Table Tennis Open,1778.0,1751.0,2019-10-26,2019-10-27
1584,Akash,Tembe,7719,89690,"Plymouth, MN",Table Tennis Minnesota,1956,2023-10-29,748,2013-03-30,ACTIVE,2023 Edgeball Chicago International Open,1967.0,1956.0,2023-10-28,2023-10-29
1584,Akash,Tembe,7719,89690,"Plymouth, MN",Table Tennis Minnesota,1956,2023-10-29,748,2013-03-30,ACTIVE,2016 Edgeball Chicago International Table Tennis Open,1763.0,1787.0,2016-10-29,2016-10-30
1589,Everton,Wilson II,53058,84792,"St. Charles, MO",,1955,2024-07-06,0,,ACTIVE,2024 Edgeball Teams Tournament,1960.0,1983.0,2024-05-04,2024-05-05
1589,Everton,Wilson II,53058,84792,"St. Charles, MO",,1955,2024-07-06,0,,ACTIVE,2023 Edgeball Chicago International Open,1946.0,1976.0,2023-10-28,2023-10-29
1589,Everton,Wilson II,53058,84792,"St. Charles, MO",,1955,2024-07-06,0,,ACTIVE,2022 Edgeball Chicago International Table Tennis Open,1905.0,1915.0,2022-10-29,2022-10-30
1606,Xiaoping,Zhu,116951,215951,"Chicago, TX",,1953,2024-08-11,1956,2021-09-30,ACTIVE,2024 Edgeball Teams Tournament,1962.0,1947.0,2024-05-04,2024-05-05
1610,Kairong,Liu,33118,69637,"Eagan, MN",,1952,2024-05-05,1993,2019-08-24,ACTIVE,2024 Edgeball Teams Tournament,1933.0,1952.0,2024-05-04,2024-05-05
1610,Kairong,Liu,33118,69637,"Eagan, MN",,1952,2024-05-05,1993,2019-08-24,ACTIVE,2022 Edgeball Chicago International Table Tennis Open,1981.0,1972.0,2022-10-29,2022-10-30
1610,Kairong,Liu,33118,69637,"Eagan, MN",,1952,2024-05-05,1993,2019-08-24,ACTIVE,2021 Edgeball Chicago International Open,2082.0,2064.0,2021-10-30,2021-10-31
1610,Kairong,Liu,33118,69637,"Eagan, MN",,1952,2024-05-05,1993,2019-08-24,ACTIVE,Edgeball Chicago International Table Tennis Open,2087.0,2072.0,2019-10-26,2019-10-27
1610,Kairong,Liu,33118,69637,"Eagan, MN",,1952,2024-05-05,1993,2019-08-24,ACTIVE,2016 Edgeball Chicago International Table Tennis Open,2019.0,2039.0,2016-10-29,2016-10-30
1613,Sam,Kim,3783,91329,"Wheeling, IL",,1952,2024-07-07,0,,ACTIVE,2022 Edgeball Chicago International Table Tennis Open,1926.0,1939.0,2022-10-29,2022-10-30
1613,Sam,Kim,3783,91329,"Wheeling, IL",,1952,2024-07-07,0,,ACTIVE,Edgeball Chicago International Table Tennis Open,1888.0,1928.0,2018-10-27,2018-10-28
1613,Sam,Kim,3783,91329,"Wheeling, IL",,1952,2024-07-07,0,,ACTIVE,2017 Edgeball Chicago International Open,1869.0,1888.0,2017-08-12,2017-08-12
1616,Munther,Al Sawah,117769,216769,"West Bloomfield, MI",,1951,2024-05-05,0,,ACTIVE,Edgeball Chicago International Table Tennis Open,1778.0,1862.0,2018-10-27,2018-10-28
1627,Nobuyuki,Shiogai,7090,26208,"Parker, CO",Sky High Table Tennis Club,1950,2023-12-21,2013,2009-04-16,ACTIVE,2022 Edgeball Chicago International Table Tennis Open,1971.0,1981.0,2022-10-29,2022-10-30
1628,Daniel,Mcginnis,35524,87690,"Ames, IA",Iowa State University Table Tennis Club,1950,2024-07-07,1609,2022-07-31,ACTIVE,2023 Edgeball Chicago International Open,1873.0,1869.0,2023-10-28,2023-10-29
1628,Daniel,Mcginnis,35524,87690,"Ames, IA",Iowa State University Table Tennis Club,1950,2024-07-07,1609,2022-07-31,ACTIVE,2022 Edgeball Chicago International Table Tennis Open,1790.0,1888.0,2022-10-29,2022-10-30
1647,Ananya,Khuntia,170985,269985,"Aurora, CO",DenverPong,1946,2024-07-07,1764,2024-02-23,ACTIVE,2022 Edgeball Chicago International Table Tennis Open,1345.0,1394.0,2022-10-29,2022-10-30
1655,Alex,Pham,40622,26105,"Minneapolis, MN",,1945,2024-07-07,1809,2013-04-18,ACTIVE,2023 Edgeball Chicago International Open,1804.0,1788.0,2023-10-28,2023-10-29
1655,Alex,Pham,40622,26105,"Minneapolis, MN",,1945,2024-07-07,1809,2013-04-18,ACTIVE,Edgeball Chicago International Table Tennis Open,1851.0,1854.0,2018-10-27,2018-10-28
1655,Alex,Pham,40622,26105,"Minneapolis, MN",,1945,2024-07-07,1809,2013-04-18,ACTIVE,2016 Edgeball Chicago International Table Tennis Open,1845.0,1932.0,2016-10-29,2016-10-30
1660,Mauricio,Higuera,3005,92041,"Schaumburg, IL",Schaumburg Table Tennis Club,1944,2024-05-05,1816,2020-08-07,ACTIVE,2024 Edgeball Teams Tournament,1903.0,1944.0,2024-05-04,2024-05-05
1660,Mauricio,Higuera,3005,92041,"Schaumburg, IL",Schaumburg Table Tennis Club,1944,2024-05-05,1816,2020-08-07,ACTIVE,2023 Edgeball Chicago International Open,1927.0,1922.0,2023-10-28,2023-10-29
1660,Mauricio,Higuera,3005,92041,"Schaumburg, IL",Schaumburg Table Tennis Club,1944,2024-05-05,1816,2020-08-07,ACTIVE,2022 Edgeball Chicago International Table Tennis Open,1978.0,1971.0,2022-10-29,2022-10-30
1660,Mauricio,Higuera,3005,92041,"Schaumburg, IL",Schaumburg Table Tennis Club,1944,2024-05-05,1816,2020-08-07,ACTIVE,2021 Edgeball Chicago International Open,1983.0,1972.0,2021-10-30,2021-10-31
1660,Mauricio,Higuera,3005,92041,"Schaumburg, IL",Schaumburg Table Tennis Club,1944,2024-05-05,1816,2020-08-07,ACTIVE,Edgeball Chicago International Table Tennis Open,1833.0,1790.0,2019-10-26,2019-10-27
1660,Mauricio,Higuera,3005,92041,"Schaumburg, IL",Schaumburg Table Tennis Club,1944,2024-05-05,1816,2020-08-07,ACTIVE,Edgeball Chicago International Table Tennis Open,1674.0,1679.0,2018-10-27,2018-10-28
1660,Mauricio,Higuera,3005,92041,"Schaumburg, IL",Schaumburg Table Tennis Club,1944,2024-05-05,1816,2020-08-07,ACTIVE,2017 Edgeball Chicago International Open,1574.0,1605.0,2017-08-12,2017-08-12
1679,Henry,Wang,8252,91267,"Mt Pleasant, MI",Hua Xia Table Tennis Center,1940,2024-07-07,1615,2023-08-06,ACTIVE,2023 Edgeball Chicago International Open,1811.0,1812.0,2023-10-28,2023-10-29
1679,Henry,Wang,8252,91267,"Mt Pleasant, MI",Hua Xia Table Tennis Center,1940,2024-07-07,1615,2023-08-06,ACTIVE,2022 Edgeball Chicago International Table Tennis Open,1730.0,1780.0,2022-10-29,2022-10-30
1679,Henry,Wang,8252,91267,"Mt Pleasant, MI",Hua Xia Table Tennis Center,1940,2024-07-07,1615,2023-08-06,ACTIVE,2021 Edgeball Chicago International Open,1564.0,1558.0,2021-10-30,2021-10-31
1679,Henry,Wang,8252,91267,"Mt Pleasant, MI",Hua Xia Table Tennis Center,1940,2024-07-07,1615,2023-08-06,ACTIVE,2017 Edgeball Chicago International Open,680.0,654.0,2017-08-12,2017-08-12
1680,Viet,Tran,174486,273486,"Chicago, IL",Chislam TTC,1940,2024-07-07,0,,ACTIVE,2024 Edgeball Teams Tournament,1907.0,1960.0,2024-05-04,2024-05-05
1680,Viet,Tran,174486,273486,"Chicago, IL",Chislam TTC,1940,2024-07-07,0,,ACTIVE,2022 Edgeball Chicago International Table Tennis Open,0.0,1903.0,2022-10-29,2022-10-30
1695,Piotr,Juszkiewicz,118739,217739,"Lincoln, NE",Lincoln Table Tennis Association,1937,2024-03-09,0,,ACTIVE,2023 Edgeball Chicago International Open,1896.0,1931.0,2023-10-28,2023-10-29
1695,Piotr,Juszkiewicz,118739,217739,"Lincoln, NE",Lincoln Table Tennis Association,1937,2024-03-09,0,,ACTIVE,2022 Edgeball Chicago International Table Tennis Open,1902.0,1925.0,2022-10-29,2022-10-30
1695,Piotr,Juszkiewicz,118739,217739,"Lincoln, NE",Lincoln Table Tennis Association,1937,2024-03-09,0,,ACTIVE,2021 Edgeball Chicago International Open,1904.0,1880.0,2021-10-30,2021-10-31
1695,Piotr,Juszkiewicz,118739,217739,"Lincoln, NE",Lincoln Table Tennis Association,1937,2024-03-09,0,,ACTIVE,Edgeball Chicago International Table Tennis Open,1921.0,1961.0,2019-10-26,2019-10-27
1698,Omprakash,Kuppurajah,30323,30868,"NAPERVILLE, IL",,1936,2024-04-21,0,,ACTIVE,2023 Edgeball Chicago International Open,1877.0,1846.0,2023-10-28,2023-10-29
1706,Varin,Chandra,170751,1170751,"Highlands Ranch, CO",Mile High Table Tennis Academy,1935,2024-08-04,1901,2024-05-24,ACTIVE,2024 Edgeball Teams Tournament,1821.0,1901.0,2024-05-04,2024-05-05
1706,Varin,Chandra,170751,1170751,"Highlands Ranch, CO",Mile High Table Tennis Academy,1935,2024-08-04,1901,2024-05-24,ACTIVE,2023 Edgeball Chicago International Open,1732.0,1680.0,2023-10-28,2023-10-29
1706,Varin,Chandra,170751,1170751,"Highlands Ranch, CO",Mile High Table Tennis Academy,1935,2024-08-04,1901,2024-05-24,ACTIVE,2022 Edgeball Chicago International Table Tennis Open,1224.0,1434.0,2022-10-29,2022-10-30
1706,Varin,Chandra,170751,1170751,"Highlands Ranch, CO",Mile High Table Tennis Academy,1935,2024-08-04,1901,2024-05-24,ACTIVE,2021 Edgeball Chicago International Open,458.0,809.0,2021-10-30,2021-10-31
1707,Shishir,Mahajan,98089,197089,"Santa Clara, CA",Stickman Skills Center,1934,2024-03-03,1749,2024-08-18,ACTIVE,2021 Edgeball Chicago International Open,1870.0,1887.0,2021-10-30,2021-10-31
1711,Patrick,Engel,19861,86114,"Zionsville, IN",IndyPong TTC,1934,2024-05-05,1807,2024-03-04,ACTIVE,2024 Edgeball Teams Tournament,1923.0,1934.0,2024-05-04,2024-05-05
1711,Patrick,Engel,19861,86114,"Zionsville, IN",IndyPong TTC,1934,2024-05-05,1807,2024-03-04,ACTIVE,2022 Edgeball Chicago International Table Tennis Open,1867.0,1880.0,2022-10-29,2022-10-30
1711,Patrick,Engel,19861,86114,"Zionsville, IN",IndyPong TTC,1934,2024-05-05,1807,2024-03-04,ACTIVE,2021 Edgeball Chicago International Open,1751.0,1794.0,2021-10-30,2021-10-31
1711,Patrick,Engel,19861,86114,"Zionsville, IN",IndyPong TTC,1934,2024-05-05,1807,2024-03-04,ACTIVE,Edgeball Chicago International Table Tennis Open,1814.0,1816.0,2019-10-26,2019-10-27
1711,Patrick,Engel,19861,86114,"Zionsville, IN",IndyPong TTC,1934,2024-05-05,1807,2024-03-04,ACTIVE,Edgeball Chicago International Table Tennis Open,1807.0,1797.0,2018-10-27,2018-10-28
1711,Patrick,Engel,19861,86114,"Zionsville, IN",IndyPong TTC,1934,2024-05-05,1807,2024-03-04,ACTIVE,2016 Edgeball Chicago International Table Tennis Open,1616.0,1652.0,2016-10-29,2016-10-30
1717,Timothy,Noh,166536,1166536,"Buford, GA",,1933,2024-04-06,0,,ACTIVE,2023 Edgeball Chicago International Open,1787.0,1785.0,2023-10-28,2023-10-29
1717,Timothy,Noh,166536,1166536,"Buford, GA",,1933,2024-04-06,0,,ACTIVE,2022 Edgeball Chicago International Table Tennis Open,1768.0,1766.0,2022-10-29,2022-10-30
1717,Timothy,Noh,166536,1166536,"Buford, GA",,1933,2024-04-06,0,,ACTIVE,2021 Edgeball Chicago International Open,1655.0,1685.0,2021-10-30,2021-10-31
1738,Pranam,Acharya,165260,1165260,"Carmel, IN",SpinBlock Table Tennis Center,1930,2024-08-11,1884,2024-03-25,ACTIVE,2022 Edgeball Chicago International Table Tennis Open,2069.0,2030.0,2022-10-29,2022-10-30
1774,Anton,Moskalenko,170558,269558,"Carmel, IN",IndyPong TTC,1922,2024-08-11,1875,2024-09-02,ACTIVE,2024 Edgeball Teams Tournament,1915.0,1902.0,2024-05-04,2024-05-05
1779,Beta,Shen,121289,220289,Novi,,1922,2024-05-05,0,,ACTIVE,2024 Edgeball Teams Tournament,1940.0,1922.0,2024-05-04,2024-05-05
1779,Beta,Shen,121289,220289,Novi,,1922,2024-05-05,0,,ACTIVE,2023 Edgeball Chicago International Open,1757.0,1741.0,2023-10-28,2023-10-29
1779,Beta,Shen,121289,220289,Novi,,1922,2024-05-05,0,,ACTIVE,2022 Edgeball Chicago International Table Tennis Open,1604.0,1723.0,2022-10-29,2022-10-30
1779,Beta,Shen,121289,220289,Novi,,1922,2024-05-05,0,,ACTIVE,2021 Edgeball Chicago International Open,1521.0,1432.0,2021-10-30,2021-10-31
1779,Beta,Shen,121289,220289,Novi,,1922,2024-05-05,0,,ACTIVE,Edgeball Chicago International Table Tennis Open,1565.0,1466.0,2019-10-26,2019-10-27
1779,Beta,Shen,121289,220289,Novi,,1922,2024-05-05,0,,ACTIVE,Edgeball Chicago International Table Tennis Open,1229.0,1382.0,2018-10-27,2018-10-28
1791,Yinnian,Wang,182407,1182407,Peoria,,1920,2023-10-29,0,,ACTIVE,2023 Edgeball Chicago International Open,0.0,1920.0,2023-10-28,2023-10-29
1813,Zachary,Moy,5429,77490,"Schaumburg, IL",Schaumburg Table Tennis Club,1916,2024-06-02,0,,ACTIVE,2024 Edgeball Teams Tournament,1927.0,1919.0,2024-05-04,2024-05-05
1821,Zaid,Berrada,578,86942,"Morton Grove, IL",,1914,2024-07-07,1935,2014-12-04,ACTIVE,2024 Edgeball Teams Tournament,1906.0,1885.0,2024-05-04,2024-05-05
1821,Zaid,Berrada,578,86942,"Morton Grove, IL",,1914,2024-07-07,1935,2014-12-04,ACTIVE,2022 Edgeball Chicago International Table Tennis Open,1876.0,1847.0,2022-10-29,2022-10-30
1832,Leslaw,Hakalo,124119,223119,Palatine,,1913,2024-05-05,1742,2019-03-08,ACTIVE,2024 Edgeball Teams Tournament,1929.0,1913.0,2024-05-04,2024-05-05
1832,Leslaw,Hakalo,124119,223119,Palatine,,1913,2024-05-05,1742,2019-03-08,ACTIVE,2023 Edgeball Chicago International Open,1950.0,1929.0,2023-10-28,2023-10-29
1832,Leslaw,Hakalo,124119,223119,Palatine,,1913,2024-05-05,1742,2019-03-08,ACTIVE,2022 Edgeball Chicago International Table Tennis Open,1995.0,1963.0,2022-10-29,2022-10-30
1832,Leslaw,Hakalo,124119,223119,Palatine,,1913,2024-05-05,1742,2019-03-08,ACTIVE,2021 Edgeball Chicago International Open,1905.0,1922.0,2021-10-30,2021-10-31
1832,Leslaw,Hakalo,124119,223119,Palatine,,1913,2024-05-05,1742,2019-03-08,ACTIVE,Edgeball Chicago International Table Tennis Open,1901.0,1905.0,2019-10-26,2019-10-27
1832,Leslaw,Hakalo,124119,223119,Palatine,,1913,2024-05-05,1742,2019-03-08,ACTIVE,Edgeball Chicago International Table Tennis Open,1633.0,1658.0,2018-10-27,2018-10-28
1845,Enos,Washington,8348,71125,"Grand Forks, ND",,1911,2024-08-11,1829,2024-06-24,ACTIVE,2017 Edgeball Chicago International Open,1741.0,1699.0,2017-08-12,2017-08-12
1861,Greg,Castillo,14350,21218,"Albuquerque, NM",Albuquerque Table Tennis Club,1908,2024-06-15,0,,ACTIVE,2023 Edgeball Chicago International Open,1895.0,2041.0,2023-10-28,2023-10-29
1885,Valiantsin,Zobau,177404,1177404,O'Fallon,,1905,2024-02-25,0,,ACTIVE,2023 Edgeball Chicago International Open,1934.0,1905.0,2023-10-28,2023-10-29
1885,Valiantsin,Zobau,177404,1177404,O'Fallon,,1905,2024-02-25,0,,ACTIVE,2022 Edgeball Chicago International Table Tennis Open,0.0,1923.0,2022-10-29,2022-10-30
1905,Weimin,He,113250,212250,"Plover, WI",,1902,2024-08-11,0,,ACTIVE,2023 Edgeball Chicago International Open,1882.0,1799.0,2023-10-28,2023-10-29
1905,Weimin,He,113250,212250,"Plover, WI",,1902,2024-08-11,0,,ACTIVE,2017 Edgeball Chicago International Open,1855.0,1913.0,2017-08-12,2017-08-12
1932,Richard,McAfee,5084,43720,"Aurora, CO",Sky High Table Tennis Club,1899,2024-04-28,2070,2015-06-27,ACTIVE,2022 Edgeball Chicago International Table Tennis Open,1980.0,1980.0,2022-10-29,2022-10-30
1936,Tim,Mcgrane,5121,79186,"Anoka, MN",,1898,2024-02-25,1821,2014-09-06,ACTIVE,Edgeball Chicago International Table Tennis Open,1790.0,1802.0,2019-10-26,2019-10-27
1936,Tim,Mcgrane,5121,79186,"Anoka, MN",,1898,2024-02-25,1821,2014-09-06,ACTIVE,2017 Edgeball Chicago International Open,1788.0,1806.0,2017-08-12,2017-08-12
1936,Tim,Mcgrane,5121,79186,"Anoka, MN",,1898,2024-02-25,1821,2014-09-06,ACTIVE,2016 Edgeball Chicago International Table Tennis Open,1784.0,1788.0,2016-10-29,2016-10-30
1938,Uko,Marcus,1837,3701,"Las Vegas, GA",,1898,2024-08-31,1804,2024-03-20,ACTIVE,2022 Edgeball Chicago International Table Tennis Open,1852.0,1906.0,2022-10-29,2022-10-30
1946,John,Schlegel,6852,16171,"Hartford, WI",Milwaukee Table Tennis Club,1897,2024-05-18,0,,ACTIVE,2024 Edgeball Teams Tournament,1915.0,1896.0,2024-05-04,2024-05-05
1946,John,Schlegel,6852,16171,"Hartford, WI",Milwaukee Table Tennis Club,1897,2024-05-18,0,,ACTIVE,2023 Edgeball Chicago International Open,1917.0,1915.0,2023-10-28,2023-10-29
1946,John,Schlegel,6852,16171,"Hartford, WI",Milwaukee Table Tennis Club,1897,2024-05-18,0,,ACTIVE,2021 Edgeball Chicago International Open,1920.0,1920.0,2021-10-30,2021-10-31
1946,John,Schlegel,6852,16171,"Hartford, WI",Milwaukee Table Tennis Club,1897,2024-05-18,0,,ACTIVE,2017 Edgeball Chicago International Open,1803.0,1970.0,2017-08-12,2017-08-12
1958,Chaofan,Wang,182406,1182406,Normal,,1895,2023-10-29,0,,ACTIVE,2023 Edgeball Chicago International Open,0.0,1895.0,2023-10-28,2023-10-29
1964,Rishabh,Mohta,131202,230202,"Gilbert, AZ",,1894,2024-08-25,1907,2024-08-16,ACTIVE,2021 Edgeball Chicago International Open,1280.0,1486.0,2021-10-30,2021-10-31
1978,Chi,Lam,4076,61680,"Rochester, MN",Rochester Table Tennis Club,1892,2023-11-04,1931,2010-10-16,ACTIVE,2023 Edgeball Chicago International Open,1872.0,1894.0,2023-10-28,2023-10-29
1978,Chi,Lam,4076,61680,"Rochester, MN",Rochester Table Tennis Club,1892,2023-11-04,1931,2010-10-16,ACTIVE,2022 Edgeball Chicago International Table Tennis Open,1900.0,1973.0,2022-10-29,2022-10-30
1995,Sabarish,Rajaraman,172172,1172172,"Oak Creek, WI",,1889,2024-08-11,0,,ACTIVE,2023 Edgeball Chicago International Open,1721.0,1732.0,2023-10-28,2023-10-29
1995,Sabarish,Rajaraman,172172,1172172,"Oak Creek, WI",,1889,2024-08-11,0,,ACTIVE,2022 Edgeball Chicago International Table Tennis Open,1340.0,1374.0,2022-10-29,2022-10-30
2007,Andrzej,Kozan,177119,276119,"Chicago, IL",Experior Table Tennis Club,1887,2024-04-21,0,,ACTIVE,2023 Edgeball Chicago International Open,1873.0,1824.0,2023-10-28,2023-10-29
2007,Andrzej,Kozan,177119,276119,"Chicago, IL",Experior Table Tennis Club,1887,2024-04-21,0,,ACTIVE,2022 Edgeball Chicago International Table Tennis Open,0.0,1848.0,2022-10-29,2022-10-30
2028,Rohit,Kalra,131575,230575,"Indianapolis, IN",IndyPong TTC,1884,2024-02-25,1919,2024-02-19,ACTIVE,2022 Edgeball Chicago International Table Tennis Open,1849.0,1823.0,2022-10-29,2022-10-30
2028,Rohit,Kalra,131575,230575,"Indianapolis, IN",IndyPong TTC,1884,2024-02-25,1919,2024-02-19,ACTIVE,2021 Edgeball Chicago International Open,1801.0,1849.0,2021-10-30,2021-10-31
2051,Reginald,Tan,176357,275357,Rowland Heights,,1880,2024-04-20,1941,2024-01-26,ACTIVE,2022 Edgeball Chicago International Table Tennis Open,1764.0,1662.0,2022-10-29,2022-10-30
2053,C. J.,Hurst,123964,222964,"Minneapolis, MN",,1879,2023-10-29,0,,ACTIVE,2023 Edgeball Chicago International Open,1787.0,1879.0,2023-10-28,2023-10-29
2067,Robert,Su,176810,1176810,"Des Plaines, IL",Schaumburg Table Tennis Club,1878,2024-07-07,0,,ACTIVE,2023 Edgeball Chicago International Open,1894.0,1882.0,2023-10-28,2023-10-29
2067,Robert,Su,176810,1176810,"Des Plaines, IL",Schaumburg Table Tennis Club,1878,2024-07-07,0,,ACTIVE,2022 Edgeball Chicago International Table Tennis Open,2031.0,1915.0,2022-10-29,2022-10-30
2087,Yokutkhon,Metinova,115943,214943,"Minneapolis, MN",Table Tennis Minnesota,1875,2023-11-04,0,,ACTIVE,2023 Edgeball Chicago International Open,1876.0,1902.0,2023-10-28,2023-10-29
2087,Yokutkhon,Metinova,115943,214943,"Minneapolis, MN",Table Tennis Minnesota,1875,2023-11-04,0,,ACTIVE,Edgeball Chicago International Table Tennis Open,1814.0,1996.0,2019-10-26,2019-10-27
2087,Yokutkhon,Metinova,115943,214943,"Minneapolis, MN",Table Tennis Minnesota,1875,2023-11-04,0,,ACTIVE,Edgeball Chicago International Table Tennis Open,1822.0,1848.0,2018-10-27,2018-10-28
2089,Palak,Jain,171533,270533,"Duluth, GA",Atlanta International Table Tennis Academy,1874,2024-08-18,0,,ACTIVE,2024 Edgeball Teams Tournament,1747.0,1868.0,2024-05-04,2024-05-05
2089,Palak,Jain,171533,270533,"Duluth, GA",Atlanta International Table Tennis Academy,1874,2024-08-18,0,,ACTIVE,2023 Edgeball Chicago International Open,1848.0,1925.0,2023-10-28,2023-10-29
2093,Xun,Lin,124945,223945,"Ann Arbor, MI",Michigan Table Tennis Academy,1873,2024-08-31,1807,2022-05-17,ACTIVE,2023 Edgeball Chicago International Open,1749.0,1887.0,2023-10-28,2023-10-29
2093,Xun,Lin,124945,223945,"Ann Arbor, MI",Michigan Table Tennis Academy,1873,2024-08-31,1807,2022-05-17,ACTIVE,2022 Edgeball Chicago International Table Tennis Open,1780.0,1833.0,2022-10-29,2022-10-30
2096,Jamy,Sneeden,117254,216254,"Shorewood Wi, MN",,1872,2024-08-04,0,,ACTIVE,2024 Edgeball Teams Tournament,1894.0,1896.0,2024-05-04,2024-05-05
2096,Jamy,Sneeden,117254,216254,"Shorewood Wi, MN",,1872,2024-08-04,0,,ACTIVE,2023 Edgeball Chicago International Open,1810.0,1812.0,2023-10-28,2023-10-29
2096,Jamy,Sneeden,117254,216254,"Shorewood Wi, MN",,1872,2024-08-04,0,,ACTIVE,Edgeball Chicago International Table Tennis Open,1823.0,1803.0,2019-10-26,2019-10-27
2103,Tim,Stoyanov,166072,265072,Park Ridge,,1872,2024-05-05,1418,2020-07-24,ACTIVE,2024 Edgeball Teams Tournament,1907.0,1872.0,2024-05-04,2024-05-05
2103,Tim,Stoyanov,166072,265072,Park Ridge,,1872,2024-05-05,1418,2020-07-24,ACTIVE,2022 Edgeball Chicago International Table Tennis Open,1946.0,1985.0,2022-10-29,2022-10-30
2103,Tim,Stoyanov,166072,265072,Park Ridge,,1872,2024-05-05,1418,2020-07-24,ACTIVE,2021 Edgeball Chicago International Open,1731.0,1935.0,2021-10-30,2021-10-31
2103,Tim,Stoyanov,166072,265072,Park Ridge,,1872,2024-05-05,1418,2020-07-24,ACTIVE,Edgeball Chicago International Table Tennis Open,1201.0,1313.0,2019-10-26,2019-10-27
2108,Victor,Imbo,3325,84717,"Saint Paul, MN",,1872,2023-09-04,1650,2024-08-25,ACTIVE,2016 Edgeball Chicago International Table Tennis Open,1978.0,1937.0,2016-10-29,2016-10-30
2109,William,Wang,115471,214471,"Mt Pleasant, MI",,1871,2024-07-07,1596,2023-08-06,ACTIVE,2023 Edgeball Chicago International Open,1792.0,1787.0,2023-10-28,2023-10-29
2109,William,Wang,115471,214471,"Mt Pleasant, MI",,1871,2024-07-07,1596,2023-08-06,ACTIVE,2022 Edgeball Chicago International Table Tennis Open,1337.0,1454.0,2022-10-29,2022-10-30
2109,William,Wang,115471,214471,"Mt Pleasant, MI",,1871,2024-07-07,1596,2023-08-06,ACTIVE,2021 Edgeball Chicago International Open,1159.0,1183.0,2021-10-30,2021-10-31
2109,William,Wang,115471,214471,"Mt Pleasant, MI",,1871,2024-07-07,1596,2023-08-06,ACTIVE,2017 Edgeball Chicago International Open,583.0,564.0,2017-08-12,2017-08-12
2111,Kui,Zhang,55517,32162,"Houghton, MI",,1871,2024-08-04,1945,2017-08-22,ACTIVE,2022 Edgeball Chicago International Table Tennis Open,1783.0,1777.0,2022-10-29,2022-10-30
2111,Kui,Zhang,55517,32162,"Houghton, MI",,1871,2024-08-04,1945,2017-08-22,ACTIVE,Edgeball Chicago International Table Tennis Open,1883.0,1882.0,2018-10-27,2018-10-28
2111,Kui,Zhang,55517,32162,"Houghton, MI",,1871,2024-08-04,1945,2017-08-22,ACTIVE,2017 Edgeball Chicago International Open,1830.0,1881.0,2017-08-12,2017-08-12
2111,Kui,Zhang,55517,32162,"Houghton, MI",,1871,2024-08-04,1945,2017-08-22,ACTIVE,2016 Edgeball Chicago International Table Tennis Open,1850.0,1854.0,2016-10-29,2016-10-30
2112,Jake,Arciniega,228,75277,"Chicago, IL",Net and Paddle Club,1871,2023-10-29,0,,ACTIVE,2023 Edgeball Chicago International Open,1873.0,1871.0,2023-10-28,2023-10-29
2112,Jake,Arciniega,228,75277,"Chicago, IL",Net and Paddle Club,1871,2023-10-29,0,,ACTIVE,Edgeball Chicago International Table Tennis Open,1872.0,1845.0,2018-10-27,2018-10-28
2112,Jake,Arciniega,228,75277,"Chicago, IL",Net and Paddle Club,1871,2023-10-29,0,,ACTIVE,2016 Edgeball Chicago International Table Tennis Open,1788.0,1840.0,2016-10-29,2016-10-30
2125,Daniel,Dreano,131757,1131757,"Raleigh, NC",Triangle Badminton & Table Tennis,1869,2024-08-04,0,,ACTIVE,2022 Edgeball Chicago International Table Tennis Open,1897.0,1867.0,2022-10-29,2022-10-30
2128,Christos,Dousmanis,1824,77153,"Harwood Heights, IL",Chicago Table Tennis Club - Wheeling Park District Branch ,1868,2024-05-05,0,,ACTIVE,2024 Edgeball Teams Tournament,1727.0,1868.0,2024-05-04,2024-05-05
2128,Christos,Dousmanis,1824,77153,"Harwood Heights, IL",Chicago Table Tennis Club - Wheeling Park District Branch ,1868,2024-05-05,0,,ACTIVE,2023 Edgeball Chicago International Open,1674.0,1677.0,2023-10-28,2023-10-29
2128,Christos,Dousmanis,1824,77153,"Harwood Heights, IL",Chicago Table Tennis Club - Wheeling Park District Branch ,1868,2024-05-05,0,,ACTIVE,2022 Edgeball Chicago International Table Tennis Open,1836.0,1737.0,2022-10-29,2022-10-30
2128,Christos,Dousmanis,1824,77153,"Harwood Heights, IL",Chicago Table Tennis Club - Wheeling Park District Branch ,1868,2024-05-05,0,,ACTIVE,2021 Edgeball Chicago International Open,1780.0,1794.0,2021-10-30,2021-10-31
2128,Christos,Dousmanis,1824,77153,"Harwood Heights, IL",Chicago Table Tennis Club - Wheeling Park District Branch ,1868,2024-05-05,0,,ACTIVE,2017 Edgeball Chicago International Open,1829.0,1791.0,2017-08-12,2017-08-12
2128,Christos,Dousmanis,1824,77153,"Harwood Heights, IL",Chicago Table Tennis Club - Wheeling Park District Branch ,1868,2024-05-05,0,,ACTIVE,2016 Edgeball Chicago International Table Tennis Open,1909.0,1885.0,2016-10-29,2016-10-30
2130,Jeremy,Bernard,568,24407,"Twinsburg, OH",Twinsburg Table Tennis Club,1868,2022-03-20,0,,ACTIVE,Edgeball Chicago International Table Tennis Open,1769.0,1888.0,2019-10-26,2019-10-27
2130,Jeremy,Bernard,568,24407,"Twinsburg, OH",Twinsburg Table Tennis Club,1868,2022-03-20,0,,ACTIVE,2016 Edgeball Chicago International Table Tennis Open,1728.0,1724.0,2016-10-29,2016-10-30
2167,Ronnie,Coleman,1413,97654,"South Bend, IN",,1862,2024-03-17,1849,2022-11-28,ACTIVE,2023 Edgeball Chicago International Open,1846.0,1871.0,2023-10-28,2023-10-29
2167,Ronnie,Coleman,1413,97654,"South Bend, IN",,1862,2024-03-17,1849,2022-11-28,ACTIVE,2022 Edgeball Chicago International Table Tennis Open,1770.0,1724.0,2022-10-29,2022-10-30
2167,Ronnie,Coleman,1413,97654,"South Bend, IN",,1862,2024-03-17,1849,2022-11-28,ACTIVE,2016 Edgeball Chicago International Table Tennis Open,1418.0,1456.0,2016-10-29,2016-10-30
2169,Steve,Gonzales,2527,54676,"Mason, MI",Greater Michigan Table Tennis Organization,1862,2023-11-19,1949,2013-08-31,ACTIVE,2023 Edgeball Chicago International Open,1802.0,1850.0,2023-10-28,2023-10-29
2169,Steve,Gonzales,2527,54676,"Mason, MI",Greater Michigan Table Tennis Organization,1862,2023-11-19,1949,2013-08-31,ACTIVE,2022 Edgeball Chicago International Table Tennis Open,1822.0,1801.0,2022-10-29,2022-10-30
2169,Steve,Gonzales,2527,54676,"Mason, MI",Greater Michigan Table Tennis Organization,1862,2023-11-19,1949,2013-08-31,ACTIVE,2021 Edgeball Chicago International Open,1835.0,1849.0,2021-10-30,2021-10-31
2169,Steve,Gonzales,2527,54676,"Mason, MI",Greater Michigan Table Tennis Organization,1862,2023-11-19,1949,2013-08-31,ACTIVE,Edgeball Chicago International Table Tennis Open,1763.0,1785.0,2019-10-26,2019-10-27
2169,Steve,Gonzales,2527,54676,"Mason, MI",Greater Michigan Table Tennis Organization,1862,2023-11-19,1949,2013-08-31,ACTIVE,Edgeball Chicago International Table Tennis Open,1915.0,1895.0,2018-10-27,2018-10-28
2169,Steve,Gonzales,2527,54676,"Mason, MI",Greater Michigan Table Tennis Organization,1862,2023-11-19,1949,2013-08-31,ACTIVE,2016 Edgeball Chicago International Table Tennis Open,1843.0,1998.0,2016-10-29,2016-10-30
2175,Marc,Villanueva,8134,28463,"Chicago, IL",,1861,2023-10-29,1970,2017-08-18,ACTIVE,2023 Edgeball Chicago International Open,1896.0,1861.0,2023-10-28,2023-10-29
2175,Marc,Villanueva,8134,28463,"Chicago, IL",,1861,2023-10-29,1970,2017-08-18,ACTIVE,Edgeball Chicago International Table Tennis Open,1908.0,1906.0,2019-10-26,2019-10-27
2175,Marc,Villanueva,8134,28463,"Chicago, IL",,1861,2023-10-29,1970,2017-08-18,ACTIVE,Edgeball Chicago International Table Tennis Open,1979.0,1973.0,2018-10-27,2018-10-28
2175,Marc,Villanueva,8134,28463,"Chicago, IL",,1861,2023-10-29,1970,2017-08-18,ACTIVE,2017 Edgeball Chicago International Open,1913.0,2010.0,2017-08-12,2017-08-12
2175,Marc,Villanueva,8134,28463,"Chicago, IL",,1861,2023-10-29,1970,2017-08-18,ACTIVE,2016 Edgeball Chicago International Table Tennis Open,1971.0,1985.0,2016-10-29,2016-10-30
2196,Batbold,Tsevegmid,103767,202767,"Fishers, IN",,1857,2024-08-11,1707,2024-02-05,ACTIVE,2023 Edgeball Chicago International Open,1718.0,1737.0,2023-10-28,2023-10-29
2196,Batbold,Tsevegmid,103767,202767,"Fishers, IN",,1857,2024-08-11,1707,2024-02-05,ACTIVE,2022 Edgeball Chicago International Table Tennis Open,1719.0,1698.0,2022-10-29,2022-10-30
2196,Batbold,Tsevegmid,103767,202767,"Fishers, IN",,1857,2024-08-11,1707,2024-02-05,ACTIVE,2021 Edgeball Chicago International Open,1559.0,1586.0,2021-10-30,2021-10-31
2220,Sreekanth,Katikala,28524,96395,"Omaha, NE",Omaha Metro Table Tennis Club,1853,2024-03-23,1224,2020-03-12,ACTIVE,2023 Edgeball Chicago International Open,1838.0,1846.0,2023-10-28,2023-10-29
2231,Cameron,Luo,4801,27961,"Sellersburg, IN",,1850,2024-08-11,1777,2019-08-10,ACTIVE,2023 Edgeball Chicago International Open,1791.0,1951.0,2023-10-28,2023-10-29
2231,Cameron,Luo,4801,27961,"Sellersburg, IN",,1850,2024-08-11,1777,2019-08-10,ACTIVE,2017 Edgeball Chicago International Open,1845.0,1801.0,2017-08-12,2017-08-12
2233,Maziar,Mohammadi,5345,17161,"Denver, CO",DenverPong,1850,2024-07-07,1866,2015-08-27,ACTIVE,2022 Edgeball Chicago International Table Tennis Open,1831.0,1886.0,2022-10-29,2022-10-30
2243,Dylan,Garland,2367,94669,"Imperial, MO",St. Louis Table Tennis Club,1848,2024-02-25,1825,2018-08-31,ACTIVE,2023 Edgeball Chicago International Open,1977.0,1900.0,2023-10-28,2023-10-29
2243,Dylan,Garland,2367,94669,"Imperial, MO",St. Louis Table Tennis Club,1848,2024-02-25,1825,2018-08-31,ACTIVE,Edgeball Chicago International Table Tennis Open,1895.0,1928.0,2018-10-27,2018-10-28
2249,Brian,Ngeunjuntr,5603,94254,"Willowbrook, IL",Experior Table Tennis Club,1848,2024-07-07,1786,2020-02-29,ACTIVE,2023 Edgeball Chicago International Open,1935.0,1889.0,2023-10-28,2023-10-29
2249,Brian,Ngeunjuntr,5603,94254,"Willowbrook, IL",Experior Table Tennis Club,1848,2024-07-07,1786,2020-02-29,ACTIVE,Edgeball Chicago International Table Tennis Open,1747.0,1994.0,2019-10-26,2019-10-27
2249,Brian,Ngeunjuntr,5603,94254,"Willowbrook, IL",Experior Table Tennis Club,1848,2024-07-07,1786,2020-02-29,ACTIVE,Edgeball Chicago International Table Tennis Open,1747.0,1752.0,2018-10-27,2018-10-28
2249,Brian,Ngeunjuntr,5603,94254,"Willowbrook, IL",Experior Table Tennis Club,1848,2024-07-07,1786,2020-02-29,ACTIVE,2017 Edgeball Chicago International Open,1344.0,1522.0,2017-08-12,2017-08-12
2249,Brian,Ngeunjuntr,5603,94254,"Willowbrook, IL",Experior Table Tennis Club,1848,2024-07-07,1786,2020-02-29,ACTIVE,2016 Edgeball Chicago International Table Tennis Open,1098.0,1180.0,2016-10-29,2016-10-30
2254,Yat To,Yeung,116064,215064,"Ann Arbor, MI",,1847,2024-08-25,0,,ACTIVE,2016 Edgeball Chicago International Table Tennis Open,0.0,1769.0,2016-10-29,2016-10-30
2281,Terence,Drassal,19148,64453,"Shoreview, MN",Table Tennis Minnesota,1843,2024-05-05,0,,ACTIVE,2024 Edgeball Teams Tournament,1868.0,1843.0,2024-05-04,2024-05-05
2281,Terence,Drassal,19148,64453,"Shoreview, MN",Table Tennis Minnesota,1843,2024-05-05,0,,ACTIVE,Edgeball Chicago International Table Tennis Open,1851.0,1836.0,2019-10-26,2019-10-27
2281,Terence,Drassal,19148,64453,"Shoreview, MN",Table Tennis Minnesota,1843,2024-05-05,0,,ACTIVE,Edgeball Chicago International Table Tennis Open,1853.0,1881.0,2018-10-27,2018-10-28
2291,Pawel,Zych,9194,95553,"Itasca, IL",,1842,2024-04-21,1778,2020-03-06,ACTIVE,2017 Edgeball Chicago International Open,1764.0,1744.0,2017-08-12,2017-08-12
2291,Pawel,Zych,9194,95553,"Itasca, IL",,1842,2024-04-21,1778,2020-03-06,ACTIVE,2016 Edgeball Chicago International Table Tennis Open,1660.0,1676.0,2016-10-29,2016-10-30
2292,Maruf,Monwar,5377,87993,"Plymouth, MI",Greater Michigan Table Tennis Organization,1841,2024-07-27,1899,2022-12-10,ACTIVE,2021 Edgeball Chicago International Open,1871.0,1981.0,2021-10-30,2021-10-31
2298,Kevin,Zywicki,56263,90515,"Troy, MI",Greater Michigan Table Tennis Organization,1841,2024-06-22,1644,2017-07-24,ACTIVE,2024 Edgeball Teams Tournament,1821.0,1787.0,2024-05-04,2024-05-05
2298,Kevin,Zywicki,56263,90515,"Troy, MI",Greater Michigan Table Tennis Organization,1841,2024-06-22,1644,2017-07-24,ACTIVE,2023 Edgeball Chicago International Open,1639.0,1783.0,2023-10-28,2023-10-29
2299,Chenguang,Zhu,56025,91100,"Menlo Park, CA",Seattle Pacific Table Tennis Club,1841,2024-06-22,1832,2024-06-18,ACTIVE,Edgeball Chicago International Table Tennis Open,1908.0,1954.0,2018-10-27,2018-10-28
2304,Sirat,Mokha,113242,212242,"Brookfield, WI",,1840,2024-05-18,1645,2020-07-18,ACTIVE,2024 Edgeball Teams Tournament,1867.0,1853.0,2024-05-04,2024-05-05
2304,Sirat,Mokha,113242,212242,"Brookfield, WI",,1840,2024-05-18,1645,2020-07-18,ACTIVE,2021 Edgeball Chicago International Open,1892.0,1875.0,2021-10-30,2021-10-31
2304,Sirat,Mokha,113242,212242,"Brookfield, WI",,1840,2024-05-18,1645,2020-07-18,ACTIVE,Edgeball Chicago International Table Tennis Open,1709.0,1719.0,2019-10-26,2019-10-27
2304,Sirat,Mokha,113242,212242,"Brookfield, WI",,1840,2024-05-18,1645,2020-07-18,ACTIVE,Edgeball Chicago International Table Tennis Open,1228.0,1416.0,2018-10-27,2018-10-28
2304,Sirat,Mokha,113242,212242,"Brookfield, WI",,1840,2024-05-18,1645,2020-07-18,ACTIVE,2017 Edgeball Chicago International Open,794.0,941.0,2017-08-12,2017-08-12
2304,Sirat,Mokha,113242,212242,"Brookfield, WI",,1840,2024-05-18,1645,2020-07-18,ACTIVE,2016 Edgeball Chicago International Table Tennis Open,743.0,699.0,2016-10-29,2016-10-30
2352,Eric,To,120359,219359,"Palatine, IL",,1832,2024-05-05,1390,2021-10-16,ACTIVE,2024 Edgeball Teams Tournament,1840.0,1832.0,2024-05-04,2024-05-05
2352,Eric,To,120359,219359,"Palatine, IL",,1832,2024-05-05,1390,2021-10-16,ACTIVE,2023 Edgeball Chicago International Open,1823.0,1788.0,2023-10-28,2023-10-29
2352,Eric,To,120359,219359,"Palatine, IL",,1832,2024-05-05,1390,2021-10-16,ACTIVE,2022 Edgeball Chicago International Table Tennis Open,1676.0,1670.0,2022-10-29,2022-10-30
2352,Eric,To,120359,219359,"Palatine, IL",,1832,2024-05-05,1390,2021-10-16,ACTIVE,2021 Edgeball Chicago International Open,1669.0,1574.0,2021-10-30,2021-10-31
2352,Eric,To,120359,219359,"Palatine, IL",,1832,2024-05-05,1390,2021-10-16,ACTIVE,Edgeball Chicago International Table Tennis Open,1626.0,1748.0,2019-10-26,2019-10-27
2352,Eric,To,120359,219359,"Palatine, IL",,1832,2024-05-05,1390,2021-10-16,ACTIVE,Edgeball Chicago International Table Tennis Open,1269.0,1266.0,2018-10-27,2018-10-28
2353,Kenny,Cheng,175694,1175694,"Wentzville, MO",,1832,2024-05-05,0,,ACTIVE,2024 Edgeball Teams Tournament,1658.0,1832.0,2024-05-04,2024-05-05
2353,Kenny,Cheng,175694,1175694,"Wentzville, MO",,1832,2024-05-05,0,,ACTIVE,2022 Edgeball Chicago International Table Tennis Open,1280.0,1397.0,2022-10-29,2022-10-30
2354,Yanheng,Li,4469,95534,"Madison, WI",,1832,2018-10-28,0,,ACTIVE,Edgeball Chicago International Table Tennis Open,1823.0,1832.0,2018-10-27,2018-10-28
2377,Mir,Khan,172623,271623,"west chicago, IL",Experior Table Tennis Club,1829,2024-07-07,1846,2021-10-16,ACTIVE,2024 Edgeball Teams Tournament,1855.0,1854.0,2024-05-04,2024-05-05
2377,Mir,Khan,172623,271623,"west chicago, IL",Experior Table Tennis Club,1829,2024-07-07,1846,2021-10-16,ACTIVE,2023 Edgeball Chicago International Open,1870.0,1835.0,2023-10-28,2023-10-29
2377,Mir,Khan,172623,271623,"west chicago, IL",Experior Table Tennis Club,1829,2024-07-07,1846,2021-10-16,ACTIVE,2022 Edgeball Chicago International Table Tennis Open,1656.0,1639.0,2022-10-29,2022-10-30
2377,Mir,Khan,172623,271623,"west chicago, IL",Experior Table Tennis Club,1829,2024-07-07,1846,2021-10-16,ACTIVE,2021 Edgeball Chicago International Open,0.0,1656.0,2021-10-30,2021-10-31
2382,Greg,Smith,57745,15743,"Stanford, CA",,1828,2024-07-07,0,,ACTIVE,2024 Edgeball Teams Tournament,1983.0,1903.0,2024-05-04,2024-05-05
2386,Jeff,Timmerberg,89860,62511,"Saint Peters, MO",St. Louis Table Tennis Club,1827,2024-05-05,0,,ACTIVE,2024 Edgeball Teams Tournament,1754.0,1827.0,2024-05-04,2024-05-05
2386,Jeff,Timmerberg,89860,62511,"Saint Peters, MO",St. Louis Table Tennis Club,1827,2024-05-05,0,,ACTIVE,2022 Edgeball Chicago International Table Tennis Open,1579.0,1741.0,2022-10-29,2022-10-30
2394,Parth,Patel,121461,220461,"Cumming, GA",Wu Yue Table Tennis,1826,2024-08-18,0,,ACTIVE,2023 Edgeball Chicago International Open,1714.0,1759.0,2023-10-28,2023-10-29
2417,Aurimas,Zemaitaitis,117168,216168,Lisle,,1822,2024-07-07,1751,2020-08-07,ACTIVE,2024 Edgeball Teams Tournament,1879.0,1868.0,2024-05-04,2024-05-05
2417,Aurimas,Zemaitaitis,117168,216168,Lisle,,1822,2024-07-07,1751,2020-08-07,ACTIVE,2022 Edgeball Chicago International Table Tennis Open,1887.0,1877.0,2022-10-29,2022-10-30
2417,Aurimas,Zemaitaitis,117168,216168,Lisle,,1822,2024-07-07,1751,2020-08-07,ACTIVE,2021 Edgeball Chicago International Open,1888.0,1861.0,2021-10-30,2021-10-31
2417,Aurimas,Zemaitaitis,117168,216168,Lisle,,1822,2024-07-07,1751,2020-08-07,ACTIVE,Edgeball Chicago International Table Tennis Open,1827.0,1779.0,2019-10-26,2019-10-27
2417,Aurimas,Zemaitaitis,117168,216168,Lisle,,1822,2024-07-07,1751,2020-08-07,ACTIVE,Edgeball Chicago International Table Tennis Open,1722.0,1695.0,2018-10-27,2018-10-28
2418,Ajai,Singh,122078,221078,Cary,,1822,2024-08-04,0,,ACTIVE,2023 Edgeball Chicago International Open,1884.0,1833.0,2023-10-28,2023-10-29
2418,Ajai,Singh,122078,221078,Cary,,1822,2024-08-04,0,,ACTIVE,2021 Edgeball Chicago International Open,1872.0,1830.0,2021-10-30,2021-10-31
2424,Jagannathan,Ramakrishnan,42113,94462,"Maple Grove, MN",,1821,2024-07-07,0,,ACTIVE,2022 Edgeball Chicago International Table Tennis Open,1874.0,1859.0,2022-10-29,2022-10-30
2424,Jagannathan,Ramakrishnan,42113,94462,"Maple Grove, MN",,1821,2024-07-07,0,,ACTIVE,2021 Edgeball Chicago International Open,1853.0,1864.0,2021-10-30,2021-10-31
2438,Jace,Bennett,169620,268620,"Highland Park, IL",,1819,2024-07-07,0,,ACTIVE,2024 Edgeball Teams Tournament,1853.0,1905.0,2024-05-04,2024-05-05
2438,Jace,Bennett,169620,268620,"Highland Park, IL",,1819,2024-07-07,0,,ACTIVE,2023 Edgeball Chicago International Open,1873.0,1872.0,2023-10-28,2023-10-29
2438,Jace,Bennett,169620,268620,"Highland Park, IL",,1819,2024-07-07,0,,ACTIVE,2022 Edgeball Chicago International Table Tennis Open,871.0,1255.0,2022-10-29,2022-10-30
2438,Jace,Bennett,169620,268620,"Highland Park, IL",,1819,2024-07-07,0,,ACTIVE,2021 Edgeball Chicago International Open,564.0,643.0,2021-10-30,2021-10-31
2469,John,Oros,5838,53699,"Moline, IL",,1815,2019-05-25,0,,ACTIVE,2017 Edgeball Chicago International Open,1771.0,1770.0,2017-08-12,2017-08-12
2469,John,Oros,5838,53699,"Moline, IL",,1815,2019-05-25,0,,ACTIVE,2016 Edgeball Chicago International Table Tennis Open,1837.0,1822.0,2016-10-29,2016-10-30
2474,Aswin,Kumar,104011,203011,"Katy, TX",Houston International Table Tennis Academy (HITTA),1814,2024-05-12,1953,2024-08-03,ACTIVE,2021 Edgeball Chicago International Open,1741.0,1777.0,2021-10-30,2021-10-31
2480,Jaymee,Stout,47773,79745,"Carmel, IN",SpinBlock Table Tennis Center,1814,2022-05-29,1618,2022-01-17,ACTIVE,2021 Edgeball Chicago International Open,1667.0,1663.0,2021-10-30,2021-10-31
2482,Neave,Joy,170440,269440,"Liberty Hill, TX",Lonestar Table Tennis Academy,1814,2024-07-27,1793,2024-05-08,ACTIVE,2022 Edgeball Chicago International Table Tennis Open,1237.0,1477.0,2022-10-29,2022-10-30
2483,Matt,Stockham,70907,16168,"Lake Barrington, IL",Schaumburg Table Tennis Club,1814,2024-05-05,0,,ACTIVE,2024 Edgeball Teams Tournament,1759.0,1814.0,2024-05-04,2024-05-05
2483,Matt,Stockham,70907,16168,"Lake Barrington, IL",Schaumburg Table Tennis Club,1814,2024-05-05,0,,ACTIVE,2023 Edgeball Chicago International Open,1839.0,1824.0,2023-10-28,2023-10-29
2483,Matt,Stockham,70907,16168,"Lake Barrington, IL",Schaumburg Table Tennis Club,1814,2024-05-05,0,,ACTIVE,2022 Edgeball Chicago International Table Tennis Open,1597.0,1689.0,2022-10-29,2022-10-30
2483,Matt,Stockham,70907,16168,"Lake Barrington, IL",Schaumburg Table Tennis Club,1814,2024-05-05,0,,ACTIVE,Edgeball Chicago International Table Tennis Open,1673.0,1635.0,2019-10-26,2019-10-27
2483,Matt,Stockham,70907,16168,"Lake Barrington, IL",Schaumburg Table Tennis Club,1814,2024-05-05,0,,ACTIVE,Edgeball Chicago International Table Tennis Open,1672.0,1688.0,2018-10-27,2018-10-28
2484,Jedidiah,Chung,1351,91189,"Chicago, IA",,1813,2024-02-04,1697,2017-03-06,ACTIVE,2023 Edgeball Chicago International Open,1784.0,1809.0,2023-10-28,2023-10-29
2497,Jorge,Vanegas Sanchez,8057,24999,"Chicago, IL",Net and Paddle Club,1812,2024-06-02,1912,2019-08-24,ACTIVE,2024 Edgeball Teams Tournament,1809.0,1789.0,2024-05-04,2024-05-05
2510,Sean,Mccracken,35420,42237,"Greenwood, IN",,1810,2023-10-29,0,,ACTIVE,2023 Edgeball Chicago International Open,1777.0,1810.0,2023-10-28,2023-10-29
2520,Anujay,Gupta,131859,230859,"Schaumburg, IL",Schaumburg Table Tennis Club,1808,2020-01-17,1763,2020-02-29,ACTIVE,Edgeball Chicago International Table Tennis Open,1743.0,1743.0,2019-10-26,2019-10-27
2533,Samarveer,Singh,124040,223040,Cary,,1807,2024-08-04,0,,ACTIVE,2023 Edgeball Chicago International Open,1711.0,1794.0,2023-10-28,2023-10-29
2559,Wesley,Wu,103372,202372,"Naperville, IL",,1803,2024-07-28,1728,2024-07-12,ACTIVE,Edgeball Chicago International Table Tennis Open,851.0,910.0,2018-10-27,2018-10-28
2563,Dan,Krall,29977,42644,"MINNEAPOLIS, MN",Minnesota Table Tennis Federation,1802,2024-08-04,0,,ACTIVE,2023 Edgeball Chicago International Open,1833.0,1853.0,2023-10-28,2023-10-29
2650,Ron,Leung,4355,90673,"Warren, MI",,1791,2023-10-07,0,,ACTIVE,2017 Edgeball Chicago International Open,1766.0,1805.0,2017-08-12,2017-08-12
2650,Ron,Leung,4355,90673,"Warren, MI",,1791,2023-10-07,0,,ACTIVE,2016 Edgeball Chicago International Table Tennis Open,1762.0,1760.0,2016-10-29,2016-10-30
2665,Srikrishna,Kothy,176316,275316,"North Ridgeville, OH",Strongsville Table Tennis,1790,2024-07-27,0,,ACTIVE,2023 Edgeball Chicago International Open,1789.0,1732.0,2023-10-28,2023-10-29
2665,Srikrishna,Kothy,176316,275316,"North Ridgeville, OH",Strongsville Table Tennis,1790,2024-07-27,0,,ACTIVE,2022 Edgeball Chicago International Table Tennis Open,509.0,688.0,2022-10-29,2022-10-30
2670,Xiaopeng,Fang,103979,202979,"Fort Collins, CO",Fort Collins Table Tennis Club,1789,2024-08-04,0,,ACTIVE,2023 Edgeball Chicago International Open,1873.0,1846.0,2023-10-28,2023-10-29
2682,Jasy,Mendoza,5185,86471,"Fond Du Lac, WI",Milwaukee Table Tennis Club,1787,2023-12-03,0,,ACTIVE,2023 Edgeball Chicago International Open,1636.0,1783.0,2023-10-28,2023-10-29
2684,Matt,Gandy,21604,91580,"Kingsport, TN",Bristol Sportsplex,1787,2021-07-24,1787,2024-04-01,ACTIVE,Edgeball Chicago International Table Tennis Open,1795.0,1759.0,2019-10-26,2019-10-27
2684,Matt,Gandy,21604,91580,"Kingsport, TN",Bristol Sportsplex,1787,2021-07-24,1787,2024-04-01,ACTIVE,Edgeball Chicago International Table Tennis Open,1748.0,1764.0,2018-10-27,2018-10-28
2688,Gautam,Goyal,173309,1173309,"Plymouth, MN",Table Tennis Minnesota,1787,2024-05-05,0,,ACTIVE,2024 Edgeball Teams Tournament,1540.0,1787.0,2024-05-04,2024-05-05
2688,Gautam,Goyal,173309,1173309,"Plymouth, MN",Table Tennis Minnesota,1787,2024-05-05,0,,ACTIVE,2023 Edgeball Chicago International Open,953.0,1459.0,2023-10-28,2023-10-29
2698,Marijo,Letic,4345,89348,"EASTLAKE, OH",Tri-County Table Tennis Club,1785,2024-04-14,0,,ACTIVE,2016 Edgeball Chicago International Table Tennis Open,2003.0,1988.0,2016-10-29,2016-10-30
2701,Nabil,Shehadeh,7022,65534,"Palatine, IL",Experior Table Tennis Club,1784,2024-05-05,1670,2020-08-07,ACTIVE,2024 Edgeball Teams Tournament,1815.0,1784.0,2024-05-04,2024-05-05
2701,Nabil,Shehadeh,7022,65534,"Palatine, IL",Experior Table Tennis Club,1784,2024-05-05,1670,2020-08-07,ACTIVE,Edgeball Chicago International Table Tennis Open,1752.0,1750.0,2018-10-27,2018-10-28
2701,Nabil,Shehadeh,7022,65534,"Palatine, IL",Experior Table Tennis Club,1784,2024-05-05,1670,2020-08-07,ACTIVE,2016 Edgeball Chicago International Table Tennis Open,1803.0,1798.0,2016-10-29,2016-10-30
2744,Erdenebileg,Myagmarsuren,2000,88653,"Buffalo Grove, IL",Chicago Table Tennis Club - Wheeling Park District Branch ,1778,2022-10-30,1952,2017-05-21,ACTIVE,2022 Edgeball Chicago International Table Tennis Open,1838.0,1778.0,2022-10-29,2022-10-30
2744,Erdenebileg,Myagmarsuren,2000,88653,"Buffalo Grove, IL",Chicago Table Tennis Club - Wheeling Park District Branch ,1778,2022-10-30,1952,2017-05-21,ACTIVE,2017 Edgeball Chicago International Open,1861.0,1879.0,2017-08-12,2017-08-12
2744,Erdenebileg,Myagmarsuren,2000,88653,"Buffalo Grove, IL",Chicago Table Tennis Club - Wheeling Park District Branch ,1778,2022-10-30,1952,2017-05-21,ACTIVE,2016 Edgeball Chicago International Table Tennis Open,1858.0,1828.0,2016-10-29,2016-10-30
2760,Matthew,Britz,169792,1169792,"Boling, TX",Texas Table Tennis Training Center,1775,2024-04-28,1784,2024-06-22,ACTIVE,2021 Edgeball Chicago International Open,1649.0,1649.0,2021-10-30,2021-10-31
2762,Max,Rogers,167014,1167014,"Upland, CA",,1775,2022-04-23,1722,2022-03-13,ACTIVE,2021 Edgeball Chicago International Open,1755.0,1843.0,2021-10-30,2021-10-31
2762,Max,Rogers,167014,1167014,"Upland, CA",,1775,2022-04-23,1722,2022-03-13,ACTIVE,Edgeball Chicago International Table Tennis Open,306.0,322.0,2019-10-26,2019-10-27
2763,Swavek,Lorenc,4723,84639,"Aurora, IL",Fox Valley Table Tennis Club,1775,2024-05-05,0,,ACTIVE,2024 Edgeball Teams Tournament,1822.0,1775.0,2024-05-04,2024-05-05
2763,Swavek,Lorenc,4723,84639,"Aurora, IL",Fox Valley Table Tennis Club,1775,2024-05-05,0,,ACTIVE,2023 Edgeball Chicago International Open,1774.0,1822.0,2023-10-28,2023-10-29
2763,Swavek,Lorenc,4723,84639,"Aurora, IL",Fox Valley Table Tennis Club,1775,2024-05-05,0,,ACTIVE,Edgeball Chicago International Table Tennis Open,1748.0,1774.0,2019-10-26,2019-10-27
2763,Swavek,Lorenc,4723,84639,"Aurora, IL",Fox Valley Table Tennis Club,1775,2024-05-05,0,,ACTIVE,Edgeball Chicago International Table Tennis Open,1740.0,1713.0,2018-10-27,2018-10-28
2763,Swavek,Lorenc,4723,84639,"Aurora, IL",Fox Valley Table Tennis Club,1775,2024-05-05,0,,ACTIVE,2017 Edgeball Chicago International Open,1742.0,1750.0,2017-08-12,2017-08-12
2763,Swavek,Lorenc,4723,84639,"Aurora, IL",Fox Valley Table Tennis Club,1775,2024-05-05,0,,ACTIVE,2016 Edgeball Chicago International Table Tennis Open,1748.0,1790.0,2016-10-29,2016-10-30
2782,Mushahid,Raza,124802,223802,"Canton, MI",,1772,2024-05-19,0,,ACTIVE,Edgeball Chicago International Table Tennis Open,0.0,1746.0,2018-10-27,2018-10-28
2798,Devon,Caines,13862,57497,"Lincoln, NE",Omaha Metro Table Tennis Club,1769,2024-03-17,0,,ACTIVE,2023 Edgeball Chicago International Open,1779.0,1775.0,2023-10-28,2023-10-29
2798,Devon,Caines,13862,57497,"Lincoln, NE",Omaha Metro Table Tennis Club,1769,2024-03-17,0,,ACTIVE,2022 Edgeball Chicago International Table Tennis Open,1741.0,1779.0,2022-10-29,2022-10-30
2820,Qi,Cai,124588,223588,"FLUSHING, NY",New York Indoor Sports Club,1766,2024-08-25,1767,2023-04-15,ACTIVE,2021 Edgeball Chicago International Open,1573.0,1444.0,2021-10-30,2021-10-31
2827,Theodore,Thayib,130498,229498,"Rochester, MN",,1765,2024-07-07,0,,ACTIVE,2023 Edgeball Chicago International Open,1809.0,1808.0,2023-10-28,2023-10-29
2827,Theodore,Thayib,130498,229498,"Rochester, MN",,1765,2024-07-07,0,,ACTIVE,2022 Edgeball Chicago International Table Tennis Open,1735.0,1722.0,2022-10-29,2022-10-30
2827,Theodore,Thayib,130498,229498,"Rochester, MN",,1765,2024-07-07,0,,ACTIVE,2021 Edgeball Chicago International Open,687.0,1539.0,2021-10-30,2021-10-31
2833,Joon,Lee,117874,216874,"Carmel, IN",IndyPong TTC,1764,2024-08-11,1684,2024-08-19,ACTIVE,2017 Edgeball Chicago International Open,1078.0,954.0,2017-08-12,2017-08-12
2838,Sowmik,Garishakurti,130623,229623,"Inver Grove Heights, MN",,1763,2024-07-27,0,,ACTIVE,Edgeball Chicago International Table Tennis Open,1201.0,1190.0,2019-10-26,2019-10-27
2842,Anuj,Chourey,166066,265066,"Schaumburg, IL",,1763,2021-10-31,0,,ACTIVE,2021 Edgeball Chicago International Open,0.0,1763.0,2021-10-30,2021-10-31
2858,Andrzej,Pszczolinski,177594,1177594,"Chicago, IL",,1761,2024-04-21,0,,ACTIVE,2023 Edgeball Chicago International Open,1707.0,1695.0,2023-10-28,2023-10-29
2870,Jarvis,Cheung,1238,91169,"Houston, TX",,1760,2023-07-07,1599,2022-04-16,ACTIVE,Edgeball Chicago International Table Tennis Open,1509.0,1436.0,2019-10-26,2019-10-27
2870,Jarvis,Cheung,1238,91169,"Houston, TX",,1760,2023-07-07,1599,2022-04-16,ACTIVE,Edgeball Chicago International Table Tennis Open,1291.0,1333.0,2018-10-27,2018-10-28
2886,Romi,Kovacs,171122,270122,"Trafalgar, IN",IndyPong TTC,1757,2024-07-27,1628,2023-06-19,ACTIVE,2023 Edgeball Chicago International Open,1653.0,1770.0,2023-10-28,2023-10-29
2886,Romi,Kovacs,171122,270122,"Trafalgar, IN",IndyPong TTC,1757,2024-07-27,1628,2023-06-19,ACTIVE,2022 Edgeball Chicago International Table Tennis Open,1524.0,1565.0,2022-10-29,2022-10-30
2886,Romi,Kovacs,171122,270122,"Trafalgar, IN",IndyPong TTC,1757,2024-07-27,1628,2023-06-19,ACTIVE,2021 Edgeball Chicago International Open,1411.0,1506.0,2021-10-30,2021-10-31
2895,Carl L.,Bradley Jr,724,34532,"Indianapolis, IN",,1756,2023-09-17,1806,2019-02-04,ACTIVE,Edgeball Chicago International Table Tennis Open,1895.0,1883.0,2018-10-27,2018-10-28
2895,Carl L.,Bradley Jr,724,34532,"Indianapolis, IN",,1756,2023-09-17,1806,2019-02-04,ACTIVE,2017 Edgeball Chicago International Open,1936.0,1893.0,2017-08-12,2017-08-12
2895,Carl L.,Bradley Jr,724,34532,"Indianapolis, IN",,1756,2023-09-17,1806,2019-02-04,ACTIVE,2016 Edgeball Chicago International Table Tennis Open,1884.0,1895.0,2016-10-29,2016-10-30
2908,Stefan,Lechner,179750,1179750,"Naperville, IL",,1753,2024-07-07,0,,ACTIVE,2023 Edgeball Chicago International Open,1219.0,1608.0,2023-10-28,2023-10-29
2939,Nick,Larson,171586,1171586,Florissant,,1748,2024-07-27,0,,ACTIVE,2023 Edgeball Chicago International Open,1765.0,1813.0,2023-10-28,2023-10-29
2939,Nick,Larson,171586,1171586,Florissant,,1748,2024-07-27,0,,ACTIVE,2022 Edgeball Chicago International Table Tennis Open,1722.0,1719.0,2022-10-29,2022-10-30
2939,Nick,Larson,171586,1171586,Florissant,,1748,2024-07-27,0,,ACTIVE,2021 Edgeball Chicago International Open,1726.0,1722.0,2021-10-30,2021-10-31
2942,Andrea,Tang,103987,202987,"Newton, MA",Massachusetts Table Tennis and Badminton Club,1747,2024-08-25,1319,2019-12-23,ACTIVE,2021 Edgeball Chicago International Open,1651.0,1651.0,2021-10-30,2021-10-31
2953,Brandon,Mccalley,5092,86472,"Cedar Rapids, IA",Cedar Rapids Table Tennis Club,1746,2024-07-07,1741,2017-02-27,ACTIVE,2024 Edgeball Teams Tournament,1757.0,1727.0,2024-05-04,2024-05-05
2953,Brandon,Mccalley,5092,86472,"Cedar Rapids, IA",Cedar Rapids Table Tennis Club,1746,2024-07-07,1741,2017-02-27,ACTIVE,2023 Edgeball Chicago International Open,1728.0,1763.0,2023-10-28,2023-10-29
2960,Max,Ivry,118727,217727,"Madison, WI",Madison Table Tennis Club,1745,2024-08-11,0,,ACTIVE,Edgeball Chicago International Table Tennis Open,1576.0,1690.0,2019-10-26,2019-10-27
2960,Max,Ivry,118727,217727,"Madison, WI",Madison Table Tennis Club,1745,2024-08-11,0,,ACTIVE,Edgeball Chicago International Table Tennis Open,1389.0,1418.0,2018-10-27,2018-10-28
2960,Max,Ivry,118727,217727,"Madison, WI",Madison Table Tennis Club,1745,2024-08-11,0,,ACTIVE,2017 Edgeball Chicago International Open,397.0,1083.0,2017-08-12,2017-08-12
2981,David,Lian,32410,92036,"Indianapolis, IN",IndyPong TTC,1742,2024-06-02,1644,2023-04-10,ACTIVE,2023 Edgeball Chicago International Open,1649.0,1758.0,2023-10-28,2023-10-29
2992,Brigita,Dubrindiene,1867,83166,"Round Lake, IL",,1740,2024-05-05,0,,ACTIVE,2024 Edgeball Teams Tournament,1724.0,1740.0,2024-05-04,2024-05-05
2992,Brigita,Dubrindiene,1867,83166,"Round Lake, IL",,1740,2024-05-05,0,,ACTIVE,2023 Edgeball Chicago International Open,1730.0,1724.0,2023-10-28,2023-10-29
2992,Brigita,Dubrindiene,1867,83166,"Round Lake, IL",,1740,2024-05-05,0,,ACTIVE,2017 Edgeball Chicago International Open,1750.0,1730.0,2017-08-12,2017-08-12
2992,Brigita,Dubrindiene,1867,83166,"Round Lake, IL",,1740,2024-05-05,0,,ACTIVE,2016 Edgeball Chicago International Table Tennis Open,1566.0,1591.0,2016-10-29,2016-10-30
3030,Michael,Burchfield,840,92101,"Milwaukee, WI",,1736,2022-10-30,0,,ACTIVE,2022 Edgeball Chicago International Table Tennis Open,1738.0,1736.0,2022-10-29,2022-10-30
3051,Stu,Sinykin,7189,3841,"Faribault, MN",Table Tennis Minnesota,1732,2024-07-07,1759,2013-03-30,ACTIVE,2021 Edgeball Chicago International Open,1803.0,1790.0,2021-10-30,2021-10-31
3065,Paul,Karabelas,3626,83170,"Park Ridge, IL",Chicago Table Tennis Club - Wheeling Park District Branch ,1730,2023-10-29,0,,ACTIVE,2023 Edgeball Chicago International Open,1726.0,1730.0,2023-10-28,2023-10-29
3065,Paul,Karabelas,3626,83170,"Park Ridge, IL",Chicago Table Tennis Club - Wheeling Park District Branch ,1730,2023-10-29,0,,ACTIVE,2016 Edgeball Chicago International Table Tennis Open,1750.0,1731.0,2016-10-29,2016-10-30
3069,Roger,Dickson,1741,57866,"Portland, TN",Newgy Table Tennis Center,1730,2024-07-07,1783,2013-01-30,ACTIVE,2024 Edgeball Teams Tournament,1617.0,1611.0,2024-05-04,2024-05-05
3069,Roger,Dickson,1741,57866,"Portland, TN",Newgy Table Tennis Center,1730,2024-07-07,1783,2013-01-30,ACTIVE,2023 Edgeball Chicago International Open,1596.0,1596.0,2023-10-28,2023-10-29
3069,Roger,Dickson,1741,57866,"Portland, TN",Newgy Table Tennis Center,1730,2024-07-07,1783,2013-01-30,ACTIVE,2017 Edgeball Chicago International Open,1728.0,1767.0,2017-08-12,2017-08-12
3069,Roger,Dickson,1741,57866,"Portland, TN",Newgy Table Tennis Center,1730,2024-07-07,1783,2013-01-30,ACTIVE,2016 Edgeball Chicago International Table Tennis Open,1582.0,1590.0,2016-10-29,2016-10-30
3074,Tarun,Chawla,1107,87426,"Glenview, IL",,1729,2024-07-07,0,,ACTIVE,2024 Edgeball Teams Tournament,1794.0,1737.0,2024-05-04,2024-05-05
3074,Tarun,Chawla,1107,87426,"Glenview, IL",,1729,2024-07-07,0,,ACTIVE,2022 Edgeball Chicago International Table Tennis Open,1887.0,1794.0,2022-10-29,2022-10-30
3074,Tarun,Chawla,1107,87426,"Glenview, IL",,1729,2024-07-07,0,,ACTIVE,Edgeball Chicago International Table Tennis Open,1930.0,1887.0,2019-10-26,2019-10-27
3074,Tarun,Chawla,1107,87426,"Glenview, IL",,1729,2024-07-07,0,,ACTIVE,2017 Edgeball Chicago International Open,1922.0,1865.0,2017-08-12,2017-08-12
3075,Kai,Zhang,103031,202031,"Sioux Falls, SD",Sioux Falls TTA,1729,2024-05-05,0,,ACTIVE,2024 Edgeball Teams Tournament,1510.0,1729.0,2024-05-04,2024-05-05
3075,Kai,Zhang,103031,202031,"Sioux Falls, SD",Sioux Falls TTA,1729,2024-05-05,0,,ACTIVE,2023 Edgeball Chicago International Open,1491.0,1510.0,2023-10-28,2023-10-29
3084,Ralph Ervin,Mata,103791,202791,"Chicago, IL",,1728,2024-02-04,0,,ACTIVE,2023 Edgeball Chicago International Open,1730.0,1731.0,2023-10-28,2023-10-29
3084,Ralph Ervin,Mata,103791,202791,"Chicago, IL",,1728,2024-02-04,0,,ACTIVE,2022 Edgeball Chicago International Table Tennis Open,1831.0,1733.0,2022-10-29,2022-10-30
3088,Radha Krushna M,Kanchanapelly,3591,83335,"Cumming, GA",Atlanta International Table Tennis Academy,1727,2024-08-18,1430,2016-02-24,ACTIVE,2023 Edgeball Chicago International Open,1798.0,1796.0,2023-10-28,2023-10-29
3088,Radha Krushna M,Kanchanapelly,3591,83335,"Cumming, GA",Atlanta International Table Tennis Academy,1727,2024-08-18,1430,2016-02-24,ACTIVE,2021 Edgeball Chicago International Open,1706.0,1805.0,2021-10-30,2021-10-31
3090,Wen-Jin,Lee,165664,264664,"Alpharetta, GA",Wu Yue Table Tennis,1727,2023-11-26,0,,ACTIVE,2023 Edgeball Chicago International Open,1680.0,1687.0,2023-10-28,2023-10-29
3090,Wen-Jin,Lee,165664,264664,"Alpharetta, GA",Wu Yue Table Tennis,1727,2023-11-26,0,,ACTIVE,2021 Edgeball Chicago International Open,1522.0,1752.0,2021-10-30,2021-10-31
3107,Babak,Fakharpour,2052,61392,"Lexington, KY",Lexington Table Tennis Club,1725,2024-07-20,1953,2009-12-30,ACTIVE,2021 Edgeball Chicago International Open,1816.0,1767.0,2021-10-30,2021-10-31
3109,Alex,Vladimirskiy,181337,280337,"BUFFALO GROVE, IL",,1725,2024-07-07,0,,ACTIVE,2023 Edgeball Chicago International Open,0.0,1910.0,2023-10-28,2023-10-29
3113,Doug,Wruck,8604,10604,"St Francis, WI",Milwaukee Table Tennis Club,1725,2024-02-04,0,,ACTIVE,2022 Edgeball Chicago International Table Tennis Open,1805.0,1795.0,2022-10-29,2022-10-30
3113,Doug,Wruck,8604,10604,"St Francis, WI",Milwaukee Table Tennis Club,1725,2024-02-04,0,,ACTIVE,2021 Edgeball Chicago International Open,1777.0,1729.0,2021-10-30,2021-10-31
3113,Doug,Wruck,8604,10604,"St Francis, WI",Milwaukee Table Tennis Club,1725,2024-02-04,0,,ACTIVE,Edgeball Chicago International Table Tennis Open,1722.0,1720.0,2019-10-26,2019-10-27
3113,Doug,Wruck,8604,10604,"St Francis, WI",Milwaukee Table Tennis Club,1725,2024-02-04,0,,ACTIVE,Edgeball Chicago International Table Tennis Open,1733.0,1766.0,2018-10-27,2018-10-28
3113,Doug,Wruck,8604,10604,"St Francis, WI",Milwaukee Table Tennis Club,1725,2024-02-04,0,,ACTIVE,2017 Edgeball Chicago International Open,1757.0,1865.0,2017-08-12,2017-08-12
3113,Doug,Wruck,8604,10604,"St Francis, WI",Milwaukee Table Tennis Club,1725,2024-02-04,0,,ACTIVE,2016 Edgeball Chicago International Table Tennis Open,1786.0,1792.0,2016-10-29,2016-10-30
3126,Jacob,Karras,120292,219292,Hillsboro,,1723,2024-07-07,0,,ACTIVE,2023 Edgeball Chicago International Open,1613.0,1612.0,2023-10-28,2023-10-29
3126,Jacob,Karras,120292,219292,Hillsboro,,1723,2024-07-07,0,,ACTIVE,Edgeball Chicago International Table Tennis Open,1624.0,1649.0,2019-10-26,2019-10-27
3170,Kevin,Li,32213,32980,"Wakefield, MA",,1716,2024-05-19,0,,ACTIVE,Edgeball Chicago International Table Tennis Open,1735.0,1729.0,2019-10-26,2019-10-27
3176,Claudia,Leow,167480,1167480,Chicago,,1714,2024-05-05,0,,ACTIVE,2024 Edgeball Teams Tournament,1342.0,1714.0,2024-05-04,2024-05-05
3176,Claudia,Leow,167480,1167480,Chicago,,1714,2024-05-05,0,,ACTIVE,2021 Edgeball Chicago International Open,1342.0,1342.0,2021-10-30,2021-10-31
3204,Austin,Chen,1125,96029,"Philadelphia, CA",,1710,2024-08-25,0,,ACTIVE,2016 Edgeball Chicago International Table Tennis Open,1625.0,1617.0,2016-10-29,2016-10-30
3223,Jim,Biggs,117789,216789,"Chicago, IL",,1707,2024-07-07,1637,2020-02-29,ACTIVE,2024 Edgeball Teams Tournament,1720.0,1749.0,2024-05-04,2024-05-05
3223,Jim,Biggs,117789,216789,"Chicago, IL",,1707,2024-07-07,1637,2020-02-29,ACTIVE,2023 Edgeball Chicago International Open,1691.0,1680.0,2023-10-28,2023-10-29
3223,Jim,Biggs,117789,216789,"Chicago, IL",,1707,2024-07-07,1637,2020-02-29,ACTIVE,2022 Edgeball Chicago International Table Tennis Open,1647.0,1647.0,2022-10-29,2022-10-30
3223,Jim,Biggs,117789,216789,"Chicago, IL",,1707,2024-07-07,1637,2020-02-29,ACTIVE,2021 Edgeball Chicago International Open,1636.0,1596.0,2021-10-30,2021-10-31
3223,Jim,Biggs,117789,216789,"Chicago, IL",,1707,2024-07-07,1637,2020-02-29,ACTIVE,Edgeball Chicago International Table Tennis Open,1656.0,1670.0,2019-10-26,2019-10-27
3223,Jim,Biggs,117789,216789,"Chicago, IL",,1707,2024-07-07,1637,2020-02-29,ACTIVE,Edgeball Chicago International Table Tennis Open,1427.0,1392.0,2018-10-27,2018-10-28
3241,Lyubomyr,Levytskyy,177379,1177379,,,1705,2024-04-21,0,,ACTIVE,2023 Edgeball Chicago International Open,1605.0,1610.0,2023-10-28,2023-10-29
3241,Lyubomyr,Levytskyy,177379,1177379,,,1705,2024-04-21,0,,ACTIVE,2022 Edgeball Chicago International Table Tennis Open,0.0,1437.0,2022-10-29,2022-10-30
3247,Charles,Lo,122965,221965,"Madison, WI",Silicon Valley Table Tennis Club (SVTTC),1704,2024-05-18,0,,ACTIVE,2023 Edgeball Chicago International Open,1678.0,1697.0,2023-10-28,2023-10-29
3262,Dean,Yeotis,8855,11340,"Flint, MI",Davison Athletic Club,1702,2024-05-05,0,,ACTIVE,Edgeball Chicago International Table Tennis Open,1847.0,1829.0,2018-10-27,2018-10-28
3269,Roman,Zilberman,9170,23685,"Oak Park, MI",,1701,2024-04-20,0,,ACTIVE,2016 Edgeball Chicago International Table Tennis Open,1713.0,1647.0,2016-10-29,2016-10-30
3321,David,Cashwell,14308,19632,"Columbus, OH",Columbus Table Tennis Club,1693,2024-02-11,0,,ACTIVE,Edgeball Chicago International Table Tennis Open,1671.0,1679.0,2019-10-26,2019-10-27
3328,Seth,Thompson,120351,219351,Bismarck,,1691,2023-10-29,0,,ACTIVE,2023 Edgeball Chicago International Open,1614.0,1691.0,2023-10-28,2023-10-29
3344,Maksim,Kovalev,29940,72061,"Holly Springs, NC",Triangle Badminton & Table Tennis,1690,2024-08-11,0,,ACTIVE,2023 Edgeball Chicago International Open,1696.0,1587.0,2023-10-28,2023-10-29
3362,Neha,Yerunkar,176242,1176242,Plymouth,,1687,2024-07-07,0,,ACTIVE,2024 Edgeball Teams Tournament,1710.0,1703.0,2024-05-04,2024-05-05
3362,Neha,Yerunkar,176242,1176242,Plymouth,,1687,2024-07-07,0,,ACTIVE,2023 Edgeball Chicago International Open,647.0,1199.0,2023-10-28,2023-10-29
3364,Kyle,Mikota,36216,94521,"Morton Grove, IL",,1687,2024-06-02,1776,2018-08-31,ACTIVE,2023 Edgeball Chicago International Open,1775.0,1723.0,2023-10-28,2023-10-29
3364,Kyle,Mikota,36216,94521,"Morton Grove, IL",,1687,2024-06-02,1776,2018-08-31,ACTIVE,Edgeball Chicago International Table Tennis Open,1746.0,1781.0,2019-10-26,2019-10-27
3364,Kyle,Mikota,36216,94521,"Morton Grove, IL",,1687,2024-06-02,1776,2018-08-31,ACTIVE,Edgeball Chicago International Table Tennis Open,1710.0,1739.0,2018-10-27,2018-10-28
3364,Kyle,Mikota,36216,94521,"Morton Grove, IL",,1687,2024-06-02,1776,2018-08-31,ACTIVE,2017 Edgeball Chicago International Open,1468.0,1497.0,2017-08-12,2017-08-12
3364,Kyle,Mikota,36216,94521,"Morton Grove, IL",,1687,2024-06-02,1776,2018-08-31,ACTIVE,2016 Edgeball Chicago International Table Tennis Open,1449.0,1444.0,2016-10-29,2016-10-30
3376,Alan,Zhang,55357,72576,"Troy, MI",,1685,2024-05-05,0,,ACTIVE,2024 Edgeball Teams Tournament,1801.0,1685.0,2024-05-04,2024-05-05
3388,Wataru,Hashimoto,24391,88650,"Chicago, IL",,1684,2024-05-05,0,,ACTIVE,2024 Edgeball Teams Tournament,1630.0,1684.0,2024-05-04,2024-05-05
3402,ALBERT,ZICKMANN,177015,276015,"Chicago, IL",,1681,2023-10-29,0,,ACTIVE,2023 Edgeball Chicago International Open,1677.0,1681.0,2023-10-28,2023-10-29
3402,ALBERT,ZICKMANN,177015,276015,"Chicago, IL",,1681,2023-10-29,0,,ACTIVE,2022 Edgeball Chicago International Table Tennis Open,0.0,1677.0,2022-10-29,2022-10-30
3422,Devkumar,Yerunkar,176241,1176241,Plymouth,,1679,2024-05-05,0,,ACTIVE,2024 Edgeball Teams Tournament,1654.0,1679.0,2024-05-04,2024-05-05
3422,Devkumar,Yerunkar,176241,1176241,Plymouth,,1679,2024-05-05,0,,ACTIVE,2023 Edgeball Chicago International Open,1676.0,1660.0,2023-10-28,2023-10-29
3440,Brooks,Leonard,31779,85963,"Santa Clarita, CA",,1676,2024-05-18,1157,2013-07-31,ACTIVE,2022 Edgeball Chicago International Table Tennis Open,1600.0,1700.0,2022-10-29,2022-10-30
3444,Ferit,Akova,115933,214933,"South Bend, IN",,1676,2024-05-05,0,,ACTIVE,2021 Edgeball Chicago International Open,1634.0,1684.0,2021-10-30,2021-10-31
3444,Ferit,Akova,115933,214933,"South Bend, IN",,1676,2024-05-05,0,,ACTIVE,Edgeball Chicago International Table Tennis Open,1662.0,1614.0,2018-10-27,2018-10-28
3451,Anthony,Ojebode,39002,52045,"Revere, MA",African Diaspora Table Tennis,1674,2024-08-31,0,,ACTIVE,Edgeball Chicago International Table Tennis Open,1838.0,1847.0,2019-10-26,2019-10-27
3469,Toan,Do,103760,202760,,,1671,2023-10-29,0,,ACTIVE,2023 Edgeball Chicago International Open,0.0,1671.0,2023-10-28,2023-10-29
3473,Paul,Bochus,122096,221096,Windsor,,1671,2024-04-20,0,,ACTIVE,2023 Edgeball Chicago International Open,1679.0,1666.0,2023-10-28,2023-10-29
3479,Mallikarjun,Jangalgi,177369,1177369,,,1670,2024-05-05,0,,ACTIVE,2024 Edgeball Teams Tournament,1718.0,1670.0,2024-05-04,2024-05-05
3479,Mallikarjun,Jangalgi,177369,1177369,,,1670,2024-05-05,0,,ACTIVE,2023 Edgeball Chicago International Open,2002.0,1768.0,2023-10-28,2023-10-29
3479,Mallikarjun,Jangalgi,177369,1177369,,,1670,2024-05-05,0,,ACTIVE,2022 Edgeball Chicago International Table Tennis Open,0.0,2002.0,2022-10-29,2022-10-30
3496,Eric,Iosup,3337,93553,"Gilberts, IL",,1667,2024-05-05,0,,ACTIVE,2024 Edgeball Teams Tournament,1667.0,1667.0,2024-05-04,2024-05-05
3496,Eric,Iosup,3337,93553,"Gilberts, IL",,1667,2024-05-05,0,,ACTIVE,2023 Edgeball Chicago International Open,1733.0,1681.0,2023-10-28,2023-10-29
3496,Eric,Iosup,3337,93553,"Gilberts, IL",,1667,2024-05-05,0,,ACTIVE,2022 Edgeball Chicago International Table Tennis Open,1699.0,1614.0,2022-10-29,2022-10-30
3496,Eric,Iosup,3337,93553,"Gilberts, IL",,1667,2024-05-05,0,,ACTIVE,2021 Edgeball Chicago International Open,1176.0,1179.0,2021-10-30,2021-10-31
3510,David,Bonillo,177354,1177354,Chicago,,1666,2024-05-05,0,,ACTIVE,2024 Edgeball Teams Tournament,1715.0,1666.0,2024-05-04,2024-05-05
3510,David,Bonillo,177354,1177354,Chicago,,1666,2024-05-05,0,,ACTIVE,2023 Edgeball Chicago International Open,1578.0,1481.0,2023-10-28,2023-10-29
3510,David,Bonillo,177354,1177354,Chicago,,1666,2024-05-05,0,,ACTIVE,2022 Edgeball Chicago International Table Tennis Open,0.0,1261.0,2022-10-29,2022-10-30
3531,Andrey,Ugolkov,117038,216038,"Vernon Hills, IL",Experior Table Tennis Club,1662,2024-07-07,1600,2017-01-28,ACTIVE,2024 Edgeball Teams Tournament,1732.0,1722.0,2024-05-04,2024-05-05
3583,Mark,Hoffman,25367,24438,"Elmwood Park, IL",Weber Table Tennis Club,1656,2024-08-11,1470,2013-02-09,ACTIVE,2024 Edgeball Teams Tournament,1615.0,1663.0,2024-05-04,2024-05-05
3583,Mark,Hoffman,25367,24438,"Elmwood Park, IL",Weber Table Tennis Club,1656,2024-08-11,1470,2013-02-09,ACTIVE,2023 Edgeball Chicago International Open,1738.0,1729.0,2023-10-28,2023-10-29
3583,Mark,Hoffman,25367,24438,"Elmwood Park, IL",Weber Table Tennis Club,1656,2024-08-11,1470,2013-02-09,ACTIVE,2022 Edgeball Chicago International Table Tennis Open,1617.0,1611.0,2022-10-29,2022-10-30
3583,Mark,Hoffman,25367,24438,"Elmwood Park, IL",Weber Table Tennis Club,1656,2024-08-11,1470,2013-02-09,ACTIVE,2021 Edgeball Chicago International Open,1621.0,1571.0,2021-10-30,2021-10-31
3583,Mark,Hoffman,25367,24438,"Elmwood Park, IL",Weber Table Tennis Club,1656,2024-08-11,1470,2013-02-09,ACTIVE,Edgeball Chicago International Table Tennis Open,1594.0,1637.0,2019-10-26,2019-10-27
3583,Mark,Hoffman,25367,24438,"Elmwood Park, IL",Weber Table Tennis Club,1656,2024-08-11,1470,2013-02-09,ACTIVE,Edgeball Chicago International Table Tennis Open,1665.0,1709.0,2018-10-27,2018-10-28
3583,Mark,Hoffman,25367,24438,"Elmwood Park, IL",Weber Table Tennis Club,1656,2024-08-11,1470,2013-02-09,ACTIVE,2017 Edgeball Chicago International Open,1489.0,1491.0,2017-08-12,2017-08-12
3638,David,Feerst,2095,77511,"Northfield, IL",Chicago Table Tennis Club - Wheeling Park District Branch ,1649,2024-05-05,1595,2019-03-29,ACTIVE,2024 Edgeball Teams Tournament,1687.0,1649.0,2024-05-04,2024-05-05
3638,David,Feerst,2095,77511,"Northfield, IL",Chicago Table Tennis Club - Wheeling Park District Branch ,1649,2024-05-05,1595,2019-03-29,ACTIVE,2023 Edgeball Chicago International Open,1587.0,1520.0,2023-10-28,2023-10-29
3638,David,Feerst,2095,77511,"Northfield, IL",Chicago Table Tennis Club - Wheeling Park District Branch ,1649,2024-05-05,1595,2019-03-29,ACTIVE,2022 Edgeball Chicago International Table Tennis Open,1691.0,1622.0,2022-10-29,2022-10-30
3638,David,Feerst,2095,77511,"Northfield, IL",Chicago Table Tennis Club - Wheeling Park District Branch ,1649,2024-05-05,1595,2019-03-29,ACTIVE,2021 Edgeball Chicago International Open,1749.0,1708.0,2021-10-30,2021-10-31
3638,David,Feerst,2095,77511,"Northfield, IL",Chicago Table Tennis Club - Wheeling Park District Branch ,1649,2024-05-05,1595,2019-03-29,ACTIVE,Edgeball Chicago International Table Tennis Open,1773.0,1740.0,2019-10-26,2019-10-27
3638,David,Feerst,2095,77511,"Northfield, IL",Chicago Table Tennis Club - Wheeling Park District Branch ,1649,2024-05-05,1595,2019-03-29,ACTIVE,Edgeball Chicago International Table Tennis Open,1879.0,1808.0,2018-10-27,2018-10-28
3638,David,Feerst,2095,77511,"Northfield, IL",Chicago Table Tennis Club - Wheeling Park District Branch ,1649,2024-05-05,1595,2019-03-29,ACTIVE,2016 Edgeball Chicago International Table Tennis Open,1793.0,1826.0,2016-10-29,2016-10-30
3645,Veer,Panchal,5924,96231,"Chicago, IL",,1648,2024-05-05,0,,ACTIVE,2024 Edgeball Teams Tournament,1723.0,1648.0,2024-05-04,2024-05-05
3645,Veer,Panchal,5924,96231,"Chicago, IL",,1648,2024-05-05,0,,ACTIVE,2023 Edgeball Chicago International Open,1569.0,1727.0,2023-10-28,2023-10-29
3645,Veer,Panchal,5924,96231,"Chicago, IL",,1648,2024-05-05,0,,ACTIVE,2022 Edgeball Chicago International Table Tennis Open,1700.0,1670.0,2022-10-29,2022-10-30
3655,Benjamin,Savage,178779,1178779,"Indianapolis, IN",IndyPong TTC,1647,2024-06-22,1652,2024-09-02,ACTIVE,2024 Edgeball Teams Tournament,1351.0,1351.0,2024-05-04,2024-05-05
3665,Christopher,Chin,15821,94548,"Berkley, MI",,1646,2024-04-20,0,,ACTIVE,2023 Edgeball Chicago International Open,1360.0,1358.0,2023-10-28,2023-10-29
3683,Baron,Lip,115979,214979,"Highwood, IL",,1643,2024-05-05,0,,ACTIVE,2024 Edgeball Teams Tournament,1674.0,1643.0,2024-05-04,2024-05-05
3683,Baron,Lip,115979,214979,"Highwood, IL",,1643,2024-05-05,0,,ACTIVE,2022 Edgeball Chicago International Table Tennis Open,1659.0,1695.0,2022-10-29,2022-10-30
3683,Baron,Lip,115979,214979,"Highwood, IL",,1643,2024-05-05,0,,ACTIVE,2021 Edgeball Chicago International Open,1664.0,1670.0,2021-10-30,2021-10-31
3683,Baron,Lip,115979,214979,"Highwood, IL",,1643,2024-05-05,0,,ACTIVE,2017 Edgeball Chicago International Open,1634.0,1628.0,2017-08-12,2017-08-12
3683,Baron,Lip,115979,214979,"Highwood, IL",,1643,2024-05-05,0,,ACTIVE,2016 Edgeball Chicago International Table Tennis Open,0.0,1254.0,2016-10-29,2016-10-30
3699,Antonio,Vazquez,8087,92905,"Denver, CO",,1641,2024-04-20,0,,ACTIVE,2016 Edgeball Chicago International Table Tennis Open,1721.0,1716.0,2016-10-29,2016-10-30
3703,Omer,Sarwana,178451,1178451,Denver,,1640,2024-05-20,530,2023-06-25,ACTIVE,2023 Edgeball Chicago International Open,1402.0,1397.0,2023-10-28,2023-10-29
3711,Tony,Sexton,45261,33185,"Louisville, KY",Southern Indiana Table Tennis Association,1640,2024-08-11,0,,ACTIVE,2021 Edgeball Chicago International Open,1535.0,1631.0,2021-10-30,2021-10-31
3715,Blake,Cottrell,1490,87424,"Macedonia, OH",,1639,2024-06-22,1860,2015-12-05,ACTIVE,Edgeball Chicago International Table Tennis Open,1801.0,1732.0,2018-10-27,2018-10-28
3715,Blake,Cottrell,1490,87424,"Macedonia, OH",,1639,2024-06-22,1860,2015-12-05,ACTIVE,2016 Edgeball Chicago International Table Tennis Open,1796.0,1790.0,2016-10-29,2016-10-30
3732,Nicholas,Sherman,117331,216331,"Niles, IL",,1637,2024-08-11,1655,2023-07-10,ACTIVE,2023 Edgeball Chicago International Open,1754.0,1739.0,2023-10-28,2023-10-29
3732,Nicholas,Sherman,117331,216331,"Niles, IL",,1637,2024-08-11,1655,2023-07-10,ACTIVE,2022 Edgeball Chicago International Table Tennis Open,1435.0,1354.0,2022-10-29,2022-10-30
3733,Iliyaan,Remtula,6485,94255,"Chicago, IL",,1637,2024-05-05,0,,ACTIVE,2024 Edgeball Teams Tournament,1543.0,1637.0,2024-05-04,2024-05-05
3733,Iliyaan,Remtula,6485,94255,"Chicago, IL",,1637,2024-05-05,0,,ACTIVE,2023 Edgeball Chicago International Open,1616.0,1617.0,2023-10-28,2023-10-29
3733,Iliyaan,Remtula,6485,94255,"Chicago, IL",,1637,2024-05-05,0,,ACTIVE,Edgeball Chicago International Table Tennis Open,626.0,781.0,2019-10-26,2019-10-27
3733,Iliyaan,Remtula,6485,94255,"Chicago, IL",,1637,2024-05-05,0,,ACTIVE,Edgeball Chicago International Table Tennis Open,588.0,603.0,2018-10-27,2018-10-28
3774,Adam,Chen,176795,1176795,"Lincolnwood, IL",,1633,2024-05-05,0,,ACTIVE,2024 Edgeball Teams Tournament,1631.0,1633.0,2024-05-04,2024-05-05
3774,Adam,Chen,176795,1176795,"Lincolnwood, IL",,1633,2024-05-05,0,,ACTIVE,2023 Edgeball Chicago International Open,1512.0,1631.0,2023-10-28,2023-10-29
3774,Adam,Chen,176795,1176795,"Lincolnwood, IL",,1633,2024-05-05,0,,ACTIVE,2022 Edgeball Chicago International Table Tennis Open,1227.0,1315.0,2022-10-29,2022-10-30
3775,Eryk,Emilianowicz,1980,92077,"Westmont, IL",,1633,2024-02-04,1674,2020-03-06,ACTIVE,2023 Edgeball Chicago International Open,1700.0,1713.0,2023-10-28,2023-10-29
3775,Eryk,Emilianowicz,1980,92077,"Westmont, IL",,1633,2024-02-04,1674,2020-03-06,ACTIVE,2016 Edgeball Chicago International Table Tennis Open,1692.0,1697.0,2016-10-29,2016-10-30
3779,Ngai Chung,Chan,157490,1157490,"Chicago, IL",Chislam TTC,1632,2024-07-07,0,,ACTIVE,2024 Edgeball Teams Tournament,1685.0,1644.0,2024-05-04,2024-05-05
3779,Ngai Chung,Chan,157490,1157490,"Chicago, IL",Chislam TTC,1632,2024-07-07,0,,ACTIVE,2022 Edgeball Chicago International Table Tennis Open,1334.0,1323.0,2022-10-29,2022-10-30
3779,Ngai Chung,Chan,157490,1157490,"Chicago, IL",Chislam TTC,1632,2024-07-07,0,,ACTIVE,Edgeball Chicago International Table Tennis Open,1106.0,1102.0,2019-10-26,2019-10-27
3794,Jackson,Goodwin,176602,275602,"Bourbonnais, IL",Fox Valley Table Tennis Club,1631,2024-07-07,0,,ACTIVE,2024 Edgeball Teams Tournament,1573.0,1616.0,2024-05-04,2024-05-05
3794,Jackson,Goodwin,176602,275602,"Bourbonnais, IL",Fox Valley Table Tennis Club,1631,2024-07-07,0,,ACTIVE,2023 Edgeball Chicago International Open,0.0,1511.0,2023-10-28,2023-10-29
3815,Asif,Rehmani,6473,92086,"Plainfield, IL",Fox Valley Table Tennis Club,1628,2024-04-21,1612,2023-05-22,ACTIVE,2021 Edgeball Chicago International Open,1652.0,1574.0,2021-10-30,2021-10-31
3815,Asif,Rehmani,6473,92086,"Plainfield, IL",Fox Valley Table Tennis Club,1628,2024-04-21,1612,2023-05-22,ACTIVE,Edgeball Chicago International Table Tennis Open,1453.0,1492.0,2019-10-26,2019-10-27
3815,Asif,Rehmani,6473,92086,"Plainfield, IL",Fox Valley Table Tennis Club,1628,2024-04-21,1612,2023-05-22,ACTIVE,2016 Edgeball Chicago International Table Tennis Open,1413.0,1450.0,2016-10-29,2016-10-30
3821,Kevin,Tucker,165855,264855,"St Peters, MO",,1628,2023-10-29,0,,ACTIVE,2023 Edgeball Chicago International Open,1545.0,1628.0,2023-10-28,2023-10-29
3821,Kevin,Tucker,165855,264855,"St Peters, MO",,1628,2023-10-29,0,,ACTIVE,2022 Edgeball Chicago International Table Tennis Open,1434.0,1483.0,2022-10-29,2022-10-30
3824,Mason,Carter,124418,223418,"Dedham, MA",,1627,2023-12-03,0,,ACTIVE,Edgeball Chicago International Table Tennis Open,1494.0,1571.0,2019-10-26,2019-10-27
3824,Mason,Carter,124418,223418,"Dedham, MA",,1627,2023-12-03,0,,ACTIVE,Edgeball Chicago International Table Tennis Open,665.0,853.0,2018-10-27,2018-10-28
3834,Mohan,Sukumaran,117039,216039,"Bolingbrook, IL",,1626,2024-07-07,1383,2019-06-14,ACTIVE,2024 Edgeball Teams Tournament,1506.0,1579.0,2024-05-04,2024-05-05
3837,Jordan,Michelson,5228,8330,"Louisville, KY",Southern Indiana Table Tennis Association,1626,2022-10-08,1897,2013-05-22,ACTIVE,Edgeball Chicago International Table Tennis Open,1643.0,1609.0,2019-10-26,2019-10-27
3867,Zixu,Zhang,176882,275882,"Lafayette, IN",,1623,2024-08-11,1676,2024-07-01,ACTIVE,2023 Edgeball Chicago International Open,1602.0,1594.0,2023-10-28,2023-10-29
3887,Esteban,Rivera,116068,215068,Mayaguez,,1619,2024-04-14,0,,ACTIVE,2016 Edgeball Chicago International Table Tennis Open,0.0,1656.0,2016-10-29,2016-10-30
3888,William,Klase,3836,88248,"Rhinelander, WI",,1619,2024-07-07,0,,ACTIVE,2022 Edgeball Chicago International Table Tennis Open,1552.0,1598.0,2022-10-29,2022-10-30
3888,William,Klase,3836,88248,"Rhinelander, WI",,1619,2024-07-07,0,,ACTIVE,2021 Edgeball Chicago International Open,1636.0,1585.0,2021-10-30,2021-10-31
3888,William,Klase,3836,88248,"Rhinelander, WI",,1619,2024-07-07,0,,ACTIVE,Edgeball Chicago International Table Tennis Open,1526.0,1636.0,2019-10-26,2019-10-27
3888,William,Klase,3836,88248,"Rhinelander, WI",,1619,2024-07-07,0,,ACTIVE,Edgeball Chicago International Table Tennis Open,1590.0,1647.0,2018-10-27,2018-10-28
3888,William,Klase,3836,88248,"Rhinelander, WI",,1619,2024-07-07,0,,ACTIVE,2017 Edgeball Chicago International Open,1640.0,1727.0,2017-08-12,2017-08-12
3888,William,Klase,3836,88248,"Rhinelander, WI",,1619,2024-07-07,0,,ACTIVE,2016 Edgeball Chicago International Table Tennis Open,1592.0,1583.0,2016-10-29,2016-10-30
3930,Peigang,Chen,178034,277034,"west lafayette, IN",IndyPong TTC,1613,2024-08-11,1686,2024-07-22,ACTIVE,2023 Edgeball Chicago International Open,1561.0,1559.0,2023-10-28,2023-10-29
3978,Juan,Carrasquel,173670,1173670,Doral,,1606,2024-08-24,0,,ACTIVE,2023 Edgeball Chicago International Open,1518.0,1466.0,2023-10-28,2023-10-29
4003,Tao,Li,172451,271451,"West Lafayette, IN",,1602,2023-07-07,1498,2023-04-03,ACTIVE,2022 Edgeball Chicago International Table Tennis Open,1421.0,1487.0,2022-10-29,2022-10-30
4003,Tao,Li,172451,271451,"West Lafayette, IN",,1602,2023-07-07,1498,2023-04-03,ACTIVE,2021 Edgeball Chicago International Open,0.0,714.0,2021-10-30,2021-10-31
4012,Pavlo,Kravchenko,3948,88996,"Vernon Hills, IL",,1601,2024-05-05,0,,ACTIVE,2024 Edgeball Teams Tournament,1580.0,1601.0,2024-05-04,2024-05-05
4012,Pavlo,Kravchenko,3948,88996,"Vernon Hills, IL",,1601,2024-05-05,0,,ACTIVE,2023 Edgeball Chicago International Open,1598.0,1580.0,2023-10-28,2023-10-29
4012,Pavlo,Kravchenko,3948,88996,"Vernon Hills, IL",,1601,2024-05-05,0,,ACTIVE,2022 Edgeball Chicago International Table Tennis Open,1573.0,1598.0,2022-10-29,2022-10-30
4012,Pavlo,Kravchenko,3948,88996,"Vernon Hills, IL",,1601,2024-05-05,0,,ACTIVE,2021 Edgeball Chicago International Open,1547.0,1562.0,2021-10-30,2021-10-31
4012,Pavlo,Kravchenko,3948,88996,"Vernon Hills, IL",,1601,2024-05-05,0,,ACTIVE,Edgeball Chicago International Table Tennis Open,1490.0,1547.0,2019-10-26,2019-10-27
4012,Pavlo,Kravchenko,3948,88996,"Vernon Hills, IL",,1601,2024-05-05,0,,ACTIVE,Edgeball Chicago International Table Tennis Open,1436.0,1468.0,2018-10-27,2018-10-28
4026,Sushant,Nangrani,37695,92970,"Eagan, MN",Table Tennis Minnesota,1599,2023-10-29,0,,ACTIVE,2023 Edgeball Chicago International Open,1596.0,1599.0,2023-10-28,2023-10-29
4026,Sushant,Nangrani,37695,92970,"Eagan, MN",Table Tennis Minnesota,1599,2023-10-29,0,,ACTIVE,Edgeball Chicago International Table Tennis Open,1594.0,1597.0,2019-10-26,2019-10-27
4026,Sushant,Nangrani,37695,92970,"Eagan, MN",Table Tennis Minnesota,1599,2023-10-29,0,,ACTIVE,Edgeball Chicago International Table Tennis Open,1556.0,1587.0,2018-10-27,2018-10-28
4026,Sushant,Nangrani,37695,92970,"Eagan, MN",Table Tennis Minnesota,1599,2023-10-29,0,,ACTIVE,2017 Edgeball Chicago International Open,1472.0,1500.0,2017-08-12,2017-08-12
4026,Sushant,Nangrani,37695,92970,"Eagan, MN",Table Tennis Minnesota,1599,2023-10-29,0,,ACTIVE,2016 Edgeball Chicago International Table Tennis Open,1291.0,1313.0,2016-10-29,2016-10-30
4055,Trent,Casi,969,211,"Denver, CO",Denver NorthSide Table Tennis - Louisville Branch,1596,2024-04-20,0,,ACTIVE,2016 Edgeball Chicago International Table Tennis Open,1747.0,1734.0,2016-10-29,2016-10-30
4069,Mathew R.,Morris,5412,78557,"Schaumburg, IL",Schaumburg Table Tennis Club,1593,2024-07-07,0,,ACTIVE,2024 Edgeball Teams Tournament,1581.0,1601.0,2024-05-04,2024-05-05
4069,Mathew R.,Morris,5412,78557,"Schaumburg, IL",Schaumburg Table Tennis Club,1593,2024-07-07,0,,ACTIVE,Edgeball Chicago International Table Tennis Open,1689.0,1581.0,2019-10-26,2019-10-27
4069,Mathew R.,Morris,5412,78557,"Schaumburg, IL",Schaumburg Table Tennis Club,1593,2024-07-07,0,,ACTIVE,2017 Edgeball Chicago International Open,1695.0,1674.0,2017-08-12,2017-08-12
4069,Mathew R.,Morris,5412,78557,"Schaumburg, IL",Schaumburg Table Tennis Club,1593,2024-07-07,0,,ACTIVE,2016 Edgeball Chicago International Table Tennis Open,1703.0,1641.0,2016-10-29,2016-10-30
4077,Kyle,Moyant,37187,82256,"Carlsbad, NM",El Paso Table Tennis Club,1592,2024-07-27,0,,ACTIVE,2022 Edgeball Chicago International Table Tennis Open,1618.0,1496.0,2022-10-29,2022-10-30
4138,Ken-David,Masur,89843,62488,"Fox Point, NY",,1581,2023-12-21,0,,ACTIVE,2022 Edgeball Chicago International Table Tennis Open,1563.0,1533.0,2022-10-29,2022-10-30
4141,Andranik,Mehrabian,5162,8555,"Mt Prospect, IL",Chicago Table Tennis Club - Wheeling Park District Branch ,1580,2024-05-05,0,,ACTIVE,2024 Edgeball Teams Tournament,1584.0,1580.0,2024-05-04,2024-05-05
4141,Andranik,Mehrabian,5162,8555,"Mt Prospect, IL",Chicago Table Tennis Club - Wheeling Park District Branch ,1580,2024-05-05,0,,ACTIVE,2023 Edgeball Chicago International Open,1587.0,1584.0,2023-10-28,2023-10-29
4141,Andranik,Mehrabian,5162,8555,"Mt Prospect, IL",Chicago Table Tennis Club - Wheeling Park District Branch ,1580,2024-05-05,0,,ACTIVE,2022 Edgeball Chicago International Table Tennis Open,1624.0,1587.0,2022-10-29,2022-10-30
4141,Andranik,Mehrabian,5162,8555,"Mt Prospect, IL",Chicago Table Tennis Club - Wheeling Park District Branch ,1580,2024-05-05,0,,ACTIVE,2021 Edgeball Chicago International Open,1578.0,1624.0,2021-10-30,2021-10-31
4141,Andranik,Mehrabian,5162,8555,"Mt Prospect, IL",Chicago Table Tennis Club - Wheeling Park District Branch ,1580,2024-05-05,0,,ACTIVE,Edgeball Chicago International Table Tennis Open,1584.0,1576.0,2019-10-26,2019-10-27
4194,Jonathan,Blaza,12448,77149,"Centerville, OH",,1574,2024-05-19,0,,ACTIVE,Edgeball Chicago International Table Tennis Open,1613.0,1614.0,2019-10-26,2019-10-27
4194,Jonathan,Blaza,12448,77149,"Centerville, OH",,1574,2024-05-19,0,,ACTIVE,Edgeball Chicago International Table Tennis Open,1007.0,1179.0,2018-10-27,2018-10-28
4223,Zhivko,Kuspov,168142,1168142,Park Ridge,,1569,2024-07-07,0,,ACTIVE,2022 Edgeball Chicago International Table Tennis Open,1296.0,1355.0,2022-10-29,2022-10-30
4223,Zhivko,Kuspov,168142,1168142,Park Ridge,,1569,2024-07-07,0,,ACTIVE,2021 Edgeball Chicago International Open,1127.0,1298.0,2021-10-30,2021-10-31
4223,Zhivko,Kuspov,168142,1168142,Park Ridge,,1569,2024-07-07,0,,ACTIVE,Edgeball Chicago International Table Tennis Open,0.0,970.0,2019-10-26,2019-10-27
4224,Harold,Moy,5425,87538,"Rochester Hills, MI",,1568,2024-05-05,0,,ACTIVE,2017 Edgeball Chicago International Open,1584.0,1561.0,2017-08-12,2017-08-12
4230,Miroslaw,Lepa,176802,1176802,Naperville,,1568,2024-05-05,0,,ACTIVE,2024 Edgeball Teams Tournament,1592.0,1568.0,2024-05-04,2024-05-05
4230,Miroslaw,Lepa,176802,1176802,Naperville,,1568,2024-05-05,0,,ACTIVE,2023 Edgeball Chicago International Open,1626.0,1635.0,2023-10-28,2023-10-29
4230,Miroslaw,Lepa,176802,1176802,Naperville,,1568,2024-05-05,0,,ACTIVE,2022 Edgeball Chicago International Table Tennis Open,1399.0,1425.0,2022-10-29,2022-10-30
4233,Misha,Vinichenko,177998,1177998,Sioux Center,,1567,2024-04-21,0,,ACTIVE,2023 Edgeball Chicago International Open,1622.0,1666.0,2023-10-28,2023-10-29
4254,James,Speir,174735,273735,"La Grange Park, IL",Chicago Slam Table Tennis Club,1565,2024-04-14,0,,ACTIVE,2023 Edgeball Chicago International Open,1603.0,1602.0,2023-10-28,2023-10-29
4254,James,Speir,174735,273735,"La Grange Park, IL",Chicago Slam Table Tennis Club,1565,2024-04-14,0,,ACTIVE,2022 Edgeball Chicago International Table Tennis Open,1463.0,1471.0,2022-10-29,2022-10-30
4265,Daniel,Quinn,131835,1131835,Chicago,,1564,2024-05-05,0,,ACTIVE,2024 Edgeball Teams Tournament,1246.0,1564.0,2024-05-04,2024-05-05
4265,Daniel,Quinn,131835,1131835,Chicago,,1564,2024-05-05,0,,ACTIVE,Edgeball Chicago International Table Tennis Open,1227.0,1246.0,2019-10-26,2019-10-27
4265,Daniel,Quinn,131835,1131835,Chicago,,1564,2024-05-05,0,,ACTIVE,Edgeball Chicago International Table Tennis Open,0.0,1227.0,2018-10-27,2018-10-28
4269,George,Voglis,118693,217693,"Shorewood, WI",Milwaukee Table Tennis Club,1563,2024-05-18,0,,ACTIVE,2023 Edgeball Chicago International Open,1548.0,1579.0,2023-10-28,2023-10-29
4269,George,Voglis,118693,217693,"Shorewood, WI",Milwaukee Table Tennis Club,1563,2024-05-18,0,,ACTIVE,2022 Edgeball Chicago International Table Tennis Open,1505.0,1505.0,2022-10-29,2022-10-30
4269,George,Voglis,118693,217693,"Shorewood, WI",Milwaukee Table Tennis Club,1563,2024-05-18,0,,ACTIVE,2021 Edgeball Chicago International Open,1396.0,1393.0,2021-10-30,2021-10-31
4269,George,Voglis,118693,217693,"Shorewood, WI",Milwaukee Table Tennis Club,1563,2024-05-18,0,,ACTIVE,Edgeball Chicago International Table Tennis Open,1426.0,1409.0,2018-10-27,2018-10-28
4274,Tony,Miller,5277,27215,"Jeffersonville, IN",Southern Indiana Table Tennis Association,1562,2023-02-05,1607,2024-08-26,ACTIVE,2021 Edgeball Chicago International Open,1701.0,1625.0,2021-10-30,2021-10-31
4286,Doogyul,Lee,170851,1170851,"Rolling Meadows, IL",,1560,2024-08-04,0,,ACTIVE,2022 Edgeball Chicago International Table Tennis Open,1220.0,1424.0,2022-10-29,2022-10-30
4286,Doogyul,Lee,170851,1170851,"Rolling Meadows, IL",,1560,2024-08-04,0,,ACTIVE,2021 Edgeball Chicago International Open,547.0,972.0,2021-10-30,2021-10-31
4289,Percy,Johnson,121565,220565,Florissant,,1560,2024-07-06,1543,2024-06-10,ACTIVE,2024 Edgeball Teams Tournament,1531.0,1557.0,2024-05-04,2024-05-05
4289,Percy,Johnson,121565,220565,Florissant,,1560,2024-07-06,1543,2024-06-10,ACTIVE,2023 Edgeball Chicago International Open,1457.0,1477.0,2023-10-28,2023-10-29
4289,Percy,Johnson,121565,220565,Florissant,,1560,2024-07-06,1543,2024-06-10,ACTIVE,2022 Edgeball Chicago International Table Tennis Open,1476.0,1447.0,2022-10-29,2022-10-30
4289,Percy,Johnson,121565,220565,Florissant,,1560,2024-07-06,1543,2024-06-10,ACTIVE,Edgeball Chicago International Table Tennis Open,1469.0,1511.0,2019-10-26,2019-10-27
4299,Michele,Carbone,946,85894,"Honolulu, HI",Hawaii Table Tennis Club,1558,2022-09-10,0,,ACTIVE,2021 Edgeball Chicago International Open,1568.0,1566.0,2021-10-30,2021-10-31
4303,Ryan,Mahoney,34329,72369,"Bolingbrook, IL",,1557,2024-07-07,0,,ACTIVE,2024 Edgeball Teams Tournament,1570.0,1518.0,2024-05-04,2024-05-05
4303,Ryan,Mahoney,34329,72369,"Bolingbrook, IL",,1557,2024-07-07,0,,ACTIVE,2023 Edgeball Chicago International Open,1548.0,1545.0,2023-10-28,2023-10-29
4303,Ryan,Mahoney,34329,72369,"Bolingbrook, IL",,1557,2024-07-07,0,,ACTIVE,2022 Edgeball Chicago International Table Tennis Open,1533.0,1527.0,2022-10-29,2022-10-30
4303,Ryan,Mahoney,34329,72369,"Bolingbrook, IL",,1557,2024-07-07,0,,ACTIVE,2021 Edgeball Chicago International Open,1491.0,1502.0,2021-10-30,2021-10-31
4303,Ryan,Mahoney,34329,72369,"Bolingbrook, IL",,1557,2024-07-07,0,,ACTIVE,Edgeball Chicago International Table Tennis Open,1484.0,1479.0,2019-10-26,2019-10-27
4303,Ryan,Mahoney,34329,72369,"Bolingbrook, IL",,1557,2024-07-07,0,,ACTIVE,Edgeball Chicago International Table Tennis Open,1513.0,1561.0,2018-10-27,2018-10-28
4312,Lloyd,Hansen,2810,80115,"Hugo, MN",,1556,2023-11-04,1709,2013-04-18,ACTIVE,2023 Edgeball Chicago International Open,1542.0,1592.0,2023-10-28,2023-10-29
4312,Lloyd,Hansen,2810,80115,"Hugo, MN",,1556,2023-11-04,1709,2013-04-18,ACTIVE,2022 Edgeball Chicago International Table Tennis Open,1514.0,1542.0,2022-10-29,2022-10-30
4312,Lloyd,Hansen,2810,80115,"Hugo, MN",,1556,2023-11-04,1709,2013-04-18,ACTIVE,Edgeball Chicago International Table Tennis Open,1828.0,1682.0,2018-10-27,2018-10-28
4312,Lloyd,Hansen,2810,80115,"Hugo, MN",,1556,2023-11-04,1709,2013-04-18,ACTIVE,2016 Edgeball Chicago International Table Tennis Open,1695.0,1734.0,2016-10-29,2016-10-30
4336,David,Peterson,40531,31488,"Orland Park, IL",,1552,2023-10-29,0,,ACTIVE,2023 Edgeball Chicago International Open,1569.0,1552.0,2023-10-28,2023-10-29
4419,Adeyemi,Fatoki,170463,269463,"Crete, IL",Chislam TTC,1543,2024-08-31,0,,ACTIVE,2022 Edgeball Chicago International Table Tennis Open,0.0,1243.0,2022-10-29,2022-10-30
4421,Carl,Duvall,166134,265134,"Charlestown, IN",Southern Indiana Table Tennis Association,1543,2024-08-11,0,,ACTIVE,2023 Edgeball Chicago International Open,1545.0,1556.0,2023-10-28,2023-10-29
4437,Craig,Goodwin,176603,275603,"Bourbonnais, IL",Fox Valley Table Tennis Club,1541,2024-07-07,0,,ACTIVE,2024 Edgeball Teams Tournament,1418.0,1411.0,2024-05-04,2024-05-05
4437,Craig,Goodwin,176603,275603,"Bourbonnais, IL",Fox Valley Table Tennis Club,1541,2024-07-07,0,,ACTIVE,2023 Edgeball Chicago International Open,0.0,1473.0,2023-10-28,2023-10-29
4438,Kaining,Gao,176691,275691,"Pleasant Hill, IA",,1540,2023-10-29,0,,ACTIVE,2023 Edgeball Chicago International Open,1419.0,1540.0,2023-10-28,2023-10-29
4438,Kaining,Gao,176691,275691,"Pleasant Hill, IA",,1540,2023-10-29,0,,ACTIVE,2022 Edgeball Chicago International Table Tennis Open,0.0,1332.0,2022-10-29,2022-10-30
4439,Sameer,Komoravolu,169277,268277,"North Aurora, IL",,1540,2024-07-07,660,2020-03-08,ACTIVE,2023 Edgeball Chicago International Open,1340.0,1595.0,2023-10-28,2023-10-29
4467,Roman,Petryshyn,167184,266184,Arlington Heights,,1535,2024-05-05,0,,ACTIVE,2024 Edgeball Teams Tournament,1558.0,1535.0,2024-05-04,2024-05-05
4467,Roman,Petryshyn,167184,266184,Arlington Heights,,1535,2024-05-05,0,,ACTIVE,2023 Edgeball Chicago International Open,1562.0,1557.0,2023-10-28,2023-10-29
4467,Roman,Petryshyn,167184,266184,Arlington Heights,,1535,2024-05-05,0,,ACTIVE,2022 Edgeball Chicago International Table Tennis Open,1400.0,1470.0,2022-10-29,2022-10-30
4467,Roman,Petryshyn,167184,266184,Arlington Heights,,1535,2024-05-05,0,,ACTIVE,2021 Edgeball Chicago International Open,1233.0,1299.0,2021-10-30,2021-10-31
4467,Roman,Petryshyn,167184,266184,Arlington Heights,,1535,2024-05-05,0,,ACTIVE,Edgeball Chicago International Table Tennis Open,1194.0,1201.0,2019-10-26,2019-10-27
4480,Ilya,Kachkovskiy,171585,1171585,"Haslett, MI",Greater Michigan Table Tennis Organization,1534,2024-04-20,0,,ACTIVE,2022 Edgeball Chicago International Table Tennis Open,1350.0,1381.0,2022-10-29,2022-10-30
4480,Ilya,Kachkovskiy,171585,1171585,"Haslett, MI",Greater Michigan Table Tennis Organization,1534,2024-04-20,0,,ACTIVE,2021 Edgeball Chicago International Open,1277.0,1301.0,2021-10-30,2021-10-31
4502,Sean,Snider,173178,1173178,,,1532,2023-10-29,0,,ACTIVE,2023 Edgeball Chicago International Open,1432.0,1532.0,2023-10-28,2023-10-29
4502,Sean,Snider,173178,1173178,,,1532,2023-10-29,0,,ACTIVE,2022 Edgeball Chicago International Table Tennis Open,503.0,1432.0,2022-10-29,2022-10-30
4502,Sean,Snider,173178,1173178,,,1532,2023-10-29,0,,ACTIVE,2021 Edgeball Chicago International Open,0.0,503.0,2021-10-30,2021-10-31
4512,Ayush,Jain,102116,97834,"Cary, NC",,1531,2023-10-29,0,,ACTIVE,2023 Edgeball Chicago International Open,1533.0,1531.0,2023-10-28,2023-10-29
4512,Ayush,Jain,102116,97834,"Cary, NC",,1531,2023-10-29,0,,ACTIVE,2022 Edgeball Chicago International Table Tennis Open,1420.0,1692.0,2022-10-29,2022-10-30
4554,Chad,Dammar,1574,82170,"Ferndale, MI",,1524,2024-03-17,0,,ACTIVE,2021 Edgeball Chicago International Open,1692.0,1689.0,2021-10-30,2021-10-31
4554,Chad,Dammar,1574,82170,"Ferndale, MI",,1524,2024-03-17,0,,ACTIVE,Edgeball Chicago International Table Tennis Open,1628.0,1636.0,2019-10-26,2019-10-27
4554,Chad,Dammar,1574,82170,"Ferndale, MI",,1524,2024-03-17,0,,ACTIVE,Edgeball Chicago International Table Tennis Open,1704.0,1670.0,2018-10-27,2018-10-28
4569,Lionel,Melendez Garcia,176904,1176904,Aibonito,,1522,2024-07-21,0,,ACTIVE,2023 Edgeball Chicago International Open,1696.0,1617.0,2023-10-28,2023-10-29
4627,Cheng Hao,Ke,177376,1177376,Chicago,,1516,2024-07-07,0,,ACTIVE,2024 Edgeball Teams Tournament,1137.0,1291.0,2024-05-04,2024-05-05
4627,Cheng Hao,Ke,177376,1177376,Chicago,,1516,2024-07-07,0,,ACTIVE,2023 Edgeball Chicago International Open,1114.0,1137.0,2023-10-28,2023-10-29
4627,Cheng Hao,Ke,177376,1177376,Chicago,,1516,2024-07-07,0,,ACTIVE,2022 Edgeball Chicago International Table Tennis Open,0.0,1000.0,2022-10-29,2022-10-30
4628,Mike,Grassel,165202,1165202,"Whitefish Bay, WI",Milwaukee Table Tennis Club,1515,2024-08-11,0,,ACTIVE,2023 Edgeball Chicago International Open,1414.0,1428.0,2023-10-28,2023-10-29
4628,Mike,Grassel,165202,1165202,"Whitefish Bay, WI",Milwaukee Table Tennis Club,1515,2024-08-11,0,,ACTIVE,2022 Edgeball Chicago International Table Tennis Open,1311.0,1311.0,2022-10-29,2022-10-30
4628,Mike,Grassel,165202,1165202,"Whitefish Bay, WI",Milwaukee Table Tennis Club,1515,2024-08-11,0,,ACTIVE,2021 Edgeball Chicago International Open,1324.0,1314.0,2021-10-30,2021-10-31
4656,Michael,Deubig,1702,49279,"West Allis, WI",Milwaukee Table Tennis Club,1512,2024-07-07,0,,ACTIVE,2024 Edgeball Teams Tournament,1544.0,1483.0,2024-05-04,2024-05-05
4656,Michael,Deubig,1702,49279,"West Allis, WI",Milwaukee Table Tennis Club,1512,2024-07-07,0,,ACTIVE,2023 Edgeball Chicago International Open,1554.0,1544.0,2023-10-28,2023-10-29
4656,Michael,Deubig,1702,49279,"West Allis, WI",Milwaukee Table Tennis Club,1512,2024-07-07,0,,ACTIVE,2022 Edgeball Chicago International Table Tennis Open,1534.0,1584.0,2022-10-29,2022-10-30
4656,Michael,Deubig,1702,49279,"West Allis, WI",Milwaukee Table Tennis Club,1512,2024-07-07,0,,ACTIVE,Edgeball Chicago International Table Tennis Open,1640.0,1632.0,2019-10-26,2019-10-27
4656,Michael,Deubig,1702,49279,"West Allis, WI",Milwaukee Table Tennis Club,1512,2024-07-07,0,,ACTIVE,Edgeball Chicago International Table Tennis Open,1691.0,1681.0,2018-10-27,2018-10-28
4656,Michael,Deubig,1702,49279,"West Allis, WI",Milwaukee Table Tennis Club,1512,2024-07-07,0,,ACTIVE,2017 Edgeball Chicago International Open,1556.0,1552.0,2017-08-12,2017-08-12
4656,Michael,Deubig,1702,49279,"West Allis, WI",Milwaukee Table Tennis Club,1512,2024-07-07,0,,ACTIVE,2016 Edgeball Chicago International Table Tennis Open,1440.0,1556.0,2016-10-29,2016-10-30
4686,Dennis,Pasamba,120308,219308,"Bartlett, IL",,1508,2024-08-11,0,,ACTIVE,2023 Edgeball Chicago International Open,1369.0,1367.0,2023-10-28,2023-10-29
4718,Shreedhar,Ranabhat,6395,95740,"Madison, WI",Madison Table Tennis Club,1503,2024-05-18,0,,ACTIVE,2023 Edgeball Chicago International Open,1498.0,1521.0,2023-10-28,2023-10-29
4718,Shreedhar,Ranabhat,6395,95740,"Madison, WI",Madison Table Tennis Club,1503,2024-05-18,0,,ACTIVE,Edgeball Chicago International Table Tennis Open,1563.0,1562.0,2019-10-26,2019-10-27
4718,Shreedhar,Ranabhat,6395,95740,"Madison, WI",Madison Table Tennis Club,1503,2024-05-18,0,,ACTIVE,Edgeball Chicago International Table Tennis Open,1449.0,1360.0,2018-10-27,2018-10-28
4718,Shreedhar,Ranabhat,6395,95740,"Madison, WI",Madison Table Tennis Club,1503,2024-05-18,0,,ACTIVE,2017 Edgeball Chicago International Open,1493.0,1524.0,2017-08-12,2017-08-12
4723,Kung,Chao,1080,94049,"Madison, WI",,1502,2024-05-18,0,,ACTIVE,2023 Edgeball Chicago International Open,1411.0,1410.0,2023-10-28,2023-10-29
4723,Kung,Chao,1080,94049,"Madison, WI",,1502,2024-05-18,0,,ACTIVE,2022 Edgeball Chicago International Table Tennis Open,1252.0,1287.0,2022-10-29,2022-10-30
4723,Kung,Chao,1080,94049,"Madison, WI",,1502,2024-05-18,0,,ACTIVE,2021 Edgeball Chicago International Open,1244.0,1148.0,2021-10-30,2021-10-31
4734,Yu,Chan,178927,277927,"Ames, IA",Iowa State University Table Tennis Club,1501,2024-05-19,0,,ACTIVE,2023 Edgeball Chicago International Open,1507.0,1438.0,2023-10-28,2023-10-29
4748,Daniel,Biodrowicz,117312,216312,Schaumburg,,1499,2024-05-05,0,,ACTIVE,2024 Edgeball Teams Tournament,1497.0,1499.0,2024-05-04,2024-05-05
4748,Daniel,Biodrowicz,117312,216312,Schaumburg,,1499,2024-05-05,0,,ACTIVE,Edgeball Chicago International Table Tennis Open,1487.0,1492.0,2018-10-27,2018-10-28
4806,Antonio,Dominguez,180133,279133,"Indianapolis, IN",IndyPong TTC,1489,2024-08-11,1680,2024-09-02,ACTIVE,2023 Edgeball Chicago International Open,1045.0,1115.0,2023-10-28,2023-10-29
4824,John,Sweeney,7567,30938,"Victoria, MN",Table Tennis Minnesota,1486,2024-05-18,1654,2012-04-17,ACTIVE,2023 Edgeball Chicago International Open,1519.0,1496.0,2023-10-28,2023-10-29
4824,John,Sweeney,7567,30938,"Victoria, MN",Table Tennis Minnesota,1486,2024-05-18,1654,2012-04-17,ACTIVE,Edgeball Chicago International Table Tennis Open,1567.0,1577.0,2019-10-26,2019-10-27
4824,John,Sweeney,7567,30938,"Victoria, MN",Table Tennis Minnesota,1486,2024-05-18,1654,2012-04-17,ACTIVE,Edgeball Chicago International Table Tennis Open,1668.0,1714.0,2018-10-27,2018-10-28
4824,John,Sweeney,7567,30938,"Victoria, MN",Table Tennis Minnesota,1486,2024-05-18,1654,2012-04-17,ACTIVE,2017 Edgeball Chicago International Open,1765.0,1659.0,2017-08-12,2017-08-12
4907,Arsen,Gaysin,2388,90822,"Berwyn, IL",,1473,2024-07-07,1456,2019-12-07,ACTIVE,2024 Edgeball Teams Tournament,1496.0,1468.0,2024-05-04,2024-05-05
4907,Arsen,Gaysin,2388,90822,"Berwyn, IL",,1473,2024-07-07,1456,2019-12-07,ACTIVE,2023 Edgeball Chicago International Open,1517.0,1496.0,2023-10-28,2023-10-29
4907,Arsen,Gaysin,2388,90822,"Berwyn, IL",,1473,2024-07-07,1456,2019-12-07,ACTIVE,Edgeball Chicago International Table Tennis Open,1577.0,1594.0,2018-10-27,2018-10-28
4907,Arsen,Gaysin,2388,90822,"Berwyn, IL",,1473,2024-07-07,1456,2019-12-07,ACTIVE,2016 Edgeball Chicago International Table Tennis Open,1529.0,1566.0,2016-10-29,2016-10-30
4931,Suryakant,Shrivastava,173177,1173177,"Jersey City, NJ",HiTT,1470,2024-05-12,1402,2024-05-20,ACTIVE,2021 Edgeball Chicago International Open,0.0,1458.0,2021-10-30,2021-10-31
5007,Yueling,Zhang,55664,81895,"Louisville, KY",,1459,2024-07-07,0,,ACTIVE,2017 Edgeball Chicago International Open,1403.0,1391.0,2017-08-12,2017-08-12
5017,Shariq,Zaman,55200,93218,"Bloomington, IL",,1457,2024-07-07,0,,ACTIVE,2023 Edgeball Chicago International Open,1544.0,1547.0,2023-10-28,2023-10-29
5017,Shariq,Zaman,55200,93218,"Bloomington, IL",,1457,2024-07-07,0,,ACTIVE,2022 Edgeball Chicago International Table Tennis Open,1365.0,1544.0,2022-10-29,2022-10-30
5017,Shariq,Zaman,55200,93218,"Bloomington, IL",,1457,2024-07-07,0,,ACTIVE,2021 Edgeball Chicago International Open,832.0,1088.0,2021-10-30,2021-10-31
5017,Shariq,Zaman,55200,93218,"Bloomington, IL",,1457,2024-07-07,0,,ACTIVE,Edgeball Chicago International Table Tennis Open,822.0,832.0,2019-10-26,2019-10-27
5017,Shariq,Zaman,55200,93218,"Bloomington, IL",,1457,2024-07-07,0,,ACTIVE,Edgeball Chicago International Table Tennis Open,822.0,822.0,2018-10-27,2018-10-28
5019,Patrick,Fowler,174520,273520,"Denver, CO",DenverPong,1457,2024-05-05,0,,ACTIVE,2024 Edgeball Teams Tournament,1472.0,1457.0,2024-05-04,2024-05-05
5019,Patrick,Fowler,174520,273520,"Denver, CO",DenverPong,1457,2024-05-05,0,,ACTIVE,2023 Edgeball Chicago International Open,1232.0,1422.0,2023-10-28,2023-10-29
5019,Patrick,Fowler,174520,273520,"Denver, CO",DenverPong,1457,2024-05-05,0,,ACTIVE,2022 Edgeball Chicago International Table Tennis Open,854.0,865.0,2022-10-29,2022-10-30
5029,Davaasuren,Shagdar,177395,1177395,Buffalo Grove,,1456,2024-05-05,0,,ACTIVE,2024 Edgeball Teams Tournament,1250.0,1456.0,2024-05-04,2024-05-05
5029,Davaasuren,Shagdar,177395,1177395,Buffalo Grove,,1456,2024-05-05,0,,ACTIVE,2023 Edgeball Chicago International Open,1263.0,1250.0,2023-10-28,2023-10-29
5029,Davaasuren,Shagdar,177395,1177395,Buffalo Grove,,1456,2024-05-05,0,,ACTIVE,2022 Edgeball Chicago International Table Tennis Open,0.0,1248.0,2022-10-29,2022-10-30
5041,Brandon,Yau,124659,223659,"Chicago, IL",Chislam TTC,1455,2024-03-17,0,,ACTIVE,2023 Edgeball Chicago International Open,1398.0,1502.0,2023-10-28,2023-10-29
5041,Brandon,Yau,124659,223659,"Chicago, IL",Chislam TTC,1455,2024-03-17,0,,ACTIVE,2022 Edgeball Chicago International Table Tennis Open,1396.0,1383.0,2022-10-29,2022-10-30
5041,Brandon,Yau,124659,223659,"Chicago, IL",Chislam TTC,1455,2024-03-17,0,,ACTIVE,Edgeball Chicago International Table Tennis Open,1622.0,1527.0,2019-10-26,2019-10-27
5045,Myron,Dorshak,120614,219614,New Berlin,,1454,2024-05-18,0,,ACTIVE,2023 Edgeball Chicago International Open,1330.0,1442.0,2023-10-28,2023-10-29
5045,Myron,Dorshak,120614,219614,New Berlin,,1454,2024-05-18,0,,ACTIVE,2022 Edgeball Chicago International Table Tennis Open,1159.0,1328.0,2022-10-29,2022-10-30
5045,Myron,Dorshak,120614,219614,New Berlin,,1454,2024-05-18,0,,ACTIVE,Edgeball Chicago International Table Tennis Open,1130.0,1110.0,2019-10-26,2019-10-27
5045,Myron,Dorshak,120614,219614,New Berlin,,1454,2024-05-18,0,,ACTIVE,Edgeball Chicago International Table Tennis Open,786.0,847.0,2018-10-27,2018-10-28
5052,Preston,Misemer,175697,1175697,Raymore,,1453,2024-07-06,0,,ACTIVE,2024 Edgeball Teams Tournament,1263.0,1509.0,2024-05-04,2024-05-05
5052,Preston,Misemer,175697,1175697,Raymore,,1453,2024-07-06,0,,ACTIVE,2023 Edgeball Chicago International Open,1369.0,1317.0,2023-10-28,2023-10-29
5052,Preston,Misemer,175697,1175697,Raymore,,1453,2024-07-06,0,,ACTIVE,2022 Edgeball Chicago International Table Tennis Open,1296.0,1327.0,2022-10-29,2022-10-30
5053,Tomasz,Szacilowski,7584,87789,"West Chicago, IL",Fox Valley Table Tennis Club,1453,2023-10-29,1449,2017-07-09,ACTIVE,2023 Edgeball Chicago International Open,1490.0,1453.0,2023-10-28,2023-10-29
5053,Tomasz,Szacilowski,7584,87789,"West Chicago, IL",Fox Valley Table Tennis Club,1453,2023-10-29,1449,2017-07-09,ACTIVE,2017 Edgeball Chicago International Open,1439.0,1441.0,2017-08-12,2017-08-12
5053,Tomasz,Szacilowski,7584,87789,"West Chicago, IL",Fox Valley Table Tennis Club,1453,2023-10-29,1449,2017-07-09,ACTIVE,2016 Edgeball Chicago International Table Tennis Open,1417.0,1433.0,2016-10-29,2016-10-30
5063,Stan,Stiopkin,125042,224042,Barrington,,1451,2023-10-29,0,,ACTIVE,2023 Edgeball Chicago International Open,1421.0,1451.0,2023-10-28,2023-10-29
5080,Paul,Krynski,3975,7093,"Homer Glen, IL",Highland Table Tennis Center,1449,2024-07-07,1419,2019-02-03,ACTIVE,2023 Edgeball Chicago International Open,1542.0,1477.0,2023-10-28,2023-10-29
5080,Paul,Krynski,3975,7093,"Homer Glen, IL",Highland Table Tennis Center,1449,2024-07-07,1419,2019-02-03,ACTIVE,2021 Edgeball Chicago International Open,1516.0,1536.0,2021-10-30,2021-10-31
5080,Paul,Krynski,3975,7093,"Homer Glen, IL",Highland Table Tennis Center,1449,2024-07-07,1419,2019-02-03,ACTIVE,Edgeball Chicago International Table Tennis Open,1495.0,1516.0,2019-10-26,2019-10-27
5080,Paul,Krynski,3975,7093,"Homer Glen, IL",Highland Table Tennis Center,1449,2024-07-07,1419,2019-02-03,ACTIVE,2016 Edgeball Chicago International Table Tennis Open,1276.0,1381.0,2016-10-29,2016-10-30
5151,Jim,Gableman,2302,82695,"New Berlin, WI",Milwaukee Table Tennis Club,1441,2024-05-18,0,,ACTIVE,2023 Edgeball Chicago International Open,1463.0,1488.0,2023-10-28,2023-10-29
5151,Jim,Gableman,2302,82695,"New Berlin, WI",Milwaukee Table Tennis Club,1441,2024-05-18,0,,ACTIVE,2022 Edgeball Chicago International Table Tennis Open,1502.0,1517.0,2022-10-29,2022-10-30
5151,Jim,Gableman,2302,82695,"New Berlin, WI",Milwaukee Table Tennis Club,1441,2024-05-18,0,,ACTIVE,2021 Edgeball Chicago International Open,1575.0,1567.0,2021-10-30,2021-10-31
5151,Jim,Gableman,2302,82695,"New Berlin, WI",Milwaukee Table Tennis Club,1441,2024-05-18,0,,ACTIVE,Edgeball Chicago International Table Tennis Open,1575.0,1631.0,2019-10-26,2019-10-27
5151,Jim,Gableman,2302,82695,"New Berlin, WI",Milwaukee Table Tennis Club,1441,2024-05-18,0,,ACTIVE,2017 Edgeball Chicago International Open,1619.0,1645.0,2017-08-12,2017-08-12
5182,Perry,Smith,46686,27885,"Holly Springs, MS",Memphis Table Tennis Club,1437,2024-07-07,0,,ACTIVE,2017 Edgeball Chicago International Open,1720.0,1707.0,2017-08-12,2017-08-12
5182,Perry,Smith,46686,27885,"Holly Springs, MS",Memphis Table Tennis Club,1437,2024-07-07,0,,ACTIVE,2016 Edgeball Chicago International Table Tennis Open,1776.0,1764.0,2016-10-29,2016-10-30
5183,Daniel,Hara,181359,1181359,Avon,,1437,2024-08-11,1514,2024-09-02,ACTIVE,2023 Edgeball Chicago International Open,1115.0,1126.0,2023-10-28,2023-10-29
5189,Iman,Lakhani,174685,273685,"Denver, CO",Mile High Table Tennis Academy,1436,2024-05-05,0,,ACTIVE,2024 Edgeball Teams Tournament,1227.0,1436.0,2024-05-04,2024-05-05
5189,Iman,Lakhani,174685,273685,"Denver, CO",Mile High Table Tennis Academy,1436,2024-05-05,0,,ACTIVE,2023 Edgeball Chicago International Open,1087.0,1192.0,2023-10-28,2023-10-29
5189,Iman,Lakhani,174685,273685,"Denver, CO",Mile High Table Tennis Academy,1436,2024-05-05,0,,ACTIVE,2022 Edgeball Chicago International Table Tennis Open,667.0,893.0,2022-10-29,2022-10-30
5237,Alexander,Benigno,116146,215146,"Chicago, IL",,1431,2023-10-29,0,,ACTIVE,2023 Edgeball Chicago International Open,1433.0,1431.0,2023-10-28,2023-10-29
5288,Stanley,Stankiewicz,7388,46966,"North Aurora, IL",,1423,2018-03-02,0,,ACTIVE,2017 Edgeball Chicago International Open,1576.0,1528.0,2017-08-12,2017-08-12
5293,Lizhao,Zhang,9031,88828,"Madison, WI",Madison Table Tennis Club,1422,2024-05-18,0,,ACTIVE,2016 Edgeball Chicago International Table Tennis Open,1581.0,1571.0,2016-10-29,2016-10-30
5307,Jack,Lekarczyk,179749,1179749,Lake Barrington,,1420,2024-05-05,1280,2019-06-14,ACTIVE,2024 Edgeball Teams Tournament,1421.0,1420.0,2024-05-04,2024-05-05
5307,Jack,Lekarczyk,179749,1179749,Lake Barrington,,1420,2024-05-05,1280,2019-06-14,ACTIVE,2023 Edgeball Chicago International Open,1405.0,1457.0,2023-10-28,2023-10-29
5348,Brent,Lacheta,117443,216443,"Wenona, IL",,1415,2024-03-17,0,,ACTIVE,2023 Edgeball Chicago International Open,1223.0,1205.0,2023-10-28,2023-10-29
5348,Brent,Lacheta,117443,216443,"Wenona, IL",,1415,2024-03-17,0,,ACTIVE,Edgeball Chicago International Table Tennis Open,1017.0,1111.0,2018-10-27,2018-10-28
5402,Moe,Barati,11281,13411,"Lexington, KY",,1405,2024-07-07,1525,2022-08-22,ACTIVE,2021 Edgeball Chicago International Open,1435.0,1439.0,2021-10-30,2021-10-31
5409,Steve,Ezzo,2047,7171,"San Simeon, CA",Experior Table Tennis Club,1405,2024-07-07,1266,2018-04-21,ACTIVE,2024 Edgeball Teams Tournament,1441.0,1417.0,2024-05-04,2024-05-05
5409,Steve,Ezzo,2047,7171,"San Simeon, CA",Experior Table Tennis Club,1405,2024-07-07,1266,2018-04-21,ACTIVE,Edgeball Chicago International Table Tennis Open,1480.0,1484.0,2019-10-26,2019-10-27
5409,Steve,Ezzo,2047,7171,"San Simeon, CA",Experior Table Tennis Club,1405,2024-07-07,1266,2018-04-21,ACTIVE,Edgeball Chicago International Table Tennis Open,1454.0,1612.0,2018-10-27,2018-10-28
5409,Steve,Ezzo,2047,7171,"San Simeon, CA",Experior Table Tennis Club,1405,2024-07-07,1266,2018-04-21,ACTIVE,2016 Edgeball Chicago International Table Tennis Open,1590.0,1575.0,2016-10-29,2016-10-30
5451,Kelvin,Lee,117968,216968,Lombard,,1398,2024-07-07,1223,2019-12-21,ACTIVE,2024 Edgeball Teams Tournament,1340.0,1403.0,2024-05-04,2024-05-05
5451,Kelvin,Lee,117968,216968,Lombard,,1398,2024-07-07,1223,2019-12-21,ACTIVE,2023 Edgeball Chicago International Open,1467.0,1427.0,2023-10-28,2023-10-29
5451,Kelvin,Lee,117968,216968,Lombard,,1398,2024-07-07,1223,2019-12-21,ACTIVE,2022 Edgeball Chicago International Table Tennis Open,1189.0,1171.0,2022-10-29,2022-10-30
5451,Kelvin,Lee,117968,216968,Lombard,,1398,2024-07-07,1223,2019-12-21,ACTIVE,2021 Edgeball Chicago International Open,1158.0,1149.0,2021-10-30,2021-10-31
5451,Kelvin,Lee,117968,216968,Lombard,,1398,2024-07-07,1223,2019-12-21,ACTIVE,Edgeball Chicago International Table Tennis Open,1172.0,1165.0,2019-10-26,2019-10-27
5451,Kelvin,Lee,117968,216968,Lombard,,1398,2024-07-07,1223,2019-12-21,ACTIVE,Edgeball Chicago International Table Tennis Open,1097.0,1047.0,2018-10-27,2018-10-28
5461,Andrew,Schwartz,177394,1177394,Rockford,,1397,2024-07-07,0,,ACTIVE,2023 Edgeball Chicago International Open,1146.0,1185.0,2023-10-28,2023-10-29
5461,Andrew,Schwartz,177394,1177394,Rockford,,1397,2024-07-07,0,,ACTIVE,2022 Edgeball Chicago International Table Tennis Open,0.0,980.0,2022-10-29,2022-10-30
5479,Tim,Gillespie,22311,121311,IN,,1393,2024-08-11,1531,2024-08-05,ACTIVE,2022 Edgeball Chicago International Table Tennis Open,1555.0,1536.0,2022-10-29,2022-10-30
5496,Jhoe,Blaza,12447,85116,"Dayton, OH",,1391,2024-02-18,0,,ACTIVE,Edgeball Chicago International Table Tennis Open,1450.0,1446.0,2019-10-26,2019-10-27
5518,Eva,Harrison,120500,219500,"Chicago, IL",,1389,2023-09-10,1251,2021-10-16,ACTIVE,2021 Edgeball Chicago International Open,1333.0,1186.0,2021-10-30,2021-10-31
5518,Eva,Harrison,120500,219500,"Chicago, IL",,1389,2023-09-10,1251,2021-10-16,ACTIVE,Edgeball Chicago International Table Tennis Open,1211.0,1188.0,2019-10-26,2019-10-27
5518,Eva,Harrison,120500,219500,"Chicago, IL",,1389,2023-09-10,1251,2021-10-16,ACTIVE,Edgeball Chicago International Table Tennis Open,905.0,909.0,2018-10-27,2018-10-28
5538,Kin hang,Chan,182468,281468,,,1385,2024-06-23,0,,ACTIVE,2024 Edgeball Teams Tournament,1287.0,1396.0,2024-05-04,2024-05-05
5561,Sharad,Chandakacherla,182376,1182376,Chicago,,1381,2023-10-29,0,,ACTIVE,2023 Edgeball Chicago International Open,0.0,1381.0,2023-10-28,2023-10-29
5586,Nathan,Park,182398,1182398,East Lansing,,1377,2023-11-18,0,,ACTIVE,2023 Edgeball Chicago International Open,0.0,1067.0,2023-10-28,2023-10-29
5594,Cameron,Hurt,177366,1177366,"Lake Winnebago, MO",Iowa State University Table Tennis Club,1376,2024-03-17,0,,ACTIVE,2023 Edgeball Chicago International Open,1174.0,1164.0,2023-10-28,2023-10-29
5594,Cameron,Hurt,177366,1177366,"Lake Winnebago, MO",Iowa State University Table Tennis Club,1376,2024-03-17,0,,ACTIVE,2022 Edgeball Chicago International Table Tennis Open,0.0,1228.0,2022-10-29,2022-10-30
5623,Scott,Finley,131078,230078,"Mcfarland, WI",Madison Table Tennis Club,1372,2024-05-18,0,,ACTIVE,2023 Edgeball Chicago International Open,1345.0,1352.0,2023-10-28,2023-10-29
5623,Scott,Finley,131078,230078,"Mcfarland, WI",Madison Table Tennis Club,1372,2024-05-18,0,,ACTIVE,2022 Edgeball Chicago International Table Tennis Open,1344.0,1345.0,2022-10-29,2022-10-30
5623,Scott,Finley,131078,230078,"Mcfarland, WI",Madison Table Tennis Club,1372,2024-05-18,0,,ACTIVE,2021 Edgeball Chicago International Open,1176.0,1250.0,2021-10-30,2021-10-31
5623,Scott,Finley,131078,230078,"Mcfarland, WI",Madison Table Tennis Club,1372,2024-05-18,0,,ACTIVE,Edgeball Chicago International Table Tennis Open,1066.0,1188.0,2019-10-26,2019-10-27
5623,Scott,Finley,131078,230078,"Mcfarland, WI",Madison Table Tennis Club,1372,2024-05-18,0,,ACTIVE,Edgeball Chicago International Table Tennis Open,0.0,787.0,2018-10-27,2018-10-28
5625,Gary,Ng,131156,230156,"Redmond, WA",,1372,2024-06-30,1345,2024-06-08,ACTIVE,2021 Edgeball Chicago International Open,1304.0,1329.0,2021-10-30,2021-10-31
5655,Yuriy,Bukhalo,831,97272,"Glenview, IL",,1366,2024-06-08,0,,ACTIVE,2024 Edgeball Teams Tournament,1413.0,1387.0,2024-05-04,2024-05-05
5655,Yuriy,Bukhalo,831,97272,"Glenview, IL",,1366,2024-06-08,0,,ACTIVE,2023 Edgeball Chicago International Open,1450.0,1435.0,2023-10-28,2023-10-29
5655,Yuriy,Bukhalo,831,97272,"Glenview, IL",,1366,2024-06-08,0,,ACTIVE,2022 Edgeball Chicago International Table Tennis Open,1444.0,1450.0,2022-10-29,2022-10-30
5655,Yuriy,Bukhalo,831,97272,"Glenview, IL",,1366,2024-06-08,0,,ACTIVE,2021 Edgeball Chicago International Open,1149.0,1170.0,2021-10-30,2021-10-31
5655,Yuriy,Bukhalo,831,97272,"Glenview, IL",,1366,2024-06-08,0,,ACTIVE,Edgeball Chicago International Table Tennis Open,1111.0,1144.0,2019-10-26,2019-10-27
5655,Yuriy,Bukhalo,831,97272,"Glenview, IL",,1366,2024-06-08,0,,ACTIVE,2016 Edgeball Chicago International Table Tennis Open,1149.0,1148.0,2016-10-29,2016-10-30
5686,Vikrant,Azad,173152,1173152,Chicago,,1362,2024-05-05,0,,ACTIVE,2024 Edgeball Teams Tournament,1352.0,1362.0,2024-05-04,2024-05-05
5686,Vikrant,Azad,173152,1173152,Chicago,,1362,2024-05-05,0,,ACTIVE,2023 Edgeball Chicago International Open,1351.0,1348.0,2023-10-28,2023-10-29
5686,Vikrant,Azad,173152,1173152,Chicago,,1362,2024-05-05,0,,ACTIVE,2021 Edgeball Chicago International Open,0.0,1121.0,2021-10-30,2021-10-31
5695,Scott,Potereiko,112974,211974,"Colorado Springs, CO",,1361,2024-06-15,1109,2019-04-19,ACTIVE,Edgeball Chicago International Table Tennis Open,1249.0,1363.0,2019-10-26,2019-10-27
5695,Scott,Potereiko,112974,211974,"Colorado Springs, CO",,1361,2024-06-15,1109,2019-04-19,ACTIVE,Edgeball Chicago International Table Tennis Open,1346.0,1355.0,2018-10-27,2018-10-28
5697,Boris,Bereznyakov,182373,1182373,Buffalo Grove,,1361,2023-10-29,0,,ACTIVE,2023 Edgeball Chicago International Open,0.0,1361.0,2023-10-28,2023-10-29
5711,Marko,Stambuk,119804,218804,Chicago,,1359,2024-07-07,0,,ACTIVE,2022 Edgeball Chicago International Table Tennis Open,1228.0,1328.0,2022-10-29,2022-10-30
5711,Marko,Stambuk,119804,218804,Chicago,,1359,2024-07-07,0,,ACTIVE,2021 Edgeball Chicago International Open,1339.0,1267.0,2021-10-30,2021-10-31
5711,Marko,Stambuk,119804,218804,Chicago,,1359,2024-07-07,0,,ACTIVE,Edgeball Chicago International Table Tennis Open,1315.0,1239.0,2018-10-27,2018-10-28
5711,Marko,Stambuk,119804,218804,Chicago,,1359,2024-07-07,0,,ACTIVE,2017 Edgeball Chicago International Open,1340.0,1380.0,2017-08-12,2017-08-12
5730,Slava,Tenenbaum,7722,27623,"Glenview, IL",,1355,2024-05-05,1346,2019-12-21,ACTIVE,2024 Edgeball Teams Tournament,1331.0,1355.0,2024-05-04,2024-05-05
5730,Slava,Tenenbaum,7722,27623,"Glenview, IL",,1355,2024-05-05,1346,2019-12-21,ACTIVE,2023 Edgeball Chicago International Open,1283.0,1328.0,2023-10-28,2023-10-29
5730,Slava,Tenenbaum,7722,27623,"Glenview, IL",,1355,2024-05-05,1346,2019-12-21,ACTIVE,2022 Edgeball Chicago International Table Tennis Open,1477.0,1371.0,2022-10-29,2022-10-30
5730,Slava,Tenenbaum,7722,27623,"Glenview, IL",,1355,2024-05-05,1346,2019-12-21,ACTIVE,2021 Edgeball Chicago International Open,1418.0,1494.0,2021-10-30,2021-10-31
5730,Slava,Tenenbaum,7722,27623,"Glenview, IL",,1355,2024-05-05,1346,2019-12-21,ACTIVE,Edgeball Chicago International Table Tennis Open,1283.0,1205.0,2019-10-26,2019-10-27
5730,Slava,Tenenbaum,7722,27623,"Glenview, IL",,1355,2024-05-05,1346,2019-12-21,ACTIVE,Edgeball Chicago International Table Tennis Open,1198.0,1198.0,2018-10-27,2018-10-28
5758,Tony,Mykhaylovsky,184429,1184429,Pleasant Prairie,,1351,2024-06-02,0,,ACTIVE,2024 Edgeball Teams Tournament,1191.0,1359.0,2024-05-04,2024-05-05
5764,Meenakshisundar,Panneerselvam,166405,265405,"Ypsilanti, MI",,1350,2023-11-18,0,,ACTIVE,2023 Edgeball Chicago International Open,1352.0,1346.0,2023-10-28,2023-10-29
5764,Meenakshisundar,Panneerselvam,166405,265405,"Ypsilanti, MI",,1350,2023-11-18,0,,ACTIVE,2021 Edgeball Chicago International Open,1341.0,1345.0,2021-10-30,2021-10-31
5776,Chi Wai,An,181282,1181282,Naperville,,1349,2024-02-04,0,,ACTIVE,2023 Edgeball Chicago International Open,,,2023-10-28,2023-10-29
5803,Melissa,Meschkewitz,171012,1171012,"East Lansing, MI",Greater Michigan Table Tennis Organization,1346,2024-05-05,0,,ACTIVE,2023 Edgeball Chicago International Open,956.0,988.0,2023-10-28,2023-10-29
5803,Melissa,Meschkewitz,171012,1171012,"East Lansing, MI",Greater Michigan Table Tennis Organization,1346,2024-05-05,0,,ACTIVE,2022 Edgeball Chicago International Table Tennis Open,926.0,915.0,2022-10-29,2022-10-30
5803,Melissa,Meschkewitz,171012,1171012,"East Lansing, MI",Greater Michigan Table Tennis Organization,1346,2024-05-05,0,,ACTIVE,2021 Edgeball Chicago International Open,666.0,644.0,2021-10-30,2021-10-31
5808,Kosta,Manahov,168143,1168143,Park Ridge,,1346,2024-03-31,0,,ACTIVE,2022 Edgeball Chicago International Table Tennis Open,1249.0,1246.0,2022-10-29,2022-10-30
5808,Kosta,Manahov,168143,1168143,Park Ridge,,1346,2024-03-31,0,,ACTIVE,2021 Edgeball Chicago International Open,1244.0,1249.0,2021-10-30,2021-10-31
5808,Kosta,Manahov,168143,1168143,Park Ridge,,1346,2024-03-31,0,,ACTIVE,Edgeball Chicago International Table Tennis Open,0.0,948.0,2019-10-26,2019-10-27
5809,Mindaugas,Bindokas,120281,219281,Westmont,,1346,2023-10-29,1493,2018-08-24,ACTIVE,2023 Edgeball Chicago International Open,1409.0,1346.0,2023-10-28,2023-10-29
5809,Mindaugas,Bindokas,120281,219281,Westmont,,1346,2023-10-29,1493,2018-08-24,ACTIVE,Edgeball Chicago International Table Tennis Open,1477.0,1409.0,2018-10-27,2018-10-28
5809,Mindaugas,Bindokas,120281,219281,Westmont,,1346,2023-10-29,1493,2018-08-24,ACTIVE,2017 Edgeball Chicago International Open,0.0,1303.0,2017-08-12,2017-08-12
5819,Erdenechimeg,Haltarhuu,2772,92990,"Minneapolis, MN",,1345,2024-07-07,0,,ACTIVE,2021 Edgeball Chicago International Open,976.0,1020.0,2021-10-30,2021-10-31
5825,Reese,Ramos,179323,278323,"Aurora, IL",,1344,2024-07-07,0,,ACTIVE,2023 Edgeball Chicago International Open,1275.0,1299.0,2023-10-28,2023-10-29
5873,Faeq,Zaman,55196,93219,"Bloomington, IL",,1338,2024-07-07,0,,ACTIVE,2023 Edgeball Chicago International Open,1341.0,1339.0,2023-10-28,2023-10-29
5873,Faeq,Zaman,55196,93219,"Bloomington, IL",,1338,2024-07-07,0,,ACTIVE,2022 Edgeball Chicago International Table Tennis Open,1344.0,1341.0,2022-10-29,2022-10-30
5873,Faeq,Zaman,55196,93219,"Bloomington, IL",,1338,2024-07-07,0,,ACTIVE,2021 Edgeball Chicago International Open,1022.0,1293.0,2021-10-30,2021-10-31
5873,Faeq,Zaman,55196,93219,"Bloomington, IL",,1338,2024-07-07,0,,ACTIVE,Edgeball Chicago International Table Tennis Open,930.0,1022.0,2019-10-26,2019-10-27
5873,Faeq,Zaman,55196,93219,"Bloomington, IL",,1338,2024-07-07,0,,ACTIVE,Edgeball Chicago International Table Tennis Open,830.0,930.0,2018-10-27,2018-10-28
5958,Keith,Willard,8462,95826,"St. Paul, MN",,1325,2024-03-17,823,2015-03-23,ACTIVE,2022 Edgeball Chicago International Table Tennis Open,1430.0,1376.0,2022-10-29,2022-10-30
5958,Keith,Willard,8462,95826,"St. Paul, MN",,1325,2024-03-17,823,2015-03-23,ACTIVE,Edgeball Chicago International Table Tennis Open,1207.0,1259.0,2018-10-27,2018-10-28
5990,Zi Xiang,Lin,182392,1182392,Madison,,1321,2024-05-18,0,,ACTIVE,2023 Edgeball Chicago International Open,0.0,1197.0,2023-10-28,2023-10-29
5999,Michael,Bennett,169619,268619,"Highland Park, IL",,1319,2023-10-29,0,,ACTIVE,2023 Edgeball Chicago International Open,1323.0,1319.0,2023-10-28,2023-10-29
5999,Michael,Bennett,169619,268619,"Highland Park, IL",,1319,2023-10-29,0,,ACTIVE,2022 Edgeball Chicago International Table Tennis Open,1315.0,1323.0,2022-10-29,2022-10-30
5999,Michael,Bennett,169619,268619,"Highland Park, IL",,1319,2023-10-29,0,,ACTIVE,2021 Edgeball Chicago International Open,1081.0,1116.0,2021-10-30,2021-10-31
6008,Mark,Scala,44592,30913,"Denver, CO",Mile High Table Tennis Academy,1317,2024-08-25,0,,ACTIVE,2024 Edgeball Teams Tournament,1414.0,1355.0,2024-05-04,2024-05-05
6008,Mark,Scala,44592,30913,"Denver, CO",Mile High Table Tennis Academy,1317,2024-08-25,0,,ACTIVE,2023 Edgeball Chicago International Open,1343.0,1330.0,2023-10-28,2023-10-29
6072,Tim,O'Neil,5815,95562,"Oconomowoc, WI",,1309,2024-05-18,0,,ACTIVE,2022 Edgeball Chicago International Table Tennis Open,1320.0,1319.0,2022-10-29,2022-10-30
6072,Tim,O'Neil,5815,95562,"Oconomowoc, WI",,1309,2024-05-18,0,,ACTIVE,2021 Edgeball Chicago International Open,1154.0,1155.0,2021-10-30,2021-10-31
6072,Tim,O'Neil,5815,95562,"Oconomowoc, WI",,1309,2024-05-18,0,,ACTIVE,Edgeball Chicago International Table Tennis Open,1189.0,1196.0,2019-10-26,2019-10-27
6072,Tim,O'Neil,5815,95562,"Oconomowoc, WI",,1309,2024-05-18,0,,ACTIVE,2016 Edgeball Chicago International Table Tennis Open,1012.0,1018.0,2016-10-29,2016-10-30
6080,Cecil,Yeung,8857,75193,"Hoffman Estates, IL",Schaumburg Table Tennis Club,1307,2023-10-29,0,,ACTIVE,2023 Edgeball Chicago International Open,1320.0,1307.0,2023-10-28,2023-10-29
6080,Cecil,Yeung,8857,75193,"Hoffman Estates, IL",Schaumburg Table Tennis Club,1307,2023-10-29,0,,ACTIVE,2017 Edgeball Chicago International Open,1322.0,1320.0,2017-08-12,2017-08-12
6080,Cecil,Yeung,8857,75193,"Hoffman Estates, IL",Schaumburg Table Tennis Club,1307,2023-10-29,0,,ACTIVE,2016 Edgeball Chicago International Table Tennis Open,1329.0,1322.0,2016-10-29,2016-10-30
6095,Mohammed,Zaman,55197,81460,"Bloomington, IL",,1305,2024-07-07,0,,ACTIVE,Edgeball Chicago International Table Tennis Open,1182.0,1180.0,2019-10-26,2019-10-27
6095,Mohammed,Zaman,55197,81460,"Bloomington, IL",,1305,2024-07-07,0,,ACTIVE,Edgeball Chicago International Table Tennis Open,1170.0,1186.0,2018-10-27,2018-10-28
6134,Sejal,Jain,124118,223118,Schaumburg,,1299,2023-10-29,0,,ACTIVE,2023 Edgeball Chicago International Open,1349.0,1299.0,2023-10-28,2023-10-29
6134,Sejal,Jain,124118,223118,Schaumburg,,1299,2023-10-29,0,,ACTIVE,2021 Edgeball Chicago International Open,1368.0,1349.0,2021-10-30,2021-10-31
6134,Sejal,Jain,124118,223118,Schaumburg,,1299,2023-10-29,0,,ACTIVE,Edgeball Chicago International Table Tennis Open,1287.0,1433.0,2018-10-27,2018-10-28
6148,Mike,Ongchangco,177386,1177386,Streamwwod,,1297,2023-10-29,0,,ACTIVE,2023 Edgeball Chicago International Open,1307.0,1297.0,2023-10-28,2023-10-29
6148,Mike,Ongchangco,177386,1177386,Streamwwod,,1297,2023-10-29,0,,ACTIVE,2022 Edgeball Chicago International Table Tennis Open,0.0,1307.0,2022-10-29,2022-10-30
6153,Aarav,Rajput,173173,1173173,Chicago,,1296,2024-05-05,0,,ACTIVE,2024 Edgeball Teams Tournament,1344.0,1296.0,2024-05-04,2024-05-05
6153,Aarav,Rajput,173173,1173173,Chicago,,1296,2024-05-05,0,,ACTIVE,2023 Edgeball Chicago International Open,1230.0,1400.0,2023-10-28,2023-10-29
6153,Aarav,Rajput,173173,1173173,Chicago,,1296,2024-05-05,0,,ACTIVE,2021 Edgeball Chicago International Open,0.0,474.0,2021-10-30,2021-10-31
6178,William,Goodfellow,2543,90074,"Chicago, IL",,1292,2024-07-07,0,,ACTIVE,2017 Edgeball Chicago International Open,1283.0,1322.0,2017-08-12,2017-08-12
6189,Roy,Wehrmeister,52394,31830,"Skokie, IL",Weber Table Tennis Club,1290,2024-05-05,0,,ACTIVE,2024 Edgeball Teams Tournament,1291.0,1290.0,2024-05-04,2024-05-05
6189,Roy,Wehrmeister,52394,31830,"Skokie, IL",Weber Table Tennis Club,1290,2024-05-05,0,,ACTIVE,2023 Edgeball Chicago International Open,1341.0,1291.0,2023-10-28,2023-10-29
6189,Roy,Wehrmeister,52394,31830,"Skokie, IL",Weber Table Tennis Club,1290,2024-05-05,0,,ACTIVE,Edgeball Chicago International Table Tennis Open,1335.0,1341.0,2019-10-26,2019-10-27
6189,Roy,Wehrmeister,52394,31830,"Skokie, IL",Weber Table Tennis Club,1290,2024-05-05,0,,ACTIVE,Edgeball Chicago International Table Tennis Open,1332.0,1335.0,2018-10-27,2018-10-28
6189,Roy,Wehrmeister,52394,31830,"Skokie, IL",Weber Table Tennis Club,1290,2024-05-05,0,,ACTIVE,2016 Edgeball Chicago International Table Tennis Open,1223.0,1216.0,2016-10-29,2016-10-30
6192,Jeffrey,Karras,173270,1173270,Cazenovia,,1290,2024-07-07,0,,ACTIVE,2023 Edgeball Chicago International Open,857.0,865.0,2023-10-28,2023-10-29
6211,Lev,Petryshyn,167183,266183,Arlington Heights,,1286,2024-05-05,0,,ACTIVE,2024 Edgeball Teams Tournament,1348.0,1286.0,2024-05-04,2024-05-05
6211,Lev,Petryshyn,167183,266183,Arlington Heights,,1286,2024-05-05,0,,ACTIVE,2023 Edgeball Chicago International Open,1322.0,1349.0,2023-10-28,2023-10-29
6211,Lev,Petryshyn,167183,266183,Arlington Heights,,1286,2024-05-05,0,,ACTIVE,2022 Edgeball Chicago International Table Tennis Open,823.0,866.0,2022-10-29,2022-10-30
6211,Lev,Petryshyn,167183,266183,Arlington Heights,,1286,2024-05-05,0,,ACTIVE,2021 Edgeball Chicago International Open,430.0,483.0,2021-10-30,2021-10-31
6216,Brayden,Glad,22380,31751,"Highland, WI",,1285,2024-07-07,0,,ACTIVE,2023 Edgeball Chicago International Open,1264.0,1272.0,2023-10-28,2023-10-29
6222,Imtiaz,Ahmad,72,81224,"Sterling, VA",Northern VA Table Tennis Center (NOVATTC),1284,2022-12-30,1200,2019-07-31,ACTIVE,2017 Edgeball Chicago International Open,1282.0,1291.0,2017-08-12,2017-08-12
6240,Srikar,Kothy,178055,277055,"North Ridgeville, OH",,1282,2024-07-27,0,,ACTIVE,2023 Edgeball Chicago International Open,726.0,704.0,2023-10-28,2023-10-29
6266,Karolis,Abromavicius,124845,223845,,,1277,2023-10-29,1358,2018-08-10,ACTIVE,2023 Edgeball Chicago International Open,0.0,1277.0,2023-10-28,2023-10-29
6311,Dehui Diana,An,181281,1181281,Naperville,,1270,2024-02-04,0,,ACTIVE,2023 Edgeball Chicago International Open,,,2023-10-28,2023-10-29
6349,Paul,Novotny,165238,1165238,Rochester,,1266,2023-11-04,0,,ACTIVE,2023 Edgeball Chicago International Open,1045.0,968.0,2023-10-28,2023-10-29
6349,Paul,Novotny,165238,1165238,Rochester,,1266,2023-11-04,0,,ACTIVE,2022 Edgeball Chicago International Table Tennis Open,1074.0,991.0,2022-10-29,2022-10-30
6398,Abel,Karthik,132560,1132560,"New Albany, OH",,1258,2024-07-27,0,,ACTIVE,2021 Edgeball Chicago International Open,1186.0,1183.0,2021-10-30,2021-10-31
6401,Steve,De Luca,165911,264911,"Saint George, UT",Southern Utah Table Tennis,1257,2022-10-06,0,,ACTIVE,Edgeball Chicago International Table Tennis Open,1335.0,1277.0,2019-10-26,2019-10-27
6413,Jim,Havens,122992,221992,"Lansing, MI",,1256,2024-07-07,0,,ACTIVE,Edgeball Chicago International Table Tennis Open,907.0,904.0,2019-10-26,2019-10-27
6413,Jim,Havens,122992,221992,"Lansing, MI",,1256,2024-07-07,0,,ACTIVE,Edgeball Chicago International Table Tennis Open,644.0,704.0,2018-10-27,2018-10-28
6432,Joe,Bao,120015,219015,"Saint Louis, MO",,1253,2024-02-25,0,,ACTIVE,2022 Edgeball Chicago International Table Tennis Open,1302.0,1246.0,2022-10-29,2022-10-30
6531,Samuel,Cha,178994,277994,"Chicago, IL",,1238,2023-10-29,0,,ACTIVE,2023 Edgeball Chicago International Open,1193.0,1238.0,2023-10-28,2023-10-29
6587,Miguel,Yu,131248,230248,"Bloomington, IL",,1231,2024-05-04,1179,2024-05-21,ACTIVE,Edgeball Chicago International Table Tennis Open,670.0,745.0,2019-10-26,2019-10-27
6587,Miguel,Yu,131248,230248,"Bloomington, IL",,1231,2024-05-04,1179,2024-05-21,ACTIVE,Edgeball Chicago International Table Tennis Open,610.0,607.0,2018-10-27,2018-10-28
6604,Tony,Luong,165821,264821,Fishers,,1228,2023-10-29,1503,2023-10-16,ACTIVE,2023 Edgeball Chicago International Open,1319.0,1228.0,2023-10-28,2023-10-29
6604,Tony,Luong,165821,264821,Fishers,,1228,2023-10-29,1503,2023-10-16,ACTIVE,2022 Edgeball Chicago International Table Tennis Open,1215.0,1223.0,2022-10-29,2022-10-30
6636,Ron,Stevens,7430,95548,"Chicago, IL",Killerspin TTC,1222,2022-10-30,0,,ACTIVE,2022 Edgeball Chicago International Table Tennis Open,1299.0,1222.0,2022-10-29,2022-10-30
6636,Ron,Stevens,7430,95548,"Chicago, IL",Killerspin TTC,1222,2022-10-30,0,,ACTIVE,Edgeball Chicago International Table Tennis Open,1303.0,1306.0,2019-10-26,2019-10-27
6636,Ron,Stevens,7430,95548,"Chicago, IL",Killerspin TTC,1222,2022-10-30,0,,ACTIVE,2017 Edgeball Chicago International Open,1168.0,1282.0,2017-08-12,2017-08-12
6642,Dmitry,Veretenko,177400,1177400,Mundelein,,1222,2024-05-05,0,,ACTIVE,2024 Edgeball Teams Tournament,1170.0,1222.0,2024-05-04,2024-05-05
6642,Dmitry,Veretenko,177400,1177400,Mundelein,,1222,2024-05-05,0,,ACTIVE,2022 Edgeball Chicago International Table Tennis Open,0.0,1169.0,2022-10-29,2022-10-30
6666,Naureen,Sajwani,43991,94443,"Chicago, IL",Chicago Slam Table Tennis Club,1218,2024-04-21,0,,ACTIVE,Edgeball Chicago International Table Tennis Open,960.0,973.0,2019-10-26,2019-10-27
6666,Naureen,Sajwani,43991,94443,"Chicago, IL",Chicago Slam Table Tennis Club,1218,2024-04-21,0,,ACTIVE,Edgeball Chicago International Table Tennis Open,745.0,794.0,2018-10-27,2018-10-28
6666,Naureen,Sajwani,43991,94443,"Chicago, IL",Chicago Slam Table Tennis Club,1218,2024-04-21,0,,ACTIVE,2017 Edgeball Chicago International Open,691.0,699.0,2017-08-12,2017-08-12
6705,Estefania,Duran Carrillo,182379,1182379,Waukegan,,1211,2023-10-29,0,,ACTIVE,2023 Edgeball Chicago International Open,0.0,1211.0,2023-10-28,2023-10-29
6731,Colin,Kenney,103847,202847,"Shorewood, WI",,1208,2024-05-18,0,,ACTIVE,2017 Edgeball Chicago International Open,876.0,924.0,2017-08-12,2017-08-12
6749,Josh,Wu,176816,1176816,"Dubuque, IA",,1205,2023-10-29,0,,ACTIVE,2023 Edgeball Chicago International Open,1189.0,1205.0,2023-10-28,2023-10-29
6749,Josh,Wu,176816,1176816,"Dubuque, IA",,1205,2023-10-29,0,,ACTIVE,2022 Edgeball Chicago International Table Tennis Open,1371.0,1286.0,2022-10-29,2022-10-30
6750,Khateeb,Raza,167860,266860,"Lombard, IL",,1205,2024-07-07,0,,ACTIVE,2023 Edgeball Chicago International Open,1123.0,1104.0,2023-10-28,2023-10-29
6750,Khateeb,Raza,167860,266860,"Lombard, IL",,1205,2024-07-07,0,,ACTIVE,2022 Edgeball Chicago International Table Tennis Open,1109.0,1123.0,2022-10-29,2022-10-30
6750,Khateeb,Raza,167860,266860,"Lombard, IL",,1205,2024-07-07,0,,ACTIVE,Edgeball Chicago International Table Tennis Open,0.0,1109.0,2019-10-26,2019-10-27
6848,Vladimir,Rosenbaum,6625,84449,"Hainesville, IL",Chicago Table Tennis Club - Wheeling Park District Branch ,1191,2024-05-05,0,,ACTIVE,2024 Edgeball Teams Tournament,1243.0,1191.0,2024-05-04,2024-05-05
6848,Vladimir,Rosenbaum,6625,84449,"Hainesville, IL",Chicago Table Tennis Club - Wheeling Park District Branch ,1191,2024-05-05,0,,ACTIVE,2021 Edgeball Chicago International Open,1299.0,1243.0,2021-10-30,2021-10-31
6848,Vladimir,Rosenbaum,6625,84449,"Hainesville, IL",Chicago Table Tennis Club - Wheeling Park District Branch ,1191,2024-05-05,0,,ACTIVE,Edgeball Chicago International Table Tennis Open,1311.0,1299.0,2019-10-26,2019-10-27
6848,Vladimir,Rosenbaum,6625,84449,"Hainesville, IL",Chicago Table Tennis Club - Wheeling Park District Branch ,1191,2024-05-05,0,,ACTIVE,2017 Edgeball Chicago International Open,1239.0,1285.0,2017-08-12,2017-08-12
6848,Vladimir,Rosenbaum,6625,84449,"Hainesville, IL",Chicago Table Tennis Club - Wheeling Park District Branch ,1191,2024-05-05,0,,ACTIVE,2016 Edgeball Chicago International Table Tennis Open,1303.0,1281.0,2016-10-29,2016-10-30
6858,Nilan,Patel,166195,1166195,Geneva,,1189,2024-02-25,0,,ACTIVE,2023 Edgeball Chicago International Open,1258.0,1193.0,2023-10-28,2023-10-29
6858,Nilan,Patel,166195,1166195,Geneva,,1189,2024-02-25,0,,ACTIVE,2022 Edgeball Chicago International Table Tennis Open,1073.0,1053.0,2022-10-29,2022-10-30
6859,Michael,Barshai,122944,221944,Evanston,,1189,2024-02-04,0,,ACTIVE,2023 Edgeball Chicago International Open,648.0,1093.0,2023-10-28,2023-10-29
6864,Sophie,Sharon,130363,229363,Willowbrook,,1188,2024-07-07,759,2020-03-06,ACTIVE,2024 Edgeball Teams Tournament,1321.0,1324.0,2024-05-04,2024-05-05
6864,Sophie,Sharon,130363,229363,Willowbrook,,1188,2024-07-07,759,2020-03-06,ACTIVE,2023 Edgeball Chicago International Open,1167.0,1118.0,2023-10-28,2023-10-29
6864,Sophie,Sharon,130363,229363,Willowbrook,,1188,2024-07-07,759,2020-03-06,ACTIVE,2022 Edgeball Chicago International Table Tennis Open,1108.0,1119.0,2022-10-29,2022-10-30
6864,Sophie,Sharon,130363,229363,Willowbrook,,1188,2024-07-07,759,2020-03-06,ACTIVE,2021 Edgeball Chicago International Open,532.0,817.0,2021-10-30,2021-10-31
6864,Sophie,Sharon,130363,229363,Willowbrook,,1188,2024-07-07,759,2020-03-06,ACTIVE,Edgeball Chicago International Table Tennis Open,528.0,532.0,2019-10-26,2019-10-27
6942,Muhammad,Raheel,182401,1182401,,,1178,2023-10-29,0,,ACTIVE,2023 Edgeball Chicago International Open,0.0,1178.0,2023-10-28,2023-10-29
6996,Kara,Van Hoose,175863,274863,"LITTLETON, CO",,1169,2024-06-15,0,,ACTIVE,2023 Edgeball Chicago International Open,757.0,796.0,2023-10-28,2023-10-29
7031,Stan,Smith,7248,19864,"Birmingham, AL","BumperNets, Inc.",1160,2024-05-04,1202,2020-02-17,ACTIVE,Edgeball Chicago International Table Tennis Open,1112.0,1350.0,2018-10-27,2018-10-28
7044,Sambhav,Jain,182383,1182383,Chicago,,1159,2023-10-29,0,,ACTIVE,2023 Edgeball Chicago International Open,0.0,1159.0,2023-10-28,2023-10-29
7128,Arjun,Rajput,179753,1179753,Chicago,,1146,2024-05-05,0,,ACTIVE,2024 Edgeball Teams Tournament,1076.0,1146.0,2024-05-04,2024-05-05
7128,Arjun,Rajput,179753,1179753,Chicago,,1146,2024-05-05,0,,ACTIVE,2023 Edgeball Chicago International Open,929.0,859.0,2023-10-28,2023-10-29
7140,Darius,Karaliunas,125050,224050,Downers Grove,,1144,2023-10-29,1410,2018-11-09,ACTIVE,2023 Edgeball Chicago International Open,1149.0,1144.0,2023-10-28,2023-10-29
7140,Darius,Karaliunas,125050,224050,Downers Grove,,1144,2023-10-29,1410,2018-11-09,ACTIVE,Edgeball Chicago International Table Tennis Open,1169.0,1149.0,2018-10-27,2018-10-28
7142,Jace,Yan,182464,281464,"Great Neck, NY",Origin Table Tennis Academy,1144,2024-07-28,0,,ACTIVE,2024 Edgeball Teams Tournament,909.0,1138.0,2024-05-04,2024-05-05
7148,Kevin,Alexander,132503,231503,"Fort Collins, CO",,1143,2024-07-07,0,,ACTIVE,2023 Edgeball Chicago International Open,1240.0,1269.0,2023-10-28,2023-10-29
7154,Karthikeyan,Thukkaram,7788,94138,"Lombard, IL",,1142,2024-07-07,1020,2019-02-08,ACTIVE,2021 Edgeball Chicago International Open,1031.0,1079.0,2021-10-30,2021-10-31
7254,Alex,Samoylov,184676,1184676,,,1126,2024-05-05,0,,ACTIVE,2024 Edgeball Teams Tournament,0.0,1126.0,2024-05-04,2024-05-05
7283,Micah,Young,184021,1184021,St. Louis,,1122,2024-05-05,0,,ACTIVE,2024 Edgeball Teams Tournament,1130.0,1122.0,2024-05-04,2024-05-05
7303,Nitin,Fuldeore,164933,1164933,Naperville,,1117,2023-11-26,0,,ACTIVE,2022 Edgeball Chicago International Table Tennis Open,1082.0,1104.0,2022-10-29,2022-10-30
7303,Nitin,Fuldeore,164933,1164933,Naperville,,1117,2023-11-26,0,,ACTIVE,2021 Edgeball Chicago International Open,1151.0,1112.0,2021-10-30,2021-10-31
7328,Artem,Yushko,177272,276272,"Justice, IL",,1114,2024-07-07,0,,ACTIVE,2024 Edgeball Teams Tournament,1168.0,1122.0,2024-05-04,2024-05-05
7360,Ed,Molenda,5360,19152,"Crown Point, IN",,1106,2024-03-17,1162,2021-10-16,ACTIVE,2023 Edgeball Chicago International Open,1090.0,1047.0,2023-10-28,2023-10-29
7360,Ed,Molenda,5360,19152,"Crown Point, IN",,1106,2024-03-17,1162,2021-10-16,ACTIVE,2022 Edgeball Chicago International Table Tennis Open,1159.0,1108.0,2022-10-29,2022-10-30
7360,Ed,Molenda,5360,19152,"Crown Point, IN",,1106,2024-03-17,1162,2021-10-16,ACTIVE,2021 Edgeball Chicago International Open,1146.0,1082.0,2021-10-30,2021-10-31
7360,Ed,Molenda,5360,19152,"Crown Point, IN",,1106,2024-03-17,1162,2021-10-16,ACTIVE,2017 Edgeball Chicago International Open,1176.0,1089.0,2017-08-12,2017-08-12
7388,Jeffrey,Jiao,176801,1176801,"Naperville, IL",,1102,2023-11-26,0,,ACTIVE,2022 Edgeball Chicago International Table Tennis Open,0.0,1581.0,2022-10-29,2022-10-30
7471,Rushang,Mittal,182394,1182394,Saint Louis,,1090,2024-02-25,0,,ACTIVE,2023 Edgeball Chicago International Open,0.0,1090.0,2023-10-28,2023-10-29
7476,Michael,Bukhalo,830,97271,"Glenview, IL",,1089,2023-10-29,0,,ACTIVE,2023 Edgeball Chicago International Open,1089.0,1089.0,2023-10-28,2023-10-29
7484,Adhrit,Kini,167478,1167478,"Naperville, IL",,1087,2024-02-04,0,,ACTIVE,2023 Edgeball Chicago International Open,1127.0,1093.0,2023-10-28,2023-10-29
7484,Adhrit,Kini,167478,1167478,"Naperville, IL",,1087,2024-02-04,0,,ACTIVE,2022 Edgeball Chicago International Table Tennis Open,1053.0,1175.0,2022-10-29,2022-10-30
7484,Adhrit,Kini,167478,1167478,"Naperville, IL",,1087,2024-02-04,0,,ACTIVE,2021 Edgeball Chicago International Open,925.0,905.0,2021-10-30,2021-10-31
7484,Adhrit,Kini,167478,1167478,"Naperville, IL",,1087,2024-02-04,0,,ACTIVE,Edgeball Chicago International Table Tennis Open,340.0,352.0,2019-10-26,2019-10-27
7519,Luca,Franceschini,177231,276231,Park Righe,,1081,2024-03-17,0,,ACTIVE,2023 Edgeball Chicago International Open,961.0,1017.0,2023-10-28,2023-10-29
7563,Chukwuemeka,Onuoha,182397,1182397,,,1072,2023-10-29,0,,ACTIVE,2023 Edgeball Chicago International Open,0.0,1072.0,2023-10-28,2023-10-29
7596,Randy,Pichler,178493,277493,"Brookfield, WI",,1065,2024-06-22,0,,ACTIVE,2023 Edgeball Chicago International Open,947.0,963.0,2023-10-28,2023-10-29
7653,Victor,Cernei,177065,276065,"Wheeling, IL",Experior Table Tennis Club,1054,2024-02-04,0,,ACTIVE,2022 Edgeball Chicago International Table Tennis Open,0.0,883.0,2022-10-29,2022-10-30
7709,Agya,Adueni,176741,275741,"Aurora, IL",,1042,2024-07-07,0,,ACTIVE,2023 Edgeball Chicago International Open,907.0,1063.0,2023-10-28,2023-10-29
7734,Ethan,Chen,180291,1180291,"Naperville, IL",Fox Valley Table Tennis Club,1037,2024-04-21,0,,ACTIVE,2023 Edgeball Chicago International Open,1157.0,1154.0,2023-10-28,2023-10-29
7776,Jesse,Slowikowski,119805,218805,West Peoria,,1028,2024-07-07,0,,ACTIVE,2023 Edgeball Chicago International Open,999.0,906.0,2023-10-28,2023-10-29
7776,Jesse,Slowikowski,119805,218805,West Peoria,,1028,2024-07-07,0,,ACTIVE,2022 Edgeball Chicago International Table Tennis Open,1094.0,999.0,2022-10-29,2022-10-30
7836,Bryan,Ly,182393,1182393,Rosemead,,1015,2024-06-09,0,,ACTIVE,2023 Edgeball Chicago International Open,0.0,729.0,2023-10-28,2023-10-29
7840,Shaurya,Sinha,179751,1179751,Chicago,,1014,2024-07-07,0,,ACTIVE,2024 Edgeball Teams Tournament,909.0,1004.0,2024-05-04,2024-05-05
7847,Robert,Simmons,7152,5034,"Columbia, MO",,1013,2023-12-21,0,,ACTIVE,Edgeball Chicago International Table Tennis Open,1279.0,1146.0,2019-10-26,2019-10-27
7955,Gheorghe,Platon,177066,276066,"Arlington Heights, IL",Experior Table Tennis Club,992,2024-04-21,0,,ACTIVE,2022 Edgeball Chicago International Table Tennis Open,0.0,889.0,2022-10-29,2022-10-30
7989,Volodymyr,Sereda,182404,1182404,Schaumburg,,981,2023-10-29,0,,ACTIVE,2023 Edgeball Chicago International Open,0.0,981.0,2023-10-28,2023-10-29
7994,Tan Thai,Ho,177069,276069,"Fishers, IN",IndyPong TTC,980,2023-10-29,1393,2024-01-22,ACTIVE,2023 Edgeball Chicago International Open,645.0,980.0,2023-10-28,2023-10-29
7994,Tan Thai,Ho,177069,276069,"Fishers, IN",IndyPong TTC,980,2023-10-29,1393,2024-01-22,ACTIVE,2022 Edgeball Chicago International Table Tennis Open,0.0,645.0,2022-10-29,2022-10-30
8017,Borton,Szeto,164934,1164934,Chicago,,974,2023-11-26,0,,ACTIVE,2022 Edgeball Chicago International Table Tennis Open,872.0,892.0,2022-10-29,2022-10-30
8017,Borton,Szeto,164934,1164934,Chicago,,974,2023-11-26,0,,ACTIVE,2021 Edgeball Chicago International Open,947.0,875.0,2021-10-30,2021-10-31
8017,Borton,Szeto,164934,1164934,Chicago,,974,2023-11-26,0,,ACTIVE,Edgeball Chicago International Table Tennis Open,784.0,920.0,2019-10-26,2019-10-27
8022,Tyden,Kellenberger,177377,1177377,Hanna,,974,2024-03-17,0,,ACTIVE,2023 Edgeball Chicago International Open,619.0,650.0,2023-10-28,2023-10-29
8022,Tyden,Kellenberger,177377,1177377,Hanna,,974,2024-03-17,0,,ACTIVE,2022 Edgeball Chicago International Table Tennis Open,0.0,619.0,2022-10-29,2022-10-30
8053,Grazvydas,Svedas,182405,1182405,Lemont,,966,2024-07-07,0,,ACTIVE,2023 Edgeball Chicago International Open,0.0,905.0,2023-10-28,2023-10-29
8057,Dainius,Kasperavitus,181276,1181276,,,965,2023-12-03,0,,ACTIVE,2023 Edgeball Chicago International Open,,,2023-10-28,2023-10-29
8089,John,Kim,182388,1182388,,,958,2024-02-25,0,,ACTIVE,2023 Edgeball Chicago International Open,0.0,954.0,2023-10-28,2023-10-29
8151,Jinho,Hyun,182382,1182382,Madison,,945,2023-10-29,0,,ACTIVE,2023 Edgeball Chicago International Open,0.0,945.0,2023-10-28,2023-10-29
8159,Joseph,Peculis,182399,1182399,Chicago,,944,2024-02-25,0,,ACTIVE,2023 Edgeball Chicago International Open,0.0,907.0,2023-10-28,2023-10-29
8199,Matthew,Chan,1028,90838,"Chicago, IL",,935,2022-10-30,0,,ACTIVE,2022 Edgeball Chicago International Table Tennis Open,840.0,935.0,2022-10-29,2022-10-30
8199,Matthew,Chan,1028,90838,"Chicago, IL",,935,2022-10-30,0,,ACTIVE,2021 Edgeball Chicago International Open,811.0,840.0,2021-10-30,2021-10-31
8220,Brent,Lao,182391,1182391,Peoria,,931,2024-07-07,0,,ACTIVE,2023 Edgeball Chicago International Open,0.0,896.0,2023-10-28,2023-10-29
8234,Mofeoluwa,Oduntan,182395,1182395,,,929,2024-02-25,0,,ACTIVE,2023 Edgeball Chicago International Open,0.0,929.0,2023-10-28,2023-10-29
8294,Siyuan,Ren,182402,1182402,Vernon Hills,,918,2023-12-03,0,,ACTIVE,2023 Edgeball Chicago International Open,0.0,918.0,2023-10-28,2023-10-29
8297,Prayan,Agarwal,177590,1177590,Hinsdale,,917,2024-07-07,0,,ACTIVE,2023 Edgeball Chicago International Open,659.0,624.0,2023-10-28,2023-10-29
8340,Igor,Iushko,182829,1182829,Justice,,909,2024-07-07,0,,ACTIVE,2024 Edgeball Teams Tournament,896.0,873.0,2024-05-04,2024-05-05
8342,Elvin,Lee,177378,1177378,Ames,,909,2024-07-07,0,,ACTIVE,2023 Edgeball Chicago International Open,899.0,899.0,2023-10-28,2023-10-29
8342,Elvin,Lee,177378,1177378,Ames,,909,2024-07-07,0,,ACTIVE,2022 Edgeball Chicago International Table Tennis Open,0.0,711.0,2022-10-29,2022-10-30
8362,Ned,Neuhaus,181238,280238,"Peoria, IL",,905,2023-12-21,0,,ACTIVE,2023 Edgeball Chicago International Open,0.0,409.0,2023-10-28,2023-10-29
8377,Lingyue,Wang,171949,270949,"Chicago, IL",,901,2023-12-03,509,2024-09-03,ACTIVE,2023 Edgeball Chicago International Open,875.0,913.0,2023-10-28,2023-10-29
8388,Svetlana,Darochkina,182378,1182378,Vernon Hills,,899,2024-04-21,0,,ACTIVE,2023 Edgeball Chicago International Open,0.0,884.0,2023-10-28,2023-10-29
8392,Pitchumani,Raja,177391,1177391,,,899,2024-07-07,0,,ACTIVE,2024 Edgeball Teams Tournament,863.0,923.0,2024-05-04,2024-05-05
8392,Pitchumani,Raja,177391,1177391,,,899,2024-07-07,0,,ACTIVE,2023 Edgeball Chicago International Open,844.0,868.0,2023-10-28,2023-10-29
8392,Pitchumani,Raja,177391,1177391,,,899,2024-07-07,0,,ACTIVE,2022 Edgeball Chicago International Table Tennis Open,0.0,580.0,2022-10-29,2022-10-30
8435,Cristino,Canga,119607,218607,"Brookfield, WI",,890,2023-12-21,0,,ACTIVE,2023 Edgeball Chicago International Open,903.0,890.0,2023-10-28,2023-10-29
8435,Cristino,Canga,119607,218607,"Brookfield, WI",,890,2023-12-21,0,,ACTIVE,Edgeball Chicago International Table Tennis Open,967.0,960.0,2018-10-27,2018-10-28
8438,Thomas P.,Mccormack,5099,6655,"La Grande Park, IL",,890,2024-05-05,0,,ACTIVE,2024 Edgeball Teams Tournament,876.0,890.0,2024-05-04,2024-05-05
8438,Thomas P.,Mccormack,5099,6655,"La Grande Park, IL",,890,2024-05-05,0,,ACTIVE,2021 Edgeball Chicago International Open,876.0,876.0,2021-10-30,2021-10-31
8438,Thomas P.,Mccormack,5099,6655,"La Grande Park, IL",,890,2024-05-05,0,,ACTIVE,Edgeball Chicago International Table Tennis Open,877.0,876.0,2019-10-26,2019-10-27
8438,Thomas P.,Mccormack,5099,6655,"La Grande Park, IL",,890,2024-05-05,0,,ACTIVE,2016 Edgeball Chicago International Table Tennis Open,966.0,1009.0,2016-10-29,2016-10-30
8446,Margaret,Liu,184675,1184675,Wheeling,,888,2024-05-05,0,,ACTIVE,2024 Edgeball Teams Tournament,0.0,888.0,2024-05-04,2024-05-05
8457,Jakob,Cornell,182377,1182377,Madison,,885,2023-10-29,0,,ACTIVE,2023 Edgeball Chicago International Open,0.0,885.0,2023-10-28,2023-10-29
8463,Edward,Dubbs,124936,223936,"Evanston, IL",,883,2023-10-29,0,,ACTIVE,2023 Edgeball Chicago International Open,877.0,883.0,2023-10-28,2023-10-29
8481,Roman,Flores,177072,276072,Addison,,879,2024-07-07,0,,ACTIVE,2023 Edgeball Chicago International Open,665.0,657.0,2023-10-28,2023-10-29
8481,Roman,Flores,177072,276072,Addison,,879,2024-07-07,0,,ACTIVE,2022 Edgeball Chicago International Table Tennis Open,0.0,665.0,2022-10-29,2022-10-30
8507,Tom,Hua,177365,1177365,"Naperville, IL",Fox Valley Table Tennis Club,875,2024-07-07,0,,ACTIVE,2023 Edgeball Chicago International Open,854.0,903.0,2023-10-28,2023-10-29
8507,Tom,Hua,177365,1177365,"Naperville, IL",Fox Valley Table Tennis Club,875,2024-07-07,0,,ACTIVE,2022 Edgeball Chicago International Table Tennis Open,0.0,846.0,2022-10-29,2022-10-30
8552,Yansong,Lin,4556,19512,"Long Grove, MI",,864,2024-07-07,0,,ACTIVE,2024 Edgeball Teams Tournament,894.0,883.0,2024-05-04,2024-05-05
8552,Yansong,Lin,4556,19512,"Long Grove, MI",,864,2024-07-07,0,,ACTIVE,2023 Edgeball Chicago International Open,873.0,894.0,2023-10-28,2023-10-29
8552,Yansong,Lin,4556,19512,"Long Grove, MI",,864,2024-07-07,0,,ACTIVE,2021 Edgeball Chicago International Open,925.0,873.0,2021-10-30,2021-10-31
8552,Yansong,Lin,4556,19512,"Long Grove, MI",,864,2024-07-07,0,,ACTIVE,Edgeball Chicago International Table Tennis Open,897.0,925.0,2019-10-26,2019-10-27
8569,John,Chan,167475,1167475,"Villa Park, IL",,859,2024-07-07,1012,2020-02-08,ACTIVE,2023 Edgeball Chicago International Open,938.0,903.0,2023-10-28,2023-10-29
8569,John,Chan,167475,1167475,"Villa Park, IL",,859,2024-07-07,1012,2020-02-08,ACTIVE,Edgeball Chicago International Table Tennis Open,1084.0,1009.0,2019-10-26,2019-10-27
8582,Amgalan,Bayanbat,172377,1172377,Denver,,857,2024-05-19,0,,ACTIVE,2023 Edgeball Chicago International Open,859.0,857.0,2023-10-28,2023-10-29
8596,Katy,Lee,125029,224029,Lombard,,853,2024-07-07,0,,ACTIVE,2024 Edgeball Teams Tournament,857.0,857.0,2024-05-04,2024-05-05
8596,Katy,Lee,125029,224029,Lombard,,853,2024-07-07,0,,ACTIVE,2023 Edgeball Chicago International Open,770.0,720.0,2023-10-28,2023-10-29
8596,Katy,Lee,125029,224029,Lombard,,853,2024-07-07,0,,ACTIVE,2022 Edgeball Chicago International Table Tennis Open,771.0,686.0,2022-10-29,2022-10-30
8596,Katy,Lee,125029,224029,Lombard,,853,2024-07-07,0,,ACTIVE,2021 Edgeball Chicago International Open,387.0,409.0,2021-10-30,2021-10-31
8596,Katy,Lee,125029,224029,Lombard,,853,2024-07-07,0,,ACTIVE,Edgeball Chicago International Table Tennis Open,443.0,429.0,2019-10-26,2019-10-27
8596,Katy,Lee,125029,224029,Lombard,,853,2024-07-07,0,,ACTIVE,Edgeball Chicago International Table Tennis Open,440.0,440.0,2018-10-27,2018-10-28
8615,Jayden,Wang,172348,271348,,,848,2023-05-28,0,,ACTIVE,2021 Edgeball Chicago International Open,0.0,229.0,2021-10-30,2021-10-31
8635,Gajin,Kim,182387,1182387,Ames,,843,2023-10-29,0,,ACTIVE,2023 Edgeball Chicago International Open,0.0,843.0,2023-10-28,2023-10-29
8649,Ankur,Sibal,177593,1177593,"Schaumburg, IL",,840,2024-07-07,0,,ACTIVE,2023 Edgeball Chicago International Open,828.0,851.0,2023-10-28,2023-10-29
8730,Anthony,Enriquez,182380,1182380,Round Lake Beach,,822,2024-05-05,0,,ACTIVE,2024 Edgeball Teams Tournament,880.0,822.0,2024-05-04,2024-05-05
8730,Anthony,Enriquez,182380,1182380,Round Lake Beach,,822,2024-05-05,0,,ACTIVE,2023 Edgeball Chicago International Open,0.0,498.0,2023-10-28,2023-10-29
8743,Arkadiy,Chapkis,184674,1184674,Wheeling,,818,2024-05-05,0,,ACTIVE,2024 Edgeball Teams Tournament,0.0,818.0,2024-05-04,2024-05-05
8753,Ryson John,Arevalo,178620,277620,"Osceola, IN",,815,2024-07-07,0,,ACTIVE,2024 Edgeball Teams Tournament,664.0,842.0,2024-05-04,2024-05-05
8753,Ryson John,Arevalo,178620,277620,"Osceola, IN",,815,2024-07-07,0,,ACTIVE,2023 Edgeball Chicago International Open,650.0,646.0,2023-10-28,2023-10-29
8769,Jakub,Lepold,4334,88245,"Milwaukee, WI",,811,2023-10-29,0,,ACTIVE,2023 Edgeball Chicago International Open,858.0,811.0,2023-10-28,2023-10-29
8769,Jakub,Lepold,4334,88245,"Milwaukee, WI",,811,2023-10-29,0,,ACTIVE,2022 Edgeball Chicago International Table Tennis Open,992.0,987.0,2022-10-29,2022-10-30
8775,Jasmine,Leong,170852,1170852,Buffalo Grove,,809,2023-10-29,0,,ACTIVE,2023 Edgeball Chicago International Open,495.0,809.0,2023-10-28,2023-10-29
8775,Jasmine,Leong,170852,1170852,Buffalo Grove,,809,2023-10-29,0,,ACTIVE,2022 Edgeball Chicago International Table Tennis Open,478.0,495.0,2022-10-29,2022-10-30
8775,Jasmine,Leong,170852,1170852,Buffalo Grove,,809,2023-10-29,0,,ACTIVE,2021 Edgeball Chicago International Open,365.0,478.0,2021-10-30,2021-10-31
8780,Nancy,Calderone,102014,98061,"The Villages, FL",,808,2021-03-21,0,,ACTIVE,2017 Edgeball Chicago International Open,904.0,854.0,2017-08-12,2017-08-12
8818,Frank,Aguilera,67,87881,"Dyer, IN",Highland Table Tennis Center,800,2024-07-07,0,,ACTIVE,2023 Edgeball Chicago International Open,811.0,811.0,2023-10-28,2023-10-29
8818,Frank,Aguilera,67,87881,"Dyer, IN",Highland Table Tennis Center,800,2024-07-07,0,,ACTIVE,2022 Edgeball Chicago International Table Tennis Open,817.0,819.0,2022-10-29,2022-10-30
8818,Frank,Aguilera,67,87881,"Dyer, IN",Highland Table Tennis Center,800,2024-07-07,0,,ACTIVE,Edgeball Chicago International Table Tennis Open,784.0,777.0,2019-10-26,2019-10-27
8818,Frank,Aguilera,67,87881,"Dyer, IN",Highland Table Tennis Center,800,2024-07-07,0,,ACTIVE,Edgeball Chicago International Table Tennis Open,776.0,784.0,2018-10-27,2018-10-28
8818,Frank,Aguilera,67,87881,"Dyer, IN",Highland Table Tennis Center,800,2024-07-07,0,,ACTIVE,2017 Edgeball Chicago International Open,781.0,776.0,2017-08-12,2017-08-12
8859,Dylan,Lewis,168065,267065,NORTHBROOK,,792,2023-11-26,0,,ACTIVE,2021 Edgeball Chicago International Open,374.0,486.0,2021-10-30,2021-10-31
8859,Dylan,Lewis,168065,267065,NORTHBROOK,,792,2023-11-26,0,,ACTIVE,Edgeball Chicago International Table Tennis Open,0.0,374.0,2019-10-26,2019-10-27
8889,Karthikeyan,Praghadeesh,165329,264329,Schamburg,,786,2024-07-07,0,,ACTIVE,2023 Edgeball Chicago International Open,782.0,786.0,2023-10-28,2023-10-29
8889,Karthikeyan,Praghadeesh,165329,264329,Schamburg,,786,2024-07-07,0,,ACTIVE,2022 Edgeball Chicago International Table Tennis Open,650.0,647.0,2022-10-29,2022-10-30
8889,Karthikeyan,Praghadeesh,165329,264329,Schamburg,,786,2024-07-07,0,,ACTIVE,2021 Edgeball Chicago International Open,352.0,610.0,2021-10-30,2021-10-31
8889,Karthikeyan,Praghadeesh,165329,264329,Schamburg,,786,2024-07-07,0,,ACTIVE,Edgeball Chicago International Table Tennis Open,332.0,332.0,2019-10-26,2019-10-27
8934,Bobby,Sloyan,177397,1177397,Saint Louis,,775,2024-02-25,0,,ACTIVE,2023 Edgeball Chicago International Open,653.0,775.0,2023-10-28,2023-10-29
8934,Bobby,Sloyan,177397,1177397,Saint Louis,,775,2024-02-25,0,,ACTIVE,2022 Edgeball Chicago International Table Tennis Open,0.0,653.0,2022-10-29,2022-10-30
8935,Thomas,Pries,182400,1182400,,,774,2023-10-29,0,,ACTIVE,2023 Edgeball Chicago International Open,0.0,774.0,2023-10-28,2023-10-29
9049,Quinton,Smith,124248,223248,"Chicago, IL",Experior Table Tennis Club,745,2023-08-13,0,,ACTIVE,2021 Edgeball Chicago International Open,474.0,520.0,2021-10-30,2021-10-31
9049,Quinton,Smith,124248,223248,"Chicago, IL",Experior Table Tennis Club,745,2023-08-13,0,,ACTIVE,Edgeball Chicago International Table Tennis Open,375.0,374.0,2019-10-26,2019-10-27
9055,Irene,Leong,175628,1175628,Pewaukee,,744,2024-07-07,0,,ACTIVE,2024 Edgeball Teams Tournament,752.0,744.0,2024-05-04,2024-05-05
9055,Irene,Leong,175628,1175628,Pewaukee,,744,2024-07-07,0,,ACTIVE,2023 Edgeball Chicago International Open,674.0,655.0,2023-10-28,2023-10-29
9055,Irene,Leong,175628,1175628,Pewaukee,,744,2024-07-07,0,,ACTIVE,2022 Edgeball Chicago International Table Tennis Open,778.0,721.0,2022-10-29,2022-10-30
9100,Bogdan,Vinichenko,177997,1177997,Sioux Center,,733,2024-04-21,0,,ACTIVE,2023 Edgeball Chicago International Open,449.0,707.0,2023-10-28,2023-10-29
9118,Kaavya,Raja,177392,1177392,,,728,2024-07-07,0,,ACTIVE,2024 Edgeball Teams Tournament,789.0,779.0,2024-05-04,2024-05-05
9118,Kaavya,Raja,177392,1177392,,,728,2024-07-07,0,,ACTIVE,2023 Edgeball Chicago International Open,603.0,595.0,2023-10-28,2023-10-29
9118,Kaavya,Raja,177392,1177392,,,728,2024-07-07,0,,ACTIVE,2022 Edgeball Chicago International Table Tennis Open,0.0,293.0,2022-10-29,2022-10-30
9134,Katie,Blakely,182374,1182374,St. Louis,,724,2024-05-05,0,,ACTIVE,2024 Edgeball Teams Tournament,724.0,724.0,2024-05-04,2024-05-05
9134,Katie,Blakely,182374,1182374,St. Louis,,724,2024-05-05,0,,ACTIVE,2023 Edgeball Chicago International Open,0.0,724.0,2023-10-28,2023-10-29
9166,Jaxon,Vogel,176814,1176814,Oswego,,716,2024-02-25,0,,ACTIVE,2023 Edgeball Chicago International Open,166.0,763.0,2023-10-28,2023-10-29
9212,Siva,Padman,177589,1177589,Aurora,,706,2024-04-21,0,,ACTIVE,2023 Edgeball Chicago International Open,510.0,515.0,2023-10-28,2023-10-29
9218,Daniel,Lin,182474,281474,"Little neck, NY",Origin Table Tennis Academy,705,2024-08-25,0,,ACTIVE,2024 Edgeball Teams Tournament,498.0,787.0,2024-05-04,2024-05-05
9242,Henry,Schiro,151299,250299,"Cedarburg, WI",,696,2023-10-29,0,,ACTIVE,2023 Edgeball Chicago International Open,596.0,696.0,2023-10-28,2023-10-29
9242,Henry,Schiro,151299,250299,"Cedarburg, WI",,696,2023-10-29,0,,ACTIVE,2022 Edgeball Chicago International Table Tennis Open,369.0,461.0,2022-10-29,2022-10-30
9298,Suhaan,Lal,179823,1179823,Englewood,,679,2024-06-15,0,,ACTIVE,2023 Edgeball Chicago International Open,184.0,602.0,2023-10-28,2023-10-29
9300,Damian,Serafym,172210,271210,"Palos Park, IL",Experior Table Tennis Club,679,2023-12-03,0,,ACTIVE,2021 Edgeball Chicago International Open,0.0,570.0,2021-10-30,2021-10-31
9301,Ricky,Chen,121568,220568,Chicago,,679,2023-10-29,0,,ACTIVE,2023 Edgeball Chicago International Open,679.0,679.0,2023-10-28,2023-10-29
9341,Abhishek,Jerome,182384,1182384,Sun Prairie,,669,2024-08-11,0,,ACTIVE,2023 Edgeball Chicago International Open,0.0,672.0,2023-10-28,2023-10-29
9451,David,Tashima,172867,271867,"Palatine, IL",,636,2023-10-29,0,,ACTIVE,2023 Edgeball Chicago International Open,686.0,636.0,2023-10-28,2023-10-29
9451,David,Tashima,172867,271867,"Palatine, IL",,636,2023-10-29,0,,ACTIVE,2022 Edgeball Chicago International Table Tennis Open,656.0,686.0,2022-10-29,2022-10-30
9451,David,Tashima,172867,271867,"Palatine, IL",,636,2023-10-29,0,,ACTIVE,2021 Edgeball Chicago International Open,0.0,656.0,2021-10-30,2021-10-31
9523,Nathaniel,Bott,182375,1182375,,,611,2023-10-29,0,,ACTIVE,2023 Edgeball Chicago International Open,0.0,611.0,2023-10-28,2023-10-29
9553,Michael,Mendelson,177237,276237,Northbrook,,603,2023-10-29,0,,ACTIVE,2023 Edgeball Chicago International Open,565.0,603.0,2023-10-28,2023-10-29
9553,Michael,Mendelson,177237,276237,Northbrook,,603,2023-10-29,0,,ACTIVE,2022 Edgeball Chicago International Table Tennis Open,0.0,422.0,2022-10-29,2022-10-30
9574,Tien,Widjaja,177463,1177463,"Lafayette, CO",,598,2024-06-15,0,,ACTIVE,2023 Edgeball Chicago International Open,108.0,608.0,2023-10-28,2023-10-29
9594,Dennis,Kercher,177254,276254,"Northbrook, IL",,590,2023-08-13,0,,ACTIVE,2022 Edgeball Chicago International Table Tennis Open,0.0,584.0,2022-10-29,2022-10-30
9600,Eric,Zhang,173184,1173184,Vernon Hills,,589,2023-10-29,0,,ACTIVE,2023 Edgeball Chicago International Open,627.0,589.0,2023-10-28,2023-10-29
9600,Eric,Zhang,173184,1173184,Vernon Hills,,589,2023-10-29,0,,ACTIVE,2022 Edgeball Chicago International Table Tennis Open,387.0,627.0,2022-10-29,2022-10-30
9600,Eric,Zhang,173184,1173184,Vernon Hills,,589,2023-10-29,0,,ACTIVE,2021 Edgeball Chicago International Open,0.0,387.0,2021-10-30,2021-10-31
9610,Camryn,Johnson,182386,1182386,,,586,2023-10-29,0,,ACTIVE,2023 Edgeball Chicago International Open,0.0,586.0,2023-10-28,2023-10-29
9615,Julius,Karras,173271,1173271,Cazenovia,,585,2024-07-07,0,,ACTIVE,2023 Edgeball Chicago International Open,621.0,577.0,2023-10-28,2023-10-29
9692,Krishnachandra,Nair,157503,1157503,Aurora,,559,2023-10-29,0,,ACTIVE,2023 Edgeball Chicago International Open,537.0,559.0,2023-10-28,2023-10-29
9709,LEO J,ZHUO,182467,281467,"flushing, NY",Origin Table Tennis Academy,552,2024-09-08,0,,ACTIVE,2024 Edgeball Teams Tournament,107.0,107.0,2024-05-04,2024-05-05
9722,Anelia,Ghods Nahry,176799,1176799,Normal,,547,2022-10-30,0,,ACTIVE,2022 Edgeball Chicago International Table Tennis Open,553.0,547.0,2022-10-29,2022-10-30
9727,Drake,Herman,182381,1182381,Hanna City,,545,2023-10-29,0,,ACTIVE,2023 Edgeball Chicago International Open,0.0,545.0,2023-10-28,2023-10-29
9770,Siddhi,Jain,173161,1173161,Schaumburg,,531,2023-10-29,0,,ACTIVE,2023 Edgeball Chicago International Open,496.0,531.0,2023-10-28,2023-10-29
9770,Siddhi,Jain,173161,1173161,Schaumburg,,531,2023-10-29,0,,ACTIVE,2022 Edgeball Chicago International Table Tennis Open,496.0,496.0,2022-10-29,2022-10-30
9770,Siddhi,Jain,173161,1173161,Schaumburg,,531,2023-10-29,0,,ACTIVE,2021 Edgeball Chicago International Open,0.0,496.0,2021-10-30,2021-10-31
9804,Volodymyr,Gut,104097,203097,"Naperville, IL",,516,2023-10-29,0,,ACTIVE,2023 Edgeball Chicago International Open,508.0,516.0,2023-10-28,2023-10-29
9849,Saugirdas,Komskis,182389,1182389,,,493,2023-10-29,0,,ACTIVE,2023 Edgeball Chicago International Open,0.0,493.0,2023-10-28,2023-10-29
9872,Ryan,Okonski,182396,1182396,Stevensville,,479,2023-10-29,0,,ACTIVE,2023 Edgeball Chicago International Open,0.0,479.0,2023-10-28,2023-10-29
9926,Rex,Casstevens,972,49120,"St. Charles, IL",,455,2018-03-02,0,,ACTIVE,2016 Edgeball Chicago International Table Tennis Open,537.0,537.0,2016-10-29,2016-10-30
9928,Emilia,Wawryniuk,182408,1182408,Chicago,,454,2023-10-29,0,,ACTIVE,2023 Edgeball Chicago International Open,0.0,454.0,2023-10-28,2023-10-29
9944,Lucas,Chen,177357,1177357,Chicago,,445,2023-10-29,0,,ACTIVE,2023 Edgeball Chicago International Open,451.0,445.0,2023-10-28,2023-10-29
9944,Lucas,Chen,177357,1177357,Chicago,,445,2023-10-29,0,,ACTIVE,2022 Edgeball Chicago International Table Tennis Open,0.0,453.0,2022-10-29,2022-10-30
9978,Alexander,Dousmanis,176085,275085,"Des Plaines, IL",,431,2024-05-05,0,,ACTIVE,2024 Edgeball Teams Tournament,427.0,431.0,2024-05-04,2024-05-05
9978,Alexander,Dousmanis,176085,275085,"Des Plaines, IL",,431,2024-05-05,0,,ACTIVE,2023 Edgeball Chicago International Open,471.0,472.0,2023-10-28,2023-10-29
9978,Alexander,Dousmanis,176085,275085,"Des Plaines, IL",,431,2024-05-05,0,,ACTIVE,2022 Edgeball Chicago International Table Tennis Open,534.0,473.0,2022-10-29,2022-10-30
9989,Theodore,Barshai,182372,1182372,Evanston,,426,2023-10-29,0,,ACTIVE,2023 Edgeball Chicago International Open,0.0,426.0,2023-10-28,2023-10-29
10032,Qiyuan (evan),Jiang,182385,1182385,Rochester,,402,2023-11-04,0,,ACTIVE,2023 Edgeball Chicago International Open,0.0,398.0,2023-10-28,2023-10-29
10160,Luyi,Fang,184177,1184177,New Hyde Park,,320,2024-09-08,0,,ACTIVE,2024 Edgeball Teams Tournament,295.0,292.0,2024-05-04,2024-05-05
10171,Kash,Katikala,181438,280438,"Omaha, NE",,312,2024-03-23,0,,ACTIVE,2023 Edgeball Chicago International Open,0.0,319.0,2023-10-28,2023-10-29
10277,Joyi,Fang,184178,1184178,New Hyde Park,,206,2024-09-08,0,,ACTIVE,2024 Edgeball Teams Tournament,200.0,199.0,2024-05-04,2024-05-05
10307,Amy,Roach,173174,1173174,Lavista,,170,2023-10-29,0,,ACTIVE,2023 Edgeball Chicago International Open,162.0,170.0,2023-10-28,2023-10-29
10307,Amy,Roach,173174,1173174,Lavista,,170,2023-10-29,0,,ACTIVE,2022 Edgeball Chicago International Table Tennis Open,172.0,162.0,2022-10-29,2022-10-30
10307,Amy,Roach,173174,1173174,Lavista,,170,2023-10-29,0,,ACTIVE,2021 Edgeball Chicago International Open,0.0,172.0,2021-10-30,2021-10-31
10317,En-Qian,Wu,182409,1182409,Dubuque,,154,2023-10-29,0,,ACTIVE,2023 Edgeball Chicago International Open,0.0,154.0,2023-10-28,2023-10-29
