Rank,First Name,Last Name,Database#,USATT#,Location,Home Club,Tournament Rating,Last Played Tournament,League Rating,Last Played League,Membership Expiration,Tournament,Initial Rating,Final Rating,Start Date,End Date
2,Lei,Kou,165420,1165420,"Milpitas, CA",Kou Lei Table Tennis Club,2810,2024-04-07,2816,2022-08-28,ACTIVE,2023 Joola LA Open,2820.0,2823.0,2023-08-12,2023-08-13
2,Lei,Kou,165420,1165420,"Milpitas, CA",Kou Lei Table Tennis Club,2810,2024-04-07,2816,2022-08-28,ACTIVE,2022 LA Open,2844.0,2836.0,2022-12-10,2022-12-11
2,Lei,Kou,165420,1165420,"Milpitas, CA",Kou Lei Table Tennis Club,2810,2024-04-07,2816,2022-08-28,ACTIVE,2019 Joola LA Open,2682.0,2690.0,2019-08-31,2019-09-01
3,Kanak,Jha,3431,72193,"Milpitas, CA",888 Table Tennis Center,2806,2024-07-07,2737,2017-04-08,ACTIVE,January 2015 NW LA Open,2554.0,2551.0,2015-01-18,
4,Kayama,Yu,185698,1185698,,,2779,2024-08-04,0,,ACTIVE,2024 JOOLA LA Open Table Tennis Tournament,0.0,2779.0,2024-08-03,2024-08-04
5,Jinbao,Ma,121283,220283,"Sunnyvale, CA",,2774,2024-09-02,2723,2022-10-02,ACTIVE,2024 JOOLA LA Open Table Tennis Tournament,2758.0,2782.0,2024-08-03,2024-08-04
5,Jinbao,Ma,121283,220283,"Sunnyvale, CA",,2774,2024-09-02,2723,2022-10-02,ACTIVE,2023 Joola LA Open,2798.0,2795.0,2023-08-12,2023-08-13
5,Jinbao,Ma,121283,220283,"Sunnyvale, CA",,2774,2024-09-02,2723,2022-10-02,ACTIVE,2022 LA Open,2770.0,2798.0,2022-12-10,2022-12-11
5,Jinbao,Ma,121283,220283,"Sunnyvale, CA",,2774,2024-09-02,2723,2022-10-02,ACTIVE,2018 JOOLA LA Open Tournament,2732.0,2736.0,2018-09-01,2018-09-01
6,Taimu,Arinobu,121652,220652,,,2769,2024-08-04,0,,ACTIVE,2024 JOOLA LA Open Table Tennis Tournament,2769.0,2769.0,2024-08-03,2024-08-04
6,Taimu,Arinobu,121652,220652,,,2769,2024-08-04,0,,ACTIVE,2018 JOOLA LA Open Tournament,2799.0,2769.0,2018-09-01,2018-09-01
7,Nikhil,Kumar,3998,84326,"San Jose, CA",888 Table Tennis Center,2753,2024-09-02,2601,2022-08-28,ACTIVE,2023 Joola LA Open,2689.0,2619.0,2023-08-12,2023-08-13
7,Nikhil,Kumar,3998,84326,"San Jose, CA",888 Table Tennis Center,2753,2024-09-02,2601,2022-08-28,ACTIVE,2017 JOOLA LA Open Tournament,2595.0,2606.0,2017-09-02,2017-09-03
7,Nikhil,Kumar,3998,84326,"San Jose, CA",888 Table Tennis Center,2753,2024-09-02,2601,2022-08-28,ACTIVE,2016 Butterfly LA Open Tournament,2532.0,2583.0,2016-09-03,2016-09-04
7,Nikhil,Kumar,3998,84326,"San Jose, CA",888 Table Tennis Center,2753,2024-09-02,2601,2022-08-28,ACTIVE,2014 LA Open Table Tennis Tournament,2227.0,2258.0,2014-08-17,
8,Xin,Zhou,9141,81817,"Milpitas, CA",888 Table Tennis Center,2751,2023-12-21,2667,2022-11-20,ACTIVE,2022 LA Open,2775.0,2769.0,2022-12-10,2022-12-11
8,Xin,Zhou,9141,81817,"Milpitas, CA",888 Table Tennis Center,2751,2023-12-21,2667,2022-11-20,ACTIVE,2013 LA Open Table Tennis Tournament,2689.0,2692.0,2013-09-01,
8,Xin,Zhou,9141,81817,"Milpitas, CA",888 Table Tennis Center,2751,2023-12-21,2667,2022-11-20,ACTIVE,2012 LA Open Butterfly Table Tennis Tournament,2721.0,2721.0,2012-09-02,
8,Xin,Zhou,9141,81817,"Milpitas, CA",888 Table Tennis Center,2751,2023-12-21,2667,2022-11-20,ACTIVE,LA Open TT Tournament 2011,2748.0,2751.0,2011-09-04,
9,Jishan,Liang,4482,86560,"Cary, NC",NC International Table Tennis (NCITT),2746,2024-08-04,2648,2015-06-02,ACTIVE,2012 LA Open Butterfly Table Tennis Tournament,2694.0,2674.0,2012-09-02,
11,Taehyun,Kim,182757,1182757,,,2735,2024-09-08,0,,ACTIVE,2024 JOOLA LA Open Table Tennis Tournament,2797.0,2789.0,2024-08-03,2024-08-04
14,Jinxin,Wang,8266,94609,"Santa Clara, CA",,2718,2024-09-02,0,,ACTIVE,2023 Joola LA Open,2630.0,2639.0,2023-08-12,2023-08-13
14,Jinxin,Wang,8266,94609,"Santa Clara, CA",,2718,2024-09-02,0,,ACTIVE,2019 Joola LA Open,2627.0,2626.0,2019-08-31,2019-09-01
14,Jinxin,Wang,8266,94609,"Santa Clara, CA",,2718,2024-09-02,0,,ACTIVE,2016 Butterfly LA Open Tournament,2708.0,2673.0,2016-09-03,2016-09-04
14,Jinxin,Wang,8266,94609,"Santa Clara, CA",,2718,2024-09-02,0,,ACTIVE,2015 LA Open Table Tennis Tournament,2708.0,2706.0,2015-09-06,
16,Ryohei,Kanoya,115778,214778,,,2711,2024-08-04,0,,ACTIVE,2024 JOOLA LA Open Table Tennis Tournament,2731.0,2711.0,2024-08-03,2024-08-04
16,Ryohei,Kanoya,115778,214778,,,2711,2024-08-04,0,,ACTIVE,2019 Joola LA Open,2730.0,2731.0,2019-08-31,2019-09-01
16,Ryohei,Kanoya,115778,214778,,,2711,2024-08-04,0,,ACTIVE,2018 JOOLA LA Open Tournament,2468.0,2490.0,2018-09-01,2018-09-01
17,Wei,Wang,52059,84431,"San Ramon, FN",,2709,2024-09-02,0,,ACTIVE,2024 JOOLA LA Open Table Tennis Tournament,2704.0,2698.0,2024-08-03,2024-08-04
17,Wei,Wang,52059,84431,"San Ramon, FN",,2709,2024-09-02,0,,ACTIVE,2022 LA Open,2735.0,2738.0,2022-12-10,2022-12-11
18,Wenzhang,Tao,7674,87343,"Santa Clara, CA",888 Table Tennis Center - San Jose,2707,2024-04-28,2669,2022-08-28,ACTIVE,2023 Joola LA Open,2688.0,2686.0,2023-08-12,2023-08-13
18,Wenzhang,Tao,7674,87343,"Santa Clara, CA",888 Table Tennis Center - San Jose,2707,2024-04-28,2669,2022-08-28,ACTIVE,2022 LA Open,2663.0,2628.0,2022-12-10,2022-12-11
18,Wenzhang,Tao,7674,87343,"Santa Clara, CA",888 Table Tennis Center - San Jose,2707,2024-04-28,2669,2022-08-28,ACTIVE,2019 Joola LA Open,2788.0,2778.0,2019-08-31,2019-09-01
18,Wenzhang,Tao,7674,87343,"Santa Clara, CA",888 Table Tennis Center - San Jose,2707,2024-04-28,2669,2022-08-28,ACTIVE,2018 JOOLA LA Open Tournament,2802.0,2798.0,2018-09-01,2018-09-01
18,Wenzhang,Tao,7674,87343,"Santa Clara, CA",888 Table Tennis Center - San Jose,2707,2024-04-28,2669,2022-08-28,ACTIVE,2017 JOOLA LA Open Tournament,2745.0,2754.0,2017-09-02,2017-09-03
18,Wenzhang,Tao,7674,87343,"Santa Clara, CA",888 Table Tennis Center - San Jose,2707,2024-04-28,2669,2022-08-28,ACTIVE,2016 Butterfly LA Open Tournament,2736.0,2730.0,2016-09-03,2016-09-04
18,Wenzhang,Tao,7674,87343,"Santa Clara, CA",888 Table Tennis Center - San Jose,2707,2024-04-28,2669,2022-08-28,ACTIVE,2015 LA Open Table Tennis Tournament,2687.0,2683.0,2015-09-06,
18,Wenzhang,Tao,7674,87343,"Santa Clara, CA",888 Table Tennis Center - San Jose,2707,2024-04-28,2669,2022-08-28,ACTIVE,2014 LA Open Table Tennis Tournament,2773.0,2743.0,2014-08-17,
19,Rajko,Gommers,116762,215762,"-, CA",888 Table Tennis Center,2696,2023-05-29,2665,2022-12-11,ACTIVE,2018 JOOLA LA Open Tournament,2745.0,2743.0,2018-09-01,2018-09-01
20,Daniel,Gorak,166717,1166717,"Tampa, FL",,2692,2024-08-10,0,,ACTIVE,2022 LA Open,2681.0,2677.0,2022-12-10,2022-12-11
21,Bob,Chen,1129,93379,"San Jose, CA",,2688,2019-12-21,2743,2015-06-13,ACTIVE,2019 Joola LA Open,2682.0,2683.0,2019-08-31,2019-09-01
21,Bob,Chen,1129,93379,"San Jose, CA",,2688,2019-12-21,2743,2015-06-13,ACTIVE,2017 JOOLA LA Open Tournament,2736.0,2706.0,2017-09-02,2017-09-03
21,Bob,Chen,1129,93379,"San Jose, CA",,2688,2019-12-21,2743,2015-06-13,ACTIVE,2016 Butterfly LA Open Tournament,2721.0,2721.0,2016-09-03,2016-09-04
21,Bob,Chen,1129,93379,"San Jose, CA",,2688,2019-12-21,2743,2015-06-13,ACTIVE,2015 LA Open Table Tennis Tournament,2746.0,2735.0,2015-09-06,
21,Bob,Chen,1129,93379,"San Jose, CA",,2688,2019-12-21,2743,2015-06-13,ACTIVE,2014 LA Open Table Tennis Tournament,2735.0,2715.0,2014-08-17,
24,Koyo,Kanamitsu,179614,278614,"Milpitas, CA",Kou Lei Table Tennis Club,2678,2024-08-25,0,,ACTIVE,2024 JOOLA LA Open Table Tennis Tournament,2661.0,2666.0,2024-08-03,2024-08-04
24,Koyo,Kanamitsu,179614,278614,"Milpitas, CA",Kou Lei Table Tennis Club,2678,2024-08-25,0,,ACTIVE,2023 Joola LA Open,2527.0,2558.0,2023-08-12,2023-08-13
33,I-Fan,Lin,185688,1185688,,,2652,2024-08-04,0,,ACTIVE,2024 JOOLA LA Open Table Tennis Tournament,0.0,2652.0,2024-08-03,2024-08-04
40,Xiang Jing,Zhang,9053,89338,"Temple City, CA",California Table Tennis,2643,2024-08-04,0,,ACTIVE,2024 JOOLA LA Open Table Tennis Tournament,2644.0,2643.0,2024-08-03,2024-08-04
40,Xiang Jing,Zhang,9053,89338,"Temple City, CA",California Table Tennis,2643,2024-08-04,0,,ACTIVE,2023 Joola LA Open,2709.0,2737.0,2023-08-12,2023-08-13
40,Xiang Jing,Zhang,9053,89338,"Temple City, CA",California Table Tennis,2643,2024-08-04,0,,ACTIVE,2022 LA Open,2701.0,2694.0,2022-12-10,2022-12-11
40,Xiang Jing,Zhang,9053,89338,"Temple City, CA",California Table Tennis,2643,2024-08-04,0,,ACTIVE,2019 Joola LA Open,2682.0,2640.0,2019-08-31,2019-09-01
40,Xiang Jing,Zhang,9053,89338,"Temple City, CA",California Table Tennis,2643,2024-08-04,0,,ACTIVE,2018 JOOLA LA Open Tournament,2653.0,2642.0,2018-09-01,2018-09-01
40,Xiang Jing,Zhang,9053,89338,"Temple City, CA",California Table Tennis,2643,2024-08-04,0,,ACTIVE,OCTTA warm up for LA open,2650.0,2653.0,2018-08-25,2018-08-26
40,Xiang Jing,Zhang,9053,89338,"Temple City, CA",California Table Tennis,2643,2024-08-04,0,,ACTIVE,2017 JOOLA LA Open Tournament,2641.0,2644.0,2017-09-02,2017-09-03
40,Xiang Jing,Zhang,9053,89338,"Temple City, CA",California Table Tennis,2643,2024-08-04,0,,ACTIVE,2016 Butterfly LA Open Tournament,2703.0,2676.0,2016-09-03,2016-09-04
40,Xiang Jing,Zhang,9053,89338,"Temple City, CA",California Table Tennis,2643,2024-08-04,0,,ACTIVE,NW LA Open,2701.0,2709.0,2016-05-01,2016-05-01
40,Xiang Jing,Zhang,9053,89338,"Temple City, CA",California Table Tennis,2643,2024-08-04,0,,ACTIVE,2015 LA Open Table Tennis Tournament,2692.0,2683.0,2015-09-06,
40,Xiang Jing,Zhang,9053,89338,"Temple City, CA",California Table Tennis,2643,2024-08-04,0,,ACTIVE,2014 LA Open Table Tennis Tournament,2713.0,2711.0,2014-08-17,
40,Xiang Jing,Zhang,9053,89338,"Temple City, CA",California Table Tennis,2643,2024-08-04,0,,ACTIVE,2013 LA Open Table Tennis Tournament,2667.0,2666.0,2013-09-01,
41,Jiwei,Xia,8666,86921,"Portland, OR",Paddle Palace Club,2634,2024-09-08,2659,2016-01-30,ACTIVE,2023 Joola LA Open,2614.0,2614.0,2023-08-12,2023-08-13
41,Jiwei,Xia,8666,86921,"Portland, OR",Paddle Palace Club,2634,2024-09-08,2659,2016-01-30,ACTIVE,2015 LA Open Table Tennis Tournament,2670.0,2674.0,2015-09-06,
41,Jiwei,Xia,8666,86921,"Portland, OR",Paddle Palace Club,2634,2024-09-08,2659,2016-01-30,ACTIVE,2014 LA Open Table Tennis Tournament,2666.0,2674.0,2014-08-17,
43,Pu,Zheng,9110,96858,"Fremont, CA",(TTA) Table Tennis America,2633,2022-12-21,2547,2022-02-26,ACTIVE,2017 JOOLA LA Open Tournament,2612.0,2612.0,2017-09-02,2017-09-03
43,Pu,Zheng,9110,96858,"Fremont, CA",(TTA) Table Tennis America,2633,2022-12-21,2547,2022-02-26,ACTIVE,2016 Butterfly LA Open Tournament,2593.0,2612.0,2016-09-03,2016-09-04
43,Pu,Zheng,9110,96858,"Fremont, CA",(TTA) Table Tennis America,2633,2022-12-21,2547,2022-02-26,ACTIVE,2015 LA Open Table Tennis Tournament,2590.0,2594.0,2015-09-06,
45,Kai,Zhang,9027,86637,"Pleasantville, NY",,2630,2024-08-25,2676,2015-06-02,ACTIVE,2022 LA Open,2662.0,2642.0,2022-12-10,2022-12-11
46,Nandan,Naresh,5520,84904,"Lisle, IL",888 Table Tennis Center,2630,2024-08-04,2395,2024-02-04,ACTIVE,2024 JOOLA LA Open Table Tennis Tournament,2632.0,2630.0,2024-08-03,2024-08-04
54,Jiaqi,Zheng,9104,72386,"Fremont, CA",,2601,2018-03-02,2515,2016-07-02,ACTIVE,2015 LA Open Table Tennis Tournament,2557.0,2540.0,2015-09-06,
54,Jiaqi,Zheng,9104,72386,"Fremont, CA",,2601,2018-03-02,2515,2016-07-02,ACTIVE,2013 LA Open Table Tennis Tournament,2559.0,2571.0,2013-09-01,
67,Jeff,Huang,3211,26160,"Temple City, CA",Grace Lin TTC,2588,2018-11-25,2196,2012-09-15,ACTIVE,2014 LA Open Table Tennis Tournament,2552.0,2547.0,2014-08-17,
67,Jeff,Huang,3211,26160,"Temple City, CA",Grace Lin TTC,2588,2018-11-25,2196,2012-09-15,ACTIVE,2013 LA Open Table Tennis Tournament,2528.0,2533.0,2013-09-01,
67,Jeff,Huang,3211,26160,"Temple City, CA",Grace Lin TTC,2588,2018-11-25,2196,2012-09-15,ACTIVE,LA Open TT Tournament 2011,2523.0,2517.0,2011-09-04,
72,Victor,Liu,4657,78385,"San Jose, CA",Silicon Valley Table Tennis Club (SVTTC),2575,2019-07-05,2400,2019-04-06,ACTIVE,2018 JOOLA LA Open Tournament,2581.0,2601.0,2018-09-01,2018-09-01
72,Victor,Liu,4657,78385,"San Jose, CA",Silicon Valley Table Tennis Club (SVTTC),2575,2019-07-05,2400,2019-04-06,ACTIVE,2017 JOOLA LA Open Tournament,2560.0,2560.0,2017-09-02,2017-09-03
72,Victor,Liu,4657,78385,"San Jose, CA",Silicon Valley Table Tennis Club (SVTTC),2575,2019-07-05,2400,2019-04-06,ACTIVE,NW LA Open,2563.0,2558.0,2016-05-01,2016-05-01
72,Victor,Liu,4657,78385,"San Jose, CA",Silicon Valley Table Tennis Club (SVTTC),2575,2019-07-05,2400,2019-04-06,ACTIVE,2014 LA Open Table Tennis Tournament,2273.0,2290.0,2014-08-17,
72,Victor,Liu,4657,78385,"San Jose, CA",Silicon Valley Table Tennis Club (SVTTC),2575,2019-07-05,2400,2019-04-06,ACTIVE,2012 LA Open Butterfly Table Tennis Tournament,2176.0,2189.0,2012-09-02,
73,Lily,Zhang,9030,31126,"Berkeley, CA",(TTA) Table Tennis America,2575,2024-01-28,2447,2022-03-05,ACTIVE,2018 JOOLA LA Open Tournament,2552.0,2533.0,2018-09-01,2018-09-01
79,Zhigao,Si,132275,231275,"Fremont, CA",(TTA) Table Tennis America,2564,2023-12-21,2448,2022-03-12,ACTIVE,2019 Joola LA Open,2517.0,2566.0,2019-08-31,2019-09-01
81,Kewei,Li,4437,89053,"Houston, TX",Houston International Table Tennis Academy (HITTA),2561,2024-08-31,0,,ACTIVE,2018 JOOLA LA Open Tournament,2693.0,2677.0,2018-09-01,2018-09-01
81,Kewei,Li,4437,89053,"Houston, TX",Houston International Table Tennis Academy (HITTA),2561,2024-08-31,0,,ACTIVE,2012 LA Open Butterfly Table Tennis Tournament,0.0,2418.0,2012-09-02,
82,Ved,Sheth,7056,89837,"Fremont, CA",ICC Table Tennis Center,2561,2024-08-25,2444,2024-08-17,ACTIVE,2024 JOOLA LA Open Table Tennis Tournament,2576.0,2575.0,2024-08-03,2024-08-04
82,Ved,Sheth,7056,89837,"Fremont, CA",ICC Table Tennis Center,2561,2024-08-25,2444,2024-08-17,ACTIVE,2019 Joola LA Open,2301.0,2336.0,2019-08-31,2019-09-01
82,Ved,Sheth,7056,89837,"Fremont, CA",ICC Table Tennis Center,2561,2024-08-25,2444,2024-08-17,ACTIVE,2016 Butterfly LA Open Tournament,1975.0,1942.0,2016-09-03,2016-09-04
89,Darryl,Tsao,102323,98262,"Fremont, CA",888 Table Tennis Center,2543,2024-09-02,2536,2024-02-04,ACTIVE,2024 JOOLA LA Open Table Tennis Tournament,2540.0,2541.0,2024-08-03,2024-08-04
89,Darryl,Tsao,102323,98262,"Fremont, CA",888 Table Tennis Center,2543,2024-09-02,2536,2024-02-04,ACTIVE,2023 Joola LA Open,2593.0,2551.0,2023-08-12,2023-08-13
95,Li Ying,Tang,7663,81640,"Rowland Heights, CA",California Table Tennis,2538,2018-03-02,0,,ACTIVE,2017 JOOLA LA Open Tournament,2554.0,2538.0,2017-09-02,2017-09-03
95,Li Ying,Tang,7663,81640,"Rowland Heights, CA",California Table Tennis,2538,2018-03-02,0,,ACTIVE,2016 Butterfly LA Open Tournament,2593.0,2573.0,2016-09-03,2016-09-04
95,Li Ying,Tang,7663,81640,"Rowland Heights, CA",California Table Tennis,2538,2018-03-02,0,,ACTIVE,2015 LA Open Table Tennis Tournament,2580.0,2593.0,2015-09-06,
95,Li Ying,Tang,7663,81640,"Rowland Heights, CA",California Table Tennis,2538,2018-03-02,0,,ACTIVE,2014 LA Open Table Tennis Tournament,2574.0,2580.0,2014-08-17,
95,Li Ying,Tang,7663,81640,"Rowland Heights, CA",California Table Tennis,2538,2018-03-02,0,,ACTIVE,2013 LA Open Table Tennis Tournament,2584.0,2574.0,2013-09-01,
98,Ronald,Lee,170429,1170429,,,2535,2024-06-09,0,,ACTIVE,2023 Joola LA Open,2252.0,2524.0,2023-08-12,2023-08-13
98,Ronald,Lee,170429,1170429,,,2535,2024-06-09,0,,ACTIVE,2022 LA Open,2321.0,2292.0,2022-12-10,2022-12-11
101,Jimmy,Butler,863,4594,"Houston, TX",Houston International Table Tennis Academy (HITTA),2530,2024-07-07,2432,2024-06-29,ACTIVE,2014 LA Open Table Tennis Tournament,2590.0,2585.0,2014-08-17,
102,William,Bai,359,81300,"San Francisco, CA",,2529,2023-09-24,2469,2022-09-04,ACTIVE,2018 JOOLA LA Open Tournament,2442.0,2420.0,2018-09-01,2018-09-01
105,Maggie,Tian,7792,81251,"Fremont, CA",888 Table Tennis Center,2527,2018-03-02,2308,2013-06-30,ACTIVE,2012 LA Open Butterfly Table Tennis Tournament,2367.0,2334.0,2012-09-02,
108,Udaya,Ranasingha,132027,1132027,"El Monte, CA",,2526,2024-09-02,0,,ACTIVE,2024 JOOLA LA Open Table Tennis Tournament,2540.0,2530.0,2024-08-03,2024-08-04
108,Udaya,Ranasingha,132027,1132027,"El Monte, CA",,2526,2024-09-02,0,,ACTIVE,2023 Joola LA Open,2527.0,2522.0,2023-08-12,2023-08-13
108,Udaya,Ranasingha,132027,1132027,"El Monte, CA",,2526,2024-09-02,0,,ACTIVE,2022 LA Open,2554.0,2573.0,2022-12-10,2022-12-11
108,Udaya,Ranasingha,132027,1132027,"El Monte, CA",,2526,2024-09-02,0,,ACTIVE,North - West LA Open,2472.0,2476.0,2020-02-09,2020-02-09
108,Udaya,Ranasingha,132027,1132027,"El Monte, CA",,2526,2024-09-02,0,,ACTIVE,North-West LA Open 2** Tournament,2456.0,2459.0,2019-09-08,2019-09-08
108,Udaya,Ranasingha,132027,1132027,"El Monte, CA",,2526,2024-09-02,0,,ACTIVE,2019 Joola LA Open,2447.0,2456.0,2019-08-31,2019-09-01
108,Udaya,Ranasingha,132027,1132027,"El Monte, CA",,2526,2024-09-02,0,,ACTIVE,North-West LA Open 2** Tournament,2437.0,2430.0,2019-06-16,2019-06-16
108,Udaya,Ranasingha,132027,1132027,"El Monte, CA",,2526,2024-09-02,0,,ACTIVE,North-West La Open 2** Sanctioned Tournament,2423.0,2431.0,2018-11-18,2018-11-18
119,Victor,Xie,8690,93758,"Alameda, CA",888 Table Tennis Center,2515,2024-07-07,2415,2024-04-07,ACTIVE,2023 Joola LA Open,2422.0,2458.0,2023-08-12,2023-08-13
122,Rachel,Sung,7538,82232,"Campbell, CA",ICC Table Tennis Center,2512,2024-07-07,2434,2024-02-04,ACTIVE,2019 Joola LA Open,2427.0,2414.0,2019-08-31,2019-09-01
125,Chance,Friend,2253,31426,"Canton, MN",Minnesota Table Tennis Federation,2511,2024-08-24,2299,2010-10-05,ACTIVE,2013 LA Open Table Tennis Tournament,2484.0,2429.0,2013-09-01,
125,Chance,Friend,2253,31426,"Canton, MN",Minnesota Table Tennis Federation,2511,2024-08-24,2299,2010-10-05,ACTIVE,LA Open TT Tournament 2011,2404.0,2397.0,2011-09-04,
129,Dianren,Wei,113195,212195,"Rosemead, CA",,2507,2024-09-02,2538,2021-05-01,ACTIVE,2023 Joola LA Open,2596.0,2587.0,2023-08-12,2023-08-13
129,Dianren,Wei,113195,212195,"Rosemead, CA",,2507,2024-09-02,2538,2021-05-01,ACTIVE,2022 LA Open,2610.0,2607.0,2022-12-10,2022-12-11
129,Dianren,Wei,113195,212195,"Rosemead, CA",,2507,2024-09-02,2538,2021-05-01,ACTIVE,2019 Joola LA Open,2480.0,2465.0,2019-08-31,2019-09-01
129,Dianren,Wei,113195,212195,"Rosemead, CA",,2507,2024-09-02,2538,2021-05-01,ACTIVE,2017 JOOLA LA Open Tournament,2513.0,2505.0,2017-09-02,2017-09-03
129,Dianren,Wei,113195,212195,"Rosemead, CA",,2507,2024-09-02,2538,2021-05-01,ACTIVE,2016 Butterfly LA Open Tournament,0.0,2574.0,2016-09-03,2016-09-04
130,Sally,Moyland,5431,94880,"Fremont, CA",(TTA) Table Tennis America,2507,2024-05-31,2349,2024-03-10,ACTIVE,2023 Joola LA Open,2542.0,2540.0,2023-08-12,2023-08-13
130,Sally,Moyland,5431,94880,"Fremont, CA",(TTA) Table Tennis America,2507,2024-05-31,2349,2024-03-10,ACTIVE,2017 JOOLA LA Open Tournament,1948.0,1908.0,2017-09-02,2017-09-03
131,Thilina,Piyadasa,40971,75317,"Fountain Valley, CA",Orange County Table Tennis Academy,2506,2018-11-25,2562,2011-11-19,ACTIVE,2012 LA Open Butterfly Table Tennis Tournament,2531.0,2527.0,2012-09-02,
131,Thilina,Piyadasa,40971,75317,"Fountain Valley, CA",Orange County Table Tennis Academy,2506,2018-11-25,2562,2011-11-19,ACTIVE,LA Open TT Tournament 2011,2522.0,2524.0,2011-09-04,
140,Ye,Tian,7793,95248,"Sunnyvale, MA",,2498,2024-07-28,2571,2022-11-06,ACTIVE,2022 LA Open,2637.0,2633.0,2022-12-10,2022-12-11
140,Ye,Tian,7793,95248,"Sunnyvale, MA",,2498,2024-07-28,2571,2022-11-06,ACTIVE,2019 Joola LA Open,2553.0,2578.0,2019-08-31,2019-09-01
140,Ye,Tian,7793,95248,"Sunnyvale, MA",,2498,2024-07-28,2571,2022-11-06,ACTIVE,2018 JOOLA LA Open Tournament,2610.0,2623.0,2018-09-01,2018-09-01
140,Ye,Tian,7793,95248,"Sunnyvale, MA",,2498,2024-07-28,2571,2022-11-06,ACTIVE,2016 Butterfly LA Open Tournament,2551.0,2585.0,2016-09-03,2016-09-04
140,Ye,Tian,7793,95248,"Sunnyvale, MA",,2498,2024-07-28,2571,2022-11-06,ACTIVE,2015 LA Open Table Tennis Tournament,2554.0,2551.0,2015-09-06,
146,Mark,Hazinski,2898,915,"Plano, TX",Fort Worth Table Tennis Club,2494,2023-03-19,0,,ACTIVE,LA Open TT Tournament 2011,2609.0,2609.0,2011-09-04,
147,Fukuhara,Akio,178071,1178071,Saitama,,2494,2024-08-25,0,,ACTIVE,2024 JOOLA LA Open Table Tennis Tournament,2495.0,2514.0,2024-08-03,2024-08-04
153,Youruo,Wu,53820,90353,"Milpitas, CA",,2489,2024-08-04,2065,2015-07-24,ACTIVE,2024 JOOLA LA Open Table Tennis Tournament,2487.0,2489.0,2024-08-03,2024-08-04
155,Dongheon,Lee,182766,281766,,,2485,2024-09-02,2365,2024-04-14,ACTIVE,2024 JOOLA LA Open Table Tennis Tournament,2476.0,2492.0,2024-08-03,2024-08-04
157,Nishant,Lebaka,121808,220808,"Somerset, NJ",Lily Yip Table Tennis Center,2484,2024-08-04,2529,2024-05-31,ACTIVE,2024 JOOLA LA Open Table Tennis Tournament,2483.0,2484.0,2024-08-03,2024-08-04
158,Lingshuai,Meng,5190,94011,"Bellevue, WA",,2482,2023-09-10,0,,ACTIVE,2023 Joola LA Open,2523.0,2516.0,2023-08-12,2023-08-13
163,Kheith Rhynne,Cruz,173760,1173760,Manila,,2479,2024-09-02,2411,2024-06-09,ACTIVE,2024 JOOLA LA Open Table Tennis Tournament,2497.0,2486.0,2024-08-03,2024-08-04
164,Yue,Wu,8655,78882,"Suwanee, GA",Wu Yue Table Tennis,2478,2020-10-01,0,,ACTIVE,LA Open TT Tournament 2011,2555.0,2559.0,2011-09-04,
167,Aziz,Zarehbin,8974,91906,"Oakland, CA",ICC Table Tennis Center,2472,2024-08-04,2389,2024-01-07,ACTIVE,2024 JOOLA LA Open Table Tennis Tournament,2499.0,2472.0,2024-08-03,2024-08-04
167,Aziz,Zarehbin,8974,91906,"Oakland, CA",ICC Table Tennis Center,2472,2024-08-04,2389,2024-01-07,ACTIVE,2019 Joola LA Open,2357.0,2355.0,2019-08-31,2019-09-01
167,Aziz,Zarehbin,8974,91906,"Oakland, CA",ICC Table Tennis Center,2472,2024-08-04,2389,2024-01-07,ACTIVE,2018 JOOLA LA Open Tournament,2307.0,2291.0,2018-09-01,2018-09-01
167,Aziz,Zarehbin,8974,91906,"Oakland, CA",ICC Table Tennis Center,2472,2024-08-04,2389,2024-01-07,ACTIVE,2017 JOOLA LA Open Tournament,2130.0,2115.0,2017-09-02,2017-09-03
172,Won,Bae,182328,281328,,888 Table Tennis Center,2465,2024-08-04,2488,2024-04-07,ACTIVE,2024 JOOLA LA Open Table Tennis Tournament,2472.0,2465.0,2024-08-03,2024-08-04
183,Shivansh,Kumar,30267,72381,"Fremont, CA",,2455,2018-03-02,2169,2024-02-19,ACTIVE,2014 LA Open Table Tennis Tournament,2450.0,2451.0,2014-08-17,
184,Timothy,Wang,8312,18537,"castle pines, CO",Mile High Table Tennis Academy,2455,2024-04-28,2405,2020-02-22,ACTIVE,2018 JOOLA LA Open Tournament,2579.0,2575.0,2018-09-01,2018-09-01
184,Timothy,Wang,8312,18537,"castle pines, CO",Mile High Table Tennis Academy,2455,2024-04-28,2405,2020-02-22,ACTIVE,2014 LA Open Table Tennis Tournament,2622.0,2648.0,2014-08-17,
184,Timothy,Wang,8312,18537,"castle pines, CO",Mile High Table Tennis Academy,2455,2024-04-28,2405,2020-02-22,ACTIVE,2013 LA Open Table Tennis Tournament,2622.0,2623.0,2013-09-01,
184,Timothy,Wang,8312,18537,"castle pines, CO",Mile High Table Tennis Academy,2455,2024-04-28,2405,2020-02-22,ACTIVE,2012 LA Open Butterfly Table Tennis Tournament,2581.0,2597.0,2012-09-02,
184,Timothy,Wang,8312,18537,"castle pines, CO",Mile High Table Tennis Academy,2455,2024-04-28,2405,2020-02-22,ACTIVE,LA Open TT Tournament 2011,2566.0,2564.0,2011-09-04,
186,Angela,Guan,2664,77760,"San Jose, CA",Silicon Valley Table Tennis Club (SVTTC),2454,2024-09-02,2383,2020-02-23,ACTIVE,2015 LA Open Table Tennis Tournament,2357.0,2355.0,2015-09-06,
187,Boliang,Lyu,116368,215368,"Pleasanton, CA",Micro Motion Table Tennis Academy,2454,2022-08-14,0,,ACTIVE,2019 Joola LA Open,2373.0,2375.0,2019-08-31,2019-09-01
189,Ted,Li,4453,89340,"San Diego, CA",Learning Tree Table Tennis Club,2453,2022-09-04,2134,2024-07-12,ACTIVE,2017 JOOLA LA Open Tournament,2298.0,2322.0,2017-09-02,2017-09-03
189,Ted,Li,4453,89340,"San Diego, CA",Learning Tree Table Tennis Club,2453,2022-09-04,2134,2024-07-12,ACTIVE,2016 Butterfly LA Open Tournament,2154.0,2163.0,2016-09-03,2016-09-04
189,Ted,Li,4453,89340,"San Diego, CA",Learning Tree Table Tennis Club,2453,2022-09-04,2134,2024-07-12,ACTIVE,2015 LA Open Table Tennis Tournament,2065.0,2046.0,2015-09-06,
189,Ted,Li,4453,89340,"San Diego, CA",Learning Tree Table Tennis Club,2453,2022-09-04,2134,2024-07-12,ACTIVE,2013 LA Open Table Tennis Tournament,1353.0,1559.0,2013-09-01,
193,Omid,Bashiri,185142,284142,"Las Vegas, NV",,2451,2024-08-04,0,,ACTIVE,2024 JOOLA LA Open Table Tennis Tournament,0.0,2451.0,2024-08-03,2024-08-04
195,Aditya,Godhwani,2474,82768,"Fremont, CA",(TTA) Table Tennis America,2446,2024-07-07,2308,2024-08-25,ACTIVE,2022 LA Open,2414.0,2414.0,2022-12-10,2022-12-11
195,Aditya,Godhwani,2474,82768,"Fremont, CA",(TTA) Table Tennis America,2446,2024-07-07,2308,2024-08-25,ACTIVE,2017 JOOLA LA Open Tournament,2277.0,2428.0,2017-09-02,2017-09-03
195,Aditya,Godhwani,2474,82768,"Fremont, CA",(TTA) Table Tennis America,2446,2024-07-07,2308,2024-08-25,ACTIVE,2016 Butterfly LA Open Tournament,2279.0,2315.0,2016-09-03,2016-09-04
195,Aditya,Godhwani,2474,82768,"Fremont, CA",(TTA) Table Tennis America,2446,2024-07-07,2308,2024-08-25,ACTIVE,2015 LA Open Table Tennis Tournament,2171.0,2149.0,2015-09-06,
195,Aditya,Godhwani,2474,82768,"Fremont, CA",(TTA) Table Tennis America,2446,2024-07-07,2308,2024-08-25,ACTIVE,2014 LA Open Table Tennis Tournament,1969.0,1962.0,2014-08-17,
196,Bryant,Lin,4525,82782,"Alameda, CA",Alameda Table Tennis Club (ATTC),2445,2024-09-02,2365,2024-06-09,ACTIVE,2019 Joola LA Open,2354.0,2345.0,2019-08-31,2019-09-01
196,Bryant,Lin,4525,82782,"Alameda, CA",Alameda Table Tennis Club (ATTC),2445,2024-09-02,2365,2024-06-09,ACTIVE,2017 JOOLA LA Open Tournament,2430.0,2442.0,2017-09-02,2017-09-03
196,Bryant,Lin,4525,82782,"Alameda, CA",Alameda Table Tennis Club (ATTC),2445,2024-09-02,2365,2024-06-09,ACTIVE,2013 LA Open Table Tennis Tournament,2321.0,2291.0,2013-09-01,
196,Bryant,Lin,4525,82782,"Alameda, CA",Alameda Table Tennis Club (ATTC),2445,2024-09-02,2365,2024-06-09,ACTIVE,2012 LA Open Butterfly Table Tennis Tournament,2293.0,2284.0,2012-09-02,
197,Samson,Dubina,1866,9051,"Akron, OH",Samson Dubina Table Tennis Academy,2443,2020-03-08,2432,2016-01-23,ACTIVE,2012 LA Open Butterfly Table Tennis Tournament,2418.0,2354.0,2012-09-02,
197,Samson,Dubina,1866,9051,"Akron, OH",Samson Dubina Table Tennis Academy,2443,2020-03-08,2432,2016-01-23,ACTIVE,LA Open TT Tournament 2011,2459.0,2450.0,2011-09-04,
199,Timothy,Choi,184762,283762,"New York, NY",,2443,2024-08-04,0,,ACTIVE,2024 JOOLA LA Open Table Tennis Tournament,2348.0,2443.0,2024-08-03,2024-08-04
200,Krishnateja,Avvari,318,72387,"Fremont, CA",ICC Table Tennis Center,2441,2024-07-28,2382,2024-03-09,ACTIVE,2019 Joola LA Open,2461.0,2453.0,2019-08-31,2019-09-01
200,Krishnateja,Avvari,318,72387,"Fremont, CA",ICC Table Tennis Center,2441,2024-07-28,2382,2024-03-09,ACTIVE,2017 JOOLA LA Open Tournament,2587.0,2615.0,2017-09-02,2017-09-03
200,Krishnateja,Avvari,318,72387,"Fremont, CA",ICC Table Tennis Center,2441,2024-07-28,2382,2024-03-09,ACTIVE,2016 Butterfly LA Open Tournament,2626.0,2613.0,2016-09-03,2016-09-04
200,Krishnateja,Avvari,318,72387,"Fremont, CA",ICC Table Tennis Center,2441,2024-07-28,2382,2024-03-09,ACTIVE,2012 LA Open Butterfly Table Tennis Tournament,2273.0,2281.0,2012-09-02,
200,Krishnateja,Avvari,318,72387,"Fremont, CA",ICC Table Tennis Center,2441,2024-07-28,2382,2024-03-09,ACTIVE,LA Open TT Tournament 2011,2266.0,2311.0,2011-09-04,
201,Yibiao,Qi,178102,1178102,"Katy, TX",Houston International Table Tennis Academy,2440,2024-08-11,0,,ACTIVE,2024 JOOLA LA Open Table Tennis Tournament,2482.0,2444.0,2024-08-03,2024-08-04
206,Yue,Li,122414,221414,CA,ICC Table Tennis Center,2434,2022-12-04,2390,2021-12-11,ACTIVE,2012 LA Open Butterfly Table Tennis Tournament,0.0,2394.0,2012-09-02,
208,Takato,Tsuchiya,173539,1173539,Northridge,,2434,2024-08-25,0,,ACTIVE,2024 JOOLA LA Open Table Tennis Tournament,2385.0,2410.0,2024-08-03,2024-08-04
210,Earl James,Alto,154,22497,"San Diego, CA",Learning Tree Table Tennis Club,2431,2024-08-25,2404,2024-07-19,ACTIVE,2017 JOOLA LA Open Tournament,2439.0,2404.0,2017-09-02,2017-09-03
210,Earl James,Alto,154,22497,"San Diego, CA",Learning Tree Table Tennis Club,2431,2024-08-25,2404,2024-07-19,ACTIVE,2016 Butterfly LA Open Tournament,2472.0,2442.0,2016-09-03,2016-09-04
210,Earl James,Alto,154,22497,"San Diego, CA",Learning Tree Table Tennis Club,2431,2024-08-25,2404,2024-07-19,ACTIVE,2015 LA Open Table Tennis Tournament,2382.0,2391.0,2015-09-06,
210,Earl James,Alto,154,22497,"San Diego, CA",Learning Tree Table Tennis Club,2431,2024-08-25,2404,2024-07-19,ACTIVE,2014 LA Open Table Tennis Tournament,2410.0,2407.0,2014-08-17,
210,Earl James,Alto,154,22497,"San Diego, CA",Learning Tree Table Tennis Club,2431,2024-08-25,2404,2024-07-19,ACTIVE,2013 LA Open Table Tennis Tournament,2350.0,2381.0,2013-09-01,
210,Earl James,Alto,154,22497,"San Diego, CA",Learning Tree Table Tennis Club,2431,2024-08-25,2404,2024-07-19,ACTIVE,2012 LA Open Butterfly Table Tennis Tournament,2401.0,2382.0,2012-09-02,
210,Earl James,Alto,154,22497,"San Diego, CA",Learning Tree Table Tennis Club,2431,2024-08-25,2404,2024-07-19,ACTIVE,LA Open TT Tournament 2011,2376.0,2379.0,2011-09-04,
213,Yeonryeong,Kim,177734,276734,,,2429,2024-02-19,0,,ACTIVE,2022 LA Open,0.0,2316.0,2022-12-10,2022-12-11
215,Shuja,Jafar,3383,59942,"Union City, CA",Silicon Valley Table Tennis Club (SVTTC),2428,2018-05-31,2008,2024-07-20,ACTIVE,2016 Butterfly LA Open Tournament,2248.0,2239.0,2016-09-03,2016-09-04
215,Shuja,Jafar,3383,59942,"Union City, CA",Silicon Valley Table Tennis Club (SVTTC),2428,2018-05-31,2008,2024-07-20,ACTIVE,2015 LA Open Table Tennis Tournament,2345.0,2312.0,2015-09-06,
215,Shuja,Jafar,3383,59942,"Union City, CA",Silicon Valley Table Tennis Club (SVTTC),2428,2018-05-31,2008,2024-07-20,ACTIVE,2013 LA Open Table Tennis Tournament,2272.0,2288.0,2013-09-01,
215,Shuja,Jafar,3383,59942,"Union City, CA",Silicon Valley Table Tennis Club (SVTTC),2428,2018-05-31,2008,2024-07-20,ACTIVE,2012 LA Open Butterfly Table Tennis Tournament,2225.0,2322.0,2012-09-02,
224,Yedam,Kim,177510,276510,Burlingame,,2421,2023-09-04,0,,ACTIVE,2022 LA Open,2018.0,2017.0,2022-12-10,2022-12-11
226,Zihao (justin),Huang,3241,75749,"Dublin, CA",Micro Motion Table Tennis Academy,2420,2024-05-18,2373,2022-10-29,ACTIVE,2015 LA Open Table Tennis Tournament,2378.0,2405.0,2015-09-06,
226,Zihao (justin),Huang,3241,75749,"Dublin, CA",Micro Motion Table Tennis Academy,2420,2024-05-18,2373,2022-10-29,ACTIVE,2014 LA Open Table Tennis Tournament,2474.0,2433.0,2014-08-17,
226,Zihao (justin),Huang,3241,75749,"Dublin, CA",Micro Motion Table Tennis Academy,2420,2024-05-18,2373,2022-10-29,ACTIVE,NW LA Open,2450.0,2474.0,2014-05-04,
226,Zihao (justin),Huang,3241,75749,"Dublin, CA",Micro Motion Table Tennis Academy,2420,2024-05-18,2373,2022-10-29,ACTIVE,NW LA Open,2446.0,2464.0,2014-01-19,
226,Zihao (justin),Huang,3241,75749,"Dublin, CA",Micro Motion Table Tennis Academy,2420,2024-05-18,2373,2022-10-29,ACTIVE,North-West LA Open,2433.0,2438.0,2013-09-15,
226,Zihao (justin),Huang,3241,75749,"Dublin, CA",Micro Motion Table Tennis Academy,2420,2024-05-18,2373,2022-10-29,ACTIVE,2013 LA Open Table Tennis Tournament,2428.0,2433.0,2013-09-01,
226,Zihao (justin),Huang,3241,75749,"Dublin, CA",Micro Motion Table Tennis Academy,2420,2024-05-18,2373,2022-10-29,ACTIVE,2012 LA Open Butterfly Table Tennis Tournament,2409.0,2385.0,2012-09-02,
229,Diwei,Shi,7059,89048,"Katy, TX",Houston International Table Tennis Academy (HITTA),2418,2024-03-17,0,,ACTIVE,2012 LA Open Butterfly Table Tennis Tournament,0.0,2342.0,2012-09-02,
232,Alex,Luo,103029,202029,"Dublin, CA",(TTA) Table Tennis America,2415,2024-09-02,2327,2024-08-18,ACTIVE,2024 JOOLA LA Open Table Tennis Tournament,2444.0,2434.0,2024-08-03,2024-08-04
236,Zaman,Molla,5363,77031,"Newport Beach, CA",Alameda Table Tennis Club (ATTC),2414,2024-06-02,2572,2013-08-12,ACTIVE,2019 Joola LA Open,2511.0,2495.0,2019-08-31,2019-09-01
236,Zaman,Molla,5363,77031,"Newport Beach, CA",Alameda Table Tennis Club (ATTC),2414,2024-06-02,2572,2013-08-12,ACTIVE,North-West LA Open 2** Tournament,2468.0,2475.0,2019-06-16,2019-06-16
236,Zaman,Molla,5363,77031,"Newport Beach, CA",Alameda Table Tennis Club (ATTC),2414,2024-06-02,2572,2013-08-12,ACTIVE,North-West La Open 2** Tournament,2311.0,2329.0,2019-04-28,2019-04-28
236,Zaman,Molla,5363,77031,"Newport Beach, CA",Alameda Table Tennis Club (ATTC),2414,2024-06-02,2572,2013-08-12,ACTIVE,North-West LA Open 2** Tournament,2325.0,2325.0,2019-01-20,2019-01-20
236,Zaman,Molla,5363,77031,"Newport Beach, CA",Alameda Table Tennis Club (ATTC),2414,2024-06-02,2572,2013-08-12,ACTIVE,2018 JOOLA LA Open Tournament,2483.0,2348.0,2018-09-01,2018-09-01
236,Zaman,Molla,5363,77031,"Newport Beach, CA",Alameda Table Tennis Club (ATTC),2414,2024-06-02,2572,2013-08-12,ACTIVE,OCTTA warm up for LA open,2493.0,2483.0,2018-08-25,2018-08-26
236,Zaman,Molla,5363,77031,"Newport Beach, CA",Alameda Table Tennis Club (ATTC),2414,2024-06-02,2572,2013-08-12,ACTIVE,North West LA Open,2416.0,2426.0,2017-01-15,2017-01-15
236,Zaman,Molla,5363,77031,"Newport Beach, CA",Alameda Table Tennis Club (ATTC),2414,2024-06-02,2572,2013-08-12,ACTIVE,2016 Butterfly LA Open Tournament,2475.0,2468.0,2016-09-03,2016-09-04
236,Zaman,Molla,5363,77031,"Newport Beach, CA",Alameda Table Tennis Club (ATTC),2414,2024-06-02,2572,2013-08-12,ACTIVE,NW LA Open,2469.0,2470.0,2016-05-01,2016-05-01
236,Zaman,Molla,5363,77031,"Newport Beach, CA",Alameda Table Tennis Club (ATTC),2414,2024-06-02,2572,2013-08-12,ACTIVE,NW LA Open,2530.0,2530.0,2015-11-15,
236,Zaman,Molla,5363,77031,"Newport Beach, CA",Alameda Table Tennis Club (ATTC),2414,2024-06-02,2572,2013-08-12,ACTIVE,NW LA Open,2583.0,2583.0,2015-05-03,
236,Zaman,Molla,5363,77031,"Newport Beach, CA",Alameda Table Tennis Club (ATTC),2414,2024-06-02,2572,2013-08-12,ACTIVE,NW LA Open,2575.0,2576.0,2014-11-16,
236,Zaman,Molla,5363,77031,"Newport Beach, CA",Alameda Table Tennis Club (ATTC),2414,2024-06-02,2572,2013-08-12,ACTIVE,NW LA Open,2573.0,2575.0,2014-09-14,
236,Zaman,Molla,5363,77031,"Newport Beach, CA",Alameda Table Tennis Club (ATTC),2414,2024-06-02,2572,2013-08-12,ACTIVE,2014 LA Open Table Tennis Tournament,2567.0,2573.0,2014-08-17,
236,Zaman,Molla,5363,77031,"Newport Beach, CA",Alameda Table Tennis Club (ATTC),2414,2024-06-02,2572,2013-08-12,ACTIVE,NW LA Open,2503.0,2491.0,2014-05-04,
236,Zaman,Molla,5363,77031,"Newport Beach, CA",Alameda Table Tennis Club (ATTC),2414,2024-06-02,2572,2013-08-12,ACTIVE,NW LA Open,2470.0,2461.0,2014-01-19,
236,Zaman,Molla,5363,77031,"Newport Beach, CA",Alameda Table Tennis Club (ATTC),2414,2024-06-02,2572,2013-08-12,ACTIVE,2013 LA Open Table Tennis Tournament,2525.0,2513.0,2013-09-01,
236,Zaman,Molla,5363,77031,"Newport Beach, CA",Alameda Table Tennis Club (ATTC),2414,2024-06-02,2572,2013-08-12,ACTIVE,2012 LA Open Butterfly Table Tennis Tournament,2597.0,2617.0,2012-09-02,
236,Zaman,Molla,5363,77031,"Newport Beach, CA",Alameda Table Tennis Club (ATTC),2414,2024-06-02,2572,2013-08-12,ACTIVE,LA Open TT Tournament 2011,2580.0,2603.0,2011-09-04,
237,John James,Alto,155,30755,"San Diego, CA",Learning Tree Table Tennis Club,2413,2024-08-04,2344,2024-07-12,ACTIVE,2024 JOOLA LA Open Table Tennis Tournament,2420.0,2413.0,2024-08-03,2024-08-04
238,Kai,Zarehbin,8975,91905,"Oakland, CA",ICC Table Tennis Center,2411,2024-08-25,2279,2024-07-20,ACTIVE,2024 JOOLA LA Open Table Tennis Tournament,2438.0,2429.0,2024-08-03,2024-08-04
238,Kai,Zarehbin,8975,91905,"Oakland, CA",ICC Table Tennis Center,2411,2024-08-25,2279,2024-07-20,ACTIVE,2022 LA Open,2429.0,2430.0,2022-12-10,2022-12-11
238,Kai,Zarehbin,8975,91905,"Oakland, CA",ICC Table Tennis Center,2411,2024-08-25,2279,2024-07-20,ACTIVE,2018 JOOLA LA Open Tournament,2302.0,2355.0,2018-09-01,2018-09-01
238,Kai,Zarehbin,8975,91905,"Oakland, CA",ICC Table Tennis Center,2411,2024-08-25,2279,2024-07-20,ACTIVE,2017 JOOLA LA Open Tournament,2206.0,2225.0,2017-09-02,2017-09-03
239,Xiaohua,Cui,164234,1164234,"San Francisco, CA",Peninsula Table Tennis Club,2410,2024-06-22,2484,2022-12-11,ACTIVE,2019 Joola LA Open,2319.0,2315.0,2019-08-31,2019-09-01
243,Greg,Bartz,11466,110466,"Edgewater, NJ",Han-In Table Tennis Club,2409,2024-07-07,2500,2024-06-21,ACTIVE,2019 Joola LA Open,2379.0,2405.0,2019-08-31,2019-09-01
258,Andres,Avila,313,80711,"Monterrey, MEX",,2393,2024-05-25,0,,ACTIVE,2015 LA Open Table Tennis Tournament,2352.0,2368.0,2015-09-06,
258,Andres,Avila,313,80711,"Monterrey, MEX",,2393,2024-05-25,0,,ACTIVE,2014 LA Open Table Tennis Tournament,2323.0,2352.0,2014-08-17,
264,Ethan,Liu,4607,91756,"Albany, CA",888 Table Tennis Center,2389,2024-09-02,2294,2023-08-27,ACTIVE,2024 JOOLA LA Open Table Tennis Tournament,2422.0,2390.0,2024-08-03,2024-08-04
266,Daniel,Ng,5591,88317,"Duluth, GA",,2388,2023-11-26,2305,2019-04-06,ACTIVE,2015 LA Open Table Tennis Tournament,2018.0,1981.0,2015-09-06,
272,Yixiao,Wang,52102,94538,"Fremont, CA",(TTA) Table Tennis America,2383,2024-06-16,2381,2024-04-14,ACTIVE,2015 LA Open Table Tennis Tournament,2385.0,2382.0,2015-09-06,
275,Crystal,Liu,4601,97611,"San Diego, CA",,2381,2024-06-09,2231,2024-05-31,ACTIVE,2023 Joola LA Open,2312.0,2277.0,2023-08-12,2023-08-13
275,Crystal,Liu,4601,97611,"San Diego, CA",,2381,2024-06-09,2231,2024-05-31,ACTIVE,2022 LA Open,2388.0,2358.0,2022-12-10,2022-12-11
275,Crystal,Liu,4601,97611,"San Diego, CA",,2381,2024-06-09,2231,2024-05-31,ACTIVE,2019 Joola LA Open,2013.0,2038.0,2019-08-31,2019-09-01
275,Crystal,Liu,4601,97611,"San Diego, CA",,2381,2024-06-09,2231,2024-05-31,ACTIVE,2018 JOOLA LA Open Tournament,1899.0,1818.0,2018-09-01,2018-09-01
275,Crystal,Liu,4601,97611,"San Diego, CA",,2381,2024-06-09,2231,2024-05-31,ACTIVE,2017 JOOLA LA Open Tournament,1216.0,1402.0,2017-09-02,2017-09-03
275,Crystal,Liu,4601,97611,"San Diego, CA",,2381,2024-06-09,2231,2024-05-31,ACTIVE,2016 Butterfly LA Open Tournament,947.0,1144.0,2016-09-03,2016-09-04
279,Kayla,Goodwin,2552,92550,"Englewood, FL",Tampa TTC,2378,2024-07-28,2192,2024-01-07,ACTIVE,2016 Butterfly LA Open Tournament,878.0,1355.0,2016-09-03,2016-09-04
285,Jessica,Reyes-Lai,182942,281942,"Woodinville, WA",,2373,2024-08-04,2250,2023-12-30,ACTIVE,2024 JOOLA LA Open Table Tennis Tournament,2374.0,2373.0,2024-08-03,2024-08-04
286,Wantong,Liu,4667,84582,"Katy, TX",Houston International Table Tennis Academy (HITTA),2372,2024-03-17,0,,ACTIVE,2019 Joola LA Open,2312.0,2313.0,2019-08-31,2019-09-01
286,Wantong,Liu,4667,84582,"Katy, TX",Houston International Table Tennis Academy (HITTA),2372,2024-03-17,0,,ACTIVE,2012 LA Open Butterfly Table Tennis Tournament,2410.0,2388.0,2012-09-02,
290,Emily Ying,Wang,8323,93146,"Fremont, CA",,2368,2024-09-02,2381,2023-11-26,ACTIVE,2019 Joola LA Open,2341.0,2364.0,2019-08-31,2019-09-01
290,Emily Ying,Wang,8323,93146,"Fremont, CA",,2368,2024-09-02,2381,2023-11-26,ACTIVE,North-West La Open 2** Sanctioned Tournament,2386.0,2381.0,2018-11-18,2018-11-18
290,Emily Ying,Wang,8323,93146,"Fremont, CA",,2368,2024-09-02,2381,2023-11-26,ACTIVE,2014 LA Open Table Tennis Tournament,2367.0,2375.0,2014-08-17,
292,Raymond,Zhu,102385,98266,"San Jose, CA",888 Table Tennis Center,2366,2024-09-02,2266,2024-04-21,ACTIVE,2023 Joola LA Open,2252.0,2281.0,2023-08-12,2023-08-13
296,Alex,Wu,8610,92296,"San Diego, CA",Learning Tree Table Tennis Club,2361,2024-08-04,2347,2024-09-06,ACTIVE,2024 JOOLA LA Open Table Tennis Tournament,2406.0,2361.0,2024-08-03,2024-08-04
296,Alex,Wu,8610,92296,"San Diego, CA",Learning Tree Table Tennis Club,2361,2024-08-04,2347,2024-09-06,ACTIVE,2023 Joola LA Open,2311.0,2332.0,2023-08-12,2023-08-13
296,Alex,Wu,8610,92296,"San Diego, CA",Learning Tree Table Tennis Club,2361,2024-08-04,2347,2024-09-06,ACTIVE,2018 JOOLA LA Open Tournament,2341.0,2338.0,2018-09-01,2018-09-01
296,Alex,Wu,8610,92296,"San Diego, CA",Learning Tree Table Tennis Club,2361,2024-08-04,2347,2024-09-06,ACTIVE,2017 JOOLA LA Open Tournament,2186.0,2280.0,2017-09-02,2017-09-03
296,Alex,Wu,8610,92296,"San Diego, CA",Learning Tree Table Tennis Club,2361,2024-08-04,2347,2024-09-06,ACTIVE,2014 LA Open Table Tennis Tournament,1180.0,1443.0,2014-08-17,
303,Erica,Wu,53663,32039,"Arcadia, CA",,2353,2018-03-02,2209,2012-03-17,ACTIVE,2013 LA Open Table Tennis Tournament,2441.0,2361.0,2013-09-01,
303,Erica,Wu,53663,32039,"Arcadia, CA",,2353,2018-03-02,2209,2012-03-17,ACTIVE,LA Open TT Tournament 2011,2325.0,2298.0,2011-09-04,
309,Jordan,Yee,8843,80241,"Oakland, CA",Micro Motion Table Tennis Academy,2349,2024-09-02,2239,2023-06-04,ACTIVE,2014 LA Open Table Tennis Tournament,2301.0,2326.0,2014-08-17,
310,Khoa,Nguyen,5640,8683,"San Jose, CA",,2348,2023-10-08,2434,2014-03-01,ACTIVE,2018 JOOLA LA Open Tournament,2450.0,2434.0,2018-09-01,2018-09-01
310,Khoa,Nguyen,5640,8683,"San Jose, CA",,2348,2023-10-08,2434,2014-03-01,ACTIVE,LA Open TT Tournament 2011,2431.0,2436.0,2011-09-04,
311,Ludovic,Gombos,22607,32497,"Dallas, TX",,2348,2024-03-24,0,,ACTIVE,2012 LA Open Butterfly Table Tennis Tournament,2417.0,2440.0,2012-09-02,
311,Ludovic,Gombos,22607,32497,"Dallas, TX",,2348,2024-03-24,0,,ACTIVE,LA Open TT Tournament 2011,2387.0,2357.0,2011-09-04,
315,Yao,Tang,168377,1168377,"San Jose, CA",Super Spin Table Tennis Club,2347,2024-06-22,2391,2023-09-23,ACTIVE,2023 Joola LA Open,2329.0,2278.0,2023-08-12,2023-08-13
319,Guo Hui,Lu,4747,23538,"El Monte, CA",Los Angeles Table Tennis Association,2346,2024-08-04,2230,2014-06-15,ACTIVE,2024 JOOLA LA Open Table Tennis Tournament,2339.0,2346.0,2024-08-03,2024-08-04
319,Guo Hui,Lu,4747,23538,"El Monte, CA",Los Angeles Table Tennis Association,2346,2024-08-04,2230,2014-06-15,ACTIVE,2023 Joola LA Open,2314.0,2312.0,2023-08-12,2023-08-13
319,Guo Hui,Lu,4747,23538,"El Monte, CA",Los Angeles Table Tennis Association,2346,2024-08-04,2230,2014-06-15,ACTIVE,2019 Joola LA Open,2402.0,2404.0,2019-08-31,2019-09-01
319,Guo Hui,Lu,4747,23538,"El Monte, CA",Los Angeles Table Tennis Association,2346,2024-08-04,2230,2014-06-15,ACTIVE,2018 JOOLA LA Open Tournament,2379.0,2404.0,2018-09-01,2018-09-01
319,Guo Hui,Lu,4747,23538,"El Monte, CA",Los Angeles Table Tennis Association,2346,2024-08-04,2230,2014-06-15,ACTIVE,OCTTA warm up for LA open,2381.0,2379.0,2018-08-25,2018-08-26
319,Guo Hui,Lu,4747,23538,"El Monte, CA",Los Angeles Table Tennis Association,2346,2024-08-04,2230,2014-06-15,ACTIVE,2017 JOOLA LA Open Tournament,2294.0,2299.0,2017-09-02,2017-09-03
319,Guo Hui,Lu,4747,23538,"El Monte, CA",Los Angeles Table Tennis Association,2346,2024-08-04,2230,2014-06-15,ACTIVE,2016 Butterfly LA Open Tournament,2351.0,2345.0,2016-09-03,2016-09-04
319,Guo Hui,Lu,4747,23538,"El Monte, CA",Los Angeles Table Tennis Association,2346,2024-08-04,2230,2014-06-15,ACTIVE,2015 LA Open Table Tennis Tournament,2335.0,2341.0,2015-09-06,
319,Guo Hui,Lu,4747,23538,"El Monte, CA",Los Angeles Table Tennis Association,2346,2024-08-04,2230,2014-06-15,ACTIVE,2013 LA Open Table Tennis Tournament,2369.0,2373.0,2013-09-01,
319,Guo Hui,Lu,4747,23538,"El Monte, CA",Los Angeles Table Tennis Association,2346,2024-08-04,2230,2014-06-15,ACTIVE,2012 LA Open Butterfly Table Tennis Tournament,2363.0,2371.0,2012-09-02,
320,Angie,Tan,7635,87830,"Milpitas, CA",888 Table Tennis Center,2346,2024-07-07,2269,2022-06-18,ACTIVE,2023 Joola LA Open,2316.0,2300.0,2023-08-12,2023-08-13
320,Angie,Tan,7635,87830,"Milpitas, CA",888 Table Tennis Center,2346,2024-07-07,2269,2022-06-18,ACTIVE,2014 LA Open Table Tennis Tournament,1842.0,1851.0,2014-08-17,
328,Barney,Reed,6456,44775,"Milpitas, CA",Stickman Skills Center,2342,2023-11-26,2447,2018-05-26,ACTIVE,2019 Joola LA Open,2451.0,2435.0,2019-08-31,2019-09-01
328,Barney,Reed,6456,44775,"Milpitas, CA",Stickman Skills Center,2342,2023-11-26,2447,2018-05-26,ACTIVE,2018 JOOLA LA Open Tournament,2467.0,2451.0,2018-09-01,2018-09-01
328,Barney,Reed,6456,44775,"Milpitas, CA",Stickman Skills Center,2342,2023-11-26,2447,2018-05-26,ACTIVE,LA Open TT Tournament 2011,2514.0,2501.0,2011-09-04,
336,Lucas,Wu,131692,1131692,Vancouver,,2338,2023-09-10,1840,2023-09-22,ACTIVE,2019 Joola LA Open,2232.0,2364.0,2019-08-31,2019-09-01
338,Steven,Gong,2523,79665,"West Hills, CA",Grace Lin TTC,2338,2021-12-22,1847,2012-03-17,ACTIVE,Trump's Time North West LA Open,2369.0,2361.0,2016-11-13,2016-11-13
338,Steven,Gong,2523,79665,"West Hills, CA",Grace Lin TTC,2338,2021-12-22,1847,2012-03-17,ACTIVE,2016 Butterfly LA Open Tournament,2392.0,2365.0,2016-09-03,2016-09-04
338,Steven,Gong,2523,79665,"West Hills, CA",Grace Lin TTC,2338,2021-12-22,1847,2012-03-17,ACTIVE,NW LA Open,2353.0,2365.0,2016-05-01,2016-05-01
338,Steven,Gong,2523,79665,"West Hills, CA",Grace Lin TTC,2338,2021-12-22,1847,2012-03-17,ACTIVE,NW LA Open,2356.0,2361.0,2016-01-17,2016-01-17
338,Steven,Gong,2523,79665,"West Hills, CA",Grace Lin TTC,2338,2021-12-22,1847,2012-03-17,ACTIVE,NW LA Open,2371.0,2377.0,2015-09-13,
338,Steven,Gong,2523,79665,"West Hills, CA",Grace Lin TTC,2338,2021-12-22,1847,2012-03-17,ACTIVE,2015 LA Open Table Tennis Tournament,2355.0,2371.0,2015-09-06,
338,Steven,Gong,2523,79665,"West Hills, CA",Grace Lin TTC,2338,2021-12-22,1847,2012-03-17,ACTIVE,NW LA Open,2261.0,2261.0,2015-05-03,
338,Steven,Gong,2523,79665,"West Hills, CA",Grace Lin TTC,2338,2021-12-22,1847,2012-03-17,ACTIVE,January 2015 NW LA Open,2263.0,2265.0,2015-01-18,
338,Steven,Gong,2523,79665,"West Hills, CA",Grace Lin TTC,2338,2021-12-22,1847,2012-03-17,ACTIVE,NW LA Open,2295.0,2307.0,2014-09-14,
338,Steven,Gong,2523,79665,"West Hills, CA",Grace Lin TTC,2338,2021-12-22,1847,2012-03-17,ACTIVE,2014 LA Open Table Tennis Tournament,2301.0,2295.0,2014-08-17,
338,Steven,Gong,2523,79665,"West Hills, CA",Grace Lin TTC,2338,2021-12-22,1847,2012-03-17,ACTIVE,NW LA Open,2067.0,2052.0,2014-01-19,
338,Steven,Gong,2523,79665,"West Hills, CA",Grace Lin TTC,2338,2021-12-22,1847,2012-03-17,ACTIVE,North-West LA Open,1946.0,1959.0,2013-09-15,
338,Steven,Gong,2523,79665,"West Hills, CA",Grace Lin TTC,2338,2021-12-22,1847,2012-03-17,ACTIVE,2013 LA Open Table Tennis Tournament,1977.0,1946.0,2013-09-01,
338,Steven,Gong,2523,79665,"West Hills, CA",Grace Lin TTC,2338,2021-12-22,1847,2012-03-17,ACTIVE,2012 LA Open Butterfly Table Tennis Tournament,1960.0,2048.0,2012-09-02,
351,Keenan,Zhou,9134,95558,"San Diego, CA",,2330,2024-08-04,2354,2023-03-10,ACTIVE,2024 JOOLA LA Open Table Tennis Tournament,2298.0,2330.0,2024-08-03,2024-08-04
351,Keenan,Zhou,9134,95558,"San Diego, CA",,2330,2024-08-04,2354,2023-03-10,ACTIVE,2023 Joola LA Open,2312.0,2333.0,2023-08-12,2023-08-13
351,Keenan,Zhou,9134,95558,"San Diego, CA",,2330,2024-08-04,2354,2023-03-10,ACTIVE,2022 LA Open,2290.0,2274.0,2022-12-10,2022-12-11
351,Keenan,Zhou,9134,95558,"San Diego, CA",,2330,2024-08-04,2354,2023-03-10,ACTIVE,2019 Joola LA Open,2194.0,2193.0,2019-08-31,2019-09-01
351,Keenan,Zhou,9134,95558,"San Diego, CA",,2330,2024-08-04,2354,2023-03-10,ACTIVE,2018 JOOLA LA Open Tournament,1949.0,2143.0,2018-09-01,2018-09-01
351,Keenan,Zhou,9134,95558,"San Diego, CA",,2330,2024-08-04,2354,2023-03-10,ACTIVE,2017 JOOLA LA Open Tournament,1832.0,1855.0,2017-09-02,2017-09-03
351,Keenan,Zhou,9134,95558,"San Diego, CA",,2330,2024-08-04,2354,2023-03-10,ACTIVE,2016 Butterfly LA Open Tournament,1533.0,1645.0,2016-09-03,2016-09-04
351,Keenan,Zhou,9134,95558,"San Diego, CA",,2330,2024-08-04,2354,2023-03-10,ACTIVE,January 2015 NW LA Open,0.0,689.0,2015-01-18,
353,Emily,Tan,7638,91154,"Milpitas, CA",Silicon Valley Table Tennis Club (SVTTC),2330,2024-05-27,2209,2024-05-12,ACTIVE,2014 LA Open Table Tennis Tournament,1332.0,1526.0,2014-08-17,
355,Yuan,Xia,178121,277121,Belmont,,2329,2024-09-02,2254,2024-08-25,ACTIVE,2023 Joola LA Open,2235.0,2150.0,2023-08-12,2023-08-13
365,Jiangyuan,Xing,185305,284305,"Riverside, CA",,2324,2024-08-04,0,,ACTIVE,2024 JOOLA LA Open Table Tennis Tournament,0.0,2324.0,2024-08-03,2024-08-04
366,Guillermo,Gasio Morales,2380,80712,MEX,,2322,2024-07-28,0,,ACTIVE,2015 LA Open Table Tennis Tournament,2176.0,2286.0,2015-09-06,
366,Guillermo,Gasio Morales,2380,80712,MEX,,2322,2024-07-28,0,,ACTIVE,2014 LA Open Table Tennis Tournament,1552.0,2176.0,2014-08-17,
371,Ciz,Richard,1364,22622,"miami, FL",PINGPOD,2319,2024-08-10,0,,ACTIVE,LA Open TT Tournament 2011,2356.0,2318.0,2011-09-04,
374,Shun-Chung,Yang,120558,219558,"Los Angeles, CA",,2315,2024-08-04,0,,ACTIVE,2024 JOOLA LA Open Table Tennis Tournament,2295.0,2315.0,2024-08-03,2024-08-04
374,Shun-Chung,Yang,120558,219558,"Los Angeles, CA",,2315,2024-08-04,0,,ACTIVE,2019 Joola LA Open,2304.0,2295.0,2019-08-31,2019-09-01
374,Shun-Chung,Yang,120558,219558,"Los Angeles, CA",,2315,2024-08-04,0,,ACTIVE,2018 JOOLA LA Open Tournament,2277.0,2304.0,2018-09-01,2018-09-01
377,Shawn,Fong,2193,85265,"Albany, CA",I Table Tennis,2313,2023-11-26,2248,2023-08-19,ACTIVE,2017 JOOLA LA Open Tournament,2211.0,2183.0,2017-09-02,2017-09-03
377,Shawn,Fong,2193,85265,"Albany, CA",I Table Tennis,2313,2023-11-26,2248,2023-08-19,ACTIVE,2016 Butterfly LA Open Tournament,2063.0,2097.0,2016-09-03,2016-09-04
377,Shawn,Fong,2193,85265,"Albany, CA",I Table Tennis,2313,2023-11-26,2248,2023-08-19,ACTIVE,2015 LA Open Table Tennis Tournament,1997.0,2026.0,2015-09-06,
383,Shuang,Wang,52015,86641,"New York, NY",PINGPOD,2310,2024-03-17,0,,ACTIVE,2017 JOOLA LA Open Tournament,2381.0,2370.0,2017-09-02,2017-09-03
383,Shuang,Wang,52015,86641,"New York, NY",PINGPOD,2310,2024-03-17,0,,ACTIVE,2014 LA Open Table Tennis Tournament,2418.0,2423.0,2014-08-17,
391,Khanh,Duong,1891,27824,"Tustin, CA",,2305,2024-06-09,2204,2010-04-16,ACTIVE,2018 JOOLA LA Open Tournament,2438.0,2338.0,2018-09-01,2018-09-01
391,Khanh,Duong,1891,27824,"Tustin, CA",,2305,2024-06-09,2204,2010-04-16,ACTIVE,OCTTA warm up for LA open,2432.0,2438.0,2018-08-25,2018-08-26
391,Khanh,Duong,1891,27824,"Tustin, CA",,2305,2024-06-09,2204,2010-04-16,ACTIVE,2016 Butterfly LA Open Tournament,2352.0,2314.0,2016-09-03,2016-09-04
396,Daniely,Rios,6540,78944,"CHICAGO, IL",,2301,2024-06-02,0,,ACTIVE,LA Open TT Tournament 2011,1773.0,1786.0,2011-09-04,
397,Yiwei,Liu,113029,212029,"Union City, CA",Micro Motion Table Tennis Academy,2300,2019-12-21,0,,ACTIVE,2016 Butterfly LA Open Tournament,2398.0,2350.0,2016-09-03,2016-09-04
400,Yuxiang,Li,4471,21400,"Bayside, NY",New York International Table Tennis Club,2299,2024-08-04,0,,ACTIVE,2024 JOOLA LA Open Table Tennis Tournament,2294.0,2299.0,2024-08-03,2024-08-04
400,Yuxiang,Li,4471,21400,"Bayside, NY",New York International Table Tennis Club,2299,2024-08-04,0,,ACTIVE,2023 Joola LA Open,2246.0,2246.0,2023-08-12,2023-08-13
415,Vinay,Chandra,1045,34825,"Highlands Ranch, CO",Mile High Table Tennis Academy,2290,2024-08-04,2176,2024-05-25,ACTIVE,2024 JOOLA LA Open Table Tennis Tournament,2205.0,2290.0,2024-08-03,2024-08-04
415,Vinay,Chandra,1045,34825,"Highlands Ranch, CO",Mile High Table Tennis Academy,2290,2024-08-04,2176,2024-05-25,ACTIVE,2023 Joola LA Open,2190.0,2275.0,2023-08-12,2023-08-13
415,Vinay,Chandra,1045,34825,"Highlands Ranch, CO",Mile High Table Tennis Academy,2290,2024-08-04,2176,2024-05-25,ACTIVE,2019 Joola LA Open,2178.0,2186.0,2019-08-31,2019-09-01
415,Vinay,Chandra,1045,34825,"Highlands Ranch, CO",Mile High Table Tennis Academy,2290,2024-08-04,2176,2024-05-25,ACTIVE,2018 JOOLA LA Open Tournament,2174.0,2191.0,2018-09-01,2018-09-01
417,Tashiya,Piyadasa,123763,222763,"Fountain Valley, CA",Orange County Table Tennis Academy,2289,2024-07-07,0,,ACTIVE,North - West LA Open,1161.0,1465.0,2020-02-09,2020-02-09
417,Tashiya,Piyadasa,123763,222763,"Fountain Valley, CA",Orange County Table Tennis Academy,2289,2024-07-07,0,,ACTIVE,North-West La Open 2** Sanctioned Tournament,599.0,579.0,2018-09-23,2018-09-23
417,Tashiya,Piyadasa,123763,222763,"Fountain Valley, CA",Orange County Table Tennis Academy,2289,2024-07-07,0,,ACTIVE,OCTTA warm up for LA open,583.0,599.0,2018-08-25,2018-08-26
417,Tashiya,Piyadasa,123763,222763,"Fountain Valley, CA",Orange County Table Tennis Academy,2289,2024-07-07,0,,ACTIVE,North West LA Open 2 ,767.0,693.0,2018-04-29,2018-04-29
419,Kobe,Couyoumjian,1494,95668,"Tustin, CA",Orange County Table Tennis Academy,2289,2024-06-09,0,,ACTIVE,2022 LA Open,2236.0,2229.0,2022-12-10,2022-12-11
419,Kobe,Couyoumjian,1494,95668,"Tustin, CA",Orange County Table Tennis Academy,2289,2024-06-09,0,,ACTIVE,North - West LA Open,2270.0,2271.0,2020-02-09,2020-02-09
419,Kobe,Couyoumjian,1494,95668,"Tustin, CA",Orange County Table Tennis Academy,2289,2024-06-09,0,,ACTIVE,2018 JOOLA LA Open Tournament,2256.0,2240.0,2018-09-01,2018-09-01
419,Kobe,Couyoumjian,1494,95668,"Tustin, CA",Orange County Table Tennis Academy,2289,2024-06-09,0,,ACTIVE,OCTTA warm up for LA open,2217.0,2256.0,2018-08-25,2018-08-26
419,Kobe,Couyoumjian,1494,95668,"Tustin, CA",Orange County Table Tennis Academy,2289,2024-06-09,0,,ACTIVE,North West LA Open,2172.0,2123.0,2017-09-17,2017-09-17
419,Kobe,Couyoumjian,1494,95668,"Tustin, CA",Orange County Table Tennis Academy,2289,2024-06-09,0,,ACTIVE,2017 JOOLA LA Open Tournament,2179.0,2172.0,2017-09-02,2017-09-03
419,Kobe,Couyoumjian,1494,95668,"Tustin, CA",Orange County Table Tennis Academy,2289,2024-06-09,0,,ACTIVE,NW LA Open,1753.0,2009.0,2016-05-01,2016-05-01
421,Vlad,Farcas,119690,218690,"San Antonio, TX",San Antonio Table Tennis Club,2288,2024-08-11,2107,2019-11-25,ACTIVE,2019 Joola LA Open,2272.0,2263.0,2019-08-31,2019-09-01
421,Vlad,Farcas,119690,218690,"San Antonio, TX",San Antonio Table Tennis Club,2288,2024-08-11,2107,2019-11-25,ACTIVE,2018 JOOLA LA Open Tournament,2171.0,2154.0,2018-09-01,2018-09-01
421,Vlad,Farcas,119690,218690,"San Antonio, TX",San Antonio Table Tennis Club,2288,2024-08-11,2107,2019-11-25,ACTIVE,North West LA Open,2044.0,2171.0,2017-09-17,2017-09-17
421,Vlad,Farcas,119690,218690,"San Antonio, TX",San Antonio Table Tennis Club,2288,2024-08-11,2107,2019-11-25,ACTIVE,2017 JOOLA LA Open Tournament,2001.0,2044.0,2017-09-02,2017-09-03
425,Hui,Zhao,183051,1183051,"Beijing, CA",XNT5 Table Tennis Club,2286,2024-08-04,0,,ACTIVE,2024 JOOLA LA Open Table Tennis Tournament,2290.0,2286.0,2024-08-03,2024-08-04
429,Hiu Yeung,Lam,185687,1185687,Carlsbad,,2284,2024-08-04,0,,ACTIVE,2024 JOOLA LA Open Table Tennis Tournament,0.0,2284.0,2024-08-03,2024-08-04
430,Priyan,Jindal,3464,90352,"San Jose, CA",888 Table Tennis Center,2284,2024-06-22,2068,2021-09-19,ACTIVE,2018 JOOLA LA Open Tournament,2105.0,2105.0,2018-09-01,2018-09-01
433,Ethan,Ruan,6669,91924,"Alpharetta, GA",,2282,2023-11-26,2281,2019-04-06,ACTIVE,2015 LA Open Table Tennis Tournament,1924.0,1917.0,2015-09-06,
442,Renny,Gong,2521,76025,"Diamond Bar, CA",Grace Lin TTC,2279,2018-03-02,0,,ACTIVE,NW LA Open,2225.0,2226.0,2015-11-15,
442,Renny,Gong,2521,76025,"Diamond Bar, CA",Grace Lin TTC,2279,2018-03-02,0,,ACTIVE,2015 LA Open Table Tennis Tournament,2307.0,2272.0,2015-09-06,
442,Renny,Gong,2521,76025,"Diamond Bar, CA",Grace Lin TTC,2279,2018-03-02,0,,ACTIVE,2014 LA Open Table Tennis Tournament,2232.0,2237.0,2014-08-17,
442,Renny,Gong,2521,76025,"Diamond Bar, CA",Grace Lin TTC,2279,2018-03-02,0,,ACTIVE,2013 LA Open Table Tennis Tournament,2134.0,2135.0,2013-09-01,
442,Renny,Gong,2521,76025,"Diamond Bar, CA",Grace Lin TTC,2279,2018-03-02,0,,ACTIVE,2012 LA Open Butterfly Table Tennis Tournament,1888.0,2058.0,2012-09-02,
442,Renny,Gong,2521,76025,"Diamond Bar, CA",Grace Lin TTC,2279,2018-03-02,0,,ACTIVE,LA Open TT Tournament 2011,1930.0,1833.0,2011-09-04,
443,Ayano,Takeda,175117,1175117,"Los Angels, CA",,2277,2024-02-03,0,,ACTIVE,2022 LA Open,2244.0,2237.0,2022-12-10,2022-12-11
444,Nghia,Nguyen,38356,72425,"Fountain Valley, CA",,2277,2024-01-21,0,,ACTIVE,OCTTA warm up for LA open,2327.0,2273.0,2018-08-25,2018-08-26
445,Martin,Rogers,43290,80095,"Newport Beach *, CA",,2276,2021-12-22,2228,2021-11-07,ACTIVE,North - West LA Open,2336.0,2288.0,2020-02-09,2020-02-09
451,Tuan Dai,Le Md,4197,47064,"Pomona, CA",Orange County Table Tennis Academy,2272,2024-06-02,2369,2015-05-12,ACTIVE,2023 Joola LA Open,2216.0,2239.0,2023-08-12,2023-08-13
451,Tuan Dai,Le Md,4197,47064,"Pomona, CA",Orange County Table Tennis Academy,2272,2024-06-02,2369,2015-05-12,ACTIVE,2022 LA Open,2314.0,2308.0,2022-12-10,2022-12-11
451,Tuan Dai,Le Md,4197,47064,"Pomona, CA",Orange County Table Tennis Academy,2272,2024-06-02,2369,2015-05-12,ACTIVE,2019 Joola LA Open,2254.0,2273.0,2019-08-31,2019-09-01
451,Tuan Dai,Le Md,4197,47064,"Pomona, CA",Orange County Table Tennis Academy,2272,2024-06-02,2369,2015-05-12,ACTIVE,2018 JOOLA LA Open Tournament,2198.0,2183.0,2018-09-01,2018-09-01
451,Tuan Dai,Le Md,4197,47064,"Pomona, CA",Orange County Table Tennis Academy,2272,2024-06-02,2369,2015-05-12,ACTIVE,OCTTA warm up for LA open,2165.0,2198.0,2018-08-25,2018-08-26
451,Tuan Dai,Le Md,4197,47064,"Pomona, CA",Orange County Table Tennis Academy,2272,2024-06-02,2369,2015-05-12,ACTIVE,2017 JOOLA LA Open Tournament,2279.0,2294.0,2017-09-02,2017-09-03
451,Tuan Dai,Le Md,4197,47064,"Pomona, CA",Orange County Table Tennis Academy,2272,2024-06-02,2369,2015-05-12,ACTIVE,2016 Butterfly LA Open Tournament,2308.0,2327.0,2016-09-03,2016-09-04
451,Tuan Dai,Le Md,4197,47064,"Pomona, CA",Orange County Table Tennis Academy,2272,2024-06-02,2369,2015-05-12,ACTIVE,NW LA Open,2295.0,2265.0,2016-05-01,2016-05-01
451,Tuan Dai,Le Md,4197,47064,"Pomona, CA",Orange County Table Tennis Academy,2272,2024-06-02,2369,2015-05-12,ACTIVE,2015 LA Open Table Tennis Tournament,2316.0,2279.0,2015-09-06,
451,Tuan Dai,Le Md,4197,47064,"Pomona, CA",Orange County Table Tennis Academy,2272,2024-06-02,2369,2015-05-12,ACTIVE,2014 LA Open Table Tennis Tournament,2357.0,2367.0,2014-08-17,
451,Tuan Dai,Le Md,4197,47064,"Pomona, CA",Orange County Table Tennis Academy,2272,2024-06-02,2369,2015-05-12,ACTIVE,NW LA Open,2344.0,2331.0,2014-05-04,
451,Tuan Dai,Le Md,4197,47064,"Pomona, CA",Orange County Table Tennis Academy,2272,2024-06-02,2369,2015-05-12,ACTIVE,NW LA Open,2299.0,2284.0,2014-01-19,
451,Tuan Dai,Le Md,4197,47064,"Pomona, CA",Orange County Table Tennis Academy,2272,2024-06-02,2369,2015-05-12,ACTIVE,2013 LA Open Table Tennis Tournament,2324.0,2300.0,2013-09-01,
451,Tuan Dai,Le Md,4197,47064,"Pomona, CA",Orange County Table Tennis Academy,2272,2024-06-02,2369,2015-05-12,ACTIVE,2012 LA Open Butterfly Table Tennis Tournament,2306.0,2309.0,2012-09-02,
451,Tuan Dai,Le Md,4197,47064,"Pomona, CA",Orange County Table Tennis Academy,2272,2024-06-02,2369,2015-05-12,ACTIVE,LA Open TT Tournament 2011,2320.0,2316.0,2011-09-04,
466,James,Therriault,7761,10533,"Sacramento, CA",Sacramento Table Tennis Club,2264,2024-07-28,2211,2022-08-20,ACTIVE,2023 Joola LA Open,2229.0,2210.0,2023-08-12,2023-08-13
466,James,Therriault,7761,10533,"Sacramento, CA",Sacramento Table Tennis Club,2264,2024-07-28,2211,2022-08-20,ACTIVE,2019 Joola LA Open,2244.0,2247.0,2019-08-31,2019-09-01
466,James,Therriault,7761,10533,"Sacramento, CA",Sacramento Table Tennis Club,2264,2024-07-28,2211,2022-08-20,ACTIVE,2018 JOOLA LA Open Tournament,2239.0,2271.0,2018-09-01,2018-09-01
466,James,Therriault,7761,10533,"Sacramento, CA",Sacramento Table Tennis Club,2264,2024-07-28,2211,2022-08-20,ACTIVE,2016 Butterfly LA Open Tournament,2258.0,2204.0,2016-09-03,2016-09-04
466,James,Therriault,7761,10533,"Sacramento, CA",Sacramento Table Tennis Club,2264,2024-07-28,2211,2022-08-20,ACTIVE,2014 LA Open Table Tennis Tournament,2205.0,2183.0,2014-08-17,
466,James,Therriault,7761,10533,"Sacramento, CA",Sacramento Table Tennis Club,2264,2024-07-28,2211,2022-08-20,ACTIVE,2013 LA Open Table Tennis Tournament,2188.0,2198.0,2013-09-01,
466,James,Therriault,7761,10533,"Sacramento, CA",Sacramento Table Tennis Club,2264,2024-07-28,2211,2022-08-20,ACTIVE,2012 LA Open Butterfly Table Tennis Tournament,2239.0,2176.0,2012-09-02,
466,James,Therriault,7761,10533,"Sacramento, CA",Sacramento Table Tennis Club,2264,2024-07-28,2211,2022-08-20,ACTIVE,LA Open TT Tournament 2011,2216.0,2217.0,2011-09-04,
468,Anastasiia,Rybka,6706,93896,"Arlington, TX",Gilbert Table Tennis Center,2262,2023-12-21,0,,ACTIVE,2019 Joola LA Open,2343.0,2325.0,2019-08-31,2019-09-01
468,Anastasiia,Rybka,6706,93896,"Arlington, TX",Gilbert Table Tennis Center,2262,2023-12-21,0,,ACTIVE,2018 JOOLA LA Open Tournament,2315.0,2339.0,2018-09-01,2018-09-01
468,Anastasiia,Rybka,6706,93896,"Arlington, TX",Gilbert Table Tennis Center,2262,2023-12-21,0,,ACTIVE,North West LA Open 2 ,2312.0,2292.0,2018-04-29,2018-04-29
468,Anastasiia,Rybka,6706,93896,"Arlington, TX",Gilbert Table Tennis Center,2262,2023-12-21,0,,ACTIVE,North West LA Open,2323.0,2332.0,2017-09-17,2017-09-17
468,Anastasiia,Rybka,6706,93896,"Arlington, TX",Gilbert Table Tennis Center,2262,2023-12-21,0,,ACTIVE,2017 JOOLA LA Open Tournament,2306.0,2323.0,2017-09-02,2017-09-03
469,Vikash,Sahu,6731,28377,"North Potomac, MD",Club JOOLA,2262,2024-08-25,2159,2020-01-11,ACTIVE,2019 Joola LA Open,2275.0,2254.0,2019-08-31,2019-09-01
469,Vikash,Sahu,6731,28377,"North Potomac, MD",Club JOOLA,2262,2024-08-25,2159,2020-01-11,ACTIVE,2018 JOOLA LA Open Tournament,2182.0,2193.0,2018-09-01,2018-09-01
469,Vikash,Sahu,6731,28377,"North Potomac, MD",Club JOOLA,2262,2024-08-25,2159,2020-01-11,ACTIVE,2017 JOOLA LA Open Tournament,2113.0,2128.0,2017-09-02,2017-09-03
476,Kenneth,Pinili,6165,34207,"San Jose, CA",,2257,2024-01-27,2099,2024-07-27,ACTIVE,2018 JOOLA LA Open Tournament,2249.0,2232.0,2018-09-01,2018-09-01
476,Kenneth,Pinili,6165,34207,"San Jose, CA",,2257,2024-01-27,2099,2024-07-27,ACTIVE,2017 JOOLA LA Open Tournament,2018.0,2007.0,2017-09-02,2017-09-03
476,Kenneth,Pinili,6165,34207,"San Jose, CA",,2257,2024-01-27,2099,2024-07-27,ACTIVE,2016 Butterfly LA Open Tournament,2114.0,2105.0,2016-09-03,2016-09-04
476,Kenneth,Pinili,6165,34207,"San Jose, CA",,2257,2024-01-27,2099,2024-07-27,ACTIVE,2015 LA Open Table Tennis Tournament,2029.0,2023.0,2015-09-06,
480,Ryan,Lin,4548,96592,"Rowland Heights, CA",California Table Tennis,2255,2024-08-04,0,,ACTIVE,2024 JOOLA LA Open Table Tennis Tournament,2252.0,2255.0,2024-08-03,2024-08-04
480,Ryan,Lin,4548,96592,"Rowland Heights, CA",California Table Tennis,2255,2024-08-04,0,,ACTIVE,2023 Joola LA Open,2189.0,2204.0,2023-08-12,2023-08-13
480,Ryan,Lin,4548,96592,"Rowland Heights, CA",California Table Tennis,2255,2024-08-04,0,,ACTIVE,2022 LA Open,2147.0,2130.0,2022-12-10,2022-12-11
480,Ryan,Lin,4548,96592,"Rowland Heights, CA",California Table Tennis,2255,2024-08-04,0,,ACTIVE,2019 Joola LA Open,1845.0,1798.0,2019-08-31,2019-09-01
480,Ryan,Lin,4548,96592,"Rowland Heights, CA",California Table Tennis,2255,2024-08-04,0,,ACTIVE,2018 JOOLA LA Open Tournament,1521.0,1566.0,2018-09-01,2018-09-01
480,Ryan,Lin,4548,96592,"Rowland Heights, CA",California Table Tennis,2255,2024-08-04,0,,ACTIVE,2017 JOOLA LA Open Tournament,1238.0,1227.0,2017-09-02,2017-09-03
480,Ryan,Lin,4548,96592,"Rowland Heights, CA",California Table Tennis,2255,2024-08-04,0,,ACTIVE,2015 LA Open Table Tennis Tournament,654.0,654.0,2015-09-06,
489,Tim,Nasseir,5528,18635,"Eastvale, CA",,2249,2024-08-04,2104,2011-04-09,ACTIVE,2024 JOOLA LA Open Table Tennis Tournament,2243.0,2249.0,2024-08-03,2024-08-04
489,Tim,Nasseir,5528,18635,"Eastvale, CA",,2249,2024-08-04,2104,2011-04-09,ACTIVE,2019 Joola LA Open,2244.0,2243.0,2019-08-31,2019-09-01
489,Tim,Nasseir,5528,18635,"Eastvale, CA",,2249,2024-08-04,2104,2011-04-09,ACTIVE,2018 JOOLA LA Open Tournament,2310.0,2394.0,2018-09-01,2018-09-01
489,Tim,Nasseir,5528,18635,"Eastvale, CA",,2249,2024-08-04,2104,2011-04-09,ACTIVE,2017 JOOLA LA Open Tournament,2287.0,2309.0,2017-09-02,2017-09-03
489,Tim,Nasseir,5528,18635,"Eastvale, CA",,2249,2024-08-04,2104,2011-04-09,ACTIVE,2016 Butterfly LA Open Tournament,2296.0,2314.0,2016-09-03,2016-09-04
489,Tim,Nasseir,5528,18635,"Eastvale, CA",,2249,2024-08-04,2104,2011-04-09,ACTIVE,2014 LA Open Table Tennis Tournament,2269.0,2280.0,2014-08-17,
489,Tim,Nasseir,5528,18635,"Eastvale, CA",,2249,2024-08-04,2104,2011-04-09,ACTIVE,2012 LA Open Butterfly Table Tennis Tournament,2282.0,2269.0,2012-09-02,
489,Tim,Nasseir,5528,18635,"Eastvale, CA",,2249,2024-08-04,2104,2011-04-09,ACTIVE,LA Open TT Tournament 2011,2206.0,2199.0,2011-09-04,
498,Jeff,Ruiz,6678,93102,"Chula Vista, CA",Learning Tree Table Tennis Club,2245,2024-07-07,2318,2024-07-12,ACTIVE,2019 Joola LA Open,2242.0,2177.0,2019-08-31,2019-09-01
498,Jeff,Ruiz,6678,93102,"Chula Vista, CA",Learning Tree Table Tennis Club,2245,2024-07-07,2318,2024-07-12,ACTIVE,2018 JOOLA LA Open Tournament,2226.0,2246.0,2018-09-01,2018-09-01
498,Jeff,Ruiz,6678,93102,"Chula Vista, CA",Learning Tree Table Tennis Club,2245,2024-07-07,2318,2024-07-12,ACTIVE,North West LA Open 2 ,2017.0,2001.0,2018-04-29,2018-04-29
498,Jeff,Ruiz,6678,93102,"Chula Vista, CA",Learning Tree Table Tennis Club,2245,2024-07-07,2318,2024-07-12,ACTIVE,Norht- West LA Open,2084.0,2122.0,2017-11-19,2017-11-19
498,Jeff,Ruiz,6678,93102,"Chula Vista, CA",Learning Tree Table Tennis Club,2245,2024-07-07,2318,2024-07-12,ACTIVE,North West LA Open,2023.0,1984.0,2017-09-17,2017-09-17
498,Jeff,Ruiz,6678,93102,"Chula Vista, CA",Learning Tree Table Tennis Club,2245,2024-07-07,2318,2024-07-12,ACTIVE,2017 JOOLA LA Open Tournament,2006.0,2023.0,2017-09-02,2017-09-03
498,Jeff,Ruiz,6678,93102,"Chula Vista, CA",Learning Tree Table Tennis Club,2245,2024-07-07,2318,2024-07-12,ACTIVE,NW LA Open,1773.0,1775.0,2016-05-01,2016-05-01
499,Matt,Winkler,8506,1763,"Gilbert, AZ","Table Tennis & More, Inc.",2245,2024-07-28,2122,2024-05-24,ACTIVE,2012 LA Open Butterfly Table Tennis Tournament,2171.0,2185.0,2012-09-02,
507,Pinchung,Chen,1177,89620,"Arcadia, CA",California Table Tennis,2242,2024-03-10,2328,2016-05-28,ACTIVE,2016 Butterfly LA Open Tournament,2372.0,2283.0,2016-09-03,2016-09-04
507,Pinchung,Chen,1177,89620,"Arcadia, CA",California Table Tennis,2242,2024-03-10,2328,2016-05-28,ACTIVE,2015 LA Open Table Tennis Tournament,2152.0,2240.0,2015-09-06,
507,Pinchung,Chen,1177,89620,"Arcadia, CA",California Table Tennis,2242,2024-03-10,2328,2016-05-28,ACTIVE,2014 LA Open Table Tennis Tournament,2211.0,2202.0,2014-08-17,
507,Pinchung,Chen,1177,89620,"Arcadia, CA",California Table Tennis,2242,2024-03-10,2328,2016-05-28,ACTIVE,2013 LA Open Table Tennis Tournament,1820.0,1856.0,2013-09-01,
510,Muskan,Gupta,114603,213603,"Milpitas, CA",,2240,2024-05-27,2146,2024-04-14,ACTIVE,2018 JOOLA LA Open Tournament,2002.0,1986.0,2018-09-01,2018-09-01
515,Anish,Madurai Narayanamurthy,168095,267095,"Tempe, AZ",,2238,2023-12-02,0,,ACTIVE,2022 LA Open,2264.0,2284.0,2022-12-10,2022-12-11
520,Tung,Pham,6129,93480,"Rancho Cucamonga, CA",,2235,2024-06-02,0,,ACTIVE,2019 Joola LA Open,2359.0,2359.0,2019-08-31,2019-09-01
520,Tung,Pham,6129,93480,"Rancho Cucamonga, CA",,2235,2024-06-02,0,,ACTIVE,North-West La Open 2** Tournament,2390.0,2374.0,2019-04-28,2019-04-28
520,Tung,Pham,6129,93480,"Rancho Cucamonga, CA",,2235,2024-06-02,0,,ACTIVE,North-West LA Open 2** Tournament,2413.0,2413.0,2019-01-20,2019-01-20
520,Tung,Pham,6129,93480,"Rancho Cucamonga, CA",,2235,2024-06-02,0,,ACTIVE,2018 JOOLA LA Open Tournament,2478.0,2462.0,2018-09-01,2018-09-01
520,Tung,Pham,6129,93480,"Rancho Cucamonga, CA",,2235,2024-06-02,0,,ACTIVE,OCTTA warm up for LA open,2469.0,2478.0,2018-08-25,2018-08-26
520,Tung,Pham,6129,93480,"Rancho Cucamonga, CA",,2235,2024-06-02,0,,ACTIVE,North West LA Open 2 ,2444.0,2446.0,2018-04-29,2018-04-29
520,Tung,Pham,6129,93480,"Rancho Cucamonga, CA",,2235,2024-06-02,0,,ACTIVE,Norht- West LA Open,2499.0,2499.0,2017-11-19,2017-11-19
520,Tung,Pham,6129,93480,"Rancho Cucamonga, CA",,2235,2024-06-02,0,,ACTIVE,2017 JOOLA LA Open Tournament,2396.0,2397.0,2017-09-02,2017-09-03
520,Tung,Pham,6129,93480,"Rancho Cucamonga, CA",,2235,2024-06-02,0,,ACTIVE,North West LA Open,2418.0,2410.0,2017-01-15,2017-01-15
520,Tung,Pham,6129,93480,"Rancho Cucamonga, CA",,2235,2024-06-02,0,,ACTIVE,Trump's Time North West LA Open,2362.0,2370.0,2016-11-13,2016-11-13
520,Tung,Pham,6129,93480,"Rancho Cucamonga, CA",,2235,2024-06-02,0,,ACTIVE,2016 Butterfly LA Open Tournament,2378.0,2378.0,2016-09-03,2016-09-04
520,Tung,Pham,6129,93480,"Rancho Cucamonga, CA",,2235,2024-06-02,0,,ACTIVE,2015 LA Open Table Tennis Tournament,2342.0,2318.0,2015-09-06,
520,Tung,Pham,6129,93480,"Rancho Cucamonga, CA",,2235,2024-06-02,0,,ACTIVE,2014 LA Open Table Tennis Tournament,2396.0,2432.0,2014-08-17,
520,Tung,Pham,6129,93480,"Rancho Cucamonga, CA",,2235,2024-06-02,0,,ACTIVE,NW LA Open,2483.0,2473.0,2014-05-04,
529,Mendy,Wang,51950,86207,"Princeton Junction, NJ",,2231,2024-08-25,2122,2018-01-09,ACTIVE,2019 Joola LA Open,2244.0,2250.0,2019-08-31,2019-09-01
533,Behzad,Ranjbar,176807,1176807,Coralville,,2230,2024-03-17,0,,ACTIVE,2023 Joola LA Open,2234.0,2222.0,2023-08-12,2023-08-13
538,John,Mar,4973,5185,"Lawrenceville, GA",Atlanta International Table Tennis Academy,2228,2024-07-14,2152,2008-08-02,ACTIVE,2012 LA Open Butterfly Table Tennis Tournament,2254.0,2247.0,2012-09-02,
539,John Thach,Tran,7867,60601,"Santa Ana, CA",Long Beach Table Tennis Club,2228,2024-06-02,2333,2011-11-19,ACTIVE,OCTTA warm up for LA open,2266.0,2273.0,2018-08-25,2018-08-26
539,John Thach,Tran,7867,60601,"Santa Ana, CA",Long Beach Table Tennis Club,2228,2024-06-02,2333,2011-11-19,ACTIVE,2013 LA Open Table Tennis Tournament,2343.0,2339.0,2013-09-01,
539,John Thach,Tran,7867,60601,"Santa Ana, CA",Long Beach Table Tennis Club,2228,2024-06-02,2333,2011-11-19,ACTIVE,2012 LA Open Butterfly Table Tennis Tournament,2324.0,2338.0,2012-09-02,
539,John Thach,Tran,7867,60601,"Santa Ana, CA",Long Beach Table Tennis Club,2228,2024-06-02,2333,2011-11-19,ACTIVE,LA Open TT Tournament 2011,2310.0,2309.0,2011-09-04,
546,Kary,Fang,112608,211608,"Fort Collins, CO",Mile High Table Tennis Academy,2226,2024-08-04,670,2017-08-13,ACTIVE,2024 JOOLA LA Open Table Tennis Tournament,2245.0,2226.0,2024-08-03,2024-08-04
550,Ziqi,Yan,172136,271136,"Bellevue, WA",Seattle Pacific Table Tennis Club,2223,2024-04-28,2063,2021-08-14,ACTIVE,2023 Joola LA Open,2273.0,2238.0,2023-08-12,2023-08-13
564,Alexander,Salcido,6753,30014,"Buena Park, CA",Los Angeles Table Tennis Association,2218,2023-12-21,1999,2004-04-03,ACTIVE,2012 LA Open Butterfly Table Tennis Tournament,2102.0,2099.0,2012-09-02,
564,Alexander,Salcido,6753,30014,"Buena Park, CA",Los Angeles Table Tennis Association,2218,2023-12-21,1999,2004-04-03,ACTIVE,LA Open TT Tournament 2011,2113.0,2105.0,2011-09-04,
567,Sung W.,Yang,8793,58961,"Bellevue, WA",Bellevue Table Tennis Club,2217,2018-03-02,2164,2017-11-25,ACTIVE,2015 LA Open Table Tennis Tournament,2079.0,2123.0,2015-09-06,
577,Santiago,Uribe,173722,1173722,,,2213,2024-08-04,2192,2024-08-10,ACTIVE,2024 JOOLA LA Open Table Tennis Tournament,2129.0,2213.0,2024-08-03,2024-08-04
583,Genelia,William,116165,215165,"Fremont, CA",(TTA) Table Tennis America,2210,2024-07-07,2000,2024-06-30,ACTIVE,2023 Joola LA Open,2049.0,2073.0,2023-08-12,2023-08-13
588,Angelica,Arellano,231,92195,"Fullerton, CA",Grace Lin TTC,2208,2023-08-13,0,,ACTIVE,2023 Joola LA Open,2165.0,2208.0,2023-08-12,2023-08-13
588,Angelica,Arellano,231,92195,"Fullerton, CA",Grace Lin TTC,2208,2023-08-13,0,,ACTIVE,2022 LA Open,2273.0,2269.0,2022-12-10,2022-12-11
588,Angelica,Arellano,231,92195,"Fullerton, CA",Grace Lin TTC,2208,2023-08-13,0,,ACTIVE,2019 Joola LA Open,1746.0,1747.0,2019-08-31,2019-09-01
588,Angelica,Arellano,231,92195,"Fullerton, CA",Grace Lin TTC,2208,2023-08-13,0,,ACTIVE,2018 JOOLA LA Open Tournament,1659.0,1659.0,2018-09-01,2018-09-01
588,Angelica,Arellano,231,92195,"Fullerton, CA",Grace Lin TTC,2208,2023-08-13,0,,ACTIVE,North West LA Open 2 ,1795.0,1659.0,2018-04-29,2018-04-29
588,Angelica,Arellano,231,92195,"Fullerton, CA",Grace Lin TTC,2208,2023-08-13,0,,ACTIVE,2017 JOOLA LA Open Tournament,1693.0,1673.0,2017-09-02,2017-09-03
588,Angelica,Arellano,231,92195,"Fullerton, CA",Grace Lin TTC,2208,2023-08-13,0,,ACTIVE,2016 Butterfly LA Open Tournament,1396.0,1403.0,2016-09-03,2016-09-04
588,Angelica,Arellano,231,92195,"Fullerton, CA",Grace Lin TTC,2208,2023-08-13,0,,ACTIVE,NW LA Open,1032.0,1011.0,2016-05-01,2016-05-01
588,Angelica,Arellano,231,92195,"Fullerton, CA",Grace Lin TTC,2208,2023-08-13,0,,ACTIVE,2015 LA Open Table Tennis Tournament,634.0,634.0,2015-09-06,
591,Preston Ha Trun,Nguyen,38233,29200,"Midway City, CA",,2206,2024-08-04,1976,2004-03-06,ACTIVE,2024 JOOLA LA Open Table Tennis Tournament,2240.0,2206.0,2024-08-03,2024-08-04
591,Preston Ha Trun,Nguyen,38233,29200,"Midway City, CA",,2206,2024-08-04,1976,2004-03-06,ACTIVE,2023 Joola LA Open,2232.0,2216.0,2023-08-12,2023-08-13
591,Preston Ha Trun,Nguyen,38233,29200,"Midway City, CA",,2206,2024-08-04,1976,2004-03-06,ACTIVE,2022 LA Open,2287.0,2274.0,2022-12-10,2022-12-11
591,Preston Ha Trun,Nguyen,38233,29200,"Midway City, CA",,2206,2024-08-04,1976,2004-03-06,ACTIVE,2013 LA Open Table Tennis Tournament,2301.0,2299.0,2013-09-01,
591,Preston Ha Trun,Nguyen,38233,29200,"Midway City, CA",,2206,2024-08-04,1976,2004-03-06,ACTIVE,2012 LA Open Butterfly Table Tennis Tournament,2320.0,2300.0,2012-09-02,
591,Preston Ha Trun,Nguyen,38233,29200,"Midway City, CA",,2206,2024-08-04,1976,2004-03-06,ACTIVE,LA Open TT Tournament 2011,2349.0,2316.0,2011-09-04,
592,Michelle (Min),Yang,54406,73204,"San Jose, CA",,2206,2018-03-02,1929,2024-04-13,ACTIVE,2013 LA Open Table Tennis Tournament,2201.0,2196.0,2013-09-01,
592,Michelle (Min),Yang,54406,73204,"San Jose, CA",,2206,2018-03-02,1929,2024-04-13,ACTIVE,2012 LA Open Butterfly Table Tennis Tournament,2233.0,2201.0,2012-09-02,
592,Michelle (Min),Yang,54406,73204,"San Jose, CA",,2206,2018-03-02,1929,2024-04-13,ACTIVE,LA Open TT Tournament 2011,2171.0,2157.0,2011-09-04,
596,Puneet,Khurana,78477,29320,"San Diego, CA",San Diego TTA,2204,2020-01-19,1975,2023-10-27,ACTIVE,2019 Joola LA Open,2199.0,2185.0,2019-08-31,2019-09-01
603,Li,Chen,15324,64486,"Monterey Park, CA",,2203,2018-03-02,2092,2010-04-11,ACTIVE,2012 LA Open Butterfly Table Tennis Tournament,2169.0,2166.0,2012-09-02,
603,Li,Chen,15324,64486,"Monterey Park, CA",,2203,2018-03-02,2092,2010-04-11,ACTIVE,LA Open TT Tournament 2011,2164.0,2169.0,2011-09-04,
605,Vignesh,Iyer,171366,270366,"Irvine, CA",,2202,2024-08-24,0,,ACTIVE,2024 JOOLA LA Open Table Tennis Tournament,2187.0,2196.0,2024-08-03,2024-08-04
605,Vignesh,Iyer,171366,270366,"Irvine, CA",,2202,2024-08-24,0,,ACTIVE,2023 Joola LA Open,2139.0,2138.0,2023-08-12,2023-08-13
606,Haizhu,Yang,171743,1171743,"Lake Oswego, OR",,2202,2023-12-21,0,,ACTIVE,2023 Joola LA Open,2157.0,2125.0,2023-08-12,2023-08-13
611,Anthony,Chu,1323,71673,"Milpitas, CA","The Top Spin, LLC",2200,2024-09-02,2217,2022-10-27,ACTIVE,North West LA Open 2 ,2273.0,2276.0,2018-04-29,2018-04-29
625,Hoang,Pham,40640,82354,"Garden Grove, CA",,2196,2024-04-28,0,,ACTIVE,2022 LA Open,1994.0,2100.0,2022-12-10,2022-12-11
625,Hoang,Pham,40640,82354,"Garden Grove, CA",,2196,2024-04-28,0,,ACTIVE,2018 JOOLA LA Open Tournament,2017.0,1998.0,2018-09-01,2018-09-01
625,Hoang,Pham,40640,82354,"Garden Grove, CA",,2196,2024-04-28,0,,ACTIVE,OCTTA warm up for LA open,2022.0,2017.0,2018-08-25,2018-08-26
629,Bosman,Botha,120904,219904,"Los Altos Hills, CA",,2195,2024-09-02,1951,2022-08-28,ACTIVE,2022 LA Open,1951.0,2022.0,2022-12-10,2022-12-11
629,Bosman,Botha,120904,219904,"Los Altos Hills, CA",,2195,2024-09-02,1951,2022-08-28,ACTIVE,2019 Joola LA Open,1374.0,1534.0,2019-08-31,2019-09-01
630,Dong,Liu,116830,215830,"Newark, CA",Golden State Table Tennis Club LLC,2195,2024-09-02,2125,2024-06-29,ACTIVE,2023 Joola LA Open,2264.0,2216.0,2023-08-12,2023-08-13
630,Dong,Liu,116830,215830,"Newark, CA",Golden State Table Tennis Club LLC,2195,2024-09-02,2125,2024-06-29,ACTIVE,2018 JOOLA LA Open Tournament,2052.0,2015.0,2018-09-01,2018-09-01
632,Tri H.,Dinh,1765,49435,"Carlsbad, CA",Spin Garden,2195,2024-08-04,0,,ACTIVE,2024 JOOLA LA Open Table Tennis Tournament,2175.0,2195.0,2024-08-03,2024-08-04
632,Tri H.,Dinh,1765,49435,"Carlsbad, CA",Spin Garden,2195,2024-08-04,0,,ACTIVE,2019 Joola LA Open,2249.0,2156.0,2019-08-31,2019-09-01
632,Tri H.,Dinh,1765,49435,"Carlsbad, CA",Spin Garden,2195,2024-08-04,0,,ACTIVE,2015 LA Open Table Tennis Tournament,2289.0,2255.0,2015-09-06,
632,Tri H.,Dinh,1765,49435,"Carlsbad, CA",Spin Garden,2195,2024-08-04,0,,ACTIVE,2013 LA Open Table Tennis Tournament,2179.0,2214.0,2013-09-01,
632,Tri H.,Dinh,1765,49435,"Carlsbad, CA",Spin Garden,2195,2024-08-04,0,,ACTIVE,2012 LA Open Butterfly Table Tennis Tournament,2227.0,2308.0,2012-09-02,
632,Tri H.,Dinh,1765,49435,"Carlsbad, CA",Spin Garden,2195,2024-08-04,0,,ACTIVE,LA Open TT Tournament 2011,2266.0,2257.0,2011-09-04,
638,Jian,Zhuang,9164,55345,"Granite Bay, CA",Folsom Table Tennis Club,2191,2024-07-07,2102,2014-10-25,ACTIVE,2019 Joola LA Open,2151.0,2161.0,2019-08-31,2019-09-01
649,Chong,Tay,7694,14532,"Alhambra, CA",Los Angeles Table Tennis Association,2187,2018-05-31,0,,ACTIVE,2016 Butterfly LA Open Tournament,2185.0,2183.0,2016-09-03,2016-09-04
649,Chong,Tay,7694,14532,"Alhambra, CA",Los Angeles Table Tennis Association,2187,2018-05-31,0,,ACTIVE,2014 LA Open Table Tennis Tournament,2074.0,2119.0,2014-08-17,
649,Chong,Tay,7694,14532,"Alhambra, CA",Los Angeles Table Tennis Association,2187,2018-05-31,0,,ACTIVE,2012 LA Open Butterfly Table Tennis Tournament,2116.0,2102.0,2012-09-02,
649,Chong,Tay,7694,14532,"Alhambra, CA",Los Angeles Table Tennis Association,2187,2018-05-31,0,,ACTIVE,LA Open TT Tournament 2011,2111.0,2161.0,2011-09-04,
660,Joe,Zhang,165421,1165421,"Milpitas, CA",ICC Table Tennis Center,2183,2024-08-25,2137,2024-09-07,ACTIVE,2023 Joola LA Open,2138.0,2145.0,2023-08-12,2023-08-13
662,Jones,Baldonado,391,78800,"Las Vegas, NV",Las Vegas Table Tennis,2183,2023-06-04,0,,ACTIVE,2019 Joola LA Open,2235.0,2219.0,2019-08-31,2019-09-01
662,Jones,Baldonado,391,78800,"Las Vegas, NV",Las Vegas Table Tennis,2183,2023-06-04,0,,ACTIVE,NW LA Open,2223.0,2231.0,2016-05-01,2016-05-01
676,Ryan,Hoarfrost,3060,11877,"Lake Oswego, OR",Paddle Palace Club,2178,2024-09-08,2124,2014-08-01,ACTIVE,2016 Butterfly LA Open Tournament,2115.0,2117.0,2016-09-03,2016-09-04
676,Ryan,Hoarfrost,3060,11877,"Lake Oswego, OR",Paddle Palace Club,2178,2024-09-08,2124,2014-08-01,ACTIVE,2014 LA Open Table Tennis Tournament,2007.0,2028.0,2014-08-17,
676,Ryan,Hoarfrost,3060,11877,"Lake Oswego, OR",Paddle Palace Club,2178,2024-09-08,2124,2014-08-01,ACTIVE,2013 LA Open Table Tennis Tournament,2061.0,2058.0,2013-09-01,
676,Ryan,Hoarfrost,3060,11877,"Lake Oswego, OR",Paddle Palace Club,2178,2024-09-08,2124,2014-08-01,ACTIVE,2012 LA Open Butterfly Table Tennis Tournament,2064.0,2087.0,2012-09-02,
676,Ryan,Hoarfrost,3060,11877,"Lake Oswego, OR",Paddle Palace Club,2178,2024-09-08,2124,2014-08-01,ACTIVE,LA Open TT Tournament 2011,1801.0,1826.0,2011-09-04,
677,Anastasia,Wang,8223,95295,"Fremont, CA",,2177,2024-08-25,1968,2022-06-18,ACTIVE,2015 LA Open Table Tennis Tournament,977.0,1083.0,2015-09-06,
698,Shashin,Shodhan,7103,55220,"Fremont, CA",Fremont Table Tennis Academy,2170,2024-03-24,2259,2024-02-24,ACTIVE,2018 JOOLA LA Open Tournament,2338.0,2354.0,2018-09-01,2018-09-01
698,Shashin,Shodhan,7103,55220,"Fremont, CA",Fremont Table Tennis Academy,2170,2024-03-24,2259,2024-02-24,ACTIVE,2017 JOOLA LA Open Tournament,2332.0,2338.0,2017-09-02,2017-09-03
698,Shashin,Shodhan,7103,55220,"Fremont, CA",Fremont Table Tennis Academy,2170,2024-03-24,2259,2024-02-24,ACTIVE,2016 Butterfly LA Open Tournament,2308.0,2287.0,2016-09-03,2016-09-04
698,Shashin,Shodhan,7103,55220,"Fremont, CA",Fremont Table Tennis Academy,2170,2024-03-24,2259,2024-02-24,ACTIVE,2015 LA Open Table Tennis Tournament,2296.0,2294.0,2015-09-06,
698,Shashin,Shodhan,7103,55220,"Fremont, CA",Fremont Table Tennis Academy,2170,2024-03-24,2259,2024-02-24,ACTIVE,2013 LA Open Table Tennis Tournament,2337.0,2300.0,2013-09-01,
698,Shashin,Shodhan,7103,55220,"Fremont, CA",Fremont Table Tennis Academy,2170,2024-03-24,2259,2024-02-24,ACTIVE,2012 LA Open Butterfly Table Tennis Tournament,2412.0,2361.0,2012-09-02,
709,Victor,Moraga,164612,263612,"Brea, CA",Learning Tree Table Tennis Club,2165,2024-08-04,2118,2024-04-12,ACTIVE,2024 JOOLA LA Open Table Tennis Tournament,2153.0,2165.0,2024-08-03,2024-08-04
709,Victor,Moraga,164612,263612,"Brea, CA",Learning Tree Table Tennis Club,2165,2024-08-04,2118,2024-04-12,ACTIVE,2023 Joola LA Open,2077.0,2162.0,2023-08-12,2023-08-13
709,Victor,Moraga,164612,263612,"Brea, CA",Learning Tree Table Tennis Club,2165,2024-08-04,2118,2024-04-12,ACTIVE,2019 Joola LA Open,1915.0,1902.0,2019-08-31,2019-09-01
709,Victor,Moraga,164612,263612,"Brea, CA",Learning Tree Table Tennis Club,2165,2024-08-04,2118,2024-04-12,ACTIVE,North-West LA Open 2** Tournament,1918.0,1922.0,2019-06-16,2019-06-16
721,Jozon,Lavilla,4164,81793,"Las Vegas, NV",Las Vegas Table Tennis Club,2160,2024-08-04,2013,2024-03-10,ACTIVE,2024 JOOLA LA Open Table Tennis Tournament,2178.0,2160.0,2024-08-03,2024-08-04
721,Jozon,Lavilla,4164,81793,"Las Vegas, NV",Las Vegas Table Tennis Club,2160,2024-08-04,2013,2024-03-10,ACTIVE,North West LA Open,2251.0,2249.0,2017-01-15,2017-01-15
721,Jozon,Lavilla,4164,81793,"Las Vegas, NV",Las Vegas Table Tennis Club,2160,2024-08-04,2013,2024-03-10,ACTIVE,2016 Butterfly LA Open Tournament,2185.0,2282.0,2016-09-03,2016-09-04
721,Jozon,Lavilla,4164,81793,"Las Vegas, NV",Las Vegas Table Tennis Club,2160,2024-08-04,2013,2024-03-10,ACTIVE,NW LA Open,2218.0,2185.0,2016-05-01,2016-05-01
722,Sarthak,Pradhan,102255,98257,"Milpitas, CA",ICC Table Tennis Center,2160,2024-07-07,2100,2024-06-22,ACTIVE,2018 JOOLA LA Open Tournament,1785.0,1763.0,2018-09-01,2018-09-01
726,Ruslan,Riabokoniev,6516,94469,"Kaysville, UT",,2159,2024-07-07,2143,2016-08-07,ACTIVE,2017 JOOLA LA Open Tournament,2167.0,2162.0,2017-09-02,2017-09-03
726,Ruslan,Riabokoniev,6516,94469,"Kaysville, UT",,2159,2024-07-07,2143,2016-08-07,ACTIVE,2016 Butterfly LA Open Tournament,2031.0,2074.0,2016-09-03,2016-09-04
729,Shuang,Yu,121833,220833,"Lynwood, WA",,2159,2024-09-08,2190,2024-08-24,ACTIVE,2023 Joola LA Open,2241.0,2259.0,2023-08-12,2023-08-13
737,Kevin,Au,295,59475,"San Jose, CA",(TTA) Table Tennis America,2156,2024-09-02,2204,2022-10-19,ACTIVE,2018 JOOLA LA Open Tournament,2375.0,2340.0,2018-09-01,2018-09-01
737,Kevin,Au,295,59475,"San Jose, CA",(TTA) Table Tennis America,2156,2024-09-02,2204,2022-10-19,ACTIVE,LA Open TT Tournament 2011,2227.0,2277.0,2011-09-04,
742,Khoi,Nguyen,5641,76535,"San Jose, CA",,2154,2024-04-28,1910,2013-09-14,ACTIVE,2019 Joola LA Open,2164.0,2144.0,2019-08-31,2019-09-01
742,Khoi,Nguyen,5641,76535,"San Jose, CA",,2154,2024-04-28,1910,2013-09-14,ACTIVE,2016 Butterfly LA Open Tournament,2053.0,2051.0,2016-09-03,2016-09-04
745,Ayllon,Giladi,58815,25344,"Portland, OR",Paddle Palace Club,2154,2024-09-08,2029,2023-06-09,ACTIVE,2022 LA Open,2034.0,2018.0,2022-12-10,2022-12-11
747,Tung D.,Phan,6136,9070,"Westminster, CA",Vietnamese Community Center TT Club (VCCTT),2154,2024-08-04,2153,2015-05-05,ACTIVE,2024 JOOLA LA Open Table Tennis Tournament,2159.0,2154.0,2024-08-03,2024-08-04
747,Tung D.,Phan,6136,9070,"Westminster, CA",Vietnamese Community Center TT Club (VCCTT),2154,2024-08-04,2153,2015-05-05,ACTIVE,2023 Joola LA Open,2190.0,2075.0,2023-08-12,2023-08-13
747,Tung D.,Phan,6136,9070,"Westminster, CA",Vietnamese Community Center TT Club (VCCTT),2154,2024-08-04,2153,2015-05-05,ACTIVE,2019 Joola LA Open,2207.0,2162.0,2019-08-31,2019-09-01
747,Tung D.,Phan,6136,9070,"Westminster, CA",Vietnamese Community Center TT Club (VCCTT),2154,2024-08-04,2153,2015-05-05,ACTIVE,2018 JOOLA LA Open Tournament,2182.0,2207.0,2018-09-01,2018-09-01
747,Tung D.,Phan,6136,9070,"Westminster, CA",Vietnamese Community Center TT Club (VCCTT),2154,2024-08-04,2153,2015-05-05,ACTIVE,OCTTA warm up for LA open,2220.0,2182.0,2018-08-25,2018-08-26
747,Tung D.,Phan,6136,9070,"Westminster, CA",Vietnamese Community Center TT Club (VCCTT),2154,2024-08-04,2153,2015-05-05,ACTIVE,2016 Butterfly LA Open Tournament,2243.0,2245.0,2016-09-03,2016-09-04
747,Tung D.,Phan,6136,9070,"Westminster, CA",Vietnamese Community Center TT Club (VCCTT),2154,2024-08-04,2153,2015-05-05,ACTIVE,2015 LA Open Table Tennis Tournament,2250.0,2253.0,2015-09-06,
747,Tung D.,Phan,6136,9070,"Westminster, CA",Vietnamese Community Center TT Club (VCCTT),2154,2024-08-04,2153,2015-05-05,ACTIVE,2013 LA Open Table Tennis Tournament,2276.0,2269.0,2013-09-01,
747,Tung D.,Phan,6136,9070,"Westminster, CA",Vietnamese Community Center TT Club (VCCTT),2154,2024-08-04,2153,2015-05-05,ACTIVE,2012 LA Open Butterfly Table Tennis Tournament,2355.0,2338.0,2012-09-02,
747,Tung D.,Phan,6136,9070,"Westminster, CA",Vietnamese Community Center TT Club (VCCTT),2154,2024-08-04,2153,2015-05-05,ACTIVE,LA Open TT Tournament 2011,2285.0,2265.0,2011-09-04,
749,Yi,Ma,34103,84273,"Santa Clara, CA",,2153,2024-07-28,2040,2024-06-29,ACTIVE,2018 JOOLA LA Open Tournament,1871.0,1876.0,2018-09-01,2018-09-01
750,Kenny,Au,124163,223163,"San Jose, CA",(TTA) Table Tennis America,2152,2024-09-02,2060,2024-03-10,ACTIVE,2018 JOOLA LA Open Tournament,628.0,1145.0,2018-09-01,2018-09-01
751,Louise Ashley,Allavado,177583,1177583,North Hills,,2152,2022-12-21,0,,ACTIVE,2022 LA Open,2221.0,2197.0,2022-12-10,2022-12-11
766,Kyle,Jao,3408,81559,"Sunnyvale, CA",Swan Ping Pong,2147,2024-06-16,2087,2024-06-29,ACTIVE,2019 Joola LA Open,1953.0,1986.0,2019-08-31,2019-09-01
768,David,Roberts,6562,55604,"Bellevue, WA",Seattle Pacific Table Tennis Club,2147,2023-12-10,2169,2023-12-30,ACTIVE,2017 JOOLA LA Open Tournament,2228.0,2217.0,2017-09-02,2017-09-03
778,Shing-Li,Sung,7540,30198,"Campbell, CA",ICC Table Tennis Center,2144,2024-07-07,2073,2024-06-29,ACTIVE,2014 LA Open Table Tennis Tournament,2187.0,2117.0,2014-08-17,
784,Sumedh,Seetharaman,166449,1166449,"San Jose, CA",(TTA) Table Tennis America,2141,2024-07-07,2014,2024-09-01,ACTIVE,2023 Joola LA Open,1941.0,1960.0,2023-08-12,2023-08-13
786,David,Chow,16108,27027,"North Hollywood, CA",Westside Table Tennis Center,2141,2024-08-04,1955,2006-08-26,ACTIVE,2024 JOOLA LA Open Table Tennis Tournament,2122.0,2141.0,2024-08-03,2024-08-04
786,David,Chow,16108,27027,"North Hollywood, CA",Westside Table Tennis Center,2141,2024-08-04,1955,2006-08-26,ACTIVE,2023 Joola LA Open,2107.0,2099.0,2023-08-12,2023-08-13
786,David,Chow,16108,27027,"North Hollywood, CA",Westside Table Tennis Center,2141,2024-08-04,1955,2006-08-26,ACTIVE,2019 Joola LA Open,2180.0,2131.0,2019-08-31,2019-09-01
786,David,Chow,16108,27027,"North Hollywood, CA",Westside Table Tennis Center,2141,2024-08-04,1955,2006-08-26,ACTIVE,2018 JOOLA LA Open Tournament,2150.0,2160.0,2018-09-01,2018-09-01
786,David,Chow,16108,27027,"North Hollywood, CA",Westside Table Tennis Center,2141,2024-08-04,1955,2006-08-26,ACTIVE,OCTTA warm up for LA open,2117.0,2150.0,2018-08-25,2018-08-26
786,David,Chow,16108,27027,"North Hollywood, CA",Westside Table Tennis Center,2141,2024-08-04,1955,2006-08-26,ACTIVE,2017 JOOLA LA Open Tournament,1897.0,1937.0,2017-09-02,2017-09-03
787,Ming,Zhang,9034,23562,"Milpitas * *, CA",Palo Alto Table Tennis Association,2140,2018-03-02,2105,2022-11-04,ACTIVE,2016 Butterfly LA Open Tournament,2147.0,2140.0,2016-09-03,2016-09-04
798,Philippe,Dassonval,1610,60396,"Woodside, NY",NYTTF,2138,2024-06-30,2150,2014-03-04,ACTIVE,2014 LA Open Table Tennis Tournament,1975.0,2101.0,2014-08-17,
798,Philippe,Dassonval,1610,60396,"Woodside, NY",NYTTF,2138,2024-06-30,2150,2014-03-04,ACTIVE,LA Open TT Tournament 2011,2382.0,2264.0,2011-09-04,
803,Mustafa,Ucozler,7989,16568,"Lemon Grove, CA",San Diego TTA,2136,2024-01-21,0,,ACTIVE,2018 JOOLA LA Open Tournament,2188.0,2170.0,2018-09-01,2018-09-01
803,Mustafa,Ucozler,7989,16568,"Lemon Grove, CA",San Diego TTA,2136,2024-01-21,0,,ACTIVE,LA Open TT Tournament 2011,2196.0,2209.0,2011-09-04,
807,Kayleigh,Cui,116499,215499,"San Diego, CA",,2135,2024-05-27,1991,2024-03-22,ACTIVE,2022 LA Open,2211.0,2204.0,2022-12-10,2022-12-11
807,Kayleigh,Cui,116499,215499,"San Diego, CA",,2135,2024-05-27,1991,2024-03-22,ACTIVE,2019 Joola LA Open,2189.0,2174.0,2019-08-31,2019-09-01
807,Kayleigh,Cui,116499,215499,"San Diego, CA",,2135,2024-05-27,1991,2024-03-22,ACTIVE,2018 JOOLA LA Open Tournament,1880.0,1948.0,2018-09-01,2018-09-01
807,Kayleigh,Cui,116499,215499,"San Diego, CA",,2135,2024-05-27,1991,2024-03-22,ACTIVE,North West LA Open,1596.0,1598.0,2018-01-21,2018-01-21
807,Kayleigh,Cui,116499,215499,"San Diego, CA",,2135,2024-05-27,1991,2024-03-22,ACTIVE,2017 JOOLA LA Open Tournament,1308.0,1564.0,2017-09-02,2017-09-03
809,Mansour,Saraei,387,97370,"Irvine, CA",,2135,2024-04-28,0,,ACTIVE,North - West LA Open,2187.0,2223.0,2020-02-09,2020-02-09
809,Mansour,Saraei,387,97370,"Irvine, CA",,2135,2024-04-28,0,,ACTIVE,OCTTA warm up for LA open,2112.0,2103.0,2018-08-25,2018-08-26
820,Leandro,Carvalho,131904,230904,,,2130,2024-06-22,0,,ACTIVE,2022 LA Open,2153.0,2153.0,2022-12-10,2022-12-11
820,Leandro,Carvalho,131904,230904,,,2130,2024-06-22,0,,ACTIVE,2019 Joola LA Open,2074.0,2074.0,2019-08-31,2019-09-01
820,Leandro,Carvalho,131904,230904,,,2130,2024-06-22,0,,ACTIVE,North-West LA Open 2** Tournament,2066.0,2069.0,2019-06-16,2019-06-16
821,Thomas,Fersch,120939,219939,"Mountain View, CA",Kou Lei Table Tennis Club,2130,2024-08-25,2097,2024-08-18,ACTIVE,2024 JOOLA LA Open Table Tennis Tournament,2142.0,2148.0,2024-08-03,2024-08-04
821,Thomas,Fersch,120939,219939,"Mountain View, CA",Kou Lei Table Tennis Club,2130,2024-08-25,2097,2024-08-18,ACTIVE,2019 Joola LA Open,2081.0,2098.0,2019-08-31,2019-09-01
822,CHIRAG,PRADHAN,175994,274994,"Fremont, CA",(TTA) Table Tennis America,2130,2024-07-07,2017,2024-06-29,ACTIVE,2023 Joola LA Open,1742.0,1905.0,2023-08-12,2023-08-13
824,Priya,Venkateraman,171128,1171128,"Fort Collins, CO",,2129,2024-08-04,0,,ACTIVE,2024 JOOLA LA Open Table Tennis Tournament,2147.0,2129.0,2024-08-03,2024-08-04
839,Loi,Pham,6121,92907,"Thornton, CO",Sky High Table Tennis Club,2124,2024-04-28,0,,ACTIVE,2022 LA Open,2096.0,2131.0,2022-12-10,2022-12-11
839,Loi,Pham,6121,92907,"Thornton, CO",Sky High Table Tennis Club,2124,2024-04-28,0,,ACTIVE,2018 JOOLA LA Open Tournament,2103.0,2105.0,2018-09-01,2018-09-01
839,Loi,Pham,6121,92907,"Thornton, CO",Sky High Table Tennis Club,2124,2024-04-28,0,,ACTIVE,OCTTA warm up for LA open,2096.0,2103.0,2018-08-25,2018-08-26
849,Daniel,Zhou,9128,97477,"San Diego, CA",,2120,2020-01-19,1969,2024-07-12,ACTIVE,2019 Joola LA Open,2160.0,2170.0,2019-08-31,2019-09-01
849,Daniel,Zhou,9128,97477,"San Diego, CA",,2120,2020-01-19,1969,2024-07-12,ACTIVE,2018 JOOLA LA Open Tournament,1946.0,2045.0,2018-09-01,2018-09-01
849,Daniel,Zhou,9128,97477,"San Diego, CA",,2120,2020-01-19,1969,2024-07-12,ACTIVE,2017 JOOLA LA Open Tournament,1729.0,1718.0,2017-09-02,2017-09-03
849,Daniel,Zhou,9128,97477,"San Diego, CA",,2120,2020-01-19,1969,2024-07-12,ACTIVE,2016 Butterfly LA Open Tournament,1427.0,1548.0,2016-09-03,2016-09-04
849,Daniel,Zhou,9128,97477,"San Diego, CA",,2120,2020-01-19,1969,2024-07-12,ACTIVE,2015 LA Open Table Tennis Tournament,0.0,953.0,2015-09-06,
854,Bunny,Lee,4229,51573,"Pinole, CA",Berkeley Table Tennis Club,2118,2018-03-02,2037,2013-04-22,ACTIVE,LA Open TT Tournament 2011,2072.0,2118.0,2011-09-04,
859,Sayan,Jafarali,172149,271149,CA,,2117,2024-08-25,1878,2024-09-08,ACTIVE,2024 JOOLA LA Open Table Tennis Tournament,1989.0,2069.0,2024-08-03,2024-08-04
859,Sayan,Jafarali,172149,271149,CA,,2117,2024-08-25,1878,2024-09-08,ACTIVE,2023 Joola LA Open,1396.0,1628.0,2023-08-12,2023-08-13
862,PANRONG,XIAO,53924,26651,"Chino Hills, CA",Los Angeles Table Tennis Association,2117,2024-08-04,0,,ACTIVE,2024 JOOLA LA Open Table Tennis Tournament,2103.0,2117.0,2024-08-03,2024-08-04
863,Gina,Dole,1788,34485,"Walnut, CA",,2117,2024-06-02,0,,ACTIVE,2016 Butterfly LA Open Tournament,2168.0,2166.0,2016-09-03,2016-09-04
863,Gina,Dole,1788,34485,"Walnut, CA",,2117,2024-06-02,0,,ACTIVE,2015 LA Open Table Tennis Tournament,2150.0,2169.0,2015-09-06,
863,Gina,Dole,1788,34485,"Walnut, CA",,2117,2024-06-02,0,,ACTIVE,2014 LA Open Table Tennis Tournament,2141.0,2146.0,2014-08-17,
863,Gina,Dole,1788,34485,"Walnut, CA",,2117,2024-06-02,0,,ACTIVE,2013 LA Open Table Tennis Tournament,2134.0,2130.0,2013-09-01,
863,Gina,Dole,1788,34485,"Walnut, CA",,2117,2024-06-02,0,,ACTIVE,2012 LA Open Butterfly Table Tennis Tournament,2112.0,2113.0,2012-09-02,
874,Abhinav,Shirbhate,166334,265334,"Sunnyvale, CA",Kou Lei Table Tennis Club,2113,2024-08-25,1899,2024-09-07,ACTIVE,2024 JOOLA LA Open Table Tennis Tournament,2074.0,2127.0,2024-08-03,2024-08-04
874,Abhinav,Shirbhate,166334,265334,"Sunnyvale, CA",Kou Lei Table Tennis Club,2113,2024-08-25,1899,2024-09-07,ACTIVE,2023 Joola LA Open,1856.0,1975.0,2023-08-12,2023-08-13
875,Douglas,Tien,49429,55269,"San Jose, CA",,2112,2018-03-02,1964,2024-07-13,ACTIVE,2012 LA Open Butterfly Table Tennis Tournament,2127.0,2112.0,2012-09-02,
875,Douglas,Tien,49429,55269,"San Jose, CA",,2112,2018-03-02,1964,2024-07-13,ACTIVE,LA Open TT Tournament 2011,2114.0,2127.0,2011-09-04,
883,Larry,Hu,171474,1171474,Arcadia,,2111,2024-08-04,2021,2023-07-28,ACTIVE,2024 JOOLA LA Open Table Tennis Tournament,2096.0,2111.0,2024-08-03,2024-08-04
883,Larry,Hu,171474,1171474,Arcadia,,2111,2024-08-04,2021,2023-07-28,ACTIVE,2022 LA Open,2016.0,2102.0,2022-12-10,2022-12-11
890,Ethan,Zhou,172061,271061,"Fremont, CA",(TTA) Table Tennis America,2109,2024-07-07,1981,2024-06-23,ACTIVE,2023 Joola LA Open,1876.0,1873.0,2023-08-12,2023-08-13
891,Brandon,Koh,3873,85572,"Duluth, GA",Atlanta International Table Tennis Academy,2109,2023-12-21,1968,2024-01-05,ACTIVE,2023 Joola LA Open,2076.0,2084.0,2023-08-12,2023-08-13
891,Brandon,Koh,3873,85572,"Duluth, GA",Atlanta International Table Tennis Academy,2109,2023-12-21,1968,2024-01-05,ACTIVE,2022 LA Open,2092.0,2099.0,2022-12-10,2022-12-11
901,Hiep,Tran,7862,16107,"Sterling, VA",Newport News Table Tennis Club,2106,2022-03-27,2115,2007-06-07,ACTIVE,2019 Joola LA Open,2195.0,2163.0,2019-08-31,2019-09-01
901,Hiep,Tran,7862,16107,"Sterling, VA",Newport News Table Tennis Club,2106,2022-03-27,2115,2007-06-07,ACTIVE,2015 LA Open Table Tennis Tournament,2148.0,2140.0,2015-09-06,
903,Joey,Kuok,4013,54827,"West Hills, CA",,2105,2024-05-18,0,,ACTIVE,2015 LA Open Table Tennis Tournament,2168.0,2164.0,2015-09-06,
903,Joey,Kuok,4013,54827,"West Hills, CA",,2105,2024-05-18,0,,ACTIVE,LA Open TT Tournament 2011,1991.0,2238.0,2011-09-04,
921,Amanda,Malek,4916,81522,"Costa Mesa, CA",Power Pong TTA,2098,2023-12-21,2101,2023-09-15,ACTIVE,2023 Joola LA Open,2086.0,2106.0,2023-08-12,2023-08-13
921,Amanda,Malek,4916,81522,"Costa Mesa, CA",Power Pong TTA,2098,2023-12-21,2101,2023-09-15,ACTIVE,North - West LA Open,2118.0,2131.0,2020-02-09,2020-02-09
921,Amanda,Malek,4916,81522,"Costa Mesa, CA",Power Pong TTA,2098,2023-12-21,2101,2023-09-15,ACTIVE,North-West LA Open 2** Tournament,2187.0,2185.0,2019-11-17,2019-11-17
921,Amanda,Malek,4916,81522,"Costa Mesa, CA",Power Pong TTA,2098,2023-12-21,2101,2023-09-15,ACTIVE,2019 Joola LA Open,2186.0,2177.0,2019-08-31,2019-09-01
921,Amanda,Malek,4916,81522,"Costa Mesa, CA",Power Pong TTA,2098,2023-12-21,2101,2023-09-15,ACTIVE,OCTTA warm up for LA open,2202.0,2196.0,2018-08-25,2018-08-26
921,Amanda,Malek,4916,81522,"Costa Mesa, CA",Power Pong TTA,2098,2023-12-21,2101,2023-09-15,ACTIVE,2016 Butterfly LA Open Tournament,2156.0,2093.0,2016-09-03,2016-09-04
921,Amanda,Malek,4916,81522,"Costa Mesa, CA",Power Pong TTA,2098,2023-12-21,2101,2023-09-15,ACTIVE,NW LA Open,2089.0,2090.0,2016-05-01,2016-05-01
921,Amanda,Malek,4916,81522,"Costa Mesa, CA",Power Pong TTA,2098,2023-12-21,2101,2023-09-15,ACTIVE,2014 LA Open Table Tennis Tournament,2051.0,2047.0,2014-08-17,
921,Amanda,Malek,4916,81522,"Costa Mesa, CA",Power Pong TTA,2098,2023-12-21,2101,2023-09-15,ACTIVE,2012 LA Open Butterfly Table Tennis Tournament,1760.0,1760.0,2012-09-02,
921,Amanda,Malek,4916,81522,"Costa Mesa, CA",Power Pong TTA,2098,2023-12-21,2101,2023-09-15,ACTIVE,LA Open TT Tournament 2011,934.0,1363.0,2011-09-04,
931,Rudy,Miranda,5295,62557,"Sylmar, CA",Los Angeles Table Tennis Association,2096,2024-08-04,2142,2013-06-09,ACTIVE,2024 JOOLA LA Open Table Tennis Tournament,2152.0,2096.0,2024-08-03,2024-08-04
931,Rudy,Miranda,5295,62557,"Sylmar, CA",Los Angeles Table Tennis Association,2096,2024-08-04,2142,2013-06-09,ACTIVE,2018 JOOLA LA Open Tournament,2296.0,2326.0,2018-09-01,2018-09-01
931,Rudy,Miranda,5295,62557,"Sylmar, CA",Los Angeles Table Tennis Association,2096,2024-08-04,2142,2013-06-09,ACTIVE,2015 LA Open Table Tennis Tournament,2183.0,2229.0,2015-09-06,
931,Rudy,Miranda,5295,62557,"Sylmar, CA",Los Angeles Table Tennis Association,2096,2024-08-04,2142,2013-06-09,ACTIVE,2014 LA Open Table Tennis Tournament,2203.0,2209.0,2014-08-17,
931,Rudy,Miranda,5295,62557,"Sylmar, CA",Los Angeles Table Tennis Association,2096,2024-08-04,2142,2013-06-09,ACTIVE,2012 LA Open Butterfly Table Tennis Tournament,2293.0,2277.0,2012-09-02,
940,Ben,Zhang,165422,1165422,"Milpitas, CA",ICC Table Tennis Center,2094,2024-08-25,2037,2024-08-17,ACTIVE,2023 Joola LA Open,2147.0,2160.0,2023-08-12,2023-08-13
951,Andrew,Huang,171728,1171728,"Walnut, CA",Grace Lin TTC,2092,2024-08-24,1869,2024-09-06,ACTIVE,2023 Joola LA Open,1992.0,2007.0,2023-08-12,2023-08-13
951,Andrew,Huang,171728,1171728,"Walnut, CA",Grace Lin TTC,2092,2024-08-24,1869,2024-09-06,ACTIVE,2022 LA Open,1901.0,1910.0,2022-12-10,2022-12-11
959,Anton,Berman,564,81904,"Seattle, WA",,2089,2024-08-04,2089,2024-08-17,ACTIVE,2024 JOOLA LA Open Table Tennis Tournament,2072.0,2089.0,2024-08-03,2024-08-04
965,Zili,Wang,8337,86064,"Fremont, CA",I Table Tennis,2088,2024-07-07,1933,2024-06-30,ACTIVE,2014 LA Open Table Tennis Tournament,2018.0,1978.0,2014-08-17,
965,Zili,Wang,8337,86064,"Fremont, CA",I Table Tennis,2088,2024-07-07,1933,2024-06-30,ACTIVE,2012 LA Open Butterfly Table Tennis Tournament,1010.0,1251.0,2012-09-02,
971,Isha,Bajpai,371,96508,"San Jose, CA",,2087,2024-05-27,2061,2023-12-09,ACTIVE,2018 JOOLA LA Open Tournament,1825.0,1909.0,2018-09-01,2018-09-01
977,Keshav,Sridhar,167395,266395,Fremont,,2086,2024-09-02,1926,2024-09-07,ACTIVE,2024 JOOLA LA Open Table Tennis Tournament,2044.0,2052.0,2024-08-03,2024-08-04
977,Keshav,Sridhar,167395,266395,Fremont,,2086,2024-09-02,1926,2024-09-07,ACTIVE,2023 Joola LA Open,1745.0,1786.0,2023-08-12,2023-08-13
981,Brian,Chia,1249,30737,"Newcastle, WA",Seattle Pacific Table Tennis Club,2085,2023-03-05,2149,2023-09-16,ACTIVE,LA Open TT Tournament 2011,2020.0,2011.0,2011-09-04,
991,Narasimhan,Ramakrishnan,6371,25608,"Schaumburg, IL",Experior Table Tennis Club,2083,2024-05-05,2092,2020-02-08,ACTIVE,2018 JOOLA LA Open Tournament,1985.0,1934.0,2018-09-01,2018-09-01
991,Narasimhan,Ramakrishnan,6371,25608,"Schaumburg, IL",Experior Table Tennis Club,2083,2024-05-05,2092,2020-02-08,ACTIVE,2015 LA Open Table Tennis Tournament,1963.0,1987.0,2015-09-06,
999,Phuong,Le,31181,63050,"Chandler * *, AZ",,2081,2024-08-25,2117,2024-09-06,ACTIVE,2022 LA Open,2141.0,2099.0,2022-12-10,2022-12-11
999,Phuong,Le,31181,63050,"Chandler * *, AZ",,2081,2024-08-25,2117,2024-09-06,ACTIVE,2018 JOOLA LA Open Tournament,1989.0,2037.0,2018-09-01,2018-09-01
1001,Zoltan,Boldy,12636,2783,"Huntington Beach, CA",,2080,2024-06-02,0,,ACTIVE,2019 Joola LA Open,2139.0,2146.0,2019-08-31,2019-09-01
1001,Zoltan,Boldy,12636,2783,"Huntington Beach, CA",,2080,2024-06-02,0,,ACTIVE,2018 JOOLA LA Open Tournament,2199.0,2144.0,2018-09-01,2018-09-01
1001,Zoltan,Boldy,12636,2783,"Huntington Beach, CA",,2080,2024-06-02,0,,ACTIVE,OCTTA warm up for LA open,2220.0,2199.0,2018-08-25,2018-08-26
1002,Akshara,Badri,120240,219240,"Fremont, CA",Rising Stars World Table Tennis Academy,2080,2024-08-25,1963,2024-08-31,ACTIVE,2024 JOOLA LA Open Table Tennis Tournament,2143.0,2086.0,2024-08-03,2024-08-04
1002,Akshara,Badri,120240,219240,"Fremont, CA",Rising Stars World Table Tennis Academy,2080,2024-08-25,1963,2024-08-31,ACTIVE,2023 Joola LA Open,1976.0,2133.0,2023-08-12,2023-08-13
1005,Gautam,Kathiravan,104221,203221,"San Diego, CA",Learning Tree Table Tennis Club,2078,2024-07-07,1957,2024-09-06,ACTIVE,2023 Joola LA Open,1980.0,1942.0,2023-08-12,2023-08-13
1005,Gautam,Kathiravan,104221,203221,"San Diego, CA",Learning Tree Table Tennis Club,2078,2024-07-07,1957,2024-09-06,ACTIVE,2019 Joola LA Open,1572.0,1664.0,2019-08-31,2019-09-01
1005,Gautam,Kathiravan,104221,203221,"San Diego, CA",Learning Tree Table Tennis Club,2078,2024-07-07,1957,2024-09-06,ACTIVE,2018 JOOLA LA Open Tournament,1124.0,1129.0,2018-09-01,2018-09-01
1005,Gautam,Kathiravan,104221,203221,"San Diego, CA",Learning Tree Table Tennis Club,2078,2024-07-07,1957,2024-09-06,ACTIVE,2017 JOOLA LA Open Tournament,677.0,671.0,2017-09-02,2017-09-03
1007,Ivy,Pan,182950,281950,"Edmonton, FN",,2078,2024-08-04,0,,ACTIVE,2024 JOOLA LA Open Table Tennis Tournament,2111.0,2078.0,2024-08-03,2024-08-04
1014,Eric,Huang,180585,279585,"Bellevue, WA",,2075,2024-08-04,2144,2024-06-15,ACTIVE,2024 JOOLA LA Open Table Tennis Tournament,2081.0,2075.0,2024-08-03,2024-08-04
1017,Jincheng,Cai,122548,221548,West Covina,,2075,2024-08-04,0,,ACTIVE,2024 JOOLA LA Open Table Tennis Tournament,2124.0,2075.0,2024-08-03,2024-08-04
1018,Kyle,Morgenroth,5397,73539,"Los Angeles, CA",Westside Table Tennis Center,2074,2024-08-04,1993,2011-08-09,ACTIVE,2024 JOOLA LA Open Table Tennis Tournament,2079.0,2074.0,2024-08-03,2024-08-04
1018,Kyle,Morgenroth,5397,73539,"Los Angeles, CA",Westside Table Tennis Center,2074,2024-08-04,1993,2011-08-09,ACTIVE,2018 JOOLA LA Open Tournament,2080.0,2075.0,2018-09-01,2018-09-01
1018,Kyle,Morgenroth,5397,73539,"Los Angeles, CA",Westside Table Tennis Center,2074,2024-08-04,1993,2011-08-09,ACTIVE,OCTTA warm up for LA open,2086.0,2080.0,2018-08-25,2018-08-26
1018,Kyle,Morgenroth,5397,73539,"Los Angeles, CA",Westside Table Tennis Center,2074,2024-08-04,1993,2011-08-09,ACTIVE,2017 JOOLA LA Open Tournament,2093.0,2089.0,2017-09-02,2017-09-03
1018,Kyle,Morgenroth,5397,73539,"Los Angeles, CA",Westside Table Tennis Center,2074,2024-08-04,1993,2011-08-09,ACTIVE,2015 LA Open Table Tennis Tournament,2136.0,2121.0,2015-09-06,
1018,Kyle,Morgenroth,5397,73539,"Los Angeles, CA",Westside Table Tennis Center,2074,2024-08-04,1993,2011-08-09,ACTIVE,2014 LA Open Table Tennis Tournament,2137.0,2121.0,2014-08-17,
1018,Kyle,Morgenroth,5397,73539,"Los Angeles, CA",Westside Table Tennis Center,2074,2024-08-04,1993,2011-08-09,ACTIVE,2013 LA Open Table Tennis Tournament,2144.0,2144.0,2013-09-01,
1018,Kyle,Morgenroth,5397,73539,"Los Angeles, CA",Westside Table Tennis Center,2074,2024-08-04,1993,2011-08-09,ACTIVE,2012 LA Open Butterfly Table Tennis Tournament,1982.0,2027.0,2012-09-02,
1037,Vadim,Fedin,130603,229603,San Marcos,,2070,2024-01-21,2159,2023-05-12,ACTIVE,2022 LA Open,2062.0,2064.0,2022-12-10,2022-12-11
1037,Vadim,Fedin,130603,229603,San Marcos,,2070,2024-01-21,2159,2023-05-12,ACTIVE,2019 Joola LA Open,1830.0,1970.0,2019-08-31,2019-09-01
1037,Vadim,Fedin,130603,229603,San Marcos,,2070,2024-01-21,2159,2023-05-12,ACTIVE,2018 JOOLA LA Open Tournament,1714.0,1830.0,2018-09-01,2018-09-01
1037,Vadim,Fedin,130603,229603,San Marcos,,2070,2024-01-21,2159,2023-05-12,ACTIVE,OCTTA warm up for LA open,0.0,1714.0,2018-08-25,2018-08-26
1049,Alexander,Kuzmenko,118219,217219,"Redondo Beach, CA",Grace Lin TTC,2068,2024-08-24,1970,2023-12-15,ACTIVE,2023 Joola LA Open,2105.0,2114.0,2023-08-12,2023-08-13
1049,Alexander,Kuzmenko,118219,217219,"Redondo Beach, CA",Grace Lin TTC,2068,2024-08-24,1970,2023-12-15,ACTIVE,2022 LA Open,1874.0,1870.0,2022-12-10,2022-12-11
1052,Michelle,Chen,171340,270340,"Hacienda Heights, CA",Grace Lin TTC,2067,2024-08-24,1970,2023-12-29,ACTIVE,2024 JOOLA LA Open Table Tennis Tournament,2117.0,2099.0,2024-08-03,2024-08-04
1055,Adedayo,Mokuolu,5359,35094,"Las Vegas, NV",,2067,2024-08-31,0,,ACTIVE,2023 Joola LA Open,1975.0,1980.0,2023-08-12,2023-08-13
1055,Adedayo,Mokuolu,5359,35094,"Las Vegas, NV",,2067,2024-08-31,0,,ACTIVE,2019 Joola LA Open,2004.0,2166.0,2019-08-31,2019-09-01
1055,Adedayo,Mokuolu,5359,35094,"Las Vegas, NV",,2067,2024-08-31,0,,ACTIVE,2018 JOOLA LA Open Tournament,2127.0,2100.0,2018-09-01,2018-09-01
1055,Adedayo,Mokuolu,5359,35094,"Las Vegas, NV",,2067,2024-08-31,0,,ACTIVE,2013 LA Open Table Tennis Tournament,2040.0,2048.0,2013-09-01,
1055,Adedayo,Mokuolu,5359,35094,"Las Vegas, NV",,2067,2024-08-31,0,,ACTIVE,2012 LA Open Butterfly Table Tennis Tournament,2001.0,2005.0,2012-09-02,
1057,Sean,Chen,1186,92281,"San Diego, CA",,2066,2024-05-19,2127,2024-09-06,ACTIVE,2017 JOOLA LA Open Tournament,1981.0,1980.0,2017-09-02,2017-09-03
1057,Sean,Chen,1186,92281,"San Diego, CA",,2066,2024-05-19,2127,2024-09-06,ACTIVE,2016 Butterfly LA Open Tournament,1786.0,1791.0,2016-09-03,2016-09-04
1057,Sean,Chen,1186,92281,"San Diego, CA",,2066,2024-05-19,2127,2024-09-06,ACTIVE,2015 LA Open Table Tennis Tournament,1772.0,1728.0,2015-09-06,
1057,Sean,Chen,1186,92281,"San Diego, CA",,2066,2024-05-19,2127,2024-09-06,ACTIVE,2014 LA Open Table Tennis Tournament,1092.0,1065.0,2014-08-17,
1064,Huan Ming,Mao,34653,94298,"Coquitlam, FN",,2064,2024-08-04,0,,ACTIVE,2024 JOOLA LA Open Table Tennis Tournament,2077.0,2064.0,2024-08-03,2024-08-04
1078,Nelson,Yu,8926,65178,"Union City, CA",ICC Table Tennis Center,2062,2019-02-24,2007,2020-10-04,ACTIVE,2012 LA Open Butterfly Table Tennis Tournament,2139.0,2118.0,2012-09-02,
1078,Nelson,Yu,8926,65178,"Union City, CA",ICC Table Tennis Center,2062,2019-02-24,2007,2020-10-04,ACTIVE,LA Open TT Tournament 2011,2085.0,2082.0,2011-09-04,
1080,Esteban,Camacho,185598,1185598,Cajamarca,,2062,2024-08-04,1929,2024-08-10,ACTIVE,2024 JOOLA LA Open Table Tennis Tournament,2044.0,2062.0,2024-08-03,2024-08-04
1089,Felix,Li,4406,87979,"San Francisco, CA",888 Table Tennis Center,2059,2024-03-23,2061,2022-05-22,ACTIVE,2023 Joola LA Open,2024.0,2109.0,2023-08-12,2023-08-13
1095,Alireza,Hejazi,2935,63010,"Laguna Beach, CA",Joseph Bae Table Tennis Club,2058,2024-08-04,0,,ACTIVE,2024 JOOLA LA Open Table Tennis Tournament,2084.0,2058.0,2024-08-03,2024-08-04
1095,Alireza,Hejazi,2935,63010,"Laguna Beach, CA",Joseph Bae Table Tennis Club,2058,2024-08-04,0,,ACTIVE,2019 Joola LA Open,2046.0,2081.0,2019-08-31,2019-09-01
1095,Alireza,Hejazi,2935,63010,"Laguna Beach, CA",Joseph Bae Table Tennis Club,2058,2024-08-04,0,,ACTIVE,OCTTA warm up for LA open,2151.0,2144.0,2018-08-25,2018-08-26
1095,Alireza,Hejazi,2935,63010,"Laguna Beach, CA",Joseph Bae Table Tennis Club,2058,2024-08-04,0,,ACTIVE,2017 JOOLA LA Open Tournament,2135.0,2147.0,2017-09-02,2017-09-03
1095,Alireza,Hejazi,2935,63010,"Laguna Beach, CA",Joseph Bae Table Tennis Club,2058,2024-08-04,0,,ACTIVE,2015 LA Open Table Tennis Tournament,2044.0,2017.0,2015-09-06,
1095,Alireza,Hejazi,2935,63010,"Laguna Beach, CA",Joseph Bae Table Tennis Club,2058,2024-08-04,0,,ACTIVE,NW LA Open,1994.0,1995.0,2014-11-16,
1095,Alireza,Hejazi,2935,63010,"Laguna Beach, CA",Joseph Bae Table Tennis Club,2058,2024-08-04,0,,ACTIVE,2014 LA Open Table Tennis Tournament,1997.0,1994.0,2014-08-17,
1095,Alireza,Hejazi,2935,63010,"Laguna Beach, CA",Joseph Bae Table Tennis Club,2058,2024-08-04,0,,ACTIVE,LA Open TT Tournament 2011,1985.0,2058.0,2011-09-04,
1096,Thomas,Tong,120405,219405,"San Diego, CA",Learning Tree Table Tennis Club,2057,2024-07-07,2179,2024-06-28,ACTIVE,2022 LA Open,2024.0,2071.0,2022-12-10,2022-12-11
1096,Thomas,Tong,120405,219405,"San Diego, CA",Learning Tree Table Tennis Club,2057,2024-07-07,2179,2024-06-28,ACTIVE,2019 Joola LA Open,1649.0,1626.0,2019-08-31,2019-09-01
1096,Thomas,Tong,120405,219405,"San Diego, CA",Learning Tree Table Tennis Club,2057,2024-07-07,2179,2024-06-28,ACTIVE,2018 JOOLA LA Open Tournament,1165.0,1209.0,2018-09-01,2018-09-01
1096,Thomas,Tong,120405,219405,"San Diego, CA",Learning Tree Table Tennis Club,2057,2024-07-07,2179,2024-06-28,ACTIVE,2017 JOOLA LA Open Tournament,0.0,1045.0,2017-09-02,2017-09-03
1109,Barry K.,Or,5830,29304,"Milpitas, CA",ICC Table Tennis Center,2055,2024-08-25,1829,2022-02-20,ACTIVE,2012 LA Open Butterfly Table Tennis Tournament,1992.0,1970.0,2012-09-02,
1109,Barry K.,Or,5830,29304,"Milpitas, CA",ICC Table Tennis Center,2055,2024-08-25,1829,2022-02-20,ACTIVE,LA Open TT Tournament 2011,2004.0,1995.0,2011-09-04,
1115,Peter (Liyang),Hua,25971,24333,"Chicago, IL",,2053,2018-03-02,1983,2024-09-03,ACTIVE,2012 LA Open Butterfly Table Tennis Tournament,1931.0,1966.0,2012-09-02,
1118,Abhilash,Rajesh Kumar,6364,93845,"Mountain View, CA",Stickman Skills Center,2052,2023-12-21,1925,2024-02-13,ACTIVE,2019 Joola LA Open,2152.0,2133.0,2019-08-31,2019-09-01
1118,Abhilash,Rajesh Kumar,6364,93845,"Mountain View, CA",Stickman Skills Center,2052,2023-12-21,1925,2024-02-13,ACTIVE,2018 JOOLA LA Open Tournament,2039.0,2068.0,2018-09-01,2018-09-01
1118,Abhilash,Rajesh Kumar,6364,93845,"Mountain View, CA",Stickman Skills Center,2052,2023-12-21,1925,2024-02-13,ACTIVE,2017 JOOLA LA Open Tournament,1965.0,1955.0,2017-09-02,2017-09-03
1118,Abhilash,Rajesh Kumar,6364,93845,"Mountain View, CA",Stickman Skills Center,2052,2023-12-21,1925,2024-02-13,ACTIVE,2016 Butterfly LA Open Tournament,1844.0,1948.0,2016-09-03,2016-09-04
1118,Abhilash,Rajesh Kumar,6364,93845,"Mountain View, CA",Stickman Skills Center,2052,2023-12-21,1925,2024-02-13,ACTIVE,2015 LA Open Table Tennis Tournament,1840.0,1828.0,2015-09-06,
1137,Rishi,Sankar,6799,97483,"Palo Alto, CA",,2048,2021-09-06,1833,2024-02-07,ACTIVE,2019 Joola LA Open,1908.0,1996.0,2019-08-31,2019-09-01
1137,Rishi,Sankar,6799,97483,"Palo Alto, CA",,2048,2021-09-06,1833,2024-02-07,ACTIVE,2018 JOOLA LA Open Tournament,1864.0,1891.0,2018-09-01,2018-09-01
1141,Ryan,Hsu,25868,30740,"Beaverton, OR",,2046,2018-03-02,1941,2024-08-19,ACTIVE,LA Open TT Tournament 2011,1896.0,1874.0,2011-09-04,
1145,Isabella,Luo,168433,267433,"Dublin, CA",(TTA) Table Tennis America,2046,2024-09-02,1821,2024-09-07,ACTIVE,2024 JOOLA LA Open Table Tennis Tournament,2094.0,2002.0,2024-08-03,2024-08-04
1146,Ethan,Wang,172145,271145,"Dublin, CA",(TTA) Table Tennis America,2045,2024-09-02,1969,2024-08-25,ACTIVE,2024 JOOLA LA Open Table Tennis Tournament,2041.0,2022.0,2024-08-03,2024-08-04
1157,Aditya,Bhaskar Pandit,119523,218523,"Gilbert, AZ",TABLE TENNIS & MORE AZ,2043,2024-08-25,1952,2024-08-30,ACTIVE,2022 LA Open,1768.0,1740.0,2022-12-10,2022-12-11
1157,Aditya,Bhaskar Pandit,119523,218523,"Gilbert, AZ",TABLE TENNIS & MORE AZ,2043,2024-08-25,1952,2024-08-30,ACTIVE,2018 JOOLA LA Open Tournament,563.0,563.0,2018-09-01,2018-09-01
1160,Seyed,Jafarinejad,3384,71678,"San Jose, CA",ICC Table Tennis Center,2042,2022-12-21,1935,2024-06-29,ACTIVE,2019 Joola LA Open,2058.0,2090.0,2019-08-31,2019-09-01
1160,Seyed,Jafarinejad,3384,71678,"San Jose, CA",ICC Table Tennis Center,2042,2022-12-21,1935,2024-06-29,ACTIVE,2018 JOOLA LA Open Tournament,2133.0,2053.0,2018-09-01,2018-09-01
1160,Seyed,Jafarinejad,3384,71678,"San Jose, CA",ICC Table Tennis Center,2042,2022-12-21,1935,2024-06-29,ACTIVE,2017 JOOLA LA Open Tournament,2134.0,2129.0,2017-09-02,2017-09-03
1160,Seyed,Jafarinejad,3384,71678,"San Jose, CA",ICC Table Tennis Center,2042,2022-12-21,1935,2024-06-29,ACTIVE,2016 Butterfly LA Open Tournament,2235.0,2180.0,2016-09-03,2016-09-04
1160,Seyed,Jafarinejad,3384,71678,"San Jose, CA",ICC Table Tennis Center,2042,2022-12-21,1935,2024-06-29,ACTIVE,2015 LA Open Table Tennis Tournament,2057.0,2059.0,2015-09-06,
1160,Seyed,Jafarinejad,3384,71678,"San Jose, CA",ICC Table Tennis Center,2042,2022-12-21,1935,2024-06-29,ACTIVE,2013 LA Open Table Tennis Tournament,2081.0,2175.0,2013-09-01,
1168,Khoi,Tran,7870,7364,"Anaheim, CA",Orange County Table Tennis Academy,2042,2023-10-08,0,,ACTIVE,2018 JOOLA LA Open Tournament,1943.0,1941.0,2018-09-01,2018-09-01
1168,Khoi,Tran,7870,7364,"Anaheim, CA",Orange County Table Tennis Academy,2042,2023-10-08,0,,ACTIVE,Trump's Time North West LA Open,1903.0,1880.0,2016-11-13,2016-11-13
1173,Joey,Yang,182632,1182632,Yorba Linda,,2040,2024-08-04,0,,ACTIVE,2024 JOOLA LA Open Table Tennis Tournament,1843.0,2040.0,2024-08-03,2024-08-04
1177,Mohammed Yasin,Musthafa,120888,219888,"Fremont, CA",,2039,2024-09-02,1887,2024-09-07,ACTIVE,2024 JOOLA LA Open Table Tennis Tournament,2090.0,2000.0,2024-08-03,2024-08-04
1185,Robert,Shahnazari,6989,10437,"Glendale, CA",Grace Lin TTC,2037,2024-08-04,2124,2022-09-10,ACTIVE,2024 JOOLA LA Open Table Tennis Tournament,2038.0,2037.0,2024-08-03,2024-08-04
1185,Robert,Shahnazari,6989,10437,"Glendale, CA",Grace Lin TTC,2037,2024-08-04,2124,2022-09-10,ACTIVE,2023 Joola LA Open,2178.0,2181.0,2023-08-12,2023-08-13
1185,Robert,Shahnazari,6989,10437,"Glendale, CA",Grace Lin TTC,2037,2024-08-04,2124,2022-09-10,ACTIVE,North-West LA Open 2** Tournament,2195.0,2190.0,2019-11-17,2019-11-17
1185,Robert,Shahnazari,6989,10437,"Glendale, CA",Grace Lin TTC,2037,2024-08-04,2124,2022-09-10,ACTIVE,North-West LA Open 2** Tournament,2293.0,2245.0,2019-09-08,2019-09-08
1185,Robert,Shahnazari,6989,10437,"Glendale, CA",Grace Lin TTC,2037,2024-08-04,2124,2022-09-10,ACTIVE,2019 Joola LA Open,2207.0,2293.0,2019-08-31,2019-09-01
1185,Robert,Shahnazari,6989,10437,"Glendale, CA",Grace Lin TTC,2037,2024-08-04,2124,2022-09-10,ACTIVE,North-West La Open 2** Tournament,2143.0,2141.0,2019-04-28,2019-04-28
1185,Robert,Shahnazari,6989,10437,"Glendale, CA",Grace Lin TTC,2037,2024-08-04,2124,2022-09-10,ACTIVE,North-West LA Open 2** Tournament,2109.0,2109.0,2019-01-20,2019-01-20
1185,Robert,Shahnazari,6989,10437,"Glendale, CA",Grace Lin TTC,2037,2024-08-04,2124,2022-09-10,ACTIVE,2018 JOOLA LA Open Tournament,2166.0,2152.0,2018-09-01,2018-09-01
1185,Robert,Shahnazari,6989,10437,"Glendale, CA",Grace Lin TTC,2037,2024-08-04,2124,2022-09-10,ACTIVE,OCTTA warm up for LA open,2153.0,2166.0,2018-08-25,2018-08-26
1185,Robert,Shahnazari,6989,10437,"Glendale, CA",Grace Lin TTC,2037,2024-08-04,2124,2022-09-10,ACTIVE,North West LA Open 2 ,2222.0,2212.0,2018-04-29,2018-04-29
1185,Robert,Shahnazari,6989,10437,"Glendale, CA",Grace Lin TTC,2037,2024-08-04,2124,2022-09-10,ACTIVE,North West LA Open,2165.0,2130.0,2017-09-17,2017-09-17
1185,Robert,Shahnazari,6989,10437,"Glendale, CA",Grace Lin TTC,2037,2024-08-04,2124,2022-09-10,ACTIVE,2017 JOOLA LA Open Tournament,2134.0,2165.0,2017-09-02,2017-09-03
1185,Robert,Shahnazari,6989,10437,"Glendale, CA",Grace Lin TTC,2037,2024-08-04,2124,2022-09-10,ACTIVE,2016 Butterfly LA Open Tournament,2251.0,2231.0,2016-09-03,2016-09-04
1185,Robert,Shahnazari,6989,10437,"Glendale, CA",Grace Lin TTC,2037,2024-08-04,2124,2022-09-10,ACTIVE,NW LA Open,2148.0,2191.0,2016-05-01,2016-05-01
1185,Robert,Shahnazari,6989,10437,"Glendale, CA",Grace Lin TTC,2037,2024-08-04,2124,2022-09-10,ACTIVE,2015 LA Open Table Tennis Tournament,2207.0,2240.0,2015-09-06,
1185,Robert,Shahnazari,6989,10437,"Glendale, CA",Grace Lin TTC,2037,2024-08-04,2124,2022-09-10,ACTIVE,January 2015 NW LA Open,2291.0,2308.0,2015-01-18,
1185,Robert,Shahnazari,6989,10437,"Glendale, CA",Grace Lin TTC,2037,2024-08-04,2124,2022-09-10,ACTIVE,NW LA Open,2338.0,2338.0,2014-11-16,
1185,Robert,Shahnazari,6989,10437,"Glendale, CA",Grace Lin TTC,2037,2024-08-04,2124,2022-09-10,ACTIVE,NW LA Open,2425.0,2398.0,2014-09-14,
1185,Robert,Shahnazari,6989,10437,"Glendale, CA",Grace Lin TTC,2037,2024-08-04,2124,2022-09-10,ACTIVE,2014 LA Open Table Tennis Tournament,2438.0,2425.0,2014-08-17,
1185,Robert,Shahnazari,6989,10437,"Glendale, CA",Grace Lin TTC,2037,2024-08-04,2124,2022-09-10,ACTIVE,NW LA Open,2247.0,2247.0,2014-05-04,
1185,Robert,Shahnazari,6989,10437,"Glendale, CA",Grace Lin TTC,2037,2024-08-04,2124,2022-09-10,ACTIVE,2013 LA Open Table Tennis Tournament,2198.0,2216.0,2013-09-01,
1185,Robert,Shahnazari,6989,10437,"Glendale, CA",Grace Lin TTC,2037,2024-08-04,2124,2022-09-10,ACTIVE,2012 LA Open Butterfly Table Tennis Tournament,2224.0,2258.0,2012-09-02,
1185,Robert,Shahnazari,6989,10437,"Glendale, CA",Grace Lin TTC,2037,2024-08-04,2124,2022-09-10,ACTIVE,LA Open TT Tournament 2011,2172.0,2336.0,2011-09-04,
1188,Maxym,Stetsenko,176554,1176554,,,2037,2024-08-24,2141,2024-05-24,ACTIVE,2024 JOOLA LA Open Table Tennis Tournament,2123.0,2048.0,2024-08-03,2024-08-04
1188,Maxym,Stetsenko,176554,1176554,,,2037,2024-08-24,2141,2024-05-24,ACTIVE,2023 Joola LA Open,2113.0,2108.0,2023-08-12,2023-08-13
1193,Ryan,Tseng,7934,86095,"Fremont, CA",JWTTC,2037,2024-08-25,1971,2016-01-23,ACTIVE,2013 LA Open Table Tennis Tournament,1571.0,1581.0,2013-09-01,
1202,Obrian,Espejo,177857,1177857,"Indian Trail, NC",,2035,2023-10-22,2063,2023-09-21,ACTIVE,2022 LA Open,1837.0,2038.0,2022-12-10,2022-12-11
1203,Ryan,Gibson,22224,89377,"Portland, OR",Paddle Palace Club,2035,2024-09-08,2210,2019-01-18,ACTIVE,2022 LA Open,2127.0,2118.0,2022-12-10,2022-12-11
1209,Han,Nguyen,38238,70038,"Fremont, CA",,2034,2018-03-02,2056,2013-08-24,ACTIVE,2013 LA Open Table Tennis Tournament,2043.0,2034.0,2013-09-01,
1209,Han,Nguyen,38238,70038,"Fremont, CA",,2034,2018-03-02,2056,2013-08-24,ACTIVE,2012 LA Open Butterfly Table Tennis Tournament,2038.0,2043.0,2012-09-02,
1209,Han,Nguyen,38238,70038,"Fremont, CA",,2034,2018-03-02,2056,2013-08-24,ACTIVE,LA Open TT Tournament 2011,2023.0,2038.0,2011-09-04,
1211,Scott,Malek,4919,59026,"Rapid City, CA",Power Pong TTA,2033,2024-06-15,2065,2019-04-30,ACTIVE,2015 LA Open Table Tennis Tournament,2209.0,2213.0,2015-09-06,
1211,Scott,Malek,4919,59026,"Rapid City, CA",Power Pong TTA,2033,2024-06-15,2065,2019-04-30,ACTIVE,January 2015 NW LA Open,2207.0,2204.0,2015-01-18,
1211,Scott,Malek,4919,59026,"Rapid City, CA",Power Pong TTA,2033,2024-06-15,2065,2019-04-30,ACTIVE,NW LA Open,2184.0,2191.0,2014-11-16,
1211,Scott,Malek,4919,59026,"Rapid City, CA",Power Pong TTA,2033,2024-06-15,2065,2019-04-30,ACTIVE,2014 LA Open Table Tennis Tournament,2095.0,2116.0,2014-08-17,
1211,Scott,Malek,4919,59026,"Rapid City, CA",Power Pong TTA,2033,2024-06-15,2065,2019-04-30,ACTIVE,NW LA Open,2032.0,1986.0,2014-05-04,
1211,Scott,Malek,4919,59026,"Rapid City, CA",Power Pong TTA,2033,2024-06-15,2065,2019-04-30,ACTIVE,LA Open TT Tournament 2011,2092.0,2070.0,2011-09-04,
1212,Caillou,Chen,171341,270341,"Hacienda Heights, CA",Grace Lin TTC,2033,2024-08-04,2016,2023-11-10,ACTIVE,2024 JOOLA LA Open Table Tennis Tournament,1947.0,2033.0,2024-08-03,2024-08-04
1212,Caillou,Chen,171341,270341,"Hacienda Heights, CA",Grace Lin TTC,2033,2024-08-04,2016,2023-11-10,ACTIVE,2022 LA Open,1962.0,1960.0,2022-12-10,2022-12-11
1218,Hao,Li,32129,131129,"Santa Clara, CA",(TTA) Table Tennis America,2032,2024-08-04,2080,2024-06-29,ACTIVE,2024 JOOLA LA Open Table Tennis Tournament,2094.0,2032.0,2024-08-03,2024-08-04
1218,Hao,Li,32129,131129,"Santa Clara, CA",(TTA) Table Tennis America,2032,2024-08-04,2080,2024-06-29,ACTIVE,2023 Joola LA Open,1993.0,2028.0,2023-08-12,2023-08-13
1219,Steven,Chen,1192,90786,"San Diego, CA",Learning Tree Table Tennis Club,2032,2024-06-16,1923,2024-07-12,ACTIVE,2019 Joola LA Open,1890.0,1906.0,2019-08-31,2019-09-01
1219,Steven,Chen,1192,90786,"San Diego, CA",Learning Tree Table Tennis Club,2032,2024-06-16,1923,2024-07-12,ACTIVE,2018 JOOLA LA Open Tournament,2023.0,1965.0,2018-09-01,2018-09-01
1219,Steven,Chen,1192,90786,"San Diego, CA",Learning Tree Table Tennis Club,2032,2024-06-16,1923,2024-07-12,ACTIVE,North West LA Open 2 ,1983.0,1977.0,2018-04-29,2018-04-29
1219,Steven,Chen,1192,90786,"San Diego, CA",Learning Tree Table Tennis Club,2032,2024-06-16,1923,2024-07-12,ACTIVE,North West LA Open,1903.0,1920.0,2017-09-17,2017-09-17
1219,Steven,Chen,1192,90786,"San Diego, CA",Learning Tree Table Tennis Club,2032,2024-06-16,1923,2024-07-12,ACTIVE,2017 JOOLA LA Open Tournament,1794.0,1903.0,2017-09-02,2017-09-03
1219,Steven,Chen,1192,90786,"San Diego, CA",Learning Tree Table Tennis Club,2032,2024-06-16,1923,2024-07-12,ACTIVE,2016 Butterfly LA Open Tournament,1892.0,2005.0,2016-09-03,2016-09-04
1219,Steven,Chen,1192,90786,"San Diego, CA",Learning Tree Table Tennis Club,2032,2024-06-16,1923,2024-07-12,ACTIVE,2015 LA Open Table Tennis Tournament,1815.0,1824.0,2015-09-06,
1232,Attila,Malek,4917,8005,"Costa Mesa, CA",Power Pong TTA,2028,2024-07-07,2181,2013-12-14,ACTIVE,OCTTA warm up for LA open,2096.0,2093.0,2018-08-25,2018-08-26
1232,Attila,Malek,4917,8005,"Costa Mesa, CA",Power Pong TTA,2028,2024-07-07,2181,2013-12-14,ACTIVE,NW LA Open,2090.0,2085.0,2016-05-01,2016-05-01
1232,Attila,Malek,4917,8005,"Costa Mesa, CA",Power Pong TTA,2028,2024-07-07,2181,2013-12-14,ACTIVE,LA Open TT Tournament 2011,2219.0,2245.0,2011-09-04,
1237,Wataru,Ariyoshi,171707,270707,"Los Angeles, CA",L.A.T.T. (Los Angeles Table Tennis),2028,2023-06-18,0,,ACTIVE,2022 LA Open,1952.0,1949.0,2022-12-10,2022-12-11
1239,Andrew,Chen,121237,220237,"San Diego, CA",Learning Tree Table Tennis Club,2027,2024-07-07,2017,2024-09-06,ACTIVE,2023 Joola LA Open,1919.0,1959.0,2023-08-12,2023-08-13
1239,Andrew,Chen,121237,220237,"San Diego, CA",Learning Tree Table Tennis Club,2027,2024-07-07,2017,2024-09-06,ACTIVE,2018 JOOLA LA Open Tournament,840.0,1043.0,2018-09-01,2018-09-01
1251,Vivaan,Chandra,170374,1170374,"Highlands Ranch, CO",Mile High Table Tennis Academy,2025,2024-08-04,559,2022-03-13,ACTIVE,2024 JOOLA LA Open Table Tennis Tournament,1897.0,2025.0,2024-08-03,2024-08-04
1251,Vivaan,Chandra,170374,1170374,"Highlands Ranch, CO",Mile High Table Tennis Academy,2025,2024-08-04,559,2022-03-13,ACTIVE,2023 Joola LA Open,1447.0,1494.0,2023-08-12,2023-08-13
1279,Kaye,Chen,121824,220824,"Katy, TX",Houston International Table Tennis Academy (HITTA),2021,2024-08-11,2044,2022-08-27,ACTIVE,2019 Joola LA Open,1551.0,1726.0,2019-08-31,2019-09-01
1282,Anil,Godhwani,2475,78688,"Fremont, CA",ICC Table Tennis Center,2020,2021-07-09,1834,2021-09-26,ACTIVE,2018 JOOLA LA Open Tournament,1842.0,1825.0,2018-09-01,2018-09-01
1282,Anil,Godhwani,2475,78688,"Fremont, CA",ICC Table Tennis Center,2020,2021-07-09,1834,2021-09-26,ACTIVE,2017 JOOLA LA Open Tournament,1900.0,1917.0,2017-09-02,2017-09-03
1282,Anil,Godhwani,2475,78688,"Fremont, CA",ICC Table Tennis Center,2020,2021-07-09,1834,2021-09-26,ACTIVE,2016 Butterfly LA Open Tournament,1790.0,1787.0,2016-09-03,2016-09-04
1282,Anil,Godhwani,2475,78688,"Fremont, CA",ICC Table Tennis Center,2020,2021-07-09,1834,2021-09-26,ACTIVE,2014 LA Open Table Tennis Tournament,1796.0,1789.0,2014-08-17,
1288,Richard (yin),Li,4445,74205,"San Diego, CA",,2018,2022-09-04,2014,2024-07-19,ACTIVE,2017 JOOLA LA Open Tournament,2021.0,2020.0,2017-09-02,2017-09-03
1288,Richard (yin),Li,4445,74205,"San Diego, CA",,2018,2022-09-04,2014,2024-07-19,ACTIVE,2013 LA Open Table Tennis Tournament,2013.0,2018.0,2013-09-01,
1291,Qing Michael,Shi,45773,81345,"Monterey Park, CA",,2018,2024-08-24,0,,ACTIVE,2023 Joola LA Open,1861.0,1982.0,2023-08-12,2023-08-13
1291,Qing Michael,Shi,45773,81345,"Monterey Park, CA",,2018,2024-08-24,0,,ACTIVE,2022 LA Open,2079.0,2084.0,2022-12-10,2022-12-11
1291,Qing Michael,Shi,45773,81345,"Monterey Park, CA",,2018,2024-08-24,0,,ACTIVE,2016 Butterfly LA Open Tournament,2088.0,2102.0,2016-09-03,2016-09-04
1291,Qing Michael,Shi,45773,81345,"Monterey Park, CA",,2018,2024-08-24,0,,ACTIVE,2014 LA Open Table Tennis Tournament,2112.0,2104.0,2014-08-17,
1291,Qing Michael,Shi,45773,81345,"Monterey Park, CA",,2018,2024-08-24,0,,ACTIVE,2012 LA Open Butterfly Table Tennis Tournament,2077.0,2087.0,2012-09-02,
1291,Qing Michael,Shi,45773,81345,"Monterey Park, CA",,2018,2024-08-24,0,,ACTIVE,LA Open TT Tournament 2011,1953.0,2011.0,2011-09-04,
1293,Johnny,Ma,34058,133058,"Bellflower, CA",,2017,2024-08-04,1692,2010-05-04,ACTIVE,2024 JOOLA LA Open Table Tennis Tournament,1968.0,2017.0,2024-08-03,2024-08-04
1299,Khang Tuan,Le,4184,85460,"San Jose, CA",,2015,2024-06-02,2021,2013-01-12,ACTIVE,2016 Butterfly LA Open Tournament,2042.0,2031.0,2016-09-03,2016-09-04
1299,Khang Tuan,Le,4184,85460,"San Jose, CA",,2015,2024-06-02,2021,2013-01-12,ACTIVE,2015 LA Open Table Tennis Tournament,1999.0,2042.0,2015-09-06,
1309,Sunny,Lin,132177,231177,"Rowland Heights, CA",California Table Tennis,2014,2024-08-04,1823,2024-05-10,ACTIVE,2024 JOOLA LA Open Table Tennis Tournament,1954.0,2014.0,2024-08-03,2024-08-04
1309,Sunny,Lin,132177,231177,"Rowland Heights, CA",California Table Tennis,2014,2024-08-04,1823,2024-05-10,ACTIVE,2023 Joola LA Open,1574.0,1590.0,2023-08-12,2023-08-13
1309,Sunny,Lin,132177,231177,"Rowland Heights, CA",California Table Tennis,2014,2024-08-04,1823,2024-05-10,ACTIVE,2022 LA Open,1170.0,1215.0,2022-12-10,2022-12-11
1309,Sunny,Lin,132177,231177,"Rowland Heights, CA",California Table Tennis,2014,2024-08-04,1823,2024-05-10,ACTIVE,2019 Joola LA Open,936.0,931.0,2019-08-31,2019-09-01
1317,Hongbo,Han,175436,1175436,Santa Monica,,2013,2024-08-04,0,,ACTIVE,2024 JOOLA LA Open Table Tennis Tournament,2016.0,2013.0,2024-08-03,2024-08-04
1320,Hyunsik,Choi,182930,281930,,,2013,2024-08-04,0,,ACTIVE,2024 JOOLA LA Open Table Tennis Tournament,2012.0,2013.0,2024-08-03,2024-08-04
1324,Jake,Tang,174318,1174318,San Diego,,2013,2024-08-04,1781,2024-09-06,ACTIVE,2024 JOOLA LA Open Table Tennis Tournament,1716.0,2013.0,2024-08-03,2024-08-04
1325,Hunlan,Lin,119055,218055,"Seattle, WA",,2012,2024-08-11,2083,2024-07-20,ACTIVE,2024 JOOLA LA Open Table Tennis Tournament,2001.0,2008.0,2024-08-03,2024-08-04
1325,Hunlan,Lin,119055,218055,"Seattle, WA",,2012,2024-08-11,2083,2024-07-20,ACTIVE,2023 Joola LA Open,1897.0,1980.0,2023-08-12,2023-08-13
1326,Reid,Greenspan,2626,18298,"Glendale, AZ",Phoenix Table Tennis Club,2012,2024-07-28,1995,2024-09-06,ACTIVE,2023 Joola LA Open,1983.0,1987.0,2023-08-12,2023-08-13
1336,Voltaire,Benedicto,525,47919,"Redwood City, CA",ICC Table Tennis Center,2010,2024-04-21,2066,2024-06-29,ACTIVE,2018 JOOLA LA Open Tournament,2034.0,2052.0,2018-09-01,2018-09-01
1348,Arun,Kumar,179163,278163,"San Diego, CA",,2008,2024-05-11,1864,2024-04-12,ACTIVE,2023 Joola LA Open,1844.0,1844.0,2023-08-12,2023-08-13
1353,Albert,Abenojar,120420,219420,Carson,,2007,2024-06-02,1792,2017-09-24,ACTIVE,2023 Joola LA Open,1918.0,1896.0,2023-08-12,2023-08-13
1353,Albert,Abenojar,120420,219420,Carson,,2007,2024-06-02,1792,2017-09-24,ACTIVE,2019 Joola LA Open,1974.0,1920.0,2019-08-31,2019-09-01
1353,Albert,Abenojar,120420,219420,Carson,,2007,2024-06-02,1792,2017-09-24,ACTIVE,2018 JOOLA LA Open Tournament,2015.0,2018.0,2018-09-01,2018-09-01
1372,Sophie,Wu,8645,93483,"San Diego, CA",Learning Tree Table Tennis Club,2005,2024-04-28,1982,2024-03-15,ACTIVE,2019 Joola LA Open,1938.0,1971.0,2019-08-31,2019-09-01
1372,Sophie,Wu,8645,93483,"San Diego, CA",Learning Tree Table Tennis Club,2005,2024-04-28,1982,2024-03-15,ACTIVE,2018 JOOLA LA Open Tournament,1906.0,1938.0,2018-09-01,2018-09-01
1372,Sophie,Wu,8645,93483,"San Diego, CA",Learning Tree Table Tennis Club,2005,2024-04-28,1982,2024-03-15,ACTIVE,2017 JOOLA LA Open Tournament,1555.0,1758.0,2017-09-02,2017-09-03
1372,Sophie,Wu,8645,93483,"San Diego, CA",Learning Tree Table Tennis Club,2005,2024-04-28,1982,2024-03-15,ACTIVE,2016 Butterfly LA Open Tournament,1186.0,1373.0,2016-09-03,2016-09-04
1372,Sophie,Wu,8645,93483,"San Diego, CA",Learning Tree Table Tennis Club,2005,2024-04-28,1982,2024-03-15,ACTIVE,2015 LA Open Table Tennis Tournament,861.0,1166.0,2015-09-06,
1375,Arthur,Lopez,117497,216497,Lynwood,,2005,2024-08-24,2030,2023-08-18,ACTIVE,2023 Joola LA Open,2095.0,2080.0,2023-08-12,2023-08-13
1375,Arthur,Lopez,117497,216497,Lynwood,,2005,2024-08-24,2030,2023-08-18,ACTIVE,2022 LA Open,2008.0,2003.0,2022-12-10,2022-12-11
1375,Arthur,Lopez,117497,216497,Lynwood,,2005,2024-08-24,2030,2023-08-18,ACTIVE,North-West LA Open 2** Tournament,1716.0,1666.0,2019-09-08,2019-09-08
1375,Arthur,Lopez,117497,216497,Lynwood,,2005,2024-08-24,2030,2023-08-18,ACTIVE,2019 Joola LA Open,1696.0,1716.0,2019-08-31,2019-09-01
1379,Collin,Wang,174646,273646,"Hillsborough, CA",,2003,2024-07-28,1824,2024-09-08,ACTIVE,2023 Joola LA Open,1543.0,1585.0,2023-08-12,2023-08-13
1380,Ayush,Badari,123509,222509,"Irvine, CA",Orange County Table Tennis Academy,2003,2024-08-04,0,,ACTIVE,2024 JOOLA LA Open Table Tennis Tournament,2008.0,2003.0,2024-08-03,2024-08-04
1380,Ayush,Badari,123509,222509,"Irvine, CA",Orange County Table Tennis Academy,2003,2024-08-04,0,,ACTIVE,2022 LA Open,1745.0,1844.0,2022-12-10,2022-12-11
1380,Ayush,Badari,123509,222509,"Irvine, CA",Orange County Table Tennis Academy,2003,2024-08-04,0,,ACTIVE,2019 Joola LA Open,1026.0,1062.0,2019-08-31,2019-09-01
1380,Ayush,Badari,123509,222509,"Irvine, CA",Orange County Table Tennis Academy,2003,2024-08-04,0,,ACTIVE,North-West La Open 2** Sanctioned Tournament,864.0,865.0,2018-11-18,2018-11-18
1380,Ayush,Badari,123509,222509,"Irvine, CA",Orange County Table Tennis Academy,2003,2024-08-04,0,,ACTIVE,North-West La Open 2** Sanctioned Tournament,300.0,644.0,2018-09-23,2018-09-23
1380,Ayush,Badari,123509,222509,"Irvine, CA",Orange County Table Tennis Academy,2003,2024-08-04,0,,ACTIVE,OCTTA warm up for LA open,300.0,300.0,2018-08-25,2018-08-26
1404,Rene,Canetti,920,19899,"San Marcos, CA",,1997,2019-09-01,2168,2014-05-17,ACTIVE,2019 Joola LA Open,2101.0,1997.0,2019-08-31,2019-09-01
1418,Kern,Shim,7081,22723,"Happy Valley, OR",Portland Table Tennis Club,1994,2018-03-02,1894,2014-08-08,ACTIVE,LA Open TT Tournament 2011,2017.0,2025.0,2011-09-04,
1420,Quyen,Ton,49624,83367,"La Puente, CA",,1994,2024-08-04,0,,ACTIVE,2024 JOOLA LA Open Table Tennis Tournament,2008.0,1994.0,2024-08-03,2024-08-04
1420,Quyen,Ton,49624,83367,"La Puente, CA",,1994,2024-08-04,0,,ACTIVE,2022 LA Open,1838.0,1843.0,2022-12-10,2022-12-11
1420,Quyen,Ton,49624,83367,"La Puente, CA",,1994,2024-08-04,0,,ACTIVE,2019 Joola LA Open,1724.0,1750.0,2019-08-31,2019-09-01
1420,Quyen,Ton,49624,83367,"La Puente, CA",,1994,2024-08-04,0,,ACTIVE,2018 JOOLA LA Open Tournament,1724.0,1724.0,2018-09-01,2018-09-01
1420,Quyen,Ton,49624,83367,"La Puente, CA",,1994,2024-08-04,0,,ACTIVE,2017 JOOLA LA Open Tournament,1715.0,1724.0,2017-09-02,2017-09-03
1422,Xinrui,Yang,173898,272898,"Bellevue, WA",Seattle Pacific Table Tennis Club,1993,2024-04-28,1872,2024-09-07,ACTIVE,2023 Joola LA Open,2009.0,2004.0,2023-08-12,2023-08-13
1426,Hung,Ho,3044,81276,"Happy Valley, OR",Portland Table Tennis Club,1993,2019-12-01,2095,2014-08-08,ACTIVE,2012 LA Open Butterfly Table Tennis Tournament,2046.0,2084.0,2012-09-02,
1426,Hung,Ho,3044,81276,"Happy Valley, OR",Portland Table Tennis Club,1993,2019-12-01,2095,2014-08-08,ACTIVE,LA Open TT Tournament 2011,2005.0,2020.0,2011-09-04,
1435,Long T,Nguyen,102222,98002,"SANTA ANA, CA",Orange County Table Tennis Academy,1990,2024-06-02,0,,ACTIVE,2023 Joola LA Open,2045.0,2033.0,2023-08-12,2023-08-13
1435,Long T,Nguyen,102222,98002,"SANTA ANA, CA",Orange County Table Tennis Academy,1990,2024-06-02,0,,ACTIVE,2022 LA Open,1876.0,1847.0,2022-12-10,2022-12-11
1435,Long T,Nguyen,102222,98002,"SANTA ANA, CA",Orange County Table Tennis Academy,1990,2024-06-02,0,,ACTIVE,2018 JOOLA LA Open Tournament,1707.0,1715.0,2018-09-01,2018-09-01
1435,Long T,Nguyen,102222,98002,"SANTA ANA, CA",Orange County Table Tennis Academy,1990,2024-06-02,0,,ACTIVE,2017 JOOLA LA Open Tournament,1525.0,1519.0,2017-09-02,2017-09-03
1438,Ronald,Yu,8930,32315,"Yorba Linda, CA",,1990,2024-06-09,1874,2024-06-07,ACTIVE,2022 LA Open,2072.0,2087.0,2022-12-10,2022-12-11
1438,Ronald,Yu,8930,32315,"Yorba Linda, CA",,1990,2024-06-09,1874,2024-06-07,ACTIVE,2018 JOOLA LA Open Tournament,1716.0,1735.0,2018-09-01,2018-09-01
1438,Ronald,Yu,8930,32315,"Yorba Linda, CA",,1990,2024-06-09,1874,2024-06-07,ACTIVE,NW LA Open,1863.0,1838.0,2014-09-14,
1438,Ronald,Yu,8930,32315,"Yorba Linda, CA",,1990,2024-06-09,1874,2024-06-07,ACTIVE,LA Open TT Tournament 2011,1895.0,1852.0,2011-09-04,
1455,Brad,Letourneau,4347,94133,"Lakewood, CO",,1986,2024-08-04,0,,ACTIVE,2024 JOOLA LA Open Table Tennis Tournament,2006.0,1986.0,2024-08-03,2024-08-04
1456,Helen,Li,4412,94395,"Las Vegas, NV",Lee's Table Tennis Club,1985,2024-08-04,0,,ACTIVE,2024 JOOLA LA Open Table Tennis Tournament,1983.0,1985.0,2024-08-03,2024-08-04
1459,Aiden,Liang,166517,265517,"San Jose, CA",Super Spin Table Tennis Club,1985,2024-08-04,1910,2024-08-11,ACTIVE,2024 JOOLA LA Open Table Tennis Tournament,1896.0,1985.0,2024-08-03,2024-08-04
1464,Raymond,Yip,54768,22026,"Milpitas, CA",,1984,2018-03-02,1986,2024-01-18,ACTIVE,2013 LA Open Table Tennis Tournament,1897.0,1886.0,2013-09-01,
1466,Randy,Hou,3124,20092,"Houston, TX",,1983,2024-08-11,2160,2024-05-05,ACTIVE,LA Open TT Tournament 2011,2216.0,2222.0,2011-09-04,
1476,Dylan Joshua,Ley,102930,98041,"Frisco, TX",Learning Tree Table Tennis Club,1981,2024-08-24,1832,2023-05-26,ACTIVE,North-West LA Open 2** Tournament,1781.0,1778.0,2019-09-08,2019-09-08
1476,Dylan Joshua,Ley,102930,98041,"Frisco, TX",Learning Tree Table Tennis Club,1981,2024-08-24,1832,2023-05-26,ACTIVE,North-West LA Open 2** Tournament,1714.0,1729.0,2019-01-20,2019-01-20
1479,Shloak,Hiremani,171305,270305,"Fremont, CA",ICC Table Tennis Center,1980,2024-09-02,1814,2024-08-17,ACTIVE,2023 Joola LA Open,1911.0,1868.0,2023-08-12,2023-08-13
1483,Tom,Ruan,43634,14167,"San Jose, CA",,1979,2024-06-02,1928,2024-07-19,ACTIVE,LA Open TT Tournament 2011,1980.0,1947.0,2011-09-04,
1485,Carlos,Santiva¤ez,185605,1185605,Cajamarca,,1978,2024-08-04,2051,2024-08-10,ACTIVE,2024 JOOLA LA Open Table Tennis Tournament,2080.0,1978.0,2024-08-03,2024-08-04
1492,Noah,Clark,1378,81273,"Lahaina, HI",,1977,2023-12-21,1787,2012-06-13,ACTIVE,2015 LA Open Table Tennis Tournament,1967.0,1985.0,2015-09-06,
1493,Fredrik,Persson,119929,218929,"Los Angeles, CA",Westside Table Tennis Center,1977,2024-08-24,1899,2023-09-22,ACTIVE,2024 JOOLA LA Open Table Tennis Tournament,1959.0,1972.0,2024-08-03,2024-08-04
1493,Fredrik,Persson,119929,218929,"Los Angeles, CA",Westside Table Tennis Center,1977,2024-08-24,1899,2023-09-22,ACTIVE,2023 Joola LA Open,1923.0,1919.0,2023-08-12,2023-08-13
1493,Fredrik,Persson,119929,218929,"Los Angeles, CA",Westside Table Tennis Center,1977,2024-08-24,1899,2023-09-22,ACTIVE,2022 LA Open,1667.0,1693.0,2022-12-10,2022-12-11
1499,Cesar,Serna,6955,2316,"Austin, TX",San Antonio Table Tennis Club,1976,2024-08-31,1946,2024-08-28,ACTIVE,2024 JOOLA LA Open Table Tennis Tournament,1969.0,1972.0,2024-08-03,2024-08-04
1500,Judy,Pan,185692,1185692,Edmonton,,1976,2024-08-04,0,,ACTIVE,2024 JOOLA LA Open Table Tennis Tournament,0.0,1976.0,2024-08-03,2024-08-04
1525,Khanh,Le,4185,88396,"Sunnyvale, CA","The Top Spin, LLC",1970,2018-03-02,0,,ACTIVE,2015 LA Open Table Tennis Tournament,2000.0,1970.0,2015-09-06,
1525,Khanh,Le,4185,88396,"Sunnyvale, CA","The Top Spin, LLC",1970,2018-03-02,0,,ACTIVE,2013 LA Open Table Tennis Tournament,2016.0,2040.0,2013-09-01,
1525,Khanh,Le,4185,88396,"Sunnyvale, CA","The Top Spin, LLC",1970,2018-03-02,0,,ACTIVE,2012 LA Open Butterfly Table Tennis Tournament,2020.0,2016.0,2012-09-02,
1532,Ronald,Arellano,232,74523,"Fullerton Ca, CA",Grace Lin TTC,1968,2018-03-02,2081,2013-06-21,ACTIVE,2012 LA Open Butterfly Table Tennis Tournament,2083.0,2074.0,2012-09-02,
1532,Ronald,Arellano,232,74523,"Fullerton Ca, CA",Grace Lin TTC,1968,2018-03-02,2081,2013-06-21,ACTIVE,LA Open TT Tournament 2011,2026.0,2093.0,2011-09-04,
1534,Jun,Hui,172127,1172127,Temple City,,1967,2024-08-04,1901,2023-06-30,ACTIVE,2024 JOOLA LA Open Table Tennis Tournament,1961.0,1967.0,2024-08-03,2024-08-04
1534,Jun,Hui,172127,1172127,Temple City,,1967,2024-08-04,1901,2023-06-30,ACTIVE,2023 Joola LA Open,1896.0,1851.0,2023-08-12,2023-08-13
1534,Jun,Hui,172127,1172127,Temple City,,1967,2024-08-04,1901,2023-06-30,ACTIVE,2022 LA Open,1735.0,1831.0,2022-12-10,2022-12-11
1537,Rishikumar,Gopalan,2557,87728,"Fremont, CA",,1967,2024-04-20,1948,2019-08-03,ACTIVE,2018 JOOLA LA Open Tournament,2187.0,2110.0,2018-09-01,2018-09-01
1537,Rishikumar,Gopalan,2557,87728,"Fremont, CA",,1967,2024-04-20,1948,2019-08-03,ACTIVE,2014 LA Open Table Tennis Tournament,1782.0,1791.0,2014-08-17,
1540,Daniel,Bruno,798,34526,"Oakland, CA",Alameda Table Tennis Club (ATTC),1965,2018-03-02,1800,2016-01-30,ACTIVE,LA Open TT Tournament 2011,1881.0,1894.0,2011-09-04,
1550,Jason,Chauv,116795,215795,"Seattle, WA",,1964,2024-06-30,2011,2024-05-11,ACTIVE,OCTTA warm up for LA open,1733.0,1744.0,2018-08-25,2018-08-26
1551,Xuan,Liu,4662,34565,"Irvine, CA",Los Angeles Table Tennis Association,1963,2018-03-02,1953,2010-04-11,ACTIVE,2014 LA Open Table Tennis Tournament,1977.0,1963.0,2014-08-17,
1551,Xuan,Liu,4662,34565,"Irvine, CA",Los Angeles Table Tennis Association,1963,2018-03-02,1953,2010-04-11,ACTIVE,2013 LA Open Table Tennis Tournament,1816.0,1847.0,2013-09-01,
1551,Xuan,Liu,4662,34565,"Irvine, CA",Los Angeles Table Tennis Association,1963,2018-03-02,1953,2010-04-11,ACTIVE,LA Open TT Tournament 2011,1920.0,1948.0,2011-09-04,
1552,David,Sakai,6741,9668,"Bowie, MD",Las Vegas Table Tennis,1963,2023-12-21,2142,2015-08-09,ACTIVE,2019 Joola LA Open,1996.0,2004.0,2019-08-31,2019-09-01
1552,David,Sakai,6741,9668,"Bowie, MD",Las Vegas Table Tennis,1963,2023-12-21,2142,2015-08-09,ACTIVE,2017 JOOLA LA Open Tournament,2067.0,2070.0,2017-09-02,2017-09-03
1552,David,Sakai,6741,9668,"Bowie, MD",Las Vegas Table Tennis,1963,2023-12-21,2142,2015-08-09,ACTIVE,2013 LA Open Table Tennis Tournament,2143.0,2158.0,2013-09-01,
1552,David,Sakai,6741,9668,"Bowie, MD",Las Vegas Table Tennis,1963,2023-12-21,2142,2015-08-09,ACTIVE,LA Open TT Tournament 2011,2217.0,2197.0,2011-09-04,
1555,Gary,Whiddon,8433,52868,"Thousand Oaks, CA",,1963,2022-12-11,0,,ACTIVE,2022 LA Open,1832.0,1963.0,2022-12-10,2022-12-11
1555,Gary,Whiddon,8433,52868,"Thousand Oaks, CA",,1963,2022-12-11,0,,ACTIVE,2019 Joola LA Open,1741.0,1737.0,2019-08-31,2019-09-01
1555,Gary,Whiddon,8433,52868,"Thousand Oaks, CA",,1963,2022-12-11,0,,ACTIVE,2018 JOOLA LA Open Tournament,1710.0,1701.0,2018-09-01,2018-09-01
1555,Gary,Whiddon,8433,52868,"Thousand Oaks, CA",,1963,2022-12-11,0,,ACTIVE,North West LA Open 2 ,1741.0,1710.0,2018-04-29,2018-04-29
1555,Gary,Whiddon,8433,52868,"Thousand Oaks, CA",,1963,2022-12-11,0,,ACTIVE,2017 JOOLA LA Open Tournament,1761.0,1703.0,2017-09-02,2017-09-03
1560,Nicholas,Senturia,122166,221166,"The Colony, TX",Dallas TTC,1961,2024-08-31,1750,2019-09-18,ACTIVE,2019 Joola LA Open,1723.0,1756.0,2019-08-31,2019-09-01
1560,Nicholas,Senturia,122166,221166,"The Colony, TX",Dallas TTC,1961,2024-08-31,1750,2019-09-18,ACTIVE,North-West LA Open 2** Tournament,1732.0,1737.0,2019-06-16,2019-06-16
1560,Nicholas,Senturia,122166,221166,"The Colony, TX",Dallas TTC,1961,2024-08-31,1750,2019-09-18,ACTIVE,North-West LA Open 2** Tournament,1480.0,1593.0,2019-01-20,2019-01-20
1560,Nicholas,Senturia,122166,221166,"The Colony, TX",Dallas TTC,1961,2024-08-31,1750,2019-09-18,ACTIVE,North-West La Open 2** Sanctioned Tournament,1284.0,1344.0,2018-09-23,2018-09-23
1560,Nicholas,Senturia,122166,221166,"The Colony, TX",Dallas TTC,1961,2024-08-31,1750,2019-09-18,ACTIVE,2018 JOOLA LA Open Tournament,1274.0,1284.0,2018-09-01,2018-09-01
1560,Nicholas,Senturia,122166,221166,"The Colony, TX",Dallas TTC,1961,2024-08-31,1750,2019-09-18,ACTIVE,OCTTA warm up for LA open,1264.0,1274.0,2018-08-25,2018-08-26
1560,Nicholas,Senturia,122166,221166,"The Colony, TX",Dallas TTC,1961,2024-08-31,1750,2019-09-18,ACTIVE,North West LA Open,0.0,777.0,2018-01-21,2018-01-21
1561,David,Rudesill,43673,2730,"Lakewood, CO",DenverPong,1961,2024-03-09,1883,2013-09-15,ACTIVE,2017 JOOLA LA Open Tournament,1993.0,1942.0,2017-09-02,2017-09-03
1561,David,Rudesill,43673,2730,"Lakewood, CO",DenverPong,1961,2024-03-09,1883,2013-09-15,ACTIVE,LA Open TT Tournament 2011,1981.0,2036.0,2011-09-04,
1565,Thanh,Tran,49906,70188,"Fountain Valley, CA",Orange County Table Tennis Academy,1961,2024-06-02,1903,2010-11-20,ACTIVE,2019 Joola LA Open,1977.0,1980.0,2019-08-31,2019-09-01
1565,Thanh,Tran,49906,70188,"Fountain Valley, CA",Orange County Table Tennis Academy,1961,2024-06-02,1903,2010-11-20,ACTIVE,2018 JOOLA LA Open Tournament,1945.0,1982.0,2018-09-01,2018-09-01
1565,Thanh,Tran,49906,70188,"Fountain Valley, CA",Orange County Table Tennis Academy,1961,2024-06-02,1903,2010-11-20,ACTIVE,2017 JOOLA LA Open Tournament,1933.0,1926.0,2017-09-02,2017-09-03
1565,Thanh,Tran,49906,70188,"Fountain Valley, CA",Orange County Table Tennis Academy,1961,2024-06-02,1903,2010-11-20,ACTIVE,2016 Butterfly LA Open Tournament,1943.0,1955.0,2016-09-03,2016-09-04
1565,Thanh,Tran,49906,70188,"Fountain Valley, CA",Orange County Table Tennis Academy,1961,2024-06-02,1903,2010-11-20,ACTIVE,2014 LA Open Table Tennis Tournament,1927.0,1925.0,2014-08-17,
1565,Thanh,Tran,49906,70188,"Fountain Valley, CA",Orange County Table Tennis Academy,1961,2024-06-02,1903,2010-11-20,ACTIVE,2012 LA Open Butterfly Table Tennis Tournament,1864.0,1838.0,2012-09-02,
1565,Thanh,Tran,49906,70188,"Fountain Valley, CA",Orange County Table Tennis Academy,1961,2024-06-02,1903,2010-11-20,ACTIVE,LA Open TT Tournament 2011,1893.0,1864.0,2011-09-04,
1578,Emily,Mo,5332,88984,"Palo Alto, CA",Silicon Valley Table Tennis Club (SVTTC),1958,2018-03-02,1689,2016-08-12,ACTIVE,2015 LA Open Table Tennis Tournament,1762.0,1747.0,2015-09-06,
1588,Yude,Chan,1041,75209,"Claremont, CA",Grace Lin TTC,1955,2022-10-06,1668,2015-09-26,ACTIVE,North-West La Open 2** Tournament,1736.0,1756.0,2019-04-28,2019-04-28
1588,Yude,Chan,1041,75209,"Claremont, CA",Grace Lin TTC,1955,2022-10-06,1668,2015-09-26,ACTIVE,North-West La Open 2** Sanctioned Tournament,1736.0,1742.0,2018-11-18,2018-11-18
1588,Yude,Chan,1041,75209,"Claremont, CA",Grace Lin TTC,1955,2022-10-06,1668,2015-09-26,ACTIVE,North West LA Open 2 ,1709.0,1735.0,2018-04-29,2018-04-29
1588,Yude,Chan,1041,75209,"Claremont, CA",Grace Lin TTC,1955,2022-10-06,1668,2015-09-26,ACTIVE,North West LA Open,1728.0,1727.0,2018-01-21,2018-01-21
1594,Jerome,Vallar,113066,212066,"Escondido, CA",,1955,2024-08-11,0,,ACTIVE,2019 Joola LA Open,2056.0,2090.0,2019-08-31,2019-09-01
1594,Jerome,Vallar,113066,212066,"Escondido, CA",,1955,2024-08-11,0,,ACTIVE,2018 JOOLA LA Open Tournament,1870.0,1909.0,2018-09-01,2018-09-01
1594,Jerome,Vallar,113066,212066,"Escondido, CA",,1955,2024-08-11,0,,ACTIVE,2017 JOOLA LA Open Tournament,1710.0,1705.0,2017-09-02,2017-09-03
1611,Andrew,Zhou,103548,202548,"San Diego, CA",,1952,2024-02-24,1931,2024-07-12,ACTIVE,2023 Joola LA Open,1991.0,1967.0,2023-08-12,2023-08-13
1611,Andrew,Zhou,103548,202548,"San Diego, CA",,1952,2024-02-24,1931,2024-07-12,ACTIVE,2022 LA Open,1890.0,1875.0,2022-12-10,2022-12-11
1611,Andrew,Zhou,103548,202548,"San Diego, CA",,1952,2024-02-24,1931,2024-07-12,ACTIVE,2019 Joola LA Open,1876.0,1902.0,2019-08-31,2019-09-01
1611,Andrew,Zhou,103548,202548,"San Diego, CA",,1952,2024-02-24,1931,2024-07-12,ACTIVE,2018 JOOLA LA Open Tournament,1654.0,1699.0,2018-09-01,2018-09-01
1611,Andrew,Zhou,103548,202548,"San Diego, CA",,1952,2024-02-24,1931,2024-07-12,ACTIVE,2017 JOOLA LA Open Tournament,1386.0,1327.0,2017-09-02,2017-09-03
1611,Andrew,Zhou,103548,202548,"San Diego, CA",,1952,2024-02-24,1931,2024-07-12,ACTIVE,2016 Butterfly LA Open Tournament,665.0,665.0,2016-09-03,2016-09-04
1619,Dylan,Peiris,176550,1176550,San Diego,,1951,2024-08-04,1464,2024-09-06,ACTIVE,2024 JOOLA LA Open Table Tennis Tournament,1678.0,1951.0,2024-08-03,2024-08-04
1619,Dylan,Peiris,176550,1176550,San Diego,,1951,2024-08-04,1464,2024-09-06,ACTIVE,2023 Joola LA Open,1216.0,1241.0,2023-08-12,2023-08-13
1639,Arun,Sharma,45489,89832,"Fremont, CA",,1948,2024-09-02,1770,2024-06-29,ACTIVE,2013 LA Open Table Tennis Tournament,1809.0,1828.0,2013-09-01,
1652,Bryson,Liu,118073,217073,"Riverside, CA",,1945,2024-08-04,1848,2023-05-12,ACTIVE,2024 JOOLA LA Open Table Tennis Tournament,1945.0,1945.0,2024-08-03,2024-08-04
1652,Bryson,Liu,118073,217073,"Riverside, CA",,1945,2024-08-04,1848,2023-05-12,ACTIVE,2023 Joola LA Open,1876.0,1899.0,2023-08-12,2023-08-13
1652,Bryson,Liu,118073,217073,"Riverside, CA",,1945,2024-08-04,1848,2023-05-12,ACTIVE,2019 Joola LA Open,1457.0,1454.0,2019-08-31,2019-09-01
1652,Bryson,Liu,118073,217073,"Riverside, CA",,1945,2024-08-04,1848,2023-05-12,ACTIVE,2017 JOOLA LA Open Tournament,980.0,995.0,2017-09-02,2017-09-03
1664,Fei-Lian,Zhang,165615,1165615,"San Diego, CA",,1944,2024-07-07,1919,2024-09-06,ACTIVE,2023 Joola LA Open,1687.0,1804.0,2023-08-12,2023-08-13
1668,Wai M.,Wong,8570,45824,"Santa Clara, CA",N,1943,2024-07-07,1952,2024-07-19,ACTIVE,2014 LA Open Table Tennis Tournament,2116.0,2106.0,2014-08-17,
1677,Seungki,Choi,1292,95230,"Irvine, CA",,1940,2023-05-28,0,,ACTIVE,2016 Butterfly LA Open Tournament,1914.0,1908.0,2016-09-03,2016-09-04
1679,Henry,Wang,8252,91267,"Mt Pleasant, MI",Hua Xia Table Tennis Center,1940,2024-07-07,1615,2023-08-06,ACTIVE,2023 Joola LA Open,1822.0,1811.0,2023-08-12,2023-08-13
1691,Rolan,Guang,116498,215498,"San Diego, CA",Learning Tree Table Tennis Club,1937,2024-01-21,0,,ACTIVE,2018 JOOLA LA Open Tournament,1639.0,1665.0,2018-09-01,2018-09-01
1691,Rolan,Guang,116498,215498,"San Diego, CA",Learning Tree Table Tennis Club,1937,2024-01-21,0,,ACTIVE,2017 JOOLA LA Open Tournament,1198.0,1445.0,2017-09-02,2017-09-03
1706,Varin,Chandra,170751,1170751,"Highlands Ranch, CO",Mile High Table Tennis Academy,1935,2024-08-04,1901,2024-05-24,ACTIVE,2024 JOOLA LA Open Table Tennis Tournament,1910.0,1935.0,2024-08-03,2024-08-04
1706,Varin,Chandra,170751,1170751,"Highlands Ranch, CO",Mile High Table Tennis Academy,1935,2024-08-04,1901,2024-05-24,ACTIVE,2023 Joola LA Open,1419.0,1430.0,2023-08-12,2023-08-13
1707,Shishir,Mahajan,98089,197089,"Santa Clara, CA",Stickman Skills Center,1934,2024-03-03,1749,2024-08-18,ACTIVE,2023 Joola LA Open,1862.0,1849.0,2023-08-12,2023-08-13
1715,Chris,Lewan,4371,97561,"Northridge, CA",Allen and Sons Table Tennis Club,1933,2024-08-24,0,,ACTIVE,2019 Joola LA Open,2039.0,2037.0,2019-08-31,2019-09-01
1715,Chris,Lewan,4371,97561,"Northridge, CA",Allen and Sons Table Tennis Club,1933,2024-08-24,0,,ACTIVE,2017 JOOLA LA Open Tournament,2018.0,1968.0,2017-09-02,2017-09-03
1715,Chris,Lewan,4371,97561,"Northridge, CA",Allen and Sons Table Tennis Club,1933,2024-08-24,0,,ACTIVE,2016 Butterfly LA Open Tournament,1810.0,1845.0,2016-09-03,2016-09-04
1715,Chris,Lewan,4371,97561,"Northridge, CA",Allen and Sons Table Tennis Club,1933,2024-08-24,0,,ACTIVE,NW LA Open,1811.0,1786.0,2016-05-01,2016-05-01
1715,Chris,Lewan,4371,97561,"Northridge, CA",Allen and Sons Table Tennis Club,1933,2024-08-24,0,,ACTIVE,NW LA Open,1597.0,1598.0,2016-01-17,2016-01-17
1715,Chris,Lewan,4371,97561,"Northridge, CA",Allen and Sons Table Tennis Club,1933,2024-08-24,0,,ACTIVE,NW LA Open,1360.0,1339.0,2015-11-15,
1715,Chris,Lewan,4371,97561,"Northridge, CA",Allen and Sons Table Tennis Club,1933,2024-08-24,0,,ACTIVE,NW LA Open,0.0,1144.0,2015-09-13,
1716,Bella,Livshin,4675,64912,"Northridge, CA",Gilbert Table Tennis Center,1933,2018-03-02,1837,2010-01-30,ACTIVE,January 2015 NW LA Open,1919.0,1919.0,2015-01-18,
1735,Pradyun,Banala,176627,1176627,"Dublin, CA",,1931,2024-09-02,1835,2024-09-07,ACTIVE,2024 JOOLA LA Open Table Tennis Tournament,1810.0,1904.0,2024-08-03,2024-08-04
1757,Chanh,Nguyen,115491,214491,"Anaheim, CA",,1926,2024-06-02,0,,ACTIVE,2019 Joola LA Open,1904.0,1898.0,2019-08-31,2019-09-01
1757,Chanh,Nguyen,115491,214491,"Anaheim, CA",,1926,2024-06-02,0,,ACTIVE,2018 JOOLA LA Open Tournament,1536.0,1581.0,2018-09-01,2018-09-01
1768,Hoa,Nguyen,116802,215802,Stanton,,1924,2024-06-02,0,,ACTIVE,2023 Joola LA Open,1935.0,1934.0,2023-08-12,2023-08-13
1768,Hoa,Nguyen,116802,215802,Stanton,,1924,2024-06-02,0,,ACTIVE,2018 JOOLA LA Open Tournament,1899.0,1942.0,2018-09-01,2018-09-01
1768,Hoa,Nguyen,116802,215802,Stanton,,1924,2024-06-02,0,,ACTIVE,OCTTA warm up for LA open,1879.0,1899.0,2018-08-25,2018-08-26
1770,Umut,Ozkalyoncuoglu,130613,229613,"Pasadena, CA",Los Angeles Table Tennis Association,1923,2024-03-23,0,,ACTIVE,2018 JOOLA LA Open Tournament,0.0,1891.0,2018-09-01,2018-09-01
1793,John,Shen,174516,273516,"Temple City, CA",Los Angeles Table Tennis Association,1920,2024-08-04,1805,2023-09-08,ACTIVE,2024 JOOLA LA Open Table Tennis Tournament,1910.0,1920.0,2024-08-03,2024-08-04
1793,John,Shen,174516,273516,"Temple City, CA",Los Angeles Table Tennis Association,1920,2024-08-04,1805,2023-09-08,ACTIVE,2023 Joola LA Open,1913.0,1806.0,2023-08-12,2023-08-13
1793,John,Shen,174516,273516,"Temple City, CA",Los Angeles Table Tennis Association,1920,2024-08-04,1805,2023-09-08,ACTIVE,2022 LA Open,1685.0,1848.0,2022-12-10,2022-12-11
1803,Austin,Wu-Duenas,1870,88909,"Palo Alto, CA",(TTA) Table Tennis America,1918,2024-08-25,1685,2024-09-08,ACTIVE,2024 JOOLA LA Open Table Tennis Tournament,1962.0,1943.0,2024-08-03,2024-08-04
1806,Jason,Cao,931,96412,"Huntington Beach, CA",,1918,2024-03-10,0,,ACTIVE,2018 JOOLA LA Open Tournament,1797.0,1800.0,2018-09-01,2018-09-01
1818,Peter,Cao,120413,219413,"San Diego, CA",Learning Tree Table Tennis Club,1915,2024-08-04,1850,2024-06-21,ACTIVE,2024 JOOLA LA Open Table Tennis Tournament,1863.0,1915.0,2024-08-03,2024-08-04
1818,Peter,Cao,120413,219413,"San Diego, CA",Learning Tree Table Tennis Club,1915,2024-08-04,1850,2024-06-21,ACTIVE,2023 Joola LA Open,1869.0,1842.0,2023-08-12,2023-08-13
1818,Peter,Cao,120413,219413,"San Diego, CA",Learning Tree Table Tennis Club,1915,2024-08-04,1850,2024-06-21,ACTIVE,2022 LA Open,1766.0,1762.0,2022-12-10,2022-12-11
1818,Peter,Cao,120413,219413,"San Diego, CA",Learning Tree Table Tennis Club,1915,2024-08-04,1850,2024-06-21,ACTIVE,2019 Joola LA Open,1337.0,1519.0,2019-08-31,2019-09-01
1818,Peter,Cao,120413,219413,"San Diego, CA",Learning Tree Table Tennis Club,1915,2024-08-04,1850,2024-06-21,ACTIVE,2018 JOOLA LA Open Tournament,1414.0,1248.0,2018-09-01,2018-09-01
1818,Peter,Cao,120413,219413,"San Diego, CA",Learning Tree Table Tennis Club,1915,2024-08-04,1850,2024-06-21,ACTIVE,2017 JOOLA LA Open Tournament,0.0,755.0,2017-09-02,2017-09-03
1822,Dongyong,Zhou,9129,87743,"San Jose, CA",Swan Ping Pong,1914,2018-03-02,1916,2024-09-07,ACTIVE,2016 Butterfly LA Open Tournament,1892.0,1888.0,2016-09-03,2016-09-04
1822,Dongyong,Zhou,9129,87743,"San Jose, CA",Swan Ping Pong,1914,2018-03-02,1916,2024-09-07,ACTIVE,2015 LA Open Table Tennis Tournament,1898.0,1892.0,2015-09-06,
1822,Dongyong,Zhou,9129,87743,"San Jose, CA",Swan Ping Pong,1914,2018-03-02,1916,2024-09-07,ACTIVE,2014 LA Open Table Tennis Tournament,1929.0,1918.0,2014-08-17,
1851,Jack,FINK,172165,271165,"Los Angeles, CA",,1910,2024-08-24,1879,2023-09-15,ACTIVE,2023 Joola LA Open,1861.0,1857.0,2023-08-12,2023-08-13
1851,Jack,FINK,172165,271165,"Los Angeles, CA",,1910,2024-08-24,1879,2023-09-15,ACTIVE,2022 LA Open,1589.0,1589.0,2022-12-10,2022-12-11
1855,Kevin,Li Zhang,102177,97783,"Chula Vista, CA",,1909,2024-03-23,1794,2023-10-27,ACTIVE,2018 JOOLA LA Open Tournament,1539.0,1525.0,2018-09-01,2018-09-01
1858,Michael,Sun,174013,273013,"New Hyde Park, NY",,1909,2024-07-28,0,,ACTIVE,2023 Joola LA Open,1805.0,1777.0,2023-08-12,2023-08-13
1862,Mark,Kraut,3947,7414,"Henderson, NV",Lee's Table Tennis Club,1908,2024-03-24,0,,ACTIVE,2019 Joola LA Open,1966.0,1973.0,2019-08-31,2019-09-01
1862,Mark,Kraut,3947,7414,"Henderson, NV",Lee's Table Tennis Club,1908,2024-03-24,0,,ACTIVE,2018 JOOLA LA Open Tournament,1956.0,1960.0,2018-09-01,2018-09-01
1862,Mark,Kraut,3947,7414,"Henderson, NV",Lee's Table Tennis Club,1908,2024-03-24,0,,ACTIVE,2017 JOOLA LA Open Tournament,2010.0,1968.0,2017-09-02,2017-09-03
1862,Mark,Kraut,3947,7414,"Henderson, NV",Lee's Table Tennis Club,1908,2024-03-24,0,,ACTIVE,2016 Butterfly LA Open Tournament,1909.0,1889.0,2016-09-03,2016-09-04
1869,Chandru,Krishnan,30075,22877,Toronto Canada,,1907,2023-11-26,0,,ACTIVE,2014 LA Open Table Tennis Tournament,2153.0,2117.0,2014-08-17,
1875,Emilian,Mihet,5237,76652,"Eagle River, AK",Alaska Table Tennis Club,1906,2023-12-21,1981,2018-07-28,ACTIVE,2018 JOOLA LA Open Tournament,2059.0,2057.0,2018-09-01,2018-09-01
1875,Emilian,Mihet,5237,76652,"Eagle River, AK",Alaska Table Tennis Club,1906,2023-12-21,1981,2018-07-28,ACTIVE,2017 JOOLA LA Open Tournament,2060.0,2062.0,2017-09-02,2017-09-03
1875,Emilian,Mihet,5237,76652,"Eagle River, AK",Alaska Table Tennis Club,1906,2023-12-21,1981,2018-07-28,ACTIVE,2015 LA Open Table Tennis Tournament,2076.0,2075.0,2015-09-06,
1875,Emilian,Mihet,5237,76652,"Eagle River, AK",Alaska Table Tennis Club,1906,2023-12-21,1981,2018-07-28,ACTIVE,January 2015 NW LA Open,2080.0,2079.0,2015-01-18,
1875,Emilian,Mihet,5237,76652,"Eagle River, AK",Alaska Table Tennis Club,1906,2023-12-21,1981,2018-07-28,ACTIVE,2014 LA Open Table Tennis Tournament,2088.0,2087.0,2014-08-17,
1875,Emilian,Mihet,5237,76652,"Eagle River, AK",Alaska Table Tennis Club,1906,2023-12-21,1981,2018-07-28,ACTIVE,NW LA Open,2111.0,2114.0,2014-01-19,
1875,Emilian,Mihet,5237,76652,"Eagle River, AK",Alaska Table Tennis Club,1906,2023-12-21,1981,2018-07-28,ACTIVE,North-West LA Open,2135.0,2136.0,2013-09-15,
1875,Emilian,Mihet,5237,76652,"Eagle River, AK",Alaska Table Tennis Club,1906,2023-12-21,1981,2018-07-28,ACTIVE,2013 LA Open Table Tennis Tournament,2088.0,2135.0,2013-09-01,
1875,Emilian,Mihet,5237,76652,"Eagle River, AK",Alaska Table Tennis Club,1906,2023-12-21,1981,2018-07-28,ACTIVE,2012 LA Open Butterfly Table Tennis Tournament,2005.0,2005.0,2012-09-02,
1875,Emilian,Mihet,5237,76652,"Eagle River, AK",Alaska Table Tennis Club,1906,2023-12-21,1981,2018-07-28,ACTIVE,LA Open TT Tournament 2011,2039.0,2017.0,2011-09-04,
1881,Khanh,Le,4186,94928,"Fountain Valley, CA",,1905,2024-08-04,0,,ACTIVE,2024 JOOLA LA Open Table Tennis Tournament,1912.0,1905.0,2024-08-03,2024-08-04
1881,Khanh,Le,4186,94928,"Fountain Valley, CA",,1905,2024-08-04,0,,ACTIVE,2023 Joola LA Open,1853.0,1895.0,2023-08-12,2023-08-13
1881,Khanh,Le,4186,94928,"Fountain Valley, CA",,1905,2024-08-04,0,,ACTIVE,2019 Joola LA Open,1840.0,1867.0,2019-08-31,2019-09-01
1881,Khanh,Le,4186,94928,"Fountain Valley, CA",,1905,2024-08-04,0,,ACTIVE,2018 JOOLA LA Open Tournament,1691.0,1728.0,2018-09-01,2018-09-01
1881,Khanh,Le,4186,94928,"Fountain Valley, CA",,1905,2024-08-04,0,,ACTIVE,2015 LA Open Table Tennis Tournament,1524.0,1526.0,2015-09-06,
1884,Gia,Leu,4348,17561,"Phoenix, AZ",Phoenix Table Tennis Club,1905,2023-09-24,1845,2024-08-26,ACTIVE,LA Open TT Tournament 2011,1930.0,1932.0,2011-09-04,
1887,Brian,Thai,7742,31602,"Westminster, CA",,1904,2023-10-08,1866,2009-01-11,ACTIVE,2018 JOOLA LA Open Tournament,1814.0,1976.0,2018-09-01,2018-09-01
1907,John P.,Ochsner,5764,5004,"Seattle, WA",Seattle Pacific Table Tennis Club,1902,2024-09-08,1985,2023-06-24,ACTIVE,LA Open TT Tournament 2011,1952.0,1946.0,2011-09-04,
1908,Dahai,Hao,175874,274874,"Irvine, CA",Orange County Table Tennis Academy,1901,2024-08-04,1724,2022-08-26,ACTIVE,2024 JOOLA LA Open Table Tennis Tournament,1919.0,1901.0,2024-08-03,2024-08-04
1913,Ella,Dong,171854,1171854,"Irvine, CA",Orange County Table Tennis Academy,1901,2024-08-04,1756,2023-07-30,ACTIVE,2024 JOOLA LA Open Table Tennis Tournament,1884.0,1901.0,2024-08-03,2024-08-04
1927,Shreya,Venkateraman,171643,1171643,Fort Collins,,1899,2024-08-04,0,,ACTIVE,2024 JOOLA LA Open Table Tennis Tournament,1897.0,1899.0,2024-08-03,2024-08-04
1929,Saro,Banoian,415,91930,"Glendale, CA",,1899,2024-06-02,1664,2014-05-03,ACTIVE,2019 Joola LA Open,1714.0,1717.0,2019-08-31,2019-09-01
1929,Saro,Banoian,415,91930,"Glendale, CA",,1899,2024-06-02,1664,2014-05-03,ACTIVE,2017 JOOLA LA Open Tournament,1745.0,1733.0,2017-09-02,2017-09-03
1929,Saro,Banoian,415,91930,"Glendale, CA",,1899,2024-06-02,1664,2014-05-03,ACTIVE,2016 Butterfly LA Open Tournament,1778.0,1774.0,2016-09-03,2016-09-04
1929,Saro,Banoian,415,91930,"Glendale, CA",,1899,2024-06-02,1664,2014-05-03,ACTIVE,NW LA Open,1815.0,1811.0,2016-05-01,2016-05-01
1929,Saro,Banoian,415,91930,"Glendale, CA",,1899,2024-06-02,1664,2014-05-03,ACTIVE,2015 LA Open Table Tennis Tournament,1719.0,1678.0,2015-09-06,
1929,Saro,Banoian,415,91930,"Glendale, CA",,1899,2024-06-02,1664,2014-05-03,ACTIVE,2014 LA Open Table Tennis Tournament,1718.0,1746.0,2014-08-17,
1929,Saro,Banoian,415,91930,"Glendale, CA",,1899,2024-06-02,1664,2014-05-03,ACTIVE,North-West LA Open,0.0,1497.0,2013-09-15,
1932,Richard,McAfee,5084,43720,"Aurora, CO",Sky High Table Tennis Club,1899,2024-04-28,2070,2015-06-27,ACTIVE,2019 Joola LA Open,1971.0,1974.0,2019-08-31,2019-09-01
1943,Kevin,Pham,171815,1171815,Baldwin Park,,1897,2024-08-04,0,,ACTIVE,2024 JOOLA LA Open Table Tennis Tournament,1901.0,1897.0,2024-08-03,2024-08-04
1943,Kevin,Pham,171815,1171815,Baldwin Park,,1897,2024-08-04,0,,ACTIVE,2023 Joola LA Open,1953.0,1891.0,2023-08-12,2023-08-13
1943,Kevin,Pham,171815,1171815,Baldwin Park,,1897,2024-08-04,0,,ACTIVE,2022 LA Open,1893.0,1933.0,2022-12-10,2022-12-11
1948,Tarun,Tandon,7653,74872,"Sunnyvale, CA",ICC Table Tennis Center,1897,2024-07-28,1785,2024-07-27,ACTIVE,2017 JOOLA LA Open Tournament,1929.0,1972.0,2017-09-02,2017-09-03
1948,Tarun,Tandon,7653,74872,"Sunnyvale, CA",ICC Table Tennis Center,1897,2024-07-28,1785,2024-07-27,ACTIVE,2016 Butterfly LA Open Tournament,1903.0,2003.0,2016-09-03,2016-09-04
1948,Tarun,Tandon,7653,74872,"Sunnyvale, CA",ICC Table Tennis Center,1897,2024-07-28,1785,2024-07-27,ACTIVE,2015 LA Open Table Tennis Tournament,1950.0,1910.0,2015-09-06,
1948,Tarun,Tandon,7653,74872,"Sunnyvale, CA",ICC Table Tennis Center,1897,2024-07-28,1785,2024-07-27,ACTIVE,2014 LA Open Table Tennis Tournament,2016.0,2012.0,2014-08-17,
1948,Tarun,Tandon,7653,74872,"Sunnyvale, CA",ICC Table Tennis Center,1897,2024-07-28,1785,2024-07-27,ACTIVE,2013 LA Open Table Tennis Tournament,1937.0,1896.0,2013-09-01,
1948,Tarun,Tandon,7653,74872,"Sunnyvale, CA",ICC Table Tennis Center,1897,2024-07-28,1785,2024-07-27,ACTIVE,2012 LA Open Butterfly Table Tennis Tournament,1916.0,1915.0,2012-09-02,
1954,Charlie,Cai,124741,223741,West Covina,,1895,2024-08-04,0,,ACTIVE,2024 JOOLA LA Open Table Tennis Tournament,1884.0,1895.0,2024-08-03,2024-08-04
1962,Vincent,Wu,174411,273411,"Saratoga, CA",Kou Lei Table Tennis Club,1894,2024-07-28,1615,2024-09-07,ACTIVE,2023 Joola LA Open,1026.0,1319.0,2023-08-12,2023-08-13
1972,Fernando,Loriafai,88139,60234,"Lawndale, CA",,1892,2024-08-24,1906,2022-07-17,ACTIVE,2012 LA Open Butterfly Table Tennis Tournament,1917.0,1911.0,2012-09-02,
1972,Fernando,Loriafai,88139,60234,"Lawndale, CA",,1892,2024-08-24,1906,2022-07-17,ACTIVE,LA Open TT Tournament 2011,1944.0,1943.0,2011-09-04,
1975,Steven,Hamilton,2783,88668,"Glendale, CA",,1892,2024-08-04,0,,ACTIVE,2024 JOOLA LA Open Table Tennis Tournament,1913.0,1892.0,2024-08-03,2024-08-04
1975,Steven,Hamilton,2783,88668,"Glendale, CA",,1892,2024-08-04,0,,ACTIVE,2023 Joola LA Open,1914.0,1909.0,2023-08-12,2023-08-13
1975,Steven,Hamilton,2783,88668,"Glendale, CA",,1892,2024-08-04,0,,ACTIVE,2022 LA Open,1939.0,1895.0,2022-12-10,2022-12-11
1975,Steven,Hamilton,2783,88668,"Glendale, CA",,1892,2024-08-04,0,,ACTIVE,North-West LA Open 2** Tournament,1872.0,1977.0,2019-11-17,2019-11-17
1975,Steven,Hamilton,2783,88668,"Glendale, CA",,1892,2024-08-04,0,,ACTIVE,2019 Joola LA Open,1931.0,1879.0,2019-08-31,2019-09-01
1975,Steven,Hamilton,2783,88668,"Glendale, CA",,1892,2024-08-04,0,,ACTIVE,North-West LA Open 2** Tournament,1887.0,1901.0,2019-01-20,2019-01-20
1975,Steven,Hamilton,2783,88668,"Glendale, CA",,1892,2024-08-04,0,,ACTIVE,North-West La Open 2** Sanctioned Tournament,1891.0,1891.0,2018-11-18,2018-11-18
1975,Steven,Hamilton,2783,88668,"Glendale, CA",,1892,2024-08-04,0,,ACTIVE,North-West La Open 2** Sanctioned Tournament,1890.0,1895.0,2018-09-23,2018-09-23
1975,Steven,Hamilton,2783,88668,"Glendale, CA",,1892,2024-08-04,0,,ACTIVE,2018 JOOLA LA Open Tournament,1845.0,1826.0,2018-09-01,2018-09-01
1975,Steven,Hamilton,2783,88668,"Glendale, CA",,1892,2024-08-04,0,,ACTIVE,North West LA Open 2 ,1895.0,1930.0,2018-04-29,2018-04-29
1975,Steven,Hamilton,2783,88668,"Glendale, CA",,1892,2024-08-04,0,,ACTIVE,North West LA Open,1931.0,1948.0,2018-01-21,2018-01-21
1975,Steven,Hamilton,2783,88668,"Glendale, CA",,1892,2024-08-04,0,,ACTIVE,North West LA Open,1927.0,1886.0,2017-09-17,2017-09-17
1975,Steven,Hamilton,2783,88668,"Glendale, CA",,1892,2024-08-04,0,,ACTIVE,2017 JOOLA LA Open Tournament,1895.0,1927.0,2017-09-02,2017-09-03
1975,Steven,Hamilton,2783,88668,"Glendale, CA",,1892,2024-08-04,0,,ACTIVE,North West LA Open,1876.0,1888.0,2017-01-15,2017-01-15
1975,Steven,Hamilton,2783,88668,"Glendale, CA",,1892,2024-08-04,0,,ACTIVE,2013 LA Open Table Tennis Tournament,672.0,1880.0,2013-09-01,
1982,Jenna S.,Vuong,132458,1132458,"Alhambra, CA",California Table Tennis,1891,2024-06-09,0,,ACTIVE,2023 Joola LA Open,1842.0,1785.0,2023-08-12,2023-08-13
1982,Jenna S.,Vuong,132458,1132458,"Alhambra, CA",California Table Tennis,1891,2024-06-09,0,,ACTIVE,2022 LA Open,1618.0,1647.0,2022-12-10,2022-12-11
1982,Jenna S.,Vuong,132458,1132458,"Alhambra, CA",California Table Tennis,1891,2024-06-09,0,,ACTIVE,2019 Joola LA Open,1075.0,1006.0,2019-08-31,2019-09-01
1984,Zachi Mhiel,Chua,177838,276838,"Makati, FN",,1891,2023-12-21,0,,ACTIVE,2022 LA Open,2069.0,1971.0,2022-12-10,2022-12-11
2009,Nate,Hai,180003,1180003,Irvine,,1886,2024-08-04,0,,ACTIVE,2024 JOOLA LA Open Table Tennis Tournament,1921.0,1886.0,2024-08-03,2024-08-04
2010,Stacy,Zhang,55598,93392,"Eastvale, CA",,1886,2022-10-06,0,,ACTIVE,North-West La Open 2** Sanctioned Tournament,1605.0,1617.0,2018-11-18,2018-11-18
2047,Akul,Shivkumar,116057,215057,"Irvine, CA",Orange County Table Tennis Academy,1880,2022-12-21,1522,2019-01-12,ACTIVE,2019 Joola LA Open,1886.0,1857.0,2019-08-31,2019-09-01
2050,Tung,Pham,40669,71752,"Garden Grove, CA",,1880,2024-06-02,1903,2012-03-17,ACTIVE,LA Open TT Tournament 2011,1879.0,1875.0,2011-09-04,
2051,Reginald,Tan,176357,275357,Rowland Heights,,1880,2024-04-20,1941,2024-01-26,ACTIVE,2023 Joola LA Open,2032.0,2020.0,2023-08-12,2023-08-13
2051,Reginald,Tan,176357,275357,Rowland Heights,,1880,2024-04-20,1941,2024-01-26,ACTIVE,2022 LA Open,1953.0,1958.0,2022-12-10,2022-12-11
2062,Luong,Nguyen,102223,97786,"San Diego, CA",San Diego TTA,1878,2023-06-11,0,,ACTIVE,2019 Joola LA Open,1903.0,1891.0,2019-08-31,2019-09-01
2062,Luong,Nguyen,102223,97786,"San Diego, CA",San Diego TTA,1878,2023-06-11,0,,ACTIVE,OCTTA warm up for LA open,1922.0,1918.0,2018-08-25,2018-08-26
2066,Satish,Krishnamoorthy,3956,72553,"San Diego, CA",San Diego TTA,1878,2024-08-04,1852,2017-12-10,ACTIVE,2024 JOOLA LA Open Table Tennis Tournament,1882.0,1878.0,2024-08-03,2024-08-04
2066,Satish,Krishnamoorthy,3956,72553,"San Diego, CA",San Diego TTA,1878,2024-08-04,1852,2017-12-10,ACTIVE,2023 Joola LA Open,1884.0,1889.0,2023-08-12,2023-08-13
2066,Satish,Krishnamoorthy,3956,72553,"San Diego, CA",San Diego TTA,1878,2024-08-04,1852,2017-12-10,ACTIVE,2019 Joola LA Open,1945.0,1902.0,2019-08-31,2019-09-01
2066,Satish,Krishnamoorthy,3956,72553,"San Diego, CA",San Diego TTA,1878,2024-08-04,1852,2017-12-10,ACTIVE,2018 JOOLA LA Open Tournament,1944.0,1960.0,2018-09-01,2018-09-01
2066,Satish,Krishnamoorthy,3956,72553,"San Diego, CA",San Diego TTA,1878,2024-08-04,1852,2017-12-10,ACTIVE,2016 Butterfly LA Open Tournament,1987.0,1948.0,2016-09-03,2016-09-04
2066,Satish,Krishnamoorthy,3956,72553,"San Diego, CA",San Diego TTA,1878,2024-08-04,1852,2017-12-10,ACTIVE,2015 LA Open Table Tennis Tournament,2026.0,2012.0,2015-09-06,
2066,Satish,Krishnamoorthy,3956,72553,"San Diego, CA",San Diego TTA,1878,2024-08-04,1852,2017-12-10,ACTIVE,2014 LA Open Table Tennis Tournament,1958.0,2055.0,2014-08-17,
2070,Bowen,Rao,6408,83264,"Thousand Oaks, CA",,1877,2023-02-25,1832,2024-07-14,ACTIVE,2015 LA Open Table Tennis Tournament,1860.0,1959.0,2015-09-06,
2080,Daniel,Ho,172042,271042,"San Jose, CA",888 Table Tennis Center - San Jose,1875,2024-09-02,1736,2024-08-17,ACTIVE,2023 Joola LA Open,1180.0,1514.0,2023-08-12,2023-08-13
2081,Leo,Liu,4629,97372,"Arcadia, CA",,1875,2024-08-04,1784,2024-06-28,ACTIVE,2024 JOOLA LA Open Table Tennis Tournament,1888.0,1875.0,2024-08-03,2024-08-04
2086,Tingning,Cheung,1243,27148,"San Gabriel, CA",,1875,2022-12-21,1909,2012-06-16,ACTIVE,LA Open TT Tournament 2011,1591.0,1535.0,2011-09-04,
2104,Joe,Tran,7866,10637,"Westminster, CA",Orange County Table Tennis Academy,1872,2020-01-19,1953,2010-08-08,ACTIVE,2019 Joola LA Open,1897.0,1879.0,2019-08-31,2019-09-01
2104,Joe,Tran,7866,10637,"Westminster, CA",Orange County Table Tennis Academy,1872,2020-01-19,1953,2010-08-08,ACTIVE,2018 JOOLA LA Open Tournament,1935.0,1897.0,2018-09-01,2018-09-01
2104,Joe,Tran,7866,10637,"Westminster, CA",Orange County Table Tennis Academy,1872,2020-01-19,1953,2010-08-08,ACTIVE,2017 JOOLA LA Open Tournament,1946.0,1949.0,2017-09-02,2017-09-03
2104,Joe,Tran,7866,10637,"Westminster, CA",Orange County Table Tennis Academy,1872,2020-01-19,1953,2010-08-08,ACTIVE,2016 Butterfly LA Open Tournament,1938.0,1946.0,2016-09-03,2016-09-04
2104,Joe,Tran,7866,10637,"Westminster, CA",Orange County Table Tennis Academy,1872,2020-01-19,1953,2010-08-08,ACTIVE,2015 LA Open Table Tennis Tournament,1971.0,1970.0,2015-09-06,
2104,Joe,Tran,7866,10637,"Westminster, CA",Orange County Table Tennis Academy,1872,2020-01-19,1953,2010-08-08,ACTIVE,2014 LA Open Table Tennis Tournament,2016.0,2021.0,2014-08-17,
2104,Joe,Tran,7866,10637,"Westminster, CA",Orange County Table Tennis Academy,1872,2020-01-19,1953,2010-08-08,ACTIVE,2013 LA Open Table Tennis Tournament,2019.0,2025.0,2013-09-01,
2106,Peter,Wu,8639,93132,"Covina, CA",Los Angeles Table Tennis Association,1872,2024-08-24,1612,2020-02-12,ACTIVE,2024 JOOLA LA Open Table Tennis Tournament,1869.0,1869.0,2024-08-03,2024-08-04
2106,Peter,Wu,8639,93132,"Covina, CA",Los Angeles Table Tennis Association,1872,2024-08-24,1612,2020-02-12,ACTIVE,2023 Joola LA Open,1884.0,1877.0,2023-08-12,2023-08-13
2106,Peter,Wu,8639,93132,"Covina, CA",Los Angeles Table Tennis Association,1872,2024-08-24,1612,2020-02-12,ACTIVE,2019 Joola LA Open,1902.0,1945.0,2019-08-31,2019-09-01
2106,Peter,Wu,8639,93132,"Covina, CA",Los Angeles Table Tennis Association,1872,2024-08-24,1612,2020-02-12,ACTIVE,2018 JOOLA LA Open Tournament,1903.0,1902.0,2018-09-01,2018-09-01
2106,Peter,Wu,8639,93132,"Covina, CA",Los Angeles Table Tennis Association,1872,2024-08-24,1612,2020-02-12,ACTIVE,OCTTA warm up for LA open,1905.0,1903.0,2018-08-25,2018-08-26
2106,Peter,Wu,8639,93132,"Covina, CA",Los Angeles Table Tennis Association,1872,2024-08-24,1612,2020-02-12,ACTIVE,2017 JOOLA LA Open Tournament,1829.0,1841.0,2017-09-02,2017-09-03
2106,Peter,Wu,8639,93132,"Covina, CA",Los Angeles Table Tennis Association,1872,2024-08-24,1612,2020-02-12,ACTIVE,2015 LA Open Table Tennis Tournament,1352.0,1352.0,2015-09-06,
2109,William,Wang,115471,214471,"Mt Pleasant, MI",,1871,2024-07-07,1596,2023-08-06,ACTIVE,2023 Joola LA Open,1774.0,1792.0,2023-08-12,2023-08-13
2114,David,Chwa,1358,19817,"Temple City, CA",L.A.T.T. (Los Angeles Table Tennis),1870,2018-03-02,1862,2013-12-07,ACTIVE,2013 LA Open Table Tennis Tournament,1962.0,1958.0,2013-09-01,
2114,David,Chwa,1358,19817,"Temple City, CA",L.A.T.T. (Los Angeles Table Tennis),1870,2018-03-02,1862,2013-12-07,ACTIVE,LA Open TT Tournament 2011,1987.0,1958.0,2011-09-04,
2119,Giovanni,Greaves,23002,84300,"Baltimore, MD",,1870,2024-08-04,0,,ACTIVE,2024 JOOLA LA Open Table Tennis Tournament,1871.0,1870.0,2024-08-03,2024-08-04
2120,Tong Lai,Yu,8939,21768,"Yorba Linda, CA",Orange County Table Tennis Club,1870,2024-08-04,1824,2023-08-06,ACTIVE,2024 JOOLA LA Open Table Tennis Tournament,1878.0,1870.0,2024-08-03,2024-08-04
2120,Tong Lai,Yu,8939,21768,"Yorba Linda, CA",Orange County Table Tennis Club,1870,2024-08-04,1824,2023-08-06,ACTIVE,2023 Joola LA Open,1746.0,1738.0,2023-08-12,2023-08-13
2120,Tong Lai,Yu,8939,21768,"Yorba Linda, CA",Orange County Table Tennis Club,1870,2024-08-04,1824,2023-08-06,ACTIVE,2019 Joola LA Open,1724.0,1701.0,2019-08-31,2019-09-01
2120,Tong Lai,Yu,8939,21768,"Yorba Linda, CA",Orange County Table Tennis Club,1870,2024-08-04,1824,2023-08-06,ACTIVE,2018 JOOLA LA Open Tournament,1730.0,1737.0,2018-09-01,2018-09-01
2120,Tong Lai,Yu,8939,21768,"Yorba Linda, CA",Orange County Table Tennis Club,1870,2024-08-04,1824,2023-08-06,ACTIVE,OCTTA warm up for LA open,1697.0,1730.0,2018-08-25,2018-08-26
2120,Tong Lai,Yu,8939,21768,"Yorba Linda, CA",Orange County Table Tennis Club,1870,2024-08-04,1824,2023-08-06,ACTIVE,2016 Butterfly LA Open Tournament,1689.0,1688.0,2016-09-03,2016-09-04
2120,Tong Lai,Yu,8939,21768,"Yorba Linda, CA",Orange County Table Tennis Club,1870,2024-08-04,1824,2023-08-06,ACTIVE,2015 LA Open Table Tennis Tournament,1722.0,1706.0,2015-09-06,
2120,Tong Lai,Yu,8939,21768,"Yorba Linda, CA",Orange County Table Tennis Club,1870,2024-08-04,1824,2023-08-06,ACTIVE,2014 LA Open Table Tennis Tournament,1732.0,1733.0,2014-08-17,
2159,Albert,Lan,104136,203136,"Brea, CA",,1864,2024-06-22,1861,2023-08-18,ACTIVE,2023 Joola LA Open,1799.0,1852.0,2023-08-12,2023-08-13
2163,Robert,"Baugh, Jr",178758,277758,"Albuquerque, NM",,1863,2024-08-04,0,,ACTIVE,2024 JOOLA LA Open Table Tennis Tournament,1830.0,1863.0,2024-08-03,2024-08-04
2201,Joe,Yuan,55055,90498,"San Jose, CA",,1856,2024-08-04,1678,2024-09-07,ACTIVE,2024 JOOLA LA Open Table Tennis Tournament,1807.0,1856.0,2024-08-03,2024-08-04
2201,Joe,Yuan,55055,90498,"San Jose, CA",,1856,2024-08-04,1678,2024-09-07,ACTIVE,2023 Joola LA Open,1556.0,1800.0,2023-08-12,2023-08-13
2205,John,Long,33437,71324,"Tarzana *, CA",,1856,2018-03-02,1785,2024-05-11,ACTIVE,LA Open TT Tournament 2011,1927.0,1917.0,2011-09-04,
2210,Harold,Gomez,22616,46838,"Long Beach, CA",,1855,2024-06-09,2014,2007-07-01,ACTIVE,2022 LA Open,1877.0,1884.0,2022-12-10,2022-12-11
2210,Harold,Gomez,22616,46838,"Long Beach, CA",,1855,2024-06-09,2014,2007-07-01,ACTIVE,2019 Joola LA Open,1936.0,1895.0,2019-08-31,2019-09-01
2210,Harold,Gomez,22616,46838,"Long Beach, CA",,1855,2024-06-09,2014,2007-07-01,ACTIVE,OCTTA warm up for LA open,1993.0,1987.0,2018-08-25,2018-08-26
2222,Remzi,Kaval,176549,1176549,San Diego,,1853,2024-06-16,1815,2024-07-19,ACTIVE,2023 Joola LA Open,1860.0,1858.0,2023-08-12,2023-08-13
2258,Brendan,Ross,164189,1164189,"La Canada, CA",Los Angeles Table Tennis Association,1846,2024-06-02,0,,ACTIVE,North - West LA Open,1570.0,1531.0,2020-02-09,2020-02-09
2258,Brendan,Ross,164189,1164189,"La Canada, CA",Los Angeles Table Tennis Association,1846,2024-06-02,0,,ACTIVE,North-West LA Open 2** Tournament,1584.0,1572.0,2019-11-17,2019-11-17
2258,Brendan,Ross,164189,1164189,"La Canada, CA",Los Angeles Table Tennis Association,1846,2024-06-02,0,,ACTIVE,2019 Joola LA Open,1208.0,1253.0,2019-08-31,2019-09-01
2279,Isabella,Zai,157628,1157628,"Westwood, MA",Massachusetts Table Tennis and Badminton Club,1843,2024-07-07,1867,2024-02-09,ACTIVE,2019 Joola LA Open,856.0,896.0,2019-08-31,2019-09-01
2287,Darren,Rao,167013,1167013,Vancouver,,1842,2024-02-04,0,,ACTIVE,2019 Joola LA Open,0.0,1069.0,2019-08-31,2019-09-01
2288,Megha,Ranganath,104096,203096,"Irvine, CA",Orange County Table Tennis Academy,1842,2024-06-22,1296,2019-01-12,ACTIVE,2019 Joola LA Open,1725.0,1860.0,2019-08-31,2019-09-01
2299,Chenguang,Zhu,56025,91100,"Menlo Park, CA",Seattle Pacific Table Tennis Club,1841,2024-06-22,1832,2024-06-18,ACTIVE,2018 JOOLA LA Open Tournament,1861.0,1909.0,2018-09-01,2018-09-01
2299,Chenguang,Zhu,56025,91100,"Menlo Park, CA",Seattle Pacific Table Tennis Club,1841,2024-06-22,1832,2024-06-18,ACTIVE,2017 JOOLA LA Open Tournament,1875.0,1902.0,2017-09-02,2017-09-03
2322,Xianyu,Hui,53906,34589,"Pasadena, CA",,1838,2023-12-21,1698,2011-12-31,ACTIVE,2022 LA Open,1808.0,1804.0,2022-12-10,2022-12-11
2322,Xianyu,Hui,53906,34589,"Pasadena, CA",,1838,2023-12-21,1698,2011-12-31,ACTIVE,LA Open TT Tournament 2011,1862.0,1853.0,2011-09-04,
2329,Jun,Velasco,166473,1166473,Palmdale,,1837,2024-08-24,1773,2024-02-23,ACTIVE,2024 JOOLA LA Open Table Tennis Tournament,1771.0,1804.0,2024-08-03,2024-08-04
2329,Jun,Velasco,166473,1166473,Palmdale,,1837,2024-08-24,1773,2024-02-23,ACTIVE,2023 Joola LA Open,1694.0,1728.0,2023-08-12,2023-08-13
2329,Jun,Velasco,166473,1166473,Palmdale,,1837,2024-08-24,1773,2024-02-23,ACTIVE,2022 LA Open,1655.0,1645.0,2022-12-10,2022-12-11
2329,Jun,Velasco,166473,1166473,Palmdale,,1837,2024-08-24,1773,2024-02-23,ACTIVE,2019 Joola LA Open,1653.0,1624.0,2019-08-31,2019-09-01
2331,Jack,Qin,6302,94988,"Castro Valley, CA",Alameda Table Tennis Club (ATTC),1837,2024-08-04,1824,2023-09-22,ACTIVE,2024 JOOLA LA Open Table Tennis Tournament,1844.0,1837.0,2024-08-03,2024-08-04
2331,Jack,Qin,6302,94988,"Castro Valley, CA",Alameda Table Tennis Club (ATTC),1837,2024-08-04,1824,2023-09-22,ACTIVE,2023 Joola LA Open,1768.0,1787.0,2023-08-12,2023-08-13
2331,Jack,Qin,6302,94988,"Castro Valley, CA",Alameda Table Tennis Club (ATTC),1837,2024-08-04,1824,2023-09-22,ACTIVE,2022 LA Open,1613.0,1651.0,2022-12-10,2022-12-11
2341,Dalton,Banh,407,77885,"New York, NY",PINGPOD,1834,2023-09-16,1827,2023-03-13,ACTIVE,NW LA Open,1663.0,1700.0,2014-01-19,
2341,Dalton,Banh,407,77885,"New York, NY",PINGPOD,1834,2023-09-16,1827,2023-03-13,ACTIVE,2012 LA Open Butterfly Table Tennis Tournament,1672.0,1673.0,2012-09-02,
2341,Dalton,Banh,407,77885,"New York, NY",PINGPOD,1834,2023-09-16,1827,2023-03-13,ACTIVE,LA Open TT Tournament 2011,1647.0,1602.0,2011-09-04,
2350,Felix,Shtorper,7119,15550,"Phoenix, AZ",Phoenix Table Tennis Club,1833,2024-08-25,1927,2024-08-16,ACTIVE,North-West LA Open 2** Tournament,1887.0,1875.0,2019-01-20,2019-01-20
2350,Felix,Shtorper,7119,15550,"Phoenix, AZ",Phoenix Table Tennis Club,1833,2024-08-25,1927,2024-08-16,ACTIVE,North-West La Open 2** Sanctioned Tournament,1920.0,1920.0,2018-11-18,2018-11-18
2350,Felix,Shtorper,7119,15550,"Phoenix, AZ",Phoenix Table Tennis Club,1833,2024-08-25,1927,2024-08-16,ACTIVE,2013 LA Open Table Tennis Tournament,1839.0,1865.0,2013-09-01,
2350,Felix,Shtorper,7119,15550,"Phoenix, AZ",Phoenix Table Tennis Club,1833,2024-08-25,1927,2024-08-16,ACTIVE,2012 LA Open Butterfly Table Tennis Tournament,1829.0,1758.0,2012-09-02,
2411,Minh Danh,Ton,49623,83843,"South El Monte, CA",,1823,2019-09-01,0,,ACTIVE,2019 Joola LA Open,1802.0,1823.0,2019-08-31,2019-09-01
2411,Minh Danh,Ton,49623,83843,"South El Monte, CA",,1823,2019-09-01,0,,ACTIVE,2018 JOOLA LA Open Tournament,1705.0,1804.0,2018-09-01,2018-09-01
2411,Minh Danh,Ton,49623,83843,"South El Monte, CA",,1823,2019-09-01,0,,ACTIVE,OCTTA warm up for LA open,1701.0,1705.0,2018-08-25,2018-08-26
2411,Minh Danh,Ton,49623,83843,"South El Monte, CA",,1823,2019-09-01,0,,ACTIVE,2017 JOOLA LA Open Tournament,1830.0,1847.0,2017-09-02,2017-09-03
2413,Mike,Burg,120356,219356,Mesa,,1822,2024-06-23,1914,2024-03-29,ACTIVE,North-West La Open 2** Sanctioned Tournament,1999.0,1981.0,2018-11-18,2018-11-18
2413,Mike,Burg,120356,219356,Mesa,,1822,2024-06-23,1914,2024-03-29,ACTIVE,2018 JOOLA LA Open Tournament,1890.0,1985.0,2018-09-01,2018-09-01
2416,Titus,Ho,172178,271178,"San Jose, CA",888 Table Tennis Center - San Jose,1822,2024-09-02,1541,2024-08-17,ACTIVE,2023 Joola LA Open,1029.0,1261.0,2023-08-12,2023-08-13
2430,Thy,Nham,38483,80883,"Santa Clara, CA",,1820,2018-03-02,1663,2019-02-09,ACTIVE,2017 JOOLA LA Open Tournament,1875.0,1820.0,2017-09-02,2017-09-03
2430,Thy,Nham,38483,80883,"Santa Clara, CA",,1820,2018-03-02,1663,2019-02-09,ACTIVE,2016 Butterfly LA Open Tournament,1877.0,1875.0,2016-09-03,2016-09-04
2430,Thy,Nham,38483,80883,"Santa Clara, CA",,1820,2018-03-02,1663,2019-02-09,ACTIVE,2013 LA Open Table Tennis Tournament,1864.0,1877.0,2013-09-01,
2430,Thy,Nham,38483,80883,"Santa Clara, CA",,1820,2018-03-02,1663,2019-02-09,ACTIVE,2012 LA Open Butterfly Table Tennis Tournament,1760.0,1819.0,2012-09-02,
2442,Hau,Lam,4081,37020,"Beaverton, OR",Portland Table Tennis Club,1819,2024-07-07,2196,2014-08-08,ACTIVE,2019 Joola LA Open,2095.0,2082.0,2019-08-31,2019-09-01
2442,Hau,Lam,4081,37020,"Beaverton, OR",Portland Table Tennis Club,1819,2024-07-07,2196,2014-08-08,ACTIVE,2013 LA Open Table Tennis Tournament,2103.0,2137.0,2013-09-01,
2442,Hau,Lam,4081,37020,"Beaverton, OR",Portland Table Tennis Club,1819,2024-07-07,2196,2014-08-08,ACTIVE,LA Open TT Tournament 2011,1956.0,1978.0,2011-09-04,
2457,David,Stoppelman,7451,96502,"Woodland Hills, CA",,1816,2024-06-02,0,,ACTIVE,2022 LA Open,1826.0,1810.0,2022-12-10,2022-12-11
2457,David,Stoppelman,7451,96502,"Woodland Hills, CA",,1816,2024-06-02,0,,ACTIVE,North-West LA Open 2** Tournament,1918.0,1923.0,2019-09-08,2019-09-08
2457,David,Stoppelman,7451,96502,"Woodland Hills, CA",,1816,2024-06-02,0,,ACTIVE,2019 Joola LA Open,1754.0,1918.0,2019-08-31,2019-09-01
2457,David,Stoppelman,7451,96502,"Woodland Hills, CA",,1816,2024-06-02,0,,ACTIVE,North-West LA Open 2** Tournament,1759.0,1724.0,2019-06-16,2019-06-16
2457,David,Stoppelman,7451,96502,"Woodland Hills, CA",,1816,2024-06-02,0,,ACTIVE,North-West La Open 2** Tournament,1783.0,1759.0,2019-04-28,2019-04-28
2457,David,Stoppelman,7451,96502,"Woodland Hills, CA",,1816,2024-06-02,0,,ACTIVE,North-West LA Open 2** Tournament,1776.0,1739.0,2019-01-20,2019-01-20
2457,David,Stoppelman,7451,96502,"Woodland Hills, CA",,1816,2024-06-02,0,,ACTIVE,North-West La Open 2** Sanctioned Tournament,1477.0,1748.0,2018-11-18,2018-11-18
2457,David,Stoppelman,7451,96502,"Woodland Hills, CA",,1816,2024-06-02,0,,ACTIVE,North West LA Open 2 ,1534.0,1466.0,2018-04-29,2018-04-29
2457,David,Stoppelman,7451,96502,"Woodland Hills, CA",,1816,2024-06-02,0,,ACTIVE,Norht- West LA Open,1537.0,1534.0,2017-11-19,2017-11-19
2457,David,Stoppelman,7451,96502,"Woodland Hills, CA",,1816,2024-06-02,0,,ACTIVE,North West LA Open,1660.0,1603.0,2017-01-15,2017-01-15
2457,David,Stoppelman,7451,96502,"Woodland Hills, CA",,1816,2024-06-02,0,,ACTIVE,NW LA Open,1608.0,1632.0,2016-05-01,2016-05-01
2457,David,Stoppelman,7451,96502,"Woodland Hills, CA",,1816,2024-06-02,0,,ACTIVE,NW LA Open,1287.0,1558.0,2016-01-17,2016-01-17
2457,David,Stoppelman,7451,96502,"Woodland Hills, CA",,1816,2024-06-02,0,,ACTIVE,NW LA Open,1177.0,1233.0,2015-11-15,
2457,David,Stoppelman,7451,96502,"Woodland Hills, CA",,1816,2024-06-02,0,,ACTIVE,NW LA Open,919.0,1177.0,2015-09-13,
2457,David,Stoppelman,7451,96502,"Woodland Hills, CA",,1816,2024-06-02,0,,ACTIVE,NW LA Open,0.0,919.0,2015-05-03,
2461,Sammy,Lee,4283,70061,"Montebello, CA",,1816,2024-08-04,1913,2023-06-16,ACTIVE,2024 JOOLA LA Open Table Tennis Tournament,1818.0,1816.0,2024-08-03,2024-08-04
2461,Sammy,Lee,4283,70061,"Montebello, CA",,1816,2024-08-04,1913,2023-06-16,ACTIVE,2023 Joola LA Open,1867.0,1797.0,2023-08-12,2023-08-13
2461,Sammy,Lee,4283,70061,"Montebello, CA",,1816,2024-08-04,1913,2023-06-16,ACTIVE,2022 LA Open,1874.0,1867.0,2022-12-10,2022-12-11
2461,Sammy,Lee,4283,70061,"Montebello, CA",,1816,2024-08-04,1913,2023-06-16,ACTIVE,2019 Joola LA Open,1869.0,1875.0,2019-08-31,2019-09-01
2461,Sammy,Lee,4283,70061,"Montebello, CA",,1816,2024-08-04,1913,2023-06-16,ACTIVE,2018 JOOLA LA Open Tournament,1890.0,1852.0,2018-09-01,2018-09-01
2461,Sammy,Lee,4283,70061,"Montebello, CA",,1816,2024-08-04,1913,2023-06-16,ACTIVE,2017 JOOLA LA Open Tournament,1917.0,1914.0,2017-09-02,2017-09-03
2461,Sammy,Lee,4283,70061,"Montebello, CA",,1816,2024-08-04,1913,2023-06-16,ACTIVE,2016 Butterfly LA Open Tournament,1925.0,1907.0,2016-09-03,2016-09-04
2461,Sammy,Lee,4283,70061,"Montebello, CA",,1816,2024-08-04,1913,2023-06-16,ACTIVE,2015 LA Open Table Tennis Tournament,1928.0,1925.0,2015-09-06,
2461,Sammy,Lee,4283,70061,"Montebello, CA",,1816,2024-08-04,1913,2023-06-16,ACTIVE,2014 LA Open Table Tennis Tournament,1953.0,1923.0,2014-08-17,
2461,Sammy,Lee,4283,70061,"Montebello, CA",,1816,2024-08-04,1913,2023-06-16,ACTIVE,2013 LA Open Table Tennis Tournament,1956.0,1955.0,2013-09-01,
2461,Sammy,Lee,4283,70061,"Montebello, CA",,1816,2024-08-04,1913,2023-06-16,ACTIVE,2012 LA Open Butterfly Table Tennis Tournament,1982.0,1967.0,2012-09-02,
2463,James,Duong,120049,219049,"Garden Grove, CA",Orange County Table Tennis Academy,1816,2024-06-09,0,,ACTIVE,2023 Joola LA Open,1794.0,1738.0,2023-08-12,2023-08-13
2463,James,Duong,120049,219049,"Garden Grove, CA",Orange County Table Tennis Academy,1816,2024-06-09,0,,ACTIVE,2019 Joola LA Open,1520.0,1548.0,2019-08-31,2019-09-01
2463,James,Duong,120049,219049,"Garden Grove, CA",Orange County Table Tennis Academy,1816,2024-06-09,0,,ACTIVE,2018 JOOLA LA Open Tournament,1400.0,1446.0,2018-09-01,2018-09-01
2463,James,Duong,120049,219049,"Garden Grove, CA",Orange County Table Tennis Academy,1816,2024-06-09,0,,ACTIVE,OCTTA warm up for LA open,0.0,1400.0,2018-08-25,2018-08-26
2465,Ashutosh,Rane,6398,76010,"Chandler, AZ",,1816,2024-07-28,1904,2024-08-26,ACTIVE,2013 LA Open Table Tennis Tournament,1875.0,1800.0,2013-09-01,
2465,Ashutosh,Rane,6398,76010,"Chandler, AZ",,1816,2024-07-28,1904,2024-08-26,ACTIVE,2012 LA Open Butterfly Table Tennis Tournament,1912.0,1891.0,2012-09-02,
2492,Luis,Crescitelli,1512,53412,"Orange, CA",Orange County Table Tennis Academy,1813,2024-08-24,1635,2015-11-12,ACTIVE,2024 JOOLA LA Open Table Tennis Tournament,1921.0,1864.0,2024-08-03,2024-08-04
2492,Luis,Crescitelli,1512,53412,"Orange, CA",Orange County Table Tennis Academy,1813,2024-08-24,1635,2015-11-12,ACTIVE,2022 LA Open,1779.0,1786.0,2022-12-10,2022-12-11
2492,Luis,Crescitelli,1512,53412,"Orange, CA",Orange County Table Tennis Academy,1813,2024-08-24,1635,2015-11-12,ACTIVE,2019 Joola LA Open,1826.0,1784.0,2019-08-31,2019-09-01
2492,Luis,Crescitelli,1512,53412,"Orange, CA",Orange County Table Tennis Academy,1813,2024-08-24,1635,2015-11-12,ACTIVE,2018 JOOLA LA Open Tournament,1660.0,1739.0,2018-09-01,2018-09-01
2492,Luis,Crescitelli,1512,53412,"Orange, CA",Orange County Table Tennis Academy,1813,2024-08-24,1635,2015-11-12,ACTIVE,OCTTA warm up for LA open,1675.0,1660.0,2018-08-25,2018-08-26
2492,Luis,Crescitelli,1512,53412,"Orange, CA",Orange County Table Tennis Academy,1813,2024-08-24,1635,2015-11-12,ACTIVE,2017 JOOLA LA Open Tournament,1662.0,1663.0,2017-09-02,2017-09-03
2492,Luis,Crescitelli,1512,53412,"Orange, CA",Orange County Table Tennis Academy,1813,2024-08-24,1635,2015-11-12,ACTIVE,2015 LA Open Table Tennis Tournament,1625.0,1634.0,2015-09-06,
2492,Luis,Crescitelli,1512,53412,"Orange, CA",Orange County Table Tennis Academy,1813,2024-08-24,1635,2015-11-12,ACTIVE,2014 LA Open Table Tennis Tournament,1462.0,1512.0,2014-08-17,
2492,Luis,Crescitelli,1512,53412,"Orange, CA",Orange County Table Tennis Academy,1813,2024-08-24,1635,2015-11-12,ACTIVE,2013 LA Open Table Tennis Tournament,1515.0,1463.0,2013-09-01,
2502,Hovik,Melkomian,102206,97442,"Forest Hills, NY",PingPod Lower East Side,1811,2024-07-20,1778,2019-01-23,ACTIVE,2019 Joola LA Open,1777.0,1756.0,2019-08-31,2019-09-01
2502,Hovik,Melkomian,102206,97442,"Forest Hills, NY",PingPod Lower East Side,1811,2024-07-20,1778,2019-01-23,ACTIVE,North-West La Open 2** Sanctioned Tournament,1720.0,1720.0,2018-09-23,2018-09-23
2502,Hovik,Melkomian,102206,97442,"Forest Hills, NY",PingPod Lower East Side,1811,2024-07-20,1778,2019-01-23,ACTIVE,2016 Butterfly LA Open Tournament,1469.0,1473.0,2016-09-03,2016-09-04
2502,Hovik,Melkomian,102206,97442,"Forest Hills, NY",PingPod Lower East Side,1811,2024-07-20,1778,2019-01-23,ACTIVE,NW LA Open,1463.0,1452.0,2016-01-17,2016-01-17
2555,Eric,Baugh,178720,277720,"Albuquerque, NM",Albuquerque Table Tennis Club,1803,2024-08-04,0,,ACTIVE,2024 JOOLA LA Open Table Tennis Tournament,1808.0,1803.0,2024-08-03,2024-08-04
2581,Dong,Le,115393,214393,"Upland, CA",,1801,2024-06-22,0,,ACTIVE,2019 Joola LA Open,1824.0,1846.0,2019-08-31,2019-09-01
2583,Ronald,Peters,6098,9035,"Brewton, AL",,1801,2018-03-02,0,,ACTIVE,Pensacola Open,1731.0,1734.0,1997-05-10,
2583,Ronald,Peters,6098,9035,"Brewton, AL",,1801,2018-03-02,0,,ACTIVE,Pensacola Open,1730.0,1731.0,1997-01-11,
2583,Ronald,Peters,6098,9035,"Brewton, AL",,1801,2018-03-02,0,,ACTIVE,Pensacola Open TTT,1703.0,1701.0,1996-08-31,
2584,Liyan,Ma,178683,1178683,"Los Angeles, CA",,1801,2024-08-24,0,,ACTIVE,2024 JOOLA LA Open Table Tennis Tournament,1798.0,1794.0,2024-08-03,2024-08-04
2598,Yaalini,Kathiravan,173129,1173129,"San Diego, CA",Learning Tree Table Tennis Club,1798,2024-07-07,1648,2024-09-06,ACTIVE,2023 Joola LA Open,1478.0,1503.0,2023-08-12,2023-08-13
2600,Andrew,Belinfanti Knight,182110,281110,"Playa Vista, CA",,1798,2024-08-04,0,,ACTIVE,2024 JOOLA LA Open Table Tennis Tournament,1806.0,1798.0,2024-08-03,2024-08-04
2608,H. Q.,Yang,119159,218159,"Huntsville, AL",,1797,2024-07-07,0,,ACTIVE,2018 JOOLA LA Open Tournament,1387.0,1502.0,2018-09-01,2018-09-01
2612,Clayton,Kjos,3835,93047,"Playa Vista, CA",Westside Table Tennis Center,1797,2024-08-04,1045,2014-03-12,ACTIVE,2024 JOOLA LA Open Table Tennis Tournament,1812.0,1797.0,2024-08-03,2024-08-04
2612,Clayton,Kjos,3835,93047,"Playa Vista, CA",Westside Table Tennis Center,1797,2024-08-04,1045,2014-03-12,ACTIVE,2018 JOOLA LA Open Tournament,1739.0,1832.0,2018-09-01,2018-09-01
2612,Clayton,Kjos,3835,93047,"Playa Vista, CA",Westside Table Tennis Center,1797,2024-08-04,1045,2014-03-12,ACTIVE,2017 JOOLA LA Open Tournament,1778.0,1775.0,2017-09-02,2017-09-03
2612,Clayton,Kjos,3835,93047,"Playa Vista, CA",Westside Table Tennis Center,1797,2024-08-04,1045,2014-03-12,ACTIVE,2016 Butterfly LA Open Tournament,1778.0,1718.0,2016-09-03,2016-09-04
2612,Clayton,Kjos,3835,93047,"Playa Vista, CA",Westside Table Tennis Center,1797,2024-08-04,1045,2014-03-12,ACTIVE,2015 LA Open Table Tennis Tournament,1529.0,1497.0,2015-09-06,
2612,Clayton,Kjos,3835,93047,"Playa Vista, CA",Westside Table Tennis Center,1797,2024-08-04,1045,2014-03-12,ACTIVE,January 2015 NW LA Open,1483.0,1454.0,2015-01-18,
2612,Clayton,Kjos,3835,93047,"Playa Vista, CA",Westside Table Tennis Center,1797,2024-08-04,1045,2014-03-12,ACTIVE,NW LA Open,1386.0,1389.0,2014-11-16,
2612,Clayton,Kjos,3835,93047,"Playa Vista, CA",Westside Table Tennis Center,1797,2024-08-04,1045,2014-03-12,ACTIVE,2014 LA Open Table Tennis Tournament,1274.0,1252.0,2014-08-17,
2617,Jason Yongjae,Lee,4256,93481,"San Diego, CA",Learning Tree Table Tennis Club,1796,2024-05-11,1929,2023-07-28,ACTIVE,2023 Joola LA Open,1909.0,1853.0,2023-08-12,2023-08-13
2617,Jason Yongjae,Lee,4256,93481,"San Diego, CA",Learning Tree Table Tennis Club,1796,2024-05-11,1929,2023-07-28,ACTIVE,2022 LA Open,1704.0,1684.0,2022-12-10,2022-12-11
2617,Jason Yongjae,Lee,4256,93481,"San Diego, CA",Learning Tree Table Tennis Club,1796,2024-05-11,1929,2023-07-28,ACTIVE,2016 Butterfly LA Open Tournament,1552.0,1535.0,2016-09-03,2016-09-04
2617,Jason Yongjae,Lee,4256,93481,"San Diego, CA",Learning Tree Table Tennis Club,1796,2024-05-11,1929,2023-07-28,ACTIVE,2015 LA Open Table Tennis Tournament,1140.0,1361.0,2015-09-06,
2617,Jason Yongjae,Lee,4256,93481,"San Diego, CA",Learning Tree Table Tennis Club,1796,2024-05-11,1929,2023-07-28,ACTIVE,2014 LA Open Table Tennis Tournament,777.0,761.0,2014-08-17,
2620,Edik,Haghverdian,23778,80919,"Glendale, CA",,1796,2023-10-22,1704,2014-06-08,ACTIVE,2014 LA Open Table Tennis Tournament,1784.0,1778.0,2014-08-17,
2622,Philip,Van De Wiele,8043,32418,"San Diego, CA",San Diego TTA,1795,2024-06-02,0,,ACTIVE,2022 LA Open,1934.0,1861.0,2022-12-10,2022-12-11
2622,Philip,Van De Wiele,8043,32418,"San Diego, CA",San Diego TTA,1795,2024-06-02,0,,ACTIVE,2015 LA Open Table Tennis Tournament,1788.0,1803.0,2015-09-06,
2622,Philip,Van De Wiele,8043,32418,"San Diego, CA",San Diego TTA,1795,2024-06-02,0,,ACTIVE,2014 LA Open Table Tennis Tournament,1800.0,1793.0,2014-08-17,
2622,Philip,Van De Wiele,8043,32418,"San Diego, CA",San Diego TTA,1795,2024-06-02,0,,ACTIVE,LA Open TT Tournament 2011,1782.0,1759.0,2011-09-04,
2628,Dhruv B,Sampat,6771,86755,"Mountain View, CA",(TTA) Table Tennis America,1794,2024-09-02,1637,2021-12-11,ACTIVE,2013 LA Open Table Tennis Tournament,1402.0,1485.0,2013-09-01,
2636,Thierry,Ung,164089,263089,,,1794,2023-12-10,0,,ACTIVE,2023 Joola LA Open,1411.0,1408.0,2023-08-12,2023-08-13
2636,Thierry,Ung,164089,263089,,,1794,2023-12-10,0,,ACTIVE,2022 LA Open,1334.0,1430.0,2022-12-10,2022-12-11
2668,Anup,Dholam,118519,217519,Goodlettsville,,1790,2024-07-07,0,,ACTIVE,North-West LA Open 2** Tournament,1803.0,1797.0,2019-09-08,2019-09-08
2668,Anup,Dholam,118519,217519,Goodlettsville,,1790,2024-07-07,0,,ACTIVE,2019 Joola LA Open,1686.0,1803.0,2019-08-31,2019-09-01
2668,Anup,Dholam,118519,217519,Goodlettsville,,1790,2024-07-07,0,,ACTIVE,North-West LA Open 2** Tournament,1584.0,1682.0,2019-06-16,2019-06-16
2668,Anup,Dholam,118519,217519,Goodlettsville,,1790,2024-07-07,0,,ACTIVE,North-West La Open 2** Tournament,1573.0,1584.0,2019-04-28,2019-04-28
2668,Anup,Dholam,118519,217519,Goodlettsville,,1790,2024-07-07,0,,ACTIVE,North-West La Open 2** Sanctioned Tournament,0.0,1534.0,2018-09-23,2018-09-23
2670,Xiaopeng,Fang,103979,202979,"Fort Collins, CO",Fort Collins Table Tennis Club,1789,2024-08-04,0,,ACTIVE,2024 JOOLA LA Open Table Tennis Tournament,1797.0,1789.0,2024-08-03,2024-08-04
2691,Kenny,Tien,7798,30471,"San Jose, CA",,1786,2023-02-11,1939,2020-08-09,ACTIVE,2017 JOOLA LA Open Tournament,1788.0,1776.0,2017-09-02,2017-09-03
2691,Kenny,Tien,7798,30471,"San Jose, CA",,1786,2023-02-11,1939,2020-08-09,ACTIVE,2016 Butterfly LA Open Tournament,1745.0,1788.0,2016-09-03,2016-09-04
2691,Kenny,Tien,7798,30471,"San Jose, CA",,1786,2023-02-11,1939,2020-08-09,ACTIVE,NW LA Open,2001.0,1953.0,2014-01-19,
2691,Kenny,Tien,7798,30471,"San Jose, CA",,1786,2023-02-11,1939,2020-08-09,ACTIVE,2013 LA Open Table Tennis Tournament,2046.0,2001.0,2013-09-01,
2691,Kenny,Tien,7798,30471,"San Jose, CA",,1786,2023-02-11,1939,2020-08-09,ACTIVE,LA Open TT Tournament 2011,2139.0,2126.0,2011-09-04,
2694,Phong,Dao,1595,91339,"Sparks, NV",,1785,2024-05-18,1760,2023-04-30,ACTIVE,2019 Joola LA Open,1628.0,1622.0,2019-08-31,2019-09-01
2711,Wendy,Fang,171356,270356,"San Gabriel, CA",,1782,2024-08-04,0,,ACTIVE,2024 JOOLA LA Open Table Tennis Tournament,1786.0,1782.0,2024-08-03,2024-08-04
2730,Kim,Huang,183749,1183749,Rowland Heights,,1780,2024-08-04,0,,ACTIVE,2024 JOOLA LA Open Table Tennis Tournament,1518.0,1780.0,2024-08-03,2024-08-04
2739,Carlos,Santana,44319,93374,"Granada Hills, CA",Westside Table Tennis Center,1778,2024-07-20,1702,2020-01-28,ACTIVE,Norht- West LA Open,1758.0,1758.0,2017-11-19,2017-11-19
2739,Carlos,Santana,44319,93374,"Granada Hills, CA",Westside Table Tennis Center,1778,2024-07-20,1702,2020-01-28,ACTIVE,2017 JOOLA LA Open Tournament,1719.0,1758.0,2017-09-02,2017-09-03
2739,Carlos,Santana,44319,93374,"Granada Hills, CA",Westside Table Tennis Center,1778,2024-07-20,1702,2020-01-28,ACTIVE,North West LA Open,1717.0,1713.0,2017-01-15,2017-01-15
2751,LeRoy (Lee),Kondo,3891,7376,"Los Angeles, CA",Santa Monica College Table Tennis,1776,2018-03-02,1796,2014-03-26,ACTIVE,NW LA Open,1793.0,1801.0,2016-01-17,2016-01-17
2751,LeRoy (Lee),Kondo,3891,7376,"Los Angeles, CA",Santa Monica College Table Tennis,1776,2018-03-02,1796,2014-03-26,ACTIVE,NW LA Open,1710.0,1704.0,2014-01-19,
2751,LeRoy (Lee),Kondo,3891,7376,"Los Angeles, CA",Santa Monica College Table Tennis,1776,2018-03-02,1796,2014-03-26,ACTIVE,North-West LA Open,1754.0,1710.0,2013-09-15,
2751,LeRoy (Lee),Kondo,3891,7376,"Los Angeles, CA",Santa Monica College Table Tennis,1776,2018-03-02,1796,2014-03-26,ACTIVE,North-West LA Open,1716.0,1710.0,2013-04-14,
2751,LeRoy (Lee),Kondo,3891,7376,"Los Angeles, CA",Santa Monica College Table Tennis,1776,2018-03-02,1796,2014-03-26,ACTIVE,2012 LA Open Butterfly Table Tennis Tournament,1706.0,1743.0,2012-09-02,
2762,Max,Rogers,167014,1167014,"Upland, CA",,1775,2022-04-23,1722,2022-03-13,ACTIVE,North - West LA Open,743.0,738.0,2020-02-09,2020-02-09
2762,Max,Rogers,167014,1167014,"Upland, CA",,1775,2022-04-23,1722,2022-03-13,ACTIVE,North-West LA Open 2** Tournament,1067.0,400.0,2019-09-08,2019-09-08
2762,Max,Rogers,167014,1167014,"Upland, CA",,1775,2022-04-23,1722,2022-03-13,ACTIVE,2019 Joola LA Open,0.0,1067.0,2019-08-31,2019-09-01
2772,Alexander,Zelener,8982,34173,"Sun Valley, CA",Allen and Sons Table Tennis Club,1773,2023-11-19,1772,2014-01-04,ACTIVE,North - West LA Open,1806.0,1802.0,2020-02-09,2020-02-09
2772,Alexander,Zelener,8982,34173,"Sun Valley, CA",Allen and Sons Table Tennis Club,1773,2023-11-19,1772,2014-01-04,ACTIVE,2017 JOOLA LA Open Tournament,1702.0,1704.0,2017-09-02,2017-09-03
2772,Alexander,Zelener,8982,34173,"Sun Valley, CA",Allen and Sons Table Tennis Club,1773,2023-11-19,1772,2014-01-04,ACTIVE,North West LA Open,1727.0,1710.0,2017-01-15,2017-01-15
2772,Alexander,Zelener,8982,34173,"Sun Valley, CA",Allen and Sons Table Tennis Club,1773,2023-11-19,1772,2014-01-04,ACTIVE,Trump's Time North West LA Open,1757.0,1727.0,2016-11-13,2016-11-13
2772,Alexander,Zelener,8982,34173,"Sun Valley, CA",Allen and Sons Table Tennis Club,1773,2023-11-19,1772,2014-01-04,ACTIVE,NW LA Open,1774.0,1764.0,2016-05-01,2016-05-01
2772,Alexander,Zelener,8982,34173,"Sun Valley, CA",Allen and Sons Table Tennis Club,1773,2023-11-19,1772,2014-01-04,ACTIVE,NW LA Open,1733.0,1780.0,2016-01-17,2016-01-17
2772,Alexander,Zelener,8982,34173,"Sun Valley, CA",Allen and Sons Table Tennis Club,1773,2023-11-19,1772,2014-01-04,ACTIVE,NW LA Open,1804.0,1709.0,2015-11-15,
2772,Alexander,Zelener,8982,34173,"Sun Valley, CA",Allen and Sons Table Tennis Club,1773,2023-11-19,1772,2014-01-04,ACTIVE,NW LA Open,1744.0,1807.0,2015-05-03,
2772,Alexander,Zelener,8982,34173,"Sun Valley, CA",Allen and Sons Table Tennis Club,1773,2023-11-19,1772,2014-01-04,ACTIVE,NW LA Open,1783.0,1744.0,2014-11-16,
2772,Alexander,Zelener,8982,34173,"Sun Valley, CA",Allen and Sons Table Tennis Club,1773,2023-11-19,1772,2014-01-04,ACTIVE,NW LA Open,1862.0,1783.0,2014-09-14,
2772,Alexander,Zelener,8982,34173,"Sun Valley, CA",Allen and Sons Table Tennis Club,1773,2023-11-19,1772,2014-01-04,ACTIVE,2014 LA Open Table Tennis Tournament,1816.0,1862.0,2014-08-17,
2772,Alexander,Zelener,8982,34173,"Sun Valley, CA",Allen and Sons Table Tennis Club,1773,2023-11-19,1772,2014-01-04,ACTIVE,NW LA Open,1806.0,1806.0,2014-05-04,
2772,Alexander,Zelener,8982,34173,"Sun Valley, CA",Allen and Sons Table Tennis Club,1773,2023-11-19,1772,2014-01-04,ACTIVE,NW LA Open,1776.0,1806.0,2014-01-19,
2772,Alexander,Zelener,8982,34173,"Sun Valley, CA",Allen and Sons Table Tennis Club,1773,2023-11-19,1772,2014-01-04,ACTIVE,North-West LA Open,1781.0,1810.0,2013-09-15,
2772,Alexander,Zelener,8982,34173,"Sun Valley, CA",Allen and Sons Table Tennis Club,1773,2023-11-19,1772,2014-01-04,ACTIVE,2012 LA Open Butterfly Table Tennis Tournament,1814.0,1824.0,2012-09-02,
2772,Alexander,Zelener,8982,34173,"Sun Valley, CA",Allen and Sons Table Tennis Club,1773,2023-11-19,1772,2014-01-04,ACTIVE,LA Open TT Tournament 2011,1675.0,1687.0,2011-09-04,
2792,David,Phoong,40767,25347,"Arcadia, CA",,1770,2024-04-28,1779,2023-07-28,ACTIVE,2023 Joola LA Open,1754.0,1750.0,2023-08-12,2023-08-13
2792,David,Phoong,40767,25347,"Arcadia, CA",,1770,2024-04-28,1779,2023-07-28,ACTIVE,2022 LA Open,1844.0,1857.0,2022-12-10,2022-12-11
2813,R.,Parkinson,5978,74255,"Salt Lake City, UT",,1767,2018-03-02,0,,ACTIVE,LA Open TT Tournament 2011,1818.0,1764.0,2011-09-04,
2816,Kenneth,Tananan,7649,29391,"Pomona, CA",West Covina Table Tennis Club,1767,2018-03-02,1534,2010-04-24,ACTIVE,2014 LA Open Table Tennis Tournament,1772.0,1767.0,2014-08-17,
2817,Joe Ji,Yang,54358,25699,"El Monte, CA",,1766,2024-08-04,0,,ACTIVE,2024 JOOLA LA Open Table Tennis Tournament,1768.0,1766.0,2024-08-03,2024-08-04
2843,Kathiravan,Tamilvanan,104231,203231,"San Diego, CA",Learning Tree Table Tennis Club,1762,2024-07-07,1613,2024-09-06,ACTIVE,2023 Joola LA Open,1703.0,1702.0,2023-08-12,2023-08-13
2843,Kathiravan,Tamilvanan,104231,203231,"San Diego, CA",Learning Tree Table Tennis Club,1762,2024-07-07,1613,2024-09-06,ACTIVE,2019 Joola LA Open,1569.0,1723.0,2019-08-31,2019-09-01
2843,Kathiravan,Tamilvanan,104231,203231,"San Diego, CA",Learning Tree Table Tennis Club,1762,2024-07-07,1613,2024-09-06,ACTIVE,2018 JOOLA LA Open Tournament,1584.0,1540.0,2018-09-01,2018-09-01
2843,Kathiravan,Tamilvanan,104231,203231,"San Diego, CA",Learning Tree Table Tennis Club,1762,2024-07-07,1613,2024-09-06,ACTIVE,2017 JOOLA LA Open Tournament,1474.0,1584.0,2017-09-02,2017-09-03
2843,Kathiravan,Tamilvanan,104231,203231,"San Diego, CA",Learning Tree Table Tennis Club,1762,2024-07-07,1613,2024-09-06,ACTIVE,2016 Butterfly LA Open Tournament,1357.0,1472.0,2016-09-03,2016-09-04
2845,Varujan,Jamagocyan,3398,22034,"Glendale, CA",Ararat Table Tennis Center (ATTC),1762,2023-10-22,1824,2014-06-09,ACTIVE,2013 LA Open Table Tennis Tournament,1805.0,1817.0,2013-09-01,
2848,Yuichi,Takahashi,118657,217657,"Irvine, CA",,1762,2024-04-20,1543,2019-06-05,ACTIVE,North - West LA Open,1441.0,1438.0,2020-02-09,2020-02-09
2848,Yuichi,Takahashi,118657,217657,"Irvine, CA",,1762,2024-04-20,1543,2019-06-05,ACTIVE,2019 Joola LA Open,1509.0,1441.0,2019-08-31,2019-09-01
2848,Yuichi,Takahashi,118657,217657,"Irvine, CA",,1762,2024-04-20,1543,2019-06-05,ACTIVE,2018 JOOLA LA Open Tournament,1474.0,1517.0,2018-09-01,2018-09-01
2848,Yuichi,Takahashi,118657,217657,"Irvine, CA",,1762,2024-04-20,1543,2019-06-05,ACTIVE,OCTTA warm up for LA open,1474.0,1474.0,2018-08-25,2018-08-26
2848,Yuichi,Takahashi,118657,217657,"Irvine, CA",,1762,2024-04-20,1543,2019-06-05,ACTIVE,Norht- West LA Open,1367.0,1353.0,2017-11-19,2017-11-19
2848,Yuichi,Takahashi,118657,217657,"Irvine, CA",,1762,2024-04-20,1543,2019-06-05,ACTIVE,2017 JOOLA LA Open Tournament,1322.0,1318.0,2017-09-02,2017-09-03
2850,Leon,Wang,121781,220781,"San Diego, CA",,1762,2024-09-08,1499,2024-07-19,ACTIVE,2024 JOOLA LA Open Table Tennis Tournament,1740.0,1736.0,2024-08-03,2024-08-04
2850,Leon,Wang,121781,220781,"San Diego, CA",,1762,2024-09-08,1499,2024-07-19,ACTIVE,2018 JOOLA LA Open Tournament,1184.0,1336.0,2018-09-01,2018-09-01
2857,Chujing,Zheng,169124,1169124,Norman,,1761,2024-08-04,0,,ACTIVE,2024 JOOLA LA Open Table Tennis Tournament,1794.0,1761.0,2024-08-03,2024-08-04
2861,Calvin,Weng,8414,96177,"seattle, WA",Seattle Pacific Table Tennis Club,1761,2024-06-30,1777,2024-08-31,ACTIVE,2015 LA Open Table Tennis Tournament,1287.0,1312.0,2015-09-06,
2878,Morteza,Saedi,177960,1177960,"Los Angeles, CA",,1758,2024-06-02,0,,ACTIVE,2022 LA Open,0.0,1633.0,2022-12-10,2022-12-11
2905,Bryton,Toney,180559,279559,,,1754,2024-06-02,0,,ACTIVE,2023 Joola LA Open,1454.0,1454.0,2023-08-12,2023-08-13
2925,Austin,Zhang,104237,203237,"San Diego, CA",,1750,2024-05-11,0,,ACTIVE,2019 Joola LA Open,1641.0,1600.0,2019-08-31,2019-09-01
2933,Hong-Zhong,Zhang,9014,10140,"Foster City, CA",,1749,2024-09-02,1911,2023-10-01,ACTIVE,2024 JOOLA LA Open Table Tennis Tournament,1831.0,1773.0,2024-08-03,2024-08-04
2933,Hong-Zhong,Zhang,9014,10140,"Foster City, CA",,1749,2024-09-02,1911,2023-10-01,ACTIVE,2023 Joola LA Open,1843.0,1839.0,2023-08-12,2023-08-13
2933,Hong-Zhong,Zhang,9014,10140,"Foster City, CA",,1749,2024-09-02,1911,2023-10-01,ACTIVE,2016 Butterfly LA Open Tournament,1890.0,1821.0,2016-09-03,2016-09-04
2933,Hong-Zhong,Zhang,9014,10140,"Foster City, CA",,1749,2024-09-02,1911,2023-10-01,ACTIVE,2015 LA Open Table Tennis Tournament,1823.0,1867.0,2015-09-06,
2933,Hong-Zhong,Zhang,9014,10140,"Foster City, CA",,1749,2024-09-02,1911,2023-10-01,ACTIVE,2014 LA Open Table Tennis Tournament,1895.0,1893.0,2014-08-17,
2933,Hong-Zhong,Zhang,9014,10140,"Foster City, CA",,1749,2024-09-02,1911,2023-10-01,ACTIVE,2012 LA Open Butterfly Table Tennis Tournament,1869.0,1876.0,2012-09-02,
2934,Bill,Ukapatayasakul,7996,10729,"San Diego, CA",San Diego TTA,1749,2023-12-21,0,,ACTIVE,2016 Butterfly LA Open Tournament,1821.0,1772.0,2016-09-03,2016-09-04
2934,Bill,Ukapatayasakul,7996,10729,"San Diego, CA",San Diego TTA,1749,2023-12-21,0,,ACTIVE,NW LA Open,1835.0,1830.0,2016-05-01,2016-05-01
2934,Bill,Ukapatayasakul,7996,10729,"San Diego, CA",San Diego TTA,1749,2023-12-21,0,,ACTIVE,2015 LA Open Table Tennis Tournament,1777.0,1798.0,2015-09-06,
2934,Bill,Ukapatayasakul,7996,10729,"San Diego, CA",San Diego TTA,1749,2023-12-21,0,,ACTIVE,NW LA Open,1882.0,1829.0,2015-05-03,
2934,Bill,Ukapatayasakul,7996,10729,"San Diego, CA",San Diego TTA,1749,2023-12-21,0,,ACTIVE,January 2015 NW LA Open,2061.0,2059.0,2015-01-18,
2934,Bill,Ukapatayasakul,7996,10729,"San Diego, CA",San Diego TTA,1749,2023-12-21,0,,ACTIVE,NW LA Open,2013.0,2106.0,2014-01-19,
2934,Bill,Ukapatayasakul,7996,10729,"San Diego, CA",San Diego TTA,1749,2023-12-21,0,,ACTIVE,2013 LA Open Table Tennis Tournament,2048.0,2051.0,2013-09-01,
2945,Xin,Ding,176362,1176362,"Chino Hills, CA",Fullerton Meridian Table Tennis Club,1747,2024-08-04,0,,ACTIVE,2024 JOOLA LA Open Table Tennis Tournament,1774.0,1747.0,2024-08-03,2024-08-04
2953,Brandon,Mccalley,5092,86472,"Cedar Rapids, IA",Cedar Rapids Table Tennis Club,1746,2024-07-07,1741,2017-02-27,ACTIVE,2023 Joola LA Open,1718.0,1728.0,2023-08-12,2023-08-13
2953,Brandon,Mccalley,5092,86472,"Cedar Rapids, IA",Cedar Rapids Table Tennis Club,1746,2024-07-07,1741,2017-02-27,ACTIVE,2014 LA Open Table Tennis Tournament,1641.0,1659.0,2014-08-17,
2953,Brandon,Mccalley,5092,86472,"Cedar Rapids, IA",Cedar Rapids Table Tennis Club,1746,2024-07-07,1741,2017-02-27,ACTIVE,2013 LA Open Table Tennis Tournament,1568.0,1556.0,2013-09-01,
2953,Brandon,Mccalley,5092,86472,"Cedar Rapids, IA",Cedar Rapids Table Tennis Club,1746,2024-07-07,1741,2017-02-27,ACTIVE,2012 LA Open Butterfly Table Tennis Tournament,1682.0,1594.0,2012-09-02,
2961,Ross,Hashemi,2860,8971,"Malibu, CA",,1744,2021-10-07,0,,ACTIVE,NW LA Open,1687.0,1677.0,2016-05-01,2016-05-01
2961,Ross,Hashemi,2860,8971,"Malibu, CA",,1744,2021-10-07,0,,ACTIVE,NW LA Open,1770.0,1658.0,2015-11-15,
2961,Ross,Hashemi,2860,8971,"Malibu, CA",,1744,2021-10-07,0,,ACTIVE,NW LA Open,1749.0,1781.0,2014-01-19,
2972,Misael,Duran,122563,221563,San Gabriel,,1743,2024-07-20,0,,ACTIVE,2022 LA Open,1898.0,1892.0,2022-12-10,2022-12-11
2972,Misael,Duran,122563,221563,San Gabriel,,1743,2024-07-20,0,,ACTIVE,North - West LA Open,1667.0,1651.0,2020-02-09,2020-02-09
2972,Misael,Duran,122563,221563,San Gabriel,,1743,2024-07-20,0,,ACTIVE,2019 Joola LA Open,1491.0,1444.0,2019-08-31,2019-09-01
2972,Misael,Duran,122563,221563,San Gabriel,,1743,2024-07-20,0,,ACTIVE,2018 JOOLA LA Open Tournament,1363.0,1339.0,2018-09-01,2018-09-01
2983,Yoshi,Kurumada,182336,281336,"Costa Mesa, CA",Orange County Table Tennis Academy,1741,2024-08-04,0,,ACTIVE,2024 JOOLA LA Open Table Tennis Tournament,1736.0,1741.0,2024-08-03,2024-08-04
2985,Xiankun,Yang,8798,30040,"Monterey Park, CA",Los Angeles Table Tennis Association,1741,2022-12-11,1848,2010-04-18,ACTIVE,2022 LA Open,1789.0,1741.0,2022-12-10,2022-12-11
2985,Xiankun,Yang,8798,30040,"Monterey Park, CA",Los Angeles Table Tennis Association,1741,2022-12-11,1848,2010-04-18,ACTIVE,2018 JOOLA LA Open Tournament,1791.0,1789.0,2018-09-01,2018-09-01
2985,Xiankun,Yang,8798,30040,"Monterey Park, CA",Los Angeles Table Tennis Association,1741,2022-12-11,1848,2010-04-18,ACTIVE,2017 JOOLA LA Open Tournament,1854.0,1840.0,2017-09-02,2017-09-03
2985,Xiankun,Yang,8798,30040,"Monterey Park, CA",Los Angeles Table Tennis Association,1741,2022-12-11,1848,2010-04-18,ACTIVE,2016 Butterfly LA Open Tournament,1865.0,1854.0,2016-09-03,2016-09-04
2985,Xiankun,Yang,8798,30040,"Monterey Park, CA",Los Angeles Table Tennis Association,1741,2022-12-11,1848,2010-04-18,ACTIVE,2015 LA Open Table Tennis Tournament,1877.0,1865.0,2015-09-06,
2985,Xiankun,Yang,8798,30040,"Monterey Park, CA",Los Angeles Table Tennis Association,1741,2022-12-11,1848,2010-04-18,ACTIVE,2014 LA Open Table Tennis Tournament,1887.0,1872.0,2014-08-17,
2985,Xiankun,Yang,8798,30040,"Monterey Park, CA",Los Angeles Table Tennis Association,1741,2022-12-11,1848,2010-04-18,ACTIVE,2013 LA Open Table Tennis Tournament,1888.0,1875.0,2013-09-01,
2985,Xiankun,Yang,8798,30040,"Monterey Park, CA",Los Angeles Table Tennis Association,1741,2022-12-11,1848,2010-04-18,ACTIVE,2012 LA Open Butterfly Table Tennis Tournament,1931.0,1922.0,2012-09-02,
2985,Xiankun,Yang,8798,30040,"Monterey Park, CA",Los Angeles Table Tennis Association,1741,2022-12-11,1848,2010-04-18,ACTIVE,LA Open TT Tournament 2011,1932.0,1926.0,2011-09-04,
2993,Liam,Guadiz,175435,1175435,Montebello,,1740,2024-08-04,1857,2024-04-05,ACTIVE,2024 JOOLA LA Open Table Tennis Tournament,1727.0,1740.0,2024-08-03,2024-08-04
2993,Liam,Guadiz,175435,1175435,Montebello,,1740,2024-08-04,1857,2024-04-05,ACTIVE,2023 Joola LA Open,1385.0,1608.0,2023-08-12,2023-08-13
3000,Shant,Akoubian,120609,219609,Granada Hills,,1739,2024-08-04,1697,2024-07-19,ACTIVE,2024 JOOLA LA Open Table Tennis Tournament,1692.0,1739.0,2024-08-03,2024-08-04
3000,Shant,Akoubian,120609,219609,Granada Hills,,1739,2024-08-04,1697,2024-07-19,ACTIVE,2023 Joola LA Open,1535.0,1495.0,2023-08-12,2023-08-13
3000,Shant,Akoubian,120609,219609,Granada Hills,,1739,2024-08-04,1697,2024-07-19,ACTIVE,2022 LA Open,1005.0,1302.0,2022-12-10,2022-12-11
3000,Shant,Akoubian,120609,219609,Granada Hills,,1739,2024-08-04,1697,2024-07-19,ACTIVE,North - West LA Open,447.0,475.0,2020-02-09,2020-02-09
3000,Shant,Akoubian,120609,219609,Granada Hills,,1739,2024-08-04,1697,2024-07-19,ACTIVE,North-West LA Open 2** Tournament,215.0,215.0,2019-01-20,2019-01-20
3000,Shant,Akoubian,120609,219609,Granada Hills,,1739,2024-08-04,1697,2024-07-19,ACTIVE,North West LA Open 2 ,107.0,107.0,2018-04-29,2018-04-29
3000,Shant,Akoubian,120609,219609,Granada Hills,,1739,2024-08-04,1697,2024-07-19,ACTIVE,Norht- West LA Open,109.0,107.0,2017-11-19,2017-11-19
3000,Shant,Akoubian,120609,219609,Granada Hills,,1739,2024-08-04,1697,2024-07-19,ACTIVE,North West LA Open,0.0,114.0,2017-09-17,2017-09-17
3021,David,Vang,169599,1169599,Los Angeles,,1737,2024-08-24,0,,ACTIVE,2023 Joola LA Open,1638.0,1622.0,2023-08-12,2023-08-13
3021,David,Vang,169599,1169599,Los Angeles,,1737,2024-08-24,0,,ACTIVE,2022 LA Open,1583.0,1569.0,2022-12-10,2022-12-11
3023,Wei Liang,Gao,176817,1176817,San Gabriel,,1737,2023-10-28,1852,2024-05-17,ACTIVE,2023 Joola LA Open,1512.0,1783.0,2023-08-12,2023-08-13
3023,Wei Liang,Gao,176817,1176817,San Gabriel,,1737,2023-10-28,1852,2024-05-17,ACTIVE,2022 LA Open,1477.0,1512.0,2022-12-10,2022-12-11
3049,Advait,Bhaskar Pandit,119524,218524,"Chandler, AZ","Table Tennis & More, Inc.",1733,2023-12-21,1847,2024-03-15,ACTIVE,2022 LA Open,1815.0,1774.0,2022-12-10,2022-12-11
3049,Advait,Bhaskar Pandit,119524,218524,"Chandler, AZ","Table Tennis & More, Inc.",1733,2023-12-21,1847,2024-03-15,ACTIVE,2018 JOOLA LA Open Tournament,1119.0,1083.0,2018-09-01,2018-09-01
3063,Yun,Fan,2072,81398,"Hillsboro, OR",Paddle Palace Club,1730,2024-09-08,1594,2023-08-19,ACTIVE,2024 JOOLA LA Open Table Tennis Tournament,1623.0,1629.0,2024-08-03,2024-08-04
3063,Yun,Fan,2072,81398,"Hillsboro, OR",Paddle Palace Club,1730,2024-09-08,1594,2023-08-19,ACTIVE,2013 LA Open Table Tennis Tournament,1585.0,1599.0,2013-09-01,
3063,Yun,Fan,2072,81398,"Hillsboro, OR",Paddle Palace Club,1730,2024-09-08,1594,2023-08-19,ACTIVE,2012 LA Open Butterfly Table Tennis Tournament,1305.0,1560.0,2012-09-02,
3063,Yun,Fan,2072,81398,"Hillsboro, OR",Paddle Palace Club,1730,2024-09-08,1594,2023-08-19,ACTIVE,LA Open TT Tournament 2011,1409.0,1407.0,2011-09-04,
3071,Thang,Lam,4094,53069,"Portland, OR",Portland Table Tennis Club,1730,2024-06-16,1634,2014-06-20,ACTIVE,2013 LA Open Table Tennis Tournament,1596.0,1636.0,2013-09-01,
3071,Thang,Lam,4094,53069,"Portland, OR",Portland Table Tennis Club,1730,2024-06-16,1634,2014-06-20,ACTIVE,LA Open TT Tournament 2011,1668.0,1664.0,2011-09-04,
3082,Pradyumna,Amatya,10060,82229,"Salinas, CA",,1728,2024-05-18,1777,2015-11-28,ACTIVE,2018 JOOLA LA Open Tournament,1861.0,1832.0,2018-09-01,2018-09-01
3104,Abhinav,Gunda,2688,89194,"Fremont, CA",ICC Table Tennis Center,1726,2024-06-27,1766,2016-02-13,ACTIVE,2014 LA Open Table Tennis Tournament,1346.0,1549.0,2014-08-17,
3122,Jay,Turberville,7961,27535,"Fountain Hills, AZ",Phoenix Table Tennis Club,1723,2024-07-28,1779,2024-08-26,ACTIVE,2013 LA Open Table Tennis Tournament,1866.0,1872.0,2013-09-01,
3127,Aaron,Chang,1048,93504,"Arcadia, CA",,1722,2024-05-18,0,,ACTIVE,2018 JOOLA LA Open Tournament,1773.0,1764.0,2018-09-01,2018-09-01
3127,Aaron,Chang,1048,93504,"Arcadia, CA",,1722,2024-05-18,0,,ACTIVE,2017 JOOLA LA Open Tournament,1746.0,1839.0,2017-09-02,2017-09-03
3127,Aaron,Chang,1048,93504,"Arcadia, CA",,1722,2024-05-18,0,,ACTIVE,2016 Butterfly LA Open Tournament,1270.0,1273.0,2016-09-03,2016-09-04
3127,Aaron,Chang,1048,93504,"Arcadia, CA",,1722,2024-05-18,0,,ACTIVE,2015 LA Open Table Tennis Tournament,1030.0,1034.0,2015-09-06,
3127,Aaron,Chang,1048,93504,"Arcadia, CA",,1722,2024-05-18,0,,ACTIVE,2014 LA Open Table Tennis Tournament,928.0,878.0,2014-08-17,
3146,Wenfang,Lei,99069,198069,"San Diego, CA",,1720,2024-08-04,1908,2024-09-06,ACTIVE,2024 JOOLA LA Open Table Tennis Tournament,1723.0,1720.0,2024-08-03,2024-08-04
3146,Wenfang,Lei,99069,198069,"San Diego, CA",,1720,2024-08-04,1908,2024-09-06,ACTIVE,2016 Butterfly LA Open Tournament,1732.0,1785.0,2016-09-03,2016-09-04
3149,ALBERT,HUANG,3195,71991,"Walnut, CA",Grace Lin TTC,1719,2024-08-24,1621,2024-08-09,ACTIVE,2017 JOOLA LA Open Tournament,1854.0,1846.0,2017-09-02,2017-09-03
3149,ALBERT,HUANG,3195,71991,"Walnut, CA",Grace Lin TTC,1719,2024-08-24,1621,2024-08-09,ACTIVE,2016 Butterfly LA Open Tournament,1861.0,1854.0,2016-09-03,2016-09-04
3149,ALBERT,HUANG,3195,71991,"Walnut, CA",Grace Lin TTC,1719,2024-08-24,1621,2024-08-09,ACTIVE,2015 LA Open Table Tennis Tournament,1857.0,1861.0,2015-09-06,
3149,ALBERT,HUANG,3195,71991,"Walnut, CA",Grace Lin TTC,1719,2024-08-24,1621,2024-08-09,ACTIVE,2014 LA Open Table Tennis Tournament,1871.0,1857.0,2014-08-17,
3149,ALBERT,HUANG,3195,71991,"Walnut, CA",Grace Lin TTC,1719,2024-08-24,1621,2024-08-09,ACTIVE,2013 LA Open Table Tennis Tournament,1789.0,1871.0,2013-09-01,
3149,ALBERT,HUANG,3195,71991,"Walnut, CA",Grace Lin TTC,1719,2024-08-24,1621,2024-08-09,ACTIVE,2012 LA Open Butterfly Table Tennis Tournament,1785.0,1789.0,2012-09-02,
3149,ALBERT,HUANG,3195,71991,"Walnut, CA",Grace Lin TTC,1719,2024-08-24,1621,2024-08-09,ACTIVE,LA Open TT Tournament 2011,1837.0,1785.0,2011-09-04,
3203,Ryan (nareth),Lay,185177,1185177,Long Beach,,1710,2024-08-04,0,,ACTIVE,2024 JOOLA LA Open Table Tennis Tournament,1623.0,1710.0,2024-08-03,2024-08-04
3231,Jerry,Harris,24285,35105,"San Diego, CA",San Diego TTA,1706,2023-05-28,1672,2024-04-12,ACTIVE,LA Open TT Tournament 2011,1669.0,1710.0,2011-09-04,
3240,Paul,Villacarlos,8132,5399,"Walnut Creek, CA",Concord Table Tennis Club,1705,2020-02-29,1672,2017-06-07,ACTIVE,2019 Joola LA Open,1709.0,1706.0,2019-08-31,2019-09-01
3240,Paul,Villacarlos,8132,5399,"Walnut Creek, CA",Concord Table Tennis Club,1705,2020-02-29,1672,2017-06-07,ACTIVE,2018 JOOLA LA Open Tournament,1709.0,1707.0,2018-09-01,2018-09-01
3257,Yucheng,Yang,180402,279402,,,1703,2024-08-04,1836,2024-08-24,ACTIVE,2024 JOOLA LA Open Table Tennis Tournament,1710.0,1703.0,2024-08-03,2024-08-04
3263,Paul,Sierra,7138,57913,"Ontario, CA",,1702,2024-05-18,1736,2013-12-07,ACTIVE,2023 Joola LA Open,1404.0,1404.0,2023-08-12,2023-08-13
3263,Paul,Sierra,7138,57913,"Ontario, CA",,1702,2024-05-18,1736,2013-12-07,ACTIVE,2016 Butterfly LA Open Tournament,1721.0,1711.0,2016-09-03,2016-09-04
3263,Paul,Sierra,7138,57913,"Ontario, CA",,1702,2024-05-18,1736,2013-12-07,ACTIVE,2015 LA Open Table Tennis Tournament,1798.0,1750.0,2015-09-06,
3263,Paul,Sierra,7138,57913,"Ontario, CA",,1702,2024-05-18,1736,2013-12-07,ACTIVE,2014 LA Open Table Tennis Tournament,1803.0,1798.0,2014-08-17,
3264,Daryl,Sterling,7425,34953,"North Hills, CA",Allen and Sons Table Tennis Club,1701,2023-12-21,0,,ACTIVE,NW LA Open,1771.0,1742.0,2014-11-16,
3264,Daryl,Sterling,7425,34953,"North Hills, CA",Allen and Sons Table Tennis Club,1701,2023-12-21,0,,ACTIVE,2014 LA Open Table Tennis Tournament,1765.0,1776.0,2014-08-17,
3264,Daryl,Sterling,7425,34953,"North Hills, CA",Allen and Sons Table Tennis Club,1701,2023-12-21,0,,ACTIVE,2013 LA Open Table Tennis Tournament,1833.0,1817.0,2013-09-01,
3278,Gary,Gebert,2391,61113,"Winnetka, CA",,1699,2023-10-12,0,,ACTIVE,NW LA Open,1818.0,1770.0,2015-05-03,
3278,Gary,Gebert,2391,61113,"Winnetka, CA",,1699,2023-10-12,0,,ACTIVE,January 2015 NW LA Open,1858.0,1818.0,2015-01-18,
3278,Gary,Gebert,2391,61113,"Winnetka, CA",,1699,2023-10-12,0,,ACTIVE,NW LA Open,1885.0,1858.0,2014-11-16,
3307,Cailong,Yun,55103,34541,"La Puente, CA",,1695,2024-06-02,1475,2005-10-08,ACTIVE,2014 LA Open Table Tennis Tournament,1700.0,1714.0,2014-08-17,
3310,Anthony,Cavazos,981,56980,"San Francisco, CA",888 Table Tennis Center,1695,2024-09-02,1612,2024-08-11,ACTIVE,2019 Joola LA Open,1825.0,1839.0,2019-08-31,2019-09-01
3313,Azuka,Okuleye,5792,75576,"Los Angeles, CA",,1694,2024-08-31,1419,2019-12-09,ACTIVE,North-West La Open 2** Sanctioned Tournament,1447.0,1439.0,2018-09-23,2018-09-23
3333,Thomas,Shieh,7071,17171,"Pasadena, CA",,1691,2024-08-04,1709,2013-05-11,ACTIVE,2024 JOOLA LA Open Table Tennis Tournament,1644.0,1691.0,2024-08-03,2024-08-04
3333,Thomas,Shieh,7071,17171,"Pasadena, CA",,1691,2024-08-04,1709,2013-05-11,ACTIVE,2018 JOOLA LA Open Tournament,1732.0,1659.0,2018-09-01,2018-09-01
3340,Kiet,Ly,33964,80391,"El Monte, CA",,1690,2018-03-02,1676,2011-12-06,ACTIVE,2014 LA Open Table Tennis Tournament,1694.0,1690.0,2014-08-17,
3346,Justin,Shi,177173,1177173,San Diego,,1689,2024-07-07,1379,2024-07-19,ACTIVE,2023 Joola LA Open,977.0,976.0,2023-08-12,2023-08-13
3348,Peter,Chung,1355,31990,"San Leandro, CA",ICC Table Tennis Center,1689,2018-03-02,1365,2012-07-23,ACTIVE,LA Open TT Tournament 2011,1740.0,1674.0,2011-09-04,
3358,Radu,Licea,4499,70970,"Santa Clara, CA","The Top Spin, LLC",1688,2024-02-19,1646,2024-03-17,ACTIVE,2015 LA Open Table Tennis Tournament,1680.0,1781.0,2015-09-06,
3358,Radu,Licea,4499,70970,"Santa Clara, CA","The Top Spin, LLC",1688,2024-02-19,1646,2024-03-17,ACTIVE,2012 LA Open Butterfly Table Tennis Tournament,1747.0,1728.0,2012-09-02,
3384,Mahadevan,Arivazhakan,237,97451,"Sunnyvale, CA",,1685,2024-06-22,1385,2023-09-30,ACTIVE,2018 JOOLA LA Open Tournament,1735.0,1770.0,2018-09-01,2018-09-01
3412,Michael,Jelliff,27228,88923,"Bullard, TX",,1680,2024-08-17,1075,2020-01-26,ACTIVE,2012 LA Open Butterfly Table Tennis Tournament,1221.0,1218.0,2012-09-02,
3434,Matthew,Baldivino,184986,283986,Bellflower,,1677,2024-08-04,0,,ACTIVE,2024 JOOLA LA Open Table Tennis Tournament,1685.0,1677.0,2024-08-03,2024-08-04
3441,Ryousuke,Adachi,40,33546,"Pico Rivera, CA",Westside Table Tennis Center,1676,2024-08-04,1557,2015-03-07,ACTIVE,2024 JOOLA LA Open Table Tennis Tournament,1674.0,1676.0,2024-08-03,2024-08-04
3441,Ryousuke,Adachi,40,33546,"Pico Rivera, CA",Westside Table Tennis Center,1676,2024-08-04,1557,2015-03-07,ACTIVE,2023 Joola LA Open,1551.0,1651.0,2023-08-12,2023-08-13
3441,Ryousuke,Adachi,40,33546,"Pico Rivera, CA",Westside Table Tennis Center,1676,2024-08-04,1557,2015-03-07,ACTIVE,2019 Joola LA Open,1537.0,1537.0,2019-08-31,2019-09-01
3441,Ryousuke,Adachi,40,33546,"Pico Rivera, CA",Westside Table Tennis Center,1676,2024-08-04,1557,2015-03-07,ACTIVE,2018 JOOLA LA Open Tournament,1631.0,1630.0,2018-09-01,2018-09-01
3441,Ryousuke,Adachi,40,33546,"Pico Rivera, CA",Westside Table Tennis Center,1676,2024-08-04,1557,2015-03-07,ACTIVE,2017 JOOLA LA Open Tournament,1764.0,1756.0,2017-09-02,2017-09-03
3441,Ryousuke,Adachi,40,33546,"Pico Rivera, CA",Westside Table Tennis Center,1676,2024-08-04,1557,2015-03-07,ACTIVE,2015 LA Open Table Tennis Tournament,1704.0,1744.0,2015-09-06,
3446,Richard J.,Chen,104134,203134,"Diamond Bar, CA",,1675,2024-03-23,0,,ACTIVE,2023 Joola LA Open,1655.0,1656.0,2023-08-12,2023-08-13
3446,Richard J.,Chen,104134,203134,"Diamond Bar, CA",,1675,2024-03-23,0,,ACTIVE,2016 Butterfly LA Open Tournament,1591.0,1601.0,2016-09-03,2016-09-04
3449,Gina,Yang,176375,1176375,"Rowland Heights, CA",,1675,2024-08-04,0,,ACTIVE,2024 JOOLA LA Open Table Tennis Tournament,1682.0,1675.0,2024-08-03,2024-08-04
3449,Gina,Yang,176375,1176375,"Rowland Heights, CA",,1675,2024-08-04,0,,ACTIVE,2023 Joola LA Open,1597.0,1600.0,2023-08-12,2023-08-13
3449,Gina,Yang,176375,1176375,"Rowland Heights, CA",,1675,2024-08-04,0,,ACTIVE,2022 LA Open,1256.0,1253.0,2022-12-10,2022-12-11
3454,Crispin,Chang,14817,550,"Fountain Valley, CA",,1674,2024-06-09,0,,ACTIVE,2022 LA Open,1839.0,1810.0,2022-12-10,2022-12-11
3454,Crispin,Chang,14817,550,"Fountain Valley, CA",,1674,2024-06-09,0,,ACTIVE,2019 Joola LA Open,1770.0,1761.0,2019-08-31,2019-09-01
3454,Crispin,Chang,14817,550,"Fountain Valley, CA",,1674,2024-06-09,0,,ACTIVE,2018 JOOLA LA Open Tournament,1783.0,1770.0,2018-09-01,2018-09-01
3454,Crispin,Chang,14817,550,"Fountain Valley, CA",,1674,2024-06-09,0,,ACTIVE,OCTTA warm up for LA open,1787.0,1783.0,2018-08-25,2018-08-26
3454,Crispin,Chang,14817,550,"Fountain Valley, CA",,1674,2024-06-09,0,,ACTIVE,North West LA Open 2 ,1782.0,1779.0,2018-04-29,2018-04-29
3454,Crispin,Chang,14817,550,"Fountain Valley, CA",,1674,2024-06-09,0,,ACTIVE,2017 JOOLA LA Open Tournament,1763.0,1763.0,2017-09-02,2017-09-03
3454,Crispin,Chang,14817,550,"Fountain Valley, CA",,1674,2024-06-09,0,,ACTIVE,2014 LA Open Table Tennis Tournament,1762.0,1763.0,2014-08-17,
3454,Crispin,Chang,14817,550,"Fountain Valley, CA",,1674,2024-06-09,0,,ACTIVE,2013 LA Open Table Tennis Tournament,1719.0,1762.0,2013-09-01,
3454,Crispin,Chang,14817,550,"Fountain Valley, CA",,1674,2024-06-09,0,,ACTIVE,2012 LA Open Butterfly Table Tennis Tournament,1756.0,1740.0,2012-09-02,
3454,Crispin,Chang,14817,550,"Fountain Valley, CA",,1674,2024-06-09,0,,ACTIVE,LA Open TT Tournament 2011,1793.0,1792.0,2011-09-04,
3455,Andy,Phan,6130,32490,"La Puente, CA",,1674,2018-03-02,0,,ACTIVE,2012 LA Open Butterfly Table Tennis Tournament,1704.0,1674.0,2012-09-02,
3470,Syed,Naqvi,5511,58132,"Laguna Niguel, CA",,1671,2024-08-04,1623,2015-01-18,ACTIVE,2024 JOOLA LA Open Table Tennis Tournament,1668.0,1671.0,2024-08-03,2024-08-04
3470,Syed,Naqvi,5511,58132,"Laguna Niguel, CA",,1671,2024-08-04,1623,2015-01-18,ACTIVE,2023 Joola LA Open,1623.0,1627.0,2023-08-12,2023-08-13
3470,Syed,Naqvi,5511,58132,"Laguna Niguel, CA",,1671,2024-08-04,1623,2015-01-18,ACTIVE,2015 LA Open Table Tennis Tournament,1674.0,1645.0,2015-09-06,
3470,Syed,Naqvi,5511,58132,"Laguna Niguel, CA",,1671,2024-08-04,1623,2015-01-18,ACTIVE,2013 LA Open Table Tennis Tournament,1650.0,1565.0,2013-09-01,
3470,Syed,Naqvi,5511,58132,"Laguna Niguel, CA",,1671,2024-08-04,1623,2015-01-18,ACTIVE,2012 LA Open Butterfly Table Tennis Tournament,1759.0,1730.0,2012-09-02,
3493,Hsueh-yen,Lin,4535,78058,"Torrance, CA",Grace Lin TTC,1668,2023-12-21,1668,2015-04-04,ACTIVE,2018 JOOLA LA Open Tournament,1759.0,1741.0,2018-09-01,2018-09-01
3493,Hsueh-yen,Lin,4535,78058,"Torrance, CA",Grace Lin TTC,1668,2023-12-21,1668,2015-04-04,ACTIVE,2016 Butterfly LA Open Tournament,1757.0,1754.0,2016-09-03,2016-09-04
3493,Hsueh-yen,Lin,4535,78058,"Torrance, CA",Grace Lin TTC,1668,2023-12-21,1668,2015-04-04,ACTIVE,2015 LA Open Table Tennis Tournament,1690.0,1660.0,2015-09-06,
3493,Hsueh-yen,Lin,4535,78058,"Torrance, CA",Grace Lin TTC,1668,2023-12-21,1668,2015-04-04,ACTIVE,2014 LA Open Table Tennis Tournament,1790.0,1786.0,2014-08-17,
3493,Hsueh-yen,Lin,4535,78058,"Torrance, CA",Grace Lin TTC,1668,2023-12-21,1668,2015-04-04,ACTIVE,2013 LA Open Table Tennis Tournament,1695.0,1695.0,2013-09-01,
3493,Hsueh-yen,Lin,4535,78058,"Torrance, CA",Grace Lin TTC,1668,2023-12-21,1668,2015-04-04,ACTIVE,2012 LA Open Butterfly Table Tennis Tournament,1636.0,1658.0,2012-09-02,
3493,Hsueh-yen,Lin,4535,78058,"Torrance, CA",Grace Lin TTC,1668,2023-12-21,1668,2015-04-04,ACTIVE,LA Open TT Tournament 2011,1691.0,1699.0,2011-09-04,
3499,Miguel,Munoz,5456,93506,"Walnut, CA",,1667,2024-08-04,0,,ACTIVE,2024 JOOLA LA Open Table Tennis Tournament,1673.0,1667.0,2024-08-03,2024-08-04
3499,Miguel,Munoz,5456,93506,"Walnut, CA",,1667,2024-08-04,0,,ACTIVE,2023 Joola LA Open,1772.0,1766.0,2023-08-12,2023-08-13
3499,Miguel,Munoz,5456,93506,"Walnut, CA",,1667,2024-08-04,0,,ACTIVE,2018 JOOLA LA Open Tournament,1707.0,1745.0,2018-09-01,2018-09-01
3499,Miguel,Munoz,5456,93506,"Walnut, CA",,1667,2024-08-04,0,,ACTIVE,2015 LA Open Table Tennis Tournament,1772.0,1758.0,2015-09-06,
3499,Miguel,Munoz,5456,93506,"Walnut, CA",,1667,2024-08-04,0,,ACTIVE,2014 LA Open Table Tennis Tournament,1771.0,1760.0,2014-08-17,
3523,William,Waltrip,8211,72008,"Roseville, CA",Korea Foreign Table Tennis Club,1663,2024-05-18,1834,2023-09-23,ACTIVE,2019 Joola LA Open,1926.0,2072.0,2019-08-31,2019-09-01
3523,William,Waltrip,8211,72008,"Roseville, CA",Korea Foreign Table Tennis Club,1663,2024-05-18,1834,2023-09-23,ACTIVE,2018 JOOLA LA Open Tournament,1805.0,1941.0,2018-09-01,2018-09-01
3523,William,Waltrip,8211,72008,"Roseville, CA",Korea Foreign Table Tennis Club,1663,2024-05-18,1834,2023-09-23,ACTIVE,2017 JOOLA LA Open Tournament,1823.0,1831.0,2017-09-02,2017-09-03
3543,William,Redding,6451,52693,"Pensacola, FL",,1661,2018-03-02,0,,ACTIVE,Pensacola Open,1460.0,1474.0,1997-05-10,
3543,William,Redding,6451,52693,"Pensacola, FL",,1661,2018-03-02,0,,ACTIVE,Pensacola Open,1465.0,1467.0,1997-01-11,
3543,William,Redding,6451,52693,"Pensacola, FL",,1661,2018-03-02,0,,ACTIVE,Pensacola Open TTT,1449.0,1459.0,1996-08-31,
3546,Sean,Koster,113045,212045,"Laveen, AZ",,1661,2024-08-25,1806,2024-03-29,ACTIVE,2022 LA Open,1838.0,1787.0,2022-12-10,2022-12-11
3546,Sean,Koster,113045,212045,"Laveen, AZ",,1661,2024-08-25,1806,2024-03-29,ACTIVE,North-West La Open 2** Sanctioned Tournament,1812.0,1722.0,2018-11-18,2018-11-18
3546,Sean,Koster,113045,212045,"Laveen, AZ",,1661,2024-08-25,1806,2024-03-29,ACTIVE,2018 JOOLA LA Open Tournament,1699.0,1695.0,2018-09-01,2018-09-01
3546,Sean,Koster,113045,212045,"Laveen, AZ",,1661,2024-08-25,1806,2024-03-29,ACTIVE,North West LA Open 2 ,1521.0,1564.0,2018-04-29,2018-04-29
3546,Sean,Koster,113045,212045,"Laveen, AZ",,1661,2024-08-25,1806,2024-03-29,ACTIVE,2017 JOOLA LA Open Tournament,1740.0,1566.0,2017-09-02,2017-09-03
3553,Dean,Damandaman,185443,1185443,"Lawndale, CA",South Bay Table Tennis,1660,2024-08-24,0,,ACTIVE,2024 JOOLA LA Open Table Tennis Tournament,1424.0,1422.0,2024-08-03,2024-08-04
3556,Jae,Lee,173537,1173537,Van Nuys,,1660,2024-08-04,0,,ACTIVE,2024 JOOLA LA Open Table Tennis Tournament,1696.0,1660.0,2024-08-03,2024-08-04
3575,David,Liao,171813,1171813,"Temple City, CA",L.A.T.T. (Los Angeles Table Tennis),1657,2024-05-18,0,,ACTIVE,2022 LA Open,1622.0,1708.0,2022-12-10,2022-12-11
3601,Owen,Leung,176451,1176451,"Union City, CA",Micro Motion Table Tennis Academy,1654,2024-09-02,1511,2024-09-08,ACTIVE,2024 JOOLA LA Open Table Tennis Tournament,1618.0,1619.0,2024-08-03,2024-08-04
3604,Odeon,Dy,1907,96737,"Rancho Cucamonga, CA",,1654,2018-03-02,0,,ACTIVE,2016 Butterfly LA Open Tournament,1561.0,1559.0,2016-09-03,2016-09-04
3614,Michael,Meier,5171,6123,"Clive, IA",Hillsboro Table Tennis,1652,2018-03-02,0,,ACTIVE,2012 LA Open Butterfly Table Tennis Tournament,1876.0,1859.0,2012-09-02,
3647,Min (winnie),Zhang,120402,219402,"Morgan Hill, CA",,1648,2024-03-17,869,2023-10-08,ACTIVE,2023 Joola LA Open,1769.0,1766.0,2023-08-12,2023-08-13
3647,Min (winnie),Zhang,120402,219402,"Morgan Hill, CA",,1648,2024-03-17,869,2023-10-08,ACTIVE,2017 JOOLA LA Open Tournament,0.0,2174.0,2017-09-02,2017-09-03
3668,Haoran,Guan,112903,211903,"Mountain View, CA",,1645,2024-08-04,1733,2020-03-06,ACTIVE,2024 JOOLA LA Open Table Tennis Tournament,1654.0,1645.0,2024-08-03,2024-08-04
3668,Haoran,Guan,112903,211903,"Mountain View, CA",,1645,2024-08-04,1733,2020-03-06,ACTIVE,2017 JOOLA LA Open Tournament,1637.0,1632.0,2017-09-02,2017-09-03
3668,Haoran,Guan,112903,211903,"Mountain View, CA",,1645,2024-08-04,1733,2020-03-06,ACTIVE,2016 Butterfly LA Open Tournament,1616.0,1631.0,2016-09-03,2016-09-04
3689,Sriprahan,Tellagaddala,180983,1180983,"Cerritos, CA",California Table Tennis,1643,2024-08-04,0,,ACTIVE,2024 JOOLA LA Open Table Tennis Tournament,1620.0,1643.0,2024-08-03,2024-08-04
3689,Sriprahan,Tellagaddala,180983,1180983,"Cerritos, CA",California Table Tennis,1643,2024-08-04,0,,ACTIVE,2023 Joola LA Open,0.0,942.0,2023-08-12,2023-08-13
3712,Aris,Flores,20795,85965,"Santa Fe Springs, CA",,1639,2024-08-24,1537,2015-09-26,ACTIVE,2019 Joola LA Open,1720.0,1716.0,2019-08-31,2019-09-01
3712,Aris,Flores,20795,85965,"Santa Fe Springs, CA",,1639,2024-08-24,1537,2015-09-26,ACTIVE,2013 LA Open Table Tennis Tournament,1695.0,1720.0,2013-09-01,
3714,Arturas,Ivoshkus,26819,8475,"Simi Valley, CA",,1639,2023-12-21,0,,ACTIVE,2022 LA Open,1429.0,1402.0,2022-12-10,2022-12-11
3714,Arturas,Ivoshkus,26819,8475,"Simi Valley, CA",,1639,2023-12-21,0,,ACTIVE,North-West LA Open 2** Tournament,1396.0,1421.0,2019-11-17,2019-11-17
3714,Arturas,Ivoshkus,26819,8475,"Simi Valley, CA",,1639,2023-12-21,0,,ACTIVE,North West LA Open,1397.0,1433.0,2017-01-15,2017-01-15
3723,Alan,Yeon,165264,264264,"Placentia, CA",,1638,2024-07-20,0,,ACTIVE,2019 Joola LA Open,1347.0,1396.0,2019-08-31,2019-09-01
3747,Max,Liu,168827,1168827,"La Verne, CA",,1636,2024-08-04,1658,2024-09-06,ACTIVE,2024 JOOLA LA Open Table Tennis Tournament,1597.0,1636.0,2024-08-03,2024-08-04
3747,Max,Liu,168827,1168827,"La Verne, CA",,1636,2024-08-04,1658,2024-09-06,ACTIVE,2023 Joola LA Open,1482.0,1439.0,2023-08-12,2023-08-13
3747,Max,Liu,168827,1168827,"La Verne, CA",,1636,2024-08-04,1658,2024-09-06,ACTIVE,2022 LA Open,1174.0,1172.0,2022-12-10,2022-12-11
3763,Yungtai,Hsu,3166,58225,"Arcadia, CA",,1634,2022-12-11,0,,ACTIVE,2022 LA Open,1634.0,1634.0,2022-12-10,2022-12-11
3769,Paul,Nguyen,5652,33336,"Anaheim, CA",Orange County Table Tennis Academy,1633,2023-12-21,1722,2015-05-05,ACTIVE,2023 Joola LA Open,1688.0,1675.0,2023-08-12,2023-08-13
3769,Paul,Nguyen,5652,33336,"Anaheim, CA",Orange County Table Tennis Academy,1633,2023-12-21,1722,2015-05-05,ACTIVE,2018 JOOLA LA Open Tournament,1703.0,1690.0,2018-09-01,2018-09-01
3769,Paul,Nguyen,5652,33336,"Anaheim, CA",Orange County Table Tennis Academy,1633,2023-12-21,1722,2015-05-05,ACTIVE,OCTTA warm up for LA open,1710.0,1703.0,2018-08-25,2018-08-26
3769,Paul,Nguyen,5652,33336,"Anaheim, CA",Orange County Table Tennis Academy,1633,2023-12-21,1722,2015-05-05,ACTIVE,NW LA Open,1639.0,1658.0,2016-05-01,2016-05-01
3769,Paul,Nguyen,5652,33336,"Anaheim, CA",Orange County Table Tennis Academy,1633,2023-12-21,1722,2015-05-05,ACTIVE,2013 LA Open Table Tennis Tournament,1668.0,1667.0,2013-09-01,
3787,Cheryl,Hu,164394,263394,"Newbury Park, CA",Grace Lin TTC,1631,2023-12-21,1890,2023-05-13,ACTIVE,2022 LA Open,1812.0,1842.0,2022-12-10,2022-12-11
3787,Cheryl,Hu,164394,263394,"Newbury Park, CA",Grace Lin TTC,1631,2023-12-21,1890,2023-05-13,ACTIVE,North-West LA Open 2** Tournament,849.0,860.0,2019-11-17,2019-11-17
3787,Cheryl,Hu,164394,263394,"Newbury Park, CA",Grace Lin TTC,1631,2023-12-21,1890,2023-05-13,ACTIVE,North-West LA Open 2** Tournament,710.0,838.0,2019-09-08,2019-09-08
3787,Cheryl,Hu,164394,263394,"Newbury Park, CA",Grace Lin TTC,1631,2023-12-21,1890,2023-05-13,ACTIVE,2019 Joola LA Open,710.0,710.0,2019-08-31,2019-09-01
3787,Cheryl,Hu,164394,263394,"Newbury Park, CA",Grace Lin TTC,1631,2023-12-21,1890,2023-05-13,ACTIVE,North-West LA Open 2** Tournament,791.0,748.0,2019-06-16,2019-06-16
3787,Cheryl,Hu,164394,263394,"Newbury Park, CA",Grace Lin TTC,1631,2023-12-21,1890,2023-05-13,ACTIVE,North-West La Open 2** Tournament,845.0,791.0,2019-04-28,2019-04-28
3793,Ilya,Koshkin,29883,14637,"Albuquerque, NM",,1631,2021-04-10,1690,2011-03-19,ACTIVE,North-West La Open 2** Sanctioned Tournament,1712.0,1681.0,2018-11-18,2018-11-18
3798,Christiaan,Vasquez,103038,202038,"Rancho Santa Margarita, CA",Orange County Table Tennis Academy,1630,2024-06-02,1184,2019-06-29,ACTIVE,2022 LA Open,1672.0,1664.0,2022-12-10,2022-12-11
3798,Christiaan,Vasquez,103038,202038,"Rancho Santa Margarita, CA",Orange County Table Tennis Academy,1630,2024-06-02,1184,2019-06-29,ACTIVE,2019 Joola LA Open,1543.0,1536.0,2019-08-31,2019-09-01
3798,Christiaan,Vasquez,103038,202038,"Rancho Santa Margarita, CA",Orange County Table Tennis Academy,1630,2024-06-02,1184,2019-06-29,ACTIVE,2018 JOOLA LA Open Tournament,1455.0,1447.0,2018-09-01,2018-09-01
3798,Christiaan,Vasquez,103038,202038,"Rancho Santa Margarita, CA",Orange County Table Tennis Academy,1630,2024-06-02,1184,2019-06-29,ACTIVE,NW LA Open,1217.0,1210.0,2016-05-01,2016-05-01
3807,Andrew,Arcinas,113038,212038,"San Francisco, CA",,1629,2022-12-21,1310,2024-09-08,ACTIVE,2018 JOOLA LA Open Tournament,1154.0,1176.0,2018-09-01,2018-09-01
3808,Paul,Shih,7075,81397,"Hillsboro, OR",Paddle Palace Club,1629,2024-09-08,1632,2023-08-19,ACTIVE,2024 JOOLA LA Open Table Tennis Tournament,1645.0,1674.0,2024-08-03,2024-08-04
3808,Paul,Shih,7075,81397,"Hillsboro, OR",Paddle Palace Club,1629,2024-09-08,1632,2023-08-19,ACTIVE,2013 LA Open Table Tennis Tournament,1517.0,1503.0,2013-09-01,
3808,Paul,Shih,7075,81397,"Hillsboro, OR",Paddle Palace Club,1629,2024-09-08,1632,2023-08-19,ACTIVE,2012 LA Open Butterfly Table Tennis Tournament,1468.0,1510.0,2012-09-02,
3808,Paul,Shih,7075,81397,"Hillsboro, OR",Paddle Palace Club,1629,2024-09-08,1632,2023-08-19,ACTIVE,LA Open TT Tournament 2011,1392.0,1355.0,2011-09-04,
3816,Hsu-Feng,Chou,178805,1178805,Pasadena,,1628,2024-08-04,0,,ACTIVE,2024 JOOLA LA Open Table Tennis Tournament,1618.0,1628.0,2024-08-03,2024-08-04
3816,Hsu-Feng,Chou,178805,1178805,Pasadena,,1628,2024-08-04,0,,ACTIVE,2023 Joola LA Open,1402.0,1399.0,2023-08-12,2023-08-13
3832,Tam,Tran,112895,211895,"Fountain Valley, CA",,1627,2019-09-01,0,,ACTIVE,2019 Joola LA Open,1497.0,1627.0,2019-08-31,2019-09-01
3832,Tam,Tran,112895,211895,"Fountain Valley, CA",,1627,2019-09-01,0,,ACTIVE,2018 JOOLA LA Open Tournament,1409.0,1445.0,2018-09-01,2018-09-01
3832,Tam,Tran,112895,211895,"Fountain Valley, CA",,1627,2019-09-01,0,,ACTIVE,OCTTA warm up for LA open,1474.0,1409.0,2018-08-25,2018-08-26
3833,Majid,Mehdizadeh,165404,1165404,Las Vegas,,1626,2024-08-24,1098,2024-03-10,ACTIVE,2024 JOOLA LA Open Table Tennis Tournament,1660.0,1648.0,2024-08-03,2024-08-04
3849,Raza,Mawjee,5068,88195,"El Dorado Hills, CA",Folsom Table Tennis Club,1625,2024-07-07,1633,2019-01-27,ACTIVE,2017 JOOLA LA Open Tournament,1763.0,1760.0,2017-09-02,2017-09-03
3855,Melinda Shuhan,Mao,182309,281309,"Irvine, CA",,1624,2024-08-04,0,,ACTIVE,2024 JOOLA LA Open Table Tennis Tournament,1629.0,1624.0,2024-08-03,2024-08-04
3899,Faiyaz,Shaikh,172403,1172403,Arcadia,,1617,2023-11-19,0,,ACTIVE,2023 Joola LA Open,1651.0,1647.0,2023-08-12,2023-08-13
3943,Hoa,Quach,130708,229708,Santa Ana,,1611,2024-08-24,0,,ACTIVE,OCTTA warm up for LA open,0.0,988.0,2018-08-25,2018-08-26
3961,Yueh Yun,Lu,4777,70350,"Chino Hills, CA",,1608,2022-12-21,1693,2012-07-21,ACTIVE,LA Open TT Tournament 2011,1682.0,1677.0,2011-09-04,
3968,Brian,Bui,825,49705,"Orange, CA",Orange Coast Table Tennis,1607,2024-08-04,1871,2009-03-14,ACTIVE,2024 JOOLA LA Open Table Tennis Tournament,1652.0,1607.0,2024-08-03,2024-08-04
3968,Brian,Bui,825,49705,"Orange, CA",Orange Coast Table Tennis,1607,2024-08-04,1871,2009-03-14,ACTIVE,2023 Joola LA Open,1662.0,1617.0,2023-08-12,2023-08-13
3968,Brian,Bui,825,49705,"Orange, CA",Orange Coast Table Tennis,1607,2024-08-04,1871,2009-03-14,ACTIVE,2022 LA Open,1720.0,1712.0,2022-12-10,2022-12-11
3968,Brian,Bui,825,49705,"Orange, CA",Orange Coast Table Tennis,1607,2024-08-04,1871,2009-03-14,ACTIVE,2019 Joola LA Open,1612.0,1650.0,2019-08-31,2019-09-01
3968,Brian,Bui,825,49705,"Orange, CA",Orange Coast Table Tennis,1607,2024-08-04,1871,2009-03-14,ACTIVE,2018 JOOLA LA Open Tournament,1678.0,1623.0,2018-09-01,2018-09-01
3968,Brian,Bui,825,49705,"Orange, CA",Orange Coast Table Tennis,1607,2024-08-04,1871,2009-03-14,ACTIVE,2016 Butterfly LA Open Tournament,1778.0,1785.0,2016-09-03,2016-09-04
3968,Brian,Bui,825,49705,"Orange, CA",Orange Coast Table Tennis,1607,2024-08-04,1871,2009-03-14,ACTIVE,2014 LA Open Table Tennis Tournament,1692.0,1698.0,2014-08-17,
3968,Brian,Bui,825,49705,"Orange, CA",Orange Coast Table Tennis,1607,2024-08-04,1871,2009-03-14,ACTIVE,2013 LA Open Table Tennis Tournament,1777.0,1800.0,2013-09-01,
3968,Brian,Bui,825,49705,"Orange, CA",Orange Coast Table Tennis,1607,2024-08-04,1871,2009-03-14,ACTIVE,2012 LA Open Butterfly Table Tennis Tournament,1804.0,1737.0,2012-09-02,
3968,Brian,Bui,825,49705,"Orange, CA",Orange Coast Table Tennis,1607,2024-08-04,1871,2009-03-14,ACTIVE,LA Open TT Tournament 2011,1845.0,1815.0,2011-09-04,
4007,Shi Min,Jia,181519,1181519,Newport Coast,,1601,2024-08-24,0,,ACTIVE,2024 JOOLA LA Open Table Tennis Tournament,1516.0,1616.0,2024-08-03,2024-08-04
4011,Sam,Maleki,167259,266259,"Laguna Niguel, CA",,1601,2024-08-04,0,,ACTIVE,2024 JOOLA LA Open Table Tennis Tournament,1618.0,1601.0,2024-08-03,2024-08-04
4021,Linan,Chen,180991,279991,"CAMARILLO, CA",Thousand Oaks TTC,1600,2024-08-04,0,,ACTIVE,2024 JOOLA LA Open Table Tennis Tournament,1599.0,1600.0,2024-08-03,2024-08-04
4041,Yat Yin Aidan,Cheng,180565,1180565,La Puente,,1597,2024-08-04,1595,2024-09-06,ACTIVE,2024 JOOLA LA Open Table Tennis Tournament,1374.0,1597.0,2024-08-03,2024-08-04
4041,Yat Yin Aidan,Cheng,180565,1180565,La Puente,,1597,2024-08-04,1595,2024-09-06,ACTIVE,2023 Joola LA Open,0.0,1171.0,2023-08-12,2023-08-13
4061,Warren,Lee,31612,130612,"Torrance, CA",,1595,2024-08-24,1741,2014-06-28,ACTIVE,2023 Joola LA Open,1548.0,1528.0,2023-08-12,2023-08-13
4072,Huimin,Liu,185691,1185691,Santa Monica,,1593,2024-08-04,0,,ACTIVE,2024 JOOLA LA Open Table Tennis Tournament,0.0,1593.0,2024-08-03,2024-08-04
4074,Nishi,Kumar,3999,95292,"San Jose, CA",888 Table Tennis Center,1593,2023-12-21,1395,2023-09-25,ACTIVE,2017 JOOLA LA Open Tournament,764.0,769.0,2017-09-02,2017-09-03
4079,Elwin,Wang,182631,1182631,Rancho Cucamonga,,1592,2024-08-04,0,,ACTIVE,2024 JOOLA LA Open Table Tennis Tournament,1660.0,1592.0,2024-08-03,2024-08-04
4086,Aidan,Chen,121790,220790,San Diego,,1591,2024-05-11,0,,ACTIVE,2019 Joola LA Open,1568.0,1705.0,2019-08-31,2019-09-01
4086,Aidan,Chen,121790,220790,San Diego,,1591,2024-05-11,0,,ACTIVE,2018 JOOLA LA Open Tournament,1005.0,1055.0,2018-09-01,2018-09-01
4093,L.A.,Johnston,3501,10960,"Pensacola, FL",Pensacola Table Tennis Club,1590,2024-08-10,1851,2008-03-08,ACTIVE,Pensacola Open,1368.0,1349.0,1997-05-10,
4093,L.A.,Johnston,3501,10960,"Pensacola, FL",Pensacola Table Tennis Club,1590,2024-08-10,1851,2008-03-08,ACTIVE,Pensacola Open,1366.0,1368.0,1997-01-11,
4093,L.A.,Johnston,3501,10960,"Pensacola, FL",Pensacola Table Tennis Club,1590,2024-08-10,1851,2008-03-08,ACTIVE,Pensacola Open TTT,0.0,1366.0,1996-08-31,
4097,Keisuke,Sakanoue,177313,1177313,"La Mirada, CA",Orange County Table Tennis Club,1589,2024-08-04,0,,ACTIVE,2024 JOOLA LA Open Table Tennis Tournament,1588.0,1589.0,2024-08-03,2024-08-04
4098,Vincent,Tran,7882,87030,"Santa Clara, CA","The Top Spin, LLC",1589,2024-06-22,1730,2018-04-22,ACTIVE,2017 JOOLA LA Open Tournament,1654.0,1808.0,2017-09-02,2017-09-03
4098,Vincent,Tran,7882,87030,"Santa Clara, CA","The Top Spin, LLC",1589,2024-06-22,1730,2018-04-22,ACTIVE,2016 Butterfly LA Open Tournament,1739.0,1744.0,2016-09-03,2016-09-04
4098,Vincent,Tran,7882,87030,"Santa Clara, CA","The Top Spin, LLC",1589,2024-06-22,1730,2018-04-22,ACTIVE,2015 LA Open Table Tennis Tournament,1809.0,1814.0,2015-09-06,
4098,Vincent,Tran,7882,87030,"Santa Clara, CA","The Top Spin, LLC",1589,2024-06-22,1730,2018-04-22,ACTIVE,2013 LA Open Table Tennis Tournament,1819.0,1809.0,2013-09-01,
4120,Chuan,Liu,4599,62899,"Westminster, CA",,1584,2024-06-02,1763,2011-04-30,ACTIVE,2018 JOOLA LA Open Tournament,1702.0,1650.0,2018-09-01,2018-09-01
4134,Si,Chen,180907,279907,"Camarillo, CA",,1581,2024-08-04,0,,ACTIVE,2024 JOOLA LA Open Table Tennis Tournament,1581.0,1581.0,2024-08-03,2024-08-04
4153,Laysean,Chhour,132450,1132450,Monterey Park,,1579,2024-08-24,0,,ACTIVE,2024 JOOLA LA Open Table Tennis Tournament,1618.0,1618.0,2024-08-03,2024-08-04
4153,Laysean,Chhour,132450,1132450,Monterey Park,,1579,2024-08-24,0,,ACTIVE,2022 LA Open,1151.0,1151.0,2022-12-10,2022-12-11
4153,Laysean,Chhour,132450,1132450,Monterey Park,,1579,2024-08-24,0,,ACTIVE,2019 Joola LA Open,933.0,933.0,2019-08-31,2019-09-01
4159,Zesheng,He,24596,87040,"Irvine, CA",,1578,2024-06-22,0,,ACTIVE,2014 LA Open Table Tennis Tournament,1643.0,1606.0,2014-08-17,
4163,Behnam,Kazemi,3667,60472,"El Cajon, CA",San Diego TTA,1578,2024-08-04,0,,ACTIVE,2024 JOOLA LA Open Table Tennis Tournament,1484.0,1578.0,2024-08-03,2024-08-04
4163,Behnam,Kazemi,3667,60472,"El Cajon, CA",San Diego TTA,1578,2024-08-04,0,,ACTIVE,2019 Joola LA Open,1646.0,1648.0,2019-08-31,2019-09-01
4163,Behnam,Kazemi,3667,60472,"El Cajon, CA",San Diego TTA,1578,2024-08-04,0,,ACTIVE,2018 JOOLA LA Open Tournament,1664.0,1676.0,2018-09-01,2018-09-01
4163,Behnam,Kazemi,3667,60472,"El Cajon, CA",San Diego TTA,1578,2024-08-04,0,,ACTIVE,2015 LA Open Table Tennis Tournament,1659.0,1641.0,2015-09-06,
4163,Behnam,Kazemi,3667,60472,"El Cajon, CA",San Diego TTA,1578,2024-08-04,0,,ACTIVE,2014 LA Open Table Tennis Tournament,1656.0,1703.0,2014-08-17,
4163,Behnam,Kazemi,3667,60472,"El Cajon, CA",San Diego TTA,1578,2024-08-04,0,,ACTIVE,2013 LA Open Table Tennis Tournament,1661.0,1663.0,2013-09-01,
4167,Stanley,Tang,48772,87800,"Austin, AZ",,1578,2023-04-02,1637,2024-04-10,ACTIVE,2018 JOOLA LA Open Tournament,1588.0,1465.0,2018-09-01,2018-09-01
4175,Justin,Bookey,684,69850,"Santa Monica, CA",Westside Table Tennis Center,1576,2024-06-02,1490,2018-10-21,ACTIVE,2016 Butterfly LA Open Tournament,1489.0,1488.0,2016-09-03,2016-09-04
4185,Chiyako,Suzuki,7554,34178,"Van Nuys, CA",,1575,2023-12-21,0,,ACTIVE,2017 JOOLA LA Open Tournament,1689.0,1689.0,2017-09-02,2017-09-03
4185,Chiyako,Suzuki,7554,34178,"Van Nuys, CA",,1575,2023-12-21,0,,ACTIVE,2013 LA Open Table Tennis Tournament,1793.0,1747.0,2013-09-01,
4185,Chiyako,Suzuki,7554,34178,"Van Nuys, CA",,1575,2023-12-21,0,,ACTIVE,2012 LA Open Butterfly Table Tennis Tournament,1893.0,1863.0,2012-09-02,
4185,Chiyako,Suzuki,7554,34178,"Van Nuys, CA",,1575,2023-12-21,0,,ACTIVE,LA Open TT Tournament 2011,1872.0,1882.0,2011-09-04,
4203,Saul,Weinstein,8395,13864,"Pahrump, NV",,1573,2024-08-24,1675,2014-07-19,ACTIVE,2024 JOOLA LA Open Table Tennis Tournament,1592.0,1568.0,2024-08-03,2024-08-04
4208,Richard,Friedland,171235,270235,"Santa Monica, CA",Santa Monica College Table Tennis,1572,2024-08-04,0,,ACTIVE,2024 JOOLA LA Open Table Tennis Tournament,1526.0,1572.0,2024-08-03,2024-08-04
4240,Kai,Lee,4265,87950,"La Canada, CA",Grace Lin TTC,1567,2024-08-04,1505,2023-06-30,ACTIVE,2024 JOOLA LA Open Table Tennis Tournament,1578.0,1567.0,2024-08-03,2024-08-04
4240,Kai,Lee,4265,87950,"La Canada, CA",Grace Lin TTC,1567,2024-08-04,1505,2023-06-30,ACTIVE,2019 Joola LA Open,1631.0,1578.0,2019-08-31,2019-09-01
4240,Kai,Lee,4265,87950,"La Canada, CA",Grace Lin TTC,1567,2024-08-04,1505,2023-06-30,ACTIVE,2018 JOOLA LA Open Tournament,1655.0,1657.0,2018-09-01,2018-09-01
4240,Kai,Lee,4265,87950,"La Canada, CA",Grace Lin TTC,1567,2024-08-04,1505,2023-06-30,ACTIVE,2017 JOOLA LA Open Tournament,1701.0,1697.0,2017-09-02,2017-09-03
4240,Kai,Lee,4265,87950,"La Canada, CA",Grace Lin TTC,1567,2024-08-04,1505,2023-06-30,ACTIVE,2015 LA Open Table Tennis Tournament,1404.0,1360.0,2015-09-06,
4243,Dmitri,Kossakovski,3915,14883,"La Crescenta, CA",Pasadena Table Tennis Club,1566,2024-06-22,1540,2023-09-15,ACTIVE,2023 Joola LA Open,1490.0,1485.0,2023-08-12,2023-08-13
4243,Dmitri,Kossakovski,3915,14883,"La Crescenta, CA",Pasadena Table Tennis Club,1566,2024-06-22,1540,2023-09-15,ACTIVE,2022 LA Open,1492.0,1608.0,2022-12-10,2022-12-11
4243,Dmitri,Kossakovski,3915,14883,"La Crescenta, CA",Pasadena Table Tennis Club,1566,2024-06-22,1540,2023-09-15,ACTIVE,North-West La Open 2** Sanctioned Tournament,1627.0,1591.0,2018-11-18,2018-11-18
4243,Dmitri,Kossakovski,3915,14883,"La Crescenta, CA",Pasadena Table Tennis Club,1566,2024-06-22,1540,2023-09-15,ACTIVE,2016 Butterfly LA Open Tournament,1503.0,1470.0,2016-09-03,2016-09-04
4243,Dmitri,Kossakovski,3915,14883,"La Crescenta, CA",Pasadena Table Tennis Club,1566,2024-06-22,1540,2023-09-15,ACTIVE,2013 LA Open Table Tennis Tournament,1474.0,1499.0,2013-09-01,
4260,Jayant,Geete,2394,31671,"Scottsdale, AZ",Phoenix Table Tennis Club,1564,2024-07-28,1689,2024-08-26,ACTIVE,2013 LA Open Table Tennis Tournament,1909.0,1860.0,2013-09-01,
4260,Jayant,Geete,2394,31671,"Scottsdale, AZ",Phoenix Table Tennis Club,1564,2024-07-28,1689,2024-08-26,ACTIVE,2012 LA Open Butterfly Table Tennis Tournament,1791.0,1787.0,2012-09-02,
4263,Ming,Yu,176824,275824,"Bellevue, WA",Seattle Pacific Table Tennis Club,1564,2024-09-08,1729,2022-10-08,ACTIVE,2023 Joola LA Open,1380.0,1388.0,2023-08-12,2023-08-13
4266,Jiho,Jung,28004,70398,"Temecula, CA",,1563,2024-04-20,1593,2005-05-22,ACTIVE,NW LA Open,1637.0,1665.0,2014-11-16,
4267,Igor,Bloshtein,102005,98077,"Laguna Woods, CA",,1563,2024-08-24,0,,ACTIVE,2024 JOOLA LA Open Table Tennis Tournament,1530.0,1528.0,2024-08-03,2024-08-04
4267,Igor,Bloshtein,102005,98077,"Laguna Woods, CA",,1563,2024-08-24,0,,ACTIVE,2023 Joola LA Open,1259.0,1260.0,2023-08-12,2023-08-13
4267,Igor,Bloshtein,102005,98077,"Laguna Woods, CA",,1563,2024-08-24,0,,ACTIVE,North - West LA Open,1298.0,1301.0,2020-02-09,2020-02-09
4267,Igor,Bloshtein,102005,98077,"Laguna Woods, CA",,1563,2024-08-24,0,,ACTIVE,North-West LA Open 2** Tournament,1226.0,1263.0,2019-11-17,2019-11-17
4267,Igor,Bloshtein,102005,98077,"Laguna Woods, CA",,1563,2024-08-24,0,,ACTIVE,North-West LA Open 2** Tournament,1257.0,1215.0,2019-09-08,2019-09-08
4267,Igor,Bloshtein,102005,98077,"Laguna Woods, CA",,1563,2024-08-24,0,,ACTIVE,2019 Joola LA Open,1289.0,1257.0,2019-08-31,2019-09-01
4267,Igor,Bloshtein,102005,98077,"Laguna Woods, CA",,1563,2024-08-24,0,,ACTIVE,North-West LA Open 2** Tournament,1294.0,1275.0,2019-06-16,2019-06-16
4267,Igor,Bloshtein,102005,98077,"Laguna Woods, CA",,1563,2024-08-24,0,,ACTIVE,North-West La Open 2** Tournament,1284.0,1281.0,2019-04-28,2019-04-28
4267,Igor,Bloshtein,102005,98077,"Laguna Woods, CA",,1563,2024-08-24,0,,ACTIVE,North-West LA Open 2** Tournament,1156.0,1297.0,2019-01-20,2019-01-20
4267,Igor,Bloshtein,102005,98077,"Laguna Woods, CA",,1563,2024-08-24,0,,ACTIVE,North-West La Open 2** Sanctioned Tournament,1062.0,1120.0,2018-11-18,2018-11-18
4267,Igor,Bloshtein,102005,98077,"Laguna Woods, CA",,1563,2024-08-24,0,,ACTIVE,OCTTA warm up for LA open,1069.0,1073.0,2018-08-25,2018-08-26
4286,Doogyul,Lee,170851,1170851,"Rolling Meadows, IL",,1560,2024-08-04,0,,ACTIVE,2024 JOOLA LA Open Table Tennis Tournament,1556.0,1560.0,2024-08-03,2024-08-04
4291,Alvin,Kong,3892,27823,"Manhattan Beach, CA",Santa Monica College Table Tennis,1559,2024-08-04,1591,2013-05-19,ACTIVE,2024 JOOLA LA Open Table Tennis Tournament,1582.0,1559.0,2024-08-03,2024-08-04
4291,Alvin,Kong,3892,27823,"Manhattan Beach, CA",Santa Monica College Table Tennis,1559,2024-08-04,1591,2013-05-19,ACTIVE,2023 Joola LA Open,1499.0,1499.0,2023-08-12,2023-08-13
4291,Alvin,Kong,3892,27823,"Manhattan Beach, CA",Santa Monica College Table Tennis,1559,2024-08-04,1591,2013-05-19,ACTIVE,2017 JOOLA LA Open Tournament,1454.0,1454.0,2017-09-02,2017-09-03
4291,Alvin,Kong,3892,27823,"Manhattan Beach, CA",Santa Monica College Table Tennis,1559,2024-08-04,1591,2013-05-19,ACTIVE,2014 LA Open Table Tennis Tournament,1632.0,1631.0,2014-08-17,
4291,Alvin,Kong,3892,27823,"Manhattan Beach, CA",Santa Monica College Table Tennis,1559,2024-08-04,1591,2013-05-19,ACTIVE,2013 LA Open Table Tennis Tournament,1591.0,1591.0,2013-09-01,
4291,Alvin,Kong,3892,27823,"Manhattan Beach, CA",Santa Monica College Table Tennis,1559,2024-08-04,1591,2013-05-19,ACTIVE,2012 LA Open Butterfly Table Tennis Tournament,1653.0,1628.0,2012-09-02,
4291,Alvin,Kong,3892,27823,"Manhattan Beach, CA",Santa Monica College Table Tennis,1559,2024-08-04,1591,2013-05-19,ACTIVE,LA Open TT Tournament 2011,1691.0,1689.0,2011-09-04,
4308,Zhenyang,Lin,173132,1173132,"Diamond Bar, CA",Grace Lin TTC,1556,2024-04-28,1686,2023-10-27,ACTIVE,2023 Joola LA Open,1367.0,1452.0,2023-08-12,2023-08-13
4308,Zhenyang,Lin,173132,1173132,"Diamond Bar, CA",Grace Lin TTC,1556,2024-04-28,1686,2023-10-27,ACTIVE,2022 LA Open,1144.0,1157.0,2022-12-10,2022-12-11
4313,Chong,Pang,5929,83386,"Cypress, TX",Houston International Table Tennis Academy (HITTA),1555,2022-12-21,1697,2022-09-10,ACTIVE,2016 Butterfly LA Open Tournament,1603.0,1581.0,2016-09-03,2016-09-04
4313,Chong,Pang,5929,83386,"Cypress, TX",Houston International Table Tennis Academy (HITTA),1555,2022-12-21,1697,2022-09-10,ACTIVE,2014 LA Open Table Tennis Tournament,1300.0,1324.0,2014-08-17,
4314,Joey,Yin,171821,1171821,Temple City,,1555,2024-08-24,0,,ACTIVE,2023 Joola LA Open,1426.0,1381.0,2023-08-12,2023-08-13
4332,Ivan,Sonido,7320,93945,"Winchester Rd, CA",,1553,2023-12-21,0,,ACTIVE,2016 Butterfly LA Open Tournament,1520.0,1557.0,2016-09-03,2016-09-04
4332,Ivan,Sonido,7320,93945,"Winchester Rd, CA",,1553,2023-12-21,0,,ACTIVE,NW LA Open,1552.0,1512.0,2016-01-17,2016-01-17
4332,Ivan,Sonido,7320,93945,"Winchester Rd, CA",,1553,2023-12-21,0,,ACTIVE,NW LA Open,1541.0,1552.0,2015-11-15,
4332,Ivan,Sonido,7320,93945,"Winchester Rd, CA",,1553,2023-12-21,0,,ACTIVE,NW LA Open,1421.0,1537.0,2015-09-13,
4358,Ciro,Avila,174037,1174037,"Los Angeles, CA",,1550,2024-08-24,1297,2023-12-15,ACTIVE,2024 JOOLA LA Open Table Tennis Tournament,1511.0,1500.0,2024-08-03,2024-08-04
4358,Ciro,Avila,174037,1174037,"Los Angeles, CA",,1550,2024-08-24,1297,2023-12-15,ACTIVE,2023 Joola LA Open,1515.0,1519.0,2023-08-12,2023-08-13
4358,Ciro,Avila,174037,1174037,"Los Angeles, CA",,1550,2024-08-24,1297,2023-12-15,ACTIVE,2022 LA Open,1517.0,1517.0,2022-12-10,2022-12-11
4377,Se,Yan,180985,1180985,Arcadia,,1548,2024-08-04,1539,2024-08-09,ACTIVE,2024 JOOLA LA Open Table Tennis Tournament,1646.0,1548.0,2024-08-03,2024-08-04
4377,Se,Yan,180985,1180985,Arcadia,,1548,2024-08-04,1539,2024-08-09,ACTIVE,2023 Joola LA Open,0.0,1646.0,2023-08-12,2023-08-13
4381,Byron,Lei,172724,1172724,"Arcadia, CA",Grace Lin TTC,1547,2023-12-21,1660,2024-06-14,ACTIVE,2023 Joola LA Open,1522.0,1525.0,2023-08-12,2023-08-13
4381,Byron,Lei,172724,1172724,"Arcadia, CA",Grace Lin TTC,1547,2023-12-21,1660,2024-06-14,ACTIVE,2022 LA Open,1386.0,1359.0,2022-12-10,2022-12-11
4394,Oscar,Acosta,174036,1174036,South Pasadena,,1545,2024-06-22,1277,2023-08-18,ACTIVE,2023 Joola LA Open,1442.0,1446.0,2023-08-12,2023-08-13
4394,Oscar,Acosta,174036,1174036,South Pasadena,,1545,2024-06-22,1277,2023-08-18,ACTIVE,2022 LA Open,1168.0,1208.0,2022-12-10,2022-12-11
4399,Bill Z,Zhang,55372,84158,"Chino Hills, OH",,1544,2024-08-04,0,,ACTIVE,2024 JOOLA LA Open Table Tennis Tournament,1538.0,1544.0,2024-08-03,2024-08-04
4399,Bill Z,Zhang,55372,84158,"Chino Hills, OH",,1544,2024-08-04,0,,ACTIVE,2023 Joola LA Open,1499.0,1505.0,2023-08-12,2023-08-13
4401,Rufat,Ragimov,164188,1164188,"San Diego, CA",Learning Tree Table Tennis Club,1544,2024-06-16,1593,2024-09-06,ACTIVE,2023 Joola LA Open,1494.0,1493.0,2023-08-12,2023-08-13
4401,Rufat,Ragimov,164188,1164188,"San Diego, CA",Learning Tree Table Tennis Club,1544,2024-06-16,1593,2024-09-06,ACTIVE,2022 LA Open,1389.0,1384.0,2022-12-10,2022-12-11
4401,Rufat,Ragimov,164188,1164188,"San Diego, CA",Learning Tree Table Tennis Club,1544,2024-06-16,1593,2024-09-06,ACTIVE,2019 Joola LA Open,1328.0,1274.0,2019-08-31,2019-09-01
4404,Aleksandr,Polovinchik,41116,84035,"Los Angeles, CA",,1544,2024-03-23,1453,2013-09-11,ACTIVE,North - West LA Open,1567.0,1565.0,2020-02-09,2020-02-09
4404,Aleksandr,Polovinchik,41116,84035,"Los Angeles, CA",,1544,2024-03-23,1453,2013-09-11,ACTIVE,North-West LA Open 2** Tournament,1589.0,1633.0,2019-06-16,2019-06-16
4404,Aleksandr,Polovinchik,41116,84035,"Los Angeles, CA",,1544,2024-03-23,1453,2013-09-11,ACTIVE,North-West LA Open 2** Tournament,1608.0,1589.0,2019-01-20,2019-01-20
4404,Aleksandr,Polovinchik,41116,84035,"Los Angeles, CA",,1544,2024-03-23,1453,2013-09-11,ACTIVE,North West LA Open,1419.0,1525.0,2018-01-21,2018-01-21
4404,Aleksandr,Polovinchik,41116,84035,"Los Angeles, CA",,1544,2024-03-23,1453,2013-09-11,ACTIVE,2017 JOOLA LA Open Tournament,1429.0,1426.0,2017-09-02,2017-09-03
4404,Aleksandr,Polovinchik,41116,84035,"Los Angeles, CA",,1544,2024-03-23,1453,2013-09-11,ACTIVE,Trump's Time North West LA Open,1380.0,1371.0,2016-11-13,2016-11-13
4404,Aleksandr,Polovinchik,41116,84035,"Los Angeles, CA",,1544,2024-03-23,1453,2013-09-11,ACTIVE,NW LA Open,1373.0,1382.0,2016-05-01,2016-05-01
4404,Aleksandr,Polovinchik,41116,84035,"Los Angeles, CA",,1544,2024-03-23,1453,2013-09-11,ACTIVE,NW LA Open,1453.0,1455.0,2014-05-04,
4404,Aleksandr,Polovinchik,41116,84035,"Los Angeles, CA",,1544,2024-03-23,1453,2013-09-11,ACTIVE,2013 LA Open Table Tennis Tournament,1454.0,1445.0,2013-09-01,
4404,Aleksandr,Polovinchik,41116,84035,"Los Angeles, CA",,1544,2024-03-23,1453,2013-09-11,ACTIVE,2012 LA Open Butterfly Table Tennis Tournament,1386.0,1560.0,2012-09-02,
4415,Garo,Yepremian,8856,89418,"Porter Ranch, CA",Ararat Table Tennis Center (ATTC),1543,2024-07-20,1285,2013-06-02,ACTIVE,2019 Joola LA Open,1729.0,1670.0,2019-08-31,2019-09-01
4415,Garo,Yepremian,8856,89418,"Porter Ranch, CA",Ararat Table Tennis Center (ATTC),1543,2024-07-20,1285,2013-06-02,ACTIVE,2018 JOOLA LA Open Tournament,1608.0,1572.0,2018-09-01,2018-09-01
4415,Garo,Yepremian,8856,89418,"Porter Ranch, CA",Ararat Table Tennis Center (ATTC),1543,2024-07-20,1285,2013-06-02,ACTIVE,North West LA Open,1606.0,1556.0,2017-09-17,2017-09-17
4415,Garo,Yepremian,8856,89418,"Porter Ranch, CA",Ararat Table Tennis Center (ATTC),1543,2024-07-20,1285,2013-06-02,ACTIVE,2017 JOOLA LA Open Tournament,1590.0,1606.0,2017-09-02,2017-09-03
4415,Garo,Yepremian,8856,89418,"Porter Ranch, CA",Ararat Table Tennis Center (ATTC),1543,2024-07-20,1285,2013-06-02,ACTIVE,2016 Butterfly LA Open Tournament,1508.0,1495.0,2016-09-03,2016-09-04
4415,Garo,Yepremian,8856,89418,"Porter Ranch, CA",Ararat Table Tennis Center (ATTC),1543,2024-07-20,1285,2013-06-02,ACTIVE,NW LA Open,1398.0,1419.0,2015-11-15,
4415,Garo,Yepremian,8856,89418,"Porter Ranch, CA",Ararat Table Tennis Center (ATTC),1543,2024-07-20,1285,2013-06-02,ACTIVE,NW LA Open,1400.0,1392.0,2015-09-13,
4415,Garo,Yepremian,8856,89418,"Porter Ranch, CA",Ararat Table Tennis Center (ATTC),1543,2024-07-20,1285,2013-06-02,ACTIVE,2015 LA Open Table Tennis Tournament,1391.0,1400.0,2015-09-06,
4415,Garo,Yepremian,8856,89418,"Porter Ranch, CA",Ararat Table Tennis Center (ATTC),1543,2024-07-20,1285,2013-06-02,ACTIVE,NW LA Open,1399.0,1401.0,2014-09-14,
4415,Garo,Yepremian,8856,89418,"Porter Ranch, CA",Ararat Table Tennis Center (ATTC),1543,2024-07-20,1285,2013-06-02,ACTIVE,2014 LA Open Table Tennis Tournament,1299.0,1399.0,2014-08-17,
4432,Alexandre,Lomaka,4706,89877,"Encino, CA",Allen and Sons Table Tennis Club,1541,2024-06-02,1174,2014-10-31,ACTIVE,2022 LA Open,1603.0,1599.0,2022-12-10,2022-12-11
4432,Alexandre,Lomaka,4706,89877,"Encino, CA",Allen and Sons Table Tennis Club,1541,2024-06-02,1174,2014-10-31,ACTIVE,North - West LA Open,1636.0,1642.0,2020-02-09,2020-02-09
4432,Alexandre,Lomaka,4706,89877,"Encino, CA",Allen and Sons Table Tennis Club,1541,2024-06-02,1174,2014-10-31,ACTIVE,2019 Joola LA Open,1619.0,1585.0,2019-08-31,2019-09-01
4432,Alexandre,Lomaka,4706,89877,"Encino, CA",Allen and Sons Table Tennis Club,1541,2024-06-02,1174,2014-10-31,ACTIVE,North-West LA Open 2** Tournament,1636.0,1619.0,2019-06-16,2019-06-16
4432,Alexandre,Lomaka,4706,89877,"Encino, CA",Allen and Sons Table Tennis Club,1541,2024-06-02,1174,2014-10-31,ACTIVE,North-West La Open 2** Tournament,1667.0,1636.0,2019-04-28,2019-04-28
4432,Alexandre,Lomaka,4706,89877,"Encino, CA",Allen and Sons Table Tennis Club,1541,2024-06-02,1174,2014-10-31,ACTIVE,North-West La Open 2** Sanctioned Tournament,1699.0,1684.0,2018-11-18,2018-11-18
4432,Alexandre,Lomaka,4706,89877,"Encino, CA",Allen and Sons Table Tennis Club,1541,2024-06-02,1174,2014-10-31,ACTIVE,Norht- West LA Open,1608.0,1643.0,2017-11-19,2017-11-19
4432,Alexandre,Lomaka,4706,89877,"Encino, CA",Allen and Sons Table Tennis Club,1541,2024-06-02,1174,2014-10-31,ACTIVE,North West LA Open,1645.0,1598.0,2017-09-17,2017-09-17
4432,Alexandre,Lomaka,4706,89877,"Encino, CA",Allen and Sons Table Tennis Club,1541,2024-06-02,1174,2014-10-31,ACTIVE,Trump's Time North West LA Open,1653.0,1631.0,2016-11-13,2016-11-13
4432,Alexandre,Lomaka,4706,89877,"Encino, CA",Allen and Sons Table Tennis Club,1541,2024-06-02,1174,2014-10-31,ACTIVE,NW LA Open,1654.0,1668.0,2016-05-01,2016-05-01
4432,Alexandre,Lomaka,4706,89877,"Encino, CA",Allen and Sons Table Tennis Club,1541,2024-06-02,1174,2014-10-31,ACTIVE,NW LA Open,1623.0,1606.0,2016-01-17,2016-01-17
4432,Alexandre,Lomaka,4706,89877,"Encino, CA",Allen and Sons Table Tennis Club,1541,2024-06-02,1174,2014-10-31,ACTIVE,NW LA Open,1363.0,1378.0,2015-11-15,
4432,Alexandre,Lomaka,4706,89877,"Encino, CA",Allen and Sons Table Tennis Club,1541,2024-06-02,1174,2014-10-31,ACTIVE,NW LA Open,1313.0,1352.0,2015-09-13,
4432,Alexandre,Lomaka,4706,89877,"Encino, CA",Allen and Sons Table Tennis Club,1541,2024-06-02,1174,2014-10-31,ACTIVE,2015 LA Open Table Tennis Tournament,1310.0,1313.0,2015-09-06,
4432,Alexandre,Lomaka,4706,89877,"Encino, CA",Allen and Sons Table Tennis Club,1541,2024-06-02,1174,2014-10-31,ACTIVE,NW LA Open,1366.0,1341.0,2015-05-03,
4432,Alexandre,Lomaka,4706,89877,"Encino, CA",Allen and Sons Table Tennis Club,1541,2024-06-02,1174,2014-10-31,ACTIVE,January 2015 NW LA Open,1427.0,1429.0,2015-01-18,
4432,Alexandre,Lomaka,4706,89877,"Encino, CA",Allen and Sons Table Tennis Club,1541,2024-06-02,1174,2014-10-31,ACTIVE,NW LA Open,1423.0,1427.0,2014-11-16,
4432,Alexandre,Lomaka,4706,89877,"Encino, CA",Allen and Sons Table Tennis Club,1541,2024-06-02,1174,2014-10-31,ACTIVE,NW LA Open,1402.0,1430.0,2014-09-14,
4432,Alexandre,Lomaka,4706,89877,"Encino, CA",Allen and Sons Table Tennis Club,1541,2024-06-02,1174,2014-10-31,ACTIVE,2014 LA Open Table Tennis Tournament,1411.0,1402.0,2014-08-17,
4432,Alexandre,Lomaka,4706,89877,"Encino, CA",Allen and Sons Table Tennis Club,1541,2024-06-02,1174,2014-10-31,ACTIVE,NW LA Open,1396.0,1416.0,2014-05-04,
4432,Alexandre,Lomaka,4706,89877,"Encino, CA",Allen and Sons Table Tennis Club,1541,2024-06-02,1174,2014-10-31,ACTIVE,NW LA Open,1144.0,1400.0,2014-01-19,
4432,Alexandre,Lomaka,4706,89877,"Encino, CA",Allen and Sons Table Tennis Club,1541,2024-06-02,1174,2014-10-31,ACTIVE,North-West LA Open,1170.0,1206.0,2013-09-15,
4432,Alexandre,Lomaka,4706,89877,"Encino, CA",Allen and Sons Table Tennis Club,1541,2024-06-02,1174,2014-10-31,ACTIVE,North-West LA Open,1134.0,1157.0,2013-04-14,
4464,Roberto,Saria,6815,62622,"Avondale, AZ",Phoenix Table Tennis Club,1536,2022-04-03,1533,2022-11-14,ACTIVE,Pensacola Open,1552.0,1555.0,1997-01-11,
4464,Roberto,Saria,6815,62622,"Avondale, AZ",Phoenix Table Tennis Club,1536,2022-04-03,1533,2022-11-14,ACTIVE,Pensacola Open TTT,1523.0,1525.0,1996-08-31,
4469,Matthew,Gonzalez,182850,281850,"Loma Linda, CA",,1535,2024-08-04,0,,ACTIVE,2024 JOOLA LA Open Table Tennis Tournament,1535.0,1535.0,2024-08-03,2024-08-04
4504,Liqing,Gan,180772,1180772,Chino Hills,,1531,2024-08-04,0,,ACTIVE,2024 JOOLA LA Open Table Tennis Tournament,1539.0,1531.0,2024-08-03,2024-08-04
4504,Liqing,Gan,180772,1180772,Chino Hills,,1531,2024-08-04,0,,ACTIVE,2023 Joola LA Open,1445.0,1439.0,2023-08-12,2023-08-13
4505,Yuanzhe,Gao,2347,96267,"Eastvale, CA",,1531,2023-08-13,0,,ACTIVE,2023 Joola LA Open,1431.0,1531.0,2023-08-12,2023-08-13
4517,Rishab,Rao,172876,271876,"Castle Pines, CO",Mile High Table Tennis Academy,1530,2024-08-04,16,2021-10-17,ACTIVE,2024 JOOLA LA Open Table Tennis Tournament,1502.0,1530.0,2024-08-03,2024-08-04
4573,Jianhao,Li,179904,278904,,,1522,2024-08-24,1614,2024-07-05,ACTIVE,2024 JOOLA LA Open Table Tennis Tournament,1520.0,1569.0,2024-08-03,2024-08-04
4573,Jianhao,Li,179904,278904,,,1522,2024-08-24,1614,2024-07-05,ACTIVE,2023 Joola LA Open,0.0,1174.0,2023-08-12,2023-08-13
4601,Justin,Kobrin,151211,250211,"Las Vegas, NV",Las Vegas Table Tennis Club,1518,2024-08-24,0,,ACTIVE,2019 Joola LA Open,1292.0,1256.0,2019-08-31,2019-09-01
4619,Hiroko,Kimura,3800,83151,"Seal Beach, CA",California Table Tennis,1517,2018-03-02,1535,2015-08-12,ACTIVE,2017 JOOLA LA Open Tournament,1523.0,1523.0,2017-09-02,2017-09-03
4619,Hiroko,Kimura,3800,83151,"Seal Beach, CA",California Table Tennis,1517,2018-03-02,1535,2015-08-12,ACTIVE,2016 Butterfly LA Open Tournament,1552.0,1505.0,2016-09-03,2016-09-04
4619,Hiroko,Kimura,3800,83151,"Seal Beach, CA",California Table Tennis,1517,2018-03-02,1535,2015-08-12,ACTIVE,2015 LA Open Table Tennis Tournament,1505.0,1542.0,2015-09-06,
4635,Lewis,Gao,171342,1171342,"Jericho, NY",,1514,2024-07-13,1334,2023-08-06,ACTIVE,2023 Joola LA Open,1375.0,1416.0,2023-08-12,2023-08-13
4655,David,Pessoa,166518,265518,,,1512,2021-10-07,0,,ACTIVE,North-West LA Open 2** Tournament,1124.0,1441.0,2019-09-08,2019-09-08
4668,Joe,Chen,130700,229700,"La Habra, CA",,1510,2023-08-26,0,,ACTIVE,2023 Joola LA Open,1513.0,1515.0,2023-08-12,2023-08-13
4668,Joe,Chen,130700,229700,"La Habra, CA",,1510,2023-08-26,0,,ACTIVE,2019 Joola LA Open,1410.0,1505.0,2019-08-31,2019-09-01
4668,Joe,Chen,130700,229700,"La Habra, CA",,1510,2023-08-26,0,,ACTIVE,2018 JOOLA LA Open Tournament,1379.0,1369.0,2018-09-01,2018-09-01
4668,Joe,Chen,130700,229700,"La Habra, CA",,1510,2023-08-26,0,,ACTIVE,OCTTA warm up for LA open,0.0,1379.0,2018-08-25,2018-08-26
4670,Steven,Yeng,113088,212088,"Huntington Beach, CA",,1510,2024-08-04,0,,ACTIVE,2024 JOOLA LA Open Table Tennis Tournament,1518.0,1510.0,2024-08-03,2024-08-04
4670,Steven,Yeng,113088,212088,"Huntington Beach, CA",,1510,2024-08-04,0,,ACTIVE,2019 Joola LA Open,1562.0,1568.0,2019-08-31,2019-09-01
4670,Steven,Yeng,113088,212088,"Huntington Beach, CA",,1510,2024-08-04,0,,ACTIVE,2018 JOOLA LA Open Tournament,1380.0,1565.0,2018-09-01,2018-09-01
4670,Steven,Yeng,113088,212088,"Huntington Beach, CA",,1510,2024-08-04,0,,ACTIVE,OCTTA warm up for LA open,1429.0,1380.0,2018-08-25,2018-08-26
4683,Satoru,Kawakita,122302,221302,,,1508,2024-08-04,1264,2019-06-14,ACTIVE,2024 JOOLA LA Open Table Tennis Tournament,1524.0,1508.0,2024-08-03,2024-08-04
4683,Satoru,Kawakita,122302,221302,,,1508,2024-08-04,1264,2019-06-14,ACTIVE,2023 Joola LA Open,1553.0,1524.0,2023-08-12,2023-08-13
4683,Satoru,Kawakita,122302,221302,,,1508,2024-08-04,1264,2019-06-14,ACTIVE,2022 LA Open,1566.0,1553.0,2022-12-10,2022-12-11
4683,Satoru,Kawakita,122302,221302,,,1508,2024-08-04,1264,2019-06-14,ACTIVE,2019 Joola LA Open,1573.0,1566.0,2019-08-31,2019-09-01
4692,Jayde,Tam,176822,1176822,"San Gabriel, CA",,1507,2024-08-04,1549,2024-06-07,ACTIVE,2024 JOOLA LA Open Table Tennis Tournament,1424.0,1507.0,2024-08-03,2024-08-04
4692,Jayde,Tam,176822,1176822,"San Gabriel, CA",,1507,2024-08-04,1549,2024-06-07,ACTIVE,2023 Joola LA Open,1098.0,1119.0,2023-08-12,2023-08-13
4692,Jayde,Tam,176822,1176822,"San Gabriel, CA",,1507,2024-08-04,1549,2024-06-07,ACTIVE,2022 LA Open,738.0,736.0,2022-12-10,2022-12-11
4699,Jason,Wong,173402,272402,Los Angeles,,1506,2024-08-04,1775,2024-07-26,ACTIVE,2024 JOOLA LA Open Table Tennis Tournament,1486.0,1506.0,2024-08-03,2024-08-04
4699,Jason,Wong,173402,272402,Los Angeles,,1506,2024-08-04,1775,2024-07-26,ACTIVE,2022 LA Open,1323.0,1315.0,2022-12-10,2022-12-11
4710,Wen,Li,123939,222939,"Redmond, WA",,1504,2024-09-08,1912,2024-08-17,ACTIVE,2023 Joola LA Open,1654.0,1634.0,2023-08-12,2023-08-13
4768,Joseph,Quan,121782,220782,San Diego,,1495,2024-03-23,1546,2024-04-12,ACTIVE,2023 Joola LA Open,1471.0,1479.0,2023-08-12,2023-08-13
4768,Joseph,Quan,121782,220782,San Diego,,1495,2024-03-23,1546,2024-04-12,ACTIVE,2018 JOOLA LA Open Tournament,965.0,960.0,2018-09-01,2018-09-01
4791,Tim,Wu,177085,276085,Los Angeles,,1491,2024-01-21,1618,2023-10-06,ACTIVE,2022 LA Open,1102.0,1207.0,2022-12-10,2022-12-11
4798,Martin,Mainster,4895,90843,"Reno, NV",Reno-Sparks TTC,1489,2024-01-27,1463,2023-04-30,ACTIVE,2019 Joola LA Open,1513.0,1513.0,2019-08-31,2019-09-01
4811,Jeremy,Rivera,117195,216195,"Los Angeles, CA",Los Angeles Table Tennis Association,1488,2024-08-24,0,,ACTIVE,2024 JOOLA LA Open Table Tennis Tournament,1494.0,1487.0,2024-08-03,2024-08-04
4818,Hsieh-Te,Liao,171766,1171766,Chino Hills,,1487,2024-08-04,0,,ACTIVE,2024 JOOLA LA Open Table Tennis Tournament,1490.0,1487.0,2024-08-03,2024-08-04
4818,Hsieh-Te,Liao,171766,1171766,Chino Hills,,1487,2024-08-04,0,,ACTIVE,2023 Joola LA Open,1427.0,1422.0,2023-08-12,2023-08-13
4818,Hsieh-Te,Liao,171766,1171766,Chino Hills,,1487,2024-08-04,0,,ACTIVE,2022 LA Open,1279.0,1371.0,2022-12-10,2022-12-11
4845,Ray,Thrift,7786,10962,"St Simon Island, GA",,1482,2018-03-02,0,,ACTIVE,Pensacola Open,1082.0,1082.0,1997-01-11,
4845,Ray,Thrift,7786,10962,"St Simon Island, GA",,1482,2018-03-02,0,,ACTIVE,Pensacola Open TTT,0.0,1082.0,1996-08-31,
4866,Tito,LeFranc,4306,7675,"Santa Maria, CA",San Luis Obispo TTC,1480,2019-07-05,0,,ACTIVE,LA Open TT Tournament 2011,1825.0,1760.0,2011-09-04,
4918,Dung,Truong,169925,268925,"Sumland, CA",Los Angeles Table Tennis Association,1472,2024-08-24,0,,ACTIVE,2022 LA Open,1241.0,1228.0,2022-12-10,2022-12-11
4929,Gil,Alchuli,164361,1164361,Marina Del Rey,,1470,2024-06-02,0,,ACTIVE,2022 LA Open,1387.0,1358.0,2022-12-10,2022-12-11
4938,Frank,Zandpour,8970,51131,"Laguna Niguel, CA",,1469,2024-06-16,1642,2010-05-08,ACTIVE,2018 JOOLA LA Open Tournament,1678.0,1669.0,2018-09-01,2018-09-01
4938,Frank,Zandpour,8970,51131,"Laguna Niguel, CA",,1469,2024-06-16,1642,2010-05-08,ACTIVE,OCTTA warm up for LA open,1686.0,1678.0,2018-08-25,2018-08-26
4938,Frank,Zandpour,8970,51131,"Laguna Niguel, CA",,1469,2024-06-16,1642,2010-05-08,ACTIVE,2016 Butterfly LA Open Tournament,1719.0,1700.0,2016-09-03,2016-09-04
4938,Frank,Zandpour,8970,51131,"Laguna Niguel, CA",,1469,2024-06-16,1642,2010-05-08,ACTIVE,NW LA Open,1634.0,1604.0,2015-09-13,
4938,Frank,Zandpour,8970,51131,"Laguna Niguel, CA",,1469,2024-06-16,1642,2010-05-08,ACTIVE,2015 LA Open Table Tennis Tournament,1640.0,1634.0,2015-09-06,
4938,Frank,Zandpour,8970,51131,"Laguna Niguel, CA",,1469,2024-06-16,1642,2010-05-08,ACTIVE,2014 LA Open Table Tennis Tournament,1752.0,1724.0,2014-08-17,
4938,Frank,Zandpour,8970,51131,"Laguna Niguel, CA",,1469,2024-06-16,1642,2010-05-08,ACTIVE,2013 LA Open Table Tennis Tournament,1758.0,1757.0,2013-09-01,
4938,Frank,Zandpour,8970,51131,"Laguna Niguel, CA",,1469,2024-06-16,1642,2010-05-08,ACTIVE,2012 LA Open Butterfly Table Tennis Tournament,1703.0,1704.0,2012-09-02,
4938,Frank,Zandpour,8970,51131,"Laguna Niguel, CA",,1469,2024-06-16,1642,2010-05-08,ACTIVE,LA Open TT Tournament 2011,1684.0,1672.0,2011-09-04,
4946,Dacong,Weng,8412,85454,"Rancho Palos Verdes, CA",,1468,2024-08-04,1501,2010-12-05,ACTIVE,2024 JOOLA LA Open Table Tennis Tournament,1488.0,1468.0,2024-08-03,2024-08-04
4946,Dacong,Weng,8412,85454,"Rancho Palos Verdes, CA",,1468,2024-08-04,1501,2010-12-05,ACTIVE,2014 LA Open Table Tennis Tournament,1420.0,1451.0,2014-08-17,
4946,Dacong,Weng,8412,85454,"Rancho Palos Verdes, CA",,1468,2024-08-04,1501,2010-12-05,ACTIVE,2012 LA Open Butterfly Table Tennis Tournament,1303.0,1335.0,2012-09-02,
4949,John,Palamarchuk,173828,1173828,Santa Monica,,1467,2024-08-24,0,,ACTIVE,2022 LA Open,1492.0,1462.0,2022-12-10,2022-12-11
5004,Ojas,Celly,185679,1185679,"Torrance, CA",South Bay Table Tennis,1459,2024-08-24,0,,ACTIVE,2024 JOOLA LA Open Table Tennis Tournament,0.0,1152.0,2024-08-03,2024-08-04
5018,Charles Y.,Lin,4526,97075,"Temple City, CA",Los Angeles Table Tennis Association,1457,2024-08-04,0,,ACTIVE,2024 JOOLA LA Open Table Tennis Tournament,1454.0,1457.0,2024-08-03,2024-08-04
5018,Charles Y.,Lin,4526,97075,"Temple City, CA",Los Angeles Table Tennis Association,1457,2024-08-04,0,,ACTIVE,2023 Joola LA Open,1535.0,1503.0,2023-08-12,2023-08-13
5018,Charles Y.,Lin,4526,97075,"Temple City, CA",Los Angeles Table Tennis Association,1457,2024-08-04,0,,ACTIVE,2022 LA Open,1527.0,1535.0,2022-12-10,2022-12-11
5018,Charles Y.,Lin,4526,97075,"Temple City, CA",Los Angeles Table Tennis Association,1457,2024-08-04,0,,ACTIVE,2018 JOOLA LA Open Tournament,1637.0,1633.0,2018-09-01,2018-09-01
5018,Charles Y.,Lin,4526,97075,"Temple City, CA",Los Angeles Table Tennis Association,1457,2024-08-04,0,,ACTIVE,OCTTA warm up for LA open,1659.0,1637.0,2018-08-25,2018-08-26
5018,Charles Y.,Lin,4526,97075,"Temple City, CA",Los Angeles Table Tennis Association,1457,2024-08-04,0,,ACTIVE,2017 JOOLA LA Open Tournament,1664.0,1659.0,2017-09-02,2017-09-03
5018,Charles Y.,Lin,4526,97075,"Temple City, CA",Los Angeles Table Tennis Association,1457,2024-08-04,0,,ACTIVE,2016 Butterfly LA Open Tournament,1712.0,1670.0,2016-09-03,2016-09-04
5018,Charles Y.,Lin,4526,97075,"Temple City, CA",Los Angeles Table Tennis Association,1457,2024-08-04,0,,ACTIVE,2015 LA Open Table Tennis Tournament,1478.0,1457.0,2015-09-06,
5040,yushi,han,184252,283252,,,1455,2024-08-25,0,,ACTIVE,2024 JOOLA LA Open Table Tennis Tournament,1387.0,1396.0,2024-08-03,2024-08-04
5044,Daniel,Chan,122133,1122133,"Pomona, CA",Los Angeles Table Tennis Association,1454,2024-08-04,1392,2024-01-19,ACTIVE,2024 JOOLA LA Open Table Tennis Tournament,1462.0,1454.0,2024-08-03,2024-08-04
5044,Daniel,Chan,122133,1122133,"Pomona, CA",Los Angeles Table Tennis Association,1454,2024-08-04,1392,2024-01-19,ACTIVE,2023 Joola LA Open,1361.0,1354.0,2023-08-12,2023-08-13
5044,Daniel,Chan,122133,1122133,"Pomona, CA",Los Angeles Table Tennis Association,1454,2024-08-04,1392,2024-01-19,ACTIVE,2022 LA Open,1309.0,1317.0,2022-12-10,2022-12-11
5089,Bo,Dong,150962,1150962,Riverside,,1448,2024-08-04,0,,ACTIVE,2024 JOOLA LA Open Table Tennis Tournament,1404.0,1448.0,2024-08-03,2024-08-04
5102,Peter,Valera,50653,89299,"Laguna Niguel, CA",,1446,2024-06-02,1528,2015-01-18,ACTIVE,2023 Joola LA Open,1506.0,1440.0,2023-08-12,2023-08-13
5102,Peter,Valera,50653,89299,"Laguna Niguel, CA",,1446,2024-06-02,1528,2015-01-18,ACTIVE,2018 JOOLA LA Open Tournament,1560.0,1568.0,2018-09-01,2018-09-01
5102,Peter,Valera,50653,89299,"Laguna Niguel, CA",,1446,2024-06-02,1528,2015-01-18,ACTIVE,2017 JOOLA LA Open Tournament,1543.0,1536.0,2017-09-02,2017-09-03
5102,Peter,Valera,50653,89299,"Laguna Niguel, CA",,1446,2024-06-02,1528,2015-01-18,ACTIVE,2016 Butterfly LA Open Tournament,1473.0,1468.0,2016-09-03,2016-09-04
5109,Miguel,Noguera,5719,34697,"Tucson, AZ",Southern Arizona Table Tennis Association (SATTA),1445,2019-12-21,1270,2019-11-30,ACTIVE,2018 JOOLA LA Open Tournament,1344.0,1366.0,2018-09-01,2018-09-01
5109,Miguel,Noguera,5719,34697,"Tucson, AZ",Southern Arizona Table Tennis Association (SATTA),1445,2019-12-21,1270,2019-11-30,ACTIVE,2017 JOOLA LA Open Tournament,1382.0,1422.0,2017-09-02,2017-09-03
5116,Martin,Chow,1317,94454,"Fontana, CA",Fullerton Meridian Table Tennis Club,1444,2024-08-04,0,,ACTIVE,2024 JOOLA LA Open Table Tennis Tournament,1508.0,1444.0,2024-08-03,2024-08-04
5116,Martin,Chow,1317,94454,"Fontana, CA",Fullerton Meridian Table Tennis Club,1444,2024-08-04,0,,ACTIVE,2022 LA Open,1550.0,1550.0,2022-12-10,2022-12-11
5116,Martin,Chow,1317,94454,"Fontana, CA",Fullerton Meridian Table Tennis Club,1444,2024-08-04,0,,ACTIVE,2017 JOOLA LA Open Tournament,1631.0,1655.0,2017-09-02,2017-09-03
5116,Martin,Chow,1317,94454,"Fontana, CA",Fullerton Meridian Table Tennis Club,1444,2024-08-04,0,,ACTIVE,2015 LA Open Table Tennis Tournament,1685.0,1681.0,2015-09-06,
5141,Natasha,Peiris,178677,1178677,San Diego,,1442,2024-08-04,840,2024-09-06,ACTIVE,2024 JOOLA LA Open Table Tennis Tournament,1136.0,1442.0,2024-08-03,2024-08-04
5141,Natasha,Peiris,178677,1178677,San Diego,,1442,2024-08-04,840,2024-09-06,ACTIVE,2023 Joola LA Open,850.0,936.0,2023-08-12,2023-08-13
5174,Jason T.,Lau,4147,75018,"West Hills, CA",Allen and Sons Table Tennis Club,1438,2024-08-04,1236,2012-12-15,ACTIVE,2024 JOOLA LA Open Table Tennis Tournament,1475.0,1438.0,2024-08-03,2024-08-04
5174,Jason T.,Lau,4147,75018,"West Hills, CA",Allen and Sons Table Tennis Club,1438,2024-08-04,1236,2012-12-15,ACTIVE,2023 Joola LA Open,1518.0,1480.0,2023-08-12,2023-08-13
5174,Jason T.,Lau,4147,75018,"West Hills, CA",Allen and Sons Table Tennis Club,1438,2024-08-04,1236,2012-12-15,ACTIVE,2019 Joola LA Open,1440.0,1438.0,2019-08-31,2019-09-01
5174,Jason T.,Lau,4147,75018,"West Hills, CA",Allen and Sons Table Tennis Club,1438,2024-08-04,1236,2012-12-15,ACTIVE,North-West LA Open 2** Tournament,1463.0,1448.0,2019-06-16,2019-06-16
5174,Jason T.,Lau,4147,75018,"West Hills, CA",Allen and Sons Table Tennis Club,1438,2024-08-04,1236,2012-12-15,ACTIVE,2018 JOOLA LA Open Tournament,1505.0,1500.0,2018-09-01,2018-09-01
5174,Jason T.,Lau,4147,75018,"West Hills, CA",Allen and Sons Table Tennis Club,1438,2024-08-04,1236,2012-12-15,ACTIVE,2017 JOOLA LA Open Tournament,1484.0,1470.0,2017-09-02,2017-09-03
5174,Jason T.,Lau,4147,75018,"West Hills, CA",Allen and Sons Table Tennis Club,1438,2024-08-04,1236,2012-12-15,ACTIVE,2016 Butterfly LA Open Tournament,1375.0,1382.0,2016-09-03,2016-09-04
5174,Jason T.,Lau,4147,75018,"West Hills, CA",Allen and Sons Table Tennis Club,1438,2024-08-04,1236,2012-12-15,ACTIVE,NW LA Open,1247.0,1250.0,2016-05-01,2016-05-01
5174,Jason T.,Lau,4147,75018,"West Hills, CA",Allen and Sons Table Tennis Club,1438,2024-08-04,1236,2012-12-15,ACTIVE,NW LA Open,1251.0,1257.0,2016-01-17,2016-01-17
5174,Jason T.,Lau,4147,75018,"West Hills, CA",Allen and Sons Table Tennis Club,1438,2024-08-04,1236,2012-12-15,ACTIVE,2015 LA Open Table Tennis Tournament,1285.0,1287.0,2015-09-06,
5174,Jason T.,Lau,4147,75018,"West Hills, CA",Allen and Sons Table Tennis Club,1438,2024-08-04,1236,2012-12-15,ACTIVE,January 2015 NW LA Open,1121.0,1111.0,2015-01-18,
5174,Jason T.,Lau,4147,75018,"West Hills, CA",Allen and Sons Table Tennis Club,1438,2024-08-04,1236,2012-12-15,ACTIVE,2014 LA Open Table Tennis Tournament,1165.0,1120.0,2014-08-17,
5205,Billy,Fu,2263,64549,"Reno, NV",Reno-Sparks TTC,1435,2024-08-25,1742,2007-07-01,ACTIVE,2019 Joola LA Open,1743.0,1724.0,2019-08-31,2019-09-01
5221,Thu B,Tran,7880,82196,"San Diego, CA",San Diego TTA,1433,2018-03-02,1429,2024-07-12,ACTIVE,2015 LA Open Table Tennis Tournament,1567.0,1560.0,2015-09-06,
5221,Thu B,Tran,7880,82196,"San Diego, CA",San Diego TTA,1433,2018-03-02,1429,2024-07-12,ACTIVE,2014 LA Open Table Tennis Tournament,1471.0,1567.0,2014-08-17,
5239,Ramin,Rahbari,6345,97604,"Tustin, CA",,1431,2024-07-20,0,,ACTIVE,2022 LA Open,1151.0,1199.0,2022-12-10,2022-12-11
5239,Ramin,Rahbari,6345,97604,"Tustin, CA",,1431,2024-07-20,0,,ACTIVE,2018 JOOLA LA Open Tournament,988.0,985.0,2018-09-01,2018-09-01
5239,Ramin,Rahbari,6345,97604,"Tustin, CA",,1431,2024-07-20,0,,ACTIVE,OCTTA warm up for LA open,938.0,988.0,2018-08-25,2018-08-26
5242,Richard,Palm,5907,47948,"Garden Grove, CA",,1430,2023-08-13,1505,2015-08-12,ACTIVE,2023 Joola LA Open,1435.0,1430.0,2023-08-12,2023-08-13
5242,Richard,Palm,5907,47948,"Garden Grove, CA",,1430,2023-08-13,1505,2015-08-12,ACTIVE,2019 Joola LA Open,1481.0,1481.0,2019-08-31,2019-09-01
5242,Richard,Palm,5907,47948,"Garden Grove, CA",,1430,2023-08-13,1505,2015-08-12,ACTIVE,2018 JOOLA LA Open Tournament,1567.0,1567.0,2018-09-01,2018-09-01
5242,Richard,Palm,5907,47948,"Garden Grove, CA",,1430,2023-08-13,1505,2015-08-12,ACTIVE,OCTTA warm up for LA open,1567.0,1567.0,2018-08-25,2018-08-26
5242,Richard,Palm,5907,47948,"Garden Grove, CA",,1430,2023-08-13,1505,2015-08-12,ACTIVE,2014 LA Open Table Tennis Tournament,1602.0,1640.0,2014-08-17,
5242,Richard,Palm,5907,47948,"Garden Grove, CA",,1430,2023-08-13,1505,2015-08-12,ACTIVE,2012 LA Open Butterfly Table Tennis Tournament,1620.0,1636.0,2012-09-02,
5242,Richard,Palm,5907,47948,"Garden Grove, CA",,1430,2023-08-13,1505,2015-08-12,ACTIVE,LA Open TT Tournament 2011,1497.0,1593.0,2011-09-04,
5274,Talant,Ruzmetov,170859,269859,"Los Angles, CA",Los Angeles Table Tennis Association,1425,2024-08-24,1330,2020-11-05,ACTIVE,2024 JOOLA LA Open Table Tennis Tournament,1428.0,1433.0,2024-08-03,2024-08-04
5274,Talant,Ruzmetov,170859,269859,"Los Angles, CA",Los Angeles Table Tennis Association,1425,2024-08-24,1330,2020-11-05,ACTIVE,2023 Joola LA Open,1313.0,1318.0,2023-08-12,2023-08-13
5311,Wayne,Steffens,7408,71734,"Bremerton, WA",Kitsap Table Tennis Club,1420,2024-09-08,1446,2024-01-13,ACTIVE,2014 LA Open Table Tennis Tournament,1128.0,1225.0,2014-08-17,
5319,Chang Hyun,Jun,3545,93761,"Aliso Viejo, CA",,1419,2024-06-09,0,,ACTIVE,2018 JOOLA LA Open Tournament,1434.0,1375.0,2018-09-01,2018-09-01
5319,Chang Hyun,Jun,3545,93761,"Aliso Viejo, CA",,1419,2024-06-09,0,,ACTIVE,2017 JOOLA LA Open Tournament,1554.0,1532.0,2017-09-02,2017-09-03
5319,Chang Hyun,Jun,3545,93761,"Aliso Viejo, CA",,1419,2024-06-09,0,,ACTIVE,2016 Butterfly LA Open Tournament,1518.0,1533.0,2016-09-03,2016-09-04
5319,Chang Hyun,Jun,3545,93761,"Aliso Viejo, CA",,1419,2024-06-09,0,,ACTIVE,NW LA Open,1462.0,1438.0,2016-01-17,2016-01-17
5332,Yijun,Fan,119460,218460,"IRVINE, CA",,1417,2024-01-21,1319,2024-08-27,ACTIVE,2023 Joola LA Open,1114.0,1397.0,2023-08-12,2023-08-13
5363,Chizuru,Kohsaka,164475,263475,"Torrance, CA",,1412,2024-08-04,1181,2019-06-14,ACTIVE,2024 JOOLA LA Open Table Tennis Tournament,1308.0,1412.0,2024-08-03,2024-08-04
5363,Chizuru,Kohsaka,164475,263475,"Torrance, CA",,1412,2024-08-04,1181,2019-06-14,ACTIVE,2023 Joola LA Open,1311.0,1308.0,2023-08-12,2023-08-13
5363,Chizuru,Kohsaka,164475,263475,"Torrance, CA",,1412,2024-08-04,1181,2019-06-14,ACTIVE,2022 LA Open,1329.0,1311.0,2022-12-10,2022-12-11
5363,Chizuru,Kohsaka,164475,263475,"Torrance, CA",,1412,2024-08-04,1181,2019-06-14,ACTIVE,2019 Joola LA Open,1346.0,1329.0,2019-08-31,2019-09-01
5377,Akram,Samweil,176197,1176197,Victorville,,1409,2023-03-25,0,,ACTIVE,2022 LA Open,1457.0,1428.0,2022-12-10,2022-12-11
5383,Samuel,Chih,1255,56428,"San Marino, CA",,1409,2018-03-02,0,,ACTIVE,2012 LA Open Butterfly Table Tennis Tournament,1422.0,1409.0,2012-09-02,
5388,Siddharth,Kodaty,177426,276426,"Fremont, CA",,1407,2024-09-02,1054,2024-09-07,ACTIVE,2024 JOOLA LA Open Table Tennis Tournament,1308.0,1304.0,2024-08-03,2024-08-04
5400,Pete,Spearman,7338,94966,"Lockport, NY",,1406,2024-05-05,0,,ACTIVE,North West LA Open,1479.0,1459.0,2018-01-21,2018-01-21
5440,Mike,Goebel,22489,1088,"Winnetka, CA",,1399,2024-08-04,0,,ACTIVE,2024 JOOLA LA Open Table Tennis Tournament,1407.0,1399.0,2024-08-03,2024-08-04
5440,Mike,Goebel,22489,1088,"Winnetka, CA",,1399,2024-08-04,0,,ACTIVE,2023 Joola LA Open,1359.0,1407.0,2023-08-12,2023-08-13
5440,Mike,Goebel,22489,1088,"Winnetka, CA",,1399,2024-08-04,0,,ACTIVE,North West LA Open,1357.0,1359.0,2018-01-21,2018-01-21
5440,Mike,Goebel,22489,1088,"Winnetka, CA",,1399,2024-08-04,0,,ACTIVE,Norht- West LA Open,1367.0,1357.0,2017-11-19,2017-11-19
5440,Mike,Goebel,22489,1088,"Winnetka, CA",,1399,2024-08-04,0,,ACTIVE,2017 JOOLA LA Open Tournament,1357.0,1367.0,2017-09-02,2017-09-03
5440,Mike,Goebel,22489,1088,"Winnetka, CA",,1399,2024-08-04,0,,ACTIVE,2016 Butterfly LA Open Tournament,1344.0,1357.0,2016-09-03,2016-09-04
5440,Mike,Goebel,22489,1088,"Winnetka, CA",,1399,2024-08-04,0,,ACTIVE,NW LA Open,1389.0,1344.0,2014-09-14,
5440,Mike,Goebel,22489,1088,"Winnetka, CA",,1399,2024-08-04,0,,ACTIVE,2014 LA Open Table Tennis Tournament,1224.0,1389.0,2014-08-17,
5440,Mike,Goebel,22489,1088,"Winnetka, CA",,1399,2024-08-04,0,,ACTIVE,NW LA Open,1206.0,1224.0,2014-05-04,
5440,Mike,Goebel,22489,1088,"Winnetka, CA",,1399,2024-08-04,0,,ACTIVE,2013 LA Open Table Tennis Tournament,1176.0,1206.0,2013-09-01,
5459,Zsolt,Lattmann,102887,97876,"San Jose, CA",Stickman Skills Center,1397,2024-01-27,1254,2018-06-30,ACTIVE,2019 Joola LA Open,1642.0,1807.0,2019-08-31,2019-09-01
5484,Claro,Capili,935,27458,"Wailuku, HI",,1393,2023-06-11,1286,2008-08-28,ACTIVE,2013 LA Open Table Tennis Tournament,1342.0,1357.0,2013-09-01,
5519,Henry,Vu,124090,223090,Anaheim,,1389,2024-06-09,0,,ACTIVE,2018 JOOLA LA Open Tournament,1358.0,1378.0,2018-09-01,2018-09-01
5529,Qinggao,Deng,117535,216535,"S pasadena, CA",,1386,2024-05-18,0,,ACTIVE,2019 Joola LA Open,1512.0,1488.0,2019-08-31,2019-09-01
5529,Qinggao,Deng,117535,216535,"S pasadena, CA",,1386,2024-05-18,0,,ACTIVE,2018 JOOLA LA Open Tournament,1503.0,1512.0,2018-09-01,2018-09-01
5529,Qinggao,Deng,117535,216535,"S pasadena, CA",,1386,2024-05-18,0,,ACTIVE,2017 JOOLA LA Open Tournament,1528.0,1503.0,2017-09-02,2017-09-03
5547,Yat Long Rain,Cheng,180566,1180566,La Puente,,1383,2024-08-04,1496,2024-09-06,ACTIVE,2024 JOOLA LA Open Table Tennis Tournament,1365.0,1383.0,2024-08-03,2024-08-04
5547,Yat Long Rain,Cheng,180566,1180566,La Puente,,1383,2024-08-04,1496,2024-09-06,ACTIVE,2023 Joola LA Open,0.0,1365.0,2023-08-12,2023-08-13
5554,Angela Dongting,Ma,170430,1170430,"Santa Monica, CA",Westside Table Tennis Center,1382,2024-08-24,0,,ACTIVE,2022 LA Open,1192.0,1135.0,2022-12-10,2022-12-11
5568,Howard,Vu,8171,10018,"Reseda, CA",Northridge Table Tennis,1381,2018-03-02,1398,2014-11-14,ACTIVE,NW LA Open,1481.0,1381.0,2014-05-04,
5568,Howard,Vu,8171,10018,"Reseda, CA",Northridge Table Tennis,1381,2018-03-02,1398,2014-11-14,ACTIVE,NW LA Open,1561.0,1481.0,2014-01-19,
5591,Beier,Hsiung,177956,1177956,"Azusa, CA",Grace Lin TTC,1376,2024-08-04,1528,2024-09-06,ACTIVE,2024 JOOLA LA Open Table Tennis Tournament,1395.0,1376.0,2024-08-03,2024-08-04
5591,Beier,Hsiung,177956,1177956,"Azusa, CA",Grace Lin TTC,1376,2024-08-04,1528,2024-09-06,ACTIVE,2023 Joola LA Open,168.0,288.0,2023-08-12,2023-08-13
5591,Beier,Hsiung,177956,1177956,"Azusa, CA",Grace Lin TTC,1376,2024-08-04,1528,2024-09-06,ACTIVE,2022 LA Open,0.0,168.0,2022-12-10,2022-12-11
5611,Yanhui,Gong,175710,1175710,Alhambra,,1374,2024-08-04,0,,ACTIVE,2024 JOOLA LA Open Table Tennis Tournament,1473.0,1374.0,2024-08-03,2024-08-04
5611,Yanhui,Gong,175710,1175710,Alhambra,,1374,2024-08-04,0,,ACTIVE,2023 Joola LA Open,1109.0,1109.0,2023-08-12,2023-08-13
5627,Stuffy,Singer,151233,250233,Encino,,1372,2024-07-07,0,,ACTIVE,2022 LA Open,1182.0,1134.0,2022-12-10,2022-12-11
5627,Stuffy,Singer,151233,250233,Encino,,1372,2024-07-07,0,,ACTIVE,North-West LA Open 2** Tournament,1069.0,1069.0,2019-11-17,2019-11-17
5627,Stuffy,Singer,151233,250233,Encino,,1372,2024-07-07,0,,ACTIVE,North-West LA Open 2** Tournament,1087.0,1078.0,2019-09-08,2019-09-08
5627,Stuffy,Singer,151233,250233,Encino,,1372,2024-07-07,0,,ACTIVE,2019 Joola LA Open,1089.0,1087.0,2019-08-31,2019-09-01
5627,Stuffy,Singer,151233,250233,Encino,,1372,2024-07-07,0,,ACTIVE,North-West LA Open 2** Tournament,1202.0,1187.0,2019-06-16,2019-06-16
5627,Stuffy,Singer,151233,250233,Encino,,1372,2024-07-07,0,,ACTIVE,North-West La Open 2** Tournament,783.0,788.0,2019-04-28,2019-04-28
5627,Stuffy,Singer,151233,250233,Encino,,1372,2024-07-07,0,,ACTIVE,North-West LA Open 2** Tournament,0.0,792.0,2019-01-20,2019-01-20
5633,Alan,Kriger,167110,1167110,"Waxhaw, NC",Charlotte Table Tennis Club,1371,2023-10-22,1633,2023-11-16,ACTIVE,North - West LA Open,751.0,745.0,2020-02-09,2020-02-09
5633,Alan,Kriger,167110,1167110,"Waxhaw, NC",Charlotte Table Tennis Club,1371,2023-10-22,1633,2023-11-16,ACTIVE,North-West LA Open 2** Tournament,0.0,751.0,2019-09-08,2019-09-08
5645,Chau,Tran,172679,1172679,"Mesa, TX",,1368,2023-06-18,1590,2024-09-06,ACTIVE,2022 LA Open,1370.0,1334.0,2022-12-10,2022-12-11
5694,Willis,Li,113199,212199,"San Diego, CA",Learning Tree Table Tennis Club,1361,2023-12-21,1361,2024-09-06,ACTIVE,North-West LA Open 2** Tournament,1379.0,1375.0,2019-01-20,2019-01-20
5694,Willis,Li,113199,212199,"San Diego, CA",Learning Tree Table Tennis Club,1361,2023-12-21,1361,2024-09-06,ACTIVE,2018 JOOLA LA Open Tournament,1439.0,1379.0,2018-09-01,2018-09-01
5694,Willis,Li,113199,212199,"San Diego, CA",Learning Tree Table Tennis Club,1361,2023-12-21,1361,2024-09-06,ACTIVE,2017 JOOLA LA Open Tournament,1275.0,1233.0,2017-09-02,2017-09-03
5694,Willis,Li,113199,212199,"San Diego, CA",Learning Tree Table Tennis Club,1361,2023-12-21,1361,2024-09-06,ACTIVE,2016 Butterfly LA Open Tournament,0.0,795.0,2016-09-03,2016-09-04
5700,Phillip,Cleveland,119686,218686,"Irvine, CA",Orange County Table Tennis Academy,1361,2024-08-04,0,,ACTIVE,2024 JOOLA LA Open Table Tennis Tournament,1365.0,1361.0,2024-08-03,2024-08-04
5700,Phillip,Cleveland,119686,218686,"Irvine, CA",Orange County Table Tennis Academy,1361,2024-08-04,0,,ACTIVE,2019 Joola LA Open,1056.0,1077.0,2019-08-31,2019-09-01
5732,Jianfeng,Sun,7516,97606,"Arcadia, CA",,1355,2024-08-04,0,,ACTIVE,2024 JOOLA LA Open Table Tennis Tournament,1026.0,1355.0,2024-08-03,2024-08-04
5738,Bonnie,Renehan,103685,202685,"Santa Barbara, CA",,1354,2023-10-12,0,,ACTIVE,NW LA Open,1009.0,1004.0,2016-05-01,2016-05-01
5798,Kenneth,Park,124316,223316,"Hacienda Heights, CA",Los Angeles Table Tennis Association,1347,2024-06-22,1190,2023-06-30,ACTIVE,North-West La Open 2** Sanctioned Tournament,188.0,479.0,2018-09-23,2018-09-23
5798,Kenneth,Park,124316,223316,"Hacienda Heights, CA",Los Angeles Table Tennis Association,1347,2024-06-22,1190,2023-06-30,ACTIVE,2018 JOOLA LA Open Tournament,188.0,188.0,2018-09-01,2018-09-01
5810,Lianping,Tan,115724,214724,"Baldwin Park, CA",,1345,2024-08-04,0,,ACTIVE,2024 JOOLA LA Open Table Tennis Tournament,1403.0,1345.0,2024-08-03,2024-08-04
5810,Lianping,Tan,115724,214724,"Baldwin Park, CA",,1345,2024-08-04,0,,ACTIVE,2023 Joola LA Open,1336.0,1432.0,2023-08-12,2023-08-13
5810,Lianping,Tan,115724,214724,"Baldwin Park, CA",,1345,2024-08-04,0,,ACTIVE,2022 LA Open,1348.0,1336.0,2022-12-10,2022-12-11
5810,Lianping,Tan,115724,214724,"Baldwin Park, CA",,1345,2024-08-04,0,,ACTIVE,2017 JOOLA LA Open Tournament,1412.0,1413.0,2017-09-02,2017-09-03
5849,Mark,Karalla,3627,95184,"La, CA",,1341,2024-06-02,0,,ACTIVE,North-West LA Open 2** Tournament,1450.0,1498.0,2019-11-17,2019-11-17
5849,Mark,Karalla,3627,95184,"La, CA",,1341,2024-06-02,0,,ACTIVE,North-West LA Open 2** Tournament,1330.0,1342.0,2019-09-08,2019-09-08
5849,Mark,Karalla,3627,95184,"La, CA",,1341,2024-06-02,0,,ACTIVE,2019 Joola LA Open,1341.0,1330.0,2019-08-31,2019-09-01
5849,Mark,Karalla,3627,95184,"La, CA",,1341,2024-06-02,0,,ACTIVE,North-West LA Open 2** Tournament,1323.0,1326.0,2019-06-16,2019-06-16
5849,Mark,Karalla,3627,95184,"La, CA",,1341,2024-06-02,0,,ACTIVE,North-West La Open 2** Tournament,1335.0,1323.0,2019-04-28,2019-04-28
5849,Mark,Karalla,3627,95184,"La, CA",,1341,2024-06-02,0,,ACTIVE,North-West LA Open 2** Tournament,1348.0,1335.0,2019-01-20,2019-01-20
5849,Mark,Karalla,3627,95184,"La, CA",,1341,2024-06-02,0,,ACTIVE,North-West La Open 2** Sanctioned Tournament,1272.0,1371.0,2018-09-23,2018-09-23
5849,Mark,Karalla,3627,95184,"La, CA",,1341,2024-06-02,0,,ACTIVE,2018 JOOLA LA Open Tournament,1286.0,1272.0,2018-09-01,2018-09-01
5849,Mark,Karalla,3627,95184,"La, CA",,1341,2024-06-02,0,,ACTIVE,North West LA Open 2 ,1377.0,1286.0,2018-04-29,2018-04-29
5849,Mark,Karalla,3627,95184,"La, CA",,1341,2024-06-02,0,,ACTIVE,North West LA Open,1466.0,1458.0,2018-01-21,2018-01-21
5849,Mark,Karalla,3627,95184,"La, CA",,1341,2024-06-02,0,,ACTIVE,North West LA Open,1350.0,1347.0,2017-09-17,2017-09-17
5849,Mark,Karalla,3627,95184,"La, CA",,1341,2024-06-02,0,,ACTIVE,2017 JOOLA LA Open Tournament,1360.0,1350.0,2017-09-02,2017-09-03
5849,Mark,Karalla,3627,95184,"La, CA",,1341,2024-06-02,0,,ACTIVE,North West LA Open,1228.0,1437.0,2017-01-15,2017-01-15
5849,Mark,Karalla,3627,95184,"La, CA",,1341,2024-06-02,0,,ACTIVE,Trump's Time North West LA Open,1195.0,1193.0,2016-11-13,2016-11-13
5849,Mark,Karalla,3627,95184,"La, CA",,1341,2024-06-02,0,,ACTIVE,NW LA Open,1141.0,1139.0,2016-05-01,2016-05-01
5849,Mark,Karalla,3627,95184,"La, CA",,1341,2024-06-02,0,,ACTIVE,NW LA Open,1121.0,1131.0,2015-11-15,
5849,Mark,Karalla,3627,95184,"La, CA",,1341,2024-06-02,0,,ACTIVE,NW LA Open,1000.0,1121.0,2015-09-13,
5849,Mark,Karalla,3627,95184,"La, CA",,1341,2024-06-02,0,,ACTIVE,NW LA Open,987.0,1000.0,2015-05-03,
5849,Mark,Karalla,3627,95184,"La, CA",,1341,2024-06-02,0,,ACTIVE,January 2015 NW LA Open,767.0,760.0,2015-01-18,
5849,Mark,Karalla,3627,95184,"La, CA",,1341,2024-06-02,0,,ACTIVE,NW LA Open,0.0,767.0,2014-11-16,
5870,Emily,Chen,124307,223307,"San Diego, CA",Learning Tree Table Tennis Club,1338,2023-12-21,1163,2023-06-03,ACTIVE,2018 JOOLA LA Open Tournament,341.0,341.0,2018-09-01,2018-09-01
5883,Sean,Masterson,5047,77070,"Anaheim, CA",South Bay Table Tennis,1336,2024-06-02,0,,ACTIVE,2019 Joola LA Open,1377.0,1357.0,2019-08-31,2019-09-01
5883,Sean,Masterson,5047,77070,"Anaheim, CA",South Bay Table Tennis,1336,2024-06-02,0,,ACTIVE,2018 JOOLA LA Open Tournament,1399.0,1392.0,2018-09-01,2018-09-01
5883,Sean,Masterson,5047,77070,"Anaheim, CA",South Bay Table Tennis,1336,2024-06-02,0,,ACTIVE,2015 LA Open Table Tennis Tournament,1558.0,1509.0,2015-09-06,
5883,Sean,Masterson,5047,77070,"Anaheim, CA",South Bay Table Tennis,1336,2024-06-02,0,,ACTIVE,2014 LA Open Table Tennis Tournament,1564.0,1531.0,2014-08-17,
5883,Sean,Masterson,5047,77070,"Anaheim, CA",South Bay Table Tennis,1336,2024-06-02,0,,ACTIVE,2013 LA Open Table Tennis Tournament,1690.0,1621.0,2013-09-01,
5883,Sean,Masterson,5047,77070,"Anaheim, CA",South Bay Table Tennis,1336,2024-06-02,0,,ACTIVE,2012 LA Open Butterfly Table Tennis Tournament,1552.0,1567.0,2012-09-02,
5883,Sean,Masterson,5047,77070,"Anaheim, CA",South Bay Table Tennis,1336,2024-06-02,0,,ACTIVE,LA Open TT Tournament 2011,1540.0,1522.0,2011-09-04,
5884,Boghos,Kazanjian,124346,223346,Pasadena,,1336,2024-01-21,0,,ACTIVE,2019 Joola LA Open,1418.0,1413.0,2019-08-31,2019-09-01
5937,Siyu,Wang,166878,1166878,La Jolla,,1329,2024-08-04,908,2024-07-12,ACTIVE,2024 JOOLA LA Open Table Tennis Tournament,1058.0,1329.0,2024-08-03,2024-08-04
5952,Cuong Chi,Lam,4078,29857,"El Monte, CA",,1327,2018-03-02,0,,ACTIVE,2015 LA Open Table Tennis Tournament,1421.0,1358.0,2015-09-06,
5952,Cuong Chi,Lam,4078,29857,"El Monte, CA",,1327,2018-03-02,0,,ACTIVE,2012 LA Open Butterfly Table Tennis Tournament,1413.0,1306.0,2012-09-02,
5988,Steve,Lee,31587,80756,"Santa Monica, CA",Santa Monica College Table Tennis,1321,2021-10-07,1358,2011-11-13,ACTIVE,2014 LA Open Table Tennis Tournament,1256.0,1260.0,2014-08-17,
5988,Steve,Lee,31587,80756,"Santa Monica, CA",Santa Monica College Table Tennis,1321,2021-10-07,1358,2011-11-13,ACTIVE,2012 LA Open Butterfly Table Tennis Tournament,1235.0,1256.0,2012-09-02,
5996,David,Wong,8547,91820,"Los Angeles, CA",Grace Lin TTC,1319,2023-12-21,0,,ACTIVE,2019 Joola LA Open,1332.0,1340.0,2019-08-31,2019-09-01
5996,David,Wong,8547,91820,"Los Angeles, CA",Grace Lin TTC,1319,2023-12-21,0,,ACTIVE,2018 JOOLA LA Open Tournament,1214.0,1259.0,2018-09-01,2018-09-01
5996,David,Wong,8547,91820,"Los Angeles, CA",Grace Lin TTC,1319,2023-12-21,0,,ACTIVE,2015 LA Open Table Tennis Tournament,1229.0,1271.0,2015-09-06,
5996,David,Wong,8547,91820,"Los Angeles, CA",Grace Lin TTC,1319,2023-12-21,0,,ACTIVE,2014 LA Open Table Tennis Tournament,1264.0,1185.0,2014-08-17,
5996,David,Wong,8547,91820,"Los Angeles, CA",Grace Lin TTC,1319,2023-12-21,0,,ACTIVE,2013 LA Open Table Tennis Tournament,0.0,1247.0,2013-09-01,
6033,Ricky,Li,182627,1182627,Arcadia,,1314,2024-08-04,0,,ACTIVE,2024 JOOLA LA Open Table Tennis Tournament,1313.0,1314.0,2024-08-03,2024-08-04
6052,Ken,Dewhirst,1713,52400,"Laguna Niguel, CA",Power Pong TTA,1312,2018-03-02,0,,ACTIVE,LA Open TT Tournament 2011,1118.0,1118.0,2011-09-04,
6068,Sebastian,Uribe,173729,1173729,Lima,,1310,2024-08-04,1136,2024-08-10,ACTIVE,2024 JOOLA LA Open Table Tennis Tournament,1300.0,1310.0,2024-08-03,2024-08-04
6074,Suvicha,Yossunthorn,54852,93391,"Montclair, CA",,1308,2024-08-24,1287,2024-02-16,ACTIVE,2024 JOOLA LA Open Table Tennis Tournament,1341.0,1293.0,2024-08-03,2024-08-04
6074,Suvicha,Yossunthorn,54852,93391,"Montclair, CA",,1308,2024-08-24,1287,2024-02-16,ACTIVE,2023 Joola LA Open,1336.0,1335.0,2023-08-12,2023-08-13
6081,Roger,Call,178624,277624,Long Beach,,1307,2024-08-24,0,,ACTIVE,2023 Joola LA Open,1227.0,1219.0,2023-08-12,2023-08-13
6087,Charles,Kim,3757,84561,"Torrance, CA",,1306,2023-10-08,1506,2014-06-22,ACTIVE,2019 Joola LA Open,1342.0,1337.0,2019-08-31,2019-09-01
6087,Charles,Kim,3757,84561,"Torrance, CA",,1306,2023-10-08,1506,2014-06-22,ACTIVE,2018 JOOLA LA Open Tournament,1418.0,1380.0,2018-09-01,2018-09-01
6087,Charles,Kim,3757,84561,"Torrance, CA",,1306,2023-10-08,1506,2014-06-22,ACTIVE,NW LA Open,1364.0,1355.0,2016-05-01,2016-05-01
6087,Charles,Kim,3757,84561,"Torrance, CA",,1306,2023-10-08,1506,2014-06-22,ACTIVE,2015 LA Open Table Tennis Tournament,1238.0,1229.0,2015-09-06,
6087,Charles,Kim,3757,84561,"Torrance, CA",,1306,2023-10-08,1506,2014-06-22,ACTIVE,2014 LA Open Table Tennis Tournament,1306.0,1270.0,2014-08-17,
6087,Charles,Kim,3757,84561,"Torrance, CA",,1306,2023-10-08,1506,2014-06-22,ACTIVE,North-West LA Open,1327.0,1307.0,2013-09-15,
6087,Charles,Kim,3757,84561,"Torrance, CA",,1306,2023-10-08,1506,2014-06-22,ACTIVE,2013 LA Open Table Tennis Tournament,1313.0,1327.0,2013-09-01,
6087,Charles,Kim,3757,84561,"Torrance, CA",,1306,2023-10-08,1506,2014-06-22,ACTIVE,North-West LA Open,1381.0,1297.0,2013-04-14,
6087,Charles,Kim,3757,84561,"Torrance, CA",,1306,2023-10-08,1506,2014-06-22,ACTIVE,2012 LA Open Butterfly Table Tennis Tournament,1336.0,1381.0,2012-09-02,
6091,Tommy,Tam,180468,279468,"San Gabriel, CA",,1306,2024-08-04,1691,2024-05-24,ACTIVE,2024 JOOLA LA Open Table Tennis Tournament,1300.0,1306.0,2024-08-03,2024-08-04
6099,Victor,Park,183297,1183297,Irvine,,1303,2024-08-04,0,,ACTIVE,2024 JOOLA LA Open Table Tennis Tournament,1187.0,1303.0,2024-08-03,2024-08-04
6106,Taish,Le,176867,275867,"Irvine, CA",,1303,2024-08-04,0,,ACTIVE,2024 JOOLA LA Open Table Tennis Tournament,1303.0,1303.0,2024-08-03,2024-08-04
6112,Shelley,Hardy,2825,13206,"Carlsbad, CA",Learning Tree Table Tennis Club,1301,2024-06-02,1369,2024-09-06,ACTIVE,2016 Butterfly LA Open Tournament,1663.0,1607.0,2016-09-03,2016-09-04
6112,Shelley,Hardy,2825,13206,"Carlsbad, CA",Learning Tree Table Tennis Club,1301,2024-06-02,1369,2024-09-06,ACTIVE,2015 LA Open Table Tennis Tournament,1458.0,1448.0,2015-09-06,
6112,Shelley,Hardy,2825,13206,"Carlsbad, CA",Learning Tree Table Tennis Club,1301,2024-06-02,1369,2024-09-06,ACTIVE,2014 LA Open Table Tennis Tournament,1495.0,1414.0,2014-08-17,
6116,Lexie,Yang,174324,1174324,San Diego,,1301,2024-05-11,1351,2024-09-06,ACTIVE,2023 Joola LA Open,855.0,955.0,2023-08-12,2023-08-13
6163,Ryan,Yin,174325,1174325,San Diego,,1294,2024-06-16,1064,2024-09-06,ACTIVE,2023 Joola LA Open,994.0,1163.0,2023-08-12,2023-08-13
6180,Steve,Zhu,56076,86510,"Chino Hills, CA",,1291,2024-08-04,1156,2013-05-19,ACTIVE,2024 JOOLA LA Open Table Tennis Tournament,1286.0,1291.0,2024-08-03,2024-08-04
6180,Steve,Zhu,56076,86510,"Chino Hills, CA",,1291,2024-08-04,1156,2013-05-19,ACTIVE,2013 LA Open Table Tennis Tournament,1336.0,1331.0,2013-09-01,
6191,Stanley Gene,Frisbee,2254,5925,"Costa Mesa, CA",,1290,2024-08-24,1695,2012-03-17,ACTIVE,2019 Joola LA Open,1401.0,1413.0,2019-08-31,2019-09-01
6191,Stanley Gene,Frisbee,2254,5925,"Costa Mesa, CA",,1290,2024-08-24,1695,2012-03-17,ACTIVE,2018 JOOLA LA Open Tournament,1378.0,1354.0,2018-09-01,2018-09-01
6191,Stanley Gene,Frisbee,2254,5925,"Costa Mesa, CA",,1290,2024-08-24,1695,2012-03-17,ACTIVE,OCTTA warm up for LA open,1388.0,1378.0,2018-08-25,2018-08-26
6195,Vuong,Hong,115494,214494,"Costa Mesa, CA",,1289,2024-01-21,0,,ACTIVE,2018 JOOLA LA Open Tournament,1221.0,1267.0,2018-09-01,2018-09-01
6195,Vuong,Hong,115494,214494,"Costa Mesa, CA",,1289,2024-01-21,0,,ACTIVE,OCTTA warm up for LA open,1120.0,1221.0,2018-08-25,2018-08-26
6197,Karim,Jahangard,123789,222789,"Pasadena, CA",,1289,2024-01-27,0,,ACTIVE,North West LA Open 2 ,0.0,904.0,2018-04-29,2018-04-29
6202,Ben,Zahavi,177962,1177962,Los Angeles,,1288,2023-12-21,0,,ACTIVE,2022 LA Open,0.0,1438.0,2022-12-10,2022-12-11
6208,Meyer,Chau,179961,1179961,Westminster,,1288,2024-04-28,0,,ACTIVE,2023 Joola LA Open,1304.0,1304.0,2023-08-12,2023-08-13
6223,Jin Hui,Qiao,180569,1180569,"Hacienda Heights, CA",,1284,2024-08-04,1312,2023-09-01,ACTIVE,2024 JOOLA LA Open Table Tennis Tournament,1286.0,1284.0,2024-08-03,2024-08-04
6231,Jingjing,Zhang,175118,1175118,Los Angeles,,1283,2024-08-04,0,,ACTIVE,2024 JOOLA LA Open Table Tennis Tournament,1286.0,1283.0,2024-08-03,2024-08-04
6235,Victor,Grubsky,2659,92875,"Porter Ranch, CA",Los Angeles Table Tennis Association,1283,2024-08-24,0,,ACTIVE,2022 LA Open,1423.0,1422.0,2022-12-10,2022-12-11
6235,Victor,Grubsky,2659,92875,"Porter Ranch, CA",Los Angeles Table Tennis Association,1283,2024-08-24,0,,ACTIVE,2019 Joola LA Open,1402.0,1426.0,2019-08-31,2019-09-01
6235,Victor,Grubsky,2659,92875,"Porter Ranch, CA",Los Angeles Table Tennis Association,1283,2024-08-24,0,,ACTIVE,North-West La Open 2** Sanctioned Tournament,1275.0,1276.0,2018-11-18,2018-11-18
6235,Victor,Grubsky,2659,92875,"Porter Ranch, CA",Los Angeles Table Tennis Association,1283,2024-08-24,0,,ACTIVE,North-West La Open 2** Sanctioned Tournament,1339.0,1325.0,2018-09-23,2018-09-23
6235,Victor,Grubsky,2659,92875,"Porter Ranch, CA",Los Angeles Table Tennis Association,1283,2024-08-24,0,,ACTIVE,2018 JOOLA LA Open Tournament,1348.0,1339.0,2018-09-01,2018-09-01
6235,Victor,Grubsky,2659,92875,"Porter Ranch, CA",Los Angeles Table Tennis Association,1283,2024-08-24,0,,ACTIVE,Norht- West LA Open,1413.0,1374.0,2017-11-19,2017-11-19
6235,Victor,Grubsky,2659,92875,"Porter Ranch, CA",Los Angeles Table Tennis Association,1283,2024-08-24,0,,ACTIVE,North West LA Open,1355.0,1394.0,2017-09-17,2017-09-17
6235,Victor,Grubsky,2659,92875,"Porter Ranch, CA",Los Angeles Table Tennis Association,1283,2024-08-24,0,,ACTIVE,North West LA Open,1218.0,1474.0,2017-01-15,2017-01-15
6235,Victor,Grubsky,2659,92875,"Porter Ranch, CA",Los Angeles Table Tennis Association,1283,2024-08-24,0,,ACTIVE,Trump's Time North West LA Open,1198.0,1236.0,2016-11-13,2016-11-13
6235,Victor,Grubsky,2659,92875,"Porter Ranch, CA",Los Angeles Table Tennis Association,1283,2024-08-24,0,,ACTIVE,2016 Butterfly LA Open Tournament,1292.0,1289.0,2016-09-03,2016-09-04
6235,Victor,Grubsky,2659,92875,"Porter Ranch, CA",Los Angeles Table Tennis Association,1283,2024-08-24,0,,ACTIVE,NW LA Open,1199.0,1244.0,2016-05-01,2016-05-01
6235,Victor,Grubsky,2659,92875,"Porter Ranch, CA",Los Angeles Table Tennis Association,1283,2024-08-24,0,,ACTIVE,NW LA Open,1086.0,1071.0,2016-01-17,2016-01-17
6235,Victor,Grubsky,2659,92875,"Porter Ranch, CA",Los Angeles Table Tennis Association,1283,2024-08-24,0,,ACTIVE,NW LA Open,1114.0,1086.0,2015-11-15,
6235,Victor,Grubsky,2659,92875,"Porter Ranch, CA",Los Angeles Table Tennis Association,1283,2024-08-24,0,,ACTIVE,2015 LA Open Table Tennis Tournament,1161.0,1179.0,2015-09-06,
6235,Victor,Grubsky,2659,92875,"Porter Ranch, CA",Los Angeles Table Tennis Association,1283,2024-08-24,0,,ACTIVE,NW LA Open,1014.0,1034.0,2015-05-03,
6235,Victor,Grubsky,2659,92875,"Porter Ranch, CA",Los Angeles Table Tennis Association,1283,2024-08-24,0,,ACTIVE,January 2015 NW LA Open,1039.0,987.0,2015-01-18,
6235,Victor,Grubsky,2659,92875,"Porter Ranch, CA",Los Angeles Table Tennis Association,1283,2024-08-24,0,,ACTIVE,NW LA Open,1072.0,1055.0,2014-11-16,
6235,Victor,Grubsky,2659,92875,"Porter Ranch, CA",Los Angeles Table Tennis Association,1283,2024-08-24,0,,ACTIVE,NW LA Open,1182.0,1162.0,2014-09-14,
6235,Victor,Grubsky,2659,92875,"Porter Ranch, CA",Los Angeles Table Tennis Association,1283,2024-08-24,0,,ACTIVE,2014 LA Open Table Tennis Tournament,946.0,1057.0,2014-08-17,
6235,Victor,Grubsky,2659,92875,"Porter Ranch, CA",Los Angeles Table Tennis Association,1283,2024-08-24,0,,ACTIVE,NW LA Open,946.0,928.0,2014-05-04,
6235,Victor,Grubsky,2659,92875,"Porter Ranch, CA",Los Angeles Table Tennis Association,1283,2024-08-24,0,,ACTIVE,NW LA Open,0.0,701.0,2014-01-19,
6242,Teddy,Tong,7842,1532,"Rancho Palos Verdes, CA",Grace Lin TTC,1281,2023-12-21,1498,2015-07-18,ACTIVE,2018 JOOLA LA Open Tournament,1278.0,1267.0,2018-09-01,2018-09-01
6242,Teddy,Tong,7842,1532,"Rancho Palos Verdes, CA",Grace Lin TTC,1281,2023-12-21,1498,2015-07-18,ACTIVE,2016 Butterfly LA Open Tournament,1366.0,1409.0,2016-09-03,2016-09-04
6242,Teddy,Tong,7842,1532,"Rancho Palos Verdes, CA",Grace Lin TTC,1281,2023-12-21,1498,2015-07-18,ACTIVE,2015 LA Open Table Tennis Tournament,1336.0,1368.0,2015-09-06,
6242,Teddy,Tong,7842,1532,"Rancho Palos Verdes, CA",Grace Lin TTC,1281,2023-12-21,1498,2015-07-18,ACTIVE,2014 LA Open Table Tennis Tournament,1545.0,1534.0,2014-08-17,
6242,Teddy,Tong,7842,1532,"Rancho Palos Verdes, CA",Grace Lin TTC,1281,2023-12-21,1498,2015-07-18,ACTIVE,2013 LA Open Table Tennis Tournament,1531.0,1525.0,2013-09-01,
6242,Teddy,Tong,7842,1532,"Rancho Palos Verdes, CA",Grace Lin TTC,1281,2023-12-21,1498,2015-07-18,ACTIVE,2012 LA Open Butterfly Table Tennis Tournament,1606.0,1591.0,2012-09-02,
6242,Teddy,Tong,7842,1532,"Rancho Palos Verdes, CA",Grace Lin TTC,1281,2023-12-21,1498,2015-07-18,ACTIVE,LA Open TT Tournament 2011,1533.0,1529.0,2011-09-04,
6246,Emma,Shi,174322,1174322,San Diego,,1281,2024-07-07,1178,2024-09-06,ACTIVE,2023 Joola LA Open,1153.0,1137.0,2023-08-12,2023-08-13
6255,Mike,Lin,32761,17529,"Torrance, TX",South Bay Table Tennis,1280,2024-08-04,0,,ACTIVE,2024 JOOLA LA Open Table Tennis Tournament,1280.0,1280.0,2024-08-03,2024-08-04
6281,Ce,Sun,175442,1175442,Chino Hills,,1275,2024-08-04,1559,2024-09-06,ACTIVE,2024 JOOLA LA Open Table Tennis Tournament,1226.0,1275.0,2024-08-03,2024-08-04
6281,Ce,Sun,175442,1175442,Chino Hills,,1275,2024-08-04,1559,2024-09-06,ACTIVE,2023 Joola LA Open,1083.0,1207.0,2023-08-12,2023-08-13
6282,Arunachalam,Vinayagam,176555,1176555,San Diego,,1275,2024-07-07,794,2024-03-29,ACTIVE,2023 Joola LA Open,1021.0,1020.0,2023-08-12,2023-08-13
6299,Vinh D.,Tran,124088,223088,Westminster,,1272,2018-09-01,0,,ACTIVE,2018 JOOLA LA Open Tournament,1220.0,1272.0,2018-09-01,2018-09-01
6299,Vinh D.,Tran,124088,223088,Westminster,,1272,2018-09-01,0,,ACTIVE,OCTTA warm up for LA open,761.0,1220.0,2018-08-25,2018-08-26
6362,Austin,Shi,173135,1173135,San Diego,,1263,2024-06-16,1174,2024-05-31,ACTIVE,2023 Joola LA Open,823.0,840.0,2023-08-12,2023-08-13
6369,Cherry,Chang,180215,1180215,,,1263,2024-08-04,0,,ACTIVE,2024 JOOLA LA Open Table Tennis Tournament,1270.0,1263.0,2024-08-03,2024-08-04
6391,Viktor,Troppmann,7901,49728,"Garden Grove, CA",Long Beach Table Tennis Club,1259,2019-10-10,1328,2018-04-25,ACTIVE,NW LA Open,1290.0,1253.0,2015-05-03,
6418,Peter,Lee,171811,1171811,Pasadena,,1255,2023-06-04,1700,2023-05-14,ACTIVE,2022 LA Open,979.0,1244.0,2022-12-10,2022-12-11
6439,Neil,Ohlenkamp,165690,264690,"carpinteria, CA",,1251,2019-10-10,0,,ACTIVE,North-West LA Open 2** Tournament,0.0,811.0,2019-06-16,2019-06-16
6448,Marvin,Karno,3632,22332,"Encino, CA",USA Valley Table Tennis Club,1249,2018-03-02,1326,2015-07-18,ACTIVE,North-West LA Open,1328.0,1284.0,2013-09-15,
6448,Marvin,Karno,3632,22332,"Encino, CA",USA Valley Table Tennis Club,1249,2018-03-02,1326,2015-07-18,ACTIVE,2013 LA Open Table Tennis Tournament,1298.0,1328.0,2013-09-01,
6448,Marvin,Karno,3632,22332,"Encino, CA",USA Valley Table Tennis Club,1249,2018-03-02,1326,2015-07-18,ACTIVE,LA Open TT Tournament 2011,1393.0,1398.0,2011-09-04,
6483,Roger,Tilton,49463,62555,"Riverside, CA",,1245,2024-08-04,0,,ACTIVE,2024 JOOLA LA Open Table Tennis Tournament,1245.0,1245.0,2024-08-03,2024-08-04
6483,Roger,Tilton,49463,62555,"Riverside, CA",,1245,2024-08-04,0,,ACTIVE,2019 Joola LA Open,1247.0,1247.0,2019-08-31,2019-09-01
6483,Roger,Tilton,49463,62555,"Riverside, CA",,1245,2024-08-04,0,,ACTIVE,2018 JOOLA LA Open Tournament,1248.0,1247.0,2018-09-01,2018-09-01
6483,Roger,Tilton,49463,62555,"Riverside, CA",,1245,2024-08-04,0,,ACTIVE,2016 Butterfly LA Open Tournament,1258.0,1258.0,2016-09-03,2016-09-04
6483,Roger,Tilton,49463,62555,"Riverside, CA",,1245,2024-08-04,0,,ACTIVE,2014 LA Open Table Tennis Tournament,1269.0,1269.0,2014-08-17,
6491,William,Blyth,655,12161,"Pasadena, CA",Allen and Sons Table Tennis Club,1244,2018-03-02,1372,2014-11-14,ACTIVE,NW LA Open,1337.0,1327.0,2016-05-01,2016-05-01
6491,William,Blyth,655,12161,"Pasadena, CA",Allen and Sons Table Tennis Club,1244,2018-03-02,1372,2014-11-14,ACTIVE,January 2015 NW LA Open,1346.0,1346.0,2015-01-18,
6491,William,Blyth,655,12161,"Pasadena, CA",Allen and Sons Table Tennis Club,1244,2018-03-02,1372,2014-11-14,ACTIVE,NW LA Open,1395.0,1383.0,2014-09-14,
6491,William,Blyth,655,12161,"Pasadena, CA",Allen and Sons Table Tennis Club,1244,2018-03-02,1372,2014-11-14,ACTIVE,NW LA Open,1410.0,1395.0,2014-05-04,
6491,William,Blyth,655,12161,"Pasadena, CA",Allen and Sons Table Tennis Club,1244,2018-03-02,1372,2014-11-14,ACTIVE,North-West LA Open,1395.0,1409.0,2013-09-15,
6491,William,Blyth,655,12161,"Pasadena, CA",Allen and Sons Table Tennis Club,1244,2018-03-02,1372,2014-11-14,ACTIVE,North-West LA Open,1368.0,1353.0,2013-04-14,
6532,John,Dart,1602,15534,"Northridge, CA",,1238,2018-03-02,1381,2010-04-12,ACTIVE,NW LA Open,1260.0,1238.0,2014-01-19,
6556,Wayne,Evans,167108,1167108,"Thousand Oaks, CA",Allen and Sons Table Tennis Club,1235,2024-06-02,0,,ACTIVE,North - West LA Open,863.0,891.0,2020-02-09,2020-02-09
6556,Wayne,Evans,167108,1167108,"Thousand Oaks, CA",Allen and Sons Table Tennis Club,1235,2024-06-02,0,,ACTIVE,North-West LA Open 2** Tournament,810.0,863.0,2019-11-17,2019-11-17
6556,Wayne,Evans,167108,1167108,"Thousand Oaks, CA",Allen and Sons Table Tennis Club,1235,2024-06-02,0,,ACTIVE,North-West LA Open 2** Tournament,0.0,810.0,2019-09-08,2019-09-08
6562,Alberto,Cajigas,13865,92128,"Modesto, CA",Modesto Table Tennis Club,1234,2024-01-27,1027,2020-02-22,ACTIVE,2019 Joola LA Open,1371.0,1359.0,2019-08-31,2019-09-01
6567,Shaowei,Yu,184791,1184791,"San Gabriel, CA",,1234,2024-08-04,0,,ACTIVE,2024 JOOLA LA Open Table Tennis Tournament,1231.0,1234.0,2024-08-03,2024-08-04
6578,Keming,Kao,176548,1176548,"San Diego, CA",Learning Tree Table Tennis Club,1233,2024-08-04,768,2023-05-12,ACTIVE,2024 JOOLA LA Open Table Tennis Tournament,915.0,1233.0,2024-08-03,2024-08-04
6578,Keming,Kao,176548,1176548,"San Diego, CA",Learning Tree Table Tennis Club,1233,2024-08-04,768,2023-05-12,ACTIVE,2023 Joola LA Open,618.0,718.0,2023-08-12,2023-08-13
6581,Xiaoni,Ouyang,177959,1177959,Los Angeles,,1232,2024-04-28,0,,ACTIVE,2022 LA Open,0.0,1193.0,2022-12-10,2022-12-11
6622,Tianzhao,Han,164863,1164863,"San Dimas, CA",L.A.T.T. (Los Angeles Table Tennis),1225,2024-07-20,0,,ACTIVE,2019 Joola LA Open,1309.0,1305.0,2019-08-31,2019-09-01
6634,Mohan,Vallabhapurapu,8034,73410,"Norco, CA",Los Angeles Table Tennis Association,1223,2024-03-10,0,,ACTIVE,2023 Joola LA Open,1142.0,1134.0,2023-08-12,2023-08-13
6648,Andy,Choi,172767,271767,"Irvine, CA",,1221,2024-06-02,0,,ACTIVE,2022 LA Open,868.0,972.0,2022-12-10,2022-12-11
6662,Shoujin,Wang,52011,91612,"Fremont, CA",,1218,2024-07-07,700,2024-09-07,ACTIVE,2014 LA Open Table Tennis Tournament,711.0,727.0,2014-08-17,
6676,Apisak,Sakhakorn,113263,212263,"Saugus, CA",Northridge Table Tennis,1216,2024-06-02,0,,ACTIVE,2019 Joola LA Open,1127.0,1222.0,2019-08-31,2019-09-01
6676,Apisak,Sakhakorn,113263,212263,"Saugus, CA",Northridge Table Tennis,1216,2024-06-02,0,,ACTIVE,2018 JOOLA LA Open Tournament,1029.0,1029.0,2018-09-01,2018-09-01
6676,Apisak,Sakhakorn,113263,212263,"Saugus, CA",Northridge Table Tennis,1216,2024-06-02,0,,ACTIVE,North West LA Open,820.0,820.0,2017-09-17,2017-09-17
6676,Apisak,Sakhakorn,113263,212263,"Saugus, CA",Northridge Table Tennis,1216,2024-06-02,0,,ACTIVE,2017 JOOLA LA Open Tournament,820.0,820.0,2017-09-02,2017-09-03
6683,Felips,Fei,183903,1183903,,,1215,2024-08-24,0,,ACTIVE,2024 JOOLA LA Open Table Tennis Tournament,955.0,977.0,2024-08-03,2024-08-04
6693,Danny,Diaz,1730,17913,"Seal Beach, CA",Los Angeles Table Tennis Association,1214,2024-02-24,0,,ACTIVE,2015 LA Open Table Tennis Tournament,1371.0,1365.0,2015-09-06,
6693,Danny,Diaz,1730,17913,"Seal Beach, CA",Los Angeles Table Tennis Association,1214,2024-02-24,0,,ACTIVE,2014 LA Open Table Tennis Tournament,1420.0,1340.0,2014-08-17,
6693,Danny,Diaz,1730,17913,"Seal Beach, CA",Los Angeles Table Tennis Association,1214,2024-02-24,0,,ACTIVE,2013 LA Open Table Tennis Tournament,1594.0,1548.0,2013-09-01,
6693,Danny,Diaz,1730,17913,"Seal Beach, CA",Los Angeles Table Tennis Association,1214,2024-02-24,0,,ACTIVE,2012 LA Open Butterfly Table Tennis Tournament,1492.0,1605.0,2012-09-02,
6693,Danny,Diaz,1730,17913,"Seal Beach, CA",Los Angeles Table Tennis Association,1214,2024-02-24,0,,ACTIVE,LA Open TT Tournament 2011,1186.0,1526.0,2011-09-04,
6697,Yat Man,Lo,180980,1180980,Diamond Bar,,1213,2024-08-04,0,,ACTIVE,2024 JOOLA LA Open Table Tennis Tournament,1211.0,1213.0,2024-08-03,2024-08-04
6697,Yat Man,Lo,180980,1180980,Diamond Bar,,1213,2024-08-04,0,,ACTIVE,2023 Joola LA Open,0.0,1213.0,2023-08-12,2023-08-13
6743,Seng Der,Lee,4287,94730,"Montebello, CA",,1206,2023-12-21,0,,ACTIVE,2023 Joola LA Open,1314.0,1207.0,2023-08-12,2023-08-13
6743,Seng Der,Lee,4287,94730,"Montebello, CA",,1206,2023-12-21,0,,ACTIVE,2017 JOOLA LA Open Tournament,1454.0,1352.0,2017-09-02,2017-09-03
6743,Seng Der,Lee,4287,94730,"Montebello, CA",,1206,2023-12-21,0,,ACTIVE,2016 Butterfly LA Open Tournament,1493.0,1454.0,2016-09-03,2016-09-04
6743,Seng Der,Lee,4287,94730,"Montebello, CA",,1206,2023-12-21,0,,ACTIVE,2015 LA Open Table Tennis Tournament,1329.0,1217.0,2015-09-06,
6781,Abivridh,Ram,176392,275392,,,1200,2024-09-02,1074,2024-09-07,ACTIVE,2024 JOOLA LA Open Table Tennis Tournament,985.0,1224.0,2024-08-03,2024-08-04
6817,Qin,Zhou,183928,1183928,Diamond Bar,,1195,2024-08-04,0,,ACTIVE,2024 JOOLA LA Open Table Tennis Tournament,1208.0,1195.0,2024-08-03,2024-08-04
6849,Simon,Zhu,180988,1180988,Rancho Cucamonga,,1191,2024-06-02,0,,ACTIVE,2023 Joola LA Open,0.0,1121.0,2023-08-12,2023-08-13
6850,Weixing,Tong,180224,1180224,Diamond Bar,,1190,2024-08-04,0,,ACTIVE,2024 JOOLA LA Open Table Tennis Tournament,1200.0,1190.0,2024-08-03,2024-08-04
6876,Andrew,Nguyen,5614,93182,"Huntington Beach, CA",,1187,2024-06-09,0,,ACTIVE,2019 Joola LA Open,1322.0,1328.0,2019-08-31,2019-09-01
6876,Andrew,Nguyen,5614,93182,"Huntington Beach, CA",,1187,2024-06-09,0,,ACTIVE,2018 JOOLA LA Open Tournament,1391.0,1383.0,2018-09-01,2018-09-01
6918,Yoze,Van Wingerden,103945,202945,"Carpinteria, CA",,1182,2024-06-02,0,,ACTIVE,NW LA Open,0.0,1013.0,2016-05-01,2016-05-01
6922,Chong,Chen,178626,277626,,,1182,2024-04-20,0,,ACTIVE,2023 Joola LA Open,1116.0,1116.0,2023-08-12,2023-08-13
6923,Min,Song,184790,1184790,"Los Angesles, CA",,1182,2024-08-04,0,,ACTIVE,2024 JOOLA LA Open Table Tennis Tournament,1188.0,1182.0,2024-08-03,2024-08-04
6930,Mizel,Mckee,5127,65437,"Pensacola, FL",Pensacola Table Tennis Club,1180,2024-06-08,0,,ACTIVE,Pensacola Open,1543.0,1561.0,1997-05-10,
6930,Mizel,Mckee,5127,65437,"Pensacola, FL",Pensacola Table Tennis Club,1180,2024-06-08,0,,ACTIVE,Pensacola Open,1526.0,1543.0,1997-01-11,
6930,Mizel,Mckee,5127,65437,"Pensacola, FL",Pensacola Table Tennis Club,1180,2024-06-08,0,,ACTIVE,Pensacola Open TTT,1512.0,1526.0,1996-08-31,
6941,Yi-Le,Hsu,177957,1177957,Hacienda Heights,,1178,2024-08-04,0,,ACTIVE,2024 JOOLA LA Open Table Tennis Tournament,1168.0,1178.0,2024-08-03,2024-08-04
6941,Yi-Le,Hsu,177957,1177957,Hacienda Heights,,1178,2024-08-04,0,,ACTIVE,2023 Joola LA Open,1170.0,1174.0,2023-08-12,2023-08-13
6941,Yi-Le,Hsu,177957,1177957,Hacienda Heights,,1178,2024-08-04,0,,ACTIVE,2022 LA Open,0.0,1170.0,2022-12-10,2022-12-11
6943,T.C.,Chang,175432,1175432,"Chino Hills, CA",Grace Lin TTC,1177,2024-08-04,1460,2024-09-06,ACTIVE,2024 JOOLA LA Open Table Tennis Tournament,1182.0,1177.0,2024-08-03,2024-08-04
6943,T.C.,Chang,175432,1175432,"Chino Hills, CA",Grace Lin TTC,1177,2024-08-04,1460,2024-09-06,ACTIVE,2023 Joola LA Open,1067.0,1071.0,2023-08-12,2023-08-13
6943,T.C.,Chang,175432,1175432,"Chino Hills, CA",Grace Lin TTC,1177,2024-08-04,1460,2024-09-06,ACTIVE,2022 LA Open,1019.0,1016.0,2022-12-10,2022-12-11
7003,Stella,Gong,2522,83059,"West Hills, CA",Grace Lin TTC,1167,2019-09-01,0,,ACTIVE,2019 Joola LA Open,1108.0,1167.0,2019-08-31,2019-09-01
7003,Stella,Gong,2522,83059,"West Hills, CA",Grace Lin TTC,1167,2019-09-01,0,,ACTIVE,North West LA Open,1018.0,1118.0,2017-01-15,2017-01-15
7003,Stella,Gong,2522,83059,"West Hills, CA",Grace Lin TTC,1167,2019-09-01,0,,ACTIVE,2016 Butterfly LA Open Tournament,704.0,739.0,2016-09-03,2016-09-04
7003,Stella,Gong,2522,83059,"West Hills, CA",Grace Lin TTC,1167,2019-09-01,0,,ACTIVE,NW LA Open,590.0,697.0,2016-05-01,2016-05-01
7003,Stella,Gong,2522,83059,"West Hills, CA",Grace Lin TTC,1167,2019-09-01,0,,ACTIVE,NW LA Open,587.0,589.0,2016-01-17,2016-01-17
7003,Stella,Gong,2522,83059,"West Hills, CA",Grace Lin TTC,1167,2019-09-01,0,,ACTIVE,NW LA Open,564.0,537.0,2015-09-13,
7024,Zihui,Liu,179334,278334,"Simi Valley, CA",,1162,2023-08-13,1045,2023-06-30,ACTIVE,2023 Joola LA Open,1206.0,1162.0,2023-08-12,2023-08-13
7029,Jung,Jo,115755,214755,"Yorba Linda, CA",,1160,2024-08-04,1402,2019-02-27,ACTIVE,2024 JOOLA LA Open Table Tennis Tournament,1166.0,1160.0,2024-08-03,2024-08-04
7029,Jung,Jo,115755,214755,"Yorba Linda, CA",,1160,2024-08-04,1402,2019-02-27,ACTIVE,2019 Joola LA Open,1179.0,1145.0,2019-08-31,2019-09-01
7047,Chong,Wang,180216,1180216,Irvine,,1159,2024-08-24,0,,ACTIVE,2023 Joola LA Open,1188.0,1198.0,2023-08-12,2023-08-13
7067,Leilani,Lopez,185447,1185447,Los Angeles,,1156,2024-08-24,0,,ACTIVE,2024 JOOLA LA Open Table Tennis Tournament,1157.0,1152.0,2024-08-03,2024-08-04
7116,Vishwanathan,Vinayagam,176556,1176556,San Diego,,1148,2024-07-07,850,2023-08-04,ACTIVE,2023 Joola LA Open,1129.0,1118.0,2023-08-12,2023-08-13
7121,David,Chong,170526,269526,"Rancho Cucamonga, CA",,1147,2024-05-18,0,,ACTIVE,2023 Joola LA Open,1054.0,1078.0,2023-08-12,2023-08-13
7138,Peter,Repka,172581,271581,"Laguna Niguel, CA",,1144,2024-08-24,0,,ACTIVE,2024 JOOLA LA Open Table Tennis Tournament,1170.0,1174.0,2024-08-03,2024-08-04
7138,Peter,Repka,172581,271581,"Laguna Niguel, CA",,1144,2024-08-24,0,,ACTIVE,2023 Joola LA Open,1236.0,1226.0,2023-08-12,2023-08-13
7138,Peter,Repka,172581,271581,"Laguna Niguel, CA",,1144,2024-08-24,0,,ACTIVE,2022 LA Open,1111.0,1152.0,2022-12-10,2022-12-11
7219,Shreya,Srinivasan,178044,277044,"Mountain View, CA",ICC Table Tennis Center,1131,2024-08-24,809,2024-09-08,ACTIVE,2024 JOOLA LA Open Table Tennis Tournament,725.0,1132.0,2024-08-03,2024-08-04
7244,Riko,Aizawa,181341,280341,"Torrance, CA",,1127,2024-08-04,1224,2024-04-05,ACTIVE,2024 JOOLA LA Open Table Tennis Tournament,1164.0,1127.0,2024-08-03,2024-08-04
7332,Matthew,Hekmatniaz,103852,202852,"Los Angeles, CA",,1112,2024-08-24,0,,ACTIVE,2022 LA Open,1200.0,1210.0,2022-12-10,2022-12-11
7339,Yanlin,Xu,176823,1176823,Diamond Bar,,1111,2024-08-04,0,,ACTIVE,2024 JOOLA LA Open Table Tennis Tournament,1161.0,1111.0,2024-08-03,2024-08-04
7339,Yanlin,Xu,176823,1176823,Diamond Bar,,1111,2024-08-04,0,,ACTIVE,2023 Joola LA Open,900.0,1141.0,2023-08-12,2023-08-13
7371,Kori,Lee,180431,1180431,"Pasadena, CA",,1104,2024-08-04,1010,2024-07-19,ACTIVE,2024 JOOLA LA Open Table Tennis Tournament,1184.0,1104.0,2024-08-03,2024-08-04
7371,Kori,Lee,180431,1180431,"Pasadena, CA",,1104,2024-08-04,1010,2024-07-19,ACTIVE,2023 Joola LA Open,0.0,1184.0,2023-08-12,2023-08-13
7404,Gigi,Zeng,55308,32916,"Sparks, NV",,1099,2024-01-27,957,2023-04-30,ACTIVE,2019 Joola LA Open,989.0,986.0,2019-08-31,2019-09-01
7419,Richard,Tao,180982,1180982,Arcadia,,1098,2024-08-04,0,,ACTIVE,2024 JOOLA LA Open Table Tennis Tournament,1133.0,1098.0,2024-08-03,2024-08-04
7419,Richard,Tao,180982,1180982,Arcadia,,1098,2024-08-04,0,,ACTIVE,2023 Joola LA Open,0.0,1133.0,2023-08-12,2023-08-13
7429,Karina,Zenke,151281,250281,Torrance,,1097,2024-08-04,880,2019-10-25,ACTIVE,2024 JOOLA LA Open Table Tennis Tournament,1099.0,1097.0,2024-08-03,2024-08-04
7429,Karina,Zenke,151281,250281,Torrance,,1097,2024-08-04,880,2019-10-25,ACTIVE,2023 Joola LA Open,898.0,881.0,2023-08-12,2023-08-13
7429,Karina,Zenke,151281,250281,Torrance,,1097,2024-08-04,880,2019-10-25,ACTIVE,2022 LA Open,842.0,842.0,2022-12-10,2022-12-11
7544,Gabriel,Robles,183751,1183751,Pomona,,1077,2024-08-24,1162,2024-06-21,ACTIVE,2024 JOOLA LA Open Table Tennis Tournament,1078.0,1053.0,2024-08-03,2024-08-04
7562,Jacob,Lin,177958,1177958,Los Alamitos,,1072,2022-12-11,869,2024-01-05,ACTIVE,2022 LA Open,0.0,1072.0,2022-12-10,2022-12-11
7590,Francisca,Moraga,171460,270460,"Brea, CA",Learning Tree Table Tennis Club,1067,2024-08-04,738,2024-04-12,ACTIVE,2024 JOOLA LA Open Table Tennis Tournament,967.0,1067.0,2024-08-03,2024-08-04
7614,Alfredo,Uribe,173725,1173725,,,1062,2024-08-04,1026,2023-09-30,ACTIVE,2024 JOOLA LA Open Table Tennis Tournament,1059.0,1062.0,2024-08-03,2024-08-04
7664,Gregory,Wallace,180395,1180395,"San Pedro, CA",South Bay Table Tennis,1052,2024-08-24,1334,2024-08-23,ACTIVE,2024 JOOLA LA Open Table Tennis Tournament,1064.0,1059.0,2024-08-03,2024-08-04
7680,Johnny,Pong,41145,92768,"Lake Forest, CA",,1048,2018-03-02,0,,ACTIVE,NW LA Open,0.0,1048.0,2014-01-19,
7694,Harriet,Quon,6323,2132,"Garden Grove, CA",Long Beach Table Tennis Club,1045,2022-10-06,1262,2020-03-04,ACTIVE,NW LA Open,1242.0,1186.0,2015-05-03,
7700,Josh,Weinstein,176078,1176078,"Los Angeles, CA",Westside Table Tennis Center,1044,2024-06-22,1072,2024-02-02,ACTIVE,2022 LA Open,853.0,869.0,2022-12-10,2022-12-11
7736,Jean,Newby,5575,79223,"Sylmar, CA",Grace Lin TTC,1037,2024-08-04,1143,2011-04-02,ACTIVE,2024 JOOLA LA Open Table Tennis Tournament,1057.0,1037.0,2024-08-03,2024-08-04
7736,Jean,Newby,5575,79223,"Sylmar, CA",Grace Lin TTC,1037,2024-08-04,1143,2011-04-02,ACTIVE,North - West LA Open,1126.0,1118.0,2020-02-09,2020-02-09
7736,Jean,Newby,5575,79223,"Sylmar, CA",Grace Lin TTC,1037,2024-08-04,1143,2011-04-02,ACTIVE,North-West LA Open 2** Tournament,1191.0,1126.0,2019-11-17,2019-11-17
7736,Jean,Newby,5575,79223,"Sylmar, CA",Grace Lin TTC,1037,2024-08-04,1143,2011-04-02,ACTIVE,2013 LA Open Table Tennis Tournament,934.0,928.0,2013-09-01,
7767,Tu,Mai,119072,218072,"Corona, CA",,1029,2024-01-27,0,,ACTIVE,2023 Joola LA Open,1187.0,1187.0,2023-08-12,2023-08-13
7777,Samantha,Peiris,179256,1179256,San Diego,,1027,2024-08-24,568,2024-09-06,ACTIVE,2024 JOOLA LA Open Table Tennis Tournament,689.0,987.0,2024-08-03,2024-08-04
7777,Samantha,Peiris,179256,1179256,San Diego,,1027,2024-08-24,568,2024-09-06,ACTIVE,2023 Joola LA Open,435.0,443.0,2023-08-12,2023-08-13
7824,Jayden,Ling,185032,1185032,Irvine,,1018,2024-08-04,0,,ACTIVE,2024 JOOLA LA Open Table Tennis Tournament,1011.0,1018.0,2024-08-03,2024-08-04
7902,Wenyi,Yang,180058,279058,"Torrance, CA",California Table Tennis,1002,2024-08-04,0,,ACTIVE,2024 JOOLA LA Open Table Tennis Tournament,884.0,1002.0,2024-08-03,2024-08-04
7962,Antonio,Man,150987,1150987,Henderson,,990,2024-08-04,0,,ACTIVE,2024 JOOLA LA Open Table Tennis Tournament,1034.0,990.0,2024-08-03,2024-08-04
8024,Fred,Witte,8524,93916,"San Diego, CA",,973,2024-06-02,1501,2016-10-20,ACTIVE,2019 Joola LA Open,1117.0,1030.0,2019-08-31,2019-09-01
8024,Fred,Witte,8524,93916,"San Diego, CA",,973,2024-06-02,1501,2016-10-20,ACTIVE,2018 JOOLA LA Open Tournament,970.0,1003.0,2018-09-01,2018-09-01
8024,Fred,Witte,8524,93916,"San Diego, CA",,973,2024-06-02,1501,2016-10-20,ACTIVE,2017 JOOLA LA Open Tournament,1096.0,1102.0,2017-09-02,2017-09-03
8024,Fred,Witte,8524,93916,"San Diego, CA",,973,2024-06-02,1501,2016-10-20,ACTIVE,2015 LA Open Table Tennis Tournament,1011.0,1114.0,2015-09-06,
8078,Trent,Maclean,175479,274479,Rancho Mirage,,960,2023-12-21,0,,ACTIVE,2022 LA Open,390.0,390.0,2022-12-10,2022-12-11
8079,Craig,Beuttler,118908,217908,"Laguna Woods, CA",,960,2020-10-11,0,,ACTIVE,North West LA Open 2 ,874.0,1082.0,2018-04-29,2018-04-29
8113,Mani,Chinnaiah,15849,24419,"Irvine, CA",,953,2024-06-02,0,,ACTIVE,2023 Joola LA Open,1028.0,1026.0,2023-08-12,2023-08-13
8141,Heather,Angelinetta,207,3900,"West Hills, CA",,947,2018-03-02,0,,ACTIVE,North-West LA Open,0.0,947.0,2013-04-14,
8193,Leni,Li,177311,1177311,Hacienda Heights,,936,2024-08-04,0,,ACTIVE,2024 JOOLA LA Open Table Tennis Tournament,980.0,936.0,2024-08-03,2024-08-04
8193,Leni,Li,177311,1177311,Hacienda Heights,,936,2024-08-04,0,,ACTIVE,2023 Joola LA Open,1024.0,980.0,2023-08-12,2023-08-13
8193,Leni,Li,177311,1177311,Hacienda Heights,,936,2024-08-04,0,,ACTIVE,2022 LA Open,1038.0,1035.0,2022-12-10,2022-12-11
8233,Mingrong,Xia,185696,1185696,Eastvale,,929,2024-08-04,0,,ACTIVE,2024 JOOLA LA Open Table Tennis Tournament,0.0,929.0,2024-08-03,2024-08-04
8242,Alexander,Jalbuena,180978,1180978,Valencia,,928,2024-08-04,960,2024-09-06,ACTIVE,2024 JOOLA LA Open Table Tennis Tournament,921.0,928.0,2024-08-03,2024-08-04
8242,Alexander,Jalbuena,180978,1180978,Valencia,,928,2024-08-04,960,2024-09-06,ACTIVE,2023 Joola LA Open,0.0,1054.0,2023-08-12,2023-08-13
8303,Maria,Martinez,173726,1173726,,,916,2024-08-04,1016,2023-09-30,ACTIVE,2024 JOOLA LA Open Table Tennis Tournament,916.0,916.0,2024-08-03,2024-08-04
8395,Felix,Yu,183927,1183927,,,898,2024-08-24,0,,ACTIVE,2024 JOOLA LA Open Table Tennis Tournament,799.0,790.0,2024-08-03,2024-08-04
8441,Tania,Ralhan,177405,276405,,,890,2024-05-27,0,,ACTIVE,2022 LA Open,1264.0,1251.0,2022-12-10,2022-12-11
8489,Eric,Moon,185033,1185033,Irvine,,878,2024-08-04,0,,ACTIVE,2024 JOOLA LA Open Table Tennis Tournament,847.0,878.0,2024-08-03,2024-08-04
8490,Rhea,Rao,172875,271875,"Castle Pines, CO",Mile High Table Tennis Academy,877,2024-08-04,0,2021-10-17,ACTIVE,2024 JOOLA LA Open Table Tennis Tournament,570.0,877.0,2024-08-03,2024-08-04
8512,Charles,Noone,5723,88464,"Oxnard, CA",,873,2018-03-02,0,,ACTIVE,Norht- West LA Open,923.0,873.0,2017-11-19,2017-11-19
8512,Charles,Noone,5723,88464,"Oxnard, CA",,873,2018-03-02,0,,ACTIVE,North West LA Open,989.0,1005.0,2017-09-17,2017-09-17
8512,Charles,Noone,5723,88464,"Oxnard, CA",,873,2018-03-02,0,,ACTIVE,Trump's Time North West LA Open,1057.0,992.0,2016-11-13,2016-11-13
8512,Charles,Noone,5723,88464,"Oxnard, CA",,873,2018-03-02,0,,ACTIVE,NW LA Open,1013.0,1009.0,2016-05-01,2016-05-01
8512,Charles,Noone,5723,88464,"Oxnard, CA",,873,2018-03-02,0,,ACTIVE,NW LA Open,890.0,893.0,2016-01-17,2016-01-17
8512,Charles,Noone,5723,88464,"Oxnard, CA",,873,2018-03-02,0,,ACTIVE,NW LA Open,947.0,895.0,2015-11-15,
8512,Charles,Noone,5723,88464,"Oxnard, CA",,873,2018-03-02,0,,ACTIVE,NW LA Open,846.0,843.0,2015-09-13,
8512,Charles,Noone,5723,88464,"Oxnard, CA",,873,2018-03-02,0,,ACTIVE,2015 LA Open Table Tennis Tournament,847.0,846.0,2015-09-06,
8512,Charles,Noone,5723,88464,"Oxnard, CA",,873,2018-03-02,0,,ACTIVE,NW LA Open,812.0,801.0,2015-05-03,
8512,Charles,Noone,5723,88464,"Oxnard, CA",,873,2018-03-02,0,,ACTIVE,January 2015 NW LA Open,948.0,843.0,2015-01-18,
8512,Charles,Noone,5723,88464,"Oxnard, CA",,873,2018-03-02,0,,ACTIVE,NW LA Open,990.0,890.0,2014-09-14,
8512,Charles,Noone,5723,88464,"Oxnard, CA",,873,2018-03-02,0,,ACTIVE,NW LA Open,897.0,946.0,2014-05-04,
8512,Charles,Noone,5723,88464,"Oxnard, CA",,873,2018-03-02,0,,ACTIVE,NW LA Open,969.0,887.0,2014-01-19,
8512,Charles,Noone,5723,88464,"Oxnard, CA",,873,2018-03-02,0,,ACTIVE,North-West LA Open,902.0,896.0,2013-09-15,
8512,Charles,Noone,5723,88464,"Oxnard, CA",,873,2018-03-02,0,,ACTIVE,2013 LA Open Table Tennis Tournament,909.0,902.0,2013-09-01,
8512,Charles,Noone,5723,88464,"Oxnard, CA",,873,2018-03-02,0,,ACTIVE,North-West LA Open,872.0,879.0,2013-04-14,
8515,Andy,Wu,182770,281770,"San Gabriel, CA",,872,2024-08-04,1089,2024-03-08,ACTIVE,2024 JOOLA LA Open Table Tennis Tournament,0.0,872.0,2024-08-03,2024-08-04
8567,Isaiah,Gonzalez,184665,283665,"Perris, CA",,860,2024-08-04,0,,ACTIVE,2024 JOOLA LA Open Table Tennis Tournament,847.0,860.0,2024-08-03,2024-08-04
8634,Andy,Chen,171562,1171562,"Vacaville, CA",,843,2024-09-02,788,2024-07-07,ACTIVE,2023 Joola LA Open,811.0,832.0,2023-08-12,2023-08-13
8656,Chase,Friedland,2247,93868,"Santa Monica, CA",,839,2023-11-19,0,,ACTIVE,North West LA Open 2 ,440.0,552.0,2018-04-29,2018-04-29
8656,Chase,Friedland,2247,93868,"Santa Monica, CA",,839,2023-11-19,0,,ACTIVE,North West LA Open,340.0,440.0,2018-01-21,2018-01-21
8656,Chase,Friedland,2247,93868,"Santa Monica, CA",,839,2023-11-19,0,,ACTIVE,NW LA Open,419.0,428.0,2015-11-15,
8658,Declan,Chu,181219,280219,"Aliso Veijo, CA",,839,2024-08-04,773,2023-09-01,ACTIVE,2024 JOOLA LA Open Table Tennis Tournament,809.0,839.0,2024-08-03,2024-08-04
8659,Neil,Grey,2632,6269,"Miami, FL",,838,2020-02-23,0,,ACTIVE,North-West LA Open 2** Tournament,971.0,882.0,2019-01-20,2019-01-20
8659,Neil,Grey,2632,6269,"Miami, FL",,838,2020-02-23,0,,ACTIVE,NW LA Open,917.0,911.0,2016-01-17,2016-01-17
8659,Neil,Grey,2632,6269,"Miami, FL",,838,2020-02-23,0,,ACTIVE,2014 LA Open Table Tennis Tournament,909.0,899.0,2014-08-17,
8721,Hyunoh,Song,185319,284319,"chino hills, CA",,824,2024-08-24,0,,ACTIVE,2024 JOOLA LA Open Table Tennis Tournament,0.0,775.0,2024-08-03,2024-08-04
8741,Samuel,Ibarra,182698,1182698,Tijuana,,819,2024-08-04,0,,ACTIVE,2024 JOOLA LA Open Table Tennis Tournament,829.0,819.0,2024-08-03,2024-08-04
8810,Mi,Hoang,25290,31659,"Stanton, CA",,802,2024-08-04,0,,ACTIVE,2024 JOOLA LA Open Table Tennis Tournament,804.0,802.0,2024-08-03,2024-08-04
8810,Mi,Hoang,25290,31659,"Stanton, CA",,802,2024-08-04,0,,ACTIVE,2023 Joola LA Open,846.0,794.0,2023-08-12,2023-08-13
8826,Leonardo,Dinner,183446,282446,,,799,2024-08-04,0,,ACTIVE,2024 JOOLA LA Open Table Tennis Tournament,829.0,799.0,2024-08-03,2024-08-04
8834,Benjamin,Gao,185444,1185444,Walnut,,797,2024-08-04,0,,ACTIVE,2024 JOOLA LA Open Table Tennis Tournament,998.0,797.0,2024-08-03,2024-08-04
8858,Cayden,Choy,185682,1185682,Chino Hills,,792,2024-08-04,0,,ACTIVE,2024 JOOLA LA Open Table Tennis Tournament,0.0,792.0,2024-08-03,2024-08-04
8868,Yindong,Mao,185390,284390,"Arcadia, CA",,790,2024-08-04,0,,ACTIVE,2024 JOOLA LA Open Table Tennis Tournament,0.0,790.0,2024-08-03,2024-08-04
9002,Militza,Ibarra Flores,179879,278879,,,755,2024-08-04,564,2024-01-26,ACTIVE,2024 JOOLA LA Open Table Tennis Tournament,788.0,755.0,2024-08-03,2024-08-04
9045,Vicky,Zhou,184559,1184559,,,746,2024-08-04,0,,ACTIVE,2024 JOOLA LA Open Table Tennis Tournament,794.0,746.0,2024-08-03,2024-08-04
9202,Andy,Yu,185037,1185037,Rosemead,,708,2024-08-04,0,,ACTIVE,2024 JOOLA LA Open Table Tennis Tournament,705.0,708.0,2024-08-03,2024-08-04
9204,Jun Ho,Chae,184619,283619,"Irvine, CA",,707,2024-08-04,0,,ACTIVE,2024 JOOLA LA Open Table Tennis Tournament,717.0,707.0,2024-08-03,2024-08-04
9207,Emily,Levin,120045,219045,"Sherwood Forest, CA",,707,2023-12-21,0,,ACTIVE,North West LA Open,687.0,677.0,2018-01-21,2018-01-21
9207,Emily,Levin,120045,219045,"Sherwood Forest, CA",,707,2023-12-21,0,,ACTIVE,North West LA Open,0.0,702.0,2017-09-17,2017-09-17
9270,Edward,Deng,185683,1185683,Chino Hills,,687,2024-08-04,0,,ACTIVE,2024 JOOLA LA Open Table Tennis Tournament,0.0,687.0,2024-08-03,2024-08-04
9280,Thuy,Huynh,176192,1176192,Huntington Beach,,683,2023-12-21,0,,ACTIVE,2022 LA Open,816.0,809.0,2022-12-10,2022-12-11
9286,Yuri,Kuwahara,172860,271860,"San Marcos, CA",Learning Tree Table Tennis Club,681,2024-08-04,575,2024-04-12,ACTIVE,2024 JOOLA LA Open Table Tennis Tournament,674.0,681.0,2024-08-03,2024-08-04
9309,Jane,Prescott,6241,90370,"Glendale, CA",Allen and Sons Table Tennis Club,676,2021-10-07,0,,ACTIVE,NW LA Open,666.0,648.0,2016-05-01,2016-05-01
9309,Jane,Prescott,6241,90370,"Glendale, CA",Allen and Sons Table Tennis Club,676,2021-10-07,0,,ACTIVE,NW LA Open,675.0,666.0,2016-01-17,2016-01-17
9309,Jane,Prescott,6241,90370,"Glendale, CA",Allen and Sons Table Tennis Club,676,2021-10-07,0,,ACTIVE,NW LA Open,669.0,675.0,2015-09-13,
9309,Jane,Prescott,6241,90370,"Glendale, CA",Allen and Sons Table Tennis Club,676,2021-10-07,0,,ACTIVE,NW LA Open,675.0,669.0,2015-05-03,
9309,Jane,Prescott,6241,90370,"Glendale, CA",Allen and Sons Table Tennis Club,676,2021-10-07,0,,ACTIVE,January 2015 NW LA Open,704.0,677.0,2015-01-18,
9309,Jane,Prescott,6241,90370,"Glendale, CA",Allen and Sons Table Tennis Club,676,2021-10-07,0,,ACTIVE,NW LA Open,746.0,732.0,2014-09-14,
9309,Jane,Prescott,6241,90370,"Glendale, CA",Allen and Sons Table Tennis Club,676,2021-10-07,0,,ACTIVE,NW LA Open,881.0,746.0,2014-01-19,
9309,Jane,Prescott,6241,90370,"Glendale, CA",Allen and Sons Table Tennis Club,676,2021-10-07,0,,ACTIVE,2013 LA Open Table Tennis Tournament,883.0,881.0,2013-09-01,
9309,Jane,Prescott,6241,90370,"Glendale, CA",Allen and Sons Table Tennis Club,676,2021-10-07,0,,ACTIVE,North-West LA Open,901.0,883.0,2013-04-14,
9404,Andrew Xiangbo,Gu,185684,1185684,Chino Hills,,650,2024-08-04,0,,ACTIVE,2024 JOOLA LA Open Table Tennis Tournament,0.0,650.0,2024-08-03,2024-08-04
9407,JingRen,Li,181538,1181538,Lake Forest,,649,2024-08-04,831,2024-01-05,ACTIVE,2024 JOOLA LA Open Table Tennis Tournament,0.0,649.0,2024-08-03,2024-08-04
9415,Tino,Voong,185693,1185693,Chino Hills,,648,2024-08-04,0,,ACTIVE,2024 JOOLA LA Open Table Tennis Tournament,0.0,648.0,2024-08-03,2024-08-04
9471,Gavin,Ho,182625,1182625,,,629,2024-08-04,0,,ACTIVE,2024 JOOLA LA Open Table Tennis Tournament,625.0,629.0,2024-08-03,2024-08-04
9478,Mai,Lei,184906,283906,"Long Island City, NY",PingPod Midtown West,628,2024-08-22,0,,ACTIVE,2024 JOOLA LA Open Table Tennis Tournament,583.0,578.0,2024-08-03,2024-08-04
9491,Aaron,Wu,183447,282447,"PORTER RANCH, CA",Allen and Sons Table Tennis Club,624,2024-08-04,0,,ACTIVE,2024 JOOLA LA Open Table Tennis Tournament,627.0,624.0,2024-08-03,2024-08-04
9519,Milly,Lin,182628,1182628,,,612,2024-08-04,0,,ACTIVE,2024 JOOLA LA Open Table Tennis Tournament,657.0,612.0,2024-08-03,2024-08-04
9544,Lina,Kuwahara,179846,278846,"San Marcos, CA",Learning Tree Table Tennis Club,605,2024-08-04,374,2024-09-06,ACTIVE,2024 JOOLA LA Open Table Tennis Tournament,598.0,605.0,2024-08-03,2024-08-04
9593,Amy,Yao,185697,1185697,Chino Hills,,590,2024-08-04,0,,ACTIVE,2024 JOOLA LA Open Table Tennis Tournament,0.0,590.0,2024-08-03,2024-08-04
9653,Alexander,Ganelis,21605,94528,"Beverly Hills, CA",,572,2023-11-19,0,,ACTIVE,NW LA Open,569.0,572.0,2014-11-16,
9653,Alexander,Ganelis,21605,94528,"Beverly Hills, CA",,572,2023-11-19,0,,ACTIVE,NW LA Open,0.0,569.0,2014-09-14,
9655,Desmond,Horsley,184550,1184550,Studio Coty,,572,2024-08-25,0,,ACTIVE,2024 JOOLA LA Open Table Tennis Tournament,638.0,690.0,2024-08-03,2024-08-04
9661,Doris,Li,185446,1185446,Temple,,570,2024-08-24,0,,ACTIVE,2024 JOOLA LA Open Table Tennis Tournament,566.0,563.0,2024-08-03,2024-08-04
9697,Harlin,Chen,185681,1185681,Chino Hills,,556,2024-08-04,0,,ACTIVE,2024 JOOLA LA Open Table Tennis Tournament,0.0,556.0,2024-08-03,2024-08-04
9721,Johny,Lin,185689,1185689,Diamond Bar,,547,2024-08-04,0,,ACTIVE,2024 JOOLA LA Open Table Tennis Tournament,0.0,547.0,2024-08-03,2024-08-04
9747,Caden,Liu,185690,1185690,Tustin,,540,2024-08-04,0,,ACTIVE,2024 JOOLA LA Open Table Tennis Tournament,0.0,540.0,2024-08-03,2024-08-04
9754,Joachim,Karno,169789,1169789,Los Angeles,,538,2023-11-19,0,,ACTIVE,North - West LA Open,0.0,439.0,2020-02-09,2020-02-09
9755,Evelyn,Huang,185320,284320,"Hacienda Heights, CA",,538,2024-08-04,0,,ACTIVE,2024 JOOLA LA Open Table Tennis Tournament,0.0,538.0,2024-08-03,2024-08-04
9765,Shriya,Kodaty,180485,279485,,,532,2024-08-25,148,2024-09-08,ACTIVE,2024 JOOLA LA Open Table Tennis Tournament,91.0,718.0,2024-08-03,2024-08-04
9900,William,Wu,185695,1185695,Brooklyn,,468,2024-08-04,0,,ACTIVE,2024 JOOLA LA Open Table Tennis Tournament,0.0,468.0,2024-08-03,2024-08-04
9992,Patrick,Sun,176070,275070,CA,,425,2024-08-25,0,,ACTIVE,2024 JOOLA LA Open Table Tennis Tournament,424.0,765.0,2024-08-03,2024-08-04
10010,Alex,Yang,184494,283494,"Glendora, CA",,418,2024-08-04,393,2024-05-03,ACTIVE,2024 JOOLA LA Open Table Tennis Tournament,0.0,418.0,2024-08-03,2024-08-04
10108,Frank,Wu,185694,1185694,Chino Hills,,360,2024-08-04,0,,ACTIVE,2024 JOOLA LA Open Table Tennis Tournament,0.0,360.0,2024-08-03,2024-08-04
10130,Timothy,Chu,177170,1177170,San Diego,,344,2023-04-02,731,2023-06-03,ACTIVE,2022 LA Open,276.0,276.0,2022-12-10,2022-12-11
10154,Ali Efe,Arslan,185676,1185676,Edmonton,,323,2024-08-04,0,,ACTIVE,2024 JOOLA LA Open Table Tennis Tournament,0.0,323.0,2024-08-03,2024-08-04
10175,Eva,Chen,185680,1185680,Walnut,,307,2024-08-04,0,,ACTIVE,2024 JOOLA LA Open Table Tennis Tournament,0.0,307.0,2024-08-03,2024-08-04
10224,Julian,Lee,180168,1180168,Pasadena,,269,2024-08-04,1202,2024-07-19,ACTIVE,2024 JOOLA LA Open Table Tennis Tournament,211.0,269.0,2024-08-03,2024-08-04
10224,Julian,Lee,180168,1180168,Pasadena,,269,2024-08-04,1202,2024-07-19,ACTIVE,2023 Joola LA Open,0.0,211.0,2023-08-12,2023-08-13
10281,Qianhan,Cao,185678,1185678,Chino Hills,,203,2024-08-04,0,,ACTIVE,2024 JOOLA LA Open Table Tennis Tournament,0.0,203.0,2024-08-03,2024-08-04
10363,Oscar,Qiu,182630,1182630,,,87,2024-08-04,0,,ACTIVE,2024 JOOLA LA Open Table Tennis Tournament,81.0,87.0,2024-08-03,2024-08-04
10411,Defne,Arslan,185677,1185677,Edmonotn,,42,2024-08-04,0,,ACTIVE,2024 JOOLA LA Open Table Tennis Tournament,0.0,42.0,2024-08-03,2024-08-04
10436,Jayden,Lai,185686,1185686,Temple City,,32,2024-08-04,0,,ACTIVE,2024 JOOLA LA Open Table Tennis Tournament,0.0,32.0,2024-08-03,2024-08-04
