Rank,First Name,Last Name,Database#,USATT#,Location,Home Club,Tournament Rating,Last Played Tournament,League Rating,Last Played League,Membership Expiration,Tournament,Initial Rating,Final Rating,Start Date,End Date
3,Kanak,Jha,3431,72193,"Milpitas, CA",888 Table Tennis Center,2806,2024-07-07,2737,2017-04-08,ACTIVE,2024 US OLYMPIC TEAM TRIALS,2767.0,2797.0,2024-03-21,2024-03-24
3,Kanak,Jha,3431,72193,"Milpitas, CA",888 Table Tennis Center,2806,2024-07-07,2737,2017-04-08,ACTIVE,2017 National Team Trials,2708.0,2670.0,2017-03-24,2017-03-26
3,Kanak,Jha,3431,72193,"Milpitas, CA",888 Table Tennis Center,2806,2024-07-07,2737,2017-04-08,ACTIVE,2015 US National Team Trials,2641.0,2655.0,2015-12-20,2015-12-21
3,Kanak,Jha,3431,72193,"Milpitas, CA",888 Table Tennis Center,2806,2024-07-07,2737,2017-04-08,ACTIVE,2015 Pan Am and National Team Trials,2565.0,2588.0,2015-03-08,
3,Kanak,Jha,3431,72193,"Milpitas, CA",888 Table Tennis Center,2806,2024-07-07,2737,2017-04-08,ACTIVE,2014 National Team Trials,2614.0,2588.0,2014-03-09,
7,Nikhil,Kumar,3998,84326,"San Jose, CA",888 Table Tennis Center,2753,2024-09-02,2601,2022-08-28,ACTIVE,2024 US OLYMPIC TEAM TRIALS,2753.0,2754.0,2024-03-21,2024-03-24
7,Nikhil,Kumar,3998,84326,"San Jose, CA",888 Table Tennis Center,2753,2024-09-02,2601,2022-08-28,ACTIVE,2024 US World Championship Team Trials,2668.0,2773.0,2024-01-12,2024-01-14
7,Nikhil,Kumar,3998,84326,"San Jose, CA",888 Table Tennis Center,2753,2024-09-02,2601,2022-08-28,ACTIVE,2023 Adult National Team Trials,2691.0,2670.0,2023-04-07,2023-04-09
7,Nikhil,Kumar,3998,84326,"San Jose, CA",888 Table Tennis Center,2753,2024-09-02,2601,2022-08-28,ACTIVE,2022 US Nationals Team Trials,2656.0,2656.0,2022-06-25,2022-07-01
7,Nikhil,Kumar,3998,84326,"San Jose, CA",888 Table Tennis Center,2753,2024-09-02,2601,2022-08-28,ACTIVE,2021 National Team & Junior Pan Am Games Team Trials,2761.0,2722.0,2021-05-21,2021-05-26
7,Nikhil,Kumar,3998,84326,"San Jose, CA",888 Table Tennis Center,2753,2024-09-02,2601,2022-08-28,ACTIVE,2017 National Team Trials,2590.0,2552.0,2017-03-24,2017-03-26
7,Nikhil,Kumar,3998,84326,"San Jose, CA",888 Table Tennis Center,2753,2024-09-02,2601,2022-08-28,ACTIVE,2015 Pan Am and National Team Trials,2511.0,2491.0,2015-03-08,
9,Jishan,Liang,4482,86560,"Cary, NC",NC International Table Tennis (NCITT),2746,2024-08-04,2648,2015-06-02,ACTIVE,2024 Adult National Team Trials - Part 3,2735.0,2746.0,2024-05-28,2024-05-31
9,Jishan,Liang,4482,86560,"Cary, NC",NC International Table Tennis (NCITT),2746,2024-08-04,2648,2015-06-02,ACTIVE,2024 US OLYMPIC TEAM TRIALS,2719.0,2741.0,2024-03-21,2024-03-24
9,Jishan,Liang,4482,86560,"Cary, NC",NC International Table Tennis (NCITT),2746,2024-08-04,2648,2015-06-02,ACTIVE,2024 US World Championship Team Trials,2715.0,2707.0,2024-01-12,2024-01-14
9,Jishan,Liang,4482,86560,"Cary, NC",NC International Table Tennis (NCITT),2746,2024-08-04,2648,2015-06-02,ACTIVE,2023 Adult National Team Trials,2647.0,2646.0,2023-04-07,2023-04-09
9,Jishan,Liang,4482,86560,"Cary, NC",NC International Table Tennis (NCITT),2746,2024-08-04,2648,2015-06-02,ACTIVE,2022 US Nationals Team Trials,2705.0,2706.0,2022-06-25,2022-07-01
9,Jishan,Liang,4482,86560,"Cary, NC",NC International Table Tennis (NCITT),2746,2024-08-04,2648,2015-06-02,ACTIVE,2021 National Team & Junior Pan Am Games Team Trials,2655.0,2650.0,2021-05-21,2021-05-26
10,Ilija,Lupulesku,4814,4011,"Chicago, IL",Chicago Table Tennis Club - Wheeling Park District Branch ,2746,2018-03-02,0,,ACTIVE,US Team Trials,2745.0,2750.0,2003-03-22,
28,Patryk,Zyworonek,9197,96307,"Des Plaines, IL",Experior Table Tennis Club,2661,2023-12-21,2245,2020-03-06,ACTIVE,"2021 National U11, U13, and U17 Team Trials",2196.0,2214.0,2021-06-18,2021-06-20
29,Jun,Gao,2333,777,"Covina, CA",California Table Tennis,2660,2018-03-02,0,,ACTIVE,US Team Trials,2632.0,2636.0,2003-03-22,
29,Jun,Gao,2333,777,"Covina, CA",California Table Tennis,2660,2018-03-02,0,,ACTIVE,1999 National Team Trials,2625.0,2628.0,1999-03-07,
29,Jun,Gao,2333,777,"Covina, CA",California Table Tennis,2660,2018-03-02,0,,ACTIVE,National Team Trials,2617.0,2617.0,1998-03-07,
40,Xiang Jing,Zhang,9053,89338,"Temple City, CA",California Table Tennis,2643,2024-08-04,0,,ACTIVE,2024 US OLYMPIC TEAM TRIALS,2621.0,2647.0,2024-03-21,2024-03-24
40,Xiang Jing,Zhang,9053,89338,"Temple City, CA",California Table Tennis,2643,2024-08-04,0,,ACTIVE,2024 US World Championship Team Trials,2758.0,2658.0,2024-01-12,2024-01-14
45,Kai,Zhang,9027,86637,"Pleasantville, NY",,2630,2024-08-25,2676,2015-06-02,ACTIVE,2024 US OLYMPIC TEAM TRIALS,2632.0,2634.0,2024-03-21,2024-03-24
45,Kai,Zhang,9027,86637,"Pleasantville, NY",,2630,2024-08-25,2676,2015-06-02,ACTIVE,2024 US World Championship Team Trials,2623.0,2631.0,2024-01-12,2024-01-14
45,Kai,Zhang,9027,86637,"Pleasantville, NY",,2630,2024-08-25,2676,2015-06-02,ACTIVE,2023 Adult National Team Trials,2616.0,2596.0,2023-04-07,2023-04-09
45,Kai,Zhang,9027,86637,"Pleasantville, NY",,2630,2024-08-25,2676,2015-06-02,ACTIVE,2022 US Nationals Team Trials,2645.0,2661.0,2022-06-25,2022-07-01
45,Kai,Zhang,9027,86637,"Pleasantville, NY",,2630,2024-08-25,2676,2015-06-02,ACTIVE,2021 National Team & Junior Pan Am Games Team Trials,2638.0,2658.0,2021-05-21,2021-05-26
46,Nandan,Naresh,5520,84904,"Lisle, IL",888 Table Tennis Center,2630,2024-08-04,2395,2024-02-04,ACTIVE,2024 Adult National Team Trials - Part 3,2631.0,2645.0,2024-05-28,2024-05-31
46,Nandan,Naresh,5520,84904,"Lisle, IL",888 Table Tennis Center,2630,2024-08-04,2395,2024-02-04,ACTIVE,2024 US Junior National Team Trials - Part 2,2679.0,2631.0,2024-05-23,2024-05-27
46,Nandan,Naresh,5520,84904,"Lisle, IL",888 Table Tennis Center,2630,2024-08-04,2395,2024-02-04,ACTIVE,2024 US Junior National Team Trials - Part 1,2646.0,2675.0,2024-03-26,2024-03-30
46,Nandan,Naresh,5520,84904,"Lisle, IL",888 Table Tennis Center,2630,2024-08-04,2395,2024-02-04,ACTIVE,2024 US OLYMPIC TEAM TRIALS,2670.0,2646.0,2024-03-21,2024-03-24
46,Nandan,Naresh,5520,84904,"Lisle, IL",888 Table Tennis Center,2630,2024-08-04,2395,2024-02-04,ACTIVE,2024 US World Championship Team Trials,2626.0,2704.0,2024-01-12,2024-01-14
46,Nandan,Naresh,5520,84904,"Lisle, IL",888 Table Tennis Center,2630,2024-08-04,2395,2024-02-04,ACTIVE,2023 Adult National Team Trials,2587.0,2686.0,2023-04-07,2023-04-09
46,Nandan,Naresh,5520,84904,"Lisle, IL",888 Table Tennis Center,2630,2024-08-04,2395,2024-02-04,ACTIVE,2023 Junior National Team Trials – Part 1,2524.0,2602.0,2023-02-25,2023-02-28
46,Nandan,Naresh,5520,84904,"Lisle, IL",888 Table Tennis Center,2630,2024-08-04,2395,2024-02-04,ACTIVE,2022 US Nationals Team Trials,2531.0,2558.0,2022-06-25,2022-07-01
46,Nandan,Naresh,5520,84904,"Lisle, IL",888 Table Tennis Center,2630,2024-08-04,2395,2024-02-04,ACTIVE,"2021 National U19 and U15 team trials (additional U11, U13 & U17 rating events)",2443.0,2483.0,2021-06-03,2021-06-06
46,Nandan,Naresh,5520,84904,"Lisle, IL",888 Table Tennis Center,2630,2024-08-04,2395,2024-02-04,ACTIVE,2021 National Team & Junior Pan Am Games Team Trials,2454.0,2443.0,2021-05-21,2021-05-26
51,David Yong-Xiang,Zhuang,9163,58322,"West Windsor, NJ","Princeton Pong, LLC",2613,2020-10-11,2612,2020-09-29,ACTIVE,US Team Trials,2739.0,2733.0,2003-03-22,
51,David Yong-Xiang,Zhuang,9163,58322,"West Windsor, NJ","Princeton Pong, LLC",2613,2020-10-11,2612,2020-09-29,ACTIVE,2000 Olympic Team Trials - Tab,2696.0,2728.0,2000-04-09,
51,David Yong-Xiang,Zhuang,9163,58322,"West Windsor, NJ","Princeton Pong, LLC",2613,2020-10-11,2612,2020-09-29,ACTIVE,National Team Trials,2703.0,2696.0,2000-01-23,
51,David Yong-Xiang,Zhuang,9163,58322,"West Windsor, NJ","Princeton Pong, LLC",2613,2020-10-11,2612,2020-09-29,ACTIVE,1999 National Team Trials,2705.0,2720.0,1999-03-07,
51,David Yong-Xiang,Zhuang,9163,58322,"West Windsor, NJ","Princeton Pong, LLC",2613,2020-10-11,2612,2020-09-29,ACTIVE,National Team Trials,2667.0,2678.0,1998-03-07,
51,David Yong-Xiang,Zhuang,9163,58322,"West Windsor, NJ","Princeton Pong, LLC",2613,2020-10-11,2612,2020-09-29,ACTIVE,1997 US World Team Trials,2686.0,2715.0,1997-03-07,
51,David Yong-Xiang,Zhuang,9163,58322,"West Windsor, NJ","Princeton Pong, LLC",2613,2020-10-11,2612,2020-09-29,ACTIVE,US Men's Team Trials,2655.0,2661.0,1995-02-22,
54,Jiaqi,Zheng,9104,72386,"Fremont, CA",,2601,2018-03-02,2515,2016-07-02,ACTIVE,2015 Pan Am and National Team Trials,2543.0,2551.0,2015-03-08,
59,Sid,Naresh,5522,84903,"Lisle, IL",888 Table Tennis Center,2598,2024-09-02,2478,2024-08-25,ACTIVE,2024 Adult National Team Trials - Part 3,2631.0,2629.0,2024-05-28,2024-05-31
59,Sid,Naresh,5522,84903,"Lisle, IL",888 Table Tennis Center,2598,2024-09-02,2478,2024-08-25,ACTIVE,2024 US OLYMPIC TEAM TRIALS,2706.0,2659.0,2024-03-21,2024-03-24
59,Sid,Naresh,5522,84903,"Lisle, IL",888 Table Tennis Center,2598,2024-09-02,2478,2024-08-25,ACTIVE,2024 US World Championship Team Trials,2663.0,2706.0,2024-01-12,2024-01-14
59,Sid,Naresh,5522,84903,"Lisle, IL",888 Table Tennis Center,2598,2024-09-02,2478,2024-08-25,ACTIVE,2023 Adult National Team Trials,2576.0,2606.0,2023-04-07,2023-04-09
59,Sid,Naresh,5522,84903,"Lisle, IL",888 Table Tennis Center,2598,2024-09-02,2478,2024-08-25,ACTIVE,2023 Junior National Team Trials – Part 1,2552.0,2576.0,2023-02-25,2023-02-28
59,Sid,Naresh,5522,84903,"Lisle, IL",888 Table Tennis Center,2598,2024-09-02,2478,2024-08-25,ACTIVE,2022 US Nationals Team Trials,2534.0,2593.0,2022-06-25,2022-07-01
59,Sid,Naresh,5522,84903,"Lisle, IL",888 Table Tennis Center,2598,2024-09-02,2478,2024-08-25,ACTIVE,"2021 National U19 and U15 team trials (additional U11, U13 & U17 rating events)",2511.0,2513.0,2021-06-03,2021-06-06
59,Sid,Naresh,5522,84903,"Lisle, IL",888 Table Tennis Center,2598,2024-09-02,2478,2024-08-25,ACTIVE,2021 National Team & Junior Pan Am Games Team Trials,2529.0,2511.0,2021-05-21,2021-05-26
60,Amy,Wang,8222,76235,"Turnersville, NJ",USA Table Tennis,2593,2024-07-07,2400,2022-05-06,ACTIVE,2024 US OLYMPIC TEAM TRIALS,2588.0,2607.0,2024-03-21,2024-03-24
60,Amy,Wang,8222,76235,"Turnersville, NJ",USA Table Tennis,2593,2024-07-07,2400,2022-05-06,ACTIVE,2023 Adult National Team Trials,2569.0,2589.0,2023-04-07,2023-04-09
60,Amy,Wang,8222,76235,"Turnersville, NJ",USA Table Tennis,2593,2024-07-07,2400,2022-05-06,ACTIVE,2022 US Nationals Team Trials,2535.0,2535.0,2022-06-25,2022-07-01
60,Amy,Wang,8222,76235,"Turnersville, NJ",USA Table Tennis,2593,2024-07-07,2400,2022-05-06,ACTIVE,2021 National Team & Junior Pan Am Games Team Trials,2499.0,2509.0,2021-05-21,2021-05-26
60,Amy,Wang,8222,76235,"Turnersville, NJ",USA Table Tennis,2593,2024-07-07,2400,2022-05-06,ACTIVE,2017 National Team Trials,2471.0,2451.0,2017-03-24,2017-03-26
60,Amy,Wang,8222,76235,"Turnersville, NJ",USA Table Tennis,2593,2024-07-07,2400,2022-05-06,ACTIVE,2015 US National Team Trials,2408.0,2404.0,2015-12-20,2015-12-21
60,Amy,Wang,8222,76235,"Turnersville, NJ",USA Table Tennis,2593,2024-07-07,2400,2022-05-06,ACTIVE,2015 Pan Am and National Team Trials,2354.0,2374.0,2015-03-08,
61,Eric,Owens,39444,31196,"Chicago, IL",,2591,2018-03-02,0,,ACTIVE,US Team Trials,2620.0,2647.0,2003-03-22,
61,Eric,Owens,39444,31196,"Chicago, IL",,2591,2018-03-02,0,,ACTIVE,2000 Olympic Team Trials - Tab,2651.0,2617.0,2000-04-09,
61,Eric,Owens,39444,31196,"Chicago, IL",,2591,2018-03-02,0,,ACTIVE,National Team Trials,2602.0,2651.0,2000-01-23,
61,Eric,Owens,39444,31196,"Chicago, IL",,2591,2018-03-02,0,,ACTIVE,1999 National Team Trials,2523.0,2603.0,1999-03-07,
61,Eric,Owens,39444,31196,"Chicago, IL",,2591,2018-03-02,0,,ACTIVE,National Team Trials,2562.0,2569.0,1998-03-07,
61,Eric,Owens,39444,31196,"Chicago, IL",,2591,2018-03-02,0,,ACTIVE,1997 US World Team Trials,2622.0,2592.0,1997-03-07,
63,Andrew,Cao,112982,211982,"Katy, TX",,2590,2024-08-11,2480,2023-10-14,ACTIVE,2024 US Junior National Team Trials - Part 2,2590.0,2586.0,2024-05-23,2024-05-27
63,Andrew,Cao,112982,211982,"Katy, TX",,2590,2024-08-11,2480,2023-10-14,ACTIVE,2024 US Junior National Team Trials - Part 1,2557.0,2572.0,2024-03-26,2024-03-30
63,Andrew,Cao,112982,211982,"Katy, TX",,2590,2024-08-11,2480,2023-10-14,ACTIVE,2024 US OLYMPIC TEAM TRIALS,2552.0,2557.0,2024-03-21,2024-03-24
63,Andrew,Cao,112982,211982,"Katy, TX",,2590,2024-08-11,2480,2023-10-14,ACTIVE,2023 Adult National Team Trials,2480.0,2481.0,2023-04-07,2023-04-09
63,Andrew,Cao,112982,211982,"Katy, TX",,2590,2024-08-11,2480,2023-10-14,ACTIVE,2023 Junior National Team Trials – Part 1,2415.0,2449.0,2023-02-25,2023-02-28
63,Andrew,Cao,112982,211982,"Katy, TX",,2590,2024-08-11,2480,2023-10-14,ACTIVE,2022 US Nationals Team Trials,2404.0,2407.0,2022-06-25,2022-07-01
63,Andrew,Cao,112982,211982,"Katy, TX",,2590,2024-08-11,2480,2023-10-14,ACTIVE,"2021 National U11, U13, and U17 Team Trials",2375.0,2323.0,2021-06-18,2021-06-20
63,Andrew,Cao,112982,211982,"Katy, TX",,2590,2024-08-11,2480,2023-10-14,ACTIVE,"2021 National U19 and U15 team trials (additional U11, U13 & U17 rating events)",2230.0,2299.0,2021-06-03,2021-06-06
63,Andrew,Cao,112982,211982,"Katy, TX",,2590,2024-08-11,2480,2023-10-14,ACTIVE,2021 National Team & Junior Pan Am Games Team Trials,2220.0,2230.0,2021-05-21,2021-05-26
65,Daniel,Tran,7858,91031,"Katy, TX",,2589,2024-08-11,2569,2023-06-04,ACTIVE,2024 US Junior National Team Trials - Part 2,2560.0,2575.0,2024-05-23,2024-05-27
65,Daniel,Tran,7858,91031,"Katy, TX",,2589,2024-08-11,2569,2023-06-04,ACTIVE,2024 US Junior National Team Trials - Part 1,2541.0,2564.0,2024-03-26,2024-03-30
65,Daniel,Tran,7858,91031,"Katy, TX",,2589,2024-08-11,2569,2023-06-04,ACTIVE,2023 Adult National Team Trials,2510.0,2554.0,2023-04-07,2023-04-09
65,Daniel,Tran,7858,91031,"Katy, TX",,2589,2024-08-11,2569,2023-06-04,ACTIVE,2023 Junior National Team Trials – Part 1,2536.0,2526.0,2023-02-25,2023-02-28
65,Daniel,Tran,7858,91031,"Katy, TX",,2589,2024-08-11,2569,2023-06-04,ACTIVE,2022 US Nationals Team Trials,2553.0,2511.0,2022-06-25,2022-07-01
65,Daniel,Tran,7858,91031,"Katy, TX",,2589,2024-08-11,2569,2023-06-04,ACTIVE,"2021 National U19 and U15 team trials (additional U11, U13 & U17 rating events)",2354.0,2373.0,2021-06-03,2021-06-06
72,Victor,Liu,4657,78385,"San Jose, CA",Silicon Valley Table Tennis Club (SVTTC),2575,2019-07-05,2400,2019-04-06,ACTIVE,2017 National Team Trials,2527.0,2541.0,2017-03-24,2017-03-26
72,Victor,Liu,4657,78385,"San Jose, CA",Silicon Valley Table Tennis Club (SVTTC),2575,2019-07-05,2400,2019-04-06,ACTIVE,2015 US National Team Trials,2514.0,2587.0,2015-12-20,2015-12-21
72,Victor,Liu,4657,78385,"San Jose, CA",Silicon Valley Table Tennis Club (SVTTC),2575,2019-07-05,2400,2019-04-06,ACTIVE,2015 Pan Am and National Team Trials,2550.0,2537.0,2015-03-08,
73,Lily,Zhang,9030,31126,"Berkeley, CA",(TTA) Table Tennis America,2575,2024-01-28,2447,2022-03-05,ACTIVE,2017 National Team Trials,2590.0,2602.0,2017-03-24,2017-03-26
73,Lily,Zhang,9030,31126,"Berkeley, CA",(TTA) Table Tennis America,2575,2024-01-28,2447,2022-03-05,ACTIVE,2015 US National Team Trials,2522.0,2530.0,2015-12-20,2015-12-21
73,Lily,Zhang,9030,31126,"Berkeley, CA",(TTA) Table Tennis America,2575,2024-01-28,2447,2022-03-05,ACTIVE,2015 Pan Am and National Team Trials,2496.0,2530.0,2015-03-08,
73,Lily,Zhang,9030,31126,"Berkeley, CA",(TTA) Table Tennis America,2575,2024-01-28,2447,2022-03-05,ACTIVE,2014 National Team Trials,2522.0,2528.0,2014-03-09,
73,Lily,Zhang,9030,31126,"Berkeley, CA",(TTA) Table Tennis America,2575,2024-01-28,2447,2022-03-05,ACTIVE,2010 US National Team Trials,2320.0,2337.0,2010-03-05,
82,Ved,Sheth,7056,89837,"Fremont, CA",ICC Table Tennis Center,2561,2024-08-25,2444,2024-08-17,ACTIVE,2024 Adult National Team Trials - Part 3,2593.0,2583.0,2024-05-28,2024-05-31
82,Ved,Sheth,7056,89837,"Fremont, CA",ICC Table Tennis Center,2561,2024-08-25,2444,2024-08-17,ACTIVE,2024 US Junior National Team Trials - Part 2,2604.0,2593.0,2024-05-23,2024-05-27
82,Ved,Sheth,7056,89837,"Fremont, CA",ICC Table Tennis Center,2561,2024-08-25,2444,2024-08-17,ACTIVE,2024 US Junior National Team Trials - Part 1,2637.0,2626.0,2024-03-26,2024-03-30
82,Ved,Sheth,7056,89837,"Fremont, CA",ICC Table Tennis Center,2561,2024-08-25,2444,2024-08-17,ACTIVE,2024 US OLYMPIC TEAM TRIALS,2606.0,2637.0,2024-03-21,2024-03-24
82,Ved,Sheth,7056,89837,"Fremont, CA",ICC Table Tennis Center,2561,2024-08-25,2444,2024-08-17,ACTIVE,2024 US World Championship Team Trials,2658.0,2619.0,2024-01-12,2024-01-14
82,Ved,Sheth,7056,89837,"Fremont, CA",ICC Table Tennis Center,2561,2024-08-25,2444,2024-08-17,ACTIVE,2023 Adult National Team Trials,2463.0,2469.0,2023-04-07,2023-04-09
82,Ved,Sheth,7056,89837,"Fremont, CA",ICC Table Tennis Center,2561,2024-08-25,2444,2024-08-17,ACTIVE,2023 Junior National Team Trials – Part 1,2488.0,2471.0,2023-02-25,2023-02-28
82,Ved,Sheth,7056,89837,"Fremont, CA",ICC Table Tennis Center,2561,2024-08-25,2444,2024-08-17,ACTIVE,2022 US Nationals Team Trials,2494.0,2550.0,2022-06-25,2022-07-01
82,Ved,Sheth,7056,89837,"Fremont, CA",ICC Table Tennis Center,2561,2024-08-25,2444,2024-08-17,ACTIVE,"2021 National U19 and U15 team trials (additional U11, U13 & U17 rating events)",2417.0,2411.0,2021-06-03,2021-06-06
88,Jasna,Rather,6421,4014,"Fort Worth, TX",Fort Worth Table Tennis Club,2543,2018-03-02,0,,ACTIVE,US Team Trials,2413.0,2437.0,2003-03-22,
88,Jasna,Rather,6421,4014,"Fort Worth, TX",Fort Worth Table Tennis Club,2543,2018-03-02,0,,ACTIVE,2000 Olympic Team Trials - Tab,2473.0,2477.0,2000-04-09,
88,Jasna,Rather,6421,4014,"Fort Worth, TX",Fort Worth Table Tennis Club,2543,2018-03-02,0,,ACTIVE,National Team Trials,2482.0,2473.0,2000-01-23,
89,Darryl,Tsao,102323,98262,"Fremont, CA",888 Table Tennis Center,2543,2024-09-02,2536,2024-02-04,ACTIVE,2024 US Junior National Team Trials - Part 2,2573.0,2586.0,2024-05-23,2024-05-27
89,Darryl,Tsao,102323,98262,"Fremont, CA",888 Table Tennis Center,2543,2024-09-02,2536,2024-02-04,ACTIVE,2024 US Junior National Team Trials - Part 1,2528.0,2559.0,2024-03-26,2024-03-30
89,Darryl,Tsao,102323,98262,"Fremont, CA",888 Table Tennis Center,2543,2024-09-02,2536,2024-02-04,ACTIVE,2024 US OLYMPIC TEAM TRIALS,2559.0,2528.0,2024-03-21,2024-03-24
89,Darryl,Tsao,102323,98262,"Fremont, CA",888 Table Tennis Center,2543,2024-09-02,2536,2024-02-04,ACTIVE,2024 US World Championship Team Trials,2567.0,2570.0,2024-01-12,2024-01-14
89,Darryl,Tsao,102323,98262,"Fremont, CA",888 Table Tennis Center,2543,2024-09-02,2536,2024-02-04,ACTIVE,2023 Adult National Team Trials,2541.0,2576.0,2023-04-07,2023-04-09
89,Darryl,Tsao,102323,98262,"Fremont, CA",888 Table Tennis Center,2543,2024-09-02,2536,2024-02-04,ACTIVE,2023 Junior National Team Trials – Part 1,2564.0,2534.0,2023-02-25,2023-02-28
89,Darryl,Tsao,102323,98262,"Fremont, CA",888 Table Tennis Center,2543,2024-09-02,2536,2024-02-04,ACTIVE,2022 US Nationals Team Trials,2516.0,2508.0,2022-06-25,2022-07-01
89,Darryl,Tsao,102323,98262,"Fremont, CA",888 Table Tennis Center,2543,2024-09-02,2536,2024-02-04,ACTIVE,"2021 National U19 and U15 team trials (additional U11, U13 & U17 rating events)",2316.0,2363.0,2021-06-03,2021-06-06
96,Siliang (Steven),Wang,8308,75481,"Milpitas, CA",,2537,2018-03-02,2398,2016-12-30,ACTIVE,2015 Pan Am and National Team Trials,2513.0,2513.0,2015-03-08,
101,Jimmy,Butler,863,4594,"Houston, TX",Houston International Table Tennis Academy (HITTA),2530,2024-07-07,2432,2024-06-29,ACTIVE,2015 Pan Am and National Team Trials,2521.0,2545.0,2015-03-08,
101,Jimmy,Butler,863,4594,"Houston, TX",Houston International Table Tennis Academy (HITTA),2530,2024-07-07,2432,2024-06-29,ACTIVE,2014 National Team Trials,2557.0,2538.0,2014-03-09,
101,Jimmy,Butler,863,4594,"Houston, TX",Houston International Table Tennis Academy (HITTA),2530,2024-07-07,2432,2024-06-29,ACTIVE,National Team Trials,2663.0,2674.0,1998-03-07,
101,Jimmy,Butler,863,4594,"Houston, TX",Houston International Table Tennis Academy (HITTA),2530,2024-07-07,2432,2024-06-29,ACTIVE,1997 US World Team Trials,2721.0,2663.0,1997-03-07,
101,Jimmy,Butler,863,4594,"Houston, TX",Houston International Table Tennis Academy (HITTA),2530,2024-07-07,2432,2024-06-29,ACTIVE,US Men's Team Trials,2618.0,2644.0,1995-02-22,
102,William,Bai,359,81300,"San Francisco, CA",,2529,2023-09-24,2469,2022-09-04,ACTIVE,2023 Adult National Team Trials,2551.0,2521.0,2023-04-07,2023-04-09
113,Seth,Pech,6040,32337,"Strongsville, OH",Strongsville Table Tennis,2521,2024-05-19,2402,2020-11-10,ACTIVE,2017 National Team Trials,2352.0,2348.0,2017-03-24,2017-03-26
113,Seth,Pech,6040,32337,"Strongsville, OH",Strongsville Table Tennis,2521,2024-05-19,2402,2020-11-10,ACTIVE,2015 US National Team Trials,2320.0,2320.0,2015-12-20,2015-12-21
119,Victor,Xie,8690,93758,"Alameda, CA",888 Table Tennis Center,2515,2024-07-07,2415,2024-04-07,ACTIVE,2024 US Junior National Team Trials - Part 2,2446.0,2517.0,2024-05-23,2024-05-27
119,Victor,Xie,8690,93758,"Alameda, CA",888 Table Tennis Center,2515,2024-07-07,2415,2024-04-07,ACTIVE,2024 US Junior National Team Trials - Part 1,2452.0,2454.0,2024-03-26,2024-03-30
119,Victor,Xie,8690,93758,"Alameda, CA",888 Table Tennis Center,2515,2024-07-07,2415,2024-04-07,ACTIVE,2024 US World Championship Team Trials,2415.0,2419.0,2024-01-12,2024-01-14
119,Victor,Xie,8690,93758,"Alameda, CA",888 Table Tennis Center,2515,2024-07-07,2415,2024-04-07,ACTIVE,2023 Adult National Team Trials,2404.0,2401.0,2023-04-07,2023-04-09
119,Victor,Xie,8690,93758,"Alameda, CA",888 Table Tennis Center,2515,2024-07-07,2415,2024-04-07,ACTIVE,2023 Junior National Team Trials – Part 1,2373.0,2404.0,2023-02-25,2023-02-28
119,Victor,Xie,8690,93758,"Alameda, CA",888 Table Tennis Center,2515,2024-07-07,2415,2024-04-07,ACTIVE,2022 US Nationals Team Trials,2360.0,2369.0,2022-06-25,2022-07-01
120,Jon,Ebuen,1922,22066,"Elmhurst, NY",PINGPOD,2514,2022-11-27,2606,2018-04-21,ACTIVE,2021 National Team & Junior Pan Am Games Team Trials,2562.0,2515.0,2021-05-21,2021-05-26
120,Jon,Ebuen,1922,22066,"Elmhurst, NY",PINGPOD,2514,2022-11-27,2606,2018-04-21,ACTIVE,2015 Pan Am and National Team Trials,2515.0,2493.0,2015-03-08,
121,Todd,Sweeris,7571,10417,"Fairfax, VA",,2514,2018-03-02,0,,ACTIVE,2000 Olympic Team Trials - Tab,2631.0,2646.0,2000-04-09,
121,Todd,Sweeris,7571,10417,"Fairfax, VA",,2514,2018-03-02,0,,ACTIVE,National Team Trials,2640.0,2631.0,2000-01-23,
121,Todd,Sweeris,7571,10417,"Fairfax, VA",,2514,2018-03-02,0,,ACTIVE,1999 National Team Trials,2618.0,2615.0,1999-03-07,
121,Todd,Sweeris,7571,10417,"Fairfax, VA",,2514,2018-03-02,0,,ACTIVE,National Team Trials,2615.0,2629.0,1998-03-07,
122,Rachel,Sung,7538,82232,"Campbell, CA",ICC Table Tennis Center,2512,2024-07-07,2434,2024-02-04,ACTIVE,2024 US OLYMPIC TEAM TRIALS,2510.0,2513.0,2024-03-21,2024-03-24
122,Rachel,Sung,7538,82232,"Campbell, CA",ICC Table Tennis Center,2512,2024-07-07,2434,2024-02-04,ACTIVE,2023 Adult National Team Trials,2488.0,2516.0,2023-04-07,2023-04-09
122,Rachel,Sung,7538,82232,"Campbell, CA",ICC Table Tennis Center,2512,2024-07-07,2434,2024-02-04,ACTIVE,2022 US Nationals Team Trials,2497.0,2511.0,2022-06-25,2022-07-01
122,Rachel,Sung,7538,82232,"Campbell, CA",ICC Table Tennis Center,2512,2024-07-07,2434,2024-02-04,ACTIVE,"2021 National U19 and U15 team trials (additional U11, U13 & U17 rating events)",2417.0,2454.0,2021-06-03,2021-06-06
122,Rachel,Sung,7538,82232,"Campbell, CA",ICC Table Tennis Center,2512,2024-07-07,2434,2024-02-04,ACTIVE,2017 National Team Trials,2418.0,2426.0,2017-03-24,2017-03-26
123,Huijing,Wang,8253,77160,"Houston, TX",Marfa Table Tennis Association,2511,2021-06-10,0,,ACTIVE,2021 National Team & Junior Pan Am Games Team Trials,2537.0,2531.0,2021-05-21,2021-05-26
125,Chance,Friend,2253,31426,"Canton, MN",Minnesota Table Tennis Federation,2511,2024-08-24,2299,2010-10-05,ACTIVE,2023 Adult National Team Trials,2480.0,2509.0,2023-04-07,2023-04-09
125,Chance,Friend,2253,31426,"Canton, MN",Minnesota Table Tennis Federation,2511,2024-08-24,2299,2010-10-05,ACTIVE,2021 National Team & Junior Pan Am Games Team Trials,2527.0,2534.0,2021-05-21,2021-05-26
125,Chance,Friend,2253,31426,"Canton, MN",Minnesota Table Tennis Federation,2511,2024-08-24,2299,2010-10-05,ACTIVE,2017 National Team Trials,2461.0,2452.0,2017-03-24,2017-03-26
125,Chance,Friend,2253,31426,"Canton, MN",Minnesota Table Tennis Federation,2511,2024-08-24,2299,2010-10-05,ACTIVE,2015 US National Team Trials,2499.0,2528.0,2015-12-20,2015-12-21
125,Chance,Friend,2253,31426,"Canton, MN",Minnesota Table Tennis Federation,2511,2024-08-24,2299,2010-10-05,ACTIVE,2015 Pan Am and National Team Trials,2454.0,2440.0,2015-03-08,
125,Chance,Friend,2253,31426,"Canton, MN",Minnesota Table Tennis Federation,2511,2024-08-24,2299,2010-10-05,ACTIVE,2014 National Team Trials,2429.0,2453.0,2014-03-09,
126,Anav,Gupta,103363,202363,"Cary, NC",NC International Table Tennis (NCITT),2509,2024-09-02,2223,2024-02-04,ACTIVE,2024 US Junior National Team Trials - Part 2,2441.0,2445.0,2024-05-23,2024-05-27
126,Anav,Gupta,103363,202363,"Cary, NC",NC International Table Tennis (NCITT),2509,2024-09-02,2223,2024-02-04,ACTIVE,2024 US Junior National Team Trials - Part 1,2461.0,2473.0,2024-03-26,2024-03-30
126,Anav,Gupta,103363,202363,"Cary, NC",NC International Table Tennis (NCITT),2509,2024-09-02,2223,2024-02-04,ACTIVE,2023 Junior National Team Trials – Part 1,2350.0,2365.0,2023-02-25,2023-02-28
126,Anav,Gupta,103363,202363,"Cary, NC",NC International Table Tennis (NCITT),2509,2024-09-02,2223,2024-02-04,ACTIVE,2022 US Nationals Team Trials,2377.0,2380.0,2022-06-25,2022-07-01
126,Anav,Gupta,103363,202363,"Cary, NC",NC International Table Tennis (NCITT),2509,2024-09-02,2223,2024-02-04,ACTIVE,"2021 National U19 and U15 team trials (additional U11, U13 & U17 rating events)",2173.0,2224.0,2021-06-03,2021-06-06
127,Stanley,Hsu,102103,97890,"North Potomac, MD",MDTTC - Maryland Table Tennis Center,2509,2024-08-25,2186,2020-02-07,ACTIVE,2024 US Junior National Team Trials - Part 2,2497.0,2499.0,2024-05-23,2024-05-27
127,Stanley,Hsu,102103,97890,"North Potomac, MD",MDTTC - Maryland Table Tennis Center,2509,2024-08-25,2186,2020-02-07,ACTIVE,2024 US Junior National Team Trials - Part 1,2519.0,2494.0,2024-03-26,2024-03-30
127,Stanley,Hsu,102103,97890,"North Potomac, MD",MDTTC - Maryland Table Tennis Center,2509,2024-08-25,2186,2020-02-07,ACTIVE,2023 Junior National Team Trials – Part 1,2414.0,2415.0,2023-02-25,2023-02-28
127,Stanley,Hsu,102103,97890,"North Potomac, MD",MDTTC - Maryland Table Tennis Center,2509,2024-08-25,2186,2020-02-07,ACTIVE,2022 US Nationals Team Trials,2406.0,2375.0,2022-06-25,2022-07-01
127,Stanley,Hsu,102103,97890,"North Potomac, MD",MDTTC - Maryland Table Tennis Center,2509,2024-08-25,2186,2020-02-07,ACTIVE,"2021 National U11, U13, and U17 Team Trials",2311.0,2311.0,2021-06-18,2021-06-20
127,Stanley,Hsu,102103,97890,"North Potomac, MD",MDTTC - Maryland Table Tennis Center,2509,2024-08-25,2186,2020-02-07,ACTIVE,"2021 National U19 and U15 team trials (additional U11, U13 & U17 rating events)",2313.0,2311.0,2021-06-03,2021-06-06
130,Sally,Moyland,5431,94880,"Fremont, CA",(TTA) Table Tennis America,2507,2024-05-31,2349,2024-03-10,ACTIVE,2024 Adult National Team Trials - Part 3,2501.0,2507.0,2024-05-28,2024-05-31
130,Sally,Moyland,5431,94880,"Fremont, CA",(TTA) Table Tennis America,2507,2024-05-31,2349,2024-03-10,ACTIVE,2024 US OLYMPIC TEAM TRIALS,2541.0,2501.0,2024-03-21,2024-03-24
130,Sally,Moyland,5431,94880,"Fremont, CA",(TTA) Table Tennis America,2507,2024-05-31,2349,2024-03-10,ACTIVE,2023 Adult National Team Trials,2492.0,2507.0,2023-04-07,2023-04-09
130,Sally,Moyland,5431,94880,"Fremont, CA",(TTA) Table Tennis America,2507,2024-05-31,2349,2024-03-10,ACTIVE,2023 Junior National Team Trials – Part 1,2470.0,2492.0,2023-02-25,2023-02-28
130,Sally,Moyland,5431,94880,"Fremont, CA",(TTA) Table Tennis America,2507,2024-05-31,2349,2024-03-10,ACTIVE,2022 US Nationals Team Trials,2417.0,2421.0,2022-06-25,2022-07-01
130,Sally,Moyland,5431,94880,"Fremont, CA",(TTA) Table Tennis America,2507,2024-05-31,2349,2024-03-10,ACTIVE,"2021 National U19 and U15 team trials (additional U11, U13 & U17 rating events)",2227.0,2351.0,2021-06-03,2021-06-06
132,Yinghua,Cheng,1227,54107,"Boyds, MD",MDTTC - Maryland Table Tennis Center,2506,2018-03-02,0,,ACTIVE,2000 Olympic Team Trials - Tab,2729.0,2762.0,2000-04-09,
132,Yinghua,Cheng,1227,54107,"Boyds, MD",MDTTC - Maryland Table Tennis Center,2506,2018-03-02,0,,ACTIVE,National Team Trials,2745.0,2729.0,2000-01-23,
132,Yinghua,Cheng,1227,54107,"Boyds, MD",MDTTC - Maryland Table Tennis Center,2506,2018-03-02,0,,ACTIVE,National Team Trials,2765.0,2769.0,1998-03-07,
132,Yinghua,Cheng,1227,54107,"Boyds, MD",MDTTC - Maryland Table Tennis Center,2506,2018-03-02,0,,ACTIVE,1997 US World Team Trials,2804.0,2786.0,1997-03-07,
132,Yinghua,Cheng,1227,54107,"Boyds, MD",MDTTC - Maryland Table Tennis Center,2506,2018-03-02,0,,ACTIVE,US Men's Team Trials,2795.0,2801.0,1995-02-22,
143,Adam,Hugh,3257,14204,"Hoboken, NJ",HiTT,2497,2024-04-28,2550,2023-11-17,ACTIVE,2014 National Team Trials,2599.0,2614.0,2014-03-09,
143,Adam,Hugh,3257,14204,"Hoboken, NJ",HiTT,2497,2024-04-28,2550,2023-11-17,ACTIVE,US Team Trials,2541.0,2547.0,2003-03-22,
144,Tawny,Banh,11216,52902,"San Gabriel, CA",Los Angeles Table Tennis Association,2497,2018-03-02,0,,ACTIVE,US Team Trials,2445.0,2445.0,2003-03-22,
144,Tawny,Banh,11216,52902,"San Gabriel, CA",Los Angeles Table Tennis Association,2497,2018-03-02,0,,ACTIVE,2000 Olympic Team Trials - Tab,2433.0,2459.0,2000-04-09,
144,Tawny,Banh,11216,52902,"San Gabriel, CA",Los Angeles Table Tennis Association,2497,2018-03-02,0,,ACTIVE,National Team Trials,2421.0,2433.0,2000-01-23,
144,Tawny,Banh,11216,52902,"San Gabriel, CA",Los Angeles Table Tennis Association,2497,2018-03-02,0,,ACTIVE,1999 National Team Trials,2452.0,2461.0,1999-03-07,
144,Tawny,Banh,11216,52902,"San Gabriel, CA",Los Angeles Table Tennis Association,2497,2018-03-02,0,,ACTIVE,National Team Trials,2344.0,2341.0,1998-03-07,
144,Tawny,Banh,11216,52902,"San Gabriel, CA",Los Angeles Table Tennis Association,2497,2018-03-02,0,,ACTIVE,1997 US World Team Trials,2321.0,2313.0,1997-03-07,
146,Mark,Hazinski,2898,915,"Plano, TX",Fort Worth Table Tennis Club,2494,2023-03-19,0,,ACTIVE,2010 US National Team Trials,2614.0,2635.0,2010-03-05,
146,Mark,Hazinski,2898,915,"Plano, TX",Fort Worth Table Tennis Club,2494,2023-03-19,0,,ACTIVE,US Team Trials,2615.0,2651.0,2003-03-22,
146,Mark,Hazinski,2898,915,"Plano, TX",Fort Worth Table Tennis Club,2494,2023-03-19,0,,ACTIVE,National Team Trials,2431.0,2434.0,2000-01-23,
157,Nishant,Lebaka,121808,220808,"Somerset, NJ",Lily Yip Table Tennis Center,2484,2024-08-04,2529,2024-05-31,ACTIVE,2024 US Junior National Team Trials - Part 2,2490.0,2506.0,2024-05-23,2024-05-27
157,Nishant,Lebaka,121808,220808,"Somerset, NJ",Lily Yip Table Tennis Center,2484,2024-08-04,2529,2024-05-31,ACTIVE,2024 US Junior National Team Trials - Part 1,2500.0,2492.0,2024-03-26,2024-03-30
157,Nishant,Lebaka,121808,220808,"Somerset, NJ",Lily Yip Table Tennis Center,2484,2024-08-04,2529,2024-05-31,ACTIVE,2024 US OLYMPIC TEAM TRIALS,2499.0,2500.0,2024-03-21,2024-03-24
157,Nishant,Lebaka,121808,220808,"Somerset, NJ",Lily Yip Table Tennis Center,2484,2024-08-04,2529,2024-05-31,ACTIVE,2023 Junior National Team Trials – Part 1,2399.0,2393.0,2023-02-25,2023-02-28
157,Nishant,Lebaka,121808,220808,"Somerset, NJ",Lily Yip Table Tennis Center,2484,2024-08-04,2529,2024-05-31,ACTIVE,2022 US Nationals Team Trials,2449.0,2402.0,2022-06-25,2022-07-01
157,Nishant,Lebaka,121808,220808,"Somerset, NJ",Lily Yip Table Tennis Center,2484,2024-08-04,2529,2024-05-31,ACTIVE,"2021 National U11, U13, and U17 Team Trials",2257.0,2265.0,2021-06-18,2021-06-20
157,Nishant,Lebaka,121808,220808,"Somerset, NJ",Lily Yip Table Tennis Center,2484,2024-08-04,2529,2024-05-31,ACTIVE,"2021 National U19 and U15 team trials (additional U11, U13 & U17 rating events)",2270.0,2257.0,2021-06-03,2021-06-06
164,Yue,Wu,8655,78882,"Suwanee, GA",Wu Yue Table Tennis,2478,2020-10-01,0,,ACTIVE,2017 National Team Trials,2504.0,2512.0,2017-03-24,2017-03-26
164,Yue,Wu,8655,78882,"Suwanee, GA",Wu Yue Table Tennis,2478,2020-10-01,0,,ACTIVE,2015 Pan Am and National Team Trials,2552.0,2537.0,2015-03-08,
167,Aziz,Zarehbin,8974,91906,"Oakland, CA",ICC Table Tennis Center,2472,2024-08-04,2389,2024-01-07,ACTIVE,2024 Adult National Team Trials - Part 3,2504.0,2493.0,2024-05-28,2024-05-31
167,Aziz,Zarehbin,8974,91906,"Oakland, CA",ICC Table Tennis Center,2472,2024-08-04,2389,2024-01-07,ACTIVE,2024 US Junior National Team Trials - Part 2,2409.0,2504.0,2024-05-23,2024-05-27
167,Aziz,Zarehbin,8974,91906,"Oakland, CA",ICC Table Tennis Center,2472,2024-08-04,2389,2024-01-07,ACTIVE,2024 US Junior National Team Trials - Part 1,2414.0,2409.0,2024-03-26,2024-03-30
167,Aziz,Zarehbin,8974,91906,"Oakland, CA",ICC Table Tennis Center,2472,2024-08-04,2389,2024-01-07,ACTIVE,2023 Adult National Team Trials,2397.0,2415.0,2023-04-07,2023-04-09
167,Aziz,Zarehbin,8974,91906,"Oakland, CA",ICC Table Tennis Center,2472,2024-08-04,2389,2024-01-07,ACTIVE,2023 Junior National Team Trials – Part 1,2405.0,2392.0,2023-02-25,2023-02-28
167,Aziz,Zarehbin,8974,91906,"Oakland, CA",ICC Table Tennis Center,2472,2024-08-04,2389,2024-01-07,ACTIVE,2022 US Nationals Team Trials,2416.0,2406.0,2022-06-25,2022-07-01
167,Aziz,Zarehbin,8974,91906,"Oakland, CA",ICC Table Tennis Center,2472,2024-08-04,2389,2024-01-07,ACTIVE,"2021 National U19 and U15 team trials (additional U11, U13 & U17 rating events)",2442.0,2476.0,2021-06-03,2021-06-06
168,Chen,Wang,8230,22153,"New York, NY",,2472,2020-03-01,2614,2015-08-14,ACTIVE,2017 National Team Trials,2551.0,2494.0,2017-03-24,2017-03-26
168,Chen,Wang,8230,22153,"New York, NY",,2472,2020-03-01,2614,2015-08-14,ACTIVE,2015 US National Team Trials,2656.0,2659.0,2015-12-20,2015-12-21
175,Cory,Eider,1948,62727,"Minneapolis, NJ",Lily Yip Table Tennis Center,2461,2023-11-26,2538,2020-10-30,ACTIVE,2015 Pan Am and National Team Trials,2516.0,2508.0,2015-03-08,
175,Cory,Eider,1948,62727,"Minneapolis, NJ",Lily Yip Table Tennis Center,2461,2023-11-26,2538,2020-10-30,ACTIVE,2014 National Team Trials,2565.0,2541.0,2014-03-09,
182,Krish,Gandhi,103990,202990,"Lexington, MA",Westford Table Tennis Club,2455,2024-07-14,1481,2019-05-25,ACTIVE,2024 US Junior National Team Trials - Part 2,2405.0,2473.0,2024-05-23,2024-05-27
182,Krish,Gandhi,103990,202990,"Lexington, MA",Westford Table Tennis Club,2455,2024-07-14,1481,2019-05-25,ACTIVE,2024 US Junior National Team Trials - Part 1,2423.0,2403.0,2024-03-26,2024-03-30
182,Krish,Gandhi,103990,202990,"Lexington, MA",Westford Table Tennis Club,2455,2024-07-14,1481,2019-05-25,ACTIVE,2023 Junior National Team Trials – Part 1,2363.0,2389.0,2023-02-25,2023-02-28
182,Krish,Gandhi,103990,202990,"Lexington, MA",Westford Table Tennis Club,2455,2024-07-14,1481,2019-05-25,ACTIVE,2022 US Nationals Team Trials,2335.0,2359.0,2022-06-25,2022-07-01
182,Krish,Gandhi,103990,202990,"Lexington, MA",Westford Table Tennis Club,2455,2024-07-14,1481,2019-05-25,ACTIVE,"2021 National U11, U13, and U17 Team Trials",2102.0,2101.0,2021-06-18,2021-06-20
184,Timothy,Wang,8312,18537,"castle pines, CO",Mile High Table Tennis Academy,2455,2024-04-28,2405,2020-02-22,ACTIVE,2015 US National Team Trials,2586.0,2573.0,2015-12-20,2015-12-21
184,Timothy,Wang,8312,18537,"castle pines, CO",Mile High Table Tennis Academy,2455,2024-04-28,2405,2020-02-22,ACTIVE,2015 Pan Am and National Team Trials,2620.0,2596.0,2015-03-08,
184,Timothy,Wang,8312,18537,"castle pines, CO",Mile High Table Tennis Academy,2455,2024-04-28,2405,2020-02-22,ACTIVE,2014 National Team Trials,2609.0,2636.0,2014-03-09,
186,Angela,Guan,2664,77760,"San Jose, CA",Silicon Valley Table Tennis Club (SVTTC),2454,2024-09-02,2383,2020-02-23,ACTIVE,2024 US OLYMPIC TEAM TRIALS,2461.0,2453.0,2024-03-21,2024-03-24
186,Angela,Guan,2664,77760,"San Jose, CA",Silicon Valley Table Tennis Club (SVTTC),2454,2024-09-02,2383,2020-02-23,ACTIVE,2017 National Team Trials,2415.0,2452.0,2017-03-24,2017-03-26
186,Angela,Guan,2664,77760,"San Jose, CA",Silicon Valley Table Tennis Club (SVTTC),2454,2024-09-02,2383,2020-02-23,ACTIVE,2015 US National Team Trials,2428.0,2405.0,2015-12-20,2015-12-21
186,Angela,Guan,2664,77760,"San Jose, CA",Silicon Valley Table Tennis Club (SVTTC),2454,2024-09-02,2383,2020-02-23,ACTIVE,2015 Pan Am and National Team Trials,2339.0,2360.0,2015-03-08,
186,Angela,Guan,2664,77760,"San Jose, CA",Silicon Valley Table Tennis Club (SVTTC),2454,2024-09-02,2383,2020-02-23,ACTIVE,2014 National Team Trials,2317.0,2327.0,2014-03-09,
189,Ted,Li,4453,89340,"San Diego, CA",Learning Tree Table Tennis Club,2453,2022-09-04,2134,2024-07-12,ACTIVE,"2021 National U19 and U15 team trials (additional U11, U13 & U17 rating events)",2531.0,2501.0,2021-06-03,2021-06-06
195,Aditya,Godhwani,2474,82768,"Fremont, CA",(TTA) Table Tennis America,2446,2024-07-07,2308,2024-08-25,ACTIVE,2024 US World Championship Team Trials,2438.0,2431.0,2024-01-12,2024-01-14
195,Aditya,Godhwani,2474,82768,"Fremont, CA",(TTA) Table Tennis America,2446,2024-07-07,2308,2024-08-25,ACTIVE,2023 Adult National Team Trials,2450.0,2450.0,2023-04-07,2023-04-09
195,Aditya,Godhwani,2474,82768,"Fremont, CA",(TTA) Table Tennis America,2446,2024-07-07,2308,2024-08-25,ACTIVE,2022 US Nationals Team Trials,2491.0,2386.0,2022-06-25,2022-07-01
195,Aditya,Godhwani,2474,82768,"Fremont, CA",(TTA) Table Tennis America,2446,2024-07-07,2308,2024-08-25,ACTIVE,"2021 National U19 and U15 team trials (additional U11, U13 & U17 rating events)",2425.0,2408.0,2021-06-03,2021-06-06
195,Aditya,Godhwani,2474,82768,"Fremont, CA",(TTA) Table Tennis America,2446,2024-07-07,2308,2024-08-25,ACTIVE,2021 National Team & Junior Pan Am Games Team Trials,2511.0,2438.0,2021-05-21,2021-05-26
196,Bryant,Lin,4525,82782,"Alameda, CA",Alameda Table Tennis Club (ATTC),2445,2024-09-02,2365,2024-06-09,ACTIVE,2024 US World Championship Team Trials,2424.0,2446.0,2024-01-12,2024-01-14
197,Samson,Dubina,1866,9051,"Akron, OH",Samson Dubina Table Tennis Academy,2443,2020-03-08,2432,2016-01-23,ACTIVE,2015 US National Team Trials,2514.0,2503.0,2015-12-20,2015-12-21
197,Samson,Dubina,1866,9051,"Akron, OH",Samson Dubina Table Tennis Academy,2443,2020-03-08,2432,2016-01-23,ACTIVE,2015 Pan Am and National Team Trials,2447.0,2438.0,2015-03-08,
197,Samson,Dubina,1866,9051,"Akron, OH",Samson Dubina Table Tennis Academy,2443,2020-03-08,2432,2016-01-23,ACTIVE,2014 National Team Trials,2516.0,2497.0,2014-03-09,
197,Samson,Dubina,1866,9051,"Akron, OH",Samson Dubina Table Tennis Academy,2443,2020-03-08,2432,2016-01-23,ACTIVE,2010 US National Team Trials,2473.0,2462.0,2010-03-05,
197,Samson,Dubina,1866,9051,"Akron, OH",Samson Dubina Table Tennis Academy,2443,2020-03-08,2432,2016-01-23,ACTIVE,US Team Trials,2317.0,2318.0,2003-03-22,
200,Krishnateja,Avvari,318,72387,"Fremont, CA",ICC Table Tennis Center,2441,2024-07-28,2382,2024-03-09,ACTIVE,2017 National Team Trials,2610.0,2579.0,2017-03-24,2017-03-26
200,Krishnateja,Avvari,318,72387,"Fremont, CA",ICC Table Tennis Center,2441,2024-07-28,2382,2024-03-09,ACTIVE,2015 US National Team Trials,2503.0,2496.0,2015-12-20,2015-12-21
200,Krishnateja,Avvari,318,72387,"Fremont, CA",ICC Table Tennis Center,2441,2024-07-28,2382,2024-03-09,ACTIVE,2015 Pan Am and National Team Trials,2547.0,2536.0,2015-03-08,
200,Krishnateja,Avvari,318,72387,"Fremont, CA",ICC Table Tennis Center,2441,2024-07-28,2382,2024-03-09,ACTIVE,2014 National Team Trials,2452.0,2439.0,2014-03-09,
203,Hasan,Saidov,116306,215306,"Staten Island, NY",Matchpoint Table Tennis Center NJ,2435,2024-07-07,2449,2024-08-09,ACTIVE,2024 US Junior National Team Trials - Part 1,2419.0,2419.0,2024-03-26,2024-03-30
203,Hasan,Saidov,116306,215306,"Staten Island, NY",Matchpoint Table Tennis Center NJ,2435,2024-07-07,2449,2024-08-09,ACTIVE,2024 US OLYMPIC TEAM TRIALS,2424.0,2419.0,2024-03-21,2024-03-24
203,Hasan,Saidov,116306,215306,"Staten Island, NY",Matchpoint Table Tennis Center NJ,2435,2024-07-07,2449,2024-08-09,ACTIVE,2022 US Nationals Team Trials,2349.0,2338.0,2022-06-25,2022-07-01
203,Hasan,Saidov,116306,215306,"Staten Island, NY",Matchpoint Table Tennis Center NJ,2435,2024-07-07,2449,2024-08-09,ACTIVE,"2021 National U11, U13, and U17 Team Trials",2244.0,2233.0,2021-06-18,2021-06-20
203,Hasan,Saidov,116306,215306,"Staten Island, NY",Matchpoint Table Tennis Center NJ,2435,2024-07-07,2449,2024-08-09,ACTIVE,"2021 National U19 and U15 team trials (additional U11, U13 & U17 rating events)",2257.0,2244.0,2021-06-03,2021-06-06
210,Earl James,Alto,154,22497,"San Diego, CA",Learning Tree Table Tennis Club,2431,2024-08-25,2404,2024-07-19,ACTIVE,2023 Adult National Team Trials,2439.0,2431.0,2023-04-07,2023-04-09
210,Earl James,Alto,154,22497,"San Diego, CA",Learning Tree Table Tennis Club,2431,2024-08-25,2404,2024-07-19,ACTIVE,2022 US Nationals Team Trials,2412.0,2454.0,2022-06-25,2022-07-01
210,Earl James,Alto,154,22497,"San Diego, CA",Learning Tree Table Tennis Club,2431,2024-08-25,2404,2024-07-19,ACTIVE,2021 National Team & Junior Pan Am Games Team Trials,2561.0,2541.0,2021-05-21,2021-05-26
211,Brian,Masters,5045,8116,"Augusta *, GA",,2431,2018-03-02,0,,ACTIVE,US Men's Team Trials,2496.0,2489.0,1995-02-22,
212,Mu,Du,103754,202754,"North Potomac, MD",MDTTC - Maryland Table Tennis Center,2430,2024-08-25,2125,2020-02-07,ACTIVE,2024 US Junior National Team Trials - Part 2,2343.0,2423.0,2024-05-23,2024-05-27
212,Mu,Du,103754,202754,"North Potomac, MD",MDTTC - Maryland Table Tennis Center,2430,2024-08-25,2125,2020-02-07,ACTIVE,2024 US Junior National Team Trials - Part 1,2321.0,2347.0,2024-03-26,2024-03-30
212,Mu,Du,103754,202754,"North Potomac, MD",MDTTC - Maryland Table Tennis Center,2430,2024-08-25,2125,2020-02-07,ACTIVE,2023 Junior National Team Trials – Part 1,2290.0,2245.0,2023-02-25,2023-02-28
212,Mu,Du,103754,202754,"North Potomac, MD",MDTTC - Maryland Table Tennis Center,2430,2024-08-25,2125,2020-02-07,ACTIVE,2022 US Nationals Team Trials,2246.0,2270.0,2022-06-25,2022-07-01
212,Mu,Du,103754,202754,"North Potomac, MD",MDTTC - Maryland Table Tennis Center,2430,2024-08-25,2125,2020-02-07,ACTIVE,"2021 National U11, U13, and U17 Team Trials",2121.0,2163.0,2021-06-18,2021-06-20
212,Mu,Du,103754,202754,"North Potomac, MD",MDTTC - Maryland Table Tennis Center,2430,2024-08-25,2125,2020-02-07,ACTIVE,"2021 National U19 and U15 team trials (additional U11, U13 & U17 rating events)",2139.0,2121.0,2021-06-03,2021-06-06
215,Shuja,Jafar,3383,59942,"Union City, CA",Silicon Valley Table Tennis Club (SVTTC),2428,2018-05-31,2008,2024-07-20,ACTIVE,2017 National Team Trials,2154.0,2158.0,2017-03-24,2017-03-26
215,Shuja,Jafar,3383,59942,"Union City, CA",Silicon Valley Table Tennis Club (SVTTC),2428,2018-05-31,2008,2024-07-20,ACTIVE,2015 US National Team Trials,2272.0,2284.0,2015-12-20,2015-12-21
215,Shuja,Jafar,3383,59942,"Union City, CA",Silicon Valley Table Tennis Club (SVTTC),2428,2018-05-31,2008,2024-07-20,ACTIVE,2014 National Team Trials,2376.0,2373.0,2014-03-09,
218,Xianyao,He,104271,203271,"San Jose, CA",888 Table Tennis Center - San Jose,2423,2024-09-02,2326,2024-08-18,ACTIVE,2024 US Junior National Team Trials - Part 2,2423.0,2406.0,2024-05-23,2024-05-27
218,Xianyao,He,104271,203271,"San Jose, CA",888 Table Tennis Center - San Jose,2423,2024-09-02,2326,2024-08-18,ACTIVE,2024 US Junior National Team Trials - Part 1,2362.0,2407.0,2024-03-26,2024-03-30
218,Xianyao,He,104271,203271,"San Jose, CA",888 Table Tennis Center - San Jose,2423,2024-09-02,2326,2024-08-18,ACTIVE,2023 Adult National Team Trials,2335.0,2327.0,2023-04-07,2023-04-09
218,Xianyao,He,104271,203271,"San Jose, CA",888 Table Tennis Center - San Jose,2423,2024-09-02,2326,2024-08-18,ACTIVE,2023 Junior National Team Trials – Part 1,2339.0,2315.0,2023-02-25,2023-02-28
218,Xianyao,He,104271,203271,"San Jose, CA",888 Table Tennis Center - San Jose,2423,2024-09-02,2326,2024-08-18,ACTIVE,2022 US Nationals Team Trials,2309.0,2343.0,2022-06-25,2022-07-01
218,Xianyao,He,104271,203271,"San Jose, CA",888 Table Tennis Center - San Jose,2423,2024-09-02,2326,2024-08-18,ACTIVE,"2021 National U11, U13, and U17 Team Trials",2246.0,2206.0,2021-06-18,2021-06-20
218,Xianyao,He,104271,203271,"San Jose, CA",888 Table Tennis Center - San Jose,2423,2024-09-02,2326,2024-08-18,ACTIVE,"2021 National U19 and U15 team trials (additional U11, U13 & U17 rating events)",2164.0,2160.0,2021-06-03,2021-06-06
219,Tiffany,Ke,28641,89217,"san jose, CA",(TTA) Table Tennis America,2423,2024-07-07,2278,2024-01-07,ACTIVE,2024 US OLYMPIC TEAM TRIALS,2382.0,2453.0,2024-03-21,2024-03-24
219,Tiffany,Ke,28641,89217,"san jose, CA",(TTA) Table Tennis America,2423,2024-07-07,2278,2024-01-07,ACTIVE,2024 US World Championship Team Trials,2327.0,2382.0,2024-01-12,2024-01-14
219,Tiffany,Ke,28641,89217,"san jose, CA",(TTA) Table Tennis America,2423,2024-07-07,2278,2024-01-07,ACTIVE,2023 Adult National Team Trials,2390.0,2379.0,2023-04-07,2023-04-09
219,Tiffany,Ke,28641,89217,"san jose, CA",(TTA) Table Tennis America,2423,2024-07-07,2278,2024-01-07,ACTIVE,2023 Junior National Team Trials – Part 1,2360.0,2413.0,2023-02-25,2023-02-28
219,Tiffany,Ke,28641,89217,"san jose, CA",(TTA) Table Tennis America,2423,2024-07-07,2278,2024-01-07,ACTIVE,2022 US Nationals Team Trials,2365.0,2348.0,2022-06-25,2022-07-01
219,Tiffany,Ke,28641,89217,"san jose, CA",(TTA) Table Tennis America,2423,2024-07-07,2278,2024-01-07,ACTIVE,"2021 National U19 and U15 team trials (additional U11, U13 & U17 rating events)",2271.0,2285.0,2021-06-03,2021-06-06
219,Tiffany,Ke,28641,89217,"san jose, CA",(TTA) Table Tennis America,2423,2024-07-07,2278,2024-01-07,ACTIVE,2021 National Team & Junior Pan Am Games Team Trials,2223.0,2271.0,2021-05-21,2021-05-26
219,Tiffany,Ke,28641,89217,"san jose, CA",(TTA) Table Tennis America,2423,2024-07-07,2278,2024-01-07,ACTIVE,2017 National Team Trials,2189.0,2181.0,2017-03-24,2017-03-26
221,Jonathan,Li,4429,80741,"Mercer Island, WA",Seattle Pacific Table Tennis Club,2422,2024-09-08,2396,2024-08-24,ACTIVE,2015 US National Team Trials,2351.0,2339.0,2015-12-20,2015-12-21
221,Jonathan,Li,4429,80741,"Mercer Island, WA",Seattle Pacific Table Tennis Club,2422,2024-09-08,2396,2024-08-24,ACTIVE,2015 Pan Am and National Team Trials,2308.0,2305.0,2015-03-08,
221,Jonathan,Li,4429,80741,"Mercer Island, WA",Seattle Pacific Table Tennis Club,2422,2024-09-08,2396,2024-08-24,ACTIVE,2014 National Team Trials,2262.0,2256.0,2014-03-09,
225,Charles,Shen,118235,217235,"Basking Ridge, NJ",Topspin Table Tennis Club,2421,2024-08-25,2401,2024-05-17,ACTIVE,2024 US Junior National Team Trials - Part 2,2450.0,2406.0,2024-05-23,2024-05-27
225,Charles,Shen,118235,217235,"Basking Ridge, NJ",Topspin Table Tennis Club,2421,2024-08-25,2401,2024-05-17,ACTIVE,2024 US Junior National Team Trials - Part 1,2408.0,2378.0,2024-03-26,2024-03-30
225,Charles,Shen,118235,217235,"Basking Ridge, NJ",Topspin Table Tennis Club,2421,2024-08-25,2401,2024-05-17,ACTIVE,2023 Junior National Team Trials – Part 1,2306.0,2355.0,2023-02-25,2023-02-28
225,Charles,Shen,118235,217235,"Basking Ridge, NJ",Topspin Table Tennis Club,2421,2024-08-25,2401,2024-05-17,ACTIVE,2022 US Nationals Team Trials,2294.0,2214.0,2022-06-25,2022-07-01
225,Charles,Shen,118235,217235,"Basking Ridge, NJ",Topspin Table Tennis Club,2421,2024-08-25,2401,2024-05-17,ACTIVE,"2021 National U11, U13, and U17 Team Trials",1988.0,1996.0,2021-06-18,2021-06-20
228,Sarah,Jalli,3396,94697,"North Canton, OH",,2418,2024-03-24,2104,2019-06-23,ACTIVE,2024 US OLYMPIC TEAM TRIALS,2423.0,2418.0,2024-03-21,2024-03-24
228,Sarah,Jalli,3396,94697,"North Canton, OH",,2418,2024-03-24,2104,2019-06-23,ACTIVE,2024 US World Championship Team Trials,2423.0,2377.0,2024-01-12,2024-01-14
228,Sarah,Jalli,3396,94697,"North Canton, OH",,2418,2024-03-24,2104,2019-06-23,ACTIVE,2023 Adult National Team Trials,2523.0,2409.0,2023-04-07,2023-04-09
228,Sarah,Jalli,3396,94697,"North Canton, OH",,2418,2024-03-24,2104,2019-06-23,ACTIVE,2023 Junior National Team Trials – Part 1,2464.0,2425.0,2023-02-25,2023-02-28
228,Sarah,Jalli,3396,94697,"North Canton, OH",,2418,2024-03-24,2104,2019-06-23,ACTIVE,2022 US Nationals Team Trials,2449.0,2455.0,2022-06-25,2022-07-01
228,Sarah,Jalli,3396,94697,"North Canton, OH",,2418,2024-03-24,2104,2019-06-23,ACTIVE,"2021 National U19 and U15 team trials (additional U11, U13 & U17 rating events)",2454.0,2419.0,2021-06-03,2021-06-06
228,Sarah,Jalli,3396,94697,"North Canton, OH",,2418,2024-03-24,2104,2019-06-23,ACTIVE,2021 National Team & Junior Pan Am Games Team Trials,2433.0,2454.0,2021-05-21,2021-05-26
232,Alex,Luo,103029,202029,"Dublin, CA",(TTA) Table Tennis America,2415,2024-09-02,2327,2024-08-18,ACTIVE,2024 US Junior National Team Trials - Part 2,2378.0,2476.0,2024-05-23,2024-05-27
232,Alex,Luo,103029,202029,"Dublin, CA",(TTA) Table Tennis America,2415,2024-09-02,2327,2024-08-18,ACTIVE,2024 US Junior National Team Trials - Part 1,2488.0,2397.0,2024-03-26,2024-03-30
232,Alex,Luo,103029,202029,"Dublin, CA",(TTA) Table Tennis America,2415,2024-09-02,2327,2024-08-18,ACTIVE,2023 Adult National Team Trials,2276.0,2271.0,2023-04-07,2023-04-09
232,Alex,Luo,103029,202029,"Dublin, CA",(TTA) Table Tennis America,2415,2024-09-02,2327,2024-08-18,ACTIVE,2023 Junior National Team Trials – Part 1,2321.0,2320.0,2023-02-25,2023-02-28
232,Alex,Luo,103029,202029,"Dublin, CA",(TTA) Table Tennis America,2415,2024-09-02,2327,2024-08-18,ACTIVE,2022 US Nationals Team Trials,2209.0,2200.0,2022-06-25,2022-07-01
232,Alex,Luo,103029,202029,"Dublin, CA",(TTA) Table Tennis America,2415,2024-09-02,2327,2024-08-18,ACTIVE,"2021 National U11, U13, and U17 Team Trials",1928.0,1934.0,2021-06-18,2021-06-20
234,Kef,Noorani,118865,217865,"Mountain View, CA",888 Table Tennis Center,2414,2024-07-07,2273,2024-08-25,ACTIVE,2024 US Junior National Team Trials - Part 2,2367.0,2414.0,2024-05-23,2024-05-27
234,Kef,Noorani,118865,217865,"Mountain View, CA",888 Table Tennis Center,2414,2024-07-07,2273,2024-08-25,ACTIVE,2024 US Junior National Team Trials - Part 1,2438.0,2376.0,2024-03-26,2024-03-30
234,Kef,Noorani,118865,217865,"Mountain View, CA",888 Table Tennis Center,2414,2024-07-07,2273,2024-08-25,ACTIVE,2023 Adult National Team Trials,2290.0,2306.0,2023-04-07,2023-04-09
234,Kef,Noorani,118865,217865,"Mountain View, CA",888 Table Tennis Center,2414,2024-07-07,2273,2024-08-25,ACTIVE,2023 Junior National Team Trials – Part 1,2296.0,2236.0,2023-02-25,2023-02-28
234,Kef,Noorani,118865,217865,"Mountain View, CA",888 Table Tennis Center,2414,2024-07-07,2273,2024-08-25,ACTIVE,2022 US Nationals Team Trials,2192.0,2190.0,2022-06-25,2022-07-01
234,Kef,Noorani,118865,217865,"Mountain View, CA",888 Table Tennis Center,2414,2024-07-07,2273,2024-08-25,ACTIVE,"2021 National U11, U13, and U17 Team Trials",1722.0,1964.0,2021-06-18,2021-06-20
236,Zaman,Molla,5363,77031,"Newport Beach, CA",Alameda Table Tennis Club (ATTC),2414,2024-06-02,2572,2013-08-12,ACTIVE,2024 US OLYMPIC TEAM TRIALS,2492.0,2478.0,2024-03-21,2024-03-24
237,John James,Alto,155,30755,"San Diego, CA",Learning Tree Table Tennis Club,2413,2024-08-04,2344,2024-07-12,ACTIVE,2024 US World Championship Team Trials,2419.0,2407.0,2024-01-12,2024-01-14
237,John James,Alto,155,30755,"San Diego, CA",Learning Tree Table Tennis Club,2413,2024-08-04,2344,2024-07-12,ACTIVE,2023 Adult National Team Trials,2335.0,2328.0,2023-04-07,2023-04-09
237,John James,Alto,155,30755,"San Diego, CA",Learning Tree Table Tennis Club,2413,2024-08-04,2344,2024-07-12,ACTIVE,2022 US Nationals Team Trials,2351.0,2349.0,2022-06-25,2022-07-01
238,Kai,Zarehbin,8975,91905,"Oakland, CA",ICC Table Tennis Center,2411,2024-08-25,2279,2024-07-20,ACTIVE,2023 Adult National Team Trials,2373.0,2373.0,2023-04-07,2023-04-09
238,Kai,Zarehbin,8975,91905,"Oakland, CA",ICC Table Tennis Center,2411,2024-08-25,2279,2024-07-20,ACTIVE,2022 US Nationals Team Trials,2435.0,2432.0,2022-06-25,2022-07-01
238,Kai,Zarehbin,8975,91905,"Oakland, CA",ICC Table Tennis Center,2411,2024-08-25,2279,2024-07-20,ACTIVE,"2021 National U19 and U15 team trials (additional U11, U13 & U17 rating events)",2417.0,2402.0,2021-06-03,2021-06-06
241,Aryan,Jha,112736,211736,"Lexington, MA",,2409,2024-06-30,2032,2019-10-15,ACTIVE,2024 Adult National Team Trials - Part 3,2423.0,2421.0,2024-05-28,2024-05-31
241,Aryan,Jha,112736,211736,"Lexington, MA",,2409,2024-06-30,2032,2019-10-15,ACTIVE,2024 US Junior National Team Trials - Part 2,2475.0,2423.0,2024-05-23,2024-05-27
241,Aryan,Jha,112736,211736,"Lexington, MA",,2409,2024-06-30,2032,2019-10-15,ACTIVE,2024 US Junior National Team Trials - Part 1,2496.0,2471.0,2024-03-26,2024-03-30
241,Aryan,Jha,112736,211736,"Lexington, MA",,2409,2024-06-30,2032,2019-10-15,ACTIVE,2024 US OLYMPIC TEAM TRIALS,2486.0,2496.0,2024-03-21,2024-03-24
241,Aryan,Jha,112736,211736,"Lexington, MA",,2409,2024-06-30,2032,2019-10-15,ACTIVE,2023 Junior National Team Trials – Part 1,2368.0,2367.0,2023-02-25,2023-02-28
241,Aryan,Jha,112736,211736,"Lexington, MA",,2409,2024-06-30,2032,2019-10-15,ACTIVE,2022 US Nationals Team Trials,2311.0,2356.0,2022-06-25,2022-07-01
241,Aryan,Jha,112736,211736,"Lexington, MA",,2409,2024-06-30,2032,2019-10-15,ACTIVE,"2021 National U11, U13, and U17 Team Trials",2147.0,2137.0,2021-06-18,2021-06-20
251,Raghav,Thiruvallur,112257,928116,"Fremont, CA",,2399,2024-07-28,2262,2024-01-07,ACTIVE,2022 US Nationals Team Trials,2325.0,2320.0,2022-06-25,2022-07-01
251,Raghav,Thiruvallur,112257,928116,"Fremont, CA",,2399,2024-07-28,2262,2024-01-07,ACTIVE,"2021 National U19 and U15 team trials (additional U11, U13 & U17 rating events)",2229.0,2277.0,2021-06-03,2021-06-06
254,Connor,Lee,98388,197388,"Tenafly, NJ",,2397,2024-08-04,2359,2024-06-21,ACTIVE,2023 Junior National Team Trials – Part 1,2272.0,2285.0,2023-02-25,2023-02-28
254,Connor,Lee,98388,197388,"Tenafly, NJ",,2397,2024-08-04,2359,2024-06-21,ACTIVE,"2021 National U11, U13, and U17 Team Trials",2130.0,2131.0,2021-06-18,2021-06-20
254,Connor,Lee,98388,197388,"Tenafly, NJ",,2397,2024-08-04,2359,2024-06-21,ACTIVE,"2021 National U19 and U15 team trials (additional U11, U13 & U17 rating events)",2129.0,2126.0,2021-06-03,2021-06-06
257,Allen,Wang,8220,69905,"Sewell, NJ",Flick! Table Tennis Performance Center,2395,2019-03-01,2356,2015-06-24,ACTIVE,2015 US National Team Trials,2588.0,2569.0,2015-12-20,2015-12-21
257,Allen,Wang,8220,69905,"Sewell, NJ",Flick! Table Tennis Performance Center,2395,2019-03-01,2356,2015-06-24,ACTIVE,2015 Pan Am and National Team Trials,2462.0,2460.0,2015-03-08,
262,Ryan,Lin,121032,220032,"Potomac, MD",MDTTC - Maryland Table Tennis Center,2389,2024-08-25,2258,2023-01-27,ACTIVE,2024 US Junior National Team Trials - Part 2,2296.0,2393.0,2024-05-23,2024-05-27
262,Ryan,Lin,121032,220032,"Potomac, MD",MDTTC - Maryland Table Tennis Center,2389,2024-08-25,2258,2023-01-27,ACTIVE,2024 US Junior National Team Trials - Part 1,2277.0,2296.0,2024-03-26,2024-03-30
262,Ryan,Lin,121032,220032,"Potomac, MD",MDTTC - Maryland Table Tennis Center,2389,2024-08-25,2258,2023-01-27,ACTIVE,2023 Junior National Team Trials – Part 1,2247.0,2271.0,2023-02-25,2023-02-28
262,Ryan,Lin,121032,220032,"Potomac, MD",MDTTC - Maryland Table Tennis Center,2389,2024-08-25,2258,2023-01-27,ACTIVE,2022 US Nationals Team Trials,2223.0,2195.0,2022-06-25,2022-07-01
262,Ryan,Lin,121032,220032,"Potomac, MD",MDTTC - Maryland Table Tennis Center,2389,2024-08-25,2258,2023-01-27,ACTIVE,"2021 National U11, U13, and U17 Team Trials",2037.0,2002.0,2021-06-18,2021-06-20
264,Ethan,Liu,4607,91756,"Albany, CA",888 Table Tennis Center,2389,2024-09-02,2294,2023-08-27,ACTIVE,2024 US Junior National Team Trials - Part 2,2409.0,2403.0,2024-05-23,2024-05-27
264,Ethan,Liu,4607,91756,"Albany, CA",888 Table Tennis Center,2389,2024-09-02,2294,2023-08-27,ACTIVE,2023 Adult National Team Trials,2389.0,2385.0,2023-04-07,2023-04-09
264,Ethan,Liu,4607,91756,"Albany, CA",888 Table Tennis Center,2389,2024-09-02,2294,2023-08-27,ACTIVE,2022 US Nationals Team Trials,2305.0,2297.0,2022-06-25,2022-07-01
265,Eliel,Sosis,7327,94640,"Sharon, MA",,2388,2024-07-07,2240,2024-06-29,ACTIVE,2022 US Nationals Team Trials,2396.0,2392.0,2022-06-25,2022-07-01
265,Eliel,Sosis,7327,94640,"Sharon, MA",,2388,2024-07-07,2240,2024-06-29,ACTIVE,"2021 National U19 and U15 team trials (additional U11, U13 & U17 rating events)",2392.0,2393.0,2021-06-03,2021-06-06
269,Arnav,Khinvasara,3746,96746,"Milpitas, CA",ICC Table Tennis Center,2386,2024-03-30,2209,2024-08-10,ACTIVE,2024 US Junior National Team Trials - Part 1,2371.0,2386.0,2024-03-26,2024-03-30
269,Arnav,Khinvasara,3746,96746,"Milpitas, CA",ICC Table Tennis Center,2386,2024-03-30,2209,2024-08-10,ACTIVE,2023 Junior National Team Trials – Part 1,2263.0,2297.0,2023-02-25,2023-02-28
269,Arnav,Khinvasara,3746,96746,"Milpitas, CA",ICC Table Tennis Center,2386,2024-03-30,2209,2024-08-10,ACTIVE,"2021 National U19 and U15 team trials (additional U11, U13 & U17 rating events)",2141.0,2077.0,2021-06-03,2021-06-06
278,Chi-Sun,Chui,16297,4879,"Escondido, CA",,2379,2024-06-09,2390,2024-04-12,ACTIVE,US Team Trials,2449.0,2452.0,2003-03-22,
278,Chi-Sun,Chui,16297,4879,"Escondido, CA",,2379,2024-06-09,2390,2024-04-12,ACTIVE,1997 US World Team Trials,2539.0,2519.0,1997-03-07,
279,Kayla,Goodwin,2552,92550,"Englewood, FL",Tampa TTC,2378,2024-07-28,2192,2024-01-07,ACTIVE,2024 US Junior National Team Trials - Part 2,2264.0,2354.0,2024-05-23,2024-05-27
279,Kayla,Goodwin,2552,92550,"Englewood, FL",Tampa TTC,2378,2024-07-28,2192,2024-01-07,ACTIVE,2024 US Junior National Team Trials - Part 1,2329.0,2312.0,2024-03-26,2024-03-30
279,Kayla,Goodwin,2552,92550,"Englewood, FL",Tampa TTC,2378,2024-07-28,2192,2024-01-07,ACTIVE,2024 US OLYMPIC TEAM TRIALS,2333.0,2329.0,2024-03-21,2024-03-24
279,Kayla,Goodwin,2552,92550,"Englewood, FL",Tampa TTC,2378,2024-07-28,2192,2024-01-07,ACTIVE,2024 US World Championship Team Trials,2277.0,2333.0,2024-01-12,2024-01-14
279,Kayla,Goodwin,2552,92550,"Englewood, FL",Tampa TTC,2378,2024-07-28,2192,2024-01-07,ACTIVE,2023 Junior National Team Trials – Part 1,2202.0,2209.0,2023-02-25,2023-02-28
279,Kayla,Goodwin,2552,92550,"Englewood, FL",Tampa TTC,2378,2024-07-28,2192,2024-01-07,ACTIVE,2022 US Nationals Team Trials,2230.0,2170.0,2022-06-25,2022-07-01
279,Kayla,Goodwin,2552,92550,"Englewood, FL",Tampa TTC,2378,2024-07-28,2192,2024-01-07,ACTIVE,"2021 National U19 and U15 team trials (additional U11, U13 & U17 rating events)",2108.0,2159.0,2021-06-03,2021-06-06
281,Alex,Averin,309,81774,"Garwood, NJ",PINGPOD,2374,2024-08-25,2486,2024-09-06,ACTIVE,2023 Adult National Team Trials,2410.0,2409.0,2023-04-07,2023-04-09
281,Alex,Averin,309,81774,"Garwood, NJ",PINGPOD,2374,2024-08-25,2486,2024-09-06,ACTIVE,2022 US Nationals Team Trials,2385.0,2370.0,2022-06-25,2022-07-01
283,Isabella,Xu,102353,98155,"Cary, NC",NC International Table Tennis (NCITT),2374,2024-08-04,2299,2024-05-17,ACTIVE,2024 US Junior National Team Trials - Part 2,2299.0,2244.0,2024-05-23,2024-05-27
283,Isabella,Xu,102353,98155,"Cary, NC",NC International Table Tennis (NCITT),2374,2024-08-04,2299,2024-05-17,ACTIVE,2024 US Junior National Team Trials - Part 1,2187.0,2299.0,2024-03-26,2024-03-30
283,Isabella,Xu,102353,98155,"Cary, NC",NC International Table Tennis (NCITT),2374,2024-08-04,2299,2024-05-17,ACTIVE,2024 US OLYMPIC TEAM TRIALS,2189.0,2187.0,2024-03-21,2024-03-24
283,Isabella,Xu,102353,98155,"Cary, NC",NC International Table Tennis (NCITT),2374,2024-08-04,2299,2024-05-17,ACTIVE,2024 US World Championship Team Trials,2208.0,2202.0,2024-01-12,2024-01-14
283,Isabella,Xu,102353,98155,"Cary, NC",NC International Table Tennis (NCITT),2374,2024-08-04,2299,2024-05-17,ACTIVE,2023 Adult National Team Trials,2262.0,2257.0,2023-04-07,2023-04-09
283,Isabella,Xu,102353,98155,"Cary, NC",NC International Table Tennis (NCITT),2374,2024-08-04,2299,2024-05-17,ACTIVE,2023 Junior National Team Trials – Part 1,2239.0,2191.0,2023-02-25,2023-02-28
283,Isabella,Xu,102353,98155,"Cary, NC",NC International Table Tennis (NCITT),2374,2024-08-04,2299,2024-05-17,ACTIVE,2022 US Nationals Team Trials,2199.0,2172.0,2022-06-25,2022-07-01
283,Isabella,Xu,102353,98155,"Cary, NC",NC International Table Tennis (NCITT),2374,2024-08-04,2299,2024-05-17,ACTIVE,"2021 National U11, U13, and U17 Team Trials",2071.0,2150.0,2021-06-18,2021-06-20
283,Isabella,Xu,102353,98155,"Cary, NC",NC International Table Tennis (NCITT),2374,2024-08-04,2299,2024-05-17,ACTIVE,"2021 National U19 and U15 team trials (additional U11, U13 & U17 rating events)",2084.0,2069.0,2021-06-03,2021-06-06
283,Isabella,Xu,102353,98155,"Cary, NC",NC International Table Tennis (NCITT),2374,2024-08-04,2299,2024-05-17,ACTIVE,2021 National Team & Junior Pan Am Games Team Trials,2166.0,2084.0,2021-05-21,2021-05-26
285,Jessica,Reyes-Lai,182942,281942,"Woodinville, WA",,2373,2024-08-04,2250,2023-12-30,ACTIVE,2024 Adult National Team Trials - Part 3,2392.0,2394.0,2024-05-28,2024-05-31
285,Jessica,Reyes-Lai,182942,281942,"Woodinville, WA",,2373,2024-08-04,2250,2023-12-30,ACTIVE,2024 US OLYMPIC TEAM TRIALS,2370.0,2392.0,2024-03-21,2024-03-24
285,Jessica,Reyes-Lai,182942,281942,"Woodinville, WA",,2373,2024-08-04,2250,2023-12-30,ACTIVE,2024 US World Championship Team Trials,2238.0,2370.0,2024-01-12,2024-01-14
288,Sean,O'Neill,5816,8840,"Portland, OR",Paddle Palace Club,2371,2018-04-14,2349,2014-08-08,ACTIVE,US Team Trials,2390.0,2394.0,2003-03-22,
288,Sean,O'Neill,5816,8840,"Portland, OR",Paddle Palace Club,2371,2018-04-14,2349,2014-08-08,ACTIVE,US Men's Team Trials,2617.0,2610.0,1995-02-22,
292,Raymond,Zhu,102385,98266,"San Jose, CA",888 Table Tennis Center,2366,2024-09-02,2266,2024-04-21,ACTIVE,2024 US Junior National Team Trials - Part 2,2366.0,2376.0,2024-05-23,2024-05-27
292,Raymond,Zhu,102385,98266,"San Jose, CA",888 Table Tennis Center,2366,2024-09-02,2266,2024-04-21,ACTIVE,2024 US Junior National Team Trials - Part 1,2395.0,2369.0,2024-03-26,2024-03-30
292,Raymond,Zhu,102385,98266,"San Jose, CA",888 Table Tennis Center,2366,2024-09-02,2266,2024-04-21,ACTIVE,2023 Adult National Team Trials,2275.0,2270.0,2023-04-07,2023-04-09
292,Raymond,Zhu,102385,98266,"San Jose, CA",888 Table Tennis Center,2366,2024-09-02,2266,2024-04-21,ACTIVE,2023 Junior National Team Trials – Part 1,2316.0,2278.0,2023-02-25,2023-02-28
292,Raymond,Zhu,102385,98266,"San Jose, CA",888 Table Tennis Center,2366,2024-09-02,2266,2024-04-21,ACTIVE,2022 US Nationals Team Trials,2193.0,2198.0,2022-06-25,2022-07-01
292,Raymond,Zhu,102385,98266,"San Jose, CA",888 Table Tennis Center,2366,2024-09-02,2266,2024-04-21,ACTIVE,"2021 National U19 and U15 team trials (additional U11, U13 & U17 rating events)",2103.0,2123.0,2021-06-03,2021-06-06
297,Lucy,Chen,113153,212153,"Glen Head, NY",,2360,2024-06-16,2157,2020-02-28,ACTIVE,2022 US Nationals Team Trials,2329.0,2377.0,2022-06-25,2022-07-01
298,Rachel,Wang,8298,96633,"Apex, NC",Carolina International Table Tennis Academy (CITTA),2359,2024-05-27,1663,2018-07-27,ACTIVE,2024 US Junior National Team Trials - Part 2,2323.0,2359.0,2024-05-23,2024-05-27
298,Rachel,Wang,8298,96633,"Apex, NC",Carolina International Table Tennis Academy (CITTA),2359,2024-05-27,1663,2018-07-27,ACTIVE,2024 US Junior National Team Trials - Part 1,2296.0,2323.0,2024-03-26,2024-03-30
298,Rachel,Wang,8298,96633,"Apex, NC",Carolina International Table Tennis Academy (CITTA),2359,2024-05-27,1663,2018-07-27,ACTIVE,2024 US World Championship Team Trials,2254.0,2261.0,2024-01-12,2024-01-14
298,Rachel,Wang,8298,96633,"Apex, NC",Carolina International Table Tennis Academy (CITTA),2359,2024-05-27,1663,2018-07-27,ACTIVE,2023 Adult National Team Trials,2288.0,2247.0,2023-04-07,2023-04-09
298,Rachel,Wang,8298,96633,"Apex, NC",Carolina International Table Tennis Academy (CITTA),2359,2024-05-27,1663,2018-07-27,ACTIVE,2023 Junior National Team Trials – Part 1,2284.0,2288.0,2023-02-25,2023-02-28
298,Rachel,Wang,8298,96633,"Apex, NC",Carolina International Table Tennis Academy (CITTA),2359,2024-05-27,1663,2018-07-27,ACTIVE,2022 US Nationals Team Trials,2293.0,2282.0,2022-06-25,2022-07-01
298,Rachel,Wang,8298,96633,"Apex, NC",Carolina International Table Tennis Academy (CITTA),2359,2024-05-27,1663,2018-07-27,ACTIVE,"2021 National U19 and U15 team trials (additional U11, U13 & U17 rating events)",2228.0,2215.0,2021-06-03,2021-06-06
299,Yashraj,Shah,118130,217130,"Iselin, NJ",Lily Yip Table Tennis Center,2357,2024-08-25,2370,2024-09-06,ACTIVE,2024 US Junior National Team Trials - Part 2,2366.0,2321.0,2024-05-23,2024-05-27
299,Yashraj,Shah,118130,217130,"Iselin, NJ",Lily Yip Table Tennis Center,2357,2024-08-25,2370,2024-09-06,ACTIVE,2024 US Junior National Team Trials - Part 1,2365.0,2349.0,2024-03-26,2024-03-30
299,Yashraj,Shah,118130,217130,"Iselin, NJ",Lily Yip Table Tennis Center,2357,2024-08-25,2370,2024-09-06,ACTIVE,2023 Junior National Team Trials – Part 1,2241.0,2244.0,2023-02-25,2023-02-28
299,Yashraj,Shah,118130,217130,"Iselin, NJ",Lily Yip Table Tennis Center,2357,2024-08-25,2370,2024-09-06,ACTIVE,"2021 National U11, U13, and U17 Team Trials",1916.0,1904.0,2021-06-18,2021-06-20
302,Dhruv,Chopra,113806,212806,"Robbinsville, NJ",Lily Yip Table Tennis Center,2353,2024-08-11,2328,2024-08-23,ACTIVE,2024 US Junior National Team Trials - Part 2,2311.0,2278.0,2024-05-23,2024-05-27
302,Dhruv,Chopra,113806,212806,"Robbinsville, NJ",Lily Yip Table Tennis Center,2353,2024-08-11,2328,2024-08-23,ACTIVE,2024 US Junior National Team Trials - Part 1,2271.0,2336.0,2024-03-26,2024-03-30
302,Dhruv,Chopra,113806,212806,"Robbinsville, NJ",Lily Yip Table Tennis Center,2353,2024-08-11,2328,2024-08-23,ACTIVE,2023 Junior National Team Trials – Part 1,2198.0,2210.0,2023-02-25,2023-02-28
302,Dhruv,Chopra,113806,212806,"Robbinsville, NJ",Lily Yip Table Tennis Center,2353,2024-08-11,2328,2024-08-23,ACTIVE,2022 US Nationals Team Trials,2146.0,2172.0,2022-06-25,2022-07-01
303,Erica,Wu,53663,32039,"Arcadia, CA",,2353,2018-03-02,2209,2012-03-17,ACTIVE,2014 National Team Trials,2380.0,2383.0,2014-03-09,
303,Erica,Wu,53663,32039,"Arcadia, CA",,2353,2018-03-02,2209,2012-03-17,ACTIVE,2010 US National Team Trials,2273.0,2264.0,2010-03-05,
310,Khoa,Nguyen,5640,8683,"San Jose, CA",,2348,2023-10-08,2434,2014-03-01,ACTIVE,US Team Trials,2595.0,2552.0,2003-03-22,
310,Khoa,Nguyen,5640,8683,"San Jose, CA",,2348,2023-10-08,2434,2014-03-01,ACTIVE,2000 Olympic Team Trials - Tab,2691.0,2662.0,2000-04-09,
310,Khoa,Nguyen,5640,8683,"San Jose, CA",,2348,2023-10-08,2434,2014-03-01,ACTIVE,National Team Trials,2636.0,2686.0,2000-01-23,
310,Khoa,Nguyen,5640,8683,"San Jose, CA",,2348,2023-10-08,2434,2014-03-01,ACTIVE,US Men's Team Trials,2652.0,2638.0,1995-02-22,
311,Ludovic,Gombos,22607,32497,"Dallas, TX",,2348,2024-03-24,0,,ACTIVE,2024 US OLYMPIC TEAM TRIALS,2345.0,2348.0,2024-03-21,2024-03-24
311,Ludovic,Gombos,22607,32497,"Dallas, TX",,2348,2024-03-24,0,,ACTIVE,2024 US World Championship Team Trials,2362.0,2345.0,2024-01-12,2024-01-14
313,Sean,Chen,112679,211679,"New York, NY",New York Indoor Sports Club,2347,2024-02-03,2175,2020-02-07,ACTIVE,2023 Junior National Team Trials – Part 1,2382.0,2337.0,2023-02-25,2023-02-28
313,Sean,Chen,112679,211679,"New York, NY",New York Indoor Sports Club,2347,2024-02-03,2175,2020-02-07,ACTIVE,2022 US Nationals Team Trials,2364.0,2375.0,2022-06-25,2022-07-01
313,Sean,Chen,112679,211679,"New York, NY",New York Indoor Sports Club,2347,2024-02-03,2175,2020-02-07,ACTIVE,"2021 National U11, U13, and U17 Team Trials",2271.0,2330.0,2021-06-18,2021-06-20
313,Sean,Chen,112679,211679,"New York, NY",New York Indoor Sports Club,2347,2024-02-03,2175,2020-02-07,ACTIVE,"2021 National U19 and U15 team trials (additional U11, U13 & U17 rating events)",2317.0,2269.0,2021-06-03,2021-06-06
318,Michael,Guo,122417,221417,"Katy, TX","Chinese Community Center, Inc.",2346,2024-02-18,2275,2024-02-24,ACTIVE,2022 US Nationals Team Trials,2311.0,2343.0,2022-06-25,2022-07-01
318,Michael,Guo,122417,221417,"Katy, TX","Chinese Community Center, Inc.",2346,2024-02-18,2275,2024-02-24,ACTIVE,"2021 National U19 and U15 team trials (additional U11, U13 & U17 rating events)",2123.0,2158.0,2021-06-03,2021-06-06
320,Angie,Tan,7635,87830,"Milpitas, CA",888 Table Tennis Center,2346,2024-07-07,2269,2022-06-18,ACTIVE,2024 US OLYMPIC TEAM TRIALS,2345.0,2348.0,2024-03-21,2024-03-24
320,Angie,Tan,7635,87830,"Milpitas, CA",888 Table Tennis Center,2346,2024-07-07,2269,2022-06-18,ACTIVE,2023 Adult National Team Trials,2282.0,2330.0,2023-04-07,2023-04-09
320,Angie,Tan,7635,87830,"Milpitas, CA",888 Table Tennis Center,2346,2024-07-07,2269,2022-06-18,ACTIVE,2022 US Nationals Team Trials,2247.0,2356.0,2022-06-25,2022-07-01
320,Angie,Tan,7635,87830,"Milpitas, CA",888 Table Tennis Center,2346,2024-07-07,2269,2022-06-18,ACTIVE,"2021 National U19 and U15 team trials (additional U11, U13 & U17 rating events)",2410.0,2373.0,2021-06-03,2021-06-06
321,Tahl,Leibovitz,4316,59922,"Ozone Park, NY",PingPod Lower East Side,2345,2024-08-11,2389,2022-04-08,ACTIVE,2024 US World Championship Team Trials,2402.0,2400.0,2024-01-12,2024-01-14
321,Tahl,Leibovitz,4316,59922,"Ozone Park, NY",PingPod Lower East Side,2345,2024-08-11,2389,2022-04-08,ACTIVE,2023 Adult National Team Trials,2505.0,2500.0,2023-04-07,2023-04-09
321,Tahl,Leibovitz,4316,59922,"Ozone Park, NY",PingPod Lower East Side,2345,2024-08-11,2389,2022-04-08,ACTIVE,2015 US National Team Trials,2426.0,2412.0,2015-12-20,2015-12-21
322,Arnav,Jain,99566,198566,"Edison, NJ",Lily Yip Table Tennis Center,2345,2024-08-25,2491,2024-09-06,ACTIVE,2024 US Junior National Team Trials - Part 2,2376.0,2385.0,2024-05-23,2024-05-27
322,Arnav,Jain,99566,198566,"Edison, NJ",Lily Yip Table Tennis Center,2345,2024-08-25,2491,2024-09-06,ACTIVE,2024 US Junior National Team Trials - Part 1,2374.0,2361.0,2024-03-26,2024-03-30
322,Arnav,Jain,99566,198566,"Edison, NJ",Lily Yip Table Tennis Center,2345,2024-08-25,2491,2024-09-06,ACTIVE,2023 Junior National Team Trials – Part 1,2286.0,2295.0,2023-02-25,2023-02-28
322,Arnav,Jain,99566,198566,"Edison, NJ",Lily Yip Table Tennis Center,2345,2024-08-25,2491,2024-09-06,ACTIVE,"2021 National U11, U13, and U17 Team Trials",1810.0,1814.0,2021-06-18,2021-06-20
327,Andrew,Yang,8756,93696,"Suwanee, GA",Atlanta International Table Tennis Academy,2342,2024-07-14,0,,ACTIVE,2023 Junior National Team Trials – Part 1,2309.0,2295.0,2023-02-25,2023-02-28
327,Andrew,Yang,8756,93696,"Suwanee, GA",Atlanta International Table Tennis Academy,2342,2024-07-14,0,,ACTIVE,2022 US Nationals Team Trials,2342.0,2340.0,2022-06-25,2022-07-01
328,Barney,Reed,6456,44775,"Milpitas, CA",Stickman Skills Center,2342,2023-11-26,2447,2018-05-26,ACTIVE,National Team Trials,2529.0,2482.0,2000-01-23,
328,Barney,Reed,6456,44775,"Milpitas, CA",Stickman Skills Center,2342,2023-11-26,2447,2018-05-26,ACTIVE,1999 National Team Trials,2582.0,2560.0,1999-03-07,
328,Barney,Reed,6456,44775,"Milpitas, CA",Stickman Skills Center,2342,2023-11-26,2447,2018-05-26,ACTIVE,National Team Trials,2524.0,2527.0,1998-03-07,
328,Barney,Reed,6456,44775,"Milpitas, CA",Stickman Skills Center,2342,2023-11-26,2447,2018-05-26,ACTIVE,1997 US World Team Trials,2532.0,2581.0,1997-03-07,
329,William,Feng,123276,222276,"Lower Gywnedd, PA",,2342,2024-08-25,2458,2024-08-23,ACTIVE,2024 US Junior National Team Trials - Part 2,2343.0,2313.0,2024-05-23,2024-05-27
329,William,Feng,123276,222276,"Lower Gywnedd, PA",,2342,2024-08-25,2458,2024-08-23,ACTIVE,2024 US Junior National Team Trials - Part 1,2333.0,2360.0,2024-03-26,2024-03-30
329,William,Feng,123276,222276,"Lower Gywnedd, PA",,2342,2024-08-25,2458,2024-08-23,ACTIVE,2023 Junior National Team Trials – Part 1,2162.0,2117.0,2023-02-25,2023-02-28
329,William,Feng,123276,222276,"Lower Gywnedd, PA",,2342,2024-08-25,2458,2024-08-23,ACTIVE,2022 US Nationals Team Trials,2004.0,1982.0,2022-06-25,2022-07-01
329,William,Feng,123276,222276,"Lower Gywnedd, PA",,2342,2024-08-25,2458,2024-08-23,ACTIVE,"2021 National U11, U13, and U17 Team Trials",1120.0,1120.0,2021-06-18,2021-06-20
335,Henrik,Zhang,9013,87832,"Saratoga, CA",888 Table Tennis Center,2338,2024-06-22,2213,2022-05-22,ACTIVE,"2021 National U11, U13, and U17 Team Trials",2263.0,2293.0,2021-06-18,2021-06-20
335,Henrik,Zhang,9013,87832,"Saratoga, CA",888 Table Tennis Center,2338,2024-06-22,2213,2022-05-22,ACTIVE,"2021 National U19 and U15 team trials (additional U11, U13 & U17 rating events)",2272.0,2278.0,2021-06-03,2021-06-06
338,Steven,Gong,2523,79665,"West Hills, CA",Grace Lin TTC,2338,2021-12-22,1847,2012-03-17,ACTIVE,2015 US National Team Trials,2367.0,2356.0,2015-12-20,2015-12-21
341,Joanna,Sung,7536,82231,"Campbell, CA",ICC Table Tennis Center,2336,2023-12-21,2285,2023-09-23,ACTIVE,2023 Adult National Team Trials,2293.0,2342.0,2023-04-07,2023-04-09
341,Joanna,Sung,7536,82231,"Campbell, CA",ICC Table Tennis Center,2336,2023-12-21,2285,2023-09-23,ACTIVE,2022 US Nationals Team Trials,2312.0,2296.0,2022-06-25,2022-07-01
341,Joanna,Sung,7536,82231,"Campbell, CA",ICC Table Tennis Center,2336,2023-12-21,2285,2023-09-23,ACTIVE,"2021 National U19 and U15 team trials (additional U11, U13 & U17 rating events)",2254.0,2354.0,2021-06-03,2021-06-06
343,Vishal,Sivakumar,171292,1171292,"Milpitas, CA",Rising Stars World Table Tennis Academy,2333,2024-09-02,2179,2024-09-07,ACTIVE,2024 US Junior National Team Trials - Part 2,2309.0,2263.0,2024-05-23,2024-05-27
343,Vishal,Sivakumar,171292,1171292,"Milpitas, CA",Rising Stars World Table Tennis Academy,2333,2024-09-02,2179,2024-09-07,ACTIVE,2024 US Junior National Team Trials - Part 1,2273.0,2309.0,2024-03-26,2024-03-30
343,Vishal,Sivakumar,171292,1171292,"Milpitas, CA",Rising Stars World Table Tennis Academy,2333,2024-09-02,2179,2024-09-07,ACTIVE,2023 Junior National Team Trials – Part 1,2141.0,2135.0,2023-02-25,2023-02-28
343,Vishal,Sivakumar,171292,1171292,"Milpitas, CA",Rising Stars World Table Tennis Academy,2333,2024-09-02,2179,2024-09-07,ACTIVE,2022 US Nationals Team Trials,1902.0,2094.0,2022-06-25,2022-07-01
351,Keenan,Zhou,9134,95558,"San Diego, CA",,2330,2024-08-04,2354,2023-03-10,ACTIVE,2022 US Nationals Team Trials,2257.0,2269.0,2022-06-25,2022-07-01
351,Keenan,Zhou,9134,95558,"San Diego, CA",,2330,2024-08-04,2354,2023-03-10,ACTIVE,"2021 National U19 and U15 team trials (additional U11, U13 & U17 rating events)",2095.0,2254.0,2021-06-03,2021-06-06
353,Emily,Tan,7638,91154,"Milpitas, CA",Silicon Valley Table Tennis Club (SVTTC),2330,2024-05-27,2209,2024-05-12,ACTIVE,2024 US Junior National Team Trials - Part 2,2331.0,2330.0,2024-05-23,2024-05-27
353,Emily,Tan,7638,91154,"Milpitas, CA",Silicon Valley Table Tennis Club (SVTTC),2330,2024-05-27,2209,2024-05-12,ACTIVE,2024 US Junior National Team Trials - Part 1,2319.0,2333.0,2024-03-26,2024-03-30
353,Emily,Tan,7638,91154,"Milpitas, CA",Silicon Valley Table Tennis Club (SVTTC),2330,2024-05-27,2209,2024-05-12,ACTIVE,2024 US OLYMPIC TEAM TRIALS,2343.0,2319.0,2024-03-21,2024-03-24
353,Emily,Tan,7638,91154,"Milpitas, CA",Silicon Valley Table Tennis Club (SVTTC),2330,2024-05-27,2209,2024-05-12,ACTIVE,2024 US World Championship Team Trials,2426.0,2373.0,2024-01-12,2024-01-14
353,Emily,Tan,7638,91154,"Milpitas, CA",Silicon Valley Table Tennis Club (SVTTC),2330,2024-05-27,2209,2024-05-12,ACTIVE,2023 Adult National Team Trials,2425.0,2421.0,2023-04-07,2023-04-09
353,Emily,Tan,7638,91154,"Milpitas, CA",Silicon Valley Table Tennis Club (SVTTC),2330,2024-05-27,2209,2024-05-12,ACTIVE,2023 Junior National Team Trials – Part 1,2354.0,2409.0,2023-02-25,2023-02-28
353,Emily,Tan,7638,91154,"Milpitas, CA",Silicon Valley Table Tennis Club (SVTTC),2330,2024-05-27,2209,2024-05-12,ACTIVE,2022 US Nationals Team Trials,2244.0,2301.0,2022-06-25,2022-07-01
353,Emily,Tan,7638,91154,"Milpitas, CA",Silicon Valley Table Tennis Club (SVTTC),2330,2024-05-27,2209,2024-05-12,ACTIVE,"2021 National U19 and U15 team trials (additional U11, U13 & U17 rating events)",2162.0,2220.0,2021-06-03,2021-06-06
354,Andy Runze,Li,177907,1177907,"Milpitas, CA",,2330,2024-05-27,2101,2023-02-12,ACTIVE,2024 US Junior National Team Trials - Part 2,2338.0,2330.0,2024-05-23,2024-05-27
354,Andy Runze,Li,177907,1177907,"Milpitas, CA",,2330,2024-05-27,2101,2023-02-12,ACTIVE,2024 US Junior National Team Trials - Part 1,2250.0,2338.0,2024-03-26,2024-03-30
354,Andy Runze,Li,177907,1177907,"Milpitas, CA",,2330,2024-05-27,2101,2023-02-12,ACTIVE,2023 Junior National Team Trials – Part 1,2189.0,2171.0,2023-02-25,2023-02-28
359,Niraj,Oak,5755,60797,"Sugar Land, TX",Houston Table Tennis Association Inc.,2327,2021-07-09,0,,ACTIVE,2010 US National Team Trials,2466.0,2488.0,2010-03-05,
367,Husen,Saidov,116307,215307,"Staten Island, NY",Matchpoint Table Tennis Center NJ,2320,2024-08-11,2357,2024-09-06,ACTIVE,2023 Junior National Team Trials – Part 1,2345.0,2290.0,2023-02-25,2023-02-28
367,Husen,Saidov,116307,215307,"Staten Island, NY",Matchpoint Table Tennis Center NJ,2320,2024-08-11,2357,2024-09-06,ACTIVE,2022 US Nationals Team Trials,2273.0,2307.0,2022-06-25,2022-07-01
367,Husen,Saidov,116307,215307,"Staten Island, NY",Matchpoint Table Tennis Center NJ,2320,2024-08-11,2357,2024-09-06,ACTIVE,"2021 National U11, U13, and U17 Team Trials",2186.0,2183.0,2021-06-18,2021-06-20
367,Husen,Saidov,116307,215307,"Staten Island, NY",Matchpoint Table Tennis Center NJ,2320,2024-08-11,2357,2024-09-06,ACTIVE,"2021 National U19 and U15 team trials (additional U11, U13 & U17 rating events)",2164.0,2186.0,2021-06-03,2021-06-06
368,Kyler,Chen,167521,1167521,"Cary, NC",NC International Table Tennis (NCITT),2320,2024-05-27,0,,ACTIVE,2024 US Junior National Team Trials - Part 2,2272.0,2320.0,2024-05-23,2024-05-27
368,Kyler,Chen,167521,1167521,"Cary, NC",NC International Table Tennis (NCITT),2320,2024-05-27,0,,ACTIVE,2024 US Junior National Team Trials - Part 1,2340.0,2266.0,2024-03-26,2024-03-30
368,Kyler,Chen,167521,1167521,"Cary, NC",NC International Table Tennis (NCITT),2320,2024-05-27,0,,ACTIVE,2023 Junior National Team Trials – Part 1,2220.0,2214.0,2023-02-25,2023-02-28
368,Kyler,Chen,167521,1167521,"Cary, NC",NC International Table Tennis (NCITT),2320,2024-05-27,0,,ACTIVE,2022 US Nationals Team Trials,2113.0,2078.0,2022-06-25,2022-07-01
368,Kyler,Chen,167521,1167521,"Cary, NC",NC International Table Tennis (NCITT),2320,2024-05-27,0,,ACTIVE,"2021 National U11, U13, and U17 Team Trials",1924.0,1799.0,2021-06-18,2021-06-20
371,Ciz,Richard,1364,22622,"miami, FL",PINGPOD,2319,2024-08-10,0,,ACTIVE,2017 National Team Trials,2348.0,2346.0,2017-03-24,2017-03-26
375,Jay,Chen,117241,216241,"New York, NY",New York Indoor Sports Club,2315,2024-06-16,2310,2024-05-17,ACTIVE,2024 US Junior National Team Trials - Part 2,2325.0,2299.0,2024-05-23,2024-05-27
375,Jay,Chen,117241,216241,"New York, NY",New York Indoor Sports Club,2315,2024-06-16,2310,2024-05-17,ACTIVE,2024 US Junior National Team Trials - Part 1,2309.0,2306.0,2024-03-26,2024-03-30
375,Jay,Chen,117241,216241,"New York, NY",New York Indoor Sports Club,2315,2024-06-16,2310,2024-05-17,ACTIVE,2023 Junior National Team Trials – Part 1,2140.0,2145.0,2023-02-25,2023-02-28
375,Jay,Chen,117241,216241,"New York, NY",New York Indoor Sports Club,2315,2024-06-16,2310,2024-05-17,ACTIVE,2022 US Nationals Team Trials,2051.0,2000.0,2022-06-25,2022-07-01
375,Jay,Chen,117241,216241,"New York, NY",New York Indoor Sports Club,2315,2024-06-16,2310,2024-05-17,ACTIVE,"2021 National U11, U13, and U17 Team Trials",1833.0,1851.0,2021-06-18,2021-06-20
376,Joshua,Mak,4910,82025,"Plano, TX",888 Table Tennis Center,2314,2024-08-24,2228,2022-06-05,ACTIVE,2022 US Nationals Team Trials,2395.0,2402.0,2022-06-25,2022-07-01
376,Joshua,Mak,4910,82025,"Plano, TX",888 Table Tennis Center,2314,2024-08-24,2228,2022-06-05,ACTIVE,2021 National Team & Junior Pan Am Games Team Trials,2152.0,2188.0,2021-05-21,2021-05-26
382,Daniel,Stepanyuk,7418,95162,"Lincon, NE",,2311,2022-07-01,2004,2020-03-12,ACTIVE,2022 US Nationals Team Trials,2328.0,2311.0,2022-06-25,2022-07-01
385,Derek,May,60551,8144,"Evans, GA",,2309,2024-07-07,0,,ACTIVE,US Men's Team Trials,2483.0,2499.0,1995-02-22,
389,Tanish,Pendse,183081,282081,"Milpitas, CA",,2306,2024-05-27,2209,2024-05-12,ACTIVE,2024 US Junior National Team Trials - Part 2,2377.0,2306.0,2024-05-23,2024-05-27
389,Tanish,Pendse,183081,282081,"Milpitas, CA",,2306,2024-05-27,2209,2024-05-12,ACTIVE,2024 US Junior National Team Trials - Part 1,2255.0,2377.0,2024-03-26,2024-03-30
390,Mandy,Yu,123971,222971,"Byron, MN",Rochester Table Tennis Club,2305,2024-07-07,2291,2023-08-25,ACTIVE,2024 Adult National Team Trials - Part 3,2278.0,2282.0,2024-05-28,2024-05-31
390,Mandy,Yu,123971,222971,"Byron, MN",Rochester Table Tennis Club,2305,2024-07-07,2291,2023-08-25,ACTIVE,2024 US Junior National Team Trials - Part 2,2249.0,2278.0,2024-05-23,2024-05-27
390,Mandy,Yu,123971,222971,"Byron, MN",Rochester Table Tennis Club,2305,2024-07-07,2291,2023-08-25,ACTIVE,2024 US Junior National Team Trials - Part 1,2230.0,2249.0,2024-03-26,2024-03-30
390,Mandy,Yu,123971,222971,"Byron, MN",Rochester Table Tennis Club,2305,2024-07-07,2291,2023-08-25,ACTIVE,2024 US World Championship Team Trials,2248.0,2230.0,2024-01-12,2024-01-14
390,Mandy,Yu,123971,222971,"Byron, MN",Rochester Table Tennis Club,2305,2024-07-07,2291,2023-08-25,ACTIVE,2023 Adult National Team Trials,2122.0,2161.0,2023-04-07,2023-04-09
390,Mandy,Yu,123971,222971,"Byron, MN",Rochester Table Tennis Club,2305,2024-07-07,2291,2023-08-25,ACTIVE,2023 Junior National Team Trials – Part 1,2188.0,2122.0,2023-02-25,2023-02-28
390,Mandy,Yu,123971,222971,"Byron, MN",Rochester Table Tennis Club,2305,2024-07-07,2291,2023-08-25,ACTIVE,2022 US Nationals Team Trials,2102.0,2102.0,2022-06-25,2022-07-01
390,Mandy,Yu,123971,222971,"Byron, MN",Rochester Table Tennis Club,2305,2024-07-07,2291,2023-08-25,ACTIVE,"2021 National U11, U13, and U17 Team Trials",1896.0,2039.0,2021-06-18,2021-06-20
392,Lily,Yip,8875,53157,"Warren, NJ",Lily Yip Table Tennis Center,2305,2024-03-10,2341,2023-04-07,ACTIVE,US Team Trials,2408.0,2400.0,2003-03-22,
392,Lily,Yip,8875,53157,"Warren, NJ",Lily Yip Table Tennis Center,2305,2024-03-10,2341,2023-04-07,ACTIVE,2000 Olympic Team Trials - Tab,2388.0,2424.0,2000-04-09,
392,Lily,Yip,8875,53157,"Warren, NJ",Lily Yip Table Tennis Center,2305,2024-03-10,2341,2023-04-07,ACTIVE,National Team Trials,2390.0,2391.0,2000-01-23,
392,Lily,Yip,8875,53157,"Warren, NJ",Lily Yip Table Tennis Center,2305,2024-03-10,2341,2023-04-07,ACTIVE,1999 National Team Trials,2307.0,2279.0,1999-03-07,
392,Lily,Yip,8875,53157,"Warren, NJ",Lily Yip Table Tennis Center,2305,2024-03-10,2341,2023-04-07,ACTIVE,National Team Trials,2374.0,2372.0,1998-03-07,
392,Lily,Yip,8875,53157,"Warren, NJ",Lily Yip Table Tennis Center,2305,2024-03-10,2341,2023-04-07,ACTIVE,1997 US World Team Trials,2463.0,2467.0,1997-03-07,
393,Natalie,Chan,99840,198840,"San Jose, CA",888 Table Tennis Center,2304,2024-07-07,2174,2024-08-18,ACTIVE,"2021 National U11, U13, and U17 Team Trials",2290.0,2180.0,2021-06-18,2021-06-20
393,Natalie,Chan,99840,198840,"San Jose, CA",888 Table Tennis Center,2304,2024-07-07,2174,2024-08-18,ACTIVE,"2021 National U19 and U15 team trials (additional U11, U13 & U17 rating events)",2091.0,2039.0,2021-06-03,2021-06-06
393,Natalie,Chan,99840,198840,"San Jose, CA",888 Table Tennis Center,2304,2024-07-07,2174,2024-08-18,ACTIVE,2021 National Team & Junior Pan Am Games Team Trials,2061.0,2044.0,2021-05-21,2021-05-26
394,Revant,Kasichainula,102131,98253,"Fremont, CA",Kou Lei Table Tennis Club,2302,2024-05-27,2218,2024-04-28,ACTIVE,2024 US Junior National Team Trials - Part 2,2294.0,2302.0,2024-05-23,2024-05-27
394,Revant,Kasichainula,102131,98253,"Fremont, CA",Kou Lei Table Tennis Club,2302,2024-05-27,2218,2024-04-28,ACTIVE,2024 US Junior National Team Trials - Part 1,2297.0,2294.0,2024-03-26,2024-03-30
394,Revant,Kasichainula,102131,98253,"Fremont, CA",Kou Lei Table Tennis Club,2302,2024-05-27,2218,2024-04-28,ACTIVE,2023 Adult National Team Trials,2260.0,2257.0,2023-04-07,2023-04-09
394,Revant,Kasichainula,102131,98253,"Fremont, CA",Kou Lei Table Tennis Club,2302,2024-05-27,2218,2024-04-28,ACTIVE,2023 Junior National Team Trials – Part 1,2283.0,2260.0,2023-02-25,2023-02-28
394,Revant,Kasichainula,102131,98253,"Fremont, CA",Kou Lei Table Tennis Club,2302,2024-05-27,2218,2024-04-28,ACTIVE,2022 US Nationals Team Trials,2223.0,2230.0,2022-06-25,2022-07-01
394,Revant,Kasichainula,102131,98253,"Fremont, CA",Kou Lei Table Tennis Club,2302,2024-05-27,2218,2024-04-28,ACTIVE,"2021 National U11, U13, and U17 Team Trials",2133.0,2125.0,2021-06-18,2021-06-20
394,Revant,Kasichainula,102131,98253,"Fremont, CA",Kou Lei Table Tennis Club,2302,2024-05-27,2218,2024-04-28,ACTIVE,"2021 National U19 and U15 team trials (additional U11, U13 & U17 rating events)",2138.0,2133.0,2021-06-03,2021-06-06
402,Maxwell,Liu,122774,221774,Eagan,,2299,2024-05-05,1830,2019-08-24,ACTIVE,2023 Junior National Team Trials – Part 1,2287.0,2252.0,2023-02-25,2023-02-28
402,Maxwell,Liu,122774,221774,Eagan,,2299,2024-05-05,1830,2019-08-24,ACTIVE,2022 US Nationals Team Trials,2244.0,2221.0,2022-06-25,2022-07-01
403,Judy,Hugh,3258,14203,"Warren, NJ",Lily Yip Table Tennis Center,2298,2023-11-26,2408,2023-11-17,ACTIVE,2015 US National Team Trials,2290.0,2316.0,2015-12-20,2015-12-21
403,Judy,Hugh,3258,14203,"Warren, NJ",Lily Yip Table Tennis Center,2298,2023-11-26,2408,2023-11-17,ACTIVE,2015 Pan Am and National Team Trials,2382.0,2395.0,2015-03-08,
403,Judy,Hugh,3258,14203,"Warren, NJ",Lily Yip Table Tennis Center,2298,2023-11-26,2408,2023-11-17,ACTIVE,2014 National Team Trials,2397.0,2384.0,2014-03-09,
403,Judy,Hugh,3258,14203,"Warren, NJ",Lily Yip Table Tennis Center,2298,2023-11-26,2408,2023-11-17,ACTIVE,US Team Trials,2063.0,2066.0,2003-03-22,
409,Darius,Fahimi,103343,202343,"-, NJ",,2295,2024-06-30,2354,2024-01-05,ACTIVE,2023 Junior National Team Trials – Part 1,2381.0,2344.0,2023-02-25,2023-02-28
409,Darius,Fahimi,103343,202343,"-, NJ",,2295,2024-06-30,2354,2024-01-05,ACTIVE,2022 US Nationals Team Trials,2377.0,2374.0,2022-06-25,2022-07-01
409,Darius,Fahimi,103343,202343,"-, NJ",,2295,2024-06-30,2354,2024-01-05,ACTIVE,"2021 National U11, U13, and U17 Team Trials",2218.0,2287.0,2021-06-18,2021-06-20
409,Darius,Fahimi,103343,202343,"-, NJ",,2295,2024-06-30,2354,2024-01-05,ACTIVE,"2021 National U19 and U15 team trials (additional U11, U13 & U17 rating events)",2331.0,2218.0,2021-06-03,2021-06-06
409,Darius,Fahimi,103343,202343,"-, NJ",,2295,2024-06-30,2354,2024-01-05,ACTIVE,2021 National Team & Junior Pan Am Games Team Trials,2287.0,2331.0,2021-05-21,2021-05-26
411,Jayden,Cai,163852,262852,"Katy, TX",Houston International Table Tennis Academy (HITTA),2293,2024-05-27,2197,2024-05-05,ACTIVE,2024 US Junior National Team Trials - Part 2,2238.0,2293.0,2024-05-23,2024-05-27
411,Jayden,Cai,163852,262852,"Katy, TX",Houston International Table Tennis Academy (HITTA),2293,2024-05-27,2197,2024-05-05,ACTIVE,2024 US Junior National Team Trials - Part 1,2223.0,2227.0,2024-03-26,2024-03-30
411,Jayden,Cai,163852,262852,"Katy, TX",Houston International Table Tennis Academy (HITTA),2293,2024-05-27,2197,2024-05-05,ACTIVE,2023 Junior National Team Trials – Part 1,2037.0,2032.0,2023-02-25,2023-02-28
411,Jayden,Cai,163852,262852,"Katy, TX",Houston International Table Tennis Academy (HITTA),2293,2024-05-27,2197,2024-05-05,ACTIVE,2022 US Nationals Team Trials,1996.0,1972.0,2022-06-25,2022-07-01
417,Tashiya,Piyadasa,123763,222763,"Fountain Valley, CA",Orange County Table Tennis Academy,2289,2024-07-07,0,,ACTIVE,2024 US Junior National Team Trials - Part 2,2211.0,2237.0,2024-05-23,2024-05-27
417,Tashiya,Piyadasa,123763,222763,"Fountain Valley, CA",Orange County Table Tennis Academy,2289,2024-07-07,0,,ACTIVE,2024 US Junior National Team Trials - Part 1,2174.0,2211.0,2024-03-26,2024-03-30
417,Tashiya,Piyadasa,123763,222763,"Fountain Valley, CA",Orange County Table Tennis Academy,2289,2024-07-07,0,,ACTIVE,2023 Junior National Team Trials – Part 1,2140.0,2151.0,2023-02-25,2023-02-28
417,Tashiya,Piyadasa,123763,222763,"Fountain Valley, CA",Orange County Table Tennis Academy,2289,2024-07-07,0,,ACTIVE,2022 US Nationals Team Trials,2035.0,1943.0,2022-06-25,2022-07-01
417,Tashiya,Piyadasa,123763,222763,"Fountain Valley, CA",Orange County Table Tennis Academy,2289,2024-07-07,0,,ACTIVE,"2021 National U11, U13, and U17 Team Trials",1861.0,1894.0,2021-06-18,2021-06-20
417,Tashiya,Piyadasa,123763,222763,"Fountain Valley, CA",Orange County Table Tennis Academy,2289,2024-07-07,0,,ACTIVE,"2021 National U19 and U15 team trials (additional U11, U13 & U17 rating events)",1862.0,1861.0,2021-06-03,2021-06-06
418,Liren,Zhang,157612,1157612,"Westford, MA",Westford Table Tennis Club,2289,2024-07-28,2282,2024-05-17,ACTIVE,2024 US Junior National Team Trials - Part 2,2275.0,2272.0,2024-05-23,2024-05-27
418,Liren,Zhang,157612,1157612,"Westford, MA",Westford Table Tennis Club,2289,2024-07-28,2282,2024-05-17,ACTIVE,2024 US Junior National Team Trials - Part 1,2164.0,2275.0,2024-03-26,2024-03-30
418,Liren,Zhang,157612,1157612,"Westford, MA",Westford Table Tennis Club,2289,2024-07-28,2282,2024-05-17,ACTIVE,2023 Junior National Team Trials – Part 1,2066.0,2098.0,2023-02-25,2023-02-28
418,Liren,Zhang,157612,1157612,"Westford, MA",Westford Table Tennis Club,2289,2024-07-28,2282,2024-05-17,ACTIVE,2022 US Nationals Team Trials,1947.0,1921.0,2022-06-25,2022-07-01
418,Liren,Zhang,157612,1157612,"Westford, MA",Westford Table Tennis Club,2289,2024-07-28,2282,2024-05-17,ACTIVE,"2021 National U11, U13, and U17 Team Trials",1463.0,1460.0,2021-06-18,2021-06-20
427,Jonathan,Hu,3178,95282,"Dublin, CA",888 Table Tennis Center,2285,2023-07-07,2136,2023-06-11,ACTIVE,2023 Adult National Team Trials,2376.0,2356.0,2023-04-07,2023-04-09
427,Jonathan,Hu,3178,95282,"Dublin, CA",888 Table Tennis Center,2285,2023-07-07,2136,2023-06-11,ACTIVE,2023 Junior National Team Trials – Part 1,2391.0,2378.0,2023-02-25,2023-02-28
427,Jonathan,Hu,3178,95282,"Dublin, CA",888 Table Tennis Center,2285,2023-07-07,2136,2023-06-11,ACTIVE,2022 US Nationals Team Trials,2403.0,2386.0,2022-06-25,2022-07-01
430,Priyan,Jindal,3464,90352,"San Jose, CA",888 Table Tennis Center,2284,2024-06-22,2068,2021-09-19,ACTIVE,2022 US Nationals Team Trials,2243.0,2236.0,2022-06-25,2022-07-01
430,Priyan,Jindal,3464,90352,"San Jose, CA",888 Table Tennis Center,2284,2024-06-22,2068,2021-09-19,ACTIVE,"2021 National U19 and U15 team trials (additional U11, U13 & U17 rating events)",2142.0,2147.0,2021-06-03,2021-06-06
433,Ethan,Ruan,6669,91924,"Alpharetta, GA",,2282,2023-11-26,2281,2019-04-06,ACTIVE,"2021 National U11, U13, and U17 Team Trials",2353.0,2284.0,2021-06-18,2021-06-20
440,Emily,Quan,103992,202992,"Sharon, MA",Massachusetts Table Tennis and Badminton Club,2279,2023-11-26,2156,2020-02-25,ACTIVE,2023 Junior National Team Trials – Part 1,2329.0,2282.0,2023-02-25,2023-02-28
440,Emily,Quan,103992,202992,"Sharon, MA",Massachusetts Table Tennis and Badminton Club,2279,2023-11-26,2156,2020-02-25,ACTIVE,2022 US Nationals Team Trials,2215.0,2146.0,2022-06-25,2022-07-01
440,Emily,Quan,103992,202992,"Sharon, MA",Massachusetts Table Tennis and Badminton Club,2279,2023-11-26,2156,2020-02-25,ACTIVE,"2021 National U11, U13, and U17 Team Trials",2181.0,2197.0,2021-06-18,2021-06-20
440,Emily,Quan,103992,202992,"Sharon, MA",Massachusetts Table Tennis and Badminton Club,2279,2023-11-26,2156,2020-02-25,ACTIVE,"2021 National U19 and U15 team trials (additional U11, U13 & U17 rating events)",2060.0,2181.0,2021-06-03,2021-06-06
447,James,Zhang,102372,98301,"Rockville, MD",MDTTC - Maryland Table Tennis Center,2275,2024-07-14,2064,2020-02-28,ACTIVE,2023 Junior National Team Trials – Part 1,2269.0,2278.0,2023-02-25,2023-02-28
447,James,Zhang,102372,98301,"Rockville, MD",MDTTC - Maryland Table Tennis Center,2275,2024-07-14,2064,2020-02-28,ACTIVE,2022 US Nationals Team Trials,2210.0,2237.0,2022-06-25,2022-07-01
447,James,Zhang,102372,98301,"Rockville, MD",MDTTC - Maryland Table Tennis Center,2275,2024-07-14,2064,2020-02-28,ACTIVE,"2021 National U11, U13, and U17 Team Trials",2112.0,2155.0,2021-06-18,2021-06-20
447,James,Zhang,102372,98301,"Rockville, MD",MDTTC - Maryland Table Tennis Center,2275,2024-07-14,2064,2020-02-28,ACTIVE,"2021 National U19 and U15 team trials (additional U11, U13 & U17 rating events)",2091.0,2112.0,2021-06-03,2021-06-06
454,Tanish,Balamurugan,131805,230805,"Milpitas, CA",888 Table Tennis Center,2272,2024-09-02,2105,2024-09-07,ACTIVE,2024 US Junior National Team Trials - Part 2,2294.0,2286.0,2024-05-23,2024-05-27
454,Tanish,Balamurugan,131805,230805,"Milpitas, CA",888 Table Tennis Center,2272,2024-09-02,2105,2024-09-07,ACTIVE,2024 US Junior National Team Trials - Part 1,2295.0,2294.0,2024-03-26,2024-03-30
454,Tanish,Balamurugan,131805,230805,"Milpitas, CA",888 Table Tennis Center,2272,2024-09-02,2105,2024-09-07,ACTIVE,2023 Junior National Team Trials – Part 1,2117.0,2118.0,2023-02-25,2023-02-28
458,Yishiuan,Lin,131429,230429,"Lexington, MA",Massachusetts Table Tennis and Badminton Club,2269,2024-03-30,2106,2024-03-03,ACTIVE,2024 US Junior National Team Trials - Part 1,2256.0,2269.0,2024-03-26,2024-03-30
458,Yishiuan,Lin,131429,230429,"Lexington, MA",Massachusetts Table Tennis and Badminton Club,2269,2024-03-30,2106,2024-03-03,ACTIVE,2024 US OLYMPIC TEAM TRIALS,2253.0,2256.0,2024-03-21,2024-03-24
458,Yishiuan,Lin,131429,230429,"Lexington, MA",Massachusetts Table Tennis and Badminton Club,2269,2024-03-30,2106,2024-03-03,ACTIVE,2024 US World Championship Team Trials,2223.0,2221.0,2024-01-12,2024-01-14
458,Yishiuan,Lin,131429,230429,"Lexington, MA",Massachusetts Table Tennis and Badminton Club,2269,2024-03-30,2106,2024-03-03,ACTIVE,2023 Junior National Team Trials – Part 1,2243.0,2230.0,2023-02-25,2023-02-28
458,Yishiuan,Lin,131429,230429,"Lexington, MA",Massachusetts Table Tennis and Badminton Club,2269,2024-03-30,2106,2024-03-03,ACTIVE,2022 US Nationals Team Trials,2205.0,2172.0,2022-06-25,2022-07-01
458,Yishiuan,Lin,131429,230429,"Lexington, MA",Massachusetts Table Tennis and Badminton Club,2269,2024-03-30,2106,2024-03-03,ACTIVE,"2021 National U11, U13, and U17 Team Trials",2206.0,2158.0,2021-06-18,2021-06-20
458,Yishiuan,Lin,131429,230429,"Lexington, MA",Massachusetts Table Tennis and Badminton Club,2269,2024-03-30,2106,2024-03-03,ACTIVE,2021 National Team & Junior Pan Am Games Team Trials,2041.0,2206.0,2021-05-21,2021-05-26
459,Rocky,Wang,8301,47976,"Brooklyn, NY",,2269,2018-03-02,2310,2010-02-08,ACTIVE,2010 US National Team Trials,2411.0,2381.0,2010-03-05,
465,Hildy,Chen,180153,279153,"Glen Head, NY",,2266,2024-05-27,0,,ACTIVE,2024 US Junior National Team Trials - Part 2,2202.0,2266.0,2024-05-23,2024-05-27
465,Hildy,Chen,180153,279153,"Glen Head, NY",,2266,2024-05-27,0,,ACTIVE,2024 US Junior National Team Trials - Part 1,2134.0,2202.0,2024-03-26,2024-03-30
473,Om,Narvekar,118143,217143,Saratoga,,2258,2024-07-28,2133,2024-08-18,ACTIVE,2024 US Junior National Team Trials - Part 2,2195.0,2207.0,2024-05-23,2024-05-27
473,Om,Narvekar,118143,217143,Saratoga,,2258,2024-07-28,2133,2024-08-18,ACTIVE,2024 US Junior National Team Trials - Part 1,2240.0,2218.0,2024-03-26,2024-03-30
473,Om,Narvekar,118143,217143,Saratoga,,2258,2024-07-28,2133,2024-08-18,ACTIVE,2023 Junior National Team Trials – Part 1,2059.0,2061.0,2023-02-25,2023-02-28
475,Carmen,Yu,118532,217532,"Fort Washington, PA",,2257,2024-07-07,2002,2022-08-26,ACTIVE,2024 US Junior National Team Trials - Part 2,2244.0,2273.0,2024-05-23,2024-05-27
475,Carmen,Yu,118532,217532,"Fort Washington, PA",,2257,2024-07-07,2002,2022-08-26,ACTIVE,2024 US Junior National Team Trials - Part 1,2183.0,2291.0,2024-03-26,2024-03-30
475,Carmen,Yu,118532,217532,"Fort Washington, PA",,2257,2024-07-07,2002,2022-08-26,ACTIVE,2024 US World Championship Team Trials,2134.0,2145.0,2024-01-12,2024-01-14
475,Carmen,Yu,118532,217532,"Fort Washington, PA",,2257,2024-07-07,2002,2022-08-26,ACTIVE,2023 Junior National Team Trials – Part 1,2178.0,2116.0,2023-02-25,2023-02-28
475,Carmen,Yu,118532,217532,"Fort Washington, PA",,2257,2024-07-07,2002,2022-08-26,ACTIVE,2022 US Nationals Team Trials,2245.0,2195.0,2022-06-25,2022-07-01
475,Carmen,Yu,118532,217532,"Fort Washington, PA",,2257,2024-07-07,2002,2022-08-26,ACTIVE,"2021 National U11, U13, and U17 Team Trials",1843.0,1836.0,2021-06-18,2021-06-20
480,Ryan,Lin,4548,96592,"Rowland Heights, CA",California Table Tennis,2255,2024-08-04,0,,ACTIVE,2022 US Nationals Team Trials,2177.0,2175.0,2022-06-25,2022-07-01
482,Abigail,YU,170965,269965,"Byron, MN",Rochester Table Tennis Club,2252,2024-07-07,2158,2023-08-25,ACTIVE,2024 US Junior National Team Trials - Part 2,2247.0,2257.0,2024-05-23,2024-05-27
482,Abigail,YU,170965,269965,"Byron, MN",Rochester Table Tennis Club,2252,2024-07-07,2158,2023-08-25,ACTIVE,2024 US Junior National Team Trials - Part 1,2085.0,2247.0,2024-03-26,2024-03-30
482,Abigail,YU,170965,269965,"Byron, MN",Rochester Table Tennis Club,2252,2024-07-07,2158,2023-08-25,ACTIVE,2023 Junior National Team Trials – Part 1,2001.0,2133.0,2023-02-25,2023-02-28
482,Abigail,YU,170965,269965,"Byron, MN",Rochester Table Tennis Club,2252,2024-07-07,2158,2023-08-25,ACTIVE,2022 US Nationals Team Trials,1551.0,1829.0,2022-06-25,2022-07-01
482,Abigail,YU,170965,269965,"Byron, MN",Rochester Table Tennis Club,2252,2024-07-07,2158,2023-08-25,ACTIVE,"2021 National U11, U13, and U17 Team Trials",1164.0,1269.0,2021-06-18,2021-06-20
490,Benjamin,Lo,181415,280415,"Cupertino, CA",888 Table Tennis Center - San Jose,2247,2024-09-02,2123,2024-09-08,ACTIVE,2024 US Junior National Team Trials - Part 2,2201.0,2244.0,2024-05-23,2024-05-27
492,Virginia,Sung,48222,58286,"Colorado Springs, CO",USA Table Tennis,2246,2024-07-07,2151,2023-03-07,ACTIVE,US Team Trials,2293.0,2283.0,2003-03-22,
492,Virginia,Sung,48222,58286,"Colorado Springs, CO",USA Table Tennis,2246,2024-07-07,2151,2023-03-07,ACTIVE,2000 Olympic Team Trials - Tab,2324.0,2438.0,2000-04-09,
492,Virginia,Sung,48222,58286,"Colorado Springs, CO",USA Table Tennis,2246,2024-07-07,2151,2023-03-07,ACTIVE,National Team Trials,2321.0,2331.0,2000-01-23,
492,Virginia,Sung,48222,58286,"Colorado Springs, CO",USA Table Tennis,2246,2024-07-07,2151,2023-03-07,ACTIVE,1999 National Team Trials,2280.0,2282.0,1999-03-07,
492,Virginia,Sung,48222,58286,"Colorado Springs, CO",USA Table Tennis,2246,2024-07-07,2151,2023-03-07,ACTIVE,National Team Trials,2256.0,2290.0,1998-03-07,
492,Virginia,Sung,48222,58286,"Colorado Springs, CO",USA Table Tennis,2246,2024-07-07,2151,2023-03-07,ACTIVE,1997 US World Team Trials,2266.0,2289.0,1997-03-07,
494,Irene,Yeoh,120210,219210,"Fremont, CA",(TTA) Table Tennis America,2246,2024-07-28,2202,2024-08-11,ACTIVE,2024 US Junior National Team Trials - Part 2,2321.0,2199.0,2024-05-23,2024-05-27
494,Irene,Yeoh,120210,219210,"Fremont, CA",(TTA) Table Tennis America,2246,2024-07-28,2202,2024-08-11,ACTIVE,2024 US Junior National Team Trials - Part 1,2250.0,2321.0,2024-03-26,2024-03-30
494,Irene,Yeoh,120210,219210,"Fremont, CA",(TTA) Table Tennis America,2246,2024-07-28,2202,2024-08-11,ACTIVE,2023 Adult National Team Trials,2106.0,2118.0,2023-04-07,2023-04-09
494,Irene,Yeoh,120210,219210,"Fremont, CA",(TTA) Table Tennis America,2246,2024-07-28,2202,2024-08-11,ACTIVE,2023 Junior National Team Trials – Part 1,2053.0,2105.0,2023-02-25,2023-02-28
494,Irene,Yeoh,120210,219210,"Fremont, CA",(TTA) Table Tennis America,2246,2024-07-28,2202,2024-08-11,ACTIVE,2022 US Nationals Team Trials,1815.0,1807.0,2022-06-25,2022-07-01
494,Irene,Yeoh,120210,219210,"Fremont, CA",(TTA) Table Tennis America,2246,2024-07-28,2202,2024-08-11,ACTIVE,"2021 National U11, U13, and U17 Team Trials",1238.0,1334.0,2021-06-18,2021-06-20
498,Jeff,Ruiz,6678,93102,"Chula Vista, CA",Learning Tree Table Tennis Club,2245,2024-07-07,2318,2024-07-12,ACTIVE,2021 National Team & Junior Pan Am Games Team Trials,2285.0,2290.0,2021-05-21,2021-05-26
501,Max,Mouchinski,150995,1150995,"Cranford, NJ",Lily Yip Table Tennis Center,2245,2024-08-25,2319,2024-09-06,ACTIVE,2024 US Junior National Team Trials - Part 1,2279.0,2283.0,2024-03-26,2024-03-30
501,Max,Mouchinski,150995,1150995,"Cranford, NJ",Lily Yip Table Tennis Center,2245,2024-08-25,2319,2024-09-06,ACTIVE,2023 Junior National Team Trials – Part 1,2266.0,2222.0,2023-02-25,2023-02-28
501,Max,Mouchinski,150995,1150995,"Cranford, NJ",Lily Yip Table Tennis Center,2245,2024-08-25,2319,2024-09-06,ACTIVE,2022 US Nationals Team Trials,2037.0,2051.0,2022-06-25,2022-07-01
501,Max,Mouchinski,150995,1150995,"Cranford, NJ",Lily Yip Table Tennis Center,2245,2024-08-25,2319,2024-09-06,ACTIVE,"2021 National U11, U13, and U17 Team Trials",1795.0,1810.0,2021-06-18,2021-06-20
503,Austin,Lo,181414,280414,"Cupertino, CA",888 Table Tennis Center - San Jose,2244,2024-09-02,2218,2024-09-08,ACTIVE,2024 US Junior National Team Trials - Part 2,2207.0,2187.0,2024-05-23,2024-05-27
503,Austin,Lo,181414,280414,"Cupertino, CA",888 Table Tennis Center - San Jose,2244,2024-09-02,2218,2024-09-08,ACTIVE,2024 US Junior National Team Trials - Part 1,2200.0,2214.0,2024-03-26,2024-03-30
510,Muskan,Gupta,114603,213603,"Milpitas, CA",,2240,2024-05-27,2146,2024-04-14,ACTIVE,2024 US Junior National Team Trials - Part 2,2239.0,2240.0,2024-05-23,2024-05-27
510,Muskan,Gupta,114603,213603,"Milpitas, CA",,2240,2024-05-27,2146,2024-04-14,ACTIVE,2024 US Junior National Team Trials - Part 1,2245.0,2239.0,2024-03-26,2024-03-30
510,Muskan,Gupta,114603,213603,"Milpitas, CA",,2240,2024-05-27,2146,2024-04-14,ACTIVE,2023 Junior National Team Trials – Part 1,2214.0,2283.0,2023-02-25,2023-02-28
510,Muskan,Gupta,114603,213603,"Milpitas, CA",,2240,2024-05-27,2146,2024-04-14,ACTIVE,2022 US Nationals Team Trials,2208.0,2198.0,2022-06-25,2022-07-01
510,Muskan,Gupta,114603,213603,"Milpitas, CA",,2240,2024-05-27,2146,2024-04-14,ACTIVE,"2021 National U19 and U15 team trials (additional U11, U13 & U17 rating events)",2143.0,2064.0,2021-06-03,2021-06-06
535,Vivaan,Chhabra,118772,217772,"Westford, MA",Westford Table Tennis Club,2229,2024-07-28,1466,2019-03-04,ACTIVE,2023 Junior National Team Trials – Part 1,2184.0,2178.0,2023-02-25,2023-02-28
535,Vivaan,Chhabra,118772,217772,"Westford, MA",Westford Table Tennis Club,2229,2024-07-28,1466,2019-03-04,ACTIVE,2022 US Nationals Team Trials,2160.0,2155.0,2022-06-25,2022-07-01
535,Vivaan,Chhabra,118772,217772,"Westford, MA",Westford Table Tennis Club,2229,2024-07-28,1466,2019-03-04,ACTIVE,"2021 National U11, U13, and U17 Team Trials",2104.0,2097.0,2021-06-18,2021-06-20
540,Amber,Liu,113114,212114,"Johns Creek, GA",NC International Table Tennis (NCITT),2228,2024-08-18,0,,ACTIVE,2024 Adult National Team Trials - Part 3,2270.0,2258.0,2024-05-28,2024-05-31
540,Amber,Liu,113114,212114,"Johns Creek, GA",NC International Table Tennis (NCITT),2228,2024-08-18,0,,ACTIVE,2024 US Junior National Team Trials - Part 2,2241.0,2270.0,2024-05-23,2024-05-27
540,Amber,Liu,113114,212114,"Johns Creek, GA",NC International Table Tennis (NCITT),2228,2024-08-18,0,,ACTIVE,2024 US Junior National Team Trials - Part 1,2200.0,2241.0,2024-03-26,2024-03-30
540,Amber,Liu,113114,212114,"Johns Creek, GA",NC International Table Tennis (NCITT),2228,2024-08-18,0,,ACTIVE,2024 US World Championship Team Trials,2224.0,2200.0,2024-01-12,2024-01-14
540,Amber,Liu,113114,212114,"Johns Creek, GA",NC International Table Tennis (NCITT),2228,2024-08-18,0,,ACTIVE,2023 Adult National Team Trials,2250.0,2235.0,2023-04-07,2023-04-09
540,Amber,Liu,113114,212114,"Johns Creek, GA",NC International Table Tennis (NCITT),2228,2024-08-18,0,,ACTIVE,2023 Junior National Team Trials – Part 1,2193.0,2250.0,2023-02-25,2023-02-28
540,Amber,Liu,113114,212114,"Johns Creek, GA",NC International Table Tennis (NCITT),2228,2024-08-18,0,,ACTIVE,2022 US Nationals Team Trials,2166.0,2171.0,2022-06-25,2022-07-01
540,Amber,Liu,113114,212114,"Johns Creek, GA",NC International Table Tennis (NCITT),2228,2024-08-18,0,,ACTIVE,"2021 National U11, U13, and U17 Team Trials",2177.0,2116.0,2021-06-18,2021-06-20
540,Amber,Liu,113114,212114,"Johns Creek, GA",NC International Table Tennis (NCITT),2228,2024-08-18,0,,ACTIVE,"2021 National U19 and U15 team trials (additional U11, U13 & U17 rating events)",2019.0,2177.0,2021-06-03,2021-06-06
544,Amy,Feng,2108,61742,"Marietta, GA",East Cobb Sports Table Tennis,2226,2023-11-26,0,,ACTIVE,1999 National Team Trials,2436.0,2435.0,1999-03-07,
546,Kary,Fang,112608,211608,"Fort Collins, CO",Mile High Table Tennis Academy,2226,2024-08-04,670,2017-08-13,ACTIVE,2024 US Junior National Team Trials - Part 2,2257.0,2245.0,2024-05-23,2024-05-27
546,Kary,Fang,112608,211608,"Fort Collins, CO",Mile High Table Tennis Academy,2226,2024-08-04,670,2017-08-13,ACTIVE,2024 US Junior National Team Trials - Part 1,2206.0,2257.0,2024-03-26,2024-03-30
546,Kary,Fang,112608,211608,"Fort Collins, CO",Mile High Table Tennis Academy,2226,2024-08-04,670,2017-08-13,ACTIVE,2024 US OLYMPIC TEAM TRIALS,2213.0,2206.0,2024-03-21,2024-03-24
546,Kary,Fang,112608,211608,"Fort Collins, CO",Mile High Table Tennis Academy,2226,2024-08-04,670,2017-08-13,ACTIVE,2023 Junior National Team Trials – Part 1,2078.0,2069.0,2023-02-25,2023-02-28
546,Kary,Fang,112608,211608,"Fort Collins, CO",Mile High Table Tennis Academy,2226,2024-08-04,670,2017-08-13,ACTIVE,2022 US Nationals Team Trials,1990.0,2003.0,2022-06-25,2022-07-01
546,Kary,Fang,112608,211608,"Fort Collins, CO",Mile High Table Tennis Academy,2226,2024-08-04,670,2017-08-13,ACTIVE,"2021 National U11, U13, and U17 Team Trials",2070.0,2082.0,2021-06-18,2021-06-20
546,Kary,Fang,112608,211608,"Fort Collins, CO",Mile High Table Tennis Academy,2226,2024-08-04,670,2017-08-13,ACTIVE,"2021 National U19 and U15 team trials (additional U11, U13 & U17 rating events)",2004.0,2070.0,2021-06-03,2021-06-06
547,Albert,Yang,8754,94028,"Basking Ridge, NJ",Topspin Table Tennis Club,2225,2024-07-07,2148,2022-08-07,ACTIVE,2024 US Junior National Team Trials - Part 1,2241.0,2228.0,2024-03-26,2024-03-30
547,Albert,Yang,8754,94028,"Basking Ridge, NJ",Topspin Table Tennis Club,2225,2024-07-07,2148,2022-08-07,ACTIVE,2023 Junior National Team Trials – Part 1,2224.0,2248.0,2023-02-25,2023-02-28
547,Albert,Yang,8754,94028,"Basking Ridge, NJ",Topspin Table Tennis Club,2225,2024-07-07,2148,2022-08-07,ACTIVE,2022 US Nationals Team Trials,2239.0,2263.0,2022-06-25,2022-07-01
547,Albert,Yang,8754,94028,"Basking Ridge, NJ",Topspin Table Tennis Club,2225,2024-07-07,2148,2022-08-07,ACTIVE,"2021 National U11, U13, and U17 Team Trials",2005.0,2013.0,2021-06-18,2021-06-20
555,Rohan,Bubna,130714,229714,"Fremont, CA",,2222,2024-08-31,2044,2024-09-01,ACTIVE,2023 Junior National Team Trials – Part 1,1709.0,1808.0,2023-02-25,2023-02-28
560,Sai Anish Karthik,Sivakumar,120237,219237,"Milpitas, CA",888 Table Tennis Center,2220,2024-09-02,2173,2024-08-10,ACTIVE,2024 US Junior National Team Trials - Part 2,2275.0,2278.0,2024-05-23,2024-05-27
560,Sai Anish Karthik,Sivakumar,120237,219237,"Milpitas, CA",888 Table Tennis Center,2220,2024-09-02,2173,2024-08-10,ACTIVE,2023 Junior National Team Trials – Part 1,2092.0,2094.0,2023-02-25,2023-02-28
560,Sai Anish Karthik,Sivakumar,120237,219237,"Milpitas, CA",888 Table Tennis Center,2220,2024-09-02,2173,2024-08-10,ACTIVE,2022 US Nationals Team Trials,1994.0,1999.0,2022-06-25,2022-07-01
560,Sai Anish Karthik,Sivakumar,120237,219237,"Milpitas, CA",888 Table Tennis Center,2220,2024-09-02,2173,2024-08-10,ACTIVE,"2021 National U19 and U15 team trials (additional U11, U13 & U17 rating events)",1680.0,1680.0,2021-06-03,2021-06-06
562,Hannah,Song,104187,203187,"Katy, TX",Houston International Table Tennis Academy (HITTA),2219,2024-08-11,2323,2024-06-29,ACTIVE,2024 US Junior National Team Trials - Part 2,2246.0,2218.0,2024-05-23,2024-05-27
562,Hannah,Song,104187,203187,"Katy, TX",Houston International Table Tennis Academy (HITTA),2219,2024-08-11,2323,2024-06-29,ACTIVE,2024 US Junior National Team Trials - Part 1,2290.0,2244.0,2024-03-26,2024-03-30
562,Hannah,Song,104187,203187,"Katy, TX",Houston International Table Tennis Academy (HITTA),2219,2024-08-11,2323,2024-06-29,ACTIVE,2024 US OLYMPIC TEAM TRIALS,2200.0,2290.0,2024-03-21,2024-03-24
562,Hannah,Song,104187,203187,"Katy, TX",Houston International Table Tennis Academy (HITTA),2219,2024-08-11,2323,2024-06-29,ACTIVE,2024 US World Championship Team Trials,2200.0,2199.0,2024-01-12,2024-01-14
562,Hannah,Song,104187,203187,"Katy, TX",Houston International Table Tennis Academy (HITTA),2219,2024-08-11,2323,2024-06-29,ACTIVE,2023 Junior National Team Trials – Part 1,2257.0,2207.0,2023-02-25,2023-02-28
562,Hannah,Song,104187,203187,"Katy, TX",Houston International Table Tennis Academy (HITTA),2219,2024-08-11,2323,2024-06-29,ACTIVE,2022 US Nationals Team Trials,2176.0,2215.0,2022-06-25,2022-07-01
562,Hannah,Song,104187,203187,"Katy, TX",Houston International Table Tennis Academy (HITTA),2219,2024-08-11,2323,2024-06-29,ACTIVE,"2021 National U11, U13, and U17 Team Trials",2079.0,2093.0,2021-06-18,2021-06-20
562,Hannah,Song,104187,203187,"Katy, TX",Houston International Table Tennis Academy (HITTA),2219,2024-08-11,2323,2024-06-29,ACTIVE,"2021 National U19 and U15 team trials (additional U11, U13 & U17 rating events)",2067.0,2080.0,2021-06-03,2021-06-06
566,Diana,Gee,2393,6044,"Apex, NC",,2217,2018-03-02,0,,ACTIVE,2000 Olympic Team Trials - Tab,2211.0,2217.0,2000-04-09,
566,Diana,Gee,2393,6044,"Apex, NC",,2217,2018-03-02,0,,ACTIVE,National Team Trials,2279.0,2211.0,2000-01-23,
568,Terry,Young,54916,9784,"San Jose, CA",,2217,2024-09-02,2145,2024-01-13,ACTIVE,2023 Adult National Team Trials,2217.0,2216.0,2023-04-07,2023-04-09
569,Justin,Liu,164236,1164236,"Saratoga, CA",888 Table Tennis Center,2217,2024-09-02,2083,2024-09-08,ACTIVE,2024 US Junior National Team Trials - Part 2,2173.0,2262.0,2024-05-23,2024-05-27
569,Justin,Liu,164236,1164236,"Saratoga, CA",888 Table Tennis Center,2217,2024-09-02,2083,2024-09-08,ACTIVE,2024 US Junior National Team Trials - Part 1,2167.0,2165.0,2024-03-26,2024-03-30
569,Justin,Liu,164236,1164236,"Saratoga, CA",888 Table Tennis Center,2217,2024-09-02,2083,2024-09-08,ACTIVE,2023 Junior National Team Trials – Part 1,2105.0,2108.0,2023-02-25,2023-02-28
581,Nicholas,Kui,123653,222653,"Great Neck, NY",,2211,2022-11-27,2051,2020-02-21,ACTIVE,2022 US Nationals Team Trials,2275.0,2260.0,2022-06-25,2022-07-01
581,Nicholas,Kui,123653,222653,"Great Neck, NY",,2211,2022-11-27,2051,2020-02-21,ACTIVE,"2021 National U11, U13, and U17 Team Trials",2004.0,1996.0,2021-06-18,2021-06-20
582,Diyan,Shah,120347,219347,"Milpitas, CA",,2211,2024-09-02,2003,2024-09-08,ACTIVE,2024 US Junior National Team Trials - Part 2,2169.0,2163.0,2024-05-23,2024-05-27
582,Diyan,Shah,120347,219347,"Milpitas, CA",,2211,2024-09-02,2003,2024-09-08,ACTIVE,2024 US Junior National Team Trials - Part 1,2161.0,2154.0,2024-03-26,2024-03-30
582,Diyan,Shah,120347,219347,"Milpitas, CA",,2211,2024-09-02,2003,2024-09-08,ACTIVE,"2021 National U19 and U15 team trials (additional U11, U13 & U17 rating events)",1659.0,1659.0,2021-06-03,2021-06-06
583,Genelia,William,116165,215165,"Fremont, CA",(TTA) Table Tennis America,2210,2024-07-07,2000,2024-06-30,ACTIVE,2024 US Junior National Team Trials - Part 2,2160.0,2180.0,2024-05-23,2024-05-27
583,Genelia,William,116165,215165,"Fremont, CA",(TTA) Table Tennis America,2210,2024-07-07,2000,2024-06-30,ACTIVE,2024 US Junior National Team Trials - Part 1,2079.0,2160.0,2024-03-26,2024-03-30
583,Genelia,William,116165,215165,"Fremont, CA",(TTA) Table Tennis America,2210,2024-07-07,2000,2024-06-30,ACTIVE,2023 Adult National Team Trials,2140.0,2126.0,2023-04-07,2023-04-09
583,Genelia,William,116165,215165,"Fremont, CA",(TTA) Table Tennis America,2210,2024-07-07,2000,2024-06-30,ACTIVE,2023 Junior National Team Trials – Part 1,2004.0,2142.0,2023-02-25,2023-02-28
583,Genelia,William,116165,215165,"Fremont, CA",(TTA) Table Tennis America,2210,2024-07-07,2000,2024-06-30,ACTIVE,2022 US Nationals Team Trials,2039.0,2085.0,2022-06-25,2022-07-01
583,Genelia,William,116165,215165,"Fremont, CA",(TTA) Table Tennis America,2210,2024-07-07,2000,2024-06-30,ACTIVE,"2021 National U11, U13, and U17 Team Trials",1694.0,1926.0,2021-06-18,2021-06-20
583,Genelia,William,116165,215165,"Fremont, CA",(TTA) Table Tennis America,2210,2024-07-07,2000,2024-06-30,ACTIVE,"2021 National U19 and U15 team trials (additional U11, U13 & U17 rating events)",1463.0,1463.0,2021-06-03,2021-06-06
587,Daria,Fahimi,115365,214365,"Franklin Lakes, NJ",,2208,2022-12-21,2326,2022-11-18,ACTIVE,2022 US Nationals Team Trials,2050.0,2166.0,2022-06-25,2022-07-01
587,Daria,Fahimi,115365,214365,"Franklin Lakes, NJ",,2208,2022-12-21,2326,2022-11-18,ACTIVE,"2021 National U11, U13, and U17 Team Trials",2067.0,2061.0,2021-06-18,2021-06-20
587,Daria,Fahimi,115365,214365,"Franklin Lakes, NJ",,2208,2022-12-21,2326,2022-11-18,ACTIVE,"2021 National U19 and U15 team trials (additional U11, U13 & U17 rating events)",2111.0,2067.0,2021-06-03,2021-06-06
587,Daria,Fahimi,115365,214365,"Franklin Lakes, NJ",,2208,2022-12-21,2326,2022-11-18,ACTIVE,2021 National Team & Junior Pan Am Games Team Trials,2070.0,2111.0,2021-05-21,2021-05-26
590,Alireza,Khatibi,115915,214915,"Fremont, CA",888 Table Tennis Center,2207,2023-07-07,2062,2024-09-01,ACTIVE,"2021 National U19 and U15 team trials (additional U11, U13 & U17 rating events)",2059.0,2060.0,2021-06-03,2021-06-06
597,Winston,Wu,123837,222837,"bethesda, MD",MDTTC - Maryland Table Tennis Center,2204,2024-08-25,1876,2020-02-28,ACTIVE,2024 US Junior National Team Trials - Part 2,2180.0,2171.0,2024-05-23,2024-05-27
597,Winston,Wu,123837,222837,"bethesda, MD",MDTTC - Maryland Table Tennis Center,2204,2024-08-25,1876,2020-02-28,ACTIVE,2024 US Junior National Team Trials - Part 1,2221.0,2170.0,2024-03-26,2024-03-30
597,Winston,Wu,123837,222837,"bethesda, MD",MDTTC - Maryland Table Tennis Center,2204,2024-08-25,1876,2020-02-28,ACTIVE,2023 Junior National Team Trials – Part 1,2141.0,2229.0,2023-02-25,2023-02-28
597,Winston,Wu,123837,222837,"bethesda, MD",MDTTC - Maryland Table Tennis Center,2204,2024-08-25,1876,2020-02-28,ACTIVE,2022 US Nationals Team Trials,2169.0,2217.0,2022-06-25,2022-07-01
597,Winston,Wu,123837,222837,"bethesda, MD",MDTTC - Maryland Table Tennis Center,2204,2024-08-25,1876,2020-02-28,ACTIVE,"2021 National U11, U13, and U17 Team Trials",1976.0,1967.0,2021-06-18,2021-06-20
597,Winston,Wu,123837,222837,"bethesda, MD",MDTTC - Maryland Table Tennis Center,2204,2024-08-25,1876,2020-02-28,ACTIVE,"2021 National U19 and U15 team trials (additional U11, U13 & U17 rating events)",2021.0,1976.0,2021-06-03,2021-06-06
601,Sakda,Timsuwan,7806,65198,"renton, WA",Seattle Pacific Table Tennis Club,2203,2024-06-30,2207,2024-06-15,ACTIVE,2010 US National Team Trials,2424.0,2416.0,2010-03-05,
602,Aria,Shi,123815,222815,"Princeton, NJ","Princeton Pong, LLC",2203,2024-07-07,2356,2024-09-06,ACTIVE,2024 US Junior National Team Trials - Part 2,2185.0,2191.0,2024-05-23,2024-05-27
602,Aria,Shi,123815,222815,"Princeton, NJ","Princeton Pong, LLC",2203,2024-07-07,2356,2024-09-06,ACTIVE,2024 US Junior National Team Trials - Part 1,2232.0,2197.0,2024-03-26,2024-03-30
602,Aria,Shi,123815,222815,"Princeton, NJ","Princeton Pong, LLC",2203,2024-07-07,2356,2024-09-06,ACTIVE,2023 Junior National Team Trials – Part 1,2130.0,2154.0,2023-02-25,2023-02-28
602,Aria,Shi,123815,222815,"Princeton, NJ","Princeton Pong, LLC",2203,2024-07-07,2356,2024-09-06,ACTIVE,2022 US Nationals Team Trials,2070.0,2105.0,2022-06-25,2022-07-01
602,Aria,Shi,123815,222815,"Princeton, NJ","Princeton Pong, LLC",2203,2024-07-07,2356,2024-09-06,ACTIVE,"2021 National U11, U13, and U17 Team Trials",1784.0,1899.0,2021-06-18,2021-06-20
605,Vignesh,Iyer,171366,270366,"Irvine, CA",,2202,2024-08-24,0,,ACTIVE,2022 US Nationals Team Trials,1973.0,1981.0,2022-06-25,2022-07-01
607,Tiffany,Lam,4095,96513,"Pleasanton, CA",888 Table Tennis Center,2202,2023-07-07,1992,2022-09-04,ACTIVE,2023 Adult National Team Trials,2176.0,2201.0,2023-04-07,2023-04-09
607,Tiffany,Lam,4095,96513,"Pleasanton, CA",888 Table Tennis Center,2202,2023-07-07,1992,2022-09-04,ACTIVE,2023 Junior National Team Trials – Part 1,2162.0,2176.0,2023-02-25,2023-02-28
607,Tiffany,Lam,4095,96513,"Pleasanton, CA",888 Table Tennis Center,2202,2023-07-07,1992,2022-09-04,ACTIVE,2022 US Nationals Team Trials,2118.0,2147.0,2022-06-25,2022-07-01
607,Tiffany,Lam,4095,96513,"Pleasanton, CA",888 Table Tennis Center,2202,2023-07-07,1992,2022-09-04,ACTIVE,"2021 National U11, U13, and U17 Team Trials",2062.0,2057.0,2021-06-18,2021-06-20
607,Tiffany,Lam,4095,96513,"Pleasanton, CA",888 Table Tennis Center,2202,2023-07-07,1992,2022-09-04,ACTIVE,"2021 National U19 and U15 team trials (additional U11, U13 & U17 rating events)",2066.0,2060.0,2021-06-03,2021-06-06
609,Nikhil,Chawla,157412,256412,"San Carlos, CA",,2201,2024-07-28,1990,2024-08-04,ACTIVE,2024 US Junior National Team Trials - Part 2,2071.0,2063.0,2024-05-23,2024-05-27
611,Anthony,Chu,1323,71673,"Milpitas, CA","The Top Spin, LLC",2200,2024-09-02,2217,2022-10-27,ACTIVE,2015 US National Team Trials,2357.0,2357.0,2015-12-20,2015-12-21
612,Amy,Zhang,119649,218649,"San Jose, CA",(TTA) Table Tennis America,2200,2023-07-07,2046,2023-09-23,ACTIVE,2023 Adult National Team Trials,2261.0,2240.0,2023-04-07,2023-04-09
612,Amy,Zhang,119649,218649,"San Jose, CA",(TTA) Table Tennis America,2200,2023-07-07,2046,2023-09-23,ACTIVE,2023 Junior National Team Trials – Part 1,2239.0,2261.0,2023-02-25,2023-02-28
612,Amy,Zhang,119649,218649,"San Jose, CA",(TTA) Table Tennis America,2200,2023-07-07,2046,2023-09-23,ACTIVE,2022 US Nationals Team Trials,1960.0,2239.0,2022-06-25,2022-07-01
612,Amy,Zhang,119649,218649,"San Jose, CA",(TTA) Table Tennis America,2200,2023-07-07,2046,2023-09-23,ACTIVE,"2021 National U19 and U15 team trials (additional U11, U13 & U17 rating events)",1746.0,1969.0,2021-06-03,2021-06-06
622,Xianliang,He,157702,256702,"San Jose, CA",888 Table Tennis Center,2197,2024-09-02,2120,2024-09-08,ACTIVE,2024 US Junior National Team Trials - Part 2,2145.0,2224.0,2024-05-23,2024-05-27
622,Xianliang,He,157702,256702,"San Jose, CA",888 Table Tennis Center,2197,2024-09-02,2120,2024-09-08,ACTIVE,2024 US Junior National Team Trials - Part 1,2162.0,2149.0,2024-03-26,2024-03-30
622,Xianliang,He,157702,256702,"San Jose, CA",888 Table Tennis Center,2197,2024-09-02,2120,2024-09-08,ACTIVE,2023 Junior National Team Trials – Part 1,1890.0,1925.0,2023-02-25,2023-02-28
622,Xianliang,He,157702,256702,"San Jose, CA",888 Table Tennis Center,2197,2024-09-02,2120,2024-09-08,ACTIVE,2022 US Nationals Team Trials,1802.0,1983.0,2022-06-25,2022-07-01
627,Carlough,Francis,165662,264662,"Walpole, MA",Mastiff Table Tennis Club,2195,2024-08-11,2348,2024-08-16,ACTIVE,2024 US Junior National Team Trials - Part 2,2188.0,2158.0,2024-05-23,2024-05-27
627,Carlough,Francis,165662,264662,"Walpole, MA",Mastiff Table Tennis Club,2195,2024-08-11,2348,2024-08-16,ACTIVE,2022 US Nationals Team Trials,1819.0,1786.0,2022-06-25,2022-07-01
628,Jadon,Yuan,115764,214764,"Plano, TX",,2195,2023-07-07,1582,2021-06-12,ACTIVE,2022 US Nationals Team Trials,1965.0,1957.0,2022-06-25,2022-07-01
628,Jadon,Yuan,115764,214764,"Plano, TX",,2195,2023-07-07,1582,2021-06-12,ACTIVE,2021 National Team & Junior Pan Am Games Team Trials,1831.0,1831.0,2021-05-21,2021-05-26
629,Bosman,Botha,120904,219904,"Los Altos Hills, CA",,2195,2024-09-02,1951,2022-08-28,ACTIVE,2024 US Junior National Team Trials - Part 2,2165.0,2164.0,2024-05-23,2024-05-27
634,Feng,Xue,112614,211614,"Severna Park, MD",MDTTC - Maryland Table Tennis Center,2194,2024-05-27,804,2017-06-13,ACTIVE,2024 US Junior National Team Trials - Part 2,2102.0,2194.0,2024-05-23,2024-05-27
634,Feng,Xue,112614,211614,"Severna Park, MD",MDTTC - Maryland Table Tennis Center,2194,2024-05-27,804,2017-06-13,ACTIVE,2023 Junior National Team Trials – Part 1,1982.0,1982.0,2023-02-25,2023-02-28
634,Feng,Xue,112614,211614,"Severna Park, MD",MDTTC - Maryland Table Tennis Center,2194,2024-05-27,804,2017-06-13,ACTIVE,2022 US Nationals Team Trials,1929.0,1885.0,2022-06-25,2022-07-01
647,Sophia,Chen,122729,221729,"San Jose, CA",888 Table Tennis Center,2188,2024-04-28,1913,2024-09-08,ACTIVE,2024 US Junior National Team Trials - Part 1,2090.0,2081.0,2024-03-26,2024-03-30
647,Sophia,Chen,122729,221729,"San Jose, CA",888 Table Tennis Center,2188,2024-04-28,1913,2024-09-08,ACTIVE,2023 Junior National Team Trials – Part 1,2010.0,2031.0,2023-02-25,2023-02-28
647,Sophia,Chen,122729,221729,"San Jose, CA",888 Table Tennis Center,2188,2024-04-28,1913,2024-09-08,ACTIVE,2022 US Nationals Team Trials,1648.0,1622.0,2022-06-25,2022-07-01
650,Zayd,Syed,119014,218014,"Mundelein, IL",,2187,2023-07-07,0,,ACTIVE,2023 Junior National Team Trials – Part 1,2046.0,2084.0,2023-02-25,2023-02-28
650,Zayd,Syed,119014,218014,"Mundelein, IL",,2187,2023-07-07,0,,ACTIVE,2022 US Nationals Team Trials,2158.0,2149.0,2022-06-25,2022-07-01
651,Anagha,Kasichainula,157682,256682,"Fremont, CA",Kou Lei Table Tennis Club,2187,2024-05-27,2084,2024-09-08,ACTIVE,2024 US Junior National Team Trials - Part 2,2096.0,2187.0,2024-05-23,2024-05-27
651,Anagha,Kasichainula,157682,256682,"Fremont, CA",Kou Lei Table Tennis Club,2187,2024-05-27,2084,2024-09-08,ACTIVE,2024 US Junior National Team Trials - Part 1,2098.0,2096.0,2024-03-26,2024-03-30
651,Anagha,Kasichainula,157682,256682,"Fremont, CA",Kou Lei Table Tennis Club,2187,2024-05-27,2084,2024-09-08,ACTIVE,2023 Junior National Team Trials – Part 1,1830.0,1999.0,2023-02-25,2023-02-28
651,Anagha,Kasichainula,157682,256682,"Fremont, CA",Kou Lei Table Tennis Club,2187,2024-05-27,2084,2024-09-08,ACTIVE,2022 US Nationals Team Trials,1434.0,1469.0,2022-06-25,2022-07-01
651,Anagha,Kasichainula,157682,256682,"Fremont, CA",Kou Lei Table Tennis Club,2187,2024-05-27,2084,2024-09-08,ACTIVE,"2021 National U11, U13, and U17 Team Trials",717.0,1030.0,2021-06-18,2021-06-20
653,Dariah,Feng,125231,224231,"Pleasanton, CA",Kou Lei Table Tennis Club,2186,2024-08-25,2033,2024-09-07,ACTIVE,2024 US Junior National Team Trials - Part 2,2134.0,2121.0,2024-05-23,2024-05-27
653,Dariah,Feng,125231,224231,"Pleasanton, CA",Kou Lei Table Tennis Club,2186,2024-08-25,2033,2024-09-07,ACTIVE,2024 US Junior National Team Trials - Part 1,2192.0,2131.0,2024-03-26,2024-03-30
653,Dariah,Feng,125231,224231,"Pleasanton, CA",Kou Lei Table Tennis Club,2186,2024-08-25,2033,2024-09-07,ACTIVE,2023 Junior National Team Trials – Part 1,2089.0,2082.0,2023-02-25,2023-02-28
653,Dariah,Feng,125231,224231,"Pleasanton, CA",Kou Lei Table Tennis Club,2186,2024-08-25,2033,2024-09-07,ACTIVE,2022 US Nationals Team Trials,1748.0,1805.0,2022-06-25,2022-07-01
653,Dariah,Feng,125231,224231,"Pleasanton, CA",Kou Lei Table Tennis Club,2186,2024-08-25,2033,2024-09-07,ACTIVE,"2021 National U19 and U15 team trials (additional U11, U13 & U17 rating events)",1481.0,1865.0,2021-06-03,2021-06-06
660,Joe,Zhang,165421,1165421,"Milpitas, CA",ICC Table Tennis Center,2183,2024-08-25,2137,2024-09-07,ACTIVE,2024 US Junior National Team Trials - Part 2,2191.0,2220.0,2024-05-23,2024-05-27
660,Joe,Zhang,165421,1165421,"Milpitas, CA",ICC Table Tennis Center,2183,2024-08-25,2137,2024-09-07,ACTIVE,2024 US Junior National Team Trials - Part 1,2167.0,2206.0,2024-03-26,2024-03-30
660,Joe,Zhang,165421,1165421,"Milpitas, CA",ICC Table Tennis Center,2183,2024-08-25,2137,2024-09-07,ACTIVE,2023 Junior National Team Trials – Part 1,1957.0,2051.0,2023-02-25,2023-02-28
660,Joe,Zhang,165421,1165421,"Milpitas, CA",ICC Table Tennis Center,2183,2024-08-25,2137,2024-09-07,ACTIVE,2022 US Nationals Team Trials,1727.0,1678.0,2022-06-25,2022-07-01
661,Handson,Li,4411,95284,"Pleasanton, CA",888 Table Tennis Center,2183,2023-07-07,2133,2023-06-04,ACTIVE,"2021 National U19 and U15 team trials (additional U11, U13 & U17 rating events)",2156.0,2146.0,2021-06-03,2021-06-06
667,Jaden,Jia,122549,221549,"Fremont, CA",(TTA) Table Tennis America,2182,2024-07-07,2066,2024-09-01,ACTIVE,2024 US Junior National Team Trials - Part 2,2207.0,2207.0,2024-05-23,2024-05-27
667,Jaden,Jia,122549,221549,"Fremont, CA",(TTA) Table Tennis America,2182,2024-07-07,2066,2024-09-01,ACTIVE,2024 US Junior National Team Trials - Part 1,2164.0,2207.0,2024-03-26,2024-03-30
667,Jaden,Jia,122549,221549,"Fremont, CA",(TTA) Table Tennis America,2182,2024-07-07,2066,2024-09-01,ACTIVE,2023 Junior National Team Trials – Part 1,1975.0,1947.0,2023-02-25,2023-02-28
667,Jaden,Jia,122549,221549,"Fremont, CA",(TTA) Table Tennis America,2182,2024-07-07,2066,2024-09-01,ACTIVE,2022 US Nationals Team Trials,1743.0,1758.0,2022-06-25,2022-07-01
674,Lucia,Sun,131237,230237,"San Jose, CA",(TTA) Table Tennis America,2178,2024-08-25,1990,2024-09-01,ACTIVE,2024 US Junior National Team Trials - Part 2,2152.0,2140.0,2024-05-23,2024-05-27
674,Lucia,Sun,131237,230237,"San Jose, CA",(TTA) Table Tennis America,2178,2024-08-25,1990,2024-09-01,ACTIVE,2024 US Junior National Team Trials - Part 1,2042.0,2115.0,2024-03-26,2024-03-30
674,Lucia,Sun,131237,230237,"San Jose, CA",(TTA) Table Tennis America,2178,2024-08-25,1990,2024-09-01,ACTIVE,2023 Junior National Team Trials – Part 1,1877.0,1894.0,2023-02-25,2023-02-28
674,Lucia,Sun,131237,230237,"San Jose, CA",(TTA) Table Tennis America,2178,2024-08-25,1990,2024-09-01,ACTIVE,2022 US Nationals Team Trials,1553.0,1552.0,2022-06-25,2022-07-01
677,Anastasia,Wang,8223,95295,"Fremont, CA",,2177,2024-08-25,1968,2022-06-18,ACTIVE,2022 US Nationals Team Trials,2034.0,2002.0,2022-06-25,2022-07-01
677,Anastasia,Wang,8223,95295,"Fremont, CA",,2177,2024-08-25,1968,2022-06-18,ACTIVE,"2021 National U11, U13, and U17 Team Trials",2152.0,2122.0,2021-06-18,2021-06-20
682,Lucas,Wu,176037,275037,"Winchester, MA",Lily Yip Table Tennis Center,2177,2024-08-25,2406,2024-08-23,ACTIVE,2024 US Junior National Team Trials - Part 2,2147.0,2144.0,2024-05-23,2024-05-27
682,Lucas,Wu,176037,275037,"Winchester, MA",Lily Yip Table Tennis Center,2177,2024-08-25,2406,2024-08-23,ACTIVE,2024 US Junior National Team Trials - Part 1,2080.0,2115.0,2024-03-26,2024-03-30
695,Tiana,Piyadasa,170759,1170759,"Fountain Valley, CA",Orange County Table Tennis Academy,2171,2024-07-07,0,,ACTIVE,2024 US Junior National Team Trials - Part 2,2081.0,2165.0,2024-05-23,2024-05-27
695,Tiana,Piyadasa,170759,1170759,"Fountain Valley, CA",Orange County Table Tennis Academy,2171,2024-07-07,0,,ACTIVE,2024 US Junior National Team Trials - Part 1,2104.0,2059.0,2024-03-26,2024-03-30
695,Tiana,Piyadasa,170759,1170759,"Fountain Valley, CA",Orange County Table Tennis Academy,2171,2024-07-07,0,,ACTIVE,2023 Junior National Team Trials – Part 1,1927.0,1905.0,2023-02-25,2023-02-28
695,Tiana,Piyadasa,170759,1170759,"Fountain Valley, CA",Orange County Table Tennis Academy,2171,2024-07-07,0,,ACTIVE,2022 US Nationals Team Trials,1623.0,1889.0,2022-06-25,2022-07-01
695,Tiana,Piyadasa,170759,1170759,"Fountain Valley, CA",Orange County Table Tennis Academy,2171,2024-07-07,0,,ACTIVE,"2021 National U11, U13, and U17 Team Trials",980.0,1022.0,2021-06-18,2021-06-20
697,Tanish,Mamidyala,170693,269693,"PRINCETON JUNCTION, NJ",Lily Yip Table Tennis Center,2171,2024-08-25,2240,2024-09-06,ACTIVE,2024 US Junior National Team Trials - Part 2,2126.0,2118.0,2024-05-23,2024-05-27
697,Tanish,Mamidyala,170693,269693,"PRINCETON JUNCTION, NJ",Lily Yip Table Tennis Center,2171,2024-08-25,2240,2024-09-06,ACTIVE,2024 US Junior National Team Trials - Part 1,2088.0,2103.0,2024-03-26,2024-03-30
697,Tanish,Mamidyala,170693,269693,"PRINCETON JUNCTION, NJ",Lily Yip Table Tennis Center,2171,2024-08-25,2240,2024-09-06,ACTIVE,2023 Junior National Team Trials – Part 1,1851.0,1816.0,2023-02-25,2023-02-28
697,Tanish,Mamidyala,170693,269693,"PRINCETON JUNCTION, NJ",Lily Yip Table Tennis Center,2171,2024-08-25,2240,2024-09-06,ACTIVE,2022 US Nationals Team Trials,1533.0,1513.0,2022-06-25,2022-07-01
698,Shashin,Shodhan,7103,55220,"Fremont, CA",Fremont Table Tennis Academy,2170,2024-03-24,2259,2024-02-24,ACTIVE,2024 US OLYMPIC TEAM TRIALS,2170.0,2170.0,2024-03-21,2024-03-24
698,Shashin,Shodhan,7103,55220,"Fremont, CA",Fremont Table Tennis Academy,2170,2024-03-24,2259,2024-02-24,ACTIVE,2023 Adult National Team Trials,2287.0,2283.0,2023-04-07,2023-04-09
698,Shashin,Shodhan,7103,55220,"Fremont, CA",Fremont Table Tennis Academy,2170,2024-03-24,2259,2024-02-24,ACTIVE,2021 National Team & Junior Pan Am Games Team Trials,2228.0,2241.0,2021-05-21,2021-05-26
698,Shashin,Shodhan,7103,55220,"Fremont, CA",Fremont Table Tennis Academy,2170,2024-03-24,2259,2024-02-24,ACTIVE,2015 US National Team Trials,2296.0,2298.0,2015-12-20,2015-12-21
698,Shashin,Shodhan,7103,55220,"Fremont, CA",Fremont Table Tennis Academy,2170,2024-03-24,2259,2024-02-24,ACTIVE,2014 National Team Trials,2277.0,2293.0,2014-03-09,
698,Shashin,Shodhan,7103,55220,"Fremont, CA",Fremont Table Tennis Academy,2170,2024-03-24,2259,2024-02-24,ACTIVE,US Team Trials,2340.0,2469.0,2003-03-22,
698,Shashin,Shodhan,7103,55220,"Fremont, CA",Fremont Table Tennis Academy,2170,2024-03-24,2259,2024-02-24,ACTIVE,2000 Olympic Team Trials - Tab,2488.0,2479.0,2000-04-09,
698,Shashin,Shodhan,7103,55220,"Fremont, CA",Fremont Table Tennis Academy,2170,2024-03-24,2259,2024-02-24,ACTIVE,National Team Trials,2474.0,2488.0,2000-01-23,
698,Shashin,Shodhan,7103,55220,"Fremont, CA",Fremont Table Tennis Academy,2170,2024-03-24,2259,2024-02-24,ACTIVE,1999 National Team Trials,2466.0,2419.0,1999-03-07,
698,Shashin,Shodhan,7103,55220,"Fremont, CA",Fremont Table Tennis Academy,2170,2024-03-24,2259,2024-02-24,ACTIVE,National Team Trials,2451.0,2438.0,1998-03-07,
700,Nathan,Zhong,167425,1167425,"Great Neck, NY",Origin Table Tennis Academy,2167,2024-01-28,2071,2023-09-22,ACTIVE,2023 Junior National Team Trials – Part 1,2025.0,2016.0,2023-02-25,2023-02-28
700,Nathan,Zhong,167425,1167425,"Great Neck, NY",Origin Table Tennis Academy,2167,2024-01-28,2071,2023-09-22,ACTIVE,2022 US Nationals Team Trials,1877.0,1865.0,2022-06-25,2022-07-01
716,Logan,Watson,8359,92943,"Moore, OK",Oklahoma City Table Tennis Club,2163,2024-08-11,1908,2024-06-27,ACTIVE,2023 PARAPAN AMERICAN GAMES TEAM TRIALS,2126.0,2139.0,2023-07-01,2023-07-01
716,Logan,Watson,8359,92943,"Moore, OK",Oklahoma City Table Tennis Club,2163,2024-08-11,1908,2024-06-27,ACTIVE,2023 Adult National Team Trials,2142.0,2141.0,2023-04-07,2023-04-09
722,Sarthak,Pradhan,102255,98257,"Milpitas, CA",ICC Table Tennis Center,2160,2024-07-07,2100,2024-06-22,ACTIVE,2023 Junior National Team Trials – Part 1,2177.0,2168.0,2023-02-25,2023-02-28
722,Sarthak,Pradhan,102255,98257,"Milpitas, CA",ICC Table Tennis Center,2160,2024-07-07,2100,2024-06-22,ACTIVE,"2021 National U19 and U15 team trials (additional U11, U13 & U17 rating events)",2057.0,2047.0,2021-06-03,2021-06-06
723,Geetha,Krishna,125135,224135,"Marietta, GA",East Cobb Sports Table Tennis,2160,2024-08-18,0,,ACTIVE,2024 US Junior National Team Trials - Part 1,2000.0,2030.0,2024-03-26,2024-03-30
723,Geetha,Krishna,125135,224135,"Marietta, GA",East Cobb Sports Table Tennis,2160,2024-08-18,0,,ACTIVE,2023 Junior National Team Trials – Part 1,1997.0,1996.0,2023-02-25,2023-02-28
723,Geetha,Krishna,125135,224135,"Marietta, GA",East Cobb Sports Table Tennis,2160,2024-08-18,0,,ACTIVE,2022 US Nationals Team Trials,1941.0,1900.0,2022-06-25,2022-07-01
723,Geetha,Krishna,125135,224135,"Marietta, GA",East Cobb Sports Table Tennis,2160,2024-08-18,0,,ACTIVE,"2021 National U11, U13, and U17 Team Trials",1466.0,1433.0,2021-06-18,2021-06-20
732,Medha,Krishna,119837,218837,"Marietta, GA",East Cobb Sports Table Tennis,2158,2024-08-18,0,,ACTIVE,2024 US Junior National Team Trials - Part 2,2156.0,2155.0,2024-05-23,2024-05-27
732,Medha,Krishna,119837,218837,"Marietta, GA",East Cobb Sports Table Tennis,2158,2024-08-18,0,,ACTIVE,2024 US Junior National Team Trials - Part 1,2157.0,2156.0,2024-03-26,2024-03-30
732,Medha,Krishna,119837,218837,"Marietta, GA",East Cobb Sports Table Tennis,2158,2024-08-18,0,,ACTIVE,2023 Junior National Team Trials – Part 1,2057.0,2068.0,2023-02-25,2023-02-28
732,Medha,Krishna,119837,218837,"Marietta, GA",East Cobb Sports Table Tennis,2158,2024-08-18,0,,ACTIVE,2022 US Nationals Team Trials,2079.0,2041.0,2022-06-25,2022-07-01
732,Medha,Krishna,119837,218837,"Marietta, GA",East Cobb Sports Table Tennis,2158,2024-08-18,0,,ACTIVE,"2021 National U11, U13, and U17 Team Trials",1939.0,1933.0,2021-06-18,2021-06-20
732,Medha,Krishna,119837,218837,"Marietta, GA",East Cobb Sports Table Tennis,2158,2024-08-18,0,,ACTIVE,"2021 National U19 and U15 team trials (additional U11, U13 & U17 rating events)",1934.0,1939.0,2021-06-03,2021-06-06
750,Kenny,Au,124163,223163,"San Jose, CA",(TTA) Table Tennis America,2152,2024-09-02,2060,2024-03-10,ACTIVE,"2021 National U19 and U15 team trials (additional U11, U13 & U17 rating events)",1981.0,2028.0,2021-06-03,2021-06-06
759,Andy,Liu,165276,264276,"florham Park, NJ",Matchpoint Table Tennis Center NJ,2149,2024-08-25,2262,2024-09-06,ACTIVE,2023 Junior National Team Trials – Part 1,2133.0,2131.0,2023-02-25,2023-02-28
769,Purvi,Soni,102306,98261,"Fremont, CA",,2147,2022-07-07,2118,2022-07-30,ACTIVE,2022 US Nationals Team Trials,2163.0,2162.0,2022-06-25,2022-07-01
769,Purvi,Soni,102306,98261,"Fremont, CA",,2147,2022-07-07,2118,2022-07-30,ACTIVE,"2021 National U19 and U15 team trials (additional U11, U13 & U17 rating events)",2063.0,2065.0,2021-06-03,2021-06-06
777,T. J.,Beebe,503,63227,"Marietta, GA",Atlanta Georgia Table Tennis Association,2145,2024-03-02,0,,ACTIVE,2017 National Team Trials,2308.0,2311.0,2017-03-24,2017-03-26
777,T. J.,Beebe,503,63227,"Marietta, GA",Atlanta Georgia Table Tennis Association,2145,2024-03-02,0,,ACTIVE,2015 US National Team Trials,2270.0,2265.0,2015-12-20,2015-12-21
777,T. J.,Beebe,503,63227,"Marietta, GA",Atlanta Georgia Table Tennis Association,2145,2024-03-02,0,,ACTIVE,National Team Trials,2382.0,2410.0,2000-01-23,
777,T. J.,Beebe,503,63227,"Marietta, GA",Atlanta Georgia Table Tennis Association,2145,2024-03-02,0,,ACTIVE,1999 National Team Trials,2393.0,2397.0,1999-03-07,
784,Sumedh,Seetharaman,166449,1166449,"San Jose, CA",(TTA) Table Tennis America,2141,2024-07-07,2014,2024-09-01,ACTIVE,2024 US Junior National Team Trials - Part 2,2080.0,2129.0,2024-05-23,2024-05-27
784,Sumedh,Seetharaman,166449,1166449,"San Jose, CA",(TTA) Table Tennis America,2141,2024-07-07,2014,2024-09-01,ACTIVE,2024 US Junior National Team Trials - Part 1,2018.0,2059.0,2024-03-26,2024-03-30
784,Sumedh,Seetharaman,166449,1166449,"San Jose, CA",(TTA) Table Tennis America,2141,2024-07-07,2014,2024-09-01,ACTIVE,2023 Junior National Team Trials – Part 1,1732.0,1843.0,2023-02-25,2023-02-28
784,Sumedh,Seetharaman,166449,1166449,"San Jose, CA",(TTA) Table Tennis America,2141,2024-07-07,2014,2024-09-01,ACTIVE,2022 US Nationals Team Trials,1554.0,1594.0,2022-06-25,2022-07-01
800,Evan,Dong,171856,1171856,"Fremont, CA",(TTA) Table Tennis America,2137,2024-07-07,1993,2024-09-01,ACTIVE,2024 US Junior National Team Trials - Part 2,2060.0,2131.0,2024-05-23,2024-05-27
800,Evan,Dong,171856,1171856,"Fremont, CA",(TTA) Table Tennis America,2137,2024-07-07,1993,2024-09-01,ACTIVE,2024 US Junior National Team Trials - Part 1,2113.0,2119.0,2024-03-26,2024-03-30
800,Evan,Dong,171856,1171856,"Fremont, CA",(TTA) Table Tennis America,2137,2024-07-07,1993,2024-09-01,ACTIVE,2023 Junior National Team Trials – Part 1,1674.0,1670.0,2023-02-25,2023-02-28
800,Evan,Dong,171856,1171856,"Fremont, CA",(TTA) Table Tennis America,2137,2024-07-07,1993,2024-09-01,ACTIVE,2022 US Nationals Team Trials,741.0,1504.0,2022-06-25,2022-07-01
802,Long,Zhu,172274,271274,"Little Neck, NY",Lily Yip Table Tennis Center,2137,2024-08-25,2270,2024-08-16,ACTIVE,2024 US Junior National Team Trials - Part 2,2156.0,2140.0,2024-05-23,2024-05-27
802,Long,Zhu,172274,271274,"Little Neck, NY",Lily Yip Table Tennis Center,2137,2024-08-25,2270,2024-08-16,ACTIVE,2024 US Junior National Team Trials - Part 1,2153.0,2137.0,2024-03-26,2024-03-30
802,Long,Zhu,172274,271274,"Little Neck, NY",Lily Yip Table Tennis Center,2137,2024-08-25,2270,2024-08-16,ACTIVE,2023 Junior National Team Trials – Part 1,1905.0,1884.0,2023-02-25,2023-02-28
802,Long,Zhu,172274,271274,"Little Neck, NY",Lily Yip Table Tennis Center,2137,2024-08-25,2270,2024-08-16,ACTIVE,2022 US Nationals Team Trials,1587.0,1537.0,2022-06-25,2022-07-01
807,Kayleigh,Cui,116499,215499,"San Diego, CA",,2135,2024-05-27,1991,2024-03-22,ACTIVE,2024 US Junior National Team Trials - Part 2,2145.0,2135.0,2024-05-23,2024-05-27
807,Kayleigh,Cui,116499,215499,"San Diego, CA",,2135,2024-05-27,1991,2024-03-22,ACTIVE,2023 Adult National Team Trials,2197.0,2193.0,2023-04-07,2023-04-09
807,Kayleigh,Cui,116499,215499,"San Diego, CA",,2135,2024-05-27,1991,2024-03-22,ACTIVE,2023 Junior National Team Trials – Part 1,2197.0,2197.0,2023-02-25,2023-02-28
807,Kayleigh,Cui,116499,215499,"San Diego, CA",,2135,2024-05-27,1991,2024-03-22,ACTIVE,2022 US Nationals Team Trials,2038.0,2181.0,2022-06-25,2022-07-01
807,Kayleigh,Cui,116499,215499,"San Diego, CA",,2135,2024-05-27,1991,2024-03-22,ACTIVE,"2021 National U11, U13, and U17 Team Trials",2091.0,2130.0,2021-06-18,2021-06-20
807,Kayleigh,Cui,116499,215499,"San Diego, CA",,2135,2024-05-27,1991,2024-03-22,ACTIVE,"2021 National U19 and U15 team trials (additional U11, U13 & U17 rating events)",2101.0,2091.0,2021-06-03,2021-06-06
817,Amoolya,Menon,122340,221340,"Mount Kisco, NY",,2133,2024-07-07,2181,2024-05-17,ACTIVE,2024 US Junior National Team Trials - Part 2,2159.0,2186.0,2024-05-23,2024-05-27
817,Amoolya,Menon,122340,221340,"Mount Kisco, NY",,2133,2024-07-07,2181,2024-05-17,ACTIVE,2024 US Junior National Team Trials - Part 1,2342.0,2256.0,2024-03-26,2024-03-30
817,Amoolya,Menon,122340,221340,"Mount Kisco, NY",,2133,2024-07-07,2181,2024-05-17,ACTIVE,2024 US OLYMPIC TEAM TRIALS,2351.0,2342.0,2024-03-21,2024-03-24
817,Amoolya,Menon,122340,221340,"Mount Kisco, NY",,2133,2024-07-07,2181,2024-05-17,ACTIVE,2023 Junior National Team Trials – Part 1,2144.0,2145.0,2023-02-25,2023-02-28
817,Amoolya,Menon,122340,221340,"Mount Kisco, NY",,2133,2024-07-07,2181,2024-05-17,ACTIVE,2022 US Nationals Team Trials,1885.0,1947.0,2022-06-25,2022-07-01
817,Amoolya,Menon,122340,221340,"Mount Kisco, NY",,2133,2024-07-07,2181,2024-05-17,ACTIVE,"2021 National U11, U13, and U17 Team Trials",1900.0,1879.0,2021-06-18,2021-06-20
822,CHIRAG,PRADHAN,175994,274994,"Fremont, CA",(TTA) Table Tennis America,2130,2024-07-07,2017,2024-06-29,ACTIVE,2024 US Junior National Team Trials - Part 2,2212.0,2136.0,2024-05-23,2024-05-27
822,CHIRAG,PRADHAN,175994,274994,"Fremont, CA",(TTA) Table Tennis America,2130,2024-07-07,2017,2024-06-29,ACTIVE,2024 US Junior National Team Trials - Part 1,2125.0,2212.0,2024-03-26,2024-03-30
822,CHIRAG,PRADHAN,175994,274994,"Fremont, CA",(TTA) Table Tennis America,2130,2024-07-07,2017,2024-06-29,ACTIVE,2023 Junior National Team Trials – Part 1,1769.0,1757.0,2023-02-25,2023-02-28
824,Priya,Venkateraman,171128,1171128,"Fort Collins, CO",,2129,2024-08-04,0,,ACTIVE,2024 US Junior National Team Trials - Part 2,2155.0,2134.0,2024-05-23,2024-05-27
824,Priya,Venkateraman,171128,1171128,"Fort Collins, CO",,2129,2024-08-04,0,,ACTIVE,2024 US Junior National Team Trials - Part 1,2151.0,2155.0,2024-03-26,2024-03-30
824,Priya,Venkateraman,171128,1171128,"Fort Collins, CO",,2129,2024-08-04,0,,ACTIVE,2023 Junior National Team Trials – Part 1,1983.0,1982.0,2023-02-25,2023-02-28
824,Priya,Venkateraman,171128,1171128,"Fort Collins, CO",,2129,2024-08-04,0,,ACTIVE,2022 US Nationals Team Trials,1816.0,1824.0,2022-06-25,2022-07-01
824,Priya,Venkateraman,171128,1171128,"Fort Collins, CO",,2129,2024-08-04,0,,ACTIVE,"2021 National U11, U13, and U17 Team Trials",1448.0,1447.0,2021-06-18,2021-06-20
832,William,Wu,123838,222838,"bethesda, MD",MDTTC - Maryland Table Tennis Center,2126,2024-05-05,2074,2020-02-28,ACTIVE,2023 Junior National Team Trials – Part 1,2074.0,2070.0,2023-02-25,2023-02-28
832,William,Wu,123838,222838,"bethesda, MD",MDTTC - Maryland Table Tennis Center,2126,2024-05-05,2074,2020-02-28,ACTIVE,2022 US Nationals Team Trials,2187.0,2207.0,2022-06-25,2022-07-01
832,William,Wu,123838,222838,"bethesda, MD",MDTTC - Maryland Table Tennis Center,2126,2024-05-05,2074,2020-02-28,ACTIVE,"2021 National U11, U13, and U17 Team Trials",2067.0,2067.0,2021-06-18,2021-06-20
832,William,Wu,123838,222838,"bethesda, MD",MDTTC - Maryland Table Tennis Center,2126,2024-05-05,2074,2020-02-28,ACTIVE,"2021 National U19 and U15 team trials (additional U11, U13 & U17 rating events)",2062.0,2067.0,2021-06-03,2021-06-06
842,Kareem,Azrak,170633,269633,"Dublin, OH",Spin & Smash TTPPC,2122,2024-05-19,0,,ACTIVE,2024 US Junior National Team Trials - Part 1,2155.0,2156.0,2024-03-26,2024-03-30
846,River,Dai,178802,1178802,"Houston, TX",,2121,2024-08-31,1994,2023-10-22,ACTIVE,2023 Junior National Team Trials – Part 1,0.0,1994.0,2023-02-25,2023-02-28
859,Sayan,Jafarali,172149,271149,CA,,2117,2024-08-25,1878,2024-09-08,ACTIVE,2024 US Junior National Team Trials - Part 2,1984.0,2026.0,2024-05-23,2024-05-27
859,Sayan,Jafarali,172149,271149,CA,,2117,2024-08-25,1878,2024-09-08,ACTIVE,2024 US Junior National Team Trials - Part 1,2030.0,1974.0,2024-03-26,2024-03-30
859,Sayan,Jafarali,172149,271149,CA,,2117,2024-08-25,1878,2024-09-08,ACTIVE,2023 Junior National Team Trials – Part 1,1288.0,1337.0,2023-02-25,2023-02-28
860,Thomas,Sui,171911,270911,"Katy, TX",Houston International Table Tennis Academy (HITTA),2117,2024-08-31,2141,2024-08-30,ACTIVE,2024 US Junior National Team Trials - Part 2,2080.0,2023.0,2024-05-23,2024-05-27
860,Thomas,Sui,171911,270911,"Katy, TX",Houston International Table Tennis Academy (HITTA),2117,2024-08-31,2141,2024-08-30,ACTIVE,2023 Junior National Team Trials – Part 1,1717.0,1849.0,2023-02-25,2023-02-28
864,Arjun,Chandrasekar,1046,97693,"Cupertino, CA",Stickman Skills Center,2116,2023-06-24,1986,2023-01-29,ACTIVE,2023 Junior National Team Trials – Part 1,2134.0,2132.0,2023-02-25,2023-02-28
866,Brian,Wu,124599,223599,"Flushing, NY",New York Indoor Sports Club,2116,2024-06-16,1963,2023-01-27,ACTIVE,2024 US Junior National Team Trials - Part 2,2158.0,2138.0,2024-05-23,2024-05-27
866,Brian,Wu,124599,223599,"Flushing, NY",New York Indoor Sports Club,2116,2024-06-16,1963,2023-01-27,ACTIVE,2024 US Junior National Team Trials - Part 1,2169.0,2150.0,2024-03-26,2024-03-30
866,Brian,Wu,124599,223599,"Flushing, NY",New York Indoor Sports Club,2116,2024-06-16,1963,2023-01-27,ACTIVE,2023 Junior National Team Trials – Part 1,1979.0,1950.0,2023-02-25,2023-02-28
866,Brian,Wu,124599,223599,"Flushing, NY",New York Indoor Sports Club,2116,2024-06-16,1963,2023-01-27,ACTIVE,2022 US Nationals Team Trials,2016.0,1939.0,2022-06-25,2022-07-01
866,Brian,Wu,124599,223599,"Flushing, NY",New York Indoor Sports Club,2116,2024-06-16,1963,2023-01-27,ACTIVE,"2021 National U11, U13, and U17 Team Trials",1797.0,1781.0,2021-06-18,2021-06-20
867,Rachel,Purwar,168381,1168381,"Fremont, CA",Kou Lei Table Tennis Club,2116,2024-08-25,1943,2024-09-07,ACTIVE,2024 US Junior National Team Trials - Part 2,2016.0,2177.0,2024-05-23,2024-05-27
867,Rachel,Purwar,168381,1168381,"Fremont, CA",Kou Lei Table Tennis Club,2116,2024-08-25,1943,2024-09-07,ACTIVE,2023 Junior National Team Trials – Part 1,1823.0,1824.0,2023-02-25,2023-02-28
867,Rachel,Purwar,168381,1168381,"Fremont, CA",Kou Lei Table Tennis Club,2116,2024-08-25,1943,2024-09-07,ACTIVE,2022 US Nationals Team Trials,1476.0,1472.0,2022-06-25,2022-07-01
867,Rachel,Purwar,168381,1168381,"Fremont, CA",Kou Lei Table Tennis Club,2116,2024-08-25,1943,2024-09-07,ACTIVE,"2021 National U19 and U15 team trials (additional U11, U13 & U17 rating events)",249.0,352.0,2021-06-03,2021-06-06
872,Jacob,Kordus,171468,1171468,"Morrisville, NC",Carolina International Table Tennis Academy (CITTA),2114,2024-07-28,0,,ACTIVE,2024 US Junior National Team Trials - Part 2,2078.0,2098.0,2024-05-23,2024-05-27
872,Jacob,Kordus,171468,1171468,"Morrisville, NC",Carolina International Table Tennis Academy (CITTA),2114,2024-07-28,0,,ACTIVE,2024 US Junior National Team Trials - Part 1,2141.0,2106.0,2024-03-26,2024-03-30
872,Jacob,Kordus,171468,1171468,"Morrisville, NC",Carolina International Table Tennis Academy (CITTA),2114,2024-07-28,0,,ACTIVE,2023 Junior National Team Trials – Part 1,1810.0,1855.0,2023-02-25,2023-02-28
872,Jacob,Kordus,171468,1171468,"Morrisville, NC",Carolina International Table Tennis Academy (CITTA),2114,2024-07-28,0,,ACTIVE,2022 US Nationals Team Trials,1696.0,1686.0,2022-06-25,2022-07-01
874,Abhinav,Shirbhate,166334,265334,"Sunnyvale, CA",Kou Lei Table Tennis Club,2113,2024-08-25,1899,2024-09-07,ACTIVE,2024 US Junior National Team Trials - Part 2,2119.0,2131.0,2024-05-23,2024-05-27
874,Abhinav,Shirbhate,166334,265334,"Sunnyvale, CA",Kou Lei Table Tennis Club,2113,2024-08-25,1899,2024-09-07,ACTIVE,2024 US Junior National Team Trials - Part 1,2050.0,2036.0,2024-03-26,2024-03-30
874,Abhinav,Shirbhate,166334,265334,"Sunnyvale, CA",Kou Lei Table Tennis Club,2113,2024-08-25,1899,2024-09-07,ACTIVE,2023 Junior National Team Trials – Part 1,1862.0,1858.0,2023-02-25,2023-02-28
874,Abhinav,Shirbhate,166334,265334,"Sunnyvale, CA",Kou Lei Table Tennis Club,2113,2024-08-25,1899,2024-09-07,ACTIVE,2022 US Nationals Team Trials,1597.0,1631.0,2022-06-25,2022-07-01
876,Aarav,Desai,170570,269570,"Dublin, CA",Micro Motion Table Tennis Academy,2112,2024-09-02,1914,2024-08-18,ACTIVE,2024 US Junior National Team Trials - Part 2,2037.0,2000.0,2024-05-23,2024-05-27
876,Aarav,Desai,170570,269570,"Dublin, CA",Micro Motion Table Tennis Academy,2112,2024-09-02,1914,2024-08-18,ACTIVE,2024 US Junior National Team Trials - Part 1,2072.0,2037.0,2024-03-26,2024-03-30
876,Aarav,Desai,170570,269570,"Dublin, CA",Micro Motion Table Tennis Academy,2112,2024-09-02,1914,2024-08-18,ACTIVE,2023 Junior National Team Trials – Part 1,1838.0,1866.0,2023-02-25,2023-02-28
876,Aarav,Desai,170570,269570,"Dublin, CA",Micro Motion Table Tennis Academy,2112,2024-09-02,1914,2024-08-18,ACTIVE,2022 US Nationals Team Trials,1365.0,1674.0,2022-06-25,2022-07-01
876,Aarav,Desai,170570,269570,"Dublin, CA",Micro Motion Table Tennis Academy,2112,2024-09-02,1914,2024-08-18,ACTIVE,"2021 National U11, U13, and U17 Team Trials",0.0,0.0,2021-06-18,2021-06-20
876,Aarav,Desai,170570,269570,"Dublin, CA",Micro Motion Table Tennis Academy,2112,2024-09-02,1914,2024-08-18,ACTIVE,"2021 National U19 and U15 team trials (additional U11, U13 & U17 rating events)",2.0,0.0,2021-06-03,2021-06-06
886,Vincent,Guan,166648,265648,San Francisco,,2111,2024-07-07,1899,2024-06-02,ACTIVE,2024 US Junior National Team Trials - Part 2,2094.0,2099.0,2024-05-23,2024-05-27
888,Sivaraam,Velayutham,124759,223759,"Fremont, CA",(TTA) Table Tennis America,2110,2024-09-02,1970,2024-08-17,ACTIVE,2024 US Junior National Team Trials - Part 2,2117.0,2124.0,2024-05-23,2024-05-27
888,Sivaraam,Velayutham,124759,223759,"Fremont, CA",(TTA) Table Tennis America,2110,2024-09-02,1970,2024-08-17,ACTIVE,2024 US Junior National Team Trials - Part 1,2160.0,2162.0,2024-03-26,2024-03-30
888,Sivaraam,Velayutham,124759,223759,"Fremont, CA",(TTA) Table Tennis America,2110,2024-09-02,1970,2024-08-17,ACTIVE,2023 Junior National Team Trials – Part 1,2039.0,2122.0,2023-02-25,2023-02-28
888,Sivaraam,Velayutham,124759,223759,"Fremont, CA",(TTA) Table Tennis America,2110,2024-09-02,1970,2024-08-17,ACTIVE,2022 US Nationals Team Trials,1563.0,1970.0,2022-06-25,2022-07-01
890,Ethan,Zhou,172061,271061,"Fremont, CA",(TTA) Table Tennis America,2109,2024-07-07,1981,2024-06-23,ACTIVE,2024 US Junior National Team Trials - Part 2,2064.0,2097.0,2024-05-23,2024-05-27
890,Ethan,Zhou,172061,271061,"Fremont, CA",(TTA) Table Tennis America,2109,2024-07-07,1981,2024-06-23,ACTIVE,2024 US Junior National Team Trials - Part 1,2042.0,2064.0,2024-03-26,2024-03-30
890,Ethan,Zhou,172061,271061,"Fremont, CA",(TTA) Table Tennis America,2109,2024-07-07,1981,2024-06-23,ACTIVE,2023 Junior National Team Trials – Part 1,1659.0,1659.0,2023-02-25,2023-02-28
892,Zichun,Shen,173586,272586,"Saratoga, CA",BAPPA Table Tennis,2108,2024-09-02,1844,2024-06-22,ACTIVE,2024 US Junior National Team Trials - Part 2,2072.0,2111.0,2024-05-23,2024-05-27
892,Zichun,Shen,173586,272586,"Saratoga, CA",BAPPA Table Tennis,2108,2024-09-02,1844,2024-06-22,ACTIVE,2024 US Junior National Team Trials - Part 1,1974.0,2072.0,2024-03-26,2024-03-30
892,Zichun,Shen,173586,272586,"Saratoga, CA",BAPPA Table Tennis,2108,2024-09-02,1844,2024-06-22,ACTIVE,2023 Junior National Team Trials – Part 1,1753.0,1953.0,2023-02-25,2023-02-28
892,Zichun,Shen,173586,272586,"Saratoga, CA",BAPPA Table Tennis,2108,2024-09-02,1844,2024-06-22,ACTIVE,2022 US Nationals Team Trials,792.0,1281.0,2022-06-25,2022-07-01
912,Jingfan,Feng,120191,219191,"Milpitas, CA",Swan Ping Pong,2101,2024-09-02,2054,2024-08-03,ACTIVE,2024 US Junior National Team Trials - Part 2,2005.0,2056.0,2024-05-23,2024-05-27
912,Jingfan,Feng,120191,219191,"Milpitas, CA",Swan Ping Pong,2101,2024-09-02,2054,2024-08-03,ACTIVE,2024 US Junior National Team Trials - Part 1,2037.0,2051.0,2024-03-26,2024-03-30
912,Jingfan,Feng,120191,219191,"Milpitas, CA",Swan Ping Pong,2101,2024-09-02,2054,2024-08-03,ACTIVE,2023 Junior National Team Trials – Part 1,1871.0,2056.0,2023-02-25,2023-02-28
912,Jingfan,Feng,120191,219191,"Milpitas, CA",Swan Ping Pong,2101,2024-09-02,2054,2024-08-03,ACTIVE,2022 US Nationals Team Trials,1848.0,1843.0,2022-06-25,2022-07-01
912,Jingfan,Feng,120191,219191,"Milpitas, CA",Swan Ping Pong,2101,2024-09-02,2054,2024-08-03,ACTIVE,"2021 National U11, U13, and U17 Team Trials",1597.0,1654.0,2021-06-18,2021-06-20
914,Larry,Hodges,3073,6703,"Germantown, MD",MDTTC - Maryland Table Tennis Center,2100,2019-06-08,2052,2017-04-22,ACTIVE,US Team Trials,2180.0,2220.0,2003-03-22,
921,Amanda,Malek,4916,81522,"Costa Mesa, CA",Power Pong TTA,2098,2023-12-21,2101,2023-09-15,ACTIVE,2017 National Team Trials,2270.0,2265.0,2017-03-24,2017-03-26
921,Amanda,Malek,4916,81522,"Costa Mesa, CA",Power Pong TTA,2098,2023-12-21,2101,2023-09-15,ACTIVE,2015 US National Team Trials,2099.0,2099.0,2015-12-20,2015-12-21
922,Angela,He,171665,1171665,"Johns Creek, GA",Atlanta International Table Tennis Academy,2098,2024-07-14,0,,ACTIVE,2024 US Junior National Team Trials - Part 2,2121.0,2069.0,2024-05-23,2024-05-27
922,Angela,He,171665,1171665,"Johns Creek, GA",Atlanta International Table Tennis Academy,2098,2024-07-14,0,,ACTIVE,2024 US Junior National Team Trials - Part 1,2101.0,2034.0,2024-03-26,2024-03-30
922,Angela,He,171665,1171665,"Johns Creek, GA",Atlanta International Table Tennis Academy,2098,2024-07-14,0,,ACTIVE,2023 Junior National Team Trials – Part 1,1959.0,1943.0,2023-02-25,2023-02-28
922,Angela,He,171665,1171665,"Johns Creek, GA",Atlanta International Table Tennis Academy,2098,2024-07-14,0,,ACTIVE,2022 US Nationals Team Trials,1763.0,1699.0,2022-06-25,2022-07-01
930,Jinhao,Lee,172443,1172443,"Fuquay Varina, NC",,2096,2024-08-11,0,,ACTIVE,2024 US Junior National Team Trials - Part 2,2083.0,2097.0,2024-05-23,2024-05-27
933,Saivaishnav,Senthilkumar,173259,1173259,"Princeton, NJ",Lily Yip Table Tennis Center,2096,2024-08-25,2191,2024-08-23,ACTIVE,2024 US Junior National Team Trials - Part 2,2033.0,2012.0,2024-05-23,2024-05-27
933,Saivaishnav,Senthilkumar,173259,1173259,"Princeton, NJ",Lily Yip Table Tennis Center,2096,2024-08-25,2191,2024-08-23,ACTIVE,2024 US Junior National Team Trials - Part 1,2046.0,2036.0,2024-03-26,2024-03-30
933,Saivaishnav,Senthilkumar,173259,1173259,"Princeton, NJ",Lily Yip Table Tennis Center,2096,2024-08-25,2191,2024-08-23,ACTIVE,2023 Junior National Team Trials – Part 1,1507.0,1501.0,2023-02-25,2023-02-28
934,Yudi,Jin,171083,270083,"Cary, NC",NC International Table Tennis (NCITT),2095,2024-08-04,0,,ACTIVE,2024 US Junior National Team Trials - Part 2,2160.0,2147.0,2024-05-23,2024-05-27
934,Yudi,Jin,171083,270083,"Cary, NC",NC International Table Tennis (NCITT),2095,2024-08-04,0,,ACTIVE,2024 US Junior National Team Trials - Part 1,2104.0,2184.0,2024-03-26,2024-03-30
934,Yudi,Jin,171083,270083,"Cary, NC",NC International Table Tennis (NCITT),2095,2024-08-04,0,,ACTIVE,2023 Junior National Team Trials – Part 1,1857.0,1870.0,2023-02-25,2023-02-28
936,Shriraam,Velayutham,124760,223760,"Fremont, CA",(TTA) Table Tennis America,2095,2024-09-02,1942,2024-08-17,ACTIVE,2024 US Junior National Team Trials - Part 2,2110.0,2117.0,2024-05-23,2024-05-27
936,Shriraam,Velayutham,124760,223760,"Fremont, CA",(TTA) Table Tennis America,2095,2024-09-02,1942,2024-08-17,ACTIVE,2024 US Junior National Team Trials - Part 1,2122.0,2137.0,2024-03-26,2024-03-30
936,Shriraam,Velayutham,124760,223760,"Fremont, CA",(TTA) Table Tennis America,2095,2024-09-02,1942,2024-08-17,ACTIVE,2023 Junior National Team Trials – Part 1,1869.0,2012.0,2023-02-25,2023-02-28
936,Shriraam,Velayutham,124760,223760,"Fremont, CA",(TTA) Table Tennis America,2095,2024-09-02,1942,2024-08-17,ACTIVE,2022 US Nationals Team Trials,1883.0,1873.0,2022-06-25,2022-07-01
940,Ben,Zhang,165422,1165422,"Milpitas, CA",ICC Table Tennis Center,2094,2024-08-25,2037,2024-08-17,ACTIVE,2024 US Junior National Team Trials - Part 2,2237.0,2229.0,2024-05-23,2024-05-27
940,Ben,Zhang,165422,1165422,"Milpitas, CA",ICC Table Tennis Center,2094,2024-08-25,2037,2024-08-17,ACTIVE,2024 US Junior National Team Trials - Part 1,2132.0,2132.0,2024-03-26,2024-03-30
940,Ben,Zhang,165422,1165422,"Milpitas, CA",ICC Table Tennis Center,2094,2024-08-25,2037,2024-08-17,ACTIVE,2023 Junior National Team Trials – Part 1,2091.0,2184.0,2023-02-25,2023-02-28
951,Andrew,Huang,171728,1171728,"Walnut, CA",Grace Lin TTC,2092,2024-08-24,1869,2024-09-06,ACTIVE,2024 US Junior National Team Trials - Part 2,2096.0,2090.0,2024-05-23,2024-05-27
951,Andrew,Huang,171728,1171728,"Walnut, CA",Grace Lin TTC,2092,2024-08-24,1869,2024-09-06,ACTIVE,2024 US Junior National Team Trials - Part 1,2201.0,2122.0,2024-03-26,2024-03-30
951,Andrew,Huang,171728,1171728,"Walnut, CA",Grace Lin TTC,2092,2024-08-24,1869,2024-09-06,ACTIVE,2023 Junior National Team Trials – Part 1,1987.0,1972.0,2023-02-25,2023-02-28
951,Andrew,Huang,171728,1171728,"Walnut, CA",Grace Lin TTC,2092,2024-08-24,1869,2024-09-06,ACTIVE,2022 US Nationals Team Trials,1933.0,1912.0,2022-06-25,2022-07-01
962,Tanvi,Desai,169576,1169576,"Dublin, CA",Micro Motion Table Tennis Academy,2089,2024-09-02,1982,2024-08-18,ACTIVE,2024 US Junior National Team Trials - Part 2,1943.0,2031.0,2024-05-23,2024-05-27
962,Tanvi,Desai,169576,1169576,"Dublin, CA",Micro Motion Table Tennis Academy,2089,2024-09-02,1982,2024-08-18,ACTIVE,2024 US Junior National Team Trials - Part 1,2080.0,1943.0,2024-03-26,2024-03-30
962,Tanvi,Desai,169576,1169576,"Dublin, CA",Micro Motion Table Tennis Academy,2089,2024-09-02,1982,2024-08-18,ACTIVE,2023 Junior National Team Trials – Part 1,1855.0,1882.0,2023-02-25,2023-02-28
962,Tanvi,Desai,169576,1169576,"Dublin, CA",Micro Motion Table Tennis Academy,2089,2024-09-02,1982,2024-08-18,ACTIVE,2022 US Nationals Team Trials,1630.0,1665.0,2022-06-25,2022-07-01
962,Tanvi,Desai,169576,1169576,"Dublin, CA",Micro Motion Table Tennis Academy,2089,2024-09-02,1982,2024-08-18,ACTIVE,"2021 National U11, U13, and U17 Team Trials",0.0,528.0,2021-06-18,2021-06-20
962,Tanvi,Desai,169576,1169576,"Dublin, CA",Micro Motion Table Tennis Academy,2089,2024-09-02,1982,2024-08-18,ACTIVE,"2021 National U19 and U15 team trials (additional U11, U13 & U17 rating events)",0.0,4.0,2021-06-03,2021-06-06
970,Dhruv,Dusad,168516,1168516,"Coppell, TX",DFW Table Tennis,2087,2024-08-24,0,,ACTIVE,2024 US Junior National Team Trials - Part 2,1951.0,1943.0,2024-05-23,2024-05-27
970,Dhruv,Dusad,168516,1168516,"Coppell, TX",DFW Table Tennis,2087,2024-08-24,0,,ACTIVE,2024 US Junior National Team Trials - Part 1,1963.0,1955.0,2024-03-26,2024-03-30
970,Dhruv,Dusad,168516,1168516,"Coppell, TX",DFW Table Tennis,2087,2024-08-24,0,,ACTIVE,2023 Junior National Team Trials – Part 1,1749.0,1794.0,2023-02-25,2023-02-28
971,Isha,Bajpai,371,96508,"San Jose, CA",,2087,2024-05-27,2061,2023-12-09,ACTIVE,2024 US Junior National Team Trials - Part 2,2099.0,2087.0,2024-05-23,2024-05-27
971,Isha,Bajpai,371,96508,"San Jose, CA",,2087,2024-05-27,2061,2023-12-09,ACTIVE,2022 US Nationals Team Trials,2028.0,2122.0,2022-06-25,2022-07-01
971,Isha,Bajpai,371,96508,"San Jose, CA",,2087,2024-05-27,2061,2023-12-09,ACTIVE,"2021 National U19 and U15 team trials (additional U11, U13 & U17 rating events)",2025.0,1975.0,2021-06-03,2021-06-06
977,Keshav,Sridhar,167395,266395,Fremont,,2086,2024-09-02,1926,2024-09-07,ACTIVE,2024 US Junior National Team Trials - Part 2,1962.0,1943.0,2024-05-23,2024-05-27
1002,Akshara,Badri,120240,219240,"Fremont, CA",Rising Stars World Table Tennis Academy,2080,2024-08-25,1963,2024-08-31,ACTIVE,2024 US Junior National Team Trials - Part 2,2128.0,2143.0,2024-05-23,2024-05-27
1002,Akshara,Badri,120240,219240,"Fremont, CA",Rising Stars World Table Tennis Academy,2080,2024-08-25,1963,2024-08-31,ACTIVE,2024 US Junior National Team Trials - Part 1,2247.0,2145.0,2024-03-26,2024-03-30
1002,Akshara,Badri,120240,219240,"Fremont, CA",Rising Stars World Table Tennis Academy,2080,2024-08-25,1963,2024-08-31,ACTIVE,2022 US Nationals Team Trials,1606.0,1758.0,2022-06-25,2022-07-01
1025,Ryan,Tao,170609,1170609,"Apex, NC",Carolina International Table Tennis Academy (CITTA),2073,2024-08-11,0,,ACTIVE,2023 Junior National Team Trials – Part 1,1454.0,1445.0,2023-02-25,2023-02-28
1026,Jerry,Vasquez,8077,59330,"Nashua, NH",Boston Table Tennis Center,2073,2024-07-07,2129,2024-01-26,ACTIVE,2023 PARAPAN AMERICAN GAMES TEAM TRIALS,2068.0,2070.0,2023-07-01,2023-07-01
1034,Jason,Liu,164284,263284,"Johns Creek, GA",,2071,2024-08-18,0,,ACTIVE,2024 US Junior National Team Trials - Part 2,2124.0,2114.0,2024-05-23,2024-05-27
1034,Jason,Liu,164284,263284,"Johns Creek, GA",,2071,2024-08-18,0,,ACTIVE,2024 US Junior National Team Trials - Part 1,2160.0,2131.0,2024-03-26,2024-03-30
1034,Jason,Liu,164284,263284,"Johns Creek, GA",,2071,2024-08-18,0,,ACTIVE,2023 Junior National Team Trials – Part 1,1951.0,1963.0,2023-02-25,2023-02-28
1034,Jason,Liu,164284,263284,"Johns Creek, GA",,2071,2024-08-18,0,,ACTIVE,2022 US Nationals Team Trials,1917.0,1970.0,2022-06-25,2022-07-01
1034,Jason,Liu,164284,263284,"Johns Creek, GA",,2071,2024-08-18,0,,ACTIVE,"2021 National U11, U13, and U17 Team Trials",1720.0,1732.0,2021-06-18,2021-06-20
1044,Joshua,Joseph,157745,1157745,"Cypress, TX",,2068,2024-08-11,2112,2024-07-13,ACTIVE,2024 US Junior National Team Trials - Part 2,2120.0,2105.0,2024-05-23,2024-05-27
1044,Joshua,Joseph,157745,1157745,"Cypress, TX",,2068,2024-08-11,2112,2024-07-13,ACTIVE,2024 US Junior National Team Trials - Part 1,2076.0,2120.0,2024-03-26,2024-03-30
1044,Joshua,Joseph,157745,1157745,"Cypress, TX",,2068,2024-08-11,2112,2024-07-13,ACTIVE,2023 Junior National Team Trials – Part 1,1995.0,1984.0,2023-02-25,2023-02-28
1044,Joshua,Joseph,157745,1157745,"Cypress, TX",,2068,2024-08-11,2112,2024-07-13,ACTIVE,2022 US Nationals Team Trials,1541.0,1832.0,2022-06-25,2022-07-01
1052,Michelle,Chen,171340,270340,"Hacienda Heights, CA",Grace Lin TTC,2067,2024-08-24,1970,2023-12-29,ACTIVE,2022 US Nationals Team Trials,1870.0,1877.0,2022-06-25,2022-07-01
1145,Isabella,Luo,168433,267433,"Dublin, CA",(TTA) Table Tennis America,2046,2024-09-02,1821,2024-09-07,ACTIVE,2024 US Junior National Team Trials - Part 2,2096.0,2096.0,2024-05-23,2024-05-27
1145,Isabella,Luo,168433,267433,"Dublin, CA",(TTA) Table Tennis America,2046,2024-09-02,1821,2024-09-07,ACTIVE,2024 US Junior National Team Trials - Part 1,2036.0,2161.0,2024-03-26,2024-03-30
1145,Isabella,Luo,168433,267433,"Dublin, CA",(TTA) Table Tennis America,2046,2024-09-02,1821,2024-09-07,ACTIVE,2023 Junior National Team Trials – Part 1,1820.0,1863.0,2023-02-25,2023-02-28
1145,Isabella,Luo,168433,267433,"Dublin, CA",(TTA) Table Tennis America,2046,2024-09-02,1821,2024-09-07,ACTIVE,2022 US Nationals Team Trials,1567.0,1526.0,2022-06-25,2022-07-01
1145,Isabella,Luo,168433,267433,"Dublin, CA",(TTA) Table Tennis America,2046,2024-09-02,1821,2024-09-07,ACTIVE,"2021 National U11, U13, and U17 Team Trials",1144.0,1072.0,2021-06-18,2021-06-20
1146,Ethan,Wang,172145,271145,"Dublin, CA",(TTA) Table Tennis America,2045,2024-09-02,1969,2024-08-25,ACTIVE,2024 US Junior National Team Trials - Part 2,2014.0,2041.0,2024-05-23,2024-05-27
1146,Ethan,Wang,172145,271145,"Dublin, CA",(TTA) Table Tennis America,2045,2024-09-02,1969,2024-08-25,ACTIVE,2024 US Junior National Team Trials - Part 1,1993.0,1988.0,2024-03-26,2024-03-30
1146,Ethan,Wang,172145,271145,"Dublin, CA",(TTA) Table Tennis America,2045,2024-09-02,1969,2024-08-25,ACTIVE,2023 Junior National Team Trials – Part 1,1728.0,1816.0,2023-02-25,2023-02-28
1162,Akhila,Chitti,118611,217611,"Morrisville, NC",Triangle Badminton & Table Tennis,2042,2023-08-06,0,,ACTIVE,2023 Junior National Team Trials – Part 1,1650.0,1650.0,2023-02-25,2023-02-28
1162,Akhila,Chitti,118611,217611,"Morrisville, NC",Triangle Badminton & Table Tennis,2042,2023-08-06,0,,ACTIVE,2022 US Nationals Team Trials,1633.0,1631.0,2022-06-25,2022-07-01
1163,Saicharan,Vellanki,166238,265238,"SAMMAMISH, WA",Seattle Pacific Table Tennis Club,2042,2024-07-07,2108,2024-09-07,ACTIVE,2023 Junior National Team Trials – Part 1,1696.0,1696.0,2023-02-25,2023-02-28
1173,Joey,Yang,182632,1182632,Yorba Linda,,2040,2024-08-04,0,,ACTIVE,2024 US Junior National Team Trials - Part 2,1645.0,1659.0,2024-05-23,2024-05-27
1177,Mohammed Yasin,Musthafa,120888,219888,"Fremont, CA",,2039,2024-09-02,1887,2024-09-07,ACTIVE,2024 US Junior National Team Trials - Part 2,2020.0,2012.0,2024-05-23,2024-05-27
1177,Mohammed Yasin,Musthafa,120888,219888,"Fremont, CA",,2039,2024-09-02,1887,2024-09-07,ACTIVE,2024 US Junior National Team Trials - Part 1,2077.0,2073.0,2024-03-26,2024-03-30
1177,Mohammed Yasin,Musthafa,120888,219888,"Fremont, CA",,2039,2024-09-02,1887,2024-09-07,ACTIVE,2023 Junior National Team Trials – Part 1,1827.0,1833.0,2023-02-25,2023-02-28
1177,Mohammed Yasin,Musthafa,120888,219888,"Fremont, CA",,2039,2024-09-02,1887,2024-09-07,ACTIVE,2022 US Nationals Team Trials,1405.0,1408.0,2022-06-25,2022-07-01
1177,Mohammed Yasin,Musthafa,120888,219888,"Fremont, CA",,2039,2024-09-02,1887,2024-09-07,ACTIVE,"2021 National U19 and U15 team trials (additional U11, U13 & U17 rating events)",108.0,115.0,2021-06-03,2021-06-06
1185,Robert,Shahnazari,6989,10437,"Glendale, CA",Grace Lin TTC,2037,2024-08-04,2124,2022-09-10,ACTIVE,2021 National Team & Junior Pan Am Games Team Trials,2114.0,2114.0,2021-05-21,2021-05-26
1185,Robert,Shahnazari,6989,10437,"Glendale, CA",Grace Lin TTC,2037,2024-08-04,2124,2022-09-10,ACTIVE,2015 US National Team Trials,2150.0,2147.0,2015-12-20,2015-12-21
1212,Caillou,Chen,171341,270341,"Hacienda Heights, CA",Grace Lin TTC,2033,2024-08-04,2016,2023-11-10,ACTIVE,2022 US Nationals Team Trials,1940.0,1929.0,2022-06-25,2022-07-01
1217,Allen,Mao,171746,270746,"Katy, TX",Houston International Table Tennis Academy (HITTA),2033,2024-08-11,1988,2024-08-03,ACTIVE,2024 US Junior National Team Trials - Part 2,1994.0,2031.0,2024-05-23,2024-05-27
1217,Allen,Mao,171746,270746,"Katy, TX",Houston International Table Tennis Academy (HITTA),2033,2024-08-11,1988,2024-08-03,ACTIVE,2024 US Junior National Team Trials - Part 1,2023.0,1960.0,2024-03-26,2024-03-30
1225,Terrie,Yu,167527,1167527,"Cary, NC",Carolina International Table Tennis Academy (CITTA),2030,2024-08-25,0,,ACTIVE,2024 US Junior National Team Trials - Part 2,2031.0,2035.0,2024-05-23,2024-05-27
1225,Terrie,Yu,167527,1167527,"Cary, NC",Carolina International Table Tennis Academy (CITTA),2030,2024-08-25,0,,ACTIVE,2024 US Junior National Team Trials - Part 1,2046.0,2046.0,2024-03-26,2024-03-30
1225,Terrie,Yu,167527,1167527,"Cary, NC",Carolina International Table Tennis Academy (CITTA),2030,2024-08-25,0,,ACTIVE,2023 Junior National Team Trials – Part 1,2001.0,1969.0,2023-02-25,2023-02-28
1225,Terrie,Yu,167527,1167527,"Cary, NC",Carolina International Table Tennis Academy (CITTA),2030,2024-08-25,0,,ACTIVE,2022 US Nationals Team Trials,1825.0,1809.0,2022-06-25,2022-07-01
1231,Aarthi,Loganathan,118446,217446,"Maple Grove, MN",Table Tennis Minnesota,2029,2023-11-04,2117,2022-08-26,ACTIVE,2023 Adult National Team Trials,2215.0,2208.0,2023-04-07,2023-04-09
1231,Aarthi,Loganathan,118446,217446,"Maple Grove, MN",Table Tennis Minnesota,2029,2023-11-04,2117,2022-08-26,ACTIVE,2023 Junior National Team Trials – Part 1,2062.0,2215.0,2023-02-25,2023-02-28
1231,Aarthi,Loganathan,118446,217446,"Maple Grove, MN",Table Tennis Minnesota,2029,2023-11-04,2117,2022-08-26,ACTIVE,2022 US Nationals Team Trials,2081.0,2071.0,2022-06-25,2022-07-01
1231,Aarthi,Loganathan,118446,217446,"Maple Grove, MN",Table Tennis Minnesota,2029,2023-11-04,2117,2022-08-26,ACTIVE,"2021 National U11, U13, and U17 Team Trials",1854.0,1854.0,2021-06-18,2021-06-20
1231,Aarthi,Loganathan,118446,217446,"Maple Grove, MN",Table Tennis Minnesota,2029,2023-11-04,2117,2022-08-26,ACTIVE,"2021 National U19 and U15 team trials (additional U11, U13 & U17 rating events)",1861.0,1854.0,2021-06-03,2021-06-06
1233,Alyssa,Kang,113231,212231,"Oakland Gardens, NY",New York Indoor Sports Club,2028,2024-05-04,1214,2018-06-16,ACTIVE,2022 US Nationals Team Trials,1998.0,2024.0,2022-06-25,2022-07-01
1233,Alyssa,Kang,113231,212231,"Oakland Gardens, NY",New York Indoor Sports Club,2028,2024-05-04,1214,2018-06-16,ACTIVE,"2021 National U11, U13, and U17 Team Trials",2000.0,2023.0,2021-06-18,2021-06-20
1233,Alyssa,Kang,113231,212231,"Oakland Gardens, NY",New York Indoor Sports Club,2028,2024-05-04,1214,2018-06-16,ACTIVE,"2021 National U19 and U15 team trials (additional U11, U13 & U17 rating events)",1982.0,1964.0,2021-06-03,2021-06-06
1233,Alyssa,Kang,113231,212231,"Oakland Gardens, NY",New York Indoor Sports Club,2028,2024-05-04,1214,2018-06-16,ACTIVE,2021 National Team & Junior Pan Am Games Team Trials,1956.0,1953.0,2021-05-21,2021-05-26
1234,Anya,Shanbhag,171127,1171127,"Katy, TX",Houston International Table Tennis Academy (HITTA),2028,2024-08-11,1989,2024-08-03,ACTIVE,2024 US Junior National Team Trials - Part 2,2027.0,1998.0,2024-05-23,2024-05-27
1234,Anya,Shanbhag,171127,1171127,"Katy, TX",Houston International Table Tennis Academy (HITTA),2028,2024-08-11,1989,2024-08-03,ACTIVE,2024 US Junior National Team Trials - Part 1,1997.0,1991.0,2024-03-26,2024-03-30
1234,Anya,Shanbhag,171127,1171127,"Katy, TX",Houston International Table Tennis Academy (HITTA),2028,2024-08-11,1989,2024-08-03,ACTIVE,2023 Junior National Team Trials – Part 1,1753.0,1649.0,2023-02-25,2023-02-28
1234,Anya,Shanbhag,171127,1171127,"Katy, TX",Houston International Table Tennis Academy (HITTA),2028,2024-08-11,1989,2024-08-03,ACTIVE,2022 US Nationals Team Trials,1456.0,1367.0,2022-06-25,2022-07-01
1234,Anya,Shanbhag,171127,1171127,"Katy, TX",Houston International Table Tennis Academy (HITTA),2028,2024-08-11,1989,2024-08-03,ACTIVE,"2021 National U11, U13, and U17 Team Trials",796.0,795.0,2021-06-18,2021-06-20
1251,Vivaan,Chandra,170374,1170374,"Highlands Ranch, CO",Mile High Table Tennis Academy,2025,2024-08-04,559,2022-03-13,ACTIVE,2022 US Nationals Team Trials,909.0,1009.0,2022-06-25,2022-07-01
1260,Daniel,Ni,124150,223150,Alphre,Atlanta International Table Tennis Academy,2024,2024-08-18,0,,ACTIVE,2024 US Junior National Team Trials - Part 2,1966.0,2133.0,2024-05-23,2024-05-27
1260,Daniel,Ni,124150,223150,Alphre,Atlanta International Table Tennis Academy,2024,2024-08-18,0,,ACTIVE,2024 US Junior National Team Trials - Part 1,1975.0,1966.0,2024-03-26,2024-03-30
1260,Daniel,Ni,124150,223150,Alphre,Atlanta International Table Tennis Academy,2024,2024-08-18,0,,ACTIVE,2023 Junior National Team Trials – Part 1,1995.0,2000.0,2023-02-25,2023-02-28
1260,Daniel,Ni,124150,223150,Alphre,Atlanta International Table Tennis Academy,2024,2024-08-18,0,,ACTIVE,2022 US Nationals Team Trials,1733.0,1702.0,2022-06-25,2022-07-01
1273,Mitch,Conroy,173263,1173263,"Jacksonville, AL",North East Alabama Table Tennis,2022,2024-07-07,0,,ACTIVE,2023 Junior National Team Trials – Part 1,1790.0,1788.0,2023-02-25,2023-02-28
1279,Kaye,Chen,121824,220824,"Katy, TX",Houston International Table Tennis Academy (HITTA),2021,2024-08-11,2044,2022-08-27,ACTIVE,2022 US Nationals Team Trials,2100.0,2101.0,2022-06-25,2022-07-01
1279,Kaye,Chen,121824,220824,"Katy, TX",Houston International Table Tennis Academy (HITTA),2021,2024-08-11,2044,2022-08-27,ACTIVE,"2021 National U19 and U15 team trials (additional U11, U13 & U17 rating events)",1980.0,2034.0,2021-06-03,2021-06-06
1290,Risheetha,Bhagawatula,124797,223797,"Cary, NC",Carolina International Table Tennis Academy (CITTA),2018,2023-07-07,963,2018-06-26,ACTIVE,2023 Junior National Team Trials – Part 1,2065.0,2033.0,2023-02-25,2023-02-28
1290,Risheetha,Bhagawatula,124797,223797,"Cary, NC",Carolina International Table Tennis Academy (CITTA),2018,2023-07-07,963,2018-06-26,ACTIVE,"2021 National U11, U13, and U17 Team Trials",2002.0,2000.0,2021-06-18,2021-06-20
1290,Risheetha,Bhagawatula,124797,223797,"Cary, NC",Carolina International Table Tennis Academy (CITTA),2018,2023-07-07,963,2018-06-26,ACTIVE,"2021 National U19 and U15 team trials (additional U11, U13 & U17 rating events)",1979.0,1983.0,2021-06-03,2021-06-06
1290,Risheetha,Bhagawatula,124797,223797,"Cary, NC",Carolina International Table Tennis Academy (CITTA),2018,2023-07-07,963,2018-06-26,ACTIVE,2021 National Team & Junior Pan Am Games Team Trials,1980.0,1979.0,2021-05-21,2021-05-26
1319,Lia,Morales,170878,1170878,"Katy, TX",Texas Table Tennis Center,2013,2024-08-31,2004,2024-05-05,ACTIVE,2024 US Junior National Team Trials - Part 2,1936.0,1946.0,2024-05-23,2024-05-27
1319,Lia,Morales,170878,1170878,"Katy, TX",Texas Table Tennis Center,2013,2024-08-31,2004,2024-05-05,ACTIVE,2024 US Junior National Team Trials - Part 1,1938.0,1961.0,2024-03-26,2024-03-30
1319,Lia,Morales,170878,1170878,"Katy, TX",Texas Table Tennis Center,2013,2024-08-31,2004,2024-05-05,ACTIVE,2023 Junior National Team Trials – Part 1,1946.0,1929.0,2023-02-25,2023-02-28
1319,Lia,Morales,170878,1170878,"Katy, TX",Texas Table Tennis Center,2013,2024-08-31,2004,2024-05-05,ACTIVE,2022 US Nationals Team Trials,2034.0,1871.0,2022-06-25,2022-07-01
1334,Saisamhitha,Kanchanapelly,123286,222286,"Cumming, GA",Wu Yue Table Tennis,2011,2023-02-28,0,,ACTIVE,2023 Junior National Team Trials – Part 1,2014.0,2011.0,2023-02-25,2023-02-28
1334,Saisamhitha,Kanchanapelly,123286,222286,"Cumming, GA",Wu Yue Table Tennis,2011,2023-02-28,0,,ACTIVE,2022 US Nationals Team Trials,2085.0,2185.0,2022-06-25,2022-07-01
1356,Kevin,Hanna,131710,1131710,"Plainview, NY",,2007,2024-06-16,1272,2020-03-06,ACTIVE,2024 US Junior National Team Trials - Part 1,1934.0,2039.0,2024-03-26,2024-03-30
1356,Kevin,Hanna,131710,1131710,"Plainview, NY",,2007,2024-06-16,1272,2020-03-06,ACTIVE,2022 US Nationals Team Trials,1757.0,1680.0,2022-06-25,2022-07-01
1356,Kevin,Hanna,131710,1131710,"Plainview, NY",,2007,2024-06-16,1272,2020-03-06,ACTIVE,"2021 National U11, U13, and U17 Team Trials",1534.0,1480.0,2021-06-18,2021-06-20
1357,Maria,Tran,7874,94680,"Oklahoma City, OK",Oklahoma City Table Tennis Club,2007,2023-07-07,2055,2022-10-15,ACTIVE,2022 US Nationals Team Trials,2080.0,2077.0,2022-06-25,2022-07-01
1368,Marcus,Yao,132147,1132147,"Basking Ridge, NJ",Lily Yip Table Tennis Center,2005,2024-06-16,2161,2024-09-06,ACTIVE,2024 US Junior National Team Trials - Part 2,2184.0,2137.0,2024-05-23,2024-05-27
1368,Marcus,Yao,132147,1132147,"Basking Ridge, NJ",Lily Yip Table Tennis Center,2005,2024-06-16,2161,2024-09-06,ACTIVE,2024 US Junior National Team Trials - Part 1,2000.0,1992.0,2024-03-26,2024-03-30
1368,Marcus,Yao,132147,1132147,"Basking Ridge, NJ",Lily Yip Table Tennis Center,2005,2024-06-16,2161,2024-09-06,ACTIVE,2023 Junior National Team Trials – Part 1,2037.0,2021.0,2023-02-25,2023-02-28
1368,Marcus,Yao,132147,1132147,"Basking Ridge, NJ",Lily Yip Table Tennis Center,2005,2024-06-16,2161,2024-09-06,ACTIVE,2022 US Nationals Team Trials,1708.0,1743.0,2022-06-25,2022-07-01
1368,Marcus,Yao,132147,1132147,"Basking Ridge, NJ",Lily Yip Table Tennis Center,2005,2024-06-16,2161,2024-09-06,ACTIVE,"2021 National U11, U13, and U17 Team Trials",1556.0,1736.0,2021-06-18,2021-06-20
1380,Ayush,Badari,123509,222509,"Irvine, CA",Orange County Table Tennis Academy,2003,2024-08-04,0,,ACTIVE,2022 US Nationals Team Trials,1600.0,1695.0,2022-06-25,2022-07-01
1381,Jintao,Lee,174330,1174330,"Fuquay Varina, NC",Carolina International Table Tennis Academy (CITTA),2003,2024-08-11,0,,ACTIVE,2024 US Junior National Team Trials - Part 2,1832.0,1779.0,2024-05-23,2024-05-27
1381,Jintao,Lee,174330,1174330,"Fuquay Varina, NC",Carolina International Table Tennis Academy (CITTA),2003,2024-08-11,0,,ACTIVE,2023 Junior National Team Trials – Part 1,1215.0,1310.0,2023-02-25,2023-02-28
1397,Ewan,Zhang,165897,264897,"San Jose, CA",BAPPA Table Tennis,1999,2024-07-28,1776,2024-08-17,ACTIVE,2024 US Junior National Team Trials - Part 2,2029.0,2003.0,2024-05-23,2024-05-27
1397,Ewan,Zhang,165897,264897,"San Jose, CA",BAPPA Table Tennis,1999,2024-07-28,1776,2024-08-17,ACTIVE,2024 US Junior National Team Trials - Part 1,1830.0,2029.0,2024-03-26,2024-03-30
1397,Ewan,Zhang,165897,264897,"San Jose, CA",BAPPA Table Tennis,1999,2024-07-28,1776,2024-08-17,ACTIVE,2023 Junior National Team Trials – Part 1,1684.0,1681.0,2023-02-25,2023-02-28
1397,Ewan,Zhang,165897,264897,"San Jose, CA",BAPPA Table Tennis,1999,2024-07-28,1776,2024-08-17,ACTIVE,2022 US Nationals Team Trials,1213.0,1221.0,2022-06-25,2022-07-01
1424,Vraj,Amin,172425,271425,"Milpitas, CA",,1993,2024-09-02,1862,2024-09-08,ACTIVE,2024 US Junior National Team Trials - Part 2,1974.0,1979.0,2024-05-23,2024-05-27
1424,Vraj,Amin,172425,271425,"Milpitas, CA",,1993,2024-09-02,1862,2024-09-08,ACTIVE,2023 Junior National Team Trials – Part 1,1653.0,1655.0,2023-02-25,2023-02-28
1461,Emma,Yang,171846,270846,"Whippany, NJ",Matchpoint Table Tennis Center NJ,1984,2024-07-07,1480,2023-01-06,ACTIVE,2024 US Junior National Team Trials - Part 2,2023.0,2019.0,2024-05-23,2024-05-27
1461,Emma,Yang,171846,270846,"Whippany, NJ",Matchpoint Table Tennis Center NJ,1984,2024-07-07,1480,2023-01-06,ACTIVE,2024 US Junior National Team Trials - Part 1,1909.0,2023.0,2024-03-26,2024-03-30
1461,Emma,Yang,171846,270846,"Whippany, NJ",Matchpoint Table Tennis Center NJ,1984,2024-07-07,1480,2023-01-06,ACTIVE,2023 Junior National Team Trials – Part 1,1592.0,1582.0,2023-02-25,2023-02-28
1461,Emma,Yang,171846,270846,"Whippany, NJ",Matchpoint Table Tennis Center NJ,1984,2024-07-07,1480,2023-01-06,ACTIVE,2022 US Nationals Team Trials,1159.0,1149.0,2022-06-25,2022-07-01
1479,Shloak,Hiremani,171305,270305,"Fremont, CA",ICC Table Tennis Center,1980,2024-09-02,1814,2024-08-17,ACTIVE,2024 US Junior National Team Trials - Part 2,2024.0,2018.0,2024-05-23,2024-05-27
1479,Shloak,Hiremani,171305,270305,"Fremont, CA",ICC Table Tennis Center,1980,2024-09-02,1814,2024-08-17,ACTIVE,2022 US Nationals Team Trials,1271.0,1241.0,2022-06-25,2022-07-01
1480,Ahan,Beniwal,172883,271883,"Redmond, WA",888 Table Tennis Center,1979,2024-07-07,2063,2024-07-20,ACTIVE,2024 US Junior National Team Trials - Part 2,1989.0,1971.0,2024-05-23,2024-05-27
1480,Ahan,Beniwal,172883,271883,"Redmond, WA",888 Table Tennis Center,1979,2024-07-07,2063,2024-07-20,ACTIVE,2023 Junior National Team Trials – Part 1,1406.0,1406.0,2023-02-25,2023-02-28
1480,Ahan,Beniwal,172883,271883,"Redmond, WA",888 Table Tennis Center,1979,2024-07-07,2063,2024-07-20,ACTIVE,2022 US Nationals Team Trials,403.0,403.0,2022-06-25,2022-07-01
1511,Olivia,Rosin,117225,216225,"Katy, TX",Houston International Table Tennis Academy (HITTA),1973,2024-08-31,1978,2024-06-01,ACTIVE,2024 US Junior National Team Trials - Part 2,1742.0,1990.0,2024-05-23,2024-05-27
1511,Olivia,Rosin,117225,216225,"Katy, TX",Houston International Table Tennis Academy (HITTA),1973,2024-08-31,1978,2024-06-01,ACTIVE,2024 US Junior National Team Trials - Part 1,1762.0,1760.0,2024-03-26,2024-03-30
1511,Olivia,Rosin,117225,216225,"Katy, TX",Houston International Table Tennis Academy (HITTA),1973,2024-08-31,1978,2024-06-01,ACTIVE,2024 US World Championship Team Trials,1784.0,1784.0,2024-01-12,2024-01-14
1511,Olivia,Rosin,117225,216225,"Katy, TX",Houston International Table Tennis Academy (HITTA),1973,2024-08-31,1978,2024-06-01,ACTIVE,2023 Junior National Team Trials – Part 1,1827.0,1825.0,2023-02-25,2023-02-28
1511,Olivia,Rosin,117225,216225,"Katy, TX",Houston International Table Tennis Academy (HITTA),1973,2024-08-31,1978,2024-06-01,ACTIVE,2022 US Nationals Team Trials,1321.0,1321.0,2022-06-25,2022-07-01
1511,Olivia,Rosin,117225,216225,"Katy, TX",Houston International Table Tennis Academy (HITTA),1973,2024-08-31,1978,2024-06-01,ACTIVE,"2021 National U11, U13, and U17 Team Trials",967.0,903.0,2021-06-18,2021-06-20
1511,Olivia,Rosin,117225,216225,"Katy, TX",Houston International Table Tennis Academy (HITTA),1973,2024-08-31,1978,2024-06-01,ACTIVE,2021 National Team & Junior Pan Am Games Team Trials,787.0,787.0,2021-05-21,2021-05-26
1524,Emma,Dong,171855,1171855,"Fremont, CA",(TTA) Table Tennis America,1970,2024-03-03,1830,2024-03-03,ACTIVE,2023 Junior National Team Trials – Part 1,1775.0,1795.0,2023-02-25,2023-02-28
1524,Emma,Dong,171855,1171855,"Fremont, CA",(TTA) Table Tennis America,1970,2024-03-03,1830,2024-03-03,ACTIVE,2022 US Nationals Team Trials,1298.0,1463.0,2022-06-25,2022-07-01
1547,Alton,Zhao,174085,273085,"san ramon, CA",(TTA) Table Tennis America,1964,2024-09-02,1871,2024-09-07,ACTIVE,2024 US Junior National Team Trials - Part 2,1888.0,2009.0,2024-05-23,2024-05-27
1566,Randall,Medcalf,5151,64482,"Houston, TX",,1960,2024-03-17,2006,2024-08-03,ACTIVE,2023 PARAPAN AMERICAN GAMES TEAM TRIALS,1914.0,1917.0,2023-07-01,2023-07-01
1570,Jerry,Zhang,124480,223480,"Pearland, TX",,1959,2024-07-07,2031,2023-11-04,ACTIVE,"2021 National U19 and U15 team trials (additional U11, U13 & U17 rating events)",1980.0,1945.0,2021-06-03,2021-06-06
1580,Charlene Xiaoying,Liu,4596,51422,"Clarksburg, MD",Washington DC Table Tennis Center,1958,2019-07-05,1980,2021-07-17,ACTIVE,2010 US National Team Trials,2003.0,2001.0,2010-03-05,
1583,Daniel,Anteneh,174545,1174545,"Silver Spring, MD",MDTTC - Maryland Table Tennis Center,1957,2024-08-25,0,,ACTIVE,2024 US Junior National Team Trials - Part 2,1867.0,1891.0,2024-05-23,2024-05-27
1583,Daniel,Anteneh,174545,1174545,"Silver Spring, MD",MDTTC - Maryland Table Tennis Center,1957,2024-08-25,0,,ACTIVE,2023 Junior National Team Trials – Part 1,1268.0,1268.0,2023-02-25,2023-02-28
1607,Shrirang,Krishnaprasad,170745,269745,Sunnyvale,,1953,2024-09-02,1942,2024-09-07,ACTIVE,2024 US Junior National Team Trials - Part 2,1947.0,1955.0,2024-05-23,2024-05-27
1607,Shrirang,Krishnaprasad,170745,269745,Sunnyvale,,1953,2024-09-02,1942,2024-09-07,ACTIVE,2023 Junior National Team Trials – Part 1,1928.0,1896.0,2023-02-25,2023-02-28
1607,Shrirang,Krishnaprasad,170745,269745,Sunnyvale,,1953,2024-09-02,1942,2024-09-07,ACTIVE,2022 US Nationals Team Trials,1517.0,1517.0,2022-06-25,2022-07-01
1615,Avighn,Pinninti,176113,275113,"Robbinsville, NJ","Princeton Pong, LLC",1952,2024-08-25,1879,2024-05-17,ACTIVE,2024 US Junior National Team Trials - Part 2,1729.0,1714.0,2024-05-23,2024-05-27
1647,Ananya,Khuntia,170985,269985,"Aurora, CO",DenverPong,1946,2024-07-07,1764,2024-02-23,ACTIVE,2024 US Junior National Team Trials - Part 1,1924.0,1949.0,2024-03-26,2024-03-30
1647,Ananya,Khuntia,170985,269985,"Aurora, CO",DenverPong,1946,2024-07-07,1764,2024-02-23,ACTIVE,2023 Junior National Team Trials – Part 1,1683.0,1637.0,2023-02-25,2023-02-28
1647,Ananya,Khuntia,170985,269985,"Aurora, CO",DenverPong,1946,2024-07-07,1764,2024-02-23,ACTIVE,2022 US Nationals Team Trials,1364.0,1372.0,2022-06-25,2022-07-01
1664,Fei-Lian,Zhang,165615,1165615,"San Diego, CA",,1944,2024-07-07,1919,2024-09-06,ACTIVE,2022 US Nationals Team Trials,1293.0,1293.0,2022-06-25,2022-07-01
1697,Derek,Wang,172858,1172858,"Belle Mead, NJ",Topspin Table Tennis Club,1936,2024-08-25,1969,2024-08-23,ACTIVE,2022 US Nationals Team Trials,891.0,891.0,2022-06-25,2022-07-01
1705,Eric,Wei,166079,1166079,"Hillsborough, NJ",Topspin Table Tennis Club,1935,2023-11-26,503,2020-02-28,ACTIVE,"2021 National U11, U13, and U17 Team Trials",626.0,1245.0,2021-06-18,2021-06-20
1706,Varin,Chandra,170751,1170751,"Highlands Ranch, CO",Mile High Table Tennis Academy,1935,2024-08-04,1901,2024-05-24,ACTIVE,2024 US Junior National Team Trials - Part 2,1901.0,1883.0,2024-05-23,2024-05-27
1706,Varin,Chandra,170751,1170751,"Highlands Ranch, CO",Mile High Table Tennis Academy,1935,2024-08-04,1901,2024-05-24,ACTIVE,2024 US Junior National Team Trials - Part 1,1825.0,1821.0,2024-03-26,2024-03-30
1706,Varin,Chandra,170751,1170751,"Highlands Ranch, CO",Mile High Table Tennis Academy,1935,2024-08-04,1901,2024-05-24,ACTIVE,2023 Junior National Team Trials – Part 1,1389.0,1389.0,2023-02-25,2023-02-28
1706,Varin,Chandra,170751,1170751,"Highlands Ranch, CO",Mile High Table Tennis Academy,1935,2024-08-04,1901,2024-05-24,ACTIVE,2022 US Nationals Team Trials,1070.0,1069.0,2022-06-25,2022-07-01
1724,Max,Liu,171887,270887,"florham Park, NJ",Matchpoint Table Tennis Center NJ,1932,2024-08-25,2070,2024-09-06,ACTIVE,2024 US Junior National Team Trials - Part 2,1993.0,1943.0,2024-05-23,2024-05-27
1728,Danica,Huang,175371,1175371,"Cupertino, CA",,1931,2024-09-02,1830,2024-09-08,ACTIVE,2024 US Junior National Team Trials - Part 2,1989.0,1959.0,2024-05-23,2024-05-27
1728,Danica,Huang,175371,1175371,"Cupertino, CA",,1931,2024-09-02,1830,2024-09-08,ACTIVE,2024 US Junior National Team Trials - Part 1,2004.0,1980.0,2024-03-26,2024-03-30
1735,Pradyun,Banala,176627,1176627,"Dublin, CA",,1931,2024-09-02,1835,2024-09-07,ACTIVE,2024 US Junior National Team Trials - Part 2,1855.0,1850.0,2024-05-23,2024-05-27
1735,Pradyun,Banala,176627,1176627,"Dublin, CA",,1931,2024-09-02,1835,2024-09-07,ACTIVE,2024 US Junior National Team Trials - Part 1,1626.0,1624.0,2024-03-26,2024-03-30
1740,Aaron,Zhang,119476,218476,"Potomac, MD",MDTTC - Maryland Table Tennis Center,1930,2024-03-02,1887,2024-03-30,ACTIVE,2023 Junior National Team Trials – Part 1,1782.0,1780.0,2023-02-25,2023-02-28
1764,Jenny,Wang,97123,196123,"Basking Ridge, NJ",Lily Yip Table Tennis Center,1925,2024-05-12,2117,2024-08-23,ACTIVE,2022 US Nationals Team Trials,1888.0,1907.0,2022-06-25,2022-07-01
1764,Jenny,Wang,97123,196123,"Basking Ridge, NJ",Lily Yip Table Tennis Center,1925,2024-05-12,2117,2024-08-23,ACTIVE,"2021 National U11, U13, and U17 Team Trials",1728.0,1676.0,2021-06-18,2021-06-20
1796,Yuecheng,Xu,165093,264093,"Chestnut Hill, MA",Massachusetts Table Tennis and Badminton Club,1920,2024-06-16,1510,2024-01-13,ACTIVE,2023 Junior National Team Trials – Part 1,1968.0,1969.0,2023-02-25,2023-02-28
1796,Yuecheng,Xu,165093,264093,"Chestnut Hill, MA",Massachusetts Table Tennis and Badminton Club,1920,2024-06-16,1510,2024-01-13,ACTIVE,2022 US Nationals Team Trials,1722.0,1762.0,2022-06-25,2022-07-01
1796,Yuecheng,Xu,165093,264093,"Chestnut Hill, MA",Massachusetts Table Tennis and Badminton Club,1920,2024-06-16,1510,2024-01-13,ACTIVE,"2021 National U11, U13, and U17 Team Trials",1191.0,1191.0,2021-06-18,2021-06-20
1808,Conroy,Li,175350,274350,"San Jose, CA",Swan Ping Pong,1918,2024-08-25,1813,2024-08-25,ACTIVE,2024 US Junior National Team Trials - Part 2,1880.0,1890.0,2024-05-23,2024-05-27
1808,Conroy,Li,175350,274350,"San Jose, CA",Swan Ping Pong,1918,2024-08-25,1813,2024-08-25,ACTIVE,2024 US Junior National Team Trials - Part 1,1834.0,1881.0,2024-03-26,2024-03-30
1880,Elijah,Holtzblatt,175416,1175416,"Washington, DC",Washington DC Table Tennis Center,1905,2024-08-25,0,,ACTIVE,2023 Junior National Team Trials – Part 1,1634.0,1627.0,2023-02-25,2023-02-28
1886,Roy,Everman,114477,213477,"Waxhaw, NC",,1904,2024-02-18,2002,2024-08-29,ACTIVE,2023 Junior National Team Trials – Part 1,1795.0,1795.0,2023-02-25,2023-02-28
1889,Lance,Wu,178109,1178109,"Cerritos, CA",California Table Tennis,1904,2024-05-27,0,,ACTIVE,2024 US Junior National Team Trials - Part 2,1892.0,1904.0,2024-05-23,2024-05-27
1889,Lance,Wu,178109,1178109,"Cerritos, CA",California Table Tennis,1904,2024-05-27,0,,ACTIVE,2023 Junior National Team Trials – Part 1,1463.0,1470.0,2023-02-25,2023-02-28
1890,Sarah,Yang,169979,268979,"Fremont, CA",(TTA) Table Tennis America,1904,2024-09-02,1818,2024-08-03,ACTIVE,2024 US Junior National Team Trials - Part 2,1992.0,2026.0,2024-05-23,2024-05-27
1890,Sarah,Yang,169979,268979,"Fremont, CA",(TTA) Table Tennis America,1904,2024-09-02,1818,2024-08-03,ACTIVE,2024 US Junior National Team Trials - Part 1,1922.0,1992.0,2024-03-26,2024-03-30
1890,Sarah,Yang,169979,268979,"Fremont, CA",(TTA) Table Tennis America,1904,2024-09-02,1818,2024-08-03,ACTIVE,2023 Junior National Team Trials – Part 1,1206.0,1208.0,2023-02-25,2023-02-28
1897,Gregg,Robertshaw,6567,9501,"Raleigh, NC",Triangle Badminton & Table Tennis,1903,2024-07-07,2147,2014-05-29,ACTIVE,2017 National Team Trials,2096.0,2089.0,2017-03-24,2017-03-26
1903,Isabella,Joseph,172344,271344,"Cypress, TX",,1902,2024-08-11,1761,2024-07-13,ACTIVE,2024 US Junior National Team Trials - Part 2,1733.0,1735.0,2024-05-23,2024-05-27
1903,Isabella,Joseph,172344,271344,"Cypress, TX",,1902,2024-08-11,1761,2024-07-13,ACTIVE,2024 US Junior National Team Trials - Part 1,1809.0,1733.0,2024-03-26,2024-03-30
1903,Isabella,Joseph,172344,271344,"Cypress, TX",,1902,2024-08-11,1761,2024-07-13,ACTIVE,2023 Junior National Team Trials – Part 1,1395.0,1355.0,2023-02-25,2023-02-28
1913,Ella,Dong,171854,1171854,"Irvine, CA",Orange County Table Tennis Academy,1901,2024-08-04,1756,2023-07-30,ACTIVE,2024 US Junior National Team Trials - Part 2,1877.0,1884.0,2024-05-23,2024-05-27
1916,Richik,Ghosh,174762,273762,"Chantilly, VA",MDTTC - Maryland Table Tennis Center,1901,2024-08-25,1938,2024-04-12,ACTIVE,2024 US Junior National Team Trials - Part 2,1847.0,1844.0,2024-05-23,2024-05-27
1916,Richik,Ghosh,174762,273762,"Chantilly, VA",MDTTC - Maryland Table Tennis Center,1901,2024-08-25,1938,2024-04-12,ACTIVE,2024 US Junior National Team Trials - Part 1,1844.0,1803.0,2024-03-26,2024-03-30
1916,Richik,Ghosh,174762,273762,"Chantilly, VA",MDTTC - Maryland Table Tennis Center,1901,2024-08-25,1938,2024-04-12,ACTIVE,2023 Junior National Team Trials – Part 1,1150.0,1150.0,2023-02-25,2023-02-28
1920,Bethany,Zhou,170842,1170842,,,1900,2024-08-18,0,,ACTIVE,2023 Junior National Team Trials – Part 1,1719.0,1746.0,2023-02-25,2023-02-28
1923,Emma,Jiao,172481,271481,"Katy, TX",Houston International Table Tennis Academy,1900,2024-05-27,1910,2024-04-14,ACTIVE,2024 US Junior National Team Trials - Part 2,1897.0,1900.0,2024-05-23,2024-05-27
1923,Emma,Jiao,172481,271481,"Katy, TX",Houston International Table Tennis Academy,1900,2024-05-27,1910,2024-04-14,ACTIVE,2024 US Junior National Team Trials - Part 1,1967.0,1965.0,2024-03-26,2024-03-30
1927,Shreya,Venkateraman,171643,1171643,Fort Collins,,1899,2024-08-04,0,,ACTIVE,2024 US Junior National Team Trials - Part 2,1947.0,1851.0,2024-05-23,2024-05-27
1927,Shreya,Venkateraman,171643,1171643,Fort Collins,,1899,2024-08-04,0,,ACTIVE,2024 US Junior National Team Trials - Part 1,1889.0,1947.0,2024-03-26,2024-03-30
1927,Shreya,Venkateraman,171643,1171643,Fort Collins,,1899,2024-08-04,0,,ACTIVE,2023 Junior National Team Trials – Part 1,1480.0,1482.0,2023-02-25,2023-02-28
1927,Shreya,Venkateraman,171643,1171643,Fort Collins,,1899,2024-08-04,0,,ACTIVE,2022 US Nationals Team Trials,137.0,137.0,2022-06-25,2022-07-01
1941,Masoud,Mojtahed,5353,12213,"Austin, TX",Austin Table Tennis Club,1898,2023-09-16,1922,2023-10-18,ACTIVE,2023 PARAPAN AMERICAN GAMES TEAM TRIALS,1905.0,1905.0,2023-07-01,2023-07-01
1962,Vincent,Wu,174411,273411,"Saratoga, CA",Kou Lei Table Tennis Club,1894,2024-07-28,1615,2024-09-07,ACTIVE,2024 US Junior National Team Trials - Part 2,1690.0,1697.0,2024-05-23,2024-05-27
1962,Vincent,Wu,174411,273411,"Saratoga, CA",Kou Lei Table Tennis Club,1894,2024-07-28,1615,2024-09-07,ACTIVE,2024 US Junior National Team Trials - Part 1,1570.0,1690.0,2024-03-26,2024-03-30
1982,Jenna S.,Vuong,132458,1132458,"Alhambra, CA",California Table Tennis,1891,2024-06-09,0,,ACTIVE,2024 US OLYMPIC TEAM TRIALS,1935.0,1935.0,2024-03-21,2024-03-24
1982,Jenna S.,Vuong,132458,1132458,"Alhambra, CA",California Table Tennis,1891,2024-06-09,0,,ACTIVE,2023 Junior National Team Trials – Part 1,1607.0,1607.0,2023-02-25,2023-02-28
1982,Jenna S.,Vuong,132458,1132458,"Alhambra, CA",California Table Tennis,1891,2024-06-09,0,,ACTIVE,2022 US Nationals Team Trials,1563.0,1563.0,2022-06-25,2022-07-01
1983,Arden,Shi,170635,269635,Princeton,,1891,2023-11-26,1905,2023-04-28,ACTIVE,2023 Junior National Team Trials – Part 1,1925.0,1871.0,2023-02-25,2023-02-28
1983,Arden,Shi,170635,269635,Princeton,,1891,2023-11-26,1905,2023-04-28,ACTIVE,2022 US Nationals Team Trials,1733.0,1694.0,2022-06-25,2022-07-01
1983,Arden,Shi,170635,269635,Princeton,,1891,2023-11-26,1905,2023-04-28,ACTIVE,"2021 National U11, U13, and U17 Team Trials",1112.0,1212.0,2021-06-18,2021-06-20
2026,Evelyn,Ma,173060,272060,"Bridgewater, NJ",,1884,2024-08-25,2096,2024-08-23,ACTIVE,2023 Junior National Team Trials – Part 1,1194.0,1234.0,2023-02-25,2023-02-28
2026,Evelyn,Ma,173060,272060,"Bridgewater, NJ",,1884,2024-08-25,2096,2024-08-23,ACTIVE,2022 US Nationals Team Trials,578.0,594.0,2022-06-25,2022-07-01
2056,Kain,Li,171991,270991,"Fremont, CA",(TTA) Table Tennis America,1879,2024-09-02,1720,2024-08-25,ACTIVE,2024 US Junior National Team Trials - Part 2,1741.0,1725.0,2024-05-23,2024-05-27
2080,Daniel,Ho,172042,271042,"San Jose, CA",888 Table Tennis Center - San Jose,1875,2024-09-02,1736,2024-08-17,ACTIVE,2024 US Junior National Team Trials - Part 2,1790.0,1791.0,2024-05-23,2024-05-27
2083,Hudson,Yang,175722,274722,"Floral Park, NY",,1875,2024-05-27,1593,2024-05-19,ACTIVE,2024 US Junior National Team Trials - Part 2,1761.0,1875.0,2024-05-23,2024-05-27
2083,Hudson,Yang,175722,274722,"Floral Park, NY",,1875,2024-05-27,1593,2024-05-19,ACTIVE,2024 US Junior National Team Trials - Part 1,1704.0,1725.0,2024-03-26,2024-03-30
2099,Lucas,Peng,171889,270889,"Katy, TX",Houston International Table Tennis Academy (HITTA),1872,2024-08-11,1877,2024-08-23,ACTIVE,2024 US Junior National Team Trials - Part 2,1856.0,1860.0,2024-05-23,2024-05-27
2099,Lucas,Peng,171889,270889,"Katy, TX",Houston International Table Tennis Academy (HITTA),1872,2024-08-11,1877,2024-08-23,ACTIVE,2024 US Junior National Team Trials - Part 1,1783.0,1779.0,2024-03-26,2024-03-30
2113,Alice,Chen,171853,1171853,"San Jose, CA",888 Table Tennis Center,1870,2024-09-02,1502,2024-09-07,ACTIVE,2024 US Junior National Team Trials - Part 1,1832.0,1860.0,2024-03-26,2024-03-30
2113,Alice,Chen,171853,1171853,"San Jose, CA",888 Table Tennis Center,1870,2024-09-02,1502,2024-09-07,ACTIVE,2023 Junior National Team Trials – Part 1,1314.0,1312.0,2023-02-25,2023-02-28
2117,Leo,Shao,173507,1173507,,,1870,2024-07-13,0,,ACTIVE,2024 US Junior National Team Trials - Part 2,1768.0,1768.0,2024-05-23,2024-05-27
2117,Leo,Shao,173507,1173507,,,1870,2024-07-13,0,,ACTIVE,2024 US Junior National Team Trials - Part 1,1657.0,1815.0,2024-03-26,2024-03-30
2166,Ananya,Singaraju,165013,264013,"Austin, TX",Lonestar Table Tennis Academy,1863,2024-08-31,1769,2024-05-08,ACTIVE,2023 Junior National Team Trials – Part 1,1609.0,1605.0,2023-02-25,2023-02-28
2171,William,Jin,174369,1174369,"Pleasanton, CA",Micro Motion Table Tennis Academy,1861,2024-09-02,1493,2024-09-07,ACTIVE,2024 US Junior National Team Trials - Part 2,1666.0,1675.0,2024-05-23,2024-05-27
2171,William,Jin,174369,1174369,"Pleasanton, CA",Micro Motion Table Tennis Academy,1861,2024-09-02,1493,2024-09-07,ACTIVE,2024 US Junior National Team Trials - Part 1,1676.0,1664.0,2024-03-26,2024-03-30
2186,Mridula,Anand,104037,203037,"Fremont, CA",,1859,2024-05-27,1589,2024-04-21,ACTIVE,2024 US Junior National Team Trials - Part 2,1810.0,1859.0,2024-05-23,2024-05-27
2219,Ariel,Alexander,175417,1175417,Washington,,1853,2024-08-10,0,,ACTIVE,2023 Junior National Team Trials – Part 1,1603.0,1593.0,2023-02-25,2023-02-28
2224,Aiden,Zhang,172137,271137,"San Mateo, CA",,1852,2024-09-02,1759,2024-04-07,ACTIVE,2024 US Junior National Team Trials - Part 2,1856.0,1854.0,2024-05-23,2024-05-27
2226,Conner,Chen,168206,1168206,"Albany, CA",(TTA) Table Tennis America,1851,2024-05-27,1743,2024-09-07,ACTIVE,2024 US Junior National Team Trials - Part 2,1816.0,1851.0,2024-05-23,2024-05-27
2235,Melvin,Yao,170998,1170998,"Basking Ridge, NJ",Lily Yip Table Tennis Center,1850,2024-06-16,1947,2024-09-06,ACTIVE,2024 US Junior National Team Trials - Part 2,1836.0,1834.0,2024-05-23,2024-05-27
2235,Melvin,Yao,170998,1170998,"Basking Ridge, NJ",Lily Yip Table Tennis Center,1850,2024-06-16,1947,2024-09-06,ACTIVE,2024 US Junior National Team Trials - Part 1,1815.0,1805.0,2024-03-26,2024-03-30
2235,Melvin,Yao,170998,1170998,"Basking Ridge, NJ",Lily Yip Table Tennis Center,1850,2024-06-16,1947,2024-09-06,ACTIVE,2023 Junior National Team Trials – Part 1,1535.0,1535.0,2023-02-25,2023-02-28
2235,Melvin,Yao,170998,1170998,"Basking Ridge, NJ",Lily Yip Table Tennis Center,1850,2024-06-16,1947,2024-09-06,ACTIVE,2022 US Nationals Team Trials,1283.0,1230.0,2022-06-25,2022-07-01
2279,Isabella,Zai,157628,1157628,"Westwood, MA",Massachusetts Table Tennis and Badminton Club,1843,2024-07-07,1867,2024-02-09,ACTIVE,2023 Junior National Team Trials – Part 1,1906.0,1942.0,2023-02-25,2023-02-28
2279,Isabella,Zai,157628,1157628,"Westwood, MA",Massachusetts Table Tennis and Badminton Club,1843,2024-07-07,1867,2024-02-09,ACTIVE,2022 US Nationals Team Trials,1861.0,1875.0,2022-06-25,2022-07-01
2279,Isabella,Zai,157628,1157628,"Westwood, MA",Massachusetts Table Tennis and Badminton Club,1843,2024-07-07,1867,2024-02-09,ACTIVE,"2021 National U11, U13, and U17 Team Trials",1323.0,1321.0,2021-06-18,2021-06-20
2310,Stephanie,Qin,176694,275694,"Fremont, CA",(TTA) Table Tennis America,1839,2024-07-07,1493,2024-06-30,ACTIVE,2024 US Junior National Team Trials - Part 2,1819.0,1816.0,2024-05-23,2024-05-27
2356,Baron,Zhang,183692,282692,,,1832,2024-06-23,0,,ACTIVE,2024 US Junior National Team Trials - Part 1,1842.0,1810.0,2024-03-26,2024-03-30
2360,Ella,Zhou,171725,270725,"Santa Rosa, CA",(TTA) Table Tennis America,1832,2024-07-07,1686,2024-08-25,ACTIVE,2024 US Junior National Team Trials - Part 2,1621.0,1824.0,2024-05-23,2024-05-27
2360,Ella,Zhou,171725,270725,"Santa Rosa, CA",(TTA) Table Tennis America,1832,2024-07-07,1686,2024-08-25,ACTIVE,2024 US Junior National Team Trials - Part 1,1633.0,1621.0,2024-03-26,2024-03-30
2364,Amanda,Liu,172596,271596,"Kay, TX",Houston International Table Tennis Academy (HITTA),1831,2024-08-11,1775,2024-08-30,ACTIVE,2024 US Junior National Team Trials - Part 2,1804.0,1825.0,2024-05-23,2024-05-27
2364,Amanda,Liu,172596,271596,"Kay, TX",Houston International Table Tennis Academy (HITTA),1831,2024-08-11,1775,2024-08-30,ACTIVE,2024 US Junior National Team Trials - Part 1,1774.0,1796.0,2024-03-26,2024-03-30
2364,Amanda,Liu,172596,271596,"Kay, TX",Houston International Table Tennis Academy (HITTA),1831,2024-08-11,1775,2024-08-30,ACTIVE,2023 Junior National Team Trials – Part 1,1054.0,1055.0,2023-02-25,2023-02-28
2366,Sara,Gulabani,2685,97134,"Cary, NC",NC International Table Tennis (NCITT),1831,2024-07-28,0,,ACTIVE,2022 US Nationals Team Trials,1861.0,1860.0,2022-06-25,2022-07-01
2378,Jason,Mei,171753,270753,"Mountain Lakes, NJ",Matchpoint Table Tennis Center NJ,1829,2024-06-16,1972,2024-06-14,ACTIVE,2022 US Nationals Team Trials,1285.0,1241.0,2022-06-25,2022-07-01
2380,Allison Yiqiong,Zhang,180820,279820,,,1828,2024-08-11,1881,2024-08-23,ACTIVE,2024 US Junior National Team Trials - Part 2,1910.0,1871.0,2024-05-23,2024-05-27
2380,Allison Yiqiong,Zhang,180820,279820,,,1828,2024-08-11,1881,2024-08-23,ACTIVE,2024 US Junior National Team Trials - Part 1,1832.0,1974.0,2024-03-26,2024-03-30
2388,Jason,Zheng,171874,1171874,"Weston, MA",,1827,2024-07-14,248,2021-09-18,ACTIVE,2023 Junior National Team Trials – Part 1,1566.0,1516.0,2023-02-25,2023-02-28
2388,Jason,Zheng,171874,1171874,"Weston, MA",,1827,2024-07-14,248,2021-09-18,ACTIVE,2022 US Nationals Team Trials,1077.0,1077.0,2022-06-25,2022-07-01
2395,Steven,Eliass,163968,262968,"Oviedo, FL",Central Florida Table Tennis,1826,2024-06-08,0,,ACTIVE,2022 US Nationals Team Trials,1911.0,1844.0,2022-06-25,2022-07-01
2402,Annie,Zhang,166394,1166394,"Johns Creek, GA",Atlanta International Table Tennis Academy,1825,2023-07-16,0,,ACTIVE,2023 Junior National Team Trials – Part 1,1860.0,1836.0,2023-02-25,2023-02-28
2402,Annie,Zhang,166394,1166394,"Johns Creek, GA",Atlanta International Table Tennis Academy,1825,2023-07-16,0,,ACTIVE,2022 US Nationals Team Trials,1703.0,1743.0,2022-06-25,2022-07-01
2416,Titus,Ho,172178,271178,"San Jose, CA",888 Table Tennis Center - San Jose,1822,2024-09-02,1541,2024-08-17,ACTIVE,2024 US Junior National Team Trials - Part 2,1796.0,1795.0,2024-05-23,2024-05-27
2416,Titus,Ho,172178,271178,"San Jose, CA",888 Table Tennis Center - San Jose,1822,2024-09-02,1541,2024-08-17,ACTIVE,2024 US Junior National Team Trials - Part 1,1785.0,1781.0,2024-03-26,2024-03-30
2431,Ameer,Jafri,131709,1131709,"Manhasset Hills, NY",,1820,2024-06-16,1152,2020-03-06,ACTIVE,"2021 National U11, U13, and U17 Team Trials",1106.0,1144.0,2021-06-18,2021-06-20
2434,Maximilian,He,171444,270444,"Fremont, CA",(TTA) Table Tennis America,1820,2024-08-25,1708,2024-08-25,ACTIVE,2024 US Junior National Team Trials - Part 2,1803.0,1803.0,2024-05-23,2024-05-27
2482,Neave,Joy,170440,269440,"Liberty Hill, TX",Lonestar Table Tennis Academy,1814,2024-07-27,1793,2024-05-08,ACTIVE,2023 Junior National Team Trials – Part 1,1772.0,1710.0,2023-02-25,2023-02-28
2482,Neave,Joy,170440,269440,"Liberty Hill, TX",Lonestar Table Tennis Academy,1814,2024-07-27,1793,2024-05-08,ACTIVE,2022 US Nationals Team Trials,1219.0,1211.0,2022-06-25,2022-07-01
2503,Advik,Pradhan,125072,224072,"Milpitas, CA",Kou Lei Table Tennis Club,1811,2024-07-07,1633,2024-09-07,ACTIVE,2024 US Junior National Team Trials - Part 2,1734.0,1734.0,2024-05-23,2024-05-27
2503,Advik,Pradhan,125072,224072,"Milpitas, CA",Kou Lei Table Tennis Club,1811,2024-07-07,1633,2024-09-07,ACTIVE,2024 US Junior National Team Trials - Part 1,1730.0,1737.0,2024-03-26,2024-03-30
2503,Advik,Pradhan,125072,224072,"Milpitas, CA",Kou Lei Table Tennis Club,1811,2024-07-07,1633,2024-09-07,ACTIVE,2023 Junior National Team Trials – Part 1,1663.0,1670.0,2023-02-25,2023-02-28
2512,Liora,Cheung,172655,1172655,"Whitestone, NY",,1810,2024-08-25,0,,ACTIVE,2024 US Junior National Team Trials - Part 1,1886.0,1869.0,2024-03-26,2024-03-30
2512,Liora,Cheung,172655,1172655,"Whitestone, NY",,1810,2024-08-25,0,,ACTIVE,2023 Junior National Team Trials – Part 1,1601.0,1609.0,2023-02-25,2023-02-28
2515,Vihaan,Taneja,176877,275877,"Burlingame, CA",888 Table Tennis Center,1810,2024-09-02,1740,2024-06-02,ACTIVE,2024 US Junior National Team Trials - Part 2,1758.0,1759.0,2024-05-23,2024-05-27
2515,Vihaan,Taneja,176877,275877,"Burlingame, CA",888 Table Tennis Center,1810,2024-09-02,1740,2024-06-02,ACTIVE,2024 US Junior National Team Trials - Part 1,1612.0,1780.0,2024-03-26,2024-03-30
2598,Yaalini,Kathiravan,173129,1173129,"San Diego, CA",Learning Tree Table Tennis Club,1798,2024-07-07,1648,2024-09-06,ACTIVE,2024 US Junior National Team Trials - Part 2,1552.0,1552.0,2024-05-23,2024-05-27
2598,Yaalini,Kathiravan,173129,1173129,"San Diego, CA",Learning Tree Table Tennis Club,1798,2024-07-07,1648,2024-09-06,ACTIVE,2023 Junior National Team Trials – Part 1,1100.0,1100.0,2023-02-25,2023-02-28
2649,Ishan,Rangdal,169640,268640,"Livingston, NJ",Matchpoint Table Tennis Center NJ,1792,2024-07-07,1820,2024-06-14,ACTIVE,2023 Junior National Team Trials – Part 1,1481.0,1490.0,2023-02-25,2023-02-28
2649,Ishan,Rangdal,169640,268640,"Livingston, NJ",Matchpoint Table Tennis Center NJ,1792,2024-07-07,1820,2024-06-14,ACTIVE,2022 US Nationals Team Trials,1124.0,1227.0,2022-06-25,2022-07-01
2664,Laura,Zhang,171872,1171872,"-, CA",,1790,2024-09-02,1543,2024-06-24,ACTIVE,2024 US Junior National Team Trials - Part 2,1715.0,1745.0,2024-05-23,2024-05-27
2664,Laura,Zhang,171872,1171872,"-, CA",,1790,2024-09-02,1543,2024-06-24,ACTIVE,2022 US Nationals Team Trials,1297.0,1279.0,2022-06-25,2022-07-01
2665,Srikrishna,Kothy,176316,275316,"North Ridgeville, OH",Strongsville Table Tennis,1790,2024-07-27,0,,ACTIVE,2024 US Junior National Team Trials - Part 1,1859.0,1838.0,2024-03-26,2024-03-30
2774,Marco,Makkar,4913,32732,"Staten Island, NY",,1773,2023-07-01,1793,2020-01-31,ACTIVE,2023 PARAPAN AMERICAN GAMES TEAM TRIALS,1771.0,1773.0,2023-07-01,2023-07-01
2806,Parth,Bindal,171709,270709,Dublin,,1768,2024-09-02,1576,2024-09-07,ACTIVE,2024 US Junior National Team Trials - Part 2,1538.0,1538.0,2024-05-23,2024-05-27
2892,Tega,Sebeni,123909,222909,"Fremont, CA",,1756,2023-12-21,1239,2023-02-05,ACTIVE,2023 Junior National Team Trials – Part 1,1582.0,1682.0,2023-02-25,2023-02-28
2925,Austin,Zhang,104237,203237,"San Diego, CA",,1750,2024-05-11,0,,ACTIVE,"2021 National U19 and U15 team trials (additional U11, U13 & U17 rating events)",1600.0,1600.0,2021-06-03,2021-06-06
2942,Andrea,Tang,103987,202987,"Newton, MA",Massachusetts Table Tennis and Badminton Club,1747,2024-08-25,1319,2019-12-23,ACTIVE,"2021 National U11, U13, and U17 Team Trials",1674.0,1675.0,2021-06-18,2021-06-20
2979,Jonathan,Yang,172897,271897,"PRINCETON, NJ",Topspin Table Tennis Club,1742,2023-11-26,0,,ACTIVE,2023 Junior National Team Trials – Part 1,1472.0,1477.0,2023-02-25,2023-02-28
2979,Jonathan,Yang,172897,271897,"PRINCETON, NJ",Topspin Table Tennis Club,1742,2023-11-26,0,,ACTIVE,2022 US Nationals Team Trials,1120.0,1150.0,2022-06-25,2022-07-01
3000,Ansh,Nair,172583,271583,"Hoover, AL",,1739,2024-08-10,0,,ACTIVE,2022 US Nationals Team Trials,1655.0,1661.0,2022-06-25,2022-07-01
3120,Ethan,Jiao,172482,271482,"Katy, TX",Houston International Table Tennis Academy,1724,2024-05-27,1704,2024-08-30,ACTIVE,2024 US Junior National Team Trials - Part 2,1726.0,1724.0,2024-05-23,2024-05-27
3120,Ethan,Jiao,172482,271482,"Katy, TX",Houston International Table Tennis Academy,1724,2024-05-27,1704,2024-08-30,ACTIVE,2024 US Junior National Team Trials - Part 1,1725.0,1733.0,2024-03-26,2024-03-30
3180,Richard,Perez,6087,77714,"Valrico, FL",Sunrise Table Tennis Club - Morningside Recreation Complex,1714,2019-04-13,1701,2020-11-20,ACTIVE,2017 National Team Trials,1548.0,1548.0,2017-03-24,2017-03-26
3208,George,Ristollari,173107,1173107,"Largo, FL",Sunrise Table Tennis Club - Ross Norton Rec Center,1709,2024-07-21,0,,ACTIVE,2023 PARAPAN AMERICAN GAMES TEAM TRIALS,1314.0,1330.0,2023-07-01,2023-07-01
3218,Srinithi Balaa,Saravanan,171393,270393,"Milpitas, CA",ICC Table Tennis Center,1708,2024-09-02,1419,2024-09-07,ACTIVE,2023 Junior National Team Trials – Part 1,1207.0,1544.0,2023-02-25,2023-02-28
3224,Zachary,Pickett,173422,272422,"Cameron Park, CA",Folsom Table Tennis Club,1707,2024-07-20,1938,2024-06-27,ACTIVE,2023 PARAPAN AMERICAN GAMES TEAM TRIALS,1506.0,1506.0,2023-07-01,2023-07-01
3250,Cole,Rothenberger,176068,275068,"Nacogdoches, TX",Houston International Table Tennis Academy (HITTA),1704,2024-08-17,1498,2024-06-22,ACTIVE,2023 PARAPAN AMERICAN GAMES TEAM TRIALS,1217.0,1218.0,2023-07-01,2023-07-01
3259,Luke,Wong,120958,219958,"Lexington, MA",Massachusetts Table Tennis and Badminton Club,1702,2024-07-28,1142,2019-04-08,ACTIVE,2022 US Nationals Team Trials,1506.0,1506.0,2022-06-25,2022-07-01
3319,Karthik,Kalle,171900,270900,"Fremont, CA",(TTA) Table Tennis America,1693,2024-08-25,1752,2024-09-08,ACTIVE,2023 Junior National Team Trials – Part 1,1476.0,1468.0,2023-02-25,2023-02-28
3319,Karthik,Kalle,171900,270900,"Fremont, CA",(TTA) Table Tennis America,1693,2024-08-25,1752,2024-09-08,ACTIVE,2022 US Nationals Team Trials,773.0,873.0,2022-06-25,2022-07-01
3349,Jeremy,Ku,171345,1171345,"Great Falls, VA",,1689,2024-08-25,0,,ACTIVE,2022 US Nationals Team Trials,1036.0,1016.0,2022-06-25,2022-07-01
3490,Camden,Cheung,178526,277526,"Dublin, CA",Micro Motion Table Tennis Academy,1668,2024-09-02,1575,2024-09-08,ACTIVE,2024 US Junior National Team Trials - Part 2,1567.0,1566.0,2024-05-23,2024-05-27
3490,Camden,Cheung,178526,277526,"Dublin, CA",Micro Motion Table Tennis Academy,1668,2024-09-02,1575,2024-09-08,ACTIVE,2024 US Junior National Team Trials - Part 1,1412.0,1412.0,2024-03-26,2024-03-30
3528,Nathan,Lu,173224,272224,"Lexington, MA",,1663,2024-07-07,1635,2024-07-20,ACTIVE,2023 Junior National Team Trials – Part 1,1452.0,1445.0,2023-02-25,2023-02-28
3544,Dov,Kolker,29751,85793,"New York, NY",,1661,2024-07-07,0,,ACTIVE,2024 US OLYMPIC TEAM TRIALS,1662.0,1662.0,2024-03-21,2024-03-24
3601,Owen,Leung,176451,1176451,"Union City, CA",Micro Motion Table Tennis Academy,1654,2024-09-02,1511,2024-09-08,ACTIVE,2024 US Junior National Team Trials - Part 2,1580.0,1579.0,2024-05-23,2024-05-27
3611,Eliana,Chan,172316,271316,"Hillsborough, CA",888 Table Tennis Center,1652,2024-09-02,1038,2024-03-10,ACTIVE,2024 US Junior National Team Trials - Part 2,1475.0,1785.0,2024-05-23,2024-05-27
3611,Eliana,Chan,172316,271316,"Hillsborough, CA",888 Table Tennis Center,1652,2024-09-02,1038,2024-03-10,ACTIVE,2024 US Junior National Team Trials - Part 1,1503.0,1475.0,2024-03-26,2024-03-30
3647,Min (winnie),Zhang,120402,219402,"Morgan Hill, CA",,1648,2024-03-17,869,2023-10-08,ACTIVE,2023 Adult National Team Trials,1847.0,1847.0,2023-04-07,2023-04-09
3664,Jishnu,Talukdar,172975,271975,"San Jose, CA",888 Table Tennis Center,1646,2024-07-28,1667,2024-09-08,ACTIVE,2024 US Junior National Team Trials - Part 1,1720.0,1709.0,2024-03-26,2024-03-30
3817,Neville,Brabrook,12934,61823,"Altamonte Springs, FL",Central Florida Table Tennis,1628,2023-07-01,0,,ACTIVE,2023 PARAPAN AMERICAN GAMES TEAM TRIALS,1630.0,1628.0,2023-07-01,2023-07-01
3822,Max,Cheng,171748,270748,"Katy, TX",Houston International Table Tennis Academy (HITTA),1628,2024-05-12,1608,2024-08-30,ACTIVE,2024 US Junior National Team Trials - Part 1,1604.0,1632.0,2024-03-26,2024-03-30
3855,Melinda Shuhan,Mao,182309,281309,"Irvine, CA",,1624,2024-08-04,0,,ACTIVE,2024 US Junior National Team Trials - Part 2,1638.0,1629.0,2024-05-23,2024-05-27
3933,Raghav,Bikkina,165548,264548,Fremont,Fremont Table Tennis Academy,1613,2024-08-31,1352,2024-09-08,ACTIVE,2023 Junior National Team Trials – Part 1,1293.0,1293.0,2023-02-25,2023-02-28
3933,Raghav,Bikkina,165548,264548,Fremont,Fremont Table Tennis Academy,1613,2024-08-31,1352,2024-09-08,ACTIVE,2022 US Nationals Team Trials,939.0,959.0,2022-06-25,2022-07-01
4058,Fiona,Dubina,115975,214975,"Akron, OH",,1595,2023-07-07,0,,ACTIVE,2023 Junior National Team Trials – Part 1,1706.0,1710.0,2023-02-25,2023-02-28
4058,Fiona,Dubina,115975,214975,"Akron, OH",,1595,2023-07-07,0,,ACTIVE,2022 US Nationals Team Trials,1415.0,1415.0,2022-06-25,2022-07-01
4079,Elwin,Wang,182631,1182631,Rancho Cucamonga,,1592,2024-08-04,0,,ACTIVE,2024 US Junior National Team Trials - Part 2,1375.0,1475.0,2024-05-23,2024-05-27
4082,Ziyi Ilenia,Zhang,172327,271327,"Burlingame, CA",888 Table Tennis Center,1591,2024-09-02,1110,2024-09-08,ACTIVE,2024 US Junior National Team Trials - Part 2,1362.0,1362.0,2024-05-23,2024-05-27
4086,Aidan,Chen,121790,220790,San Diego,,1591,2024-05-11,0,,ACTIVE,"2021 National U19 and U15 team trials (additional U11, U13 & U17 rating events)",1705.0,1705.0,2021-06-03,2021-06-06
4116,Randy,Hui,165196,264196,"San Jose, CA",Swan Ping Pong,1584,2024-07-07,1423,2024-09-01,ACTIVE,2024 US Junior National Team Trials - Part 2,1575.0,1575.0,2024-05-23,2024-05-27
4171,Aaron,Li,174382,273382,"Livingston, NJ",Matchpoint Table Tennis Center NJ,1577,2024-08-25,1037,2023-11-03,ACTIVE,2024 US Junior National Team Trials - Part 1,1464.0,1464.0,2024-03-26,2024-03-30
4298,Riaan,Lodha,177070,276070,"Livingston, NJ",MatchPoint Table Tennis Center,1558,2024-08-11,1224,2023-12-22,ACTIVE,2024 US Junior National Team Trials - Part 1,1460.0,1460.0,2024-03-26,2024-03-30
4310,Mathew,Weber,118958,217958,"Beaverton, OR",,1556,2024-09-08,1218,2024-06-23,ACTIVE,2023 PARAPAN AMERICAN GAMES TEAM TRIALS,1448.0,1449.0,2023-07-01,2023-07-01
4352,Harry,Tan,172147,271147,"Fremont, CA",Kou Lei Table Tennis Club,1550,2024-09-02,1476,2024-09-07,ACTIVE,2024 US Junior National Team Trials - Part 2,1560.0,1557.0,2024-05-23,2024-05-27
4352,Harry,Tan,172147,271147,"Fremont, CA",Kou Lei Table Tennis Club,1550,2024-09-02,1476,2024-09-07,ACTIVE,2024 US Junior National Team Trials - Part 1,1576.0,1575.0,2024-03-26,2024-03-30
4436,Oscar,Su,174772,273772,"Sunnyvale, CA",Swan Ping Pong,1541,2024-07-07,1538,2024-09-08,ACTIVE,2024 US Junior National Team Trials - Part 2,1499.0,1499.0,2024-05-23,2024-05-27
4436,Oscar,Su,174772,273772,"Sunnyvale, CA",Swan Ping Pong,1541,2024-07-07,1538,2024-09-08,ACTIVE,2024 US Junior National Team Trials - Part 1,1499.0,1498.0,2024-03-26,2024-03-30
4474,Liam,Draper,170916,1170916,"Bethesda, MD",MDTTC - Maryland Table Tennis Center,1535,2024-07-14,293,2020-02-21,ACTIVE,2022 US Nationals Team Trials,1288.0,1289.0,2022-06-25,2022-07-01
4520,Joshua,Liebling,176098,275098,"San Bruno, CA",888 Table Tennis Center,1530,2024-07-28,1435,2024-09-08,ACTIVE,2024 US Junior National Team Trials - Part 2,1356.0,1356.0,2024-05-23,2024-05-27
4635,Lewis,Gao,171342,1171342,"Jericho, NY",,1514,2024-07-13,1334,2023-08-06,ACTIVE,"2021 National U11, U13, and U17 Team Trials",500.0,600.0,2021-06-18,2021-06-20
4702,Aahan,Vangala,174517,273517,"Issaquah, WA",,1506,2024-05-27,1500,2024-09-07,ACTIVE,2024 US Junior National Team Trials - Part 2,1507.0,1506.0,2024-05-23,2024-05-27
4702,Aahan,Vangala,174517,273517,"Issaquah, WA",,1506,2024-05-27,1500,2024-09-07,ACTIVE,2024 US Junior National Team Trials - Part 1,1340.0,1340.0,2024-03-26,2024-03-30
4788,Rhea,Gupta,176700,1176700,"Morrisville, NC",Carolina International Table Tennis Academy (CITTA),1491,2024-08-11,0,,ACTIVE,2023 Junior National Team Trials – Part 1,603.0,601.0,2023-02-25,2023-02-28
4942,Holly,Huang,178441,277441,"San Lorenzo, CA",,1468,2024-08-25,1488,2024-09-08,ACTIVE,2024 US Junior National Team Trials - Part 2,1373.0,1378.0,2024-05-23,2024-05-27
4942,Holly,Huang,178441,277441,"San Lorenzo, CA",,1468,2024-08-25,1488,2024-09-08,ACTIVE,2024 US Junior National Team Trials - Part 1,1081.0,1373.0,2024-03-26,2024-03-30
5066,Mabel,Mu,175788,274788,"Los Altos, CA",Kou Lei Table Tennis Club,1451,2024-05-27,1115,2024-09-08,ACTIVE,2024 US Junior National Team Trials - Part 2,1486.0,1451.0,2024-05-23,2024-05-27
5066,Mabel,Mu,175788,274788,"Los Altos, CA",Kou Lei Table Tennis Club,1451,2024-05-27,1115,2024-09-08,ACTIVE,2024 US Junior National Team Trials - Part 1,1257.0,1486.0,2024-03-26,2024-03-30
5367,Adelaide,Luter,173825,272825,"Hopkinton, MA",Mastiff Table Tennis Club,1411,2024-07-07,1480,2024-07-20,ACTIVE,2024 US Junior National Team Trials - Part 1,1346.0,1331.0,2024-03-26,2024-03-30
5367,Adelaide,Luter,173825,272825,"Hopkinton, MA",Mastiff Table Tennis Club,1411,2024-07-07,1480,2024-07-20,ACTIVE,2023 Junior National Team Trials – Part 1,552.0,552.0,2023-02-25,2023-02-28
5372,Alexander,Liebling,176099,275099,"San Bruno, CA",888 Table Tennis Center,1411,2024-07-28,1424,2024-09-08,ACTIVE,2024 US Junior National Team Trials - Part 2,1271.0,1271.0,2024-05-23,2024-05-27
5534,Lucas,Wu,171832,270832,"Katy, TX, TX",Houston International Table Tennis Academy,1385,2024-07-07,1507,2024-08-03,ACTIVE,2024 US Junior National Team Trials - Part 2,1323.0,1331.0,2024-05-23,2024-05-27
5566,Michael,Clardy,121246,220246,"Dallas, TX",A.T.S. Table Tennis Club,1381,2024-04-20,1132,2019-11-02,ACTIVE,2021 National Team & Junior Pan Am Games Team Trials,1316.0,1316.0,2021-05-21,2021-05-26
5583,Natalie Hanchien,Chang,180429,1180429,Arcadia,,1378,2024-05-27,1544,2024-09-06,ACTIVE,2024 US Junior National Team Trials - Part 2,1385.0,1378.0,2024-05-23,2024-05-27
5637,Yosef,Lender,175981,1175981,Dallas,,1369,2024-08-24,0,,ACTIVE,2023 PARAPAN AMERICAN GAMES TEAM TRIALS,1384.0,1368.0,2023-07-01,2023-07-01
5638,Shuban,Baviskar,178839,277839,"Fremont, CA",,1369,2024-08-25,1397,2024-09-08,ACTIVE,2024 US Junior National Team Trials - Part 2,865.0,905.0,2024-05-23,2024-05-27
5690,Anna,Naumova,173728,1173728,"Basking Ridge, NJ",Matchpoint Table Tennis Center NJ,1362,2024-07-07,1368,2024-06-21,ACTIVE,2024 US Junior National Team Trials - Part 2,1407.0,1414.0,2024-05-23,2024-05-27
5690,Anna,Naumova,173728,1173728,"Basking Ridge, NJ",Matchpoint Table Tennis Center NJ,1362,2024-07-07,1368,2024-06-21,ACTIVE,2024 US Junior National Team Trials - Part 1,1338.0,1389.0,2024-03-26,2024-03-30
5690,Anna,Naumova,173728,1173728,"Basking Ridge, NJ",Matchpoint Table Tennis Center NJ,1362,2024-07-07,1368,2024-06-21,ACTIVE,2023 Junior National Team Trials – Part 1,826.0,826.0,2023-02-25,2023-02-28
5882,Owen,Zou,177045,1177045,Lower Gwynedd,Lily Yip Table Tennis Center,1336,2024-08-25,1436,2024-08-23,ACTIVE,2024 US Junior National Team Trials - Part 2,1138.0,1138.0,2024-05-23,2024-05-27
5882,Owen,Zou,177045,1177045,Lower Gwynedd,Lily Yip Table Tennis Center,1336,2024-08-25,1436,2024-08-23,ACTIVE,2024 US Junior National Team Trials - Part 1,1200.0,1200.0,2024-03-26,2024-03-30
5915,Arshia,Tharakabhushana,171233,1171233,"Hopkinton, MA",,1331,2024-05-19,1311,2024-04-20,ACTIVE,2022 US Nationals Team Trials,1065.0,1186.0,2022-06-25,2022-07-01
6029,Frank,Sun,183278,282278,CA,,1315,2024-05-27,933,2024-08-31,ACTIVE,2024 US Junior National Team Trials - Part 2,0.0,1315.0,2024-05-23,2024-05-27
6213,Philip,Rosin,169857,268857,"Katy, TX",Houston International Table Tennis Academy (HITTA),1286,2024-05-27,1074,2024-06-01,ACTIVE,2024 US Junior National Team Trials - Part 2,1286.0,1286.0,2024-05-23,2024-05-27
6213,Philip,Rosin,169857,268857,"Katy, TX",Houston International Table Tennis Academy (HITTA),1286,2024-05-27,1074,2024-06-01,ACTIVE,"2021 National U11, U13, and U17 Team Trials",1409.0,1259.0,2021-06-18,2021-06-20
6316,Sanyam,Bindal,171710,270710,,,1270,2024-09-02,1119,2024-08-17,ACTIVE,2024 US Junior National Team Trials - Part 2,1074.0,1034.0,2024-05-23,2024-05-27
6370,Aubrey,Ong,176657,275657,"Menlo Park, CA",888 Table Tennis Center,1262,2024-09-02,867,2024-09-08,ACTIVE,2024 US Junior National Team Trials - Part 2,1308.0,1338.0,2024-05-23,2024-05-27
6370,Aubrey,Ong,176657,275657,"Menlo Park, CA",888 Table Tennis Center,1262,2024-09-02,867,2024-09-08,ACTIVE,2024 US Junior National Team Trials - Part 1,1309.0,1379.0,2024-03-26,2024-03-30
6403,Tanisha,Balamurugan,175995,274995,"Milpitas, CA",,1257,2024-09-02,882,2024-09-08,ACTIVE,2024 US Junior National Team Trials - Part 2,1035.0,1035.0,2024-05-23,2024-05-27
6403,Tanisha,Balamurugan,175995,274995,"Milpitas, CA",,1257,2024-09-02,882,2024-09-08,ACTIVE,2024 US Junior National Team Trials - Part 1,1050.0,1050.0,2024-03-26,2024-03-30
6425,Joseph,Sanchez,151056,1151056,"Tyler, TX",Rose City Table Tennis Club,1254,2024-08-17,940,2020-01-26,ACTIVE,2023 PARAPAN AMERICAN GAMES TEAM TRIALS,1195.0,1170.0,2023-07-01,2023-07-01
6454,Tristan,Myrick,178359,277359,"Huntsville, TX",,1249,2024-07-20,1271,2024-05-16,ACTIVE,2023 PARAPAN AMERICAN GAMES TEAM TRIALS,1062.0,1085.0,2023-07-01,2023-07-01
6571,Yuyi,Kong,172097,1172097,Katy,,1233,2024-05-12,1236,2022-10-15,ACTIVE,2022 US Nationals Team Trials,1233.0,1227.0,2022-06-25,2022-07-01
6634,Mohan,Vallabhapurapu,8034,73410,"Norco, CA",Los Angeles Table Tennis Association,1223,2024-03-10,0,,ACTIVE,2023 PARAPAN AMERICAN GAMES TEAM TRIALS,1222.0,1142.0,2023-07-01,2023-07-01
6686,Angelina,Eliass,171262,270262,"Oviedo, FL",Central Florida Table Tennis,1215,2024-06-08,0,,ACTIVE,2022 US Nationals Team Trials,1010.0,1010.0,2022-06-25,2022-07-01
6715,Saket,Nadimpalli,177049,276049,Fort Mill,,1210,2024-08-11,1436,2024-08-29,ACTIVE,2023 Junior National Team Trials – Part 1,424.0,424.0,2023-02-25,2023-02-28
6781,Abivridh,Ram,176392,275392,,,1200,2024-09-02,1074,2024-09-07,ACTIVE,2024 US Junior National Team Trials - Part 2,448.0,448.0,2024-05-23,2024-05-27
6932,Sophia Jina,Ferreira,177551,1177551,"Melville, NY",Sameh Awadallah Table Tennis Academy (SATTA),1180,2024-08-03,0,,ACTIVE,2024 US Junior National Team Trials - Part 1,1046.0,1046.0,2024-03-26,2024-03-30
7071,Christian,Buck,184157,1184157,Shreveport,,1155,2024-08-24,0,,ACTIVE,2024 US OLYMPIC TEAM TRIALS,0.0,700.0,2024-03-21,2024-03-24
7219,Shreya,Srinivasan,178044,277044,"Mountain View, CA",ICC Table Tennis Center,1131,2024-08-24,809,2024-09-08,ACTIVE,2024 US Junior National Team Trials - Part 2,725.0,725.0,2024-05-23,2024-05-27
7397,Tony,Nguyen,184158,1184158,Denham Springs,,1100,2024-03-24,0,,ACTIVE,2024 US OLYMPIC TEAM TRIALS,0.0,1100.0,2024-03-21,2024-03-24
7483,Coral,Khieu,171793,270793,"Cypress, TX",Texas Table Tennis Training Center,1087,2024-08-11,1194,2024-04-06,ACTIVE,2022 US Nationals Team Trials,1116.0,1108.0,2022-06-25,2022-07-01
7566,Devansh,Bhattacharyya,176292,275292,"san ramon, CA",Micro Motion Table Tennis Academy,1072,2024-09-02,515,2024-09-07,ACTIVE,2024 US Junior National Team Trials - Part 2,434.0,434.0,2024-05-23,2024-05-27
7929,Michael,Godfrey,2473,13769,"Dublin, TX",Fort Worth Table Tennis Club,997,2023-07-01,700,2014-03-10,ACTIVE,2023 PARAPAN AMERICAN GAMES TEAM TRIALS,990.0,997.0,2023-07-01,2023-07-01
8086,James,Segrest,6927,75291,"Fort Worth, TX",Fort Worth Table Tennis Club,958,2023-07-01,0,,ACTIVE,2023 PARAPAN AMERICAN GAMES TEAM TRIALS,965.0,958.0,2023-07-01,2023-07-01
8187,Noah,Ferreira,174088,273088,"Melville, NY",Sameh Awadallah Table Tennis Academy (SATTA),937,2024-08-03,0,,ACTIVE,2024 US Junior National Team Trials - Part 1,799.0,799.0,2024-03-26,2024-03-30
8441,Tania,Ralhan,177405,276405,,,890,2024-05-27,0,,ACTIVE,2024 US Junior National Team Trials - Part 2,890.0,890.0,2024-05-23,2024-05-27
8441,Tania,Ralhan,177405,276405,,,890,2024-05-27,0,,ACTIVE,2023 Junior National Team Trials – Part 1,1151.0,1101.0,2023-02-25,2023-02-28
9251,Vedant,Tilloo,174158,273158,San Ramon,,693,2024-06-22,1043,2024-09-07,ACTIVE,2024 US Junior National Team Trials - Part 2,593.0,593.0,2024-05-23,2024-05-27
9803,Clarice,Ho,183628,282628,Alameda,,516,2024-08-25,287,2024-09-01,ACTIVE,2024 US Junior National Team Trials - Part 2,129.0,129.0,2024-05-23,2024-05-27
9837,Daniel,Gladney,183996,282996,"Mer Rouge, LA",,500,2024-03-24,0,,ACTIVE,2024 US OLYMPIC TEAM TRIALS,0.0,500.0,2024-03-21,2024-03-24
9856,Justin,Kim,177770,276770,"Florham Park, NJ",,490,2024-06-30,0,,ACTIVE,2023 PARAPAN AMERICAN GAMES TEAM TRIALS,0.0,600.0,2023-07-01,2023-07-01
10365,Kobika,Maruthapandian,181683,280683,,,87,2024-05-27,168,2024-08-11,ACTIVE,2024 US Junior National Team Trials - Part 2,87.0,87.0,2024-05-23,2024-05-27
10367,Louis,Molina,178771,1178771,"Tampa, FL",Sunrise Table Tennis Club - Countryside Recreation Center,86,2023-07-01,0,,ACTIVE,2023 PARAPAN AMERICAN GAMES TEAM TRIALS,86.0,86.0,2023-07-01,2023-07-01
