Tournament_Id,Winner_Id,Loser_Id,Score
9,217083,77388,"7,7,-8,-9,9"
9,265334,1182217,"3,7,2"
9,57949,230232,"3,4,5"
9,276539,98071,"7,-12,4,7"
9,203062,1180776,"3,5,2"
9,94395,1174461,"5,-6,-9,9,11"
9,1173728,277744,"-9,7,-9,8,4"
9,84273,279691,"6,7,4"
9,1172570,53412,"8,-4,6,-7,11"
9,280553,282077,"-7,5,3,8"
9,275877,285137,"-4,3,7,-7,10"
9,1180983,274913,"5,3,6"
9,1186470,91612,"7,6,11"
9,1185337,95136,"10,1,3"
9,278648,268857,"3,6,4"
9,1186157,95793,"7,-8,9,6"
9,230232,25587,"7,6,5"
9,275877,270437,"9,-7,10,-11,6"
9,28559,1172399,"10,-8,-10,10,10"
9,1166024,1170753,"6,5,7"
9,286594,71746,"3,7,4"
9,273516,83506,"1,4,9"
9,1186435,94469,"7,6,14"
9,276539,215008,"6,-8,-13,5,8"
9,1174050,279902,"7,-9,6,6"
9,270725,266865,"4,8,1"
9,220127,271056,"4,-7,10,-4,4"
9,64549,29709,"13,9,3"
9,98266,274799,"9,-7,5,7"
9,76916,81398,"6,8,8"
9,1150987,1177585,"-10,9,8,-2,10"
9,276728,276624,"5,8,-8,4"
9,285664,1174326,"8,8,8"
9,1176551,272436,"7,4,5"
9,271191,1177045,"-9,11,12,7"
9,270889,230779,"4,8,8"
9,50664,217219,"6,-11,-9,3,3"
9,217865,229421,"5,3,3"
9,10437,7414,"8,-10,6,5"
9,271275,1175986,"3,0,1"
9,275099,273642,"9,3,5"
9,1179256,279476,"9,4,3"
9,216131,270131,"2,-12,8,8"
9,273516,1179212,"6,-7,8,-6,3"
9,220808,1187361,"10,8,7"
9,285254,1187361,"6,4,5"
9,284875,211643,"5,6,7"
9,45824,1172563,"8,8,8"
9,1187716,86095,"6,4,4"
9,271274,272975,"4,7,8"
9,1169792,1170851,"2,-7,8,8"
9,282614,15550,"-5,-12,14,9,16"
9,276520,279916,"-7,10,6,-7,2"
9,74880,98071,"6,3,6"
9,221549,1177302,"8,-10,3,3"
9,286012,277358,"7,3,12"
9,276193,1185097,"5,7,10"
9,1165420,220976,"8,-11,6,-12,4"
9,1443,82256,"3,2,8"
9,1174461,271802,"11,4,9"
9,1180983,1173129,"7,-9,-9,9,9"
9,213021,1183044,"-9,6,8,8"
9,270851,275402,"2,3,7"
9,212806,82230,"8,5,10"
9,1171501,285554,"10,8,-10,6"
9,285261,1170759,"5,6,8"
9,1171730,280549,"3,9,5"
9,285308,1184629,"3,7,4"
9,265517,82256,"4,2,3"
9,1176550,273260,"14,-6,7,6"
9,1187695,270709,"7,8,6"
9,274913,277894,"-1,10,8,-10,13"
9,1182523,81793,"3,9,-11,6"
9,220127,270460,"4,10,9"
9,1173728,269793,"7,11,-7,7"
9,1171728,278213,"2,2,3"
9,217579,92451,"8,-9,6,2"
9,285147,1175835,"2,3,2"
9,281969,271056,"7,-5,4,7"
9,77388,1177962,"6,9,4"
9,264897,281422,"5,6,3"
9,219413,1168339,"7,8,9"
9,1172724,1187385,"9,6,6"
9,202979,277927,"-10,-9,5,8,4"
9,86925,284806,"6,4,5"
9,1186435,98266,"9,-10,-9,7,8"
9,1949,271813,"6,8,-8,10"
9,1171643,1171854,"7,6,9"
9,1187731,72553,"4,5,5"
9,220993,1187728,"9,8,5"
9,1170805,14637,"3,5,9"
9,97816,52354,"6,5,6"
9,250281,271501,"7,11,-6,7"
9,214419,285506,"5,8,-8,-6,9"
9,1164157,211903,"5,3,5"
9,198570,278642,"9,-7,8,6"
9,274722,1176550,"8,9,-7,9"
9,285094,1182629,"8,9,6"
9,281948,927185,"7,8,-9,5"
9,1185095,279476,"7,13,5"
9,219210,1171643,"9,6,3"
9,1173259,1187695,"8,4,9"
9,71734,59455,"11,-5,5,5"
9,35031,1170851,"-4,7,-8,4,8"
9,96174,285294,"5,5,0"
9,276193,1175756,"9,-7,6,5"
9,1185097,285092,"9,0,-10,1"
9,1185599,271771,"4,1,8"
9,211903,72286,"8,5,6"
9,286594,1173779,"7,9,13"
9,1172724,271191,"6,9,5"
9,282081,272584,"7,-10,7,9"
9,1131695,1181392,"6,5,8"
9,217235,221549,"5,7,5"
9,276191,211903,"6,6,-10,6"
9,272586,1187759,"2,9,6"
9,1171157,279692,"5,4,8"
9,1171728,17402,"5,6,7"
9,285261,1183018,"-11,4,5,4"
9,1174699,1174255,"5,4,4"
9,203231,74986,"5,2,8"
9,276520,285163,"3,6,7"
9,3727,271205,"4,7,9"
9,271137,1174369,"10,5,6"
9,1170751,277894,"9,10,7"
9,1172858,80676,"6,7,9"
9,1186113,284708,"-10,4,7,-10,9"
9,53157,250281,"2,1,3"
9,1150995,1180658,"6,6,11"
9,92550,1187707,"10,8,-7,-14,6"
9,267433,267363,"8,4,9"
9,274994,286036,"1,2,4"
9,281969,1173828,"7,2,11"
9,2059,280607,"2,3,2"
9,1171227,280000,"4,2,3"
9,1949,6609,"6,2,4"
9,80507,77764,"9,10,4"
9,278904,1179779,"5,5,4"
9,1170842,271875,"6,2,7"
9,1176627,278584,"6,9,6"
9,268620,284708,"1,6,5"
9,275099,1180565,"7,12,-1,2"
9,202651,1131757,"10,7,4"
9,284875,221078,"6,5,8"
9,1172858,270703,"3,-6,5,9"
9,1172127,54488,"5,-7,12,6"
9,1187723,221139,"5,6,6"
9,272631,47761,"14,-9,4,-12,9"
9,97816,11875,"4,3,8"
9,1173760,1176772,"11,-7,9,1"
9,1180330,94049,"1,2,3"
9,1172127,221078,"4,4,3"
9,285663,270746,"8,6,6"
9,273085,286012,"5,10,-9,8"
9,224165,5724,"11,6,6"
9,283511,285189,"8,8,3"
9,1173828,72986,"-10,-9,9,8,7"
9,271802,277515,"7,5,9"
9,1174369,285147,"6,2,7"
9,11903,1180684,"7,9,6"
9,271275,285137,"5,-6,6,7"
9,1170759,1179780,"3,7,3"
9,1176448,276426,"7,6,-11,4"
9,271061,1171502,"-7,9,7,3"
9,2059,223847,"9,10,7"
9,1167939,24961,"-4,-7,7,9,7"
9,285139,1175986,"1,3,2"
9,271190,279542,"3,0,4"
9,275469,276160,"-6,6,7,10"
9,276539,202883,"7,7,9"
9,285379,269693,"7,3,4"
9,1183581,224089,"9,4,-6,9"
9,221078,214854,"4,9,-8,-4,8"
9,275402,280015,"9,6,4"
9,286415,1171227,"-7,4,3,7"
9,1175380,279696,"9,5,6"
9,1187714,271876,"6,4,5"
9,1186588,281969,"10,10,4"
9,280444,284725,"12,1,-9,6"
9,51749,269408,"6,5,4"
9,1184629,1185097,"6,-7,8,7"
9,221078,2059,"-7,5,-6,8,13"
9,256702,285664,"9,11,10"
9,277801,1180148,"4,10,-10,-7,9"
9,285368,275099,"4,3,4"
9,51749,284753,"3,4,4"
9,10415,279231,"4,6,2"
9,1131695,1187702,"8,16,8"
9,265517,285094,"9,-3,3,3"
9,1171169,85287,"9,9,0"
9,47064,61680,"-8,9,9,9"
9,74872,286408,"9,2,6"
9,282348,285378,"8,6,6"
9,72387,75749,"12,4,8"
9,47761,1165054,"8,5,-8,9"
9,74872,88195,"5,4,11"
9,281956,285886,"-8,13,8,-10,4"
9,283584,1171562,"-11,3,4,-10,10"
9,274863,1184629,"6,9,-8,11"
9,1131695,271145,"5,-4,12,6"
9,75749,269693,"7,9,9"
9,285723,1187700,"4,3,7"
9,269693,285147,"7,5,-11,6"
9,76060,1177962,"0,5,3"
9,95314,285663,"6,7,7"
9,1171292,1178109,"-10,10,8,4"
9,88635,274741,"8,6,8"
9,270305,286023,"5,3,3"
9,98262,97561,"5,2,8"
9,10052,13660,"4,3,8"
9,269965,286014,"10,-9,10,-2,10"
9,223530,1168015,"4,5,6"
9,282077,273522,"2,9,3"
9,284305,28559,"7,9,8"
9,1173259,15550,"6,6,5"
9,269965,274788,"2,6,5"
9,271494,285093,"7,3,0"
9,80676,27292,"4,6,5"
9,275469,275297,"3,4,5"
9,274201,275392,"9,6,9"
9,279902,1177585,"5,9,5"
9,271322,271190,"2,2,7"
9,86207,82230,"5,3,8"
9,221260,278584,"7,-10,8,6"
9,1973,74986,"4,7,9"
9,3727,85287,"7,7,4"
9,230237,231177,"-12,7,5,7"
9,1178109,285555,"5,5,4"
9,89877,281837,"7,-7,11,-9,11"
9,1173994,279616,"5,-9,9,-9,7"
9,286011,214854,"-9,8,9,3"
9,220808,1178109,"6,3,8"
9,275101,277048,"-8,-12,5,5,5"
9,271876,1176822,"5,-7,8,-9,4"
9,1187699,279902,"-9,6,10,13"
9,274722,279806,"1,1,2"
9,277426,275464,"9,4,10"
9,13020,61392,"4,5,3"
9,98280,82256,"-10,4,8,8"
9,1167520,270749,"8,9,9"
9,274863,10669,"8,3,7"
9,94668,1178089,"8,7,7"
9,280003,282218,"-3,1,-5,5,4"
9,286413,214915,"5,11,9"
9,1187760,271494,"3,4,5"
9,271061,285085,"1,4,8"
9,92296,1180688,"5,6,6"
9,1182219,30066,"4,7,6"
9,277513,285189,"9,6,8"
9,280535,74872,"7,9,5"
9,274492,1181532,"3,4,5"
9,250211,1185097,"5,5,7"
9,214471,1174325,"5,8,7"
9,217579,86925,"-9,9,6,9"
9,271344,1179779,"3,5,3"
9,285094,1174326,"8,4,-8,12"
9,286415,1171728,"6,14,2"
9,272956,1187705,"-8,-5,10,5,8"
9,86095,278293,"3,5,-8,5"
9,284818,280325,"5,1,2"
9,72242,1183018,"7,6,11"
9,77764,61680,"7,-6,7,-9,3"
9,221340,1170842,"4,1,-10,3"
9,285631,270725,"6,4,8"
9,274201,1173573,"9,4,7"
9,217487,14914,"9,-5,9,11"
9,1170751,280549,"0,0,1"
9,1165422,1171468,"12,7,7"
9,198840,285253,"4,6,-8,5"
9,217578,1171011,"8,9,-7,9"
9,281837,285095,"5,6,1"
9,1183000,277839,"-7,4,4,7"
9,285368,222276,"6,4,5"
9,94395,1178675,"4,5,8"
9,1171468,269971,"4,2,1"
9,220781,230232,"-8,5,6,1"
9,1187749,275055,"5,3,3"
9,216569,271501,"4,3,4"
9,73216,94469,"-7,5,-8,8,9"
9,1150995,94302,"8,4,5"
9,285085,1180658,"15,-8,5,8"
9,275466,17550,"6,3,5"
9,224231,198840,"6,10,5"
9,220032,271061,"4,12,3"
9,94298,280445,"13,5,6"
9,271771,268669,"5,-9,3,9"
9,1171856,1176275,"4,3,7"
9,280543,1183031,"6,8,5"
9,45824,27823,"5,1,5"
9,76535,88195,"7,8,5"
9,221365,277426,"8,4,2"
9,286012,278879,"2,8,5"
9,217083,27458,"8,9,-12,2"
9,230232,1184629,"6,6,6"
9,1175782,281947,"4,4,8"
9,285297,279838,"3,5,8"
9,269693,273411,"7,6,8"
9,275286,1178802,"1,2,3"
9,83264,270703,"7,4,-10,5"
9,271813,277354,"4,-9,9,9"
9,90843,10927,"7,10,7"
9,279803,266865,"3,2,6"
9,1170842,6268,"8,12,12"
9,202883,221365,"-10,5,-5,4,8"
9,283200,1174431,"8,2,3"
9,279803,1187697,"-7,7,9,9"
9,285094,278846,"1,6,2"
9,275301,82297,"11,2,-7,3"
9,1173688,1173728,"8,11,8"
9,278584,1171227,"-8,10,5,4"
9,7414,1185353,"4,-10,5,10"
9,271771,270393,"8,8,-8,-8,7"
9,1187715,1182419,"7,3,8"
9,1132341,285555,"2,5,6"
9,273382,284655,"-9,5,5,6"
9,285137,273218,"2,6,7"
9,279058,1168593,"9,6,8"
9,229592,273672,"5,10,9"
9,277053,1183030,"7,-5,-9,8,7"
9,217579,85544,"7,6,-7,14"
9,277904,1177302,"11,-7,7,6"
9,1178089,1187724,"5,8,-8,7"
9,30992,926764,"7,9,-5,6"
9,275235,77885,"4,2,6"
9,6857,1187732,"2,1,6"
9,275297,279476,"-6,-5,7,9,0"
9,271596,1174369,"-9,12,-10,5,7"
9,63010,224165,"-8,3,7,9"
9,147750,1168339,"2,-10,3,6"
9,273772,276160,"-4,8,5,-8,6"
9,216131,264823,"8,9,8"
9,93322,203245,"5,-6,3,-10,7"
9,1166717,85510,"8,9,5"
9,84357,85287,"3,2,-5,3"
9,264548,1165042,"-9,10,8,-6,9"
9,280535,216415,"5,1,2"
9,1180710,1180986,"-7,7,8,-8,11"
9,271275,271424,"6,8,6"
9,274463,279405,"-9,7,8,3"
9,277496,1179256,"7,-7,9,-11,9"
9,218929,1172243,"6,3,9"
9,1174431,270460,"5,0,3"
9,224165,274740,"1,2,3"
9,197388,281355,"-7,9,-4,7,10"
9,1187361,1169110,"10,-9,8,4"
9,274994,286012,"9,7,5"
9,273762,271178,"12,-5,9,-6,5"
9,96338,217582,"10,-11,9,-9,9"
9,1172441,282523,"-7,6,7,8"
9,274799,1180663,"4,6,-6,-7,8"
9,270911,1173779,"7,-5,-8,7,7"
9,271191,285094,"9,7,5"
9,1187728,220781,"6,-5,10,-6,9"
9,1168593,1184152,"7,7,14"
9,269793,273158,"7,8,6"
9,1177907,223241,"3,3,3"
9,277839,1172724,"-8,9,-9,9,11"
9,270194,1169425,"5,8,1"
9,276162,280003,"5,5,6"
9,286416,82211,"7,-8,9,-6,8"
9,215306,10437,"5,3,2"
9,1180684,1174103,"7,9,-9,-7,8"
9,265649,1179780,"6,4,6"
9,88635,285556,"1,-6,3,4"
9,1171853,1177045,"6,7,5"
9,279402,276193,"6,7,8"
9,30066,283902,"5,-9,6,4"
9,285392,1178089,"-7,6,7,7"
9,277359,86925,"9,-7,4,-8,9"
9,277359,284796,"9,6,7"
9,274478,96029,"3,4,-7,7"
9,1167093,276193,"-6,8,7,-7,6"
9,1176451,279560,"4,6,3"
9,284831,219775,"5,11,7"
9,1187438,1187742,"4,-10,-4,5,7,5"
9,222276,1186120,"7,7,6"
9,34027,214854,"6,7,6"
9,88195,1184629,"8,-12,3,10"
9,271771,1178555,"4,7,7"
9,926332,1187732,"7,8,-8,7"
9,1179259,1181532,"6,3,4"
9,274478,95991,"4,9,3"
9,270900,278584,"-5,4,9,3"
9,285165,1178096,"9,7,-8,8"
9,285163,279485,"9,3,-8,-6,9"
9,272975,1177045,"6,3,6"
9,281948,281942,"-7,12,9,3"
9,221729,1178677,"8,2,6"
9,285136,1177959,"8,5,7"
9,1183018,276162,"4,9,5"
9,271191,276426,"-9,9,-8,7,4"
9,1178952,279476,"6,3,4"
9,284374,272422,"-6,6,6,-9,8"
9,285379,95991,"9,9,10"
9,285137,277801,"1,6,5"
9,202365,1171292,"7,11,8"
9,203271,1176807,"-9,4,6,5"
9,1167521,285136,"4,3,5"
9,1187757,230237,"6,4,-4,9"
9,1180983,1179780,"-9,4,3,4"
9,1174371,275297,"4,6,2"
9,1186360,281837,"10,2,7"
9,217073,279691,"5,9,12"
9,94538,1170842,"5,3,2"
9,1186435,1171127,"5,5,9"
9,285136,285139,"7,5,9"
9,279405,284366,"8,5,7"
9,284725,1178256,"5,5,-11,-9,9"
9,1180565,276162,"5,6,5"
9,22286,273735,"6,5,6"
9,275925,1169425,"5,6,8"
9,271042,1179779,"9,6,8"
9,283762,267295,"5,8,-9,5"
9,1172399,1178555,"9,-6,10,10"
9,8144,34825,"6,7,-8,8"
9,65637,27458,"-10,9,9,9"
9,274994,1167521,"11,9,-10,7"
9,270900,276502,"3,7,6"
9,1170878,276135,"7,12,2"
9,274350,1173246,"3,3,-8,6"
9,3916,284016,"6,4,7"
9,267433,279282,"4,8,2"
9,286008,273522,"7,4,4"
9,272218,1173124,"2,8,8"
9,1187725,92549,"9,2,3"
9,275301,286408,"4,5,6"
9,280491,285139,"5,5,3"
9,264897,1171226,"3,9,6"
9,270494,1173092,"4,4,7"
9,53412,271581,"4,5,7"
9,279405,1187698,"10,2,6"
9,4883,1166750,"8,4,8"
9,73712,88854,"10,7,8"
9,94469,72242,"-9,6,7,11"
9,82547,280508,"9,4,4"
9,230162,263089,"-9,5,-2,8,5"
9,1174461,285555,"5,-9,6,0"
9,217582,278293,"12,10,5"
9,1169576,271596,"9,14,3"
9,285164,1186910,"8,2,6"
9,267124,1180710,"4,8,8"
9,88195,256712,"8,-6,-8,9,7"
9,72242,275694,"7,11,6"
9,1176627,1171762,"8,6,9"
9,1170759,1171128,"6,-7,4,-9,7"
9,285516,1173994,"5,7,-7,-10,8"
9,1170842,1177959,"3,7,7"
9,14914,220985,"11,-9,7,-8,7"
9,92550,1183019,"10,-8,4,7"
9,91757,92461,"3,8,10"
9,926332,71734,"9,4,-14,12"
9,222971,1171854,"4,6,3"
9,211608,222971,"-3,-6,5,9,7"
9,54730,1172844,"5,9,6"
9,1183047,280000,"-8,-7,3,7,4"
9,1177962,276233,"-9,9,0,9"
9,1185246,270746,"11,-7,-11,7,4"
9,90786,223635,"4,7,9"
9,282218,278213,"7,-8,13,-8,12"
9,1176439,278642,"8,8,8"
9,275099,1183736,"2,3,2"
9,270911,279542,"7,6,2"
9,96338,219769,"9,-5,5,2"
9,1184629,271500,"4,5,6"
9,1177045,271494,"12,7,8"
9,275101,275070,"2,7,6"
9,95531,214419,"12,6,5"
9,273085,274350,"-9,4,6,-5,4"
9,270703,1180429,"-9,-8,9,7,5"
9,277744,280096,"-10,7,5,7"
9,270746,1177302,"-9,-8,5,7,8"
9,50664,35094,"6,15,-5,9"
9,279058,280549,"-10,2,4,5"
9,1132341,1176439,"3,5,8"
9,1187711,229714,"2,4,-8,-8,8"
9,92219,1183053,"8,4,4"
9,113379,91757,"18,12,10"
9,27825,47919,"6,6,4"
9,62089,91169,"3,6,5"
9,217579,270494,"-9,9,10,10"
9,221814,93102,"8,-6,8,8"
9,224191,273685,"4,6,2"
9,271344,1187694,"5,9,7"
9,1187698,284796,"7,-5,8,-5,7"
9,277513,279916,"7,5,-6,5"
9,1176627,266865,"3,8,7"
9,272978,1175986,"1,2,3"
9,60472,275034,"-5,6,11,-2,9"
9,222276,273085,"6,7,3"
9,1169576,268875,"8,7,-8,-8,5"
9,1177884,91444,"-7,5,9,10"
9,285323,276160,"7,8,5"
9,1186359,275925,"4,4,5"
9,271275,1172724,"0,5,8"
9,222939,72286,"5,6,8"
9,1172111,285136,"9,-9,8,8"
9,266865,264548,"9,1,-7,-5,7"
9,1185330,1165054,"8,9,-12,3"
9,283200,1167939,"8,-8,5,5"
9,223760,271813,"-9,9,4,-12,10"
9,58132,270105,"6,-5,-8,5,1"
9,215008,72178,"5,4,4"
9,279617,1176454,"9,8,9"
9,1187725,217083,"3,6,8"
9,217440,95019,"10,-10,-8,8,9"
9,220993,1164236,"9,7,3"
9,1171128,217073,"5,8,-8,4"
9,270194,279692,"8,4,6"
9,1177832,72286,"11,6,8"
9,1187704,221549,"8,6,7"
9,270991,94395,"8,11,3"
9,1180984,217219,"4,4,5"
9,30066,273520,"8,8,9"
9,98266,275402,"2,2,3"
9,1187714,219888,"8,9,3"
9,1177302,1172724,"7,4,10"
9,76235,1186119,"4,9,-4,-10,3"
9,29525,286398,"8,9,12"
9,286014,221340,"8,4,5"
9,95248,95669,"8,8,6"
9,286415,1180148,"4,5,3"
9,271149,94302,"4,9,5"
9,1173259,256702,"9,11,4"
9,1187708,1178677,"5,6,9"
9,1183018,276426,"3,-9,4,6"
9,74880,1183053,"3,2,9"
9,1180776,1187710,"4,11,-6,6"
9,81946,77388,"7,7,10"
9,203271,77764,"6,4,6"
9,276226,284004,"-10,8,10,9"
9,1171728,285555,"6,3,8"
9,90211,1168383,"9,8,7"
9,1176913,281837,"8,-8,10,9"
9,218929,96338,"-9,9,4,7"
9,271061,1175782,"4,3,6"
9,270305,274350,"-9,9,5,-5,7"
9,1182217,271813,"9,9,9"
9,1185246,271975,"-7,3,8,8"
9,270105,280508,"4,-6,6,5"
9,266740,72286,"9,7,10"
9,65198,47919,"-7,-10,3,11,7"
9,8005,5724,"7,7,12"
9,74893,285323,"-6,7,7,9"
9,82256,274741,"6,6,6"
9,61449,72008,"1,5,5"
9,1175988,1181392,"5,5,8"
9,220993,285296,"9,10,10"
9,285368,285163,"1,4,5"
9,217958,280508,"7,9,11"
9,274479,1187710,"5,9,8"
9,1183034,84431,"10,3,6"
9,61680,278642,"14,-2,10,-10,7"
9,84904,1187695,"11,8,8"
9,280202,78058,"-7,7,-4,9,9"
9,203245,271581,"8,5,-9,3"
9,1169792,221548,"4,7,9"
9,14914,270131,"4,-8,7,3"
9,1178089,275657,"9,11,6"
9,50664,95991,"11,-6,5,-7,5"
9,76652,81606,"5,-10,-7,8,13"
9,271275,276160,"7,8,5"
9,264548,1183044,"10,12,-9,3"
9,1182219,276823,"-7,5,2,9"
9,280508,96174,"-9,12,6,5"
9,54730,1166878,"5,11,3"
9,1180565,270748,"9,10,8"
9,86925,21978,"7,9,10"
9,229592,39809,"4,6,1"
9,1171226,1173994,"-7,9,9,6"
9,270846,1178677,"3,5,2"
9,1171728,280445,"8,-4,4,-10,8"
9,219210,281942,"9,10,-14,9"
9,285625,271596,"8,7,3"
9,276502,283602,"7,4,5"
9,1187731,84273,"-5,9,-10,9,7"
9,60706,62151,"4,5,4"
9,279405,88854,"-10,1,7,5"
9,94049,271205,"5,-6,-12,8,8"
9,59455,273685,"-9,5,8,12"
9,271274,277904,"4,11,8"
9,278642,281837,"6,6,6"
9,1175564,285315,"6,5,8"
9,1171562,279933,"7,7,7"
9,1173259,269745,"-8,-8,8,16,9"
9,1185246,279542,"3,2,7"
9,1174368,1186113,"6,5,8"
9,271137,1182627,"5,8,5"
9,1178109,274722,"9,5,9"
9,272060,276426,"-5,7,8,-7,8"
9,285094,1171227,"4,7,10"
9,219939,48477,"6,4,2"
9,1187740,281499,"8,11,1"
9,284888,34589,"4,5,6"
9,230904,1174369,"-8,5,6,-8,5"
9,266395,264093,"8,7,5"
9,1164236,1186360,"7,3,4"
9,91612,81374,"8,-6,8,11"
9,94298,284016,"4,11,7"
9,34207,50664,"8,5,7"
9,1170753,285506,"7,6,-9,7"
9,61680,83506,"7,4,10"
9,1187757,1169110,"6,6,3"
9,271207,203245,"10,-9,-8,10,7"
9,7414,41466,"2,3,4"
9,1187697,285137,"-9,8,8,7"
9,284922,1172111,"9,7,4"
9,1179779,1174371,"10,-9,5,3"
9,284319,276520,"8,9,-6,8"
9,1187757,90353,"7,4,6"
9,1172441,285900,"-9,10,5,12"
9,281948,270305,"5,8,6"
9,230237,1177959,"1,2,6"
9,27027,1183031,"9,9,11"
9,277441,279820,"-7,9,9,-4,16"
9,277537,282218,"-9,5,-9,3,7"
9,1170753,1182631,"7,9,5"
9,220808,285555,"1,4,1"
9,285505,1178802,"8,2,8"
9,1181518,1185097,"8,14,8"
9,280491,285094,"8,-10,9,8"
9,1171227,275297,"7,4,11"
9,268857,278879,"7,4,8"
9,90211,45824,"-7,5,-7,16,6"
9,89877,1168339,"7,4,7"
9,273158,1187744,"1,0,2"
9,285664,271191,"-4,7,6,3"
9,277839,1180429,"0,9,4"
9,270709,269971,"5,3,-9,-9,5"
9,1186470,281969,"-8,-8,8,4,4"
9,211736,1182627,"5,2,3"
9,270846,275086,"4,9,-6,-5,7"
9,285557,1183019,"4,2,4"
9,276426,280015,"3,5,6"
9,1178952,275297,"-10,8,4,9"
9,98266,1175585,"5,5,6"
9,270746,1187748,"2,0,2"
9,223659,279691,"-7,-6,9,3,10"
9,927185,1173107,"9,5,6"
9,270911,285303,"8,8,5"
9,286014,1187747,"11,7,11"
9,14914,215008,"-7,5,9,9"
9,81793,229592,"4,6,6"
9,279916,275297,"-9,2,7,6"
9,202777,223241,"6,9,6"
9,274863,279563,"8,-8,5,9"
9,1176448,279282,"7,4,6"
9,1171474,91267,"-8,10,7,0"
9,271178,285303,"5,9,-9,4"
9,284655,280000,"6,9,9"
9,1165420,203271,"4,5,4"
9,1177956,273158,"-7,8,7,-5,5"
9,65198,98280,"3,4,6"
9,23538,230904,"7,7,3"
9,1187698,202589,"-5,9,-7,2,10"
9,28559,229470,"-8,9,-6,8,1"
9,1131695,4883,"8,8,9"
9,1178109,1187697,"1,1,1"
9,1186120,270709,"8,12,8"
9,256702,285137,"6,3,4"
9,1178080,1177962,"9,9,12"
9,286012,1179256,"9,6,-9,4"
9,274741,85287,"1,3,13"
9,222939,277217,"3,2,5"
9,1171815,269408,"5,10,9"
9,276502,275055,"8,-5,9,10"
9,72387,197388,"7,6,8"
9,84431,95248,"-11,6,9,11"
9,98266,281969,"5,2,7"
9,1179779,284725,"10,6,2"
9,92451,280508,"9,6,8"
9,35094,33040,"11,2,5"
9,8144,65198,"7,7,12"
9,271145,1176548,"2,9,8"
9,96071,79223,"5,2,2"
9,281355,72242,"6,4,11"
9,271482,277441,"-11,6,5,5"
9,1165674,221549,"7,2,7"
9,285663,1186477,"-7,8,9,11"
9,277048,1177959,"-6,7,7,-3,6"
9,285296,276823,"7,9,7"
9,284888,284887,"9,9,-9,-8,9"
9,1176448,1177324,"4,-9,4,-5,9"
9,270105,1167098,"8,6,6"
9,269693,84273,"5,-8,9,0"
9,215565,281942,"7,-7,12,-5,9"
9,271813,273158,"9,-7,6,8"
9,1183019,279820,"7,9,8"
9,1177302,1178952,"3,9,3"
9,1174255,280000,"-6,17,5,2"
9,277904,271149,"9,10,8"
9,263612,1174050,"9,4,8"
9,285261,1131695,"5,8,-9,7"
9,282077,282218,"5,9,5"
9,221729,271344,"3,8,-12,2"
9,26664,221365,"6,7,-10,-8,8"
9,86095,264093,"5,-9,6,6"
9,1180010,276162,"9,5,3"
9,284875,274492,"5,8,7"
9,93322,221365,"-9,6,11,5"
9,265334,279058,"5,3,1"
9,1157612,91267,"6,6,7"
9,1169425,1173828,"-7,6,-5,4,5"
9,273685,1175402,"5,7,4"
9,1171815,94049,"10,7,3"
9,266638,283584,"3,8,8"
9,1176807,1178109,"7,8,6"
9,1174324,282218,"6,5,6"
9,264093,272584,"4,9,7"
9,283762,1172844,"2,3,3"
9,281948,1175835,"4,2,1"
9,277585,25344,"9,-10,9,9"
9,285505,1178802,"-8,2,4,7"
9,1186360,91252,"4,9,-4,9"
9,34207,926764,"4,8,8"
9,1150977,273085,"7,-6,7,9"
9,1174368,284708,"5,5,-9,3"
9,217865,1172243,"7,4,6"
9,273260,1179256,"7,1,3"
9,271875,279485,"9,7,9"
9,1186120,219609,"6,5,-7,9"
9,1178675,285900,"4,5,7"
9,77885,88635,"7,8,-9,-7,8"
9,285305,275292,"7,3,-8,9"
9,271813,285094,"13,10,10"
9,202651,1183031,"9,-8,4,10"
9,278879,279476,"9,6,6"
9,95531,230237,"7,10,6"
9,281837,283902,"4,-9,9,3"
9,13020,8429,"4,7,6"
9,1187704,272218,"6,4,9"
9,271482,1178086,"8,5,5"
9,1171226,1183047,"7,11,-8,9"
9,271344,1173129,"6,9,-9,8"
9,277147,1177956,"8,7,6"
9,91612,78166,"4,6,7"
9,281969,202009,"5,5,4"
9,50908,97770,"4,-5,8,7"
9,275464,285090,"8,-11,11,9"
9,1166024,270305,"4,9,13"
9,279402,202979,"7,5,9"
9,64549,1183700,"-10,8,9,3"
9,274994,269693,"6,-8,8,10"
9,1178092,1187705,"3,4,9"
9,1174371,275392,"5,10,5"
9,95000,203231,"11,4,13"
9,1165674,1166449,"4,8,9"
9,55345,6703,"6,9,6"
9,74872,275301,"6,6,6"
9,275657,282218,"4,10,5"
9,62488,1172016,"2,5,9"
9,217579,33040,"14,10,-8,7"
9,278125,266835,"6,5,7"
9,1182879,278884,"6,7,10"
9,1187735,1183053,"-9,10,9,9"
9,271178,1183294,"2,6,5"
9,87979,1178675,"8,-8,8,3"
9,217865,1180710,"4,-4,-5,9,14"
9,1187757,1171643,"2,9,2"
9,7414,223530,"8,10,7"
9,52333,1180688,"7,9,10"
9,91444,283200,"6,4,-9,-10,11"
9,1172563,1174368,"5,-6,-6,7,9"
9,1173728,284655,"-7,10,10,-8,8"
9,1187757,270083,"2,9,7"
9,279820,1182993,"1,7,5"
9,280157,270836,"8,8,-4,-10,6"
9,1174324,277894,"6,-4,7,-5,9"
9,219450,218523,"9,-6,-5,6,9"
9,1176439,88635,"15,-11,12,9"
9,219210,285392,"4,5,9"
9,270105,223530,"7,-7,8,-7,7"
9,285094,1183736,"5,5,5"
9,94298,215008,"-9,10,5,6"
9,285137,271190,"-9,9,9,-3,9"
9,1131757,92451,"2,7,4"
9,81325,51370,"1,2,3"
9,220032,1186477,"6,9,6"
9,1173259,86472,"2,7,5"
9,271771,1171127,"-7,9,7,7"
9,35094,47261,"-8,7,8,-7,8"
9,222763,216225,"2,10,2"
9,77388,218928,"4,-4,6,10"
9,82211,14914,"5,3,7"
9,270709,6696,"10,10,7"
9,32916,87850,"9,-9,6,6"
9,1166024,268875,"3,5,3"
9,1182694,86697,"8,10,7"
9,231169,1170878,"-7,10,4,9"
9,274722,271275,"6,-3,12,5"
9,218469,1182694,"7,5,3"
9,215232,92451,"4,-8,-4,4,9"
9,220781,273520,"7,6,6"
9,276823,286007,"3,4,2"
9,274741,926332,"4,8,6"
9,8144,30068,"6,4,5"
9,1165421,92549,"1,6,4"
9,1174255,1175986,"3,8,1"
9,217865,91339,"8,1,6"
9,285178,69904,"2,7,-4,5"
9,277019,264897,"9,7,-13,4"
9,6857,76060,"7,5,-3,-9,7"
9,277515,217579,"7,-9,3,2"
9,270404,212182,"4,1,3"
9,1172724,1168593,"8,-4,5,6"
9,222939,272422,"11,-4,7,5"
9,216225,1173129,"-15,12,16,-9,12"
9,54730,263089,"6,-8,9,3"
9,276426,282218,"7,5,2"
9,1187740,1177802,"6,9,6"
9,220032,1176550,"7,5,6"
9,1178677,1178256,"4,5,6"
9,202883,230162,"7,-8,-6,8,9"
9,277147,1173246,"-10,7,9,4"
9,1177954,273772,"4,9,-9,5"
9,1180688,39809,"5,-10,6,5"
9,73712,1165461,"-10,-5,9,8,8"
9,279803,285137,"6,8,-9,6"
9,277742,281947,"5,7,4"
9,202363,267363,"8,8,8"
9,224072,277801,"8,3,6"
9,1174325,271876,"-8,8,-7,15,8"
9,1187757,276191,"4,7,4"
9,1187755,1179255,"9,10,7"
9,275290,1178256,"5,9,6"
9,224191,1176827,"6,2,4"
9,1171856,264662,"11,7,-9,5"
9,269745,6268,"3,6,9"
9,271799,281837,"-9,12,9,-7,9"
9,1187740,280543,"-6,8,-8,12,3"
9,1174103,273735,"8,-12,9,-7,9"
9,72286,270460,"10,-8,6,6"
9,284004,286222,"5,10,7"
9,284374,1170430,"9,6,5"
9,285505,1175585,"9,9,7"
9,1173507,270709,"-8,3,4,-13,13"
9,56980,33040,"10,5,1"
9,273260,1176448,"3,-14,9,7"
9,286014,1178092,"3,2,4"
9,271975,279542,"2,3,3"
9,276191,275694,"7,-10,8,14"
9,215565,221260,"6,9,3"
9,219351,279624,"8,5,2"
9,1173573,279916,"9,-3,9,9"
9,76010,90786,"-3,-9,10,9,9"
9,9784,86472,"5,5,10"
9,89360,285900,"5,8,-9,3"
9,220833,1186359,"9,7,5"
9,273772,1175529,"4,4,5"
9,1184458,1177036,"9,10,-7,10"
9,1186471,285296,"-9,4,5,-9,5"
9,1171127,281355,"-9,9,-8,11,7"
9,1171730,1178086,"4,8,7"
9,231169,1173688,"5,5,9"
9,285094,279542,"3,3,3"
9,271260,82297,"9,-4,-9,9,8"
9,1171853,276191,"-6,-5,2,8,8"
9,1176627,34207,"-10,6,-6,8,5"
9,1174326,271191,"9,-4,9,-7,10"
9,223729,217436,"3,4,6"
9,8429,14504,"-10,8,7,5"
9,217578,283902,"6,5,7"
9,51749,221365,"8,5,5"
9,85510,88635,"2,7,4"
9,25053,275694,"-7,8,10,-9,6"
9,273283,217579,"5,7,-7,7"
9,1176807,51749,"6,3,8"
9,86472,273283,"5,4,4"
9,274463,280508,"3,3,5"
9,270991,285320,"0,9,1"
9,9201,1179259,"3,3,3"
9,280015,1187759,"7,11,8"
9,222939,270404,"-7,3,6,5"
9,270393,285516,"9,2,7"
9,1187734,270911,"9,9,8"
9,1176827,12141,"3,9,5"
9,14752,75749,"-4,-7,5,9,12"
9,1164236,221139,"7,5,3"
9,9501,72553,"5,-9,-7,3,6"
9,38163,1180658,"3,4,9"
9,271581,284291,"8,2,0"
9,1164157,56980,"6,-8,-4,13,9"
9,275250,1170805,"9,5,11"
9,1183018,1183000,"7,-10,-6,3,9"
9,1187760,280003,"9,3,3"
9,217487,77885,"9,9,4"
9,275037,1150977,"9,7,12"
9,81793,76010,"6,4,5"
9,271070,279282,"8,5,7"
9,1172441,92451,"3,10,8"
9,34027,89832,"8,-7,9,8"
9,281837,1183030,"7,6,-9,8"
9,10669,1180776,"5,8,4"
9,262852,265517,"3,1,8"
9,285368,212806,"7,13,3"
9,1178103,45824,"7,-7,-6,3,1"
9,1150978,1180658,"8,7,-6,11"
9,285368,271482,"8,3,5"
9,256702,277927,"5,3,4"
9,62089,71746,"8,5,-5,7"
9,229635,277441,"9,5,3"
9,276539,1186360,"5,5,-6,9"
9,21768,18802,"6,4,8"
9,277904,1173129,"-10,7,5,2"
9,97781,28736,"5,8,5"
9,96029,1178073,"-9,-3,8,4,5"
9,285303,279542,"9,5,-7,7"
9,270393,223757,"6,10,7"
9,216909,280508,"-5,-7,7,5,6"
9,220993,91757,"6,7,7"
9,284922,1176439,"5,9,6"
9,272737,223241,"5,2,2"
9,270494,285308,"4,6,10"
9,1176439,273411,"12,-9,6,9"
9,218929,202651,"10,10,7"
9,5004,56980,"3,10,6"
9,285294,286406,"5,3,6"
9,1187731,1150978,"1,5,-9,2"
9,276728,271248,"-10,-10,3,8,9"
9,271056,33931,"5,4,9"
9,285091,1187758,"3,11,9"
9,283260,1443,"9,3,6"
9,1187699,1173124,"8,7,7"
9,95019,5724,"9,-9,-4,8,4"
9,85545,284753,"5,4,-12,-8,1"
9,281837,1177669,"-11,8,1,9"
9,270709,1173573,"4,3,5"
9,274350,285147,"7,7,4"
9,275925,28736,"8,8,9"
9,1175782,216131,"5,8,9"
9,1187761,1174324,"8,6,6"
9,1171127,1177585,"4,5,4"
9,274201,221260,"5,6,-6,-7,10"
9,217578,84735,"3,4,10"
9,230904,69850,"7,6,7"
9,279617,285165,"-4,-6,4,5,7"
9,1173129,1187694,"5,2,6"
9,1177588,1175756,"8,10,8"
9,285723,274479,"0,3,5"
9,202589,1187700,"2,3,2"
9,262852,270900,"1,9,7"
9,1180429,282218,"12,1,4"
9,1183047,280491,"10,-4,9,4"
9,211903,274863,"2,9,8"
9,223847,1176548,"6,5,8"
9,81325,13020,"-7,-4,9,9,8"
9,277513,215326,"6,-4,7,-3,9"
9,1177907,1150977,"3,2,1"
9,286008,280157,"-6,10,-11,5,8"
9,92296,47064,"8,7,7"
9,1171643,279795,"2,1,1"
9,276417,1179779,"9,8,-7,-9,8"
9,284142,1187734,"9,6,9"
9,224089,275301,"9,4,14"
9,271813,279594,"5,7,-11,8"
9,277904,268857,"7,4,5"
9,1187757,285261,"-16,11,7,7"
9,282826,286008,"7,6,9"
9,1187756,1166878,"3,4,1"
9,1179779,1179256,"9,8,-7,6"
9,274866,279025,"2,8,4"
9,224072,1174326,"10,9,4"
9,1171127,1187705,"9,-8,7,5"
9,98266,78089,"5,-10,5,7"
9,203271,1167520,"5,4,3"
9,1166024,218929,"6,4,-5,1"
9,1187749,279696,"4,6,9"
9,86095,1172399,"5,6,8"
9,279560,271875,"7,6,-8,7"
9,265517,221260,"-3,-12,5,3,4"
9,274567,1187706,"6,7,7"
9,95314,1173763,"4,4,5"
9,10437,30066,"4,4,2"
9,202009,284366,"9,6,7"
9,277053,24961,"-7,9,-14,5,7"
9,82230,203231,"11,4,-8,-12,4"
9,81793,221365,"3,9,6"
9,224089,98184,"9,3,5"
9,262852,1174325,"8,7,5"
9,1183000,1150978,"4,-8,6,8"
9,215555,216569,"8,-9,6,-9,8"
9,1174699,1180983,"6,9,9"
9,277906,270748,"5,8,9"
9,217440,285634,"8,11,-7,11"
9,1178113,271056,"2,2,2"
9,281463,31669,"1,5,-6,6"
9,1178107,81606,"8,-11,7,10"
9,1178109,51749,"10,-8,9,7"
9,53211,1178675,"-9,6,-8,4,8"
9,1175564,230556,"5,5,8"
9,218929,230232,"7,7,6"
9,95531,1179255,"11,-6,-5,13,9"
9,281528,277496,"5,9,-6,5"
9,1173505,274995,"3,3,-8,-13,5"
9,1187702,1174461,"5,7,-9,9"
9,5004,43265,"4,4,9"
9,1181392,1187759,"5,6,-8,5"
9,271876,269971,"7,7,5"
9,217440,281705,"4,5,4"
9,285663,270749,"3,4,7"
9,86641,1181392,"7,7,3"
9,280444,95531,"-3,13,13,8"
9,276520,285295,"6,3,5"
9,217579,271610,"7,8,-10,4"
9,97561,1175747,"8,8,4"
9,286012,270889,"6,7,5"
9,279916,1183904,"3,5,2"
9,275469,276624,"5,7,7"
9,25053,256712,"7,6,7"
9,277904,271876,"7,5,8"
9,278658,1177956,"11,10,12"
9,1187361,91444,"2,5,9"
9,82211,278125,"7,-8,6,5"
9,197388,285664,"6,8,-8,8"
9,286016,1180148,"4,7,10"
9,1183000,1176448,"8,7,14"
9,1173546,266638,"9,9,6"
9,224191,76010,"6,5,6"
9,284374,280214,"6,1,4"
9,280015,280003,"-3,10,-7,3,8"
9,274479,285316,"6,2,2"
9,34207,62089,"-10,8,8,10"
9,1131695,1187385,"7,2,9"
9,1186470,1184629,"7,11,7"
9,1171501,85287,"8,7,-6,10"
9,82256,6609,"9,3,4"
9,92296,94988,"7,2,7"
9,276426,1150987,"5,3,7"
9,221548,62550,"10,-4,8,4"
9,1166717,83264,"8,8,8"
9,284831,30753,"8,-10,5,10"
9,221814,90211,"4,-5,1,6"
9,202883,1176561,"9,8,-11,9"
9,54488,279402,"-8,8,9,-7,8"
9,285296,1183700,"8,4,7"
9,271275,273772,"4,6,-8,8"
9,286014,267125,"9,6,1"
9,1171728,88485,"7,5,4"
9,276539,271056,"7,-7,7,4"
9,88854,10669,"10,-9,6,6"
9,1178113,1182523,"6,2,7"
9,272898,15550,"3,9,6"
9,60234,266540,"5,5,5"
9,1180339,285297,"12,9,7"
9,274788,279916,"10,9,11"
9,1168131,1186894,"7,12,7"
9,256712,71436,"8,6,3"
9,269408,230162,"7,11,4"
9,279405,10669,"4,7,-9,5"
9,270703,280015,"-8,9,3,1"
9,285308,1186903,"7,9,7"
9,1175564,81793,"9,3,9"
9,51749,285292,"1,1,3"
9,218469,26208,"6,-17,6,6"
9,23283,84735,"4,8,5"
9,279993,277496,"9,9,-8,8"
9,219450,270393,"8,5,9"
9,281902,95019,"8,2,7"
9,3727,274567,"7,-7,8,9"
9,1177045,285093,"3,2,1"
9,217865,1171856,"8,-8,4,-10,7"
9,282077,281947,"8,7,6"
9,285921,1183904,"4,3,4"
9,267124,1173763,"2,3,4"
9,63010,285554,"4,2,9"
9,1131692,86095,"5,2,-8,4"
9,271178,1177768,"8,4,-11,6"
9,1171856,273762,"6,4,6"
9,220781,59455,"10,6,3"
9,110466,1187689,"2,3,8"
9,284911,1187385,"10,2,6"
9,283200,230232,"9,5,8"
9,5724,284831,"4,-4,9,9"
9,215306,274994,"5,-9,6,6"
9,6050,229975,"7,11,8"
9,275099,285085,"8,3,-10,5"
9,1183000,1150987,"4,5,6"
9,2059,61680,"3,9,10"
9,1183045,279902,"-8,2,3,5"
9,217958,81946,"5,4,-5,-8,5"
9,281528,277513,"-8,6,8,7"
9,82256,271799,"-5,6,-8,8,8"
9,203084,264897,"5,7,5"
9,84273,273283,"2,2,6"
9,215555,1175710,"1,5,4"
9,278293,7171,"4,4,5"
9,1173994,279617,"-13,6,13,9"
9,270889,264897,"8,-7,8,10"
9,95019,281705,"9,5,6"
9,230904,1166750,"5,6,7"
9,86641,1187707,"-10,9,7,11"
9,219351,271799,"-7,8,2,6"
9,1176627,268857,"2,2,2"
9,230237,1170842,"-4,4,8,5"
9,280491,269793,"9,-9,-7,10,5"
9,272586,277147,"3,3,7"
9,1173505,276520,"7,6,3"
9,276728,282077,"3,10,7"
9,1171728,275086,"12,4,7"
9,1172858,284655,"7,5,1"
9,1187759,277496,"7,11,4"
9,1157612,271190,"8,5,14"
9,1178113,1150978,"6,6,8"
9,268669,1175380,"8,9,7"
9,1176807,220833,"9,6,-5,5"
9,27292,86925,"6,8,8"
9,1174322,277048,"7,-10,7,9"
9,285303,272978,"10,8,10"
9,25053,88195,"2,7,3"
9,94469,97816,"6,5,3"
9,1172337,6609,"9,6,7"
9,51749,218929,"6,-4,6,5"
9,1175756,223659,"5,13,-15,10"
9,52333,231503,"7,9,5"
9,216909,216415,"2,6,7"
9,1187698,13769,"10,6,1"
9,1183024,219293,"2,8,9"
9,279594,1150987,"7,3,10"
9,271501,281956,"8,9,7"
9,1170759,220298,"10,9,8"
9,279692,51131,"-8,5,9,9"
9,1173828,91612,"8,-8,5,11"
9,80241,1183053,"2,4,3"
9,275392,283511,"4,1,2"
9,272218,1183294,"3,6,4"
9,219888,281355,"11,-7,6,7"
9,202365,1176807,"7,8,5"
9,1172337,250211,"-9,5,0,6"
9,224191,1186471,"6,-9,5,6"
9,33402,10052,"-9,-7,7,4,3"
9,1187741,271802,"2,8,9"
9,262852,223759,"5,4,8"
9,6696,81397,"6,8,5"
9,1172563,82547,"8,9,-4,9"
9,1187749,274860,"3,-8,3,3"
9,1177956,285085,"11,16,9"
9,1186828,1187732,"10,2,8"
9,1180112,279405,"-9,2,1,5"
9,1171853,270748,"11,7,4"
9,30068,271056,"3,6,-10,7"
9,84904,267124,"8,7,-9,9"
9,278163,229700,"10,11,3"
9,1165404,1168015,"5,8,9"
9,1180663,89540,"4,4,5"
9,276728,271876,"-8,8,5,3"
9,223847,1175710,"8,4,8"
9,219450,271975,"-9,6,5,6"
9,1186360,74986,"2,8,-10,8"
9,1176448,280000,"6,3,3"
9,224165,10958,"2,7,4"
9,266638,281837,"8,8,-10,9"
9,270494,284818,"5,10,3"
9,281902,281660,"6,11,-9,8"
9,220781,51131,"6,7,9"
9,215008,285403,"1,6,3"
9,221549,1179255,"9,9,9"
9,276728,275290,"6,-8,8,7"
9,34207,30992,"9,6,3"
9,219609,275402,"8,10,9"
9,65637,231503,"9,7,-5,8"
9,269965,270725,"5,-10,10,5"
9,1186828,281837,"8,-4,-7,7,6"
9,1170805,277185,"3,4,4"
9,275824,274463,"3,3,4"
9,267433,1187712,"8,6,12"
9,278293,285308,"6,5,5"
9,224089,56980,"10,-10,7,6"
9,281930,1181518,"6,10,8"
9,279820,1187696,"1,5,4"
9,224191,1186828,"4,9,3"
9,1176807,1168015,"4,4,6"
9,265517,275290,"9,4,6"
9,211608,87743,"-10,-5,11,5,4"
9,274567,270494,"6,-8,6,4"
9,97816,284818,"1,-2,0,3"
9,274201,264897,"9,5,-6,-8,7"
9,1175117,285261,"9,4,9"
9,280202,35031,"8,9,9"
9,284875,81606,"5,8,5"
9,95531,1175782,"11,4,5"
9,202883,72286,"10,2,6"
9,217235,271149,"6,2,9"
9,219923,12141,"-9,-10,9,10,11"
9,1177302,1182627,"7,9,-11,9"
9,1187707,276160,"3,5,8"
9,87743,87893,"5,6,7"
9,284875,91339,"5,8,-7,9"
9,1172844,280607,"-8,4,9,7"
9,1168377,276191,"7,4,3"
9,92296,285555,"-9,6,3,6"
9,270709,272898,"6,6,8"
9,1168015,256712,"8,7,4"
9,1180710,1165421,"9,8,8"
9,45824,285292,"7,5,3"
9,284016,1184827,"9,2,-9,9"
9,278658,278213,"2,3,4"
9,216569,266740,"5,1,5"
9,211608,275694,"-6,5,6,9"
9,77885,278884,"9,8,8"
9,1131695,271482,"4,6,5"
9,30068,72008,"6,10,2"
9,51749,1178103,"-11,14,-8,15,1"
9,280491,274860,"7,3,4"
9,1174368,39809,"1,9,6"
9,271178,1177045,"7,3,2"
9,87802,219923,"2,4,7"
9,256702,286405,"6,6,3"
9,62550,1178073,"0,4,5"
9,220993,203271,"3,4,-10,9"
9,96706,230904,"9,-13,6,8"
9,1697,271215,"7,5,-9,6"
9,270748,275098,"9,9,9"
9,1178952,1187759,"7,4,-7,5"
9,231177,1174322,"2,3,4"
9,271799,1176192,"5,-8,10,9"
9,11877,77764,"7,-9,9,13"
9,270746,1187745,"6,0,2"
9,284291,284806,"3,2,5"
9,1185599,1187702,"4,8,8"
9,219888,1178802,"-8,11,4,16"
9,10437,198570,"5,9,-6,10"
9,276823,1179259,"5,9,5"
9,270911,51749,"6,8,6"
9,275290,280553,"-8,8,9,10"
9,280444,264897,"6,7,7"
9,1182219,285068,"-15,9,-11,9,8"
9,276520,275947,"10,-6,9,6"
9,1174431,7171,"5,10,6"
9,280214,217083,"3,-12,-8,9,6"
9,269693,1187745,"2,1,2"
9,45824,86697,"5,6,9"
9,271205,1175402,"5,7,6"
9,45824,274492,"-7,4,5,5"
9,1176827,94652,"3,7,-3,4"
9,271205,278884,"2,6,6"
9,271145,1182627,"5,8,7"
9,11903,1170443,"5,4,5"
9,1174324,273218,"-8,5,3,8"
9,1178568,14914,"5,6,4"
9,219450,277185,"6,7,9"
9,273772,266865,"3,-9,2,5"
9,202363,265334,"8,8,8"
9,1172441,231503,"4,10,9"
9,95314,272631,"7,9,7"
9,271191,1186120,"6,9,-5,9"
9,1182694,1173092,"4,5,4"
9,269408,84735,"5,7,5"
9,217219,280444,"10,9,5"
9,1185183,282788,"2,9,5"
9,263612,285556,"6,3,4"
9,1187438,1187743,"-9,10,10,9"
9,276539,1165461,"-9,4,0,-12,10"
9,1180688,271799,"6,7,4"
9,284374,217083,"6,9,5"
9,30066,223377,"7,1,8"
9,271961,82256,"6,8,3"
9,218921,1949,"6,8,-8,10"
9,1183284,73589,"-10,-9,7,9,2"
9,211608,1187708,"6,6,10"
9,270710,279617,"10,-6,6,1"
9,211736,90211,"4,7,3"
9,81398,285293,"6,3,-6,6"
9,285631,1171643,"-9,-7,11,5,8"
9,219796,1532,"4,-3,2,9"
9,1180429,271860,"3,4,-5,5"
9,275402,1179256,"5,8,4"
9,278648,271316,"8,-7,-9,8,8"
9,269745,250080,"7,8,8"
9,22286,9784,"-6,6,-9,9,3"
9,276191,1179255,"5,9,6"
9,271061,270889,"-3,6,11,-4,2"
9,285323,275098,"9,6,7"
9,275235,229635,"9,9,6"
9,274722,1174371,"7,2,6"
9,270437,277801,"2,2,8"
9,85510,222180,"7,8,-7,2"
9,231177,1171665,"-6,-5,9,5,9"
9,1170753,268620,"-13,3,7,7"
9,222971,1171853,"2,-12,5,3"
9,74880,72008,"4,0,2"
9,92550,73148,"5,7,3"
9,1174369,285164,"1,3,5"
9,275099,273158,"4,5,-4,7"
9,278928,75291,"4,3,5"
9,110466,1186113,"6,5,3"
9,274479,276226,"7,8,4"
9,281969,1181532,"2,2,9"
9,230904,1186115,"4,3,6"
9,1177768,1186477,"8,3,-3,8"
9,1185292,76916,"5,5,2"
9,278163,20092,"9,6,5"
9,281463,274866,"6,7,8"
9,1187385,1175756,"5,7,1"
9,4883,1164157,"7,4,9"
9,1173246,1183736,"8,2,9"
9,1180339,285323,"5,5,5"
9,1175782,230904,"-5,5,5,6"
9,211903,72178,"9,3,5"
9,1150977,219609,"7,3,9"
9,285303,1174371,"5,5,2"
9,95019,10669,"4,10,1"
9,219769,286408,"9,-7,5,6"
9,1183015,212032,"5,7,8"
9,1187712,1178555,"-9,9,-6,9,6"
9,277904,274722,"8,7,6"
9,281948,1178802,"-8,7,9,7"
9,1187724,86207,"-8,5,11,-4,8"
9,1187749,280096,"9,5,9"
9,286012,279696,"3,2,5"
9,1176192,274740,"8,7,1"
9,1187704,271975,"6,6,5"
9,1177956,1174325,"5,8,8"
9,285147,1173728,"11,8,-3,8"
9,281766,270851,"9,7,8"
9,285368,1171468,"5,9,7"
9,1168131,286410,"7,6,7"
9,12141,271207,"8,6,9"
9,1176772,1176913,"4,1,6"
9,265649,279696,"5,-10,2,1"
9,280491,1187692,"1,3,1"
9,1171502,88195,"8,5,7"
9,1131757,45824,"5,6,8"
9,50908,285555,"3,-8,7,7"
9,1179256,278213,"7,6,5"
9,1132341,1171474,"5,3,5"
9,286418,219450,"-5,7,-8,9,8"
9,275098,1180010,"-8,-14,8,6,11"
9,276750,219769,"9,-9,7,8"
9,81325,64994,"4,1,1"
9,10052,30753,"9,0,-11,9"
9,1177768,214471,"9,7,-6,11"
9,217579,1184629,"6,-7,6,-12,6"
9,223757,285516,"5,7,7"
9,1178555,1182438,"5,4,9"
9,267125,1177959,"6,6,4"
9,224191,223659,"8,3,6"
9,271344,279485,"8,1,5"
9,6050,51131,"10,-9,9,-10,8"
9,275469,1187748,"1,2,0"
9,1175380,271875,"-9,9,6,8"
9,1187761,1183047,"4,2,3"
9,224231,265649,"3,9,9"
9,33040,1175676,"9,-9,-10,13,6"
9,1173505,1176448,"2,-11,7,6"
9,94469,281930,"5,4,8"
9,271875,1176803,"2,4,5"
9,1173763,1174050,"6,6,7"
9,1187695,271883,"9,6,7"
9,98266,72242,"5,9,7"
9,1171730,273642,"9,10,2"
9,281969,279405,"7,2,6"
9,1185688,273085,"3,7,4"
9,1174050,1180148,"7,5,-8,5"
9,78089,223635,"-8,3,8,2"
9,10415,9668,"8,8,-7,9"
9,73216,84273,"7,4,8"
9,278927,279993,"7,9,6"
9,271274,1182631,"3,6,3"
9,1174324,274788,"-10,12,6,7"
9,1178092,286012,"6,10,5"
9,93322,72178,"7,4,-11,5"
9,1185202,1187698,"6,3,9"
9,281948,1151017,"1,11,4"
9,27825,217143,"1,10,6"
9,220985,92943,"9,-6,-6,5,9"
9,1171728,271190,"5,4,-6,4"
9,92550,231169,"8,5,8"
9,71746,284291,"9,9,9"
9,80676,283200,"9,7,6"
9,280386,277185,"5,8,4"
9,275824,277515,"-6,5,10,5"
9,215565,14914,"-9,-8,11,9,8"
9,276218,96174,"5,6,4"
9,277927,24961,"8,5,5"
9,9201,277788,"4,7,6"
9,72008,86697,"3,1,3"
9,275392,273382,"6,10,7"
9,271149,1187735,"-8,6,7,8"
9,47064,276539,"4,10,8"
9,52333,1170430,"12,6,6"
9,1180776,285316,"-10,4,7,4"
9,276135,1183736,"4,4,10"
9,281942,221729,"8,5,-8,1"
9,272218,285139,"9,6,9"
9,1180983,275469,"5,-9,2,10"
9,10415,1167939,"-8,9,4,10"
9,14883,82297,"11,7,-7,8"
9,1177585,1183045,"9,8,-10,9"
9,218929,216497,"-6,6,10,9"
9,1177769,284054,"-4,-8,9,8,6"
9,18802,273283,"6,9,11"
9,1174371,280003,"4,2,4"
9,1187735,1172399,"-4,-6,3,7,7"
9,213021,97770,"3,3,7"
9,48477,1167939,"3,6,2"
9,1172844,203194,"2,5,7"
9,281766,1177907,"6,-8,5,8"
9,264093,1183000,"9,9,6"
9,1180658,279820,"8,6,9"
9,272218,285165,"8,5,4"
9,98262,283762,"-13,12,8,5"
9,62089,54488,"8,2,8"
9,250211,229700,"-10,5,-7,8,10"
9,285625,277441,"5,3,2"
9,220808,7014,"4,7,9"
9,283902,65637,"6,3,4"
9,87893,220781,"8,8,5"
9,271322,272975,"8,-9,-8,10,6"
9,256702,264662,"-8,9,-13,11,9"
9,262852,272218,"7,5,6"
9,31669,281956,"6,7,13"
9,271327,1174371,"5,6,6"
9,271813,1179779,"-7,7,-5,14,9"
9,1181518,229700,"-8,5,10,11"
9,273642,276135,"4,-6,4,6"
9,229498,82256,"2,2,8"
9,274994,265334,"6,5,-10,6"
9,1166449,26664,"-9,6,7,4"
9,27825,2059,"7,4,2"
9,250211,276193,"4,4,5"
9,1183044,97770,"8,9,-8,7"
9,268875,275301,"9,-6,10,11"
9,72008,1131757,"-9,9,-8,5,6"
9,215565,1186477,"4,7,-9,8"
9,217958,926332,"6,5,11"
9,269408,1176548,"-3,-9,11,3,9"
9,11877,274722,"6,-6,11,10"
9,285383,1184152,"4,3,1"
9,224191,1183284,"5,9,3"
9,86095,1180684,"-6,8,-6,8,5"
9,1185202,1182219,"4,8,6"
9,282826,275301,"7,3,7"
9,224191,286408,"3,-12,5,3"
9,216497,1949,"5,9,-5,9"
9,280508,1186903,"-9,2,5,2"
9,1175585,265334,"4,3,4"
9,1172563,219413,"10,9,-5,-9,9"
9,3727,78166,"3,8,8"
9,282081,270709,"7,5,9"
9,280096,278846,"10,3,8"
9,1187725,275694,"10,4,3"
9,286416,278125,"3,5,4"
9,272196,279058,"9,-9,-8,7,8"
9,76010,284291,"3,7,4"
9,110466,43265,"3,5,5"
9,202651,1176029,"2,9,8"
9,91905,285068,"9,9,9"
9,1187723,85510,"5,5,7"
9,1172399,268857,"7,4,7"
9,1180986,1185688,"7,-11,8,9"
9,277585,272631,"9,-8,-8,13,11"
9,198840,1187385,"6,3,2"
9,94395,275657,"-6,1,4,8"
9,275965,273642,"6,1,5"
9,285392,267433,"10,4,0"
9,202777,927185,"10,5,10"
9,275469,273158,"6,-4,-8,3,5"
9,279916,279696,"6,5,2"
9,34178,81374,"5,7,8"
9,202365,270911,"8,8,8"
9,1187695,92219,"8,-11,9,-8,8"
9,277496,271875,"6,8,12"
9,284887,34178,"5,5,8"
9,1164236,272196,"6,9,2"
9,1150977,277496,"4,2,7"
9,92446,1171815,"7,7,7"
9,45824,87893,"-7,8,-11,8,6"
9,7171,1184629,"6,-9,6,10"
9,8644,202589,"7,4,8"
9,1182632,278213,"3,4,7"
9,50664,33040,"-12,1,4,4"
9,23283,269513,"12,2,5"
9,98262,221139,"9,5,2"
9,1171292,1157745,"8,6,9"
9,280202,62488,"9,4,10"
9,281766,1183024,"-9,11,9,8"
9,1183045,280000,"-7,-7,9,5,8"
9,1175676,266835,"8,-7,-9,5,7"
9,29292,80676,"9,-8,-7,8,9"
9,1176913,89877,"-5,6,9,10"
9,1171728,1186120,"7,9,-8,5"
9,1178568,27825,"7,6,-7,7"
9,74872,269408,"6,9,5"
9,277585,6268,"5,8,7"
9,43265,1185353,"6,6,8"
9,1178086,275055,"3,9,7"
9,217143,270749,"9,6,8"
9,1186477,217219,"9,-10,8,-8,8"
9,86925,285092,"6,15,6"
9,273772,283602,"1,8,5"
9,1187761,1182993,"0,6,4"
9,96029,281705,"10,8,-8,6"
9,82211,219939,"-7,6,6,-9,8"
9,1167093,217083,"-8,5,11,9"
9,85715,86207,"6,7,8"
9,202651,1174103,"4,3,-9,-9,7"
9,1165042,90211,"4,-14,7,6"
9,224231,1187729,"4,6,4"
9,1173763,97770,"6,6,6"
9,98262,220032,"5,-11,7,-8,3"
9,8971,1187693,"8,9,7"
9,277906,279691,"4,1,4"
9,87743,61680,"9,4,-8,4"
9,1176913,279563,"8,8,5"
9,272218,1187749,"8,10,12"
9,89832,286408,"10,5,5"
9,1183047,1173124,"9,11,14"
9,215555,217083,"1,7,7"
9,272737,285383,"-10,12,-7,8,6"
9,1186359,270194,"10,7,7"
9,256702,281422,"3,5,3"
9,1177302,269793,"9,3,8"
9,281948,286347,"7,9,5"
9,217083,81374,"8,9,5"
9,269693,1174368,"6,4,7"
9,1167092,33040,"4,3,-7,9"
9,273158,276520,"7,7,-10,9"
9,1177954,216415,"2,6,5"
9,1166717,1183284,"7,8,9"
9,270131,1177036,"4,9,6"
9,1173546,285068,"7,8,3"
9,267295,272975,"7,5,3"
9,272060,271860,"3,-9,5,7"
9,275402,272975,"6,-5,-4,6,11"
9,1176827,281837,"8,7,10"
9,284911,266740,"4,3,3"
9,61392,280508,"9,5,7"
9,275070,278879,"8,-6,3,9"
9,1169792,273735,"10,-5,9,7"
9,269965,285631,"8,6,6"
9,281969,64549,"3,2,4"
9,222971,271596,"5,5,9"
9,52333,1184629,"4,3,5"
9,285302,97561,"6,4,4"
9,281766,221814,"7,7,-4,3"
9,280491,281528,"5,5,9"
9,270460,72178,"8,3,-10,1"
9,218523,87743,"5,-9,-9,10,7"
9,280015,278879,"7,-7,-6,8,5"
9,25587,202979,"8,9,-5,4"
9,285095,1185183,"7,9,-8,-10,9"
9,1186588,1168015,"3,1,5"
9,1165421,1178555,"12,5,10"
9,60706,1175710,"9,8,13"
9,273085,284725,"2,6,6"
9,1172724,285094,"2,-3,8,8"
9,285253,275925,"2,1,7"
9,202363,215306,"7,4,5"
9,215232,277359,"7,3,6"
9,285254,86472,"0,0,5"
9,84357,96071,"7,9,-9,-8,11"
9,285133,212806,"14,5,-8,-5,6"
9,1179255,270437,"-9,-12,7,9,8"
9,275824,283200,"5,-3,7,9"
9,1171853,279820,"7,10,-6,9"
9,1180658,275099,"10,11,-8,5"
9,271191,280157,"9,10,10"
9,1171074,276190,"2,4,7"
9,81189,263095,"7,5,3"
9,1172337,93322,"-7,7,12,-8,7"
9,284457,224089,"8,6,6"
9,1186477,273158,"5,4,4"
9,286129,284291,"3,2,1"
9,1172563,202009,"-9,5,9,9"
9,267124,54488,"5,5,6"
9,1182627,1179779,"8,11,-7,2"
9,85544,33040,"6,1,8"
9,267363,97561,"10,7,8"
9,82768,95531,"8,5,5"
9,80241,217219,"5,8,6"
9,275292,1183736,"4,2,4"
9,224191,231503,"2,5,2"
9,269408,1186955,"1,7,7"
9,221549,286008,"5,4,7"
9,1173573,278648,"8,9,-5,3"
9,77885,202883,"7,9,8"
9,216131,1697,"9,9,9"
9,270748,1181392,"-9,4,-11,11,7"
9,277185,1178086,"5,4,6"
9,8429,203062,"7,7,8"
9,1131692,275250,"6,9,7"
9,1157745,1187703,"7,5,5"
9,1150978,223241,"5,7,2"
9,218929,82176,"7,6,9"
9,1177308,92451,"4,5,8"
9,62089,223530,"10,6,4"
9,6268,86697,"6,0,3"
9,82779,10669,"2,7,8"
9,1187746,25587,"5,7,6"
9,64549,27458,"5,8,6"
9,1181392,1174325,"8,6,5"
9,1186471,85572,"7,7,7"
9,214915,2059,"6,4,7"
9,1186435,1171854,"2,7,8"
9,283260,95531,"4,10,-8,9"
9,276191,1175529,"1,3,2"
9,224191,277515,"6,4,3"
9,927286,266740,"6,6,9"
9,1173507,1171730,"14,2,-7,2"
9,282077,278213,"1,4,1"
9,1171226,1175986,"7,1,5"
9,1165461,46331,"5,5,8"
9,222971,270703,"7,6,9"
9,1187722,1180684,"5,6,5"
9,1186119,1178089,"2,4,4"
9,15550,250211,"10,5,7"
9,1180010,284708,"1,1,3"
9,81374,1187698,"9,4,5"
9,277185,1175380,"5,5,1"
9,267125,220781,"2,8,9"
9,217143,268620,"2,4,8"
9,1150995,98280,"1,2,4"
9,286413,277354,"3,12,-9,-8,10"
9,1187704,1177302,"9,7,4"
9,275290,276624,"7,10,-9,6"
9,284911,285293,"2,4,2"
9,285136,271178,"7,-7,-8,8,9"
9,212806,273085,"9,7,4"
9,271316,1187697,"5,5,-6,6"
9,82297,41466,"3,2,2"
9,270725,1182993,"3,4,3"
9,2059,275034,"9,6,6"
9,927185,5021,"12,8,5"
9,280491,276426,"9,-7,9,6"
9,98262,285302,"4,1,6"
9,1182419,281463,"5,-3,8,-7,8"
9,219293,1169425,"12,4,4"
9,1187758,1186435,"5,-9,10,9"
9,265517,274722,"5,-6,-7,10,3"
9,75749,1171284,"12,10,-7,-8,8"
9,212806,279691,"4,5,5"
9,1176451,270437,"5,11,-7,-4,9"
9,275297,283602,"-13,7,8,5"
9,1174322,1178256,"3,1,5"
9,272956,285383,"4,6,3"
9,1174255,277496,"2,7,-9,6"
9,34207,47761,"-6,4,6,7"
9,224089,1187712,"7,5,5"
9,1176561,1177832,"3,13,9"
9,280202,276193,"-9,7,5,7"
9,203011,221365,"9,4,9"
9,270851,1183047,"5,4,7"
9,43265,218928,"4,6,2"
9,212806,202651,"6,-5,6,6"
9,27825,11903,"5,6,-6,10"
9,202651,203231,"7,5,3"
9,1176827,1165405,"5,3,3"
9,271061,77885,"3,1,4"
9,266540,1172441,"12,7,-7,6"
9,96338,1173505,"7,-7,5,8"
9,278642,276539,"4,9,-6,9"
9,92994,37020,"-10,5,7,8"
9,1169772,273167,"4,7,9"
9,9784,56980,"8,8,3"
9,95531,271215,"5,3,7"
9,1186435,1187735,"5,5,6"
9,1175756,1181532,"1,4,5"
9,1174326,1174255,"-11,6,7,6"
9,274463,285634,"-5,9,2,3"
9,219450,91169,"5,3,1"
9,1173828,30833,"4,8,10"
9,1183581,274478,"3,-9,-11,9,6"
9,81793,87743,"-7,3,8,-6,10"
9,263612,278125,"4,7,3"
9,22286,1186473,"7,4,-6,6"
9,271042,277839,"6,6,7"
9,274860,280096,"9,2,6"
9,220283,1185698,"-8,6,-8,11,7,8"
9,10052,279405,"3,-9,9,-12,5"
9,276502,278846,"3,8,7"
9,5021,31669,"10,5,7"
9,1182632,279803,"-8,7,5,8"
9,1170753,214471,"6,3,8"
9,1170753,95991,"9,3,9"
9,275392,1186472,"5,5,6"
9,1166449,280444,"-2,5,9,10"
9,230237,1173779,"9,5,7"
9,285139,277358,"6,-8,6,9"
9,217487,94302,"9,4,4"
9,1173129,277906,"-7,7,7,7"
9,1168383,1177832,"15,6,5"
9,1132341,286012,"9,8,5"
9,286416,275055,"5,6,-14,7"
9,203271,222276,"4,8,-12,7"
9,14914,1172844,"5,6,5"
9,91031,267295,"6,-8,5,8"
9,1178107,220298,"5,-9,5,9"
9,277515,284008,"8,-8,11,9"
9,96676,91757,"8,6,5"
9,286409,281110,"-7,12,7,-7,11"
9,285505,280445,"8,8,4"
9,3727,33546,"5,6,5"
9,271771,277048,"3,8,4"
9,213021,275235,"-6,10,-6,6,11"
9,1176439,1174050,"7,9,6"
9,1176448,270710,"2,4,3"
9,266395,198570,"-8,6,-7,2,7"
9,217582,1181518,"5,3,3"
9,211738,1165054,"5,5,7"
9,1181042,280542,"-8,9,6,-6,11"
9,1175710,1187753,"7,5,8"
9,219293,1168383,"4,6,9"
9,1186470,1184458,"2,9,9"
9,82211,92461,"8,-8,-8,8,8"
9,276426,277358,"6,-5,-10,3,12"
9,279902,279058,"-6,-3,9,8,8"
9,1182993,278846,"6,2,9"
9,87979,1173507,"-5,6,5,-11,10"
9,284374,51131,"4,5,6"
9,203231,284008,"4,6,10"
9,284374,216909,"6,8,8"
9,271481,1178677,"3,8,4"
9,277904,202777,"7,3,-2,3"
9,281528,1178096,"3,4,2"
9,1150977,270748,"6,-9,3,7"
9,224191,281902,"4,6,6"
9,1178089,267433,"3,-8,10,-3,9"
9,278648,281422,"1,3,8"
9,1157612,1182632,"9,4,-5,6"
9,1172858,1180429,"3,-9,11,7"
9,95248,1185688,"8,-11,8,8"
9,1183053,2608,"4,5,4"
9,96338,271610,"4,5,3"
9,279563,266638,"7,6,12"
9,6703,273735,"7,-9,7,6"
9,1176192,271610,"6,-7,4,7"
9,282081,229470,"5,4,9"
9,220993,98262,"-9,8,7,8"
9,90353,1187758,"7,9,4"
9,277348,279560,"6,8,7"
9,1187734,275086,"5,9,6"
9,1187709,1150990,"8,9,-8,4"
9,81793,94469,"10,5,-8,8"
9,1178802,1172399,"3,7,7"
9,1179256,282218,"-5,10,3,-9,9"
9,89832,219923,"2,1,3"
9,270725,270703,"5,7,-7,-7,9"
9,271191,271248,"9,10,14"
9,49435,26208,"9,9,5"
9,88854,71436,"-10,-3,12,12,5"
9,88195,280508,"4,9,-8,6"
9,270846,275098,"-8,2,7,2"
9,267295,284008,"8,5,3"
9,34207,1178073,"2,8,7"
9,264219,926764,"5,2,6"
9,270889,1186910,"5,2,1"
9,35094,35031,"4,2,-8,11"
9,56980,1186955,"5,7,7"
9,1187703,276162,"-8,4,6,9"
9,272978,1177959,"9,-7,9,-6,8"
9,280202,1172016,"3,8,5"
9,270911,1166449,"-9,8,10,8"
9,1180986,98266,"3,-9,8,4"
9,277217,285083,"10,-6,10,8"
9,275292,1186472,"5,7,10"
9,277904,1180010,"7,5,8"
9,217235,286008,"6,5,8"
9,276502,285189,"10,5,5"
9,1179256,280096,"-10,7,2,6"
9,1178102,221549,"2,7,-8,-6,3"
9,281766,217143,"-4,4,3,9"
9,1178092,1697,"6,3,3"
9,1131695,1182627,"7,8,4"
9,218469,88485,"3,7,5"
9,275099,1177045,"7,-13,4,5"
9,1187728,82547,"9,8,8"
9,223757,1173124,"7,9,8"
9,73148,72178,"3,8,8"
9,271145,221078,"-5,9,8,4"
9,77885,279025,"2,4,8"
9,202651,14914,"6,11,8"
9,20092,1175402,"3,4,5"
9,59922,25587,"4,8,4"
9,220032,262852,"8,5,-9,9"
9,217958,284708,"5,5,10"
9,218929,77885,"6,5,9"
9,1174325,277147,"-8,9,7,5"
9,11903,33546,"5,-6,6,5"
9,280444,274201,"9,6,-5,8"
9,23538,285555,"5,4,4"
9,1187735,213021,"8,5,6"
9,223729,284818,"6,8,5"
9,1186119,267295,"4,8,9"
9,280553,276502,"10,1,9"
9,280553,279485,"5,9,-8,-8,7"
9,267433,1171127,"9,6,5"
9,87893,81397,"6,7,6"
9,270709,1173124,"5,10,8"
9,80507,216131,"-9,9,9,9"
9,275824,88635,"4,8,9"
9,220032,1187704,"9,-8,8,8"
9,286014,1177959,"2,6,7"
9,277441,272218,"-6,6,10,4"
9,279616,280003,"16,10,7"
9,1186359,279405,"5,3,3"
9,275099,1183047,"10,-7,15,7"
9,1187761,270703,"6,6,4"
9,222276,211738,"1,2,3"
9,1187725,1171128,"7,4,11"
9,96338,1165054,"8,1,5"
9,1150978,272737,"-7,10,5,-10,7"
9,215306,1178504,"3,6,2"
9,285147,276417,"7,9,9"
9,1178113,219888,"8,8,5"
9,91267,1183000,"8,-4,5,1"
9,1186113,1178073,"-8,9,4,7"
9,1173546,1182694,"4,6,9"
9,1187385,1184152,"7,7,5"
9,285505,217143,"4,6,10"
9,285297,1183284,"-7,7,9,9"
9,85286,46331,"2,5,5"
9,221078,219351,"9,9,7"
9,1186472,279902,"-11,-10,9,0,7"
9,1185292,62550,"5,7,7"
9,277048,1177585,"11,-9,7,4"
9,223847,1170430,"6,2,3"
9,59922,48477,"4,0,3"
9,279594,283602,"10,7,9"
9,57949,30992,"10,9,7"
9,1178677,274860,"6,9,10"
9,220298,1173129,"8,4,5"
9,34589,25045,"2,9,8"
9,89832,1187693,"-9,2,8,6"
9,1174324,1173573,"10,10,-3,-4,7"
9,277537,271494,"8,-3,5,11"
9,1184458,1171501,"3,8,9"
9,1177302,1176451,"-7,9,8,6"
9,267295,92219,"6,6,6"
9,1183284,284008,"5,5,9"
9,220298,283902,"3,6,6"
9,86207,270851,"4,5,6"
9,270911,1183000,"3,-6,6,2"
9,26208,1182694,"5,7,4"
9,272956,1171853,"-7,9,-7,10,10"
9,285094,271860,"8,-8,3,5"
9,285094,271248,"10,7,3"
9,56980,203245,"5,3,8"
9,60234,926332,"-9,3,-11,9,4"
9,1183700,276823,"5,11,1"
9,286014,276191,"11,10,5"
9,282826,1182627,"5,6,3"
9,1174050,97770,"9,7,-5,8"
9,215242,285178,"4,5,6"
9,1182627,270836,"9,4,-14,-10,7"
9,69850,280607,"7,4,8"
9,1176627,280000,"1,1,5"
9,35094,202883,"9,5,5"
9,285136,1178952,"8,9,8"
9,82230,47261,"8,-3,7,6"
9,8005,85545,"-2,-8,8,6,3"
9,47064,91339,"4,8,9"
9,220993,1157745,"5,4,6"
9,270393,276624,"8,6,4"
9,1172337,1973,"3,6,11"
9,1171227,1182993,"8,-5,8,8"
9,203011,1172570,"-7,8,8,14"
9,270911,1174103,"5,4,6"
9,1175710,275464,"6,2,7"
9,223759,1174325,"9,9,9"
9,274478,1186115,"1,2,7"
9,1187738,75291,"-4,4,9,9"
9,82768,1171502,"4,7,4"
9,1180684,273283,"4,10,10"
9,279803,1178677,"7,7,2"
9,275037,273260,"8,10,5"
9,282826,267363,"5,11,11"
9,271482,283602,"2,1,7"
9,1178102,271145,"6,-10,7,5"
9,268979,271596,"-10,7,-9,7,8"
9,1173507,273772,"5,6,6"
9,281766,285323,"2,3,3"
9,4883,214854,"8,11,5"
9,1150995,65198,"-4,5,6,-8,8"
9,218921,1150995,"4,9,-5,9"
9,276539,271205,"5,4,8"
9,62089,60706,"4,7,10"
9,270746,1170751,"8,8,12"
9,1174699,1131757,"3,8,7"
9,55345,6609,"5,1,5"
9,1170753,91267,"4,7,6"
9,276520,1178096,"-9,8,4,9"
9,27825,1165042,"7,9,7"
9,285261,222763,"7,9,3"
9,110466,272584,"6,4,6"
9,92461,264897,"9,8,8"
9,1178089,1171128,"9,11,12"
9,202365,271813,"6,-11,10,-9,4"
9,281528,1174255,"-10,4,10,4"
9,1187741,264897,"11,4,6"
9,80241,278623,"-7,-5,12,8,8"
9,279563,1185337,"4,5,4"
9,266638,284016,"8,-11,3,11"
9,272737,271322,"6,-4,-6,5,8"
9,277354,1187702,"9,7,8"
9,286416,279476,"5,4,1"
9,82779,1180771,"8,6,15"
9,211736,214915,"3,4,8"
9,1173573,281947,"9,6,8"
9,1174699,1187695,"9,-5,5,9"
9,1185292,1182632,"6,7,8"
9,1167521,1172724,"1,2,5"
9,21400,3727,"3,5,5"
9,1172724,271494,"3,8,8"
9,1180429,220690,"4,6,10"
9,1167092,219796,"7,-7,6,5"
9,1171226,279696,"7,6,8"
9,217219,54488,"12,9,-8,9"
9,217582,216415,"3,3,4"
9,1183018,279803,"9,9,10"
9,280553,275070,"11,5,5"
9,1187756,201784,"8,6,4"
9,1186470,283584,"3,3,4"
9,1169110,221340,"8,9,-9,8"
9,274350,1170751,"7,6,-9,8"
9,270746,273411,"6,7,-9,-1,6"
9,285178,1172570,"5,-10,-12,10,9"
9,279402,202651,"-7,8,-6,6,8"
9,1180010,268620,"6,-8,2,9"
9,215306,1176439,"7,5,7"
9,76916,1186360,"7,7,3"
9,1131757,90211,"4,9,8"
9,285308,284818,"4,1,4"
9,285664,1167520,"5,2,6"
9,1174699,269570,"8,6,10"
9,1180112,285723,"5,1,6"
9,274741,277788,"2,1,-9,5"
9,1173129,285147,"8,10,-9,9"
9,94469,198570,"-7,8,9,1"
9,271070,284655,"10,-7,9,8"
9,285723,95793,"-12,-7,8,2,6"
9,276162,278648,"8,6,6"
9,220993,262852,"4,6,5"
9,271149,1187692,"3,0,1"
9,45824,214854,"7,6,9"
9,286036,268669,"4,6,5"
9,81325,5724,"6,2,7"
9,217578,231503,"3,2,6"
9,1185246,279916,"5,5,2"
9,14752,76535,"-7,2,6,5"
9,212806,286036,"0,4,9"
9,6696,82547,"5,5,5"
9,1180010,271327,"5,5,8"
9,213021,273516,"7,8,8"
9,147750,18802,"9,7,4"
9,270725,278846,"3,4,1"
9,271149,1175988,"7,-9,7,11"
9,1172399,1180010,"8,9,6"
9,1165054,275824,"-7,9,-6,4,2"
9,280157,1177045,"10,-11,3,-1,5"
9,1170443,1173505,"5,8,-7,11"
9,5004,1181518,"3,7,2"
9,285323,72178,"4,1,3"
9,222763,1174369,"7,6,6"
9,284054,218929,"-7,2,-7,8,0"
9,276162,1150987,"5,9,7"
9,211608,267433,"9,5,3"
9,50664,47919,"8,5,10"
9,78166,85287,"9,-6,9,7"
9,273283,214854,"9,5,-8,-4,9"
9,219888,96029,"4,3,4"
9,49435,91612,"8,6,7"
9,281705,274567,"-6,4,8,9"
9,1183019,27292,"6,6,8"
9,274799,92943,"-7,5,10,5"
9,1178952,280549,"5,6,6"
9,265649,277496,"6,5,9"
9,1183000,275290,"-6,1,6,6"
9,217579,39809,"8,7,-12,9"
9,1170878,1184559,"2,1,4"
9,217578,1172441,"7,1,7"
9,278614,1132341,"6,5,4"
9,221729,221340,"10,5,-9,8"
9,275290,282077,"7,-5,2,6"
9,58132,1180688,"4,-6,-6,7,14"
9,83264,1184629,"4,6,4"
9,1167751,46331,"0,3,8"
9,1183019,223241,"2,4,4"
9,271424,279795,"4,1,6"
9,1187761,1173129,"-10,3,6,5"
9,110466,71746,"9,7,3"
9,76235,1180339,"5,4,3"
9,215008,270460,"9,-11,4,7"
9,1168593,280549,"7,7,9"
9,1165422,271070,"5,7,3"
9,279820,27292,"4,8,5"
9,278648,275070,"12,3,-7,6"
9,286415,1168593,"3,6,-7,-2,11"
9,285625,1180429,"4,3,3"
9,230904,265517,"-7,-9,1,9,7"
9,1168015,285068,"7,7,4"
9,28559,30066,"7,1,3"
9,1172858,271813,"3,8,-7,7"
9,285631,1171665,"7,7,-6,8"
9,198570,87802,"6,2,5"
9,274863,1170430,"15,9,9"
9,265236,217219,"9,9,9"
9,84357,1186122,"8,5,2"
9,1172563,271581,"5,9,8"
9,214419,30066,"5,7,7"
9,1176627,270437,"6,-8,5,-8,1"
9,1187728,91612,"-9,6,3,-8,9"
9,1178802,1173688,"6,7,8"
9,275464,41466,"9,7,9"
9,277441,275290,"8,-9,-12,2,2"
9,266835,62151,"5,2,6"
9,1187361,88195,"3,9,5"
9,277744,285164,"6,4,3"
9,1185246,218929,"6,9,9"
9,12141,1186115,"2,4,2"
9,1183031,271327,"7,1,2"
9,216497,78058,"9,9,9"
9,220032,1171468,"3,5,9"
9,1180710,211736,"9,9,9"
9,230232,277515,"7,3,3"
9,274478,26208,"7,6,10"
9,1183018,270709,"12,7,4"
9,1171728,1167520,"-8,10,6,8"
9,25344,273167,"8,3,9"
9,1186470,78166,"3,4,5"
9,81606,86925,"7,5,0"
9,8144,1178675,"4,7,5"
9,1174369,286012,"6,4,6"
9,271975,219609,"-10,8,7,-5,5"
9,1171643,280003,"4,3,0"
9,224191,81374,"3,3,4"
9,1177302,1172852,"-7,7,6,5"
9,6703,286166,"2,-7,7,6"
9,1174324,1182993,"2,1,1"
9,1166449,1180565,"4,5,9"
9,1171665,1181392,"3,6,6"
9,81946,284291,"5,2,6"
9,286012,92549,"9,6,5"
9,1186359,223659,"7,6,8"
9,88635,1182694,"3,5,2"
9,1178802,273218,"3,5,7"
9,28559,230779,"9,-7,7,10"
9,51749,283584,"5,8,4"
9,275824,285296,"4,7,-10,4"
9,285137,1174371,"4,8,11"
9,222763,1171156,"7,6,4"
9,211903,1165404,"10,9,-8,6"
9,276728,281422,"5,4,8"
9,1187743,92550,"6,9,7"
9,1171292,1187703,"7,9,-9,7"
9,1173505,286012,"10,6,9"
9,60472,72286,"10,5,6"
9,30868,271961,"5,7,4"
9,281969,220127,"2,4,1"
9,21400,13020,"-3,5,8,8"
9,60472,270460,"7,7,5"
9,219293,215242,"5,5,2"
9,279820,270900,"8,4,-8,9"
9,274201,276624,"4,3,8"
9,275694,280096,"5,7,4"
9,286006,1187724,"3,4,1"
9,273260,270393,"-7,12,-2,7,6"
9,1171468,274350,"10,-12,-7,6,9"
9,1166878,280607,"3,6,5"
9,217235,269693,"-16,7,-9,9,7"
9,281262,275301,"-8,-11,7,5,9"
9,1186470,221365,"9,8,7"
9,275037,278642,"6,6,-10,6"
9,275099,274201,"6,10,9"
9,1186894,84735,"6,5,9"
9,1167093,27458,"-10,10,5,5"
9,1183000,1178256,"6,5,6"
9,286417,1173092,"7,7,7"
9,217143,264093,"6,10,6"
9,1169792,50664,"5,-9,6,7"
9,62089,51749,"6,12,-3,13"
9,273158,285147,"10,6,10"
9,276426,1178096,"2,2,9"
9,212806,229470,"8,4,1"
9,217865,268620,"4,8,4"
9,285303,1173545,"11,9,-6,10"
9,1180565,280003,"6,8,9"
9,1180984,92219,"8,3,1"
9,87979,94395,"6,9,-3,8"
9,1173507,279594,"2,5,1"
9,271802,76535,"-9,6,8,10"
9,263089,217578,"9,6,5"
9,278658,1183047,"8,3,-7,-7,11"
9,1186435,1157583,"6,9,4"
9,1170805,1176913,"6,9,6"
9,1185183,1173092,"-9,11,5,7"
9,270194,86925,"6,8,19"
9,216225,286016,"4,5,7"
9,267125,1172016,"2,5,5"
9,1170753,277147,"1,2,1"
9,212806,223530,"8,2,8"
9,276233,85287,"5,7,-9,-7,9"
9,215306,90498,"2,5,6"
9,271494,278846,"7,2,3"
9,279594,1178096,"8,-2,8,-4,7"
9,1182632,76916,"8,5,7"
9,59922,28559,"4,2,3"
9,272978,275292,"8,4,5"
9,273158,279806,"0,2,3"
9,278928,31885,"8,8,8"
9,97561,202883,"10,4,6"
9,94395,1173545,"2,-9,4,-9,10"
9,17402,272631,"-7,-9,9,6,8"
9,1181518,72008,"-8,10,-7,5,10"
9,286006,1187756,"5,3,8,6"
9,1185698,1178071,"5,-9,5,9"
9,1150995,230779,"3,8,1"
9,1186113,1187738,"7,8,5"
9,98266,221260,"6,5,7"
9,229635,1171502,"10,2,8"
9,278642,72008,"1,-7,8,8"
9,269693,1174699,"9,5,-7,6"
9,1169792,217143,"-5,7,-9,5,5"
9,55345,9501,"6,11,9"
9,1187712,279282,"6,-7,4,8"
9,85715,1186435,"6,3,5"
9,35031,98184,"-9,6,-9,13,11"
9,97611,1177802,"9,4,-5,9"
9,1172337,1175756,"7,11,10"
9,1171853,265649,"5,5,7"
9,65198,94302,"8,2,7"
9,270846,280444,"4,7,11"
9,1172724,285147,"6,9,9"
9,198570,270105,"3,7,5"
9,1171728,1187699,"6,9,8"
9,1178113,1187731,"10,-2,4,5"
9,98071,1168383,"-4,11,5,-8,6"
9,11903,17759,"6,9,7"
9,270991,87893,"10,7,-9,6"
9,275301,76060,"4,7,7"
9,1173108,1187732,"-8,4,3,3"
9,1187743,272956,"6,2,3"
9,1187760,271875,"2,7,4"
9,1180010,1187729,"10,5,2"
9,1187695,277906,"10,-7,9,7"
9,278928,283584,"3,3,6"
9,277537,278846,"6,6,8"
9,284922,280445,"-7,9,-9,5,7"
9,8429,10415,"7,-10,11,3"
9,1173573,275101,"9,-9,7,-6,2"
9,269793,278658,"4,-5,-8,10,7"
9,1172724,1174326,"-9,6,9,9"
9,285315,27458,"-11,6,5,11"
9,286413,27825,"9,9,9"
9,278884,85287,"9,4,8"
9,1165042,219923,"1,7,-10,5"
9,1170753,1173763,"8,7,2"
9,87802,82256,"4,-9,-9,3,5"
9,21768,1166878,"9,2,2"
9,277496,1184152,"-8,8,10,-10,5"
9,272631,1168015,"-10,-11,7,3,5"
9,1178089,282218,"7,4,4"
9,284831,71436,"6,7,7"
9,1178096,1168593,"6,8,5"
9,1175564,1177802,"6,9,9"
9,272436,1532,"5,4,11"
9,270851,1183000,"6,4,4"
9,218469,1169576,"7,6,7"
9,27961,51131,"1,2,4"
9,1174369,1178555,"-12,5,8,5"
9,98266,1187703,"4,7,8"
9,286036,1173728,"9,6,7"
9,277496,279696,"4,5,6"
9,1175756,86697,"8,10,-10,4"
9,84735,277217,"7,9,10"
9,271802,271178,"-7,6,6,-6,9"
9,276502,282218,"8,8,8"
9,1172570,1187179,"-8,12,9,7"
9,276426,279594,"6,6,5"
9,229498,281705,"-9,7,7,8"
9,284142,286594,"-8,6,3,5"
9,277801,1187745,"9,8,9"
9,1185599,94395,"9,6,5"
9,285094,1168593,"7,-7,10,6"
9,266638,277053,"10,7,4"
9,284831,256712,"-6,7,7,4"
9,222763,230237,"6,4,7"
9,218469,62089,"4,7,11"
9,5458,214854,"4,3,4"
9,85544,276233,"7,4,6"
9,30068,53412,"6,-6,-8,3,3"
9,10729,90843,"8,9,9"
9,1178802,1179255,"9,7,7"
9,278125,279624,"9,6,7"
9,265334,230301,"9,9,-8,3"
9,926764,82547,"5,8,-9,4"
9,284875,1177954,"9,-4,-5,5,4"
9,280491,1178677,"6,7,-12,3"
9,91612,30833,"5,-9,6,6"
9,74893,285555,"4,6,-4,6"
9,273283,1184629,"9,-9,13,9"
9,98280,1178073,"6,10,10"
9,223377,88854,"-7,-6,9,7,9"
9,98262,80241,"10,5,9"
9,1170842,1173129,"6,8,2"
9,77764,1173507,"10,9,-1,8"
9,1175782,264823,"7,4,-6,-7,14"
9,1165404,1170430,"-6,7,7,7"
9,1131692,218921,"-11,8,4,4"
9,277839,271070,"15,8,7"
9,272898,82256,"7,6,7"
9,272586,1175529,"5,-5,9,7"
9,263095,7171,"8,-7,7,6"
9,1168377,279563,"5,5,4"
9,1177302,280549,"4,3,7"
9,272584,1186113,"8,-8,9,6"
9,98280,285308,"6,-10,2,1"
9,35094,223530,"9,2,6"
9,1180983,277839,"7,-9,9,2"
9,1173828,279025,"9,4,-6,10"
9,284725,279902,"7,8,-8,-5,9"
9,1132399,1168593,"5,5,4"
9,79347,284374,"6,9,7"
9,1177907,1186477,"5,3,-9,9"
9,30992,214854,"9,1,4"
9,1177956,1186472,"5,3,7"
9,285094,279282,"-1,4,4,1"
9,275099,278904,"8,-9,11,8"
9,1185097,274740,"6,2,6"
9,35031,1532,"4,6,7"
9,286411,275694,"8,3,2"
9,276426,1175380,"6,7,3"
9,223757,270710,"6,7,5"
9,1173507,283602,"-8,3,5,5"
9,216569,215555,"7,-8,8,9"
9,273516,14637,"8,1,7"
9,271191,1179256,"7,3,8"
9,286166,53412,"7,9,-7,8"
9,213021,62550,"-10,9,7,2"
9,85545,230162,"-10,6,5,4"
9,271876,1178555,"8,9,10"
9,219769,926332,"9,5,-8,5"
9,281110,1186122,"5,6,5"
9,10052,8146,"11,10,-8,8"
9,1178555,285164,"5,8,9"
9,82211,1176550,"9,10,3"
9,76010,264944,"8,-7,-9,9,9"
9,270991,271771,"-3,6,6,-7,5"
9,285554,281956,"6,6,5"
9,1176448,275099,"6,11,6"
9,1180429,279617,"7,7,5"
9,72061,1186115,"3,4,5"
9,263612,47261,"15,7,7"
9,285139,1175380,"5,-7,6,8"
9,97611,273775,"4,8,8"
9,1186588,1168339,"6,2,7"
9,28559,281823,"5,7,3"
9,1167939,279231,"10,7,-8,5"
9,88635,76916,"10,-9,9,-9,5"
9,271248,282218,"4,6,2"
9,1170751,1182631,"-2,4,6,-6,7"
9,273642,268857,"9,8,8"
9,73712,926332,"6,8,9"
9,1177959,1178256,"0,4,4"
9,1177324,1171227,"6,9,-6,11"
9,1187716,1187179,"4,4,2"
9,15550,202883,"4,5,6"
9,270404,85544,"8,-10,6,3"
9,271771,277894,"2,5,7"
9,1173514,41466,"8,5,7"
9,14504,203062,"2,1,4"
9,270746,276624,"5,2,2"
9,272631,90498,"-9,8,5,12"
9,1180986,284142,"15,7,6"
9,72286,216415,"-10,3,4,8"
9,270851,271149,"-7,11,10,8"
9,23283,1186955,"5,5,5"
9,263089,263095,"6,3,8"
9,1178675,231503,"11,7,2"
9,1187760,279282,"2,4,5"
9,284831,1180112,"8,6,-9,8"
9,270851,219402,"4,4,5"
9,214915,1165042,"7,9,5"
9,217143,91444,"4,5,7"
9,219293,277585,"-6,10,6,4"
9,8429,51131,"3,7,8"
9,271316,1173573,"8,-11,3,8"
9,197388,1173763,"10,8,6"
9,198570,7171,"2,3,4"
9,1187739,1178092,"8,10,-5,7"
9,271327,279476,"4,4,6"
9,275392,275070,"3,6,4"
9,31885,283584,"12,3,8"
9,276162,285093,"1,1,6"
9,281355,275694,"-6,6,-8,5,9"
9,273382,275402,"8,7,5"
9,1172337,86697,"6,5,4"
9,1171127,1171854,"6,-3,5,3"
9,1176822,277537,"10,10,6"
9,215306,1186360,"8,6,3"
9,91267,278293,"7,9,8"
9,284621,1171501,"4,2,4"
9,275055,273522,"5,6,4"
9,272584,30868,"11,4,-6,2"
9,57949,35094,"7,4,9"
9,217083,51131,"-11,7,7,-8,6"
9,276637,277147,"9,8,9"
9,1169576,280096,"1,3,3"
9,25053,219450,"11,8,-10,4"
9,277348,279617,"-9,9,9,-3,9"
9,15550,284291,"2,2,5"
9,89832,230162,"5,4,11"
9,216569,222939,"4,4,5"
9,280545,198570,"2,10,3"
9,263612,278642,"8,3,-8,7"
9,276193,1177311,"7,5,-10,9"
9,1157612,271061,"6,9,-1,5"
9,276734,1170430,"2,2,3"
9,47261,1172570,"-8,10,6,9"
9,1187761,285625,"-10,-6,2,8,9"
9,72242,285506,"6,10,5"
9,63010,94049,"11,5,10"
9,88854,1186122,"8,7,4"
9,285136,1177768,"-9,6,-1,8,7"
9,92219,217219,"6,6,10"
9,1167093,1172441,"8,-13,3,8"
9,279916,277496,"5,7,6"
9,202365,92219,"6,8,8"
9,224231,1179780,"4,3,7"
9,1170430,1168339,"-8,-10,5,6,9"
9,14914,1177036,"3,11,6"
9,198840,1173779,"10,1,4"
9,94395,33384,"11,9,7"
9,95000,1184629,"7,5,7"
9,97781,24961,"-6,-9,9,9,9"
9,220298,90498,"8,-9,12,11"
9,220833,62550,"6,2,4"
9,211608,218523,"6,9,2"
9,17426,27458,"11,-12,-8,7,13"
9,277904,1187735,"9,6,-3,9"
9,1170753,1178504,"5,7,9"
9,94395,216225,"-5,10,-8,6,7"
9,269408,1171502,"9,-8,-4,10,10"
9,277904,275965,"8,-9,6,12"
9,1166449,198570,"7,7,12"
9,277906,1175782,"9,11,11"
9,82779,95136,"4,4,3"
9,2059,30066,"8,9,2"
9,277354,1180429,"-7,3,6,11"
9,18802,221365,"-10,6,-5,9,10"
9,283200,280202,"18,-7,10,6"
9,1173259,1182632,"4,12,9"
9,272898,229635,"7,10,-10,4"
9,74872,216415,"6,4,2"
9,1176439,1131757,"9,7,3"
9,98280,1973,"10,9,5"
9,280491,1168827,"6,6,3"
9,286594,270851,"10,-7,5,9"
9,1131695,273642,"4,3,7"
9,211736,265334,"7,11,5"
9,284374,86472,"5,-6,9,6"
9,264823,15550,"9,5,7"
9,276728,1178086,"4,9,4"
9,1176029,1187179,"8,9,-10,8"
9,223530,284008,"10,10,9"
9,57949,69904,"3,6,3"
9,1178113,1183284,"4,8,5"
9,222971,267433,"5,4,10"
9,268620,223241,"7,9,6"
9,280553,1180010,"9,-6,-4,8,7"
9,215830,286012,"9,4,-11,6"
9,1185968,219210,"8,4,8"
9,274567,1532,"3,7,4"
9,75749,280445,"-8,5,-8,13,9"
9,34825,98071,"5,11,7"
9,1183700,30066,"7,13,9"
9,272956,272737,"6,4,-9,8"
9,94469,1174318,"1,4,-9,4"
9,84904,266395,"6,7,9"
9,286006,1178568,"7,-11,-7,7,7"
9,1187695,266395,"6,7,9"
9,1187695,272978,"7,8,5"
9,1173545,285890,"2,3,4"
9,1173129,1183019,"8,5,4"
9,1178555,277744,"9,7,-12,7"
9,275402,1178555,"14,10,-8,5"
9,59455,273520,"9,6,8"
9,64994,51370,"4,2,4"
9,276193,85544,"-9,9,5,12"
9,278904,1179256,"4,6,7"
9,31669,1185337,"7,-10,8,4"
9,284887,84357,"6,5,3"
9,91031,202363,"-7,8,7,6"
9,33546,203245,"7,7,7"
9,1164236,1173259,"10,-9,4,-8,10"
9,1171074,1166449,"-8,7,9,9"
9,277147,1184152,"6,4,3"
9,1176627,1182632,"8,9,8"
9,91031,285309,"3,2,5"
9,267295,62550,"9,2,5"
9,272956,1187729,"7,-9,4,5"
9,1177324,276135,"6,10,6"
9,1169792,87802,"3,6,4"
9,1180710,1172111,"8,8,9"
9,1187713,30833,"7,-9,7,3"
9,62557,271207,"3,2,10"
9,3727,266540,"5,-7,6,4"
9,1150977,92549,"6,4,6"
9,1178109,271975,"4,7,-10,9"
9,269408,286408,"9,6,-10,11"
9,285506,1173763,"10,8,3"
9,211643,286408,"9,4,-12,10"
9,51131,59455,"-8,12,9,8"
9,285663,271322,"9,6,3"
9,1165421,1172111,"6,9,13"
9,84904,1174699,"14,5,7"
9,285296,39809,"10,9,8"
9,276162,1174371,"10,-7,-5,9,8"
9,270194,275925,"3,9,-7,7"
9,1178089,1178256,"6,7,4"
9,7414,98071,"-8,8,8,8"
9,1187761,1173124,"8,4,7"
9,96676,91031,"5,7,10"
9,47064,93102,"-9,9,9,9"
9,219450,1165461,"5,2,1"
9,1174431,270494,"9,8,9"
9,217235,222276,"-10,-5,1,11,7"
9,277906,270305,"5,-8,4,-8,9"
9,229635,80115,"-8,6,7,6"
9,1187735,285305,"5,8,8"
9,269793,271215,"5,6,8"
9,220298,270437,"5,10,-10,8"
9,77764,216131,"-6,6,5,4"
9,269793,1187745,"3,5,5"
9,1171127,270725,"6,10,-8,6"
9,220781,1172563,"6,5,5"
9,277839,1175380,"3,7,6"
9,45824,1174368,"6,6,9"
9,27027,1174050,"6,6,1"
9,275469,279795,"2,4,6"
9,1178802,217579,"1,5,4"
9,270889,92549,"4,6,12"
9,268669,284319,"-7,9,-9,6,7"
9,277744,275055,"13,6,12"
9,1172399,1174324,"5,5,4"
9,1177302,275877,"8,6,5"
9,281463,1177832,"5,6,-4,-8,8"
9,1186157,285723,"4,10,-7,4"
9,223847,223635,"10,-9,10,8"
9,277147,277348,"-6,-9,10,12,5"
9,215326,275101,"10,9,-8,4"
9,1181392,275292,"9,9,7"
9,1172399,277441,"-11,5,2,-9,4"
9,286012,276426,"6,-8,-9,6,11"
9,273167,271799,"6,2,6"
9,267363,97770,"4,-7,4,5"
9,80369,95136,"2,0,2"
9,89832,1172563,"6,7,2"
9,277441,1183018,"5,7,3"
9,84735,275925,"4,10,-6,7"
9,272586,272956,"8,5,8"
9,1176192,286007,"6,11,-9,5"
9,276191,1179780,"4,7,5"
9,1171665,1177956,"8,6,8"
9,217235,217219,"9,8,-9,8"
9,33546,8971,"9,9,-4,5"
9,230162,270460,"7,3,2"
9,274994,277358,"9,3,2"
9,18802,32916,"3,10,3"
9,87893,27458,"7,6,5"
9,33931,279231,"9,-8,3,5"
9,221078,1176548,"6,9,6"
9,1180166,266435,"5,5,7"
9,1177324,1174255,"7,5,7"
9,270710,285516,"-7,5,6,7"
9,286411,282826,"6,6,5"
9,1183030,1172455,"7,5,8"
9,1172399,268875,"-7,7,7,7"
9,95000,284708,"4,9,5"
9,1184629,284708,"-9,9,4,6"
9,275877,277496,"6,4,7"
9,1172570,285293,"7,-8,-10,4,5"
9,272218,271275,"9,-11,-4,8,6"
9,272218,1178555,"14,-7,5,2"
9,1173828,202009,"5,6,7"
9,1186588,274463,"6,-6,4,8"
9,267125,1178092,"-14,10,9,6"
9,1182631,271322,"6,12,-8,6"
9,1186359,72553,"4,8,9"
9,271596,286016,"11,6,3"
9,1178109,87802,"3,6,7"
9,214471,1171730,"10,9,8"
9,274994,1187737,"9,6,-7,6"
9,1173545,272978,"6,3,-9,4"
9,9501,25587,"12,4,7"
9,278884,74986,"4,6,-9,6"
9,271248,1180148,"6,5,-11,-11,5"
9,284621,1167751,"7,2,-10,-7,14"
9,60234,1165404,"6,-9,8,7"
9,276520,275070,"8,7,5"
9,1170751,285147,"4,5,7"
9,265517,1443,"13,4,3"
9,1182523,213021,"6,7,-10,-9,8"
9,272978,279993,"7,9,5"
9,91757,264897,"8,7,-9,2"
9,1132341,273411,"3,7,2"
9,1185097,1180771,"5,2,8"
9,14752,275235,"9,8,8"
9,1176451,273382,"6,4,8"
9,1183018,275098,"9,4,6"
9,1132341,74893,"4,3,3"
9,8144,74872,"5,6,6"
9,30992,202778,"4,3,4"
9,272060,277839,"9,9,10"
9,203231,230162,"8,7,4"
9,281956,284291,"5,9,8"
9,285305,1177956,"-9,7,10,7"
9,279617,1180148,"9,8,9"
9,277048,280096,"5,-8,9,9"
9,1183045,1187744,"3,4,4"
9,272422,219769,"-7,6,4,-8,9"
9,211738,1187693,"11,8,3"
9,273260,280491,"11,7,8"
9,1173259,271190,"9,-4,-10,9,4"
9,1180983,1172399,"9,13,1"
9,270105,92451,"5,-8,8,3"
9,1187757,198840,"6,5,5"
9,273672,81946,"5,7,3"
9,1443,69850,"5,6,-7,5"
9,211608,1169792,"6,4,-5,4"
9,212806,267295,"9,16,-5,-7,11"
9,224191,279692,"2,4,6"
9,1186470,84735,"4,6,9"
9,147750,1173092,"1,4,1"
9,284888,85544,"4,5,4"
9,271327,271494,"-10,6,5,9"
9,1182632,1173124,"3,3,9"
9,1176772,277185,"3,4,5"
9,35094,1176627,"8,-8,10,-8,9"
9,278658,276504,"6,5,10"
9,95000,217958,"7,-4,5,6"
9,219939,5004,"9,7,3"
9,1178555,91267,"6,-8,6,-9,10"
9,1183015,86586,"5,6,7"
9,279933,1187709,"7,6,12"
9,270494,283902,"7,8,10"
9,8644,10414,"-10,9,10,-10,13"
9,263089,279025,"3,8,6"
9,215830,269693,"-6,7,8,7"
9,281837,58132,"-10,8,4,12"
9,1171665,277441,"-6,6,17,4"
9,270911,271190,"3,4,9"
9,5021,286408,"5,-5,4,6"
9,284016,276823,"8,6,11"
9,92296,281262,"7,9,6"
9,1177954,91339,"-9,9,10,8"
9,286347,282826,"9,-8,7,7"
9,274860,1179256,"-8,-9,7,13,9"
9,23538,97770,"7,10,9"
9,28559,14637,"1,1,1"
9,11903,14883,"-4,9,9,8"
9,217578,28736,"3,8,4"
9,274350,264897,"-6,7,-6,3,7"
9,84273,81189,"2,6,12"
9,272956,220781,"-7,6,9,3"
9,211608,285137,"2,5,9"
9,85544,72178,"6,5,7"
9,281942,275694,"3,8,2"
9,274799,220985,"7,7,8"
9,1187708,270846,"9,9,-10,11"
9,281355,1173763,"9,7,-9,-8,7"
9,1172563,73712,"6,8,-5,-8,10"
9,280549,285921,"-4,6,6,6"
9,1167751,266740,"7,7,-8,11"
9,273158,1186585,"3,3,6"
9,1186360,231503,"-5,6,-6,8,6"
9,275466,1178073,"-9,-8,8,8,0"
9,280386,230232,"5,5,3"
9,277358,276520,"9,12,10"
9,1187738,1186122,"-4,7,6,9"
9,89338,110466,"5,6,7"
9,285663,1182631,"7,8,5"
9,220127,1173108,"6,7,9"
9,1171127,265649,"3,3,2"
9,273520,221365,"5,9,4"
9,1177802,82297,"6,2,7"
9,1182694,280607,"5,4,4"
9,285139,276520,"3,8,8"
9,1169772,277359,"4,7,5"
9,92461,275086,"-10,9,8,-7,6"
9,272898,279692,"6,8,8"
9,1169425,219923,"4,4,6"
9,1171853,1187759,"5,7,2"
9,22286,214854,"6,4,7"
9,202363,211736,"10,-9,8,-8,8"
9,198570,1181518,"4,6,4"
9,279902,1178256,"16,9,8"
9,285178,277217,"6,-5,7,2"
9,278648,271875,"-2,9,6,10"
9,271137,57949,"9,7,8"
9,27825,1180684,"10,-5,6,9"
9,285095,274740,"-10,3,3,-7,8"
9,270846,1187762,"3,4,5"
9,286014,221729,"7,3,6"
9,1183047,1174255,"10,2,-7,8"
9,4883,285555,"-6,7,5,5"
9,1174371,282218,"4,6,9"
9,95314,94298,"4,6,7"
9,92461,1171815,"-5,9,-8,9,5"
9,1177768,1183000,"11,5,-8,9"
9,87743,91444,"7,8,8"
9,266638,95019,"8,6,8"
9,217487,270851,"9,6,10"
9,283200,1178073,"9,2,8"
9,279542,271860,"11,-8,4,-10,6"
9,215008,53211,"-9,5,7,10"
9,1182632,88635,"7,4,4"
9,283902,1185183,"6,10,1"
9,1187385,1179256,"7,2,1"
9,1172724,285303,"5,9,-5,-6,12"
9,223847,18802,"5,7,5"
9,10958,75018,"-8,-8,12,5,7"
9,271149,286008,"5,2,4"
9,279902,268857,"7,9,9"
9,279838,10669,"5,9,3"
9,270393,280003,"9,5,11"
9,1164361,270494,"6,4,-8,9"
9,270991,1173688,"12,2,11"
9,271813,1174371,"6,11,-9,5"
9,215555,93322,"3,7,5"
9,285164,1174325,"8,8,6"
9,275947,1174371,"6,5,-8,6"
9,279058,277801,"2,9,10"
9,95000,74986,"2,4,6"
9,274567,94049,"5,7,4"
9,271802,1177832,"3,3,3"
9,217083,34178,"-4,9,9,4"
9,34825,218150,"4,4,4"
9,1187758,285392,"-10,6,1,6"
9,269693,229498,"1,2,4"
9,1182629,279476,"7,6,7"
9,1186435,1174318,"9,5,6"
9,63010,27774,"3,9,4"
9,215830,27027,"8,10,-9,-6,7"
9,273158,1183047,"8,14,7"
9,1187699,1178256,"-13,8,14,8"
9,95669,273672,"5,3,4"
9,276539,281110,"8,5,7"
9,275877,1180010,"7,-7,5,8"
9,62089,926764,"5,4,2"
9,1177045,1173994,"-3,7,4,5"
9,1180112,1180776,"4,4,3"
9,1187761,285631,"-8,-8,9,10,9"
9,1177769,14752,"8,12,11"
9,1184827,41466,"-4,-7,9,8,12"
9,281355,1187705,"5,6,10"
9,271596,274788,"6,2,5"
9,220833,273516,"-8,7,4,-9,9"
9,1169576,1171643,"-8,3,4,6"
9,85544,89540,"6,7,4"
9,2059,1168015,"-9,3,-8,9,10"
9,273642,1176803,"7,7,7"
9,84357,79223,"2,3,4"
9,1173994,279902,"-11,5,5,5"
9,1172724,279616,"9,2,3"
9,201784,1166878,"7,3,5"
9,222763,231169,"8,8,4"
9,23283,72061,"10,9,0"
9,215565,271056,"3,9,7"
9,13020,198570,"9,10,-6,9"
9,223847,1186360,"10,3,8"
9,202365,1165042,"10,3,12"
9,27458,9323,"4,4,1"
9,1166024,266865,"6,9,2"
9,230237,1187729,"2,5,4"
9,263089,73148,"4,11,7"
9,1171854,270703,"5,11,1"
9,1180010,285323,"5,5,10"
9,280553,277348,"5,8,5"
9,271275,277904,"-8,9,8,6"
9,271061,34207,"-9,7,-9,9,8"
9,278928,277359,"6,-9,6,10"
9,217865,277906,"6,8,-8,6"
9,275392,282218,"6,4,8"
9,275877,1178677,"2,2,2"
9,1131757,1177308,"3,9,8"
9,1131695,216225,"5,2,3"
9,281528,278658,"12,-9,9,10"
9,266540,17759,"9,4,8"
9,926764,271207,"-9,4,3,-5,10"
9,215565,1178113,"-6,6,8,-5,7"
9,72986,30833,"9,-11,9,6"
9,1187723,265236,"6,6,3"
9,7014,278293,"1,5,1"
9,1178109,285163,"7,1,5"
9,1180983,285136,"13,7,-7,6"
9,1697,217579,"8,3,-4,10"
9,1171468,271274,"8,3,-8,5"
9,277927,275466,"9,10,8"
9,53211,285178,"-4,8,6,6"
9,42342,203062,"6,7,9"
9,1175756,217440,"5,7,6"
9,278928,279025,"3,9,7"
9,286036,280096,"-6,-11,10,9,15"
9,283260,1171157,"3,4,4"
9,272737,275657,"7,7,5"
9,270710,274860,"9,-8,8,5"
9,221340,94652,"6,10,4"
9,267295,1165042,"5,6,10"
9,51131,9323,"4,6,3"
9,1175593,286416,"5,1,7"
9,219210,1131695,"-10,6,9,10"
9,269965,279820,"-10,-8,7,8,6"
9,277441,1181392,"5,6,4"
9,76010,274567,"-7,7,3,4"
9,219939,216225,"7,8,6"
9,276728,1187755,"4,10,-8,11"
9,279405,84357,"-7,-8,4,12,9"
9,1171127,275101,"4,1,5"
9,278213,279993,"12,9,9"
9,59922,274741,"4,5,7"
9,231275,218921,"6,3,7"
9,271275,268857,"4,2,7"
9,12141,217440,"5,10,8"
9,284875,202883,"3,3,5"
9,277426,1182694,"6,-14,9,-5,9"
9,221139,270131,"2,1,7"
9,26208,1180688,"5,5,9"
9,280503,1185202,"9,-5,-9,7,8"
9,220781,62151,"4,7,8"
9,95000,277426,"6,6,6"
9,1187760,279616,"8,8,4"
9,274478,277147,"3,7,6"
9,211736,202365,"-8,0,2,8"
9,223741,13660,"7,8,7"
9,277927,1185353,"9,11,2"
9,34178,1187698,"9,9,10"
9,1187735,5004,"12,5,11"
9,1179256,285295,"7,9,3"
9,267295,90786,"1,9,10"
9,286012,271042,"5,-8,8,5"
9,30992,273520,"3,8,4"
9,278614,1173447,"-6,8,8,-11,9"
9,215555,270404,"7,7,7"
9,281110,279691,"6,4,9"
9,203245,1168383,"13,-7,9,-7,9"
9,9668,274740,"2,2,5"
9,203245,27292,"5,4,6"
9,270846,275657,"4,3,8"
9,278648,1176803,"3,4,6"
9,72242,276539,"10,9,8"
9,1177302,1187697,"9,9,4"
9,1164157,92994,"5,-2,9,5"
9,276218,274463,"7,4,-9,8"
9,1182632,280157,"5,1,6"
9,270393,279617,"8,4,3"
9,281948,80676,"8,10,7"
9,274860,279795,"5,1,10"
9,270889,1179779,"1,4,-9,5"
9,84273,277906,"9,8,5"
9,92446,6857,"3,8,5"
9,1187757,224231,"5,6,6"
9,214854,27292,"6,6,8"
9,92943,1173107,"4,7,8"
9,81606,2608,"7,7,3"
9,1166878,271610,"6,8,8"
9,219796,220127,"7,8,-10,-12,6"
9,81946,1180112,"8,4,8"
9,1176451,1177045,"7,-8,-6,7,3"
9,218929,215242,"8,11,10"
9,285631,265649,"7,3,6"
9,276502,279485,"7,-10,8,8"
9,63010,80356,"5,8,8"
9,1176548,85286,"6,6,9"
9,273158,277048,"6,4,-7,9"
9,1187760,276728,"-11,-10,11,7,5"
9,285303,285136,"7,11,4"
9,284291,195788,"9,5,8"
9,267295,1185292,"4,-15,5,9"
9,275235,285297,"5,9,9"
9,1176627,270889,"9,5,8"
9,80369,286166,"5,6,7"
9,284054,1187739,"8,6,6"
9,1178092,277147,"9,4,4"
9,1187722,221814,"6,-4,-10,3,7"
9,1173124,271875,"6,-11,9,7"
9,219904,1179201,"5,4,7"
9,229635,203231,"10,3,8"
9,279485,279560,"8,7,4"
9,281948,222276,"6,-5,4,6"
9,280491,1173994,"12,6,7"
9,88635,273685,"9,15,7"
9,269793,277801,"4,-8,-8,6,2"
9,94469,283200,"5,5,7"
9,276191,279563,"5,5,7"
9,65637,202009,"-5,8,6,12"
9,279405,270460,"12,3,6"
9,286012,264897,"-7,8,-8,9,7"
9,270846,271596,"8,2,6"
9,87743,94049,"2,5,7"
9,1185246,1172399,"11,-9,9,-4,9"
9,273772,279594,"4,7,6"
9,285147,1174322,"-7,7,4,-11,5"
9,1177302,1172399,"10,4,6"
9,219210,286417,"0,6,1"
9,268857,1174255,"-4,-8,8,3,7"
9,285631,1170759,"9,10,6"
9,1168593,280096,"8,2,10"
9,274567,91612,"13,7,6"
9,72715,1165404,"-6,-6,12,6,8"
9,96029,229498,"8,9,9"
9,273158,280015,"6,4,7"
9,92550,221340,"-8,8,3,7"
9,95991,221365,"18,5,12"
9,219904,1173688,"3,8,2"
9,1185968,1175529,"3,1,6"
9,1172724,1183000,"6,8,8"
9,276539,281837,"5,3,4"
9,1183000,271494,"5,8,5"
9,271190,223241,"6,1,4"
9,6609,1177311,"9,9,5"
9,96338,273283,"9,0,2"
9,1169772,17402,"-8,7,6,7"
9,286012,1178504,"-6,9,6,8"
9,1178103,1180010,"8,11,1"
9,271042,277185,"9,7,6"
9,281463,91612,"7,5,9"
9,15550,286417,"8,8,8"
9,274350,283602,"2,1,3"
9,1170753,38163,"9,-9,7,8"
9,1176627,1175782,"-5,8,11,-8,7"
9,271149,271802,"11,9,10"
9,285663,217143,"-6,6,-9,10,6"
9,96174,286406,"4,4,7"
9,281948,1187711,"7,-11,6,-3,6"
9,284620,5004,"5,4,3"
9,1169576,56980,"-6,2,5,9"
9,1171127,277441,"4,4,2"
9,224231,271771,"2,17,-1,11"
9,1166449,215242,"5,-11,3,3"
9,197388,89832,"6,11,11"
9,286594,94298,"7,7,6"
9,275099,275469,"8,11,5"
9,270460,284366,"7,7,10"
9,8708,250233,"2,-15,8,9"
9,1175782,273520,"6,4,3"
9,220690,281947,"9,6,5"
9,30992,6268,"-10,9,6,8"
9,1697,271610,"7,7,4"
9,281942,271145,"6,5,4"
9,1182631,272975,"3,-13,4,9"
9,1176807,86472,"3,8,-6,-8,3"
9,1177669,271799,"-8,9,-9,9,8"
9,1187699,1182217,"5,6,9"
9,218469,90786,"-6,9,4,6"
9,1132341,1166449,"9,-10,3,-9,4"
9,215242,61680,"-9,7,8,4"
9,203271,11903,"4,3,4"
9,1187734,217579,"3,4,4"
9,224191,285293,"6,7,5"
9,1170759,222971,"7,9,9"
9,78058,1181532,"4,0,5"
9,279282,279902,"-11,5,5,5"
9,1173545,1175986,"1,2,2"
9,284374,273283,"6,4,-11,10"
9,229700,280607,"1,-9,5,1"
9,285368,275037,"5,4,6"
9,1187740,1157612,"9,2,6"
9,6857,92451,"3,5,4"
9,1187704,262852,"7,-11,5,5"
9,267433,221729,"-7,9,-7,7,12"
9,57949,6857,"8,7,8"
9,1177308,1172441,"7,7,6"
9,279803,277358,"4,7,3"
9,1150995,87979,"-8,2,6,5"
9,216131,1177036,"8,9,9"
9,281605,1168383,"9,8,6"
9,6268,1182627,"6,4,-4,10"
9,1185202,81374,"9,5,4"
9,1182438,1178096,"4,5,8"
9,284374,98280,"9,-8,4,5"
9,1176772,219939,"-9,4,7,9"
9,219939,1176627,"7,2,3"
9,275297,280000,"9,5,1"
9,80507,80676,"9,8,6"
9,1187722,51749,"2,-7,3,1"
9,82230,279691,"6,3,5"
9,285085,271813,"4,-8,10,-7,5"
9,285253,1178089,"8,-7,5,-5,7"
9,54488,218150,"7,12,9"
9,278163,198570,"9,5,9"
9,23283,219402,"1,3,3"
9,1187705,275694,"5,7,8"
9,269570,275099,"5,-5,7,4"
9,1186119,217865,"9,9,7"
9,275877,283200,"10,8,5"
9,1182523,265334,"-8,9,6,9"
9,1178504,1186360,"3,9,9"
9,1171468,1166024,"9,8,6"
9,264093,1187179,"3,7,8"
9,1172337,98280,"9,-5,4,13"
9,1176627,280444,"8,7,-9,8"
9,1174368,271056,"7,-7,2,8"
9,286594,1170751,"7,-8,2,6"
9,284457,279838,"3,5,5"
9,1172724,1184152,"9,2,6"
9,224191,1186470,"7,-6,4,8"
9,221549,96706,"-7,-10,2,11,9"
9,91339,1168383,"5,2,6"
9,1180663,203085,"5,7,8"
9,256702,279803,"6,9,9"
9,76060,24961,"8,-10,3,4"
9,1176627,276556,"-7,5,8,4"
9,223759,270836,"5,5,8"
9,4883,220127,"4,7,9"
9,27027,6696,"2,3,4"
9,27823,86697,"-6,6,8,5"
9,230904,1168131,"1,4,8"
9,82234,1173828,"5,5,9"
9,284016,32916,"4,-8,6,-8,5"
9,277927,216909,"12,-8,-9,9,4"
9,1185330,274741,"8,5,-11,8"
9,221078,1187689,"2,3,2"
9,269693,267295,"5,6,9"
9,274567,81397,"9,6,-8,-5,8"
9,284655,1184550,"8,1,-7,10"
9,222971,285383,"3,9,9"
9,1166717,57949,"8,8,8"
9,35031,81189,"7,9,7"
9,216569,284911,"9,-6,-9,12,5"
9,220283,286129,"4,7,3"
9,1170842,285303,"-7,6,9,7"
9,268857,279058,"2,9,8"
9,1180710,98262,"1,9,-6,10"
9,1178802,1151017,"-5,4,-8,4,4"
9,229635,269408,"4,6,7"
9,269570,279402,"11,6,7"
9,286347,77885,"3,5,11"
9,211736,286023,"1,1,2"
9,219450,88195,"4,8,5"
9,214915,91339,"7,-7,6,8"
9,53157,285083,"6,3,4"
9,1176451,279795,"1,0,1"
9,1177954,74872,"10,5,5"
9,286014,283260,"1,-5,-16,5,8"
9,273522,1186472,"5,9,7"
9,222763,94298,"10,4,8"
9,1185337,286424,"6,7,9"
9,285723,223729,"-10,2,6,10"
9,1171156,1187712,"-6,-7,6,3,7"
9,272218,1174050,"5,5,6"
9,1171728,1170842,"8,5,8"
9,1170842,285555,"7,8,7"
9,1183581,56980,"9,-9,2,-10,7"
9,1182217,277354,"9,12,-7,9"
9,10533,21400,"-8,8,8,-9,8"
9,1174324,279916,"7,7,-5,9"
9,217865,92219,"4,8,9"
9,72924,85286,"3,3,8"
9,266835,1180688,"-3,10,8,4"
9,284621,271961,"-8,6,5,-12,8"
9,1185097,72924,"-4,9,9,-9,7"
9,27825,266395,"7,4,3"
9,273685,85287,"7,2,8"
9,271771,1174324,"3,9,9"
9,1171730,1178952,"7,-8,-5,8,7"
9,230162,285886,"1,3,6"
9,218929,283584,"6,2,7"
9,219210,89540,"2,2,2"
9,285392,271596,"8,2,3"
9,1187706,1532,"8,8,8"
9,273167,219351,"8,10,7"
9,211736,1186115,"2,3,4"
9,75749,72242,"3,6,8"
9,270911,1170753,"9,7,5"
9,275101,285165,"2,5,-8,5"
9,276624,277537,"9,6,-6,10"
9,1178113,81606,"2,6,8"
9,86641,211903,"6,3,5"
9,215565,265517,"3,10,-10,6"
9,279405,276226,"4,5,9"
9,47261,5458,"7,8,9"
9,271322,1173688,"10,-9,-6,9,3"
9,1178107,87802,"4,7,6"
9,277354,280553,"2,6,9"
9,97561,77885,"5,7,-2,9"
9,215830,271802,"8,-11,9,8"
9,284875,1169772,"4,2,5"
9,274463,1187548,"2,5,8"
9,1176029,273685,"9,-7,-2,7,7"
9,285368,1165421,"8,7,3"
9,277906,221548,"4,8,-9,9"
9,275290,250080,"10,9,8"
9,1171854,271596,"8,-4,5,-5,9"
9,1171643,274788,"8,9,4"
9,221340,1187707,"9,-8,-6,10,9"
9,1164236,270437,"5,5,-9,8"
9,1187749,277048,"-8,3,8,8"
9,1166878,60472,"7,-9,9,9"
9,1174369,275055,"5,3,5"
9,215565,264548,"8,5,5"
9,277496,285295,"5,7,-8,8"
9,218523,270991,"-7,3,5,8"
9,95667,277927,"9,3,9"
9,84582,285323,"6,6,6"
9,1166024,215242,"7,4,6"
9,271145,275290,"6,5,8"
9,1175676,1179259,"8,9,3"
9,269693,1180658,"-9,-6,9,8,3"
9,1177907,217235,"7,8,9"
9,277053,1172455,"-10,3,8,0"
9,1180710,1173573,"6,6,10"
9,1186477,1173688,"3,8,6"
9,81793,263089,"9,7,8"
9,92219,27292,"7,-8,6,6"
9,276502,278233,"8,5,4"
9,217865,1175782,"7,6,5"
9,218469,284875,"4,8,-15,7"
9,927286,1171501,"9,10,10"
9,59455,286417,"6,5,5"
9,219888,282826,"-9,-3,7,7,6"
9,1170878,1179780,"8,4,1"
9,1949,1180663,"10,-10,1,2"
9,92296,27825,"9,8,10"
9,1170753,285164,"3,5,5"
9,271316,1186472,"5,2,6"
9,277426,285900,"5,6,2"
9,1167521,277526,"6,3,7"
9,220833,50664,"10,-11,4,9"
9,271596,286019,"1,2,6"
9,285554,85286,"7,7,7"
9,215008,285323,"-8,8,7,10"
9,230904,272436,"2,3,2"
9,280491,280553,"10,11,6"
9,1187724,285392,"6,-10,7,5"
9,1187723,88635,"2,5,5"
9,75749,1178073,"7,2,4"
9,47064,15550,"9,10,9"
9,1183024,285554,"2,6,3"
9,1171856,37020,"8,8,2"
9,80369,73712,"2,6,9"
9,273516,1176551,"6,8,-6,-9,10"
9,1179255,280157,"4,11,6"
9,270305,1182631,"7,9,6"
9,92219,229421,"8,5,4"
9,285392,1177956,"6,8,1"
9,21768,1175402,"2,4,3"
9,1186477,277839,"7,5,-2,9"
9,224089,94652,"10,6,-10,5"
9,198570,279691,"7,8,6"
9,262852,214471,"9,9,9"
9,1175117,1177959,"2,1,3"
9,270404,286398,"1,8,3"
9,8146,285554,"-8,7,5,8"
9,1176827,98280,"6,4,6"
9,1187707,1183019,"6,7,9"
9,277927,35031,"7,9,-8,7"
9,276734,286417,"3,6,1"
9,279803,1175986,"3,4,3"
9,284831,74986,"3,6,6"
9,1170753,272975,"3,1,6"
9,1178089,270900,"-6,10,-8,6,5"
9,1180684,1170430,"9,9,5"
9,264944,216909,"10,7,8"
9,256702,1180983,"9,3,10"
9,76535,1174461,"2,3,9"
9,1180984,220993,"10,10,-8,9"
9,1187704,1182632,"8,6,-7,7"
9,285368,269570,"2,4,3"
9,63010,97781,"3,-6,6,8"
9,272586,271316,"-7,3,8,5"
9,273520,283584,"6,8,4"
9,1185968,269965,"-9,8,8,6"
9,275947,285163,"5,6,8"
9,1180148,275055,"-7,7,7,12"
9,222276,198570,"5,4,6"
9,1180688,277426,"6,10,8"
9,275055,281947,"8,7,8"
9,270083,272737,"2,7,6"
9,1186113,273520,"-9,7,8,3"
9,271975,272196,"4,11,-7,8"
9,27774,94049,"7,5,5"
9,87743,267363,"9,-8,6,5"
9,25587,1185097,"3,2,4"
9,1171562,1173092,"7,10,9"
9,272422,926332,"1,3,7"
9,274478,81398,"4,-10,9,7"
9,1173828,12141,"-9,-9,5,5,9"
9,89159,272422,"3,8,8"
9,284016,285068,"6,8,2"
9,286014,1169110,"9,3,4"
9,283762,92219,"5,5,5"
9,1187757,283902,"2,3,5"
9,1178107,219923,"5,3,3"
9,1185095,1182629,"8,-9,8,-6,13"
9,1180688,65637,"6,-10,-6,4,5"
9,280444,284319,"5,11,3"
9,26208,73712,"3,8,5"
9,284922,271260,"7,6,-9,6"
9,286347,1150995,"3,8,7"
9,96174,84735,"7,3,12"
9,224231,1187708,"7,6,4"
9,271145,276728,"6,6,1"
9,1176561,274741,"-9,7,11,-11,9"
9,271799,273735,"9,-8,-5,8,9"
9,6609,74986,"7,-5,4,5"
9,47064,1179255,"12,12,5"
9,271813,276739,"4,4,13"
9,9501,285296,"4,9,7"
9,58132,229592,"-9,7,14,9"
9,285147,271322,"-9,8,6,-9,8"
9,1173760,284054,"5,4,7"
9,280491,277537,"3,1,6"
9,266395,269408,"7,13,7"
9,58132,279691,"9,10,-10,-6,5"
9,82779,271610,"6,8,8"
9,1169772,1173573,"6,6,7"
9,1166878,273685,"7,9,4"
9,93102,1166750,"7,7,3"
9,272436,1182219,"4,9,6"
9,1171643,276135,"9,3,4"
9,221729,277441,"-9,5,-4,7,5"
9,47761,6696,"9,-6,9,10"
9,1170851,1169425,"-9,10,10,6"
9,271056,1179259,"1,3,5"
9,1177302,275098,"9,8,4"
9,50664,1168131,"8,8,7"
9,274201,1176822,"7,5,3"
9,1172844,1166878,"6,-6,5,-6,6"
9,94298,1169425,"-9,7,6,-9,3"
9,250034,1173760,"8,8,10"
9,281969,72178,"4,4,6"
9,1178675,277426,"7,-9,7,10"
9,271190,198570,"6,8,9"
9,272218,1173246,"8,8,-4,5"
9,219939,1170753,"5,6,5"
9,14752,11903,"3,2,-9,4"
9,1183294,1186585,"5,5,6"
9,93322,73148,"-9,11,6,4"
9,1172111,1176550,"-8,14,8,7"
9,1185599,1131695,"9,8,10"
9,34207,35094,"8,6,-3,6"
9,86207,23283,"4,3,8"
9,282614,264823,"-9,-5,9,7,12"
9,1187716,264093,"6,4,6"
9,272631,14883,"6,7,9"
9,92446,218469,"-8,7,7,7"
9,93322,202883,"8,5,3"
9,1174324,281947,"6,1,8"
9,215565,1171074,"-6,10,6,8"
9,1170759,269965,"-5,9,7,6"
9,270105,269408,"7,3,-9,-6,8"
9,275292,286036,"-5,9,-5,9,4"
9,1173259,272978,"3,6,4"
9,1178568,1165674,"7,0,6"
9,214471,1172724,"9,8,-6,9"
9,277048,1178256,"9,6,5"
9,1180986,85715,"-9,7,5,-10,10"
9,1172111,1187697,"8,7,5"
9,274338,212806,"5,8,8"
9,286416,280445,"10,-9,2,8"
9,273283,1186693,"-3,6,8,-9,7"
9,285368,1173259,"3,9,4"
9,284922,286416,"5,-6,8,-6,6"
9,1165674,90353,"-2,7,7,-7,8"
9,273762,280157,"4,6,7"
9,279916,271494,"-8,8,-6,9,7"
9,1186470,1177832,"9,7,-11,10"
9,1187695,271771,"11,3,5"
9,96706,81663,"7,4,-6,6"
9,1178113,11877,"-10,12,-11,9,6"
9,61680,285178,"4,-6,6,-11,9"
9,216497,217487,"-6,4,8,6"
9,13020,1180111,"7,5,2"
9,281355,1177959,"7,8,-8,7"
9,1177956,286036,"7,-5,-10,9,9"
9,97611,147750,"5,5,4"
9,279692,85544,"6,-8,7,11"
9,1179212,1171502,"-9,8,7,8"
9,280444,1180565,"6,-5,-7,8,4"
9,275657,1187762,"5,5,1"
9,1173505,1178677,"5,3,6"
9,275402,280003,"5,7,7"
9,94298,272956,"8,-4,7,3"
9,285303,268857,"6,7,4"
9,271215,1179780,"-9,8,4,9"
9,1177324,276520,"8,2,5"
9,229700,1182694,"9,1,8"
9,1174371,1182993,"3,8,5"
9,277048,1182629,"8,3,4"
9,266395,277801,"-12,9,6,3"
9,6857,26664,"4,5,9"
9,277515,69904,"10,-9,8,-7,4"
9,216131,14914,"9,6,8"
9,1186435,1175117,"7,7,5"
9,1180148,1175380,"10,2,-10,2"
9,224191,272631,"6,8,5"
9,278904,276728,"11,-6,9,-9,9"
9,1170751,1173779,"6,5,10"
9,1166750,285555,"10,7,4"
9,202009,1168339,"10,-9,5,2"
9,285631,1169576,"9,-4,7,7"
9,285664,275469,"7,6,4"
9,1180663,284875,"-9,-9,7,9,10"
9,1169792,28559,"7,-6,-7,7,9"
9,284457,217579,"3,4,8"
9,96706,62550,"5,9,7"
9,1171854,1186472,"3,6,2"
9,198570,281110,"1,6,8"
9,60706,275464,"3,5,6"
9,281902,266638,"7,2,10"
9,27961,203245,"7,9,5"
9,276734,276750,"3,4,3"
9,270911,1187699,"5,1,4"
9,1186122,1177962,"7,4,5"
9,277185,216225,"-7,8,8,-8,10"
9,282081,927185,"7,8,4"
9,275824,223530,"5,-7,5,-6,3"
9,1165042,42342,"-10,4,2,8"
9,272975,1178555,"-5,-7,5,8,8"
9,279542,280549,"7,-6,4,7"
9,1177588,223659,"4,6,8"
9,88485,90786,"8,10,-4,7"
9,285297,85963,"9,1,7"
9,1175380,279282,"10,5,6"
9,22286,223635,"7,5,4"
9,271327,1178677,"7,6,8"
9,1173129,271875,"3,6,3"
9,286416,219888,"9,4,8"
9,273685,223530,"9,9,7"
9,1187734,1170753,"5,9,-8,9"
9,276728,269793,"4,8,8"
9,218150,97770,"7,-7,9,5"
9,275099,285163,"7,5,11"
9,1180103,230232,"6,9,8"
9,1173994,271875,"7,2,8"
9,87743,1177884,"-5,6,12,8"
9,90211,98071,"-11,2,-9,9,9"
9,270991,1178555,"-8,2,5,6"
9,1180688,86697,"-9,7,0,9"
9,6703,53412,"3,-8,6,10"
9,266835,1165405,"4,7,5"
9,215232,266435,"10,9,-8,3"
9,110466,22286,"3,6,5"
9,1187756,1171854,"3,8,3"
9,277426,65637,"10,1,-11,9"
9,1177907,93102,"5,9,6"
9,269693,285137,"-9,5,5,6"
9,277185,273382,"7,5,9"
9,1166024,25053,"7,6,5"
9,269971,277537,"8,8,8"
9,276520,1179256,"-3,7,-9,4,4"
9,1173447,274338,"5,-8,-7,9,7"
9,270746,14914,"4,6,7"
9,1180658,277441,"9,-8,5,-11,5"
9,1173545,1173728,"3,2,7"
9,1171665,231169,"7,2,9"
9,49435,1949,"8,7,7"
9,82234,1170430,"8,8,4"
9,1532,1182219,"9,-7,7,11"
9,98184,285555,"7,3,11"
9,88635,263612,"6,4,-4,7"
9,277359,285092,"8,9,7"
9,285139,284655,"3,7,10"
9,211903,279563,"8,5,3"
9,280386,218929,"9,2,7"
9,74880,86472,"3,2,6"
9,1187757,271771,"6,6,8"
9,81325,45824,"8,3,6"
9,271316,275101,"5,5,6"
9,94668,71746,"-8,8,-8,8,5"
9,93102,219450,"6,5,7"
9,1179780,282218,"10,8,4"
9,1171856,91267,"5,11,6"
9,202363,1187731,"8,8,8"
9,271215,279902,"7,4,9"
9,32546,217958,"5,4,6"
9,1185968,285625,"7,-10,9,-9,6"
9,1164236,1187749,"6,7,3"
9,279902,1180148,"7,10,8"
9,34485,30833,"5,5,6"
9,285094,277894,"-10,8,7,4"
9,1187711,61680,"2,2,6"
9,220127,279405,"4,10,-5,-7,6"
9,271275,280157,"8,9,7"
9,229635,278125,"5,2,5"
9,1186894,65637,"4,4,6"
9,9784,1182694,"4,3,4"
9,271248,1174324,"5,9,8"
9,277927,274741,"-8,3,6,5"
9,1177907,15550,"4,6,7"
9,1187741,203084,"-11,8,7,9"
9,78089,281969,"-9,9,6,6"
9,94395,1183018,"10,7,4"
9,272218,276728,"4,4,6"
9,1178677,1187759,"3,6,8"
9,1186120,275098,"-9,7,7,-8,10"
9,220781,1169425,"6,6,7"
9,82256,46331,"1,2,1"
9,1187735,1171730,"8,5,6"
9,270393,276728,"-8,6,1,8"
9,280553,279795,"6,9,5"
9,280445,274913,"6,4,3"
9,285163,282218,"5,-7,8,7"
9,5004,72008,"1,8,5"
9,265334,1179201,"8,-9,9,-6,14"
9,1171226,279594,"5,9,8"
9,91612,95136,"3,6,3"
9,220127,93322,"10,9,-3,-5,5"
9,280157,285164,"-8,6,4,7"
9,1171226,1174255,"4,5,7"
9,220781,60706,"7,9,5"
9,1183047,274860,"5,11,6"
9,1180010,219609,"8,10,7"
9,61449,1175747,"9,6,5"
9,54488,1173546,"-5,8,-9,9,9"
9,72242,271205,"9,1,2"
9,60706,274567,"9,-5,6,-9,8"
9,276502,285093,"6,1,2"
9,277354,275292,"9,-8,-7,9,5"
9,1185968,219210,"-4,6,-5,10,5"
9,1167093,250211,"9,-9,10,5"
9,1183044,217219,"6,7,9"
9,275469,1174326,"-8,5,5,7"
9,279803,275297,"5,5,1"
9,277354,270710,"3,3,5"
9,1170759,1187724,"8,10,-5,-7,8"
9,1176550,91339,"8,-6,9,-10,8"
9,28559,214419,"2,5,8"
9,285368,273411,"4,2,4"
9,270494,97781,"6,11,7"
9,1178107,1170753,"10,7,-7,7"
9,264897,221260,"8,6,9"
9,1185968,1178113,"8,8,-6,6"
9,84431,1187751,"-10,7,3,8"
9,34589,65637,"2,1,10"
9,1187751,72242,"2,9,1"
9,221365,1168137,"7,8,4"
9,1171227,277744,"11,9,-8,11"
9,1171730,279902,"3,11,4"
9,216131,81606,"-6,-6,8,5,10"
9,1171853,1174050,"4,6,-9,7"
9,1171468,271191,"6,5,3"
9,25045,223377,"-8,9,-6,3,11"
9,256702,265517,"9,-8,3,-8,9"
9,275301,219769,"-7,-3,2,4,8"
9,277742,283511,"7,5,9"
9,1166717,219939,"8,8,10"
9,32916,1186122,"9,-5,3,11"
9,1150987,223241,"10,10,5"
9,89540,223377,"4,7,8"
9,224191,1172570,"7,7,2"
9,284922,217143,"4,7,5"
9,4883,282614,"9,3,9"
9,269965,271596,"7,4,5"
9,281766,286594,"4,7,9"
9,1187730,280535,"3,2,8"
9,1180986,98262,"-11,7,4,-8,8"
9,280157,279485,"7,3,7"
9,90498,273167,"6,11,6"
9,270911,270851,"6,-6,8,6"
9,1182993,285189,"9,8,8"
9,90353,1185599,"8,2,-7,6"
9,276417,279795,"4,3,3"
9,63010,6857,"8,7,-8,9"
9,34825,1177907,"13,9,10"
9,80507,1697,"4,5,3"
9,285383,277496,"9,7,4"
9,1177907,272898,"4,5,10"
9,1151017,82176,"10,4,5"
9,1165421,1176627,"-14,6,1,5"
9,284620,21768,"6,4,1"
9,14752,91905,"-11,2,9,6"
9,267295,271802,"7,8,-9,3"
9,276556,271596,"10,11,9"
9,273382,279795,"3,5,4"
9,1187708,267433,"8,7,9"
9,218921,47064,"6,-11,7,7"
9,198570,1186122,"4,4,7"
9,91757,277904,"14,9,9"
9,274860,1175986,"6,7,8"
9,1183047,1186585,"2,1,8"
9,278293,277515,"5,6,3"
9,76235,285091,"10,9,7,-7,-8,-8,8"
9,270083,1171157,"6,8,8"
9,275235,62488,"8,5,3"
9,265236,280444,"-9,9,9,9"
9,270851,79347,"-7,8,5,4"
9,203271,285379,"6,-8,10,10"
9,278928,29525,"5,9,7"
9,221139,278125,"7,5,4"
9,75018,285255,"2,4,6"
9,217487,275235,"4,6,9"
9,285139,1173688,"5,8,-7,4"
9,1173763,275965,"12,-13,4,4"
9,1171854,272060,"-9,6,6,8"
9,285379,270746,"9,8,6"
9,30066,88854,"6,7,6"
9,1175710,41466,"5,4,5"
9,1443,88195,"5,1,7"
9,270851,285921,"0,3,2"
9,271961,1532,"3,2,11"
9,1173124,271860,"8,8,5"
9,271190,266865,"4,5,6"
9,1186470,1179259,"2,7,8"
9,86637,267124,"4,10,9"
9,1171853,271344,"6,2,-10,9"
9,277839,1173124,"6,-8,4,10"
9,1187755,223760,"6,5,5"
9,1157583,272584,"7,9,4"
9,272631,270131,"3,5,8"
9,280445,1172563,"4,2,5"
9,272422,273685,"5,4,-10,5"
9,1187737,927185,"-11,5,6,-10,7"
9,219293,270131,"5,8,1"
9,1178102,221139,"3,10,4"
9,1178103,271056,"5,10,5"
9,279025,1173092,"9,8,7"
9,9784,26208,"-5,6,6,6"
9,54488,273516,"-7,8,9,-9,10"
9,1186471,284291,"1,3,1"
9,1177585,1175986,"1,5,11"
9,1170430,927286,"-4,9,9,3"
9,216569,147750,"4,2,6"
9,218469,56980,"6,8,7"
9,276728,277513,"9,-4,5,6"
9,285164,274860,"-8,3,7,-8,8"
9,80241,1185353,"2,3,6"
9,45824,281660,"-16,9,6,7"
9,1170851,41466,"6,6,7"
9,285303,1176448,"3,4,4"
9,1178109,1180983,"-9,3,5,10"
9,269570,1173688,"4,4,4"
9,264093,275694,"7,8,7"
9,283200,17759,"9,6,9"
9,76010,45824,"7,5,-8,8"
9,86637,98266,"-7,3,6,9"
9,285557,220298,"5,9,8"
9,1180984,222276,"3,-6,5,1"
9,1185688,1164236,"3,5,5"
9,10437,1185353,"5,5,5"
9,1170443,1177959,"-16,9,3,10"
9,1174699,273762,"-8,-7,9,5,11"
9,1170013,285555,"-6,8,5,-7,8"
9,215306,1187737,"7,5,6"
9,271190,284725,"4,2,3"
9,269965,1131695,"-8,4,4,4"
9,278658,1186472,"7,4,12"
9,216497,82176,"9,8,9"
9,219210,271344,"7,4,4"
9,29709,1179259,"2,4,2"
9,98280,1186113,"-11,6,4,8"
9,224191,284911,"-8,-8,10,7,11"
9,1150990,279933,"9,-12,3,-8,4"
9,285296,926764,"8,-3,7,5"
9,1171815,271205,"6,3,4"
9,284142,71746,"12,2,5"
9,224165,229700,"4,9,7"
9,269570,1173505,"8,8,5"
9,43265,1187689,"4,6,1"
9,284621,927286,"6,7,5"
9,217579,215232,"-7,9,8,10"
9,275235,229592,"4,9,8"
9,1176627,1183053,"-6,4,3,-10,7"
9,1178802,1171728,"8,-9,7,4"
9,230232,217579,"8,9,6"
9,273158,271875,"7,7,5"
9,1185292,1166878,"3,4,6"
9,262852,276556,"9,9,3"
9,250233,1171501,"5,10,6"
9,82256,272436,"-10,11,5,6"
9,1171227,282218,"-9,5,-6,7,5"
9,273772,277513,"5,4,8"
9,221365,32916,"5,8,5"
9,281660,1176913,"7,4,1"
9,285136,279795,"5,3,3"
9,147750,1186471,"9,3,9"
9,275099,276135,"6,9,-8,-6,6"
9,96907,6696,"5,5,6"
9,91757,1167521,"2,9,11"
9,280444,284655,"6,6,4"
9,1167520,1949,"-10,7,11,5"
9,1157612,1177802,"5,-6,9,-9,9"
9,285634,218928,"9,5,-9,5"
9,1176451,1181392,"3,7,-6,7"
9,269693,219450,"5,6,5"
9,273685,1185097,"7,10,6"
9,222971,1177956,"6,6,11"
9,273411,1183045,"2,5,3"
9,64549,276193,"-10,9,-6,5,9"
9,283762,1151017,"3,5,8"
9,271322,277048,"8,2,3"
9,1179255,229635,"6,-6,7,-7,8"
9,282614,250211,"3,10,9"
9,92461,278125,"-9,4,-6,9,0"
9,91252,1973,"8,-11,3,-7,12"
9,1170851,1178073,"7,3,6"
9,217958,88854,"5,-6,7,5"
9,272898,87743,"12,6,-9,-6,4"
9,280553,277358,"11,4,7"
9,1179780,1184559,"5,10,6"
9,1171227,286016,"-9,-9,9,9,8"
9,1187761,1183000,"5,-8,-7,7,9"
9,1178103,217582,"9,-8,5,8"
9,1187731,1171854,"4,5,8"
9,87979,270746,"-4,5,7,9"
9,48477,89360,"5,7,8"
9,266638,285554,"6,5,9"
9,279803,276426,"7,2,-8,10"
9,271056,72008,"-5,15,9,-9,9"
9,284457,223847,"-7,6,6,3"
9,284054,230232,"6,3,2"
9,274722,272975,"-7,4,5,5"
9,203231,285634,"7,5,8"
9,20092,94988,"9,9,9"
9,220976,285505,"4,8,5"
9,220298,1183019,"-10,9,7,6"
9,1172111,1174369,"3,5,9"
9,281942,1157612,"2,11,-7,-8,3"
9,74893,285178,"7,8,-10,8"
9,223530,273672,"-6,5,-10,8,10"
9,94652,277927,"8,8,7"
9,84735,28736,"-6,8,10,2"
9,72387,95314,"7,7,7"
9,72387,1172111,"6,6,3"
9,23538,50908,"3,4,5"
9,221260,281902,"7,7,-15,6"
9,1166449,285323,"10,-10,8,5"
9,272742,95314,"5,6,8"
9,220298,1175529,"1,3,9"
9,63010,6609,"7,-6,4,5"
9,212806,96338,"5,6,8"
9,63010,82547,"3,7,6"
9,1187698,276226,"4,3,1"
9,1173246,285890,"4,4,7"
9,273735,53412,"-7,5,8,-8,6"
9,273642,278658,"8,9,-9,-9,6"
9,11877,284374,"4,4,5"
9,1185599,1180339,"3,-6,5,4"
9,1174431,58132,"9,10,-9,-6,6"
9,1187743,1187756,"7,9,-11,-8,9"
9,222939,211903,"-8,2,7,-6,7"
9,1166750,1186894,"3,4,7"
9,1187756,272586,"2,2,4"
9,285302,1179212,"10,9,-12,7"
9,58961,285900,"5,4,2"
9,271482,278125,"-11,7,-9,7,7"
9,91339,61680,"-7,8,-7,5,5"
9,284806,285092,"8,6,9"
9,1171730,1187749,"-1,6,9,10"
9,1171468,271070,"7,-9,3,7"
9,250080,1178256,"6,9,3"
9,286016,1175528,"-5,-9,10,10,8"
9,271191,280491,"-8,6,-13,6,5"
9,1173688,273218,"-1,-6,9,5,9"
9,284875,277359,"2,7,2"
9,285261,1177959,"8,8,9"
9,1171730,271494,"-5,5,-5,6,2"
9,14752,218150,"2,3,8"
9,273762,1178086,"6,2,4"
9,1184827,1175402,"6,5,6"
9,1172858,74880,"-6,8,7,-7,6"
9,1173507,271876,"9,6,8"
9,281705,94049,"7,-7,3,4"
9,87979,9501,"9,5,6"
9,1178555,1173246,"-9,4,13,-8,8"
9,269693,1176807,"11,5,9"
9,1177832,91612,"7,14,-5,4"
9,276162,280553,"5,8,-10,9"
9,1178089,275925,"6,-9,1,2"
9,286006,1173760,"4,6,7"
9,224089,273085,"-9,-8,5,11,12"
9,284875,1182694,"7,9,11"
9,272586,1181392,"5,4,5"
9,275290,285163,"7,8,3"
9,27027,267363,"1,3,7"
9,1165405,1186115,"7,3,5"
9,276502,277513,"-6,6,-4,4,7"
9,286411,273642,"6,7,9"
9,72553,223659,"6,9,1"
9,1173124,278213,"3,7,3"
9,229470,229498,"7,7,9"
9,88635,278884,"8,3,5"
9,6857,33040,"6,2,3"
9,281837,1165461,"6,8,0"
9,270494,1184629,"4,7,10"
9,86560,1178102,"2,4,5"
9,222763,1174461,"5,3,3"
9,86560,1180984,"-9,5,5,8"
9,927185,1165042,"5,5,10"
9,214854,217440,"7,-6,6,5"
9,279916,286019,"5,8,7"
9,1173728,277048,"5,7,6"
9,1166878,217579,"6,5,6"
9,1178952,279542,"2,6,5"
9,10729,10927,"-11,4,-5,6,11"
9,14504,275034,"8,10,8"
9,250034,84582,"4,-10,-10,7,5"
9,277526,270836,"6,10,8"
9,1183024,94988,"3,4,9"
9,1172399,275290,"2,-10,6,2"
9,271061,280445,"7,9,11"
9,3727,284374,"4,-8,8,7"
9,284655,270836,"11,4,10"
9,1174326,268857,"6,-11,-9,4,7"
9,271501,1179259,"11,6,7"
9,72178,218928,"6,10,15"
9,1186588,1180112,"3,5,4"
9,269965,270703,"2,8,3"
9,277185,1187699,"6,5,6"
9,1183000,250080,"-10,7,5,-11,6"
9,1171074,197388,"5,5,-9,-9,7"
9,1175710,285369,"7,9,-9,9"
9,214854,86925,"6,6,2"
9,1186359,281463,"5,5,-8,4"
9,282077,1186472,"6,-8,8,5"
9,95314,274350,"7,7,8"
9,231169,276750,"1,9,7"
9,1178952,279560,"9,9,7"
9,284054,1165421,"-10,6,10,9"
9,277358,285295,"12,-8,6,2"
9,286014,1187757,"5,2,9"
9,1171728,94469,"6,-9,10,4"
9,285308,266435,"3,9,8"
9,202363,217865,"8,-8,8,-8,4"
9,1697,92549,"3,5,-10,2"
9,279803,265649,"6,4,4"
9,60706,41466,"6,5,5"
9,279485,277358,"8,7,8"
9,272218,1171730,"5,4,10"
9,1157583,1186113,"6,6,7"
9,277839,1179780,"7,3,6"
9,267295,271260,"5,6,5"
9,1187749,285320,"5,4,-7,1"
9,276218,276193,"-15,1,7,-8,6"
9,263612,1173763,"6,-7,9,6"
9,264093,219413,"5,4,14"
9,1182632,271190,"8,6,8"
9,1171665,1178256,"4,3,7"
9,220032,271883,"4,6,2"
9,1184152,280549,"6,-10,2,5"
9,1183284,271056,"8,10,10"
9,1166750,277927,"11,6,8"
9,264662,285664,"6,-5,6,7"
9,276162,1178677,"9,8,10"
9,220032,278584,"7,9,3"
9,269693,270746,"-7,3,7,7"
9,285383,282077,"4,4,7"
9,270748,275469,"-12,2,7,11"
9,264662,275469,"9,-7,7,7"
9,10052,8708,"5,-9,8,-8,6"
9,221365,53412,"-4,8,9,6"
9,1187728,1177832,"7,11,10"
9,223757,270709,"10,8,-9,5"
9,285068,31669,"9,-2,-2,10,9"
9,8144,34207,"7,9,9"
9,270083,221729,"3,10,7"
9,10052,284831,"9,8,7"
9,271215,276162,"7,-9,8,7"
9,1178073,1180112,"-9,-3,7,10,7"
9,221340,272737,"8,-11,9,-7,3"
9,1173994,281422,"10,7,-7,-10,2"
9,1174326,1168593,"0,7,4"
9,1165054,273672,"10,-7,7,3"
9,271975,1187749,"8,7,6"
9,10437,273085,"5,9,-8,9"
9,278658,1175528,"8,9,-11,11"
9,1186120,33546,"3,5,7"
9,280553,1183045,"7,8,6"
9,1157612,1165421,"9,-5,7,6"
9,1165421,1150977,"8,5,11"
9,218150,219402,"9,10,5"
9,229714,1178802,"4,-8,2,8"
9,275292,275055,"-6,9,6,8"
9,1166024,264093,"5,10,9"
9,272631,98184,"11,-9,8,11"
9,277839,275947,"5,9,9"
9,20092,21768,"-8,5,5,7"
9,279820,271771,"9,3,10"
9,32916,223377,"10,9,-9,-9,9"
9,271191,275290,"8,12,4"
9,1173728,1177959,"6,10,-4,4"
9,269570,281902,"2,10,2"
9,281605,274350,"10,9,10"
9,1176807,88635,"5,8,-7,8"
9,275466,280607,"-4,14,9,11"
9,270991,1173507,"5,7,9"
9,1180112,1172455,"4,4,9"
9,276426,277537,"10,4,6"
9,1185202,218928,"3,5,8"
9,230904,50664,"-9,5,9,-5,9"
9,1177302,270889,"-6,8,2,11"
9,278928,82779,"5,3,8"
9,1165461,278884,"9,6,4"
9,280545,278642,"1,2,2"
9,81397,91612,"8,9,2"
9,1178107,270911,"7,7,7"
9,273642,285085,"-2,8,-7,9,5"
9,1186119,286014,"2,7,7"
9,221729,283902,"5,5,4"
9,256702,221260,"8,7,5"
9,285147,284655,"5,3,7"
9,223530,1173108,"-6,9,9,-9,9"
9,285094,277537,"7,6,5"
9,1171665,1187385,"7,5,6"
9,272584,284708,"7,8,4"
9,926332,1186115,"-5,8,-9,16,12"
9,1182879,216415,"4,9,-9,-4,10"
9,1177802,87802,"2,8,4"
9,266865,1173994,"-3,4,9,6"
9,1186471,281956,"2,4,5"
9,278614,1183034,"8,9,4,-10,4"
9,1187738,274479,"6,11,3"
9,1173688,284912,"7,5,-9,8"
9,284655,1183047,"7,-5,-7,5,8"
9,1157745,277801,"8,7,5"
9,9784,229635,"6,6,4"
9,271500,1185097,"6,7,10"
9,280003,1176454,"4,9,10"
9,280003,275657,"-5,10,5,4"
9,271494,285094,"5,5,6"
9,1172563,1186894,"7,8,11"
9,280444,1172724,"4,12,7"
9,283200,273283,"5,7,8"
9,5021,1168131,"7,9,7"
9,272422,87850,"5,2,2"
9,1443,1187179,"3,7,8"
9,217143,87802,"7,-10,9,6"
9,1171128,1187715,"9,8,8"
9,1178113,217487,"7,7,10"
9,273642,274860,"7,2,5"
9,273158,286036,"5,12,-8,-8,10"
9,62488,274741,"6,10,-8,7"
9,1178089,1178677,"6,6,4"
9,229714,1187728,"6,3,10"
9,276502,279616,"3,-9,2,6"
9,211736,1177907,"10,-8,4,9"
9,202363,1173507,"8,8,8"
9,265517,281902,"5,4,2"
9,1176548,1176192,"6,6,-8,4"
9,273642,1176822,"2,26,7"
9,280386,271274,"-8,9,5,-3,4"
9,1169425,1182694,"2,-8,3,6"
9,277839,279282,"3,7,4"
9,1132341,284922,"11,-11,5,8"
9,1185246,1182627,"12,11,-12,9"
9,11903,230301,"-5,7,6,5"
9,9668,250233,"5,6,7"
9,274741,275466,"13,5,-10,6"
9,273158,282077,"8,7,5"
9,1150995,1150978,"4,6,10"
9,3727,211903,"-7,7,8,-9,9"
9,1186470,1185202,"8,4,5"
9,1132341,92296,"8,9,-11,-8,9"
9,224231,1171127,"10,-10,-7,9,13"
9,275466,274863,"6,7,7"
9,270889,270393,"3,9,3"
9,1170842,1174461,"9,-4,9,6"
9,219769,71436,"7,7,4"
9,284054,1178092,"6,4,9"
9,211736,268620,"7,5,3"
9,14752,273516,"6,3,7"
9,1172399,265649,"4,6,9"
9,91031,220284,"4,-10,-9,5,7"
9,271056,46331,"2,5,4"
9,269408,214854,"4,-8,9,9"
9,1187722,272631,"5,2,2"
9,1170851,284708,"2,3,9"
9,89540,85287,"-1,6,5,-4,12"
9,220808,1171728,"3,-10,4,3"
9,10669,277217,"4,8,8"
9,224072,269971,"6,9,8"
9,285296,280508,"5,6,7"
9,275099,271875,"9,6,2"
9,98266,281355,"-9,-11,8,7,7"
9,282826,271876,"3,5,7"
9,286408,89540,"9,-15,-14,2,4"
9,275098,285921,"4,5,8"
9,230237,1171128,"5,-10,7,7"
9,281969,1186470,"6,9,4"
9,279820,278584,"3,5,7"
9,274866,284796,"-8,6,7,6"
9,72715,69904,"4,4,4"
9,1170751,221078,"6,5,9"
9,65198,22286,"8,8,5"
9,58132,266835,"4,6,6"
9,222276,1176548,"5,5,7"
9,27825,282081,"7,9,9"
9,1186115,95136,"2,3,3"
9,277839,276417,"3,6,5"
9,270305,274722,"-9,12,-2,4,8"
9,278658,271248,"-7,7,8,4"
9,212806,268620,"7,-9,6,8"
9,285557,1173129,"4,0,0"
9,272584,271961,"8,4,-5,6"
9,98262,217865,"-8,6,8,5"
9,219293,72242,"6,11,-6,6"
9,1183044,281110,"-9,7,-8,9,7"
9,231275,274478,"9,4,3"
9,276739,279594,"9,1,-7,4"
9,1175380,1185095,"6,13,7"
9,1179201,1172724,"5,8,7"
9,1172858,89832,"-2,-7,6,6,9"
9,275392,1174324,"-9,7,6,7"
9,1183581,203011,"13,-9,9,7"
9,271771,1174326,"3,9,10"
9,1157745,1185246,"-12,7,7,7"
9,71746,273167,"-9,3,2,8"
9,215306,273085,"9,1,7"
9,266540,1183044,"14,9,-8,-2,11"
9,281948,202363,"7,9,-9,5"
9,71746,25053,"8,6,9"
9,277515,285178,"-9,10,13,9"
9,198840,224231,"7,-7,7,-7,7"
9,1168015,31669,"6,4,9"
9,1183284,277515,"9,7,8"
9,1176550,214471,"-6,7,3,4"
9,273158,1174325,"9,10,-3,-6,13"
9,90843,285554,"13,5,-9,4"
9,279563,278928,"6,6,8"
9,281942,265334,"-6,7,9,4"
9,85545,11875,"5,-7,-6,8,6"
9,51131,263095,"6,13,-4,-5,7"
9,1178073,73712,"9,4,-10,6"
9,283200,229498,"9,5,9"
9,280445,279402,"6,10,6"
9,221549,62550,"2,1,2"
9,256702,1187697,"3,5,7"
9,95314,222276,"-5,6,10,9"
9,17402,1170851,"-7,7,8,8"
9,1173779,271596,"-6,8,-6,9,8"
9,1180984,91031,"-8,9,13,6"
9,1187743,211608,"7,6,7"
9,62488,46331,"4,5,4"
9,286594,269745,"3,1,9"
9,1180148,1175986,"9,6,5"
9,216569,1697,"5,5,6"
9,222276,285663,"-10,-7,7,8,7"
9,219939,277185,"5,2,3"
9,203245,33040,"7,7,7"
9,277053,279231,"9,11,11"
9,277359,9323,"5,8,7"
9,94652,271581,"4,6,9"
9,224231,97611,"-11,6,5,9"
9,32546,81946,"8,9,-6,-13,3"
9,278614,285254,"8,6,-8,5"
9,279916,1183045,"7,7,12"
9,95991,96029,"-7,5,-6,10,7"
9,276750,286417,"14,6,1"
9,1180984,275286,"11,6,9"
9,71746,272898,"6,4,-9,9"
9,50664,97561,"11,4,-7,7"
9,28551,285178,"6,8,9"
9,1178073,46331,"9,6,1"
9,230779,250080,"-9,8,-10,3,6"
9,270710,279795,"3,4,6"
9,1170842,1187761,"-10,-7,10,8,9"
9,230904,90211,"9,7,-9,8"
9,215565,285664,"6,3,8"
9,217487,218929,"8,1,-8,10"
9,927286,31669,"6,7,3"
9,220833,1171730,"3,5,1"
9,1166024,1175835,"0,2,4"
9,72242,214419,"-7,-12,13,9,9"
9,27825,33546,"4,3,9"
9,1176448,1183000,"8,7,-13,3"
9,277147,1174371,"-8,10,-10,7,5"
9,271178,285295,"6,2,6"
9,221139,221078,"5,4,4"
9,81606,2331,"4,6,9"
9,1166750,263095,"5,7,9"
9,222180,263095,"6,3,11"
9,270911,221260,"8,8,9"
9,284887,65637,"3,2,2"
9,98280,280508,"4,9,6"
9,283762,271813,"0,4,1"
9,222971,279820,"7,3,12"
9,270703,278879,"5,3,0"
9,279485,268669,"6,-6,10,-9,10"
9,271149,91267,"6,4,6"
9,215565,1176550,"10,8,9"
9,223759,214471,"4,6,-9,9"
9,283260,279692,"2,3,6"
9,1171728,1157745,"-7,5,6,8"
9,89877,219413,"9,9,-6,10"
9,284374,275925,"-5,9,-6,13,4"
9,1157612,1182631,"1,-7,9,5"
9,286012,275070,"8,11,6"
9,202883,216415,"5,7,-7,5"
9,275292,284725,"7,2,1"
9,1175710,277217,"8,3,4"
9,1173728,1178096,"2,7,6"
9,283200,276539,"-12,-7,11,9,3"
9,271494,271875,"9,-7,-8,10,0"
9,72193,231275,"8,6,5"
9,95314,1176550,"1,5,6"
9,7171,274863,"8,-10,9,-16,10"
9,1185688,211736,"-8,10,9,4"
9,1178092,271042,"1,-8,5,7"
9,1187755,281948,"13,-5,9,7"
9,277927,271581,"13,8,5"
9,270889,281422,"2,2,2"
9,276637,1150987,"-11,8,4,-9,4"
9,271070,279902,"7,2,5"
9,1178568,281766,"5,7,10"
9,285383,280157,"4,5,7"
9,279616,274727,"6,-9,7,10"
9,72387,279691,"3,6,4"
9,1177769,219888,"4,9,8"
9,93102,1151017,"-10,7,11,-10,8"
9,272737,1173124,"1,9,7"
9,1178568,202363,"-8,4,4,2"
9,1178092,276160,"2,3,7"
9,270746,271178,"-8,2,6,8"
9,87743,1174103,"7,12,8"
9,211736,270305,"11,6,7"
9,273382,283511,"1,5,4"
9,1187707,285323,"-6,10,5,9"
9,276426,280003,"7,5,2"
9,14504,51370,"1,1,3"
9,86207,219413,"7,7,6"
9,93322,10052,"7,-5,9,5"
9,1170759,276191,"5,11,-7,7"
9,98266,1697,"4,6,8"
9,13660,40362,"9,9,4"
9,284875,35094,"5,5,15"
9,284888,30833,"3,3,7"
9,275235,94049,"6,9,5"
9,1168383,27292,"7,7,8"
9,201784,927185,"3,7,2"
9,279058,279696,"6,4,3"
9,1187739,1697,"1,4,6"
9,1171853,285085,"4,2,9"
9,1175380,285163,"7,-11,-6,3,9"
9,271145,263612,"5,6,8"
9,271190,1176454,"2,6,8"
9,1177045,279916,"13,-5,-12,7,8"
9,1167520,271813,"6,8,13"
9,1185202,215232,"-3,-7,11,7,7"
9,275824,3727,"-9,2,10,-4,3"
9,43265,1176913,"6,-5,4,7"
9,203062,274479,"7,-7,9,-9,11"
9,1174699,223635,"8,1,8"
9,285254,9784,"3,4,7"
9,284887,85544,"-10,4,8,8"
9,224089,5021,"8,7,8"
9,270305,278927,"6,6,9"
9,221814,27825,"-10,7,4,5"
9,285368,1171468,"4,5,5"
9,250080,1180658,"3,8,9"
9,271191,278213,"3,7,4"
9,263095,1184629,"-6,7,8,6"
9,49435,1186359,"-8,4,11,9"
9,1164361,1168339,"11,4,7"
9,1179255,1183018,"7,8,5"
9,1178086,275101,"9,8,5"
9,271207,85286,"-11,4,4,-9,6"
9,1175747,72008,"-6,2,-7,4,5"
9,277354,1176454,"8,8,7"
9,1187722,1165421,"8,5,13"
9,1177956,278213,"4,5,3"
9,89540,276233,"4,-5,3,3"
9,274722,6268,"2,8,-10,10"
9,34825,270437,"7,-8,6,-8,7"
9,285094,275469,"6,-7,-10,7,7"
9,1178089,1169576,"7,-5,-15,3,8"
9,1973,6609,"9,9,6"
9,1173763,6268,"-8,13,6,-11,2"
9,96024,26208,"7,5,6"
9,1187723,94668,"5,1,3"
9,47261,86472,"-4,6,7,8"
9,276728,223241,"12,-9,3,7"
9,1170851,203245,"7,-11,7,6"
9,64549,30066,"-9,5,-6,11,8"
9,1173760,84273,"12,6,5"
9,1171856,285093,"1,3,2"
9,1187756,272956,"6,6,2"
9,222763,1173129,"1,5,1"
9,276226,286222,"12,-9,4,10"
9,278928,274866,"-6,-7,6,8,4"
9,1170443,1174322,"8,-9,8,-6,5"
9,1171728,87979,"11,6,4"
9,277788,1185097,"-9,8,8,-9,8"
9,280535,1169772,"9,6,5"
9,85544,212182,"8,-9,8,8"
9,270746,279560,"5,3,3"
9,277441,1173124,"-8,2,8,6"
9,285303,1175986,"1,6,5"
9,34589,81374,"5,9,9"
9,1131695,1175756,"2,6,8"
9,220298,221729,"-6,7,5,7"
9,90498,92549,"-10,-9,11,4,9"
9,1165054,59455,"-8,2,-4,10,12"
9,283902,1173092,"7,8,6"
9,1170759,1183018,"9,6,7"
9,274722,1174326,"8,-9,9,3"
9,1177959,285890,"6,10,8"
9,34207,96907,"6,4,6"
9,271883,1183018,"9,-11,8,3"
9,250080,229470,"7,-7,8,7"
9,285392,222971,"-9,-6,8,12,5"
9,198570,74880,"8,5,5"
9,229498,1166878,"4,7,6"
9,211903,223530,"9,-10,-10,8,10"
9,1170430,27458,"9,5,8"
9,17426,10052,"8,5,-10,9"
9,222276,215565,"-6,6,8,6"
9,1175988,1178096,"7,10,5"
9,1178555,1180429,"-5,8,6,6"
9,72986,92549,"5,4,-7,-7,5"
9,91757,223635,"7,4,13"
9,14504,64994,"9,2,5"
9,1169576,274788,"1,5,1"
9,266740,1187753,"4,-8,-8,13,4"
9,284054,282826,"-7,9,-5,8,8"
9,1176548,212182,"9,9,5"
9,219293,285554,"6,8,2"
9,267433,1187705,"9,8,5"
9,1187731,9501,"-8,6,6,-8,5"
9,1187741,277019,"7,7,11"
9,275099,1168827,"2,-10,6,9"
9,275101,277744,"9,-9,-5,8,7"
9,216569,273685,"9,6,2"
9,94988,285554,"7,-9,7,6"
9,91031,217143,"6,3,4"
9,1182632,286008,"5,4,6"
9,277801,278648,"12,11,9"
9,274478,73712,"4,6,6"
9,220032,250080,"8,6,10"
9,1185968,1183018,"6,7,10"
9,270991,1182627,"8,2,4"
9,27825,927185,"4,6,3"
9,274741,1185097,"6,6,5"
9,229700,274740,"3,5,6"
9,284457,286408,"4,5,6"
9,92550,277585,"8,-9,8,6"
9,271248,283511,"2,2,4"
9,81397,82547,"7,-10,6,6"
9,1174103,98280,"8,7,-10,15"
9,1174371,276728,"-8,8,-9,8,9"
9,202365,212806,"8,8,-8,8"
9,280491,1182993,"6,5,4"
9,202651,219413,"9,1,4"
9,1175988,1173505,"4,-5,10,8"
9,98184,1177036,"8,3,2"
9,1165054,7171,"4,-2,7,-8,8"
9,2059,74986,"3,1,4"
9,282826,267433,"9,10,8"
9,51131,280214,"-4,9,7,-8,10"
9,1176822,269971,"6,7,5"
9,271802,1173259,"9,8,-7,8"
9,98262,1187723,"-10,7,5,-2,9"
9,285516,271860,"6,5,7"
9,273520,1167939,"-8,10,8,7"
9,285631,1177956,"6,5,2"
9,265649,279560,"5,5,20"
9,1173760,217235,"4,0,10"
9,279902,1150987,"9,6,-6,7"
9,62151,277217,"9,2,9"
9,274860,1184152,"-8,4,8,7"
9,1171468,1174326,"6,9,2"
9,217235,1179255,"-9,5,6,3"
9,1171854,271860,"4,8,5"
9,279402,281902,"9,4,6"
9,1173546,24961,"3,4,9"
9,3916,5724,"6,-8,-9,2,4"
9,218469,269745,"7,-12,8,8"
9,82230,47761,"7,8,4"
9,270889,284725,"3,0,1"
9,1166717,59922,"9,7,9"
9,52333,274567,"5,6,-9,-8,6"
9,26208,56980,"10,7,6"
9,7014,271802,"9,4,7"
9,272218,1180148,"7,5,4"
9,231169,285383,"5,4,1"
9,1176448,285165,"4,9,7"
9,77764,1697,"5,8,5"
9,30068,47261,"7,8,-10,6"
9,1180983,272737,"7,10,10"
9,1174371,1178952,"8,6,8"
9,30992,1168015,"7,3,8"
9,284374,18802,"7,-11,7,-8,7"
9,74872,1177832,"-10,-8,4,3,5"
9,268620,1187749,"-12,6,6,7"
9,281947,275297,"5,-8,7,6"
9,1167751,1184629,"4,10,5"
9,219888,1187703,"-15,7,10,9"
9,74893,26664,"9,7,9"
9,213021,283200,"9,-8,3,5"
9,82547,92451,"6,6,7"
9,222939,215008,"-9,-9,1,10,8"
9,1178113,94298,"8,5,7"
9,220032,86925,"3,1,4"
9,280157,285165,"6,7,6"
9,202651,275034,"6,1,2"
9,217073,1175747,"-9,9,7,5"
9,267433,276160,"12,5,7"
9,269793,280157,"2,8,6"
9,271771,1171854,"-10,8,9,7"
9,96024,1186471,"-7,-7,7,4,5"
9,283902,27458,"6,6,6"
9,1174255,1183736,"5,4,1"
9,55345,286011,"7,3,4"
9,10415,48477,"3,3,-7,-5,3"
9,281110,1186360,"-9,1,6,10"
9,281902,86697,"7,-7,6,6"
9,281528,276502,"9,-8,-8,7,6"
9,1173763,274722,"9,-4,-8,5,5"
9,266835,1173108,"8,3,2"
9,1177959,277147,"7,3,6"
9,219939,270131,"4,4,-11,3"
9,96706,275235,"10,9,11"
9,91757,217219,"7,5,6"
9,273735,1177036,"6,9,-9,5"
9,285392,272956,"4,6,6"
9,1175564,281948,"-5,5,5,5"
9,1172724,276624,"9,8,2"
9,271190,285303,"6,5,5"
9,285083,93322,"-7,5,8,10"
9,283260,88195,"3,2,6"
9,272742,94298,"-5,6,-11,5,9"
9,271248,286016,"10,5,8"
9,211643,58132,"6,-10,6,7"
9,1171468,285305,"1,4,2"
9,270725,1187760,"-9,6,-6,11,5"
9,57949,212032,"6,7,8"
9,271056,277053,"4,9,-6,7"
9,219609,281947,"2,7,5"
9,271424,1177956,"5,8,-7,9"
9,1187711,62557,"10,8,6"
9,274567,281463,"-6,8,-8,2,6"
9,274350,279624,"5,7,5"
9,270710,285320,"7,7,7"
9,1176822,1184152,"4,4,6"
9,1187695,282081,"8,6,-7,-1,9"
9,272898,4883,"8,-8,8,8"
9,270437,272978,"8,9,8"
9,1171074,270889,"5,4,7"
9,215232,219775,"10,9,-2,10"
9,1185292,88635,"8,7,1"
9,1182523,272956,"5,6,-6,10"
9,84735,95136,"7,5,3"
9,1171856,279058,"0,2,3"
9,81606,280202,"4,2,-10,7"
9,30992,74893,"7,6,9"
9,35094,1165054,"2,6,0"
9,1183018,270437,"9,-3,3,6"
9,276728,1187697,"-4,6,9,6"
9,1180710,1170753,"9,8,-7,3"
9,72178,274740,"8,3,7"
9,1187725,230237,"11,-5,8,8"
9,281902,83506,"9,4,6"
9,1187708,231169,"9,7,-8,3"
9,281969,284708,"2,6,5"
9,1167092,85286,"2,3,5"
9,1186435,21768,"2,7,5"
9,276539,279691,"2,3,5"
9,270900,1183000,"4,6,8"
9,35031,1173828,"3,6,9"
9,272737,271215,"7,-7,-5,9,7"
9,220298,273085,"6,2,-10,5"
9,1186122,30753,"1,11,8"
9,278623,270105,"4,8,2"
9,1167520,271482,"6,6,9"
9,94298,270911,"7,5,-8,7"
9,34589,10669,"6,6,3"
9,86925,92451,"6,-7,7,-10,7"
9,276728,278213,"4,1,4"
9,1171730,279542,"4,3,4"
9,279402,926764,"6,6,-8,-8,5"
9,275098,1174255,"4,8,-9,1"
9,277358,279476,"4,6,-7,3"
9,273085,82230,"12,-5,-7,5,6"
9,219210,1187705,"2,7,5"
9,275466,39809,"4,10,-5,2"
9,284912,89540,"8,-7,10,5"
9,230779,1172724,"-4,2,7,6"
9,220127,10052,"5,7,8"
9,285379,62550,"8,1,9"
9,1171226,277513,"7,6,9"
9,271248,280553,"5,8,8"
9,1171011,72178,"9,9,9"
9,279803,272978,"9,5,3"
9,27027,11903,"6,-9,4,0"
9,215565,1183284,"5,6,2"
9,1187711,91339,"-4,5,3,1"
9,275877,281422,"5,5,2"
9,1168827,276624,"11,8,-8,1"
9,63010,1165405,"5,2,10"
9,1177045,279560,"10,8,4"
9,223635,1167751,"7,11,11"
9,270851,276739,"2,3,4"
9,278642,1172570,"7,3,-8,-12,3"
9,262852,274722,"8,3,1"
9,215306,218523,"3,5,3"
9,31669,41466,"8,-10,5,5"
9,1164157,9201,"6,7,7"
9,278928,270494,"-8,8,5,-7,8"
9,272898,6609,"5,7,6"
9,271771,1175676,"1,7,4"
9,270900,94668,"5,8,-5,7"
9,1183031,86697,"2,4,6"
9,280325,217436,"9,-9,9,-8,10"
9,203194,280607,"7,10,10"
9,285295,285921,"4,8,8"
9,273085,1180010,"9,9,-8,-8,7"
9,1174371,1168593,"2,8,1"
9,285664,271482,"7,-9,7,7"
9,279405,1168339,"8,7,8"
9,285723,202589,"4,-11,-5,8,8"
9,271248,276504,"7,4,6"
9,211903,203245,"9,10,12"
9,286413,271248,"6,-9,9,9"
9,21400,33546,"4,5,9"
9,1182627,285139,"3,10,9"
9,1173259,277839,"9,9,7"
9,1183000,271191,"9,-8,8,6"
9,1174368,1172570,"6,10,8"
9,274722,277048,"2,7,3"
9,1187746,9501,"3,5,7"
9,276504,283511,"-8,10,7,-8,3"
9,279916,281947,"4,7,15"
9,230779,76010,"-7,8,5,7"
9,83264,230232,"5,7,4"
9,7414,52333,"4,9,8"
9,271494,1174371,"-8,3,7,8"
9,1173259,273735,"5,7,5"
9,1187749,279795,"3,2,2"
9,270437,90498,"5,-9,5,-5,8"
9,212182,59455,"7,-10,5,-8,6"
9,34027,273283,"8,7,4"
9,280444,221260,"3,10,8"
9,276728,1150987,"5,9,6"
9,1173546,81398,"10,-9,7,8"
9,1173507,1178677,"11,5,6"
9,1187749,277526,"9,12,-7,1"
9,1166750,94302,"7,9,-11,5"
9,1187751,285506,"9,5,6"
9,211903,85544,"-4,5,12,10"
9,71734,1186115,"5,8,9"
9,1187705,1171853,"-6,8,7,7"
9,221078,43265,"5,7,10"
9,282081,1187699,"7,6,7"
9,1186435,81398,"6,6,6"
9,1169576,26208,"3,8,7"
9,230237,1185968,"7,13,8"
9,286006,97611,"4,6,4"
9,277526,271316,"5,-7,5,-11,10"
9,281969,1168383,"6,-9,4,10"
9,264897,275392,"8,7,8"
9,229498,274567,"9,12,9"
9,47261,89832,"-8,7,-10,5,11"
9,266835,1179259,"2,5,0"
9,12141,1182879,"8,6,9"
9,1173828,284366,"2,2,3"
9,82176,26208,"7,5,9"
9,281705,10669,"3,4,7"
9,217430,81374,"8,3,-10,8"
9,1178802,1176439,"9,13,3"
9,215830,270889,"12,-6,6,6"
9,14504,42342,"-9,7,5,-9,9"
9,94469,276539,"8,7,5"
9,1187715,223757,"9,-9,8,3"
9,1167521,264093,"4,4,9"
9,1174431,274567,"-7,9,7,-8,7"
9,270460,85286,"-7,7,8,-6,10"
9,271322,1174255,"-12,4,-10,5,6"
9,218921,55220,"6,9,12"
9,273762,276417,"1,5,7"
9,282826,1182632,"8,12,5"
9,285554,1178073,"8,5,5"
9,1166878,1185097,"5,9,8"
9,270083,1171853,"5,6,-11,7"
9,222971,1169576,"5,3,7"
9,262852,1171728,"4,5,-5,1"
9,1180658,285136,"8,-7,9,-5,10"
9,1187705,276160,"-9,7,8,9"
9,273516,218150,"1,3,6"
9,1174255,279696,"4,6,10"
9,1180111,1186122,"5,4,-8,4"
9,7414,218150,"3,4,7"
9,285379,273411,"3,9,6"
9,1182631,271070,"7,8,7"
9,1169576,1168593,"1,7,6"
9,89832,1174368,"7,-5,5,3"
9,271275,276502,"-8,8,7,4"
9,217865,275037,"4,6,-7,5"
9,279803,1173779,"12,7,10"
9,230237,285392,"7,-6,12,2"
9,277801,1176803,"3,4,8"
9,1169772,1171728,"-9,7,10,8"
9,1183019,223757,"4,-6,7,6"
9,277441,1179256,"3,3,4"
9,276226,13769,"12,8,-1,-10,10"
9,1150995,1183000,"7,4,6"
9,285554,51131,"12,-3,9,8"
9,220993,284922,"4,3,2"
9,96706,6696,"1,-8,3,6"
9,1182993,283511,"5,9,9"
9,58132,1175756,"9,6,7"
9,285625,268979,"2,9,8"
9,280015,1178952,"7,8,6"
9,222276,264823,"-7,7,7,-11,4"
9,266638,1171562,"6,9,5"
9,1187438,76235,"-7,-3,10,0,11,10"
9,284374,274863,"7,13,4"
9,275824,1166878,"5,2,3"
9,280386,275055,"3,5,4"
9,61392,88195,"-8,9,6,9"
9,85287,223377,"5,6,5"
9,14637,278928,"6,9,9"
9,215306,88635,"3,3,6"
9,35094,926764,"6,7,-6,2"
9,264219,43265,"5,6,4"
9,62488,1173828,"9,5,11"
9,97770,274463,"6,-4,4,-8,6"
9,202777,90211,"9,10,3"
9,281969,270460,"7,7,8"
9,81189,17550,"2,3,3"
9,14883,88854,"7,10,8"
9,280607,285723,"6,-6,9,3"
9,219609,1173573,"6,11,8"
9,283762,1178802,"6,9,5"
9,62151,29525,"4,3,-15,9"
9,1175528,285189,"9,7,4"
9,72387,229635,"6,7,7"
9,79347,285308,"2,7,3"
9,262852,1176550,"-7,5,9,7"
9,1176772,219450,"4,-10,5,7"
9,1187749,279058,"5,8,-13,7"
9,1157583,91339,"-12,4,2,1"
9,86472,1171011,"7,7,11"
9,51749,198570,"5,-8,6,7"
9,27825,95000,"6,13,-6,7"
9,1171226,1174371,"7,11,2"
9,73216,11903,"6,3,9"
9,273411,284922,"7,4,9"
9,95669,69904,"5,5,5"
9,273260,272218,"6,5,-6,-7,6"
9,263612,97561,"10,5,6"
9,1183053,1185353,"5,3,2"
9,217143,87743,"-5,8,8,-8,10"
9,1182631,275292,"8,-8,2,8"
9,61680,926764,"3,10,3"
9,1180010,1182438,"8,5,8"
9,197388,256702,"-10,6,6,6"
9,286014,1178677,"3,2,5"
9,269793,1173688,"13,8,5"
9,278928,1973,"10,7,7"
9,219210,1173129,"1,6,3"
9,1165674,273260,"5,11,4"
9,1174699,270836,"5,4,3"
9,274994,1172852,"3,5,7"
9,1170759,1175528,"7,4,3"
9,1183018,271327,"-6,3,8,9"
9,285383,1174324,"9,9,4"
9,926764,85287,"3,7,-8,7"
9,286016,277744,"11,-8,9,-6,4"
9,278658,1187385,"3,-6,8,10"
9,274567,1164361,"8,8,-8,-7,9"
9,77764,219402,"2,3,7"
9,1173259,270851,"-9,11,8,4"
9,96338,1172127,"9,-10,-8,6,7"
9,98071,1697,"8,5,6"
9,219210,275694,"-7,2,6,2"
9,1176451,1178952,"6,6,8"
9,1186470,279405,"4,8,5"
9,1178103,202883,"9,2,9"
9,276226,1178080,"-5,6,10,9"
9,231275,26208,"4,7,5"
9,286129,15550,"12,8,5"
9,279282,1186472,"9,9,2"
9,10052,10729,"8,-10,5,13"
9,79347,275086,"4,-7,10,6"
9,276556,1176550,"-9,7,-5,9,9"
9,266638,85286,"5,2,10"
9,269793,280000,"4,5,5"
9,82230,1187715,"2,6,6"
9,1187756,1177588,"5,2,6"
9,1187738,77388,"-7,-9,6,7,9"
9,273283,274863,"7,5,8"
9,1176551,97770,"-11,5,8,-5,7"
9,214419,1697,"7,6,9"
9,1166024,275694,"6,7,3"
9,285165,1176454,"4,5,7"
9,1187757,274788,"2,4,6"
9,20092,284016,"7,9,3"
9,282077,279560,"8,4,-4,11"
9,286411,275301,"3,3,1"
9,5021,927286,"7,6,10"
9,273085,276162,"4,5,8"
9,10437,43265,"6,1,10"
9,1171501,1176192,"3,9,8"
9,271275,1180983,"9,2,8"
9,1157745,224072,"2,5,9"
9,218929,74986,"2,4,3"
9,8146,30753,"1,-8,2,8"
9,221814,45824,"7,1,8"
9,1949,1443,"-7,8,9,-9,9"
9,1166717,211736,"8,5,7"
9,229470,281823,"5,7,3"
9,1175380,1173124,"8,5,-4,16"
9,220993,217865,"6,-6,7,7"
9,273775,147750,"0,-8,5,4"
9,203245,285308,"6,6,7"
9,277927,41466,"7,6,7"
9,82230,1182419,"8,6,5"
9,219888,274722,"7,10,8"
9,271061,1185246,"9,10,7"
9,224089,1168131,"5,4,3"
9,286408,1186115,"6,5,1"
9,281422,275668,"2,8,7"
9,275235,273672,"1,7,9"
9,272978,1177768,"-7,-13,7,8,8"
9,224231,1175529,"7,3,9"
9,275098,273158,"7,5,-10,7"
9,1171853,229470,"5,-10,8,11"
9,1164236,273735,"3,5,7"
9,1187724,1171128,"-6,8,4,-10,4"
9,1131695,231169,"3,9,3"
9,286016,273642,"5,8,-10,-5,5"
9,93102,1165461,"7,7,7"
9,55345,278163,"6,-8,3,-8,10"
9,1187724,211608,"6,8,-7,10"
9,279405,85286,"5,5,6"
9,110466,1157583,"6,8,5"
9,1180984,1132341,"8,4,4"
9,275098,285147,"6,7,-11,-8,7"
9,269745,71734,"1,3,8"
9,97781,1175402,"3,9,1"
9,275877,285305,"7,8,4"
9,224231,216225,"4,5,10"
9,1176548,279231,"10,5,9"
9,49435,270194,"5,8,-6,4"
9,62089,26664,"3,3,6"
9,275947,286008,"11,11,-9,-10,3"
9,1173779,1187385,"8,6,7"
9,270889,285921,"0,3,4"
9,1180688,273735,"10,-7,-1,3,10"
9,1187699,277839,"5,8,-7,7"
9,1173728,1178256,"5,-9,4,3"
9,285308,279624,"5,10,10"
9,272218,279058,"3,-9,4,7"
9,274722,285308,"1,1,4"
9,286347,272975,"1,1,2"
9,1131692,275037,"7,7,10"
9,91905,90498,"5,6,9"
9,269793,1181392,"10,-8,8,16"
9,1178675,279692,"9,2,8"
9,62488,31669,"2,3,5"
9,1187385,271191,"7,6,5"
9,1173092,282788,"7,-11,6,-9,6"
9,271802,284875,"10,-6,-6,9,3"
9,280202,1178073,"4,4,-7,6"
9,211736,280445,"6,8,7"
9,1178802,281605,"9,3,5"
9,280503,274740,"4,4,1"
9,271322,276135,"6,5,10"
9,276193,1178073,"3,5,4"
9,276160,1175986,"2,2,3"
9,96338,53211,"7,7,6"
9,926764,1178073,"8,-9,3,3"
9,282826,97770,"8,6,1"
9,2059,30992,"-10,8,9,9"
9,277839,1180148,"1,4,5"
9,276426,279282,"2,-8,7,9"
9,268979,81398,"8,2,6"
9,1170851,271581,"7,6,5"
9,274478,72061,"3,5,12"
9,286008,1177045,"-6,10,8,-7,3"
9,274350,285323,"7,8,-8,5"
9,35031,31669,"4,5,5"
9,1187714,1174369,"6,6,11"
9,95667,286405,"7,-12,8,9"
9,284831,271581,"2,2,6"
9,277217,1186903,"-20,4,6,4"
9,1187743,219210,"2,7,7"
9,219210,284912,"8,6,6"
9,1171128,286016,"6,4,4"
9,1172399,279624,"3,3,6"
9,271042,275469,"7,-7,-6,3,2"
9,98280,62151,"8,3,4"
9,280157,1178086,"14,10,10"
9,280491,281422,"9,4,5"
9,285297,276190,"-7,8,-8,7,10"
9,277927,274863,"8,8,5"
9,271860,271875,"-10,7,7,5"
9,1185246,1172724,"9,1,-9,6"
9,285315,65637,"7,3,11"
9,275947,271494,"-7,7,6,8"
9,1187759,276502,"9,5,13"
9,274866,75291,"9,9,9"
9,275292,1177045,"-6,9,5,7"
9,230162,281956,"7,9,6"
9,1187731,1173763,"9,5,8"
9,1180111,30753,"-6,4,6,9"
9,94469,269570,"4,-8,3,-8,10"
9,92461,223635,"5,2,6"
9,280541,91444,"7,5,-10,12"
9,62488,927286,"-3,10,12,7"
9,278658,276637,"10,-6,5,12"
9,1171762,1183053,"6,6,6"
9,278658,1178256,"2,8,8"
9,215830,92549,"3,7,5"
9,86095,1187179,"8,7,3"
9,1175528,1187759,"5,-8,11,-11,7"
9,286347,80507,"4,7,5"
9,281902,1177311,"7,6,10"
9,1184458,223377,"-9,10,5,13"
9,268979,270703,"4,7,5"
9,1179256,1187696,"-5,6,6,9"
9,270991,91267,"-7,9,12,9"
9,1171856,277894,"3,3,5"
9,91339,273772,"-8,9,5,3"
9,34589,277217,"8,5,8"
9,286347,277906,"3,9,11"
9,1170851,272584,"10,7,6"
9,78058,274492,"15,9,9"
9,1187708,271327,"9,6,6"
9,220993,9501,"7,8,4"
9,1187741,29292,"2,9,6"
9,93322,279405,"5,6,10"
9,271275,1182631,"7,11,2"
9,1172844,21768,"2,-8,9,11"
9,147750,285090,"3,4,2"
9,222276,1166449,"8,9,9"
9,1185688,220808,"4,-10,-5,3,9"
9,1166024,276556,"3,7,4"
9,278928,1180112,"12,10,6"
9,266638,81374,"6,5,8"
9,92296,220298,"9,9,6"
9,271042,1179780,"8,9,8"
9,275070,279795,"6,8,4"
9,269570,1183000,"7,11,7"
9,1187699,284725,"8,9,-6,7"
9,270900,224072,"7,-6,8,7"
9,14752,1172243,"9,4,4"
9,10415,284831,"5,4,5"
9,211608,1185599,"-10,8,-6,6,9"
9,80241,1132341,"10,7,-11,-9,2"
9,1172858,279902,"6,5,3"
9,217073,1181518,"8,2,-7,9"
9,1182438,285165,"-8,6,8,-10,5"
9,281660,1180688,"-6,10,12,-6,6"
9,275235,278293,"6,3,7"
9,94298,53211,"7,6,9"
9,72008,282523,"10,-9,2,9"
9,1181042,1180710,"7,2,8"
9,1173545,1183736,"3,5,3"
9,1171853,1179256,"5,5,3"
9,1173828,274863,"3,5,11"
9,277053,1179259,"2,6,10"
9,266638,285068,"-6,5,3,0"
9,1183000,279616,"6,4,1"
9,280386,1179255,"5,4,11"
9,82176,7414,"10,7,-9,-11,6"
9,50664,202883,"-8,8,6,-10,6"
9,27292,21978,"11,9,5"
9,95314,1131692,"8,-6,-9,6,8"
9,1187751,197388,"8,8,7"
9,1180429,285516,"7,-9,4,8"
9,286014,1185968,"-10,-8,8,6,9"
9,218150,1181532,"1,4,5"
9,10533,63010,"7,7,8"
9,223847,281837,"-8,3,-9,11,10"
9,62151,1180166,"7,4,6"
9,98266,223635,"4,4,3"
9,1174318,278125,"9,9,-4,-5,9"
9,92994,203245,"7,6,6"
9,285133,278125,"8,5,7"
9,266740,270460,"-5,3,-11,5,4"
9,81606,58132,"9,9,7"
9,266638,285249,"3,7,5"
9,286594,1165042,"1,5,7"
9,277906,271883,"9,6,-9,6"
9,73216,286409,"5,3,7"
9,92550,286014,"-10,-5,9,9,3"
9,1187755,203271,"7,-9,11,8"
9,277906,275469,"5,4,2"
9,280003,1178952,"7,-6,7,2"
9,203231,270105,"7,6,3"
9,1167520,1180688,"8,8,8"
9,275392,282077,"4,6,11"
9,276218,280508,"7,-8,7,6"
9,1150990,276823,"6,-8,3,9"
9,1174368,273520,"3,9,5"
9,281947,1176803,"9,13,10"
9,266835,202589,"4,6,2"
9,1165054,52333,"9,8,3"
9,203271,219904,"12,7,-8,8"
9,1174699,1182627,"4,3,2"
9,98266,221548,"6,5,5"
9,275099,285303,"-9,9,8,9"
9,271802,270991,"9,9,9"
9,1187361,90498,"9,2,5"
9,1175564,1187722,"5,9,7"
9,63010,8005,"8,9,16"
9,269745,71746,"4,8,9"
9,1173546,273685,"9,3,9"
9,276728,285921,"-10,8,1,12"
9,1187755,280386,"9,7,-9,9"
9,271860,1186472,"7,4,6"
9,285296,276218,"3,9,10"
9,1185330,89181,"8,4,5"
9,267124,1165674,"7,4,7"
9,275292,279696,"6,4,5"
9,281605,279624,"5,3,3"
9,85287,74986,"-9,10,8,5"
9,1171856,1172399,"-6,7,2,-9,2"
9,1175380,275055,"10,-8,-5,8,7"
9,1178089,1187708,"9,5,3"
9,264823,250211,"9,3,4"
9,282218,1182993,"-7,8,9,10"
9,281766,72387,"9,3,4"
9,1185292,201784,"10,3,11"
9,1178092,272586,"7,-10,8,9"
9,220993,87979,"7,3,10"
9,927185,230779,"10,10,9"
9,197388,275694,"6,8,6"
9,98266,1185968,"4,6,5"
9,264662,268857,"3,3,7"
9,92943,229470,"-9,3,5,10"
9,270083,1183019,"5,-7,6,4"
9,1171856,1187695,"5,6,7"
9,281942,1167520,"9,-8,4,3"
9,279405,1186157,"5,-9,-7,6,10"
9,1165421,271876,"6,9,-9,8"
9,82234,1180684,"9,8,9"
9,281942,6268,"6,3,0"
9,283602,1175986,"6,4,1"
9,283200,283584,"8,2,5"
9,1166024,270709,"4,9,8"
9,1171128,273516,"8,4,6"
9,14883,285554,"5,-6,4,7"
9,214471,286008,"-8,8,7,-6,9"
9,1183034,280545,"8,8,1"
9,1176448,275101,"3,4,5"
9,270748,275657,"7,3,4"
9,286416,268617,"3,6,2"
9,271178,279560,"7,2,8"
9,280545,1181518,"4,3,3"
9,1187715,1171854,"5,8,8"
9,1174103,14883,"6,-13,7,6"
9,273260,276417,"5,8,8"
9,229635,1187732,"7,-7,5,7"
9,271248,1175835,"5,5,5"
9,229714,1167520,"5,6,8"
9,1182631,279282,"5,6,1"
9,81946,77388,"7,3,2"
9,273735,271207,"-8,4,1,5"
9,1187707,1170842,"-6,-8,7,4,9"
9,280015,280549,"5,4,-9,6"
9,269408,220781,"-14,9,-9,12,4"
9,1175747,202883,"7,-7,10,-6,2"
9,55345,9501,"6,9,6"
9,1170851,1173514,"2,-10,9,6"
9,264662,220690,"4,5,5"
9,92219,1183019,"3,9,9"
9,1183044,286409,"6,4,10"
9,275297,279696,"7,3,3"
9,1180983,1174255,"6,5,6"
9,219450,1166750,"9,3,-7,5"
9,202365,92296,"9,9,6"
9,1174699,275098,"8,5,6"
9,53412,203011,"6,6,-6,8"
9,1173546,97781,"9,-9,5,12"
9,269693,219413,"12,0,2"
9,1171074,1176550,"10,8,9"
9,77388,1186122,"9,8,8"
9,275965,274913,"8,-8,12,7"
9,217235,280444,"9,7,4"
9,47761,1185330,"9,6,-9,8"
9,285257,1172563,"2,2,5"
9,60234,279402,"6,8,4"
9,1176275,28551,"-7,5,8,-8,8"
9,270748,286008,"6,6,6"
9,214854,273520,"6,4,7"
9,96338,270460,"3,3,2"
9,1168015,276823,"6,2,8"
9,274799,6609,"6,3,6"
9,279485,1187692,"0,1,4"
9,285723,275667,"-9,8,6,9"
9,1175593,275286,"-9,5,10,12"
9,1187724,1179780,"5,5,5"
9,274722,277513,"7,4,5"
9,29709,27458,"-8,8,9,7"
9,34207,6696,"5,7,2"
9,277904,270437,"4,10,8"
9,11903,284374,"4,5,5"
9,218523,269745,"4,-9,7,4"
9,14914,92451,"6,4,8"
9,230232,88195,"6,4,10"
9,1179201,1173688,"7,6,9"
9,1187757,285753,"-4,9,8,-7,6"
9,285094,271975,"8,-9,7,9"
9,94469,21768,"3,3,8"
9,1174318,21768,"10,7,-10,-6,13"
9,1187703,271190,"6,9,-9,5"
9,275947,271327,"10,7,5"
9,271799,271610,"-10,5,6,3"
9,265334,270305,"3,3,7"
9,284831,1180776,"3,1,2"
9,275965,271327,"6,-8,8,13"
9,1180330,1178107,"9,7,9"
9,282081,1165042,"6,4,3"
9,21400,8005,"3,9,5"
9,1171128,1171474,"12,4,-5,6"
9,27825,214915,"10,6,6"
9,88635,275925,"8,7,11"
9,55345,214854,"5,5,4"
9,280445,271190,"6,-9,8,6"
9,927185,90211,"6,8,1"
9,275086,217579,"2,3,4"
9,1178952,223241,"6,12,9"
9,81189,94298,"6,9,-4,-2,11"
9,1183015,274567,"3,5,1"
9,1175528,278213,"3,3,6"
9,8429,10415,"8,12,6"
9,224231,1178089,"-7,6,-9,9,7"
9,1164938,1185292,"8,5,8"
9,1185968,285392,"10,5,8"
9,1187760,270393,"6,-8,5,10"
9,268875,276556,"7,-7,5,9"
9,279025,1182694,"9,9,-3,7"
9,220993,215830,"6,4,-10,9"
9,1182632,1187703,"-3,6,9,7"
9,281930,279838,"3,4,4"
9,71746,270131,"3,8,9"
9,216909,41466,"5,3,6"
9,1180663,277359,"3,4,8"
9,270900,272218,"11,-10,7,8"
9,216497,1173546,"5,7,9"
9,79347,88635,"-8,2,6,5"
9,215242,281463,"10,10,6"
9,264093,285921,"1,4,5"
9,14752,1176807,"-9,9,8,4"
9,1178103,284708,"5,2,2"
9,285323,1170842,"-9,9,-11,9,7"
9,1171730,276426,"10,4,8"
9,1171292,219450,"4,8,8"
9,198570,1174431,"6,7,5"
9,74872,1171502,"3,6,-9,7"
9,1173546,277426,"6,4,5"
9,80507,27292,"3,6,6"
9,229975,51131,"9,6,5"
9,280508,277217,"5,7,8"
9,1173763,220690,"6,-7,7,11"
9,1176822,276624,"8,8,7"
9,285094,282077,"5,6,6"
9,276728,1179256,"9,8,8"
9,272956,1177588,"9,8,1"
9,1177045,275657,"-6,-7,11,7,8"
9,271500,217579,"-8,7,6,5"
9,203271,14752,"-10,9,-3,9,8"
9,222763,272956,"7,-9,2,4"
9,1169425,1168383,"6,12,9"
9,275037,1178109,"13,11,-6,7"
9,285085,285295,"4,6,4"
9,7171,71734,"6,10,8"
9,269965,1171853,"-13,9,6,8"
9,281942,87743,"4,3,7"
9,273085,280553,"6,8,-9,-8,5"
9,277354,271248,"7,7,-4,5"
9,277359,284806,"4,2,7"
9,1186119,230904,"4,3,6"
9,1185968,272956,"6,7,9"
9,271596,271316,"-9,3,6,10"
9,277927,274492,"9,7,5"
9,27961,33546,"7,3,4"
9,270437,279803,"9,9,9"
9,35094,266865,"10,3,5"
9,274478,214915,"5,4,-7,10"
9,276160,1179780,"7,12,-11,6"
9,1180771,1172828,"-9,14,6,8"
9,220127,1181532,"4,1,2"
9,263612,82176,"2,6,6"
9,270725,273158,"8,7,3"
9,271248,285163,"3,-13,4,-5,7"
9,80676,83264,"8,6,-9,-7,7"
9,1170753,72553,"9,6,8"
9,276191,270083,"-7,-4,9,7,6"
9,1170851,1172563,"9,-9,9,-8,7"
9,73148,279624,"8,7,4"
9,60234,1172337,"9,-8,5,-8,7"
9,1175782,1173507,"11,-6,9,4"
9,96338,92549,"7,10,6"
9,1178109,277185,"-10,9,-11,4,9"
9,1186470,269408,"10,8,-4,8"
9,94049,86697,"-7,-5,9,9,7"
9,202883,85545,"-7,9,8,8"
9,286129,215565,"4,12,7"
9,224231,1171665,"-4,2,8,6"
9,1132399,279696,"5,3,8"
9,277217,1173092,"9,-5,2,10"
9,267124,1170753,"1,2,8"
9,1178071,1171762,"4,6,5"
9,273685,271581,"5,6,11"
9,1165421,1187697,"8,6,3"
9,281837,1185183,"6,7,4"
9,266638,217430,"6,2,7"
9,1171128,1183019,"-8,4,4,8"
9,1176550,280549,"1,2,2"
9,271061,280444,"-6,3,9,7"
9,1176448,286008,"6,9,5"
9,280491,285165,"6,8,6"
9,1166449,285178,"-7,4,5,4"
9,1187717,284142,"6,9,8"
9,1178102,214471,"2,2,4"
9,272975,280015,"10,-9,4,6"
9,95531,1171502,"2,8,5"
9,6857,275301,"9,3,8"
9,30992,1164157,"-5,8,7,6"
9,1170759,273642,"5,2,8"
9,285305,277496,"7,-8,8,8"
9,281948,1187741,"8,-7,9,2"
9,81189,284016,"6,3,4"
9,5004,218928,"2,5,3"
9,10533,256712,"8,4,8"
9,81325,3916,"-8,3,6,5"
9,271248,1150987,"8,12,-9,8"
9,1187385,231169,"6,2,-4,-3,11"
9,218523,274722,"5,6,-8,8"
9,1172399,270725,"9,6,6"
9,212032,274567,"7,5,5"
9,278125,80115,"11,10,9"
9,285379,1168137,"8,4,3"
9,279803,276162,"6,5,9"
9,57949,2059,"-9,2,9,2"
9,50664,264548,"-7,2,6,4"
9,76010,216909,"-8,6,7,-10,11"
9,1165420,1181042,"2,7,13"
9,275667,1187738,"17,7,10"
9,1171854,271191,"10,8,7"
9,1182217,276624,"9,3,10"
9,1175380,277744,"12,-3,-8,3,12"
9,275925,223659,"10,4,4"
9,223241,278846,"-8,7,-5,7,7"
9,285383,273158,"10,7,-9,8"
9,219939,83264,"3,11,4"
9,279402,82547,"6,3,7"
9,47761,72986,"-5,11,5,-8,7"
9,275824,285178,"7,3,8"
9,280444,275086,"17,-18,9,8"
9,1165042,21768,"-8,7,8,10"
9,212032,283200,"-6,5,6,9"
9,1185246,285094,"5,5,8"
9,1169772,274201,"9,4,6"
9,271275,1187759,"5,-10,-8,3,7"
9,51749,1172243,"5,6,7"
9,283200,1165054,"4,8,10"
9,73712,263095,"8,-3,-6,8,7"
9,278293,1173688,"6,6,8"
9,1174699,266395,"6,3,8"
9,278293,256712,"9,6,7"
9,1170851,1178675,"10,-9,8,6"
9,219904,282826,"5,6,2"
9,1183024,281948,"-9,7,4,6"
9,5021,98184,"1,5,8"
9,271207,85287,"9,5,6"
9,91905,276556,"7,7,7"
9,1173447,1187716,"10,10,7"
9,10533,45824,"5,6,6"
9,219775,74986,"8,10,-7,7"
9,1185202,29525,"2,6,2"
9,211608,267125,"8,-6,-7,6,3"
9,272060,1187712,"8,-4,4,-7,8"
9,92296,82230,"3,-9,3,4"
9,1168593,1180148,"5,-7,9,11"
9,47064,1165054,"5,8,5"
9,277904,1180658,"7,9,7"
9,280445,88485,"9,9,5"
9,23538,73216,"6,-8,-8,9,5"
9,1186588,274741,"6,3,6"
9,1182523,62550,"-5,7,5,7"
9,222939,1175710,"9,-7,6,10"
9,926764,92451,"2,4,1"
9,927185,223241,"1,-10,4,5"
9,270889,277801,"1,3,2"
9,273672,10669,"4,6,1"
9,222276,286012,"7,7,7"
9,1171468,275877,"2,3,6"
9,267433,97770,"3,5,6"
9,273260,271424,"2,5,8"
9,1187697,277513,"8,6,5"
9,277839,275392,"-7,7,7,8"
9,86095,271260,"5,7,-9,-9,10"
9,1177302,1172858,"7,5,8"
9,277801,280000,"4,3,5"
9,220993,229714,"5,-6,9,8"
9,270709,271482,"10,14,-5,7"
9,21400,224165,"3,5,9"
9,219293,281902,"10,7,10"
9,1187761,276417,"4,-8,7,3"
9,266395,285137,"7,7,5"
9,72193,1175593,"12,9,7"
9,280444,1179255,"1,-4,6,8"
9,276728,1171227,"8,6,11"
9,81663,94652,"4,10,11"
9,1131692,30066,"3,2,5"
9,229635,95000,"-6,6,8,7"
9,14637,1973,"12,10,-4,6"
9,222939,285403,"4,6,6"
9,281902,270494,"5,7,4"
9,274741,1165054,"3,8,11"
9,8429,285554,"3,9,9"
9,280549,1183904,"7,6,-9,2"
9,98266,1150978,"3,5,5"
9,35094,1173828,"5,6,-8,7"
9,90786,1157583,"-7,-6,8,14,8"
9,282081,273411,"4,5,4"
9,96706,86095,"6,9,9"
9,1174369,272631,"8,6,8"
9,270393,1179779,"4,1,-8,7"
9,286413,2059,"4,4,8"
9,1170759,1170842,"8,2,-9,3"
9,91267,271813,"7,5,3"
9,1165404,1182694,"7,6,-6,6"
9,1186894,279624,"4,5,-7,10"
9,1171502,88635,"7,-4,-12,12,6"
9,1131695,1170878,"9,9,6"
9,1180688,25587,"-5,9,-7,8,4"
9,1180010,275965,"9,8,13"
9,94298,14752,"10,-6,7,11"
9,278293,231169,"8,-9,12,8"
9,1131695,271481,"3,7,9"
9,280535,95531,"5,11,-1,7"
9,1186470,203231,"7,6,6"
9,92219,1172243,"7,6,9"
9,85510,229635,"5,-9,5,5"
9,222763,1178089,"5,5,6"
9,1169425,273520,"-2,11,8,6"
9,1187756,97611,"-6,3,9,3"
9,1185968,1187729,"5,5,1"
9,1175782,275297,"5,7,3"
9,11903,216131,"-3,5,10,10"
9,1178555,1180148,"6,5,1"
9,284796,286025,"10,-8,8,8"
9,1697,1166878,"10,9,8"
9,285095,72178,"-1,6,-4,4,3"
9,269408,1172563,"9,12,-9,9"
9,275402,281947,"6,9,3"
9,270305,1175988,"-7,9,4,9"
9,1171011,216415,"-9,8,10,8"
9,276193,1181532,"3,5,4"
9,1132027,90786,"4,2,8"
9,1187717,73216,"2,16,5"
9,216569,283902,"4,3,4"
9,278623,82176,"6,8,10"
9,275464,65637,"8,-9,4,-12,11"
9,281528,1174371,"-7,6,3,5"
9,1168377,211903,"6,5,5"
9,275466,1180688,"8,-4,13,-10,8"
9,274350,271322,"7,5,4"
9,270194,1172844,"-9,7,9,11"
9,267363,1179255,"7,8,7"
9,285392,1187708,"5,-9,-11,6,10"
9,275101,265649,"-6,5,9,-7,8"
9,62089,6857,"4,5,9"
9,1175988,268857,"5,6,3"
9,1185688,286347,"6,-6,6,6"
9,1172724,271316,"6,-4,7,-8,9"
9,270851,229470,"4,7,3"
9,229975,9323,"6,8,1"
9,273520,284708,"4,8,9"
9,220808,87802,"4,1,6"
9,1186471,271581,"6,8,4"
9,91031,284922,"-9,-9,4,5,8"
9,277526,280157,"6,10,-9,9"
9,47261,203231,"3,5,8"
9,1167093,1185097,"6,4,3"
9,1169110,1186894,"4,1,6"
9,18802,1175402,"3,4,6"
9,285383,274788,"10,3,3"
9,926332,82256,"4,6,-9,9"
9,1183034,89338,"6,-8,6,7"
9,1177907,266395,"6,8,5"
9,280607,202589,"3,6,6"
9,1170753,271145,"-10,12,9,5"
9,274741,280607,"7,5,5"
9,216497,1183581,"4,4,5"
9,229714,1172399,"5,6,4"
9,280157,1184152,"9,8,8"
9,18802,1168339,"5,4,8"
9,1187756,1186435,"3,4,8"
9,96024,219402,"6,10,7"
9,271961,216129,"8,7,-7,-9,5"
9,52333,82256,"-8,5,4,7"
9,1167520,35031,"5,7,4"
9,1177588,1180688,"-7,6,6,4"
9,277906,278927,"2,1,1"
9,285506,217219,"7,9,-10,4"
9,1170753,1187749,"6,7,4"
9,1175988,1182631,"-8,7,7,9"
9,1187708,275694,"8,6,6"
9,274722,1173246,"4,6,3"
9,285663,1167520,"-6,7,11,6"
9,273642,1175528,"2,7,5"
9,274741,48477,"11,-10,7,-6,9"
9,84582,72178,"1,2,2"
9,222276,1178504,"3,7,6"
9,1183018,1187712,"7,-9,3,5"
9,203084,277019,"8,5,-8,6"
9,14637,229592,"7,7,-6,-5,14"
9,47919,94049,"4,4,-8,8"
9,1173728,275292,"10,9,5"
9,1183294,285295,"-8,-2,11,7,7"
9,220976,202363,"-10,9,5,4"
9,14883,71436,"7,3,1"
9,224165,75018,"2,3,5"
9,215830,94298,"5,6,8"
9,285163,1168593,"10,8,-8,6"
9,275101,276637,"-8,6,6,-9,5"
9,277526,269971,"2,6,9"
9,286011,6609,"7,4,1"
9,283602,1177585,"9,-8,6,8"
9,202365,215565,"-10,9,5,-2,7"
9,1171292,57949,"1,6,13"
9,280553,279902,"11,1,-9,-10,9"
9,275466,223729,"5,-5,9,6"
9,224191,1178675,"7,4,7"
9,267295,278623,"8,5,-10,5"
9,3727,1175756,"7,9,6"
9,271056,1165461,"9,4,8"
9,272975,277048,"8,5,9"
9,275286,280445,"8,6,4"
9,1186360,266835,"7,4,8"
9,1186471,78058,"5,-8,9,14"
9,96029,1170851,"8,10,9"
9,1151017,278584,"6,3,3"
9,1180658,271482,"2,9,8"
9,273516,229592,"1,2,8"
9,275947,1172852,"-9,8,8,-6,8"
9,221729,271771,"9,3,3"
9,214915,86472,"-9,7,6,4"
9,275235,276190,"7,8,-9,12"
9,280491,276728,"9,12,-7,-9,8"
9,282081,71734,"2,0,0"
9,269570,273218,"7,6,8"
9,1182632,270748,"2,10,8"
9,59922,110466,"-9,3,5,-7,8"
9,1187755,278623,"9,8,5"
9,20092,229700,"8,8,7"
9,1176448,1178677,"11,2,10"
9,34825,1186360,"3,8,5"
9,1187759,285189,"7,7,7"
9,91339,1169425,"7,9,5"
9,270725,1132399,"4,7,3"
9,65637,223377,"3,8,3"
9,1185698,1165420,"7,10,-4,3,-7,5"
9,276162,279616,"8,6,6"
9,92446,229635,"9,9,8"
9,1173779,271316,"-12,7,5,9"
9,281948,275235,"4,8,7"
9,84582,1187725,"7,9,-9,5"
9,2059,90498,"7,-6,-5,10,5"
9,278584,275402,"7,-9,9,5"
9,270404,219402,"7,1,2"
9,285323,276190,"8,8,7"
9,1173545,268669,"3,-9,3,5"
9,277354,275947,"7,-8,-12,10,6"
9,1187697,284655,"-7,13,7,4"
9,1176827,284621,"5,-9,-11,5,3"
9,1164361,18802,"-5,9,6,4"
9,222276,1178109,"4,7,3"
9,280003,277537,"7,4,-10,6"
9,267295,1171292,"5,9,-11,-9,11"
9,275290,1174324,"-11,5,2,-5,4"
9,1187707,1181392,"3,5,5"
9,284374,52333,"6,7,9"
9,14752,285068,"5,1,5"
9,12141,77388,"6,-9,5,4"
9,267433,1178677,"6,3,6"
9,3727,286410,"6,8,5"
9,273685,223530,"7,7,-9,9"
9,271883,273672,"4,4,6"
9,81398,266435,"6,3,6"
9,76535,270991,"6,-5,10,7"
9,1174322,279916,"8,8,-11,9"
9,76010,1178675,"-8,7,-10,11,2"
9,230301,17759,"3,5,7"
9,217440,33040,"-9,6,7,8"
9,89832,39809,"2,2,2"
9,217958,1184629,"8,9,-5,9"
9,1177956,1178952,"5,7,7"
9,275965,220690,"5,5,-7,9"
9,75749,285302,"7,7,6"
9,275070,1173246,"-7,3,7,6"
9,219351,285308,"5,7,4"
9,198840,270083,"5,17,-5,6"
9,1180103,1170430,"2,-7,5,7"
9,271137,271344,"5,-9,8,10"
9,283602,286418,"7,11,6"
9,275098,276426,"13,-10,5,4"
9,219609,1172852,"4,5,-9,11"
9,1182879,74986,"9,3,5"
9,98071,281837,"-9,3,3,2"
9,275098,272060,"7,8,6"
9,1178107,1187734,"7,9,-9,6"
9,1172127,81398,"-9,-7,1,7,6"
9,71734,286417,"9,8,-5,4"
9,62557,273735,"9,12,6"
9,198570,269408,"6,6,5"
9,281969,224089,"-6,9,6,-5,8"
9,279560,278213,"7,8,-6,7"
9,1165421,1173124,"4,6,6"
9,273685,283902,"9,9,10"
9,80369,94302,"7,6,-11,6"
9,1174326,277496,"-9,8,9,5"
9,270709,285305,"8,9,6"
9,285136,1170443,"7,-7,8,5"
9,281969,284366,"3,9,2"
9,285664,1177768,"9,2,-10,4"
9,65637,32916,"8,-7,7,-8,8"
9,1186122,27458,"9,8,7"
9,6857,56980,"7,11,3"
9,276637,279617,"-10,-7,5,5,11"
9,94652,1187712,"9,-9,9,4"
9,92219,1187735,"-6,-6,5,4,3"
9,85545,5021,"6,5,9"
9,216909,275466,"4,7,-7,10"
9,22286,27961,"5,7,5"
9,202651,279624,"4,3,4"
9,1176439,281605,"9,-6,11,8"
9,58961,48477,"4,3,10"
9,231169,1187702,"-8,3,6,2"
9,52333,41466,"2,4,9"
9,223241,284725,"7,5,5"
9,1171856,92994,"-6,5,6,6"
9,266865,223241,"5,8,7"
9,1172852,1168827,"5,9,4"
9,271137,285295,"5,2,2"
9,211736,215565,"9,5,3"
9,1132027,1182523,"6,5,4"
9,1171853,1171156,"-8,12,10,9"
9,217143,274722,"3,2,6"
9,275694,271596,"-6,11,7,5"
9,2059,95669,"4,3,8"
9,276750,14883,"-7,12,8,-9,9"
9,61680,1178073,"3,5,8"
9,86095,81398,"-6,4,10,6"
9,1172828,284796,"5,-9,5,10"
9,1175676,1181532,"4,4,7"
9,1187757,1173760,"5,-6,-4,6,8"
9,84904,1180986,"4,9,-9,7"
9,47261,278642,"-9,7,6,-10,11"
9,65198,97816,"4,7,9"
9,216129,72986,"9,11,6"
9,266835,1187698,"7,8,1"
9,275286,1178107,"4,9,3"
9,224089,81606,"-6,4,1,11"
9,271190,87802,"9,-5,7,14"
9,1186894,202009,"8,2,5"
9,270746,1179779,"4,7,4"
9,1171856,268857,"5,1,3"
9,272218,271191,"7,13,-7,10"
9,221814,27027,"10,9,6"
9,285139,268669,"8,8,8"
9,224191,1186470,"6,4,3"
9,1179255,271327,"8,9,7"
9,286411,1182632,"5,5,3"
9,284305,1172399,"6,8,7"
9,1164236,218523,"10,10,4"
9,285136,271975,"-8,6,-7,9,9"
9,90786,284291,"5,2,6"
9,1180565,265649,"-8,-11,5,9,6"
9,80507,83264,"4,4,6"
9,285379,219413,"5,-9,11,6"
9,1183018,279803,"-7,3,8,12"
9,1157612,274994,"11,10,8"
9,5004,230162,"-8,5,9,-11,4"
9,284887,85287,"2,4,2"
9,1187438,250034,"9,-7,5,15,8"
9,1170759,275694,"-10,-9,5,3,5"
9,286129,71746,"-8,10,2,1"
9,1187704,270900,"6,8,6"
9,221549,216909,"6,7,7"
9,274722,285137,"4,-9,4,8"
9,24166,215008,"8,-4,8,2"
9,218523,1173246,"5,-8,8,12"
9,285625,285516,"4,5,1"
9,1187716,82768,"4,9,-4,-6,4"
9,230904,47919,"9,8,6"
9,1173546,1170430,"8,9,7"
9,1187725,1178092,"7,8,7"
9,271149,1174369,"-6,7,-10,10,8"
9,284621,1176192,"3,5,5"
9,1180984,1180710,"13,7,8"
9,29292,30868,"7,7,6"
9,229714,91339,"8,2,9"
9,1169792,274567,"5,-7,10,5"
9,279617,276624,"10,-8,3,7"
9,83264,1178675,"6,6,-8,9"
9,90786,270194,"6,9,5"
9,1182523,278623,"9,4,12"
9,217865,220032,"3,-8,7,-8,11"
9,275055,279476,"6,-7,6,7"
9,65198,52354,"5,3,2"
9,284911,927286,"1,4,2"
9,286006,1165674,"4,3,6"
9,1180429,270710,"5,-10,7,6"
9,266540,282523,"6,9,3"
9,2059,69904,"8,2,6"
9,271961,1187706,"7,6,5"
9,80115,266835,"9,5,-10,9"
9,96024,223659,"9,9,-9,4"
9,224191,280503,"3,3,6"
9,280607,1187732,"5,2,3"
9,1157583,1172844,"6,6,4"
9,147750,83506,"15,4,10"
9,81946,203194,"-11,6,5,7"
9,59455,214854,"9,9,11"
9,1179201,279058,"5,2,7"
9,275034,30066,"5,-9,5,9"
9,270748,265649,"9,3,9"
9,269793,279902,"9,4,8"
9,62151,266435,"7,6,-8,8"
9,281969,223635,"5,-13,8,-7,5"
9,279803,281947,"6,1,7"
9,1171127,1179780,"-9,5,4,7"
9,224191,284008,"9,3,7"
9,1157612,285663,"-7,7,7,-8,6"
9,73216,1183044,"5,6,4"
9,90786,1185292,"7,-4,-8,4,9"
9,1171474,1150978,"5,3,6"
9,275292,285406,"9,9,5"
9,269745,11875,"6,3,6"
9,82297,216909,"7,-10,9,9"
9,285178,84735,"5,8,12"
9,276823,1185183,"10,9,2"
9,1178107,285379,"5,9,8"
9,266540,271056,"8,5,9"
9,1166024,269971,"4,5,1"
9,272422,1187745,"3,4,3"
9,281355,96029,"4,-8,4,5"
9,283762,1187695,"4,5,5"
9,87893,27823,"-9,4,7,12"
9,1185968,271596,"1,7,6"
9,1131757,274492,"9,-7,10,6"
9,280202,1185202,"7,5,9"
9,265517,1170751,"3,5,2"
9,1187756,1170759,"7,3,3"
9,1180710,285505,"5,8,-8,6"
9,215830,1186359,"-10,7,8,9"
9,276539,285308,"-7,7,-8,9,9"
9,220690,250080,"9,-6,-8,9,9"
9,274741,78166,"4,2,5"
9,83506,285090,"2,2,7"
9,1171562,1187709,"8,-8,9,1"
9,230779,281823,"4,2,2"
9,23283,36755,"9,10,7"
9,87850,1186828,"3,9,3"
9,1131692,80241,"9,-8,8,8"
9,279594,280096,"9,-7,11,-7,10"
9,272436,1178073,"10,5,-9,12"
9,1183009,1180986,"-9,6,-8,5,5"
9,90786,88635,"8,10,8"
9,1165674,85572,"9,3,2"
9,88635,277426,"2,7,8"
9,270494,285092,"2,8,4"
9,221340,272956,"6,5,6"
9,271860,1175380,"6,1,-6,8"
9,272218,1182629,"7,2,4"
9,216569,24166,"5,6,9"
9,271316,1177956,"-9,8,16,6"
9,76916,1186955,"9,8,-8,-9,8"
9,277927,217083,"6,9,7"
9,216129,79223,"8,1,6"
9,92296,1167520,"8,7,6"
9,10669,95136,"7,5,6"
9,34825,90498,"0,6,8"
9,1174103,269408,"5,6,-7,8"
9,275402,276739,"-9,9,-8,7,8"
9,276637,277048,"5,7,9"
9,272060,1186472,"6,4,4"
9,1178102,211736,"-8,10,10,10"
9,277526,1176451,"8,-8,5,10"
9,1177907,76916,"6,4,5"
9,1183031,281605,"9,-7,8,7"
9,273520,1184629,"5,6,9"
9,58132,39809,"4,3,6"
9,219796,272436,"7,9,-6,9"
9,1187757,220298,"5,10,7"
9,85286,74986,"-7,9,7,7"
9,285139,279916,"-8,2,7,12"
9,218150,280607,"10,9,9"
9,1187760,1178952,"4,4,8"
9,1187749,280003,"4,3,7"
9,271501,277053,"9,-9,6,7"
9,278125,30868,"2,9,3"
9,285378,95793,"9,7,11"
9,1176550,1183053,"4,5,7"
9,277839,275402,"4,6,5"
9,1187179,31669,"4,4,6"
9,230301,14883,"6,7,8"
9,215555,1168137,"1,1,2"
9,1171854,1150978,"13,-7,-12,5,8"
9,54488,273685,"3,2,6"
9,1186120,285890,"5,1,3"
9,219210,1173779,"2,6,8"
9,224191,279838,"3,8,8"
9,1164236,271975,"-8,9,9,7"
9,285295,1180148,"9,8,4"
9,216569,72286,"2,2,4"
9,281942,280096,"3,3,1"
9,270911,280444,"9,7,8"
9,1157612,278293,"8,8,-7,10"
9,219888,231169,"10,7,7"
9,1171128,223757,"6,6,5"
9,1186120,94988,"-8,6,4,6"
9,269570,285103,"3,3,5"
9,1177907,1186360,"2,3,2"
9,30753,1186113,"3,8,8"
9,1179146,281766,"-8,-8,2,9,11"
9,1165421,271274,"-9,6,-3,12,10"
9,1173760,1187731,"2,5,7"
9,216225,1187729,"-6,7,-10,9,5"
9,271961,1173546,"-8,13,9,9"
9,217865,214471,"6,4,7"
9,270851,275099,"-14,9,8,2"
9,1182627,30992,"-5,9,6,9"
9,264897,273382,"9,9,0"
9,281837,270105,"-7,-9,4,6,6"
9,284796,9323,"-9,9,10,8"
9,1180330,275037,"4,4,10"
9,1187760,1175986,"4,4,5"
9,220283,1187717,"7,9,-8,9"
9,286417,1185183,"3,10,9"
9,270437,1173246,"5,8,9"
9,1173994,1176454,"5,5,7"
9,1185968,1178089,"-8,8,5,-9,6"
9,1187757,1173760,"7,7,4"
9,6050,9323,"6,8,1"
9,217430,281837,"6,-9,6,-8,7"
9,286424,95136,"9,6,5"
9,88195,217578,"11,6,8"
9,218523,285137,"6,3,6"
9,1178568,1178102,"5,5,3"
9,217235,1150978,"6,-8,7,9"
9,224165,95019,"3,7,9"
9,276190,1172724,"12,12,-10,7"
9,276728,1180565,"9,-12,9,-13,6"
9,220298,1171854,"2,8,5"
9,286411,281262,"6,7,-8,3"
9,29292,272584,"13,7,-10,-7,7"
9,1171227,1174371,"-6,6,6,6"
9,927286,81398,"-5,7,12,7"
9,215830,216497,"-8,9,5,7"
9,54488,60706,"9,4,10"
9,1166449,28559,"-7,-6,6,8,8"
9,217440,283902,"10,8,-6,7"
9,281528,277801,"-8,8,9,6"
9,1186359,270131,"2,5,1"
9,1150995,269570,"8,4,7"
9,220781,1166750,"-9,7,11,5"
9,1173573,277147,"-8,1,-9,10,9"
9,1174369,1178092,"-6,9,11,-8,9"
9,277904,270991,"10,7,4"
9,94298,272631,"5,5,6"
9,277744,285163,"-8,9,2,10"
9,1187702,1177959,"8,7,9"
9,276823,1176192,"-7,9,6,-9,7"
9,62151,1172441,"6,5,-10,5"
9,1179255,273260,"9,8,-9,5"
9,28559,9784,"9,5,-6,-6,11"
9,29292,271961,"4,3,1"
9,265334,1172337,"5,9,3"
9,275925,71436,"7,7,5"
9,272631,23283,"9,8,-3,-10,6"
9,1177956,280096,"5,-10,0,4"
9,1183018,272956,"5,8,-9,9"
9,280386,285320,"4,4,5"
9,218929,95000,"5,11,9"
9,224089,3727,"7,-10,8,11"
9,113379,203271,"3,10,8"
9,214419,14637,"6,5,6"
9,1168593,285164,"5,-9,7,10"
9,1183284,85963,"8,-6,9,6"
9,274741,1187732,"8,5,2"
9,285315,283902,"-13,10,6,9"
9,1166717,8144,"-9,2,7,7"
9,273762,1179779,"2,5,3"
9,220032,217219,"6,4,5"
9,211903,1177832,"-2,6,9,3"
9,1167520,6268,"7,-8,6,-8,4"
9,47261,88195,"3,4,0"
9,230779,271482,"-3,-9,7,11,2"
9,214419,1178073,"6,3,3"
9,271191,270836,"9,8,8"
9,1186470,266638,"8,-7,6,8"
9,280445,275965,"8,6,8"
9,1171074,270991,"5,8,9"
9,47261,35031,"5,2,12"
9,273283,14637,"8,5,-7,4"
9,1187741,1177768,"7,7,-6,11"
9,222763,285625,"7,5,2"
9,35031,1168015,"-9,9,6,10"
9,1179255,1178086,"9,7,6"
9,275824,281969,"9,7,-12,8"
9,285504,25587,"-8,8,9,-8,12"
9,214915,74880,"-7,8,5,-9,7"
9,267124,1187723,"6,9,7"
9,9201,95019,"9,2,5"
9,1174325,285921,"6,6,6"
9,202883,65637,"6,13,5"
9,230237,217083,"5,6,6"
9,269745,1180658,"3,11,4"
9,202778,1180771,"-5,6,5,9"
9,1180983,1177302,"-9,4,-9,5,7"
9,1178802,275086,"7,8,9"
9,96338,284374,"2,8,5"
9,1187715,271771,"8,5,-3,-7,7"
9,69850,1168131,"-2,5,9,8"
9,82779,1180776,"3,4,3"
9,285133,271482,"8,5,8"
9,256712,271581,"7,6,-10,6"
9,1165674,1179255,"8,3,8"
9,281605,285323,"10,7,-8,5"
9,12141,81946,"-2,6,6,1"
9,1187756,1059,"9,5,-8,9"
9,1157583,1176550,"4,8,8"
9,280542,220808,"-2,8,5,14"
9,1183700,1182219,"7,12,6"
9,212182,286398,"5,2,1"
9,21400,20092,"10,-8,6,3"
9,277358,279058,"9,10,-4,2"
9,277801,271875,"7,6,-7,10"
9,283200,1165054,"7,2,-10,3"
9,271802,219939,"9,9,8"
9,1171854,284655,"6,-11,2,4"
9,279803,270748,"10,6,8"
9,267295,219923,"1,3,4"
9,113379,270911,"4,5,2"
9,14504,285178,"7,-7,-9,5,2"
9,273685,1171169,"2,9,9"
9,1186435,213021,"10,5,9"
9,1173129,275469,"9,-7,6,3"
9,1187714,285147,"-5,-11,3,4,2"
9,273762,1183736,"3,5,1"
9,34178,89540,"-7,6,-10,10,12"
9,270746,271042,"9,6,-4,5"
9,1187710,285316,"5,6,5"
9,1165404,69904,"5,3,7"
9,1182217,279058,"5,5,6"
9,216415,65637,"-8,6,-10,9,4"
9,220833,61449,"2,4,2"
9,275877,285303,"-13,7,7,6"
9,270748,1187702,"5,6,7"
9,1176627,2608,"5,6,16"
9,219609,273382,"4,3,-10,8"
9,275286,1185688,"9,8,8"
9,229635,1172563,"9,-9,7,7"
9,1178103,274492,"6,4,3"
9,277513,279594,"7,6,6"
9,276728,279617,"5,9,5"
9,266835,1181532,"2,3,7"
9,277354,270703,"3,4,6"
9,1187757,1187707,"9,6,-16,6"
9,1176448,279803,"9,6,2"
9,279691,1177311,"2,8,10"
9,96706,271061,"-7,9,3,7"
9,7171,286417,"4,3,9"
9,21768,281902,"4,2,10"
9,79347,90786,"-13,7,4,6"
9,218523,273167,"10,10,8"
9,271883,285555,"4,-7,-9,6,4"
9,96338,224191,"5,-7,10,7"
9,273516,281902,"5,4,6"
9,274492,202883,"6,5,-12,-6,9"
9,286594,272956,"6,2,6"
9,1174103,94049,"8,7,10"
9,1169772,1180663,"3,8,6"
9,284457,1172337,"-7,8,-5,9,7"
9,217582,279691,"7,9,7"
9,1183018,1187729,"4,7,0"
9,44945,1179255,"14,8,-6,10"
9,94469,271205,"10,7,2"
9,275055,285320,"-9,7,5,-6,2"
9,1171643,271260,"6,11,6"
9,211738,8971,"4,8,6"
9,1187755,270105,"7,1,7"
9,81398,1170430,"7,6,2"
9,1165421,272631,"6,8,9"
9,219796,1182219,"3,4,4"
9,90353,98266,"8,5,12"
9,280202,98280,"6,-6,10,-9,6"
9,10533,5021,"5,9,11"
9,1171762,2608,"8,6,7"
9,35094,1173545,"8,6,9"
9,1174103,1177036,"12,5,6"
9,271581,281956,"6,11,-9,8"
9,84735,285294,"8,6,8"
9,276728,275402,"-9,3,6,9"
9,267295,223530,"7,3,10"
9,276637,276417,"9,-8,6,8"
9,280491,1173994,"4,4,1"
9,202883,33040,"9,2,6"
9,273382,270836,"8,2,6"
9,279542,1186585,"-8,5,6,6"
9,223659,1177311,"8,4,9"
9,285133,1180688,"9,2,7"
9,275235,1164157,"-3,8,7,-9,2"
9,270991,275055,"2,7,7"
9,1185599,284911,"4,13,9"
9,285137,1173728,"9,7,6"
9,273260,279476,"6,6,6"
9,1186360,276750,"-9,8,9,8"
9,280607,86697,"5,8,6"
9,1174326,276162,"7,8,6"
9,271042,285664,"-5,9,3,9"
9,267433,1178256,"1,1,2"
9,277441,1187696,"5,7,3"
9,84735,1186955,"-9,14,11,-11,9"
9,91757,1174699,"8,3,-8,6"
9,229635,6857,"3,-9,9,7"
9,269570,275402,"9,9,6"
9,1186894,62151,"-10,7,7,6"
9,1172337,270194,"-7,6,7,4"
9,73216,273283,"5,6,7"
9,265649,277348,"2,6,9"
9,94298,276539,"9,5,5"
9,25045,46331,"8,6,3"
9,88195,1177832,"3,3,9"
9,1175710,266740,"5,4,4"
9,270725,279282,"1,9,7"
9,92296,285133,"-12,9,8,7"
9,1187742,286006,"-9,-9,-7,12,9,5,8"
9,273158,1183045,"5,8,5"
9,1167092,256712,"5,7,7"
9,273516,43265,"-8,3,1,4"
9,1178092,224089,"8,-7,7,7"
9,277744,1178086,"6,4,-12,5"
9,51749,85545,"2,8,2"
9,1171011,1167098,"14,6,-2,6"
9,278125,281902,"9,-2,10,3"
9,61680,1173546,"-12,-14,7,6,6"
9,1173507,275877,"10,-3,7,7"
9,47919,274741,"4,5,4"
9,71436,271581,"6,3,-8,9"
9,1172724,1187697,"-8,5,-10,9,6"
9,271061,273603,"5,2,4"
9,275466,1186122,"2,8,6"
9,1183031,94049,"4,2,1"
9,276750,1170430,"-7,4,10,-9,10"
9,1180710,91267,"3,8,3"
9,286594,222763,"-5,4,-13,9,10"
9,3727,211643,"3,-8,5,8"
9,85510,203231,"6,5,3"
9,14914,1176550,"10,4,7"
9,280543,1183015,"3,8,6"
9,281942,1182523,"3,5,4"
9,274860,1177585,"2,-9,6,8"
9,224191,41466,"1,5,6"
9,271207,74986,"6,3,5"
9,1180565,1173246,"-10,9,2,5"
9,280541,88195,"5,6,13"
9,1166449,61680,"-4,9,1,7"
9,286025,75291,"10,4,-9,8"
9,277742,276504,"3,8,4"
9,77764,1171643,"9,5,7"
9,1179256,279594,"6,8,7"
9,279803,286012,"7,-10,6,6"
9,277513,281422,"9,10,7"
9,1173246,283602,"9,7,6"
9,279563,1173092,"6,7,4"
9,27961,7414,"-8,2,5,4"
9,285505,281948,"9,-5,7,-8,11"
9,269965,285383,"2,3,5"
9,271581,85287,"12,4,4"
9,284875,286408,"1,5,5"
9,1187697,1184550,"7,5,7"
9,8146,90843,"4,12,9"
9,250233,13660,"-6,11,5,12"
9,1177302,285921,"2,1,1"
9,203062,276233,"4,9,9"
9,1187731,14504,"2,4,6"
9,1172724,1173688,"9,8,7"
9,1180166,29525,"-15,5,12,3"
9,1178675,216909,"10,-9,7,2"
9,1172724,278658,"-9,3,-4,1,8"
9,80241,271061,"4,-7,11,8"
9,1166878,1176029,"14,9,10"
9,1157745,278213,"4,4,4"
9,98266,92943,"12,7,8"
9,1186473,282348,"9,6,7"
9,267124,217235,"5,7,4"
9,1172724,271191,"9,-13,-10,9,7"
9,1150977,285890,"2,2,5"
9,263089,229592,"4,-9,5,12"
9,280553,286016,"6,7,9"
9,61680,271961,"8,6,8"
9,217143,1183000,"8,6,6"
9,69850,203194,"8,8,7"
9,280508,39809,"-13,-7,4,5,9"
9,286036,1171226,"9,6,7"
9,85544,286398,"4,5,5"
9,58961,89360,"6,6,7"
9,272956,1177956,"5,-9,6,5"
9,1172399,81398,"8,6,9"
9,279820,278846,"7,6,9"
9,202363,1187704,"-3,-3,13,11,3"
9,91169,271975,"8,10,-8,9"
9,274722,1183018,"-7,12,-10,5,12"
9,90211,223241,"4,1,6"
9,215555,30833,"5,5,1"
9,215565,1165042,"7,-10,-13,4,6"
9,1172399,274478,"-7,2,4,11"
9,1184458,85287,"9,-10,7,-10,6"
9,272218,269793,"-5,7,4,-7,6"
9,270083,1187729,"4,8,4"
9,1172337,211643,"2,-9,12,9"
9,89540,286417,"3,7,5"
9,270437,271327,"5,10,5"
9,286594,17402,"7,6,3"
9,220298,271771,"4,5,2"
9,230301,1172337,"-9,9,9,-4,9"
9,270305,285320,"5,8,6"
9,1174431,278884,"3,7,9"
9,271145,285921,"6,1,1"
9,1180565,1180010,"-7,7,9,8"
9,1178073,1171501,"3,5,7"
9,269745,269971,"5,7,5"
9,219888,279806,"6,1,1"
9,17550,88854,"10,-7,6,10"
9,62089,265334,"4,10,5"
9,285368,1164236,"10,-7,9,1"
9,10437,91169,"3,5,3"
9,1175710,285083,"8,8,9"
9,1178109,1187703,"-10,6,-8,7,6"
9,1173259,286417,"5,5,3"
9,270437,1177045,"3,9,12"
9,281528,1187697,"4,7,-9,10"
9,215830,271802,"2,-8,7,7"
9,275402,285103,"9,7,6"
9,281969,1177832,"2,8,-7,9"
9,2059,222939,"11,9,5"
9,202365,92549,"8,8,8"
9,221814,285292,"2,3,6"
9,9784,1171502,"6,7,7"
9,82547,1165405,"-8,4,12,13"
9,10414,25045,"0,8,4"
9,80241,74880,"-7,3,9,9"
9,270991,285139,"8,-9,9,3"
9,285368,274722,"6,6,9"
9,1185698,84904,"-8,8,10,10"
9,272218,278584,"9,9,12"
9,280444,273085,"6,8,12"
9,12141,926332,"4,2,3"
9,277585,273167,"-6,8,3,10"
9,281463,1176561,"-4,-3,12,8,7"
9,23283,60706,"10,2,7"
9,230779,229470,"10,-10,11,8"
9,1175782,279803,"5,11,8"
9,1180984,267124,"8,-9,-4,8,0"
9,285254,1171011,"4,3,4"
9,278658,1175380,"3,14,9"
9,275286,285505,"-6,6,4,8"
9,220127,266835,"6,9,-7,5"
9,271327,279282,"4,6,7"
9,1178504,285164,"7,-9,3,7"
9,1170430,266435,"9,1,8"
9,1169110,271771,"5,9,7"
9,1178256,276504,"-5,8,-9,10,9"
9,62488,5021,"7,2,-5,-4,3"
9,55345,1187746,"7,7,-9,8"
9,202651,83264,"12,3,8"
9,1173760,285323,"7,8,5"
9,1187758,268979,"2,2,5"
9,1184629,217578,"4,-7,6,9"
9,285323,276191,"11,7,-8,-8,8"
9,218928,285095,"5,9,8"
9,91267,1173573,"4,8,4"
9,273642,279795,"5,1,6"
9,202651,278125,"2,6,12"
9,1131757,1165042,"7,9,7"
9,69850,1187179,"6,4,5"
9,98280,1172570,"11,6,10"
9,276191,271215,"3,5,6"
9,284457,1169425,"13,3,7"
9,224191,283584,"2,4,5"
9,282523,219796,"8,7,4"
9,87802,285555,"5,6,9"
9,1185202,284806,"5,2,1"
9,274350,286036,"7,4,8"
9,61680,1170851,"9,-3,5,9"
9,1182694,275925,"-9,6,13,13"
9,219210,97611,"4,9,6"
9,230904,1157583,"5,10,6"
9,280542,286415,"-9,7,3,5"
9,215565,211608,"15,-9,3,9"
9,271876,277537,"-8,8,2,1"
9,1171127,276135,"3,2,7"
9,284875,273772,"4,6,7"
9,28559,1172111,"8,-7,-8,9,7"
9,270911,1180565,"8,3,8"
9,279485,286036,"-9,9,-8,7,9"
9,224191,1186115,"2,4,5"
9,264548,1179780,"5,9,8"
9,1187737,279916,"1,7,7"
9,1171227,1180148,"3,11,9"
9,275292,279993,"4,1,-9,-11,13"
9,1187758,1187756,"8,6,6"
9,218921,72061,"7,3,4"
9,1175710,30833,"3,4,9"
9,1176448,276160,"-9,8,-3,11,1"
9,1177802,82256,"5,10,3"
9,1171815,270105,"5,-9,5,3"
9,286420,219413,"8,5,5"
9,271061,275965,"7,4,5"
9,219210,1175529,"5,7,5"
9,223530,1187548,"8,7,4"
9,94302,52354,"6,10,6"
9,277426,1973,"8,7,8"
9,281948,1187737,"4,9,5"
9,276739,285921,"7,7,9"
9,57949,283200,"6,-6,9,5"
9,263095,274863,"7,6,9"
9,96338,215008,"3,8,2"
9,271316,1180010,"7,7,-10,-10,12"
9,1187735,268875,"3,4,8"
9,1172337,281902,"-11,7,-5,8,9"
9,1187722,279402,"3,6,8"
9,264548,276502,"11,-9,3,-11,3"
9,81606,1174103,"9,8,4"
9,90353,92550,"4,8,5"
9,98262,215306,"7,11,7"
9,270851,284374,"7,5,5"
9,35031,263095,"9,7,-5,9"
9,9784,1171011,"0,6,1"
9,274722,276728,"5,7,6"
9,1176275,76010,"9,3,3"
9,203271,286008,"3,4,2"
9,1183047,1181223,"11,13,3"
9,85545,95136,"6,4,1"
9,284911,1172570,"3,1,8"
9,271275,285147,"-9,-8,5,6,7"
9,1177324,285383,"10,10,2"
9,285137,1174324,"9,7,8"
9,285254,1166717,"8,6,-4,-7,5"
9,280445,219888,"-10,6,-8,9,11"
9,8644,87850,"-6,3,7,-5,7"
9,277801,285295,"5,5,2"
9,1169110,90498,"-7,-3,6,9,5"
9,1183053,82230,"2,10,-9,-3,5"
9,281660,273735,"4,7,9"
9,1171128,223757,"4,9,8"
9,26664,284016,"6,5,5"
9,277894,285164,"9,4,-7,5"
9,1178107,202365,"-7,10,7,7"
9,218921,271813,"10,9,3"
9,1180684,33546,"1,6,-10,14"
9,82211,221548,"9,4,8"
9,1171226,1173728,"5,-3,3,-2,10"
9,219210,285516,"2,4,6"
9,203271,1176627,"7,5,7"
9,220833,1176550,"10,2,1"
9,81398,1186955,"-5,6,5,6"
9,277526,1171730,"4,3,1"
9,268875,82297,"-9,5,6,5"
9,279803,271316,"7,1,7"
9,1178103,1174368,"1,5,9"
9,198840,1171665,"9,2,-7,-7,9"
9,273642,1184152,"16,4,4"
9,222276,1187697,"7,5,11"
9,1178677,1181392,"-6,5,6,7"
9,272898,926332,"5,6,8"
9,1176807,1174368,"6,8,8"
9,2331,2608,"6,7,10"
9,1182219,1187698,"7,4,4"
9,271061,275070,"4,1,2"
9,271610,95136,"2,6,5"
9,270911,216131,"6,-7,-6,8,9"
9,277513,1175528,"8,9,6"
9,272586,1177324,"-9,6,7,7"
9,224191,284457,"8,9,3"
9,268979,285293,"5,-12,6,5"
9,285516,1175529,"9,-7,-5,11,19"
9,1949,274799,"8,-9,9,7"
9,286012,1174255,"6,4,6"
9,86472,1168015,"-9,8,4,4"
9,93322,1167093,"6,8,3"
9,270748,277354,"8,-6,7,6"
9,274492,14504,"-6,6,-5,3,14"
9,215565,1179255,"5,-8,3,2"
9,54730,231598,"8,6,5"
9,1170443,279916,"8,9,8"
9,52333,35031,"7,-9,-9,8,2"
9,267295,1178103,"7,8,-9,5"
9,1173505,219769,"6,5,8"
9,285625,271860,"6,2,1"
9,1176275,92994,"7,7,-9,-7,8"
9,1186470,284016,"5,5,7"
9,1178113,14883,"3,4,5"
9,22286,1174699,"-6,-4,9,9,9"
9,272956,267125,"4,9,9"
9,275037,1187703,"9,9,5"
9,218523,81397,"4,2,5"
9,72553,275925,"8,9,5"
9,1179256,279485,"5,7,9"
9,279820,270725,"8,7,-9,-8,9"
9,285663,217219,"2,8,3"
9,1187757,1169576,"4,2,8"
9,98266,1180658,"3,3,-10,7"
9,220032,229470,"8,6,10"
9,14752,88195,"3,7,8"
9,224089,281660,"8,-10,8,6"
9,1157745,1187728,"9,5,7"
9,94988,33546,"5,4,7"
9,11903,214471,"-2,5,4,6"
9,47261,1173828,"9,2,6"
9,52333,274863,"-9,4,4,4"
9,271191,265649,"3,-4,7,11"
9,271061,1180148,"5,4,8"
9,1171643,273642,"4,7,7"
9,275235,278642,"5,10,9"
9,272737,1176451,"6,8,-13,9"
9,5458,88195,"10,5,5"
9,1183019,1150978,"7,-7,9,-5,6"
9,273685,274741,"-9,9,7,5"
9,269965,224231,"5,7,-12,5"
9,263612,1172570,"6,10,-9,5"
9,271137,6857,"3,10,7"
9,222939,272631,"5,-8,-5,7,12"
9,270494,1185097,"5,4,6"
9,89832,224089,"8,-6,-5,10,3"
9,1187757,1186119,"-7,6,13,-5,8"
9,273158,285295,"6,6,2"
9,1178802,229635,"5,7,6"
9,1182631,277839,"-2,6,10,11"
9,62550,216909,"7,5,5"
9,1186470,270494,"-10,7,3,9"
9,1176451,1180429,"-6,-4,6,4,1"
9,202365,71746,"9,8,-9,9"
9,211903,78166,"4,8,8"
9,215232,1186903,"4,5,4"
9,97781,6609,"8,8,7"
9,272975,280003,"-5,-10,10,5,4"
9,279058,285295,"6,5,7"
9,273085,276191,"-6,-7,8,5,9"
9,231275,73712,"2,2,4"
9,1171762,279405,"1,4,5"
9,271137,277839,"8,-9,4,5"
9,276728,1177956,"11,-9,6,-2,8"
9,270991,81397,"7,7,5"
9,285133,218469,"9,8,9"
9,279820,1179256,"8,1,5"
9,1176275,218150,"1,4,1"
9,285308,27292,"9,7,-9,6"
9,1186470,278928,"9,6,5"
9,98280,6609,"6,3,5"
9,271344,1182627,"-10,-8,3,8,5"
9,1171227,279476,"3,7,7"
9,1176551,274463,"5,5,6"
9,27458,32916,"7,4,13"
9,1187756,1171127,"5,14,4"
9,281605,1174050,"3,10,12"
9,221078,273520,"3,4,3"
9,1185353,1175402,"-11,-10,9,9,13"
9,283762,91267,"5,5,5"
9,1173545,1165054,"7,9,-3,4"
9,78166,72178,"7,10,9"
9,214854,21978,"6,7,-6,4"
9,279405,13769,"4,5,5"
9,1186470,273520,"9,6,-9,7"
9,1165674,94668,"4,7,-8,7"
9,270900,273260,"6,6,4"
9,224191,926764,"3,6,5"
9,80369,58132,"4,4,9"
9,275235,89832,"7,8,7"
9,1187761,280553,"5,5,2"
9,1186477,223241,"3,5,4"
9,1187702,1187385,"5,-6,10,9"
9,270748,277496,"9,8,2"
9,223729,282348,"-5,10,-9,5,8"
9,1170751,275292,"11,3,3"
9,30992,264219,"12,8,-7,-9,9"
9,1170430,1186122,"5,8,-5,3"
9,1176550,269793,"-7,6,4,4"
9,272898,27961,"10,6,-8,6"
9,56980,92451,"1,6,9"
9,1171856,272218,"4,6,4"
9,1176550,270393,"7,7,7"
9,278293,1171856,"8,7,5"
9,219904,1172724,"-8,9,9,10"
9,273283,32916,"9,5,6"
9,281262,1183053,"10,6,-8,5"
9,271771,285136,"9,6,-6,2"
9,1178802,230779,"8,7,-7,7"
9,272422,223530,"6,7,8"
9,27027,1171853,"10,-10,4,9"
9,276190,272975,"5,3,9"
9,221340,285383,"7,2,2"
9,1168137,217083,"10,3,6"
9,89159,1187745,"3,1,2"
9,1164938,94538,"9,2,6"
9,1187728,1172563,"10,-8,7,8"
9,77885,1175747,"7,7,-8,8"
9,267295,1187695,"2,8,10"
9,1171468,285664,"2,9,-10,12"
9,285723,1185337,"-8,4,4,9"
9,90353,1168377,"8,3,8"
9,230779,220690,"-4,10,7,8"
9,221814,91757,"-4,11,7,7"
9,87893,86697,"-7,11,4,5"
9,281956,285068,"-7,4,11,-9,5"
9,221340,224089,"5,3,-6,7"
9,277513,1174371,"-3,-9,9,9,9"
9,277185,1182217,"6,8,3"
9,1172563,1167093,"9,10,-3,8"
9,80676,275877,"4,7,6"
9,285296,88195,"9,7,4"
9,9784,1186955,"4,7,6"
9,33384,1178675,"3,4,9"
9,212806,284008,"1,8,4"
9,91252,74986,"8,6,3"
9,1180710,275286,"-8,8,12,-9,10"
9,221549,278233,"2,1,1"
9,281948,267295,"6,-9,9,9"
9,1170753,271274,"9,-4,8,-7,13"
9,224165,223741,"10,11,11"
9,217235,1186477,"7,8,-10,8"
9,269745,1173763,"1,-6,5,6"
9,45824,280445,"8,-5,8,-6,8"
9,223760,1171074,"6,-7,-2,6,5"
9,1185246,277801,"6,8,3"
9,284655,277744,"6,8,6"
9,265517,229498,"6,-7,7,5"
9,95314,276556,"2,5,2"
9,201784,5021,"8,8,-8,3"
9,274994,1157745,"9,6,7"
9,11903,216909,"7,-7,6,6"
9,14883,17759,"6,6,3"
9,1171730,285320,"-6,8,8,-9,10"
9,264897,223635,"6,8,4"
9,285625,1177959,"3,3,7"
9,273516,273283,"1,8,3"
9,277904,230301,"10,6,4"
9,282081,1173507,"7,3,5"
9,278623,1171468,"6,6,10"
9,279058,1180148,"-10,-13,7,10,4"
9,1173129,250211,"10,10,9"
9,1173994,279542,"-10,4,2,4"
9,1173994,279282,"5,2,-9,7"
9,93102,275965,"5,3,6"
9,276750,88854,"-7,6,3,-12,3"
9,1185599,1175676,"3,1,4"
9,277744,276502,"9,6,9"
9,276502,273158,"-8,3,7,9"
9,1187757,86641,"7,7,-9,-7,6"
9,51749,10533,"8,7,6"
9,272218,279902,"11,3,6"
9,1697,72986,"9,6,10"
9,271802,281660,"8,9,10"
9,270748,1174325,"-9,3,-7,5,7"
9,1165674,86472,"4,-7,2,1"
9,1165421,280386,"6,-7,7,9"
9,279402,1178073,"7,6,9"
9,1180658,273642,"7,-5,-6,7,6"
9,219210,1187694,"6,6,4"
9,65637,25045,"7,9,7"
9,271322,1173728,"10,8,10"
9,1173546,1170851,"-8,12,-6,7,7"
9,265517,277894,"7,9,7"
9,1173108,87850,"-11,6,4,5"
9,72986,79223,"3,2,0"
9,96706,276190,"7,2,-6,-6,6"
9,1174699,1186120,"4,10,-9,6"
9,276162,276502,"4,7,-6,1"
9,216225,1178109,"-6,-4,9,9,3"
9,270846,1180658,"-9,8,8,2"
9,1176627,270305,"5,-8,5,5"
9,5004,282523,"-8,4,8,4"
9,1172111,272631,"8,2,7"
9,1180984,1171074,"4,2,4"
9,277742,1176803,"2,5,5"
9,98071,218150,"7,6,3"
9,270460,1181532,"6,4,4"
9,279916,285921,"2,3,5"
9,1187708,276750,"4,3,8"
9,75749,271802,"4,7,-7,4"
9,270083,1177959,"3,3,3"
9,231169,284912,"-7,3,6,5"
9,1166750,95000,"9,8,-9,9"
9,1183018,1178677,"2,-14,5,4"
9,1171730,271215,"-12,9,6,8"
9,33402,27458,"9,6,8"
9,285305,279696,"5,6,7"
9,268979,1187712,"9,6,5"
9,286347,276190,"6,2,2"
9,1170753,1180658,"8,9,7"
9,264823,273520,"4,5,5"
9,265334,1187737,"9,6,6"
9,275402,1173505,"9,8,3"
9,1183018,278658,"4,4,8"
9,271802,219293,"8,-9,9,9"
9,1172724,277354,"6,2,4"
9,266865,284725,"8,6,10"
9,275286,1178568,"10,-8,6,2"
9,281499,1187723,"9,3,8"
9,277585,1183284,"-11,7,8,8"
9,272218,1171226,"7,7,8"
9,198570,212032,"-6,6,8,-7,8"
9,273085,1178504,"6,-10,-8,3,7"
9,277053,97781,"6,11,-13,6"
9,92296,1183053,"2,5,6"
9,274866,286025,"9,6,9"
9,277513,275668,"7,5,7"
9,10140,281837,"4,5,7"
9,270710,1180148,"9,7,5"
9,271274,273382,"2,6,1"
9,270746,1187699,"8,4,3"
9,275301,272436,"6,8,10"
9,272631,72061,"-9,8,11,6"
9,277358,282077,"6,-13,6,-10,8"
9,1177802,274478,"7,7,-7,12"
9,1175528,271875,"9,7,-9,6"
9,1173246,272978,"9,-9,8,8"
9,285308,215232,"-3,-4,10,8,6"
9,275469,282077,"8,8,3"
9,81189,88854,"4,6,5"
9,276728,1178952,"6,10,5"
9,1177907,285921,"3,2,3"
9,1150995,1177768,"9,5,5"
9,281948,220032,"10,4,7"
9,219888,96706,"-4,12,-5,5,8"
9,18802,231503,"-6,9,6,6"
9,285261,1175529,"3,5,7"
9,276417,275070,"5,9,8"
9,280003,1187762,"-5,9,7,6"
9,271205,1185353,"6,7,8"
9,220833,1171128,"6,-9,8,9"
9,1165674,96024,"5,3,1"
9,224191,1186470,"6,4,7"
9,1178555,276556,"7,5,9"
9,1175380,1182993,"4,8,6"
9,1186693,231503,"-7,8,-8,8,9"
9,8429,9668,"2,-10,8,5"
9,269965,285631,"1,12,-12,-7,11"
9,271961,30753,"5,7,3"
9,284875,271137,"-6,8,9,-7,7"
9,1187757,222971,"6,7,-9,7"
9,222276,270709,"7,8,9"
9,273772,1174461,"5,-10,8,6"
9,1180010,281422,"7,5,4"
9,285091,1185599,"12,-9,7,7"
9,95667,256702,"8,-8,8,-8,8"
9,1175988,1176451,"5,5,12"
9,1180983,281422,"3,7,7"
9,271316,1187759,"3,9,-5,9"
9,285297,73589,"5,6,2"
9,222939,285083,"4,6,7"
9,274860,283602,"4,7,12"
9,23283,56980,"7,-8,11,3"
9,271061,274913,"5,4,5"
9,1132399,1181223,"0,5,2"
9,280491,276624,"3,5,7"
9,92943,229498,"8,7,3"
9,276417,1183736,"4,2,4"
9,270748,278658,"5,8,7"
9,36755,269513,"5,4,3"
9,271207,86697,"2,6,7"
9,277496,279560,"-8,2,5,-9,6"
9,284457,269408,"7,-11,9,9"
9,213021,52333,"6,5,3"
9,273411,280000,"4,-9,3,3"
9,279692,231503,"-6,8,7,10"
9,1187699,275101,"-5,-12,14,6,7"
9,277744,278233,"4,2,7"
9,220298,1187715,"5,7,5"
9,1180112,202009,"-10,4,7,10"
9,218929,272898,"10,10,-5,9"
9,1173760,1170805,"4,7,6"
9,1176913,263095,"5,-10,10,9"
9,1178096,275292,"13,-9,-5,10,7"
9,9784,23283,"-10,8,-8,6,7"
9,1166750,1165461,"7,-6,4,5"
9,1171502,285556,"5,4,3"
9,280503,1185097,"3,4,12"
9,270911,221365,"6,7,7"
9,266540,219796,"10,9,7"
9,20092,80369,"8,8,11"
9,270748,1172724,"6,5,8"
9,8005,284831,"6,6,4"
9,223530,220127,"5,6,-6,9"
9,93322,927286,"5,-5,-11,1,6"
9,277904,1172337,"3,-7,-9,2,7"
9,1168593,1187762,"10,8,-6,5"
9,217487,1166449,"-5,11,11,9"
9,1183047,279806,"6,4,6"
9,271207,72924,"-8,-6,8,5,7"
9,271191,280549,"4,2,2"
9,280003,275292,"-9,8,9,-9,11"
9,274722,271322,"8,1,3"
9,286347,279025,"2,1,2"
9,1171169,271581,"5,-5,-8,10,7"
9,1176807,90786,"7,7,7"
9,275086,270851,"5,4,-7,9"
9,87850,223377,"8,-9,10,-7,8"
9,74872,219769,"-7,5,8,9"
9,3727,1168131,"1,4,10"
9,1165674,219888,"3,4,7"
9,273685,212182,"-6,12,-6,3,7"
9,271482,1173246,"5,6,6"
9,1178675,1973,"5,5,5"
9,273672,284291,"5,5,5"
9,1173994,1181392,"9,-10,8,6"
9,1187438,1169110,"1,5,3"
9,277839,285295,"2,7,1"
9,1176807,94469,"11,-9,-7,6,9"
9,76010,1172563,"7,12,-8,8"
9,21400,8005,"10,2,-11,8"
9,1173763,264662,"7,6,9"
9,282826,1176627,"11,9,6"
9,219888,220833,"-9,8,-10,7,8"
9,1171762,1186359,"8,3,5"
9,217219,1187697,"11,1,-8,8"
9,275070,1183736,"7,4,7"
9,1174371,277348,"8,-9,6,4"
9,219939,1187735,"5,5,5"
9,1177324,271322,"3,-10,11,6"
9,1176448,1183045,"3,2,7"
9,275925,219769,"8,6,-10,4"
9,1167521,282081,"11,5,9"
9,283200,73712,"5,8,8"
9,1178102,11903,"6,4,4"
9,221729,1187729,"4,5,10"
9,270748,275469,"7,3,-9,3"
9,1187711,266865,"4,3,5"
9,281837,81374,"5,6,2"
9,1187755,217235,"6,11,8"
9,79347,202979,"5,5,1"
9,265334,286023,"2,1,9"
9,271494,1175986,"8,6,2"
9,221549,270748,"5,2,5"
9,279803,273772,"10,2,-10,2"
9,1178802,277441,"3,4,9"
9,54730,279025,"4,1,7"
9,1180983,276624,"7,1,5"
9,1166717,57949,"8,8,8"
9,271327,1179256,"3,5,6"
9,274994,264897,"6,8,4"
9,277513,275101,"9,6,8"
9,202979,271581,"2,2,9"
9,272742,1177907,"-11,8,3,6"
9,278658,275070,"8,4,10"
9,218921,215242,"11,10,8"
9,202363,265517,"-9,8,4,5"
9,277801,282077,"-7,5,-8,5,10"
9,63010,8146,"9,9,9"
9,279542,1175528,"10,9,-8,9"
9,1177311,1186115,"6,6,7"
9,275086,284374,"7,3,8"
9,286014,279692,"5,5,7"
9,1185202,1172016,"8,4,-9,9"
9,270846,280003,"4,4,7"
9,1186113,75291,"-9,1,6,6"
9,1180688,275464,"5,8,-8,11"
9,230779,1185246,"5,9,-9,-4,9"
9,280015,279476,"5,7,3"
9,92296,1186435,"4,6,10"
9,224165,9668,"3,3,8"
9,11877,1178109,"9,9,10"
9,284016,285249,"7,6,8"
9,268857,279476,"3,4,6"
9,278614,93127,"6,7,8"
9,269693,269745,"6,-9,7,7"
9,278928,285554,"8,11,-12,4"
9,223729,280325,"1,3,6"
9,278584,275965,"-9,3,8,8"
9,6609,214854,"-7,11,9,5"
9,274994,1177302,"5,3,5"
9,214471,272978,"-7,9,-12,6,6"
9,282081,264093,"4,3,9"
9,271961,1180688,"9,5,12"
9,273283,284016,"-6,7,9,-7,4"
9,271482,1175380,"2,8,1"
9,279696,1181223,"4,5,8"
9,82211,215565,"6,-5,5,5"
9,278658,1184152,"4,-9,8,12"
9,277904,271070,"2,5,5"
9,1169792,89181,"8,6,7"
9,1172563,65637,"10,9,5"
9,266865,273158,"4,11,11"
9,91267,286008,"5,8,5"
9,1187738,1177962,"8,3,6"
9,220032,270194,"5,1,6"
9,215008,926764,"15,3,4"
9,90353,74880,"6,2,2"
9,265517,276624,"6,6,6"
9,77388,27458,"6,-7,-11,3,12"
9,217143,197388,"9,7,8"
9,1174699,1178109,"8,10,4"
9,72242,229498,"9,6,-9,10"
9,286594,270911,"5,3,9"
9,8644,34178,"9,-3,1,-8,7"
9,271275,1181392,"4,6,5"
9,1180984,202363,"9,-12,6,8"
9,1178109,92994,"9,5,4"
9,1182217,284319,"7,7,-12,2"
9,284457,271205,"8,3,3"
9,223741,88854,"8,1,3"
9,1175756,216415,"3,3,8"
9,272218,275099,"5,7,7"
9,7414,43265,"-14,6,6,3"
9,218523,269971,"8,5,2"
9,47064,285308,"5,5,5"
9,269693,266395,"9,9,8"
9,222276,1174050,"5,5,4"
9,927185,1183053,"7,4,-4,-9,7"
9,203062,276226,"-8,2,-7,7,2"
9,283902,1171562,"9,5,-8,5"
9,285133,27027,"8,4,-5,10"
9,271191,280015,"3,10,8"
9,278584,285165,"4,5,5"
9,270725,271875,"6,3,1"
9,1172852,286036,"6,8,6"
9,272436,46331,"4,6,6"
9,271215,277048,"7,10,4"
9,1174369,271042,"8,5,9"
9,1178071,219450,"5,6,9"
9,270748,275070,"5,1,4"
9,284008,1173828,"-11,-6,3,8,7"
9,1165042,86472,"4,9,7"
9,266435,1186903,"-9,4,5,-8,3"
9,271975,1186120,"-8,6,7,10"
9,275086,273382,"7,2,2"
9,1173760,280535,"-6,7,9,8"
9,271482,277185,"7,4,4"
9,1181042,75749,"8,8,7"
9,51131,1186470,"-7,7,8,-7,11"
9,63010,74986,"6,4,8"
9,221548,1187703,"6,9,-8,-6,5"
9,267363,96024,"10,6,2"
9,63010,33402,"6,5,5"
9,272631,84735,"4,6,6"
9,279838,274863,"-7,7,-8,9,9"
9,217487,219293,"8,6,8"
9,1186477,272060,"9,8,-3,6"
9,202651,30868,"-12,2,-10,4,8"
9,215565,202365,"4,8,5"
9,273158,1171730,"5,-12,5,7"
9,286347,1171074,"4,-8,-10,8,14"
9,1170805,84273,"-10,10,-8,8,7"
9,285392,279916,"4,7,6"
9,71746,94298,"-7,6,-5,15,9"
9,218921,218929,"7,3,9"
9,282826,281262,"6,12,-9,9"
9,55345,25587,"5,4,4"
9,282081,250080,"9,8,6"
9,1179779,1183736,"7,8,7"
9,286416,92461,"9,-9,9,-9,4"
9,269965,1174324,"4,3,6"
9,212806,277904,"11,8,-9,1"
9,52354,284818,"4,1,6"
9,273260,276728,"12,6,6"
9,1187757,221729,"3,5,6"
9,274788,286019,"7,5,4"
9,279405,274866,"-6,8,8,0"
9,1187695,277894,"6,9,5"
9,1179256,280000,"-10,6,8,6"
9,52333,1167751,"13,3,3"
9,273260,285303,"7,4,8"
9,96706,278293,"3,-5,4,9"
9,1132399,1175528,"3,5,6"
9,1178802,280445,"7,-10,5,11"
9,285261,94395,"6,-10,6,3"
9,279402,89832,"-7,5,6,5"
9,275286,215306,"8,12,-10,-7,9"
9,1151017,1173546,"6,5,4"
9,203271,61680,"2,5,7"
9,285165,280015,"5,-7,5,6"
9,217865,214915,"-9,10,1,6"
9,282826,203271,"6,8,6"
9,215565,280386,"3,13,7"
9,1176548,1167751,"7,6,7"
9,274350,1177302,"-5,7,7,5"
9,30868,279624,"4,1,3"
9,1180983,279795,"1,4,4"
9,76652,86925,"8,3,7"
9,277904,1165421,"9,7,8"
9,1184629,284818,"3,6,8"
9,82256,1171011,"10,8,9"
9,271322,269793,"7,-14,11,2"
9,1183047,276417,"6,7,5"
9,284887,202589,"1,1,3"
9,1180565,279616,"-7,4,1,6"
9,282826,271145,"7,-9,10,9"
9,274741,1175402,"2,3,5"
9,1169110,224231,"-7,7,10,6"
9,25587,86697,"7,14,-5,2"
9,94298,273167,"9,5,6"
9,284142,269745,"6,2,7"
9,280503,1176192,"-9,-8,4,7,8"
9,286411,278658,"-4,-7,9,9,9"
9,280000,279616,"8,-8,-8,2,8"
9,1178504,275070,"5,5,5"
9,281660,1177832,"8,3,6"
9,280202,60706,"4,8,-10,4"
9,1131692,91169,"3,11,-9,2"
9,277048,279282,"7,-10,8,4"
9,54730,263095,"7,-8,6,-3,5"
9,216497,147750,"7,9,9"
9,98214,272742,"3,5,5"
9,1175756,85544,"8,-7,6,3"
9,51131,273520,"4,10,8"
9,274722,273260,"12,3,8"
9,88635,285308,"3,7,7"
9,20092,33546,"3,8,4"
9,211736,230904,"2,7,5"
9,267295,203084,"-12,8,8,10"
9,211736,96706,"6,13,5"
9,1187760,285139,"-8,4,-8,8,7"
9,271191,285163,"7,2,9"
9,286413,1175835,"1,4,2"
9,286012,276520,"8,9,8"
9,1177956,265649,"3,4,8"
9,197388,264093,"6,9,9"
9,72387,1170805,"6,5,6"
9,1180710,282081,"9,11,6"
9,275098,277904,"-3,7,9,-9,10"
9,1166750,1186470,"9,-7,4,7"
9,215830,279405,"7,6,5"
9,198840,275925,"3,5,4"
9,274863,284016,"12,9,5"
9,284922,74880,"6,8,7"
9,1179212,1174368,"5,5,4"
9,28551,1172570,"-6,-11,9,7,9"
9,267433,1177959,"4,4,7"
9,1171227,1168593,"5,6,9"
9,1157583,270194,"9,7,7"
9,1182631,285320,"3,6,9"
9,220104,1178675,"13,7,-8,2"
9,1178802,1185246,"7,5,9"
9,1187725,276191,"-9,8,9,1"
9,286166,95136,"2,2,3"
9,1170443,88195,"-8,7,9,-7,4"
9,217582,97561,"12,7,2"
9,277358,279560,"8,-7,7,-11,9"
9,8144,277927,"3,2,5"
9,222276,91136,"10,-9,9,-10,7"
9,21400,275034,"3,7,5"
9,1176550,1171730,"4,-5,8,8"
9,1170753,1173573,"1,4,8"
9,1171128,216225,"8,4,8"
9,1131695,1178677,"4,5,1"
9,286012,1171226,"6,5,11"
9,65198,1187711,"-7,6,3,10"
9,71746,1181518,"2,2,6"
9,271215,275657,"9,-8,10,6"
9,198840,1174461,"3,5,6"
9,89832,9501,"-6,-7,2,5,5"
9,1176275,285178,"4,6,3"
9,280491,278648,"-10,7,10,4"
9,286006,90353,"6,-12,4,8"
9,1177045,277801,"-5,8,9,10"
9,1181392,268857,"-5,4,-5,6,3"
9,203271,285664,"6,6,-8,9"
9,221078,30992,"7,10,9"
9,280607,223729,"-7,6,-4,3,6"
9,273411,273772,"6,5,-11,9"
9,218921,283260,"11,7,10"
9,273411,82176,"-4,6,9,5"
9,1172127,76916,"3,9,9"
9,285723,1187738,"10,3,9"
9,1182757,1180330,"6,5,9"
9,1131757,6696,"10,10,7"
9,270393,270710,"10,8,6"
9,271883,271137,"-9,9,5,5"
9,267295,21768,"5,-9,4,7"
9,263612,26208,"4,7,8"
9,1183030,1177669,"6,-9,-9,7,8"
9,267124,84904,"9,-9,8,-9,9"
9,1170805,229635,"4,7,4"
9,267295,1164938,"-12,-8,4,5,7"
9,96676,1183024,"5,7,8"
9,28559,229635,"4,2,8"
9,279916,280549,"5,5,7"
9,87893,8971,"7,7,8"
9,198570,58132,"7,10,7"
9,266395,285921,"3,4,3"
9,277906,81189,"7,5,2"
9,202365,91267,"7,8,8"
9,286408,81374,"-7,1,3,6"
9,62488,14637,"7,2,-2,7"
9,277927,1177962,"6,1,9"
9,1186470,1177588,"11,-15,6,-7,9"
9,220104,285178,"5,-11,9,6"
9,273411,266865,"3,-8,5,-9,5"
9,221340,1178677,"5,0,7"
9,269570,285163,"4,3,6"
9,62488,94049,"1,7,3"
9,277358,1174255,"12,-8,2,7"
9,219293,221139,"2,9,10"
9,221340,272737,"3,-7,-13,7,6"
9,72193,278614,"3,5,9,4"
9,277904,265334,"9,9,8"
9,275925,217578,"13,-13,-9,1,15"
9,1173546,279838,"8,6,8"
9,218150,95136,"2,6,6"
9,81374,25045,"10,6,3"
9,84357,275466,"8,8,4"
9,219293,269570,"-7,5,8,7"
9,84273,86095,"10,10,10"
9,91031,271260,"9,6,5"
9,281355,1697,"8,3,4"
9,1165405,1187698,"9,7,8"
9,230904,26208,"4,6,5"
9,1171292,274913,"5,7,2"
9,24166,285403,"5,4,4"
9,273260,276502,"-9,2,9,6"
9,216569,87743,"9,9,8"
9,927185,1171853,"3,-8,4,8"
9,96071,1187721,"8,5,11"
9,275099,273642,"-7,9,7,-10,7"
9,278623,273411,"8,6,7"
9,230237,1179255,"9,4,-8,4"
9,8429,42342,"5,3,3"
9,217578,72178,"6,4,3"
9,87743,271501,"4,2,7"
9,278163,20092,"4,8,5"
9,281948,29292,"3,9,4"
9,203062,286222,"0,2,3"
9,270494,28736,"3,-9,5,7"
9,272196,1187749,"7,8,7"
9,280535,92219,"4,9,6"
9,220032,229714,"-9,6,5,6"
9,230904,96024,"6,-9,3,4"
9,1175782,1173507,"-4,9,6,-9,10"
9,273411,219413,"5,-6,5,-5,9"
9,279231,1176192,"6,8,4"
9,215306,273167,"7,7,5"
9,21768,96029,"5,10,6"
9,90786,1167751,"8,-9,9,4"
9,27961,279692,"11,8,6"
9,1186122,223377,"1,8,3"
9,217865,1174699,"4,-9,1,4"
9,276191,250211,"7,6,8"
9,274479,1180776,"7,7,10"
9,59922,92943,"7,4,6"
9,80369,1166750,"-7,5,6,9"
9,215008,92451,"5,7,4"
9,1170805,268620,"2,4,6"
9,267124,285506,"2,2,8"
9,230162,80356,"7,-7,7,6"
9,284655,1174255,"11,-10,5,10"
9,280202,64549,"5,3,8"
9,97611,82297,"3,4,5"
9,264548,1173505,"-7,-12,9,3,7"
9,285296,274741,"-13,1,5,15"
9,72924,285092,"5,-4,10,4"
9,1186471,278928,"12,5,-3,4"
9,217083,41466,"9,8,7"
9,285147,277354,"7,9,6"
9,1187737,1167520,"5,7,8"
9,1174461,272060,"8,7,-4,6"
9,284911,1175756,"7,6,5"
9,10533,85545,"2,5,10"
9,1182632,927185,"8,8,-7,-9,5"
9,77764,271961,"2,4,8"
9,94298,7171,"4,2,3"
9,1182757,1175564,"7,9,-9,7"
9,1164236,268857,"2,5,7"
9,21768,87893,"7,9,6"
9,43265,98280,"6,9,9"
9,229498,1168383,"9,9,-4,7"
9,284655,284319,"7,7,-6,3"
9,284374,203231,"-6,8,7,4"
9,224191,281969,"6,5,-8,7"
9,284142,286420,"8,8,7"
9,1187755,220993,"9,6,-7,-10,8"
9,271961,274567,"5,8,6"
9,1165421,271070,"4,15,10"
9,279803,1171226,"10,5,5"
9,203231,275034,"5,8,6"
9,95019,277788,"6,5,-5,3"
9,64549,1179259,"1,8,7"
9,1175756,216909,"3,7,-10,6"
9,281660,43265,"4,6,2"
9,215830,271149,"-8,7,9,5"
9,1174322,271215,"-7,-5,9,8,2"
9,224072,277526,"8,6,-4,7"
9,1174371,275101,"7,1,-5,8"
9,1183019,231169,"9,8,6"
9,1187756,1185292,"2,4,7"
9,280386,270991,"8,7,9"
9,1185688,1150977,"5,8,8"
9,35094,211738,"11,8,-6,9"
9,72193,1187730,"6,4,-9,10"
9,98184,1168015,"5,9,7"
9,1176275,280607,"5,2,4"
9,1187721,79223,"7,10,7"
9,1178071,286418,"-9,6,5,5"
9,1131692,275235,"-7,7,7,-5,5"
9,1173546,217578,"6,-5,7,6"
9,273762,1179255,"-9,6,-7,7,10"
9,279282,271875,"-4,13,-9,6,6"
9,272422,89877,"7,5,9"
9,274350,275290,"6,5,7"
9,285379,11903,"6,-7,-8,3,4"
9,1185968,1131757,"8,6,6"
9,1183009,284305,"5,4,7"
9,267363,1174050,"6,7,8"
9,1175564,1166717,"9,-8,8,-9,9"
9,1177302,279560,"8,2,5"
9,1180710,1187697,"4,3,6"
9,273085,88635,"8,-11,8,5"
9,270851,1165042,"8,8,5"
9,110466,221078,"4,5,3"
9,275947,1180429,"-8,6,4,7"
9,263089,279624,"1,2,6"
9,1171853,272586,"6,-10,6,6"
9,1165674,1186471,"7,5,7"
9,217865,1172724,"2,7,8"
9,1176192,1179259,"8,6,9"
9,270889,271316,"10,6,-7,11"
9,65198,85510,"6,10,-7,9"
9,88195,283902,"12,5,6"
9,286036,1181392,"8,9,9"
9,271248,223241,"6,1,2"
9,1171227,274860,"-5,10,7,5"
9,223741,17550,"7,6,3"
9,3727,281705,"5,4,6"
9,1187741,1174368,"2,5,-7,6"
9,1186360,1973,"8,-7,8,8"
9,285296,283902,"8,8,8"
9,273158,1175835,"0,3,3"
9,1151017,275235,"9,7,-7,9"
9,271799,62151,"9,-7,-7,1,4"
9,51749,1179212,"11,4,7"
9,1184629,72178,"5,-9,4,9"
9,86207,1187715,"5,7,9"
9,270393,1183000,"5,3,-7,-9,9"
9,1172337,211903,"9,4,6"
9,222971,1187759,"5,2,5"
9,270703,1174324,"4,5,-9,9"
9,2059,1166878,"2,4,6"
9,98184,31669,"4,4,9"
9,277894,285093,"4,3,1"
9,1170430,223635,"6,-8,6,4"
9,1170805,96338,"4,9,10"
9,269693,1174369,"9,8,7"
9,221078,271799,"4,12,3"
9,221340,1187712,"3,6,4"
9,82234,1165404,"10,-9,2,-7,0"
9,1165674,1178071,"-6,9,7,6"
9,11877,220298,"8,-10,9,-9,7"
9,274860,279594,"5,6,4"
9,1176439,72008,"3,7,-9,8"
9,1176451,277801,"8,-13,6,2"
9,223659,6609,"10,6,-7,9"
9,275965,279282,"3,8,3"
9,274913,1174255,"8,8,9"
9,283200,273520,"4,8,4"
9,94668,1166449,"-3,-10,8,5,8"
9,273772,274913,"5,5,8"
9,224191,271961,"6,9,11"
9,81189,279691,"-5,5,7,-8,11"
9,1167751,72178,"6,7,3"
9,281766,1187703,"6,-10,4,9"
9,1132341,1187755,"-6,9,6,6"
9,1176807,92994,"8,-9,-10,8,5"
9,84735,218150,"4,6,8"
9,271316,275099,"9,-7,-15,7,5"
9,95531,92219,"3,4,6"
9,1173507,1187735,"7,-11,-8,7,2"
9,229592,273283,"9,2,7"
9,281969,1170430,"4,9,3"
9,1131692,271260,"-10,9,4,2"
9,222276,271145,"6,8,-2,8"
9,65637,1172455,"4,-9,5,-7,4"
9,1165461,926332,"6,9,8"
9,20092,3916,"4,10,6"
9,278927,275297,"-11,2,6,4"
9,270131,31669,"-7,4,7,1"
9,269570,97816,"7,4,-3,3"
9,95314,74893,"5,5,4"
9,927286,202009,"8,-6,8,-10,5"
9,271190,88485,"11,-6,8,9"
9,214471,1177959,"8,-9,7,-9,5"
9,1174325,1178952,"7,-10,7,4"
9,269793,271813,"10,-15,3,-7,7"
9,212806,270437,"6,3,6"
9,1182632,1170878,"9,6,9"
9,1176029,31669,"0,8,9"
9,271137,1179779,"9,3,3"
9,271813,270710,"8,5,9"
9,1180010,277537,"8,5,4"
9,273411,1173124,"-8,8,5,3"
9,74872,229635,"6,9,6"
9,278884,270460,"-6,5,7,10"
9,72986,91612,"-8,8,-5,8,6"
9,276539,53211,"-7,7,7,-11,10"
9,94298,284917,"5,9,8"
9,265517,1173507,"5,-9,9,14"
9,15550,69850,"-2,8,-2,2,7"
9,95991,1168137,"-11,8,5,6"
9,276160,1171730,"4,10,-7,11"
9,1178109,276191,"9,-9,9,3"
9,1173994,276417,"10,-9,7,9"
9,1187714,282826,"6,-9,8,6"
9,1183581,281969,"3,7,4"
9,219293,279402,"-7,7,10,8"
9,1182694,203226,"8,6,-8,6"
9,220993,269693,"9,5,5"
9,278928,1187738,"0,7,-10,6"
9,280386,1173124,"2,5,2"
9,14883,273735,"9,-3,-4,7,10"
9,285315,230556,"9,8,4"
9,1180658,95991,"8,9,10"
9,97770,272436,"9,-12,6,6"
9,1175710,1176548,"3,3,5"
9,277904,276417,"7,1,3"
9,1164236,219293,"9,5,-7,8"
9,285068,276823,"9,-9,7,7"
9,281969,1173546,"8,8,9"
9,285133,1131695,"13,9,-9,3"
9,1170753,274478,"7,-9,9,-9,10"
9,1174326,271215,"12,-6,-6,9,9"
9,286008,281947,"9,5,7"
9,72387,98262,"9,8,10"
9,1187761,1174255,"7,-8,9,5"
9,272586,1177324,"6,4,11"
9,15550,285308,"-7,5,6,6"
9,21768,1177311,"3,2,6"
9,1187711,1166024,"10,-9,1,-8,7"
9,1180771,284796,"4,-9,8,9"
9,1180986,35031,"4,1,6"
9,277585,72008,"3,5,1"
9,275392,271248,"2,5,3"
9,1176448,1179780,"1,5,5"
9,282348,231503,"-7,8,8,6"
9,9501,73712,"8,5,2"
9,1172563,1167092,"10,9,-8,-8,8"
9,1178073,30753,"10,4,3"
9,270709,279692,"4,5,9"
9,51749,62550,"4,1,4"
9,270851,275877,"5,1,4"
9,1173728,285406,"5,-10,6,3"
9,276539,10140,"6,6,-10,4"
9,276417,1173124,"8,8,6"
9,275286,1132341,"3,5,9"
9,285368,1173259,"7,4,6"
9,281766,219888,"6,-9,5,6"
9,268979,278879,"3,6,6"
9,285383,277358,"-13,8,6,8"
9,285320,275070,"10,7,-9,-8,8"
9,212806,274350,"9,9,2"
9,275250,277185,"2,9,8"
9,1167751,270460,"3,6,-9,10"
9,281969,12141,"4,8,6"
9,276520,278879,"6,6,8"
9,284875,1172337,"6,-1,-13,14,10"
9,34825,62089,"-5,8,7,9"
9,80676,91444,"7,8,-7,12"
9,266740,72178,"10,4,3"
9,1171853,1187712,"9,3,7"
9,276191,277526,"3,4,6"
9,1186828,1173108,"-4,-2,6,7,4"
9,230779,276190,"9,4,11"
9,284305,279624,"4,2,5"
9,202589,84357,"3,3,0"
9,1157745,1178109,"7,-7,7,14"
9,5724,27823,"7,-7,-8,7,7"
9,86925,215232,"-4,6,-6,6,6"
9,271190,1173728,"3,9,7"
9,1173246,1184152,"9,4,2"
9,1187740,285257,"13,4,2"
9,269793,279058,"2,-4,6,4"
9,230237,272737,"-9,3,6,6"
9,271344,1179256,"0,4,4"
9,275099,1172852,"4,9,6"
9,271061,1186477,"8,8,5"
9,267124,217219,"-6,3,7,7"
9,96174,280508,"-4,4,8,8"
9,1180565,1171853,"6,-8,9,8"
9,224191,284457,"6,-7,5,2"
9,1175528,1181223,"4,1,3"
9,279563,31669,"7,-9,5,6"
9,197388,1183000,"9,4,6"
9,219888,220104,"4,6,6"
9,203062,284004,"2,3,0"
9,94988,219293,"5,-4,4,11"
9,1168015,72986,"-3,4,9,8"
9,84735,286406,"1,3,7"
9,1185599,211990,"6,2,1"
9,1187731,278884,"8,1,4"
9,1186470,263095,"11,9,10"
9,222180,81189,"4,3,7"
9,275290,285921,"4,5,9"
9,230237,271596,"5,4,7"
9,20092,18802,"5,5,10"
9,1173259,1171728,"-10,7,9,5"
9,62550,285292,"7,7,4"
9,278928,1150990,"4,6,10"
9,276191,1173129,"5,10,11"
9,270748,1178504,"14,11,7"
9,284831,27823,"11,4,3"
9,1185698,96676,"8,3,7"
9,286008,270710,"-6,6,4,4"
9,276135,275292,"6,10,6"
9,219450,274913,"7,3,5"
9,277147,275292,"-8,9,11,8"
9,1179255,277441,"3,-8,6,2"
9,1183018,1173545,"7,8,-8,3"
9,285303,276520,"9,9,-8,9"
9,48477,279231,"8,8,2"
9,82234,274863,"9,5,5"
9,1182627,279916,"4,8,9"
9,1131692,267295,"2,6,3"
9,1176772,264823,"6,9,2"
9,1187703,1174326,"-7,9,6,3"
9,1176275,26208,"3,-9,9,8"
9,269793,276504,"8,3,3"
9,281528,1168593,"6,5,5"
9,270746,81606,"9,-8,9,3"
9,224191,283200,"9,10,8"
9,1173546,277053,"-7,10,9,5"
9,271596,1178555,"8,-8,-11,7,7"
9,1178113,76652,"7,7,2"
9,1187735,285085,"13,4,5"
9,1171226,276502,"-11,6,8,-6,8"
9,61680,281902,"6,2,5"
9,89832,211738,"6,13,-6,7"
9,284016,1175402,"4,10,7"
9,202589,1165405,"8,10,7"
9,222763,1170759,"8,7,9"
9,284655,1183736,"1,3,8"
9,273685,1175710,"2,-9,8,7"
9,1166717,23538,"6,5,7"
9,273411,271482,"-9,7,7,-6,7"
9,276135,1174255,"11,6,3"
9,147750,1164361,"3,-8,4,-6,5"
9,75749,1179212,"8,6,4"
9,280607,1187700,"2,2,0"
9,14914,1165042,"7,4,5"
9,285139,275101,"3,4,3"
9,1186585,279806,"10,4,10"
9,285663,1173763,"-7,-6,7,6,3"
9,14914,30066,"2,8,4"
9,10052,27458,"10,2,3"
9,272218,278879,"3,3,3"
9,87743,221365,"9,5,8"
9,1187711,47064,"6,6,10"
9,1180684,269408,"-7,10,-11,7,5"
9,1186359,31669,"5,2,5"
9,1173760,276191,"6,3,4"
9,229714,1157745,"-3,10,4,8"
9,272737,1170842,"-8,4,5,9"
9,221729,1183018,"8,7,6"
9,276426,273642,"9,6,2"
9,1187741,1176807,"-8,10,10,4"
9,270911,95991,"-8,11,7,6"
9,25587,1181518,"-6,1,8,8"
9,275392,273522,"2,4,8"
9,1187735,216225,"-7,8,7,5"
9,280202,2608,"6,5,4"
9,285164,275055,"6,-8,8,7"
9,64549,1177832,"8,3,7"
9,275297,279993,"10,9,6"
9,30992,1180771,"5,4,4"
9,271070,266865,"-9,6,-8,6,8"
9,285505,281605,"3,7,5"
9,270725,271070,"7,-11,-8,3,8"
9,271860,1186585,"5,4,11"
9,220127,46331,"3,3,4"
9,47761,274741,"4,6,-6,3"
9,81374,1186115,"8,7,-4,6"
9,279916,1175380,"8,6,4"
9,223741,1167939,"9,2,-9,6"
9,27027,270709,"9,-8,6,7"
9,1532,276823,"7,-6,2,9"
9,271149,278648,"5,9,6"
9,69850,1172844,"9,9,9"
9,220833,201784,"4,5,5"
9,97611,1187725,"-2,-9,8,11,12"
9,3727,1173828,"4,7,10"
9,1173545,211738,"-9,5,8,-2,6"
9,1178109,273382,"-7,4,4,8"
9,98280,279624,"7,3,6"
9,71746,1173107,"5,4,8"
9,219609,277354,"13,-8,9,4"
9,1187695,264548,"12,3,11"
9,1186470,280607,"7,7,-7,9"
9,217143,223241,"6,7,6"
9,1177769,82211,"-8,8,6,12"
9,277354,1175835,"1,3,2"
9,269693,72242,"6,5,5"
9,1164938,62550,"2,5,1"
9,1187697,1183736,"7,3,5"
9,281463,60234,"7,5,-5,11"
9,276502,280157,"10,6,0"
9,285392,1174322,"3,8,-8,6"
9,215565,270911,"5,7,-10,8"
9,274350,282077,"1,7,1"
9,1171474,82230,"2,10,7"
9,285890,1183736,"4,3,-8,4"
9,283200,95991,"9,9,6"
9,215565,281902,"8,5,7"
9,217235,223241,"6,6,8"
9,1178089,1180429,"9,4,4"
9,52333,83506,"5,5,9"
9,277839,276637,"3,5,2"
9,272737,1187729,"7,2,3"
9,23283,202651,"-7,9,6,18"
9,1173994,280000,"6,-7,8,7"
9,1178802,1172844,"7,3,-9,5"
9,277053,1176192,"4,-10,5,7"
9,55220,72061,"1,1,1"
9,1171156,1174461,"9,8,11"
9,83506,1184629,"5,9,8"
9,275469,285136,"7,-11,10,9"
9,218921,92461,"4,-9,12,1"
9,1178113,1171854,"7,8,7"
9,285305,1173124,"7,2,9"
9,276233,1178080,"3,8,5"
9,1132027,286411,"7,4,9"
9,1175756,1182879,"-8,7,5,-7,7"
9,1131695,278125,"5,2,6"
9,1178113,277904,"-7,3,5,-7,10"
9,1175593,14752,"4,7,8"
9,1187704,219609,"4,6,5"
9,270889,1173545,"-9,8,-11,7,10"
9,13020,63010,"-11,10,6,-4,9"
9,211643,285555,"-9,5,-5,9,7"
9,271875,279542,"-8,8,10,5"
9,98280,94302,"-8,8,7,4"
9,274994,271070,"1,3,5"
9,265334,91169,"1,5,5"
9,1187749,275292,"9,4,-10,5"
9,1187707,220298,"-10,7,3,11"
9,3727,94049,"7,5,5"
9,220298,87802,"8,5,2"
9,219888,271876,"7,5,3"
9,60706,285887,"-8,5,7,5"
9,1171128,1175747,"2,3,3"
9,98266,220985,"2,7,3"
9,278125,221078,"7,-9,9,2"
9,284911,1131695,"9,-4,8,9"
9,93102,92943,"7,7,7"
9,215565,270709,"5,8,4"
9,1187704,229470,"8,6,11"
9,220993,1187697,"4,3,4"
9,229635,82234,"2,9,8"
9,272631,72986,"6,9,1"
9,278884,46331,"9,4,1"
9,275055,278233,"3,5,4"
9,53157,271501,"3,5,3"
9,1132341,1150995,"9,-8,3,9"
9,1165054,220127,"9,6,6"
9,285085,275070,"4,8,5"
9,277906,62550,"11,7,4"
9,278584,273603,"5,5,5"
9,279691,1181518,"-10,-9,4,7,6"
9,275086,277744,"4,7,6"
9,1174326,269971,"7,4,6"
9,1187743,1187705,"4,1,1"
9,1169576,285383,"7,5,5"
9,284912,286417,"2,3,4"
9,1178555,285165,"8,-6,5,11"
9,47761,96907,"-7,7,9,4"
9,282348,95793,"4,7,12"
9,284457,62488,"3,6,6"
9,229635,279691,"9,8,8"
9,281948,281605,"9,7,-10,10"
9,284887,75096,"6,5,6"
9,275657,1150987,"8,4,6"
9,1176439,90786,"6,10,5"
9,1166750,29709,"2,4,6"
9,1175988,1180565,"-13,9,-7,8,5"
9,270194,51131,"4,7,5"
9,23283,271327,"8,6,8"
9,274741,1186360,"9,8,8"
9,1164236,270131,"1,3,-9,8"
9,62089,285887,"5,2,3"
9,81606,270105,"9,7,7"
9,1175585,1187703,"8,5,8"
9,95314,1178113,"-4,3,11,7"
9,203231,218928,"6,3,4"
9,229714,1185246,"6,8,5"
9,1182993,1184559,"1,5,-6,9"
9,1178103,284875,"8,-9,11,5"
9,1180429,1187699,"8,13,3"
9,230779,270900,"7,-9,-9,8,11"
9,220781,82547,"6,6,11"
9,277904,285147,"8,1,8"
9,47064,44945,"9,-9,9,-9,9"
9,275466,81374,"5,8,7"
9,1174326,279806,"3,3,3"
9,1178103,268620,"6,8,4"
9,61680,273516,"10,9,12"
9,273158,285921,"9,7,7"
9,4883,29709,"5,5,10"
9,279402,273685,"7,4,4"
9,1170753,1171856,"7,-8,-10,10,5"
9,97781,74986,"3,9,6"
9,1171074,272975,"3,8,2"
9,270725,1175747,"-9,6,4,5"
9,286012,275402,"6,7,6"
9,278648,285320,"8,7,7"
9,279803,272218,"9,-13,-12,1,7"
9,1177884,272631,"3,6,6"
9,30066,1186122,"7,7,6"
9,1697,271501,"7,5,6"
9,265649,1175986,"5,7,4"
9,285261,1171853,"5,9,4"
9,271975,285163,"8,4,5"
9,22286,220833,"7,9,8"
9,1178675,41466,"3,-3,6,3"
9,1178555,275947,"8,8,6"
9,284888,32916,"6,4,3"
9,275286,113379,"9,-6,8,7"
9,276160,280000,"2,1,2"
9,265334,215306,"-6,-3,6,8,9"
9,229470,1177045,"7,5,9"
9,276135,277441,"-4,11,6,5"
9,285294,285378,"8,7,9"
9,284620,15550,"7,4,8"
9,283260,1166024,"-10,6,9,6"
9,82230,62550,"6,7,-7,-7,6"
9,275286,95314,"7,-8,8,4"
9,1176822,274860,"-8,9,6,-8,10"
9,221548,1170851,"-9,7,8,10"
9,1187761,1175986,"3,3,4"
9,270703,1182993,"7,3,7"
9,271596,279916,"5,15,5"
9,27825,1170805,"6,13,-13,3"
9,275402,285921,"7,10,9"
9,1178092,92549,"7,6,9"
9,1177802,214419,"8,4,6"
9,1168593,285165,"10,9,9"
9,278658,1181223,"4,3,4"
9,1182631,280549,"3,3,3"
9,224191,217578,"10,4,2"
9,1171128,1179780,"3,3,7"
9,202979,94652,"4,8,9"
9,269693,277801,"5,10,8"
9,281942,1171127,"9,10,-6,9"
9,286411,271596,"7,3,5"
9,217578,279624,"10,9,9"
9,20092,1165404,"-7,10,3,9"
9,82256,217440,"3,10,9"
9,285261,220298,"-11,11,-8,5,5"
9,271316,1181392,"4,8,4"
9,277744,277894,"4,9,-9,0"
9,282348,65637,"4,1,8"
9,75749,273516,"2,5,8"
9,1179146,1187722,"13,7,-7,11"
9,77885,1177588,"5,3,4"
9,1157745,1175782,"5,1,5"
9,82176,270105,"8,5,4"
9,8146,284831,"7,-7,5,7"
9,94049,46331,"2,4,4"
9,231169,277441,"5,-3,-10,8,2"
9,7414,7171,"10,7,7"
9,222763,269965,"7,3,6"
9,217073,270725,"4,5,-11,9"
9,1187722,1177884,"5,7,4"
9,38163,95991,"2,7,4"
9,84904,1150995,"6,8,9"
9,274463,223530,"10,7,-10,7"
9,1178952,278846,"5,3,4"
9,80369,88854,"5,3,3"
9,98280,217958,"3,4,9"
9,278584,1176550,"7,7,5"
9,10437,88635,"4,7,7"
9,96024,218150,"6,9,3"
9,1186828,1175676,"11,7,11"
9,1177802,221078,"8,3,10"
9,273283,51131,"6,-17,7,7"
9,1166750,51131,"10,7,4"
9,9668,224165,"6,3,-8,3"
9,1173259,275947,"8,6,8"
9,273260,277839,"9,6,8"
9,271149,1150977,"4,9,5"
9,197388,219923,"4,2,6"
9,71746,15550,"5,-9,6,4"
9,11877,11903,"10,7,-11,8"
9,273085,1178092,"8,9,11"
9,15550,276539,"-9,10,9,12"
9,1177045,279993,"4,3,3"
9,285147,271215,"-10,11,6,3"
9,1172563,203245,"10,7,10"
9,273772,1175986,"5,1,3"
9,60234,74872,"-7,7,3,4"
9,1178107,270746,"7,-6,-9,11,8"
9,1175117,281355,"8,4,9"
9,281324,281956,"6,5,4"
9,1171468,275402,"6,3,8"
9,1187723,1165674,"7,9,4"
9,273158,277358,"5,-7,-8,9,7"
9,284142,219413,"8,3,6"
9,283584,41466,"-5,-6,11,6,7"
9,60706,1174431,"6,9,10"
9,97770,285555,"7,9,10"
9,13020,6857,"6,7,5"
9,284831,1172455,"4,3,3"
9,286014,1171157,"4,5,8"
9,275657,1180429,"7,5,14"
9,1172570,221365,"-7,4,4,-14,7"
9,1187760,279617,"3,3,4"
9,1166717,11877,"6,8,8"
9,270746,275469,"5,5,3"
9,217235,271581,"7,5,7"
9,284818,217436,"10,6,5"
9,1170805,279691,"9,9,9"
9,220298,272586,"8,5,8"
9,264219,218928,"4,2,4"
9,21400,60472,"8,6,5"
9,1151017,285292,"4,4,3"
9,275037,94049,"2,4,10"
9,1180112,1168339,"8,8,2"
9,1166449,74893,"9,8,7"
9,272060,1173688,"-2,2,10,3"
9,277839,275055,"9,2,4"
9,81189,231503,"9,4,10"
9,271215,277526,"-9,6,6,-6,9"
9,274860,285163,"-8,9,5,-7,8"
9,1172399,271876,"8,6,7"
9,276728,279993,"2,7,9"
9,1178092,1177959,"7,11,8"
9,1169576,1132399,"8,4,-10,2"
9,271799,82779,"-10,9,11,5"
9,1180684,1165404,"-9,4,3,5"
9,1171128,270725,"-4,6,7,-12,10"
9,1175564,277927,"8,3,5"
9,269693,1187714,"6,4,-7,4"
9,276193,1165405,"5,3,7"
9,1131695,1187385,"6,8,7"
9,83264,88195,"5,4,4"
9,276728,281947,"3,10,8"
9,1157583,229714,"9,-9,10,10"
9,223760,270889,"6,6,5"
9,90498,1697,"5,6,-9,7"
9,215232,9323,"9,2,3"
9,1178089,198840,"9,-9,15,9"
9,216225,223757,"8,-7,-8,7,9"
9,285137,276417,"8,8,4"
9,286416,275037,"6,9,8"
9,1183019,1187715,"-9,11,5,6"
9,224191,285297,"8,5,-6,-11,9"
9,1183000,275657,"4,4,6"
9,284054,280386,"3,3,5"
9,88635,1173546,"4,-7,10,8"
9,229714,6268,"2,8,9"
9,286416,277358,"6,8,8"
9,285163,1179256,"9,5,9"
9,80241,1182523,"8,13,12"
9,47064,96338,"3,4,5"
9,1175988,285320,"4,8,8"
9,47064,1177954,"5,-5,-7,5,5"
9,1174699,274913,"5,3,5"
9,87802,98280,"-12,-8,7,5,10"
9,217865,1167521,"10,6,4"
9,74880,1165042,"1,-9,9,-12,7"
9,95248,273672,"8,8,8"
9,1187757,224231,"10,3,5"
9,217487,95531,"8,6,-3,-7,7"
9,284457,274866,"6,10,7"
9,1187735,270748,"6,8,-9,5"
9,1164157,1179259,"3,5,9"
9,202363,270911,"8,8,8"
9,1167093,273685,"7,5,4"
9,1173545,1171226,"9,8,-10,-7,5"
9,91757,212806,"3,11,6"
9,1187695,1173507,"10,4,8"
9,276502,1179780,"-7,9,8,5"
9,279058,1184152,"6,5,6"
9,1164236,1178504,"4,7,8"
9,202363,1186119,"-8,-4,10,8,8"
9,202651,30066,"2,4,8"
9,219450,256712,"9,5,3"
9,285147,277048,"6,4,5"
9,1150978,271581,"9,6,8"
9,55345,81325,"-7,3,12,8"
9,1167521,214471,"5,8,-9,3"
9,218921,1167520,"10,-5,7,5"
9,147750,275464,"4,5,5"
9,1177959,1180658,"5,8,-6,-8,7"
9,1170430,32916,"3,2,6"
9,220298,54730,"1,6,4"
9,285625,270083,"7,7,-11,-6,13"
9,263612,97770,"7,4,5"
9,275402,280000,"8,9,4"
9,1187760,1150987,"1,1,3"
9,1171856,274913,"5,2,5"
9,278163,95019,"5,3,3"
9,231275,113379,"8,-4,3,-6,4"
9,82211,62550,"1,8,7"
9,268979,280015,"5,6,5"
9,1171474,74893,"9,-3,3,11"
9,218928,286398,"9,7,6"
9,279402,1173546,"2,6,5"
9,1131757,1172441,"4,5,6"
9,1179259,286007,"9,-9,5,6"
9,34825,7414,"4,8,5"
9,1182879,216909,"-4,4,10,-6,8"
9,285189,1187692,"5,4,6"
9,271813,270889,"-8,11,-9,10,7"
9,1171127,1171643,"5,4,10"
9,98071,223847,"6,7,-8,8"
9,224231,94395,"6,3,3"
9,285631,279795,"2,2,2"
9,219888,221139,"6,10,-9,6"
9,1173546,1168339,"2,7,7"
9,276728,1179779,"4,8,9"
9,214471,1172858,"11,-8,6,8"
9,219939,219450,"8,2,9"
9,1186477,271813,"4,2,7"
9,1171468,277496,"5,4,5"
9,279594,281422,"-8,8,-10,10,8"
9,203271,271961,"3,7,3"
9,1187717,1183009,"-12,4,8,-10,2"
9,283584,1184827,"-9,11,7,9"
9,1165405,1177311,"-6,-6,9,12,8"
9,220985,1181518,"6,6,7"
9,271883,277839,"8,7,12"
9,81325,14504,"3,3,3"
9,21400,55345,"4,3,-10,3"
9,267295,230779,"10,6,1"
9,77764,271876,"9,11,9"
9,1181392,279616,"5,-5,-11,7,7"
9,285133,90786,"5,6,3"
9,85544,85287,"7,4,3"
9,84735,279025,"8,5,7"
9,283584,1179259,"2,1,3"
9,1187735,271876,"6,4,3"
9,220032,282081,"6,9,8"
9,1180986,263612,"6,3,8"
9,216497,6857,"6,6,9"
9,98262,50664,"2,9,7"
9,222276,1174699,"7,-5,8,11"
9,198570,7414,"7,1,5"
9,85510,1178103,"3,-5,6,7"
9,1175782,1171730,"4,2,6"
9,280445,76010,"8,-9,4,5"
9,271344,1178677,"3,9,7"
9,273411,1174461,"-7,2,-8,13,8"
9,87893,9323,"7,6,5"
9,86586,274567,"6,6,6"
9,269745,274722,"8,-6,7,10"
9,271883,285295,"3,4,3"
9,286347,271883,"5,3,8"
9,9668,202778,"8,8,9"
9,215306,220808,"7,-7,7,7"
9,285133,263612,"10,-8,5,4"
9,218469,221078,"7,9,3"
9,72193,220283,"9,7,5,1"
9,215306,1164236,"7,4,3"
9,50664,285302,"10,6,2"
9,281355,220104,"6,3,5"
9,1177302,271190,"6,5,9"
9,1183018,271771,"6,9,9"
9,93127,22286,"9,9,6"
9,1173507,219402,"3,4,5"
9,277354,285305,"5,5,8"
9,280535,1177954,"5,8,6"
9,1167521,272584,"6,8,4"
9,220298,34825,"7,-10,9,8"
9,1186435,268979,"7,5,10"
9,285094,280553,"6,7,-10,-10,6"
9,216909,61392,"6,6,-10,-4,8"
9,1186119,1157583,"7,4,5"
9,1187385,278213,"7,1,6"
9,926764,86697,"2,8,5"
9,1180103,217579,"2,5,-8,7"
9,91757,275037,"7,-9,8,4"
9,1150990,1171562,"8,8,9"
9,81946,88854,"3,4,9"
9,1175380,1184559,"2,6,-6,5"
9,1177802,271260,"3,4,5"
9,216909,88195,"7,7,16"
9,1173246,1180658,"8,-9,10,12"
9,93102,272898,"9,6,5"
9,281969,275464,"4,6,9"
9,270710,1173994,"8,2,-4,6"
9,81946,46331,"6,6,1"
9,56980,4883,"-8,9,5,8"
9,282348,1172455,"6,-8,7,10"
9,1187749,278846,"5,3,1"
9,78166,95136,"3,1,5"
9,271061,1178555,"2,9,6"
9,81946,218928,"4,6,1"
9,270746,1181518,"2,4,3"
9,281605,229498,"-9,9,-8,2,8"
9,285163,280096,"8,4,-10,5"
9,270494,1175402,"5,3,4"
9,27458,1179259,"8,3,8"
9,198570,80369,"10,-8,12,8"
9,214419,271215,"2,-10,3,4"
9,275469,280000,"1,2,1"
9,202365,1187735,"8,8,-8,8"
9,271274,275086,"7,8,-6,8"
9,217865,274478,"8,7,10"
9,211736,284922,"6,12,3"
9,1171011,1184629,"11,-9,8,-8,7"
9,65637,87850,"10,-9,8,9"
9,81663,92219,"8,-17,6,-6,7"
9,3727,1173546,"8,-4,9,4"
9,1180658,270709,"11,10,-5,11"
9,271494,279560,"9,8,8"
9,285261,272586,"5,3,9"
9,1187756,281324,"8,9,6"
9,276728,1174325,"5,8,8"
9,1173545,284319,"1,4,4"
9,273772,285137,"11,-8,3,6"
9,22286,282348,"3,4,2"
9,277185,268620,"-11,-6,10,10,5"
9,62089,35094,"4,7,12"
9,1182632,1170443,"9,-8,5,4"
9,86697,85287,"7,7,5"
9,1170443,1172858,"6,-6,7,13"
9,224089,223847,"13,10,6"
9,1170753,1174325,"2,7,5"
9,279616,278658,"-6,9,8,6"
9,1171127,270846,"8,7,-11,-9,5"
9,47761,1168015,"6,10,7"
9,270305,1187697,"-6,3,6,6"
9,272218,276162,"7,-7,7,8"
9,1171728,280386,"7,-9,4,2"
9,273158,280096,"6,4,5"
9,1131692,202365,"-8,4,4,-9,12"
9,1172858,1177832,"7,2,5"
9,270991,1187699,"8,6,3"
9,1167093,42342,"-4,13,3,6"
9,1185330,1169792,"7,9,-3,7"
9,1180010,279282,"8,5,6"
9,270105,82547,"13,12,-7,6"
9,231503,285900,"10,9,-5,8"
9,281948,1166024,"-6,7,8,4"
9,1187695,1174324,"2,5,7"
9,1157612,1171856,"8,10,10"
9,271961,1186122,"8,8,5"
9,1185246,224072,"10,7,-10,6"
9,284008,279025,"1,2,5"
9,1171468,82176,"9,3,9"
9,281660,96029,"6,9,-9,12"
9,274722,270393,"10,10,9"
9,284319,1179256,"-9,6,6,9"
9,268979,221729,"7,9,-9,6"
9,1171762,215830,"-8,10,7,11"
9,89832,1177832,"5,4,4"
9,1172858,273158,"7,6,8"
9,202365,1173107,"6,7,9"
9,229714,271883,"-6,8,8,-4,11"
9,266638,270494,"8,3,-10,8"
9,1171227,277358,"9,8,8"
9,45824,5458,"7,-4,8,-11,7"
9,1187759,277513,"-5,7,6,3"
9,1187756,1187739,"2,6,3"
9,216131,1174103,"9,2,7"
9,285136,223241,"6,1,0"
9,276502,275297,"0,5,8"
9,1178113,272631,"3,10,4"
9,1187704,270851,"8,6,4"
9,1175756,279405,"4,8,5"
9,274741,217440,"8,-5,6,8"
9,1173507,1186477,"-9,6,-6,7,9"
9,285296,217579,"7,-10,12,6"
9,270494,1171562,"4,7,3"
9,212032,86586,"7,6,6"
9,1176448,271275,"-8,4,8,12"
9,285368,1187704,"9,8,-8,8"
9,286415,94469,"5,7,1"
9,285302,273516,"9,9,11"
9,280015,1187744,"3,1,3"
9,1171074,1187699,"1,3,3"
9,279485,277348,"-9,10,9,4"
9,264823,1176913,"1,6,5"
9,1171226,281422,"-9,8,13,7"
9,1185202,286398,"3,3,3"
9,20092,58961,"6,5,4"
9,1177832,284708,"4,6,5"
9,1173763,275694,"-9,8,12,-7,8"
9,1186435,1177802,"4,10,9"
9,96706,216909,"3,10,4"
9,279993,279696,"10,3,2"
9,280096,1175380,"-7,9,8,3"
9,285890,279795,"3,4,5"
9,1178109,1187735,"10,9,10"
9,271860,279795,"7,3,6"
9,1172852,271070,"-1,6,4,-10,4"
9,283200,279692,"9,-10,6,9"
9,284620,221078,"5,3,5"
9,75096,65637,"2,2,5"
9,1187724,1172016,"0,3,1"
9,59922,219939,"10,-6,10,12"
9,1173505,1178096,"5,2,2"
9,86472,203231,"3,5,7"
9,1183000,1173505,"8,6,-8,9"
9,275965,268857,"8,1,1"
9,274741,1180771,"2,9,7"
9,271274,71734,"3,4,5"
9,1187361,280541,"8,4,7"
9,285085,1183294,"6,6,8"
9,279617,1150987,"8,5,3"
9,1174369,17402,"6,8,6"
9,23538,34027,"9,10,5"
9,82256,216415,"4,2,4"
9,88635,1175402,"3,7,6"
9,270990,1177036,"6,-12,8,4"
9,11877,216909,"4,3,7"
9,1187707,230237,"8,-6,8,7"
9,277904,273642,"5,7,6"
9,1176275,216909,"3,5,9"
9,1186588,30066,"7,6,4"
9,224191,220781,"6,-16,3,9"
9,280157,277496,"8,9,3"
9,1171728,1187737,"13,10,9"
9,1170805,1172111,"3,6,2"
9,72924,74986,"6,7,8"
9,285663,1170753,"6,6,3"
9,926764,1177588,"-6,3,5,-5,9"
9,1182632,271596,"11,-6,7,3"
9,271191,275101,"3,5,8"
9,271327,273260,"6,-1,7,-7,10"
9,89832,82234,"8,-7,8,7"
9,1176548,46331,"2,3,2"
9,278584,1171502,"5,-7,11,8"
9,29525,266435,"2,-4,-10,8,7"
9,284054,1697,"4,5,2"
9,215565,1186120,"5,5,5"
9,29525,218928,"4,4,5"
9,1174461,266865,"-11,6,2,6"
9,1180429,1173124,"10,6,8"
9,1176275,264944,"-10,-8,6,6,8"
9,275947,1168593,"4,-6,8,9"
9,274994,1173505,"5,3,8"
9,1171643,271596,"3,7,8"
9,91905,268875,"7,7,7"
9,231503,1172455,"2,-6,6,6"
9,62488,1185202,"10,7,5"
9,14752,86207,"7,8,8"
9,270494,284016,"-7,-8,5,9,10"
9,281660,271799,"6,2,6"
9,93102,15550,"5,8,7"
9,229498,203085,"-5,9,-8,4,11"
9,29292,20092,"-2,8,14,3"
9,1171474,285555,"12,5,5"
9,280553,1176454,"9,5,10"
9,1172111,17402,"11,7,9"
9,87979,285296,"7,7,8"
9,270911,1170751,"9,7,-9,5"
9,264897,283511,"1,3,1"
9,98266,278584,"3,5,9"
9,274994,285139,"2,9,7"
9,8005,23283,"-5,11,7,-10,8"
9,285368,230779,"1,6,4"
9,278584,1182629,"2,2,2"
9,216497,1151017,"5,9,7"
9,1132399,280096,"6,2,6"
9,224191,1184827,"1,4,2"
9,86095,274478,"8,5,7"
9,276520,1168593,"6,5,6"
9,98280,94049,"5,10,5"
9,90211,1186115,"4,7,2"
9,1175988,88195,"-9,8,9,10"
9,202365,96338,"5,6,-10,6"
9,1173545,286036,"3,6,6"
9,7414,1174431,"7,9,9"
9,1166449,264823,"8,10,-7,7"
9,286036,271875,"6,6,7"
9,285094,1174255,"-6,5,9,4"
9,1187704,271149,"-11,8,5,5"
9,1187737,271260,"12,-10,4,6"
9,270889,1171226,"7,3,-9,8"
9,1180339,1170842,"-9,6,8,5"
9,281948,271260,"7,7,5"
9,269570,1177768,"4,5,8"
9,275037,1173505,"7,7,7"
9,230779,281947,"1,6,1"
9,1169772,277585,"5,5,12"
9,223377,46331,"8,7,9"
9,276750,71436,"-12,5,7,9"
9,203194,284291,"8,-8,11,3"
9,81663,1176827,"8,10,9"
9,285133,88485,"8,5,8"
9,77885,61680,"-7,5,-7,11,9"
9,275466,280508,"8,4,-9,10"
9,216497,1186471,"8,7,9"
9,1171853,272975,"-8,9,6,-4,2"
9,269793,1171730,"3,-7,6,8"
9,280553,280003,"7,9,7"
9,284655,279902,"5,10,-9,7"
9,65637,72286,"-3,-4,8,12,11"
9,275098,1182627,"3,7,3"
9,1187758,1187743,"9,11,-7,-3,2"
9,1175988,278648,"9,7,6"
9,220833,214471,"3,5,6"
9,202979,1180688,"8,7,6"
9,94395,1187702,"8,2,8"
9,1171815,275086,"8,12,9"
9,285368,274994,"8,9,6"
9,264219,5004,"8,5,11"
9,256712,7171,"5,14,8"
9,264897,1173505,"8,-9,6,5"
9,284888,279692,"2,3,8"
9,84582,215008,"3,9,3"
9,95669,271883,"7,8,7"
9,11903,1175988,"6,8,10"
9,47064,267363,"9,8,10"
9,81189,47761,"-10,-9,9,8,10"
9,74880,274492,"6,6,4"
9,1174371,279594,"2,-5,6,6"
9,65198,284818,"6,5,7"
9,278928,275466,"-7,6,4,-10,9"
9,221365,203245,"4,9,10"
9,98266,218469,"-7,12,2,5"
9,10533,81325,"9,-9,2,12"
9,280553,268857,"7,9,-8,7"
9,203085,96029,"-8,7,5,11"
9,269693,1165422,"10,11,1"
9,277526,1173124,"6,7,10"
9,1176627,285921,"5,3,1"
9,285369,1179259,"6,9,-4,2"
9,927286,1176192,"4,5,8"
9,281528,276728,"-9,9,-7,8,3"
9,1187704,265334,"5,14,11"
9,1183018,275694,"11,9,10"
9,1178504,278658,"8,10,6"
9,218928,274740,"8,3,9"
9,60706,250211,"-8,5,7,7"
9,275034,74986,"7,6,2"
9,1164236,1173763,"-11,11,-4,8,9"
9,219939,29292,"-6,4,6,5"
9,270746,1177045,"7,7,2"
9,270460,271610,"-12,7,5,7"
9,1180112,195788,"6,8,5"
9,18802,64549,"8,-8,9,7"
9,1187730,92943,"2,4,3"
9,275824,69904,"3,8,8"
9,12141,285296,"4,10,9"
9,271056,271501,"6,-9,5,5"
9,278293,284912,"7,-6,7,8"
9,275301,256712,"5,8,9"
9,98262,62089,"-8,7,4,8"
9,80356,270460,"8,5,9"
9,279058,280015,"-6,5,7,4"
9,95000,221365,"8,10,7"
9,927286,266435,"-6,5,10,4"
9,52333,81189,"-3,9,8,-8,10"
9,88635,216909,"3,6,9"
9,1172570,1176029,"1,7,-5,6"
9,1170751,285094,"3,6,-5,10"
9,273283,231503,"-8,7,3,5"
9,274863,32916,"8,8,5"
9,1177956,1175528,"9,-9,-9,8,4"
9,202363,1175585,"8,5,8"
9,219293,91339,"8,-8,4,-9,7"
9,1180984,98214,"-11,-13,4,8,8"
9,269693,250080,"9,2,6"
9,6857,1165405,"5,7,6"
9,277354,1172852,"8,-4,-5,8,7"
9,84904,1180984,"8,-9,9,10"
9,282081,270746,"7,6,-8,8"
9,271191,285890,"10,2,2"
9,47919,1183031,"-7,11,8,10"
9,48477,285900,"1,5,6"
9,250233,64549,"9,10,9"
9,85510,265236,"9,-7,10,3"
9,1173246,1177959,"7,9,10"
9,1176448,275947,"5,5,5"
9,81946,1178073,"-7,6,3,6"
9,1165042,1173828,"7,10,9"
9,1183024,285133,"-9,5,1,6"
9,272956,1169425,"9,9,7"
9,278928,72178,"4,3,5"
9,1171728,275098,"7,7,-9,4"
9,285555,29709,"3,2,-6,-7,8"
9,1171854,273382,"-8,7,3,6"
9,271149,268857,"5,5,5"
9,1176448,272978,"10,7,9"
9,1171226,276162,"-10,9,6,9"
9,92994,211903,"8,10,4"
9,1178113,2059,"4,5,7"
9,285139,1183045,"3,4,9"
9,1178555,1174326,"10,-9,-8,6,5"
9,229498,88635,"-5,5,11,-9,4"
9,9784,1165404,"5,12,3"
9,270991,1174461,"9,-7,11,7"
9,1182632,275694,"7,8,3"
9,1186471,270494,"4,8,7"
9,285303,1179256,"7,7,4"
9,73216,281110,"1,6,5"
9,1175782,1169772,"-6,16,7,-8,9"
9,1174255,1180148,"-9,8,9,-14,4"
9,281463,81397,"3,6,7"
9,1175710,212182,"10,7,10"
9,276426,274860,"11,7,9"
9,1168383,285308,"-3,5,8,7"
9,285369,279563,"-13,9,8,-7,8"
9,1150990,266638,"-8,7,5,9"
9,75096,25045,"6,4,6"
9,1178675,285178,"5,-7,7,2"
9,1165042,1167093,"8,6,4"
9,1187761,1150987,"5,2,2"
9,45824,271056,"-11,7,8,4"
9,223847,230162,"6,8,-8,9"
9,14752,92446,"7,7,-8,4"
9,276193,1186115,"5,6,6"
9,221260,275402,"6,7,3"
9,275469,271875,"2,2,1"
9,86207,264093,"3,8,8"
9,74880,271056,"6,7,3"
9,266835,223530,"8,9,-6,5"
9,1180986,1167520,"2,2,7"
9,92994,1172563,"7,5,7"
9,222276,221078,"5,7,5"
9,278846,285093,"1,8,8"
9,61392,1187701,"12,-5,-10,8,5"
9,1172858,286008,"4,5,1"
9,276750,926332,"1,9,4"
9,223760,270748,"9,6,7"
9,1180771,1187698,"7,9,8"
9,14752,285379,"-8,6,6,-9,8"
9,219939,274741,"3,4,8"
9,278163,277788,"4,2,3"
9,275055,280003,"9,8,9"
9,97816,71734,"6,4,3"
9,1185246,77885,"7,9,7"
9,1171728,1182217,"5,4,-10,2"
9,285323,26664,"3,10,6"
9,1166449,1172111,"9,9,5"
9,14504,278884,"10,6,7"
9,1174325,285295,"7,6,8"
9,41466,1177311,"8,-9,-11,9,8"
9,1187704,212806,"9,-8,9,10"
9,72008,6268,"9,9,7"
9,269570,277906,"6,7,8"
9,76010,250211,"5,9,8"
9,202365,1183053,"5,-8,7,5"
9,277927,76060,"9,4,9"
9,1173129,276417,"6,-6,7,6"
9,1150987,1178096,"7,3,4"
9,12141,71734,"2,11,5"
9,1185330,284875,"-9,9,14,7"
9,1175782,1187735,"-7,9,-8,9,7"
9,1175528,279696,"6,4,5"
9,271771,1177585,"2,5,1"
9,218929,203231,"8,-9,7,5"
9,285303,1179779,"7,4,5"
9,95531,1697,"5,4,7"
9,278293,72061,"6,8,7"
9,203231,280325,"1,2,2"
9,222939,1177832,"8,8,3"
9,275297,286418,"4,-2,-9,8,10"
9,282348,285294,"8,7,-3,7"
9,1171127,278846,"2,5,2"
9,22286,6857,"-6,7,6,8"
9,64549,1182219,"9,8,3"
9,277441,1174324,"13,4,13"
9,1176627,286008,"8,7,3"
9,1182879,85287,"2,-9,4,5"
9,1175756,281902,"9,6,-6,9"
9,270709,277441,"7,-4,5,7"
9,279803,1183019,"6,7,13"
9,230779,223757,"6,9,10"
9,1172858,271070,"4,7,6"
9,13020,55345,"-12,-6,9,9,3"
9,276417,280553,"4,-7,5,7"
9,926332,280607,"6,-7,8,-7,9"
9,82547,276193,"10,10,5"
9,1171502,1177832,"7,7,6"
9,271771,91267,"8,11,4"
9,278293,88635,"9,6,-8,9"
9,33546,1187693,"5,-8,10,8"
9,285085,1182217,"10,12,-8,-9,5"
9,285634,283902,"6,8,6"
9,195788,284806,"4,-7,5,4"
9,264662,270851,"13,8,4"
9,1184458,1186115,"8,6,6"
9,10958,284831,"4,8,8"
9,285379,81606,"-7,3,9,4"
9,267295,76010,"4,4,7"
9,73589,85963,"3,5,5"
9,9501,1187693,"-3,9,3,3"
9,1187761,271875,"5,3,3"
9,82211,277906,"12,2,8"
9,285625,271344,"7,5,6"
9,34178,223377,"2,9,3"
9,1175782,1173573,"3,6,7"
9,1183047,1178677,"8,7,3"
9,1181392,284725,"9,5,7"
9,222276,1187704,"-7,6,-9,5,7"
9,269793,273158,"6,11,9"
9,271137,69904,"3,7,5"
9,1157612,1187703,"6,9,12"
9,273085,279691,"5,7,9"
9,1187730,93102,"8,7,6"
9,72242,271883,"7,2,5"
9,1187758,219210,"7,9,5"
9,217487,52354,"4,6,8"
9,276502,286418,"-4,5,6,-7,8"
9,202363,283762,"10,11,9"
9,271883,94988,"-6,4,-3,2,8"
9,285133,1167520,"8,7,8"
9,1131757,276190,"6,7,7"
9,56980,276539,"9,8,-10,8"
9,94395,1187729,"7,8,5"
9,270105,1171011,"8,-7,-8,9,8"
9,271248,275055,"7,1,7"
9,1150977,1183736,"0,3,2"
9,265649,279993,"5,8,7"
9,1185599,1174461,"4,4,4"
9,1171128,217083,"3,6,4"
9,76010,60706,"4,8,6"
9,269793,1178256,"3,2,5"
9,1173259,1157612,"-2,9,8,-8,8"
9,264662,275965,"9,3,5"
9,85510,280325,"1,1,1"
9,90353,284922,"-12,-7,7,6,3"
9,274994,271061,"3,8,11"
9,271191,277513,"6,6,9"
9,1179201,1182217,"5,7,2"
9,1175988,276520,"4,3,4"
9,1171728,270746,"11,8,9"
9,96706,285297,"9,9,9"
9,270305,1175835,"2,9,6"
9,72061,84735,"6,6,3"
9,285136,277526,"-4,9,-10,6,7"
9,271070,273158,"7,10,8"
9,220032,1157612,"10,-11,4,9"
9,285136,277147,"8,5,4"
9,268979,286016,"4,7,-14,6"
9,276734,96338,"5,9,6"
9,21768,54730,"5,-9,6,6"
9,270846,271327,"7,6,5"
9,47919,62488,"5,5,9"
9,82176,17402,"10,-3,5,-6,13"
9,280491,285305,"9,8,7"
9,1177036,280508,"-8,9,9,-7,10"
9,9668,30992,"6,7,8"
9,1183018,277526,"5,7,8"
9,215565,1177768,"8,6,5"
9,270889,1182217,"3,-9,3,11"
9,1169425,30066,"5,6,3"
9,1180339,211608,"3,4,-9,4"
9,271070,286036,"4,-7,-8,8,9"
9,1183044,271056,"-8,3,7,7"
9,267433,1178092,"9,5,-11,-8,10"
9,220298,1171128,"10,-9,8,9"
9,1180983,275290,"6,4,6"
9,220032,285663,"11,8,5"
9,78058,147750,"8,10,9"
9,84904,281948,"11,11,7"
9,271191,277526,"-9,7,-9,11,6"
9,229714,266865,"9,9,9"
9,81374,284806,"1,3,6"
9,1186119,281942,"6,8,6"
9,231169,272586,"6,-3,7,8"
9,1187742,1164938,"7,-9,6,6"
9,12141,218928,"4,1,4"
9,1186470,279563,"5,6,10"
9,97611,271260,"5,5,5"
9,1187703,271215,"6,4,7"
9,203231,1176029,"8,1,3"
9,269793,1171226,"9,7,9,-5"
9,273642,281947,"4,3,7"
9,4883,1176275,"-11,6,-8,8,6"
9,91031,95314,"3,4,3"
9,14752,54488,"5,6,3"
9,277585,86697,"5,4,7"
9,1175380,275297,"11,14,-2,7"
9,59455,7171,"5,6,6"
9,94469,56980,"7,4,-9,8"
9,9784,4883,"7,7,7"
9,90211,62488,"8,-7,9,-5,9"
9,273218,276417,"7,4,8"
9,267363,213021,"5,6,8"
9,279803,1173246,"6,7,8"
9,95019,270494,"9,-7,8,-9,6"
9,277744,275070,"6,12,5"
9,270083,1176822,"5,5,1"
9,8005,27823,"8,3,7"
9,284142,82211,"7,-6,6,10"
9,275469,277839,"10,-8,9,-4,5"
9,1172127,1186955,"6,5,2"
9,223847,1180103,"9,-10,8,8"
9,1187761,275657,"7,9,4"
9,221078,1182694,"4,4,-8,10"
9,926764,223530,"-9,11,6,8"
9,1131695,221340,"8,-7,-7,8,6"
9,1176275,1172570,"-8,6,8,6"
9,1187698,1172828,"7,5,-9,6"
9,1187737,1185246,"12,-7,9,-7,9"
9,1187707,231169,"10,6,10"
9,80241,1166449,"6,8,7"
9,285139,271494,"2,6,5"
9,272586,285383,"5,7,8"
9,1171728,1174461,"13,6,9"
9,1186435,285293,"5,4,3"
9,280491,285189,"1,2,6"
9,285165,1182629,"3,6,9"
9,1170443,1175988,"9,-7,-11,9,5"
9,273382,277744,"6,4,8"
9,202883,1166750,"6,-8,-7,10,9"
9,275392,1173246,"11,5,-7,-6,9"
9,230162,84735,"6,6,3"
9,217578,285900,"6,6,8"
9,13020,63010,"4,4,-12,12"
9,87979,33384,"5,3,3"
9,30066,74986,"5,5,5"
9,1175782,274201,"7,12,5"
9,220808,91031,"5,-7,8,8"
9,277537,281422,"9,-6,7,-8,8"
9,217083,1187698,"5,12,9"
9,279616,271494,"-5,7,2,-9,8"
9,6609,279691,"6,7,-6,7"
9,1172570,43265,"9,10,-7,7"
9,1171665,1174322,"5,5,5"
9,1168339,10669,"9,8,8"
9,1174326,268669,"8,8,9"
9,281660,1131757,"-7,4,9,4"
9,1176029,275034,"-9,9,-9,9,2"
9,10958,285255,"1,6,5"
9,96029,220104,"7,7,4"
9,1171074,1183053,"4,5,8"
9,272586,1177588,"3,10,7"
9,279820,1187759,"10,3,3"
9,1187361,91905,"6,9,9"
9,281766,1165042,"3,8,-9,9"
9,223741,24961,"4,4,10"
9,1178504,1174325,"6,5,5"
9,87893,60706,"8,8,5"
9,267125,1169425,"3,6,7"
9,1180986,218921,"5,-6,6,9"
9,98280,30753,"5,-7,4,-7,7"
9,274913,285093,"1,5,3"
9,1164236,217235,"-7,10,-7,9,7"
9,271961,1180111,"-11,8,7,9"
9,230237,280444,"4,-5,-8,9,8"
9,275099,275292,"8,5,1"
9,271275,1177324,"9,-9,-11,8,6"
9,51749,92994,"6,9,9"
9,1443,229498,"8,-9,7,-9,2"
9,27961,282348,"7,3,5"
9,220808,1187737,"4,4,5"
9,1187759,1179256,"6,-4,8,10"
9,270083,230237,"11,8,7"
9,286012,280000,"3,8,3"
9,221729,1187712,"6,6,2"
9,273772,280096,"4,8,2"
9,82176,223530,"-9,8,3,12"
9,1157612,271322,"-10,7,7,2"
9,212806,92549,"9,9,9"
9,1187758,198840,"4,5,9"
9,279838,279563,"6,-9,7,7"
9,1177802,1170751,"7,7,8"
9,270911,81606,"5,-9,9,-10,7"
9,268669,271875,"7,9,6"
9,270305,1178109,"7,7,6"
9,216909,274863,"7,7,5"
9,1187760,280000,"2,1,3"
9,271771,1187729,"7,9,7"
9,27774,80356,"8,4,9"
9,271771,219609,"9,5,7"
9,1187755,281947,"2,9,15"
9,97611,1173092,"1,3,1"
9,1187704,282081,"6,10,-11,8"
9,278928,1186113,"5,10,6"
9,11877,285308,"4,8,3"
9,91444,88195,"-6,1,6,5"
9,217578,73148,"-8,6,-9,10,6"
9,1187761,279485,"5,6,5"
9,280553,1171227,"8,13,9"
9,269570,1178802,"4,9,-10,6"
9,285392,1173779,"6,7,7"
9,277801,1186910,"3,10,5"
9,223847,5004,"6,9,-6,10"
9,274478,91339,"5,14,1"
9,286415,283200,"9,3,7"
9,271975,270393,"-6,1,1,9"
9,1185097,1176192,"2,5,6"
9,1168827,277537,"-6,6,5,-6,4"
9,271596,274201,"12,3,10"
9,212806,1187714,"6,8,6"
9,271190,80369,"8,-9,7,6"
9,221365,1184629,"6,4,8"
9,220283,1179146,"10,5,8"
9,272737,277441,"7,5,7"
9,285631,273642,"6,6,6"
9,273260,276637,"5,9,-9,5"
9,3727,1186894,"-9,7,9,8"
9,276162,279594,"4,4,9"
9,219888,1131695,"8,8,-6,-8,9"
9,280202,1170851,"6,6,-4,-8,12"
9,220781,284374,"8,-8,7,-8,7"
9,1178086,275070,"9,8,-9,5"
9,24166,222939,"8,4,-10,11"
9,280535,220808,"8,-7,3,11"
9,221340,1186894,"2,3,4"
9,1150987,285093,"8,3,6"
9,1187751,214419,"5,11,9"
9,269745,1169576,"10,9,8"
9,1150977,223760,"9,-6,6,8"
9,1182757,1187740,"-11,8,5,-10,9"
9,215830,94302,"5,3,8"
9,270709,277147,"7,8,5"
9,6857,82547,"5,4,1"
9,1186470,1180688,"9,7,5"
9,7014,277515,"3,3,4"
9,1170878,273642,"5,10,6"
9,1187757,1178092,"5,7,6"
9,277515,1180103,"9,5,10"
9,271860,1183736,"5,7,8"
9,275292,277537,"6,-6,9,2"
9,1180986,220032,"-9,9,6,6"
9,8708,1171501,"9,-11,5,5"
9,285296,217578,"7,1,9"
9,1187760,281422,"5,3,3"
9,270746,220985,"-12,7,9,8"
9,275098,277358,"7,9,2"
9,28559,1171502,"4,9,8"
9,1187724,1169576,"8,4,9"
9,221340,219210,"9,-9,7,10"
9,285368,265334,"7,5,8"
9,57949,1168015,"3,2,10"
9,285136,278846,"5,4,6"
9,270710,278648,"-7,9,6,10"
9,276637,284725,"12,8,1"
9,270131,1168131,"10,11,-8,7"
9,268617,281949,"8,-9,-8,6,11"
9,1180684,279402,"7,8,5"
9,219609,275947,"7,-11,5,13"
9,281766,1131692,"8,9,-9,10"
9,276520,1183045,"9,10,5"
9,1183053,1173107,"-9,7,-10,8,2"
9,1187715,268979,"6,6,8"
9,285165,285164,"8,-8,6,9"
9,285261,221340,"9,-7,3,-5,2"
9,269745,97816,"8,6,-12,12"
9,90498,280607,"7,7,5"
9,1187735,1177956,"10,3,8"
9,1183018,1173246,"3,6,11"
9,202589,85287,"8,5,4"
9,1180776,95136,"-9,9,7,6"
9,1174699,1171728,"3,8,-8,8"
9,286006,1178107,"4,9,3"
9,220808,1167520,"2,6,4"
9,1177959,1187712,"8,-9,6,9"
9,285392,1169576,"3,-8,8,9"
9,25344,1169772,"10,6,9"
9,1150977,1173545,"4,8,4"
9,80356,94049,"8,10,-9,3"
9,1170842,268979,"5,-8,-6,11,8"
9,275099,285093,"4,1,1"
9,1171643,277441,"10,3,10"
9,1183000,1178677,"8,9,9"
9,6857,284016,"4,4,9"
9,1168593,280157,"9,-10,8,8"
9,1178092,1177324,"9,5,6"
9,211736,278293,"4,3,1"
9,275235,1172243,"1,8,8"
9,1172724,1182217,"6,9,10"
9,1131695,285392,"-7,5,9,6"
9,229700,86697,"-9,9,7,9"
9,23283,1183031,"9,12,9"
9,1177302,1176454,"2,3,7"
9,273411,278213,"7,3,4"
9,285368,271876,"4,2,3"
9,217143,1177884,"5,6,9"
9,220298,285323,"8,9,3"
9,222276,270305,"4,4,9"
9,91031,218929,"2,3,4"
9,274860,1186910,"7,2,6"
9,72061,256712,"-6,-6,9,7,12"
9,265649,1171226,"7,9,-6,5"
9,90211,1173828,"7,4,4"
9,224165,285255,"4,7,5"
9,267295,1178802,"-6,8,10,-10,6"
9,1182217,1186910,"5,4,4"
9,1186894,277217,"3,5,2"
9,1187734,1178802,"-6,8,9,7"
9,271802,278293,"4,2,8"
9,275947,270710,"4,5,-10,-10,9"
9,217582,217073,"8,5,9"
9,273382,216225,"17,6,8"
9,284887,25045,"2,1,1"
9,219939,1131757,"6,-9,2,3"
9,202883,203245,"4,7,4"
9,266395,51749,"8,7,6"
9,81606,281837,"4,4,4"
9,1187755,215565,"12,7,4"
9,76060,272436,"-8,-5,10,4,4"
9,927185,271260,"13,-5,-9,4,10"
9,54488,285887,"5,2,10"
9,271596,271260,"-3,-10,9,9,5"
9,30068,218150,"8,5,7"
9,283584,1167939,"12,3,-8,7"
9,84431,286413,"5,-6,-5,7,8"
9,1173779,1171665,"-6,-4,8,9,7"
9,1131695,276135,"1,1,5"
9,285368,1150995,"7,5,-5,9"
9,271248,277742,"7,2,9"
9,89832,223847,"8,6,1"
9,281969,266638,"3,8,-9,6"
9,94538,6268,"11,7,5"
9,285189,285093,"10,-11,5,11"
9,1178109,270889,"9,9,12"
9,1173994,1186472,"5,6,2"
9,85510,10437,"12,5,7"
9,211643,98184,"9,-9,2,-9,9"
9,270194,1182694,"-9,-5,8,9,7"
9,1180983,265517,"-9,8,-8,6,10"
9,1177832,1180688,"-7,5,7,13"
9,13769,75291,"-8,6,-7,7,7"
9,51749,26664,"7,2,5"
9,272737,1177045,"4,5,7"
9,202365,264548,"4,5,4"
9,273411,1187699,"9,5,9"
9,198840,272060,"9,6,7"
9,1178952,281422,"8,7,4"
9,1170753,269570,"9,7,5"
9,273260,1173505,"6,7,6"
9,79347,278293,"6,4,-9,6"
9,271802,1164236,"8,-6,8,-8,7"
9,272218,1185246,"10,-8,5,7"
9,1170759,1187725,"9,8,6"
9,197388,221260,"6,7,8"
9,202979,222180,"5,-9,-7,6,9"
9,1185202,1184629,"9,9,8"
9,1178675,82297,"14,-9,1,3"
9,1185688,281766,"7,-11,10,6"
9,1171728,277185,"2,-8,5,1"
9,271860,1183294,"5,3,9"
9,1187704,1186120,"4,7,6"
9,1180986,220993,"-8,6,7,8"
9,97561,216415,"4,4,4"
9,1172243,283584,"7,5,-7,8"
9,91757,285506,"9,9,9"
9,12141,273283,"8,8,9"
9,86207,1182419,"6,9,3"
9,97611,92549,"4,3,2"
9,214854,1176548,"3,-10,6,8"
9,230904,223659,"5,8,9"
9,271145,1183053,"5,7,8"
9,276637,284655,"-10,9,-6,9,6"
9,1187731,1170805,"5,9,-7,8"
9,284620,60234,"6,7,6"
9,276734,86641,"10,8,11"
9,1180429,1180148,"1,8,8"
9,277904,273772,"-9,11,3,6"
9,277354,275657,"6,5,8"
9,1949,69850,"4,5,4"
9,272737,272218,"12,5,6"
9,1173246,1187712,"-3,10,6,-10,8"
9,1131695,56980,"4,6,4"
9,84357,1187721,"9,10,3"
9,281660,274492,"8,-7,4,3"
9,198570,274492,"10,-10,7,6"
9,1187702,275657,"7,6,8"
9,73216,51749,"-8,-8,9,9,6"
9,271771,211990,"9,10,5"
9,1176807,1176439,"5,-9,-9,4,8"
9,271802,94302,"4,6,5"
9,229635,219413,"-5,-10,8,11,9"
9,1167521,1171856,"7,10,-6,9"
9,34825,76916,"10,10,5"
9,277904,285323,"4,6,4"
9,1186894,1173092,"4,5,4"
9,270911,50664,"8,6,-6,8"
9,34178,1187698,"5,7,7"
9,1150977,1173573,"2,2,3"
9,63010,90843,"3,7,4"
9,271274,277744,"2,-10,3,3"
9,221549,273260,"6,5,5"
9,1180986,221260,"5,1,9"
9,202363,229714,"8,8,8"
9,26208,91612,"7,2,5"
9,1150995,22286,"6,5,6"
9,271771,270710,"9,5,1"
9,1168383,284708,"6,3,2"
9,1165404,217958,"7,6,8"
9,59922,285504,"4,7,9"
9,44945,267363,"10,-6,6,-10,10"
9,219939,270703,"7,5,4"
9,1185246,1175988,"9,7,5"
9,280445,214915,"9,9,-5,9"
9,276426,1173728,"8,5,9"
9,285368,217865,"4,8,8"
9,229714,1166024,"10,9,6"
9,217865,1187749,"3,3,8"
9,14914,926764,"7,5,7"
9,9501,88854,"3,6,7"
9,1187745,280000,"4,14,9"
9,272218,279696,"1,3,1"
9,7414,270105,"5,4,3"
9,285297,284457,"10,4,6"
9,284922,1176550,"-9,1,7,4"
9,275098,273411,"8,6,10"
9,278928,281956,"7,8,6"
9,215555,285297,"6,9,9"
9,85286,284366,"8,10,-9,3"
9,275301,270105,"7,-10,10,4"
9,21768,9323,"2,5,4"
9,1173779,270889,"11,12,9"
9,286417,282788,"6,2,2"
9,82176,1173546,"8,8,6"
9,276502,279560,"8,-9,4,-8,4"
9,281948,285292,"1,1,3"
9,268669,1182217,"-9,8,-5,8,10"
9,1180010,1178677,"5,4,6"
9,1131692,278642,"6,8,14"
9,278584,1183000,"7,-5,3,10"
9,91612,284806,"4,8,4"
9,27027,96706,"9,11,9"
9,1177302,1176550,"5,10,-10,-10,7"
9,1180986,270911,"4,5,7"
9,280386,271042,"7,6,5"
9,80369,279691,"8,5,5"
9,1187760,278658,"8,10,8"
9,6857,272436,"4,-10,5,4"
9,280386,23283,"-8,8,5,9"
9,1164236,1176627,"6,7,12"
9,284655,277744,"9,-5,7,10"
9,267295,285133,"8,-5,3,6"
9,91031,80241,"6,3,8"
9,89159,87850,"3,3,2"
9,95248,271883,"8,7,7"
9,1177045,285516,"-4,10,8,4"
9,284655,268857,"7,8,-8,-4,6"
9,1150995,1173507,"4,4,9"
9,216497,79347,"4,7,-9,5"
9,1150995,98266,"-5,6,7,5"
9,274463,218928,"6,3,9"
9,220833,1178073,"1,2,3"
9,1167093,212182,"6,5,8"
9,218523,90498,"11,-8,6,-2,3"
9,1173546,1186360,"7,3,-7,8"
9,269793,285139,"-6,7,14,9"
9,281528,1187762,"10,9,6"
9,1177302,271316,"5,6,6"
9,1175585,221548,"7,6,6"
9,1187722,1178113,"8,6,5"
9,278163,9201,"-9,10,7,7"
9,1183019,272737,"11,6,8"
9,270710,275070,"7,3,6"
9,277537,1186472,"9,9,4"
9,1177324,277147,"1,3,1"
9,1175988,1180429,"7,9,-11,-6,12"
9,231169,1181392,"6,5,8"
9,11877,263612,"6,8,-9,6"
9,277359,277053,"15,9,-8,9"
9,279282,1182629,"12,8,7"
9,264662,1172399,"4,8,7"
9,1178109,285308,"2,4,5"
9,1171157,1176822,"-13,5,-9,3,9"
9,1186588,202009,"4,6,5"
9,279058,280553,"-1,5,-6,9,7"
9,211903,69850,"5,9,5"
9,273642,1186472,"5,5,7"
9,97611,1178092,"1,6,4"
9,271596,285383,"8,7,9"
9,1170805,1173505,"2,3,6"
9,83264,27292,"6,8,5"
9,1178109,223635,"2,3,7"
9,11875,284753,"11,8,6"
9,1176448,275098,"7,-7,6,8"
9,285323,279624,"2,2,4"
9,282081,271274,"-9,11,7,6"
9,1170759,94395,"10,-7,10,7"
9,1168015,1532,"8,3,9"
9,1173129,270748,"5,-9,11,7"
9,1173259,219888,"-11,10,8,0"
9,21400,27961,"3,7,2"
9,273672,203194,"9,8,6"
9,215232,282348,"10,11,4"
9,273735,286166,"2,6,9"
9,22286,9784,"11,9,8"
9,272218,1176448,"9,-6,7,9"
9,1187760,276637,"-8,4,7,5"
9,219413,269408,"-9,7,5,5"
9,220808,283762,"5,9,6"
9,1186477,1172858,"4,9,-10,-8,8"
9,286405,277927,"-7,7,6,-10,6"
9,93102,278584,"6,3,3"
9,256702,1170753,"6,10,-7,10"
9,211736,86095,"5,7,7"
9,271876,219402,"6,8,4"
9,285294,95793,"6,10,-8,5"
9,279820,1183000,"7,5,8"
9,202363,91905,"3,-6,6,3"
9,275824,1172563,"-7,3,2,6"
9,71734,11875,"8,9,7"
9,271061,278584,"7,4,5"
9,1180429,1181392,"6,8,-9,5"
9,84904,1132027,"3,6,9"
9,277744,280553,"9,9,-13,-7,11"
9,271771,271344,"2,-8,5,9"
9,223760,277496,"6,2,2"
9,285379,221365,"5,4,9"
9,277904,1171854,"9,7,10"
9,63010,8429,"9,8,10"
9,74872,286417,"3,3,6"
9,224165,87893,"4,8,3"
9,283762,92296,"-7,5,9,7"
9,1176448,1175380,"9,5,3"
9,277788,1180771,"7,6,6"
9,281947,273522,"8,8,6"
9,1169576,82297,"4,7,7"
9,217235,265236,"8,3,8"
9,27825,214915,"6,8,12"
9,1178568,220993,"-9,10,-13,6,8"
9,93322,1182419,"4,10,1"
9,275099,275392,"10,5,-9,3"
9,284655,279485,"3,9,-7,7"
9,1172724,1180983,"6,-9,10,-9,6"
9,271275,275099,"7,11,5"
9,231169,1177324,"8,6,4"
9,285139,1173246,"4,1,9"
9,1183018,1178555,"-10,6,6,9"
9,1169425,7171,"7,4,6"
9,1173507,285137,"4,7,4"
9,86641,1175710,"4,7,5"
9,1183019,1177959,"2,6,8"
9,1181518,282523,"6,8,9"
9,272978,1177045,"1,5,6"
9,72553,1173763,"7,-7,4,8"
9,285303,1182631,"8,7,-9,-7,9"
9,87743,98280,"6,4,7"
9,256712,276193,"10,7,10"
9,277358,283602,"-7,1,11,6"
9,1183294,278879,"5,8,-9,6"
9,217865,1170753,"-6,4,6,7"
9,26208,52333,"-9,5,8,-8,9"
9,96029,82256,"-16,10,7,5"
9,1175710,1179259,"8,9,7"
9,271275,273260,"-8,6,9,3"
9,275301,1168383,"7,9,6"
9,1177302,275947,"5,6,10"
9,1165422,275402,"8,-9,4,8"
9,277358,273158,"8,6,-3,-6,6"
9,93127,214854,"4,6,8"
9,203226,1173092,"6,-5,8,-5,6"
9,271145,216225,"8,7,6"
9,275392,285093,"2,1,2"
9,268857,277496,"5,8,9"
9,281355,285261,"-5,-9,4,12,8"
9,89832,5004,"7,-7,9,5"
9,1170851,1177311,"4,5,9"
9,274741,1176548,"8,3,-10,-7,5"
9,80241,1187697,"3,5,6"
9,265236,88635,"5,7,11"
9,275101,278648,"8,4,-4,5"
9,211643,1174368,"5,5,8"
9,202363,1949,"8,8,8"
9,215565,1171728,"-5,13,5,5"
9,277048,278846,"4,8,10"
9,1131757,278642,"-7,8,6,6"
9,1186693,18802,"7,-10,6,3"
9,271061,94668,"5,4,9"
9,1182217,277801,"7,-12,5,-9,5"
9,275877,277537,"7,4,7"
9,1177954,1165054,"4,7,5"
9,22286,1178109,"6,-8,8,-9,8"
9,256712,1168383,"5,9,7"
9,74880,1185353,"5,6,7"
9,250080,281947,"8,9,1"
9,285368,1178555,"3,3,3"
9,277354,280003,"4,2,8"
9,82297,285554,"-6,5,10,9"
9,1174369,1175782,"6,9,14"
9,285147,277744,"6,8,11"
9,274350,285178,"5,4,4"
9,1187742,1186435,"5,3,3"
9,281660,279563,"3,7,5"
9,1177324,275297,"7,7,5"
9,272742,284917,"4,5,5"
9,1176561,274866,"4,7,3"
9,1173828,219923,"2,2,3"
9,268620,1182627,"9,10,5"
9,275297,280003,"-8,7,6,9"
9,270404,230162,"5,8,11"
9,1165054,10669,"2,4,6"
9,274463,96174,"-9,4,4,6"
9,270305,270846,"9,-7,8,9"
9,1171127,277048,"3,3,3"
9,220298,231598,"4,5,-10,4"
9,272422,276750,"-9,6,9,8"
9,1165674,1173259,"5,8,4"
9,1171856,270911,"-8,-7,7,8,7"
9,280386,281605,"-11,6,8,5"
9,1179779,279058,"6,-11,7,6"
9,264662,271042,"10,3,10"
9,1173779,1187705,"8,10,8"
9,1173994,285165,"5,-8,5,5"
9,1176627,271137,"10,8,16"
9,1179255,1178504,"3,6,8"
9,71746,279692,"6,4,-9,10"
9,90498,72986,"4,4,8"
9,212032,230232,"8,6,4"
9,279560,282218,"4,4,9"
9,273158,275392,"10,9,3"
9,89338,72387,"10,9,5"
9,90786,54730,"8,7,-8,10"
9,1187743,285261,"-4,11,11,7"
9,86207,80507,"-7,9,7,9"
9,203231,274463,"3,4,8"
9,1172455,1180776,"3,3,4"
9,278648,1150987,"9,8,9"
9,280545,95667,"4,6,6"
9,223759,1182627,"9,5,6"
9,217235,1178504,"9,8,6"
9,286347,1187695,"7,10,4"
9,62151,280508,"5,7,13"
9,218929,1186359,"7,8,4"
9,1177324,279476,"3,4,4"
9,275877,268857,"7,10,5"
9,271344,1187759,"3,8,5"
9,96029,272436,"-9,-7,9,7,12"
9,274994,1171856,"4,7,9"
9,211738,33546,"4,4,6"
9,280444,271275,"-10,-8,9,9,5"
9,271799,46331,"3,0,6"
9,1173779,275694,"7,-5,6,5"
9,90786,1172844,"0,5,7"
9,216225,1183053,"10,7,8"
9,275037,275235,"-9,8,7,-5,8"
9,229714,1176550,"3,4,6"
9,279485,285189,"6,9,7"
9,223757,286016,"-7,6,8,-9,7"
9,269570,221549,"7,5,8"
9,1166717,14752,"1,11,-9,9"
9,1177302,271771,"4,-5,8,4"
9,274350,280553,"8,5,1"
9,283902,285095,"7,8,6"
9,9668,1180771,"7,7,7"
9,273735,274567,"-9,-10,7,5,6"
9,1187732,87850,"11,7,-8,-7,3"
9,272436,271799,"-9,9,8,-6,7"
9,286411,1186472,"1,4,1"
9,276502,274727,"7,10,4"
9,215242,60234,"8,9,7"
9,221814,1183031,"-11,8,6,6"
9,268875,271876,"4,9,5"
9,277526,1174326,"9,8,6"
9,1172852,283602,"5,1,7"
9,8005,72715,"9,12,1"
9,1187743,1187758,"10,5,-11,11"
9,216131,273520,"1,3,7"
9,275824,1187548,"6,2,7"
9,1173259,286011,"5,7,9"
9,279803,271424,"9,8,-8,10"
9,264093,25053,"9,11,-5,7"
9,284016,1182219,"4,3,10"
9,275250,268620,"8,7,5"
9,285303,271813,"5,-11,10,-5,5"
9,281463,270131,"8,9,5"
9,1177959,279282,"9,4,4"
9,1186470,1182694,"5,5,5"
9,41466,281956,"-8,8,8,8"
9,283762,202365,"-10,5,8,9"
9,219210,216225,"1,5,3"
9,1171468,273411,"7,6,3"
9,1177768,1177959,"4,8,8"
9,1187702,1170842,"10,9,-9,7"
9,22286,72715,"6,2,5"
9,1187741,271178,"2,3,5"
9,87743,281956,"3,5,3"
9,1182523,90786,"6,8,8"
9,274866,29525,"10,2,1"
9,1167093,77388,"4,8,6"
9,1183030,271799,"8,8,-9,9"
9,275292,271860,"-6,-4,11,5,11"
9,1187761,1173728,"5,10,3"
9,275098,283602,"7,4,6"
9,278584,280000,"5,5,3"
9,1187745,87850,"7,2,4"
9,274913,280096,"5,9,5"
9,264548,217219,"4,4,-7,6"
9,1182632,1178109,"-8,-11,10,4,9"
9,11877,280386,"3,8,6"
9,30833,32916,"-15,15,11,5"
9,276426,277147,"7,-9,10,-11,3"
9,8144,76010,"5,8,4"
9,215008,271610,"3,5,3"
9,223729,17550,"6,-8,9,9"
9,270911,26664,"7,6,6"
9,278163,1165404,"5,3,4"
9,285257,92994,"4,3,2"
9,26208,223659,"7,3,7"
9,267363,218150,"3,6,4"
9,75749,279402,"3,4,4"
9,271215,1177045,"9,3,4"
9,271344,1187729,"2,5,4"
9,285137,277513,"6,9,7"
9,270889,1175988,"-6,8,7,7"
9,20092,1186120,"9,-12,7,7"
9,276502,277358,"8,-6,6,8"
9,217235,91267,"8,8,7"
9,270710,1174322,"6,-9,6,7"
9,278163,81189,"6,5,1"
9,1172399,272975,"12,4,10"
9,274350,268620,"10,-8,8,5"
9,276502,279916,"9,7,8"
9,211990,1175676,"8,3,3"
9,18802,277927,"9,8,-6,3"
9,280444,272737,"1,9,5"
9,1165404,26208,"11,11,7"
9,1171854,270836,"8,9,-10,8"
9,271424,285890,"9,2,8"
9,14883,1177036,"7,10,1"
9,1180565,1182438,"9,6,8"
9,1187761,277348,"8,5,1"
9,1176627,1171227,"7,6,2"
9,62089,284016,"2,3,1"
9,286014,1175529,"4,3,2"
9,223530,1165404,"11,7,-7,-10,5"
9,10415,10958,"5,7,2"
9,1176913,14637,"3,2,-7,-9,1"
9,1171468,270709,"7,12,9"
9,1186470,1175402,"9,9,9"
9,1171643,270393,"8,7,5"
9,230237,1187702,"8,4,8"
9,95314,285178,"1,3,5"
9,1180688,280508,"8,2,9"
9,1167521,273085,"8,6,8"
9,9668,64549,"9,5,3"
9,1170851,272436,"3,8,-6,-8,3"
9,271061,1169792,"-8,7,5,3"
9,1171501,223377,"5,9,5"
9,286008,275055,"8,2,8"
9,219888,1174326,"4,6,7"
9,284457,280202,"7,4,8"
9,285085,285305,"-7,-6,7,12,6"
9,280491,283511,"2,5,3"
9,1178555,1178096,"5,6,5"
9,271070,275402,"9,6,5"
9,1170751,271322,"6,-6,8,7"
9,12141,1185202,"6,9,-7,8"
9,1187737,1182627,"6,10,7"
9,1187704,256702,"8,7,-3,-11,3"
9,1174431,1164361,"3,8,6"
9,74893,274350,"-8,9,10,6"
9,50664,69850,"3,5,5"
9,271061,61680,"6,4,10"
9,271190,1172852,"4,-8,-8,8,8"
9,1186477,285664,"7,-7,2,8"
9,285303,284319,"4,9,4"
9,216497,1131757,"9,5,9"
9,271191,1174371,"8,8,6"
9,91905,220781,"7,7,7"
9,217143,1173246,"6,6,-8,9"
9,1178952,277147,"8,9,8"
9,1177769,231169,"8,5,6"
9,1177832,274866,"5,9,-9,4"
9,223741,81189,"8,-12,-10,15,7"
9,285664,221260,"6,7,5"
9,1173994,1175528,"4,5,5"
9,51749,11875,"5,5,4"
9,279803,270889,"-7,-8,5,11,4"
9,268620,286036,"5,6,11"
9,1165421,277526,"9,4,8"
9,217440,1175676,"8,-6,7,5"
9,214854,220127,"-9,5,9,-9,9"
9,280491,280015,"4,4,3"
9,213021,279692,"8,1,8"
9,1173505,285103,"3,7,6"
9,284620,213021,"8,10,4"
9,28559,279624,"2,1,2"
9,1187741,269693,"3,7,3"
9,280386,277526,"-9,7,6,6"
9,270709,96706,"-8,12,-5,10,12"
9,285369,1173092,"3,4,9"
9,72193,86560,"-9,8,5,5,6"
9,276624,1187748,"3,3,3"
9,72924,270494,"5,-7,5,11"
9,1185097,1176029,"8,11,-8,6"
9,96029,1167092,"6,4,-10,9"
9,1180339,215555,"8,13,9"
9,273411,1176448,"-8,12,-9,8,2"
9,91757,1131757,"7,6,4"
9,272631,1168131,"8,6,6"
9,1174699,223759,"8,-7,9,5"
9,1171474,1183000,"6,-10,5,6"
9,281262,82230,"3,2,7"
9,224089,229592,"7,-8,7,5"
9,285068,41466,"-6,-6,7,7,9"
9,1170443,264548,"7,6,9"
9,275098,1174324,"-8,7,9,4"
9,264548,282218,"7,1,6"
9,86641,266740,"3,4,1"
9,75749,229498,"8,5,6"
9,1172570,31669,"5,5,9"
9,1173514,1177311,"6,5,5"
9,1173545,1182217,"-9,4,8,6"
9,198570,264823,"-9,-4,7,9,7"
9,284620,212182,"5,4,3"
9,285392,1170443,"5,9,-12,9"
9,256712,85286,"6,4,10"
9,14914,1181518,"3,3,4"
9,1168827,283602,"9,-6,5,10"
9,219939,71746,"10,8,5"
9,274860,1173124,"3,-11,5,5"
9,95248,220032,"8,8,-7,-8,7"
9,271178,285085,"9,8,-7,6"
9,277053,1176548,"8,-12,-13,13,3"
9,211738,1174050,"4,7,5"
9,1178802,76010,"7,3,6"
9,278642,1181518,"4,2,5"
9,223847,212182,"6,3,6"
9,1170430,286417,"3,6,10"
9,263095,1532,"9,9,8"
9,1178677,1187729,"5,1,-9,9"
9,1174255,283602,"7,3,8"
9,1178096,1187762,"8,3,7"
9,276160,275297,"4,5,4"
9,220833,214419,"1,3,8"
9,284888,34485,"9,8,5"
9,1187743,1171853,"2,5,2"
9,267124,281766,"-6,9,8,-6,4"
9,1167751,85286,"11,6,-7,-6,2"
9,1179780,1171730,"8,-8,8,8"
9,277526,1179780,"7,7,7"
9,267363,219402,"4,3,5"
9,284796,75291,"8,2,3"
9,64549,1178073,"9,3,10"
9,92446,1187732,"1,1,2"
9,1171643,1187760,"5,3,5"
9,6857,69904,"4,3,5"
9,1175529,277513,"10,8,11"
9,1171856,1179779,"4,1,7"
9,1187761,1180148,"3,5,7"
9,83506,275464,"3,2,9"
9,274567,250211,"-9,10,-2,4,6"
9,62151,1173092,"3,11,9"
9,1167092,229700,"8,8,15"
9,277526,1176448,"11,4,-8,3"
9,71746,229700,"3,2,6"
9,275925,281110,"-7,-8,5,5,6"
9,78058,218150,"-10,10,-4,8,0"
9,1187741,80676,"9,-11,2,6"
9,1169576,275301,"5,2,2"
9,279563,10669,"8,7,3"
9,271248,275290,"3,10,-8,-7,11"
9,1178113,215830,"-6,8,15,9"
9,1173763,9501,"7,10,-3,8"
9,202979,86697,"6,8,5"
9,277526,285320,"7,3,9"
9,284374,32546,"5,4,9"
9,1177907,264093,"6,5,7"
9,94988,285555,"2,4,-9,3"
9,1166449,285136,"8,5,6"
9,1178089,1175529,"6,11,3"
9,11903,88195,"9,2,2"
9,277354,276624,"9,3,3"
9,218921,1166024,"8,11,10"
9,1172858,277354,"8,-7,-11,4,7"
9,270437,268857,"8,1,7"
9,202651,271327,"6,7,-7,1"
9,86560,86637,"-9,-5,8,11,8"
9,271883,275694,"4,4,6"
9,265649,279617,"7,9,7"
9,1171074,271813,"9,5,6"
9,1175756,39809,"1,2,4"
9,271149,280491,"8,9,-8,7"
9,72387,28559,"7,6,10"
9,277358,275055,"3,7,5"
9,28736,1175402,"8,6,8"
9,1187723,1166449,"7,8,4"
9,272436,274463,"-10,-9,7,9,10"
9,285094,277048,"6,-4,6,4"
9,224191,283200,"6,7,-6,6"
9,82230,86472,"6,-9,5,7"
9,1180565,270393,"7,7,8"
9,221729,272060,"6,6,8"
9,1168339,88854,"-11,7,3,-8,6"
9,280607,17550,"1,2,-6,6"
9,274201,285093,"2,0,2"
9,74893,6268,"5,8,9"
9,1180658,285890,"7,4,10"
9,229714,269693,"5,7,-7,5"
9,285137,1178677,"9,-7,2,4"
9,276193,926764,"10,9,-9,-7,8"
9,91757,270437,"4,8,5"
9,86641,216569,"4,4,9"
9,272975,229470,"-6,-7,3,7,10"
9,1187757,1171853,"3,4,8"
9,219293,82230,"7,3,3"
9,277354,279696,"2,4,5"
9,1174369,276556,"6,4,4"
9,275392,1183736,"3,4,4"
9,1186470,95136,"1,4,1"
9,1187759,279476,"10,10,5"
9,1949,1187179,"-7,6,3,5"
9,98184,1168131,"7,10,4"
9,274463,1175756,"9,7,-8,7"
9,98184,1170013,"9,11,-13,5"
9,89832,5021,"10,5,5"
9,220298,219923,"1,4,4"
9,285178,275034,"-8,3,6,3"
9,275667,274479,"5,4,12"
9,1181518,279838,"6,8,12"
9,229635,280325,"2,0,2"
9,271145,221139,"-6,6,4,6"
9,285305,1187692,"1,3,2"
9,74880,1177832,"2,2,8"
9,276728,1183047,"6,11,-7,7"
9,202651,1169792,"-8,8,-9,9,12"
9,284922,267295,"4,6,3"
9,21768,27458,"5,2,3"
9,216225,5004,"-5,8,-7,8,8"
9,286410,1186894,"-8,10,10,-7,10"
9,27961,270194,"6,4,11"
9,6857,273735,"5,-9,5,6"
9,270393,284725,"2,2,3"
9,1187724,267125,"5,6,8"
9,267363,1949,"-10,9,9,7"
9,92219,279820,"10,7,8"
9,36755,60706,"5,6,3"
9,81325,94298,"5,11,-8,8"
9,91267,1150978,"4,-6,7,-10,7"
9,266865,281422,"5,7,8"
9,273382,271860,"8,12,2"
9,63010,222180,"-7,8,-5,4,9"
9,215232,284796,"4,10,5"
9,1170753,1172858,"6,9,2"
9,1186360,271205,"7,7,9"
9,1131695,1164157,"10,3,7"
9,34207,266865,"6,4,8"
9,81189,1176913,"-4,-5,9,8,11"
9,203271,271482,"3,9,4"
9,8144,49435,"10,8,2"
9,1174255,271860,"5,7,6"
9,278648,285093,"5,6,9"
9,220284,59922,"1,6,7"
9,85572,96024,"5,-10,1,2"
9,279916,285093,"5,0,3"
9,14752,1170805,"6,8,9"
9,1177802,98280,"6,4,7"
9,270851,23283,"12,1,9"
9,280015,1183045,"2,-9,6,8"
9,285136,1170842,"-8,12,9,7"
9,217865,215565,"5,-9,10,13"
9,276728,1175380,"7,8,-6,6"
9,272218,277354,"-10,-5,7,11,8"
9,217440,10669,"8,14,2"
9,222971,270083,"8,13,-5,9"
9,8429,6050,"2,4,7"
9,277496,271494,"5,6,4"
9,53211,220104,"8,5,5"
9,219888,86472,"7,7,7"
9,281942,229714,"-8,11,-6,7,6"
9,1187756,1187757,"-5,8,3,-11,8"
9,220298,276160,"4,6,10"
9,284725,286036,"3,7,10"
9,285189,278846,"8,-10,8,8"
9,275466,271799,"-8,-5,7,8,6"
9,219796,1172441,"10,9,-9,-9,7"
9,275098,1175835,"4,9,3"
9,273382,281947,"5,3,3"
9,90498,1166878,"6,2,6"
9,283762,272742,"-8,9,6,8"
9,1165404,229700,"7,5,-9,-8,3"
9,273735,229498,"6,5,6"
9,20092,21768,"4,-6,8,7"
9,279025,29525,"11,11,10"
9,1180986,1187699,"3,6,1"
9,1166449,286012,"-7,7,5,8"
9,95314,262852,"-5,8,-7,9,7"
9,1174371,1187699,"8,6,9"
9,72061,7171,"7,3,5"
9,1176627,270991,"13,10,8"
9,269965,268979,"6,9,3"
9,211608,1172016,"3,8,6"
9,275292,280549,"1,7,4"
9,1186435,285557,"-8,10,9,7"
9,91905,1166024,"-7,7,7,7"
9,1182631,268857,"2,4,6"
9,217958,62151,"5,9,-10,-8,3"
9,269965,286016,"4,7,5"
9,273775,1173092,"1,3,1"
9,1176451,271860,"4,8,7"
9,266835,231503,"5,10,6"
9,98071,274492,"4,-10,5,12"
9,1180983,271042,"8,4,8"
9,1180684,214854,"5,3,9"
9,224191,3727,"7,-9,7,6"
9,3727,284457,"4,-7,9,10"
9,50664,1183044,"-9,9,9,8"
9,85544,1181532,"7,6,7"
9,280202,2331,"9,6,9"
9,1173259,74872,"10,10,6"
9,2059,14883,"-7,8,-10,2,7"
9,1186470,1184827,"5,4,9"
9,86641,1187753,"5,6,5"
9,74872,15550,"4,-8,5,-8,2"
9,271771,1174322,"4,9,4"
9,3727,274741,"7,8,10"
9,1178568,1172844,"2,2,8"
9,222971,272956,"8,-5,2,5"
9,221078,273167,"9,6,-9,3"
9,83506,1167751,"5,8,10"
9,34027,1180684,"-8,7,6,5"
9,1185246,276190,"-7,5,3,12"
9,57949,279402,"9,6,8"
9,47919,86697,"6,7,8"
9,1166750,279624,"3,8,2"
9,1167093,59455,"4,5,7"
9,275235,46331,"2,3,3"
9,285631,270703,"4,-8,8,10"
9,214419,62550,"3,-2,7,7"
9,96338,86472,"10,7,-10,10"
9,277048,285164,"10,7,8"
9,279594,275668,"5,7,14"
9,1182694,1179259,"8,5,6"
9,53157,284888,"-7,4,7,5"
9,265517,271883,"-9,8,6,6"
9,220298,49435,"5,4,6"
9,1164157,203245,"3,8,5"
9,1187749,270710,"5,10,-9,9"
9,279025,203226,"7,-7,5,9"
9,1185202,91612,"8,7,9"
9,1183024,1176772,"7,3,6"
9,275101,278846,"3,5,5"
9,1173129,89159,"-6,8,8,8"
9,9501,80369,"5,9,2"
9,276191,285136,"2,9,4"
9,1173545,271327,"6,11,-9,5"
9,275877,91444,"8,-6,7,-9,8"
9,1182627,285921,"5,1,5"
9,34485,1187713,"-7,8,5,5"
9,1172441,266835,"7,6,6"
9,271145,276556,"4,3,4"
9,1173545,275657,"9,6,-9,10"
9,286006,1180986,"9,3,3"
9,275947,220690,"-10,2,6,5"
9,275464,72178,"6,8,4"
9,276426,280549,"3,11,3"
9,1187742,286014,"2,2,8,12"
9,277359,285369,"4,5,-7,9"
9,277801,278927,"9,10,7"
9,1178555,277894,"5,-9,-8,4,7"
9,277839,1173688,"14,6,4"
9,203271,1187741,"-9,-7,12,8,7"
9,1187708,1175529,"9,3,9"
9,285083,217083,"6,9,6"
9,229635,224191,"6,6,6"
9,280444,271191,"12,9,5"
9,87850,202589,"10,-4,-8,6,9"
9,212032,270105,"3,10,3"
9,33402,17426,"6,8,6"
9,275099,283602,"8,8,4"
9,285379,82230,"4,7,3"
9,1170805,219769,"3,3,2"
9,285625,1183019,"12,4,5"
9,98071,1186360,"2,-10,4,7"
9,273642,277742,"9,6,-6,6"
9,269793,280549,"3,8,5"
9,92296,271883,"-12,3,2,6"
9,198570,98071,"-8,4,10,2"
9,1186115,271610,"-9,5,-9,5,11"
9,274338,286347,"4,7,-6,1"
9,274866,271205,"8,2,4"
9,266395,92943,"7,9,-8,8"
9,267295,1177769,"-6,-8,6,7,11"
9,1170759,286016,"3,7,6"
9,85544,78166,"7,-8,5,9"
9,15550,277927,"-12,10,5,3"
9,1173259,219888,"-9,6,6,6"
9,81946,275466,"-12,8,9,10"
9,34207,198570,"6,5,6"
9,1180663,286408,"4,1,4"
9,284888,217083,"4,2,2"
9,82176,74872,"11,3,7"
9,271274,271070,"8,2,2"
9,218523,87893,"10,9,10"
9,1184550,1183736,"-14,5,-9,7,8"
9,1177884,1165421,"4,8,-8,-5,5"
9,222180,1176913,"5,-6,9,5"
9,91905,1169110,"-7,-3,5,9,4"
9,1187755,282077,"4,12,6"
9,1182632,1176627,"-9,8,-9,9,3"
9,72242,1697,"5,6,-4,9"
9,286011,273735,"7,-2,7,7"
9,60234,2059,"10,1,1"
9,285392,216225,"5,5,3"
9,1178113,86925,"4,5,4"
9,1182627,74893,"10,-7,5,-4,11"
9,32546,88854,"4,5,4"
9,1186359,2331,"9,3,9"
9,221260,1187699,"-10,-8,9,6,10"
9,271149,285305,"3,-8,3,4"
9,231177,1178256,"3,4,3"
9,1183294,279542,"5,6,-9,5"
9,1186473,27961,"5,-9,-6,9,7"
9,1178086,1175380,"5,2,8"
9,1151017,275965,"3,9,7"
9,97611,1187691,"-7,6,10,-4,8"
9,21400,13020,"-10,10,-8,5,10"
9,279402,1176275,"10,14,-9,-9,4"
9,1131692,222763,"5,4,10"
9,34207,61680,"8,5,7"
9,230162,1186955,"6,6,7"
9,1165042,62488,"9,7,-6,-7,3"
9,229635,266835,"6,8,5"
9,8005,95136,"1,1,1"
9,229592,1175756,"9,10,2"
9,275037,1176448,"6,11,6"
9,272060,1183018,"9,9,7"
9,71746,270709,"8,8,7"
9,211903,1168015,"5,-9,-9,5,10"
9,211643,1170013,"8,-9,-8,7,8"
9,274350,271482,"8,10,7"
9,1170443,277147,"4,8,4"
9,217487,1185246,"6,13,-11,8"
9,1187759,285295,"7,7,8"
9,223847,229592,"12,8,6"
9,88635,1167093,"8,8,5"
9,271178,1170842,"6,4,-6,8"
9,1187761,1171127,"-9,16,6,8"
9,271481,1181392,"8,8,3"
9,86207,219402,"1,3,2"
9,1182694,283584,"9,-8,12,9"
9,87893,62151,"2,-10,5,4"
9,89832,74880,"9,5,-12,5"
9,267363,1171853,"-4,6,6,-7,7"
9,64549,1186894,"7,6,-10,-9,4"
9,14637,30066,"1,6,6"
9,1182627,1173688,"-8,7,2,7"
9,202979,284875,"-5,-10,7,9,9"
9,1170443,274995,"5,10,3"
9,59922,1173107,"5,7,2"
9,217143,218523,"-9,6,7,-7,2"
9,1172337,286408,"10,8,8"
9,274492,218150,"10,17,4"
9,1131692,10437,"9,8,7"
9,1175585,1187704,"-10,-13,8,8,1"
9,1186360,279691,"-11,8,9,5"
9,1183045,1150987,"7,8,2"
9,84904,215306,"4,10,6"
9,98280,219351,"-7,8,5,-7,6"
9,1180984,220993,"8,-8,-11,4,6"
9,1187758,1187715,"6,6,7"
9,1182632,273411,"5,6,9"
9,268979,272060,"7,2,8"
9,1176448,1171730,"6,7,3"
9,1165404,926332,"4,7,3"
9,278642,10140,"5,9,7"
9,1150995,271482,"4,9,6"
9,1169425,12141,"-9,-7,7,9,8"
9,8144,229635,"4,7,8"
9,1177954,96338,"10,-11,9,8"
9,220283,1182757,"-8,-2,-1,4,7,8,10"
9,29292,25344,"6,7,-12,-6,7"
9,283200,2059,"-10,6,6,9"
9,223757,285305,"5,-7,-7,8,6"
9,279563,266835,"11,9,-7,6"
9,285368,274994,"4,4,7"
9,98184,270990,"6,3,9"
9,275037,271149,"-7,-7,4,5,3"
9,1169792,229498,"-10,12,4,9"
9,263095,279025,"7,9,-6,2"
9,60234,217958,"-9,7,5,6"
9,275877,1182631,"-7,7,11,5"
9,267433,275694,"9,6,9"
9,271191,215326,"7,6,1"
9,81325,278163,"-4,7,7,-7,8"