Winner,Loser,Scores,Event
220284,30068,"7,3,3",Men's Singles
220284,269510,"1,4,5",Men's Singles
30068,269510,"2,4,5",Men's Singles
218074,1157745,"5,7,3",Men's Singles
218074,256412,"3,3,3",Men's Singles
218074,274567,"1,1,6",Men's Singles
256412,1157745,"9,6,5",Men's Singles
1157745,274567,"6,3,2",Men's Singles
256412,274567,"4,4,8",Men's Singles
278614,211614,"1,0,11",Men's Singles
278614,1157583,"3,6,7",Men's Singles
278614,1177096,"4,4,4",Men's Singles
211614,1157583,"9,4,8",Men's Singles
211614,1177096,"2,6,4",Men's Singles
1157583,1177096,"5,7,6",Men's Singles
1179146,25053,"-9,2,5,4",Men's Singles
1179146,1179201,"3,5,7",Men's Singles
1179201,25053,"8,-5,2,6",Men's Singles
280543,81663,"5,11,8",Men's Singles
280543,18298,"4,2,6",Men's Singles
280543,1177472,"2,4,4",Men's Singles
81663,18298,"4,-2,6,6",Men's Singles
1177472,81663,"-9,9,5,-9,10",Men's Singles
18298,1177472,"-5,7,9,5",Men's Singles
86921,1173130,"8,9,2",Men's Singles
86921,1177954,"1,11,3",Men's Singles
86921,1168670,"7,5,4",Men's Singles
1177954,1173130,"8,7,7",Men's Singles
1173130,1168670,"7,8,10",Men's Singles
1177954,1168670,"7,5,5",Men's Singles
280544,37020,"3,2,3",Men's Singles
280544,222509,"7,1,8",Men's Singles
222509,37020,"-10,-6,7,7,9",Men's Singles
86637,25608,"1,5,3",Men's Singles
86637,270494,"1,4,8",Men's Singles
25608,270494,"6,1,9",Men's Singles
279541,94298,"3,5,1",Men's Singles
279541,1167751,"2,2,2",Men's Singles
1180120,50664,"1,5,4",Men's Singles
1180120,275022,"4,1,0",Men's Singles
50664,275022,"-8,2,4,7",Men's Singles
1167100,217219,"9,3,8",Men's Singles
1167100,126009,"7,1,7",Men's Singles
217219,126009,"-6,8,8,-6,9",Men's Singles
217219,271056,"6,7,0",Men's Singles
1178802,1173546,"10,9,7",Men's Singles
280541,217487,"7,-8,10,2",Men's Singles
280541,1171728,"2,3,-8,8",Men's Singles
280541,1174330,"6,5,8",Men's Singles
217487,1171728,"7,6,6",Men's Singles
217487,1174330,"1,8,9",Men's Singles
1171728,1174330,"7,7,6",Men's Singles
280545,1170602,"5,3,2",Men's Singles
280545,274607,"2,3,2",Men's Singles
1170602,274607,"7,10,9",Men's Singles
84904,1168516,"6,8,9",Men's Singles
84904,1150962,"1,4,8",Men's Singles
1168516,1150962,"4,5,6",Men's Singles
95248,220985,"8,10,8",Men's Singles
95248,94049,"2,6,5",Men's Singles
220985,94049,"9,8,4",Men's Singles
999021,87979,"4,4,4",Men's Singles
999021,229635,"2,6,7",Men's Singles
999021,273411,"4,4,3",Men's Singles
87979,229635,"8,6,8",Men's Singles
87979,273411,"4,7,6",Men's Singles
229635,273411,"4,3,-11,-9,6",Men's Singles
85814,1172443,"3,4,5",Men's Singles
85814,1177962,"3,2,2",Men's Singles
1172443,26208,"-7,7,7,-7,5",Men's Singles
1172443,1177962,"3,4,5",Men's Singles
26208,1177962,"2,1,5",Men's Singles
1178102,221548,"2,4,5",Men's Singles
1178102,89832,"4,3,6",Men's Singles
1178102,223847,"6,3,3",Men's Singles
221548,89832,"6,-3,10,13",Men's Singles
221548,223847,"8,-9,9,7",Men's Singles
89832,223847,"6,10,-12,12",Men's Singles
212195,77764,"4,8,6",Men's Singles
212195,93839,"3,4,5",Men's Singles
212195,864,"3,3,5",Men's Singles
93839,77764,"8,3,12",Men's Singles
77764,864,"2,4,4",Men's Singles
93839,864,"5,4,6",Men's Singles
231275,71746,"5,5,5",Men's Singles
89837,1178113,"9,9,2",Men's Singles
89837,5004,"3,4,8",Men's Singles
89837,271581,"2,5,7",Men's Singles
1178113,5004,"2,9,9",Men's Singles
1178113,271581,"2,3,4",Men's Singles
5004,271581,"2,5,7",Men's Singles
98262,219405,"8,7,6",Men's Singles
98262,268875,"5,3,3",Men's Singles
98262,80950,"5,7,6",Men's Singles
219405,268875,"5,7,9",Men's Singles
219405,80950,"2,-8,4,5",Men's Singles
80950,268875,"-5,8,12,10",Men's Singles
211982,195549,"7,5,3",Men's Singles
211982,264093,"5,2,3",Men's Singles
211982,1176367,"6,1,6",Men's Singles
195549,264093,"3,3,8",Men's Singles
195549,1176367,"6,4,5",Men's Singles
264093,1176367,"10,5,-9,-9,6",Men's Singles
1180710,1164236,"5,4,9",Men's Singles
1180710,86077,"9,7,8",Men's Singles
1180710,1171814,"4,5,4",Men's Singles
1164236,86077,"6,6,-6,4",Men's Singles
1164236,1171814,"5,8,5",Men's Singles
86077,1171814,"7,8,1",Men's Singles
1166478,94469,"8,8,8",Men's Singles
1166478,214419,"7,4,6",Men's Singles
1166478,8475,"4,4,7",Men's Singles
94469,214419,"5,-12,9,2",Men's Singles
94469,8475,"5,5,3",Men's Singles
214419,8475,"4,-8,-10,10,4",Men's Singles
1178381,74872,"-6,1,4,6",Men's Singles
1178381,271786,"5,4,4",Men's Singles
271786,74872,"7,-9,9,-9,9",Men's Singles
281766,9784,"9,12,9",Men's Singles
281766,1177960,"3,4,4",Men's Singles
9784,1177960,"5,6,3",Men's Singles
1170429,219868,"8,8,8",Men's Singles
1170429,94133,"7,3,-10,2",Men's Singles
1170429,212945,"5,5,5",Men's Singles
219868,94133,"8,8,7",Men's Singles
219868,212945,"8,8,8",Men's Singles
94133,212945,"3,3,5",Men's Singles
1170149,222837,"6,-7,10,8",Men's Singles
1170149,223084,"3,3,1",Men's Singles
222837,223084,"6,3,9",Men's Singles
96307,1177907,"1,10,6",Men's Singles
96307,218929,"2,8,7",Men's Singles
1177907,218929,"4,4,9",Men's Singles
91031,10437,"6,8,1",Men's Singles
91031,76010,"7,6,2",Men's Singles
91031,272631,"6,-8,6,5",Men's Singles
10437,76010,"-9,5,8,8",Men's Singles
10437,272631,"9,7,8",Men's Singles
76010,272631,"-8,7,5,6",Men's Singles
281608,62089,"6,5,6",Men's Singles
281608,90786,"2,3,4",Men's Singles
62089,90786,"2,-6,7,2",Men's Singles
77108,263612,"5,7,5",Men's Singles
77108,224098,"5,6,6",Men's Singles
77108,1182914,"5,6,6",Men's Singles
263612,224098,"11,3,8",Men's Singles
1182914,263612,"8,8,8",Men's Singles
1182914,224098,"8,9,2",Men's Singles
220808,93102,"-8,6,5,3",Men's Singles
220808,91741,"5,7,6",Men's Singles
220808,281949,"5,6,3",Men's Singles
93102,91741,"9,11,3",Men's Singles
93102,281949,"2,-12,7,8",Men's Singles
281949,91741,"-5,11,6,11",Men's Singles
91905,34054,"6,5,5",Men's Singles
91905,280386,"5,3,3",Men's Singles
34054,280386,"2,3,5",Men's Singles
18537,215830,"8,8,8",Men's Singles
18537,273516,"7,2,5",Men's Singles
18537,999013,"6,7,-10,8",Men's Singles
215830,273516,"3,7,6",Men's Singles
999013,215830,"10,5,10",Men's Singles
999013,273516,"-7,8,5,7",Men's Singles
93127,61290,"4,9,5",Men's Singles
93127,999001,"8,7,6",Men's Singles
999001,61290,"5,3,4",Men's Singles
82768,201783,"10,-7,7,-6,8",Men's Singles
82768,927518,"4,5,8",Men's Singles
82768,999068,"6,8,4",Men's Singles
201783,927518,"3,6,6",Men's Singles
201783,999068,"3,7,5",Men's Singles
999068,927518,"-4,6,-7,8,10",Men's Singles
280535,92461,"-7,-4,5,3,10",Men's Singles
280535,95991,"4,1,4",Men's Singles
280535,999055,"-8,10,6,-4,5",Men's Singles
92461,95991,"5,5,7",Men's Singles
999055,92461,"7,-8,3,7",Men's Singles
999055,95991,"4,6,8",Men's Singles
75749,219413,"4,1,2",Men's Singles
281499,75749,"5,-7,10,10",Men's Singles
1150995,219413,"2,8,6",Men's Singles
281499,1150995,"7,4,5",Men's Singles
281499,219413,"5,5,8",Men's Singles
82782,202365,"11,7,9",Men's Singles
280086,1171074,"6,11,7",Men's Singles
280086,62550,"3,4,8",Men's Singles
280086,281948,"9,-6,-8,9,9",Men's Singles
1171074,62550,"0,5,5",Men's Singles
281948,1171074,"7,3,9",Men's Singles
281948,62550,"4,4,4",Men's Singles
211736,84273,"5,3,7",Men's Singles
211736,280445,"8,6,4",Men's Singles
211736,999048,"6,10,10",Men's Singles
84273,280445,"7,5,3",Men's Singles
999048,84273,"3,8,-8,3",Men's Singles
999048,280445,"6,8,6",Men's Singles
1178107,29200,"9,8,11",Men's Singles
1178107,15550,"7,9,6",Men's Singles
29200,15550,"7,9,6",Men's Singles
202363,1175888,"8,-10,8,5",Men's Singles
202363,274478,"1,6,8",Men's Singles
202363,999003,"-6,6,9,6",Men's Singles
1175888,274478,"3,10,6",Men's Singles
999003,1175888,"-8,7,-8,6,5",Men's Singles
999003,274478,"7,6,4",Men's Singles
59922,229498,"6,6,6",Men's Singles
999062,59922,"8,8,4",Men's Singles
999062,229498,"6,5,7",Men's Singles
275992,95668,"-7,9,8,-9,8",Men's Singles
275992,35038,"5,4,6",Men's Singles
275992,277437,"1,3,5",Men's Singles
95668,35038,"3,9,6",Men's Singles
95668,277437,"5,3,8",Men's Singles
35038,277437,"-7,6,10,6",Men's Singles
1167521,218166,"-6,11,11,0",Men's Singles
218166,90498,"7,9,4",Men's Singles
1167521,90498,"-9,2,3,4",Men's Singles
267124,222276,"2,6,-5,3",Men's Singles
267124,56980,"5,8,8",Men's Singles
267124,999046,"6,10,3",Men's Singles
222276,56980,"8,5,9",Men's Singles
222276,999046,"5,8,5",Men's Singles
999046,56980,"-7,6,5,5",Men's Singles
197388,93088,"1,3,2",Men's Singles
92296,95450,"9,8,6",Men's Singles
999047,92296,"10,9,9",Men's Singles
7014,95450,"4,9,4",Men's Singles
999047,7014,"13,-6,4,-13,12",Men's Singles
999047,95450,"6,4,6",Men's Singles
217865,1181620,"5,9,8",Men's Singles
1181620,1164157,"8,10,9",Men's Singles
999027,1181620,"8,6,5",Men's Singles
217865,1164157,"9,6,5",Men's Singles
217865,999027,"6,-5,-9,8,8",Men's Singles
999027,1164157,"7,8,6",Men's Singles
281328,281332,"7,8,9",Men's Singles
281332,1174429,"4,9,7",Men's Singles
999038,281332,"9,9,9",Men's Singles
281328,999038,"6,-5,-9,8,8",Men's Singles
21270,80241,"-10,7,8,-6,9",Men's Singles
80241,84300,"3,5,6",Men's Singles
999011,80241,"8,4,6",Men's Singles
21270,84300,"3,2,4",Men's Singles
999011,21270,"3,4,3",Men's Singles
999011,84300,"1,5,5",Men's Singles
87830,1170878,"7,7,5",Women's Singles
87830,1131695,"5,4,8",Women's Singles
1131695,1170878,"6,9,-6,10",Women's Singles
82231,98155,"7,11,9",Women's Singles
82231,216225,"2,6,1",Women's Singles
82231,273642,"7,3,1",Women's Singles
98155,216225,"4,4,4",Women's Singles
98155,273642,"3,4,3",Women's Singles
216225,273642,"1,4,9",Women's Singles
1168377,94395,"2,10,3",Women's Singles
1168377,271772,"6,6,3",Women's Singles
1168377,265649,"5,3,2",Women's Singles
271772,94395,"10,-6,-6,8,8",Women's Singles
94395,265649,"10,4,6",Women's Singles
271772,265649,"3,6,5",Women's Singles
86641,270340,"8,-5,7,8",Women's Singles
86641,264013,"3,3,4",Women's Singles
86641,276405,"2,2,2",Women's Singles
270340,264013,"-10,8,7,1",Women's Singles
270340,276405,"0,2,3",Women's Singles
264013,276405,"1,5,0",Women's Singles
74221,219686,"14,4,-9,7",Women's Singles
74221,96338,"6,4,4",Women's Singles
999030,74221,"10,5,-10,5",Women's Singles
219686,96338,"6,9,7",Women's Singles
999030,219686,"8,5,5",Women's Singles
999030,96338,"5,6,3",Women's Singles
222971,1171867,"6,6,5",Women's Singles
222971,281950,"7,3,5",Women's Singles
281950,220824,"-9,5,-9,6,6",Women's Singles
281950,1171867,"5,7,1",Women's Singles
211608,224135,"-9,8,6,8",Women's Singles
211608,219402,"9,7,6",Women's Singles
224135,219402,"1,5,9",Women's Singles
1175117,5935,"-11,7,4,9",Women's Singles
1175117,202322,"4,3,9",Women's Singles
1175117,999050,"-7,12,9,5",Women's Singles
5935,202322,"4,5,3",Women's Singles
999050,5935,"-7,-7,4,7,2",Women's Singles
999050,202322,"5,4,4",Women's Singles
53157,1178382,"-7,8,8,5",Women's Singles
53157,1181174,"7,3,4",Women's Singles
999008,53157,"7,-3,10,9",Women's Singles
1178382,1181174,"7,-7,6,8",Women's Singles
999008,1178382,"5,10,9",Women's Singles
999008,1181174,"11,3,-6,-4,5",Women's Singles
92550,1176475,"4,6,5",Women's Singles
92550,211903,"1,10,3",Women's Singles
92550,999065,"-7,-8,6,10,8",Women's Singles
1176475,211903,"10,3,6",Women's Singles
999065,1176475,"1,3,0",Women's Singles
999065,211903,"4,4,4",Women's Singles
201784,1181621,"-3,-11,5,8,9",Women's Singles
201784,95292,"5,7,4",Women's Singles
201784,999058,"5,8,6",Women's Singles
1181621,95292,"4,5,2",Women's Singles
1181621,999058,"2,3,5",Women's Singles
999058,95292,"1,-6,8,10",Women's Singles
274903,222299,"9,6,7",Women's Singles
222299,1176375,"6,6,6",Women's Singles
999032,222299,"9,10,-6,-4,10",Women's Singles
274903,1176375,"10,6,9",Women's Singles
274903,999032,"7,5,3",Women's Singles
999032,1176375,"3,4,-6,11",Women's Singles
281324,203187,"6,6,-10,8",Women's Singles
281324,276750,"5,1,4",Women's Singles
203187,276750,"3,7,6",Women's Singles
1171743,222763,"5,12,12",Women's Singles
222763,1170430,"7,3,3",Women's Singles
999064,222763,"-10,4,8,-13,6",Women's Singles
1171743,1170430,"4,3,5",Women's Singles
999064,1171743,"5,6,5",Women's Singles
999064,1170430,"1,2,0",Women's Singles
280666,1132458,"1,4,5",Women's Singles
280666,214956,"1,3,1",Women's Singles
280666,281942,"-5,-7,7,8,9",Women's Singles
281942,1132458,"4,2,3",Women's Singles
281942,214956,"5,6,2",Women's Singles
230166,81522,"10,-9,10,1",Women's Singles
230166,1175404,"1,2,8",Women's Singles
81522,1175404,"6,3,3",Women's Singles
76235,1132458,"4,4,4",U21 Women Singles
76235,1170878,"9,7,7",U21 Women Singles
1170878,1132458,"-11,7,7,6",U21 Women Singles
1173760,219240,"10,7,8",U21 Women Singles
1173760,1131695,"3,6,3",U21 Women Singles
1131695,219240,"4,11,-7,12",U21 Women Singles
82232,94395,"7,0,3",U21 Women Singles
82232,272956,"2,2,2",U21 Women Singles
94395,272956,"5,10,10",U21 Women Singles
94395,274995,"0,5,5",U21 Women Singles
272956,274995,"1,6,2",U21 Women Singles
90353,224135,"11,6,5",U21 Women Singles
90353,1173779,"6,4,3",U21 Women Singles
90353,272737,"2,5,-10,3",U21 Women Singles
224135,1173779,"4,5,6",U21 Women Singles
272737,224135,"9,4,-7,-5,8",U21 Women Singles
1173779,272737,"8,-6,8,8",U21 Women Singles
1177172,1178382,"5,4,3",U21 Women Singles
1177172,275694,"7,4,2",U21 Women Singles
1177172,1175403,"8,2,4",U21 Women Singles
1178382,275694,"11,-4,8,5",U21 Women Singles
1178382,1175403,"2,5,3",U21 Women Singles
275694,1175403,"3,6,4",U21 Women Singles
77897,220824,"1,5,5",U21 Women Singles
77897,1157628,"-8,8,6,4",U21 Women Singles
220824,1157628,"4,3,5",U21 Women Singles
220824,273642,"4,5,-9,3",U21 Women Singles
1157628,273642,"-9,8,6,6",U21 Women Singles
87830,1176475,"6,5,3",U21 Women Singles
87830,271481,"6,6,7",U21 Women Singles
87830,276405,"1,1,1",U21 Women Singles
1176475,271481,"12,9,9",U21 Women Singles
1176475,276405,"1,2,2",U21 Women Singles
271481,276405,"4,3,2",U21 Women Singles
1181621,82231,"-7,5,5,9",U21 Women Singles
82231,264013,"2,2,4",U21 Women Singles
1181621,264013,"3,4,1",U21 Women Singles
1181621,265649,"2,2,2",U21 Women Singles
264013,265649,"7,8,5",U21 Women Singles
222971,270083,"5,5,6",U21 Women Singles
222971,1181174,"4,4,5",U21 Women Singles
222971,1177588,"2,4,2",U21 Women Singles
1181174,270083,"-10,8,15,9",U21 Women Singles
270083,1177588,"2,6,-8,-8,8",U21 Women Singles
1181174,1177588,"8,7,-9,8",U21 Women Singles
281324,211608,"8,8,7",U21 Women Singles
211608,216225,"11,9,3",U21 Women Singles
281950,211608,"-8,8,9,-9,5",U21 Women Singles
281324,216225,"7,2,3",U21 Women Singles
281324,281950,"6,-10,4,7",U21 Women Singles
281950,216225,"9,9,1",U21 Women Singles
92550,98155,"9,7,6",U21 Women Singles
92550,1171867,"-9,5,7,5",U21 Women Singles
92550,999032,"-7,6,7,6",U21 Women Singles
98155,1171867,"6,9,3",U21 Women Singles
98155,999032,"7,3,5",U21 Women Singles
999032,1171867,"5,-5,9,11",U21 Women Singles
201784,276838,"7,7,-14,6",U21 Women Singles
999030,201784,"-8,3,8,8",U21 Women Singles
999030,276838,"2,5,3",U21 Women Singles
203187,222299,"-8,8,9,10",U21 Women Singles
222299,1178115,"2,8,5",U21 Women Singles
281942,222299,"-4,10,10,1",U21 Women Singles
203187,1178115,"2,4,8",U21 Women Singles
281942,203187,"7,-10,4,5",U21 Women Singles
281942,1178115,"2,2,4",U21 Women Singles
84903,270366,"9,6,6",U19 Boys' Singles
84903,1172443,"7,4,4",U19 Boys' Singles
270366,1172443,"8,7,9",U19 Boys' Singles
218074,1165422,"1,4,2",U19 Boys' Singles
218074,213538,"3,7,4",U19 Boys' Singles
218074,264093,"5,3,3",U19 Boys' Singles
213538,1165422,"7,8,-7,-6,7",U19 Boys' Singles
1165422,264093,"6,4,10",U19 Boys' Singles
213538,264093,"7,9,5",U19 Boys' Singles
219868,217219,"6,6,-9,-9,5",U19 Boys' Singles
219868,280445,"3,13,-10,8",U19 Boys' Singles
217219,280445,"8,-9,-7,6,8",U19 Boys' Singles
84904,222837,"6,7,8",U19 Boys' Singles
84904,221548,"6,8,6",U19 Boys' Singles
84904,280386,"6,8,7",U19 Boys' Singles
222837,221548,"-13,6,7,8",U19 Boys' Singles
222837,280386,"-6,5,4,3",U19 Boys' Singles
221548,280386,"5,-6,8,7",U19 Boys' Singles
89837,1171074,"3,7,9",U19 Boys' Singles
89837,217143,"5,6,7",U19 Boys' Singles
89837,218524,"7,6,6",U19 Boys' Singles
1171074,217143,"-9,5,8,2",U19 Boys' Singles
1171074,218524,"4,4,4",U19 Boys' Singles
217143,218524,"5,8,4",U19 Boys' Singles
98262,202365,"6,9,1",U19 Boys' Singles
98262,211614,"6,9,6",U19 Boys' Singles
98262,229837,"3,1,5",U19 Boys' Singles
202365,211614,"6,7,8",U19 Boys' Singles
202365,229837,"9,8,7",U19 Boys' Singles
211614,229837,"9,6,3",U19 Boys' Singles
211982,215565,"2,7,7",U19 Boys' Singles
211982,1150978,"4,7,6",U19 Boys' Singles
211982,270437,"4,2,6",U19 Boys' Singles
215565,1150978,"1,7,3",U19 Boys' Singles
215565,270437,"3,3,3",U19 Boys' Singles
270437,1150978,"8,7,5",U19 Boys' Singles
1180710,1177907,"3,9,4",U19 Boys' Singles
1180710,1157583,"7,5,4",U19 Boys' Singles
1180710,276190,"4,9,3",U19 Boys' Singles
1177907,1157583,"8,-2,-7,7,9",U19 Boys' Singles
1177907,276190,"8,3,8",U19 Boys' Singles
1157583,276190,"5,-8,6,11",U19 Boys' Singles
1178381,219237,"8,7,9",U19 Boys' Singles
1178381,1157745,"7,8,9",U19 Boys' Singles
1178381,279728,"3,4,2",U19 Boys' Singles
219237,1157745,"11,7,9",U19 Boys' Singles
219237,279728,"5,9,12",U19 Boys' Singles
1157745,279728,"5,9,9",U19 Boys' Singles
1167521,281766,"9,10,-6,7",U19 Boys' Singles
281766,1168516,"2,6,6",U19 Boys' Singles
281766,1180395,"5,5,7",U19 Boys' Singles
1167521,1168516,"7,-8,7,5",U19 Boys' Singles
1167521,1180395,"6,4,2",U19 Boys' Singles
1168516,1180395,"4,2,2",U19 Boys' Singles
96307,1164236,"9,4,3",U19 Boys' Singles
96307,1179201,"3,8,5",U19 Boys' Singles
96307,269971,"4,2,7",U19 Boys' Singles
1179201,1164236,"4,5,5",U19 Boys' Singles
1164236,269971,"6,8,3",U19 Boys' Singles
1179201,269971,"2,2,4",U19 Boys' Singles
91031,212806,"-4,8,4,5",U19 Boys' Singles
91031,222509,"7,4,6",U19 Boys' Singles
91031,220690,"8,3,4",U19 Boys' Singles
212806,222509,"5,4,5",U19 Boys' Singles
212806,220690,"7,-9,-7,2,4",U19 Boys' Singles
222509,220690,"7,3,8",U19 Boys' Singles
220808,1178383,"7,3,5",U19 Boys' Singles
220808,280415,"5,5,-10,7",U19 Boys' Singles
220808,999013,"8,-5,-7,6,7",U19 Boys' Singles
1178383,280415,"4,5,-8,-9,9",U19 Boys' Singles
999013,1178383,"7,6,7",U19 Boys' Singles
999013,280415,"3,6,5",U19 Boys' Singles
281333,230805,"8,-6,7,5",U19 Boys' Singles
281333,1178802,"7,2,-8,5",U19 Boys' Singles
230805,1178802,"12,6,5",U19 Boys' Singles
211736,222276,"8,6,11",U19 Boys' Singles
211736,274994,"7,8,2",U19 Boys' Singles
211736,999062,"6,7,6",U19 Boys' Singles
222276,274994,"7,9,8",U19 Boys' Singles
999062,222276,"6,7,4",U19 Boys' Singles
999062,274994,"7,4,4",U19 Boys' Singles
217235,281328,"7,-8,8,-4,8",U19 Boys' Singles
217235,1179206,"4,4,4",U19 Boys' Singles
217235,999052,"7,6,8",U19 Boys' Singles
281328,1179206,"8,5,3",U19 Boys' Singles
281328,999052,"10,4,10",U19 Boys' Singles
999052,1179206,"9,9,8",U19 Boys' Singles
1178107,281332,"6,9,7",U19 Boys' Singles
1178107,265648,"7,5,6",U19 Boys' Singles
1178107,999069,"8,1,6",U19 Boys' Singles
281332,265648,"8,9,6",U19 Boys' Singles
281332,999069,"6,6,-9,9",U19 Boys' Singles
202363,1181620,"5,7,5",U19 Boys' Singles
202363,229714,"8,8,0",U19 Boys' Singles
202363,999068,"5,2,7",U19 Boys' Singles
1181620,229714,"8,-6,8,11",U19 Boys' Singles
1181620,999068,"7,-8,4,9",U19 Boys' Singles
229714,999068,"5,3,5",U19 Boys' Singles
197388,275992,"10,8,10",U19 Boys' Singles
275992,223163,"4,9,8",U19 Boys' Singles
197388,223163,"9,7,5",U19 Boys' Singles
267124,218166,"3,5,3",U19 Boys' Singles
218166,256412,"5,-9,8,4",U19 Boys' Singles
281948,218166,"-9,9,5,11",U19 Boys' Singles
267124,256412,"3,1,5",U19 Boys' Singles
267124,281948,"3,5,10",U19 Boys' Singles
281948,256412,"2,10,4",U19 Boys' Singles
1173760,1169576,"6,5,8",U19 Girls' Singles
1173760,272956,"1,3,4",U19 Girls' Singles
272956,1169576,"7,7,9",U19 Girls' Singles
90353,272586,"2,3,3",U19 Girls' Singles
90353,216225,"2,1,6",U19 Girls' Singles
272586,216225,"-9,9,1,10",U19 Girls' Singles
222971,224135,"4,7,9",U19 Girls' Singles
222971,1175371,"1,6,5",U19 Girls' Singles
222971,275694,"2,1,2",U19 Girls' Singles
1175371,224135,"-8,8,8,6",U19 Girls' Singles
224135,275694,"-10,9,8,2",U19 Girls' Singles
1175371,275694,"3,2,5",U19 Girls' Singles
211608,219240,"4,6,10",U19 Girls' Singles
211608,1170878,"10,10,11",U19 Girls' Singles
211608,271772,"13,5,6",U19 Girls' Singles
219240,1170878,"-4,9,8,7",U19 Girls' Singles
219240,271772,"9,5,6",U19 Girls' Singles
1170878,271772,"9,10,3",U19 Girls' Singles
92550,1171855,"-6,6,7,6",U19 Girls' Singles
92550,1131695,"8,-8,7,8,-12",U19 Girls' Singles
92550,1174461,"4,3,3",U19 Girls' Singles
1131695,1171855,"11,6,-7,4",U19 Girls' Singles
1171855,1174461,"8,5,2",U19 Girls' Singles
1131695,1174461,"5,7,5",U19 Girls' Singles
222299,1173779,"8,3,5",U19 Girls' Singles
222299,1175403,"1,1,4",U19 Girls' Singles
1173779,1175403,"2,2,9",U19 Girls' Singles
1178382,222763,"6,6,13",U19 Girls' Singles
1171127,222763,"-7,14,6,9",U19 Girls' Singles
222763,219649,"4,3,2",U19 Girls' Singles
1178382,1171127,"8,9,11",U19 Girls' Singles
1178382,219649,"5,4,8",U19 Girls' Singles
1171127,219649,"-10,2,10,3",U19 Girls' Singles
203187,230237,"6,8,6",U19 Girls' Singles
203187,1157628,"5,6,-5,8",U19 Girls' Singles
203187,276160,"9,7,6",U19 Girls' Singles
230237,1157628,"5,-6,9,8",U19 Girls' Singles
230237,276160,"4,-6,4,9",U19 Girls' Singles
1157628,276160,"7,3,4",U19 Girls' Singles
98155,96508,"4,9,8",U19 Girls' Singles
98155,271481,"6,7,5",U19 Girls' Singles
98155,1178115,"7,8,5",U19 Girls' Singles
96508,271481,"6,7,11",U19 Girls' Singles
96508,1178115,"10,2,6",U19 Girls' Singles
271481,1178115,"5,9,9",U19 Girls' Singles
1171128,1167527,"-8,3,-11,12,5",U19 Girls' Singles
1171128,263394,"9,-8,6,8",U19 Girls' Singles
1171128,271771,"5,3,5",U19 Girls' Singles
263394,1167527,"6,-8,7,7",U19 Girls' Singles
1167527,271771,"7,-9,7,10",U19 Girls' Singles
263394,271771,"4,-7,9,5",U19 Girls' Singles
1181621,219210,"7,-9,7,-9,5",U19 Girls' Singles
281950,219210,"-11,11,-8,9,7",U19 Girls' Singles
1181621,276838,"4,6,4",U19 Girls' Singles
1181621,281950,"2,-8,8,5",U19 Girls' Singles
281950,276838,"9,3,3",U19 Girls' Singles
224231,270083,"8,6,-9,2",U19 Girls' Singles
224231,268979,"5,2,4",U19 Girls' Singles
224231,999032,"6,-11,9,8",U19 Girls' Singles
270083,268979,"6,5,4",U19 Girls' Singles
270083,999032,"-10,9,3,5",U19 Girls' Singles
268979,999032,"10,-7,2,8",U19 Girls' Singles
1176475,1170759,"9,9,-10,8",U19 Girls' Singles
1170759,264013,"6,9,-8,11",U19 Girls' Singles
1170759,999006,"3,9,5",U19 Girls' Singles
1176475,264013,"-8,3,14,6",U19 Girls' Singles
1176475,999006,"4,-6,8,3",U19 Girls' Singles
999006,264013,"-11,-5,5,12,6",U19 Girls' Singles
218074,1179201,"4,5,6",U17 Boys' Singles
218074,280415,"5,7,4",U17 Boys' Singles
1179201,280415,"-7,9,5,6",U17 Boys' Singles
98262,1157745,"5,4,6",U17 Boys' Singles
98262,218523,"6,6,5",U17 Boys' Singles
218523,1157745,"5,7,-7,-4,7",U17 Boys' Singles
211982,256412,"3,6,8",U17 Boys' Singles
211982,1173259,"6,3,2",U17 Boys' Singles
256412,1173259,"5,7,-9,7",U17 Boys' Singles
96307,280414,"8,5,5",U17 Boys' Singles
96307,1178802,"10,5,7",U17 Boys' Singles
96307,1168206,"3,3,6",U17 Boys' Singles
280414,1178802,"-8,7,8,3",U17 Boys' Singles
280414,1168206,"6,-8,3,3",U17 Boys' Singles
1178802,1168206,"-6,7,9,-9,0",U17 Boys' Singles
202029,211614,"4,6,7",U17 Boys' Singles
202029,222509,"5,-11,3,3",U17 Boys' Singles
202029,270437,"3,2,6",U17 Boys' Singles
222509,211614,"-6,-4,9,9,9",U17 Boys' Singles
211614,270437,"6,9,-10,5",U17 Boys' Singles
222509,270437,"7,7,-3,-3,3",U17 Boys' Singles
281333,1166449,"7,3,4",U17 Boys' Singles
281333,1168516,"5,7,4",U17 Boys' Singles
281333,271494,"1,5,6",U17 Boys' Singles
1166449,1168516,"-9,-9,9,9,10",U17 Boys' Singles
1166449,271494,"6,3,3",U17 Boys' Singles
1168516,271494,"7,7,6",U17 Boys' Singles
211736,217219,"5,6,7",U17 Boys' Singles
211736,265334,"4,1,6",U17 Boys' Singles
211736,276190,"3,5,6",U17 Boys' Singles
265334,217219,"7,-13,12,9",U17 Boys' Singles
217219,276190,"2,5,6",U17 Boys' Singles
265334,276190,"-8,5,8,5",U17 Boys' Singles
217235,213538,"4,-9,8,7",U17 Boys' Singles
217235,274994,"4,4,9",U17 Boys' Singles
217235,280445,"8,6,1",U17 Boys' Singles
213538,274994,"4,9,9",U17 Boys' Singles
213538,280445,"8,-9,8,10",U17 Boys' Singles
274994,280445,"10,8,-10,-6,4",U17 Boys' Singles
202363,262852,"5,5,4",U17 Boys' Singles
202363,1170753,"5,4,6",U17 Boys' Singles
202363,1173156,"5,4,11",U17 Boys' Singles
262852,1170753,"4,6,6",U17 Boys' Singles
262852,1173156,"2,4,6",U17 Boys' Singles
1170753,1173156,"3,2,5",U17 Boys' Singles
275992,229714,"8,6,4",U17 Boys' Singles
275992,1175443,"5,5,5",U17 Boys' Singles
1175443,229714,"7,4,7",U17 Boys' Singles
218166,223760,"9,-8,-9,5,5",U17 Boys' Singles
218166,220690,"6,5,9",U17 Boys' Singles
223760,220690,"4,6,6",U17 Boys' Singles
267124,217143,"5,2,-9,4",U17 Boys' Singles
267124,269971,"3,1,3",U17 Boys' Singles
217143,269971,"3,5,8",U17 Boys' Singles
96746,223759,"7,7,7",U17 Boys' Singles
96746,268875,"7,-8,3,4",U17 Boys' Singles
96746,272975,"6,3,4",U17 Boys' Singles
223759,268875,"4,8,2",U17 Boys' Singles
223759,272975,"2,3,7",U17 Boys' Singles
268875,272975,"7,-8,7,-9,3",U17 Boys' Singles
197388,1172443,"8,5,10",U17 Boys' Singles
197388,269570,"4,4,3",U17 Boys' Singles
197388,1167518,"7,4,6",U17 Boys' Singles
1172443,269570,"8,5,6",U17 Boys' Singles
1172443,1167518,"3,4,6",U17 Boys' Singles
269570,1167518,"6,4,2",U17 Boys' Singles
1181620,219191,"8,8,-11,7",U17 Boys' Singles
1181620,1150978,"9,-12,5,7",U17 Boys' Singles
273646,1181620,"8,-6,6,-7,8",U17 Boys' Singles
219191,1150978,"-7,-11,7,8,12",U17 Boys' Singles
273646,219191,"9,-8,6,10",U17 Boys' Singles
1150978,273646,"13,9,-5,-11,7",U17 Boys' Singles
281328,270366,"6,7,-9,3",U17 Boys' Singles
281328,264093,"11,3,2",U17 Boys' Singles
281328,250080,"10,6,3",U17 Boys' Singles
270366,264093,"9,9,9",U17 Boys' Singles
270366,250080,"-9,7,7,8",U17 Boys' Singles
264093,250080,"-8,7,3,-8,9",U17 Boys' Singles
217865,1165422,"4,7,6",U17 Boys' Singles
217865,1179206,"4,4,7",U17 Boys' Singles
217865,1177768,"6,8,2",U17 Boys' Singles
1165422,1179206,"5,6,8",U17 Boys' Singles
1165422,1177768,"4,6,5",U17 Boys' Singles
1179206,1177768,"7,4,6",U17 Boys' Singles
222276,280386,"5,7,8",U17 Boys' Singles
222276,229837,"7,8,3",U17 Boys' Singles
280386,229837,"-8,9,4,8",U17 Boys' Singles
212806,1157612,"13,6,10",U17 Boys' Singles
212806,270305,"5,9,-7,7",U17 Boys' Singles
212806,273260,"1,5,3",U17 Boys' Singles
1157612,270305,"8,-8,3,8",U17 Boys' Singles
1157612,273260,"4,6,5",U17 Boys' Singles
270305,273260,"7,4,9",U17 Boys' Singles
230805,269693,"8,9,2",U17 Boys' Singles
230805,265517,"6,5,5",U17 Boys' Singles
230805,999052,"10,-6,9,8",U17 Boys' Singles
269693,265517,"-9,-8,5,3,8",U17 Boys' Singles
999052,269693,"7,6,2",U17 Boys' Singles
999052,265517,"5,11,-7,-9,8",U17 Boys' Singles
1164236,271883,"8,9,6",U17 Boys' Singles
999047,1164236,"7,6,-8,9",U17 Boys' Singles
999047,271883,"7,4,7",U17 Boys' Singles
202365,222837,"6,-7,7,1",U17 Boys' Singles
202365,271260,"4,6,7",U17 Boys' Singles
202365,999012,"7,7,0",U17 Boys' Singles
222837,271260,"4,7,-8,5",U17 Boys' Singles
222837,999012,"4,6,5",U17 Boys' Singles
271260,999012,"8,7,9",U17 Boys' Singles
1177907,1171074,"-9,6,8,9",U17 Boys' Singles
1181597,1171074,"-6,-8,6,9,9",U17 Boys' Singles
999013,1171074,"5,8,8",U17 Boys' Singles
1177907,1181597,"6,7,-14,3",U17 Boys' Singles
999013,1177907,"8,-8,-8,8,8",U17 Boys' Singles
999013,1181597,"9,9,7",U17 Boys' Singles
1150995,219237,"8,-6,6,8",U17 Boys' Singles
281948,1150995,"7,7,9",U17 Boys' Singles
281948,219237,"7,5,6",U17 Boys' Singles
215565,1171292,"-9,9,9,10",U17 Boys' Singles
1171292,1171874,"7,4,-10,6",U17 Boys' Singles
1171292,281953,"4,8,7",U17 Boys' Singles
215565,1171874,"7,8,2",U17 Boys' Singles
215565,281953,"6,4,4",U17 Boys' Singles
1171874,281953,"1,11,7",U17 Boys' Singles
1173760,1170878,"4,2,4",U17 Girls' Singles
222971,272586,"6,3,-8,4",U17 Girls' Singles
222971,1173779,"11,7,6",U17 Girls' Singles
272586,1173779,"1,4,9",U17 Girls' Singles
211608,270340,"4,6,9",U17 Girls' Singles
211608,1157628,"9,2,7",U17 Girls' Singles
270340,1157628,"10,4,8",U17 Girls' Singles
92550,267433,"7,-5,-10,6,7",U17 Girls' Singles
92550,271481,"7,8,9",U17 Girls' Singles
92550,271771,"11,7,-8,7",U17 Girls' Singles
271481,267433,"-4,8,-7,8,10",U17 Girls' Singles
267433,271771,"8,9,9",U17 Girls' Singles
271481,271771,"-11,1,6,8",U17 Girls' Singles
222299,1131695,"-4,5,8,2",U17 Girls' Singles
222299,263394,"9,7,7",U17 Girls' Singles
222299,219649,"4,4,6",U17 Girls' Singles
1131695,263394,"-10,3,7,11",U17 Girls' Singles
1131695,219649,"2,2,-6,4",U17 Girls' Singles
263394,219649,"8,-8,3,8",U17 Girls' Singles
213603,272956,"-9,-6,4,7,9",U17 Girls' Singles
213603,1178115,"9,6,4",U17 Girls' Singles
272956,275694,"6,4,7",U17 Girls' Singles
272956,1178115,"4,10,5",U17 Girls' Singles
203187,1169576,"1,6,2",U17 Girls' Singles
203187,276838,"4,-5,6,7",U17 Girls' Singles
203187,231282,"1,1,3",U17 Girls' Singles
276838,1169576,"7,4,4",U17 Girls' Singles
1169576,231282,"4,1,9",U17 Girls' Singles
276838,231282,"4,5,8",U17 Girls' Singles
98155,1175371,"1,8,3",U17 Girls' Singles
98155,264013,"7,8,1",U17 Girls' Singles
98155,276135,"-11,4,8,6",U17 Girls' Singles
1175371,264013,"0,-7,-8,10,9",U17 Girls' Singles
1175371,276135,"8,-9,7,7",U17 Girls' Singles
264013,276135,"12,11,13",U17 Girls' Singles
1171128,1171855,"6,-9,5,8",U17 Girls' Singles
1171128,216225,"-6,2,9,6",U17 Girls' Singles
1171128,1175403,"2,2,3",U17 Girls' Singles
1171855,216225,"7,3,6",U17 Girls' Singles
1171855,1175403,"5,5,8",U17 Girls' Singles
216225,1175403,"7,2,5",U17 Girls' Singles
219210,231177,"3,5,4",U17 Girls' Singles
219210,1174461,"3,3,6",U17 Girls' Singles
231177,1174461,"7,6,10",U17 Girls' Singles
224231,224135,"5,6,-8,5",U17 Girls' Singles
224231,1171854,"8,3,6",U17 Girls' Singles
224231,276160,"7,3,9",U17 Girls' Singles
224135,1171854,"8,3,9",U17 Girls' Singles
224135,276160,"4,4,-6,5",U17 Girls' Singles
1171854,276160,"6,-8,-9,4,2",U17 Girls' Singles
219240,276191,"2,-10,-8,9,7",U17 Girls' Singles
999057,219240,"4,5,5",U17 Girls' Singles
999057,276191,"-6,-6,7,4,8",U17 Girls' Singles
96508,271772,"8,5,9",U17 Girls' Singles
96508,999006,"5,7,3",U17 Girls' Singles
271772,999006,"7,5,-5,4",U17 Girls' Singles
230237,269985,"6,3,5",U17 Girls' Singles
230237,999032,"11,10,-7,5",U17 Girls' Singles
999032,269985,"-6,-9,8,14,10",U17 Girls' Singles
270083,1178382,"9,-6,5,-9,6",U17 Girls' Singles
270083,222909,"4,8,3",U17 Girls' Singles
999017,270083,"-7,3,-14,6,7",U17 Girls' Singles
1178382,222909,"4,3,4",U17 Girls' Singles
999017,1178382,"-6,4,13,6",U17 Girls' Singles
999017,222909,"9,9,8",U17 Girls' Singles
1181621,1167527,"6,-12,3,5",U17 Girls' Singles
1181621,1171872,"1,6,8",U17 Girls' Singles
1181621,999031,"6,6,2",U17 Girls' Singles
1167527,1171872,"6,5,5",U17 Girls' Singles
1167527,999031,"6,2,9",U17 Girls' Singles
999031,1171872,"3,0,0",U17 Girls' Singles
218074,271137,"3,4,3",U15 Boys' Singles
96307,265517,"8,6,5",U15 Boys' Singles
96307,229837,"5,4,5",U15 Boys' Singles
96307,999016,"7,7,6",U15 Boys' Singles
265517,229837,"8,-10,9,11",U15 Boys' Singles
265517,999016,"7,4,4",U15 Boys' Singles
229837,999016,"4,6,11",U15 Boys' Singles
202029,271883,"4,4,4",U15 Boys' Singles
202029,280445,"8,7,9",U15 Boys' Singles
202029,280701,"5,3,5",U15 Boys' Singles
271883,280445,"-6,2,9,-6,9",U15 Boys' Singles
280701,271883,"-8,-6,7,6,8",U15 Boys' Singles
280701,280445,"6,6,8",U15 Boys' Singles
217235,1170753,"3,6,4",U15 Boys' Singles
217235,230779,"8,6,8",U15 Boys' Singles
1170753,230779,"11,9,10",U15 Boys' Singles
281328,280386,"-12,2,7,8",U15 Boys' Singles
281328,264897,"7,6,4",U15 Boys' Singles
280386,264897,"11,9,-4,-6,8",U15 Boys' Singles
217865,264093,"8,9,3",U15 Boys' Singles
217865,1168206,"5,4,8",U15 Boys' Singles
217865,999012,"4,3,4",U15 Boys' Singles
264093,1168206,"-9,9,5,-6,2",U15 Boys' Singles
264093,999012,"8,6,3",U15 Boys' Singles
1168206,999012,"8,6,7",U15 Boys' Singles
222276,277460,"7,-9,5,6",U15 Boys' Singles
222276,270851,"6,7,8",U15 Boys' Singles
222276,277906,"1,8,4",U15 Boys' Singles
277460,270851,"8,10,-8,11",U15 Boys' Singles
277460,277906,"5,11,8",U15 Boys' Singles
277906,270851,"8,9,11",U15 Boys' Singles
212806,269745,"-10,-9,5,3,1",U15 Boys' Singles
212806,1170374,"2,5,14",U15 Boys' Singles
212806,271494,"4,6,2",U15 Boys' Singles
269745,1170374,"4,10,8",U15 Boys' Singles
269745,271494,"4,11,8",U15 Boys' Singles
1170374,271494,"7,6,8",U15 Boys' Singles
230805,1179206,"9,6,8",U15 Boys' Singles
230805,224072,"6,2,8",U15 Boys' Singles
999047,230805,"8,5,7",U15 Boys' Singles
1179206,224072,"11,7,5",U15 Boys' Singles
999047,1179206,"10,5,8",U15 Boys' Singles
999047,224072,"3,11,7",U15 Boys' Singles
1167521,269570,"8,7,4",U15 Boys' Singles
1167521,273646,"3,9,2",U15 Boys' Singles
1167521,999063,"1,2,3",U15 Boys' Singles
273646,269570,"6,8,-6,9",U15 Boys' Singles
269570,999063,"1,2,4",U15 Boys' Singles
273646,999063,"6,7,6",U15 Boys' Singles
1171074,271145,"9,5,7",U15 Boys' Singles
1171074,280444,"4,6,5",U15 Boys' Singles
1171074,1175444,"2,8,4",U15 Boys' Singles
271145,280444,"5,8,7",U15 Boys' Singles
271145,1175444,"1,8,5",U15 Boys' Singles
280444,1175444,"7,8,7",U15 Boys' Singles
1150995,271149,"8,7,6",U15 Boys' Singles
229874,1150995,"-5,-9,9,9,10",U15 Boys' Singles
271149,229874,"-7,10,-8,5,10",U15 Boys' Singles
1171292,268875,"6,-10,4,10",U15 Boys' Singles
1171292,1178109,"7,5,6",U15 Boys' Singles
1171292,1178086,"2,5,2",U15 Boys' Singles
1178109,268875,"8,-6,-4,3,7",U15 Boys' Singles
268875,1178086,"9,10,6",U15 Boys' Singles
1178109,1178086,"5,2,2",U15 Boys' Singles
215565,1181597,"10,7,7",U15 Boys' Singles
215565,270746,"8,7,3",U15 Boys' Singles
215565,269793,"5,5,8",U15 Boys' Singles
1181597,270746,"4,5,1",U15 Boys' Singles
1181597,269793,"6,3,2",U15 Boys' Singles
270746,269793,"8,-10,6,5",U15 Boys' Singles
219237,1132007,"5,5,5",U15 Boys' Singles
219237,266395,"5,3,-8,1",U15 Boys' Singles
219237,1177477,"1,3,5",U15 Boys' Singles
1132007,266395,"9,8,9",U15 Boys' Singles
1132007,1177477,"2,5,6",U15 Boys' Singles
266395,1177477,"0,7,10",U15 Boys' Singles
1177907,1173259,"4,5,6",U15 Boys' Singles
1177907,269971,"5,4,7",U15 Boys' Singles
1173259,269971,"4,9,4",U15 Boys' Singles
222837,229714,"6,6,8",U15 Boys' Singles
222837,1171874,"2,6,6",U15 Boys' Singles
229714,1171874,"9,-9,-10,8,3",U15 Boys' Singles
1171856,1165421,"-9,7,6,7",U15 Boys' Singles
1165421,219609,"3,12,4",U15 Boys' Singles
1165421,275290,"7,4,5",U15 Boys' Singles
1171856,219609,"13,6,10",U15 Boys' Singles
1171856,275290,"5,9,5",U15 Boys' Singles
219609,275290,"3,16,1",U15 Boys' Singles
1171728,271190,"5,8,5",U15 Boys' Singles
1171728,1167518,"5,4,8",U15 Boys' Singles
271190,1167518,"6,3,-7,7",U15 Boys' Singles
1164236,1168516,"7,9,5",U15 Boys' Singles
1164236,274350,"4,4,7",U15 Boys' Singles
1164236,272975,"2,3,2",U15 Boys' Singles
1168516,274350,"6,8,-9,8",U15 Boys' Singles
1168516,272975,"4,5,6",U15 Boys' Singles
274350,272975,"8,6,7",U15 Boys' Singles
219191,274994,"8,-5,7,11",U15 Boys' Singles
219191,276190,"2,-9,-8,5,8",U15 Boys' Singles
219191,268857,"1,3,6",U15 Boys' Singles
274994,276190,"5,5,10",U15 Boys' Singles
274994,268857,"2,3,0",U15 Boys' Singles
276190,268857,"5,2,6",U15 Boys' Singles
1165422,1178802,"8,11,-8,6",U15 Boys' Singles
1165422,250080,"6,9,6",U15 Boys' Singles
1165422,275965,"6,7,4",U15 Boys' Singles
1178802,250080,"-12,6,7,6",U15 Boys' Singles
1178802,275965,"4,2,8",U15 Boys' Singles
275965,250080,"10,12,-5,-8,8",U15 Boys' Singles
1157612,219888,"8,-2,5,-8,6",U15 Boys' Singles
1157612,270889,"6,4,6",U15 Boys' Singles
1157612,275086,"7,7,4",U15 Boys' Singles
219888,270889,"-8,6,7,5",U15 Boys' Singles
219888,275086,"6,4,4",U15 Boys' Singles
270889,275086,"7,10,7",U15 Boys' Singles
217143,218523,"-8,7,-10,3,3",U15 Boys' Singles
217143,273085,"10,7,2",U15 Boys' Singles
217143,273260,"2,2,7",U15 Boys' Singles
218523,273085,"-6,7,6,8",U15 Boys' Singles
218523,273260,"4,2,0",U15 Boys' Singles
273085,273260,"7,4,7",U15 Boys' Singles
223759,280415,"-13,9,-7,6,3",U15 Boys' Singles
223759,1172724,"5,4,7",U15 Boys' Singles
223759,271482,"4,7,4",U15 Boys' Singles
280415,1172724,"-7,6,3,7",U15 Boys' Singles
280415,271482,"4,6,9",U15 Boys' Singles
1172724,271482,"7,-9,4,7",U15 Boys' Singles
1179201,1179255,"8,4,4",U15 Boys' Singles
1179201,1177768,"3,11,3",U15 Boys' Singles
1179255,1177768,"4,4,-8,-8,2",U15 Boys' Singles
262852,271061,"5,4,3",U15 Boys' Singles
262852,1176550,"4,2,9",U15 Boys' Singles
262852,1174330,"5,4,3",U15 Boys' Singles
271061,1174330,"5,5,7",U15 Boys' Singles
221549,1157745,"3,5,-10,6",U15 Boys' Singles
221549,270709,"10,5,2",U15 Boys' Singles
1157745,270709,"-9,2,7,3",U15 Boys' Singles
211614,265334,"10,-6,9,9",U15 Boys' Singles
211614,1173127,"5,6,7",U15 Boys' Singles
211614,277894,"4,7,2",U15 Boys' Singles
265334,1173127,"4,4,6",U15 Boys' Singles
265334,277894,"2,6,2",U15 Boys' Singles
1173127,277894,"5,10,4",U15 Boys' Singles
280414,1166449,"8,5,-6,8",U15 Boys' Singles
1166449,273034,"10,1,9",U15 Boys' Singles
1166449,270749,"7,8,7",U15 Boys' Singles
280414,273034,"5,3,1",U15 Boys' Singles
280414,270749,"5,5,3",U15 Boys' Singles
270749,273034,"-14,8,-11,8,3",U15 Boys' Singles
222971,1168381,"2,2,13",U15 Girls' Singles
222971,264013,"8,7,-9,1",U15 Girls' Singles
1168381,264013,"2,9,8",U15 Girls' Singles
222299,271481,"-7,4,8,4",U15 Girls' Singles
222299,269985,"2,9,3",U15 Girls' Singles
269985,271481,"-2,6,5,-7,5",U15 Girls' Singles
222763,1157628,"4,4,2",U15 Girls' Singles
222763,216225,"7,8,4",U15 Girls' Singles
222763,999031,"3,3,-9,4",U15 Girls' Singles
216225,1157628,"10,-7,8,9",U15 Girls' Singles
1157628,999031,"11,5,-12,4",U15 Girls' Singles
999031,216225,"5,-7,3,5",U15 Girls' Singles
1171128,1131695,"9,2,-7,2",U15 Girls' Singles
1171128,275694,"6,9,3",U15 Girls' Singles
1171128,999057,"-7,-8,5,5,7",U15 Girls' Singles
1131695,275694,"2,-10,4,4",U15 Girls' Singles
1131695,999057,"9,9,5",U15 Girls' Singles
999057,275694,"8,6,-8,-9,7",U15 Girls' Singles
219210,1171127,"6,2,-7,9",U15 Girls' Singles
219210,263394,"7,5,9",U15 Girls' Singles
219210,999032,"12,11,6",U15 Girls' Singles
1171127,263394,"3,7,7",U15 Girls' Singles
999032,1171127,"8,9,6",U15 Girls' Singles
999032,263394,"11,-9,10,9",U15 Girls' Singles
224231,1173779,"8,5,8",U15 Girls' Singles
224231,231177,"10,10,4",U15 Girls' Singles
224231,279820,"9,4,8",U15 Girls' Singles
231177,1173779,"9,12,9",U15 Girls' Singles
1173779,279820,"4,11,-14,-6,8",U15 Girls' Singles
279820,231177,"-5,6,-5,8,2",U15 Girls' Singles
271772,1170759,"7,-11,6,9",U15 Girls' Singles
999017,1170759,"5,8,-8,-12,6",U15 Girls' Singles
999017,271772,"2,6,5",U15 Girls' Singles
269965,1175371,"7,9,-8,9",U15 Girls' Singles
269965,1171854,"12,-6,1,3",U15 Girls' Singles
269965,276158,"4,4,4",U15 Girls' Singles
1175371,1171854,"6,8,-9,8",U15 Girls' Singles
1175371,276158,"6,6,6",U15 Girls' Singles
1171854,276158,"8,9,7",U15 Girls' Singles
276191,268979,"-7,10,-7,6,6",U15 Girls' Singles
268979,276405,"7,4,6",U15 Girls' Singles
276191,276405,"4,2,5",U15 Girls' Singles
270083,1171643,"3,4,7",U15 Girls' Singles
270083,1171872,"2,5,7",U15 Girls' Singles
270083,999006,"3,7,3",U15 Girls' Singles
1171643,1171872,"7,9,2",U15 Girls' Singles
1171643,999006,"6,9,-7,7",U15 Girls' Singles
1171872,999006,"-8,7,7,8",U15 Girls' Singles
1167527,272586,"6,6,6",U15 Girls' Singles
1167527,276160,"2,6,3",U15 Girls' Singles
1167527,223763,"3,3,2",U15 Girls' Singles
272586,276160,"-9,5,7,5",U15 Girls' Singles
272586,223763,"3,5,4",U15 Girls' Singles
276160,223763,"7,9,7",U15 Girls' Singles
230237,1170878,"9,-7,7,11",U15 Girls' Singles
230237,223757,"7,5,-11,9",U15 Girls' Singles
230237,276135,"4,7,4",U15 Girls' Singles
1170878,223757,"3,5,6",U15 Girls' Singles
1170878,276135,"6,0,3",U15 Girls' Singles
276135,223757,"9,11,7",U15 Girls' Singles
224135,1169576,"-2,7,7,6",U15 Girls' Singles
224135,271771,"9,1,6",U15 Girls' Singles
224135,271326,"3,2,3",U15 Girls' Singles
1169576,271771,"1,-6,3,5",U15 Girls' Singles
1169576,271326,"8,9,6",U15 Girls' Singles
271771,271326,"12,1,4",U15 Girls' Singles
270340,219240,"3,7,3",U15 Girls' Singles
219240,271344,"6,2,6",U15 Girls' Singles
219240,219649,"6,2,8",U15 Girls' Singles
270340,271344,"7,5,2",U15 Girls' Singles
270340,219649,"1,5,2",U15 Girls' Singles
271344,219649,"-7,10,5,-3,8",U15 Girls' Singles
272956,1171855,"-8,-2,7,10,7",U15 Girls' Singles
1171855,1173129,"5,6,3",U15 Girls' Singles
1171855,231282,"5,5,7",U15 Girls' Singles
272956,1173129,"10,6,9",U15 Girls' Singles
272956,231282,"6,-8,9,7",U15 Girls' Singles
231282,1173129,"9,5,-4,-9,9",U15 Girls' Singles
256682,267433,"5,11,-8,4",U15 Girls' Singles
256682,1174461,"5,2,9",U15 Girls' Singles
256682,1177324,"4,4,4",U15 Girls' Singles
267433,1174461,"-9,10,3,7",U15 Girls' Singles
267433,1177324,"10,7,7",U15 Girls' Singles
1174461,1177324,"6,8,-10,-7,6",U15 Girls' Singles
217865,270889,"9,6,9",U13 Boys' Singles
217865,1174330,"4,7,8",U13 Boys' Singles
270889,1174330,"8,-8,-7,8,5",U13 Boys' Singles
1167521,1182632,"3,1,2",U13 Boys' Singles
1167521,271191,"3,7,2",U13 Boys' Singles
1167521,999012,"3,3,7",U13 Boys' Singles
271191,1182632,"4,-11,8,-7,9",U13 Boys' Singles
999012,1182632,"13,-8,-9,11,10",U13 Boys' Singles
271191,999012,"5,-8,9,4",U13 Boys' Singles
1171074,1173132,"3,4,5",U13 Boys' Singles
1171074,270991,"6,3,3",U13 Boys' Singles
1171074,999060,"4,0,0",U13 Boys' Singles
270991,1173132,"7,-8,8,8",U13 Boys' Singles
1173132,999060,"4,3,4",U13 Boys' Singles
270991,999060,"2,5,0",U13 Boys' Singles
1150995,273085,"9,4,9",U13 Boys' Singles
1150995,1172399,"1,2,7",U13 Boys' Singles
1150995,999033,"4,9,7",U13 Boys' Singles
273085,1172399,"-8,8,-4,5,12",U13 Boys' Singles
999033,273085,"-7,6,1,4",U13 Boys' Singles
999033,1172399,"5,8,-9,9",U13 Boys' Singles
1165421,1173545,"8,5,5",U13 Boys' Singles
1165421,271975,"6,7,2",U13 Boys' Singles
1165421,999016,"3,2,7",U13 Boys' Singles
1173545,271975,"-5,9,13,-15,3",U13 Boys' Singles
1173545,999016,"8,6,9",U13 Boys' Singles
271975,999016,"-8,-7,8,8,3",U13 Boys' Singles
269693,268762,"4,8,8",U13 Boys' Singles
269693,266076,"3,3,5",U13 Boys' Singles
269693,281422,"2,2,4",U13 Boys' Singles
268762,266076,"6,7,-8,-6,8",U13 Boys' Singles
268762,281422,"6,4,6",U13 Boys' Singles
266076,281422,"3,3,3",U13 Boys' Singles
219191,274350,"-8,4,11,4",U13 Boys' Singles
219191,271147,"6,3,10",U13 Boys' Singles
999047,219191,"5,6,6",U13 Boys' Singles
274350,271147,"9,5,6",U13 Boys' Singles
999047,274350,"6,4,8",U13 Boys' Singles
999047,271147,"8,6,8",U13 Boys' Singles
1157612,1175435,"9,8,7",U13 Boys' Singles
1157612,271042,"7,2,8",U13 Boys' Singles
1157612,999063,"5,6,5",U13 Boys' Singles
271042,1175435,"8,8,1",U13 Boys' Singles
1175435,999063,"1,7,8",U13 Boys' Singles
271042,999063,"6,6,6",U13 Boys' Singles
256702,219609,"6,6,5",U13 Boys' Singles
256702,273034,"5,3,2",U13 Boys' Singles
256702,999069,"-9,8,-6,8,9",U13 Boys' Singles
219609,273034,"-6,5,-8,8,8",U13 Boys' Singles
219609,999069,"-3,11,8,11",U13 Boys' Singles
999069,273034,"4,5,8",U13 Boys' Singles
223759,1178897,"6,4,6",U13 Boys' Singles
223759,1176550,"-6,10,8,4",U13 Boys' Singles
223759,279058,"4,2,7",U13 Boys' Singles
1178897,1176550,"3,6,2",U13 Boys' Singles
1178897,279058,"9,5,6",U13 Boys' Singles
1176550,279058,"-7,10,4,8",U13 Boys' Singles
223760,1178109,"7,9,7",U13 Boys' Singles
223760,1177302,"7,5,1",U13 Boys' Singles
223760,275354,"9,5,3",U13 Boys' Singles
1178109,1177302,"-6,5,9,9",U13 Boys' Singles
1178109,275354,"9,7,3",U13 Boys' Singles
1177302,275354,"4,6,8",U13 Boys' Singles
262852,271190,"1,4,8",U13 Boys' Singles
262852,270709,"3,7,6",U13 Boys' Singles
262852,280549,"1,1,1",U13 Boys' Singles
271190,270709,"3,8,12",U13 Boys' Singles
271190,280549,"0,3,8",U13 Boys' Singles
270709,280549,"1,2,2",U13 Boys' Singles
1171468,270900,"3,4,2",U13 Boys' Singles
1171468,273411,"5,-11,3,1",U13 Boys' Singles
1171468,281301,"5,3,3",U13 Boys' Singles
270900,273411,"3,5,7",U13 Boys' Singles
270900,281301,"1,3,4",U13 Boys' Singles
273411,281301,"3,9,3",U13 Boys' Singles
221549,270746,"5,5,5",U13 Boys' Singles
221549,271178,"7,6,6",U13 Boys' Singles
221549,1173156,"6,4,4",U13 Boys' Singles
270746,271178,"9,6,7",U13 Boys' Singles
270746,1173156,"7,3,5",U13 Boys' Singles
271178,1173156,"8,1,7",U13 Boys' Singles
1166449,224072,"5,9,-8,6",U13 Boys' Singles
1166449,271070,"8,8,5",U13 Boys' Singles
1166449,276520,"1,2,4",U13 Boys' Singles
224072,271070,"4,5,-8,8",U13 Boys' Singles
224072,276520,"4,4,5",U13 Boys' Singles
271070,276520,"4,5,5",U13 Boys' Singles
280414,1170374,"1,9,4",U13 Boys' Singles
280414,1179255,"2,7,5",U13 Boys' Singles
280414,277526,"1,6,7",U13 Boys' Singles
1170374,1179255,"5,8,8",U13 Boys' Singles
1170374,277526,"6,7,6",U13 Boys' Singles
1179255,277526,"7,-7,6,-3,8",U13 Boys' Singles
1157745,270851,"-2,7,5,7",U13 Boys' Singles
1157745,275086,"4,-9,2,5",U13 Boys' Singles
1157745,1182627,"1,9,4",U13 Boys' Singles
270851,275086,"6,6,6",U13 Boys' Singles
270851,1182627,"5,-7,6,7",U13 Boys' Singles
275086,1182627,"7,4,6",U13 Boys' Singles
265334,264897,"7,9,-7,9",U13 Boys' Singles
265334,1177768,"-14,2,1,5",U13 Boys' Singles
265334,229874,"-9,8,-7,9,3",U13 Boys' Singles
264897,1177768,"8,4,6",U13 Boys' Singles
229874,264897,"13,7,6",U13 Boys' Singles
229874,1177768,"10,7,10",U13 Boys' Singles
271061,1170751,"9,8,4",U13 Boys' Singles
271061,1182631,"8,7,4",U13 Boys' Singles
271061,1177173,"9,3,4",U13 Boys' Singles
1170751,1182631,"6,9,7",U13 Boys' Singles
1170751,1177173,"6,8,7",U13 Boys' Singles
1177173,1182631,"-5,4,7,8",U13 Boys' Singles
218523,1168206,"8,-8,8,-7,2",U13 Boys' Singles
218523,1174318,"7,9,7",U13 Boys' Singles
218523,279728,"10,4,9",U13 Boys' Singles
1168206,1174318,"-8,6,-5,6,2",U13 Boys' Singles
1168206,279728,"5,12,7",U13 Boys' Singles
279728,1174318,"11,10,-2,11",U13 Boys' Singles
219888,1165615,"-4,5,7,5",U13 Boys' Singles
219888,271482,"5,5,4",U13 Boys' Singles
219888,1178086,"6,3,3",U13 Boys' Singles
1165615,271482,"8,3,7",U13 Boys' Singles
1165615,1178086,"2,2,6",U13 Boys' Singles
271482,1178086,"7,9,-11,6",U13 Boys' Singles
274994,1171874,"7,6,9",U13 Boys' Singles
274994,270749,"8,3,3",U13 Boys' Singles
274994,1175444,"5,2,1",U13 Boys' Singles
1171874,270749,"9,5,8",U13 Boys' Singles
1171874,1175444,"4,6,5",U13 Boys' Singles
270749,1175444,"8,6,5",U13 Boys' Singles
1171728,1176627,"8,4,-9,-2,7",U13 Boys' Singles
1171728,1177045,"7,6,5",U13 Boys' Singles
1176627,1177045,"4,10,4",U13 Boys' Singles
1171856,271883,"6,7,6",U13 Boys' Singles
1171856,275965,"6,3,8",U13 Boys' Singles
1171856,1180983,"5,8,11",U13 Boys' Singles
275965,271883,"-7,-5,8,6,9",U13 Boys' Singles
271883,1180983,"7,2,3",U13 Boys' Singles
275965,1180983,"6,3,13",U13 Boys' Singles
271137,1173259,"-6,11,12,12",U13 Boys' Singles
1173259,1177477,"0,8,4",U13 Boys' Singles
271137,1177477,"4,3,5",U13 Boys' Singles
1170753,265517,"6,-8,8,6",U13 Boys' Singles
1170753,271876,"2,6,8",U13 Boys' Singles
1170753,275290,"4,3,1",U13 Boys' Singles
265517,271876,"1,7,8",U13 Boys' Singles
265517,275290,"3,10,5",U13 Boys' Singles
271876,275290,"-7,5,-3,9,8",U13 Boys' Singles
270305,268875,"9,10,3",U13 Boys' Singles
270748,268875,"-7,4,7,-9,9",U13 Boys' Singles
268875,1181177,"10,-8,9,5",U13 Boys' Singles
270305,270748,"6,7,8",U13 Boys' Singles
270305,1181177,"4,5,5",U13 Boys' Singles
270748,1181177,"8,6,7",U13 Boys' Singles
271425,271145,"11,5,11",U13 Boys' Singles
271145,273517,"3,4,6",U13 Boys' Singles
271145,270630,"4,3,4",U13 Boys' Singles
271425,273517,"-10,2,5,8",U13 Boys' Singles
271425,270630,"2,5,6",U13 Boys' Singles
273517,270630,"-9,9,8,7",U13 Boys' Singles
280386,269570,"14,-9,7,-8,9",U13 Boys' Singles
269570,273260,"8,1,6",U13 Boys' Singles
269570,269793,"6,7,3",U13 Boys' Singles
280386,273260,"3,1,4",U13 Boys' Singles
280386,269793,"5,6,5",U13 Boys' Singles
269793,273260,"7,10,5",U13 Boys' Singles
269745,277460,"5,3,8",U13 Boys' Singles
277460,1178504,"8,3,9",U13 Boys' Singles
277460,268857,"3,4,2",U13 Boys' Singles
269745,1178504,"4,3,8",U13 Boys' Singles
269745,268857,"5,3,9",U13 Boys' Singles
1178504,268857,"4,3,9",U13 Boys' Singles
222763,276191,"8,5,-9,9",U13 Girls' Singles
222763,1171872,"7,3,8",U13 Girls' Singles
222763,279820,"1,1,2",U13 Girls' Singles
276191,1171872,"8,8,8",U13 Girls' Singles
276191,279820,"-9,3,6,5",U13 Girls' Singles
279820,1171872,"-8,4,9,8",U13 Girls' Singles
219210,269985,"4,-10,8,4",U13 Girls' Singles
219210,271327,"5,4,4",U13 Girls' Singles
219210,999031,"4,4,7",U13 Girls' Singles
269985,271327,"4,9,-8,4",U13 Girls' Singles
999031,269985,"8,4,8",U13 Girls' Singles
999031,271327,"-9,5,2,-5,5",U13 Girls' Singles
224231,264013,"-9,-3,5,8,3",U13 Girls' Singles
224231,271771,"8,2,5",U13 Girls' Singles
224231,1176454,"4,2,2",U13 Girls' Singles
264013,271771,"4,-8,7,-10,12",U13 Girls' Singles
264013,1176454,"3,3,5",U13 Girls' Singles
271771,1176454,"5,5,4",U13 Girls' Singles
1170759,216225,"9,10,-7,-3,4",U13 Girls' Singles
1170759,276160,"8,7,4",U13 Girls' Singles
216225,276160,"7,6,-8,-5,7",U13 Girls' Singles
269965,231177,"-9,2,-5,8,7",U13 Girls' Singles
269965,281199,"3,4,1",U13 Girls' Singles
231177,281199,"4,3,4",U13 Girls' Singles
1171665,1171854,"2,5,6",U13 Girls' Singles
1171665,281309,"7,11,7",U13 Girls' Singles
1171665,1177585,"2,7,2",U13 Girls' Singles
281309,1171854,"11,4,6",U13 Girls' Singles
1171854,1177585,"2,4,3",U13 Girls' Singles
281309,1177585,"-8,6,5,9",U13 Girls' Singles
270083,1168381,"9,-4,10,-10,8",U13 Girls' Singles
270083,1173129,"3,6,5",U13 Girls' Singles
270083,278879,"0,3,3",U13 Girls' Singles
1168381,1173129,"9,5,8",U13 Girls' Singles
1168381,278879,"2,2,4",U13 Girls' Singles
1173129,278879,"2,7,4",U13 Girls' Singles
1171127,1167527,"6,-6,-9,3,7",U13 Girls' Singles
1167527,223757,"9,5,5",U13 Girls' Singles
1167527,1179256,"2,5,1",U13 Girls' Singles
1171127,223757,"7,8,3",U13 Girls' Singles
1171127,1179256,"2,2,3",U13 Girls' Singles
223757,1179256,"3,3,3",U13 Girls' Singles
230237,272956,"14,8,-7,8",U13 Girls' Singles
230237,270393,"-7,4,7,5",U13 Girls' Singles
230237,1178677,"2,1,2",U13 Girls' Singles
272956,270393,"7,4,4",U13 Girls' Singles
272956,1178677,"6,6,4",U13 Girls' Singles
270393,1178677,"6,5,2",U13 Girls' Singles
224135,268979,"7,8,7",U13 Girls' Singles
224135,264262,"6,7,6",U13 Girls' Singles
224135,1174324,"4,2,7",U13 Girls' Singles
264262,268979,"8,4,9",U13 Girls' Singles
268979,1174324,"3,3,2",U13 Girls' Singles
264262,1174324,"9,-7,4,6",U13 Girls' Singles
1171855,1171643,"8,11,2",U13 Girls' Singles
1171855,1177584,"-10,9,9,-11,18",U13 Girls' Singles
1171855,276405,"2,2,1",U13 Girls' Singles
1171643,1177584,"10,-4,7,4",U13 Girls' Singles
1171643,276405,"0,1,2",U13 Girls' Singles
1177584,276405,"0,3,0",U13 Girls' Singles
256682,271344,"4,9,5",U13 Girls' Singles
1131695,1169576,"4,8,14",U13 Girls' Singles
1169576,270725,"3,2,6",U13 Girls' Singles
1169576,1177959,"5,3,6",U13 Girls' Singles
1131695,270725,"2,8,2",U13 Girls' Singles
1131695,1177959,"2,2,3",U13 Girls' Singles
270725,1177959,"8,7,-9,-5,9",U13 Girls' Singles
267433,272586,"8,11,4",U13 Girls' Singles
267433,276158,"2,1,7",U13 Girls' Singles
267433,271326,"6,10,1",U13 Girls' Singles
272586,276158,"3,5,3",U13 Girls' Singles
272586,271326,"3,6,4",U13 Girls' Singles
271326,276158,"-4,-8,7,5,9",U13 Girls' Singles
1165421,271070,"1,5,4",U11 Boys' Singles
1165421,1174330,"-8,3,3,7",U11 Boys' Singles
1174330,271070,"8,8,8",U11 Boys' Singles
269693,275086,"-9,-9,4,6,8",U11 Boys' Singles
269693,1175666,"8,2,4",U11 Boys' Singles
269693,999018,"1,2,1",U11 Boys' Singles
275086,1175666,"-12,-5,6,9,9",U11 Boys' Singles
275086,999018,"2,1,3",U11 Boys' Singles
1175666,999018,"0,3,6",U11 Boys' Singles
256702,1182631,"3,4,2",U11 Boys' Singles
256702,999016,"3,4,3",U11 Boys' Singles
1182631,999016,"-6,9,10,10",U11 Boys' Singles
1171468,271178,"9,3,6",U11 Boys' Singles
1171468,271482,"4,2,2",U11 Boys' Singles
1171468,999010,"1,1,1",U11 Boys' Singles
271178,271482,"5,4,7",U11 Boys' Singles
271178,999010,"1,2,4",U11 Boys' Singles
271482,999010,"0,1,2",U11 Boys' Singles
221549,1177302,"7,6,7",U11 Boys' Singles
221549,271322,"7,6,5",U11 Boys' Singles
221549,281422,"0,1,1",U11 Boys' Singles
271322,1177302,"-5,8,7,8",U11 Boys' Singles
1177302,281422,"4,9,7",U11 Boys' Singles
271322,281422,"2,1,1",U11 Boys' Singles
271061,275877,"11,3,5",U11 Boys' Singles
271061,1178504,"3,2,6",U11 Boys' Singles
271061,999033,"8,3,9",U11 Boys' Singles
275877,1178504,"3,8,7",U11 Boys' Singles
999033,275877,"2,5,11",U11 Boys' Singles
999033,1178504,"3,6,2",U11 Boys' Singles
274994,271147,"5,5,8",U11 Boys' Singles
274994,270748,"9,2,6",U11 Boys' Singles
271147,270748,"-8,4,7,7",U11 Boys' Singles
1171728,271191,"9,4,5",U11 Boys' Singles
1171728,271876,"2,9,10",U11 Boys' Singles
1171728,275070,"0,3,4",U11 Boys' Singles
271876,271191,"8,-8,8,-5,6",U11 Boys' Singles
271191,275070,"2,1,2",U11 Boys' Singles
271876,275070,"4,3,2",U11 Boys' Singles
1171856,271042,"6,8,7",U11 Boys' Singles
1171856,273517,"4,5,7",U11 Boys' Singles
1171856,1178096,"0,1,3",U11 Boys' Singles
271042,273517,"1,7,9",U11 Boys' Singles
271042,1178096,"2,3,2",U11 Boys' Singles
273517,1178096,"2,6,3",U11 Boys' Singles
1173259,271975,"11,6,11",U11 Boys' Singles
1173259,1176451,"6,6,3",U11 Boys' Singles
1173259,1182629,"1,1,4",U11 Boys' Singles
271975,1176451,"4,6,6",U11 Boys' Singles
271975,1182629,"3,6,5",U11 Boys' Singles
1176451,1182629,"6,3,2",U11 Boys' Singles
271145,1173132,"5,4,4",U11 Boys' Singles
271145,268857,"3,4,2",U11 Boys' Singles
271145,1182317,"4,3,3",U11 Boys' Singles
1173132,268857,"9,6,4",U11 Boys' Singles
1173132,1182317,"2,1,8",U11 Boys' Singles
268857,1182317,"2,4,3",U11 Boys' Singles
269570,1182632,"5,9,4",U11 Boys' Singles
269570,275290,"6,1,3",U11 Boys' Singles
269570,271150,"8,3,2",U11 Boys' Singles
1182632,275290,"9,7,8",U11 Boys' Singles
1182632,271150,"6,3,4",U11 Boys' Singles
271150,275290,"10,-10,-11,5,4",U11 Boys' Singles
277460,273085,"8,-14,-10,3,10",U11 Boys' Singles
277460,1174369,"4,6,5",U11 Boys' Singles
277460,280549,"1,1,1",U11 Boys' Singles
273085,1174369,"11,8,9",U11 Boys' Singles
273085,280549,"1,2,3",U11 Boys' Singles
1174369,280549,"2,0,2",U11 Boys' Singles
271425,270889,"4,9,6",U11 Boys' Singles
271425,1177477,"5,1,2",U11 Boys' Singles
270889,1177477,"7,6,3",U11 Boys' Singles
271883,270991,"-7,5,3,9",U11 Boys' Singles
271883,1173135,"5,2,7",U11 Boys' Singles
271883,1178555,"3,0,2",U11 Boys' Singles
270991,1173135,"4,-8,5,8",U11 Boys' Singles
270991,1178555,"1,3,3",U11 Boys' Singles
1173135,1178555,"2,1,8",U11 Boys' Singles
274350,1171874,"9,-4,9,7",U11 Boys' Singles
1171874,1174325,"6,5,4",U11 Boys' Singles
1171874,271494,"6,1,4",U11 Boys' Singles
274350,1174325,"8,2,6",U11 Boys' Singles
274350,271494,"4,6,6",U11 Boys' Singles
271494,1174325,"-11,9,9,8",U11 Boys' Singles
1178897,1170751,"7,-6,9,-6,7",U11 Boys' Singles
1170751,270710,"7,8,2",U11 Boys' Singles
1170751,1171730,"6,3,7",U11 Boys' Singles
1178897,270710,"5,2,6",U11 Boys' Singles
1178897,1171730,"7,4,5",U11 Boys' Singles
1171730,270710,"4,10,-7,-10,9",U11 Boys' Singles
264897,1178109,"10,9,-8,2",U11 Boys' Singles
264897,1177045,"2,2,2",U11 Boys' Singles
264897,1174326,"4,2,3",U11 Boys' Singles
1178109,1177045,"4,4,3",U11 Boys' Singles
1178109,1174326,"5,9,8",U11 Boys' Singles
1174326,1177045,"-5,8,-8,9,7",U11 Boys' Singles
270746,270851,"-7,9,8,-8,4",U11 Boys' Singles
270851,1178086,"7,5,4",U11 Boys' Singles
270851,279058,"3,4,2",U11 Boys' Singles
270746,1178086,"8,-6,6,8",U11 Boys' Singles
270746,279058,"5,11,7",U11 Boys' Singles
1178086,279058,"-9,8,6,6",U11 Boys' Singles
271149,270900,"6,8,8",U11 Boys' Singles
270900,277358,"2,3,6",U11 Boys' Singles
270900,272218,"-8,-9,8,4,13",U11 Boys' Singles
271149,277358,"1,5,6",U11 Boys' Singles
271149,272218,"4,3,-6,6",U11 Boys' Singles
272218,277358,"4,4,2",U11 Boys' Singles
1170759,276158,"6,3,5",U11 Girls' Singles
1170759,1176822,"4,7,7",U11 Girls' Singles
1176822,276158,"-3,8,13,6",U11 Girls' Singles
269965,1174322,"3,3,6",U11 Girls' Singles
269965,1180429,"2,3,3",U11 Girls' Singles
1174322,1180429,"3,-8,8,5",U11 Girls' Singles
1171665,271316,"6,4,-11,4",U11 Girls' Singles
1171665,1174324,"3,3,9",U11 Girls' Singles
271316,1174324,"7,-8,-15,9,8",U11 Girls' Singles
256682,1177959,"4,4,5",U11 Girls' Singles
256682,999031,"-8,7,3,1",U11 Girls' Singles
999031,1177959,"9,3,7",U11 Girls' Singles
1171643,270725,"6,6,-9,4",U11 Girls' Singles
1171643,1178677,"0,4,3",U11 Girls' Singles
1171643,999005,"2,1,3",U11 Girls' Singles
270725,1178677,"-10,6,4,1",U11 Girls' Singles
270725,999005,"10,3,2",U11 Girls' Singles
1178677,999005,"7,5,6",U11 Girls' Singles
1177584,1171853,"14,9,5",U11 Girls' Singles
1171853,1179256,"4,2,5",U11 Girls' Singles
1171853,279820,"4,-9,5,5",U11 Girls' Singles
1177584,1179256,"5,2,4",U11 Girls' Singles
1177584,279820,"-8,9,6,10",U11 Girls' Singles
279820,1179256,"4,3,1",U11 Girls' Singles
1171127,270393,"7,5,10",U11 Girls' Singles
1171127,1177585,"1,6,2",U11 Girls' Singles
1171127,999056,"3,0,1",U11 Girls' Singles
270393,1177585,"2,3,3",U11 Girls' Singles
270393,999056,"0,3,2",U11 Girls' Singles
1177585,999056,"3,3,2",U11 Girls' Singles
268979,277044,"2,5,7",U11 Girls' Singles
268979,278846,"1,4,3",U11 Girls' Singles
277044,278846,"6,8,2",U11 Girls' Singles
269985,264262,"8,9,7",U11 Girls' Singles
269985,275657,"6,3,5",U11 Girls' Singles
269985,281199,"3,2,6",U11 Girls' Singles
264262,275657,"4,4,11",U11 Girls' Singles
264262,281199,"3,9,4",U11 Girls' Singles
275657,281199,"6,10,8",U11 Girls' Singles
281309,271344,"7,9,5",U11 Girls' Singles
271344,274788,"-4,3,-9,2,1",U11 Girls' Singles
271344,271860,"1,4,6",U11 Girls' Singles
281309,274788,"4,4,8",U11 Girls' Singles
281309,271860,"6,2,4",U11 Girls' Singles
274788,271860,"5,2,3",U11 Girls' Singles
220284,26208,"4,4,5",Men's 40+ Singles
1175815,229635,"5,6,5",Men's 40+ Singles
1175815,1150994,"7,4,7",Men's 40+ Singles
1175815,276193,"5,2,6",Men's 40+ Singles
1150994,229635,"8,8,8",Men's 40+ Singles
229635,276193,"-7,7,7,6",Men's 40+ Singles
1150994,276193,"6,6,6",Men's 40+ Singles
31212,89832,"3,-12,5,7",Men's 40+ Singles
999046,31212,"1,5,7",Men's 40+ Singles
999046,89832,"9,9,9",Men's 40+ Singles
21270,4872,"4,4,4",Men's 40+ Singles
21270,214419,"8,4,8",Men's 40+ Singles
21270,999059,"7,3,6",Men's 40+ Singles
214419,4872,"7,7,6",Men's 40+ Singles
4872,999059,"5,10,6",Men's 40+ Singles
214419,999059,"9,7,-5,8",Men's 40+ Singles
220833,47919,"4,2,10",Men's 40+ Singles
220833,74872,"7,2,3",Men's 40+ Singles
220833,281952,"-10,4,4,4",Men's 40+ Singles
47919,74872,"9,8,8",Men's 40+ Singles
47919,281952,"1,8,9",Men's 40+ Singles
74872,281952,"-9,9,4,3",Men's 40+ Singles
23538,40278,"2,10,-11,-6,8",Men's 40+ Singles
23538,281823,"1,6,4",Men's 40+ Singles
40278,281823,"5,3,8",Men's 40+ Singles
1172127,45824,"9,13,-6,10",Men's 40+ Singles
45824,219308,"8,6,5",Men's 40+ Singles
1172127,219308,"1,7,2",Men's 40+ Singles
57949,30068,"8,4,9",Men's 40+ Singles
57949,95991,"-9,4,7,7",Men's 40+ Singles
57949,274741,"3,4,2",Men's 40+ Singles
30068,95991,"6,3,10",Men's 40+ Singles
30068,274741,"6,7,8",Men's 40+ Singles
95991,274741,"3,6,8",Men's 40+ Singles
47064,76652,"4,5,4",Men's 40+ Singles
47064,76010,"9,9,9",Men's 40+ Singles
47064,1170373,"4,4,5",Men's 40+ Singles
76010,76652,"9,-8,8,10",Men's 40+ Singles
1170373,76652,"8,9,-8,-9,8",Men's 40+ Singles
76010,1170373,"3,2,3",Men's 40+ Singles
93106,39366,"-8,5,5,8",Men's 40+ Singles
93106,62550,"5,7,5",Men's 40+ Singles
39366,263095,"3,6,4",Men's 40+ Singles
1178103,211647,"3,3,5",Men's 40+ Singles
1178103,864,"5,2,1",Men's 40+ Singles
211647,864,"3,10,3",Men's 40+ Singles
34207,62557,"6,-5,7,9",Men's 40+ Singles
62557,15550,"-3,-8,9,8,5",Men's 40+ Singles
62557,2608,"2,5,4",Men's 40+ Singles
34207,15550,"3,4,8",Men's 40+ Singles
34207,2608,"2,5,-8,3",Men's 40+ Singles
15550,2608,"1,1,-8,8",Men's 40+ Singles
21400,50664,"19,-10,8,9",Men's 40+ Singles
21400,91339,"7,5,5",Men's 40+ Singles
21400,1178675,"3,3,5",Men's 40+ Singles
50664,91339,"-10,9,12,6",Men's 40+ Singles
50664,1178675,"6,4,4",Men's 40+ Singles
91339,1178675,"7,3,3",Men's 40+ Singles
34825,25053,"9,-8,7,6",Men's 40+ Singles
34825,93088,"7,9,3",Men's 40+ Singles
34825,29129,"7,5,1",Men's 40+ Singles
25053,93088,"7,11,5",Men's 40+ Singles
25053,29129,"4,7,9",Men's 40+ Singles
93088,29129,"-9,8,-11,9,4",Men's 40+ Singles
34054,217487,"-11,7,3,4",Men's 40+ Singles
34054,213021,"8,6,6",Men's 40+ Singles
217487,213021,"8,9,3",Men's 40+ Singles
62089,30198,"-6,9,9,8",Men's 40+ Singles
62089,56980,"3,3,7",Men's 40+ Singles
30198,56980,"-7,9,7,4",Men's 40+ Singles
9784,71746,"8,8,7",Men's 40+ Singles
9784,1164157,"6,6,6",Men's 40+ Singles
9784,8475,"8,6,7",Men's 40+ Singles
71746,1164157,"-7,-9,8,8,6",Men's 40+ Singles
71746,8475,"4,7,7",Men's 40+ Singles
1164157,8475,"9,6,8",Men's 40+ Singles
94469,29292,"6,10,-8,6",Men's 40+ Singles
94469,202883,"7,9,4",Men's 40+ Singles
94469,271579,"9,8,7",Men's 40+ Singles
29292,202883,"6,7,10",Men's 40+ Singles
29292,271579,"1,3,6",Men's 40+ Singles
202883,271579,"3,8,3",Men's 40+ Singles
1166750,212945,"6,-6,8,-3,6",Men's 40+ Singles
95786,219686,"6,6,2",Women's 40+ Singles
95786,88027,"6,3,6",Women's 40+ Singles
219686,88027,"5,6,4",Women's 40+ Singles
74221,230162,"11,6,8",Women's 40+ Singles
53157,203096,"2,3,3",Women's 40+ Singles
53157,1175404,"4,2,3",Women's 40+ Singles
203096,1175404,"1,5,2",Women's 40+ Singles
999046,9611,"5,3,7",Men's 50+ Singles
220833,60234,"5,4,5",Men's 50+ Singles
220833,5021,"8,2,2",Men's 50+ Singles
220833,1179259,"3,2,2",Men's 50+ Singles
60234,5021,"5,6,-8,-8,10",Men's 50+ Singles
60234,1179259,"5,6,7",Men's 50+ Singles
47064,1176561,"4,9,-9,4",Men's 50+ Singles
47064,281952,"6,3,2",Men's 50+ Singles
281952,1176561,"-6,5,6,9",Men's 50+ Singles
62557,53412,"5,-5,8,7",Men's 50+ Singles
62557,56980,"4,2,10",Men's 50+ Singles
62557,1175402,"1,4,2",Men's 50+ Singles
53412,56980,"-2,6,7,3",Men's 50+ Singles
53412,1175402,"2,0,1",Men's 50+ Singles
56980,1175402,"3,5,8",Men's 50+ Singles
21400,1172127,"5,5,-10,5",Men's 50+ Singles
21400,1164157,"7,-11,4,4",Men's 50+ Singles
21400,1165754,"6,3,3",Men's 50+ Singles
1172127,1164157,"2,9,8",Men's 50+ Singles
1172127,1165754,"1,4,3",Men's 50+ Singles
1164157,1165754,"5,7,7",Men's 50+ Singles
62089,926905,"11,7,1",Men's 50+ Singles
62089,212263,"1,1,6",Men's 50+ Singles
926905,212263,"6,6,-11,8",Men's 50+ Singles
91339,202883,"5,3,4",Men's 50+ Singles
10437,224098,"5,6,8",Men's 50+ Singles
10437,43265,"-6,9,7,6",Men's 50+ Singles
224098,43265,"10,-6,-9,8,7",Men's 50+ Singles
22286,222180,"7,5,6",Men's 50+ Singles
22286,83354,"9,6,6",Men's 50+ Singles
22286,212199,"3,1,6",Men's 50+ Singles
222180,83354,"4,9,8",Men's 50+ Singles
222180,212199,"6,1,2",Men's 50+ Singles
83354,212199,"10,-11,7,6",Men's 50+ Singles
30198,33546,"6,6,2",Men's 50+ Singles
30198,41466,"4,4,6",Men's 50+ Singles
33546,41466,"3,6,9",Men's 50+ Singles
26208,25587,"-9,11,1,7",Men's 50+ Singles
26208,94049,"9,4,8",Men's 50+ Singles
25587,94049,"7,7,-8,7",Men's 50+ Singles
71746,214419,"-8,7,11,9",Men's 50+ Singles
71746,1181518,"7,5,2",Men's 50+ Singles
71746,271581,"5,6,3",Men's 50+ Singles
1181518,214419,"7,9,-9,-12,8",Men's 50+ Singles
214419,271581,"11,2,7",Men's 50+ Singles
1181518,271581,"4,8,5",Men's 50+ Singles
1178103,31212,"-5,7,4,5",Men's 50+ Singles
1178103,263095,"5,4,2",Men's 50+ Singles
31212,263095,"1,5,7",Men's 50+ Singles
50664,30992,"10,-10,-8,6,2",Men's 50+ Singles
50664,52333,"3,5,2",Men's 50+ Singles
50664,864,"2,1,4",Men's 50+ Singles
30992,52333,"11,4,10",Men's 50+ Singles
30992,864,"3,2,7",Men's 50+ Singles
52333,864,"6,7,8",Men's 50+ Singles
39366,229635,"7,-9,6,7",Men's 50+ Singles
39366,8475,"5,6,6",Men's 50+ Singles
39366,2608,"2,6,3",Men's 50+ Singles
229635,8475,"4,-5,8,3",Men's 50+ Singles
229635,2608,"2,8,-10,2",Men's 50+ Singles
8475,2608,"4,11,-4,3",Men's 50+ Singles
30068,4872,"8,-13,8,4",Men's 50+ Singles
30068,69850,"11,6,8",Men's 50+ Singles
30068,43623,"9,-11,7,6",Men's 50+ Singles
4872,69850,"6,6,9",Men's 50+ Singles
4872,43623,"7,6,7",Men's 50+ Singles
43623,69850,"10,10,-9,3",Men's 50+ Singles
1167919,63010,"8,5,11",Men's 50+ Singles
63010,29129,"8,8,8",Men's 50+ Singles
63010,7171,"8,5,10",Men's 50+ Singles
1167919,29129,"3,8,6",Men's 50+ Singles
1167919,7171,"6,1,8",Men's 50+ Singles
29129,7171,"-10,7,5,14",Men's 50+ Singles
47919,45824,"9,4,5",Men's 50+ Singles
45824,271579,"12,-5,5,8",Men's 50+ Singles
45824,1169425,"7,7,8",Men's 50+ Singles
47919,271579,"6,7,4",Men's 50+ Singles
47919,1169425,"7,3,5",Men's 50+ Singles
1169425,271579,"10,7,9",Men's 50+ Singles
53157,1175710,"1,1,1",Women's 50+ Singles
53157,280536,"1,4,1",Women's 50+ Singles
1175710,280536,"3,6,7",Women's 50+ Singles
95765,1168137,"3,10,2",Women's 50+ Singles
95765,220405,"8,5,8",Women's 50+ Singles
1168137,220405,"6,5,9",Women's 50+ Singles
21185,92990,"-3,5,9,5",Women's 50+ Singles
21185,999053,"0,4,3",Women's 50+ Singles
92990,999053,"3,6,3",Women's 50+ Singles
27823,29798,"6,9,9",Men's 70+ Singles
13020,60472,"-8,8,-9,9,4",Men's 70+ Singles
13020,75018,"4,5,3",Men's 70+ Singles
60472,75018,"6,8,6",Men's 70+ Singles
8429,1180772,"4,5,5",Men's 70+ Singles
281262,8429,"9,2,10",Men's 70+ Singles
1180772,13660,"-7,8,6,10",Men's 70+ Singles
281262,13660,"7,10,3",Men's 70+ Singles
281262,1180772,"3,2,6",Men's 70+ Singles
224165,88854,"5,2,4",Men's 70+ Singles
8005,95019,"9,17,4",Men's 70+ Singles
8005,17550,"6,9,5",Men's 70+ Singles
95019,17550,"9,-9,9,9",Men's 70+ Singles
63010,33402,"4,4,12",Men's 70+ Singles
63010,6421,"4,7,7",Men's 70+ Singles
33402,6421,"7,3,3",Men's 70+ Singles
80369,1178900,"4,3,5",Men's 70+ Singles
80369,91820,"3,6,6",Men's 70+ Singles
91820,1178900,"2,6,3",Men's 70+ Singles
9668,30992,"9,10,10",Men's 70+ Singles
30992,10052,"-3,1,7,8",Men's 70+ Singles
30992,96654,"5,7,6",Men's 70+ Singles
9668,10052,"9,6,5",Men's 70+ Singles
9668,96654,"4,4,5",Men's 70+ Singles
10052,96654,"7,9,5",Men's 70+ Singles
10414,89540,"2,6,8",Women's 75+ Singles
10414,223377,"9,7,5",Women's 75+ Singles
89540,223377,"3,8,-8,4",Women's 75+ Singles
8644,34178,"-8,9,8,-8,8",Women's 75+ Singles
8644,202589,"1,6,5",Women's 75+ Singles
8644,87850,"10,5,-9,8",Women's 75+ Singles
34178,202589,"2,6,4",Women's 75+ Singles
34178,87850,"2,6,4",Women's 75+ Singles
202589,87850,"5,5,6",Women's 75+ Singles
10729,8708,"9,6,8",Men's 80+ Singles
10729,10927,"-5,-6,10,9,6",Men's 80+ Singles
8708,10927,"9,8,-3,-9,9",Men's 80+ Singles
8146,76058,"7,3,-12,7",Men's 80+ Singles
8146,10959,"4,6,5",Men's 80+ Singles
76058,10959,"7,5,1",Men's 80+ Singles
13660,90843,"-4,-9,10,6,10",Men's 80+ Singles
13660,1628,"5,8,6",Men's 80+ Singles
13660,94730,"8,9,2",Men's 80+ Singles
90843,1628,"9,8,3",Men's 80+ Singles
90843,94730,"7,4,4",Men's 80+ Singles
1628,94730,"-10,12,-9,5,5",Men's 80+ Singles
89438,46331,"7,8,9",Women's 80+ Singles
89438,223377,"-5,9,14,9",Women's 80+ Singles
223377,46331,"8,3,8",Women's 80+ Singles
11097,1628,"9,3,6",85+ Singles
11097,82812,"1,3,1",85+ Singles
1628,82812,"6,6,1",85+ Singles
279541,77764,"-9,5,1,8",U2600
279541,29292,"5,5,4",U2600
279541,279820,"3,5,3",U2600
29292,77764,"-9,-4,6,9,7",U2600
77764,279820,"7,5,5",U2600
29292,279820,"6,5,3",U2600
1167100,217143,"8,4,4",U2600
1167100,71746,"4,7,6",U2600
1167100,281950,"3,5,9",U2600
217143,71746,"6,4,8",U2600
217143,281950,"7,-7,5,3",U2600
281950,71746,"5,10,10",U2600
270366,87979,"8,4,-8,4",U2600
1182914,270366,"5,6,9",U2600
1182914,87979,"10,4,6",U2600
1178102,195549,"11,7,-8,5",U2600
1178102,79092,"9,9,3",U2600
1178102,281942,"10,7,5",U2600
195549,79092,"9,6,-7,5",U2600
281942,195549,"5,8,8",U2600
281942,79092,"3,7,-8,13",U2600
212195,1178113,"9,8,8",U2600
212195,1166449,"5,3,7",U2600
212195,999069,"7,7,10",U2600
1178113,1166449,"2,5,4",U2600
1178113,999069,"6,-8,7,-6,4",U2600
1166449,999069,"-3,5,7,-4,7",U2600
89837,1164236,"4,5,2",U2600
89837,1170602,"5,4,7",U2600
89837,999017,"8,6,5",U2600
1164236,1170602,"9,13,4",U2600
999017,1164236,"-8,-8,5,2,1",U2600
999017,1170602,"13,7,6",U2600
1180710,219939,"7,9,-8,7",U2600
1180710,131129,"-7,4,9,7",U2600
1180710,999013,"-9,6,7,9",U2600
219939,131129,"8,-10,8,7",U2600
999013,219939,"8,6,9",U2600
999013,131129,"7,-7,2,9",U2600
1166478,216131,"8,8,8",U2600
1166478,213538,"7,6,6",U2600
1166478,273411,"4,2,2",U2600
216131,213538,"8,6,-7,5",U2600
216131,273411,"4,7,2",U2600
213538,273411,"7,10,-8,6",U2600
1178381,30198,"8,14,6",U2600
1178381,217219,"7,4,-4,5",U2600
1178381,999068,"3,2,5",U2600
30198,217219,"9,9,-7,-6,9",U2600
30198,999068,"9,8,13",U2600
217219,999068,"8,10,14",U2600
281766,34054,"9,6,8",U2600
281766,50664,"-10,6,7,-8,1",U2600
281766,999057,"3,5,4",U2600
34054,50664,"12,9,6",U2600
34054,999057,"7,7,4",U2600
999057,50664,"-9,7,-4,9,11",U2600
1170149,1171743,"13,5,6",U2600
1170149,85572,"6,9,1",U2600
1170149,279728,"1,8,2",U2600
1171743,85572,"9,-9,8,6",U2600
1171743,279728,"6,6,5",U2600
85572,279728,"3,4,2",U2600
281608,230166,"4,9,10",U2600
281608,223163,"8,6,7",U2600
281608,1178115,"6,7,3",U2600
230166,223163,"4,8,4",U2600
230166,1178115,"5,3,7",U2600
223163,1178115,"4,8,6",U2600
77108,93102,"4,5,3",U2600
77108,37020,"2,1,2",U2600
77108,95450,"3,1,5",U2600
93102,37020,"4,4,4",U2600
93102,95450,"7,7,6",U2600
95450,37020,"8,7,9",U2600
220808,10437,"8,6,4",U2600
220808,34207,"4,3,3",U2600
220808,218524,"8,6,5",U2600
10437,34207,"3,11,3",U2600
10437,218524,"3,5,4",U2600
34207,218524,"9,6,6",U2600
1171284,222837,"7,5,5",U2600
1171284,256412,"3,11,11",U2600
1171284,1164157,"2,4,2",U2600
222837,256412,"5,3,5",U2600
222837,1164157,"3,7,7",U2600
256412,1164157,"10,8,-6,7",U2600
91905,1172443,"9,6,5",U2600
91905,90498,"6,6,4",U2600
1172443,90498,"8,10,-6,7",U2600
1180954,94469,"9,6,7",U2600
1180954,211614,"7,3,8",U2600
1180954,927518,"7,8,4",U2600
94469,211614,"7,3,4",U2600
94469,927518,"6,11,-9,4",U2600
211614,927518,"5,7,10",U2600
93127,219868,"9,9,9",U2600
93127,219347,"-10,9,9,9",U2600
93127,229498,"9,7,8",U2600
219868,219347,"13,7,-11,9",U2600
219868,229498,"9,3,7",U2600
219347,229498,"4,9,7",U2600
82768,263612,"5,6,3",U2600
82768,1157583,"3,1,5",U2600
82768,211647,"9,4,6",U2600
263612,1157583,"9,-8,9,5",U2600
263612,211647,"-10,9,9,9",U2600
1157583,211647,"-9,4,9,7",U2600
280535,34825,"7,5,7",U2600
280535,76652,"3,6,5",U2600
280535,217073,"5,3,6",U2600
34825,76652,"5,4,5",U2600
34825,217073,"9,8,-4,-8,7",U2600
217073,76652,"9,5,9",U2600
77897,1175888,"10,6,7",U2600
77897,18298,"2,12,5",U2600
77897,62550,"3,6,4",U2600
1175888,18298,"5,9,6",U2600
1175888,62550,"4,7,3",U2600
18298,62550,"3,7,3",U2600
75749,201783,"-8,7,10,2",U2600
75749,265334,"8,3,1",U2600
75749,1179206,"9,7,4",U2600
201783,265334,"8,-8,6,8",U2600
201783,1179206,"9,7,4",U2600
265334,1179206,"-9,6,6,8",U2600
30755,92461,"5,5,5",U2600
30755,219240,"9,9,9",U2600
30755,76010,"8,6,8",U2600
92461,219240,"5,-10,9,-9,8",U2600
92461,76010,"6,5,5",U2600
76010,219240,"8,7,3",U2600
82782,201784,"-7,7,8,5",U2600
82782,1179201,"7,-9,3,2",U2600
82782,95991,"2,10,5",U2600
201784,1179201,"10,4,5",U2600
201784,95991,"3,2,9",U2600
1179201,95991,"5,3,10",U2600
211736,215565,"8,10,8",U2600
211736,1177954,"6,2,9",U2600
211736,271165,"8,4,7",U2600
215565,1177954,"-3,6,6,-7,1",U2600
215565,271165,"-3,-8,11,8,4",U2600
1177954,271165,"6,8,-10,3",U2600
1178107,202365,"-3,8,7,4",U2600
1178107,93839,"4,7,9",U2600
1178107,274478,"5,4,10",U2600
202365,93839,"7,6,5",U2600
202365,274478,"10,5,7",U2600
93839,274478,"9,4,-7,-11,5",U2600
217235,215830,"8,9,6",U2600
217235,94298,"8,7,7",U2600
217235,219402,"7,2,4",U2600
215830,94298,"7,11,6",U2600
215830,219402,"7,-9,7,9",U2600
94298,219402,"4,3,5",U2600
202363,29200,"9,8,9",U2600
202363,74947,"3,-7,1,6",U2600
202363,72553,"6,5,8",U2600
29200,74947,"5,6,7",U2600
29200,72553,"4,10,9",U2600
74947,72553,"2,9,7",U2600
59922,95668,"-7,6,4,7",U2600
59922,126009,"-6,6,4,5",U2600
59922,219413,"8,6,4",U2600
95668,126009,"8,-9,5,7",U2600
95668,219413,"8,6,3",U2600
126009,219413,"6,-5,9,10",U2600
275992,230805,"7,8,-8,-9,2",U2600
275992,1168516,"4,4,-8,10",U2600
275992,74872,"5,7,7",U2600
230805,1168516,"9,-11,-4,4,11",U2600
230805,74872,"5,10,2",U2600
1168516,74872,"-9,9,9,7",U2600
197388,229635,"2,8,4",U2600
197388,214419,"8,7,1",U2600
214419,229635,"4,6,9",U2600
93896,47064,"5,-9,5,11",U2600
47064,1173259,"8,13,4",U2600
47064,89832,"9,4,-11,2",U2600
93896,1173259,"7,8,6",U2600
93896,89832,"7,4,6",U2600
1173259,89832,"13,-9,6,6",U2600
92296,212806,"5,8,5",U2600
92296,25608,"5,2,1",U2600
92296,272586,"5,5,7",U2600
212806,25608,"4,1,8",U2600
212806,272586,"4,6,8",U2600
25608,272586,"-7,6,6,8",U2600
57949,1181620,"6,-9,8,6",U2600
1181620,265648,"-9,7,8,7",U2600
90786,1181620,"7,-13,-10,10,10",U2600
57949,265648,"7,-6,9,3",U2600
57949,90786,"-9,7,8,9",U2600
90786,265648,"-9,4,-4,5,16",U2600
82231,222276,"10,4,4",U2600
82231,229714,"2,7,4",U2600
82231,86077,"7,3,3",U2600
222276,229714,"9,6,8",U2600
222276,86077,"5,5,10",U2600
86077,229714,"-7,10,9,-7,2",U2600
91905,224135,"4,7,9",U2400
91905,45824,"9,9,6",U2400
45824,224135,"8,8,-5,6",U2400
1180954,76652,"-4,3,8,7",U2400
1180954,265334,"3,4,5",U2400
265334,76652,"8,12,9",U2400
202029,1157583,"6,3,2",U2400
202029,47919,"4,5,8",U2400
202029,281942,"8,7,7",U2400
47919,1157583,"-6,4,4,-6,10",U2400
281942,1157583,"3,4,3",U2400
281942,47919,"-9,6,8,7",U2400
217235,256412,"9,7,4",U2400
217235,1169576,"7,6,9",U2400
1182914,217235,"-10,9,9,-5,3",U2400
256412,1169576,"7,7,10",U2400
1182914,256412,"5,1,6",U2400
1182914,1169576,"4,5,9",U2400
275992,86064,"5,8,5",U2400
275992,219888,"4,7,-8,7",U2400
999017,275992,"10,11,-12,-5,9",U2400
86064,219888,"9,-1,8,-8,8",U2400
999017,86064,"2,6,5",U2400
999017,219888,"8,3,4",U2400
218166,230237,"8,-10,3,-9,7",U2400
218166,222509,"4,-6,5,-11,3",U2400
218166,279820,"5,4,7",U2400
230237,222509,"7,8,7",U2400
230237,279820,"4,8,3",U2400
222509,279820,"-5,8,8,7",U2400
87830,1157745,"1,2,-9,2",U2400
87830,271061,"4,4,5",U2400
87830,281952,"8,1,7",U2400
271061,1157745,"9,15,3",U2400
1157745,281952,"10,7,7",U2400
271061,281952,"9,10,5",U2400
96746,269570,"5,4,4",U2400
39366,1181620,"7,7,-9,5",U2400
1181620,218929,"-3,9,4,-9,2",U2400
999013,1181620,"7,6,6",U2400
218929,39366,"8,-8,8,-5,7",U2400
999013,39366,"9,12,9",U2400
999013,218929,"8,9,6",U2400
82231,30068,"9,2,7",U2400
82231,269745,"9,5,-11,8",U2400
82231,999057,"2,2,3",U2400
30068,269745,"-9,-5,8,8,12",U2400
999057,30068,"7,10,9",U2400
999057,269745,"-8,10,4,1",U2400
80241,1178382,"4,7,6",U2400
80241,211903,"7,5,9",U2400
1178382,211903,"3,9,1",U2400
281328,1166449,"5,10,8",U2400
281328,218523,"8,5,5",U2400
281328,1168339,"4,2,5",U2400
218523,1166449,"9,10,-4,5",U2400
1166449,1168339,"5,0,9",U2400
218523,1168339,"4,1,7",U2400
220833,25053,"6,9,10",U2400
220833,81273,"7,8,11",U2400
220833,21768,"5,10,7",U2400
25053,81273,"9,6,5",U2400
25053,21768,"11,11,8",U2400
81273,21768,"3,-7,-11,9,7",U2400
217865,1167527,"7,9,9",U2400
217865,267433,"8,8,7",U2400
217865,2608,"6,1,5",U2400
1167527,267433,"5,8,-9,-12,8",U2400
1167527,2608,"6,5,9",U2400
267433,2608,"5,8,4",U2400
85572,126009,"6,-10,10,6",U2400
1178383,34207,"7,5,6",U2400
1178383,274994,"-5,2,4,6",U2400
1178383,80950,"6,4,7",U2400
34207,274994,"10,-8,8,16",U2400
34207,80950,"3,4,10",U2400
274994,80950,"-9,9,3,5",U2400
57949,1168516,"-9,5,7,4",U2400
57949,212945,"6,6,7",U2400
1168516,212945,"6,-10,13,8",U2400
222276,219191,"-6,4,7,8",U2400
222276,1171728,"6,-9,4,9",U2400
222276,1166750,"4,5,4",U2400
219191,1171728,"6,3,3",U2400
219191,1166750,"6,-5,2,1",U2400
1171728,1166750,"5,4,7",U2400
212806,270083,"5,8,7",U2400
212806,220985,"-7,7,7,7",U2400
212806,33546,"7,5,6",U2400
270083,220985,"5,-8,4,2",U2400
270083,33546,"6,6,6",U2400
220985,33546,"6,9,10",U2400
211614,47064,"-4,9,-7,11,8",U2400
47064,229635,"9,9,9",U2400
47064,273085,"9,9,9",U2400
211614,229635,"1,7,4",U2400
211614,273085,"5,8,4",U2400
273085,229635,"5,2,-4,-8,6",U2400
230805,1173259,"-7,-7,6,5,9",U2400
230805,1176802,"2,3,5",U2400
1173259,1176802,"-9,8,2,3",U2400
1167521,96508,"6,9,-3,-8,2",U2400
1167521,1178802,"4,10,3",U2400
1167521,272631,"7,4,10",U2400
96508,1178802,"7,-6,4,8",U2400
96508,272631,"-4,9,9,15",U2400
1178802,272631,"-4,9,-9,6,4",U2400
29200,1176475,"5,7,6",U2400
29200,26208,"7,4,3",U2400
29200,56980,"7,4,1",U2400
1176475,26208,"6,-9,-8,5,7",U2400
1176475,56980,"7,6,3",U2400
26208,56980,"-6,4,7,3",U2400
211608,50664,"-7,4,5,4",U2400
211608,229714,"-7,5,7,7",U2400
211608,95991,"8,4,1",U2400
229714,50664,"-9,9,4,4",U2400
50664,95991,"6,9,10",U2400
229714,95991,"12,10,9",U2400
30198,82256,"10,8,6",U2400
217219,62557,"-8,-7,7,6,5",U2400
265648,62557,"-8,9,-6,11,7",U2400
62557,1178115,"7,10,3",U2400
265648,217219,"11,-5,-6,10,7",U2400
217219,1178115,"7,4,6",U2400
265648,1178115,"10,9,-8,7",U2400
84273,262852,"9,8,8",U2400
84273,93839,"8,-7,8,-7,12",U2400
84273,1167751,"2,4,9",U2400
262852,93839,"8,-12,-8,11,5",U2400
262852,1167751,"4,5,6",U2400
1150995,217360,"5,-12,4,4",U2400
1150995,266395,"4,7,-10,6",U2400
131129,266395,"7,-11,7,-11,9",U2400
266395,217360,"10,8,8",U2400
1171292,1178103,"10,9,-5,6",U2400
1171292,90786,"10,7,-9,5",U2400
1171292,271190,"-12,2,8,7",U2400
1178103,90786,"6,-5,5,-4,8",U2400
1178103,271190,"7,6,9",U2400
90786,271190,"7,9,12",U2400
87979,271145,"3,8,8",U2400
87979,1178897,"8,7,2",U2400
271145,1178897,"7,8,7",U2400
215565,217487,"5,6,-5,7",U2400
215565,272586,"-10,6,9,10",U2400
215565,218524,"3,8,6",U2400
217487,272586,"8,8,7",U2400
217487,218524,"6,-6,-10,6,6",U2400
272586,218524,"5,5,4",U2400
201784,1172443,"9,7,4",U2400
201784,214419,"6,8,-7,4",U2400
201784,219402,"3,6,1",U2400
214419,1172443,"8,10,-9,14",U2400
1172443,219402,"3,3,3",U2400
214419,219402,"-9,5,4,5",U2400
201783,29292,"-8,7,3,7",U2400
201783,86077,"5,5,5",U2400
201783,94988,"6,2,8",U2400
29292,86077,"7,3,7",U2400
29292,94988,"3,5,1",U2400
86077,94988,"8,-9,4,8",U2400
215830,79092,"-8,-8,6,6,6",U2400
215830,74872,"9,10,-11,6",U2400
215830,84300,"6,6,9",U2400
79092,74872,"8,7,2",U2400
79092,84300,"9,7,5",U2400
74872,84300,"7,4,-9,-5,6",U2400
256702,1170878,"6,9,-7,3",U2400
256702,230779,"5,3,4",U2400
1170878,230779,"6,-2,2,6",U2400
1175888,71746,"-5,7,9,6",U2400
1175888,1179201,"6,5,7",U2400
1175888,213021,"4,7,8",U2400
1179201,71746,"-7,9,5,12",U2400
71746,213021,"-9,7,-1,7,9",U2400
1179201,213021,"10,8,8",U2400
217143,34054,"8,9,-7,-9,7",U2400
34054,1150978,"5,9,4",U2400
34054,1168206,"6,-11,6,5",U2400
217143,1150978,"6,8,5",U2400
217143,1168206,"6,8,6",U2400
1168206,1150978,"10,6,9",U2400
1157612,222299,"-8,-6,4,13,12",U2400
222299,94298,"8,11,9",U2400
222299,90498,"7,10,3",U2400
1157612,94298,"9,10,7",U2400
1157612,90498,"3,8,9",U2400
94298,90498,"8,7,6",U2400
219237,270366,"6,7,8",U2400
219237,18298,"8,-5,6,7",U2400
219237,35038,"6,5,7",U2400
270366,18298,"-8,8,9,5",U2400
270366,35038,"6,10,10",U2400
18298,35038,"4,4,5",U2400
219868,219904,"8,10,-3,9",U2400
219868,40278,"4,5,5",U2400
219868,93088,"2,3,6",U2400
219904,40278,"5,6,5",U2400
219904,93088,"10,1,1",U2400
40278,93088,"4,0,1",U2400
213603,77764,"-10,7,3,2",U2400
213603,1179206,"4,4,4",U2400
213603,270851,"6,4,4",U2400
77764,1179206,"7,9,10",U2400
77764,270851,"2,9,9",U2400
1179206,270851,"-8,9,9,-9,12",U2400
1165422,263612,"6,5,6",U2400
263612,76010,"4,7,7",U2400
263612,229498,"-6,6,9,5",U2400
1165422,76010,"5,8,7",U2400
1165422,229498,"4,4,6",U2400
76010,229498,"10,8,7",U2400
62089,195549,"6,9,-9,-8,9",U2400
62089,224098,"10,-10,4,10",U2400
195549,224098,"6,16,4",U2400
219210,10437,"11,8,-5,5",U2400
10437,264093,"2,4,4",U2400
280445,10437,"7,-8,-10,9,8",U2400
219210,264093,"1,8,5",U2400
280445,219210,"9,-10,6,-9,5",U2400
280445,264093,"5,4,10",U2400
1177907,1178113,"5,-9,-8,7,10",U2400
1177907,91741,"4,10,-7,-5,5",U2400
1177907,61290,"6,8,4",U2400
1178113,91741,"6,6,6",U2400
1178113,61290,"5,5,7",U2400
91741,61290,"5,9,9",U2400
213538,222837,"-7,8,8,9",U2400
222837,270305,"9,4,6",U2400
222837,219413,"-9,8,8,8",U2400
213538,270305,"9,6,0",U2400
213538,219413,"7,10,5",U2400
270305,219413,"9,10,-6,-5,6",U2400
93102,96338,"-9,-7,7,7,7",U2400
93102,1171874,"5,-10,9,-7,6",U2400
1171874,96338,"11,-7,2,-10,6",U2400
9784,271260,"10,4,2",U2400
9784,5021,"3,7,7",U2400
271260,5021,"-8,-7,4,5,6",U2400
1164236,94469,"6,-8,13,7",U2400
94469,274478,"-5,4,9,3",U2400
94469,275694,"3,9,-7,-7,7",U2400
1164236,274478,"9,-8,9,-7,4",U2400
1164236,275694,"-9,10,2,12",U2400
275694,274478,"9,6,10",U2400
1181621,1171128,"9,5,-4,6",U2400
1171128,202322,"5,4,8",U2400
1171128,1172127,"-17,5,13,-5,6",U2400
1181621,202322,"2,10,5",U2400
1181621,1172127,"4,6,2",U2400
1172127,202322,"6,-9,3,9",U2400
22286,265517,"9,9,3",U2400
22286,211647,"8,1,3",U2400
211647,265517,"4,7,-8,4",U2400
230805,280386,"6,5,-10,9",U2200
230805,96338,"5,5,7",U2200
280386,96338,"-8,12,9,7",U2200
1171292,76010,"8,11,4",U2200
1171292,273516,"7,9,9",U2200
1171292,281262,"6,-8,7,7",U2200
273516,76010,"4,-7,9,7",U2200
281262,76010,"7,-6,2,7",U2200
281262,273516,"8,5,-6,13",U2200
92461,1171853,"11,8,6",U2200
92461,72553,"9,5,11",U2200
92461,999069,"9,3,6",U2200
1171853,72553,"9,3,4",U2200
999069,1171853,"-9,6,9,6",U2200
72553,999069,"3,-5,5,5",U2200
34825,91741,"9,-7,3,-9,7",U2200
34825,274478,"-7,-9,8,6,4",U2200
34825,999004,"2,6,2",U2200
274478,91741,"9,6,6",U2200
999004,91741,"10,-10,5,5",U2200
274478,999004,"-8,12,8,6",U2200
263612,1179206,"4,8,-9,9",U2200
263612,270305,"9,9,-9,12",U2200
263612,999057,"9,5,6",U2200
1179206,270305,"-2,6,-8,5,4",U2200
999057,1179206,"-8,7,8,8",U2200
999057,270305,"6,8,8",U2200
222837,218929,"5,8,9",U2200
222837,1171127,"5,3,-9,4",U2200
222837,273642,"5,4,6",U2200
1171127,218929,"3,7,-9,7",U2200
218929,273642,"4,5,3",U2200
1171127,273642,"2,4,4",U2200
94469,277585,"9,8,-9,4",U2200
94469,271260,"6,8,3",U2200
94469,999032,"7,10,9",U2200
277585,271260,"8,-6,10,0",U2200
999032,277585,"9,9,6",U2200
999032,271260,"8,5,12",U2200
1171128,269745,"-9,-9,5,5,4",U2200
1171128,265517,"-10,-9,7,1,7",U2200
1171128,281950,"4,10,-12,0",U2200
269745,265517,"-8,3,6,8",U2200
281950,269745,"4,6,-7,8",U2200
265517,281950,"9,9,-9,10",U2200
1181597,216131,"10,9,-8,9",U2200
216131,278125,"9,9,9",U2200
1181597,272956,"6,9,6",U2200
272956,278125,"-7,10,7,5",U2200
1181597,278125,"2,8,5",U2200
30198,277460,"3,8,-6,9",U2200
30198,81189,"8,6,10",U2200
30198,999031,"-6,5,8,1",U2200
81189,277460,"8,-9,6,-9,9",U2200
999031,277460,"6,7,8",U2200
81189,999031,"-6,-7,8,7,7",U2200
269693,269570,"-4,-4,7,7,8",U2200
269693,202322,"12,11,8",U2200
999017,269693,"10,2,5",U2200
269570,202322,"6,-8,-8,9,7",U2200
999017,269570,"9,-9,6,10",U2200
999017,202322,"6,5,3",U2200
1171743,272586,"7,-9,7,8",U2200
1171743,229837,"6,1,3",U2200
1171743,999040,"5,7,5",U2200
272586,229837,"8,7,7",U2200
999040,272586,"4,7,6",U2200
999040,229837,"-6,9,-9,9,7",U2200
219939,1170878,"8,9,-9,10",U2200
219939,268979,"5,4,-6,8",U2200
219939,277906,"8,7,4",U2200
1170878,268979,"9,-7,9,8",U2200
277906,1170878,"7,4,8",U2200
277906,268979,"7,9,-6,-9,6",U2200
223084,1164236,"5,-5,-4,7,8",U2200
1164236,1173779,"5,5,6",U2200
1164236,231282,"13,2,7",U2200
1173779,223084,"8,9,10",U2200
223084,231282,"5,10,8",U2200
1173779,231282,"5,6,7",U2200
219405,26208,"10,9,6",U2200
219405,275235,"10,10,8",U2200
219405,279820,"10,4,4",U2200
26208,275235,"-7,7,9,5",U2200
26208,279820,"3,-9,10,6",U2200
275235,279820,"8,12,7",U2200
219191,214419,"4,10,9",U2200
219191,276838,"3,9,7",U2200
219191,271880,"5,7,4",U2200
214419,276838,"5,-9,9,9",U2200
214419,271880,"4,6,13",U2200
276838,271880,"4,5,3",U2200
195549,86077,"2,-13,1,4",U2200
195549,265649,"3,6,5",U2200
86077,265649,"3,6,6",U2200
219210,1132458,"8,6,4",U2200
219210,1168381,"8,10,8",U2200
229874,219210,"13,8,-7,6",U2200
1168381,1132458,"5,10,9",U2200
229874,1132458,"2,8,-8,7",U2200
1168381,229874,"-9,8,6,7",U2200
1178113,90786,"8,5,12",U2200
1178113,271165,"7,9,11",U2200
1178113,279728,"4,2,3",U2200
90786,271165,"3,-4,9,6",U2200
90786,279728,"10,-5,6,8",U2200
279728,271165,"9,10,-10,9",U2200
1165422,271145,"6,6,8",U2200
1165422,1171874,"12,13,-9,5",U2200
1165422,1168670,"7,9,4",U2200
271145,1171874,"4,9,11",U2200
271145,1168670,"4,4,10",U2200
1171874,1168670,"-8,9,8,5",U2200
270366,94133,"8,6,8",U2200
270366,263394,"7,9,9",U2200
270366,999068,"8,8,15",U2200
94133,263394,"5,4,6",U2200
94133,999068,"-8,6,4,1",U2200
999068,263394,"-10,8,-9,12,8",U2200
77764,89832,"9,6,7",U2200
77764,264013,"6,9,4",U2200
77764,274607,"4,10,9",U2200
89832,264013,"-1,-8,6,8,11",U2200
89832,274607,"6,4,-6,6",U2200
264013,274607,"8,3,7",U2200
1150994,95991,"10,8,-10,5",U2200
1150994,272737,"4,8,5",U2200
272737,95991,"-9,10,11,-6,9",U2200
217143,93839,"-6,3,-7,6,9",U2200
217143,271481,"7,8,8",U2200
93839,271481,"-8,7,9,11",U2200
256702,1170753,"9,9,-6,9",U2200
256702,219413,"10,11,3",U2200
256702,1174368,"2,6,9",U2200
1170753,219413,"-11,8,10,2",U2200
1170753,1174368,"2,9,5",U2200
219413,1174368,"2,12,6",U2200
265648,71746,"5,6,5",U2200
71746,1165615,"6,8,10",U2200
71746,271056,"5,6,3",U2200
265648,1165615,"7,-8,-7,8,6",U2200
265648,271056,"9,4,4",U2200
1165615,271056,"-8,7,5,5",U2200
5004,29292,"7,-6,7,7",U2200
29292,10140,"6,2,6",U2200
29292,864,"2,4,3",U2200
5004,10140,"5,8,-2,5",U2200
5004,864,"4,8,2",U2200
10140,864,"9,5,9",U2200
79092,1132007,"6,-10,-5,8,9",U2200
79092,271137,"9,10,9",U2200
79092,275086,"5,6,-10,3",U2200
1132007,271137,"-10,6,4,9",U2200
1132007,275086,"-7,-7,7,10,5",U2200
271137,275086,"7,5,6",U2200
1172443,203096,"7,2,11",U2200
1172443,211647,"4,7,7",U2200
1172443,1168383,"5,7,4",U2200
203096,211647,"8,-8,3,4",U2200
203096,1168383,"6,5,5",U2200
211647,1168383,"5,11,-13,9",U2200
1178103,229714,"5,-9,5,6",U2200
1178103,1170751,"5,9,9",U2200
1178103,273411,"7,2,4",U2200
229714,1170751,"8,4,6",U2200
229714,273411,"4,2,3",U2200
273411,1170751,"5,12,7",U2200
217487,74872,"-8,7,7,4",U2200
217487,62550,"4,4,8",U2200
217487,276085,"3,5,6",U2200
74872,62550,"5,5,8",U2200
74872,276085,"6,7,9",U2200
62550,276085,"4,-9,5,6",U2200
131129,9668,"10,6,2",U2200
131129,217073,"9,8,-12,2",U2200
131129,223847,"2,3,8",U2200
9668,217073,"-8,-5,8,8,8",U2200
9668,223847,"4,-3,-9,8,8",U2200
217073,223847,"2,-9,8,5",U2200
1170602,220237,"-12,5,8,11",U2200
1170602,275694,"8,9,7",U2200
1170602,24961,"2,3,3",U2200
220237,275694,"8,9,-10,7",U2200
220237,24961,"2,9,1",U2200
275694,24961,"6,8,1",U2200
262852,1171856,"7,6,-8,8",U2200
262852,15550,"10,5,8",U2200
262852,14883,"1,5,3",U2200
1171856,15550,"4,-9,10,6",U2200
1171856,14883,"5,10,4",U2200
15550,14883,"6,3,-7,-2,8",U2200
1173259,87979,"9,8,-11,8",U2200
280445,87979,"13,12,8",U2200
87979,1165614,"12,5,5",U2200
1173259,280445,"8,7,-9,-7,12",U2200
1173259,1165614,"7,3,7",U2200
280445,1165614,"2,7,7",U2200
217219,229635,"8,-13,-9,5,9",U2200
217219,927518,"7,-7,7,5",U2200
217219,270991,"9,5,6",U2200
229635,927518,"10,6,2",U2200
229635,270991,"9,5,12",U2200
927518,270991,"-6,-9,14,7,9",U2200
270340,213538,"6,-7,-8,7,4",U2200
213538,229498,"7,6,5",U2200
213538,268762,"9,7,4",U2200
270340,229498,"-9,8,4,7",U2200
270340,268762,"5,6,-7,8",U2200
229498,268762,"9,-9,8,5",U2200
1168516,50664,"9,7,3",U2200
50664,264897,"-11,5,11,-6,6",U2200
50664,271191,"10,5,7",U2200
1168516,264897,"9,-7,-12,5,6",U2200
1168516,271191,"6,7,5",U2200
264897,271191,"4,2,8",U2200
223163,202651,"-10,6,0,8",U2200
223163,53412,"2,4,8",U2200
223163,218150,"5,4,3",U2200
53412,202651,"7,-12,7,10",U2200
202651,218150,"9,2,8",U2200
53412,218150,"5,3,6",U2200
96508,1171728,"3,9,8",U2200
96508,35038,"6,4,1",U2200
96508,81397,"4,1,2",U2200
1171728,35038,"1,7,-8,-7,9",U2200
1171728,81397,"9,-10,5,8",U2200
81397,35038,"8,-9,4,-9,7",U2200
221549,1178802,"-9,-11,9,7,11",U2200
221549,90498,"9,6,5",U2200
221549,80950,"3,3,5",U2200
1178802,90498,"5,10,9",U2200
1178802,80950,"10,-9,6,7",U2200
90498,80950,"9,6,9",U2200
85572,81273,"9,10,7",U2200
85572,1171867,"5,2,3",U2200
85572,271786,"7,4,-9,2",U2200
81273,1171867,"2,5,8",U2200
81273,271786,"-3,10,3,8",U2200
271786,1171867,"9,5,7",U2200
126009,37020,"8,-10,8,9",U2200
270851,37020,"5,10,-4,8",U2200
37020,272010,"-9,-12,6,8,5",U2200
126009,270851,"10,-8,8,7",U2200
126009,272010,"4,11,-9,9",U2200
270851,272010,"7,9,8",U2200
1181621,274994,"8,2,5",U2200
1181621,91339,"6,6,4",U2200
1181621,1182632,"4,4,4",U2200
274994,91339,"8,7,2",U2200
274994,1182632,"7,7,5",U2200
91339,1182632,"1,3,1",U2200
1176475,1169576,"7,-9,-9,7,8",U2200
1176475,231177,"9,9,10",U2200
1176475,1178115,"5,6,-13,6",U2200
231177,1169576,"-8,6,9,10",U2200
1169576,1178115,"3,7,-10,10",U2200
231177,1178115,"7,-4,7,11",U2200
34207,1175371,"6,4,6",U2200
34207,81398,"4,4,3",U2200
1175371,81398,"5,-8,7,7",U2200
219888,211614,"7,9,8",U2200
211614,1174103,"7,7,4",U2200
211614,223757,"4,8,4",U2200
219888,1174103,"6,9,4",U2200
219888,223757,"7,7,6",U2200
223757,1174103,"6,5,-5,7",U2200
94298,81663,"10,6,-10,8",U2200
81663,213021,"7,8,9",U2200
81663,82234,"7,7,7",U2200
94298,213021,"10,-8,9,-11,7",U2200
94298,82234,"-8,6,-9,7,4",U2200
82234,213021,"9,-3,13,-2,9",U2200
25053,74947,"9,5,10",U2200
25053,1170374,"9,5,-7,6",U2200
25053,212945,"14,-8,5,5",U2200
74947,1170374,"4,6,2",U2200
74947,212945,"7,-9,6,6",U2200
1170374,212945,"9,-9,4,4",U2200
219686,1166449,"10,8,-7,7",U2200
1166449,273646,"10,4,-7,7",U2200
1166449,926764,"7,6,10",U2200
219686,273646,"1,5,11",U2200
219686,926764,"7,8,6",U2200
273646,926764,"6,6,6",U2200
39366,218523,"7,8,2",U2200
39366,224072,"8,4,6",U2200
39366,1177306,"4,12,-9,6",U2200
218523,224072,"9,15,7",U2200
218523,1177306,"-10,8,7,-8,9",U2200
1177306,224072,"10,7,4",U2200
25608,93845,"-11,12,8,9",U2200
93845,93088,"3,6,6",U2200
93845,33546,"9,7,8",U2200
25608,93088,"7,7,-10,7",U2200
25608,33546,"8,6,7",U2200
33546,93088,"9,-8,8,-4,5",U2200
220824,256682,"7,3,9",U2200
220824,25587,"6,11,9",U2200
256682,25587,"2,9,3",U2200
280414,1171855,"8,7,8",U2200
280414,270746,"3,7,5",U2200
270746,1171855,"-9,7,9,10",U2200
1157745,47919,"8,-7,9,-9,9",U2200
1157745,94988,"3,7,-10,8",U2200
1157745,273085,"7,5,8",U2200
94988,47919,"-10,7,7,8",U2200
47919,273085,"6,10,-6,6",U2200
94988,273085,"9,-10,-10,7,6",U2200
25344,45824,"-7,10,9,2",U2200
25344,266395,"9,6,-10,8",U2200
25344,202883,"9,5,6",U2200
266395,45824,"-6,9,10,12",U2200
202883,45824,"6,6,7",U2200
266395,202883,"7,5,-9,6",U2200
222509,76652,"9,-9,7,8",U2200
76652,219402,"6,3,8",U2200
276190,76652,"3,9,-9,5",U2200
222509,219402,"11,4,3",U2200
276190,222509,"8,-7,10,-2,11",U2200
276190,219402,"3,7,4",U2200
1177954,30068,"7,6,5",U2200
30068,230779,"5,8,-4,6",U2200
30068,95292,"5,4,4",U2200
1177954,230779,"6,-6,5,3",U2200
1177954,95292,"5,4,5",U2200
230779,95292,"5,7,13",U2200
219347,271061,"5,3,7",U2200
219347,218524,"-7,6,11,-9,7",U2200
219347,272631,"-7,6,5,6",U2200
271061,218524,"4,8,9",U2200
271061,272631,"10,6,9",U2200
272631,218524,"4,9,2",U2200
256412,18298,"6,-7,9,11",U2200
256412,1169599,"6,3,2",U2200
256412,88909,"0,8,8",U2200
18298,1169599,"3,3,5",U2200
18298,88909,"3,11,3",U2200
88909,1169599,"3,3,7",U2200
280415,1157583,"-14,10,8,14",U2200
1157583,271190,"10,7,7",U2200
1157583,1164157,"9,9,-12,6",U2200
280415,271190,"4,3,9",U2200
280415,1164157,"-6,2,6,7",U2200
271190,1164157,"9,6,7",U2200
86064,94395,"8,7,-9,7",U2200
86064,93374,"7,6,7",U2200
86064,82256,"-8,5,4,5",U2200
94395,93374,"6,5,3",U2200
94395,82256,"5,5,8",U2200
93374,82256,"7,-10,10,-8,4",U2200
1179201,265334,"10,9,7",U2200
1179201,95450,"8,5,7",U2200
1179201,21768,"5,8,5",U2200
265334,95450,"6,4,6",U2200
265334,21768,"5,3,6",U2200
95450,21768,"-3,9,8,-8,5",U2200
131129,216765,"9,8,4",U2000 Adult
131129,82256,"7,8,3",U2000 Adult
82256,216765,"7,9,9",U2000 Adult
1157583,1174429,"10,9,-9,8",U2000 Adult
25608,21768,"-10,9,-5,2,8",U2000 Adult
25608,56980,"3,6,2",U2000 Adult
21768,56980,"8,-6,7,2",U2000 Adult
94298,95450,"6,9,9",U2000 Adult
94298,272631,"6,3,4",U2000 Adult
94298,999004,"9,4,8",U2000 Adult
272631,95450,"3,9,-5,7",U2000 Adult
999004,95450,"4,10,-9,10",U2000 Adult
999004,272631,"-8,7,2,-9,6",U2000 Adult
81273,93374,"10,11,11",U2000 Adult
81273,88909,"8,-6,20,7",U2000 Adult
81273,218010,"3,6,-8,-9,3",U2000 Adult
88909,93374,"6,-9,-4,9,6",U2000 Adult
93374,218010,"1,2,4",U2000 Adult
88909,218010,"9,4,8",U2000 Adult
216497,95765,"-9,3,3,6",U2000 Adult
216497,1164157,"7,9,9",U2000 Adult
216497,269510,"4,2,9",U2000 Adult
1164157,95765,"-6,7,7,9",U2000 Adult
95765,269510,"3,6,3",U2000 Adult
1164157,269510,"2,3,3",U2000 Adult
94988,270460,"6,4,2",U2000 Adult
74934,1174103,"-5,6,3,6",U2000 Adult
74934,281336,"8,6,8",U2000 Adult
74934,218009,"6,5,2",U2000 Adult
1174103,281336,"9,7,-11,7",U2000 Adult
1174103,218009,"10,4,12",U2000 Adult
281336,218009,"7,8,8",U2000 Adult
202651,277437,"6,7,2",U2000 Adult
98325,84300,"-3,11,7,8",U2000 Adult
98325,202883,"3,-13,5,7",U2000 Adult
98325,1168670,"5,1,9",U2000 Adult
202883,84300,"8,-11,9,4",U2000 Adult
84300,1168670,"4,7,7",U2000 Adult
202883,1168670,"7,7,7",U2000 Adult
91339,220985,"10,7,6",U2000 Adult
82234,220985,"4,9,8",U2000 Adult
1174368,220985,"6,7,7",U2000 Adult
91339,82234,"5,9,8",U2000 Adult
91339,1174368,"7,-9,7,5",U2000 Adult
82234,1174368,"8,-9,5,-4,4",U2000 Adult
1167919,213021,"4,10,10",U2000 Adult
1167919,1176802,"-11,7,7,13",U2000 Adult
1167919,1168383,"3,-5,8,3",U2000 Adult
213021,1176802,"9,4,6",U2000 Adult
213021,1168383,"-4,8,3,7",U2000 Adult
1176802,1168383,"6,9,9",U2000 Adult
26208,93506,"10,-7,-9,3,2",U2000 Adult
26208,926764,"7,7,4",U2000 Adult
26208,278125,"5,-6,4,-5,8",U2000 Adult
93506,926764,"-5,5,8,8",U2000 Adult
278125,93506,"8,7,8",U2000 Adult
278125,926764,"8,9,3",U2000 Adult
90498,5004,"6,6,7",U2000 Adult
5004,1166750,"6,11,9",U2000 Adult
5004,220781,"4,6,7",U2000 Adult
90498,1166750,"2,9,-12,5",U2000 Adult
90498,220781,"-12,10,-3,9,9",U2000 Adult
1166750,220781,"14,7,-9,-6,3",U2000 Adult
203096,927518,"6,8,9",U2000 Adult
203096,1181518,"-8,-9,10,5,7",U2000 Adult
203096,219308,"2,5,6",U2000 Adult
927518,1181518,"3,2,7",U2000 Adult
927518,219308,"-8,5,7,7",U2000 Adult
219308,1181518,"6,9,-5,6",U2000 Adult
93839,211647,"6,8,7",U2000 Adult
93839,8475,"8,4,4",U2000 Adult
93839,41466,"4,7,4",U2000 Adult
211647,8475,"9,-8,7,6",U2000 Adult
211647,41466,"6,2,7",U2000 Adult
8475,41466,"-9,5,11,9",U2000 Adult
89832,229498,"9,11,9",U2000 Adult
89832,81398,"6,3,7",U2000 Adult
89832,1170430,"4,8,10",U2000 Adult
81398,229498,"-5,10,8,7",U2000 Adult
229498,1170430,"9,5,9",U2000 Adult
81398,1170430,"-7,8,5,9",U2000 Adult
217073,264944,"-8,7,9,8",U2000 Adult
264944,272010,"6,8,10",U2000 Adult
264944,271056,"-15,8,6,10",U2000 Adult
217073,272010,"-12,5,8,6",U2000 Adult
217073,271056,"7,11,9",U2000 Adult
272010,271056,"-9,-10,7,11,10",U2000 Adult
90786,15550,"4,7,10",U2000 Adult
90786,271786,"12,4,5",U2000 Adult
90786,274741,"5,4,-9,3",U2000 Adult
271786,15550,"11,-8,4,9",U2000 Adult
15550,274741,"5,10,9",U2000 Adult
271786,274741,"11,5,6",U2000 Adult
86077,62550,"4,-10,7,8",U2000 Adult
86077,1176367,"6,5,3",U2000 Adult
86077,1172570,"6,5,7",U2000 Adult
1176367,62550,"10,-6,10,10",U2000 Adult
1172570,62550,"9,8,-8,-12,6",U2000 Adult
1176367,1172570,"8,5,5",U2000 Adult
71329,53412,"9,8,7",U2000 Adult
71329,80950,"5,-6,-10,11,7",U2000 Adult
71329,274607,"6,5,6",U2000 Adult
53412,80950,"9,2,8",U2000 Adult
53412,274607,"-9,5,4,-5,4",U2000 Adult
274607,80950,"-9,9,-10,8,5",U2000 Adult
74872,34953,"9,4,4",U2000 Adult
74872,31289,"3,8,7",U2000 Adult
74872,263095,"6,7,2",U2000 Adult
34953,31289,"5,6,10",U2000 Adult
34953,263095,"6,9,7",U2000 Adult
263095,31289,"-9,8,8,-7,12",U2000 Adult
223084,10140,"9,4,4",U2000 Adult
223084,218150,"3,4,6",U2000 Adult
223084,94049,"6,5,7",U2000 Adult
10140,218150,"9,9,9",U2000 Adult
10140,94049,"5,12,8",U2000 Adult
94049,218150,"11,6,-8,11",U2000 Adult
98264,219413,"8,8,-8,9",U2000 Adult
271282,98264,"8,11,7",U2000 Adult
98264,98182,"4,7,5",U2000 Adult
219413,271282,"6,11,-9,8",U2000 Adult
219413,98182,"8,8,5",U2000 Adult
271282,98182,"1,6,-10,5",U2000 Adult
94133,95991,"3,10,7",U2000 Adult
94133,230162,"9,9,8",U2000 Adult
94133,276085,"6,5,5",U2000 Adult
95991,230162,"-7,10,7,7",U2000 Adult
95991,276085,"9,7,3",U2000 Adult
230162,276085,"3,5,8",U2000 Adult
277585,202979,"7,-9,5,3",U2000 Adult
277585,62488,"5,9,9",U2000 Adult
277585,271049,"7,7,4",U2000 Adult
202979,62488,"10,10,8",U2000 Adult
271049,202979,"9,7,-10,2",U2000 Adult
271049,62488,"5,10,12",U2000 Adult
275235,64416,"9,-8,-6,9,6",U2000 Adult
64416,85933,"5,10,7",U2000 Adult
64416,217579,"3,1,4",U2000 Adult
275235,85933,"-9,3,5,5",U2000 Adult
275235,217579,"7,6,7",U2000 Adult
217579,85933,"-7,7,-7,10,5",U2000 Adult
60234,218929,"3,5,-12,7",U2000 Adult
218929,1169425,"8,6,-10,6",U2000 Adult
218929,272983,"6,5,10",U2000 Adult
60234,1169425,"2,4,7",U2000 Adult
60234,272983,"7,12,9",U2000 Adult
272983,1169425,"8,10,13",U2000 Adult
76010,202322,"4,10,5",U2000 Adult
76010,1181640,"-8,5,5,-8,5",U2000 Adult
76010,223847,"10,-7,6,-11,8",U2000 Adult
202322,1181640,"1,4,2",U2000 Adult
202322,223847,"-14,6,7,7",U2000 Adult
1181640,223847,"-7,9,7,-4,10",U2000 Adult
273516,96338,"5,7,5",U2000 Adult
273516,81397,"10,10,-10,2",U2000 Adult
273516,1165614,"5,3,9",U2000 Adult
96338,81397,"9,9,6",U2000 Adult
96338,1165614,"2,2,5",U2000 Adult
1165614,81397,"-13,8,8,5",U2000 Adult
81189,94928,"9,3,-10,7",U2000 Adult
94928,1178675,"12,8,2",U2000 Adult
94928,43623,"4,5,6",U2000 Adult
81189,1178675,"6,-10,9,6",U2000 Adult
81189,43623,"9,5,3",U2000 Adult
1178675,43623,"8,-11,6,6",U2000 Adult
274478,72553,"5,8,6",U2000 Adult
72553,52333,"-6,5,7,3",U2000 Adult
72553,14883,"9,15,4",U2000 Adult
274478,52333,"4,4,-7,9",U2000 Adult
274478,14883,"5,4,4",U2000 Adult
52333,14883,"7,9,10",U2000 Adult
97783,80950,"-7,4,4,1",U1900 Adult
97783,60472,"4,2,1",U1900 Adult
60472,80950,"9,5,9",U1900 Adult
202651,1176375,"8,2,6",U1900 Adult
202651,271579,"12,3,7",U1900 Adult
1176375,271579,"-8,8,9,9",U1900 Adult
1150994,271786,"8,6,9",U1900 Adult
86077,8475,"9,5,9",U1900 Adult
86077,1178675,"7,6,8",U1900 Adult
86077,999043,"7,2,4",U1900 Adult
8475,1178675,"4,-8,7,6",U1900 Adult
8475,999043,"11,5,8",U1900 Adult
999043,1178675,"9,2,7",U1900 Adult
277585,1176802,"7,2,5",U1900 Adult
999004,277585,"-9,6,5,-6,9",U1900 Adult
999004,1176802,"8,3,10",U1900 Adult
218929,1181518,"2,10,8",U1900 Adult
218929,271282,"5,4,-8,7",U1900 Adult
218929,269510,"6,7,8",U1900 Adult
271282,1181518,"-10,5,8,9",U1900 Adult
1181518,269510,"8,6,7",U1900 Adult
271282,269510,"12,3,8",U1900 Adult
1176549,1166750,"6,8,-7,8",U1900 Adult
1176549,69850,"3,-6,3,8",U1900 Adult
69850,1166750,"7,8,9",U1900 Adult
76010,62488,"6,5,8",U1900 Adult
76010,270460,"8,2,4",U1900 Adult
25587,62488,"9,8,9",U1900 Adult
25587,270460,"6,5,4",U1900 Adult
62488,270460,"6,4,4",U1900 Adult
81586,276539,"11,5,6",U1900 Adult
1177472,276539,"7,4,7",U1900 Adult
81586,1177472,"8,-3,5,5",U1900 Adult
274478,212945,"-8,8,9,10",U1900 Adult
1172337,274478,"-8,6,-4,14,11",U1900 Adult
274478,1168339,"1,3,7",U1900 Adult
1172337,212945,"-4,-5,5,8,7",U1900 Adult
212945,1168339,"3,3,3",U1900 Adult
1172337,1168339,"7,5,8",U1900 Adult
81189,9615,"9,7,-5,-9,8",U1900 Adult
81189,52333,"8,-7,10,5",U1900 Adult
81189,220405,"6,7,5",U1900 Adult
9615,52333,"4,-7,-7,1,10",U1900 Adult
9615,220405,"1,6,-8,7",U1900 Adult
52333,220405,"4,-7,4,3",U1900 Adult
202322,85933,"7,1,4",U1900 Adult
202322,96337,"8,11,3",U1900 Adult
85933,96337,"-5,10,4,8",U1900 Adult
96338,202883,"2,1,7",U1900 Adult
96338,1169425,"4,2,3",U1900 Adult
96338,212263,"5,4,4",U1900 Adult
1169425,202883,"8,-4,9,4",U1900 Adult
202883,212263,"5,8,7",U1900 Adult
1169425,212263,"7,5,5",U1900 Adult
60234,57913,"-5,10,8,8",U1900 Adult
60234,218150,"5,6,7",U1900 Adult
57913,218150,"8,6,5",U1900 Adult
275301,5428,"5,5,6",U1900 Adult
275301,62555,"2,4,3",U1900 Adult
5428,62555,"4,7,4",U1900 Adult
1172127,203034,"9,4,4",U1900 Adult
1172127,231598,"7,3,3",U1900 Adult
1172127,231503,"3,7,2",U1900 Adult
203034,231598,"11,-7,13,13",U1900 Adult
203034,231503,"9,6,7",U1900 Adult
231598,231503,"8,6,-9,9",U1900 Adult
202979,43265,"4,-7,5,-6,9",U1900 Adult
202979,7171,"5,8,9",U1900 Adult
202979,1167751,"8,6,6",U1900 Adult
43265,7171,"8,4,5",U1900 Adult
43265,1167751,"8,4,10",U1900 Adult
1167751,7171,"-8,9,7,6",U1900 Adult
81606,34953,"5,7,6",U1900 Adult
34953,43623,"13,3,6",U1900 Adult
220781,34953,"-4,12,10,4",U1900 Adult
81606,43623,"2,6,3",U1900 Adult
81606,220781,"10,10,11",U1900 Adult
220781,43623,"8,7,2",U1900 Adult
211647,203231,"10,7,6",U1900 Adult
211647,10052,"9,9,16",U1900 Adult
211647,219308,"3,6,4",U1900 Adult
10052,203231,"4,3,-7,-5,6",U1900 Adult
203231,219308,"-12,10,6,8",U1900 Adult
10052,219308,"9,5,6",U1900 Adult
15550,272631,"4,6,-12,6",U1900 Adult
15550,1165614,"-6,3,10,6",U1900 Adult
15550,77070,"5,9,9",U1900 Adult
272631,1165614,"6,6,7",U1900 Adult
272631,77070,"5,5,7",U1900 Adult
1165614,77070,"9,9,-8,8",U1900 Adult
217073,82256,"5,7,-6,9",U1900 Adult
217073,271581,"7,-8,2,4",U1900 Adult
217073,1168383,"7,9,-9,10",U1900 Adult
82256,271581,"9,8,4",U1900 Adult
82256,1168383,"8,-9,-5,4,8",U1900 Adult
1168383,271581,"6,11,-6,7",U1900 Adult
56980,229498,"5,-6,7,9",U1900 Adult
229498,212199,"5,-9,7,7",U1900 Adult
56980,212199,"5,5,2",U1900 Adult
1176561,53412,"5,9,9",U1900 Adult
53412,263248,"9,5,6",U1900 Adult
53412,275925,"8,7,2",U1900 Adult
1176561,263248,"7,10,-3,5",U1900 Adult
1176561,275925,"7,8,5",U1900 Adult
263248,275925,"8,7,-2,-6,10",U1900 Adult
1172340,90498,"-6,10,5,8",U1900 Adult
90498,24961,"6,3,8",U1900 Adult
90498,1173546,"2,6,4",U1900 Adult
1172340,1173546,"8,7,3",U1900 Adult
5021,217579,"7,9,10",U1900 Adult
5021,272402,"6,6,-4,10",U1900 Adult
272402,217579,"4,11,0",U1900 Adult
211903,1170851,"-5,3,9,-8,2",U1900 Adult
274741,211903,"7,-7,3,-8,9",U1900 Adult
1170851,274741,"-7,3,8,10",U1900 Adult
1174429,94867,"4,5,6",U1900 Adult
94867,270905,"8,5,-9,8",U1900 Adult
1172570,94867,"-9,5,8,10",U1900 Adult
1174429,270905,"6,8,9",U1900 Adult
1174429,1172570,"-8,3,8,10",U1900 Adult
1172570,270905,"-12,2,4,8",U1900 Adult
213021,21768,"6,5,4",U1900 Adult
213021,41466,"3,2,2",U1900 Adult
21768,41466,"4,8,1",U1900 Adult
1174103,1169599,"8,-9,-5,9,9",U1900 Adult
1174103,1178090,"5,5,4",U1900 Adult
1174103,94049,"7,8,3",U1900 Adult
1169599,1178090,"5,4,6",U1900 Adult
1169599,94049,"5,8,3",U1900 Adult
94049,1178090,"-7,9,-11,11,7",U1900 Adult
9611,93088,"5,7,7",U1900 Adult
93088,864,"9,5,8",U1900 Adult
93088,1170373,"10,9,-4,12",U1900 Adult
9611,864,"-9,9,8,8",U1900 Adult
9611,1170373,"8,-8,11,-4,7",U1900 Adult
1170373,864,"-8,8,4,9",U1900 Adult
95765,72008,"12,5,-3,11",U1900 Adult
95765,263095,"3,6,9",U1900 Adult
276085,95765,"7,4,-3,8",U1900 Adult
72008,263095,"-8,1,8,9",U1900 Adult
72008,276085,"9,6,-6,3",U1900 Adult
263095,276085,"9,8,7",U1900 Adult
94988,1179398,"3,6,7",U1900 Adult
94988,277426,"3,6,7",U1900 Adult
1179398,277426,"9,4,-19,8",U1900 Adult
1150994,52333,"5,8,8",U1800 Adult
1150994,1169425,"2,4,-8,3",U1800 Adult
1169425,52333,"-2,3,-6,10,6",U1800 Adult
85933,211647,"6,2,7",U1800 Adult
1178675,211647,"13,-6,5,-3,3",U1800 Adult
1178675,85933,"3,7,5",U1800 Adult
1169124,29129,"5,7,3",U1800 Adult
1169124,5428,"3,5,3",U1800 Adult
1169124,999059,"-5,-4,7,9,3",U1800 Adult
5428,29129,"7,10,-7,8",U1800 Adult
999059,29129,"9,7,8",U1800 Adult
999059,5428,"6,9,5",U1800 Adult
1172337,43623,"4,2,6",U1800 Adult
999004,1172337,"3,6,6",U1800 Adult
999004,43623,"5,3,3",U1800 Adult
7519,62488,"2,7,5",U1800 Adult
7519,999043,"4,8,-8,5",U1800 Adult
62488,999043,"4,8,7",U1800 Adult
271282,94867,"-7,9,11,10",U1800 Adult
94867,8708,"5,6,4",U1800 Adult
1182880,94867,"6,9,6",U1800 Adult
8708,271282,"9,8,-10,6",U1800 Adult
271282,1182880,"7,-6,-6,9,6",U1800 Adult
1182880,8708,"9,6,9",U1800 Adult
230162,213021,"8,7,-6,11",U1800 Adult
213021,2608,"8,5,6",U1800 Adult
213021,281823,"6,3,2",U1800 Adult
230162,2608,"5,7,8",U1800 Adult
230162,281823,"-9,10,5,5",U1800 Adult
2608,281823,"7,6,10",U1800 Adult
69850,1174103,"8,-5,9,-6,9",U1800 Adult
31297,218150,"0,-7,-11,7,6",U1800 Adult
218150,1165754,"8,6,4",U1800 Adult
31297,1165754,"7,7,7",U1800 Adult
81586,95765,"4,8,9",U1800 Adult
95765,1165614,"-5,-10,10,8,9",U1800 Adult
81586,1165614,"4,19,4",U1800 Adult
94988,271579,"9,-9,2,3",U1800 Adult
94988,1167093,"6,9,10",U1800 Adult
1167093,271579,"3,-3,9,6",U1800 Adult
1169599,217579,"4,10,11",U1800 Adult
1169599,270460,"5,3,8",U1800 Adult
217579,270460,"9,2,-7,-9,2",U1800 Adult
1176375,72008,"-9,11,8,-8,5",U1800 Adult
1170851,72008,"4,-8,5,-10,9",U1800 Adult
72008,273783,"6,10,9",U1800 Adult
1176375,1170851,"8,10,-7,-7,9",U1800 Adult
1176375,273783,"6,6,-8,7",U1800 Adult
1170851,273783,"7,7,4",U1800 Adult
270905,70481,"9,10,-7,7",U1800 Adult
1177472,70481,"10,5,-11,6",U1800 Adult
1177472,270905,"5,5,4",U1800 Adult
88027,80950,"9,9,9",U1800 Adult
88027,1168339,"2,7,4",U1800 Adult
80950,1168339,"3,5,2",U1800 Adult
1177588,1179398,"6,6,9",U1800 Adult
1179398,1176029,"6,-11,5,4",U1800 Adult
1177588,20034,"7,6,4",U1800 Adult
1176029,20034,"9,-3,11,-8,9",U1800 Adult
1177588,1176029,"9,9,6",U1800 Adult
21768,8475,"11,-9,9,-8,2",U1800 Adult
21768,74986,"1,3,2",U1800 Adult
8475,74986,"2,6,2",U1800 Adult
212945,1174429,"10,7,9",U1800 Adult
1174429,1178090,"3,6,5",U1800 Adult
1174429,220752,"5,10,3",U1800 Adult
212945,1178090,"3,5,10",U1800 Adult
212945,220752,"7,6,-10,7",U1800 Adult
220752,1178090,"9,4,11",U1800 Adult
1181518,211903,"4,-3,12,8",U1800 Adult
211903,263095,"-11,2,11,10",U1800 Adult
211903,96337,"7,-8,7,3",U1800 Adult
1181518,263095,"2,7,-2,9",U1800 Adult
1181518,96337,"6,9,9",U1800 Adult
263095,96337,"-7,5,14,10",U1800 Adult
5021,1166750,"8,7,8",U1800 Adult
5021,95184,"3,6,9",U1800 Adult
5021,220405,"7,-9,2,6",U1800 Adult
1166750,95184,"5,9,6",U1800 Adult
1166750,220405,"9,2,3",U1800 Adult
95184,220405,"-7,7,10,5",U1800 Adult
1172340,276539,"-9,8,9,-9,7",U1800 Adult
1172340,97781,"3,6,4",U1800 Adult
1172340,71436,"2,9,3",U1800 Adult
276539,97781,"-11,6,5,4",U1800 Adult
276539,71436,"-4,5,3,4",U1800 Adult
97781,71436,"8,8,3",U1800 Adult
1176561,281336,"7,6,8",U1800 Adult
1176561,277426,"10,-4,6,8",U1800 Adult
1176561,214956,"1,10,3",U1800 Adult
281336,277426,"6,8,9",U1800 Adult
281336,214956,"1,6,10",U1800 Adult
277426,214956,"5,4,9",U1800 Adult
60472,82256,"-7,-11,4,8,8",U1800 Adult
82256,1170373,"8,-8,-5,6,10",U1800 Adult
82256,231503,"9,7,5",U1800 Adult
1170373,60472,"-7,6,8,11",U1800 Adult
60472,231503,"7,5,-11,-9,9",U1800 Adult
1170373,231503,"6,9,9",U1800 Adult
272631,1176802,"-13,7,8,-2,4",U1800 Adult
272631,94049,"6,5,4",U1800 Adult
272631,88854,"3,6,5",U1800 Adult
1176802,94049,"9,-9,5,5",U1800 Adult
1176802,88854,"5,4,5",U1800 Adult
94049,88854,"5,7,8",U1800 Adult
275301,21185,"-7,9,11,12",U1800 Adult
21185,41466,"8,10,9",U1800 Adult
275301,41466,"4,4,6",U1800 Adult
203231,45685,"-9,6,10,9",U1800 Adult
203231,1173546,"-9,5,4,8",U1800 Adult
203231,81946,"12,1,8",U1800 Adult
1173546,45685,"-9,4,7,8",U1800 Adult
45685,81946,"-10,12,7,0",U1800 Adult
1173546,81946,"3,5,-3,7",U1800 Adult
58132,97466,"10,8,3",U1800 Adult
97466,1178805,"8,-5,8,6",U1800 Adult
97466,30913,"8,6,9",U1800 Adult
58132,1178805,"2,3,-3,-9,9",U1800 Adult
58132,30913,"7,9,6",U1800 Adult
1178805,30913,"5,6,6",U1800 Adult
81606,33336,"6,6,9",U1800 Adult
81606,274741,"10,4,5",U1800 Adult
81606,273520,"4,8,1",U1800 Adult
33336,274741,"5,7,2",U1800 Adult
33336,273520,"7,7,6",U1800 Adult
274741,273520,"-7,9,1,5",U1800 Adult
57913,926905,"-6,10,4,6",U1800 Adult
926905,272402,"7,6,4",U1800 Adult
926905,77070,"-10,9,7,8",U1800 Adult
57913,272402,"7,3,6",U1800 Adult
57913,77070,"7,3,1",U1800 Adult
272402,77070,"7,-7,3,-10,10",U1800 Adult
202883,43265,"-7,5,9,9",U1800 Adult
43265,1172570,"-5,-4,9,10,5",U1800 Adult
43265,1168383,"9,7,8",U1800 Adult
202883,1172570,"-6,12,-11,4,6",U1800 Adult
202883,1168383,"8,-11,9,4",U1800 Adult
1172570,1168383,"5,5,8",U1800 Adult
9615,203034,"-9,9,-6,7,7",U1800 Adult
203034,212199,"6,9,8",U1800 Adult
203034,219308,"10,8,8",U1800 Adult
9615,212199,"4,7,6",U1800 Adult
9615,219308,"9,8,8",U1800 Adult
212199,219308,"4,4,9",U1800 Adult
21400,43265,"2,4,5",Men's 60+ Singles
4780,9611,"5,7,10",Men's 60+ Singles
4780,9615,"7,6,7",Men's 60+ Singles
9611,9615,"10,-3,-12,5,6",Men's 60+ Singles
58132,81189,"-4,4,-10,11,5",Men's 60+ Singles
55345,83354,"9,4,7",Men's 60+ Singles
8429,35038,"7,7,-10,9",Men's 60+ Singles
8429,33546,"5,4,9",Men's 60+ Singles
8429,1179259,"3,0,3",Men's 60+ Singles
35038,33546,"-10,6,6,-7,10",Men's 60+ Singles
35038,1179259,"2,2,5",Men's 60+ Singles
33546,1179259,"-8,3,2,3",Men's 60+ Singles
39366,53412,"4,9,-9,6",Men's 60+ Singles
39366,269513,"5,4,9",Men's 60+ Singles
39366,1180988,"4,8,2",Men's 60+ Singles
53412,269513,"3,4,8",Men's 60+ Singles
53412,1180988,"6,8,3",Men's 60+ Singles
1180988,269513,"11,-11,-6,7,10",Men's 60+ Singles
48032,33402,"5,6,5",Men's 60+ Singles
48032,271579,"2,2,7",Men's 60+ Singles
48032,1180771,"4,1,6",Men's 60+ Singles
33402,271579,"2,6,-9,11",Men's 60+ Singles
33402,1180771,"7,8,6",Men's 60+ Singles
271579,1180771,"5,7,7",Men's 60+ Singles
1172127,63010,"9,-9,9,-9,9",Men's 60+ Singles
63010,85933,"9,7,9",Men's 60+ Singles
1172127,85933,"2,2,2",Men's 60+ Singles
45824,7171,"6,6,6",Men's 60+ Singles
94298,56980,"8,9,6",Men's 60+ Singles
94298,1169425,"7,5,8",Men's 60+ Singles
94298,271207,"6,4,2",Men's 60+ Singles
1169425,56980,"6,4,7",Men's 60+ Singles
56980,271207,"4,5,7",Men's 60+ Singles
80369,223741,"8,6,8",Men's 60+ Singles
80369,2608,"4,4,6",Men's 60+ Singles
80369,6421,"7,2,7",Men's 60+ Singles
223741,2608,"5,1,5",Men's 60+ Singles
223741,6421,"6,2,5",Men's 60+ Singles
2608,6421,"-5,-9,7,4,2",Men's 60+ Singles
224098,30992,"5,-3,9,7",Men's 60+ Singles
30992,24961,"6,3,7",Men's 60+ Singles
224098,24961,"3,7,10",Men's 60+ Singles
1167919,222180,"-7,13,8,-8,5",Men's 60+ Singles
1167919,20034,"2,7,8",Men's 60+ Singles
1167919,80356,"6,5,5",Men's 60+ Singles
222180,20034,"5,4,-11,4",Men's 60+ Singles
222180,80356,"2,3,6",Men's 60+ Singles
80356,20034,"11,-9,9,9",Men's 60+ Singles
96412,41466,"2,4,4",Men's 60+ Singles
96412,1122133,"8,7,3",Men's 60+ Singles
1122133,41466,"10,6,4",Men's 60+ Singles
53157,217578,"3,3,2",Women's 60+ Singles
53157,999040,"5,4,6",Women's 60+ Singles
999040,217578,"7,5,7",Women's 60+ Singles
270356,32916,"9,4,4",Women's 60+ Singles
270356,202589,"1,3,3",Women's 60+ Singles
270356,280536,"4,7,3",Women's 60+ Singles
32916,202589,"-10,-8,9,6,2",Women's 60+ Singles
32916,280536,"11,10,-9,-3,9",Women's 60+ Singles
202589,280536,"2,8,3",Women's 60+ Singles
89540,13206,"-2,7,-9,11,9",Women's 60+ Singles
13206,87850,"5,6,5",Women's 60+ Singles
89540,87850,"6,7,12",Women's 60+ Singles
21400,33546,"2,6,2",Men's 65+ Singles
21400,269510,"3,4,5",Men's 65+ Singles
33546,269510,"-6,9,-8,9,8",Men's 65+ Singles
30014,94867,"4,-6,4,-9,4",Men's 65+ Singles
30014,1175402,"0,6,0",Men's 65+ Singles
94867,1175402,"5,6,5",Men's 65+ Singles
13020,1166474,"6,4,10",Men's 65+ Singles
13020,10052,"8,7,5",Men's 65+ Singles
13020,281262,"-7,6,6,9",Men's 65+ Singles
1166474,10052,"-9,8,4,6",Men's 65+ Singles
281262,1166474,"-9,8,8,6",Men's 65+ Singles
55345,61290,"8,6,3",Men's 65+ Singles
55345,31289,"4,3,7",Men's 65+ Singles
55345,88854,"3,6,5",Men's 65+ Singles
61290,31289,"6,-6,26,3",Men's 65+ Singles
61290,88854,"2,6,2",Men's 65+ Singles
31289,88854,"9,10,9",Men's 65+ Singles
8429,223741,"-8,-7,2,9,10",Men's 65+ Singles
8429,1164188,"4,9,6",Men's 65+ Singles
223741,1164188,"-9,5,7,10",Men's 65+ Singles
224165,81189,"-3,6,-10,5,9",Men's 65+ Singles
224165,27823,"6,1,8",Men's 65+ Singles
224165,3611,"3,5,2",Men's 65+ Singles
81189,27823,"11,9,7",Men's 65+ Singles
81189,3611,"2,4,4",Men's 65+ Singles
27823,3611,"-8,5,5,8",Men's 65+ Singles
278163,8005,"-6,8,7,-8,7",Men's 65+ Singles
8005,266681,"6,5,4",Men's 65+ Singles
8005,6421,"6,7,5",Men's 65+ Singles
278163,266681,"3,5,6",Men's 65+ Singles
278163,6421,"6,2,3",Men's 65+ Singles
266681,6421,"10,6,-6,5",Men's 65+ Singles
63010,6104,"6,4,8",Men's 65+ Singles
63010,9611,"9,2,7",Men's 65+ Singles
63010,97781,"3,8,5",Men's 65+ Singles
9611,6104,"-10,10,6,8",Men's 65+ Singles
6104,97781,"4,5,9",Men's 65+ Singles
9611,97781,"5,7,9",Men's 65+ Singles
94298,30992,"-10,6,4,7",Men's 65+ Singles
94298,85933,"4,6,8",Men's 65+ Singles
30992,85933,"8,9,6",Men's 65+ Singles
80369,9668,"7,-6,10,7",Men's 65+ Singles
80369,7171,"5,1,4",Men's 65+ Singles
80369,24961,"5,4,6",Men's 65+ Singles
9668,7171,"3,1,3",Men's 65+ Singles
9668,24961,"8,2,7",Men's 65+ Singles
24961,7171,"8,9,9",Men's 65+ Singles
270356,202589,"5,7,3",Women's 65+ Singles
270356,85287,"4,9,4",Women's 65+ Singles
85287,202589,"8,-9,9,11",Women's 65+ Singles
34589,32916,"6,3,7",Women's 65+ Singles
34589,46331,"3,5,1",Women's 65+ Singles
32916,46331,"4,4,5",Women's 65+ Singles
214956,87850,"-14,5,6,6",Women's 65+ Singles
999043,214956,"4,5,5",Women's 65+ Singles
999043,87850,"1,4,4",Women's 65+ Singles
13206,89540,"-6,9,-8,3,11",Women's 65+ Singles
13206,223377,"4,6,4",Women's 65+ Singles
999040,13206,"4,5,4",Women's 65+ Singles
89540,223377,"-9,8,-8,6,3",Women's 65+ Singles
999040,89540,"3,4,4",Women's 65+ Singles
999040,223377,"3,1,4",Women's 65+ Singles
34589,202589,"6,4,3",Women's 70+ Singles
34589,85287,"4,2,4",Women's 70+ Singles
85287,202589,"8,7,5",Women's 70+ Singles
10414,32916,"5,6,11",Women's 70+ Singles
10414,87850,"3,4,8",Women's 70+ Singles
32916,87850,"8,-7,-10,11,8",Women's 70+ Singles
8644,13206,"2,8,11",Women's 70+ Singles
8644,223377,"2,4,4",Women's 70+ Singles
999040,8644,"3,2,6",Women's 70+ Singles
13206,223377,"7,3,6",Women's 70+ Singles
999040,13206,"6,6,4",Women's 70+ Singles
999040,223377,"6,4,1",Women's 70+ Singles
34178,89540,"-8,10,5,-5,9",Women's 70+ Singles
34178,46331,"9,2,3",Women's 70+ Singles
999043,34178,"6,8,7",Women's 70+ Singles
999043,89540,"0,2,1",Women's 70+ Singles
30014,90843,"5,9,3",Men's 75+ Singles
30014,8708,"7,7,4",Men's 75+ Singles
8708,90843,"9,9,-9,4",Men's 75+ Singles
63010,10052,"4,14,7",Men's 75+ Singles
63010,1628,"4,5,5",Men's 75+ Singles
10052,1628,"9,-9,12,9",Men's 75+ Singles
9668,13660,"5,6,8",Men's 75+ Singles
8146,10729,"5,-6,9,7",Men's 75+ Singles
10729,95019,"-10,-8,9,10,5",Men's 75+ Singles
1178900,10729,"10,7,10",Men's 75+ Singles
95019,8146,"-7,7,8,-5,7",Men's 75+ Singles
8146,1178900,"5,3,3",Men's 75+ Singles
95019,1178900,"8,-8,9,10",Men's 75+ Singles
11097,29798,"7,4,7",Men's 75+ Singles
84903,202365,"-5,6,-9,8,2",U21 Men's Singles
84903,215565,"6,8,-7,3",U21 Men's Singles
84903,264093,"2,5,6",U21 Men's Singles
202365,215565,"10,10,-8,9",U21 Men's Singles
202365,264093,"8,8,8",U21 Men's Singles
215565,264093,"6,5,6",U21 Men's Singles
218074,230805,"10,6,3",U21 Men's Singles
218074,219868,"9,5,4",U21 Men's Singles
218074,1150978,"5,6,1",U21 Men's Singles
230805,219868,"-10,6,-8,9,9",U21 Men's Singles
230805,1150978,"-6,8,7,1",U21 Men's Singles
279541,222276,"8,9,7",U21 Men's Singles
279541,1172443,"4,2,1",U21 Men's Singles
279541,220985,"6,3,7",U21 Men's Singles
222276,1172443,"7,6,8",U21 Men's Singles
222276,220985,"4,5,6",U21 Men's Singles
1172443,220985,"-7,2,1,6",U21 Men's Singles
84904,96746,"4,6,8",U21 Men's Singles
84904,213538,"5,9,6",U21 Men's Singles
84904,229714,"5,9,-8,5",U21 Men's Singles
96746,213538,"7,3,3",U21 Men's Singles
96746,229714,"5,3,2",U21 Men's Singles
213538,229714,"-5,8,11,5",U21 Men's Singles
89837,197388,"-9,-13,7,4,6",U21 Men's Singles
89837,222837,"-11,7,7,4",U21 Men's Singles
89837,1172337,"3,3,7",U21 Men's Singles
222837,197388,"-13,8,9,-9,9",U21 Men's Singles
197388,1172337,"5,8,5",U21 Men's Singles
222837,1172337,"1,9,3",U21 Men's Singles
98262,1181620,"2,4,5",U21 Men's Singles
98262,1171074,"9,3,7",U21 Men's Singles
98262,219413,"4,4,7",U21 Men's Singles
1171074,1181620,"-9,6,-10,9,6",U21 Men's Singles
1181620,219413,"5,10,5",U21 Men's Singles
1171074,219413,"5,8,8",U21 Men's Singles
211982,281332,"1,7,7",U21 Men's Singles
211982,219237,"7,9,7",U21 Men's Singles
281332,219237,"10,-6,7,-10,10",U21 Men's Singles
281328,1180710,"-7,11,8,-9,9",U21 Men's Singles
1180710,221548,"5,4,8",U21 Men's Singles
1180710,280445,"5,6,7",U21 Men's Singles
281328,221548,"6,-9,1,6",U21 Men's Singles
281328,280445,"4,8,7",U21 Men's Singles
280445,221548,"-3,-4,7,9,7",U21 Men's Singles
1178381,92296,"9,9,9",U21 Men's Singles
1178381,1177907,"3,4,8",U21 Men's Singles
1178381,1168516,"5,7,5",U21 Men's Singles
92296,1177907,"8,6,7",U21 Men's Singles
92296,1168516,"9,5,5",U21 Men's Singles
281766,1178383,"-9,-10,9,7,7",U21 Men's Singles
281766,999004,"5,-10,6,5",U21 Men's Singles
1178383,999004,"6,6,6",U21 Men's Singles
91031,267124,"10,9,-9,-10,9",U21 Men's Singles
91031,223163,"8,8,8",U21 Men's Singles
91031,999013,"4,5,8",U21 Men's Singles
267124,223163,"5,2,4",U21 Men's Singles
267124,999013,"5,9,-7,5",U21 Men's Singles
999013,223163,"-14,5,6,5",U21 Men's Singles
202363,220808,"7,8,-8,-6,7",U21 Men's Singles
220808,217219,"8,3,4",U21 Men's Singles
202363,217219,"6,9,3",U21 Men's Singles
1178107,91905,"7,-8,9,-7,3",U21 Men's Singles
91905,270366,"7,6,9",U21 Men's Singles
91905,999062,"-9,8,9,7",U21 Men's Singles
1178107,270366,"2,7,2",U21 Men's Singles
1178107,999062,"9,8,7",U21 Men's Singles
999062,270366,"5,6,2",U21 Men's Singles
211736,211614,"5,4,4",U21 Men's Singles
211736,999052,"3,12,8",U21 Men's Singles
999052,211614,"-5,5,8,4",U21 Men's Singles
281333,202029,"-10,8,4,-7,1",U21 Men's Singles
202029,1179201,"-10,6,3,-3,5",U21 Men's Singles
281948,202029,"6,-9,9,12",U21 Men's Singles
281333,1179201,"5,-7,-6,4,7",U21 Men's Singles
281948,281333,"7,7,7",U21 Men's Singles
281948,1179201,"2,6,8",U21 Men's Singles
280238,1180776,"6,-10,6,6",Parkinson Open
280238,1177962,"11,-9,6,-8,6",Parkinson Open
1177962,1180776,"7,5,5",Parkinson Open
280238,281640,"0,3,1",Parkinson Open
1180776,281640,"5,6,5",Parkinson Open
1177962,281640,"-6,8,-8,10,6",Parkinson Open
274479,999051,"3,4,5",Parkinson Open
276226,999051,"7,10,8",Parkinson Open
274479,276226,"7,4,3",Parkinson Open
999051,999028,"1,5,5",Parkinson Open
274479,999028,"5,5,3",Parkinson Open
276226,999028,"7,7,12",Parkinson Open
1166478,47919,"8,7,-1,5",30 & Over Men's Singles
1166478,74947,"7,2,9",30 & Over Men's Singles
47919,74947,"9,-8,5,9",30 & Over Men's Singles
1170429,25608,"9,9,9",30 & Over Men's Singles
1170429,202651,"8,6,9",30 & Over Men's Singles
25608,202651,"6,-9,4,11",30 & Over Men's Singles
25608,1168670,"5,7,3",30 & Over Men's Singles
202651,1168670,"6,3,5",30 & Over Men's Singles
75749,1177954,"6,4,3",30 & Over Men's Singles
75749,90786,"5,-12,2,6",30 & Over Men's Singles
75749,1167751,"1,4,2",30 & Over Men's Singles
1177954,90786,"10,6,7",30 & Over Men's Singles
1177954,1167751,"6,0,9",30 & Over Men's Singles
90786,1167751,"2,6,1",30 & Over Men's Singles
23538,18298,"-10,5,6,11",30 & Over Men's Singles
23538,26208,"3,7,9",30 & Over Men's Singles
18298,26208,"7,5,10",30 & Over Men's Singles
7014,25053,"7,5,8",30 & Over Men's Singles
7014,89832,"7,5,1",30 & Over Men's Singles
7014,271056,"7,3,1",30 & Over Men's Singles
25053,89832,"12,9,-5,-11,11",30 & Over Men's Singles
25053,271056,"4,9,7",30 & Over Men's Singles
89832,271056,"5,8,5",30 & Over Men's Singles
34207,57949,"8,8,3",30 & Over Men's Singles
57949,94133,"6,8,4",30 & Over Men's Singles
57949,274607,"5,6,5",30 & Over Men's Singles
34207,94133,"6,4,6",30 & Over Men's Singles
34207,274607,"6,3,4",30 & Over Men's Singles
94133,274607,"9,1,-7,7",30 & Over Men's Singles
29200,1170602,"6,6,4",30 & Over Men's Singles
29200,98264,"4,5,6",30 & Over Men's Singles
29200,223847,"1,9,5",30 & Over Men's Singles
1170602,98264,"2,-7,2,7",30 & Over Men's Singles
1170602,223847,"7,1,-4,-10,8",30 & Over Men's Singles
98264,223847,"3,9,9",30 & Over Men's Singles
217487,84273,"5,10,-8,9",30 & Over Men's Singles
84273,218929,"10,5,6",30 & Over Men's Singles
84273,263248,"4,6,6",30 & Over Men's Singles
217487,218929,"6,7,10",30 & Over Men's Singles
217487,263248,"5,3,1",30 & Over Men's Singles
218929,263248,"5,-9,9,7",30 & Over Men's Singles
34825,131129,"4,5,-10,-9,9",30 & Over Men's Singles
34825,229635,"9,9,5",30 & Over Men's Singles
34825,1173546,"5,6,6",30 & Over Men's Singles
229635,1173546,"-12,6,6,3",30 & Over Men's Singles
34054,79092,"10,9,4",30 & Over Men's Singles
34054,72553,"8,2,3",30 & Over Men's Singles
34054,81397,"4,5,5",30 & Over Men's Singles
79092,72553,"2,10,8",30 & Over Men's Singles
79092,81397,"2,2,3",30 & Over Men's Singles
72553,81397,"7,4,3",30 & Over Men's Singles
263612,71746,"7,8,3",30 & Over Men's Singles
263612,274478,"-5,6,-7,8,9",30 & Over Men's Singles
263612,25587,"12,5,-9,7",30 & Over Men's Singles
71746,274478,"8,8,-9,8",30 & Over Men's Singles
71746,25587,"9,9,5",30 & Over Men's Singles
274478,25587,"-9,10,9,5",30 & Over Men's Singles
62089,29292,"7,7,4",30 & Over Men's Singles
62089,62550,"5,4,6",30 & Over Men's Singles
62089,926764,"6,3,5",30 & Over Men's Singles
29292,62550,"3,4,4",30 & Over Men's Singles
29292,926764,"3,6,3",30 & Over Men's Singles
926764,62550,"10,8,5",30 & Over Men's Singles
10437,77764,"8,9,-8,7",30 & Over Men's Singles
10437,95991,"6,6,-9,6",30 & Over Men's Singles
10437,271579,"7,4,5",30 & Over Men's Singles
77764,95991,"3,5,8",30 & Over Men's Singles
77764,271579,"4,3,3",30 & Over Men's Singles
95991,271579,"8,1,10",30 & Over Men's Singles
93102,219939,"7,9,6",30 & Over Men's Singles
93102,15550,"7,4,-7,7",30 & Over Men's Singles
93102,82256,"7,5,7",30 & Over Men's Singles
219939,15550,"4,3,8",30 & Over Men's Singles
219939,82256,"5,6,-9,3",30 & Over Men's Singles
15550,82256,"9,-9,3,6",30 & Over Men's Singles
94469,195549,"7,6,-1,9",30 & Over Men's Singles
94469,91339,"7,3,8",30 & Over Men's Singles
94469,272631,"7,-3,3,6",30 & Over Men's Singles
195549,272631,"8,6,6",30 & Over Men's Singles
91339,272631,"9,-9,6,6",30 & Over Men's Singles
1178113,95450,"5,4,6",30 & Over Men's Singles
1178113,88909,"4,3,4",30 & Over Men's Singles
95450,88909,"6,8,3",30 & Over Men's Singles
89181,34953,"9,12,-6,-10,9",Para Class 6-7
34953,274479,"2,6,3",Para Class 6-7
89181,274479,"2,2,4",Para Class 6-7
59922,95375,"1,6,6",Para Class 8 -10
1177588,211647,"10,-6,-9,6,5",U1700 Adult
211647,263095,"3,9,7",U1700 Adult
211647,274152,"3,8,9",U1700 Adult
1177588,263095,"7,3,6",U1700 Adult
1177588,274152,"2,5,7",U1700 Adult
274152,263095,"-8,6,8,4",U1700 Adult
1169124,267535,"5,8,9",U1700 Adult
1169124,281823,"4,1,1",U1700 Adult
267535,281823,"5,-10,7,-7,7",U1700 Adult
271049,1174103,"10,-11,-9,10,3",U1700 Adult
51131,1174103,"9,8,-9,9",U1700 Adult
999046,1174103,"5,5,6",U1700 Adult
271049,51131,"6,8,11",U1700 Adult
999046,271049,"5,4,9",U1700 Adult
999046,51131,"-6,9,6,6",U1700 Adult
1179398,273603,"9,12,2",U1700 Adult
1179398,98182,"13,2,9",U1700 Adult
1179398,999043,"-4,5,8,-8,2",U1700 Adult
273603,98182,"8,-10,7,3",U1700 Adult
999043,273603,"-5,10,9,6",U1700 Adult
999043,98182,"8,10,-10,9",U1700 Adult
1170851,82256,"8,10,-9,-11,9",U1700 Adult
82256,276085,"5,12,6",U1700 Adult
999004,82256,"9,7,8",U1700 Adult
276085,1170851,"7,9,9",U1700 Adult
999004,1170851,"7,7,-8,6",U1700 Adult
999004,276085,"5,6,9",U1700 Adult
94049,217579,"9,8,3",U1700 Adult
217579,46331,"3,4,2",U1700 Adult
94049,46331,"3,9,1",U1700 Adult
97466,75018,"7,5,2",U1700 Adult
1170373,97466,"2,-6,12,-4,8",U1700 Adult
97466,1175402,"7,5,3",U1700 Adult
1170373,75018,"-10,4,10,8",U1700 Adult
75018,1175402,"3,5,7",U1700 Adult
1170373,1175402,"2,4,4",U1700 Adult
1167093,203034,"4,5,-11,6",U1700 Adult
276750,203034,"-4,3,7,8",U1700 Adult
203034,1179259,"13,5,9",U1700 Adult
1167093,276750,"-7,3,-8,3,6",U1700 Adult
1167093,1179259,"7,6,6",U1700 Adult
276750,1179259,"6,4,9",U1700 Adult
9615,1181519,"4,6,5",U1700 Adult
9615,1172570,"4,3,9",U1700 Adult
9615,1165754,"5,-9,7,4",U1700 Adult
1172570,1181519,"4,8,-12,4",U1700 Adult
1181519,1165754,"3,4,-7,10",U1700 Adult
1172570,1165754,"5,10,-4,8",U1700 Adult
78058,24961,"4,3,10",U1700 Adult
78058,271056,"7,7,-10,5",U1700 Adult
78058,270460,"6,4,4",U1700 Adult
271056,24961,"6,-9,7,7",U1700 Adult
24961,270460,"-12,10,6,6",U1700 Adult
271056,270460,"5,1,7",U1700 Adult
57913,272983,"9,7,3",U1700 Adult
57913,274741,"13,3,7",U1700 Adult
57913,1175404,"5,3,4",U1700 Adult
272983,274741,"4,8,-9,9",U1700 Adult
272983,1175404,"5,5,6",U1700 Adult
274741,1175404,"7,2,8",U1700 Adult
218460,223847,"7,-5,7,4",U1700 Adult
223847,217578,"4,8,3",U1700 Adult
218460,217578,"8,8,5",U1700 Adult
84158,33336,"6,-10,3,7",U1700 Adult
33336,41466,"6,9,9",U1700 Adult
33336,250281,"10,8,-6,8",U1700 Adult
84158,41466,"7,3,6",U1700 Adult
84158,250281,"9,3,6",U1700 Adult
250281,41466,"11,-8,6,14",U1700 Adult
58132,1165614,"6,7,5",U1700 Adult
58132,43623,"7,-6,8,-6,9",U1700 Adult
58132,218009,"5,5,4",U1700 Adult
1165614,43623,"10,-10,8,9",U1700 Adult
1165614,218009,"3,-5,5,4",U1700 Adult
43623,218009,"9,7,5",U1700 Adult
203134,274765,"7,9,3",U1700 Adult
203134,1170430,"5,2,1",U1700 Adult
203134,218010,"5,5,4",U1700 Adult
274765,1170430,"-9,4,5,-6,10",U1700 Adult
274765,218010,"8,3,6",U1700 Adult
1170430,218010,"5,6,5",U1700 Adult
10052,1176802,"7,5,-8,8",U1700 Adult
274607,1176802,"10,-9,8,8",U1700 Adult
1176802,1176029,"9,1,5",U1700 Adult
10052,274607,"-6,7,-9,7,9",U1700 Adult
10052,1176029,"-6,8,4,8",U1700 Adult
274607,1176029,"6,4,7",U1700 Adult
83354,1174037,"9,4,2",U1700 Adult
1173546,83354,"6,6,9",U1700 Adult
83354,275464,"4,3,6",U1700 Adult
1173546,1174037,"7,-3,5,4",U1700 Adult
1174037,275464,"5,9,6",U1700 Adult
1173546,275464,"5,7,3",U1700 Adult
1166750,1178104,"-9,9,9,9",U1700 Adult
1166750,272402,"10,-5,11,-5,7",U1700 Adult
1166750,32916,"5,8,5",U1700 Adult
272402,1178104,"-8,5,7,-7,6",U1700 Adult
1178104,32916,"2,-8,12,2",U1700 Adult
272402,32916,"5,-9,3,7",U1700 Adult
25587,7171,"8,11,3",U1700 Adult
25587,275925,"8,7,7",U1700 Adult
25587,271207,"6,11,7",U1700 Adult
7171,275925,"10,9,-7,-7,10",U1700 Adult
271207,7171,"7,6,1",U1700 Adult
271207,275925,"5,-5,7,3",U1700 Adult
926764,212199,"8,6,11",U1700 Adult
926764,96337,"7,1,4",U1700 Adult
212199,96337,"-6,5,5,11",U1700 Adult
82234,14883,"-9,5,7,-8,2",U1700 Adult
82234,21978,"2,4,6",U1700 Adult
82234,270494,"7,8,-9,7",U1700 Adult
14883,21978,"4,4,8",U1700 Adult
14883,270494,"-8,10,-8,12,9",U1700 Adult
270494,21978,"9,-5,-8,9,10",U1700 Adult
81397,1181518,"8,2,11",U1700 Adult
1181518,275022,"8,-9,9,8",U1700 Adult
1168670,1181518,"-2,-7,6,9,9",U1700 Adult
81397,275022,"4,6,7",U1700 Adult
81397,1168670,"6,10,7",U1700 Adult
275022,1168670,"6,3,8",U1700 Adult
81398,1178675,"7,8,-5,5",U1700 Adult
81398,219308,"8,-9,4,8",U1700 Adult
81398,278125,"9,-10,6,5",U1700 Adult
1178675,219308,"-9,-13,6,6,8",U1700 Adult
278125,1178675,"10,4,10",U1700 Adult
278125,219308,"8,6,11",U1700 Adult
264717,1169425,"6,-10,6,-5,3",U1700 Adult
264717,1122133,"11,-10,5,7",U1700 Adult
264717,214956,"4,6,3",U1700 Adult
1169425,1122133,"10,10,6",U1700 Adult
1169425,214956,"2,2,2",U1700 Adult
1122133,214956,"-7,9,9,2",U1700 Adult
1181640,31289,"5,8,6",U1700 Adult
96654,31289,"4,8,10",U1700 Adult
31289,1532,"7,12,7",U1700 Adult
1181640,96654,"-9,2,4,7",U1700 Adult
1181640,1532,"1,3,2",U1700 Adult
96654,1532,"-8,8,9,-6,9",U1700 Adult
85933,1176367,"8,-5,8,6",U1700 Adult
1176367,1180979,"7,9,8",U1700 Adult
1176367,71436,"7,5,7",U1700 Adult
85933,1180979,"-4,4,5,9",U1700 Adult
85933,71436,"6,7,2",U1700 Adult
1180979,71436,"5,8,6",U1700 Adult
218218,271282,"-12,9,6,8",U1700 Adult
273520,218218,"-4,12,9,6",U1700 Adult
218218,88854,"-4,6,4,7",U1700 Adult
271282,273520,"5,5,8",U1700 Adult
271282,88854,"5,7,7",U1700 Adult
273520,88854,"7,8,-8,-9,10",U1700 Adult
70481,1172337,"-6,-6,7,6,9",U1700 Adult
70481,89540,"2,4,2",U1700 Adult
70481,6421,"4,2,5",U1700 Adult
1172337,89540,"9,2,6",U1700 Adult
1172337,6421,"4,8,8",U1700 Adult
89540,6421,"9,-9,6,10",U1700 Adult
62488,60472,"5,4,4",U1700 Adult
60472,220781,"6,8,-10,-8,8",U1700 Adult
1174368,60472,"4,-2,10,7",U1700 Adult
62488,220781,"5,8,8",U1700 Adult
1174368,62488,"8,-7,10,-5,3",U1700 Adult
220781,1174368,"4,5,-6,7",U1700 Adult
230162,1176375,"-10,9,-9,8,7",U1700 Adult
1168383,1176375,"6,10,-12,-8,9",U1700 Adult
1176375,231503,"2,7,7",U1700 Adult
230162,1168383,"6,-8,10,-2,0",U1700 Adult
230162,231503,"5,4,11",U1700 Adult
1168383,231503,"8,10,-8,-10,8",U1700 Adult
52333,271579,"5,6,3",U1700 Adult
218686,271579,"9,8,-9,-2,2",U1700 Adult
52333,218686,"9,-7,9,8",U1700 Adult
272010,218150,"5,4,9",U1700 Adult
272010,1167751,"2,9,6",U1700 Adult
272010,1177319,"-8,6,9,10",U1700 Adult
218150,1167751,"8,11,9",U1700 Adult
218150,1177319,"8,9,10",U1700 Adult
1177319,1167751,"7,11,-9,-9,4",U1700 Adult
1164188,1122133,"-5,5,9,-7,3",U1500 Adult
14883,1150962,"8,-7,11,-9,8",U1500 Adult
14883,96654,"5,5,11",U1500 Adult
14883,46331,"1,0,3",U1500 Adult
1150962,96654,"4,8,-8,10",U1500 Adult
1150962,46331,"4,2,7",U1500 Adult
96654,46331,"3,6,5",U1500 Adult
274765,212199,"8,8,6",U1500 Adult
274765,1180979,"5,4,7",U1500 Adult
274765,85287,"6,5,7",U1500 Adult
1180979,212199,"10,9,11",U1500 Adult
212199,85287,"0,9,6",U1500 Adult
1180979,85287,"7,3,3",U1500 Adult
275925,1181519,"8,6,8",U1500 Adult
220781,1181519,"9,8,7",U1500 Adult
1181519,1175404,"6,9,12",U1500 Adult
220781,275925,"8,10,-11,9",U1500 Adult
275925,1175404,"6,6,7",U1500 Adult
220781,1175404,"4,8,6",U1500 Adult
272402,1167093,"10,-9,8,-4,15",U1500 Adult
1168383,1167093,"9,6,9",U1500 Adult
1167093,1165754,"6,8,6",U1500 Adult
272402,1168383,"4,6,-5,3",U1500 Adult
272402,1165754,"9,-14,7,6",U1500 Adult
1165754,1168383,"-9,10,5,-6,10",U1500 Adult
274607,217579,"4,4,9",U1500 Adult
273520,217579,"9,-4,9,-9,9",U1500 Adult
274607,273520,"3,10,3",U1500 Adult
275824,270905,"1,4,7",U1500 Adult
270905,218686,"-9,7,-2,9,7",U1500 Adult
270905,218009,"7,3,9",U1500 Adult
275824,218686,"5,5,9",U1500 Adult
275824,218009,"9,2,5",U1500 Adult
218686,218009,"9,9,9",U1500 Adult
1173546,1170851,"4,8,-6,-6,7",U1500 Adult
1170851,1167751,"5,4,9",U1500 Adult
1170851,270460,"6,9,9",U1500 Adult
1173546,1167751,"6,-9,-10,10,9",U1500 Adult
1173546,270460,"1,6,6",U1500 Adult
1167751,270460,"2,11,8",U1500 Adult
271056,1177588,"8,6,-8,5",U1500 Adult
1177588,1532,"4,2,3",U1500 Adult
1177588,218010,"10,6,5",U1500 Adult
271056,1532,"-8,-5,5,6,4",U1500 Adult
271056,218010,"-9,4,5,3",U1500 Adult
1532,218010,"3,-7,2,-9,8",U1500 Adult
1174368,1165461,"-2,8,-6,7,3",U1500 Adult
217578,1165461,"-5,9,5,0",U1500 Adult
1174368,1178104,"9,5,6",U1500 Adult
1178104,217578,"6,9,-9,6",U1500 Adult
1174368,217578,"7,8,4",U1500 Adult
3611,1178090,"-11,10,6,-6,7",U1500 Adult
30913,1178090,"6,7,7",U1500 Adult
1177472,1178090,"2,3,5",U1500 Adult
30913,3611,"11,-5,11,8",U1500 Adult
1177472,3611,"7,4,6",U1500 Adult
1177472,30913,"8,7,5",U1500 Adult
274741,95184,"3,6,9",U1500 Adult
231503,95184,"8,3,10",U1500 Adult
274741,231503,"6,9,6",U1500 Adult
98182,1178900,"-5,-7,4,8,5",U1500 Adult
98182,71436,"3,-11,10,5",U1500 Adult
98182,1180216,"6,3,6",U1500 Adult
71436,1178900,"6,8,9",U1500 Adult
1178900,1180216,"6,-3,5,18",U1500 Adult
71436,1180216,"5,-4,8,6",U1500 Adult
1172570,276085,"11,8,4",U1500 Adult
276085,1180980,"7,-10,9,6",U1500 Adult
276085,271207,"8,7,5",U1500 Adult
1172570,1180980,"8,9,6",U1500 Adult
1172570,271207,"6,4,8",U1500 Adult
271207,1180980,"12,-8,8,10",U1500 Adult
1171766,29798,"7,-9,1,2",U1500 Adult
1171766,270494,"4,9,7",U1500 Adult
1171766,1168670,"6,5,9",U1500 Adult
270494,29798,"7,-6,7,7",U1500 Adult
1168670,29798,"-8,4,6,8",U1500 Adult
1168670,270494,"-7,10,9,8",U1500 Adult
1170373,276750,"8,-7,12,-6,5",U1500 Adult
276750,1175710,"-4,11,12,-7,7",U1500 Adult
276750,273685,"5,6,9",U1500 Adult
1170373,1175710,"9,-11,3,-11,9",U1500 Adult
1170373,273685,"5,9,6",U1500 Adult
1175710,273685,"8,-7,7,5",U1500 Adult
6421,231598,"9,10,-8,5",U1400 Adult
1180103,231598,"7,-8,-7,8,9",U1400 Adult
1180103,6421,"-8,6,-7,6,2",U1400 Adult
269859,71436,"10,6,8",U1400 Adult
229438,273685,"5,6,5",U1400 Adult
229438,1180569,"9,-3,-7,7,6",U1400 Adult
1180569,273685,"6,4,6",U1400 Adult
1178104,1532,"10,7,6",U1400 Adult
1178104,74986,"3,5,9",U1400 Adult
1178104,281823,"1,7,6",U1400 Adult
1532,74986,"-11,6,5,3",U1400 Adult
1532,281823,"-10,-7,5,6,7",U1400 Adult
74986,281823,"7,13,9",U1400 Adult
1173546,5925,"-5,-5,7,9,6",U1400 Adult
1175710,1173546,"9,8,-8,-7,4",U1400 Adult
999046,1173546,"5,9,8",U1400 Adult
1175710,5925,"8,6,8",U1400 Adult
999046,5925,"4,3,6",U1400 Adult
999046,1175710,"6,5,6",U1400 Adult
272402,88854,"4,8,6",U1400 Adult
272402,1180224,"8,4,3",U1400 Adult
999059,272402,"5,6,4",U1400 Adult
1180224,88854,"5,6,7",U1400 Adult
999059,88854,"4,6,3",U1400 Adult
999059,1180224,"5,2,2",U1400 Adult
203107,231503,"-9,4,-11,4,8",U1400 Adult
271207,203107,"9,7,11",U1400 Adult
203107,1179259,"9,6,10",U1400 Adult
271207,231503,"2,-11,8,9",U1400 Adult
231503,1179259,"4,10,6",U1400 Adult
271207,1179259,"6,6,6",U1400 Adult
1164863,270494,"-12,-4,8,7,9",U1400 Adult
1164863,46331,"8,2,3",U1400 Adult
270494,46331,"3,3,1",U1400 Adult
32916,1175402,"4,7,-12,11",U1400 Adult
17529,96654,"-9,5,-6,6,7",U1400 Adult
96654,1168339,"5,-4,-9,4,7",U1400 Adult
96654,280536,"6,2,6",U1400 Adult
17529,1168339,"8,7,5",U1400 Adult
17529,280536,"7,-6,5,4",U1400 Adult
1168339,280536,"7,9,12",U1400 Adult
276218,1180979,"10,10,10",U1400 Adult
1180979,1175404,"8,10,-8,6",U1400 Adult
276218,1175404,"10,7,9",U1400 Adult
203245,1175118,"5,6,9",U1400 Adult
203245,1176823,"6,7,3",U1400 Adult
1175118,1176823,"10,10,8",U1400 Adult
220781,1167751,"-9,-9,7,10,4",U1400 Adult
220781,217578,"6,-11,7,4",U1400 Adult
220781,1165754,"8,9,3",U1400 Adult
1167751,217578,"-8,7,-6,7,8",U1400 Adult
1167751,1165754,"8,7,-4,3",U1400 Adult
217578,1165754,"6,-10,9,4",U1400 Adult
77070,17550,"4,10,-8,12",U1400 Adult
1177472,17550,"6,6,8",U1400 Adult
223729,17550,"4,8,-10,4",U1400 Adult
1177472,77070,"5,1,5",U1400 Adult
77070,223729,"5,7,7",U1400 Adult
1177472,223729,"5,5,7",U1400 Adult
218686,273520,"3,-9,-12,1,5",U1400 Adult
273520,250281,"5,2,6",U1400 Adult
273520,85287,"6,7,7",U1400 Adult
218686,250281,"-11,8,4,7",U1400 Adult
218686,85287,"1,5,6",U1400 Adult
250281,85287,"7,-7,-6,3,6",U1400 Adult
1168383,98077,"6,12,9",U1400 Adult
98077,270460,"9,7,2",U1400 Adult
98077,1175891,"7,5,5",U1400 Adult
1168383,270460,"6,8,6",U1400 Adult
1168383,1175891,"4,3,6",U1400 Adult
270460,1175891,"-7,8,9,10",U1400 Adult
231598,273685,"8,-10,6,-12,8",U1300 Adult
220752,270494,"5,-6,8,8",U1300 Adult
270494,281846,"6,9,13",U1300 Adult
220752,281846,"12,9,6",U1300 Adult
98077,71436,"5,3,1",U1300 Adult
98077,218072,"4,9,6",U1300 Adult
98077,280536,"9,8,1",U1300 Adult
218072,71436,"6,-9,11,-13,9",U1300 Adult
280536,71436,"-3,10,6,8",U1300 Adult
218072,280536,"6,6,8",U1300 Adult
92990,1176823,"4,-5,4,-9,10",U1300 Adult
92990,281823,"10,-8,-9,4,4",U1300 Adult
276218,1176823,"7,6,8",U1300 Adult
276218,281823,"-5,0,5,2",U1300 Adult
281823,1176823,"3,9,6",U1300 Adult
1177319,1175710,"-6,7,-10,10,9",U1300 Adult
1177319,32916,"8,8,9",U1300 Adult
1177319,999045,"4,6,8",U1300 Adult
1175710,32916,"8,7,8",U1300 Adult
1175710,999045,"11,-9,10,6",U1300 Adult
32916,999045,"5,0,0",U1300 Adult
33931,1176029,"-6,4,8,6",U1300 Adult
33931,1179259,"5,11,4",U1300 Adult
1176029,1179259,"5,8,11",U1300 Adult
231503,1180771,"4,6,5",U1300 Adult
231503,1180395,"7,3,9",U1300 Adult
1180395,1180771,"4,5,-3,-7,10",U1300 Adult
1176370,217578,"7,4,-10,-9,9",U1300 Adult
1174319,6421,"3,2,-5,7",U1300 Adult
6421,74986,"6,-10,9,-9,6",U1300 Adult
6421,1182393,"5,-4,-11,8,10",U1300 Adult
1174319,74986,"3,7,3",U1300 Adult
1174319,1182393,"10,10,2",U1300 Adult
1182393,74986,"6,8,-7,5",U1300 Adult
5925,88854,"7,8,8",U1300 Adult
1177472,88854,"3,3,3",U1300 Adult
88854,85287,"-9,8,2,8",U1300 Adult
1177472,5925,"8,3,6",U1300 Adult
5925,85287,"2,7,8",U1300 Adult
1177472,85287,"4,4,3",U1300 Adult
229438,1182694,"-10,8,-10,6,4",U1300 Adult
1165754,1182694,"8,6,10",U1300 Adult
229438,1165754,"3,14,6",U1300 Adult
270494,202589,"9,5,5",U1200 Adult
270494,218009,"-8,3,8,8",U1200 Adult
218009,202589,"5,7,6",U1200 Adult
273685,24419,"6,3,4",U1200 Adult
273685,270781,"5,8,3",U1200 Adult
277437,273685,"8,6,-9,7",U1200 Adult
270781,24419,"4,8,6",U1200 Adult
277437,24419,"6,4,9",U1200 Adult
277437,270781,"10,-7,5,-8,10",U1200 Adult
218010,91612,"10,8,7",U1200 Adult
999046,218010,"3,3,6",U1200 Adult
999046,91612,"9,4,3",U1200 Adult
217578,1180224,"-6,-8,6,8,7",U1200 Adult
999058,1180224,"9,3,6",U1200 Adult
999058,217578,"8,6,3",U1200 Adult
1177472,220752,"11,4,5",U1200 Adult
220752,218607,"4,4,7",U1200 Adult
220752,281823,"7,7,8",U1200 Adult
1177472,218607,"3,6,5",U1200 Adult
1177472,281823,"8,3,5",U1200 Adult
281823,218607,"8,5,10",U1200 Adult
94449,4053,"-8,9,11,6",U1200 Adult
4053,1175404,"3,-12,8,7",U1200 Adult
4053,280536,"9,6,7",U1200 Adult
94449,1175404,"-3,11,5,11",U1200 Adult
94449,280536,"2,12,5",U1200 Adult
1175404,280536,"-7,12,6,6",U1200 Adult
1181520,275464,"3,2,4",U1200 Adult
1181520,1179259,"2,2,1",U1200 Adult
1179259,275464,"10,-8,9,-4,8",U1200 Adult
1176029,218072,"-10,12,7,5",U1200 Adult
1176548,218072,"5,11,7",U1200 Adult
274567,218072,"9,9,5",U1200 Adult
1176029,1176548,"9,7,9",U1200 Adult
274567,1176029,"-10,-10,5,3,5",U1200 Adult
274567,1176548,"9,5,7",U1200 Adult
1173108,1180771,"-3,4,5,8",U1200 Adult
1182393,1173108,"-6,-12,14,7,9",U1200 Adult
1173108,1175891,"5,7,11",U1200 Adult
1180771,1182393,"-10,6,13,-6,8",U1200 Adult
1175891,1180771,"6,-7,7,9",U1200 Adult
1182393,1175891,"9,4,-8,10",U1200 Adult
1180988,5034,"7,5,-10,7",U1200 Adult
1180988,1180395,"5,8,-9,-7,4",U1200 Adult
1180988,274479,"8,6,5",U1200 Adult
1180395,5034,"-7,-8,4,6,5",U1200 Adult
274479,5034,"7,-5,-4,9,0",U1200 Adult
1180395,274479,"6,-10,-7,6,7",U1200 Adult
220752,274479,"8,6,7",U1000 Adult
220752,1175891,"3,9,9",U1000 Adult
1175891,274479,"5,5,8",U1000 Adult
270781,219045,"8,-8,5,2",U1000 Adult
270781,280238,"10,6,10",U1000 Adult
219045,280238,"4,10,6",U1000 Adult
223729,1180395,"5,-7,7,-7,10",U1000 Adult
223729,1174256,"9,6,3",U1000 Adult
999046,223729,"1,6,4",U1000 Adult
1180395,1174256,"8,7,-10,7",U1000 Adult
999046,1180395,"3,5,3",U1000 Adult
999046,1174256,"3,3,6",U1000 Adult
278586,276226,"3,8,8",U1000 Adult
276193,278586,"1,3,5",U1000 Adult
276193,276226,"1,3,4",U1000 Adult
87850,1179259,"-12,7,-2,7,10",U1000 Adult
87850,230772,"5,8,-8,4",U1000 Adult
1179259,230772,"4,6,6",U1000 Adult
271500,1175404,"-8,8,6,5",U1000 Adult
275033,1175404,"-6,3,10,11",U1000 Adult
1175404,281823,"4,-10,-12,9,2",U1000 Adult
275033,271500,"11,8,-6,5",U1000 Adult
271500,281823,"-8,6,6,6",U1000 Adult
275033,281823,"7,3,-10,4",U1000 Adult
1177096,1176192,"8,14,-7,6",U1000 Adult
1175402,1176192,"5,8,12",U1000 Adult
280536,1176192,"5,9,-7,9",U1000 Adult
1177096,1175402,"6,6,8",U1000 Adult
280536,1177096,"-8,6,-8,8,7",U1000 Adult
1175402,280536,"7,9,-12,9",U1000 Adult
280414,269985,"6,5,4",U2000 Junior
280414,1178109,"5,6,4",U2000 Junior
1178109,269985,"7,8,6",U2000 Junior
280415,270746,"11,9,9",U2000 Junior
280415,266395,"10,4,-5,6",U2000 Junior
266395,270746,"9,-9,3,8",U2000 Junior
271061,1170374,"5,2,3",U2000 Junior
271061,1171872,"6,4,8",U2000 Junior
1170374,1171872,"-9,-5,4,9,10",U2000 Junior
1175371,222909,"7,-2,5,7",U2000 Junior
1175371,218524,"-9,5,9,9",U2000 Junior
1175371,281947,"2,1,3",U2000 Junior
222909,218524,"11,-9,5,8",U2000 Junior
222909,281947,"1,7,3",U2000 Junior
218524,281947,"1,5,4",U2000 Junior
1178802,270900,"9,5,6",U2000 Junior
1178802,230779,"9,4,11",U2000 Junior
1178802,999069,"8,6,5",U2000 Junior
270900,230779,"-8,6,10,-8,5",U2000 Junior
999069,270900,"5,8,7",U2000 Junior
999069,230779,"5,4,2",U2000 Junior
270340,224072,"3,4,5",U2000 Junior
270340,927185,"4,10,-8,11",U2000 Junior
270340,277906,"3,6,2",U2000 Junior
927185,224072,"-5,-7,10,5,6",U2000 Junior
224072,277906,"8,-7,10,8",U2000 Junior
277906,927185,"9,-7,8,-3,10",U2000 Junior
220237,271772,"7,9,-15,8",U2000 Junior
220237,271190,"2,10,2",U2000 Junior
279820,220237,"-2,6,8,10",U2000 Junior
271772,271190,"9,7,9",U2000 Junior
271772,279820,"-9,5,7,8",U2000 Junior
271190,279820,"8,7,5",U2000 Junior
1171856,273646,"7,-8,9,6",U2000 Junior
1171856,1181174,"8,9,8",U2000 Junior
1171856,999068,"6,8,6",U2000 Junior
1181174,273646,"5,3,6",U2000 Junior
273646,999068,"10,-10,-3,5,7",U2000 Junior
1181174,999068,"10,6,4",U2000 Junior
1173259,1171854,"5,4,7",U2000 Junior
1173259,219609,"5,-9,3,6",U2000 Junior
1173259,999032,"-8,8,9,8",U2000 Junior
1171854,219609,"-12,-9,8,12,8",U2000 Junior
999032,1171854,"-7,7,7,9",U2000 Junior
999032,219609,"-8,5,6,6",U2000 Junior
229714,231177,"7,-8,6,-10,6",U2000 Junior
229714,271344,"10,-9,6,2",U2000 Junior
229714,999031,"4,8,-7,4",U2000 Junior
231177,271344,"8,2,10",U2000 Junior
231177,999031,"8,10,9",U2000 Junior
999031,271344,"5,-4,4,5",U2000 Junior
1132007,270851,"8,-5,7,-9,5",U2000 Junior
1132007,1175435,"8,5,9",U2000 Junior
281950,1132007,"8,-10,8,11",U2000 Junior
1175435,270851,"9,10,-12,6",U2000 Junior
281950,270851,"-7,9,8,10",U2000 Junior
281950,1175435,"5,7,5",U2000 Junior
1170753,264897,"9,4,6",U2000 Junior
1170753,271771,"2,1,8",U2000 Junior
1170753,271150,"2,6,2",U2000 Junior
264897,271771,"5,9,-9,11",U2000 Junior
264897,271150,"10,6,6",U2000 Junior
271771,271150,"3,5,7",U2000 Junior
265648,1168206,"-7,9,9,-8,8",U2000 Junior
265648,270437,"9,3,7",U2000 Junior
265648,275292,"6,3,4",U2000 Junior
1168206,270437,"6,-8,3,9",U2000 Junior
1168206,275292,"5,4,5",U2000 Junior
270437,275292,"8,9,8",U2000 Junior
216225,95292,"6,-9,7,7",U2000 Junior
216225,280549,"1,0,0",U2000 Junior
95292,280549,"1,2,1",U2000 Junior
1171867,268875,"6,-6,11,11",U2000 Junior
276190,268875,"8,8,4",U2000 Junior
268875,273642,"6,-9,7,8",U2000 Junior
276190,1171867,"-9,1,10,11",U2000 Junior
1171867,273642,"-9,5,4,5",U2000 Junior
276190,273642,"4,4,-6,4",U2000 Junior
1175443,272586,"-1,7,10,2",U2000 Junior
272586,270889,"-9,6,7,9",U2000 Junior
272586,265649,"4,10,8",U2000 Junior
1175443,270889,"5,8,7",U2000 Junior
1175443,265649,"6,8,5",U2000 Junior
270889,265649,"8,10,7",U2000 Junior
271145,1170751,"8,2,6",U2000 Junior
271145,1168827,"5,4,6",U2000 Junior
271145,279728,"14,9,6",U2000 Junior
1168827,1170751,"5,-8,9,-9,4",U2000 Junior
1170751,279728,"7,8,7",U2000 Junior
1168827,279728,"1,8,1",U2000 Junior
1132458,275694,"-9,-8,6,10,7",U2000 Junior
1132458,276160,"7,10,3",U2000 Junior
1132458,203159,"4,3,3",U2000 Junior
275694,276160,"8,9,-10,7",U2000 Junior
275694,203159,"4,6,5",U2000 Junior
276160,203159,"5,-14,9,4",U2000 Junior
271137,1171643,"14,5,-4,8",U2000 Junior
1171643,273085,"-5,3,6,-11,9",U2000 Junior
1171643,1176822,"3,7,9",U2000 Junior
271137,273085,"6,12,4",U2000 Junior
271137,1176822,"4,6,3",U2000 Junior
273085,1176822,"9,-7,9,7",U2000 Junior
1131695,1165615,"6,-7,5,8",U2000 Junior
1131695,223757,"2,9,9",U2000 Junior
1131695,1175403,"2,2,5",U2000 Junior
1165615,223757,"5,10,8",U2000 Junior
1165615,1175403,"7,7,2",U2000 Junior
223757,1175403,"5,4,6",U2000 Junior
280445,269570,"-9,9,7,8",U2000 Junior
269570,1173132,"8,6,6",U2000 Junior
269570,275965,"8,7,9",U2000 Junior
280445,1173132,"7,3,1",U2000 Junior
280445,275965,"6,7,5",U2000 Junior
275965,1173132,"-4,8,7,-3,9",U2000 Junior
277460,229837,"3,7,8",U2000 Junior
277460,1178115,"10,8,-9,6",U2000 Junior
277460,272737,"6,4,12",U2000 Junior
1178115,229837,"6,11,-7,8",U2000 Junior
229837,272737,"10,-9,-10,5,7",U2000 Junior
1178115,272737,"-7,-6,7,7,7",U2000 Junior
269745,264013,"6,8,7",U2000 Junior
269745,1182632,"4,7,8",U2000 Junior
269745,264548,"7,7,5",U2000 Junior
264013,1182632,"-8,-3,4,3,9",U2000 Junior
264013,264548,"7,4,6",U2000 Junior
1182632,264548,"-11,7,8,8",U2000 Junior
272956,263394,"9,8,5",U2000 Junior
272956,268762,"6,9,4",U2000 Junior
272956,271322,"5,4,10",U2000 Junior
268762,263394,"9,10,5",U2000 Junior
271322,263394,"-9,-7,9,9,4",U2000 Junior
268762,271322,"-8,9,4,7",U2000 Junior
1171874,1171853,"8,8,7",U2000 Junior
1171853,1172724,"-8,7,7,-7,8",U2000 Junior
1171853,266075,"3,4,8",U2000 Junior
1171874,1172724,"-4,6,8,7",U2000 Junior
1171874,266075,"4,-9,-9,4,9",U2000 Junior
1172724,266075,"8,-10,6,2",U2000 Junior
1168381,280386,"6,7,-4,4",U2000 Junior
280386,1174318,"3,3,6",U2000 Junior
280386,264262,"8,3,6",U2000 Junior
1168381,1174318,"7,-3,10,9",U2000 Junior
1168381,264262,"6,6,3",U2000 Junior
1174318,264262,"6,-8,7,8",U2000 Junior
1173779,1174461,"2,6,4",U2000 Junior
1173779,273034,"9,5,3",U2000 Junior
273034,1174461,"7,8,7",U2000 Junior
276838,271425,"6,14,8",U2000 Junior
271425,271191,"6,6,9",U2000 Junior
276838,271191,"-6,-6,5,4,7",U2000 Junior
270305,1172399,"6,10,9",U2000 Junior
270305,1177302,"8,9,13",U2000 Junior
1172399,1177302,"10,9,9",U2000 Junior
271260,271481,"-11,6,6,9",U2000 Junior
271260,271975,"8,6,-9,5",U2000 Junior
271260,250080,"0,9,8",U2000 Junior
271481,271975,"3,2,3",U2000 Junior
271481,250080,"8,3,13",U2000 Junior
250080,271975,"9,-12,-9,7,8",U2000 Junior
1181597,1171127,"-4,9,6,4",U2000 Junior
1171127,270991,"3,5,6",U2000 Junior
1171127,1173129,"11,4,5",U2000 Junior
1181597,270991,"-8,6,6,6",U2000 Junior
1181597,1173129,"2,5,4",U2000 Junior
270991,1173129,"9,9,2",U2000 Junior
265517,271883,"9,5,7",U2000 Junior
265517,266076,"3,7,6",U2000 Junior
265517,273411,"9,8,9",U2000 Junior
271883,266076,"6,9,7",U2000 Junior
271883,273411,"10,5,5",U2000 Junior
266076,273411,"-8,5,9,5",U2000 Junior
280414,270889,"8,7,5",U1900 Junior
280414,1173545,"-9,3,5,6",U1900 Junior
270889,1173545,"-9,-7,7,9,9",U1900 Junior
280415,1173127,"5,4,-8,2",U1900 Junior
280415,276160,"6,7,7",U1900 Junior
276160,1173127,"4,10,5",U1900 Junior
271061,1175435,"8,-11,7,3",U1900 Junior
271061,271344,"2,4,6",U1900 Junior
271061,281953,"8,3,8",U1900 Junior
1175435,271344,"6,11,-8,9",U1900 Junior
1175435,281953,"4,6,-6,4",U1900 Junior
271344,281953,"5,-7,-8,8,9",U1900 Junior
1132007,274350,"6,-7,6,7",U1900 Junior
1132007,223757,"6,3,4",U1900 Junior
1132007,999031,"10,5,-10,3",U1900 Junior
274350,223757,"7,-7,7,8",U1900 Junior
274350,999031,"6,9,-8,-7,6",U1900 Junior
999031,223757,"10,8,8",U1900 Junior
1170753,270437,"5,9,1",U1900 Junior
1170753,273085,"5,1,7",U1900 Junior
1170753,277906,"2,7,5",U1900 Junior
270437,273085,"7,-7,-10,8,7",U1900 Junior
277906,270437,"7,-11,6,7",U1900 Junior
273085,277906,"-6,5,8,8",U1900 Junior
1168827,268875,"-9,8,7,11",U1900 Junior
268875,1182632,"9,7,-6,11",U1900 Junior
268875,999032,"-9,8,5,7",U1900 Junior
1168827,1182632,"-5,7,-8,7,8",U1900 Junior
999032,1168827,"6,3,-9,3",U1900 Junior
1182632,999032,"11,4,17",U1900 Junior
1171643,219609,"10,5,-9,7",U1900 Junior
1171643,1178115,"7,8,6",U1900 Junior
1171643,999056,"1,3,1",U1900 Junior
1178115,219609,"5,-4,9,11",U1900 Junior
219609,999056,"1,4,5",U1900 Junior
1178115,999056,"1,1,2",U1900 Junior
276190,277460,"8,3,3",U1900 Junior
277460,268762,"-6,5,6,-9,5",U1900 Junior
277460,1176454,"2,1,5",U1900 Junior
276190,268762,"-8,-9,3,5,5",U1900 Junior
276190,1176454,"3,6,6",U1900 Junior
268762,1176454,"8,8,7",U1900 Junior
272956,271190,"6,2,-5,9",U1900 Junior
272956,1173132,"12,0,5",U1900 Junior
272956,999012,"11,5,11",U1900 Junior
271190,1173132,"6,6,6",U1900 Junior
271190,999012,"5,9,7",U1900 Junior
999012,1173132,"-5,9,7,13",U1900 Junior
271771,1174461,"2,9,6",U1900 Junior
271771,278846,"2,2,3",U1900 Junior
1174461,278846,"3,2,3",U1900 Junior
280386,218524,"-7,9,9,5",U1900 Junior
280386,1172724,"11,6,7",U1900 Junior
280386,271860,"4,4,4",U1900 Junior
218524,1172724,"-9,-10,8,5,7",U1900 Junior
218524,271860,"4,1,2",U1900 Junior
1172724,271860,"4,8,7",U1900 Junior
1178897,271425,"11,6,5",U1900 Junior
271425,220690,"3,8,-4,8",U1900 Junior
271425,271150,"8,2,4",U1900 Junior
1178897,220690,"7,10,5",U1900 Junior
1178897,271150,"4,4,7",U1900 Junior
220690,271150,"3,3,2",U1900 Junior
927185,271260,"-6,10,2,6",U1900 Junior
271260,1172399,"8,10,-8,9",U1900 Junior
271260,1173156,"8,1,6",U1900 Junior
927185,1172399,"-12,6,10,-9,5",U1900 Junior
927185,1173156,"5,2,5",U1900 Junior
1172399,1173156,"-12,1,5,6",U1900 Junior
265517,271191,"-7,-7,5,4,4",U1900 Junior
265517,276405,"4,3,5",U1900 Junior
271191,276405,"4,5,1",U1900 Junior
1181597,266395,"4,8,7",U1900 Junior
1181597,271975,"6,5,4",U1900 Junior
1181597,203159,"2,6,5",U1900 Junior
266395,271975,"2,-8,9,8",U1900 Junior
266395,203159,"6,5,3",U1900 Junior
271975,203159,"3,3,5",U1900 Junior
271883,230779,"8,6,7",U1900 Junior
271883,1173129,"9,8,-8,10",U1900 Junior
271883,277358,"6,5,2",U1900 Junior
230779,1173129,"-9,6,-9,4,7",U1900 Junior
230779,277358,"1,4,7",U1900 Junior
1173129,277358,"8,3,5",U1900 Junior
271481,1178109,"-8,6,-5,8,6",U1900 Junior
271481,270991,"6,9,4",U1900 Junior
1178109,270991,"12,-8,5,8",U1900 Junior
270746,271042,"-11,7,8,8",U1900 Junior
270746,270710,"6,6,1",U1900 Junior
271042,270710,"-5,3,7,6",U1900 Junior
271149,276838,"4,4,3",U1900 Junior
276838,266076,"5,5,7",U1900 Junior
276838,269793,"2,4,2",U1900 Junior
271149,266076,"6,6,3",U1900 Junior
271149,269793,"7,9,5",U1900 Junior
266076,269793,"10,9,8",U1900 Junior
1168381,273646,"7,-7,-7,6,6",U1900 Junior
1168381,268857,"2,2,4",U1900 Junior
273646,268857,"7,7,8",U1900 Junior
1171874,224072,"10,2,-9,6",U1900 Junior
1171874,271147,"0,7,5",U1900 Junior
1171874,273517,"0,1,7",U1900 Junior
224072,271147,"8,-7,-9,10,7",U1900 Junior
224072,273517,"6,5,8",U1900 Junior
271147,273517,"6,5,8",U1900 Junior
276191,263394,"-9,6,9,9",U1900 Junior
250080,263394,"-5,8,-9,7,6",U1900 Junior
263394,271876,"6,2,8",U1900 Junior
276191,250080,"3,8,-9,8",U1900 Junior
276191,271876,"3,6,5",U1900 Junior
250080,271876,"7,5,3",U1900 Junior
270900,264013,"8,-9,-5,9,9",U1900 Junior
275965,264013,"8,7,-11,9",U1900 Junior
270900,275965,"10,1,5",U1900 Junior
1170374,229837,"-7,8,9,-10,12",U1900 Junior
229837,273034,"5,6,5",U1900 Junior
229837,270725,"3,7,6",U1900 Junior
273034,1170374,"7,7,6",U1900 Junior
1170374,270725,"4,9,4",U1900 Junior
273034,270725,"4,9,4",U1900 Junior
271137,269985,"3,9,-7,12",U1900 Junior
271137,1177302,"8,1,-9,8",U1900 Junior
271137,1176627,"-10,9,7,-8,4",U1900 Junior
269985,1177302,"6,6,-8,6",U1900 Junior
269985,1176627,"8,8,-15,3",U1900 Junior
1177302,1176627,"4,-8,8,-11,9",U1900 Junior
280445,222909,"-8,10,11,-8,3",U1900 Junior
280445,275877,"5,10,8",U1900 Junior
280445,275086,"8,3,10",U1900 Junior
222909,275877,"-9,-9,10,5,8",U1900 Junior
222909,275086,"-8,8,-11,7,3",U1900 Junior
275877,275086,"7,9,4",U1900 Junior
271772,1170751,"4,7,8",U1900 Junior
1170751,1176550,"10,-10,-5,12,11",U1900 Junior
271322,1170751,"9,-6,6,5",U1900 Junior
271772,1176550,"5,4,2",U1900 Junior
271322,271772,"9,-10,-8,7,7",U1900 Junior
271322,1176550,"-15,5,9,5",U1900 Junior
275694,231177,"8,7,5",U1900 Junior
275694,219649,"5,5,9",U1900 Junior
275694,1179255,"11,1,9",U1900 Junior
231177,219649,"8,8,7",U1900 Junior
1179255,231177,"5,-7,-7,9,3",U1900 Junior
219649,1179255,"6,7,-9,7",U1900 Junior
1175443,1171854,"8,8,-5,6",U1900 Junior
1175443,270709,"11,5,2",U1900 Junior
1175443,271070,"9,7,5",U1900 Junior
1171854,270709,"6,8,9",U1900 Junior
1171854,271070,"3,7,7",U1900 Junior
271070,270709,"8,-10,8,10",U1900 Junior
270851,216225,"-7,1,9,9",U1900 Junior
216225,271178,"-8,8,-7,11,8",U1900 Junior
270393,216225,"-9,9,9,9",U1900 Junior
270851,271178,"7,-8,5,7",U1900 Junior
270851,270393,"10,4,4",U1900 Junior
271178,270393,"6,-10,-4,6,8",U1900 Junior
264897,1168206,"7,11,-6,13",U1900 Junior
264897,264262,"2,7,5",U1900 Junior
264897,266075,"4,3,8",U1900 Junior
1168206,264262,"6,-10,5,5",U1900 Junior
1168206,266075,"-7,-8,3,8,8",U1900 Junior
264262,266075,"6,-10,5,5",U1900 Junior
280414,271147,"4,10,7",U1800 Junior
280415,266076,"1,6,9",U1800 Junior
1171643,270991,"11,-7,-5,7,10",U1800 Junior
1171643,271042,"10,10,4",U1800 Junior
271042,270991,"-7,3,-7,9,9",U1800 Junior
280386,271975,"9,-4,3,2",U1800 Junior
280386,271275,"9,5,8",U1800 Junior
280386,999033,"-7,6,8,-9,10",U1800 Junior
271275,271975,"3,7,7",U1800 Junior
999033,271975,"-5,5,7,10",U1800 Junior
999033,271275,"9,10,-4,7",U1800 Junior
271883,1172399,"9,6,-8,4",U1800 Junior
271883,250080,"8,7,-6,-8,4",U1800 Junior
277906,271883,"6,9,6",U1800 Junior
1172399,250080,"10,-6,6,5",U1800 Junior
277906,1172399,"9,8,14",U1800 Junior
277906,250080,"10,4,5",U1800 Junior
273034,1173129,"9,6,4",U1800 Junior
1173129,999063,"4,7,6",U1800 Junior
273034,999063,"3,4,11",U1800 Junior
1174461,263394,"8,-4,6,8",U1800 Junior
263394,999012,"8,3,-6,-8,7",U1800 Junior
999012,1174461,"-9,5,8,5",U1800 Junior
1170751,271191,"10,12,4",U1800 Junior
1170751,275877,"-9,7,10,4",U1800 Junior
275877,271191,"6,9,7",U1800 Junior
216225,1172724,"10,7,-8,6",U1800 Junior
216225,1176454,"2,4,0",U1800 Junior
1172724,1176454,"4,1,6",U1800 Junior
1168206,268762,"-9,10,13,9",U1800 Junior
1168206,1177302,"4,7,5",U1800 Junior
1168206,999031,"-9,11,8,4",U1800 Junior
1177302,268762,"8,-4,-8,8,7",U1800 Junior
268762,999031,"-8,4,9,5",U1800 Junior
1177302,999031,"-9,8,8,-8,11",U1800 Junior
270851,1182632,"13,7,8",U1800 Junior
270851,219649,"6,5,10",U1800 Junior
270851,1168014,"5,5,5",U1800 Junior
1182632,219649,"9,-4,-3,5,6",U1800 Junior
1182632,1168014,"5,4,4",U1800 Junior
219649,1168014,"6,9,8",U1800 Junior
231177,223757,"10,9,4",U1800 Junior
231177,1174330,"6,-7,9,-5,9",U1800 Junior
231177,1171730,"4,6,5",U1800 Junior
223757,1174330,"-9,8,0,-10,7",U1800 Junior
223757,1171730,"6,7,2",U1800 Junior
1174330,1171730,"7,4,5",U1800 Junior
222909,1178115,"-3,7,3,8",U1800 Junior
271178,222909,"8,8,6",U1800 Junior
222909,203159,"4,3,1",U1800 Junior
271178,1178115,"8,9,9",U1800 Junior
1178115,203159,"7,9,5",U1800 Junior
271178,203159,"4,-7,6,8",U1800 Junior
269985,1173132,"5,-8,7,-5,6",U1800 Junior
269985,266075,"4,-6,6,7",U1800 Junior
269985,1175986,"3,2,4",U1800 Junior
1173132,266075,"5,3,-9,3",U1800 Junior
1173132,1175986,"4,4,5",U1800 Junior
270900,276160,"-10,-7,9,8,7",U1800 Junior
270900,264262,"7,8,10",U1800 Junior
270900,276405,"2,2,3",U1800 Junior
276160,264262,"5,13,4",U1800 Junior
276160,276405,"2,1,5",U1800 Junior
264262,276405,"5,2,6",U1800 Junior
276191,273085,"-9,7,6,4",U1800 Junior
276191,271070,"8,6,6",U1800 Junior
276191,277526,"-8,2,5,2",U1800 Junior
273085,271070,"8,6,11",U1800 Junior
273085,277526,"1,9,-5,7",U1800 Junior
271070,277526,"5,7,8",U1800 Junior
1170374,1173545,"6,-8,-7,9,9",U1800 Junior
270393,1170374,"-7,-2,9,7,9",U1800 Junior
1170374,277358,"3,3,3",U1800 Junior
270393,1173545,"4,10,-5,8",U1800 Junior
1173545,277358,"4,3,3",U1800 Junior
270393,277358,"5,8,1",U1800 Junior
273646,270889,"12,-9,-9,8,13",U1800 Junior
273646,1179255,"6,6,5",U1800 Junior
273646,1174369,"4,6,-9,6",U1800 Junior
270889,1179255,"11,7,6",U1800 Junior
270889,1174369,"8,5,5",U1800 Junior
1179255,1174369,"7,7,-14,7",U1800 Junior
270746,1173127,"9,-8,8,11",U1800 Junior
270746,275086,"-6,8,9,3",U1800 Junior
270746,272975,"10,9,5",U1800 Junior
1173127,275086,"6,9,15",U1800 Junior
1173127,272975,"-7,5,-7,9,9",U1800 Junior
275086,272975,"10,8,7",U1800 Junior
274350,280444,"8,9,5",U1800 Junior
280444,271322,"10,10,9",U1800 Junior
274350,271322,"7,8,7",U1800 Junior
1178109,276190,"-9,-5,5,7,10",U1800 Junior
1178109,277894,"8,6,6",U1800 Junior
1178109,269793,"8,11,6",U1800 Junior
276190,277894,"5,5,7",U1800 Junior
276190,269793,"6,10,-11,4",U1800 Junior
270437,1171872,"11,9,4",U1800 Junior
1171872,1176627,"9,-3,9,17",U1800 Junior
1171872,268857,"4,2,2",U1800 Junior
270437,1176627,"2,10,-13,6",U1800 Junior
270437,268857,"9,1,4",U1800 Junior
1176627,268857,"7,8,4",U1800 Junior
927185,271771,"-9,-9,5,10,2",U1800 Junior
927185,270709,"5,7,9",U1800 Junior
927185,273517,"5,6,2",U1800 Junior
270709,271771,"-14,7,10,-6,8",U1800 Junior
271771,273517,"2,3,4",U1800 Junior
270709,273517,"8,9,-7,-8,9",U1800 Junior
1178897,1175435,"9,7,11",U1800 Junior
1178897,270725,"2,7,2",U1800 Junior
1175435,270725,"8,3,6",U1800 Junior
275965,1168827,"4,7,4",U1800 Junior
1168827,271327,"9,7,9",U1800 Junior
275965,271327,"4,10,-3,8",U1800 Junior
219609,271190,"-7,2,4,-14,2",U1800 Junior
271190,271876,"6,10,0",U1800 Junior
271190,270748,"9,8,5",U1800 Junior
219609,271876,"9,-9,6,9",U1800 Junior
219609,270748,"5,-9,7,9",U1800 Junior
271876,270748,"-10,-11,9,12,5",U1800 Junior
276191,1174330,"-8,4,5,2",U1700 Junior
276191,1176627,"9,-10,7,8",U1700 Junior
1176627,1174330,"4,12,9",U1700 Junior
271149,271482,"7,7,9",U1700 Junior
271149,1176451,"6,7,4",U1700 Junior
1176451,271482,"8,-4,3,7",U1700 Junior
927185,223307,"7,-12,8,5",U1700 Junior
927185,271876,"2,1,-8,11",U1700 Junior
280701,927185,"8,8,9",U1700 Junior
223307,271876,"8,8,2",U1700 Junior
280701,223307,"2,5,9",U1700 Junior
280701,271876,"2,5,6",U1700 Junior
219609,271322,"6,8,7",U1700 Junior
219609,270749,"5,7,6",U1700 Junior
999068,219609,"7,-6,9,6",U1700 Junior
270749,271322,"10,-8,8,8",U1700 Junior
999068,271322,"8,-9,6,8",U1700 Junior
999068,270749,"9,6,4",U1700 Junior
1177768,1168827,"6,-11,8,5",U1700 Junior
1168827,264548,"8,9,6",U1700 Junior
1168827,999012,"8,3,7",U1700 Junior
264548,1177768,"-2,7,-3,8,4",U1700 Junior
999012,1177768,"-5,9,9,5",U1700 Junior
264548,999012,"4,7,6",U1700 Junior
276190,1179255,"7,11,-7,2",U1700 Junior
276190,275965,"7,8,2",U1700 Junior
276190,281947,"4,2,8",U1700 Junior
1179255,275965,"9,-8,8,4",U1700 Junior
1179255,281947,"5,3,1",U1700 Junior
275965,281947,"6,4,6",U1700 Junior
274350,275086,"-13,8,7,7",U1700 Junior
274350,270748,"5,-9,2,4",U1700 Junior
999069,274350,"9,5,7",U1700 Junior
275086,270748,"3,-12,5,3",U1700 Junior
999069,275086,"9,-8,6,8",U1700 Junior
999069,270748,"3,2,9",U1700 Junior
1173127,270725,"10,-8,-9,8,9",U1700 Junior
270393,270725,"6,8,8",U1700 Junior
270393,999031,"7,5,-6,-9,13",U1700 Junior
999031,270725,"7,7,5",U1700 Junior
266075,270889,"6,4,0",U1700 Junior
270889,271327,"10,7,6",U1700 Junior
270889,1176454,"2,6,8",U1700 Junior
266075,271327,"-5,7,4,9",U1700 Junior
266075,1176454,"4,6,4",U1700 Junior
271327,1176454,"3,2,1",U1700 Junior
1173545,271070,"-10,7,8,10",U1700 Junior
1173545,273517,"3,8,9",U1700 Junior
1173545,278846,"1,4,0",U1700 Junior
271070,273517,"6,6,-10,2",U1700 Junior
271070,278846,"6,3,3",U1700 Junior
273517,278846,"3,4,2",U1700 Junior
271344,273411,"3,6,-10,10",U1700 Junior
272737,271344,"6,-9,-8,5,6",U1700 Junior
271344,271150,"9,-4,6,-16,6",U1700 Junior
272737,273411,"7,-11,7,7",U1700 Junior
273411,271150,"2,5,7",U1700 Junior
272737,271150,"4,10,2",U1700 Junior
273085,264262,"4,7,5",U1700 Junior
273085,1167518,"9,9,-4,-8,9",U1700 Junior
273085,275292,"8,6,9",U1700 Junior
264262,1167518,"7,-9,5,6",U1700 Junior
264262,275292,"3,2,2",U1700 Junior
1167518,275292,"7,-7,1,9",U1700 Junior
223757,271178,"5,7,8",U1700 Junior
223757,268857,"-7,4,11,3",U1700 Junior
223757,273642,"3,5,9",U1700 Junior
271178,268857,"6,6,5",U1700 Junior
271178,273642,"11,7,10",U1700 Junior
273642,268857,"4,5,-5,8",U1700 Junior
270709,1173132,"6,-7,9,8",U1700 Junior
1173132,275290,"9,8,7",U1700 Junior
1173132,1168014,"7,1,4",U1700 Junior
270709,275290,"2,5,7",U1700 Junior
270709,1168014,"6,4,6",U1700 Junior
275290,1168014,"4,-9,11,5",U1700 Junior
1178115,273034,"9,-8,-11,12,11",U1700 Junior
1178115,1169409,"4,2,9",U1700 Junior
1178115,271860,"4,4,7",U1700 Junior
273034,1169409,"6,9,4",U1700 Junior
273034,271860,"7,1,2",U1700 Junior
271860,1169409,"8,6,9",U1700 Junior
1182632,1176550,"-2,4,8,8",U1700 Junior
1182632,272975,"8,-6,2,4",U1700 Junior
1182632,280549,"0,1,1",U1700 Junior
1176550,272975,"9,10,9",U1700 Junior
1176550,280549,"0,1,2",U1700 Junior
272975,280549,"1,4,5",U1700 Junior
268762,1177324,"13,8,7",U1700 Junior
268762,269971,"8,8,6",U1700 Junior
268762,276520,"5,4,4",U1700 Junior
1177324,269971,"5,7,-7,6",U1700 Junior
1177324,276520,"8,3,3",U1700 Junior
269971,276520,"6,-8,9,-9,9",U1700 Junior
1172724,1177302,"9,-9,10,7",U1700 Junior
1172724,1174369,"8,-9,-7,3,6",U1700 Junior
1172724,272978,"10,7,4",U1700 Junior
1177302,1174369,"2,-11,5,6",U1700 Junior
1177302,272978,"5,6,6",U1700 Junior
272978,1174369,"-8,-7,4,9,8",U1700 Junior
1174318,219649,"3,3,7",U1700 Junior
1174318,271316,"7,-8,10,-8,10",U1700 Junior
1174318,1175986,"3,3,6",U1700 Junior
219649,271316,"-9,6,-9,5,8",U1700 Junior
219649,1175986,"1,9,5",U1700 Junior
271316,1175986,"4,3,5",U1700 Junior
1174461,271424,"11,9,6",U1700 Junior
1174461,276405,"2,3,2",U1700 Junior
271424,276405,"2,3,1",U1700 Junior
281309,275877,"-5,-7,9,10,9",U1700 Junior
281309,1175403,"5,5,5",U1700 Junior
281309,1177173,"8,-8,7,4",U1700 Junior
275877,1175403,"2,3,10",U1700 Junior
275877,1177173,"8,9,6",U1700 Junior
1177173,1175403,"9,-3,9,6",U1700 Junior
271191,276135,"-8,3,-7,10,11",U1700 Junior
279728,271191,"-11,5,6,6",U1700 Junior
279728,276135,"9,-8,-14,11,10",U1700 Junior
250080,220690,"6,-3,10,-6,9",U1700 Junior
220690,1174322,"7,11,10",U1700 Junior
220690,1171730,"10,4,4",U1700 Junior
250080,1174322,"-6,2,3,8",U1700 Junior
250080,1171730,"9,-6,-6,9,5",U1700 Junior
1174322,1171730,"-4,9,-6,11,6",U1700 Junior
1172399,270710,"-5,4,9,3",U1700 Junior
1172399,265649,"9,4,4",U1700 Junior
265649,270710,"9,-10,-6,7,14",U1700 Junior
1173129,271975,"7,16,3",U1700 Junior
271975,270630,"-9,8,6,3",U1700 Junior
271975,277526,"4,-8,9,9",U1700 Junior
1173129,270630,"3,4,7",U1700 Junior
1173129,277526,"7,9,3",U1700 Junior
277526,270630,"9,8,5",U1700 Junior
270991,271147,"5,-7,3,7",U1700 Junior
270991,1180429,"2,3,2",U1700 Junior
270991,203159,"-7,4,1,8",U1700 Junior
271147,1180429,"5,5,2",U1700 Junior
271147,203159,"5,4,2",U1700 Junior
203159,1180429,"9,8,5",U1700 Junior
271042,266076,"5,5,-12,5",U1700 Junior
266076,1176822,"-10,3,6,6",U1700 Junior
266076,277358,"7,3,4",U1700 Junior
271042,1176822,"6,5,6",U1700 Junior
271042,277358,"1,4,5",U1700 Junior
1176822,277358,"6,8,0",U1700 Junior
1177959,1168827,"13,-11,5,5",U1500 Junior
1168827,269971,"4,9,5",U1500 Junior
269971,1177959,"-6,6,8,8",U1500 Junior
272217,276158,"4,7,7",U1500 Junior
272217,1174369,"-9,5,-8,4,7",U1500 Junior
1174369,276158,"1,2,3",U1500 Junior
1173545,275290,"6,11,9",U1500 Junior
1173545,273218,"5,9,5",U1500 Junior
273218,275290,"-9,9,7,6",U1500 Junior
273260,266076,"-4,10,-10,4,10",U1500 Junior
266076,1174325,"3,10,9",U1500 Junior
266076,275292,"5,6,-9,-8,5",U1500 Junior
273260,1174325,"7,7,3",U1500 Junior
273260,275292,"2,7,0",U1500 Junior
1174325,275292,"10,5,-4,8",U1500 Junior
272737,271042,"-9,9,9,-7,5",U1500 Junior
271042,1175403,"6,6,-6,5",U1500 Junior
271042,999044,"1,3,3",U1500 Junior
272737,1175403,"9,9,2",U1500 Junior
272737,999044,"4,1,1",U1500 Junior
1175403,999044,"5,2,2",U1500 Junior
271147,271327,"-5,-8,7,8,4",U1500 Junior
271147,1174322,"4,11,8",U1500 Junior
271147,281947,"3,1,2",U1500 Junior
271327,1174322,"9,-8,9,4",U1500 Junior
271327,281947,"6,4,3",U1500 Junior
1174322,281947,"11,5,4",U1500 Junior
271316,273517,"11,5,9",U1500 Junior
273034,271876,"8,8,8",U1500 Junior
273034,1176822,"6,-9,7,10",U1500 Junior
273034,273642,"2,7,2",U1500 Junior
271876,1176822,"10,-11,-8,7,8",U1500 Junior
273642,271876,"6,9,6",U1500 Junior
1176822,273642,"6,5,8",U1500 Junior
271424,264548,"11,-9,9,-6,10",U1500 Junior
271424,270630,"5,4,3",U1500 Junior
271424,280549,"2,2,1",U1500 Junior
264548,270630,"-5,2,9,4",U1500 Junior
264548,280549,"1,1,3",U1500 Junior
270630,280549,"2,5,3",U1500 Junior
275877,270749,"6,7,-9,2",U1500 Junior
275877,1180429,"4,2,4",U1500 Junior
275877,1168014,"4,5,4",U1500 Junior
270749,1180429,"10,9,7",U1500 Junior
270749,1168014,"5,-8,8,8",U1500 Junior
1180429,1168014,"4,8,3",U1500 Junior
1177302,275965,"8,9,-7,-7,9",U1500 Junior
1177302,271326,"9,9,7",U1500 Junior
1177302,1175986,"5,3,4",U1500 Junior
275965,271326,"7,3,9",U1500 Junior
275965,1175986,"7,3,4",U1500 Junior
271326,1175986,"6,7,2",U1500 Junior
1177324,1176451,"5,3,3",U1500 Junior
1177324,1177045,"7,7,2",U1500 Junior
1177324,279058,"9,4,6",U1500 Junior
1176451,1177045,"-8,5,9,6",U1500 Junior
1176451,279058,"10,5,7",U1500 Junior
1176627,1176550,"6,8,7",U1500 Junior
1180983,1176550,"10,-7,15,4",U1500 Junior
1176550,203159,"8,7,5",U1500 Junior
1176627,1180983,"9,8,10",U1500 Junior
1176627,203159,"7,10,6",U1500 Junior
1180983,203159,"5,5,2",U1500 Junior
266075,271482,"8,9,9",U1500 Junior
266075,1177477,"9,7,5",U1500 Junior
266075,1174326,"1,8,-6,4",U1500 Junior
271482,1177477,"2,9,9",U1500 Junior
271482,1174326,"9,7,9",U1500 Junior
1174326,1177477,"5,9,2",U1500 Junior
223307,271070,"6,-6,9,3",U1500 Junior
271070,223763,"-9,6,8,7",U1500 Junior
271070,1182627,"7,6,11",U1500 Junior
223307,223763,"6,5,8",U1500 Junior
1182627,223307,"-5,-10,10,6,11",U1500 Junior
1182627,223763,"6,7,10",U1500 Junior
271322,270393,"-9,8,10,9",U1500 Junior
270393,1178086,"6,7,5",U1500 Junior
277526,270393,"3,9,-1,6",U1500 Junior
271322,1178086,"-4,9,4,4",U1500 Junior
271322,277526,"6,9,5",U1500 Junior
277526,1178086,"-8,9,6,8",U1500 Junior
1177584,1175666,"-9,9,13,6",U1500 Junior
1177584,272218,"2,3,4",U1500 Junior
1177584,1178677,"7,9,8",U1500 Junior
272218,1175666,"-10,10,8,3",U1500 Junior
1175666,1178677,"5,9,6",U1500 Junior
272218,1178677,"7,2,6",U1500 Junior
1177768,1182631,"5,4,3",U1500 Junior
1177768,265649,"9,5,5",U1500 Junior
1182631,265649,"-8,6,10,7",U1500 Junior
272217,271326,"6,4,2",U1400 Junior
272217,270630,"7,3,4",U1400 Junior
272217,999056,"0,2,0",U1400 Junior
271326,270630,"8,9,-6,5",U1400 Junior
271326,999056,"2,3,1",U1400 Junior
270630,999056,"2,1,2",U1400 Junior
266075,1176822,"9,5,5",U1400 Junior
266075,999063,"11,9,4",U1400 Junior
1176822,999063,"-10,3,5,9",U1400 Junior
273218,1179255,"7,6,-10,7",U1400 Junior
1179255,1150987,"5,5,2",U1400 Junior
1179255,999060,"2,7,5",U1400 Junior
273218,1150987,"6,7,4",U1400 Junior
273218,999060,"6,1,3",U1400 Junior
1150987,999060,"-10,10,9,7",U1400 Junior
1177584,269971,"6,4,2",U1400 Junior
1177584,1173135,"5,8,8",U1400 Junior
1177584,271150,"9,-11,5,7",U1400 Junior
1173135,269971,"-7,-6,9,9,2",U1400 Junior
269971,271150,"-6,8,-9,7,9",U1400 Junior
1173135,271150,"3,11,-7,7",U1400 Junior
1182631,1175403,"8,9,5",U1400 Junior
1182631,270710,"13,10,-6,9",U1400 Junior
1182631,271860,"4,4,8",U1400 Junior
1175403,270710,"-5,8,8,-11,6",U1400 Junior
1175403,271860,"7,8,10",U1400 Junior
270710,271860,"4,11,6",U1400 Junior
1175666,1174325,"8,-7,6,3",U1400 Junior
1180983,1175666,"9,3,9",U1400 Junior
1175666,275657,"5,4,8",U1400 Junior
1180983,1174325,"9,9,8",U1400 Junior
275657,1174325,"4,9,-8,1",U1400 Junior
1180983,275657,"8,-10,6,11",U1400 Junior
1174369,271322,"6,-7,10,8",U1400 Junior
271322,1177477,"4,5,7",U1400 Junior
271322,274788,"5,3,4",U1400 Junior
1174369,1177477,"7,3,4",U1400 Junior
1174369,274788,"5,3,10",U1400 Junior
274788,1177477,"4,8,-9,11",U1400 Junior
271316,271482,"-9,7,8,-8,11",U1400 Junior
271482,1177045,"3,6,9",U1400 Junior
271482,278846,"3,4,5",U1400 Junior
271316,1177045,"9,8,8",U1400 Junior
271316,278846,"2,0,3",U1400 Junior
1177045,278846,"5,10,1",U1400 Junior
272975,1176451,"4,6,7",U1400 Junior
1176451,1178086,"6,8,13",U1400 Junior
1176451,275354,"5,7,-3,11",U1400 Junior
272975,1178086,"3,10,6",U1400 Junior
272975,275354,"9,8,5",U1400 Junior
1178086,275354,"8,8,-7,8",U1400 Junior
270749,1177959,"7,-10,2,10",U1400 Junior
270749,223763,"9,9,9",U1400 Junior
270749,280549,"0,0,0",U1400 Junior
223763,1177959,"3,-9,3,-3,9",U1400 Junior
1177959,280549,"2,2,2",U1400 Junior
223763,280549,"3,6,1",U1400 Junior
264548,276158,"10,4,8",U1400 Junior
264548,1174324,"8,2,8",U1400 Junior
1174324,276158,"7,8,-7,-5,6",U1400 Junior
275965,268857,"-12,7,4,10",U1400 Junior
275965,1177173,"-9,7,8,7",U1400 Junior
275965,1175444,"4,9,8",U1400 Junior
1177173,268857,"5,5,5",U1400 Junior
268857,1175444,"4,5,-9,-6,8",U1400 Junior
1177173,1175444,"5,6,10",U1400 Junior
269793,271876,"8,8,6",U1400 Junior
277526,271876,"2,-9,5,-8,6",U1400 Junior
275099,271876,"7,8,-12,6",U1400 Junior
269793,277526,"4,7,-10,5",U1400 Junior
275099,269793,"6,8,9",U1400 Junior
275099,277526,"9,6,-12,3",U1400 Junior
275290,270748,"9,-4,2,5",U1400 Junior
270748,1178677,"6,8,-4,6",U1400 Junior
270748,1171730,"9,-9,10,11",U1400 Junior
275290,1178677,"12,6,6",U1400 Junior
275290,1171730,"10,-4,7,9",U1400 Junior
1171730,1178677,"3,9,7",U1400 Junior
271327,1178504,"7,-11,11,4",U1400 Junior
271327,1182627,"9,13,-7,9",U1400 Junior
271327,271494,"7,7,5",U1400 Junior
1178504,1182627,"5,7,8",U1400 Junior
271494,1178504,"5,6,-8,5",U1400 Junior
273517,273260,"9,-9,-6,8,9",U1400 Junior
273517,1174326,"9,11,-9,9",U1400 Junior
273517,279058,"9,3,9",U1400 Junior
273260,1174326,"9,-5,-8,8,9",U1400 Junior
273260,279058,"14,-13,3,7",U1400 Junior
279058,1174326,"15,9,1",U1400 Junior
272217,1177045,"2,6,5",U1300 Junior
272217,1178086,"8,2,5",U1300 Junior
1177045,1178086,"8,-12,9,-7,7",U1300 Junior
1179255,1177477,"7,5,9",U1300 Junior
1179255,223763,"10,9,-8,4",U1300 Junior
223763,1177477,"2,8,-9,9",U1300 Junior
270710,1177584,"8,-7,13,7",U1300 Junior
1177584,203159,"13,4,2",U1300 Junior
270710,203159,"-10,8,6,9",U1300 Junior
1182631,1177956,"-10,8,8,8",U1300 Junior
272218,1182631,"-11,-12,7,8,3",U1300 Junior
1182631,999063,"9,10,6",U1300 Junior
272218,1177956,"5,8,9",U1300 Junior
1177956,999063,"12,6,7",U1300 Junior
272218,999063,"7,6,3",U1300 Junior
1180983,277894,"5,7,7",U1300 Junior
277894,999060,"9,2,5",U1300 Junior
1180983,999060,"5,7,-8,7",U1300 Junior
1176451,271326,"6,-8,12,9",U1300 Junior
999016,1176451,"10,9,-11,6",U1300 Junior
271326,999016,"-9,4,7,-7,8",U1300 Junior
273517,1182627,"8,-8,7,2",U1300 Junior
273517,999007,"0,2,7",U1300 Junior
1182627,999007,"6,5,1",U1300 Junior
273218,273260,"5,5,-9,9",U1300 Junior
273260,1178677,"8,8,5",U1300 Junior
273260,279916,"3,8,9",U1300 Junior
273218,1178677,"5,4,5",U1300 Junior
273218,279916,"7,4,7",U1300 Junior
1178677,279916,"5,7,-10,5",U1300 Junior
275098,268857,"5,-9,8,6",U1300 Junior
268857,1176454,"6,-12,5,6",U1300 Junior
275098,1174325,"2,-9,4,5",U1300 Junior
1174325,1176454,"10,-7,3,6",U1300 Junior
275098,1176454,"8,2,8",U1300 Junior
269793,1175444,"7,9,7",U1300 Junior
269793,1174371,"-8,5,4,4",U1300 Junior
1175444,1174371,"12,8,8",U1300 Junior
1167518,269971,"6,6,10",U1300 Junior
1167518,279058,"2,4,8",U1300 Junior
1167518,1179256,"0,1,4",U1300 Junior
269971,279058,"-13,5,5,9",U1300 Junior
269971,1179256,"4,9,6",U1300 Junior
279058,1179256,"2,3,4",U1300 Junior
275290,1177957,"9,6,-13,-8,7",U1300 Junior
275290,1175986,"7,5,4",U1300 Junior
1177585,275290,"9,10,-6,6",U1300 Junior
1177957,1175986,"4,2,5",U1300 Junior
1177957,1177585,"6,3,8",U1300 Junior
1177585,1175986,"5,5,6",U1300 Junior
1181177,276158,"4,-10,9,-9,9",U1300 Junior
1171730,276158,"11,-7,11,-9,6",U1300 Junior
1181177,1171730,"6,-6,5,9",U1300 Junior
1177959,278904,"12,9,3",U1300 Junior
272978,1177959,"7,-4,9,-4,9",U1300 Junior
1177959,1168014,"1,3,8",U1300 Junior
278904,272978,"-7,5,-5,11,8",U1300 Junior
278904,1168014,"-7,-7,7,4,7",U1300 Junior
272978,1168014,"2,3,5",U1300 Junior
1174369,275099,"9,4,9",U1300 Junior
1174369,281301,"3,6,6",U1300 Junior
275099,281301,"2,3,2",U1300 Junior
272217,203159,"2,4,7",U1200 Junior
272217,1182627,"4,5,9",U1200 Junior
203159,1182627,"7,-5,10,8",U1200 Junior
1179255,272218,"-10,9,10,4",U1200 Junior
1179255,275098,"10,6,7",U1200 Junior
1179255,999016,"5,14,5",U1200 Junior
272218,275098,"-5,-8,3,8,7",U1200 Junior
272218,999016,"6,4,4",U1200 Junior
275098,999016,"7,-5,10,7",U1200 Junior
1177584,1177045,"10,-8,8,1",U1200 Junior
1177584,265649,"7,3,6",U1200 Junior
1177584,999018,"0,0,2",U1200 Junior
265649,1177045,"7,5,9",U1200 Junior
1177045,999018,"1,1,3",U1200 Junior
265649,999018,"2,2,2",U1200 Junior
1182631,271880,"6,8,-4,7",U1200 Junior
1174326,1182631,"11,9,9",U1200 Junior
1182631,281947,"5,4,4",U1200 Junior
1174326,271880,"5,-5,8,6",U1200 Junior
271880,281947,"2,5,5",U1200 Junior
1174326,281947,"1,6,5",U1200 Junior
1175666,1177173,"12,7,9",U1200 Junior
1175666,280219,"10,4,6",U1200 Junior
1175666,999044,"2,5,4",U1200 Junior
1177173,280219,"3,6,4",U1200 Junior
1177173,999044,"5,4,2",U1200 Junior
280219,999044,"4,4,4",U1200 Junior
276158,1178677,"10,-10,6,-9,8",U1200 Junior
1175444,276158,"9,6,-12,8",U1200 Junior
276158,1176454,"4,5,7",U1200 Junior
1175444,1178677,"7,2,6",U1200 Junior
1178677,1176454,"3,-9,9,3",U1200 Junior
1175444,1176454,"5,5,4",U1200 Junior
1177959,1174324,"9,-9,3,7",U1200 Junior
1177959,1175986,"3,4,6",U1200 Junior
1177959,275292,"-6,6,10,6",U1200 Junior
1174324,1175986,"-10,9,5,8",U1200 Junior
1174324,275292,"-9,8,11,9",U1200 Junior
275292,1175986,"10,5,7",U1200 Junior
269971,223763,"-3,8,7,4",U1200 Junior
275099,269971,"5,11,-9,9",U1200 Junior
269971,1178096,"5,-9,1,13",U1200 Junior
275099,223763,"10,3,-1,5",U1200 Junior
223763,1178096,"12,-4,4,6",U1200 Junior
275099,1178096,"6,12,7",U1200 Junior
279058,277358,"5,-9,9,9",U1200 Junior
277358,278846,"4,8,-8,6",U1200 Junior
279058,278846,"3,5,5",U1200 Junior
1178086,1174325,"-12,8,8,3",U1200 Junior
1174325,275070,"8,2,6",U1200 Junior
1178086,275070,"4,8,5",U1200 Junior
1175403,277526,"13,9,-1,12",U1200 Junior
273642,1175403,"2,8,7",U1200 Junior
1175403,1182629,"-5,6,8,4",U1200 Junior
277526,273642,"13,7,8",U1200 Junior
277526,1182629,"3,3,4",U1200 Junior
273642,1182629,"4,5,6",U1200 Junior
273218,1180983,"3,6,5",U1200 Junior
273218,1179256,"2,0,2",U1200 Junior
273218,1168014,"2,4,8",U1200 Junior
1180983,1179256,"2,3,1",U1200 Junior
1180983,1168014,"-9,7,5,7",U1200 Junior
1168014,1179256,"10,8,-4,9",U1200 Junior
1174322,1177477,"7,5,2",U1200 Junior
1174322,271494,"8,7,-8,6",U1200 Junior
1174322,275657,"-6,6,12,10",U1200 Junior
271494,1177477,"6,9,-10,9",U1200 Junior
275657,1177477,"9,12,9",U1200 Junior
271494,275657,"7,-9,5,3",U1200 Junior
1176822,1173135,"7,8,-4,9",U1200 Junior
1176822,1177585,"7,5,6",U1200 Junior
1173135,1177585,"6,7,7",U1200 Junior
271326,1180429,"6,-9,-7,2,5",U1200 Junior
271326,280549,"1,1,3",U1200 Junior
271326,271860,"3,4,3",U1200 Junior
1180429,280549,"2,7,2",U1200 Junior
1180429,271860,"6,7,6",U1200 Junior
271860,280549,"5,1,2",U1200 Junior
270630,275354,"3,7,2",U1200 Junior
270630,271150,"4,-8,2,-8,9",U1200 Junior
271150,275354,"-8,9,8,5",U1200 Junior
272217,231282,"3,7,5",U1000 Junior
231282,281301,"6,3,5",U1000 Junior
1182631,1173156,"9,6,4",U1000 Junior
1182631,1179256,"2,3,4",U1000 Junior
1173156,1179256,"3,-10,4,4",U1000 Junior
273218,272978,"-8,8,5,6",U1000 Junior
273218,1177585,"6,3,5",U1000 Junior
272978,1177585,"10,3,6",U1000 Junior
1180983,1178555,"9,-8,2,3",U1000 Junior
1180983,280549,"1,2,1",U1000 Junior
1180983,281199,"4,2,3",U1000 Junior
1178555,280549,"8,3,6",U1000 Junior
281199,1178555,"8,7,9",U1000 Junior
281199,280549,"1,5,3",U1000 Junior
271494,1177956,"-6,13,13,10",U1000 Junior
1177956,275354,"12,10,2",U1000 Junior
999016,1177956,"9,4,9",U1000 Junior
271494,275354,"6,-9,9,10",U1000 Junior
271494,999016,"-4,8,10,-10,8",U1000 Junior
999016,275354,"12,12,11",U1000 Junior
275099,1177045,"3,7,3",U1000 Junior
1177045,277044,"9,3,-8,8",U1000 Junior
1177045,275070,"0,3,4",U1000 Junior
275099,277044,"3,8,3",U1000 Junior
275099,275070,"9,4,6",U1000 Junior
277044,275070,"3,9,2",U1000 Junior
1171730,277358,"6,8,6",U1000 Junior
274788,277358,"4,6,8",U1000 Junior
277358,1176454,"-8,-8,8,1,3",U1000 Junior
1171730,274788,"6,11,6",U1000 Junior
1171730,1176454,"7,6,6",U1000 Junior
274788,1176454,"8,8,5",U1000 Junior
223763,1175986,"6,9,1",U1000 Junior
223763,278846,"3,0,1",U1000 Junior
223763,279916,"9,7,9",U1000 Junior
278846,1175986,"-7,6,-8,8,7",U1000 Junior
1175986,279916,"-12,6,-5,8,9",U1000 Junior
279916,278846,"1,5,5",U1000 Junior
272218,279058,"5,5,15",U1000 Junior
272218,1168014,"6,4,7",U1000 Junior
272218,999056,"0,2,1",U1000 Junior
279058,1168014,"8,3,-5,-9,6",U1000 Junior
279058,999056,"6,4,5",U1000 Junior
1168014,999056,"1,3,2",U1000 Junior
275098,1174324,"7,6,10",U1000 Junior
1174324,1171226,"5,-9,5,5",U1000 Junior
999012,1174324,"4,6,7",U1000 Junior
275098,1171226,"5,11,5",U1000 Junior
275098,999012,"8,-7,-7,9,8",U1000 Junior
999012,1171226,"4,7,3",U1000 Junior
1177173,1182627,"7,8,3",U1000 Junior
1177173,271150,"6,5,5",U1000 Junior
1177173,281422,"4,7,2",U1000 Junior
1182627,271150,"12,-11,-4,9,8",U1000 Junior
1182627,281422,"1,7,5",U1000 Junior
271150,281422,"9,4,7",U1000 Junior
277526,1175444,"9,7,8",U1000 Junior
277526,271860,"3,7,8",U1000 Junior
277526,999060,"4,3,3",U1000 Junior
1175444,271860,"8,6,5",U1000 Junior
1175444,999060,"3,3,6",U1000 Junior
271860,999060,"13,6,9",U1000 Junior
229874,1174326,"5,-10,2,6",U1000 Junior
229874,1171227,"5,3,4",U1000 Junior
229874,999018,"2,1,6",U1000 Junior
1174326,1171227,"6,-9,6,6",U1000 Junior
1174326,999018,"3,2,2",U1000 Junior
1171227,999018,"7,4,3",U1000 Junior
1180280,1182629,"2,6,7",U1000 Junior
1180280,999063,"5,6,4",U1000 Junior
999063,1182629,"5,6,5",U1000 Junior
1178677,278879,"6,-10,2,8",U1000 Junior
275657,1178677,"8,-10,8,9",U1000 Junior
1178677,1178096,"7,6,8",U1000 Junior
275657,278879,"6,3,-8,6",U1000 Junior
1178096,278879,"7,9,-4,9",U1000 Junior
275657,1178096,"3,6,2",U1000 Junior
95786,219402,"1,2,2",30 & Over Women's Singles
95786,218348,"2,1,3",30 & Over Women's Singles
218348,219402,"-5,4,14,3",30 & Over Women's Singles
276734,96338,"4,8,7",30 & Over Women's Singles
276734,81398,"1,4,7",30 & Over Women's Singles
276734,270460,"4,1,3",30 & Over Women's Singles
96338,81398,"8,5,3",30 & Over Women's Singles
96338,270460,"2,4,6",30 & Over Women's Singles
81398,270460,"7,8,6",30 & Over Women's Singles
999067,202322,"1,12,7",30 & Over Women's Singles
999067,72128,"7,1,3",30 & Over Women's Singles
999067,276750,"4,3,5",30 & Over Women's Singles
202322,72128,"9,4,6",30 & Over Women's Singles
202322,276750,"7,7,5",30 & Over Women's Singles
72128,276750,"6,-9,6,2",30 & Over Women's Singles
86641,219686,"7,5,5",30 & Over Women's Singles
86641,96337,"3,3,8",30 & Over Women's Singles
219686,96337,"3,1,4",30 & Over Women's Singles
5935,74221,"8,6,7",30 & Over Women's Singles
74221,1176375,"1,5,1",30 & Over Women's Singles
74221,273685,"4,1,1",30 & Over Women's Singles
5935,1176375,"4,7,5",30 & Over Women's Singles
5935,273685,"4,4,2",30 & Over Women's Singles
1176375,273685,"8,7,9",30 & Over Women's Singles
274903,230166,"6,8,6",30 & Over Women's Singles
230166,211903,"6,6,2",30 & Over Women's Singles
230166,1170430,"4,5,6",30 & Over Women's Singles
274903,211903,"5,7,7",30 & Over Women's Singles
274903,1170430,"2,5,7",30 & Over Women's Singles
211903,1170430,"9,7,12",30 & Over Women's Singles
80356,1176802,"-7,9,5,7",U1600 Adult
1173546,276539,"-9,9,-10,7,11",U1600 Adult
276539,219308,"-6,9,4,-9,10",U1600 Adult
1173546,219308,"6,5,8",U1600 Adult
80950,212199,"7,11,8",U1600 Adult
80950,96654,"5,5,6",U1600 Adult
96654,212199,"11,9,8",U1600 Adult
272402,60472,"-10,-4,7,8,7",U1600 Adult
60472,1180569,"-9,9,5,-6,6",U1600 Adult
1180569,272402,"6,9,-5,-9,6",U1600 Adult
1122133,271579,"5,8,8",U1600 Adult
999046,271579,"3,4,3",U1600 Adult
999046,1122133,"-10,10,8,8",U1600 Adult
1172570,1164188,"7,8,3",U1600 Adult
1164188,30913,"6,-7,5,7",U1600 Adult
1164188,999045,"-9,5,4,5",U1600 Adult
1172570,30913,"1,6,8",U1600 Adult
1172570,999045,"3,-7,9,10",U1600 Adult
30913,999045,"6,5,6",U1600 Adult
62488,1178900,"2,3,5",U1600 Adult
62488,13206,"6,-10,-5,5,6",U1600 Adult
62488,1180395,"3,8,7",U1600 Adult
1178900,1180395,"2,8,-7,-10,6",U1600 Adult
13206,1180395,"5,6,4",U1600 Adult
274741,203245,"11,5,7",U1600 Adult
274741,1182393,"8,-7,3,4",U1600 Adult
203245,1182393,"1,6,5",U1600 Adult
93945,41466,"5,4,9",U1600 Adult
93945,1168383,"5,5,6",U1600 Adult
1168383,41466,"8,7,7",U1600 Adult
1172337,94049,"-9,9,-8,6,6",U1600 Adult
1172337,77070,"8,9,10",U1600 Adult
1172337,85287,"6,4,12",U1600 Adult
77070,94049,"7,-6,-2,4,5",U1600 Adult
94049,85287,"-10,7,12,6",U1600 Adult
77070,85287,"2,7,5",U1600 Adult
85933,1170373,"6,6,-6,9",U1600 Adult
85933,92990,"4,8,6",U1600 Adult
85933,273783,"6,9,6",U1600 Adult
1170373,92990,"9,2,3",U1600 Adult
1170373,273783,"7,8,5",U1600 Adult
273783,92990,"-15,11,4,6",U1600 Adult
97781,1169425,"-9,-3,9,8,9",U1600 Adult
1169425,91820,"2,8,5",U1600 Adult
1169425,1165754,"2,1,9",U1600 Adult
91820,97781,"-8,7,7,-9,11",U1600 Adult
1165754,97781,"7,7,-6,6",U1600 Adult
1165754,91820,"5,3,2",U1600 Adult
1178675,1171766,"-9,6,12,9",U1600 Adult
1178675,81946,"9,8,1",U1600 Adult
1178675,1176029,"7,5,3",U1600 Adult
1171766,81946,"4,6,3",U1600 Adult
1171766,1176029,"1,3,4",U1600 Adult
1176029,81946,"8,5,8",U1600 Adult
269513,231598,"8,-5,11,11",U1600 Adult
231598,1182694,"-4,7,-7,6,9",U1600 Adult
1177472,231598,"7,7,8",U1600 Adult
1182694,269513,"5,8,-11,8",U1600 Adult
1177472,269513,"1,3,5",U1600 Adult
1177472,1182694,"1,5,3",U1600 Adult
43623,95184,"7,8,8",U1600 Adult
43623,217578,"4,12,12",U1600 Adult
217578,95184,"7,9,4",U1600 Adult
270494,1165614,"9,-7,9,2",U1600 Adult
1165614,32916,"-9,4,8,6",U1600 Adult
270494,32916,"4,8,8",U1600 Adult
272983,1178090,"7,5,7",U1600 Adult
272983,231503,"8,6,5",U1600 Adult
272983,1176823,"7,3,8",U1600 Adult
1178090,231503,"6,12,9",U1600 Adult
1178090,1176823,"5,3,3",U1600 Adult
1176823,231503,"-8,5,6,11",U1600 Adult
220752,76819,"-7,10,7,9",U1600 Adult
270905,1181519,"4,-6,8,4",U1600 Adult
1181519,71436,"9,9,7",U1600 Adult
270905,71436,"8,6,4",U1600 Adult
1170851,1167093,"4,7,-6,7",U1600 Adult
1167093,273685,"-5,-7,3,8,11",U1600 Adult
1167093,96337,"6,9,3",U1600 Adult
1170851,273685,"4,5,6",U1600 Adult
1170851,96337,"15,5,-5,3",U1600 Adult
217579,214956,"3,10,2",U1600 Adult
217579,220405,"3,8,3",U1600 Adult
220405,214956,"6,-5,6,-5,7",U1600 Adult
276191,275965,"8,-9,5,6",U1600 Junior
270749,270725,"-8,4,8,-8,8",U1600 Junior
270749,999063,"3,5,8",U1600 Junior
270725,999063,"-11,8,9,8",U1600 Junior
272217,1176627,"8,4,5",U1600 Junior
272217,1181177,"1,6,5",U1600 Junior
272217,999012,"1,11,12",U1600 Junior
1176627,1181177,"5,6,7",U1600 Junior
999012,1176627,"8,-10,7,-5,10",U1600 Junior
999012,1181177,"4,7,7",U1600 Junior
1173545,271482,"3,6,4",U1600 Junior
1173545,271327,"6,7,6",U1600 Junior
1173545,999060,"3,4,2",U1600 Junior
271327,271482,"-8,-9,12,9,7",U1600 Junior
271482,999060,"9,1,4",U1600 Junior
271327,999060,"4,3,4",U1600 Junior
223757,1175666,"-8,5,9,-8,9",U1600 Junior
223757,271876,"-7,5,-8,9,5",U1600 Junior
272978,223757,"7,-12,10,-8,8",U1600 Junior
1175666,271876,"10,8,4",U1600 Junior
1175666,272978,"10,3,9",U1600 Junior
272978,271876,"5,6,-10,6",U1600 Junior
268762,273517,"-6,9,7,8",U1600 Junior
273517,277894,"-6,5,6,4",U1600 Junior
1171730,277894,"-10,10,8,10",U1600 Junior
273517,1171730,"12,4,8",U1600 Junior
1172724,271322,"-10,11,13,11",U1600 Junior
1172724,273260,"2,12,7",U1600 Junior
1172724,1174371,"3,3,6",U1600 Junior
271322,273260,"7,7,5",U1600 Junior
271322,1174371,"5,6,1",U1600 Junior
273260,1174371,"11,7,6",U1600 Junior
281309,1182631,"8,7,5",U1600 Junior
281309,268857,"4,3,15",U1600 Junior
281309,275099,"-4,-8,6,4,10",U1600 Junior
268857,1182631,"6,10,6",U1600 Junior
275099,1182631,"8,6,8",U1600 Junior
275099,268857,"6,4,9",U1600 Junior
1177584,271191,"-8,9,8,10",U1600 Junior
269793,271191,"5,9,-10,5",U1600 Junior
271191,1175986,"2,1,3",U1600 Junior
1177584,269793,"-15,6,9,-9,9",U1600 Junior
1177584,1175986,"3,3,0",U1600 Junior
269793,1175986,"5,3,1",U1600 Junior
275086,1172399,"8,10,6",U1600 Junior
1167518,1172399,"8,-9,-6,8,9",U1600 Junior
1172399,1168014,"7,8,5",U1600 Junior
275086,1167518,"6,7,-4,6",U1600 Junior
275086,1168014,"5,4,2",U1600 Junior
1167518,1168014,"10,2,6",U1600 Junior
1179255,271975,"8,-7,12,7",U1600 Junior
271975,275290,"6,5,9",U1600 Junior
271975,1176454,"3,7,4",U1600 Junior
1179255,275290,"2,6,8",U1600 Junior
1179255,1176454,"3,3,11",U1600 Junior
275290,1176454,"9,3,3",U1600 Junior
266076,271070,"-9,4,11,-8,6",U1600 Junior
266076,1177959,"12,8,8",U1600 Junior
275098,266076,"-4,-6,9,9,9",U1600 Junior
1177959,271070,"-9,9,14,7",U1600 Junior
271070,275098,"10,-5,4,10",U1600 Junior
275098,1177959,"7,7,9",U1600 Junior
1173129,270393,"9,11,-7,9",U1600 Junior
1173129,272975,"8,4,-10,8",U1600 Junior
270393,272975,"3,6,4",U1600 Junior
271042,266075,"6,-7,-8,9,7",U1600 Junior
271042,270748,"8,5,6",U1600 Junior
271042,1175444,"8,5,-11,5",U1600 Junior
270748,266075,"4,7,-7,8",U1600 Junior
1175444,266075,"-4,7,-10,9,7",U1600 Junior
270748,1175444,"5,4,6",U1600 Junior
271147,271178,"10,8,11",U1600 Junior
271147,269971,"6,8,4",U1600 Junior
277526,271147,"-10,9,8,-3,7",U1600 Junior
271178,269971,"8,10,6",U1600 Junior
271178,277526,"8,-10,-13,13,9",U1600 Junior
277526,269971,"-6,3,3,-7,9",U1600 Junior
250080,270709,"-13,6,4,13",U1600 Junior
250080,1174325,"10,9,8",U1600 Junior
250080,203159,"9,-7,10,10",U1600 Junior
270709,1174325,"-6,6,4,5",U1600 Junior
270709,203159,"8,-13,4,8",U1600 Junior
1174325,203159,"-8,7,4,4",U1600 Junior
271275,219649,"2,8,5",U1600 Junior
272218,271275,"5,10,-8,9",U1600 Junior
272218,219649,"8,-9,4,-13,6",U1600 Junior
273034,1176550,"5,7,-8,6",U1600 Junior
273034,1174369,"8,8,9",U1600 Junior
273034,277358,"4,5,6",U1600 Junior
1176550,1174369,"3,8,-9,-10,1",U1600 Junior
1176550,277358,"3,5,8",U1600 Junior
1174369,277358,"3,4,3",U1600 Junior
275877,1177302,"-7,11,8,7",U1600 Junior
275877,1180983,"7,4,7",U1600 Junior
1177302,1180983,"9,6,-11,9",U1600 Junior
274479,280238,"-3,7,9,6",Parkinsons 1-4
280238,276226,"1,5,4",Parkinsons 1-4
280238,1177962,"-9,5,5,-8,9",Parkinsons 1-4
274479,276226,"5,2,9",Parkinsons 1-4
274479,1177962,"10,8,-7,-3,5",Parkinsons 1-4
1177962,276226,"4,5,6",Parkinsons 1-4
999051,1180776,"8,-11,-9,9,9",Parkinsons 5-8
1180776,999028,"4,3,4",Parkinsons 5-8
281640,1180776,"1,2,1",Parkinsons 5-8
999051,999028,"2,1,4",Parkinsons 5-8
999051,281640,"7,9,6",Parkinsons 5-8
281640,999028,"3,1,3",Parkinsons 5-8
211982,197388,"8,7,9",Men's Singles-Prelims
999011,1170149,"5,9,-8,9",Men's Singles-Prelims
267124,1166478,"6,-6,-6,6,6",Men's Singles-Prelims
217865,1167521,"7,9,7",Men's Singles-Prelims
91905,999047,"8,8,-9,9",Men's Singles-Prelims
82768,275992,"-7,7,-6,3,3",Men's Singles-Prelims
89837,281328,"9,-12,-6,5,8",Men's Singles-Prelims
1178381,999062,"9,-9,9,9",Men's Singles-Prelims
1165420,211982,"4,12,12",Men's Singles-Prelims
1178802,31212,"7,9,3",Men's Singles-Prelims
280543,1180710,"5,4,8",Men's Singles-Prelims
999049,98262,"-7,7,6,-10,6",Men's Singles-Prelims
84326,999011,"7,9,-9,10",Men's Singles-Prelims
86637,211736,"9,7,6",Men's Singles-Prelims
1179146,85814,"4,10,8",Men's Singles-Prelims
84431,267124,"9,9,6",Men's Singles-Prelims
89338,217865,"2,9,3",Men's Singles-Prelims
220284,77108,"8,-11,4,-5,6",Men's Singles-Prelims
218074,281766,"2,-11,4,-6,8",Men's Singles-Prelims
999042,202363,"8,5,8",Men's Singles-Prelims
220651,212195,"10,9,2",Men's Singles-Prelims
1167100,280086,"9,7,3",Men's Singles-Prelims
280544,91031,"7,6,5",Men's Singles-Prelims
1166717,1170429,"13,6,8",Men's Singles-Prelims
75821,91905,"2,3,8",Men's Singles-Prelims
86921,281608,"-8,8,-9,9,9",Men's Singles-Prelims
279541,93127,"-7,6,12,8",Men's Singles-Prelims
999002,82782,"5,3,8",Men's Singles-Prelims
999021,84904,"12,6,9",Men's Singles-Prelims
280535,95248,"8,-6,6,8",Men's Singles-Prelims
220283,82768,"3,4,7",Men's Singles-Prelims
280542,89837,"6,2,8",Men's Singles-Prelims
231275,280541,"7,2,-8,-6,4",Men's Singles-Prelims
281499,278614,"-13,5,9,8",Men's Singles-Prelims
96676,1178107,"6,5,6",Men's Singles-Prelims
84903,220808,"7,7,7",Men's Singles-Prelims
1180120,18537,"8,3,4",Men's Singles-Prelims
96307,280545,"9,-10,6,5",Men's Singles-Prelims
81817,1178381,"7,6,-8,6",Men's Singles-Prelims
1165420,1178802,"3,6,3",Men's Singles-Prelims
999049,280543,"9,7,7",Men's Singles-Prelims
84326,86637,"8,13,-8,4",Men's Singles-Prelims
84431,1179146,"-3,8,8,6",Men's Singles-Prelims
89338,220284,"8,9,7",Men's Singles-Prelims
999042,218074,"9,8,-9,13",Men's Singles-Prelims
220651,1167100,"5,9,10",Men's Singles-Prelims
280544,1166717,"7,-6,8,6",Men's Singles-Prelims
75821,86921,"8,-6,3,9",Men's Singles-Prelims
999002,279541,"9,5,5",Men's Singles-Prelims
999021,1178102,"9,6,8",Men's Singles-Prelims
220283,280535,"4,7,6",Men's Singles-Prelims
280542,231275,"-5,-8,9,4,4",Men's Singles-Prelims
281499,96676,"6,-7,-8,9,11",Men's Singles-Prelims
84903,1180120,"-4,6,4,-10,14",Men's Singles-Prelims
96307,81817,"6,6,8",Men's Singles-Prelims
999049,1165420,"9,-10,7,-9,4",Men's Singles-Prelims
84431,84326,"8,8,-7,9",Men's Singles-Prelims
999042,89338,"7,6,9",Men's Singles-Prelims
220651,280544,"7,-6,-8,6,7",Men's Singles-Prelims
75821,999002,"10,-9,5,-9,8",Men's Singles-Prelims
220283,999021,"12,6,-9,10",Men's Singles-Prelims
280542,281499,"7,3,2",Men's Singles-Prelims
96307,84903,"8,-9,-7,20,10",Men's Singles-Prelims
999049,84431,"-9,8,-9,8,3,9",Men's Singles-Quarters
999042,220651,"9,14,-4,8,8",Men's Singles-Quarters
220283,75821,"-11,-8,-7,7,7,10,8",Men's Singles-Quarters
280542,96307,"7,7,9,5",Men's Singles-Quarters
999049,999042,"7,-12,-5,6,12,7",Men's Singles-Semis
220283,280542,"12,-11,-6,6,8,9",Men's Singles-Semis
220283,999049,"9,9,-9,1,5",Men's Singles-Finals
95786,274903,"-9,11,7,8",Women's Singles-Prelims
999009,281324,"8,-8,6,6",Women's Singles-Prelims
1168377,84582,"7,4,9",Women's Singles-Prelims
90353,1175117,"2,5,2",Women's Singles-Prelims
1177172,999008,"6,3,7",Women's Singles-Prelims
999026,201784,"2,2,5",Women's Singles-Prelims
999066,230166,"2,4,9",Women's Singles-Prelims
1173760,82231,"5,6,3",Women's Singles-Prelims
76235,280666,"-9,5,6,6",Women's Singles-Prelims
77897,87830,"-7,6,11,-10,7",Women's Singles-Prelims
276734,999064,"4,3,-5,7",Women's Singles-Prelims
214856,86641,"6,-9,10,8",Women's Singles-Prelims
82232,211608,"2,3,4",Women's Singles-Prelims
999020,999030,"5,7,-9,5",Women's Singles-Prelims
90919,92550,"4,5,10",Women's Singles-Prelims
1166626,222971,"7,6,6",Women's Singles-Prelims
999009,95786,"9,9,5",Women's Singles-Prelims
90353,1168377,"5,8,-5,6",Women's Singles-Prelims
999026,1177172,"6,15,11",Women's Singles-Prelims
999066,1173760,"5,-8,6,2",Women's Singles-Prelims
76235,77897,"7,9,7",Women's Singles-Prelims
214856,276734,"9,2,7",Women's Singles-Prelims
999020,82232,"6,2,9",Women's Singles-Prelims
1166626,90919,"-5,9,10,5",Women's Singles-Prelims
999009,90353,"-19,-6,10,9,-11,13,3",Women's Singles-Quarters
999026,999066,"10,7,8,7",Women's Singles-Quarters
76235,214856,"8,8,7,8",Women's Singles-Quarters
1166626,999020,"-9,5,6,-8,8,9",Women's Singles-Quarters
999009,999026,"6,10,-3,4,-8,6",Women's Singles-Semis
76235,1166626,"9,5,-8,6,8",Women's Singles-Semis
76235,999009,"-9,6,7,7,7",Women's Singles-Finals
1181621,281942,"-5,8,4,10",U21 Women Singles-Prelims
281324,87830,"6,-8,5,12",U21 Women Singles-Prelims
90353,92550,"7,7,3",U21 Women Singles-Prelims
1177172,222971,"8,-4,14,8",U21 Women Singles-Prelims
77897,999030,"11,6,-5,-6,7",U21 Women Singles-Prelims
76235,1181621,"4,10,5",U21 Women Singles-Quarters
82232,1177172,"-8,9,7,3",U21 Women Singles-Quarters
1173760,77897,"9,6,9",U21 Women Singles-Quarters
76235,281324,"7,-7,9,-8,9",U21 Women Singles-Semis
82232,1173760,"-10,7,-7,4,8",U21 Women Singles-Semis
76235,82232,"-3,6,7,12",U21 Women Singles-Finals
267124,220808,"9,10,9",U19 Boys' Singles-Prelims
202363,281333,"8,6,11",U19 Boys' Singles-Prelims
91031,197388,"5,8,5",U19 Boys' Singles-Prelims
1178107,211736,"7,-7,8,7",U19 Boys' Singles-Prelims
84903,267124,"9,-9,6,5",U19 Boys' Singles-Prelims
89837,217235,"9,8,4",U19 Boys' Singles-Prelims
98262,96307,"6,-5,7,5",U19 Boys' Singles-Prelims
202363,219868,"7,8,6",U19 Boys' Singles-Prelims
84904,91031,"10,8,4",U19 Boys' Singles-Prelims
1180710,1178381,"-9,7,5,-8,2",U19 Boys' Singles-Prelims
211982,1167521,"6,5,8",U19 Boys' Singles-Prelims
218074,1178107,"2,7,-9,12",U19 Boys' Singles-Prelims
89837,84903,"-12,9,-6,11,9",U19 Boys' Singles-Quarters
98262,202363,"7,6,-5,-4,6",U19 Boys' Singles-Quarters
1180710,84904,"5,9,-7,-9,7",U19 Boys' Singles-Quarters
218074,211982,"-7,4,12,4",U19 Boys' Singles-Quarters
89837,98262,"-10,7,10,5",U19 Boys' Singles-Semis
218074,1180710,"-8,8,6,6",U19 Boys' Singles-Semis
218074,89837,"6,-16,5,4",U19 Boys' Singles-Finals
1171128,222299,"-6,-9,8,7,14",U19 Girls' Singles-Prelims
1178382,224231,"5,5,10",U19 Girls' Singles-Prelims
98155,211608,"9,11,6",U19 Girls' Singles-Prelims
1181621,92550,"7,6,11",U19 Girls' Singles-Prelims
203187,1176475,"8,10,5",U19 Girls' Singles-Prelims
1173760,1171128,"9,5,7",U19 Girls' Singles-Quarters
98155,1178382,"8,9,5",U19 Girls' Singles-Quarters
222971,1181621,"9,9,-8,5",U19 Girls' Singles-Quarters
90353,203187,"8,11,-5,-6,11",U19 Girls' Singles-Quarters
1173760,98155,"9,6,5",U19 Girls' Singles-Semis
90353,222971,"7,9,7",U19 Girls' Singles-Semis
90353,1173760,"4,9,-7,8",U19 Girls' Singles-Finals
215565,218166,"10,-5,9,11",U17 Boys' Singles-Prelims
217865,211736,"6,-4,-6,9,5",U17 Boys' Singles-Prelims
96746,212806,"5,2,2",U17 Boys' Singles-Prelims
281328,999013,"5,9,-11,2",U17 Boys' Singles-Prelims
275992,230805,"11,3,2",U17 Boys' Singles-Prelims
281948,273646,"6,6,7",U17 Boys' Singles-Prelims
267124,999047,"9,9,9",U17 Boys' Singles-Prelims
202363,222276,"5,9,11",U17 Boys' Singles-Prelims
218074,202365,"4,2,5",U17 Boys' Singles-Prelims
217865,215565,"9,-6,-8,10,8",U17 Boys' Singles-Prelims
96746,281333,"9,9,-9,-9,10",U17 Boys' Singles-Prelims
281328,211982,"-8,8,-9,8,10",U17 Boys' Singles-Prelims
96307,275992,"-8,7,7,-11,4",U17 Boys' Singles-Prelims
281948,202029,"6,7,5",U17 Boys' Singles-Prelims
267124,217235,"-9,-9,9,9,9",U17 Boys' Singles-Prelims
98262,202363,"10,4,-8,3",U17 Boys' Singles-Prelims
218074,217865,"3,3,10",U17 Boys' Singles-Quarters
281328,96746,"-9,4,4,10",U17 Boys' Singles-Quarters
96307,281948,"9,9,3",U17 Boys' Singles-Quarters
98262,267124,"7,6,6",U17 Boys' Singles-Quarters
218074,281328,"7,7,7",U17 Boys' Singles-Semis
96307,98262,"5,9,10",U17 Boys' Singles-Semis
218074,96307,"-5,11,10,7",U17 Boys' Singles-Finals
1173760,999017,"4,7,8",U17 Girls' Singles-Prelims
98155,96508,"8,4,-10,7",U17 Girls' Singles-Prelims
92550,999057,"-9,8,-10,5,5",U17 Girls' Singles-Prelims
211608,219210,"3,-12,6,6",U17 Girls' Singles-Prelims
213603,1171128,"6,-6,6,3",U17 Girls' Singles-Prelims
1181621,222299,"10,10,9",U17 Girls' Singles-Prelims
224231,222971,"-6,8,6,9",U17 Girls' Singles-Prelims
1173760,203187,"6,-11,7,2",U17 Girls' Singles-Quarters
92550,98155,"-10,10,-2,9,8",U17 Girls' Singles-Quarters
211608,213603,"8,5,7",U17 Girls' Singles-Quarters
224231,1181621,"-8,10,-5,9,8",U17 Girls' Singles-Quarters
1173760,92550,"10,7,8",U17 Girls' Singles-Semis
211608,224231,"4,-8,4,6",U17 Girls' Singles-Semis
1173760,211608,"4,12,4",U17 Girls' Singles-Finals
215565,219191,"10,9,-7,1",U15 Boys' Singles-Prelims
1167521,1171856,"3,4,3",U15 Boys' Singles-Prelims
217865,222837,"9,7,4",U15 Boys' Singles-Prelims
222276,221549,"-5,9,-9,6,8",U15 Boys' Singles-Prelims
999047,211614,"16,11,6",U15 Boys' Singles-Prelims
1177907,262852,"6,8,-9,8",U15 Boys' Singles-Prelims
202029,1171728,"5,9,5",U15 Boys' Singles-Prelims
217235,1164236,"11,7,6",U15 Boys' Singles-Prelims
1150995,280414,"6,-10,7,5",U15 Boys' Singles-Prelims
1179201,219237,"-6,-5,9,9,7",U15 Boys' Singles-Prelims
212806,1157612,"6,3,10",U15 Boys' Singles-Prelims
281328,1165422,"0,0,0",U15 Boys' Singles-Prelims
223759,1171074,"8,6,7",U15 Boys' Singles-Prelims
1171292,217143,"8,5,12",U15 Boys' Singles-Prelims
218074,215565,"4,4,10",U15 Boys' Singles-Prelims
217865,1167521,"6,-4,-6,9,6",U15 Boys' Singles-Prelims
999047,222276,"7,6,9",U15 Boys' Singles-Prelims
202029,1177907,"13,5,11",U15 Boys' Singles-Prelims
217235,1150995,"10,-5,-10,11,11",U15 Boys' Singles-Prelims
212806,1179201,"7,4,12",U15 Boys' Singles-Prelims
281328,223759,"7,6,7",U15 Boys' Singles-Prelims
96307,1171292,"8,-13,7,4",U15 Boys' Singles-Prelims
218074,217865,"2,9,8",U15 Boys' Singles-Quarters
999047,202029,"-9,6,7,-3,6",U15 Boys' Singles-Quarters
217235,212806,"-7,8,9,11",U15 Boys' Singles-Quarters
96307,281328,"7,-5,-10,7,6",U15 Boys' Singles-Quarters
218074,999047,"2,5,7",U15 Boys' Singles-Semis
218074,217235,"4,5,12",U15 Boys' Singles-Finals
222971,272956,"8,3,4",U15 Girls' Singles-Prelims
224231,270340,"-7,9,8,-8,8",U15 Girls' Singles-Prelims
219210,276191,"2,2,3",U15 Girls' Singles-Prelims
224135,1171128,"9,3,0",U15 Girls' Singles-Prelims
222763,230237,"7,4,9",U15 Girls' Singles-Prelims
256682,269965,"3,10,-14,-2,6",U15 Girls' Singles-Prelims
999017,270083,"8,5,2",U15 Girls' Singles-Prelims
222299,1167527,"9,4,5",U15 Girls' Singles-Prelims
224231,222971,"3,-5,-8,12,5",U15 Girls' Singles-Quarters
219210,224135,"-9,8,7,9",U15 Girls' Singles-Quarters
222763,256682,"9,7,8",U15 Girls' Singles-Quarters
999017,222299,"7,8,12",U15 Girls' Singles-Quarters
219210,224231,"2,12,8",U15 Girls' Singles-Semis
999017,222763,"9,-10,5,4",U15 Girls' Singles-Semis
999017,219210,"4,4,4",U15 Girls' Singles-Finals
1166449,270305,"7,5,7",U13 Boys' Singles-Prelims
280414,274994,"-9,5,4,4",U13 Boys' Singles-Prelims
1157612,1170753,"-9,5,7,6",U13 Boys' Singles-Prelims
1165421,218523,"-2,7,7,9",U13 Boys' Singles-Prelims
223760,1157745,"7,12,-7,6",U13 Boys' Singles-Prelims
221549,269745,"-8,1,9,-9,7",U13 Boys' Singles-Prelims
1171074,271061,"3,8,6",U13 Boys' Singles-Prelims
1150995,271425,"12,4,10",U13 Boys' Singles-Prelims
256702,1171728,"4,4,5",U13 Boys' Singles-Prelims
262852,219888,"3,9,-9,3",U13 Boys' Singles-Prelims
999047,1171856,"5,8,7",U13 Boys' Singles-Prelims
269693,271137,"8,5,1",U13 Boys' Singles-Prelims
1171468,265334,"8,8,8",U13 Boys' Singles-Prelims
223759,280386,"6,10,-9,7",U13 Boys' Singles-Prelims
217865,1166449,"2,-8,9,4",U13 Boys' Singles-Prelims
280414,1157612,"8,9,10",U13 Boys' Singles-Prelims
1165421,223760,"5,-13,8,7",U13 Boys' Singles-Prelims
221549,1171074,"7,-9,-3,9,8",U13 Boys' Singles-Prelims
1150995,256702,"3,6,7",U13 Boys' Singles-Prelims
999047,262852,"4,9,7",U13 Boys' Singles-Prelims
1171468,269693,"-6,8,-2,6,9",U13 Boys' Singles-Prelims
1167521,223759,"7,7,6",U13 Boys' Singles-Prelims
217865,280414,"10,13,7",U13 Boys' Singles-Quarters
221549,1165421,"11,19,-6,-6,4",U13 Boys' Singles-Quarters
1150995,999047,"10,8,6",U13 Boys' Singles-Quarters
1167521,1171468,"7,9,6",U13 Boys' Singles-Quarters
217865,221549,"11,5,11",U13 Boys' Singles-Semis
1167521,1150995,"6,-6,6,-9,8",U13 Boys' Singles-Semis
217865,1167521,"10,7,-10,9",U13 Boys' Singles-Finals
1171665,267433,"6,9,7",U13 Girls' Singles-Prelims
270083,1131695,"7,4,6",U13 Girls' Singles-Prelims
224231,1171855,"4,6,5",U13 Girls' Singles-Prelims
230237,1170759,"6,-6,9,-9,8",U13 Girls' Singles-Prelims
256682,1171127,"6,-8,-9,9,7",U13 Girls' Singles-Prelims
269965,224135,"2,9,9",U13 Girls' Singles-Prelims
222763,1171665,"7,2,9",U13 Girls' Singles-Quarters
270083,224231,"-5,5,-7,3,7",U13 Girls' Singles-Quarters
230237,256682,"7,8,9",U13 Girls' Singles-Quarters
219210,269965,"10,-8,8,9",U13 Girls' Singles-Quarters
222763,270083,"9,3,2",U13 Girls' Singles-Semis
219210,230237,"15,3,4",U13 Girls' Singles-Semis
219210,222763,"10,6,9",U13 Girls' Singles-Finals
271149,271883,"-9,8,-11,12,8",U11 Boys' Singles-Prelims
1178897,271425,"6,10,7",U11 Boys' Singles-Prelims
1171856,264897,"-9,5,8,-8,8",U11 Boys' Singles-Prelims
270746,277460,"-7,8,12,-10,7",U11 Boys' Singles-Prelims
1165421,271149,"5,11,8",U11 Boys' Singles-Prelims
269570,274994,"6,9,-6,10",U11 Boys' Singles-Prelims
221549,1173259,"4,6,5",U11 Boys' Singles-Prelims
1171468,1178897,"10,-11,4,7",U11 Boys' Singles-Prelims
1171856,256702,"3,-6,9,-6,8",U11 Boys' Singles-Prelims
271061,274350,"-12,8,5,9",U11 Boys' Singles-Prelims
1171728,271145,"9,8,6",U11 Boys' Singles-Prelims
270746,269693,"8,4,-7,8",U11 Boys' Singles-Prelims
1165421,269570,"9,-10,1,9",U11 Boys' Singles-Quarters
221549,1171468,"8,6,15",U11 Boys' Singles-Quarters
271061,1171856,"-11,6,-5,6,5",U11 Boys' Singles-Quarters
1171728,270746,"4,7,3",U11 Boys' Singles-Quarters
221549,1165421,"9,-10,8,12",U11 Boys' Singles-Semis
271061,1171728,"7,5,6",U11 Boys' Singles-Semis
221549,271061,"9,10,6",U11 Boys' Singles-Finals
1171643,269985,"11,-3,7,-8,3",U11 Girls' Singles-Prelims
281309,1177584,"-6,10,7,9",U11 Girls' Singles-Prelims
1170759,1171643,"7,7,9",U11 Girls' Singles-Quarters
1171665,1171127,"6,-5,14,-7,9",U11 Girls' Singles-Quarters
256682,268979,"4,3,-10,4",U11 Girls' Singles-Quarters
269965,281309,"3,5,7",U11 Girls' Singles-Quarters
1170759,1171665,"10,10,8",U11 Girls' Singles-Semis
256682,269965,"-10,6,8,11",U11 Girls' Singles-Semis
256682,1170759,"-6,10,-10,2,8",U11 Girls' Singles-Finals
93106,9784,"-10,11,-9,6,6",Men's 40+ Singles-Prelims
34825,1166750,"4,4,4",Men's 40+ Singles-Prelims
94469,1178103,"9,-10,-11,9,10",Men's 40+ Singles-Prelims
220284,93106,"11,5,5",Men's 40+ Singles-Prelims
23538,34207,"7,6,4",Men's 40+ Singles-Prelims
47064,57949,"11,8,6",Men's 40+ Singles-Prelims
21400,999046,"5,4,3",Men's 40+ Singles-Prelims
34825,21270,"10,7,-5,11",Men's 40+ Singles-Prelims
62089,220833,"8,-14,-10,6,8",Men's 40+ Singles-Prelims
34054,1172127,"5,2,3",Men's 40+ Singles-Prelims
1175815,94469,"4,2,8",Men's 40+ Singles-Prelims
34825,62089,"5,8,-7,-9,10",Men's 40+ Singles-Quarters
1175815,34054,"-6,8,-8,8,6",Men's 40+ Singles-Quarters
1175815,34825,"5,4,-10,2",Men's 40+ Singles-Semis
23538,1175815,"-9,8,4,9",Men's 40+ Singles-Finals
53157,74221,"5,1,-8,7",Women's 40+ Singles-Semis
95786,53157,"6,7,7",Women's 40+ Singles-Finals
1167919,71746,"9,-7,-5,2,11",Men's 50+ Singles-Prelims
30198,999046,"-3,9,2,10",Men's 50+ Singles-Prelims
10437,26208,"9,5,4",Men's 50+ Singles-Prelims
21400,1178103,"11,-8,10,-8,4",Men's 50+ Singles-Prelims
22286,62557,"8,-8,-10,8,6",Men's 50+ Singles-Prelims
47064,30068,"3,4,2",Men's 50+ Singles-Prelims
39366,62089,"5,-10,-7,6,7",Men's 50+ Singles-Prelims
220833,1167919,"9,5,8",Men's 50+ Singles-Prelims
30198,10437,"6,8,-3,9",Men's 50+ Singles-Quarters
47064,39366,"8,8,9",Men's 50+ Singles-Quarters
22286,30198,"2,3,7",Men's 50+ Singles-Semis
220833,47064,"9,9,-8,15",Men's 50+ Singles-Semis
22286,220833,"-7,8,-7,7,5",Men's 50+ Singles-Finals
95765,21185,"-8,7,-5,5,9",Women's 50+ Singles-Semis
53157,95765,"2,5,5",Women's 50+ Singles-Finals
80369,27823,"7,9,4",Men's 70+ Singles-Quarters
281262,8005,"6,8,-4,4",Men's 70+ Singles-Quarters
63010,224165,"-6,-9,9,4,6",Men's 70+ Singles-Quarters
13020,9668,"10,-4,8,8",Men's 70+ Singles-Quarters
281262,80369,"7,3,12",Men's 70+ Singles-Semis
13020,63010,"-8,6,5,-9,5",Men's 70+ Singles-Semis
281262,13020,"3,8,10",Men's 70+ Singles-Finals
10414,8644,"4,-9,11,-7,7",Women's 75+ Singles-Finals
13660,8146,"10,5,6",Men's 80+ Singles-Semis
10729,13660,"-9,7,10,-9,6",Men's 80+ Singles-Finals
92296,93127,"5,6,9",U2600-Prelims
280535,82231,"-6,5,4,3",U2600-Prelims
1180954,57949,"9,7,5",U2600-Prelims
92296,279541,"-5,9,3,-2,11",U2600-Prelims
1170149,217235,"10,-5,8,7",U2600-Prelims
1171284,1178107,"2,4,6",U2600-Prelims
1166478,82768,"6,-6,6,2",U2600-Prelims
89837,275992,"10,2,4",U2600-Prelims
220808,93896,"6,8,4",U2600-Prelims
281608,197388,"6,8,7",U2600-Prelims
211736,270366,"-9,2,8,5",U2600-Prelims
280535,1178102,"6,8,9",U2600-Prelims
75749,91905,"-6,8,8,7",U2600-Prelims
1178381,77897,"8,8,8",U2600-Prelims
212195,82782,"7,-3,10,-7,4",U2600-Prelims
1180710,202363,"-11,-11,8,7,5",U2600-Prelims
77108,30755,"5,7,-7,6",U2600-Prelims
59922,281766,"2,-7,-8,5,5",U2600-Prelims
1167100,1180954,"6,9,3",U2600-Prelims
1170149,92296,"9,-5,3,11",U2600-Prelims
1166478,1171284,"7,9,9",U2600-Prelims
89837,220808,"6,8,3",U2600-Prelims
281608,211736,"3,8,5",U2600-Prelims
280535,75749,"8,5,-3,9",U2600-Prelims
1178381,212195,"9,9,-9,9",U2600-Prelims
1180710,77108,"9,6,-7,7",U2600-Prelims
1167100,59922,"5,3,8",U2600-Prelims
1166478,1170149,"6,-9,11,-5,14",U2600-Quarters
89837,281608,"7,7,7",U2600-Quarters
280535,1178381,"10,6,9",U2600-Quarters
1180710,1167100,"-6,9,5,-4,7",U2600-Quarters
89837,1166478,"3,3,7",U2600-Semis
1180710,280535,"10,-5,7,7",U2600-Semis
89837,1180710,"10,8,7",U2600-Finals
1167521,1165422,"6,6,11",U2400-Prelims
57949,280445,"-9,7,7,9",U2400-Prelims
281328,1175888,"4,9,-7,-9,5",U2400-Prelims
215565,62089,"6,-8,-9,5,9",U2400-Prelims
212806,213603,"-9,2,13,11",U2400-Prelims
222276,1157612,"-4,8,9,-10,4",U2400-Prelims
219868,211608,"13,4,-9,-6,6",U2400-Prelims
1164236,211614,"10,9,11",U2400-Prelims
93102,84273,"-8,9,8,8",U2400-Prelims
29200,22286,"-8,-9,8,5,8",U2400-Prelims
1150995,9784,"-8,8,9,9",U2400-Prelims
80241,256702,"10,8,5",U2400-Prelims
1181621,1171292,"3,-8,5,2",U2400-Prelims
1177907,30198,"-9,9,6,8",U2400-Prelims
217143,87979,"-8,6,13,2",U2400-Prelims
201784,215830,"8,9,-8,8",U2400-Prelims
219237,85572,"3,6,-8,3",U2400-Prelims
201783,265648,"3,0,0",U2400-Prelims
230805,213538,"6,6,8",U2400-Prelims
91905,1167521,"8,-9,-9,7,4",U2400-Prelims
281328,57949,"-7,7,3,6",U2400-Prelims
215565,39366,"7,12,8",U2400-Prelims
212806,87830,"9,-2,-3,8,8",U2400-Prelims
222276,218166,"-8,-10,9,4,5",U2400-Prelims
82231,219868,"10,2,7",U2400-Prelims
217865,1164236,"5,-10,6,9",U2400-Prelims
202029,93102,"8,11,7",U2400-Prelims
217235,29200,"7,14,9",U2400-Prelims
80241,1150995,"5,-9,5,7",U2400-Prelims
1178383,1181621,"4,1,10",U2400-Prelims
96746,1177907,"-8,-9,7,5,4",U2400-Prelims
275992,217143,"-9,-9,6,7,4",U2400-Prelims
220833,201784,"6,6,5",U2400-Prelims
219237,201783,"7,-7,-13,7,11",U2400-Prelims
1180954,230805,"7,8,3",U2400-Prelims
281328,91905,"4,8,9",U2400-Prelims
215565,212806,"-9,10,10,6",U2400-Prelims
82231,222276,"8,-10,2,9",U2400-Prelims
202029,217865,"8,7,9",U2400-Prelims
217235,80241,"9,-7,8,-11,7",U2400-Prelims
1178383,96746,"-9,7,-4,7,9",U2400-Prelims
275992,220833,"-8,8,9,8",U2400-Prelims
1180954,219237,"1,4,3",U2400-Prelims
281328,215565,"7,8,5",U2400-Quarters
202029,82231,"7,3,3",U2400-Quarters
217235,1178383,"-7,7,8,-4,8",U2400-Quarters
1180954,275992,"7,-14,-8,4,9",U2400-Quarters
281328,202029,"8,5,-7,-6,3",U2400-Semis
1180954,217235,"9,-6,-5,5,9",U2400-Semis
281328,1180954,"6,7,6",U2400-Finals
85572,1178103,"-10,5,-11,9,10",U2200-Prelims
270366,219888,"6,7,10",U2200-Prelims
25344,269693,"-1,11,-9,7,3",U2200-Prelims
30198,219686,"10,2,11",U2200-Prelims
1181621,217487,"12,6,-8,5",U2200-Prelims
217143,217219,"6,10,4",U2200-Prelims
263612,96508,"-6,9,7,-7,8",U2200-Prelims
222837,1173259,"8,8,6",U2200-Prelims
77764,86064,"11,9,-8,9",U2200-Prelims
1168516,265648,"6,6,9",U2200-Prelims
223163,219191,"8,5,6",U2200-Prelims
1179201,219405,"6,6,-9,9",U2200-Prelims
1178113,1157745,"3,7,6",U2200-Prelims
280415,219210,"8,10,9",U2200-Prelims
92461,1176475,"4,8,9",U2200-Prelims
34825,1170602,"7,10,10",U2200-Prelims
256702,1177954,"-2,-10,6,4,9",U2200-Prelims
270340,79092,"6,6,2",U2200-Prelims
1164236,25608,"8,5,3",U2200-Prelims
219939,25053,"8,4,7",U2200-Prelims
94298,1165422,"-7,8,9,9",U2200-Prelims
221549,1150994,"6,6,5",U2200-Prelims
94469,39366,"-6,10,8,6",U2200-Prelims
1171128,256412,"9,6,9",U2200-Prelims
219347,131129,"6,4,6",U2200-Prelims
34207,5004,"8,9,4",U2200-Prelims
1181597,126009,"5,10,2",U2200-Prelims
1171743,220824,"5,-5,7,-8,9",U2200-Prelims
280414,1172443,"-8,-6,9,6,5",U2200-Prelims
195549,276190,"3,9,5",U2200-Prelims
1171292,262852,"4,7,5",U2200-Prelims
230805,85572,"9,2,9",U2200-Prelims
270366,25344,"4,5,7",U2200-Prelims
1181621,30198,"9,8,11",U2200-Prelims
217143,263612,"6,7,-7,6",U2200-Prelims
222837,77764,"14,8,-6,-3,6",U2200-Prelims
223163,1168516,"6,-11,5,4",U2200-Prelims
1178113,1179201,"3,6,3",U2200-Prelims
92461,280415,"-4,1,-12,9,4",U2200-Prelims
34825,256702,"4,7,10",U2200-Prelims
270340,1164236,"6,9,9",U2200-Prelims
219939,94298,"6,9,-7,-8,9",U2200-Prelims
94469,221549,"3,8,3",U2200-Prelims
219347,1171128,"-5,-13,7,6,7",U2200-Prelims
34207,1181597,"-12,7,4,-6,9",U2200-Prelims
1171743,280414,"7,7,6",U2200-Prelims
1171292,195549,"-12,8,-10,7,10",U2200-Prelims
230805,270366,"11,-5,8,7",U2200-Prelims
217143,1181621,"-8,-3,8,8,9",U2200-Prelims
223163,222837,"10,-6,5,-5,10",U2200-Prelims
92461,1178113,"-7,8,8,6",U2200-Prelims
34825,270340,"3,6,4",U2200-Prelims
94469,219939,"4,7,-9,7",U2200-Prelims
34207,219347,"9,-6,-7,9,-11",U2200-Prelims
1171292,1171743,"8,-8,7,6",U2200-Prelims
230805,217143,"4,8,9",U2200-Quarters
223163,92461,"9,2,2",U2200-Quarters
34825,94469,"9,9,6",U2200-Quarters
1171292,34207,"8,6,7",U2200-Quarters
230805,223163,"9,2,-3,5",U2200-Semis
1171292,34825,"-7,7,-12,11,10",U2200-Semis
230805,1171292,"9,8,-6,8",U2200-Finals
131129,89832,"8,4,8",U2000 Adult-Prelims
217073,91339,"5,9,7",U2000 Adult-Prelims
277585,203096,"8,-7,8,-5,7",U2000 Adult-Prelims
216497,94133,"6,5,9",U2000 Adult-Prelims
273516,74934,"4,8,-9,-9,8",U2000 Adult-Prelims
60234,93839,"6,6,6",U2000 Adult-Prelims
90786,26208,"10,-7,6,-10,12",U2000 Adult-Prelims
25608,271282,"5,9,5",U2000 Adult-Prelims
94298,275235,"8,6,-7,7",U2000 Adult-Prelims
71329,202651,"-6,9,10,8",U2000 Adult-Prelims
1167919,223084,"-8,4,-10,9,11",U2000 Adult-Prelims
76010,81273,"9,9,6",U2000 Adult-Prelims
81189,94988,"8,-8,3,-9,11",U2000 Adult-Prelims
90498,274478,"8,6,-12,7",U2000 Adult-Prelims
86077,98325,"7,-9,5,-8,5",U2000 Adult-Prelims
74872,1157583,"-10,6,8,-7,2",U2000 Adult-Prelims
131129,217073,"10,5,10",U2000 Adult-Prelims
277585,216497,"9,-5,8,9",U2000 Adult-Prelims
273516,60234,"-6,3,7,7",U2000 Adult-Prelims
25608,90786,"-9,8,3,5",U2000 Adult-Prelims
94298,71329,"9,9,-10,-7,7",U2000 Adult-Prelims
1167919,76010,"7,9,6",U2000 Adult-Prelims
81189,90498,"11,9,10",U2000 Adult-Prelims
74872,86077,"11,5,4",U2000 Adult-Prelims
131129,277585,"8,-9,-6,10,11",U2000 Adult-Quarters
25608,273516,"6,3,9",U2000 Adult-Quarters
94298,1167919,"8,6,-8,9",U2000 Adult-Quarters
74872,81189,"-8,9,9,3",U2000 Adult-Quarters
25608,131129,"9,4,18",U2000 Adult-Semis
74872,94298,"5,9,-10,5",U2000 Adult-Semis
25608,74872,"3,7,-8,6",U2000 Adult-Finals
97783,5021,"5,4,7",U1900 Adult-Prelims
15550,1172127,"-3,8,7,7",U1900 Adult-Prelims
211647,81189,"10,-9,-7,6,4",U1900 Adult-Prelims
218929,202979,"5,6,-13,13",U1900 Adult-Prelims
277585,1172340,"-14,6,6,6",U1900 Adult-Prelims
202322,95765,"9,7,7",U1900 Adult-Prelims
1172337,9611,"7,6,8",U1900 Adult-Prelims
86077,1176561,"8,9,-3,5",U1900 Adult-Prelims
217073,1150994,"9,7,5",U1900 Adult-Prelims
213021,60234,"9,-9,9,-10,5",U1900 Adult-Prelims
96338,1174429,"7,4,-9,9",U1900 Adult-Prelims
1176549,1170851,"7,-7,8,8",U1900 Adult-Prelims
81586,56980,"7,7,7",U1900 Adult-Prelims
275301,81606,"10,5,-7,8",U1900 Adult-Prelims
202651,1174103,"9,2,6",U1900 Adult-Prelims
97783,15550,"-7,-8,3,2,4",U1900 Adult-Prelims
218929,211647,"5,9,3",U1900 Adult-Prelims
277585,202322,"6,-7,9,3",U1900 Adult-Prelims
86077,1172337,"5,4,6",U1900 Adult-Prelims
213021,217073,"3,-7,6,-4,7",U1900 Adult-Prelims
94988,96338,"11,4,7",U1900 Adult-Prelims
1176549,81586,"5,5,7",U1900 Adult-Prelims
202651,275301,"4,4,6",U1900 Adult-Prelims
218929,97783,"9,7,10",U1900 Adult-Quarters
277585,86077,"9,10,9",U1900 Adult-Quarters
213021,94988,"-7,6,10,9",U1900 Adult-Quarters
202651,1176549,"9,6,-12,7",U1900 Adult-Quarters
218929,277585,"9,-8,8,-9,11",U1900 Adult-Semis
202651,213021,"-6,7,8,-8,5",U1900 Adult-Semis
202651,218929,"8,9,8",U1900 Adult-Finals
1177472,58132,"9,3,-11,-11,8",U1800 Adult-Prelims
212945,271282,"-9,9,10,-5,7",U1800 Adult-Prelims
7519,202883,"-5,6,5,-9,7",U1800 Adult-Prelims
5021,1176375,"8,13,7",U1800 Adult-Prelims
1169599,21768,"-6,10,9,9",U1800 Adult-Prelims
1169124,1181518,"4,7,8",U1800 Adult-Prelims
1172337,57913,"5,5,7",U1800 Adult-Prelims
94988,275301,"7,-9,-8,9,6",U1800 Adult-Prelims
88027,203231,"14,7,8",U1800 Adult-Prelims
81606,230162,"6,6,7",U1800 Adult-Prelims
1170373,1177588,"8,2,7",U1800 Adult-Prelims
81586,9615,"-9,9,8,-7,5",U1800 Adult-Prelims
272631,1178675,"-9,-10,4,8,12",U1800 Adult-Prelims
1150994,1176561,"-4,4,-7,7,10",U1800 Adult-Prelims
1177472,212945,"-9,5,7,8",U1800 Adult-Prelims
7519,5021,"7,7,6",U1800 Adult-Prelims
1169124,1169599,"6,9,7",U1800 Adult-Prelims
94988,1172337,"-10,-7,6,8,6",U1800 Adult-Prelims
88027,81606,"-8,8,4,6",U1800 Adult-Prelims
1170373,69850,"5,-8,8,8",U1800 Adult-Prelims
81586,272631,"8,5,-6,7",U1800 Adult-Prelims
1150994,1177472,"-10,4,7,8",U1800 Adult-Quarters
1169124,7519,"6,6,9",U1800 Adult-Quarters
94988,88027,"10,12,-7,-4,12",U1800 Adult-Quarters
81586,1170373,"-5,2,2,7",U1800 Adult-Quarters
1150994,1169124,"6,5,-10,10",U1800 Adult-Semis
81586,94988,"7,10,5",U1800 Adult-Semis
1150994,81586,"9,7,7",U1800 Adult-Finals
1172127,96412,"-8,-9,8,7,7",Men's 60+ Singles-Prelims
1167919,48032,"5,5,4",Men's 60+ Singles-Prelims
55345,45824,"7,6,-9,-9,5",Men's 60+ Singles-Prelims
80369,58132,"8,2,6",Men's 60+ Singles-Prelims
39366,224098,"12,6,8",Men's 60+ Singles-Prelims
94298,8429,"-10,-9,7,2,7",Men's 60+ Singles-Prelims
55345,1167919,"9,9,10",Men's 60+ Singles-Quarters
39366,80369,"2,8,7",Men's 60+ Singles-Quarters
4780,94298,"4,6,4",Men's 60+ Singles-Quarters
21400,55345,"4,4,-12,8",Men's 60+ Singles-Semis
4780,39366,"5,8,7",Men's 60+ Singles-Semis
270356,89540,"3,6,5",Women's 60+ Singles-Semis
53157,270356,"4,9,5",Women's 60+ Singles-Finals
224165,94298,"8,6,-9,-6,7",Men's 65+ Singles-Prelims
80369,8429,"9,-9,-9,6,7",Men's 65+ Singles-Prelims
21400,224165,"9,8,8",Men's 65+ Singles-Quarters
55345,278163,"4,6,9",Men's 65+ Singles-Quarters
63010,13020,"-7,10,7,-7,5",Men's 65+ Singles-Quarters
55345,21400,"-2,-8,6,9,2",Men's 65+ Singles-Semis
63010,80369,"7,4,10",Men's 65+ Singles-Semis
55345,63010,"7,-6,9,-10,2",Men's 65+ Singles-Finals
999043,270356,"10,9,-5,-3,8",Women's 65+ Singles-Semis
999040,34589,"6,10,9",Women's 65+ Singles-Semis
999040,999043,"7,4,4",Women's 65+ Singles-Finals
999040,34589,"8,-9,8,9",Women's 70+ Singles-Semis
999043,10414,"7,-9,5,9",Women's 70+ Singles-Semis
999040,999043,"6,6,8",Women's 70+ Singles-Finals
9668,11097,"3,5,3",Men's 75+ Singles-Quarters
63010,95019,"3,6,2",Men's 75+ Singles-Semis
63010,9668,"5,3,8",Men's 75+ Singles-Finals
281328,1178107,"2,6,6",U21 Men's Singles-Prelims
211982,1178381,"5,10,5",U21 Men's Singles-Prelims
279541,281948,"-6,3,6,13",U21 Men's Singles-Prelims
84904,211736,"8,9,9",U21 Men's Singles-Prelims
98262,91031,"5,9,7",U21 Men's Singles-Prelims
89837,202363,"9,12,0",U21 Men's Singles-Prelims
218074,281766,"7,4,5",U21 Men's Singles-Prelims
84903,281328,"8,9,5",U21 Men's Singles-Quarters
211982,279541,"-11,9,-12,11,4",U21 Men's Singles-Quarters
84904,98262,"7,8,3",U21 Men's Singles-Quarters
89837,218074,"9,9,-16,-7,10",U21 Men's Singles-Quarters
84903,211982,"8,10,9",U21 Men's Singles-Semis
84904,89837,"7,6,-8,-7,12",U21 Men's Singles-Semis
84904,84903,"10,7,-8,9",U21 Men's Singles-Finals
1166478,1178113,"7,6,9",30 & Over Men's Singles-Prelims
34207,10437,"-9,3,-11,5,9",30 & Over Men's Singles-Prelims
217487,263612,"9,-11,-10,6,6",30 & Over Men's Singles-Prelims
34825,23538,"8,6,-5,9",30 & Over Men's Singles-Prelims
75749,94469,"-5,-8,3,8,9",30 & Over Men's Singles-Prelims
34054,29200,"8,8,9",30 & Over Men's Singles-Prelims
1170429,93102,"-8,-8,8,8,8",30 & Over Men's Singles-Prelims
1166478,34207,"8,8,8",30 & Over Men's Singles-Quarters
34825,217487,"11,8,11",30 & Over Men's Singles-Quarters
75749,62089,"8,-12,-5,9,10",30 & Over Men's Singles-Quarters
1170429,34054,"-9,-9,9,9,9",30 & Over Men's Singles-Quarters
1166478,34825,"4,9,9",30 & Over Men's Singles-Semis
1170429,75749,"4,7,-9,8",30 & Over Men's Singles-Semis
1170429,1166478,"-7,6,9,-3,14",30 & Over Men's Singles-Finals
1166750,1177588,"-10,10,6,5",U1700 Adult-Prelims
58132,264717,"-4,8,7,2",U1700 Adult-Prelims
82234,218460,"8,-8,-8,8,2",U1700 Adult-Prelims
1174368,82256,"6,-9,9,6",U1700 Adult-Prelims
1173546,94049,"5,5,7",U1700 Adult-Prelims
85933,84158,"8,-7,8,9",U1700 Adult-Prelims
57913,81398,"-5,5,8,8",U1700 Adult-Prelims
230162,271049,"6,7,10",U1700 Adult-Prelims
1179398,271282,"7,-8,12,7",U1700 Adult-Prelims
203134,81397,"3,8,1",U1700 Adult-Prelims
926764,78058,"7,11,-8,-8,8",U1700 Adult-Prelims
1181640,1170373,"7,9,9",U1700 Adult-Prelims
1167093,70481,"11,-4,7,8",U1700 Adult-Prelims
272010,9615,"5,-5,5,-8,7",U1700 Adult-Prelims
52333,10052,"9,7,5",U1700 Adult-Prelims
1169124,25587,"-11,8,8,4",U1700 Adult-Prelims
1166750,58132,"-5,-2,8,8,9",U1700 Adult-Prelims
82234,1174368,"10,4,4",U1700 Adult-Prelims
1173546,85933,"-10,9,9,8",U1700 Adult-Prelims
230162,57913,"10,-5,-17,2,7",U1700 Adult-Prelims
203134,1179398,"7,-5,13,4",U1700 Adult-Prelims
1181640,926764,"10,-10,-10,10,9",U1700 Adult-Prelims
272010,1167093,"6,0,3",U1700 Adult-Prelims
1169124,52333,"9,5,-8,-10,6",U1700 Adult-Prelims
82234,1166750,"9,2,-7,9",U1700 Adult-Quarters
1173546,230162,"11,6,-8,7",U1700 Adult-Quarters
203134,1181640,"0,7,3",U1700 Adult-Quarters
1169124,272010,"11,5,13",U1700 Adult-Quarters
82234,1173546,"6,-9,-5,10,7",U1700 Adult-Semis
1169124,203134,"-11,2,10,8",U1700 Adult-Semis
1169124,82234,"6,7,1",U1700 Adult-Finals
1177472,1164188,"6,9,8",U1500 Adult-Prelims
1174368,1173546,"8,5,8",U1500 Adult-Prelims
275824,1172570,"14,4,8",U1500 Adult-Prelims
220781,1170373,"-3,7,5,8",U1500 Adult-Prelims
274765,98182,"10,12,8",U1500 Adult-Prelims
1171766,274607,"5,7,-5,10",U1500 Adult-Prelims
272402,274741,"-7,-11,6,9,7",U1500 Adult-Prelims
14883,271056,"2,-6,6,-7,3",U1500 Adult-Prelims
1177472,1174368,"-8,12,6,8",U1500 Adult-Quarters
275824,220781,"9,-9,5,6",U1500 Adult-Quarters
1171766,274765,"8,5,-8,-4,5",U1500 Adult-Quarters
272402,14883,"11,13,12",U1500 Adult-Quarters
1177472,275824,"8,8,5",U1500 Adult-Semis
1171766,272402,"13,8,10",U1500 Adult-Semis
1177472,1171766,"4,11,7",U1500 Adult-Finals
1180103,17529,"4,5,-6,5",U1400 Adult-Prelims
1177472,272402,"-9,7,8,3",U1400 Adult-Prelims
1175710,203245,"-9,5,-6,3,4",U1400 Adult-Prelims
220781,229438,"-8,3,-3,10,10",U1400 Adult-Prelims
1178104,276218,"10,-8,-8,12,3",U1400 Adult-Prelims
271207,218686,"-6,12,6,8",U1400 Adult-Prelims
1164863,32916,"2,9,9",U1400 Adult-Prelims
269859,1168383,"-5,12,10,9",U1400 Adult-Prelims
1177472,1180103,"4,8,10",U1400 Adult-Quarters
220781,1175710,"6,-10,7,-7,9",U1400 Adult-Quarters
1178104,271207,"-5,4,-9,6,9",U1400 Adult-Quarters
269859,1164863,"8,7,12",U1400 Adult-Quarters
1177472,220781,"-8,10,9,-10,4",U1400 Adult-Semis
269859,1178104,"7,8,-6,-9,8",U1400 Adult-Semis
1177472,269859,"6,3,7",U1400 Adult-Finals
1176370,229438,"-4,4,-4,3,10",U1300 Adult-Prelims
1177319,1174319,"8,9,12",U1300 Adult-Prelims
1177472,33931,"6,4,6",U1300 Adult-Prelims
1176370,231598,"8,9,10",U1300 Adult-Quarters
276218,231503,"4,-9,8,7",U1300 Adult-Quarters
98077,1177319,"-6,10,4,9",U1300 Adult-Quarters
1177472,220752,"-5,-6,9,9,9",U1300 Adult-Quarters
1176370,276218,"10,11,9",U1300 Adult-Semis
1177472,98077,"8,7,9",U1300 Adult-Semis
1177472,1176370,"-9,5,6,5",U1300 Adult-Finals
94449,1182393,"6,4,-10,6",U1200 Adult-Prelims
1177472,1180988,"3,4,7",U1200 Adult-Prelims
270494,94449,"8,4,3",U1200 Adult-Quarters
1181520,217578,"4,4,6",U1200 Adult-Quarters
274567,218010,"4,9,9",U1200 Adult-Quarters
1177472,273685,"5,4,6",U1200 Adult-Quarters
1181520,270494,"9,-6,8,8",U1200 Adult-Semis
1177472,274567,"9,6,8",U1200 Adult-Semis
1177472,1181520,"-8,10,9,-9,5",U1200 Adult-Finals
276193,87850,"4,8,4",U1000 Adult-Quarters
223729,1177096,"5,5,4",U1000 Adult-Quarters
275033,270781,"4,6,6",U1000 Adult-Quarters
220752,276193,"-3,-9,9,8,10",U1000 Adult-Semis
275033,223729,"9,10,12",U1000 Adult-Semis
220752,275033,"5,8,8",U1000 Adult-Finals
280414,271145,"6,5,-10,4",U2000 Junior-Prelims
1131695,1175443,"6,-6,5,-8,8",U2000 Junior-Prelims
1173259,1132458,"9,10,-3,-5,8",U2000 Junior-Prelims
270340,276838,"10,9,-7,8",U2000 Junior-Prelims
1178802,1171874,"6,8,-9,-7,6",U2000 Junior-Prelims
229714,277460,"4,6,9",U2000 Junior-Prelims
265648,272956,"-8,6,5,4",U2000 Junior-Prelims
271061,270305,"7,6,4",U2000 Junior-Prelims
280445,1175371,"-7,5,8,3",U2000 Junior-Prelims
1132007,271260,"11,16,-13,7",U2000 Junior-Prelims
1170753,269745,"9,5,8",U2000 Junior-Prelims
1171856,1173779,"2,5,6",U2000 Junior-Prelims
220237,271137,"-8,-10,10,5,6",U2000 Junior-Prelims
216225,265517,"10,-10,-8,9,5",U2000 Junior-Prelims
1168381,276190,"5,8,7",U2000 Junior-Prelims
1181597,280415,"6,-9,12,7",U2000 Junior-Prelims
280414,1131695,"12,5,3",U2000 Junior-Prelims
270340,1173259,"6,7,5",U2000 Junior-Prelims
229714,1178802,"6,8,8",U2000 Junior-Prelims
265648,271061,"9,5,8",U2000 Junior-Prelims
1132007,280445,"6,-9,7,6",U2000 Junior-Prelims
1171856,1170753,"-9,4,9,12",U2000 Junior-Prelims
220237,216225,"3,7,7",U2000 Junior-Prelims
1181597,1168381,"7,6,6",U2000 Junior-Prelims
270340,280414,"9,-3,5,7",U2000 Junior-Quarters
229714,265648,"9,5,6",U2000 Junior-Quarters
1171856,1132007,"3,8,-3,-7,11",U2000 Junior-Quarters
1181597,220237,"9,-7,-10,10,5",U2000 Junior-Quarters
229714,270340,"-6,11,8,8",U2000 Junior-Semis
1171856,1181597,"7,9,-4,-9,3",U2000 Junior-Semis
1171856,229714,"4,-5,11,-7,7",U2000 Junior-Finals
265517,270900,"9,9,6",U1900 Junior-Prelims
272956,264897,"-13,-7,6,5,9",U1900 Junior-Prelims
270746,1171643,"4,-12,11,4",U1900 Junior-Prelims
275694,1168827,"11,-9,8,-8,9",U1900 Junior-Prelims
280386,229837,"8,-7,5,3",U1900 Junior-Prelims
1168381,271883,"9,8,-11,6",U1900 Junior-Prelims
271061,1175443,"4,4,6",U1900 Junior-Prelims
1132007,271137,"11,-4,-9,8,4",U1900 Junior-Prelims
1181597,271322,"6,4,1",U1900 Junior-Prelims
927185,271149,"5,-8,5,6",U1900 Junior-Prelims
1170753,270851,"4,-6,7,6",U1900 Junior-Prelims
271481,276190,"8,-8,3,-4,4",U1900 Junior-Prelims
276191,1178897,"7,-11,9,7",U1900 Junior-Prelims
1171874,271771,"5,10,7",U1900 Junior-Prelims
280415,280445,"-7,8,-6,8,4",U1900 Junior-Prelims
280414,265517,"-7,5,8,8",U1900 Junior-Prelims
270746,272956,"9,10,6",U1900 Junior-Prelims
280386,275694,"6,11,-8,9",U1900 Junior-Prelims
271061,1168381,"9,4,8",U1900 Junior-Prelims
1181597,1132007,"8,2,8",U1900 Junior-Prelims
1170753,927185,"-9,7,7,3",U1900 Junior-Prelims
271481,276191,"1,7,7",U1900 Junior-Prelims
280415,1171874,"7,-6,5,6",U1900 Junior-Prelims
280414,270746,"9,9,-6,7",U1900 Junior-Quarters
271061,280386,"8,8,7",U1900 Junior-Quarters
1181597,1170753,"11,20,-6,7",U1900 Junior-Quarters
280415,271481,"4,7,4",U1900 Junior-Quarters
280414,271061,"2,3,1",U1900 Junior-Semis
1181597,280415,"2,8,-8,8",U1900 Junior-Semis
1181597,280414,"-9,6,17,-10,8",U1900 Junior-Finals
269985,270393,"-3,-4,7,6,7",U1800 Junior-Prelims
231177,273646,"9,-11,10,11",U1800 Junior-Prelims
271883,270437,"-8,7,5,5",U1800 Junior-Prelims
1168206,274350,"-3,2,-11,8,10",U1800 Junior-Prelims
270746,270851,"7,-9,8,-7,8",U1800 Junior-Prelims
1178109,216225,"-8,8,10,19",U1800 Junior-Prelims
1178897,270900,"9,6,7",U1800 Junior-Prelims
927185,1174461,"10,7,10",U1800 Junior-Prelims
276191,275965,"3,6,9",U1800 Junior-Prelims
271178,219609,"8,7,6",U1800 Junior-Prelims
280414,269985,"3,5,6",U1800 Junior-Prelims
271883,231177,"8,-8,8,4",U1800 Junior-Prelims
270746,280386,"-8,7,-7,8,11",U1800 Junior-Prelims
1178897,273034,"4,9,3",U1800 Junior-Prelims
276191,927185,"-5,-8,8,7,7",U1800 Junior-Prelims
280415,271178,"5,6,5",U1800 Junior-Prelims
280414,271883,"-6,6,5,7",U1800 Junior-Quarters
270746,1168206,"-9,8,9,6",U1800 Junior-Quarters
1178897,1178109,"2,-8,7,7",U1800 Junior-Quarters
280415,276191,"4,10,5",U1800 Junior-Quarters
280414,270746,"2,4,10",U1800 Junior-Semis
1178897,280415,"5,10,9",U1800 Junior-Semis
280414,1178897,"9,1,8",U1800 Junior-Finals
1173545,250080,"-5,8,9,5",U1700 Junior-Prelims
266075,279728,"-10,6,-7,9,4",U1700 Junior-Prelims
274350,281309,"10,6,6",U1700 Junior-Prelims
1174318,270709,"9,-3,4,-7,9",U1700 Junior-Prelims
268762,272737,"7,-8,8,7",U1700 Junior-Prelims
271042,1182632,"7,-3,5,10",U1700 Junior-Prelims
273085,1174461,"6,-3,8,12",U1700 Junior-Prelims
270393,1172724,"-5,9,-5,17,6",U1700 Junior-Prelims
1168827,1173129,"12,8,4",U1700 Junior-Prelims
270991,223757,"9,6,10",U1700 Junior-Prelims
1178115,1172399,"9,6,11",U1700 Junior-Prelims
1173545,276191,"11,8,-10,4",U1700 Junior-Prelims
274350,266075,"7,9,10",U1700 Junior-Prelims
276190,1174318,"8,8,8",U1700 Junior-Prelims
927185,268762,"13,-6,6,2",U1700 Junior-Prelims
271042,219609,"9,-10,5,9",U1700 Junior-Prelims
273085,270393,"10,5,10",U1700 Junior-Prelims
270991,1168827,"10,9,3",U1700 Junior-Prelims
271149,1178115,"5,8,5",U1700 Junior-Prelims
274350,1173545,"6,8,9",U1700 Junior-Quarters
927185,276190,"13,-6,8,5",U1700 Junior-Quarters
271042,273085,"7,5,6",U1700 Junior-Quarters
271149,270991,"11,-10,7,10",U1700 Junior-Quarters
927185,274350,"10,2,4",U1700 Junior-Semis
271149,271042,"9,4,-6,10",U1700 Junior-Semis
271149,927185,"3,11,-9,12",U1700 Junior-Finals
271322,1177768,"6,-7,5,12",U1500 Junior-Prelims
271424,1177584,"7,-6,5,-10,5",U1500 Junior-Prelims
1168827,271322,"8,10,9",U1500 Junior-Prelims
1176627,273034,"4,7,8",U1500 Junior-Prelims
272737,271070,"-7,7,0,-9,7",U1500 Junior-Prelims
1173545,1177324,"-8,9,-6,5,10",U1500 Junior-Prelims
1177302,273260,"7,2,5",U1500 Junior-Prelims
271316,266075,"7,6,11",U1500 Junior-Prelims
275877,271147,"10,-12,10,6",U1500 Junior-Prelims
271424,272217,"8,9,-8,1",U1500 Junior-Prelims
1168827,1176627,"1,5,5",U1500 Junior-Quarters
1173545,272737,"-8,5,9,11",U1500 Junior-Quarters
1177302,271316,"4,-12,8,10",U1500 Junior-Quarters
275877,271424,"-11,-9,11,7,8",U1500 Junior-Quarters
1173545,1168827,"6,6,7",U1500 Junior-Semis
275877,1177302,"8,-8,8,7",U1500 Junior-Semis
1173545,275877,"9,6,8",U1500 Junior-Finals
272217,275290,"7,4,1",U1400 Junior-Prelims
271316,273517,"12,3,9",U1400 Junior-Prelims
272975,1174369,"-7,9,5,10",U1400 Junior-Prelims
275965,1177584,"13,-3,-6,16,4",U1400 Junior-Prelims
273218,264548,"6,10,7",U1400 Junior-Prelims
275099,1180983,"9,4,-6,4",U1400 Junior-Prelims
1182631,270749,"-5,9,5,-10,11",U1400 Junior-Prelims
271327,266075,"-8,-4,9,9,8",U1400 Junior-Prelims
272217,271316,"5,6,2",U1400 Junior-Quarters
275965,272975,"5,9,7",U1400 Junior-Quarters
273218,275099,"7,-4,6,6",U1400 Junior-Quarters
1182631,271327,"6,-10,8,8",U1400 Junior-Quarters
272217,275965,"9,5,4",U1400 Junior-Semis
1182631,273218,"10,7,10",U1400 Junior-Semis
272217,1182631,"7,3,3",U1400 Junior-Finals
272217,275098,"6,4,3",U1300 Junior-Prelims
1177959,273517,"-4,-7,9,9,9",U1300 Junior-Prelims
269793,1180983,"7,7,7",U1300 Junior-Prelims
273218,270710,"5,8,5",U1300 Junior-Prelims
272218,1181177,"6,10,9",U1300 Junior-Prelims
277526,1177957,"-9,9,-9,6,8",U1300 Junior-Prelims
1176451,1174369,"5,4,-7,7",U1300 Junior-Prelims
1179255,1167518,"8,9,-5,-12,8",U1300 Junior-Prelims
272217,1177959,"8,9,3",U1300 Junior-Quarters
273218,269793,"8,-4,8,4",U1300 Junior-Quarters
277526,272218,"9,-9,11,6",U1300 Junior-Quarters
1179255,1176451,"1,6,6",U1300 Junior-Quarters
1179255,277526,"11,-9,9,10",U1300 Junior-Semis
273218,1179255,"6,6,10",U1300 Junior-Finals
272217,279058,"5,5,6",U1200 Junior-Prelims
1174322,275099,"-5,-4,9,10,9",U1200 Junior-Prelims
1175444,1178086,"9,9,-8,6",U1200 Junior-Prelims
1177584,273218,"6,7,3",U1200 Junior-Prelims
1174326,1176822,"8,-9,-5,9,7",U1200 Junior-Prelims
277526,1175666,"8,9,-9,8",U1200 Junior-Prelims
1177959,270630,"7,8,7",U1200 Junior-Prelims
1179255,271326,"-10,11,7,-7,3",U1200 Junior-Prelims
272217,1174322,"7,3,5",U1200 Junior-Quarters
1177584,1175444,"5,1,7",U1200 Junior-Quarters
277526,1174326,"6,5,10",U1200 Junior-Quarters
1179255,1177959,"9,5,11",U1200 Junior-Quarters
272217,1177584,"-5,9,7,5",U1200 Junior-Semis
277526,1179255,"-8,6,-4,4,4",U1200 Junior-Semis
272217,277526,"11,7,8",U1200 Junior-Finals
223763,275098,"-9,9,-5,5,9",U1000 Junior-Prelims
1177173,1171730,"7,9,7",U1000 Junior-Prelims
272218,1180983,"10,4,6",U1000 Junior-Prelims
273218,275657,"6,7,8",U1000 Junior-Prelims
277526,271494,"9,8,7",U1000 Junior-Prelims
229874,275099,"8,8,4",U1000 Junior-Prelims
1182631,1180280,"-10,5,4,5",U1000 Junior-Prelims
272217,223763,"5,3,2",U1000 Junior-Quarters
1177173,272218,"9,-7,-8,8,0",U1000 Junior-Quarters
273218,277526,"-4,8,5,9",U1000 Junior-Quarters
229874,1182631,"7,6,6",U1000 Junior-Quarters
272217,1177173,"7,6,3",U1000 Junior-Semis
273218,229874,"16,10,-6,10",U1000 Junior-Semis
272217,273218,"-10,6,10,7",U1000 Junior-Finals
86641,5935,"4,8,5",30 & Over Women's Singles-Quarters
999067,274903,"7,6,10",30 & Over Women's Singles-Quarters
95786,86641,"-3,6,4,-7,11",30 & Over Women's Singles-Semis
276734,999067,"-10,7,5,7",30 & Over Women's Singles-Semis
95786,276734,"9,-12,6,9",30 & Over Women's Singles-Finals
1170851,1172337,"9,7,-7,-10,7",U1600 Adult-Prelims
1177472,220752,"6,6,8",U1600 Adult-Prelims
1178675,217579,"6,-9,9,7",U1600 Adult-Prelims
272983,93945,"7,-8,7,-7,5",U1600 Adult-Prelims
270494,270905,"6,8,9",U1600 Adult-Prelims
1170851,80356,"10,-4,-8,12,5",U1600 Adult-Prelims
1177472,1122133,"5,6,-9,6",U1600 Adult-Prelims
272983,80950,"5,6,-3,8",U1600 Adult-Prelims
62488,43623,"-9,1,9,9",U1600 Adult-Prelims
85933,274741,"4,-8,9,5",U1600 Adult-Prelims
1173546,270494,"7,11,5",U1600 Adult-Prelims
1170851,1172570,"8,5,-7,7",U1600 Adult-Quarters
1177472,1178675,"7,8,-5,8",U1600 Adult-Quarters
272983,62488,"9,8,-8,9",U1600 Adult-Quarters
1173546,85933,"9,6,5",U1600 Adult-Quarters
1177472,1170851,"6,3,-10,8",U1600 Adult-Semis
1173546,272983,"7,-3,8,-6,8",U1600 Adult-Semis
1177472,1173546,"11,3,10",U1600 Adult-Finals
273034,275098,"5,-8,7,-10,7",U1600 Junior-Prelims
275086,272218,"7,9,5",U1600 Junior-Prelims
1179255,275877,"-9,8,4,10",U1600 Junior-Prelims
276191,273034,"-5,4,4,-7,5",U1600 Junior-Prelims
1177584,1175666,"6,7,4",U1600 Junior-Prelims
271042,281309,"-9,7,6,3",U1600 Junior-Prelims
1173129,1173545,"9,8,-9,-8,5",U1600 Junior-Prelims
272217,275086,"8,6,7",U1600 Junior-Prelims
271147,1172724,"9,10,9",U1600 Junior-Prelims
250080,273517,"8,10,12",U1600 Junior-Prelims
1179255,270749,"4,9,-9,-7,2",U1600 Junior-Prelims
276191,1177584,"8,5,7",U1600 Junior-Quarters
271042,1173129,"4,9,6",U1600 Junior-Quarters
272217,271147,"-9,-4,8,10,9",U1600 Junior-Quarters
250080,1179255,"4,6,4",U1600 Junior-Quarters
276191,271042,"9,-7,8,-9,5",U1600 Junior-Semis
272217,250080,"-9,-8,10,13,8",U1600 Junior-Semis
272217,276191,"-10,2,10,7",U1600 Junior-Finals
