Winner,Loser,Scores,Event
84904,10533,"4,5,5",Hsing Family Men's Singles
84904,213810,"5,8,6",Hsing Family Men's Singles
84904,218559,"8,2,8",Hsing Family Men's Singles
10533,213810,"6,7,4",Hsing Family Men's Singles
10533,218559,"4,10,7",Hsing Family Men's Singles
213810,218559,"3,3,3",Hsing Family Men's Singles
84326,64766,"3,8,8",Hsing Family Men's Singles
84326,264662,"3,2,5",Hsing Family Men's Singles
84326,1175703,"3,5,4",Hsing Family Men's Singles
64766,1175703,"5,2,3",Hsing Family Men's Singles
264662,1175703,"5,4,9",Hsing Family Men's Singles
85814,216241,"6,8,7",Hsing Family Men's Singles
85814,264276,"7,8,7",Hsing Family Men's Singles
85814,270832,"1,2,7",Hsing Family Men's Singles
216241,264276,"7,7,-4,-5,11",Hsing Family Men's Singles
216241,270832,"2,5,4",Hsing Family Men's Singles
264276,270832,"4,4,5",Hsing Family Men's Singles
86560,94469,"3,5,-6,3",Hsing Family Men's Singles
86560,90630,"5,7,6",Hsing Family Men's Singles
94469,90630,"8,11,6",Hsing Family Men's Singles
94609,262852,"2,7,4",Hsing Family Men's Singles
94609,211614,"4,4,3",Hsing Family Men's Singles
94609,1168383,"3,3,1",Hsing Family Men's Singles
262852,211614,"-7,11,8,7",Hsing Family Men's Singles
262852,1168383,"5,4,6",Hsing Family Men's Singles
211614,1168383,"5,4,1",Hsing Family Men's Singles
84903,91765,"8,1,8",Hsing Family Men's Singles
84903,273520,"5,1,2",Hsing Family Men's Singles
91765,273520,"2,1,4",Hsing Family Men's Singles
98262,27825,"-9,1,9,3",Hsing Family Men's Singles
98262,84087,"2,6,7",Hsing Family Men's Singles
98262,1166536,"5,2,9",Hsing Family Men's Singles
27825,84087,"4,-8,-10,10,11",Hsing Family Men's Singles
27825,1166536,"7,5,6",Hsing Family Men's Singles
84087,1166536,"7,5,2",Hsing Family Men's Singles
91031,219405,"5,-9,3,7",Hsing Family Men's Singles
91031,82535,"5,3,2",Hsing Family Men's Singles
91031,223040,"4,9,3",Hsing Family Men's Singles
219405,82535,"5,-9,9,-9,5",Hsing Family Men's Singles
219405,223040,"6,9,8",Hsing Family Men's Singles
82535,223040,"3,3,6",Hsing Family Men's Singles
77033,10437,"5,2,9",Hsing Family Men's Singles
77033,230483,"4,3,8",Hsing Family Men's Singles
77033,222685,"1,1,3",Hsing Family Men's Singles
10437,230483,"9,9,2",Hsing Family Men's Singles
10437,222685,"3,4,4",Hsing Family Men's Singles
230483,222685,"6,3,6",Hsing Family Men's Singles
72387,1157612,"3,10,5",Hsing Family Men's Singles
72387,1164236,"6,9,1",Hsing Family Men's Singles
72387,265685,"1,3,2",Hsing Family Men's Singles
1157612,1164236,"-4,4,8,6",Hsing Family Men's Singles
1157612,265685,"1,4,7",Hsing Family Men's Singles
1164236,265685,"5,7,4",Hsing Family Men's Singles
89837,92213,"-6,13,5,5",Hsing Family Men's Singles
89837,87979,"7,3,10",Hsing Family Men's Singles
89837,220851,"3,4,5",Hsing Family Men's Singles
92213,87979,"8,4,-8,2",Hsing Family Men's Singles
92213,220851,"5,5,2",Hsing Family Men's Singles
87979,220851,"4,6,5",Hsing Family Men's Singles
211982,1177907,"7,7,4",Hsing Family Men's Singles
211982,264093,"3,7,4",Hsing Family Men's Singles
211982,271961,"9,7,6",Hsing Family Men's Singles
1177907,264093,"4,3,8",Hsing Family Men's Singles
1177907,271961,"2,0,3",Hsing Family Men's Singles
264093,271961,"2,3,7",Hsing Family Men's Singles
222276,85572,"8,8,3",Hsing Family Men's Singles
222276,216062,"3,4,1",Hsing Family Men's Singles
85572,216062,"5,4,8",Hsing Family Men's Singles
97890,95284,"3,-9,7,7",Hsing Family Men's Singles
97890,272482,"1,7,3",Hsing Family Men's Singles
97890,84211,"5,4,3",Hsing Family Men's Singles
95284,272482,"-6,6,7,4",Hsing Family Men's Singles
95284,84211,"7,7,1",Hsing Family Men's Singles
272482,84211,"3,8,9",Hsing Family Men's Singles
95314,12948,"3,6,5",Hsing Family Men's Singles
95314,214764,"7,8,2",Hsing Family Men's Singles
95314,219809,"3,6,4",Hsing Family Men's Singles
214764,12948,"7,-11,3,9",Hsing Family Men's Singles
12948,219809,"7,5,5",Hsing Family Men's Singles
214764,219809,"3,5,2",Hsing Family Men's Singles
82768,86553,"9,4,4",Hsing Family Men's Singles
82768,1172851,"7,5,5",Hsing Family Men's Singles
82768,72061,"2,3,6",Hsing Family Men's Singles
86553,1172851,"4,5,9",Hsing Family Men's Singles
86553,72061,"3,4,5",Hsing Family Men's Singles
1172851,72061,"10,3,6",Hsing Family Men's Singles
59922,90352,"6,7,-9,6",Hsing Family Men's Singles
59922,74880,"6,7,5",Hsing Family Men's Singles
59922,196592,"5,5,7",Hsing Family Men's Singles
90352,74880,"12,-10,9,4",Hsing Family Men's Singles
90352,196592,"8,2,9",Hsing Family Men's Singles
74880,196592,"3,2,3",Hsing Family Men's Singles
82782,212806,"9,5,9",Hsing Family Men's Singles
82782,85490,"6,3,7",Hsing Family Men's Singles
82782,1175389,"3,5,5",Hsing Family Men's Singles
212806,85490,"8,-9,6,-5,5",Hsing Family Men's Singles
212806,1175389,"3,3,8",Hsing Family Men's Singles
85490,1175389,"3,6,6",Hsing Family Men's Singles
203212,98266,"-4,-5,9,9,6",Hsing Family Men's Singles
203212,83686,"-8,4,-7,3,5",Hsing Family Men's Singles
203212,270105,"6,3,3",Hsing Family Men's Singles
98266,83686,"8,9,8",Hsing Family Men's Singles
98266,270105,"4,1,4",Hsing Family Men's Singles
83686,270105,"3,7,3",Hsing Family Men's Singles
91906,34825,"9,6,9",Hsing Family Men's Singles
91906,35094,"7,7,7",Hsing Family Men's Singles
91906,28804,"2,7,7",Hsing Family Men's Singles
34825,35094,"5,9,6",Hsing Family Men's Singles
34825,28804,"8,7,12",Hsing Family Men's Singles
211736,91747,"5,-8,7,6",Hsing Family Men's Singles
211736,2316,"3,3,9",Hsing Family Men's Singles
211736,270389,"7,-8,7,9",Hsing Family Men's Singles
91747,2316,"9,-9,7,6",Hsing Family Men's Singles
91747,270389,"5,8,8",Hsing Family Men's Singles
2316,270389,"-6,8,7,7",Hsing Family Men's Singles
928116,93102,"4,-7,5,10",Hsing Family Men's Singles
928116,73450,"7,9,6",Hsing Family Men's Singles
928116,95450,"3,5,7",Hsing Family Men's Singles
73450,93102,"9,-9,8,12",Hsing Family Men's Singles
93102,95450,"6,4,7",Hsing Family Men's Singles
73450,95450,"5,5,8",Hsing Family Men's Singles
93758,217130,"9,6,6",Hsing Family Men's Singles
93758,91169,"5,6,2",Hsing Family Men's Singles
217130,91169,"8,5,5",Hsing Family Men's Singles
221774,202754,"-14,8,7,5",Hsing Family Men's Singles
202754,216131,"5,9,8",Hsing Family Men's Singles
202754,267299,"7,5,7",Hsing Family Men's Singles
221774,216131,"8,-6,7,-6,9",Hsing Family Men's Singles
221774,267299,"5,6,5",Hsing Family Men's Singles
202363,92628,"8,5,2",Hsing Family Men's Singles
202363,2655,"6,3,3",Hsing Family Men's Singles
202363,271451,"7,10,3",Hsing Family Men's Singles
92628,2655,"6,4,3",Hsing Family Men's Singles
92628,271451,"1,5,2",Hsing Family Men's Singles
2655,271451,"8,6,7",Hsing Family Men's Singles
91757,93106,"9,8,-9,9",Hsing Family Men's Singles
91757,76326,"-8,3,7,3",Hsing Family Men's Singles
93106,76326,"-6,7,6,6",Hsing Family Men's Singles
81774,84252,"7,4,3",Hsing Family Men's Singles
81774,221912,"4,3,4",Hsing Family Men's Singles
84252,221912,"4,4,4",Hsing Family Men's Singles
220808,98301,"8,8,10",Hsing Family Men's Singles
220808,214419,"6,7,9",Hsing Family Men's Singles
220808,97671,"6,8,5",Hsing Family Men's Singles
98301,214419,"12,4,8",Hsing Family Men's Singles
98301,97671,"8,3,5",Hsing Family Men's Singles
214419,97671,"5,7,10",Hsing Family Men's Singles
202990,214915,"-8,4,7,6",Hsing Family Men's Singles
202990,1171480,"6,6,6",Hsing Family Men's Singles
202990,86586,"6,3,8",Hsing Family Men's Singles
214915,1171480,"7,-12,8,-8,7",Hsing Family Men's Singles
214915,86586,"-9,9,8,9",Hsing Family Men's Singles
1171480,86586,"-9,7,6,9",Hsing Family Men's Singles
91756,96820,"10,8,3",Hsing Family Men's Singles
91756,219486,"7,4,4",Hsing Family Men's Singles
91756,274463,"5,4,2",Hsing Family Men's Singles
96820,219486,"8,8,-7,-8,8",Hsing Family Men's Singles
96820,274463,"11,8,8",Hsing Family Men's Singles
219486,274463,"4,7,5",Hsing Family Men's Singles
203271,215307,"2,-7,11,-9,7",Hsing Family Men's Singles
203271,1178802,"6,6,4",Hsing Family Men's Singles
203271,1164157,"1,6,6",Hsing Family Men's Singles
215307,1178802,"3,6,6",Hsing Family Men's Singles
215307,1164157,"4,9,5",Hsing Family Men's Singles
1178802,1164157,"3,8,7",Hsing Family Men's Singles
23538,5185,"8,-9,9,7",Hsing Family Men's Singles
23538,415,"4,4,4",Hsing Family Men's Singles
5185,415,"9,8,6",Hsing Family Men's Singles
32497,55220,"8,10,-3,8",Hsing Family Men's Singles
32497,1170609,"2,6,11",Hsing Family Men's Singles
32497,220984,"5,3,4",Hsing Family Men's Singles
55220,1170609,"7,5,3",Hsing Family Men's Singles
55220,220984,"4,3,9",Hsing Family Men's Singles
1170609,220984,"-5,8,-6,6,8",Hsing Family Men's Singles
197388,8357,"9,8,8",Hsing Family Men's Singles
8357,217073,"9,-9,3,8",Hsing Family Men's Singles
8357,91339,"5,13,6",Hsing Family Men's Singles
197388,217073,"9,9,-8,3",Hsing Family Men's Singles
197388,91339,"3,8,-8,6",Hsing Family Men's Singles
217073,91339,"-9,7,9,-8,8",Hsing Family Men's Singles
95558,211738,"4,4,2",Hsing Family Men's Singles
95558,203151,"-8,5,8,4",Hsing Family Men's Singles
211738,203151,"12,6,-8,5",Hsing Family Men's Singles
202343,82025,"6,7,3",Hsing Family Men's Singles
202343,202548,"4,4,4",Hsing Family Men's Singles
202343,267363,"7,8,8",Hsing Family Men's Singles
82025,202548,"11,4,8",Hsing Family Men's Singles
82025,267363,"8,8,-9,6",Hsing Family Men's Singles
267363,202548,"-9,8,5,7",Hsing Family Men's Singles
91905,211679,"9,5,7",Hsing Family Men's Singles
211679,94602,"10,4,4",Hsing Family Men's Singles
211679,229635,"7,1,5",Hsing Family Men's Singles
91905,94602,"2,4,3",Hsing Family Men's Singles
91905,229635,"7,4,2",Hsing Family Men's Singles
94602,229635,"-6,-9,7,8,8",Hsing Family Men's Singles
97329,202029,"-8,-8,8,8,8",Hsing Family Men's Singles
97329,92451,"2,1,4",Hsing Family Men's Singles
97329,95193,"9,1,6",Hsing Family Men's Singles
202029,92451,"1,3,3",Hsing Family Men's Singles
202029,95193,"1,2,4",Hsing Family Men's Singles
95193,92451,"1,7,12",Hsing Family Men's Singles
215306,95668,"6,5,10",Hsing Family Men's Singles
215306,87690,"5,4,2",Hsing Family Men's Singles
215306,77202,"2,0,3",Hsing Family Men's Singles
95668,87690,"1,5,4",Hsing Family Men's Singles
95668,77202,"6,5,1",Hsing Family Men's Singles
87690,77202,"7,6,7",Hsing Family Men's Singles
82211,92553,"9,3,-11,7",Hsing Family Men's Singles
82211,229498,"4,3,4",Hsing Family Men's Singles
92553,229498,"6,10,6",Hsing Family Men's Singles
76235,219210,"7,6,4",Hsing Family Women's Singles
76235,217446,"3,7,6",Hsing Family Women's Singles
219210,217446,"4,6,6",Hsing Family Women's Singles
82232,222971,"8,-10,10,7",Hsing Family Women's Singles
82232,223797,"2,4,4",Hsing Family Women's Singles
82232,1177293,"3,3,3",Hsing Family Women's Singles
222971,223797,"6,10,2",Hsing Family Women's Singles
222971,1177293,"3,2,5",Hsing Family Women's Singles
94880,221340,"6,10,7",Hsing Family Women's Singles
94880,1131655,"4,4,6",Hsing Family Women's Singles
94880,276077,"3,2,1",Hsing Family Women's Singles
221340,1131655,"-8,-8,7,9,8",Hsing Family Women's Singles
221340,276077,"3,2,1",Hsing Family Women's Singles
1131655,276077,"2,5,4",Hsing Family Women's Singles
91154,203187,"9,11,7",Hsing Family Women's Singles
91154,215165,"5,9,0",Hsing Family Women's Singles
91154,89540,"4,5,2",Hsing Family Women's Singles
203187,215165,"-8,-8,6,4,5",Hsing Family Women's Singles
203187,89540,"6,4,3",Hsing Family Women's Singles
215165,89540,"0,0,2",Hsing Family Women's Singles
84582,92550,"2,9,9",Hsing Family Women's Singles
84582,219686,"4,9,-9,10",Hsing Family Women's Singles
84582,1151105,"4,4,4",Hsing Family Women's Singles
92550,219686,"-10,7,-11,13,4",Hsing Family Women's Singles
92550,1151105,"4,4,1",Hsing Family Women's Singles
219686,1151105,"4,1,4",Hsing Family Women's Singles
89217,220298,"-9,3,-11,7,4",Hsing Family Women's Singles
89217,1172448,"7,7,6",Hsing Family Women's Singles
89217,1170842,"4,7,9",Hsing Family Women's Singles
220298,1172448,"6,6,5",Hsing Family Women's Singles
220298,1170842,"5,2,10",Hsing Family Women's Singles
1172448,1170842,"-6,9,7,15",Hsing Family Women's Singles
87830,217532,"9,8,7",Hsing Family Women's Singles
87830,35087,"5,5,5",Hsing Family Women's Singles
87830,202987,"5,5,2",Hsing Family Women's Singles
217532,35087,"7,6,8",Hsing Family Women's Singles
217532,202987,"4,8,6",Hsing Family Women's Singles
35087,202987,"4,4,6",Hsing Family Women's Singles
212153,96513,"7,7,6",Hsing Family Women's Singles
212153,1157628,"3,10,8",Hsing Family Women's Singles
212153,264013,"2,6,3",Hsing Family Women's Singles
96513,1157628,"2,6,4",Hsing Family Women's Singles
96513,264013,"9,3,6",Hsing Family Women's Singles
264013,1157628,"-9,8,7,-10,8",Hsing Family Women's Singles
202992,96726,"4,6,3",Hsing Family Women's Singles
202992,95295,"2,9,7",Hsing Family Women's Singles
202992,1171469,"5,8,-9,-6,7",Hsing Family Women's Singles
95295,96726,"5,-7,8,-9,4",Hsing Family Women's Singles
96726,1171469,"6,5,8",Hsing Family Women's Singles
95295,1171469,"5,3,4",Hsing Family Women's Singles
213603,218837,"10,10,11",Hsing Family Women's Singles
213603,94680,"8,6,-12,6",Hsing Family Women's Singles
213603,1170878,"7,-9,8,5",Hsing Family Women's Singles
218837,94680,"8,-6,-8,9,11",Hsing Family Women's Singles
218837,1170878,"-7,8,9,5",Hsing Family Women's Singles
1170878,94680,"7,-8,7,9",Hsing Family Women's Singles
98155,224135,"2,6,4",Hsing Family Women's Singles
76235,96508,"7,7,7",Hsing Family U21 Women Singles
76235,203187,"-9,-7,7,4,7",Hsing Family U21 Women Singles
203187,96508,"8,9,-8,10",Hsing Family U21 Women Singles
82232,92550,"9,-6,9,-8,6",Hsing Family U21 Women Singles
82232,211608,"7,6,9",Hsing Family U21 Women Singles
82232,1180072,"7,1,4",Hsing Family U21 Women Singles
92550,211608,"12,9,-9,4",Hsing Family U21 Women Singles
92550,1180072,"2,1,6",Hsing Family U21 Women Singles
211608,1180072,"4,2,1",Hsing Family U21 Women Singles
94880,217446,"8,10,7",Hsing Family U21 Women Singles
94880,272563,"5,3,4",Hsing Family U21 Women Singles
217446,272563,"3,7,4",Hsing Family U21 Women Singles
91154,220298,"6,-6,6,6",Hsing Family U21 Women Singles
91154,1131655,"9,2,8",Hsing Family U21 Women Singles
91154,1132458,"2,1,2",Hsing Family U21 Women Singles
220298,1131655,"7,2,-6,-7,9",Hsing Family U21 Women Singles
220298,1132458,"6,8,6",Hsing Family U21 Women Singles
1131655,1132458,"6,7,8",Hsing Family U21 Women Singles
89217,96726,"-9,7,14,6",Hsing Family U21 Women Singles
89217,215165,"8,9,6",Hsing Family U21 Women Singles
89217,1167748,"6,7,5",Hsing Family U21 Women Singles
96726,215165,"4,-7,3,-7,9",Hsing Family U21 Women Singles
96726,1167748,"5,10,4",Hsing Family U21 Women Singles
87830,96618,"2,3,10",Hsing Family U21 Women Singles
87830,276405,"2,2,2",Hsing Family U21 Women Singles
222971,96618,"-7,9,7,8",Hsing Family U21 Women Singles
96618,276405,"4,1,2",Hsing Family U21 Women Singles
222763,94580,"5,6,4",Hsing Family U21 Women Singles
202992,224135,"7,8,6",Hsing Family U21 Women Singles
202992,1170878,"3,2,5",Hsing Family U21 Women Singles
224135,1170878,"-7,-8,6,11,6",Hsing Family U21 Women Singles
96633,218837,"-10,8,4,-6,7",Hsing Family U21 Women Singles
96633,272586,"5,6,7",Hsing Family U21 Women Singles
96633,202987,"9,4,5",Hsing Family U21 Women Singles
272586,218837,"3,6,7",Hsing Family U21 Women Singles
218837,202987,"6,3,6",Hsing Family U21 Women Singles
272586,202987,"5,7,4",Hsing Family U21 Women Singles
98155,95295,"4,9,9",Hsing Family U21 Women Singles
98155,264013,"8,6,3",Hsing Family U21 Women Singles
270083,196123,"2,7,3",Hsing Family U21 Women Singles
84904,1165422,"7,6,4",U19 Boys' Singles - TRIALS P2
84904,262852,"8,6,8",U19 Boys' Singles - TRIALS P2
1165422,262852,"8,-6,9,8",U19 Boys' Singles - TRIALS P2
84903,91909,"7,7,8",U19 Boys' Singles - TRIALS P2
84903,216241,"5,7,9",U19 Boys' Singles - TRIALS P2
216241,91909,"7,9,6",U19 Boys' Singles - TRIALS P2
98262,222276,"-7,-7,1,6,7",U19 Boys' Singles - TRIALS P2
98262,213810,"7,2,7",U19 Boys' Singles - TRIALS P2
98262,1151106,"2,6,10",U19 Boys' Singles - TRIALS P2
222276,213810,"-9,2,7,6",U19 Boys' Singles - TRIALS P2
222276,1151106,"7,8,-9,3",U19 Boys' Singles - TRIALS P2
213810,1151106,"12,-9,-6,11,11",U19 Boys' Singles - TRIALS P2
91031,1171292,"2,5,-9,8",U19 Boys' Singles - TRIALS P2
91031,264276,"9,1,5",U19 Boys' Singles - TRIALS P2
91031,273762,"1,2,3",U19 Boys' Singles - TRIALS P2
1171292,264276,"-8,6,-13,6,4",U19 Boys' Singles - TRIALS P2
1171292,273762,"5,2,4",U19 Boys' Singles - TRIALS P2
264276,273762,"5,8,6",U19 Boys' Singles - TRIALS P2
89837,223599,"6,4,6",U19 Boys' Singles - TRIALS P2
89837,1164236,"7,4,6",U19 Boys' Singles - TRIALS P2
89837,263946,"1,3,5",U19 Boys' Singles - TRIALS P2
1164236,223599,"6,6,-9,8",U19 Boys' Singles - TRIALS P2
223599,263946,"4,2,5",U19 Boys' Singles - TRIALS P2
1164236,263946,"5,3,2",U19 Boys' Singles - TRIALS P2
211982,95284,"4,7,7",U19 Boys' Singles - TRIALS P2
211982,264662,"7,7,4",U19 Boys' Singles - TRIALS P2
211982,219809,"2,5,6",U19 Boys' Singles - TRIALS P2
95284,264662,"10,6,1",U19 Boys' Singles - TRIALS P2
95284,219809,"1,4,6",U19 Boys' Singles - TRIALS P2
264662,219809,"7,3,5",U19 Boys' Singles - TRIALS P2
97890,98257,"5,3,9",U19 Boys' Singles - TRIALS P2
97890,218014,"7,6,6",U19 Boys' Singles - TRIALS P2
97890,218722,"4,6,5",U19 Boys' Singles - TRIALS P2
98257,218014,"7,5,9",U19 Boys' Singles - TRIALS P2
98257,218722,"5,9,5",U19 Boys' Singles - TRIALS P2
218014,218722,"6,7,5",U19 Boys' Singles - TRIALS P2
95314,94536,"7,8,6",U19 Boys' Singles - TRIALS P2
95314,217080,"3,9,5",U19 Boys' Singles - TRIALS P2
95314,95193,"5,-8,6,3",U19 Boys' Singles - TRIALS P2
217080,94536,"7,13,-7,7",U19 Boys' Singles - TRIALS P2
94536,95193,"-7,4,6,6",U19 Boys' Singles - TRIALS P2
217080,95193,"6,7,-9,4",U19 Boys' Singles - TRIALS P2
94523,218625,"7,4,9",U19 Boys' Singles - TRIALS P2
94523,211614,"5,7,7",U19 Boys' Singles - TRIALS P2
94523,271424,"1,3,5",U19 Boys' Singles - TRIALS P2
218625,211614,"9,-1,11,8",U19 Boys' Singles - TRIALS P2
218625,271424,"7,7,6",U19 Boys' Singles - TRIALS P2
211614,271424,"5,9,5",U19 Boys' Singles - TRIALS P2
91906,218461,"7,-7,7,7",U19 Boys' Singles - TRIALS P2
91906,231222,"9,-12,8,8",U19 Boys' Singles - TRIALS P2
91906,267299,"7,7,7",U19 Boys' Singles - TRIALS P2
218461,231222,"-8,5,7,8",U19 Boys' Singles - TRIALS P2
218461,267299,"8,5,4",U19 Boys' Singles - TRIALS P2
231222,267299,"7,-9,8,10",U19 Boys' Singles - TRIALS P2
928116,217130,"7,-7,6,4",U19 Boys' Singles - TRIALS P2
928116,270746,"3,3,6",U19 Boys' Singles - TRIALS P2
217130,270746,"2,4,9",U19 Boys' Singles - TRIALS P2
211736,1177907,"6,4,9",U19 Boys' Singles - TRIALS P2
211736,220297,"8,7,5",U19 Boys' Singles - TRIALS P2
211736,98192,"4,7,8",U19 Boys' Singles - TRIALS P2
1177907,220297,"9,5,2",U19 Boys' Singles - TRIALS P2
1177907,98192,"9,7,13",U19 Boys' Singles - TRIALS P2
220297,98192,"6,5,-8,8",U19 Boys' Singles - TRIALS P2
202754,219237,"5,8,-8,4",U19 Boys' Singles - TRIALS P2
202754,230483,"7,6,8",U19 Boys' Singles - TRIALS P2
202754,219958,"2,8,7",U19 Boys' Singles - TRIALS P2
219237,230483,"10,4,-5,3",U19 Boys' Singles - TRIALS P2
219237,219958,"-7,4,6,-7,10",U19 Boys' Singles - TRIALS P2
230483,219958,"3,5,7",U19 Boys' Singles - TRIALS P2
93758,92213,"11,6,6",U19 Boys' Singles - TRIALS P2
93758,270366,"-9,-7,4,3,6",U19 Boys' Singles - TRIALS P2
93758,268620,"4,3,8",U19 Boys' Singles - TRIALS P2
92213,270366,"2,1,-9,8",U19 Boys' Singles - TRIALS P2
92213,268620,"5,4,10",U19 Boys' Singles - TRIALS P2
270366,268620,"8,6,7",U19 Boys' Singles - TRIALS P2
91757,212806,"7,6,3",U19 Boys' Singles - TRIALS P2
91757,219347,"6,-9,6,7",U19 Boys' Singles - TRIALS P2
91757,91267,"5,5,8",U19 Boys' Singles - TRIALS P2
212806,219347,"-8,9,6,3",U19 Boys' Singles - TRIALS P2
212806,91267,"3,7,7",U19 Boys' Singles - TRIALS P2
91267,219347,"9,-10,7,9",U19 Boys' Singles - TRIALS P2
202363,98266,"8,9,9",U19 Boys' Singles - TRIALS P2
202363,271137,"6,5,6",U19 Boys' Singles - TRIALS P2
98266,271137,"6,0,1",U19 Boys' Singles - TRIALS P2
98253,220808,"-9,4,8,6",U19 Boys' Singles - TRIALS P2
220808,214764,"6,9,8",U19 Boys' Singles - TRIALS P2
220808,223150,"3,4,7",U19 Boys' Singles - TRIALS P2
98253,214764,"8,7,2",U19 Boys' Singles - TRIALS P2
98253,223150,"10,6,5",U19 Boys' Singles - TRIALS P2
214764,223150,"5,12,8",U19 Boys' Singles - TRIALS P2
202990,219405,"4,6,-9,1",U19 Boys' Singles - TRIALS P2
202990,271539,"7,6,5",U19 Boys' Singles - TRIALS P2
202990,222509,"5,7,6",U19 Boys' Singles - TRIALS P2
219405,271539,"-8,9,9,7",U19 Boys' Singles - TRIALS P2
219405,222509,"5,6,6",U19 Boys' Singles - TRIALS P2
222509,271539,"-4,9,-10,3,9",U19 Boys' Singles - TRIALS P2
91747,217235,"9,9,7",U19 Boys' Singles - TRIALS P2
217235,1157745,"5,-11,7,8",U19 Boys' Singles - TRIALS P2
217235,220237,"4,9,6",U19 Boys' Singles - TRIALS P2
91747,1157745,"8,-7,-9,8,9",U19 Boys' Singles - TRIALS P2
91747,220237,"4,12,-3,3",U19 Boys' Singles - TRIALS P2
1157745,220237,"4,-7,9,10",U19 Boys' Singles - TRIALS P2
91756,94028,"8,-9,-9,11,9",U19 Boys' Singles - TRIALS P2
91756,1178802,"2,3,7",U19 Boys' Singles - TRIALS P2
91756,275037,"5,4,4",U19 Boys' Singles - TRIALS P2
94028,1178802,"-7,7,5,8",U19 Boys' Singles - TRIALS P2
94028,275037,"-8,9,6,6",U19 Boys' Singles - TRIALS P2
1178802,275037,"8,7,9",U19 Boys' Singles - TRIALS P2
203271,221774,"4,9,9",U19 Boys' Singles - TRIALS P2
203271,1172851,"5,5,8",U19 Boys' Singles - TRIALS P2
203271,218524,"7,6,4",U19 Boys' Singles - TRIALS P2
221774,1172851,"2,5,4",U19 Boys' Singles - TRIALS P2
221774,218524,"5,10,6",U19 Boys' Singles - TRIALS P2
1172851,218524,"8,9,10",U19 Boys' Singles - TRIALS P2
95558,223375,"13,-5,9,5",U19 Boys' Singles - TRIALS P2
95558,219904,"5,6,1",U19 Boys' Singles - TRIALS P2
95558,220984,"9,5,2",U19 Boys' Singles - TRIALS P2
223375,219904,"8,9,6",U19 Boys' Singles - TRIALS P2
223375,220984,"8,12,6",U19 Boys' Singles - TRIALS P2
220984,219904,"7,9,-8,-4,3",U19 Boys' Singles - TRIALS P2
202343,220032,"6,-3,1,-8,6",U19 Boys' Singles - TRIALS P2
202343,264093,"2,7,7",U19 Boys' Singles - TRIALS P2
202343,229837,"8,-13,10,7",U19 Boys' Singles - TRIALS P2
220032,264093,"-5,-9,11,5,5",U19 Boys' Singles - TRIALS P2
220032,229837,"2,5,2",U19 Boys' Singles - TRIALS P2
229837,264093,"9,-7,9,5",U19 Boys' Singles - TRIALS P2
198566,96746,"6,9,-9,11",U19 Boys' Singles - TRIALS P2
96746,212177,"5,8,3",U19 Boys' Singles - TRIALS P2
198566,212177,"3,5,3",U19 Boys' Singles - TRIALS P2
211679,96820,"5,1,8",U19 Boys' Singles - TRIALS P2
211679,263284,"11,6,6",U19 Boys' Singles - TRIALS P2
211679,229714,"4,7,5",U19 Boys' Singles - TRIALS P2
96820,263284,"3,5,7",U19 Boys' Singles - TRIALS P2
229714,96820,"7,-4,3,6",U19 Boys' Singles - TRIALS P2
263284,229714,"7,7,-8,-6,7",U19 Boys' Singles - TRIALS P2
98301,95282,"-14,8,5,7",U19 Boys' Singles - TRIALS P2
95282,1170609,"3,9,6",U19 Boys' Singles - TRIALS P2
95282,270389,"5,9,7",U19 Boys' Singles - TRIALS P2
98301,1170609,"3,3,5",U19 Boys' Singles - TRIALS P2
98301,270389,"5,5,4",U19 Boys' Singles - TRIALS P2
270389,1170609,"-9,6,7,5",U19 Boys' Singles - TRIALS P2
215306,214915,"0,9,8",U19 Boys' Singles - TRIALS P2
215306,1172473,"2,5,4",U19 Boys' Singles - TRIALS P2
215306,1168516,"8,7,6",U19 Boys' Singles - TRIALS P2
1168516,214915,"11,10,8",U19 Boys' Singles - TRIALS P2
1168516,1172473,"7,10,7",U19 Boys' Singles - TRIALS P2
92553,215307,"10,6,10",U19 Boys' Singles - TRIALS P2
92553,1157583,"6,-8,6,9",U19 Boys' Singles - TRIALS P2
92553,202548,"7,7,7",U19 Boys' Singles - TRIALS P2
215307,1157583,"8,5,-7,6",U19 Boys' Singles - TRIALS P2
215307,202548,"8,5,4",U19 Boys' Singles - TRIALS P2
1157583,202548,"-8,6,-8,8,11",U19 Boys' Singles - TRIALS P2
202029,197388,"9,4,-6,-8,7",U19 Boys' Singles - TRIALS P2
202029,94602,"2,8,2",U19 Boys' Singles - TRIALS P2
202029,1171468,"1,3,3",U19 Boys' Singles - TRIALS P2
197388,94602,"9,9,9",U19 Boys' Singles - TRIALS P2
197388,1171468,"6,6,8",U19 Boys' Singles - TRIALS P2
1171468,94602,"11,9,10",U19 Boys' Singles - TRIALS P2
94880,1167527,"4,3,6",U19 Girls' Singles - TRIALS P2
94880,94680,"5,5,10",U19 Girls' Singles - TRIALS P2
94680,1167527,"-7,5,7,4",U19 Girls' Singles - TRIALS P2
91154,223797,"12,4,3",U19 Girls' Singles - TRIALS P2
224135,91154,"7,-4,8,6",U19 Girls' Singles - TRIALS P2
224135,223797,"4,6,-5,7",U19 Girls' Singles - TRIALS P2
89217,211608,"8,11,4",U19 Girls' Singles - TRIALS P2
89217,270083,"3,10,4",U19 Girls' Singles - TRIALS P2
211608,270083,"-8,4,7,-6,5",U19 Girls' Singles - TRIALS P2
212153,221729,"4,7,9",U19 Girls' Singles - TRIALS P2
212153,96618,"4,4,8",U19 Girls' Singles - TRIALS P2
212153,1171351,"7,5,7",U19 Girls' Singles - TRIALS P2
96618,221729,"8,-7,8,8",U19 Girls' Singles - TRIALS P2
221729,1171351,"11,9,6",U19 Girls' Singles - TRIALS P2
96618,1171351,"-7,5,5,7",U19 Girls' Singles - TRIALS P2
202992,1131655,"2,1,3",U19 Girls' Singles - TRIALS P2
202992,272586,"3,8,7",U19 Girls' Singles - TRIALS P2
202992,271599,"5,2,1",U19 Girls' Singles - TRIALS P2
1131655,272586,"5,9,5",U19 Girls' Singles - TRIALS P2
1131655,271599,"2,3,4",U19 Girls' Singles - TRIALS P2
272586,271599,"-7,4,3,3",U19 Girls' Singles - TRIALS P2
96633,1171128,"6,-7,6,-7,7",U19 Girls' Singles - TRIALS P2
96633,95295,"9,-8,10,12",U19 Girls' Singles - TRIALS P2
96633,279153,"-8,11,8,9",U19 Girls' Singles - TRIALS P2
95295,1171128,"8,8,6",U19 Girls' Singles - TRIALS P2
279153,1171128,"5,4,8",U19 Girls' Singles - TRIALS P2
95295,279153,"-4,8,9,8",U19 Girls' Singles - TRIALS P2
84828,224231,"-9,6,5,8",U19 Girls' Singles - TRIALS P2
84828,1171469,"8,7,8",U19 Girls' Singles - TRIALS P2
84828,1171867,"8,4,4",U19 Girls' Singles - TRIALS P2
224231,1171469,"4,7,8",U19 Girls' Singles - TRIALS P2
224231,1171867,"2,5,4",U19 Girls' Singles - TRIALS P2
1171867,1171469,"7,-7,9,-11,6",U19 Girls' Singles - TRIALS P2
213603,217446,"8,-6,7,7",U19 Girls' Singles - TRIALS P2
213603,1157628,"4,1,6",U19 Girls' Singles - TRIALS P2
213603,276405,"2,1,2",U19 Girls' Singles - TRIALS P2
217446,1157628,"5,8,6",U19 Girls' Singles - TRIALS P2
217446,276405,"1,4,2",U19 Girls' Singles - TRIALS P2
1157628,276405,"3,5,5",U19 Girls' Singles - TRIALS P2
230237,212114,"-5,-8,10,8,8",U19 Girls' Singles - TRIALS P2
212114,1170878,"8,6,-9,6",U19 Girls' Singles - TRIALS P2
212114,1175371,"3,6,6",U19 Girls' Singles - TRIALS P2
230237,1170878,"3,7,-8,7",U19 Girls' Singles - TRIALS P2
230237,1175371,"7,5,5",U19 Girls' Singles - TRIALS P2
1170878,1175371,"6,5,8",U19 Girls' Singles - TRIALS P2
230429,215165,"1,7,6",U19 Girls' Singles - TRIALS P2
230429,92549,"-9,8,8,5",U19 Girls' Singles - TRIALS P2
230429,1151105,"-8,4,8,4",U19 Girls' Singles - TRIALS P2
215165,92549,"4,8,3",U19 Girls' Singles - TRIALS P2
215165,1151105,"-9,8,8,5",U19 Girls' Singles - TRIALS P2
92549,1151105,"10,5,5",U19 Girls' Singles - TRIALS P2
98155,219210,"7,8,-5,9",U19 Girls' Singles - TRIALS P2
98155,196123,"5,6,7",U19 Girls' Singles - TRIALS P2
98155,1132458,"3,5,5",U19 Girls' Singles - TRIALS P2
219210,196123,"4,6,8",U19 Girls' Singles - TRIALS P2
219210,1132458,"5,5,3",U19 Girls' Singles - TRIALS P2
196123,1132458,"8,9,8",U19 Girls' Singles - TRIALS P2
221340,218837,"8,7,5",U19 Girls' Singles - TRIALS P2
218837,1169576,"-11,7,5,7",U19 Girls' Singles - TRIALS P2
218837,264013,"3,10,6",U19 Girls' Singles - TRIALS P2
221340,1169576,"7,6,0",U19 Girls' Singles - TRIALS P2
221340,264013,"2,9,8",U19 Girls' Singles - TRIALS P2
1169576,264013,"-8,6,6,9",U19 Girls' Singles - TRIALS P2
96726,96508,"2,-5,4,6",U19 Girls' Singles - TRIALS P2
1172448,96726,"-10,9,8,9",U19 Girls' Singles - TRIALS P2
96726,202987,"6,7,3",U19 Girls' Singles - TRIALS P2
96508,1172448,"5,9,11",U19 Girls' Singles - TRIALS P2
96508,202987,"3,3,5",U19 Girls' Singles - TRIALS P2
1172448,202987,"8,8,4",U19 Girls' Singles - TRIALS P2
96513,222815,"-6,6,4,4",U19 Girls' Singles - TRIALS P2
96513,267433,"9,3,7",U19 Girls' Singles - TRIALS P2
96513,271481,"-6,6,-9,4,1",U19 Girls' Singles - TRIALS P2
222815,267433,"5,-6,8,8",U19 Girls' Singles - TRIALS P2
222815,271481,"6,12,8",U19 Girls' Singles - TRIALS P2
267433,271481,"-8,7,1,9",U19 Girls' Singles - TRIALS P2
203187,217532,"-8,9,3,4",U19 Girls' Singles - TRIALS P2
217532,1170759,"2,9,-7,6",U19 Girls' Singles - TRIALS P2
217532,94580,"1,4,4",U19 Girls' Singles - TRIALS P2
203187,1170759,"3,7,4",U19 Girls' Singles - TRIALS P2
203187,94580,"8,4,1",U19 Girls' Singles - TRIALS P2
1170759,94580,"4,3,8",U19 Girls' Singles - TRIALS P2
220298,222763,"8,8,4",U19 Girls' Singles - TRIALS P2
220298,1172725,"9,7,7",U19 Girls' Singles - TRIALS P2
220298,216225,"5,0,4",U19 Girls' Singles - TRIALS P2
222763,1172725,"2,2,5",U19 Girls' Singles - TRIALS P2
222763,216225,"7,5,7",U19 Girls' Singles - TRIALS P2
216225,1172725,"10,-8,-6,4,7",U19 Girls' Singles - TRIALS P2
92550,222971,"5,-8,10,-7,6",U19 Girls' Singles - TRIALS P2
92550,272956,"3,6,-10,2",U19 Girls' Singles - TRIALS P2
92550,222909,"7,1,1",U19 Girls' Singles - TRIALS P2
222971,272956,"8,8,5",U19 Girls' Singles - TRIALS P2
222971,222909,"10,7,8",U19 Girls' Singles - TRIALS P2
272956,222909,"9,6,6",U19 Girls' Singles - TRIALS P2
211982,1164236,"3,7,5",U17 Boys' Singles
211982,220297,"3,-9,5,6",U17 Boys' Singles
1164236,220297,"4,-9,7,9",U17 Boys' Singles
94523,263284,"5,4,9",U17 Boys' Singles
94523,218713,"0,5,1",U17 Boys' Singles
263284,218713,"8,9,6",U17 Boys' Singles
928116,211614,"8,8,-7,6",U17 Boys' Singles
928116,219347,"7,4,13",U17 Boys' Singles
219347,211614,"7,6,8",U17 Boys' Singles
211736,221549,"6,5,3",U17 Boys' Singles
211736,1172851,"6,3,10",U17 Boys' Singles
221549,1172851,"4,8,5",U17 Boys' Singles
202754,264662,"4,7,7",U17 Boys' Singles
202754,217143,"-11,6,7,-4,4",U17 Boys' Singles
202754,1165565,"5,6,11",U17 Boys' Singles
217143,264662,"6,9,9",U17 Boys' Singles
264662,1165565,"6,-9,9,2",U17 Boys' Singles
217143,1165565,"9,6,11",U17 Boys' Singles
93758,264276,"4,4,5",U17 Boys' Singles
93758,219191,"4,4,11",U17 Boys' Singles
93758,1150978,"5,4,3",U17 Boys' Singles
219191,264276,"12,-11,9,3",U17 Boys' Singles
264276,1150978,"2,2,6",U17 Boys' Singles
219191,1150978,"4,4,5",U17 Boys' Singles
202363,230805,"9,6,-5,5",U17 Boys' Singles
202363,271539,"6,5,9",U17 Boys' Singles
202363,1175984,"3,5,6",U17 Boys' Singles
230805,271539,"9,4,5",U17 Boys' Singles
230805,1175984,"6,4,5",U17 Boys' Singles
271539,1175984,"7,2,4",U17 Boys' Singles
91757,216241,"1,5,7",U17 Boys' Singles
91757,256412,"6,5,7",U17 Boys' Singles
91757,1175139,"5,6,1",U17 Boys' Singles
216241,256412,"-7,4,8,8",U17 Boys' Singles
216241,1175139,"6,3,5",U17 Boys' Singles
256412,1175139,"5,9,5",U17 Boys' Singles
202990,1177907,"4,5,3",U17 Boys' Singles
202990,220128,"-10,4,2,4",U17 Boys' Singles
217235,1165422,"8,9,6",U17 Boys' Singles
217235,264093,"5,7,3",U17 Boys' Singles
217235,218722,"6,8,8",U17 Boys' Singles
1165422,264093,"5,6,5",U17 Boys' Singles
1165422,218722,"10,5,7",U17 Boys' Singles
264093,218722,"5,3,8",U17 Boys' Singles
94536,202548,"6,4,-10,6",U17 Boys' Singles
94536,270089,"6,6,-9,9",U17 Boys' Singles
202548,270089,"7,13,-8,6",U17 Boys' Singles
95558,262852,"3,12,7",U17 Boys' Singles
95558,256702,"9,11,3",U17 Boys' Singles
95558,268875,"6,5,4",U17 Boys' Singles
256702,262852,"-10,9,-10,4,10",U17 Boys' Singles
262852,268875,"6,4,5",U17 Boys' Singles
256702,268875,"4,6,6",U17 Boys' Singles
219405,270305,"7,9,1",U17 Boys' Singles
96746,222276,"7,7,7",U17 Boys' Singles
96746,271260,"7,5,4",U17 Boys' Singles
96746,1174545,"4,3,4",U17 Boys' Singles
222276,271260,"6,7,9",U17 Boys' Singles
222276,1174545,"6,-9,5,8",U17 Boys' Singles
271260,1174545,"10,11,7",U17 Boys' Singles
211679,264897,"2,6,5",U17 Boys' Singles
1132341,219237,"8,7,5",U17 Boys' Singles
1132341,270389,"7,5,4",U17 Boys' Singles
1132341,270915,"4,6,2",U17 Boys' Singles
219237,270389,"5,2,5",U17 Boys' Singles
219237,270915,"6,6,5",U17 Boys' Singles
270389,270915,"5,-8,15,9",U17 Boys' Singles
217865,1167521,"7,13,-7,6",U17 Boys' Singles
217865,1151106,"14,4,10",U17 Boys' Singles
1167521,1151106,"-4,7,10,4",U17 Boys' Singles
215306,1171292,"8,9,-9,1",U17 Boys' Singles
215306,1157745,"3,5,6",U17 Boys' Singles
215306,268620,"6,9,6",U17 Boys' Singles
1171292,1157745,"7,2,6",U17 Boys' Singles
1171292,268620,"4,7,7",U17 Boys' Singles
1157745,268620,"3,10,10",U17 Boys' Singles
202029,223599,"5,6,7",U17 Boys' Singles
202029,1168516,"4,4,5",U17 Boys' Singles
202029,1173259,"4,5,5",U17 Boys' Singles
223599,1168516,"5,-8,-10,4,9",U17 Boys' Singles
223599,1173259,"5,5,5",U17 Boys' Singles
1168516,1173259,"-5,6,6,6",U17 Boys' Singles
197388,92213,"5,7,5",U17 Boys' Singles
197388,269570,"3,7,11",U17 Boys' Singles
197388,91267,"5,7,8",U17 Boys' Singles
92213,269570,"5,5,4",U17 Boys' Singles
92213,91267,"7,7,8",U17 Boys' Singles
91267,269570,"8,9,7",U17 Boys' Singles
98266,263695,"8,6,7",U17 Boys' Singles
98266,229714,"11,4,2",U17 Boys' Singles
229714,263695,"7,5,4",U17 Boys' Singles
215307,212806,"-9,5,6,-9,11",U17 Boys' Singles
215307,265334,"5,5,9",U17 Boys' Singles
215307,1175417,"5,1,2",U17 Boys' Singles
212806,265334,"5,6,5",U17 Boys' Singles
212806,1175417,"2,3,5",U17 Boys' Singles
265334,1175417,"5,4,9",U17 Boys' Singles
217130,98301,"6,-7,-9,5,6",U17 Boys' Singles
98301,97451,"5,3,5",U17 Boys' Singles
98301,270390,"1,8,4",U17 Boys' Singles
217130,97451,"3,3,6",U17 Boys' Singles
217130,270390,"2,3,6",U17 Boys' Singles
270390,97451,"6,9,12",U17 Boys' Singles
198566,223375,"10,11,-5,3",U17 Boys' Singles
198566,1164602,"8,8,6",U17 Boys' Singles
198566,271137,"6,9,3",U17 Boys' Singles
223375,1164602,"7,6,12",U17 Boys' Singles
223375,271137,"11,6,4",U17 Boys' Singles
271137,1164602,"6,0,6",U17 Boys' Singles
94028,220032,"6,5,-9,8",U17 Boys' Singles
220032,223150,"6,7,7",U17 Boys' Singles
220032,222509,"7,4,9",U17 Boys' Singles
94028,223150,"5,4,-8,8",U17 Boys' Singles
94028,222509,"4,8,5",U17 Boys' Singles
222509,223150,"5,10,-6,6",U17 Boys' Singles
221774,98253,"5,-3,3,5",U17 Boys' Singles
221774,275037,"5,3,2",U17 Boys' Singles
221774,214471,"3,8,8",U17 Boys' Singles
98253,275037,"5,2,3",U17 Boys' Singles
98253,214471,"9,5,2",U17 Boys' Singles
275037,214471,"2,8,-9,-7,8",U17 Boys' Singles
212153,1171665,"6,6,4",U17 Girls' Singles
212153,1170759,"6,-11,6,5",U17 Girls' Singles
1170759,1171665,"-2,8,5,8",U17 Girls' Singles
202992,1167527,"1,5,3",U17 Girls' Singles
202992,267433,"5,5,6",U17 Girls' Singles
202992,279153,"8,-16,11,3",U17 Girls' Singles
1167527,267433,"6,11,4",U17 Girls' Singles
279153,1167527,"2,8,6",U17 Girls' Singles
279153,267433,"12,10,8",U17 Girls' Singles
96633,1131655,"7,5,9",U17 Girls' Singles
96633,1169576,"5,9,9",U17 Girls' Singles
96633,268526,"2,6,7",U17 Girls' Singles
1169576,1131655,"5,6,6",U17 Girls' Singles
268526,1131655,"6,9,1",U17 Girls' Singles
268526,1169576,"4,7,-9,-4,8",U17 Girls' Singles
96618,270083,"-7,7,7,9",U17 Girls' Singles
270083,276077,"1,3,2",U17 Girls' Singles
96618,276077,"5,4,3",U17 Girls' Singles
224135,276405,"4,2,2",U17 Girls' Singles
221729,97134,"9,11,6",U17 Girls' Singles
221729,1180072,"4,3,3",U17 Girls' Singles
97134,1180072,"2,3,5",U17 Girls' Singles
98155,1171128,"9,9,4",U17 Girls' Singles
98155,272586,"9,9,6",U17 Girls' Singles
272586,1171128,"-7,11,-9,7,9",U17 Girls' Singles
218837,211608,"6,-7,9,3",U17 Girls' Singles
1172448,218837,"6,5,9",U17 Girls' Singles
218837,1175371,"6,1,6",U17 Girls' Singles
211608,1172448,"6,3,8",U17 Girls' Singles
211608,1175371,"9,7,6",U17 Girls' Singles
1172448,1175371,"8,7,5",U17 Girls' Singles
220298,224231,"7,12,4",U17 Girls' Singles
220298,1170878,"5,5,4",U17 Girls' Singles
220298,275694,"7,5,7",U17 Girls' Singles
224231,1170878,"8,-8,10,0",U17 Girls' Singles
224231,275694,"5,5,2",U17 Girls' Singles
1170878,275694,"3,-7,6,8",U17 Girls' Singles
92550,230237,"-8,9,3,6",U17 Girls' Singles
92550,1171469,"8,9,3",U17 Girls' Singles
92550,270886,"6,4,3",U17 Girls' Singles
230237,1171469,"4,9,8",U17 Girls' Singles
230237,270886,"3,2,7",U17 Girls' Singles
1171469,270886,"5,-9,-4,6,7",U17 Girls' Singles
215165,222971,"-6,11,8,6",U17 Girls' Singles
222971,223243,"2,7,7",U17 Girls' Singles
222971,1132458,"4,5,4",U17 Girls' Singles
215165,223243,"4,7,4",U17 Girls' Singles
215165,1132458,"7,6,9",U17 Girls' Singles
1132458,223243,"6,7,-8,11",U17 Girls' Singles
217446,271481,"-8,9,10,6",U17 Girls' Singles
217446,222909,"5,2,-9,9",U17 Girls' Singles
222909,271481,"-6,7,6,12",U17 Girls' Singles
96508,269965,"8,3,5",U17 Girls' Singles
96508,216225,"5,8,9",U17 Girls' Singles
96508,94580,"9,2,3",U17 Girls' Singles
269965,216225,"6,3,-8,-7,3",U17 Girls' Singles
269965,94580,"4,5,7",U17 Girls' Singles
222815,219210,"-7,10,4,5",U17 Girls' Singles
222815,272956,"1,3,4",U17 Girls' Singles
222815,202987,"5,4,2",U17 Girls' Singles
219210,272956,"3,8,-9,8",U17 Girls' Singles
219210,202987,"6,3,4",U17 Girls' Singles
272956,202987,"7,11,9",U17 Girls' Singles
203187,221340,"3,4,5",U17 Girls' Singles
203187,219240,"5,9,5",U17 Girls' Singles
203187,1167748,"8,5,2",U17 Girls' Singles
221340,219240,"5,9,10",U17 Girls' Singles
221340,1167748,"4,6,9",U17 Girls' Singles
219240,1167748,"6,8,6",U17 Girls' Singles
97890,265334,"5,3,1",U15 Boys' Singles - TRIALS P2
97890,263695,"2,2,5",U15 Boys' Singles - TRIALS P2
265334,263695,"7,-11,5,6",U15 Boys' Singles - TRIALS P2
202754,268653,"4,7,10",U15 Boys' Singles - TRIALS P2
202754,271061,"8,5,4",U15 Boys' Singles - TRIALS P2
202754,276436,"1,2,7",U15 Boys' Singles - TRIALS P2
271061,268653,"-11,-3,5,7,10",U15 Boys' Singles - TRIALS P2
268653,276436,"4,3,2",U15 Boys' Singles - TRIALS P2
271061,276436,"1,4,2",U15 Boys' Singles - TRIALS P2
202990,269570,"10,3,3",U15 Boys' Singles - TRIALS P2
202990,223150,"2,9,7",U15 Boys' Singles - TRIALS P2
202990,1176556,"3,1,1",U15 Boys' Singles - TRIALS P2
223150,269570,"8,-9,7,11",U15 Boys' Singles - TRIALS P2
269570,1176556,"4,7,3",U15 Boys' Singles - TRIALS P2
223150,1176556,"5,3,5",U15 Boys' Singles - TRIALS P2
217235,218523,"7,3,3",U15 Boys' Singles - TRIALS P2
217235,1166449,"5,3,8",U15 Boys' Singles - TRIALS P2
217235,276634,"4,2,8",U15 Boys' Singles - TRIALS P2
1166449,218523,"2,4,6",U15 Boys' Singles - TRIALS P2
218523,276634,"5,4,3",U15 Boys' Singles - TRIALS P2
1166449,276634,"5,2,4",U15 Boys' Singles - TRIALS P2
203271,1168516,"5,7,9",U15 Boys' Singles - TRIALS P2
203271,275037,"5,7,8",U15 Boys' Singles - TRIALS P2
203271,1176555,"8,7,4",U15 Boys' Singles - TRIALS P2
1168516,275037,"7,-6,-10,8,9",U15 Boys' Singles - TRIALS P2
1168516,1176555,"7,7,4",U15 Boys' Singles - TRIALS P2
275037,1176555,"4,9,7",U15 Boys' Singles - TRIALS P2
217865,271489,"9,6,6",U15 Boys' Singles - TRIALS P2
217865,274466,"5,5,6",U15 Boys' Singles - TRIALS P2
271489,274466,"2,9,7",U15 Boys' Singles - TRIALS P2
202029,1178802,"9,4,7",U15 Boys' Singles - TRIALS P2
202029,229714,"4,2,-5,4",U15 Boys' Singles - TRIALS P2
202029,229747,"3,5,4",U15 Boys' Singles - TRIALS P2
1178802,229714,"11,11,-8,10",U15 Boys' Singles - TRIALS P2
1178802,229747,"8,5,-16,1",U15 Boys' Singles - TRIALS P2
229714,229747,"6,2,6",U15 Boys' Singles - TRIALS P2
198566,269745,"7,5,3",U15 Boys' Singles - TRIALS P2
198566,214471,"7,10,4",U15 Boys' Singles - TRIALS P2
198566,271149,"6,4,4",U15 Boys' Singles - TRIALS P2
269745,214471,"7,6,11",U15 Boys' Singles - TRIALS P2
269745,271149,"-7,-5,3,7,4",U15 Boys' Singles - TRIALS P2
214471,271149,"8,4,-9,-6,7",U15 Boys' Singles - TRIALS P2
220032,270911,"-8,4,7,5",U15 Boys' Singles - TRIALS P2
220032,271145,"8,4,8",U15 Boys' Singles - TRIALS P2
220032,1175517,"2,2,1",U15 Boys' Singles - TRIALS P2
270911,271145,"3,-10,5,6",U15 Boys' Singles - TRIALS P2
270911,1175517,"10,6,7",U15 Boys' Singles - TRIALS P2
271145,1175517,"3,3,4",U15 Boys' Singles - TRIALS P2
221774,1150977,"6,6,4",U15 Boys' Singles - TRIALS P2
221774,1173259,"4,7,7",U15 Boys' Singles - TRIALS P2
221774,270900,"6,1,4",U15 Boys' Singles - TRIALS P2
1150977,1173259,"8,9,-6,-8,6",U15 Boys' Singles - TRIALS P2
1150977,270900,"9,10,8",U15 Boys' Singles - TRIALS P2
1173259,270900,"-10,-7,7,5,6",U15 Boys' Singles - TRIALS P2
217130,264093,"8,9,9",U15 Boys' Singles - TRIALS P2
217130,271137,"9,4,4",U15 Boys' Singles - TRIALS P2
217130,266071,"4,7,7",U15 Boys' Singles - TRIALS P2
264093,271137,"5,-9,9,6",U15 Boys' Singles - TRIALS P2
264093,266071,"5,2,6",U15 Boys' Singles - TRIALS P2
271137,266071,"6,8,9",U15 Boys' Singles - TRIALS P2
212806,219888,"3,-7,3,-12,11",U15 Boys' Singles - TRIALS P2
212806,270390,"1,4,6",U15 Boys' Singles - TRIALS P2
212806,273762,"8,8,8",U15 Boys' Singles - TRIALS P2
219888,270390,"8,-12,-12,7,6",U15 Boys' Singles - TRIALS P2
219888,273762,"6,4,4",U15 Boys' Singles - TRIALS P2
270390,273762,"6,10,6",U15 Boys' Singles - TRIALS P2
1150995,219191,"9,-7,10,-9,8",U15 Boys' Singles - TRIALS P2
1150995,268620,"5,4,2",U15 Boys' Singles - TRIALS P2
1150995,1174318,"4,3,8",U15 Boys' Singles - TRIALS P2
219191,268620,"5,3,9",U15 Boys' Singles - TRIALS P2
219191,1174318,"4,5,5",U15 Boys' Singles - TRIALS P2
268620,1174318,"4,3,-10,4",U15 Boys' Singles - TRIALS P2
256702,223599,"9,-9,9,-6,7",U15 Boys' Singles - TRIALS P2
1171874,223599,"8,10,-6,6",U15 Boys' Singles - TRIALS P2
223599,266395,"2,5,7",U15 Boys' Singles - TRIALS P2
256702,1171874,"10,4,7",U15 Boys' Singles - TRIALS P2
256702,266395,"-6,5,8,-9,6",U15 Boys' Singles - TRIALS P2
266395,1171874,"6,9,-10,5",U15 Boys' Singles - TRIALS P2
222276,217143,"6,8,7",U15 Boys' Singles - TRIALS P2
222276,1175417,"5,-6,5,3",U15 Boys' Singles - TRIALS P2
222276,272224,"6,6,5",U15 Boys' Singles - TRIALS P2
217143,1175417,"6,7,5",U15 Boys' Singles - TRIALS P2
217143,272224,"3,3,6",U15 Boys' Singles - TRIALS P2
1175417,272224,"6,6,-4,9",U15 Boys' Singles - TRIALS P2
1167521,1165421,"-8,6,5,7",U15 Boys' Singles - TRIALS P2
1167521,277720,"7,1,3",U15 Boys' Singles - TRIALS P2
1167521,220128,"6,6,4",U15 Boys' Singles - TRIALS P2
1165421,277720,"4,3,1",U15 Boys' Singles - TRIALS P2
1165421,220128,"3,5,9",U15 Boys' Singles - TRIALS P2
277720,220128,"9,6,8",U15 Boys' Singles - TRIALS P2
219237,271274,"5,9,3",U15 Boys' Singles - TRIALS P2
219237,223040,"3,3,6",U15 Boys' Singles - TRIALS P2
219237,277187,"3,6,4",U15 Boys' Singles - TRIALS P2
271274,223040,"7,7,2",U15 Boys' Singles - TRIALS P2
271274,277187,"1,4,8",U15 Boys' Singles - TRIALS P2
223040,277187,"-4,6,6,-6,5",U15 Boys' Singles - TRIALS P2
223760,1157612,"9,-5,-7,9,8",U15 Boys' Singles - TRIALS P2
1157612,270746,"7,5,-9,6",U15 Boys' Singles - TRIALS P2
1157612,271424,"10,6,6",U15 Boys' Singles - TRIALS P2
223760,270746,"4,-8,2,3",U15 Boys' Singles - TRIALS P2
223760,271424,"3,6,7",U15 Boys' Singles - TRIALS P2
270746,271424,"8,8,10",U15 Boys' Singles - TRIALS P2
218625,1157745,"3,4,7",U15 Boys' Singles - TRIALS P2
218625,1174545,"1,6,7",U15 Boys' Singles - TRIALS P2
218625,1170374,"8,4,7",U15 Boys' Singles - TRIALS P2
1157745,1174545,"3,-6,9,8",U15 Boys' Singles - TRIALS P2
1157745,1170374,"6,8,7",U15 Boys' Singles - TRIALS P2
1174545,1170374,"6,4,9",U15 Boys' Singles - TRIALS P2
1177907,271539,"8,-10,6,8",U15 Boys' Singles - TRIALS P2
1177907,264897,"6,5,4",U15 Boys' Singles - TRIALS P2
1177907,1175702,"4,6,9",U15 Boys' Singles - TRIALS P2
271539,264897,"3,4,-9,4",U15 Boys' Singles - TRIALS P2
271539,1175702,"2,4,1",U15 Boys' Singles - TRIALS P2
264897,1175702,"6,12,2",U15 Boys' Singles - TRIALS P2
1171292,269693,"3,7,3",U15 Boys' Singles - TRIALS P2
1171292,270089,"8,-9,5,6",U15 Boys' Singles - TRIALS P2
1171292,219609,"3,9,4",U15 Boys' Singles - TRIALS P2
269693,270089,"5,5,-11,3",U15 Boys' Singles - TRIALS P2
269693,219609,"10,6,8",U15 Boys' Singles - TRIALS P2
219609,270089,"-8,8,-8,7,10",U15 Boys' Singles - TRIALS P2
1171728,263284,"3,4,-7,6",U15 Boys' Singles - TRIALS P2
1171728,229837,"-8,2,7,4",U15 Boys' Singles - TRIALS P2
1171728,270889,"7,8,8",U15 Boys' Singles - TRIALS P2
263284,229837,"-6,10,9,-9,6",U15 Boys' Singles - TRIALS P2
263284,270889,"8,7,10",U15 Boys' Singles - TRIALS P2
229837,270889,"6,7,7",U15 Boys' Singles - TRIALS P2
1165422,230483,"4,-8,10,6",U15 Boys' Singles - TRIALS P2
1165422,270305,"7,6,4",U15 Boys' Singles - TRIALS P2
1165422,1171225,"5,7,7",U15 Boys' Singles - TRIALS P2
230483,270305,"-8,10,2,9",U15 Boys' Singles - TRIALS P2
230483,1171225,"1,9,6",U15 Boys' Singles - TRIALS P2
270305,1171225,"10,2,5",U15 Boys' Singles - TRIALS P2
1164236,262852,"6,4,9",U15 Boys' Singles - TRIALS P2
262852,277758,"5,13,8",U15 Boys' Singles - TRIALS P2
262852,1175168,"-12,9,7,7",U15 Boys' Singles - TRIALS P2
1164236,277758,"7,6,-5,7",U15 Boys' Singles - TRIALS P2
1164236,1175168,"4,8,3",U15 Boys' Singles - TRIALS P2
277758,1175168,"-8,8,7,5",U15 Boys' Singles - TRIALS P2
216241,221549,"7,8,10",U15 Boys' Singles - TRIALS P2
216241,270915,"3,5,9",U15 Boys' Singles - TRIALS P2
216241,1175416,"6,-7,3,7",U15 Boys' Singles - TRIALS P2
221549,270915,"5,-9,5,8",U15 Boys' Singles - TRIALS P2
221549,1175416,"-5,9,4,6",U15 Boys' Singles - TRIALS P2
1175416,270915,"-7,9,6,9",U15 Boys' Singles - TRIALS P2
230805,218014,"-11,10,-8,7,8",U15 Boys' Singles - TRIALS P2
230805,270887,"6,6,5",U15 Boys' Singles - TRIALS P2
218014,270887,"-4,3,2,3",U15 Boys' Singles - TRIALS P2
218014,927185,"5,4,7",U15 Boys' Singles - TRIALS P2
223759,211614,"12,-8,-2,9,9",U15 Boys' Singles - TRIALS P2
223759,230779,"4,4,8",U15 Boys' Singles - TRIALS P2
223759,1170835,"3,7,4",U15 Boys' Singles - TRIALS P2
211614,230779,"6,7,8",U15 Boys' Singles - TRIALS P2
211614,1170835,"3,6,-10,2",U15 Boys' Singles - TRIALS P2
230779,1170835,"8,1,5",U15 Boys' Singles - TRIALS P2
264276,264662,"9,-7,7,9",U15 Boys' Singles - TRIALS P2
264276,268875,"11,7,7",U15 Boys' Singles - TRIALS P2
264276,224072,"8,7,4",U15 Boys' Singles - TRIALS P2
264662,268875,"4,8,9",U15 Boys' Singles - TRIALS P2
264662,224072,"6,7,9",U15 Boys' Singles - TRIALS P2
224072,268875,"7,5,8",U15 Boys' Singles - TRIALS P2
218649,270846,"5,5,4",U15 Girls' Singles - TRIALS P2
212114,1172725,"3,3,3",U15 Girls' Singles - TRIALS P2
212114,279153,"9,8,3",U15 Girls' Singles - TRIALS P2
279153,1172725,"8,6,6",U15 Girls' Singles - TRIALS P2
230429,1170878,"-8,9,1,5",U15 Girls' Singles - TRIALS P2
230429,1168381,"6,7,8",U15 Girls' Singles - TRIALS P2
230429,272825,"3,5,1",U15 Girls' Singles - TRIALS P2
1168381,1170878,"6,6,4",U15 Girls' Singles - TRIALS P2
1170878,272825,"2,5,4",U15 Girls' Singles - TRIALS P2
1168381,272825,"6,5,5",U15 Girls' Singles - TRIALS P2
217532,1172448,"7,8,3",U15 Girls' Singles - TRIALS P2
217532,223243,"5,5,9",U15 Girls' Singles - TRIALS P2
217532,223757,"3,5,2",U15 Girls' Singles - TRIALS P2
1172448,223243,"11,9,12",U15 Girls' Singles - TRIALS P2
1172448,223757,"2,4,-10,7",U15 Girls' Singles - TRIALS P2
223243,223757,"9,-3,4,-7,7",U15 Girls' Singles - TRIALS P2
220298,1171855,"7,5,-9,4",U15 Girls' Singles - TRIALS P2
220298,277188,"6,4,-6,4",U15 Girls' Singles - TRIALS P2
220298,276405,"6,1,2",U15 Girls' Singles - TRIALS P2
1171855,277188,"-6,6,8,4",U15 Girls' Singles - TRIALS P2
1171855,276405,"1,0,1",U15 Girls' Singles - TRIALS P2
277188,276405,"1,1,2",U15 Girls' Singles - TRIALS P2
222971,1169576,"8,5,4",U15 Girls' Singles - TRIALS P2
222971,1172655,"3,4,8",U15 Girls' Singles - TRIALS P2
222971,268979,"8,3,5",U15 Girls' Singles - TRIALS P2
1169576,1172655,"8,13,9",U15 Girls' Singles - TRIALS P2
1169576,268979,"-7,-9,7,4,4",U15 Girls' Singles - TRIALS P2
268979,1172655,"5,8,8",U15 Girls' Singles - TRIALS P2
222763,196123,"6,2,5",U15 Girls' Singles - TRIALS P2
222763,272956,"5,6,5",U15 Girls' Singles - TRIALS P2
222763,275694,"8,2,-9,-8,5",U15 Girls' Singles - TRIALS P2
272956,196123,"-9,7,10,9",U15 Girls' Singles - TRIALS P2
275694,196123,"-7,16,11,-7,9",U15 Girls' Singles - TRIALS P2
275694,272956,"7,8,-10,6",U15 Girls' Singles - TRIALS P2
1170759,222815,"8,12,-8,9",U15 Girls' Singles - TRIALS P2
222815,216225,"6,5,4",U15 Girls' Singles - TRIALS P2
1170759,216225,"1,5,6",U15 Girls' Singles - TRIALS P2
221340,272586,"-11,11,9,9",U15 Girls' Singles - TRIALS P2
221340,214975,"4,2,-7,6",U15 Girls' Singles - TRIALS P2
221340,1168382,"8,8,2",U15 Girls' Singles - TRIALS P2
272586,214975,"-5,9,9,12",U15 Girls' Singles - TRIALS P2
272586,1168382,"6,4,6",U15 Girls' Singles - TRIALS P2
214975,1168382,"7,7,-15,6",U15 Girls' Singles - TRIALS P2
269965,1157628,"7,3,7",U15 Girls' Singles - TRIALS P2
269965,271481,"-8,7,8,2",U15 Girls' Singles - TRIALS P2
269965,1171853,"5,6,4",U15 Girls' Singles - TRIALS P2
1157628,271481,"3,9,2",U15 Girls' Singles - TRIALS P2
1157628,1171853,"4,5,5",U15 Girls' Singles - TRIALS P2
1171853,271481,"-12,8,7,1",U15 Girls' Singles - TRIALS P2
219210,96618,"-9,8,6,3",U15 Girls' Singles - TRIALS P2
219210,264013,"7,2,-9,8",U15 Girls' Singles - TRIALS P2
219210,1173129,"9,7,2",U15 Girls' Singles - TRIALS P2
264013,96618,"5,9,-9,-8,7",U15 Girls' Singles - TRIALS P2
96618,1173129,"7,7,4",U15 Girls' Singles - TRIALS P2
264013,1173129,"8,7,-11,7",U15 Girls' Singles - TRIALS P2
1167527,215165,"-8,6,10,-5,10",U15 Girls' Singles - TRIALS P2
215165,269985,"5,8,4",U15 Girls' Singles - TRIALS P2
215165,1175371,"8,6,3",U15 Girls' Singles - TRIALS P2
1167527,269985,"-8,5,13,6",U15 Girls' Singles - TRIALS P2
1167527,1175371,"-9,6,5,6",U15 Girls' Singles - TRIALS P2
1175371,269985,"10,8,-7,10",U15 Girls' Singles - TRIALS P2
230237,270083,"6,8,9",U15 Girls' Singles - TRIALS P2
219240,230237,"14,4,-12,9",U15 Girls' Singles - TRIALS P2
219240,270083,"7,10,2",U15 Girls' Singles - TRIALS P2
270083,271599,"5,10,4",U15 Girls' Singles - TRIALS P2
224231,270886,"6,2,4",U15 Girls' Singles - TRIALS P2
224231,1171854,"8,4,10",U15 Girls' Singles - TRIALS P2
1171854,270886,"7,10,9",U15 Girls' Singles - TRIALS P2
1171128,267433,"-8,10,-8,9,7",U15 Girls' Singles - TRIALS P2
1171128,1167748,"4,4,2",U15 Girls' Singles - TRIALS P2
1171128,276077,"2,0,4",U15 Girls' Singles - TRIALS P2
267433,1167748,"7,4,4",U15 Girls' Singles - TRIALS P2
267433,276077,"5,4,10",U15 Girls' Singles - TRIALS P2
1167748,276077,"3,7,5",U15 Girls' Singles - TRIALS P2
224135,1132458,"2,-9,2,3",U15 Girls' Singles - TRIALS P2
224135,1165105,"2,2,4",U15 Girls' Singles - TRIALS P2
1132458,1165105,"4,5,7",U15 Girls' Singles - TRIALS P2
217865,270089,"7,8,4",U13 Boys' Singles - TRIALS P2
217865,268875,"1,3,2",U13 Boys' Singles - TRIALS P2
270089,268875,"7,11,-5,7",U13 Boys' Singles - TRIALS P2
1150995,270746,"10,6,6",U13 Boys' Singles - TRIALS P2
1150995,224072,"6,2,6",U13 Boys' Singles - TRIALS P2
224072,270746,"4,6,7",U13 Boys' Singles - TRIALS P2
223599,270915,"2,6,1",U13 Boys' Singles - TRIALS P2
223599,219609,"5,2,8",U13 Boys' Singles - TRIALS P2
223599,272442,"1,1,1",U13 Boys' Singles - TRIALS P2
270915,219609,"2,6,3",U13 Boys' Singles - TRIALS P2
270915,272442,"3,4,3",U13 Boys' Singles - TRIALS P2
219609,272442,"7,4,1",U13 Boys' Singles - TRIALS P2
1167521,270305,"4,7,-9,7",U13 Boys' Singles - TRIALS P2
1167521,1175168,"3,4,4",U13 Boys' Singles - TRIALS P2
1167521,271890,"3,0,5",U13 Boys' Singles - TRIALS P2
270305,1175168,"5,13,4",U13 Boys' Singles - TRIALS P2
270305,271890,"6,7,2",U13 Boys' Singles - TRIALS P2
1175168,271890,"5,6,6",U13 Boys' Singles - TRIALS P2
1157612,264897,"8,4,8",U13 Boys' Singles - TRIALS P2
1157612,1175416,"9,4,8",U13 Boys' Singles - TRIALS P2
1157612,279170,"9,-9,9,8",U13 Boys' Singles - TRIALS P2
264897,1175416,"0,-9,3,7",U13 Boys' Singles - TRIALS P2
279170,264897,"-10,9,8,9",U13 Boys' Singles - TRIALS P2
1175416,279170,"-8,10,6,9",U13 Boys' Singles - TRIALS P2
1171728,270887,"6,6,-7,-10,6",U13 Boys' Singles - TRIALS P2
1171728,1165615,"9,-13,-9,8,7",U13 Boys' Singles - TRIALS P2
1171728,1174811,"2,1,1",U13 Boys' Singles - TRIALS P2
270887,1165615,"-6,8,9,5",U13 Boys' Singles - TRIALS P2
270887,1174811,"2,2,4",U13 Boys' Singles - TRIALS P2
1165615,1174811,"8,3,2",U13 Boys' Singles - TRIALS P2
262852,1174545,"5,-4,9,6",U13 Boys' Singles - TRIALS P2
262852,1171107,"4,5,8",U13 Boys' Singles - TRIALS P2
262852,1178096,"5,3,3",U13 Boys' Singles - TRIALS P2
1174545,1171107,"7,9,-16,8",U13 Boys' Singles - TRIALS P2
1174545,1178096,"5,1,2",U13 Boys' Singles - TRIALS P2
1171107,1178096,"2,3,3",U13 Boys' Singles - TRIALS P2
223759,277720,"5,9,8",U13 Boys' Singles - TRIALS P2
223759,277460,"-7,7,7,3",U13 Boys' Singles - TRIALS P2
223759,1169799,"4,4,1",U13 Boys' Singles - TRIALS P2
277720,277460,"-8,6,7,-8,6",U13 Boys' Singles - TRIALS P2
277720,1169799,"6,8,4",U13 Boys' Singles - TRIALS P2
277460,1169799,"7,3,7",U13 Boys' Singles - TRIALS P2
264662,1175417,"-6,5,8,7",U13 Boys' Singles - TRIALS P2
264662,1170374,"8,4,5",U13 Boys' Singles - TRIALS P2
264662,1174369,"8,5,5",U13 Boys' Singles - TRIALS P2
1175417,1170374,"9,5,5",U13 Boys' Singles - TRIALS P2
1175417,1174369,"5,6,9",U13 Boys' Singles - TRIALS P2
1170374,1174369,"6,4,3",U13 Boys' Singles - TRIALS P2
221549,268620,"6,5,8",U13 Boys' Singles - TRIALS P2
221549,270889,"7,3,6",U13 Boys' Singles - TRIALS P2
221549,274466,"7,6,4",U13 Boys' Singles - TRIALS P2
270889,268620,"16,-7,1,3",U13 Boys' Singles - TRIALS P2
268620,274466,"9,4,11",U13 Boys' Singles - TRIALS P2
270889,274466,"6,3,5",U13 Boys' Singles - TRIALS P2
1165421,1173259,"5,7,-7,5",U13 Boys' Singles - TRIALS P2
1165421,277187,"2,7,4",U13 Boys' Singles - TRIALS P2
1165421,1176451,"2,3,7",U13 Boys' Singles - TRIALS P2
1173259,277187,"-12,7,9,3",U13 Boys' Singles - TRIALS P2
1173259,1176451,"5,3,5",U13 Boys' Singles - TRIALS P2
277187,1176451,"-3,7,3,10",U13 Boys' Singles - TRIALS P2
269693,274994,"7,7,-10,7",U13 Boys' Singles - TRIALS P2
269693,270900,"5,5,5",U13 Boys' Singles - TRIALS P2
269693,277242,"5,7,2",U13 Boys' Singles - TRIALS P2
274994,270900,"5,7,2",U13 Boys' Singles - TRIALS P2
274994,277242,"4,5,5",U13 Boys' Singles - TRIALS P2
270900,277242,"3,3,2",U13 Boys' Singles - TRIALS P2
219191,1171874,"10,7,10",U13 Boys' Singles - TRIALS P2
219191,1178109,"5,6,8",U13 Boys' Singles - TRIALS P2
219191,271876,"1,1,5",U13 Boys' Singles - TRIALS P2
1171874,1178109,"-9,8,2,-8,7",U13 Boys' Singles - TRIALS P2
1171874,271876,"4,4,8",U13 Boys' Singles - TRIALS P2
1178109,271876,"7,5,4",U13 Boys' Singles - TRIALS P2
265238,223760,"-8,8,7,5",U13 Boys' Singles - TRIALS P2
223760,273260,"1,5,3",U13 Boys' Singles - TRIALS P2
265238,273260,"8,4,1",U13 Boys' Singles - TRIALS P2
263284,271137,"8,2,7",U13 Boys' Singles - TRIALS P2
263284,272224,"-10,5,7,3",U13 Boys' Singles - TRIALS P2
263284,268857,"3,2,2",U13 Boys' Singles - TRIALS P2
271137,272224,"3,6,-3,4",U13 Boys' Singles - TRIALS P2
271137,268857,"4,3,8",U13 Boys' Singles - TRIALS P2
272224,268857,"8,-8,6,0",U13 Boys' Singles - TRIALS P2
1157745,271145,"-6,5,3,4",U13 Boys' Singles - TRIALS P2
1157745,266071,"4,4,6",U13 Boys' Singles - TRIALS P2
1157745,1177780,"7,5,10",U13 Boys' Singles - TRIALS P2
271145,266071,"3,4,3",U13 Boys' Singles - TRIALS P2
271145,1177780,"5,7,3",U13 Boys' Singles - TRIALS P2
266071,1177780,"12,9,6",U13 Boys' Singles - TRIALS P2
275037,256702,"8,7,8",U13 Boys' Singles - TRIALS P2
256702,271149,"6,12,7",U13 Boys' Singles - TRIALS P2
256702,271070,"6,9,1",U13 Boys' Singles - TRIALS P2
275037,271149,"4,6,-5,1",U13 Boys' Singles - TRIALS P2
275037,271070,"2,7,-8,3",U13 Boys' Singles - TRIALS P2
271149,271070,"6,5,8",U13 Boys' Singles - TRIALS P2
271274,263695,"5,6,9",U13 Boys' Singles - TRIALS P2
271274,1173127,"6,2,7",U13 Boys' Singles - TRIALS P2
271274,273517,"5,4,3",U13 Boys' Singles - TRIALS P2
263695,1173127,"9,-9,1,6",U13 Boys' Singles - TRIALS P2
263695,273517,"10,7,9",U13 Boys' Singles - TRIALS P2
1173127,273517,"8,8,10",U13 Boys' Singles - TRIALS P2
219888,268653,"3,12,12",U13 Boys' Singles - TRIALS P2
219888,1174318,"8,1,8",U13 Boys' Singles - TRIALS P2
219888,1179190,"6,1,8",U13 Boys' Singles - TRIALS P2
268653,1174318,"10,-8,8,11",U13 Boys' Singles - TRIALS P2
268653,1179190,"5,4,2",U13 Boys' Singles - TRIALS P2
1174318,1179190,"6,10,9",U13 Boys' Singles - TRIALS P2
271061,1150977,"-9,8,8,9",U13 Boys' Singles - TRIALS P2
1150977,1170751,"7,6,-8,9",U13 Boys' Singles - TRIALS P2
1150977,1176550,"5,-8,8,6",U13 Boys' Singles - TRIALS P2
271061,1170751,"9,3,5",U13 Boys' Singles - TRIALS P2
271061,1176550,"7,-15,6,3",U13 Boys' Singles - TRIALS P2
1176550,1170751,"5,-4,-6,6,16",U13 Boys' Singles - TRIALS P2
270911,1171856,"8,-10,6,8",U13 Boys' Singles - TRIALS P2
270911,273762,"5,3,6",U13 Boys' Singles - TRIALS P2
270911,1172399,"4,9,2",U13 Boys' Singles - TRIALS P2
1171856,273762,"5,-8,7,5",U13 Boys' Singles - TRIALS P2
1171856,1172399,"8,8,9",U13 Boys' Singles - TRIALS P2
1172399,273762,"8,14,-12,-5,9",U13 Boys' Singles - TRIALS P2
269745,271425,"-7,-9,5,9,11",U13 Boys' Singles - TRIALS P2
269745,273085,"3,5,2",U13 Boys' Singles - TRIALS P2
269745,270832,"3,3,1",U13 Boys' Singles - TRIALS P2
271425,273085,"-6,5,-3,5,5",U13 Boys' Singles - TRIALS P2
271425,270832,"7,14,5",U13 Boys' Singles - TRIALS P2
273085,270832,"-8,-7,5,7,8",U13 Boys' Singles - TRIALS P2
265334,1170609,"8,9,8",U13 Boys' Singles - TRIALS P2
1170609,1175517,"7,5,7",U13 Boys' Singles - TRIALS P2
1170609,1179199,"1,9,11",U13 Boys' Singles - TRIALS P2
265334,1175517,"1,1,-7,3",U13 Boys' Singles - TRIALS P2
265334,1179199,"1,3,3",U13 Boys' Singles - TRIALS P2
1179199,1175517,"7,10,10",U13 Boys' Singles - TRIALS P2
1171468,1166449,"-8,10,-7,10,0",U13 Boys' Singles - TRIALS P2
1171468,275877,"-9,5,1,3",U13 Boys' Singles - TRIALS P2
1171468,263580,"6,6,3",U13 Boys' Singles - TRIALS P2
1166449,275877,"7,4,9",U13 Boys' Singles - TRIALS P2
1166449,263580,"3,6,2",U13 Boys' Singles - TRIALS P2
275877,263580,"-9,7,9,4",U13 Boys' Singles - TRIALS P2
269570,218523,"10,12,2",U13 Boys' Singles - TRIALS P2
218523,271883,"8,9,-7,-6,8",U13 Boys' Singles - TRIALS P2
218523,271482,"4,4,7",U13 Boys' Singles - TRIALS P2
269570,271883,"10,8,7",U13 Boys' Singles - TRIALS P2
269570,271482,"4,8,1",U13 Boys' Singles - TRIALS P2
271883,271482,"6,4,5",U13 Boys' Singles - TRIALS P2
222763,1167748,"6,3,2",U13 Girls' Singles - TRIALS P2
222763,1171351,"6,2,4",U13 Girls' Singles - TRIALS P2
1167748,1171351,"9,11,-8,4",U13 Girls' Singles - TRIALS P2
269965,270886,"8,2,9",U13 Girls' Singles - TRIALS P2
269965,268979,"5,3,3",U13 Girls' Singles - TRIALS P2
270886,268979,"6,11,8",U13 Girls' Singles - TRIALS P2
219210,1171127,"7,4,7",U13 Girls' Singles - TRIALS P2
219210,1171643,"6,6,5",U13 Girls' Singles - TRIALS P2
1171643,1171127,"9,4,-6,11",U13 Girls' Singles - TRIALS P2
230237,264013,"-8,-7,12,8,6",U13 Girls' Singles - TRIALS P2
230237,223311,"7,8,4",U13 Girls' Singles - TRIALS P2
264013,223311,"3,-8,10,11",U13 Girls' Singles - TRIALS P2
224231,214975,"5,8,2",U13 Girls' Singles - TRIALS P2
224231,271596,"5,1,1",U13 Girls' Singles - TRIALS P2
224231,1173728,"6,2,2",U13 Girls' Singles - TRIALS P2
214975,271596,"6,11,11",U13 Girls' Singles - TRIALS P2
214975,1173728,"5,4,5",U13 Girls' Singles - TRIALS P2
271596,1173728,"11,7,-9,-9,1",U13 Girls' Singles - TRIALS P2
221729,269985,"6,6,6",U13 Girls' Singles - TRIALS P2
221729,1171853,"9,7,9",U13 Girls' Singles - TRIALS P2
221729,1175980,"9,7,5",U13 Girls' Singles - TRIALS P2
269985,1171853,"4,4,7",U13 Girls' Singles - TRIALS P2
269985,1175980,"1,8,9",U13 Girls' Singles - TRIALS P2
1171853,1175980,"5,7,4",U13 Girls' Singles - TRIALS P2
1167527,216225,"-6,6,-9,4,12",U13 Girls' Singles - TRIALS P2
1171854,1167527,"7,-8,-6,7,9",U13 Girls' Singles - TRIALS P2
1167527,272825,"3,5,6",U13 Girls' Singles - TRIALS P2
1171854,216225,"1,5,9",U13 Girls' Singles - TRIALS P2
216225,272825,"4,5,5",U13 Girls' Singles - TRIALS P2
1171854,272825,"8,3,4",U13 Girls' Singles - TRIALS P2
224135,1172725,"6,3,7",U13 Girls' Singles - TRIALS P2
224135,272563,"5,3,8",U13 Girls' Singles - TRIALS P2
224135,274683,"1,4,5",U13 Girls' Singles - TRIALS P2
1172725,272563,"0,9,8",U13 Girls' Singles - TRIALS P2
1172725,274683,"-8,5,2,2",U13 Girls' Singles - TRIALS P2
272563,274683,"9,-8,5,5",U13 Girls' Singles - TRIALS P2
1171665,1168381,"-8,4,8,-9,6",U13 Girls' Singles - TRIALS P2
1171665,272060,"9,8,6",U13 Girls' Singles - TRIALS P2
1171665,1178677,"4,2,4",U13 Girls' Singles - TRIALS P2
1168381,272060,"4,4,3",U13 Girls' Singles - TRIALS P2
1168381,1178677,"5,2,0",U13 Girls' Singles - TRIALS P2
272060,1178677,"8,4,7",U13 Girls' Singles - TRIALS P2
256682,1172655,"6,3,8",U13 Girls' Singles - TRIALS P2
256682,270703,"5,5,-11,5",U13 Girls' Singles - TRIALS P2
256682,272059,"1,5,5",U13 Girls' Singles - TRIALS P2
1172655,270703,"9,9,8",U13 Girls' Singles - TRIALS P2
1172655,272059,"4,4,4",U13 Girls' Singles - TRIALS P2
270703,272059,"2,6,1",U13 Girls' Singles - TRIALS P2
270083,1171872,"6,-9,7,-10,6",U13 Girls' Singles - TRIALS P2
270083,271344,"2,3,8",U13 Girls' Singles - TRIALS P2
270083,276405,"0,1,0",U13 Girls' Singles - TRIALS P2
1171872,271344,"3,10,-9,5",U13 Girls' Singles - TRIALS P2
1171872,276405,"1,2,1",U13 Girls' Singles - TRIALS P2
271344,276405,"5,9,2",U13 Girls' Singles - TRIALS P2
267433,272956,"10,4,7",U13 Girls' Singles - TRIALS P2
267433,1173129,"2,-9,9,9",U13 Girls' Singles - TRIALS P2
267433,220668,"5,1,4",U13 Girls' Singles - TRIALS P2
272956,1173129,"-9,7,9,9",U13 Girls' Singles - TRIALS P2
272956,220668,"5,6,2",U13 Girls' Singles - TRIALS P2
1173129,220668,"2,-9,4,3",U13 Girls' Singles - TRIALS P2
277188,272586,"-4,-5,9,7,3",U13 Girls' Singles - TRIALS P2
272586,223757,"-4,10,-11,9,9",U13 Girls' Singles - TRIALS P2
272586,270793,"5,4,8",U13 Girls' Singles - TRIALS P2
277188,223757,"8,-9,4,5",U13 Girls' Singles - TRIALS P2
277188,270793,"1,2,3",U13 Girls' Singles - TRIALS P2
223757,270793,"10,9,3",U13 Girls' Singles - TRIALS P2
1171855,1171469,"3,4,-6,9",U13 Girls' Singles - TRIALS P2
1171855,271326,"6,5,2",U13 Girls' Singles - TRIALS P2
1171855,1179997,"5,2,4",U13 Girls' Singles - TRIALS P2
1171469,271326,"2,3,4",U13 Girls' Singles - TRIALS P2
1171469,1179997,"1,2,3",U13 Girls' Singles - TRIALS P2
271326,1179997,"3,5,6",U13 Girls' Singles - TRIALS P2
1170759,1170842,"10,-4,-10,6,7",U13 Girls' Singles - TRIALS P2
1170759,271327,"4,8,5",U13 Girls' Singles - TRIALS P2
1170759,271599,"10,6,4",U13 Girls' Singles - TRIALS P2
1170842,271327,"6,5,6",U13 Girls' Singles - TRIALS P2
1170842,271599,"5,1,1",U13 Girls' Singles - TRIALS P2
271327,271599,"-10,9,-7,10,6",U13 Girls' Singles - TRIALS P2
1169576,1172448,"-6,11,-8,5,9",U13 Girls' Singles - TRIALS P2
1169576,271316,"3,4,2",U13 Girls' Singles - TRIALS P2
1169576,276077,"3,6,1",U13 Girls' Singles - TRIALS P2
1172448,271316,"-7,6,6,5",U13 Girls' Singles - TRIALS P2
1172448,276077,"3,6,6",U13 Girls' Singles - TRIALS P2
271316,276077,"7,12,3",U13 Girls' Singles - TRIALS P2
1171728,273762,"3,2,9",U11 Boys' Singles - TRIALS P2
1171728,272196,"1,3,3",U11 Boys' Singles - TRIALS P2
273762,272196,"8,8,8",U11 Boys' Singles - TRIALS P2
221549,1170751,"6,6,8",U11 Boys' Singles - TRIALS P2
221549,1179199,"3,2,6",U11 Boys' Singles - TRIALS P2
1170751,1179199,"3,3,8",U11 Boys' Singles - TRIALS P2
1165421,273085,"2,0,2",U11 Boys' Singles - TRIALS P2
1165421,271322,"4,1,9",U11 Boys' Singles - TRIALS P2
1165421,1180010,"2,0,4",U11 Boys' Singles - TRIALS P2
273085,271322,"-8,10,7,8",U11 Boys' Singles - TRIALS P2
273085,1180010,"6,7,3",U11 Boys' Singles - TRIALS P2
271322,1180010,"4,7,5",U11 Boys' Singles - TRIALS P2
269693,271883,"5,4,5",U11 Boys' Singles - TRIALS P2
269693,271149,"7,6,3",U11 Boys' Singles - TRIALS P2
269693,279274,"2,6,1",U11 Boys' Singles - TRIALS P2
271883,271149,"3,6,2",U11 Boys' Singles - TRIALS P2
271883,279274,"4,1,4",U11 Boys' Singles - TRIALS P2
271149,279274,"3,3,2",U11 Boys' Singles - TRIALS P2
256702,272224,"2,2,6",U11 Boys' Singles - TRIALS P2
256702,270991,"2,5,9",U11 Boys' Singles - TRIALS P2
270991,272224,"2,7,6",U11 Boys' Singles - TRIALS P2
271274,1171342,"5,4,4",U11 Boys' Singles - TRIALS P2
271274,275877,"4,5,-9,9",U11 Boys' Singles - TRIALS P2
271274,1177045,"1,3,4",U11 Boys' Singles - TRIALS P2
275877,1171342,"4,12,5",U11 Boys' Singles - TRIALS P2
1171342,1177045,"9,2,4",U11 Boys' Singles - TRIALS P2
275877,1177045,"3,7,1",U11 Boys' Singles - TRIALS P2
270911,1178109,"6,6,9",U11 Boys' Singles - TRIALS P2
270911,263580,"8,1,4",U11 Boys' Singles - TRIALS P2
270911,1174369,"4,2,8",U11 Boys' Singles - TRIALS P2
1178109,263580,"4,7,9",U11 Boys' Singles - TRIALS P2
1178109,1174369,"-9,10,7,8,-9",U11 Boys' Singles - TRIALS P2
263580,1174369,"-3,10,6,3",U11 Boys' Singles - TRIALS P2
1170609,270900,"10,12,-10,9",U11 Boys' Singles - TRIALS P2
1170609,271482,"1,5,6",U11 Boys' Singles - TRIALS P2
1170609,273411,"6,5,3",U11 Boys' Singles - TRIALS P2
270900,271482,"5,8,6",U11 Boys' Singles - TRIALS P2
270900,273411,"6,6,11",U11 Boys' Singles - TRIALS P2
273411,271482,"9,7,-8,5",U11 Boys' Singles - TRIALS P2
1171468,277187,"7,6,5",U11 Boys' Singles - TRIALS P2
1171468,271147,"6,7,8",U11 Boys' Singles - TRIALS P2
1171468,1177782,"2,4,7",U11 Boys' Singles - TRIALS P2
271147,277187,"7,4,9",U11 Boys' Singles - TRIALS P2
277187,1177782,"4,6,6",U11 Boys' Singles - TRIALS P2
271147,1177782,"5,2,9",U11 Boys' Singles - TRIALS P2
269570,270889,"9,8,6",U11 Boys' Singles - TRIALS P2
269570,273517,"6,4,5",U11 Boys' Singles - TRIALS P2
269570,1174326,"5,6,3",U11 Boys' Singles - TRIALS P2
270889,273517,"9,2,7",U11 Boys' Singles - TRIALS P2
270889,1174326,"2,8,6",U11 Boys' Singles - TRIALS P2
273517,1174326,"-5,2,4,-9,6",U11 Boys' Singles - TRIALS P2
268653,1171107,"3,3,8",U11 Boys' Singles - TRIALS P2
268653,270832,"6,4,6",U11 Boys' Singles - TRIALS P2
268653,1176451,"5,4,5",U11 Boys' Singles - TRIALS P2
1171107,270832,"3,7,-9,4",U11 Boys' Singles - TRIALS P2
1171107,1176451,"8,4,2",U11 Boys' Singles - TRIALS P2
270832,1176451,"-7,7,6,3",U11 Boys' Singles - TRIALS P2
271425,270746,"-9,6,6,9",U11 Boys' Singles - TRIALS P2
271425,1177780,"5,9,9",U11 Boys' Singles - TRIALS P2
271425,1174325,"7,6,7",U11 Boys' Singles - TRIALS P2
270746,1177780,"5,4,5",U11 Boys' Singles - TRIALS P2
270746,1174325,"10,5,3",U11 Boys' Singles - TRIALS P2
1174325,1177780,"6,9,-8,15",U11 Boys' Singles - TRIALS P2
1171856,1175168,"7,8,12",U11 Boys' Singles - TRIALS P2
1171856,271070,"6,6,9",U11 Boys' Singles - TRIALS P2
1175168,271070,"7,8,8",U11 Boys' Singles - TRIALS P2
1175168,277242,"2,4,6",U11 Boys' Singles - TRIALS P2
271070,277242,"2,4,4",U11 Boys' Singles - TRIALS P2
271061,268640,"2,-4,3,11",U11 Boys' Singles - TRIALS P2
271061,273785,"1,2,1",U11 Boys' Singles - TRIALS P2
271061,274913,"3,2,1",U11 Boys' Singles - TRIALS P2
268640,273785,"4,6,4",U11 Boys' Singles - TRIALS P2
268640,274913,"1,4,1",U11 Boys' Singles - TRIALS P2
274913,273785,"5,-7,5,-7,7",U11 Boys' Singles - TRIALS P2
271145,1174545,"-8,7,9,1",U11 Boys' Singles - TRIALS P2
271145,268857,"1,3,4",U11 Boys' Singles - TRIALS P2
271145,274722,"5,-9,8,3",U11 Boys' Singles - TRIALS P2
1174545,268857,"3,1,9",U11 Boys' Singles - TRIALS P2
274722,1174545,"7,-5,-4,7,5",U11 Boys' Singles - TRIALS P2
274722,268857,"1,6,5",U11 Boys' Singles - TRIALS P2
1171874,277460,"-2,5,-7,8,4",U11 Boys' Singles - TRIALS P2
1171874,1175666,"2,10,3",U11 Boys' Singles - TRIALS P2
1171874,1174811,"6,11,4",U11 Boys' Singles - TRIALS P2
277460,1175666,"5,7,5",U11 Boys' Singles - TRIALS P2
277460,1174811,"2,5,1",U11 Boys' Singles - TRIALS P2
1175666,1174811,"9,6,-8,5",U11 Boys' Singles - TRIALS P2
264897,271876,"6,-9,4,3",U11 Boys' Singles - TRIALS P2
264897,1169799,"5,2,1",U11 Boys' Singles - TRIALS P2
271876,1169799,"8,-7,12,8",U11 Boys' Singles - TRIALS P2
269440,1173259,"-6,9,-8,7,8",U11 Boys' Singles - TRIALS P2
1173259,1173507,"6,8,6",U11 Boys' Singles - TRIALS P2
1173259,1178096,"3,2,1",U11 Boys' Singles - TRIALS P2
269440,1173507,"6,5,10",U11 Boys' Singles - TRIALS P2
269440,1178096,"3,1,3",U11 Boys' Singles - TRIALS P2
1173507,1178096,"6,8,6",U11 Boys' Singles - TRIALS P2
269965,270703,"3,1,2",U11 Girls' Singles - TRIALS P2
269965,1174322,"1,4,6",U11 Girls' Singles - TRIALS P2
269965,277491,"1,1,1",U11 Girls' Singles - TRIALS P2
1174322,270703,"-7,-6,13,9,5",U11 Girls' Singles - TRIALS P2
270703,277491,"1,3,5",U11 Girls' Singles - TRIALS P2
1174322,277491,"3,6,5",U11 Girls' Singles - TRIALS P2
1171665,270393,"10,8,5",U11 Girls' Singles - TRIALS P2
1171665,271599,"6,10,10",U11 Girls' Singles - TRIALS P2
1171665,274995,"4,3,5",U11 Girls' Singles - TRIALS P2
270393,271599,"2,5,9",U11 Girls' Singles - TRIALS P2
270393,274995,"0,3,3",U11 Girls' Singles - TRIALS P2
271599,274995,"4,-5,-5,8,9",U11 Girls' Singles - TRIALS P2
256682,271344,"4,4,6",U11 Girls' Singles - TRIALS P2
256682,271316,"6,4,2",U11 Girls' Singles - TRIALS P2
256682,1176859,"3,2,1",U11 Girls' Singles - TRIALS P2
271344,271316,"-16,4,-7,5,6",U11 Girls' Singles - TRIALS P2
271344,1176859,"6,5,7",U11 Girls' Singles - TRIALS P2
271316,1176859,"6,-9,-9,11,7",U11 Girls' Singles - TRIALS P2
1170759,271596,"4,-9,11,10",U11 Girls' Singles - TRIALS P2
1170759,220668,"1,6,3",U11 Girls' Singles - TRIALS P2
1170759,270725,"4,7,6",U11 Girls' Singles - TRIALS P2
271596,220668,"4,3,1",U11 Girls' Singles - TRIALS P2
270725,271596,"4,-8,-9,9,10",U11 Girls' Singles - TRIALS P2
270725,220668,"9,9,4",U11 Girls' Singles - TRIALS P2
1171853,1170842,"9,8,-7,-5,6",U11 Girls' Singles - TRIALS P2
1170842,274922,"9,5,6",U11 Girls' Singles - TRIALS P2
1170842,272825,"4,6,8",U11 Girls' Singles - TRIALS P2
1171853,274922,"9,8,6",U11 Girls' Singles - TRIALS P2
1171853,272825,"2,4,3",U11 Girls' Singles - TRIALS P2
272825,274922,"5,9,2",U11 Girls' Singles - TRIALS P2
1171643,1172725,"10,5,10",U11 Girls' Singles - TRIALS P2
1172725,272060,"5,-10,7,6",U11 Girls' Singles - TRIALS P2
1171643,272060,"8,-10,6,7",U11 Girls' Singles - TRIALS P2
268979,270846,"5,6,-8,6",U11 Girls' Singles - TRIALS P2
270846,276158,"3,8,4",U11 Girls' Singles - TRIALS P2
270846,274683,"6,5,2",U11 Girls' Singles - TRIALS P2
268979,276158,"1,1,1",U11 Girls' Singles - TRIALS P2
268979,274683,"6,4,4",U11 Girls' Singles - TRIALS P2
276158,274683,"4,4,8",U11 Girls' Singles - TRIALS P2
277188,223311,"11,-5,-9,16,8",U11 Girls' Singles - TRIALS P2
277188,272059,"7,4,2",U11 Girls' Singles - TRIALS P2
277188,1178677,"6,2,4",U11 Girls' Singles - TRIALS P2
223311,272059,"7,12,5",U11 Girls' Singles - TRIALS P2
223311,1178677,"1,3,6",U11 Girls' Singles - TRIALS P2
272059,1178677,"5,-8,7,12",U11 Girls' Singles - TRIALS P2
269985,1171127,"6,7,10",U11 Girls' Singles - TRIALS P2
269985,1173728,"6,2,2",U11 Girls' Singles - TRIALS P2
269985,1174324,"6,7,2",U11 Girls' Singles - TRIALS P2
1171127,1173728,"3,5,6",U11 Girls' Singles - TRIALS P2
1171127,1174324,"5,7,3",U11 Girls' Singles - TRIALS P2
1173728,1174324,"6,6,7",U11 Girls' Singles - TRIALS P2
32607,214419,"1,6,6",Men's 40+ Singles
32607,40278,"9,6,6",Men's 40+ Singles
214419,40278,"6,-7,11,0",Men's 40+ Singles
59922,63010,"9,6,5",Men's 40+ Singles
59922,1171068,"3,6,10",Men's 40+ Singles
63010,1171068,"6,10,-5,5",Men's 40+ Singles
275943,54488,"7,7,5",Men's 40+ Singles
23538,1171480,"-7,3,2,7",Men's 40+ Singles
23538,229635,"7,1,5",Men's 40+ Singles
23538,1175389,"2,4,2",Men's 40+ Singles
1171480,229635,"8,7,-2,-6,7",Men's 40+ Singles
1171480,1175389,"5,2,12",Men's 40+ Singles
229635,1175389,"1,5,7",Men's 40+ Singles
8144,73450,"4,3,12",Men's 40+ Singles
8144,91339,"5,7,6",Men's 40+ Singles
8144,1173658,"2,7,8",Men's 40+ Singles
73450,91339,"8,-5,5,6",Men's 40+ Singles
73450,1173658,"9,3,4",Men's 40+ Singles
91339,1173658,"6,7,7",Men's 40+ Singles
5185,35094,"5,5,-5,-12,6",Men's 40+ Singles
5185,52189,"8,10,8",Men's 40+ Singles
5185,221365,"9,6,12",Men's 40+ Singles
35094,52189,"11,7,8",Men's 40+ Singles
35094,221365,"8,7,0",Men's 40+ Singles
52189,221365,"5,7,-8,8",Men's 40+ Singles
47064,83686,"9,9,9",Men's 40+ Singles
47064,28551,"7,9,4",Men's 40+ Singles
47064,273335,"5,9,9",Men's 40+ Singles
83686,28551,"-7,3,11,8",Men's 40+ Singles
83686,273335,"5,4,2",Men's 40+ Singles
28551,273335,"5,-8,7,-7,2",Men's 40+ Singles
93106,1912,"4,8,5",Men's 40+ Singles
93106,88195,"5,3,5",Men's 40+ Singles
34825,214854,"8,4,8",Men's 40+ Singles
12948,27877,"7,7,12",Men's 40+ Singles
12948,508,"7,9,8",Men's 40+ Singles
27877,508,"7,6,9",Men's 40+ Singles
59330,230446,"4,9,8",Men's 40+ Singles
230446,30231,"3,3,3",Men's 40+ Singles
230446,270105,"5,6,5",Men's 40+ Singles
59330,30231,"4,8,-9,9",Men's 40+ Singles
59330,270105,"2,10,2",Men's 40+ Singles
30231,270105,"4,11,6",Men's 40+ Singles
94469,88923,"1,6,4",Men's 40+ Singles
94469,219739,"4,3,5",Men's 40+ Singles
88923,219739,"4,4,2",Men's 40+ Singles
34207,220839,"6,7,11",Men's 40+ Singles
34207,1166750,"2,3,5",Men's 40+ Singles
31180,1166750,"8,3,3",Men's 40+ Singles
220839,1166750,"9,-6,5,9",Men's 40+ Singles
53157,219686,"8,7,8",Women's 40+ Singles
53157,203096,"3,2,4",Women's 40+ Singles
53157,219402,"2,2,1",Women's 40+ Singles
219686,203096,"4,7,2",Women's 40+ Singles
219686,219402,"5,4,3",Women's 40+ Singles
203096,219402,"7,3,6",Women's 40+ Singles
4594,40278,"6,7,4",Men's 50+ Singles
4594,5004,"4,9,9",Men's 50+ Singles
5004,40278,"7,-6,9,-13,10",Men's 50+ Singles
8102,97816,"6,7,6",Men's 50+ Singles
8102,229635,"7,5,6",Men's 50+ Singles
8102,1175402,"5,5,5",Men's 50+ Singles
97816,229635,"-8,5,4,4",Men's 50+ Singles
97816,1175402,"1,1,4",Men's 50+ Singles
229635,1175402,"2,5,5",Men's 50+ Singles
8144,214419,"8,2,7",Men's 50+ Singles
8144,52189,"1,1,8",Men's 50+ Singles
8144,1178073,"1,1,0",Men's 50+ Singles
52189,214419,"-8,-6,7,8,7",Men's 50+ Singles
214419,1178073,"6,4,4",Men's 50+ Singles
52189,1178073,"3,8,7",Men's 50+ Singles
52187,219486,"7,3,8",Men's 50+ Singles
52187,59160,"7,4,10",Men's 50+ Singles
52187,80356,"4,7,2",Men's 50+ Singles
219486,59160,"8,-8,-6,10,4",Men's 50+ Singles
219486,80356,"3,1,4",Men's 50+ Singles
59160,80356,"5,7,8",Men's 50+ Singles
43687,47064,"-10,7,6,14",Men's 50+ Singles
47064,1164157,"8,5,6",Men's 50+ Singles
47064,91169,"5,3,4",Men's 50+ Singles
43687,1164157,"5,4,9",Men's 50+ Singles
43687,91169,"4,5,10",Men's 50+ Singles
1164157,91169,"-9,6,7,9",Men's 50+ Singles
6411,63010,"7,5,8",Men's 50+ Singles
6411,30231,"4,7,8",Men's 50+ Singles
6411,60099,"5,6,7",Men's 50+ Singles
63010,30231,"7,6,7",Men's 50+ Singles
63010,60099,"-4,9,9,7",Men's 50+ Singles
30231,60099,"5,8,7",Men's 50+ Singles
12948,45824,"5,5,4",Men's 50+ Singles
12948,91339,"7,10,6",Men's 50+ Singles
12948,28804,"6,6,10",Men's 50+ Singles
45824,91339,"8,-9,-10,4,7",Men's 50+ Singles
45824,28804,"6,8,8",Men's 50+ Singles
91339,28804,"-8,9,6,6",Men's 50+ Singles
2655,8429,"10,8,-6,-8,10",Men's 50+ Singles
8429,5021,"5,2,1",Men's 50+ Singles
8429,98071,"5,6,1",Men's 50+ Singles
2655,5021,"2,3,3",Men's 50+ Singles
2655,98071,"8,6,5",Men's 50+ Singles
98071,5021,"-6,7,6,3",Men's 50+ Singles
10437,1171480,"-9,-6,9,9,6",Men's 50+ Singles
10437,415,"6,5,9",Men's 50+ Singles
10437,214854,"4,8,7",Men's 50+ Singles
1171480,415,"7,14,7",Men's 50+ Singles
1171480,214854,"4,6,9",Men's 50+ Singles
415,214854,"-9,3,7,8",Men's 50+ Singles
10533,1912,"9,8,8",Men's 50+ Singles
10533,84211,"9,4,5",Men's 50+ Singles
84211,1912,"9,8,-1,-7,5",Men's 50+ Singles
78160,31283,"5,8,9",Men's 50+ Singles
78160,508,"5,8,5",Men's 50+ Singles
31283,508,"5,-8,-9,7,6",Men's 50+ Singles
272959,27877,"9,11,6",Men's 50+ Singles
272959,58954,"6,5,5",Men's 50+ Singles
272959,270519,"7,5,6",Men's 50+ Singles
27877,58954,"-6,4,3,4",Men's 50+ Singles
27877,270519,"8,-5,5,-9,8",Men's 50+ Singles
270519,58954,"6,8,2",Men's 50+ Singles
31180,8005,"9,5,-6,-6,14",Men's 50+ Singles
31180,64451,"4,3,2",Men's 50+ Singles
8005,64451,"3,-5,5,4",Men's 50+ Singles
35094,926905,"8,9,-6,7",Men's 50+ Singles
35094,88195,"9,6,6",Men's 50+ Singles
926905,88195,"2,4,8",Men's 50+ Singles
53157,270356,"6,2,5",Women's 50+ Singles
53157,32916,"1,3,2",Women's 50+ Singles
53157,46331,"1,2,2",Women's 50+ Singles
270356,32916,"4,4,4",Women's 50+ Singles
270356,46331,"4,4,1",Women's 50+ Singles
32916,46331,"3,7,2",Women's 50+ Singles
8644,24409,"8,6,9",Women's 70+ Singles
8644,32916,"5,9,-4,5",Women's 70+ Singles
24409,32916,"3,6,2",Women's 70+ Singles
89540,92138,"9,9,10",Women's 75+ Singles
89540,46331,"3,2,0",Women's 75+ Singles
92138,46331,"7,5,4",Women's 75+ Singles
8146,250233,"6,3,8",Men's 80+ Singles
8146,1170064,"7,6,12",Men's 80+ Singles
250233,1170064,"8,3,4",Men's 80+ Singles
90843,5710,"7,4,10",Men's 80+ Singles
90843,21141,"4,-9,1,2",Men's 80+ Singles
90843,48154,"2,2,2",Men's 80+ Singles
5710,21141,"2,8,6",Men's 80+ Singles
5710,48154,"8,-10,5,10",Men's 80+ Singles
48154,21141,"1,4,10",Men's 80+ Singles
92138,46331,"8,7,-10,12",Women's 80+ Singles
1170064,21141,"4,9,3",85+ Singles
274343,220298,"7,5,3",U2600
274343,1177202,"4,5,9",U2600
1177202,220298,"4,9,-9,5",U2600
4594,90352,"-8,11,4,2",U2600
4594,222971,"-7,9,9,10",U2600
222971,90352,"9,5,7",U2600
72387,10437,"5,5,5",U2600
72387,27825,"5,4,2",U2600
27825,10437,"-11,-7,5,6,12",U2600
89837,1157612,"4,8,3",U2600
89837,222763,"6,4,5",U2600
89837,1177998,"4,5,3",U2600
222763,1157612,"9,7,-3,-12,12",U2600
1157612,1177998,"1,5,8",U2600
222763,1177998,"3,1,1",U2600
1171284,95284,"3,7,2",U2600
1171284,216241,"8,8,10",U2600
1171284,220461,"6,5,11",U2600
216241,95284,"8,7,-10,-5,8",U2600
95284,220461,"6,3,3",U2600
216241,220461,"-9,3,8,-10,8",U2600
91136,1176626,"5,9,4",U2600
91136,1171728,"7,10,7",U2600
91136,218524,"6,9,3",U2600
1176626,1171728,"4,9,9",U2600
1176626,218524,"3,5,7",U2600
1171728,218524,"5,9,4",U2600
86553,94469,"4,-8,-8,13,7",U2600
86553,1177096,"2,5,7",U2600
94469,1177096,"2,2,5",U2600
97890,218625,"9,8,4",U2600
97890,1165422,"8,7,5",U2600
97890,1166536,"2,3,1",U2600
1165422,218625,"-7,-8,8,10,7",U2600
218625,1166536,"5,3,6",U2600
1165422,1166536,"7,4,7",U2600
95314,96726,"9,2,-8,4",U2600
95314,219405,"4,9,7",U2600
95314,267299,"8,2,4",U2600
219405,96726,"5,-11,10,5",U2600
96726,267299,"5,7,9",U2600
219405,267299,"7,5,6",U2600
91909,12948,"-9,8,6,9",U2600
12948,277356,"5,2,7",U2600
91909,277356,"5,10,6",U2600
82782,218837,"1,3,8",U2600
82782,231222,"4,-8,6,9",U2600
82782,220984,"3,8,4",U2600
218837,231222,"2,10,-8,-8,9",U2600
220984,218837,"9,-11,8,9",U2600
231222,220984,"10,5,7",U2600
203212,219237,"9,-9,3,-5,6",U2600
203212,203187,"-8,7,-7,8,6",U2600
203212,1166449,"3,5,6",U2600
219237,203187,"8,6,6",U2600
219237,1166449,"10,3,4",U2600
203187,1166449,"5,8,3",U2600
91906,1167521,"6,6,3",U2600
64766,91906,"9,-6,5,11",U2600
91906,90459,"4,6,2",U2600
1167521,64766,"8,5,7",U2600
1167521,90459,"6,-10,8,2",U2600
64766,90459,"5,0,3",U2600
928116,222276,"-11,9,7,-6,8",U2600
928116,230805,"10,-8,-10,9,10",U2600
928116,212177,"4,6,6",U2600
222276,230805,"4,12,7",U2600
222276,212177,"4,8,5",U2600
230805,212177,"10,11,5",U2600
211736,96513,"9,15,11",U2600
211736,213810,"6,6,13",U2600
211736,203221,"4,8,4",U2600
96513,213810,"10,6,6",U2600
96513,203221,"5,7,6",U2600
213810,203221,"10,8,7",U2600
202754,98257,"-9,6,8,12",U2600
10533,202754,"10,7,5",U2600
202754,223150,"8,6,9",U2600
98257,10533,"2,-5,7,-9,7",U2600
98257,223150,"6,4,5",U2600
10533,223150,"9,5,5",U2600
93758,92550,"-10,6,4,12",U2600
93758,34207,"6,8,1",U2600
93758,203151,"8,3,3",U2600
92550,34207,"7,8,-5,-9,4",U2600
92550,203151,"4,5,3",U2600
34207,203151,"-8,4,4,4",U2600
91154,218461,"3,12,2",U2600
91154,217080,"10,6,5",U2600
91154,77202,"7,4,12",U2600
217080,218461,"7,8,6",U2600
77202,218461,"-15,-4,6,5,6",U2600
217080,77202,"6,6,8",U2600
202363,277121,"5,7,-8,11",U2600
202363,90630,"5,8,8",U2600
202363,229635,"7,7,6",U2600
277121,90630,"-10,9,9,6",U2600
277121,229635,"6,2,7",U2600
229635,90630,"6,6,9",U2600
91757,211614,"-7,10,6,10",U2600
91757,229498,"6,5,7",U2600
211614,229498,"4,5,5",U2600
81774,98155,"8,5,7",U2600
81774,84087,"4,8,5",U2600
81774,92451,"0,0,0",U2600
98155,84087,"8,9,8",U2600
98155,92451,"1,1,1",U2600
84087,92451,"7,2,5",U2600
220808,98266,"8,-8,-9,4,7",U2600
220808,91765,"4,6,4",U2600
220808,1172448,"7,6,3",U2600
98266,91765,"7,5,-7,5",U2600
98266,1172448,"3,10,9",U2600
91765,1172448,"9,8,7",U2600
217235,92213,"7,7,7",U2600
217235,216131,"8,7,9",U2600
217235,92549,"8,8,7",U2600
92213,216131,"7,-9,6,8",U2600
92213,92549,"6,7,3",U2600
216131,92549,"9,1,8",U2600
91756,212806,"9,7,-5,11",U2600
91756,223084,"3,7,5",U2600
212806,223084,"5,2,12",U2600
203271,212114,"2,-7,8,6",U2600
203271,87979,"8,9,6",U2600
203271,1157583,"5,9,8",U2600
212114,87979,"6,6,8",U2600
212114,1157583,"2,-9,4,5",U2600
1157583,87979,"6,6,-10,9",U2600
95558,217130,"-9,7,9,-7,12",U2600
95558,74947,"8,8,-8,5",U2600
95558,131129,"8,4,11",U2600
217130,74947,"9,9,8",U2600
217130,131129,"5,5,11",U2600
131129,74947,"-7,-16,6,7,6",U2600
202343,98253,"11,6,6",U2600
202343,35094,"6,7,9",U2600
202343,40278,"5,9,9",U2600
98253,35094,"10,4,5",U2600
98253,40278,"4,5,4",U2600
35094,40278,"9,-8,9,-8,4",U2600
96746,1164233,"3,7,-12,5",U2600
96746,220297,"6,8,3",U2600
96746,94602,"7,6,8",U2600
1164233,220297,"6,9,6",U2600
1164233,94602,"-7,9,7,6",U2600
94602,220297,"8,-7,-4,7,5",U2600
211679,223375,"6,7,6",U2600
211679,1164236,"5,8,3",U2600
211679,211738,"6,5,7",U2600
1164236,223375,"-6,13,-8,8,6",U2600
223375,211738,"4,5,6",U2600
1164236,211738,"9,1,4",U2600
97329,91747,"7,10,10",U2600
97329,230483,"7,-6,6,1",U2600
97329,271809,"10,-10,9,6",U2600
230483,91747,"-4,10,-9,8,8",U2600
271809,91747,"7,-11,-4,7,9",U2600
230483,271809,"8,-7,6,-9,8",U2600
279227,93102,"5,9,-5,6",U2600
279227,31283,"4,5,5",U2600
279227,87690,"2,5,8",U2600
93102,31283,"9,9,6",U2600
93102,87690,"1,5,3",U2600
31283,87690,"9,6,6",U2600
94028,217865,"-7,-9,8,6,9",U2600
217865,219347,"7,10,9",U2600
217865,224135,"7,4,-4,7",U2600
94028,219347,"-9,5,16,-10,11",U2600
94028,224135,"5,5,-11,6",U2600
219347,224135,"-11,-9,5,4,0",U2600
87830,96633,"-10,11,-8,9,8",U2600
87830,270366,"3,-8,-9,5,5",U2600
87830,219486,"3,3,8",U2600
96633,270366,"-7,5,7,6",U2600
96633,219486,"6,-9,7,5",U2600
270366,219486,"7,3,9",U2600
82211,92628,"11,8,-7,6",U2600
82211,214764,"7,9,4",U2600
82211,1151106,"13,5,5",U2600
214764,92628,"7,8,-11,7",U2600
92628,1151106,"7,8,-8,7",U2600
214764,1151106,"10,-9,9,5",U2600
215306,34825,"10,6,6",U2600
215306,85572,"-6,4,4,2",U2600
215306,76326,"6,7,9",U2600
34825,85572,"8,12,-12,5",U2600
34825,76326,"2,7,6",U2600
85572,76326,"-7,-7,8,9,11",U2600
92553,98301,"-8,6,11,7",U2600
92553,272482,"10,2,12",U2600
92553,272586,"3,6,2",U2600
98301,272482,"7,1,5",U2600
98301,272586,"4,2,3",U2600
272482,272586,"7,1,5",U2600
198566,95668,"-8,8,8,-10,7",U2600
95668,85490,"8,3,10",U2600
95668,214419,"4,3,-6,3",U2600
198566,85490,"-8,6,10,12",U2600
198566,214419,"6,7,4",U2600
85490,214419,"-11,8,9,6",U2600
202029,96820,"8,6,9",U2600
202029,74880,"5,4,4",U2600
202029,94668,"5,4,4",U2600
96820,74880,"10,-6,7,-6,5",U2600
96820,94668,"-10,7,5,7",U2600
94668,74880,"-11,1,9,7",U2600
82025,215307,"4,6,7",U2600
1157713,82025,"9,-9,16,-9,10",U2600
82025,1167527,"9,3,8",U2600
215307,1157713,"-5,-4,9,4,8",U2600
215307,1167527,"4,9,9",U2600
1157713,1167527,"2,11,7",U2600
47064,91905,"8,-9,9,-8,8",U2600
91905,2316,"6,8,8",U2600
91905,73450,"-9,7,4,4",U2600
47064,2316,"5,9,6",U2600
47064,73450,"9,2,-9,8",U2600
2316,73450,"-12,8,11,7",U2600
214915,5185,"6,6,9",U2600
5185,223797,"8,9,-9,10",U2600
5185,279116,"-6,4,3,5",U2600
214915,223797,"-8,8,-8,5,1",U2600
214915,279116,"4,7,9",U2600
223797,279116,"-5,9,9,5",U2600
91906,1172851,"8,8,8",U2400
217235,217143,"4,7,4",U2400
217235,272482,"4,7,5",U2400
272482,217143,"9,3,5",U2400
91756,220297,"2,3,2",U2400
91756,85490,"6,7,8",U2400
85490,220297,"9,-9,8,5",U2400
8357,219347,"-9,5,4,1",U2400
8357,279116,"9,7,3",U2400
219347,279116,"7,8,-3,-4,9",U2400
95558,230483,"4,6,-9,4",U2400
95558,268526,"4,9,5",U2400
268526,230483,"-7,9,11,-6,7",U2400
202343,85572,"5,6,-8,8",U2400
202343,211608,"6,-9,4,11",U2400
202343,211647,"4,7,9",U2400
211608,85572,"11,6,-20,5",U2400
85572,211647,"7,8,7",U2400
211608,211647,"3,6,8",U2400
96746,74947,"8,3,1",U2400
96746,83686,"6,8,13",U2400
74947,83686,"8,8,8",U2400
211679,224231,"5,9,-10,4",U2400
211679,219191,"5,7,6",U2400
211679,1171736,"5,6,4",U2400
219191,224231,"9,8,7",U2400
224231,1171736,"2,-9,9,6",U2400
219191,1171736,"8,4,6",U2400
270366,1132341,"7,7,-2,-7,9",U2400
1132341,221729,"7,-10,-8,4,6",U2400
1132341,508,"5,11,1",U2400
221729,270366,"9,7,-6,-5,8",U2400
270366,508,"6,-9,7,8",U2400
508,221729,"-4,-10,11,7,14",U2400
59330,1157713,"-7,4,3,10",U2400
59330,1169913,"1,3,8",U2400
1157713,1169913,"8,8,8",U2400
217865,217446,"8,6,8",U2400
217865,1171128,"-4,8,9,5",U2400
217865,216225,"4,7,1",U2400
217446,1171128,"1,10,4",U2400
217446,216225,"9,6,2",U2400
1171128,216225,"8,-10,5,3",U2400
95282,35094,"-7,6,5,6",U2400
95282,264013,"7,7,7",U2400
87830,91765,"5,2,8",U2400
87830,270089,"4,8,2",U2400
91765,270089,"-8,5,6,4",U2400
215306,87979,"7,-9,3,-9,5",U2400
215306,73450,"7,3,5",U2400
73450,87979,"7,6,-7,-9,9",U2400
82211,1164236,"9,8,8",U2400
82211,270915,"7,5,3",U2400
1164236,270915,"7,3,5",U2400
92553,264662,"6,6,7",U2400
92553,271809,"8,6,9",U2400
92553,220839,"3,4,5",U2400
264662,271809,"-5,3,11,-6,10",U2400
264662,220839,"6,2,-8,8",U2400
271809,220839,"6,6,4",U2400
213810,95668,"8,-6,11,3",U2400
95668,95295,"-10,9,-9,9,7",U2400
95668,88923,"4,3,10",U2400
213810,95295,"7,-7,1,6",U2400
213810,88923,"7,1,1",U2400
95295,88923,"9,4,6",U2400
197388,84087,"5,5,6",U2400
94668,197388,"7,-5,-4,10,5",U2400
84087,94668,"5,7,-9,8",U2400
82025,231222,"-7,7,7,7",U2400
82025,256412,"7,9,6",U2400
82025,30231,"8,4,3",U2400
231222,256412,"-9,-8,6,8,11",U2400
231222,30231,"5,6,7",U2400
275510,215165,"9,-11,7,6",U2400
275510,271539,"9,5,9",U2400
215165,271539,"7,6,7",U2400
91905,20092,"6,6,6",U2400
91905,267433,"6,5,7",U2400
91905,1166536,"5,3,5",U2400
20092,267433,"9,8,11",U2400
20092,1166536,"-8,8,7,1",U2400
217080,274903,"5,7,6",U2400
5185,90630,"-2,8,6,5",U2400
5185,275943,"-8,-10,4,9,11",U2400
5185,222509,"8,-10,7,7",U2400
90630,275943,"4,-6,4,6",U2400
90630,222509,"3,7,-8,9",U2400
275943,222509,"10,-10,10,9",U2400
219210,215307,"10,-8,-7,6,6",U2400
215307,203221,"-7,-8,6,9,11",U2400
219210,203221,"4,6,7",U2400
264276,214915,"-3,7,10,-10,6",U2400
214915,45824,"12,8,6",U2400
214915,1177998,"6,11,7",U2400
264276,45824,"5,-6,-8,10,8",U2400
264276,1177998,"7,7,9",U2400
45824,1177998,"3,7,6",U2400
98301,34207,"9,-10,-10,8,5",U2400
98301,43687,"4,6,7",U2400
98301,220984,"8,-9,6,8",U2400
43687,34207,"6,13,7",U2400
34207,220984,"8,7,-9,8",U2400
220984,43687,"8,10,-12,9",U2400
96820,219402,"7,3,3",U2400
230805,264093,"9,4,9",U2400
230805,218524,"1,-10,6,5",U2400
264093,218524,"8,9,7",U2400
203187,47064,"9,11,-9,-8,5",U2400
47064,1150977,"3,13,7",U2400
47064,91339,"9,9,9",U2400
203187,1150977,"3,11,5",U2400
203187,91339,"5,5,9",U2400
91339,1150977,"10,-6,3,-5,9",U2400
93106,82535,"3,8,6",U2400
93106,221166,"4,5,7",U2400
82535,221166,"7,9,-12,9",U2400
94469,92628,"12,5,5",U2400
96618,92628,"6,-8,13,9",U2400
263695,92628,"7,6,9",U2400
94469,96618,"3,3,4",U2400
94469,263695,"7,7,5",U2400
96618,263695,"-9,3,10,8",U2400
213603,216241,"7,-4,7,-8,8",U2400
213603,1178802,"5,11,8",U2400
213603,1171469,"9,7,7",U2400
216241,1178802,"7,10,9",U2400
216241,1171469,"9,10,7",U2400
1178802,1171469,"-9,9,7,6",U2400
34825,272586,"7,6,6",U2400
34825,1132007,"-7,4,3,4",U2400
272586,1132007,"3,-7,-7,7,6",U2400
93102,262852,"7,9,9",U2400
93102,214419,"4,9,3",U2400
93102,212177,"5,9,4",U2400
262852,214419,"8,-10,9,5",U2400
262852,212177,"8,9,6",U2400
214419,212177,"-5,7,3,-9,9",U2400
223375,1165422,"5,8,6",U2400
223375,1169576,"5,-12,6,7",U2400
223375,70476,"-3,9,6,4",U2400
1165422,1169576,"4,6,8",U2400
1165422,70476,"9,9,-10,8",U2400
1169576,70476,"2,7,-14,9",U2400
91909,1164233,"-7,-5,9,4,8",U2400
1164233,87690,"3,3,5",U2400
1164233,1166449,"10,6,7",U2400
91909,87690,"-9,9,11,7",U2400
91909,1166449,"9,8,-9,9",U2400
87690,1166449,"-9,7,4,5",U2400
27825,91747,"7,-9,-7,7,8",U2400
91747,131129,"-10,-12,6,4,11",U2400
91747,223150,"7,10,-9,10",U2400
27825,131129,"4,9,9",U2400
27825,223150,"8,6,7",U2400
131129,223150,"5,4,6",U2400
94028,1171292,"8,8,8",U2400
94028,211738,"8,10,4",U2400
94028,202651,"3,8,13",U2400
1171292,211738,"7,5,6",U2400
1171292,202651,"8,6,7",U2400
202651,211738,"6,10,-9,12",U2400
94536,216497,"6,-14,4,-12,7",U2400
216497,1172473,"-7,7,4,7",U2400
94536,1172473,"-9,14,6,11",U2400
98253,220298,"4,-1,9,3",U2400
98253,1151106,"-9,4,8,5",U2400
98253,267363,"4,5,10",U2400
220298,1151106,"6,6,6",U2400
220298,267363,"4,3,6",U2400
1151106,267363,"3,8,6",U2400
90352,40278,"9,6,8",U2400
90352,1164602,"8,8,-9,4",U2400
1164602,40278,"-9,8,12,6",U2400
95284,1157583,"1,5,9",U2400
95284,203151,"3,6,9",U2400
1157583,203151,"10,11,16",U2400
92213,98257,"-3,6,10,-3,5",U2400
92213,219179,"-6,2,6,9",U2400
92213,52189,"2,6,5",U2400
98257,219179,"6,5,-7,-10,7",U2400
98257,52189,"-8,5,7,6",U2400
219179,52189,"3,8,9",U2400
219405,94602,"6,10,6",U2400
219405,97134,"12,5,7",U2400
94602,97134,"7,-6,7,5",U2400
277121,1157612,"9,-8,8,11",U2400
277121,92549,"7,5,9",U2400
277121,218523,"7,6,4",U2400
1157612,92549,"3,8,2",U2400
1157612,218523,"4,5,9",U2400
218523,92549,"-7,-7,4,9,9",U2400
218625,218461,"3,-7,2,-4,8",U2400
218461,98041,"-6,-7,7,7,7",U2400
218461,270389,"8,10,6",U2400
218625,98041,"7,7,13",U2400
218625,270389,"8,-4,-8,10,6",U2400
98041,270389,"-8,-8,7,9,9",U2400
96726,86553,"9,6,7",U2400
86553,1171068,"1,4,8",U2400
86553,97451,"7,9,6",U2400
96726,1171068,"5,3,4",U2400
96726,97451,"3,1,9",U2400
1150995,223084,"-8,6,8,8",U2400
1150995,77202,"6,5,7",U2400
1176626,223084,"5,3,8",U2400
77202,1176626,"-10,9,6,6",U2400
77202,223084,"9,-6,9,7",U2400
12948,92451,"3,5,3",U2400
12948,229635,"8,8,3",U2400
229635,92451,"8,6,3",U2400
219237,1172448,"2,6,7",U2400
219237,229498,"3,5,6",U2400
229498,1172448,"-6,7,9,-10,11",U2400
1167521,35087,"5,7,3",U2400
1167521,202548,"7,6,7",U2400
218837,35087,"10,6,-8,5",U2400
218837,202548,"9,9,-10,10",U2400
35087,202548,"11,-9,6,9",U2400
96820,88214,"8,5,8",U2200
96820,217073,"9,6,8",U2200
96820,279116,"8,5,9",U2200
88214,217073,"4,-9,12,-8,8",U2200
88214,279116,"8,-11,10,13",U2200
217073,279116,"8,10,-8,6",U2200
13020,271260,"-10,7,5,1",U2200
13020,1171468,"8,4,7",U2200
279153,13020,"8,-7,-9,8,4",U2200
1171468,271260,"10,15,8",U2200
279153,271260,"7,9,10",U2200
279153,1171468,"7,6,9",U2200
216497,196123,"7,-11,-11,10,9",U2200
216497,32500,"10,8,7",U2200
216497,268526,"-5,3,5,7",U2200
32500,196123,"-9,4,12,7",U2200
268526,196123,"5,-9,6,-3,6",U2200
268526,32500,"10,-11,8,-7,4",U2200
1150995,92549,"5,7,4",U2200
1150995,221078,"7,7,-5,6",U2200
1150995,198129,"3,3,7",U2200
92549,221078,"7,6,5",U2200
92549,198129,"4,8,6",U2200
221078,198129,"3,-6,4,7",U2200
223599,1151106,"8,-7,-6,10,4",U2200
223599,1171068,"7,9,8",U2200
223599,1176584,"7,4,7",U2200
1151106,1171068,"-7,7,8,-7,-9",U2200
1176584,1151106,"-9,9,9,3",U2200
1176584,1171068,"6,5,6",U2200
1176626,40278,"8,6,7",U2200
1176626,35087,"8,6,5",U2200
1176626,197653,"9,1,5",U2200
40278,35087,"14,7,7",U2200
40278,197653,"9,3,9",U2200
35087,197653,"1,7,3",U2200
218625,1157583,"8,9,4",U2200
218625,5004,"6,6,14",U2200
218625,1175701,"7,7,6",U2200
5004,1157583,"10,7,4",U2200
1157583,1175701,"7,5,6",U2200
5004,1175701,"6,3,1",U2200
94536,131129,"-11,-12,14,4,3",U2200
94536,37020,"-5,8,10,8",U2200
94536,1175517,"1,5,8",U2200
131129,37020,"6,9,0",U2200
131129,1175517,"4,3,4",U2200
98257,94602,"6,-9,7,5",U2200
98257,1172448,"5,5,7",U2200
98257,271599,"4,5,9",U2200
94602,1172448,"6,6,12",U2200
94602,271599,"12,6,4",U2200
1172448,271599,"5,4,6",U2200
90352,211738,"5,9,9",U2200
90352,92451,"7,-7,8,4",U2200
90352,1151105,"8,4,9",U2200
211738,92451,"7,7,6",U2200
211738,1151105,"4,8,4",U2200
92451,1151105,"4,5,6",U2200
10437,1172473,"5,8,4",U2200
10437,223084,"4,-6,4,4",U2200
10437,1165565,"6,5,6",U2200
1172473,223084,"6,11,9",U2200
1172473,1165565,"7,4,6",U2200
223084,1165565,"5,6,7",U2200
1177907,1170609,"7,8,5",U2200
1168516,1177907,"-9,-8,8,9,9",U2200
1177907,1178109,"7,6,5",U2200
1168516,1170609,"2,4,3",U2200
1178109,1170609,"9,8,5",U2200
1168516,1178109,"8,7,2",U2200
1177202,203096,"7,10,10",U2200
1177202,72925,"4,7,7",U2200
1177202,1171351,"5,8,9",U2200
203096,72925,"-7,4,4,13",U2200
203096,1171351,"4,2,-9,3",U2200
72925,1171351,"4,7,10",U2200
219405,87690,"4,-11,4,-8,4",U2200
219405,229635,"7,6,6",U2200
219405,272224,"4,5,2",U2200
229635,87690,"5,-5,4,7",U2200
87690,272224,"6,8,4",U2200
229635,272224,"6,4,5",U2200
1171292,1169576,"7,-7,9,8",U2200
1171292,229498,"5,6,8",U2200
1171292,1175702,"5,-9,6,8",U2200
1169576,229498,"5,7,7",U2200
1169576,1175702,"11,4,7",U2200
229498,1175702,"-8,8,8,6",U2200
1171728,1170759,"13,-7,5,6",U2200
1171728,77202,"6,10,7",U2200
1171728,90843,"7,3,2",U2200
1170759,77202,"9,9,4",U2200
1170759,90843,"4,6,6",U2200
77202,90843,"0,3,9",U2200
27825,214419,"6,4,6",U2200
27825,218523,"5,5,5",U2200
27825,1173656,"5,8,5",U2200
214419,218523,"-8,10,3,9",U2200
214419,1173656,"6,7,5",U2200
218523,1173656,"7,7,9",U2200
91909,1178802,"1,6,8",U2200
91909,269570,"9,5,2",U2200
91909,24961,"7,4,-6,6",U2200
1178802,269570,"10,9,-7,6",U2200
1178802,24961,"6,-8,7,1",U2200
269570,24961,"5,5,11",U2200
270911,1165422,"-3,-6,8,7,8",U2200
1165422,270389,"5,5,7",U2200
1165422,268979,"10,6,6",U2200
270911,270389,"10,-11,-7,8,5",U2200
270911,268979,"2,10,4",U2200
270389,268979,"-8,5,5,6",U2200
262852,1171855,"4,2,9",U2200
262852,98192,"3,11,11",U2200
262852,1176795,"8,4,8",U2200
1171855,98192,"6,9,12",U2200
1171855,1176795,"8,7,9",U2200
98192,1176795,"3,-8,5,9",U2200
94469,269745,"8,7,1",U2200
94469,52189,"3,4,3",U2200
94469,222909,"2,6,8",U2200
269745,52189,"-8,5,3,4",U2200
269745,222909,"6,8,-6,9",U2200
52189,222909,"6,-7,-8,10,5",U2200
216241,272586,"-9,5,5,-8,10",U2200
216241,97134,"2,6,8",U2200
216241,275694,"2,6,8",U2200
97134,272586,"2,-9,-9,12,6",U2200
275694,272586,"-7,8,7,5",U2200
97134,275694,"-8,9,9,-7,4",U2200
64766,219486,"10,4,7",U2200
64766,97451,"6,13,5",U2200
64766,1171736,"4,4,4",U2200
219486,97451,"5,7,6",U2200
219486,1171736,"-4,6,5,7",U2200
97451,1171736,"5,10,8",U2200
10533,82535,"7,7,7",U2200
10533,265334,"7,4,7",U2200
10533,28804,"9,9,9",U2200
82535,265334,"9,9,6",U2200
82535,28804,"10,3,6",U2200
265334,28804,"10,4,7",U2200
96618,96508,"-4,-7,6,7,10",U2200
96508,268653,"7,10,9",U2200
96508,1132458,"-6,-8,10,9,4",U2200
96618,268653,"6,9,8",U2200
96618,1132458,"11,9,-8,6",U2200
268653,1132458,"3,8,4",U2200
230805,271274,"5,4,10",U2200
230805,271061,"7,5,4",U2200
230805,217785,"2,3,3",U2200
271274,271061,"5,3,-9,-10,8",U2200
271274,217785,"5,8,10",U2200
271061,217785,"13,4,-9,6",U2200
203151,219888,"9,10,7",U2200
219888,1171225,"5,2,8",U2200
203151,1171225,"4,7,2",U2200
34207,1157745,"-8,5,6,5",U2200
34207,212177,"5,6,4",U2200
34207,218722,"2,5,2",U2200
1157745,212177,"6,8,-9,6",U2200
1157745,218722,"10,10,7",U2200
212177,218722,"-7,6,7,3",U2200
213810,256702,"12,-7,9,-6,9",U2200
213810,1132007,"2,8,-9,-11,4",U2200
213810,224072,"4,8,-9,4",U2200
256702,1132007,"7,-10,6,7",U2200
256702,224072,"-11,-9,4,6,8",U2200
224072,1132007,"8,8,-5,9",U2200
43687,90630,"7,-9,9,-7,9",U2200
90630,1171469,"7,6,6",U2200
90630,85963,"7,2,7",U2200
43687,1171469,"9,4,10",U2200
43687,85963,"-8,7,6,4",U2200
1171469,85963,"4,7,5",U2200
45824,223759,"5,9,-6,8",U2200
223759,70476,"-6,7,8,6",U2200
223759,95450,"3,7,-9,3",U2200
70476,45824,"-2,-9,3,5,7",U2200
45824,95450,"6,8,9",U2200
70476,95450,"4,6,6",U2200
219210,76326,"10,9,15",U2200
219210,91339,"8,4,3",U2200
219210,270519,"1,8,6",U2200
76326,91339,"0,6,10",U2200
76326,270519,"5,1,9",U2200
91339,270519,"-9,9,9,9",U2200
264276,256412,"8,9,12",U2200
264276,263695,"5,4,11",U2200
264276,1171874,"7,-13,7,8",U2200
256412,263695,"6,7,8",U2200
256412,1171874,"-9,5,9,8",U2200
263695,1171874,"10,8,10",U2200
217080,94668,"9,9,9",U2200
1166449,217080,"6,-6,9,9",U2200
217080,91169,"7,7,7",U2200
94668,1166449,"6,7,7",U2200
94668,91169,"6,3,3",U2200
1166449,91169,"4,8,7",U2200
84087,2655,"10,6,5",U2200
84087,1172725,"8,3,5",U2200
84087,270887,"8,6,-9,8",U2200
2655,1172725,"8,4,10",U2200
270887,2655,"-9,-12,7,7,7",U2200
270887,1172725,"3,9,-7,-10,4",U2200
91765,271809,"9,6,8",U2200
91765,223150,"7,6,4",U2200
91765,230779,"6,9,6",U2200
271809,223150,"9,-6,6,12",U2200
271809,230779,"7,4,3",U2200
230779,223150,"8,-4,7,8",U2200
216131,1171480,"5,6,7",U2200
216131,218524,"8,1,5",U2200
216131,229837,"8,4,6",U2200
1171480,218524,"-9,8,4,6",U2200
1171480,229837,"-10,8,10,12",U2200
218524,229837,"9,-9,4,9",U2200
231222,271539,"8,11,6",U2200
231222,275037,"4,4,-13,-8,5",U2200
231222,216225,"4,7,-9,7",U2200
271539,275037,"3,9,9",U2200
271539,216225,"9,-6,2,7",U2200
275037,216225,"9,7,-11,8",U2200
270083,87979,"5,9,-5,11",U2200
87979,219402,"5,8,7",U2200
87979,270089,"7,8,4",U2200
270083,219402,"5,4,5",U2200
270083,270089,"1,6,4",U2200
270089,219402,"5,5,9",U2200
264219,95295,"-7,-8,8,10,9",U2200
264219,220984,"3,4,-6,4",U2200
264219,1166750,"7,2,6",U2200
95295,220984,"7,-8,9,9",U2200
95295,1166750,"4,3,3",U2200
220984,1166750,"5,2,3",U2200
221549,263284,"3,6,5",U2200
221549,1177998,"6,5,4",U2200
221549,1171127,"4,1,7",U2200
263284,1177998,"2,6,4",U2200
263284,1171127,"7,8,4",U2200
1171127,1177998,"-10,4,5,5",U2200
25344,1164236,"8,5,8",U2200
1164236,5021,"3,-10,9,4",U2200
1164236,270305,"7,4,7",U2200
25344,5021,"8,6,4",U2200
25344,270305,"8,8,7",U2200
270305,5021,"10,11,7",U2200
230237,1167527,"8,-8,-5,10,4",U2200
230237,415,"11,5,5",U2200
230237,268620,"-8,4,6,5",U2200
415,1167527,"-2,4,9,-6,7",U2200
1167527,268620,"-8,9,7,10",U2200
268620,415,"11,7,-9,10",U2200
94680,220461,"4,-9,5,6",U2200
94680,220839,"6,5,6",U2200
220461,220839,"-15,6,13,7",U2200
230483,267433,"3,7,5",U2200
230483,53058,"0,6,6",U2200
230483,1174545,"8,6,6",U2200
53058,267433,"8,8,-6,8",U2200
267433,1174545,"5,11,-6,1",U2200
53058,1174545,"6,7,-10,5",U2200
223760,74947,"5,5,-11,-5,5",U2200
74947,214471,"5,9,-3,9",U2200
74947,1175417,"6,9,6",U2200
223760,214471,"8,7,-8,9",U2200
223760,1175417,"4,6,9",U2200
214471,1175417,"7,6,2",U2200
224231,73450,"4,5,7",U2200
224231,203221,"6,6,7",U2200
224231,91267,"7,3,9",U2200
73450,203221,"6,7,-13,9",U2200
73450,91267,"5,2,-10,8",U2200
203221,91267,"6,10,9",U2200
1165421,35094,"8,-8,-5,4,9",U2200
1165421,220237,"9,9,-9,-7,5",U2200
1165421,272956,"8,7,4",U2200
220237,35094,"-8,-7,7,8,7",U2200
35094,272956,"8,7,-8,5",U2200
220237,272956,"8,-6,7,8",U2200
220297,2316,"6,9,3",U2200
222509,220297,"6,8,9",U2200
220297,223243,"8,7,6",U2200
2316,222509,"8,10,-8,8",U2200
2316,223243,"4,8,3",U2200
222509,223243,"5,9,11",U2200
83686,219904,"7,6,-10,10",U2200
219904,271145,"12,3,-8,6",U2200
271145,83686,"5,8,8",U2200
219191,269693,"4,3,-8,9",U2200
269693,28551,"-9,9,5,2",U2200
269693,97671,"10,5,8",U2200
219191,28551,"6,5,8",U2200
219191,97671,"10,9,3",U2200
28551,97671,"0,10,4",U2200
270366,1131655,"7,8,8",U2200
270366,229714,"-9,6,5,8",U2200
270366,277356,"6,3,9",U2200
229714,1131655,"7,8,-5,11",U2200
1131655,277356,"7,7,-9,9",U2200
229714,277356,"-9,2,9,6",U2200
219347,219686,"-8,7,9,6",U2200
219347,74222,"7,6,8",U2200
219347,219739,"9,6,5",U2200
219686,74222,"3,-8,9,11",U2200
219686,219739,"2,2,4",U2200
74222,219739,"7,6,8",U2200
214764,221729,"9,3,5",U2200
214764,216848,"7,8,-8,9",U2200
214764,223040,"2,5,1",U2200
221729,216848,"-5,7,7,8",U2200
221729,223040,"6,-7,7,9",U2200
216848,223040,"4,-10,6,6",U2200
217143,223797,"7,8,8",U2200
217143,1164157,"-8,7,7,-11,8",U2200
217143,90459,"9,9,9",U2200
223797,1164157,"7,9,-6,8",U2200
223797,90459,"4,7,8",U2200
1164157,90459,"6,7,7",U2200
85572,74880,"-8,7,6,-4,5",U2200
85572,14694,"3,8,6",U2200
85572,30231,"-7,1,8,6",U2200
74880,14694,"7,6,8",U2200
74880,30231,"-9,13,8,4",U2200
14694,30231,"7,6,5",U2200
1157713,1172851,"9,9,9",U2200
1172851,270390,"9,9,7",U2200
1172851,267299,"9,3,6",U2200
1157713,270390,"9,9,9",U2200
1157713,267299,"6,7,11",U2200
267299,270390,"7,12,-5,8",U2200
272482,211608,"7,-9,6,3",U2200
272482,265238,"13,8,7",U2200
211608,265238,"11,-7,7,6",U2200
85490,1171128,"-3,10,-8,11,11",U2200
85490,271137,"8,-8,6,6",U2200
85490,1166536,"4,9,7",U2200
1171128,271137,"4,-10,8,10",U2200
1171128,1166536,"9,-10,3,7",U2200
271451,271961,"6,8,8",U1600 Adult
271451,230253,"5,8,5",U1600 Adult
230253,271961,"-6,4,7,3",U1600 Adult
27823,80797,"-6,9,6,7",U1600 Adult
80797,265685,"3,8,-10,9",U1600 Adult
265685,27823,"6,8,9",U1600 Adult
271911,216062,"9,12,-8,-8,6",U1600 Adult
271911,1164150,"10,6,5",U1600 Adult
271911,999003,"10,9,7",U1600 Adult
1164150,216062,"12,4,4",U1600 Adult
216062,999003,"-9,7,5,11",U1600 Adult
1164150,999003,"3,8,2",U1600 Adult
98071,3920,"8,9,2",U1600 Adult
98071,1171968,"-8,7,6,-8,2",U1600 Adult
98071,1178451,"2,3,7",U1600 Adult
1171968,3920,"3,-9,8,8",U1600 Adult
1178451,3920,"9,3,10",U1600 Adult
1171968,1178451,"3,12,7",U1600 Adult
218150,276927,"-5,7,9,-7,6",U1600 Adult
218150,201842,"5,4,6",U1600 Adult
218150,279056,"6,12,8",U1600 Adult
276927,201842,"-5,8,9,2",U1600 Adult
276927,279056,"7,4,-10,4",U1600 Adult
279056,201842,"10,6,-9,11",U1600 Adult
271598,221693,"7,6,4",U1600 Adult
271598,92651,"10,-10,7,9",U1600 Adult
271598,46331,"3,2,1",U1600 Adult
92651,221693,"6,-10,13,6",U1600 Adult
221693,46331,"5,1,6",U1600 Adult
92651,46331,"5,2,3",U1600 Adult
1175389,1167093,"7,-14,-12,12,12",U1600 Adult
1175389,220092,"3,13,8",U1600 Adult
1175389,273685,"5,1,-8,5",U1600 Adult
1167093,220092,"6,7,6",U1600 Adult
1167093,273685,"4,6,8",U1600 Adult
220092,273685,"8,-7,9,3",U1600 Adult
223775,1174196,"6,7,9",U1600 Adult
223775,269408,"6,7,2",U1600 Adult
223775,215227,"3,-7,9,9",U1600 Adult
1174196,269408,"3,10,-9,9",U1600 Adult
1174196,215227,"8,6,7",U1600 Adult
269408,215227,"-5,3,9,10",U1600 Adult
1174103,1177299,"-12,5,9,4",U1600 Adult
1174103,1168383,"4,4,-11,8",U1600 Adult
1174103,1175703,"9,7,-9,7",U1600 Adult
1177299,1168383,"10,10,10",U1600 Adult
1175703,1177299,"6,9,-8,4",U1600 Adult
1168383,1175703,"-9,6,9,-10,14",U1600 Adult
82256,1165111,"-10,8,-6,4,9",U1600 Adult
82256,1180000,"6,10,8",U1600 Adult
1165111,1180000,"5,5,0",U1600 Adult
1177275,51131,"6,10,-7,4",U1600 Adult
222685,51131,"5,-6,4,-7,9",U1600 Adult
51131,1165461,"-4,9,5,7",U1600 Adult
1177275,222685,"-7,9,9,4",U1600 Adult
1165461,1177275,"-7,-5,10,8,13",U1600 Adult
1165461,222685,"11,7,6",U1600 Adult
196592,231503,"10,1,9",U1600 Adult
1177578,196592,"-6,8,10,8",U1600 Adult
274741,196592,"8,-7,-6,6,11",U1600 Adult
1177578,231503,"10,9,-10,10",U1600 Adult
274741,231503,"8,8,-10,6",U1600 Adult
1177578,274741,"-8,4,4,6",U1600 Adult
211647,273217,"6,1,8",U1600 Adult
211647,1174319,"6,5,6",U1600 Adult
273217,1174319,"7,9,8",U1600 Adult
214854,88195,"8,5,-9,-8,4",U1600 Adult
214854,275929,"5,-9,7,8",U1600 Adult
214854,271799,"9,8,9",U1600 Adult
88195,275929,"-9,8,4,3",U1600 Adult
88195,271799,"8,2,-9,7",U1600 Adult
271799,275929,"9,8,7",U1600 Adult
1169425,1174531,"9,-6,9,6",U1600 Adult
1174531,1175982,"9,-6,6,9",U1600 Adult
1174531,270494,"-6,-8,11,9,10",U1600 Adult
1169425,1175982,"7,6,-15,3",U1600 Adult
1169425,270494,"4,5,4",U1600 Adult
270494,1175982,"4,6,7",U1600 Adult
266503,269513,"7,7,-9,7",U1600 Adult
272061,269513,"-8,7,7,-8,8",U1600 Adult
91500,269513,"-7,10,9,9",U1600 Adult
266503,272061,"-7,-10,3,8,7",U1600 Adult
266503,91500,"4,6,6",U1600 Adult
272061,91500,"6,11,-9,11",U1600 Adult
218218,94281,"9,9,-4,11",U1600 Adult
218218,273520,"7,6,7",U1600 Adult
94281,273520,"4,3,-12,2",U1600 Adult
270905,1171096,"8,6,-5,7",U1600 Adult
220851,1171096,"6,-8,8,-11,7",U1600 Adult
1171096,1178073,"4,-6,7,6",U1600 Adult
220851,270905,"5,9,11",U1600 Adult
270905,1178073,"3,8,-8,10",U1600 Adult
220851,1178073,"4,5,5",U1600 Adult
271601,64451,"9,8,8",U1600 Adult
271601,221912,"11,5,9",U1600 Adult
271601,270888,"4,8,8",U1600 Adult
64451,221912,"-2,1,4,4",U1600 Adult
64451,270888,"0,9,1",U1600 Adult
221912,270888,"-8,8,8,10",U1600 Adult
273335,80114,"6,-6,9,9",U1600 Adult
273335,221365,"-5,9,10,10",U1600 Adult
273335,1177832,"5,6,2",U1600 Adult
221365,80114,"10,5,-8,5",U1600 Adult
80114,1177832,"9,5,-8,6",U1600 Adult
221365,1177832,"3,5,2",U1600 Adult
84211,72061,"7,9,5",U1600 Adult
84211,267317,"-5,6,9,9",U1600 Adult
84211,6421,"5,9,8",U1600 Adult
72061,267317,"-7,7,6,6",U1600 Adult
72061,6421,"9,9,3",U1600 Adult
267317,6421,"-9,7,7,5",U1600 Adult
270099,266781,"-9,10,9,6",U1600 Adult
270099,275298,"10,9,5",U1600 Adult
270099,8939,"5,1,3",U1600 Adult
266781,275298,"6,-2,7,11",U1600 Adult
8939,266781,"-12,10,-4,4,7",U1600 Adult
275298,8939,"7,7,-5,-5,6",U1600 Adult
1175981,1178451,"11,6,-7,9",U1200 Adult
271207,1175981,"5,-9,9,-9,7",U1200 Adult
1175981,1180552,"8,9,7",U1200 Adult
1178451,271207,"-6,5,4,8",U1200 Adult
1178451,1180552,"1,2,3",U1200 Adult
271207,1180552,"7,6,4",U1200 Adult
6421,273520,"8,8,-8,9",U1200 Adult
273520,215227,"10,8,6",U1200 Adult
273520,1176192,"3,4,4",U1200 Adult
6421,215227,"7,9,8",U1200 Adult
6421,1176192,"5,5,11",U1200 Adult
215227,1176192,"4,3,4",U1200 Adult
1174319,1151056,"7,5,9",U1200 Adult
276615,1151056,"-6,7,6,7",U1200 Adult
274556,1151056,"10,-10,8,6",U1200 Adult
1174319,276615,"6,6,8",U1200 Adult
1174319,274556,"4,4,-9,-8,8",U1200 Adult
276615,274556,"7,-8,-7,9,4",U1200 Adult
250233,1175452,"6,7,-8,-7,5",U1200 Adult
250233,273685,"-10,6,3,9",U1200 Adult
250233,1177096,"9,8,2",U1200 Adult
273685,1175452,"9,11,-7,-5,7",U1200 Adult
1175452,1177096,"7,10,-8,8",U1200 Adult
273685,1177096,"-5,4,6,9",U1200 Adult
231598,92138,"5,5,6",U1200 Adult
231598,1175402,"3,5,5",U1200 Adult
92138,1175402,"7,4,12",U1200 Adult
229438,1168339,"9,4,4",U1200 Adult
229438,999003,"4,7,9",U1200 Adult
1168339,999003,"8,6,-8,5",U1200 Adult
270494,1177832,"6,8,8",U1200 Adult
263946,270494,"7,-9,8,6",U1200 Adult
270494,1175891,"1,5,5",U1200 Adult
263946,1177832,"2,-8,-4,11,7",U1200 Adult
1177832,1175891,"1,7,4",U1200 Adult
263946,1175891,"9,5,10",U1200 Adult
216497,277356,"9,7,6",U2000 Adult
216497,221923,"3,4,7",U2000 Adult
277356,221923,"8,4,8",U2000 Adult
94668,203231,"6,7,4",U2000 Adult
94668,220839,"10,6,7",U2000 Adult
220839,203231,"9,4,9",U2000 Adult
25344,271451,"9,8,1",U2000 Adult
25344,203034,"3,-9,3,9",U2000 Adult
25344,278819,"7,9,3",U2000 Adult
203034,271451,"6,-6,9,-8,7",U2000 Adult
278819,271451,"-7,6,9,-8,4",U2000 Adult
278819,203034,"-6,5,6,-12,7",U2000 Adult
271809,88923,"5,4,8",U2000 Adult
271809,216765,"6,3,7",U2000 Adult
271809,279116,"7,-6,8,5",U2000 Adult
88923,216765,"7,2,9",U2000 Adult
279116,88923,"9,10,-6,6",U2000 Adult
216765,279116,"7,7,9",U2000 Adult
1171480,1168517,"5,3,6",U2000 Adult
2655,95450,"4,-5,3,9",U2000 Adult
2655,1168383,"5,10,5",U2000 Adult
95450,1168383,"9,-7,5,19",U2000 Adult
268220,97671,"2,6,8",U2000 Adult
268220,1166750,"8,7,-6,12",U2000 Adult
97671,1166750,"-9,7,8,8",U2000 Adult
28551,219739,"5,2,8",U2000 Adult
28551,274741,"9,5,6",U2000 Adult
219739,274741,"-7,14,7,-7,7",U2000 Adult
1176554,58954,"6,7,9",U2000 Adult
1176554,81398,"7,6,6",U2000 Adult
1176554,222685,"6,3,9",U2000 Adult
58954,81398,"5,-6,11,-2,11",U2000 Adult
58954,222685,"4,8,6",U2000 Adult
81398,222685,"-8,8,9,8",U2000 Adult
45824,86888,"-5,5,7,6",U2000 Adult
45824,201842,"5,7,7",U2000 Adult
86888,201842,"8,5,7",U2000 Adult
43687,216848,"5,7,8",U2000 Adult
43687,71722,"6,9,8",U2000 Adult
43687,221912,"2,4,4",U2000 Adult
216848,71722,"-9,-5,8,2,6",U2000 Adult
216848,221912,"8,8,8",U2000 Adult
71722,221912,"8,6,8",U2000 Adult
82535,14694,"4,1,8",U2000 Adult
82535,85963,"9,5,10",U2000 Adult
82535,1175703,"-9,6,6,3",U2000 Adult
85963,14694,"10,-6,10,8",U2000 Adult
14694,1175703,"8,-9,7,6",U2000 Adult
85963,1175703,"3,8,4",U2000 Adult
1164157,218593,"-11,-12,6,6,8",U2000 Adult
220260,218593,"7,11,4",U2000 Adult
218593,88195,"8,7,11",U2000 Adult
220260,1164157,"6,-5,8,-7,10",U2000 Adult
1164157,88195,"2,3,5",U2000 Adult
220260,88195,"9,10,6",U2000 Adult
74222,87690,"10,-10,-7,7,10",U2000 Adult
91169,87690,"13,8,8",U2000 Adult
87690,72061,"-6,-8,8,7,2",U2000 Adult
91169,74222,"5,-7,10,-8,4",U2000 Adult
74222,72061,"8,8,4",U2000 Adult
91169,72061,"-7,4,-6,3,10",U2000 Adult
131129,57060,"9,9,1",U2000 Adult
131129,1169913,"4,2,2",U2000 Adult
131129,3920,"2,7,4",U2000 Adult
57060,1169913,"10,-9,5,3",U2000 Adult
57060,3920,"7,1,4",U2000 Adult
1169913,3920,"5,4,7",U2000 Adult
53058,211738,"9,3,9",U2000 Adult
211738,270519,"-8,7,-10,11,12",U2000 Adult
211738,223122,"9,-11,8,12",U2000 Adult
53058,270519,"5,-8,10,-4,1",U2000 Adult
53058,223122,"5,5,8",U2000 Adult
270519,223122,"-10,7,7,5",U2000 Adult
1157583,277585,"10,-10,-8,4,8",U2000 Adult
1157583,217785,"7,-6,6,-6,6",U2000 Adult
277585,217785,"-8,9,2,5",U2000 Adult
40278,508,"-9,5,2,9",U2000 Adult
40278,1174196,"7,5,-8,1",U2000 Adult
508,1174196,"7,7,6",U2000 Adult
88214,415,"11,6,8",U2000 Adult
88214,81397,"5,3,5",U2000 Adult
88214,276927,"3,3,7",U2000 Adult
415,81397,"9,5,6",U2000 Adult
415,276927,"5,1,6",U2000 Adult
276927,81397,"9,8,8",U2000 Adult
1171068,218150,"-8,7,-7,9,7",U2000 Adult
1171068,24961,"8,7,4",U2000 Adult
218150,24961,"-6,7,10,5",U2000 Adult
221078,220984,"-5,-5,5,7,8",U2000 Adult
221078,98071,"4,3,8",U2000 Adult
221078,1175982,"3,7,7",U2000 Adult
220984,98071,"8,9,9",U2000 Adult
220984,1175982,"3,7,8",U2000 Adult
270105,54488,"-5,8,4,11",U2000 Adult
54488,1165111,"6,7,8",U2000 Adult
270105,1165111,"10,6,9",U2000 Adult
91339,202979,"5,10,-7,-9,8",U2000 Adult
202979,82256,"-9,6,5,5",U2000 Adult
202979,94281,"6,-5,7,-5,2",U2000 Adult
82256,91339,"-7,6,6,10",U2000 Adult
91339,94281,"3,5,9",U2000 Adult
82256,94281,"8,-8,6,6",U2000 Adult
6050,35087,"9,6,-9,8",U2000 Adult
35087,51131,"8,4,2",U2000 Adult
35087,1173656,"-9,6,7,6",U2000 Adult
6050,51131,"8,-7,7,6",U2000 Adult
1173656,6050,"5,3,5",U2000 Adult
1173656,51131,"-7,7,4,10",U2000 Adult
70476,5004,"12,-10,8,-14,7",U2000 Adult
5004,1175389,"9,9,5",U2000 Adult
5004,1169425,"8,6,-6,8",U2000 Adult
70476,1175389,"-6,3,4,3",U2000 Adult
70476,1169425,"-10,7,9,4",U2000 Adult
1169425,1175389,"7,-7,11,9",U2000 Adult
223084,203011,"7,6,8",U2000 Adult
211647,223084,"5,-8,10,9",U2000 Adult
223084,90843,"1,2,4",U2000 Adult
211647,203011,"6,9,7",U2000 Adult
203011,90843,"3,4,2",U2000 Adult
211647,90843,"7,6,5",U2000 Adult
202651,92451,"2,2,5",U2000 Adult
271601,92451,"5,1,-9,6",U2000 Adult
269408,92451,"7,1,1",U2000 Adult
202651,271601,"6,8,6",U2000 Adult
202651,269408,"9,8,7",U2000 Adult
271601,269408,"5,3,-5,6",U2000 Adult
267363,29027,"1,4,3",U2000 Adult
267363,266781,"5,7,3",U2000 Adult
266781,29027,"-13,7,-3,6,8",U2000 Adult
203151,72925,"8,7,6",U2000 Adult
72925,196592,"-10,6,6,5",U2000 Adult
203151,196592,"5,7,2",U2000 Adult
203151,270099,"8,10,6",U2000 Adult
196592,270099,"8,2,-5,9",U2000 Adult
229498,52189,"9,8,-7,9",U2000 Adult
229498,1171096,"-2,12,9,-8,7",U2000 Adult
84211,229498,"8,8,-10,-10,9",U2000 Adult
52189,1171096,"7,2,9",U2000 Adult
52189,84211,"7,5,9",U2000 Adult
1171096,84211,"6,-9,8,9",U2000 Adult
77202,214854,"13,6,3",U2000 Adult
77202,273335,"-7,6,-9,2,5",U2000 Adult
273335,214854,"-9,1,-8,8,9",U2000 Adult
221078,220260,"7,-8,8,12",U1900 Adult
271911,221078,"10,13,9",U1900 Adult
271911,220260,"6,6,7",U1900 Adult
98041,85963,"5,10,6",U1900 Adult
98041,508,"10,8,7",U1900 Adult
85963,1131686,"11,7,8",U1900 Adult
81397,92451,"5,9,2",U1900 Adult
1175703,92451,"5,-7,1,8",U1900 Adult
81397,1175703,"7,5,6",U1900 Adult
217073,1169913,"9,1,6",U1900 Adult
217073,217785,"7,2,-7,1",U1900 Adult
217785,1169913,"10,7,5",U1900 Adult
278163,926905,"6,10,5",U1900 Adult
278163,218150,"4,3,4",U1900 Adult
278163,1177832,"4,3,1",U1900 Adult
926905,218150,"6,9,-8,5",U1900 Adult
926905,1177832,"3,8,8",U1900 Adult
218150,1177832,"2,3,-9,5",U1900 Adult
71722,229498,"7,7,8",U1900 Adult
229498,20101,"4,5,6",U1900 Adult
71722,20101,"5,4,5",U1900 Adult
52189,270105,"5,7,8",U1900 Adult
52189,1168339,"0,6,6",U1900 Adult
270105,1168339,"5,4,6",U1900 Adult
82256,1166750,"9,5,7",U1900 Adult
1166750,1168383,"10,-7,8,1",U1900 Adult
82256,1168383,"9,6,5",U1900 Adult
267363,1168517,"4,8,-8,8",U1900 Adult
267363,1174103,"8,7,7",U1900 Adult
267363,92651,"5,6,8",U1900 Adult
1168517,1174103,"4,3,-8,-6,4",U1900 Adult
92651,1168517,"-8,5,7,6",U1900 Adult
1174103,92651,"4,7,-12,-5,7",U1900 Adult
202651,219739,"8,7,6",U1900 Adult
202651,1175389,"5,4,8",U1900 Adult
202651,1175982,"5,4,3",U1900 Adult
1175389,219739,"10,8,7",U1900 Adult
219739,1175982,"7,10,7",U1900 Adult
1175982,1175389,"-8,7,6,4",U1900 Adult
70476,81398,"5,3,4",U1900 Adult
70476,267227,"-3,6,-7,8,2",U1900 Adult
70476,231503,"1,3,1",U1900 Adult
267227,81398,"10,6,-8,-6,3",U1900 Adult
81398,231503,"5,5,4",U1900 Adult
267227,231503,"4,3,12",U1900 Adult
221166,95450,"7,3,8",U1900 Adult
221166,51131,"7,4,9",U1900 Adult
221166,1164150,"12,6,8",U1900 Adult
95450,51131,"5,10,-7,7",U1900 Adult
1164150,95450,"9,-9,6,-7,9",U1900 Adult
1164150,51131,"1,13,7",U1900 Adult
1150994,90957,"-8,9,-4,4,4",U1900 Adult
1150994,1169425,"5,-10,7,8",U1900 Adult
1150994,221912,"10,6,7",U1900 Adult
90957,1169425,"10,6,5",U1900 Adult
90957,221912,"6,-11,-9,4,5",U1900 Adult
1169425,221912,"3,8,-12,12",U1900 Adult
220839,214854,"-8,8,2,-7,3",U1900 Adult
220839,222685,"5,8,-7,8",U1900 Adult
214854,222685,"5,3,-10,9",U1900 Adult
220984,45685,"8,6,5",U1900 Adult
220984,211647,"-13,6,8,11",U1900 Adult
220984,269408,"6,1,5",U1900 Adult
211647,45685,"6,8,-5,9",U1900 Adult
269408,45685,"8,8,-6,-3,11",U1900 Adult
211647,269408,"6,-7,9,4",U1900 Adult
203034,266781,"9,9,7",U1900 Adult
203034,201842,"-8,3,8,-10,7",U1900 Adult
266781,201842,"-9,6,-7,1,8",U1900 Adult
415,203231,"3,8,5",U1900 Adult
415,273335,"-7,7,9,8",U1900 Adult
415,271961,"6,8,-10,8",U1900 Adult
203231,273335,"3,9,9",U1900 Adult
203231,271961,"5,5,6",U1900 Adult
273335,271961,"4,6,-4,5",U1900 Adult
88923,277585,"-9,9,11,-8,4",U1900 Adult
277585,84211,"5,8,6",U1900 Adult
277585,276927,"9,-9,4,2",U1900 Adult
84211,88923,"4,-9,-5,6,9",U1900 Adult
88923,276927,"4,9,9",U1900 Adult
84211,276927,"-8,11,6,-12,10",U1900 Adult
28551,88195,"5,-9,5,9",U1900 Adult
264309,88195,"8,-15,-7,4,6",U1900 Adult
97671,1173656,"5,-7,3,-14,11",U1900 Adult
97671,1177275,"8,-9,10,-12,4",U1900 Adult
1173656,1177275,"12,3,5",U1900 Adult
1164157,58954,"-10,9,7,8",U1900 Adult
1164157,218218,"-11,7,7,-7,4",U1900 Adult
58954,218218,"13,-9,9,-9,6",U1900 Adult
86888,75039,"10,-5,7,4",U1900 Adult
86888,24961,"7,6,7",U1900 Adult
75039,24961,"4,11,-2,-15,9",U1900 Adult
1165111,57060,"-8,9,8,7",U1900 Adult
57060,27823,"10,8,8",U1900 Adult
1165111,27823,"-8,6,6,8",U1900 Adult
217073,271601,"6,-7,16,6",U1800 Adult
217073,84211,"9,6,7",U1800 Adult
271601,84211,"5,8,6",U1800 Adult
264944,218218,"8,10,8",U1800 Adult
264944,273335,"-8,7,2,10",U1800 Adult
264944,1178073,"4,3,7",U1800 Adult
218218,273335,"2,7,9",U1800 Adult
218218,1178073,"0,4,7",U1800 Adult
273335,1178073,"9,5,5",U1800 Adult
1150994,1171096,"4,-9,10,10",U1800 Adult
1150994,270099,"6,12,9",U1800 Adult
1150994,1175703,"8,6,3",U1800 Adult
270099,1171096,"9,8,8",U1800 Adult
1175703,1171096,"-9,8,5,-9,8",U1800 Adult
270099,1175703,"-4,6,4,4",U1800 Adult
28551,214854,"7,9,9",U1800 Adult
28551,266781,"4,4,8",U1800 Adult
214854,266781,"-6,5,10,7",U1800 Adult
216848,211647,"7,-9,8,7",U1800 Adult
216848,72061,"-8,6,-9,6,13",U1800 Adult
216848,271799,"9,11,11",U1800 Adult
72061,211647,"-6,6,-12,7,9",U1800 Adult
211647,271799,"5,6,4",U1800 Adult
72061,271799,"-10,7,5,9",U1800 Adult
74222,196592,"6,9,-7,-9,7",U1800 Adult
74222,1169425,"6,11,-6,8",U1800 Adult
74222,1177832,"4,-9,2,4",U1800 Adult
1169425,196592,"7,-8,11,-9,3",U1800 Adult
196592,1177832,"10,8,5",U1800 Adult
1169425,1177832,"6,5,6",U1800 Adult
1164157,82256,"9,4,-9,5",U1800 Adult
1164157,270905,"10,5,10",U1800 Adult
1164157,267317,"7,8,6",U1800 Adult
82256,270905,"6,9,-7,7",U1800 Adult
267317,82256,"-2,8,8,-6,10",U1800 Adult
270905,267317,"1,5,5",U1800 Adult
1174103,14694,"6,8,6",U1800 Adult
14694,64451,"8,9,-2,3",U1800 Adult
14694,270494,"10,8,-7,5",U1800 Adult
1174103,64451,"8,9,8",U1800 Adult
1174103,270494,"4,3,4",U1800 Adult
64451,270494,"3,8,7",U1800 Adult
86888,223775,"7,7,2",U1800 Adult
86888,1177299,"3,8,8",U1800 Adult
221912,86888,"-10,13,-4,9,9",U1800 Adult
223775,1177299,"6,-4,6,10",U1800 Adult
223775,221912,"-9,-8,9,4,8",U1800 Adult
1177299,221912,"-6,-7,9,9,8",U1800 Adult
97671,218150,"9,7,-10,5",U1800 Adult
97671,94281,"7,15,-9,10",U1800 Adult
97671,275298,"7,-8,5,9",U1800 Adult
218150,94281,"6,10,6",U1800 Adult
218150,275298,"11,-6,6,-7,7",U1800 Adult
275298,94281,"8,9,7",U1800 Adult
264309,98071,"7,-10,-7,6,5",U1800 Adult
264309,1165111,"5,8,6",U1800 Adult
264309,8939,"4,7,4",U1800 Adult
98071,1165111,"-7,8,2,-9,7",U1800 Adult
98071,8939,"3,6,8",U1800 Adult
8939,1165111,"9,6,3",U1800 Adult
269595,81397,"8,5,13",U1800 Adult
269595,88195,"5,-10,6,6",U1800 Adult
269595,194783,"-10,8,5,9",U1800 Adult
88195,81397,"-9,6,4,10",U1800 Adult
194783,81397,"-6,9,-7,9,9",U1800 Adult
88195,194783,"6,-9,4,-9,6",U1800 Adult
203231,217785,"4,11,3",U1800 Adult
203231,80114,"2,5,3",U1800 Adult
203231,274741,"4,6,8",U1800 Adult
217785,80114,"4,8,-9,4",U1800 Adult
217785,274741,"-12,6,3,4",U1800 Adult
274741,80114,"6,9,12",U1800 Adult
28804,271451,"8,7,7",U1800 Adult
271451,1174196,"10,8,10",U1800 Adult
221365,271451,"-9,7,8,-9,6",U1800 Adult
28804,1174196,"-8,8,4,-6,7",U1800 Adult
28804,221365,"9,-7,9,7",U1800 Adult
221365,1174196,"10,4,12",U1800 Adult
270519,220839,"3,8,7",U1800 Adult
220839,220851,"15,6,-9,4",U1800 Adult
220839,231503,"5,3,7",U1800 Adult
270519,220851,"9,8,9",U1800 Adult
270519,231503,"6,9,3",U1800 Adult
220851,231503,"7,9,8",U1800 Adult
203034,29524,"9,-9,10,-8,7",U1800 Adult
203034,1177275,"4,8,-5,7",U1800 Adult
203034,1168383,"-9,9,5,9",U1800 Adult
1177275,29524,"4,8,-3,3",U1800 Adult
29524,1168383,"4,1,6",U1800 Adult
1177275,1168383,"11,-8,7,-6,4",U1800 Adult
271911,90957,"-11,7,6,6",U1800 Adult
1173656,90957,"-10,9,4,-8,9",U1800 Adult
271911,1173656,"6,9,-12,9",U1800 Adult
1168517,85963,"-14,6,7,-8,8",U1800 Adult
1168517,1175982,"-10,9,3,5",U1800 Adult
85963,1175982,"-8,5,7,7",U1800 Adult
95450,220260,"6,-8,6,9",U1800 Adult
95450,1167093,"4,4,7",U1800 Adult
95450,1171968,"6,9,7",U1800 Adult
1167093,220260,"7,-6,15,-8,10",U1800 Adult
220260,1171968,"6,11,10",U1800 Adult
1167093,1171968,"4,6,8",U1800 Adult
1174429,86001,"7,6,-3,-6,7",U1800 Adult
86001,1164150,"5,10,6",U1800 Adult
86001,222685,"5,4,3",U1800 Adult
1174429,1164150,"10,6,10",U1800 Adult
1174429,222685,"6,5,0",U1800 Adult
1164150,222685,"2,-10,6,9",U1800 Adult
1166750,71722,"13,8,8",U1800 Adult
1166750,3920,"3,5,6",U1800 Adult
1166750,92651,"-6,8,-4,7,11",U1800 Adult
71722,3920,"4,9,13",U1800 Adult
71722,92651,"5,-9,9,7",U1800 Adult
92651,3920,"3,3,2",U1800 Adult
926905,81398,"3,6,-13,8",U1800 Adult
81398,265685,"2,9,7",U1800 Adult
81398,201842,"4,8,7",U1800 Adult
926905,265685,"7,9,9",U1800 Adult
926905,201842,"2,7,9",U1800 Adult
265685,201842,"8,8,-8,7",U1800 Adult
219739,80797,"8,-9,3,6",U1800 Adult
219739,221693,"6,5,-14,2",U1800 Adult
219739,269408,"9,9,-6,6",U1800 Adult
80797,221693,"6,6,8",U1800 Adult
80797,269408,"7,-9,1,-9,7",U1800 Adult
269408,221693,"-15,9,8,7",U1800 Adult
4780,70476,"5,6,5",Men's 60+ Singles
4780,30231,"6,5,4",Men's 60+ Singles
4780,1175402,"4,1,1",Men's 60+ Singles
30231,70476,"-5,9,8,-9,6",Men's 60+ Singles
70476,1175402,"1,1,3",Men's 60+ Singles
30231,1175402,"2,6,5",Men's 60+ Singles
8429,1912,"9,6,6",Men's 60+ Singles
8429,271207,"7,3,5",Men's 60+ Singles
1912,271207,"8,6,7",Men's 60+ Singles
55345,80797,"6,2,4",Men's 60+ Singles
55345,60099,"3,4,3",Men's 60+ Singles
5021,80797,"9,6,-11,8",Men's 60+ Singles
60099,5021,"-10,8,9,9",Men's 60+ Singles
60099,80797,"-11,11,-8,5,9",Men's 60+ Singles
20092,201842,"3,5,4",Men's 60+ Singles
5458,59160,"9,7,7",Men's 60+ Singles
5458,90459,"1,5,4",Men's 60+ Singles
5458,6421,"3,7,5",Men's 60+ Singles
59160,90459,"4,-10,6,5",Men's 60+ Singles
59160,6421,"3,5,3",Men's 60+ Singles
6421,90459,"7,-5,6,6",Men's 60+ Singles
8005,52189,"7,8,10",Men's 60+ Singles
8005,214854,"10,4,7",Men's 60+ Singles
8005,203245,"7,2,3",Men's 60+ Singles
52189,214854,"4,8,7",Men's 60+ Singles
52189,203245,"4,5,6",Men's 60+ Singles
214854,203245,"5,7,-7,7",Men's 60+ Singles
1171480,278163,"-9,11,14,1",Men's 60+ Singles
1171480,91169,"7,6,-6,11",Men's 60+ Singles
1171480,24961,"8,8,5",Men's 60+ Singles
278163,91169,"2,4,2",Men's 60+ Singles
278163,24961,"7,2,10",Men's 60+ Singles
45824,223775,"8,6,-6,10",Men's 60+ Singles
45824,94281,"2,3,5",Men's 60+ Singles
223775,94281,"-5,8,7,7",Men's 60+ Singles
63010,37020,"10,8,2",Men's 60+ Singles
63010,269513,"5,8,7",Men's 60+ Singles
63010,3920,"5,3,7",Men's 60+ Singles
37020,269513,"7,-8,4,4",Men's 60+ Singles
37020,3920,"5,5,6",Men's 60+ Singles
269513,3920,"6,-8,8,-6,3",Men's 60+ Singles
43687,219486,"-4,7,6,-11,9",Men's 60+ Singles
43687,1169425,"7,4,-3,9",Men's 60+ Singles
43687,27823,"10,4,8",Men's 60+ Singles
219486,1169425,"8,6,-6,6",Men's 60+ Singles
219486,27823,"8,-10,7,4",Men's 60+ Singles
27823,1169425,"9,9,9",Men's 60+ Singles
53157,270356,"-8,3,4,7",Women's 60+ Singles
53157,24409,"1,3,2",Women's 60+ Singles
53157,32916,"1,1,2",Women's 60+ Singles
270356,24409,"6,5,7",Women's 60+ Singles
270356,32916,"2,2,6",Women's 60+ Singles
24409,32916,"6,4,5",Women's 60+ Singles
13020,508,"9,6,6",Men's 65+ Singles
13020,27823,"-8,5,1,8",Men's 65+ Singles
508,27823,"6,6,3",Men's 65+ Singles
8429,51131,"8,2,4",Men's 65+ Singles
8429,270888,"2,3,4",Men's 65+ Singles
51131,270888,"8,12,2",Men's 65+ Singles
55345,30231,"6,12,3",Men's 65+ Singles
55345,1174431,"7,3,6",Men's 65+ Singles
55345,3920,"4,3,5",Men's 65+ Singles
30231,1174431,"10,7,4",Men's 65+ Singles
30231,3920,"2,7,7",Men's 65+ Singles
1174431,3920,"2,5,3",Men's 65+ Singles
20092,80797,"5,9,6",Men's 65+ Singles
20092,20101,"5,4,7",Men's 65+ Singles
20092,14969,"1,1,2",Men's 65+ Singles
20101,80797,"-5,9,12,9",Men's 65+ Singles
80797,14969,"1,4,1",Men's 65+ Singles
20101,14969,"8,2,7",Men's 65+ Singles
63010,58954,"4,7,7",Men's 65+ Singles
63010,24961,"9,6,6",Men's 65+ Singles
63010,6421,"2,-12,6,8",Men's 65+ Singles
58954,24961,"8,8,7",Men's 65+ Singles
58954,6421,"3,3,4",Men's 65+ Singles
24961,6421,"7,-7,3,7",Men's 65+ Singles
278163,6050,"4,6,9",Men's 65+ Singles
278163,223775,"8,1,3",Men's 65+ Singles
278163,223812,"7,4,3",Men's 65+ Singles
223775,6050,"7,8,8",Men's 65+ Singles
6050,223812,"9,2,8",Men's 65+ Singles
223775,223812,"4,3,8",Men's 65+ Singles
270356,24409,"5,8,0",Women's 65+ Singles
270356,89540,"3,5,4",Women's 65+ Singles
270356,32916,"10,4,8",Women's 65+ Singles
24409,89540,"9,2,7",Women's 65+ Singles
24409,32916,"-9,4,0,3",Women's 65+ Singles
89540,32916,"7,7,7",Women's 65+ Singles
13020,80797,"3,7,5",Men's 70+ Singles
13020,6421,"4,5,4",Men's 70+ Singles
80797,6421,"2,4,4",Men's 70+ Singles
8429,95288,"8,2,10",Men's 70+ Singles
8429,508,"6,6,6",Men's 70+ Singles
8429,9778,"6,1,3",Men's 70+ Singles
95288,508,"-6,-9,3,10,4",Men's 70+ Singles
95288,9778,"3,7,6",Men's 70+ Singles
508,9778,"6,1,6",Men's 70+ Singles
20092,30231,"3,6,9",Men's 70+ Singles
20092,29524,"1,3,3",Men's 70+ Singles
20092,27823,"1,3,4",Men's 70+ Singles
30231,29524,"9,8,4",Men's 70+ Singles
30231,27823,"7,9,4",Men's 70+ Singles
27823,29524,"4,-6,-7,4,5",Men's 70+ Singles
53058,8005,"10,-10,8,-6,6",Men's 70+ Singles
8005,223775,"3,6,8",Men's 70+ Singles
8005,60099,"1,7,5",Men's 70+ Singles
53058,223775,"7,3,6",Men's 70+ Singles
53058,60099,"4,5,2",Men's 70+ Singles
223775,60099,"10,8,-10,10",Men's 70+ Singles
63010,6050,"6,5,9",Men's 70+ Singles
63010,79806,"2,4,8",Men's 70+ Singles
63010,90843,"7,8,10",Men's 70+ Singles
6050,79806,"4,-7,5,-9,5",Men's 70+ Singles
6050,90843,"3,10,9",Men's 70+ Singles
79806,90843,"-8,8,8,6",Men's 70+ Singles
9668,91372,"8,-6,6,8",Men's 70+ Singles
9668,51131,"7,1,2",Men's 70+ Singles
9668,14969,"3,6,7",Men's 70+ Singles
51131,91372,"-10,7,4,8",Men's 70+ Singles
91372,14969,"6,5,9",Men's 70+ Singles
51131,14969,"5,3,6",Men's 70+ Singles
63010,53058,"3,7,6",Men's 75+ Singles
63010,80797,"6,3,6",Men's 75+ Singles
53058,80797,"6,12,8",Men's 75+ Singles
95288,9668,"3,-7,-4,4,9",Men's 75+ Singles
51131,91372,"3,-5,-5,9,5",Men's 75+ Singles
90843,91372,"3,3,4",Men's 75+ Singles
30231,51131,"10,-6,10,10",Men's 75+ Singles
30231,90843,"2,9,-9,7",Men's 75+ Singles
51131,90843,"6,8,7",Men's 75+ Singles
84904,98253,"6,7,5",Hsing Family U21 Men's Singles
84904,217130,"5,7,5",Hsing Family U21 Men's Singles
217130,98253,"6,8,2",Hsing Family U21 Men's Singles
84903,223375,"6,3,3",Hsing Family U21 Men's Singles
84903,92213,"5,6,7",Hsing Family U21 Men's Singles
223375,92213,"7,9,6",Hsing Family U21 Men's Singles
98262,98266,"4,5,8",Hsing Family U21 Men's Singles
98262,95193,"3,3,7",Hsing Family U21 Men's Singles
98266,221774,"7,7,7",Hsing Family U21 Men's Singles
221774,95193,"1,-5,3,4",Hsing Family U21 Men's Singles
98266,95193,"2,2,-8,4",Hsing Family U21 Men's Singles
222276,92628,"2,4,2",Hsing Family U21 Men's Singles
92628,270915,"7,4,11",Hsing Family U21 Men's Singles
222276,270915,"7,9,4",Hsing Family U21 Men's Singles
89837,198566,"10,6,12",Hsing Family U21 Men's Singles
89837,91909,"6,4,8",Hsing Family U21 Men's Singles
89837,219958,"2,6,10",Hsing Family U21 Men's Singles
198566,219958,"5,9,4",Hsing Family U21 Men's Singles
91909,219958,"9,3,2",Hsing Family U21 Men's Singles
211982,96820,"8,6,5",Hsing Family U21 Men's Singles
211982,219405,"6,10,4",Hsing Family U21 Men's Singles
211982,268620,"10,5,6",Hsing Family U21 Men's Singles
96820,219405,"-7,7,-9,7,7",Hsing Family U21 Men's Singles
96820,268620,"6,5,6",Hsing Family U21 Men's Singles
219405,268620,"6,3,7",Hsing Family U21 Men's Singles
95314,98257,"6,9,7",Hsing Family U21 Men's Singles
95314,218524,"3,6,4",Hsing Family U21 Men's Singles
98257,218524,"9,4,6",Hsing Family U21 Men's Singles
82768,215307,"-9,9,9,9",Hsing Family U21 Men's Singles
82768,90352,"-9,9,9,9",Hsing Family U21 Men's Singles
82768,223150,"4,7,6",Hsing Family U21 Men's Singles
215307,90352,"-5,-6,8,12,3",Hsing Family U21 Men's Singles
215307,223150,"9,4,9",Hsing Family U21 Men's Singles
94523,216241,"8,1,8",Hsing Family U21 Men's Singles
94523,212177,"4,1,1",Hsing Family U21 Men's Singles
216241,212177,"9,9,10",Hsing Family U21 Men's Singles
197388,91906,"10,5,-8,-10,9",Hsing Family U21 Men's Singles
91906,95284,"7,7,7",Hsing Family U21 Men's Singles
91906,1164602,"8,7,7",Hsing Family U21 Men's Singles
197388,95284,"-8,8,8,14",Hsing Family U21 Men's Singles
197388,1164602,"6,2,8",Hsing Family U21 Men's Singles
95284,1164602,"5,-9,6,8",Hsing Family U21 Men's Singles
928116,213810,"9,9,-12,-9,8",Hsing Family U21 Men's Singles
928116,1157583,"6,6,6",Hsing Family U21 Men's Singles
213810,1157583,"11,8,7",Hsing Family U21 Men's Singles
211736,91905,"-6,2,6,8",Hsing Family U21 Men's Singles
211736,202548,"9,2,2",Hsing Family U21 Men's Singles
91905,202548,"6,6,6",Hsing Family U21 Men's Singles
97329,93758,"-8,8,8,8",Hsing Family U21 Men's Singles
93758,211738,"3,10,2",Hsing Family U21 Men's Singles
97329,211738,"7,4,5",Hsing Family U21 Men's Singles
215306,91757,"2,5,7",Hsing Family U21 Men's Singles
91757,264662,"7,7,9",Hsing Family U21 Men's Singles
215306,264662,"8,7,5",Hsing Family U21 Men's Singles
202363,92553,"9,9,9",Hsing Family U21 Men's Singles
202363,230483,"9,7,6",Hsing Family U21 Men's Singles
202363,1150977,"-9,1,7,7",Hsing Family U21 Men's Singles
230483,1150977,"2,6,3",Hsing Family U21 Men's Singles
220808,220297,"7,-11,7,4",Hsing Family U21 Men's Singles
220297,264093,"7,10,-9,6",Hsing Family U21 Men's Singles
1132341,217080,"8,-10,9,-9,9",Hsing Family U21 Men's Singles
1132341,214764,"5,9,10",Hsing Family U21 Men's Singles
214764,217080,"12,11,6",Hsing Family U21 Men's Singles
91756,202343,"8,10,9",Hsing Family U21 Men's Singles
91756,270366,"2,1,9",Hsing Family U21 Men's Singles
91756,94668,"4,4,3",Hsing Family U21 Men's Singles
202343,94668,"7,6,1",Hsing Family U21 Men's Singles
211679,95558,"9,7,-7,5",Hsing Family U21 Men's Singles
95558,219347,"-8,9,5,3",Hsing Family U21 Men's Singles
95558,1172851,"11,4,10",Hsing Family U21 Men's Singles
211679,219347,"7,9,-6,-8,5",Hsing Family U21 Men's Singles
211679,1172851,"8,7,4",Hsing Family U21 Men's Singles
219347,1172851,"7,8,-9,8",Hsing Family U21 Men's Singles
31038,91339,"2,2,3",30 & Over Men's Singles
77033,25344,"3,5,8",30 & Over Men's Singles
77033,229635,"1,3,2",30 & Over Men's Singles
25344,229635,"8,6,8",30 & Over Men's Singles
203212,73450,"5,8,3",30 & Over Men's Singles
203212,82535,"6,5,9",30 & Over Men's Singles
82535,73450,"8,7,4",30 & Over Men's Singles
23538,84252,"4,3,5",30 & Over Men's Singles
84252,35094,"7,7,7",30 & Over Men's Singles
8144,2316,"7,-5,3,6",30 & Over Men's Singles
8144,271451,"4,2,6",30 & Over Men's Singles
8144,274463,"4,3,2",30 & Over Men's Singles
2316,271451,"9,4,7",30 & Over Men's Singles
2316,274463,"4,3,5",30 & Over Men's Singles
271451,274463,"8,-5,9,9",30 & Over Men's Singles
5185,83686,"10,-8,10,9",30 & Over Men's Singles
5185,203151,"5,10,-1,3",30 & Over Men's Singles
5185,221693,"2,4,4",30 & Over Men's Singles
83686,203151,"11,10,-11,9",30 & Over Men's Singles
83686,221693,"5,4,4",30 & Over Men's Singles
203151,221693,"6,9,9",30 & Over Men's Singles
47064,74880,"9,9,9",30 & Over Men's Singles
47064,2655,"9,6,5",30 & Over Men's Singles
47064,216062,"5,12,9",30 & Over Men's Singles
74880,2655,"3,-7,5,-9,3",30 & Over Men's Singles
74880,216062,"8,2,5",30 & Over Men's Singles
2655,216062,"2,1,2",30 & Over Men's Singles
93102,31180,"6,6,9",30 & Over Men's Singles
93102,76326,"6,6,4",30 & Over Men's Singles
93102,1174196,"4,4,4",30 & Over Men's Singles
76326,31180,"6,9,8",30 & Over Men's Singles
31180,1174196,"3,4,5",30 & Over Men's Singles
76326,1174196,"3,9,9",30 & Over Men's Singles
34825,272482,"-9,10,9,6",30 & Over Men's Singles
34825,97671,"4,3,4",30 & Over Men's Singles
34825,82256,"9,5,7",30 & Over Men's Singles
272482,97671,"3,6,5",30 & Over Men's Singles
272482,82256,"7,7,8",30 & Over Men's Singles
82256,97671,"8,-8,6,9",30 & Over Men's Singles
11877,1175389,"8,4,3",30 & Over Men's Singles
216131,12948,"-8,2,6,9",30 & Over Men's Singles
12948,1168517,"1,4,3",30 & Over Men's Singles
12948,72061,"7,8,3",30 & Over Men's Singles
216131,1168517,"8,7,6",30 & Over Men's Singles
216131,72061,"4,5,4",30 & Over Men's Singles
1168517,72061,"-8,4,8,6",30 & Over Men's Singles
10437,85963,"5,5,6",30 & Over Men's Singles
10437,1165111,"6,6,5",30 & Over Men's Singles
1165111,85963,"-8,8,5,8",30 & Over Men's Singles
27825,90630,"-7,5,4,9",30 & Over Men's Singles
27825,95450,"4,6,9",30 & Over Men's Singles
27825,271601,"8,8,5",30 & Over Men's Singles
90630,95450,"11,4,4",30 & Over Men's Singles
90630,271601,"7,3,7",30 & Over Men's Singles
271601,95450,"9,-4,11,-5,5",30 & Over Men's Singles
34207,94469,"9,8,5",30 & Over Men's Singles
94469,1174429,"6,8,4",30 & Over Men's Singles
94469,220851,"6,3,6",30 & Over Men's Singles
34207,1174429,"8,4,7",30 & Over Men's Singles
34207,220851,"3,8,5",30 & Over Men's Singles
1174429,220851,"10,5,6",30 & Over Men's Singles
64766,74947,"5,14,3",30 & Over Men's Singles
64766,28804,"12,5,3",30 & Over Men's Singles
64766,270519,"5,10,5",30 & Over Men's Singles
74947,28804,"-7,3,5,5",30 & Over Men's Singles
74947,270519,"-9,9,4,9",30 & Over Men's Singles
270519,28804,"8,7,7",30 & Over Men's Singles
28551,220851,"15,5,2",U1700 Adult
88923,24961,"6,9,5",U1700 Adult
88923,1167093,"6,-7,11,5",U1700 Adult
24961,1167093,"7,6,9",U1700 Adult
88195,271451,"4,10,7",U1700 Adult
271451,1177299,"7,9,10",U1700 Adult
271451,999003,"9,2,7",U1700 Adult
88195,1177299,"8,4,-6,7",U1700 Adult
88195,999003,"3,2,2",U1700 Adult
1177299,999003,"8,9,8",U1700 Adult
203034,80114,"8,9,8",U1700 Adult
203034,1177303,"-4,7,6,-8,7",U1700 Adult
999002,203034,"8,-7,-11,9,9",U1700 Adult
80114,1177303,"-10,9,9,12",U1700 Adult
999002,80114,"4,9,5",U1700 Adult
999002,1177303,"8,-4,4,3",U1700 Adult
1173656,1168517,"-3,6,9,5",U1700 Adult
1168517,1174196,"-8,8,14,-12,9",U1700 Adult
1168517,1168339,"4,10,2",U1700 Adult
1173656,1174196,"6,-9,8,10",U1700 Adult
1173656,1168339,"1,4,8",U1700 Adult
1174196,1168339,"9,7,9",U1700 Adult
95450,1165111,"1,4,5",U1700 Adult
95450,276927,"-9,4,7,-5,2",U1700 Adult
95450,271207,"11,2,-8,-12,8",U1700 Adult
276927,1165111,"5,11,-12,4",U1700 Adult
1165111,271207,"7,12,6",U1700 Adult
276927,271207,"2,6,6",U1700 Adult
1169425,219739,"-10,7,6,-9,9",U1700 Adult
1177275,219739,"-4,9,6,-5,9",U1700 Adult
1169425,1177275,"6,3,6",U1700 Adult
71722,270905,"8,9,5",U1700 Adult
71722,216062,"9,6,8",U1700 Adult
71722,6421,"9,6,8",U1700 Adult
216062,270905,"7,-11,-7,8,10",U1700 Adult
270905,6421,"-11,3,7,6",U1700 Adult
216062,6421,"4,6,7",U1700 Adult
80797,64451,"9,8,-9,5",U1700 Adult
80797,271961,"5,8,8",U1700 Adult
1178451,80797,"8,-9,9,-3,11",U1700 Adult
64451,271961,"9,-5,-7,6,5",U1700 Adult
1178451,64451,"6,4,-4,-9,10",U1700 Adult
1178451,271961,"6,6,-10,-6,9",U1700 Adult
266781,85963,"6,5,-6,8",U1700 Adult
85963,27823,"8,12,7",U1700 Adult
85963,1177832,"4,3,8",U1700 Adult
266781,27823,"8,6,5",U1700 Adult
266781,1177832,"6,6,5",U1700 Adult
27823,1177832,"-10,9,5,9",U1700 Adult
220260,72061,"-4,7,-9,11,9",U1700 Adult
220260,265685,"11,6,-6,6",U1700 Adult
220260,273685,"8,4,3",U1700 Adult
72061,265685,"8,9,8",U1700 Adult
72061,273685,"8,6,9",U1700 Adult
265685,273685,"6,-7,3,9",U1700 Adult
1174429,270099,"-9,7,2,4",U1700 Adult
1174429,269408,"2,6,8",U1700 Adult
1174429,267317,"7,4,9",U1700 Adult
270099,269408,"6,9,8",U1700 Adult
270099,267317,"-9,8,6,-7,5",U1700 Adult
269408,267317,"5,9,5",U1700 Adult
1164150,84211,"10,-15,-11,8,10",U1700 Adult
218218,217785,"-9,8,3,-8,8",U1700 Adult
217785,220246,"5,9,9",U1700 Adult
217785,271799,"-9,9,6,-8,8",U1700 Adult
218218,220246,"-6,3,3,9",U1700 Adult
218218,271799,"5,6,10",U1700 Adult
271799,220246,"-8,4,17,9",U1700 Adult
270519,271601,"6,9,7",U1700 Adult
270519,201842,"6,8,6",U1700 Adult
270519,89540,"6,3,8",U1700 Adult
271601,201842,"6,5,4",U1700 Adult
271601,89540,"3,5,8",U1700 Adult
201842,89540,"11,5,7",U1700 Adult
271911,1171096,"9,8,7",U1700 Adult
271911,92651,"9,4,8",U1700 Adult
271911,270888,"7,1,6",U1700 Adult
1171096,92651,"5,5,-3,7",U1700 Adult
1171096,270888,"5,3,3",U1700 Adult
92651,270888,"8,6,11",U1700 Adult
98071,196592,"4,7,9",U1700 Adult
98071,1177292,"9,-7,10,7",U1700 Adult
98071,273520,"5,5,2",U1700 Adult
1177292,196592,"-6,1,8,6",U1700 Adult
196592,273520,"-11,6,3,4",U1700 Adult
1177292,273520,"8,6,4",U1700 Adult
81397,1174531,"-13,7,8,8",U1700 Adult
81397,272061,"3,3,-9,8",U1700 Adult
81397,274741,"6,8,6",U1700 Adult
272061,1174531,"9,8,7",U1700 Adult
274741,1174531,"6,-10,2,8",U1700 Adult
274741,272061,"-8,7,7,-9,10",U1700 Adult
218150,273335,"7,7,6",U1700 Adult
218150,274463,"6,7,-11,6",U1700 Adult
218150,270494,"6,6,-2,5",U1700 Adult
273335,274463,"-7,12,-15,4,6",U1700 Adult
273335,270494,"10,5,-6,6",U1700 Adult
274463,270494,"6,7,4",U1700 Adult
271598,214854,"3,9,-8,7",U1700 Adult
271598,220092,"7,3,6",U1700 Adult
271598,1168383,"10,3,3",U1700 Adult
214854,220092,"2,6,5",U1700 Adult
214854,1168383,"6,2,-7,5",U1700 Adult
1168383,220092,"8,9,-8,3",U1700 Adult
270105,51131,"13,10,6",U1700 Adult
270105,1180000,"10,8,4",U1700 Adult
270105,231503,"3,6,13",U1700 Adult
51131,1180000,"-10,6,3,6",U1700 Adult
51131,231503,"8,-7,6,7",U1700 Adult
1180000,231503,"3,9,4",U1700 Adult
1175389,267227,"3,7,7",U1700 Adult
1175389,221912,"9,3,5",U1700 Adult
1175389,1165461,"-7,9,10,-7,10",U1700 Adult
221912,267227,"13,-4,7,7",U1700 Adult
267227,1165461,"-9,8,6,7",U1700 Adult
1165461,221912,"8,-10,6,5",U1700 Adult
211647,223775,"9,6,4",U1700 Adult
222685,223775,"-2,-10,8,8,9",U1700 Adult
223775,1173658,"-10,2,8,7",U1700 Adult
211647,222685,"5,12,8",U1700 Adult
211647,1173658,"9,5,6",U1700 Adult
222685,1173658,"4,4,8",U1700 Adult
82256,1174103,"9,5,6",U1700 Adult
1174103,1175982,"9,6,3",U1700 Adult
1174103,221365,"3,7,4",U1700 Adult
82256,1175982,"6,5,10",U1700 Adult
221365,82256,"-11,6,6,-6,14",U1700 Adult
221365,1175982,"9,11,3",U1700 Adult
80797,220092,"0,5,9",U1500 Adult
80797,231503,"4,8,-1,7",U1500 Adult
220092,231503,"8,-8,8,12",U1500 Adult
273520,1175982,"-7,9,7,-7,10",U1500 Adult
271913,266781,"9,-9,-7,11,9",U1500 Adult
266781,1176192,"2,6,6",U1500 Adult
271913,1176192,"3,4,1",U1500 Adult
221912,91500,"3,4,6",U1500 Adult
221912,999003,"7,5,8",U1500 Adult
91500,999003,"2,3,9",U1500 Adult
1165111,275824,"7,-6,8,6",U1500 Adult
1165111,267317,"9,6,-6,10",U1500 Adult
1165111,1174319,"7,6,9",U1500 Adult
275824,267317,"3,-10,6,3",U1500 Adult
1174319,275824,"8,6,-6,-8,10",U1500 Adult
267317,1174319,"-8,10,6,-4,5",U1500 Adult
80114,274463,"-7,9,12,13",U1500 Adult
1168383,80114,"8,9,9",U1500 Adult
279056,80114,"8,8,3",U1500 Adult
1168383,274463,"6,5,6",U1500 Adult
279056,274463,"2,7,8",U1500 Adult
1168383,279056,"8,4,-7,-10,7",U1500 Adult
1164150,9778,"4,9,4",U1500 Adult
221365,9778,"5,9,5",U1500 Adult
9778,1168339,"5,7,4",U1500 Adult
1164150,221365,"-10,-9,8,7,9",U1500 Adult
1164150,1168339,"4,5,7",U1500 Adult
221365,1168339,"5,6,5",U1500 Adult
88195,92651,"-6,-3,6,10,2",U1500 Adult
88195,89540,"7,5,12",U1500 Adult
88195,999002,"9,7,-8,-5,20",U1500 Adult
92651,89540,"5,7,7",U1500 Adult
999002,92651,"9,5,7",U1500 Adult
999002,89540,"6,7,9",U1500 Adult
269408,1165461,"5,7,-11,3",U1500 Adult
269408,46331,"2,1,3",U1500 Adult
1165461,46331,"3,2,4",U1500 Adult
231598,203245,"5,-8,5,4",U1500 Adult
203245,215227,"7,8,-12,5",U1500 Adult
231598,215227,"7,3,7",U1500 Adult
266503,1175981,"8,-9,9,-9,7",U1500 Adult
266503,270888,"10,3,8",U1500 Adult
266503,273685,"5,9,4",U1500 Adult
1175981,273685,"-9,4,6,6",U1500 Adult
201842,1177299,"7,6,-10,8",U1500 Adult
1177299,1177832,"7,9,-8,6",U1500 Adult
271207,1177299,"9,10,5",U1500 Adult
201842,1177832,"10,8,8",U1500 Adult
201842,271207,"8,8,7",U1500 Adult
271207,1177832,"12,8,8",U1500 Adult
220246,274741,"10,-12,10,6",U1500 Adult
220246,1178451,"-8,-10,9,7,7",U1500 Adult
274741,1178451,"7,6,8",U1500 Adult
1167093,1180000,"6,6,5",U1500 Adult
1167093,6421,"7,5,5",U1500 Adult
6421,1180000,"9,-8,7,-12,9",U1500 Adult
276927,271961,"7,5,10",U1500 Adult
276927,272061,"5,3,8",U1500 Adult
276927,271799,"4,5,8",U1500 Adult
271961,272061,"-4,2,6,-5,5",U1500 Adult
271961,271799,"-6,5,5,5",U1500 Adult
272061,271799,"11,9,-5,7",U1500 Adult
270494,3920,"3,7,4",U1500 Adult
270494,265685,"11,-9,-3,11,5",U1500 Adult
216062,27823,"11,9,-10,7",U1500 Adult
27823,1175703,"5,-9,-6,16,8",U1500 Adult
216062,1175703,"7,9,-5,4",U1500 Adult
271911,231503,"5,8,5",U1400 Adult
271911,1173658,"3,5,6",U1400 Adult
1173658,231503,"9,8,-5,6",U1400 Adult
221365,276927,"-8,4,9,-9,9",U1400 Adult
276927,270888,"4,4,3",U1400 Adult
221365,270888,"6,4,9",U1400 Adult
1165461,273520,"11,3,11",U1400 Adult
1168339,273520,"-8,9,-7,5,6",U1400 Adult
1165461,1168339,"5,9,11",U1400 Adult
1164150,267317,"9,-10,2,6",U1400 Adult
1164150,250233,"2,2,6",U1400 Adult
1164150,46331,"2,2,4",U1400 Adult
267317,46331,"7,3,5",U1400 Adult
201842,272061,"-12,8,9,7",U1400 Adult
201842,273685,"10,6,-5,3",U1400 Adult
272061,273685,"8,3,5",U1400 Adult
92651,1178451,"-3,6,9,-6,9",U1400 Adult
91500,17550,"5,-10,11,-11,3",U1400 Adult
271207,17550,"2,7,9",U1400 Adult
1175982,91500,"3,11,-4,4",U1400 Adult
1175982,271207,"6,12,-10,-7,8",U1400 Adult
91500,271207,"-8,7,-3,11,7",U1400 Adult
1177292,221912,"9,5,10",U1400 Adult
1177292,1177832,"1,5,8",U1400 Adult
1177292,6421,"3,3,8",U1400 Adult
1177832,221912,"7,7,-5,7",U1400 Adult
221912,6421,"9,3,1",U1400 Adult
6421,1177832,"8,-7,7,6",U1400 Adult
1177578,274463,"-6,9,6,8",U1400 Adult
275824,1180000,"3,1,5",U1400 Adult
275824,270494,"8,8,10",U1400 Adult
275824,271799,"9,5,14",U1400 Adult
270494,1180000,"-2,6,5,11",U1400 Adult
271799,1180000,"10,-7,8,-8,7",U1400 Adult
270494,271799,"6,7,-7,-9,14",U1400 Adult
276927,1177832,"4,5,4",U1300 Adult
276927,1174319,"5,9,-9,8",U1300 Adult
276927,1175402,"3,4,6",U1300 Adult
1174319,1177832,"8,5,-9,7",U1300 Adult
1177832,1175402,"6,5,4",U1300 Adult
1174319,1175402,"10,7,2",U1300 Adult
274463,270888,"4,4,4",U1300 Adult
274463,229438,"8,-8,2,6",U1300 Adult
274463,1175891,"3,4,4",U1300 Adult
229438,270888,"9,-8,7,12",U1300 Adult
270888,1175891,"5,9,3",U1300 Adult
229438,1175891,"3,2,2",U1300 Adult
273217,91500,"7,5,6",U1300 Adult
273217,271799,"4,-13,-8,6,7",U1300 Adult
273217,1176192,"5,3,3",U1300 Adult
271799,91500,"9,-8,8,5",U1300 Adult
91500,1176192,"7,8,-10,6",U1300 Adult
271799,1176192,"3,3,4",U1300 Adult
275929,270494,"6,12,-8,6",U1300 Adult
275929,14969,"5,6,7",U1300 Adult
275929,999003,"-8,8,4,8",U1300 Adult
270494,14969,"5,5,5",U1300 Adult
270494,999003,"1,-7,9,10",U1300 Adult
999003,14969,"-5,5,-8,1,5",U1300 Adult
96958,1178073,"-5,6,-10,11,1",U1300 Adult
271207,96958,"7,-10,10,8",U1300 Adult
1178073,221992,"-6,7,9,2",U1300 Adult
271207,221992,"5,-9,-6,10,9",U1300 Adult
271207,1178073,"-6,-8,5,8,6",U1300 Adult
231598,273520,"-6,7,-12,11,5",U1300 Adult
273520,1175452,"4,7,2",U1300 Adult
273520,32916,"7,3,10",U1300 Adult
231598,1175452,"8,5,4",U1300 Adult
231598,32916,"-10,6,6,7",U1300 Adult
32916,1175452,"5,9,-8,9",U1300 Adult
250233,231503,"6,9,8",U1300 Adult
231503,6421,"8,4,-8,8",U1300 Adult
231503,92138,"5,5,5",U1300 Adult
6421,250233,"11,4,6",U1300 Adult
250233,92138,"4,5,5",U1300 Adult
6421,92138,"3,8,11",U1300 Adult
221365,30833,"8,6,5",U1300 Adult
221365,1178451,"5,3,4",U1300 Adult
221365,46331,"1,1,1",U1300 Adult
1178451,30833,"9,12,6",U1300 Adult
30833,46331,"3,7,7",U1300 Adult
1178451,46331,"1,4,1",U1300 Adult
8939,267317,"3,-7,6,7",U1300 Adult
267317,276615,"4,9,6",U1300 Adult
267317,272548,"-10,9,5,6",U1300 Adult
8939,276615,"4,4,5",U1300 Adult
8939,272548,"2,4,-5,9",U1300 Adult
276615,272548,"10,-9,9,12",U1300 Adult
275298,1165461,"2,9,3",U1300 Adult
275298,273685,"5,2,8",U1300 Adult
275298,215227,"5,1,8",U1300 Adult
1165461,273685,"10,6,9",U1300 Adult
1165461,215227,"6,8,13",U1300 Adult
215227,273685,"5,7,-4,5",U1300 Adult
1174319,223812,"4,-9,7,2",U1000 Adult
1174319,1175891,"3,7,6",U1000 Adult
223812,1175891,"4,14,9",U1000 Adult
1177293,223729,"9,9,-7,-3,8",U1000 Adult
223729,278888,"7,1,5",U1000 Adult
1177293,278888,"9,9,-9,4",U1000 Adult
263946,274556,"9,4,5",U1000 Adult
263946,1177096,"-9,9,7,6",U1000 Adult
999003,263946,"8,6,18",U1000 Adult
274556,1177096,"9,8,-5,8",U1000 Adult
999003,274556,"9,5,-8,5",U1000 Adult
1177096,999003,"-6,1,10,7",U1000 Adult
1176192,220632,"9,9,-7,7",U1000 Adult
220632,1175402,"6,4,2",U1000 Adult
1175402,1176192,"6,-9,9,7",U1000 Adult
272956,1171728,"7,-6,6,6",U2000 Junior
1171728,1174545,"8,9,3",U2000 Junior
272956,1174545,"8,9,4",U2000 Junior
270746,223243,"-10,-9,9,6,4",U2000 Junior
268526,223243,"10,7,9",U2000 Junior
268526,270746,"4,7,-9,6",U2000 Junior
269693,264897,"-5,5,7,4",U2000 Junior
219347,223040,"12,6,7",U2000 Junior
219347,270915,"4,7,3",U2000 Junior
219347,198129,"7,14,24",U2000 Junior
270915,223040,"11,3,3",U2000 Junior
223040,198129,"6,10,-8,7",U2000 Junior
270915,198129,"1,5,4",U2000 Junior
256682,91267,"6,12,2",U2000 Junior
256682,268640,"2,6,8",U2000 Junior
256682,1177302,"6,3,6",U2000 Junior
91267,268640,"8,-9,4,5",U2000 Junior
91267,1177302,"4,3,-4,-7,4",U2000 Junior
1177302,268640,"5,10,-8,-8,5",U2000 Junior
256412,1175417,"9,-2,9,2",U2000 Junior
256412,229837,"11,-9,9,9",U2000 Junior
256412,1175701,"2,5,4",U2000 Junior
229837,1175417,"4,4,5",U2000 Junior
1175417,1175701,"7,3,2",U2000 Junior
229837,1175701,"3,4,5",U2000 Junior
267433,268620,"7,2,4",U2000 Junior
216225,268620,"6,-9,10,10",U2000 Junior
268620,1174062,"11,3,5",U2000 Junior
216225,1174062,"7,2,4",U2000 Junior
1171872,1157745,"-6,10,9,-6,8",U2000 Junior
1157745,270887,"4,-10,6,-7,1",U2000 Junior
1157745,1174063,"10,6,8",U2000 Junior
270887,1171872,"1,5,7",U2000 Junior
1171872,1174063,"-7,10,7,10",U2000 Junior
270887,1174063,"7,9,8",U2000 Junior
256702,1173259,"9,3,-8,7",U2000 Junior
256702,230779,"4,7,2",U2000 Junior
256702,270832,"12,3,4",U2000 Junior
230779,1173259,"7,-9,8,8",U2000 Junior
1173259,270832,"9,3,7",U2000 Junior
230779,270832,"4,6,8",U2000 Junior
219888,274994,"8,7,10",U2000 Junior
219888,270305,"3,-9,5,6",U2000 Junior
219888,271599,"2,4,2",U2000 Junior
274994,270305,"12,5,9",U2000 Junior
274994,271599,"7,5,5",U2000 Junior
270305,271599,"10,12,6",U2000 Junior
270089,197653,"8,-2,9,8",U2000 Junior
271137,1150977,"-12,6,9,5",U2000 Junior
271481,1150977,"5,5,3",U2000 Junior
1150977,271785,"5,4,8",U2000 Junior
271137,271481,"1,6,5",U2000 Junior
271137,271785,"5,6,2",U2000 Junior
271481,271785,"4,8,5",U2000 Junior
265238,96618,"9,7,-8,3",U2000 Junior
96618,269985,"4,6,-8,9",U2000 Junior
96618,1171867,"-8,4,-8,6,4",U2000 Junior
265238,269985,"11,8,10",U2000 Junior
265238,1171867,"8,3,5",U2000 Junior
1171867,269985,"-5,-4,8,11,7",U2000 Junior
272586,270390,"6,4,4",U2000 Junior
272586,224072,"-10,7,-9,1,9",U2000 Junior
272586,230221,"5,7,4",U2000 Junior
224072,270390,"9,9,14",U2000 Junior
270390,230221,"9,8,4",U2000 Junior
270911,222509,"-5,5,5,8",U2000 Junior
270911,268875,"4,-5,6,7",U2000 Junior
270911,273085,"4,4,6",U2000 Junior
222509,268875,"-10,-9,9,9,6",U2000 Junior
273085,222509,"-8,8,6,-5,5",U2000 Junior
268875,273085,"3,10,-6,8",U2000 Junior
269745,229714,"-7,5,8,11",U2000 Junior
264013,269745,"8,-7,8,-6,4",U2000 Junior
269745,266071,"6,4,3",U2000 Junior
229714,264013,"2,4,3",U2000 Junior
229714,266071,"3,2,8",U2000 Junior
264013,266071,"7,-7,8,9",U2000 Junior
1171855,271489,"8,0,4",U2000 Junior
1171855,1171127,"4,3,4",U2000 Junior
1171855,1174318,"6,8,-12,5",U2000 Junior
271489,1171127,"7,-7,5,4",U2000 Junior
271489,1174318,"15,2,-8,7",U2000 Junior
1171127,1174318,"6,5,5",U2000 Junior
1178802,271145,"8,6,3",U2000 Junior
1178802,1170835,"9,-8,4,4",U2000 Junior
1178802,230294,"4,6,5",U2000 Junior
271145,1170835,"4,-10,6,4",U2000 Junior
271145,230294,"4,4,-6,3",U2000 Junior
1170835,230294,"10,6,-2,-6,10",U2000 Junior
1167748,1177998,"-10,3,4,5",U2000 Junior
270393,1177998,"8,8,8",U2000 Junior
270393,1167748,"11,1,9",U2000 Junior
220237,1170609,"5,-7,11,6",U2000 Junior
1170609,1175416,"4,-9,6,5",U2000 Junior
1170609,220128,"7,6,9",U2000 Junior
220237,1175416,"8,5,9",U2000 Junior
220237,220128,"4,8,6",U2000 Junior
1175416,220128,"-9,8,8,-7,11",U2000 Junior
203221,202987,"5,10,3",U2000 Junior
203221,1171854,"-11,7,9,5",U2000 Junior
1171854,202987,"4,5,10",U2000 Junior
271260,214471,"2,8,9",U2000 Junior
271260,95193,"8,7,-9,6",U2000 Junior
214471,95193,"9,7,-7,10",U2000 Junior
196123,1168381,"8,7,-12,5",U2000 Junior
196123,94580,"9,6,6",U2000 Junior
196123,1178109,"3,10,7",U2000 Junior
1168381,94580,"5,8,6",U2000 Junior
1168381,1178109,"9,8,6",U2000 Junior
1178109,94580,"7,9,-11,8",U2000 Junior
219179,275037,"5,3,9",U2000 Junior
219179,218722,"5,8,2",U2000 Junior
219179,1165565,"3,3,4",U2000 Junior
275037,218722,"-6,6,6,9",U2000 Junior
275037,1165565,"4,5,11",U2000 Junior
218722,1165565,"-9,7,7,7",U2000 Junior
219240,1171468,"6,4,7",U2000 Junior
219240,218524,"10,7,8",U2000 Junior
218524,272224,"-9,5,8,2",U2000 Junior
219240,272224,"4,3,4",U2000 Junior
1172448,1132458,"-7,-9,9,6,7",U2000 Junior
1172448,270889,"5,8,7",U2000 Junior
1132458,270889,"8,7,-7,1",U2000 Junior
202548,263695,"-6,7,-8,9,8",U2000 Junior
202548,96758,"1,11,-5,-7,7",U2000 Junior
202548,1176795,"5,9,5",U2000 Junior
263695,96758,"6,4,5",U2000 Junior
263695,1176795,"4,8,9",U2000 Junior
96758,1176795,"5,12,-10,-5,9",U2000 Junior
1168516,1172725,"9,11,5",U2000 Junior
1168516,1171736,"-10,6,6,11",U2000 Junior
1168516,1171853,"9,9,7",U2000 Junior
1172725,1171736,"-6,4,7,9",U2000 Junior
1171853,1172725,"8,9,9",U2000 Junior
1171853,1171736,"1,4,9",U2000 Junior
271061,218523,"4,5,7",U2000 Junior
218523,1175168,"-9,9,5,5",U2000 Junior
218523,1175702,"8,6,10",U2000 Junior
271061,1175168,"8,8,6",U2000 Junior
271061,1175702,"4,7,2",U2000 Junior
1175702,1175168,"4,9,9",U2000 Junior
1171225,1132007,"8,-9,10,7",U2000 Junior
1132007,268979,"10,-10,-6,7,6",U2000 Junior
268979,1171225,"9,6,1",U2000 Junior
270389,1166449,"8,-8,8,8",U2000 Junior
270389,1171107,"5,5,8",U2000 Junior
270389,266395,"6,8,-7,6",U2000 Junior
1166449,1171107,"10,3,4",U2000 Junior
1166449,266395,"7,9,-8,8",U2000 Junior
266395,1171107,"7,-10,-7,8,6",U2000 Junior
212177,97451,"7,15,3",U2000 Junior
275694,97451,"-9,9,9,5",U2000 Junior
97451,1171351,"7,6,4",U2000 Junior
275694,212177,"7,-7,9,8",U2000 Junior
1171351,212177,"8,5,7",U2000 Junior
275694,1171351,"7,8,8",U2000 Junior
1171856,268653,"7,6,8",U2000 Junior
268653,271735,"-13,5,9,5",U2000 Junior
268653,219609,"-4,5,8,-8,14",U2000 Junior
1171856,271735,"-6,7,3,6",U2000 Junior
1171856,219609,"5,5,6",U2000 Junior
271735,219609,"8,10,8",U2000 Junior
1164602,265334,"-6,-8,10,8,8",U2000 Junior
265334,222909,"-5,6,6,6",U2000 Junior
265334,1171643,"7,3,-6,6",U2000 Junior
1164602,222909,"9,9,-7,13",U2000 Junior
1164602,1171643,"-12,8,-9,9,6",U2000 Junior
222909,1171643,"-11,7,7,8",U2000 Junior
1170842,271425,"5,-10,8,-10,7",U2000 Junior
271425,277460,"7,7,-6,-2,5",U2000 Junior
271425,230220,"7,6,5",U2000 Junior
1170842,277460,"7,-10,5,7",U2000 Junior
1170842,230220,"2,1,2",U2000 Junior
277460,230220,"3,5,2",U2000 Junior
1150977,270886,"-9,8,-8,10,7",U1900 Junior
1150977,1167748,"8,-6,12,6",U1900 Junior
1150977,231514,"7,-2,1,8",U1900 Junior
1167748,270886,"4,-7,-5,6,5",U1900 Junior
270886,231514,"5,-10,7,2",U1900 Junior
1167748,231514,"8,-7,6,7",U1900 Junior
269745,95193,"-7,6,5,8",U1900 Junior
269745,275694,"-5,3,2,-5,9",U1900 Junior
269745,268526,"-7,12,10,9",U1900 Junior
275694,95193,"6,5,8",U1900 Junior
268526,95193,"2,6,9",U1900 Junior
268526,275694,"4,7,4",U1900 Junior
271260,1170835,"2,3,4",U1900 Junior
271260,1132458,"-1,9,7,8",U1900 Junior
271260,1174062,"1,5,4",U1900 Junior
1132458,1170835,"3,9,-9,9",U1900 Junior
1170835,1174062,"5,3,5",U1900 Junior
1132458,1174062,"4,-9,6,9",U1900 Junior
219240,1175416,"1,-8,4,2",U1900 Junior
219240,270793,"4,3,3",U1900 Junior
1175416,270793,"3,-9,9,4",U1900 Junior
1171468,218722,"6,8,7",U1900 Junior
1171468,1175168,"5,3,4",U1900 Junior
218722,1175168,"5,6,7",U1900 Junior
202548,269985,"13,-9,-13,6,7",U1900 Junior
202548,222909,"7,8,3",U1900 Junior
202548,1175517,"4,3,4",U1900 Junior
222909,269985,"-5,5,6,11",U1900 Junior
269985,1175517,"6,10,4",U1900 Junior
222909,1175517,"2,1,2",U1900 Junior
1168516,96758,"5,8,8",U1900 Junior
1168516,271735,"7,8,8",U1900 Junior
1168516,264196,"9,10,6",U1900 Junior
96758,271735,"10,4,12",U1900 Junior
96758,264196,"-9,9,8,4",U1900 Junior
264196,271735,"-9,4,-7,4,7",U1900 Junior
224072,218523,"-5,10,-10,10,7",U1900 Junior
218523,1171736,"5,10,-6,4",U1900 Junior
218523,270991,"9,6,3",U1900 Junior
1171736,224072,"-8,8,8,-7,8",U1900 Junior
224072,270991,"2,2,9",U1900 Junior
270991,1171736,"3,5,9",U1900 Junior
270389,927185,"8,6,8",U1900 Junior
270389,1168382,"8,5,9",U1900 Junior
270389,271147,"8,8,5",U1900 Junior
927185,1168382,"13,11,4",U1900 Junior
927185,271147,"8,5,9",U1900 Junior
1168382,271147,"8,6,10",U1900 Junior
97451,271481,"6,-7,1,5",U1900 Junior
97451,1171225,"6,5,6",U1900 Junior
97451,1171867,"8,6,3",U1900 Junior
1171225,271481,"12,-7,6,9",U1900 Junior
1171867,271481,"-12,5,-7,9,6",U1900 Junior
1171867,1171225,"-7,9,9,7",U1900 Junior
265334,270089,"1,7,3",U1900 Junior
277460,265334,"7,-6,-9,11,8",U1900 Junior
265334,1150978,"-9,7,4,9",U1900 Junior
277460,270089,"2,8,8",U1900 Junior
270089,1150978,"7,10,4",U1900 Junior
277460,1150978,"9,1,5",U1900 Junior
271425,268640,"6,8,4",U1900 Junior
271425,268979,"7,10,4",U1900 Junior
271425,270703,"4,4,8",U1900 Junior
268979,268640,"6,8,5",U1900 Junior
268640,270703,"7,-8,12,6",U1900 Junior
270703,268979,"9,-8,10,-5,10",U1900 Junior
230779,1164602,"8,9,-6,7",U1900 Junior
1164602,1176795,"7,7,9",U1900 Junior
1164602,1174063,"8,-5,5,4",U1900 Junior
230779,1176795,"7,10,10",U1900 Junior
230779,1174063,"-10,6,7,6",U1900 Junior
1176795,1174063,"-7,9,-9,8,6",U1900 Junior
1171856,1171107,"7,8,-8,6",U1900 Junior
1171856,219809,"-9,-8,2,8,5",U1900 Junior
1171107,219809,"7,12,8",U1900 Junior
271061,230294,"8,3,6",U1900 Junior
277187,270887,"4,2,9",U1900 Junior
230294,277187,"7,11,6",U1900 Junior
229837,1132007,"10,8,-9,7",U1900 Junior
1132007,1172686,"7,5,6",U1900 Junior
1132007,271785,"3,8,4",U1900 Junior
229837,1172686,"5,6,9",U1900 Junior
229837,271785,"-10,7,9,5",U1900 Junior
1172686,271785,"-10,4,9,-6,6",U1900 Junior
1166449,277188,"4,4,6",U1900 Junior
1166449,219609,"4,5,9",U1900 Junior
1166449,230221,"4,7,5",U1900 Junior
219609,277188,"8,7,9",U1900 Junior
277188,230221,"3,4,2",U1900 Junior
219609,230221,"7,3,0",U1900 Junior
263695,268620,"6,4,-7,10",U1900 Junior
263695,271424,"7,-8,8,-4,7",U1900 Junior
263695,266071,"7,-12,4,6",U1900 Junior
271424,268620,"4,7,4",U1900 Junior
268620,266071,"-10,6,8,3",U1900 Junior
271424,266071,"7,6,6",U1900 Junior
264897,270846,"-8,-6,3,10,9",U1900 Junior
270846,266075,"7,3,9",U1900 Junior
264897,266075,"2,6,13",U1900 Junior
275037,270305,"7,5,6",U1900 Junior
275037,1175984,"3,8,6",U1900 Junior
275037,273085,"6,-5,6,9",U1900 Junior
270305,1175984,"7,7,-13,6",U1900 Junior
270305,273085,"7,9,1",U1900 Junior
273085,1175984,"-9,11,8,7",U1900 Junior
223243,1177998,"7,5,9",U1900 Junior
220128,1177998,"-9,-8,12,5,9",U1900 Junior
1177998,1180072,"9,-9,-17,7,7",U1900 Junior
220128,223243,"-8,9,12,-5,1",U1900 Junior
223243,1180072,"11,4,7",U1900 Junior
220128,1180072,"2,5,2",U1900 Junior
271137,214471,"9,-6,8,5",U1900 Junior
214471,270889,"-11,4,3,7",U1900 Junior
214471,270393,"7,5,6",U1900 Junior
271137,270889,"7,-7,8,10",U1900 Junior
271137,270393,"8,6,6",U1900 Junior
270889,270393,"-8,9,-9,9,6",U1900 Junior
203221,1173259,"5,-6,10,7",U1900 Junior
203221,266395,"7,-10,9,-8,7",U1900 Junior
203221,230220,"7,9,6",U1900 Junior
266395,1173259,"-3,-5,5,9,8",U1900 Junior
1173259,230220,"8,9,5",U1900 Junior
266395,230220,"7,10,8",U1900 Junior
1171874,1168381,"11,4,-9,8",U1900 Junior
1168381,1175702,"7,8,8",U1900 Junior
1168381,1173129,"6,6,4",U1900 Junior
1171874,1173129,"-10,8,8,3",U1900 Junior
1173129,1175702,"-8,6,6,7",U1900 Junior
222509,91267,"11,6,-7,-6,9",U1900 Junior
222509,1165565,"5,4,3",U1900 Junior
222509,270900,"-11,8,7,-10,5",U1900 Junior
91267,1165565,"6,12,8",U1900 Junior
91267,270900,"6,3,6",U1900 Junior
270900,1165565,"7,8,9",U1900 Junior
265238,229714,"9,7,5",U1900 Junior
229714,1171853,"4,3,-9,3",U1900 Junior
229714,1174461,"1,4,-9,6",U1900 Junior
265238,1171853,"6,4,4",U1900 Junior
265238,1174461,"-8,11,4,4",U1900 Junior
1171853,1174461,"-5,8,6,11",U1900 Junior
270390,271489,"7,9,8",U1900 Junior
1171643,271489,"8,8,9",U1900 Junior
1171854,271489,"8,6,7",U1900 Junior
270390,1171643,"7,-6,2,6",U1900 Junior
270390,1171854,"9,9,6",U1900 Junior
1171854,1171643,"-7,4,-8,11,2",U1900 Junior
271260,1171107,"1,10,7",U1800 Junior
271260,279476,"2,0,2",U1800 Junior
1171107,279476,"6,1,3",U1800 Junior
271425,1171736,"17,14,7",U1800 Junior
222909,271425,"5,-8,10,10",U1800 Junior
271425,1175701,"6,7,4",U1800 Junior
222909,1171736,"-6,10,9,-6,7",U1800 Junior
1171736,1175701,"8,8,1",U1800 Junior
222909,1175701,"2,2,2",U1800 Junior
271061,1168382,"4,6,7",U1800 Junior
271061,277460,"-11,9,9,9",U1800 Junior
271061,1175517,"7,3,8",U1800 Junior
277460,1168382,"10,4,9",U1800 Junior
1168382,1175517,"5,7,8",U1800 Junior
277460,1175517,"2,3,3",U1800 Junior
275694,1132007,"7,6,6",U1800 Junior
1132007,1176795,"4,-11,4,10",U1800 Junior
1132007,231514,"6,7,6",U1800 Junior
275694,1176795,"10,7,4",U1800 Junior
275694,231514,"7,8,8",U1800 Junior
231514,1176795,"-10,9,10,-6,7",U1800 Junior
275037,223311,"8,9,9",U1800 Junior
275037,220128,"3,9,6",U1800 Junior
275037,270832,"4,7,10",U1800 Junior
220128,223311,"-7,6,-7,5,4",U1800 Junior
223311,270832,"10,4,6",U1800 Junior
220128,270832,"8,6,-9,11",U1800 Junior
1165615,214471,"-6,-9,8,9,7",U1800 Junior
214471,1171351,"7,-9,7,6",U1800 Junior
214471,264196,"-9,6,8,7",U1800 Junior
1165615,1171351,"-9,9,-7,10,8",U1800 Junior
1165615,264196,"6,9,5",U1800 Junior
1171351,264196,"-8,7,8,3",U1800 Junior
220237,1171225,"5,4,9",U1800 Junior
220237,219609,"3,10,8",U1800 Junior
220237,1174062,"-3,7,1,6",U1800 Junior
1171225,219609,"7,-9,14,11",U1800 Junior
1171225,1174062,"6,8,10",U1800 Junior
219609,1174062,"3,-9,1,3",U1800 Junior
1168381,1175168,"10,3,4",U1800 Junior
1168381,1175139,"8,4,2",U1800 Junior
1168381,1176550,"5,-7,1,4",U1800 Junior
1175139,1175168,"3,-8,9,-6,9",U1800 Junior
1175168,1176550,"10,5,-6,5",U1800 Junior
1175139,1176550,"9,5,11",U1800 Junior
222509,1175416,"3,3,5",U1800 Junior
222509,1175702,"4,7,5",U1800 Junior
222509,198129,"4,9,4",U1800 Junior
1175702,1175416,"-6,-6,12,5,13",U1800 Junior
1175416,198129,"4,10,3",U1800 Junior
1175702,198129,"3,7,-4,8",U1800 Junior
229714,202987,"5,5,-12,7",U1800 Junior
229714,271424,"5,5,-7,9",U1800 Junior
229714,1174063,"3,5,5",U1800 Junior
202987,271424,"8,9,7",U1800 Junior
202987,1174063,"10,-7,-9,8,10",U1800 Junior
271424,1174063,"9,-12,9,8",U1800 Junior
271489,96758,"7,9,-9,-9,6",U1800 Junior
1170374,271489,"-11,6,-10,6,0",U1800 Junior
271489,271147,"10,8,9",U1800 Junior
96758,1170374,"12,2,6",U1800 Junior
96758,271147,"11,7,3",U1800 Junior
1170374,271147,"7,9,-8,12",U1800 Junior
270390,95193,"13,7,9",U1800 Junior
270390,266395,"-6,-10,2,5,9",U1800 Junior
270390,1150978,"9,4,5",U1800 Junior
95193,266395,"5,10,8",U1800 Junior
95193,1150978,"-9,12,-10,3,10",U1800 Junior
266395,1150978,"-10,4,12,7",U1800 Junior
265238,219240,"8,-9,-8,7,9",U1800 Junior
265238,270889,"-12,8,7,-7,7",U1800 Junior
265238,271322,"6,8,9",U1800 Junior
219240,270889,"8,8,5",U1800 Junior
219240,271322,"6,6,4",U1800 Junior
270889,271322,"6,7,8",U1800 Junior
218722,271137,"12,-8,7,8",U1800 Junior
271137,1171643,"8,5,7",U1800 Junior
271137,270703,"7,9,1",U1800 Junior
218722,1171643,"4,7,-4,9",U1800 Junior
218722,270703,"5,5,-5,7",U1800 Junior
1171643,270703,"4,3,8",U1800 Junior
1171874,1170835,"9,6,-8,7",U1800 Junior
1171874,1171853,"5,6,-9,8",U1800 Junior
1171874,273762,"5,-14,8,9",U1800 Junior
1171853,1170835,"8,7,-6,9",U1800 Junior
1170835,273762,"7,6,7",U1800 Junior
1171853,273762,"11,7,4",U1800 Junior
927185,274994,"8,-6,8,7",U1800 Junior
274994,1165565,"4,8,2",U1800 Junior
274994,1174461,"6,9,5",U1800 Junior
927185,1165565,"5,-9,-7,8,5",U1800 Junior
927185,1174461,"7,3,4",U1800 Junior
1174461,1165565,"7,-10,12,7",U1800 Junior
224072,1173259,"5,7,7",U1800 Junior
1173259,270492,"5,-9,-11,8,8",U1800 Junior
1171867,1173259,"8,-8,9,-7,12",U1800 Junior
224072,270492,"3,4,5",U1800 Junior
224072,1171867,"8,-5,6,9",U1800 Junior
1171867,270492,"3,5,10",U1800 Junior
269440,269985,"-5,7,2,5",U1800 Junior
269440,271320,"3,11,9",U1800 Junior
273085,269440,"-1,6,3,7",U1800 Junior
269985,271320,"4,-6,6,8",U1800 Junior
269985,273085,"-9,6,-9,10,9",U1800 Junior
273085,271320,"4,-8,6,8",U1800 Junior
91267,271481,"10,3,6",U1800 Junior
91267,272224,"5,1,7",U1800 Junior
91267,1175371,"3,9,-10,-7,8",U1800 Junior
271481,272224,"8,4,-9,5",U1800 Junior
271481,1175371,"8,9,10",U1800 Junior
1175371,272224,"-6,9,11,6",U1800 Junior
268620,268875,"9,5,-8,7",U1800 Junior
1171854,268620,"4,5,7",U1800 Junior
1170751,268620,"10,-9,-7,9,11",U1800 Junior
1171854,268875,"-9,4,8,8",U1800 Junior
268875,1170751,"-8,-7,10,9,7",U1800 Junior
1171854,1170751,"4,-7,7,3",U1800 Junior
270089,1175417,"4,9,-9,-5,5",U1800 Junior
1175417,266075,"10,9,-5,6",U1800 Junior
1175417,219809,"6,7,5",U1800 Junior
270089,266075,"11,7,7",U1800 Junior
270089,219809,"5,12,9",U1800 Junior
266075,219809,"6,5,3",U1800 Junior
270887,223040,"6,4,-6,4",U1800 Junior
223040,1171342,"11,-9,9,5",U1800 Junior
197653,223040,"8,11,3",U1800 Junior
270887,1171342,"7,6,8",U1800 Junior
270887,197653,"-9,-9,6,5,9",U1800 Junior
197653,1171342,"7,7,7",U1800 Junior
223243,214975,"7,9,3",U1800 Junior
223243,270900,"7,-10,7,5",U1800 Junior
223243,230221,"1,6,3",U1800 Junior
214975,270900,"11,7,8",U1800 Junior
230221,214975,"-8,6,6,-5,14",U1800 Junior
270900,230221,"-9,8,9,11",U1800 Junior
272956,230779,"5,2,6",U1800 Junior
272956,230294,"4,2,4",U1800 Junior
272956,266071,"6,5,-7,7",U1800 Junior
230779,230294,"7,8,4",U1800 Junior
230779,266071,"7,11,6",U1800 Junior
230294,266071,"-9,7,-5,7,7",U1800 Junior
229837,270746,"-11,4,4,8",U1800 Junior
270746,1180072,"5,6,2",U1800 Junior
270746,1173129,"9,10,10",U1800 Junior
229837,1180072,"12,4,10",U1800 Junior
229837,1173129,"6,6,1",U1800 Junior
1180072,1173129,"-9,9,10,9",U1800 Junior
216225,264897,"-8,9,12,-8,5",U1800 Junior
264897,1151105,"5,6,-11,8",U1800 Junior
264897,230220,"7,2,3",U1800 Junior
216225,1151105,"3,4,7",U1800 Junior
216225,230220,"9,3,6",U1800 Junior
1151105,230220,"9,-7,11,-7,8",U1800 Junior
270305,268640,"-6,11,7,5",U1800 Junior
270305,270393,"-7,4,-6,7,6",U1800 Junior
270305,271883,"6,5,13",U1800 Junior
268640,270393,"10,-6,8,10",U1800 Junior
271883,268640,"4,10,5",U1800 Junior
271883,270393,"11,-10,8,8",U1800 Junior
271425,272224,"3,5,6",U1700 Junior
1171856,271596,"8,5,7",U1700 Junior
1171856,230294,"8,11,5",U1700 Junior
271596,230294,"9,9,-9,-9,9",U1700 Junior
275037,270492,"9,-8,1,3",U1700 Junior
275037,266075,"9,8,-8,5",U1700 Junior
270492,266075,"4,6,5",U1700 Junior
214471,1165565,"6,8,-8,12",U1700 Junior
214471,1171854,"-9,7,-8,6,8",U1700 Junior
214471,278646,"3,7,6",U1700 Junior
1171854,1165565,"5,4,-10,10",U1700 Junior
278646,1165565,"-4,13,-6,14,8",U1700 Junior
1171854,278646,"8,-8,6,6",U1700 Junior
1178109,271489,"3,-8,1,8",U1700 Junior
272563,271489,"-1,9,11,-9,9",U1700 Junior
271489,279476,"2,3,4",U1700 Junior
1178109,272563,"-8,3,3,-10,5",U1700 Junior
1178109,279476,"5,4,5",U1700 Junior
272563,279476,"2,2,7",U1700 Junior
270390,277187,"4,3,7",U1700 Junior
270390,276436,"2,1,5",U1700 Junior
277187,276436,"2,10,4",U1700 Junior
1171874,1171643,"-11,8,4,9",U1700 Junior
1171874,270900,"6,9,3",U1700 Junior
1171874,271215,"8,3,9",U1700 Junior
270900,1171643,"10,10,8",U1700 Junior
1171643,271215,"4,8,9",U1700 Junior
270900,271215,"5,9,3",U1700 Junior
1171853,91267,"7,2,-9,9",U1700 Junior
91267,1180072,"5,3,3",U1700 Junior
91267,278645,"4,5,8",U1700 Junior
1171853,1180072,"1,6,-8,4",U1700 Junior
1171853,278645,"-15,3,5,6",U1700 Junior
278645,1180072,"-4,5,4,7",U1700 Junior
270889,1175417,"8,-9,-9,11,5",U1700 Junior
271320,1175417,"8,-6,5,7",U1700 Junior
1175417,1173545,"4,6,7",U1700 Junior
271320,270889,"8,-10,9,6",U1700 Junior
270889,1173545,"8,10,4",U1700 Junior
271320,1173545,"4,7,-9,10",U1700 Junior
1175702,223040,"-6,8,-9,5,9",U1700 Junior
223040,270393,"-8,7,8,9",U1700 Junior
223040,276273,"3,4,4",U1700 Junior
1175702,270393,"3,-7,-8,6,6",U1700 Junior
1175702,276273,"3,10,-9,6",U1700 Junior
270393,276273,"5,2,3",U1700 Junior
223243,219609,"9,7,6",U1700 Junior
223243,278361,"3,2,2",U1700 Junior
231514,223243,"-9,7,2,9",U1700 Junior
219609,278361,"4,2,3",U1700 Junior
231514,219609,"8,-8,7,7",U1700 Junior
231514,278361,"1,6,1",U1700 Junior
272956,271424,"6,7,9",U1700 Junior
272956,230220,"6,2,6",U1700 Junior
272956,198129,"6,2,5",U1700 Junior
271424,230220,"5,7,6",U1700 Junior
271424,198129,"-10,1,6,7",U1700 Junior
230220,198129,"4,8,7",U1700 Junior
264897,1175139,"9,4,8",U1700 Junior
264897,1173129,"5,6,6",U1700 Junior
1175139,1173129,"8,2,10",U1700 Junior
270305,1170374,"-5,9,7,4",U1700 Junior
270305,197653,"9,6,-8,4",U1700 Junior
270305,270630,"6,7,6",U1700 Junior
1170374,197653,"9,4,7",U1700 Junior
1170374,270630,"4,3,4",U1700 Junior
197653,270630,"4,7,6",U1700 Junior
266395,268640,"-6,10,-7,8,5",U1700 Junior
268640,266071,"6,7,8",U1700 Junior
268640,1175701,"11,6,-8,0",U1700 Junior
266395,266071,"4,2,8",U1700 Junior
266395,1175701,"6,-12,6,6",U1700 Junior
266071,1175701,"6,5,3",U1700 Junior
220128,216225,"-5,-10,9,8,8",U1700 Junior
216225,271883,"6,-8,-5,9,9",U1700 Junior
216225,223704,"4,5,4",U1700 Junior
220128,271883,"11,8,-8,10",U1700 Junior
220128,223704,"0,3,4",U1700 Junior
271883,223704,"4,3,5",U1700 Junior
230779,271735,"9,6,-11,8",U1700 Junior
230779,230221,"2,8,8",U1700 Junior
230779,1165105,"2,3,3",U1700 Junior
271735,230221,"7,6,9",U1700 Junior
271735,1165105,"6,5,9",U1700 Junior
230221,1165105,"6,6,4",U1700 Junior
229837,1176795,"7,10,6",U1700 Junior
229837,1171867,"3,-7,9,10",U1700 Junior
229837,1177780,"5,6,6",U1700 Junior
1171867,1176795,"-10,6,2,0",U1700 Junior
1176795,1177780,"-11,8,-6,3,4",U1700 Junior
1171867,1177780,"-8,6,7,4",U1700 Junior
222909,270887,"9,4,-9,-6,12",U1700 Junior
270887,1170751,"12,-5,10,-7,6",U1700 Junior
270887,1174062,"6,9,8",U1700 Junior
222909,1170751,"1,2,2",U1700 Junior
222909,1174062,"4,10,3",U1700 Junior
1170751,1174062,"5,10,9",U1700 Junior
214975,1171107,"-9,9,-5,9,6",U1700 Junior
1175371,214975,"9,12,-7,-12,14",U1700 Junior
214975,1172659,"-9,-1,5,9,7",U1700 Junior
1175371,1171107,"9,5,-8,8",U1700 Junior
1171107,1172659,"11,3,2",U1700 Junior
1175371,1172659,"4,8,1",U1700 Junior
277460,268875,"6,7,5",U1700 Junior
268875,1174461,"-6,10,-7,9,9",U1700 Junior
268875,271599,"11,5,-9,10",U1700 Junior
277460,1174461,"9,-9,-9,9,10",U1700 Junior
277460,271599,"9,7,6",U1700 Junior
1174461,271599,"-9,-7,4,7,7",U1700 Junior
271481,268979,"5,8,9",U1700 Junior
271481,219809,"2,8,9",U1700 Junior
271481,1176550,"4,6,7",U1700 Junior
268979,219809,"5,10,5",U1700 Junior
268979,1176550,"3,7,9",U1700 Junior
1176550,219809,"3,8,6",U1700 Junior
269985,1165615,"-8,9,10,6",U1700 Junior
269985,271785,"10,3,5",U1700 Junior
269985,270832,"-9,9,9,9",U1700 Junior
1165615,271785,"3,-8,8,8",U1700 Junior
1165615,270832,"-9,6,5,9",U1700 Junior
270832,271785,"-9,7,7,13",U1700 Junior
224072,1168382,"-2,8,4,-9,7",U1700 Junior
224072,273085,"5,8,10",U1700 Junior
224072,263580,"7,8,7",U1700 Junior
273085,1168382,"6,-9,-7,7,9",U1700 Junior
263580,1168382,"3,7,10",U1700 Junior
273085,263580,"8,6,1",U1700 Junior
275694,1170835,"-11,2,4,5",U1700 Junior
1170835,1150978,"7,-13,6,9",U1700 Junior
1170835,264196,"9,-5,7,6",U1700 Junior
275694,1150978,"1,-6,4,2",U1700 Junior
275694,264196,"13,-13,3,9",U1700 Junior
264196,1150978,"9,-10,6,11",U1700 Junior
927185,223311,"-9,6,8,7",U1700 Junior
927185,272060,"3,-10,3,6",U1700 Junior
927185,271322,"9,3,-6,1",U1700 Junior
223311,272060,"3,7,1",U1700 Junior
223311,271322,"-7,3,2,-9,5",U1700 Junior
271322,272060,"6,6,-9,-11,3",U1700 Junior
1171736,218722,"5,4,10",U1700 Junior
218722,271149,"9,6,-9,6",U1700 Junior
218722,1174063,"-9,11,6,9",U1700 Junior
271149,1171736,"9,-5,9,4",U1700 Junior
1171736,1174063,"-7,5,9,12",U1700 Junior
1174063,271149,"-5,6,8,8",U1700 Junior
219240,1171225,"6,7,-8,5",U1700 Junior
219240,271147,"8,7,6",U1700 Junior
219240,1175517,"1,3,5",U1700 Junior
1171225,271147,"6,9,-9,8",U1700 Junior
1171225,1175517,"-7,4,8,6",U1700 Junior
271147,1175517,"11,3,4",U1700 Junior
95193,1175168,"10,5,9",U1700 Junior
95193,273762,"-9,8,-8,7,6",U1700 Junior
223757,95193,"11,8,-5,4",U1700 Junior
1175168,273762,"8,6,3",U1700 Junior
223757,1175168,"11,9,-9,10",U1700 Junior
273762,223757,"9,12,8",U1700 Junior
96758,1167748,"6,8,3",U1700 Junior
96758,270703,"8,8,-8,8",U1700 Junior
96758,1172399,"4,-7,11,6",U1700 Junior
1167748,270703,"8,-9,8,12",U1700 Junior
1167748,1172399,"4,-7,11,6",U1700 Junior
270703,1172399,"8,8,6",U1700 Junior
1175416,270886,"7,-6,9,-3,9",U1700 Junior
270886,271344,"11,5,7",U1700 Junior
270886,270991,"8,8,-5,7",U1700 Junior
1175416,271344,"-11,6,-12,10,9",U1700 Junior
1175416,270991,"7,8,10",U1700 Junior
270991,271344,"6,3,1",U1700 Junior
1171872,263580,"1,7,5",U1500 Junior
1171872,275096,"8,7,-4,4",U1500 Junior
275096,263580,"-7,8,3,0",U1500 Junior
268640,271327,"5,8,9",U1500 Junior
268640,271482,"2,4,4",U1500 Junior
268640,1180377,"3,1,5",U1500 Junior
271327,271482,"-9,-7,6,7,8",U1500 Junior
1180377,271327,"12,7,-10,-2,7",U1500 Junior
271482,1180377,"9,7,3",U1500 Junior
927185,1179199,"3,1,8",U1500 Junior
927185,1174062,"1,8,4",U1500 Junior
927185,1180010,"2,2,8",U1500 Junior
1179199,1174062,"9,11,-4,3",U1500 Junior
1179199,1180010,"4,5,10",U1500 Junior
1174062,1180010,"8,3,5",U1500 Junior
1172399,273517,"4,10,3",U1500 Junior
1172399,279476,"2,1,4",U1500 Junior
273517,279476,"1,3,2",U1500 Junior
219609,264196,"8,-8,5,5",U1500 Junior
219609,270793,"7,19,2",U1500 Junior
219609,1177782,"2,3,7",U1500 Junior
264196,270793,"4,5,3",U1500 Junior
264196,1177782,"7,5,4",U1500 Junior
270793,1177782,"2,7,6",U1500 Junior
1175139,271326,"5,9,9",U1500 Junior
271599,1175139,"11,-7,9,-4,6",U1500 Junior
1175139,1178096,"2,5,2",U1500 Junior
271599,271326,"9,-4,7,-6,9",U1500 Junior
271326,1178096,"4,2,6",U1500 Junior
271599,1178096,"5,7,2",U1500 Junior
271424,272060,"4,13,4",U1500 Junior
271424,1176550,"9,-8,8,3",U1500 Junior
271424,278645,"1,5,6",U1500 Junior
272060,1176550,"4,3,4",U1500 Junior
272060,278645,"6,8,8",U1500 Junior
1176550,278645,"4,10,6",U1500 Junior
223757,1170374,"-5,-16,9,7,8",U1500 Junior
1170374,229747,"9,-9,3,9",U1500 Junior
1170374,278646,"3,9,4",U1500 Junior
223757,229747,"8,8,-4,9",U1500 Junior
278646,223757,"6,-11,9,6",U1500 Junior
278646,229747,"8,9,5",U1500 Junior
270889,270991,"7,4,6",U1500 Junior
270889,1173507,"9,7,4",U1500 Junior
270889,273411,"4,7,2",U1500 Junior
270991,1173507,"6,6,0",U1500 Junior
270991,273411,"6,7,7",U1500 Junior
1173507,273411,"7,6,7",U1500 Junior
266076,1174811,"5,4,3",U1500 Junior
270725,266076,"8,2,5",U1500 Junior
270725,1174811,"6,8,1",U1500 Junior
271596,271322,"7,8,7",U1500 Junior
271596,275102,"9,6,4",U1500 Junior
271596,1177045,"6,1,4",U1500 Junior
271322,275102,"7,4,7",U1500 Junior
271322,1177045,"5,2,3",U1500 Junior
275102,1177045,"8,3,8",U1500 Junior
1178109,271785,"5,8,11",U1500 Junior
1178109,268857,"7,2,7",U1500 Junior
1178109,1176451,"4,9,6",U1500 Junior
268857,271785,"-5,-13,9,8,13",U1500 Junior
271785,1176451,"7,9,9",U1500 Junior
1176451,268857,"4,10,10",U1500 Junior
271320,1174461,"8,9,11",U1500 Junior
271320,1172659,"4,4,-9,7",U1500 Junior
271320,1174369,"2,5,4",U1500 Junior
1174461,1172659,"-8,-6,1,6,3",U1500 Junior
1174461,1174369,"6,9,9",U1500 Junior
1174369,1172659,"5,2,6",U1500 Junior
1174063,266075,"8,-2,-8,9,6",U1500 Junior
266075,271070,"8,7,-8,7",U1500 Junior
266075,1178677,"8,2,5",U1500 Junior
1174063,271070,"6,-11,9,6",U1500 Junior
1174063,1178677,"10,3,7",U1500 Junior
271070,1178677,"6,8,5",U1500 Junior
1177302,1171342,"6,-9,10,-6,9",U1500 Junior
1171342,223763,"-10,-6,5,9,7",U1500 Junior
271147,1177302,"7,5,5",U1500 Junior
271147,223763,"2,9,6",U1500 Junior
1177302,223763,"5,8,7",U1500 Junior
230294,271344,"6,6,9",U1500 Junior
220782,230294,"8,-5,-5,9,8",U1500 Junior
230294,1172006,"4,2,2",U1500 Junior
220782,271344,"5,9,7",U1500 Junior
271344,1172006,"8,1,6",U1500 Junior
220782,1172006,"7,7,0",U1500 Junior
1150978,1175701,"6,2,-4,-5,6",U1500 Junior
1150978,276153,"7,1,6",U1500 Junior
1175701,276153,"5,4,6",U1500 Junior
270900,222203,"3,3,6",U1500 Junior
270900,271876,"5,6,7",U1500 Junior
270900,276020,"1,7,4",U1500 Junior
271876,222203,"11,5,6",U1500 Junior
222203,276020,"8,4,8",U1500 Junior
271876,276020,"6,1,8",U1500 Junior
271149,1180072,"7,-2,6,11",U1500 Junior
1180072,273260,"6,-7,-9,7,6",U1500 Junior
1180072,276436,"8,3,4",U1500 Junior
271149,273260,"6,4,6",U1500 Junior
271149,276436,"9,1,4",U1500 Junior
273260,276436,"-7,6,5,-10,9",U1500 Junior
272563,273762,"7,8,-7,5",U1500 Junior
272563,277242,"1,3,8",U1500 Junior
272563,231514,"9,8,-6,12",U1500 Junior
273762,277242,"9,6,6",U1500 Junior
231514,273762,"6,6,-7,10",U1500 Junior
231514,277242,"5,-8,5,5",U1500 Junior
273085,278361,"2,4,4",U1500 Junior
223704,278361,"5,6,0",U1500 Junior
1173545,278361,"7,2,1",U1500 Junior
273085,223704,"5,1,3",U1500 Junior
273085,1173545,"7,-5,7,9",U1500 Junior
1173545,223704,"4,9,9",U1500 Junior
1173127,1170751,"5,-7,-5,11,8",U1500 Junior
1173127,220668,"1,3,2",U1500 Junior
1173127,274683,"5,5,-5,4",U1500 Junior
1170751,220668,"11,4,7",U1500 Junior
1170751,274683,"9,9,10",U1500 Junior
274683,220668,"14,-9,9,10",U1500 Junior
1171867,230220,"9,7,-9,5",U1500 Junior
230220,1165105,"5,4,6",U1500 Junior
230220,1176556,"11,7,-8,5",U1500 Junior
1171867,1165105,"10,10,8",U1500 Junior
1171867,1176556,"4,6,-9,5",U1500 Junior
1176556,1165105,"11,4,6",U1500 Junior
270703,1173129,"5,14,-5,6",U1500 Junior
1173129,218713,"-8,7,11,12",U1500 Junior
1173129,276273,"1,7,6",U1500 Junior
270703,218713,"8,-9,9,-8,5",U1500 Junior
270703,276273,"9,5,-4,4",U1500 Junior
218713,276273,"7,9,5",U1500 Junior
271883,219809,"13,3,7",U1500 Junior
271883,274466,"10,5,11",U1500 Junior
271883,1176555,"9,7,7",U1500 Junior
219809,274466,"-10,-8,4,2,7",U1500 Junior
219809,1176555,"8,-5,6,9",U1500 Junior
274466,1176555,"9,-8,8,-10,8",U1500 Junior
1175371,266071,"3,6,2",U1500 Junior
266071,270630,"5,7,8",U1500 Junior
266071,276634,"6,10,8",U1500 Junior
1175371,270630,"8,10,3",U1500 Junior
1175371,276634,"9,7,1",U1500 Junior
276634,270630,"-9,6,10,-6,9",U1500 Junior
197653,271215,"4,2,9",U1500 Junior
274722,197653,"13,9,5",U1500 Junior
274722,271215,"8,7,6",U1500 Junior
927185,273260,"6,2,9",U1400 Junior
927185,275102,"6,7,2",U1400 Junior
927185,1180377,"2,5,6",U1400 Junior
273260,275102,"7,6,8",U1400 Junior
273260,1180377,"-5,6,9,13",U1400 Junior
275102,1180377,"11,2,4",U1400 Junior
219609,271070,"7,7,-9,-10,7",U1400 Junior
219609,1177780,"3,2,9",U1400 Junior
219609,279476,"5,4,6",U1400 Junior
271070,1177780,"6,9,9",U1400 Junior
271070,279476,"5,6,2",U1400 Junior
1177780,279476,"7,8,5",U1400 Junior
271424,276077,"6,3,7",U1400 Junior
271424,1172659,"3,6,4",U1400 Junior
271424,1178096,"3,3,7",U1400 Junior
1172659,276077,"5,6,3",U1400 Junior
276077,1178096,"10,9,8",U1400 Junior
1172659,1178096,"9,3,6",U1400 Junior
271596,1176550,"4,6,5",U1400 Junior
271596,1165105,"5,3,7",U1400 Junior
271596,273411,"7,4,12",U1400 Junior
1176550,1165105,"2,9,-6,3",U1400 Junior
1176550,273411,"3,7,7",U1400 Junior
273411,1165105,"6,7,9",U1400 Junior
271320,1179018,"4,4,10",U1400 Junior
271320,1174062,"6,7,9",U1400 Junior
271320,270725,"4,-8,4,3",U1400 Junior
1174062,1179018,"9,13,6",U1400 Junior
270725,1179018,"5,3,4",U1400 Junior
270725,1174062,"-3,-10,6,8,7",U1400 Junior
1173127,229747,"9,3,-11,6",U1400 Junior
1173127,268857,"-9,7,5,2",U1400 Junior
1173127,1180010,"5,6,2",U1400 Junior
229747,268857,"2,-10,7,9",U1400 Junior
229747,1180010,"8,6,10",U1400 Junior
268857,1180010,"-11,11,10,7",U1400 Junior
271883,275096,"5,10,-8,6",U1400 Junior
271883,270793,"5,4,7",U1400 Junior
271883,223763,"-10,7,-6,8,8",U1400 Junior
270793,275096,"9,9,-8,10",U1400 Junior
275096,223763,"8,-3,5,4",U1400 Junior
223763,270793,"7,-10,-6,6,2",U1400 Junior
1175371,273517,"6,3,4",U1400 Junior
1175371,1177302,"9,7,6",U1400 Junior
1175371,1177045,"5,4,5",U1400 Junior
1177302,273517,"4,9,4",U1400 Junior
273517,1177045,"8,7,9",U1400 Junior
1177302,1177045,"4,5,4",U1400 Junior
1171867,271482,"8,-5,-8,3,8",U1400 Junior
1171867,271876,"10,4,6",U1400 Junior
1171867,1172006,"8,3,6",U1400 Junior
271482,271876,"6,6,-11,-5,8",U1400 Junior
271482,1172006,"7,8,-9,4",U1400 Junior
271876,1172006,"5,-7,5,8",U1400 Junior
1170751,263580,"6,-10,10,3",U1400 Junior
1170751,1175980,"8,6,12",U1400 Junior
1170751,1178677,"4,2,8",U1400 Junior
263580,1175980,"6,6,8",U1400 Junior
263580,1178677,"6,7,6",U1400 Junior
1175980,1178677,"5,4,7",U1400 Junior
1174461,271327,"7,3,-11,9",U1400 Junior
1174461,1173507,"9,6,-4,6",U1400 Junior
1174461,276020,"4,2,6",U1400 Junior
271327,1173507,"9,7,10",U1400 Junior
271327,276020,"10,9,3",U1400 Junior
1173507,276020,"4,6,5",U1400 Junior
264196,219809,"7,10,-8,-9,8",U1400 Junior
219809,270630,"9,7,5",U1400 Junior
1173545,219809,"6,5,8",U1400 Junior
264196,270630,"7,5,6",U1400 Junior
1173545,264196,"-1,6,11,-6,11",U1400 Junior
1173545,270630,"-10,6,2,10",U1400 Junior
273762,271322,"8,6,-6,6",U1400 Junior
273762,223704,"8,1,3",U1400 Junior
273762,276153,"5,4,12",U1400 Junior
271322,223704,"7,6,5",U1400 Junior
271322,276153,"4,3,4",U1400 Junior
223704,276153,"-11,6,7,9",U1400 Junior
1172399,271785,"10,7,5",U1400 Junior
271785,276158,"7,5,8",U1400 Junior
231514,271785,"4,6,9",U1400 Junior
1172399,276158,"7,9,8",U1400 Junior
231514,1172399,"5,2,6",U1400 Junior
231514,276158,"3,5,2",U1400 Junior
271326,222203,"-9,15,6,8",U1400 Junior
222203,277242,"8,9,-6,-8,6",U1400 Junior
276273,222203,"5,9,9",U1400 Junior
271326,277242,"6,11,3",U1400 Junior
276273,271326,"-9,5,5,10",U1400 Junior
276273,277242,"9,9,-11,5",U1400 Junior
275877,1150978,"11,6,6",U1400 Junior
1150978,274466,"-8,11,5,11",U1400 Junior
1150978,1176556,"7,-8,6,7",U1400 Junior
275877,274466,"7,5,6",U1400 Junior
275877,1176556,"8,5,-10,-6,4",U1400 Junior
274466,1176556,"8,13,-9,4",U1400 Junior
223757,271344,"13,5,9",U1400 Junior
271344,220668,"-13,6,2,3",U1400 Junior
1176555,271344,"4,9,-8,-8,9",U1400 Junior
223757,220668,"1,9,5",U1400 Junior
223757,1176555,"7,12,8",U1400 Junior
220668,1176555,"10,9,11",U1400 Junior
270991,270703,"7,6,9",U1400 Junior
270703,1174811,"7,4,11",U1400 Junior
270703,272825,"11,5,8",U1400 Junior
270991,1174811,"3,4,2",U1400 Junior
270991,272825,"1,2,6",U1400 Junior
272825,1174811,"3,4,-13,5",U1400 Junior
271147,1174063,"6,11,-8,-4,8",U1400 Junior
271147,218713,"8,-8,7,12",U1400 Junior
271147,276436,"4,2,5",U1400 Junior
218713,1174063,"9,-3,11,11",U1400 Junior
1174063,276436,"7,3,5",U1400 Junior
218713,276436,"6,4,6",U1400 Junior
272060,266076,"6,-9,6,6",U1400 Junior
272060,271215,"8,6,7",U1400 Junior
272060,276634,"7,4,7",U1400 Junior
266076,271215,"5,-15,6,3",U1400 Junior
276634,266076,"8,6,8",U1400 Junior
276634,271215,"9,-7,12,-8,6",U1400 Junior
271149,1179199,"6,8,9",U1400 Junior
271149,272059,"7,6,-9,6",U1400 Junior
274722,271149,"-8,8,8,8",U1400 Junior
1179199,272059,"5,-9,6,10",U1400 Junior
274722,1179199,"7,6,5",U1400 Junior
274722,272059,"6,8,8",U1400 Junior
219609,277242,"5,5,3",U1300 Junior
219609,274922,"4,-7,6,-9,7",U1300 Junior
274922,277242,"-8,4,6,10",U1300 Junior
271424,1175980,"4,3,6",U1300 Junior
271424,223704,"9,6,4",U1300 Junior
1175980,223704,"7,4,-9,9",U1300 Junior
271596,1173507,"7,-8,8,-12,5",U1300 Junior
271596,1174322,"11,-10,7,7",U1300 Junior
1174322,1173507,"10,12,-13,5",U1300 Junior
1173127,273756,"6,-7,6,5",U1300 Junior
1173127,274466,"7,4,-6,6",U1300 Junior
1173127,1177045,"8,3,4",U1300 Junior
274466,273756,"-9,8,-7,8,6",U1300 Junior
1177045,273756,"3,7,6",U1300 Junior
274466,1177045,"9,8,9",U1300 Junior
1175371,1179997,"1,3,5",U1300 Junior
1175371,1174811,"6,7,8",U1300 Junior
1175371,1180377,"7,7,7",U1300 Junior
1179997,1174811,"9,-9,9,7",U1300 Junior
1180377,1179997,"10,7,10",U1300 Junior
1180377,1174811,"5,6,13",U1300 Junior
1170751,1165105,"10,7,2",U1300 Junior
218713,1170751,"10,7,-4,-6,8",U1300 Junior
1170751,1180010,"-9,6,9,6",U1300 Junior
218713,1165105,"3,10,-7,3",U1300 Junior
1180010,1165105,"9,6,6",U1300 Junior
218713,1180010,"5,9,5",U1300 Junior
1174461,276405,"3,2,5",U1300 Junior
1174461,276436,"1,1,2",U1300 Junior
1174461,1174324,"2,3,6",U1300 Junior
276436,276405,"9,9,5",U1300 Junior
1174324,276405,"4,13,3",U1300 Junior
1174324,276436,"7,4,6",U1300 Junior
273762,275102,"5,5,3",U1300 Junior
273762,270630,"6,-8,7,9",U1300 Junior
273762,279476,"2,1,2",U1300 Junior
275102,270630,"-4,8,6,8",U1300 Junior
275102,279476,"5,3,2",U1300 Junior
270630,279476,"5,2,1",U1300 Junior
270703,1172659,"9,9,11",U1300 Junior
270703,220668,"7,3,5",U1300 Junior
270703,274995,"2,3,-8,1",U1300 Junior
1172659,220668,"9,7,5",U1300 Junior
1172659,274995,"8,7,5",U1300 Junior
220668,274995,"10,9,9",U1300 Junior
272060,1177302,"3,9,-8,3",U1300 Junior
272060,1173728,"8,5,0",U1300 Junior
272060,1178096,"6,1,4",U1300 Junior
1177302,1173728,"9,5,7",U1300 Junior
1177302,1178096,"4,3,5",U1300 Junior
1173728,1178096,"3,4,9",U1300 Junior
271322,1174062,"6,6,9",U1300 Junior
271322,271215,"4,7,4",U1300 Junior
271322,1178677,"7,5,7",U1300 Junior
1174062,271215,"3,8,9",U1300 Junior
1174062,1178677,"7,3,4",U1300 Junior
271215,1178677,"7,3,8",U1300 Junior
266076,268857,"6,7,9",U1300 Junior
266076,272059,"6,4,4",U1300 Junior
266076,273411,"12,3,3",U1300 Junior
272059,268857,"7,8,-8,7",U1300 Junior
268857,273411,"-9,2,-7,10,9",U1300 Junior
272059,273411,"16,-5,6,4",U1300 Junior
1176550,1174063,"9,7,-9,-10,9",U1300 Junior
274722,1174063,"9,10,4",U1300 Junior
1174063,271890,"5,5,2",U1300 Junior
274722,1176550,"9,4,-7,-9,7",U1300 Junior
1176550,271890,"2,4,9",U1300 Junior
274722,271890,"7,-8,2,6",U1300 Junior
223757,271070,"-4,9,7,6",U1300 Junior
223757,276634,"-4,5,5,7",U1300 Junior
270725,223757,"-7,-7,7,7,9",U1300 Junior
271070,276634,"12,6,5",U1300 Junior
270725,271070,"-5,4,11,3",U1300 Junior
270725,276634,"10,2,4",U1300 Junior
270991,271599,"6,3,4",U1300 Junior
270991,1176555,"5,8,8",U1300 Junior
270991,1177576,"7,7,6",U1300 Junior
271599,1176555,"7,-8,9,-8,4",U1300 Junior
1177576,271599,"3,-6,4,-9,11",U1300 Junior
1176555,1177576,"-3,7,6,-5,10",U1300 Junior
275877,271876,"7,5,8",U1300 Junior
275877,272825,"3,7,7",U1300 Junior
275877,999001,"7,3,7",U1300 Junior
271876,272825,"-3,8,-7,11,6",U1300 Junior
271876,999001,"10,-8,11,6",U1300 Junior
999001,272825,"-7,10,-7,9,5",U1300 Junior
271326,276077,"10,3,3",U1300 Junior
1176556,271326,"-8,9,9,4",U1300 Junior
271326,1177782,"5,4,4",U1300 Junior
1176556,276077,"3,9,8",U1300 Junior
276077,1177782,"5,8,-7,3",U1300 Junior
1177782,1176556,"-3,6,8,-9,9",U1300 Junior
220782,1179199,"-9,6,3,6",U1300 Junior
1179199,276273,"7,-10,7,5",U1300 Junior
1174369,1179199,"6,10,7",U1300 Junior
220782,276273,"10,4,8",U1300 Junior
220782,1174369,"6,3,3",U1300 Junior
1174369,276273,"5,3,-9,9",U1300 Junior
1172399,273260,"7,4,7",U1300 Junior
1172399,1173545,"9,-6,9,9",U1300 Junior
1172399,1176859,"4,5,3",U1300 Junior
1173545,273260,"8,7,6",U1300 Junior
273260,1176859,"4,8,-8,1",U1300 Junior
1173545,1176859,"4,4,4",U1300 Junior
264196,273517,"5,6,4",U1300 Junior
264196,276158,"3,6,5",U1300 Junior
264196,1176451,"-8,6,7,3",U1300 Junior
273517,276158,"7,5,7",U1300 Junior
1176451,273517,"12,-7,2,-4,5",U1300 Junior
1176451,276158,"8,2,5",U1300 Junior
263580,270832,"7,-8,9,11",U1300 Junior
231514,263580,"3,5,11",U1300 Junior
263580,275101,"2,7,5",U1300 Junior
270832,231514,"4,5,11",U1300 Junior
270832,275101,"4,4,2",U1300 Junior
231514,275101,"2,6,2",U1300 Junior
271327,1179018,"5,4,7",U1300 Junior
271327,276153,"4,9,8",U1300 Junior
271327,223763,"5,-8,-9,7,8",U1300 Junior
1179018,276153,"5,-10,4,8",U1300 Junior
223763,1179018,"8,10,5",U1300 Junior
223763,276153,"5,5,2",U1300 Junior
272196,271316,"-8,7,6,-7,7",U1300 Junior
271316,1174325,"12,-9,8,-8,8",U1300 Junior
271316,1172006,"5,6,-5,5",U1300 Junior
272196,1174325,"4,10,5",U1300 Junior
272196,1172006,"3,5,4",U1300 Junior
1174325,1172006,"5,6,3",U1300 Junior
271482,275096,"-3,4,-7,6,8",U1300 Junior
275096,276020,"9,4,8",U1300 Junior
275096,1174326,"-12,-8,1,5,5",U1300 Junior
271482,276020,"5,7,3",U1300 Junior
271482,1174326,"5,8,4",U1300 Junior
1174326,276020,"7,9,-9,8",U1300 Junior
271596,1169799,"7,8,6",U1200 Junior
271596,1174811,"9,2,13",U1200 Junior
1169799,1174811,"7,5,7",U1200 Junior
1175371,268857,"8,4,1",U1200 Junior
1175371,272825,"6,6,5",U1200 Junior
1175371,279476,"5,3,0",U1200 Junior
272825,268857,"-10,6,4,5",U1200 Junior
268857,279476,"7,3,3",U1200 Junior
272825,279476,"2,5,4",U1200 Junior
266076,270630,"7,4,8",U1200 Junior
266076,1180377,"-9,6,-6,9,6",U1200 Junior
270630,1180377,"8,7,3",U1200 Junior
223757,223704,"9,7,12",U1200 Junior
223757,271215,"9,9,-7,9",U1200 Junior
223757,277491,"3,4,2",U1200 Junior
271215,223704,"6,6,8",U1200 Junior
223704,277491,"7,3,3",U1200 Junior
271215,277491,"11,5,6",U1200 Junior
275877,1179997,"5,7,9",U1200 Junior
275877,272059,"2,9,4",U1200 Junior
275877,1180010,"0,6,5",U1200 Junior
272059,1179997,"7,7,9",U1200 Junior
1180010,1179997,"9,-7,11,-10,13",U1200 Junior
272059,1180010,"4,5,-7,7",U1200 Junior
271326,1175980,"10,-9,5,8",U1200 Junior
274722,271326,"-7,3,7,4",U1200 Junior
271326,1177576,"3,5,-10,6",U1200 Junior
274722,1175980,"3,7,-7,6",U1200 Junior
1177576,1175980,"-7,-10,6,6,9",U1200 Junior
274722,1177576,"8,4,8",U1200 Junior
1172399,277242,"4,6,4",U1200 Junior
1172399,1176555,"4,7,9",U1200 Junior
1172399,1179189,"6,7,6",U1200 Junior
1176555,277242,"9,-9,5,2",U1200 Junior
277242,1179189,"10,-6,6,6",U1200 Junior
1176555,1179189,"-6,9,-6,2,2",U1200 Junior
271327,273756,"-10,7,5,9",U1200 Junior
271327,276273,"8,4,5",U1200 Junior
271327,274995,"5,4,3",U1200 Junior
273756,276273,"5,9,-5,9",U1200 Junior
273756,274995,"5,6,5",U1200 Junior
276273,274995,"8,6,6",U1200 Junior
218713,271482,"9,8,4",U1200 Junior
276158,271482,"8,-7,-9,6,6",U1200 Junior
271482,275101,"5,7,8",U1200 Junior
218713,276158,"5,-9,9,10",U1200 Junior
218713,275101,"2,8,4",U1200 Junior
276158,275101,"6,5,7",U1200 Junior
273260,273517,"5,8,3",U1200 Junior
273260,276634,"-8,12,8,9",U1200 Junior
273260,1178096,"6,7,-9,12",U1200 Junior
276634,1178096,"5,8,3",U1200 Junior
229747,1165105,"5,8,8",U1200 Junior
229747,276020,"5,4,5",U1200 Junior
229747,270725,"-7,4,10,4",U1200 Junior
1165105,276020,"4,9,5",U1200 Junior
270725,1165105,"6,10,8",U1200 Junior
270725,276020,"6,5,3",U1200 Junior
1177302,1176550,"-11,-9,5,10,7",U1200 Junior
1176550,276436,"7,8,9",U1200 Junior
1174369,1176550,"9,8,4",U1200 Junior
1177302,276436,"7,6,3",U1200 Junior
1174369,1177302,"5,-9,6,-5,4",U1200 Junior
1174369,276436,"6,8,-8,9",U1200 Junior
1175666,1172659,"-2,7,9,7",U1200 Junior
1173545,1175666,"2,4,5",U1200 Junior
1175666,1177782,"-5,5,4,5",U1200 Junior
1173545,1172659,"7,4,8",U1200 Junior
1172659,1177782,"8,7,8",U1200 Junior
271876,1179018,"8,10,6",U1200 Junior
274683,1179018,"-8,6,4,6",U1200 Junior
273411,1179018,"9,4,9",U1200 Junior
274683,271876,"15,9,-8,5",U1200 Junior
271876,273411,"12,8,17",U1200 Junior
273411,274683,"7,10,6",U1200 Junior
1174062,276077,"9,1,8",U1200 Junior
223763,276077,"9,8,5",U1200 Junior
276077,1177045,"6,4,6",U1200 Junior
1174062,223763,"-8,-8,14,8,9",U1200 Junior
1177045,1174062,"7,9,-6,6",U1200 Junior
270793,276405,"4,5,5",U1200 Junior
276153,276405,"9,5,6",U1200 Junior
1178677,276405,"4,-9,7,7",U1200 Junior
270793,276153,"10,4,4",U1200 Junior
270793,1178677,"2,-7,6,6",U1200 Junior
1178677,276153,"-8,11,5,7",U1200 Junior
220668,1179190,"9,10,5",U1200 Junior
1179190,1172006,"-8,4,-5,3,7",U1200 Junior
1176451,1179190,"6,-3,3,8",U1200 Junior
220668,1172006,"11,4,8",U1200 Junior
220668,1176451,"5,7,10",U1200 Junior
1176451,1172006,"5,-9,6,2",U1200 Junior
275102,273785,"1,9,11",U1200 Junior
1176556,273785,"11,4,7",U1200 Junior
273785,1176859,"7,9,4",U1200 Junior
275102,1176556,"5,-9,6,9",U1200 Junior
275102,1176859,"-12,1,2,6",U1200 Junior
1176859,1176556,"8,10,-7,10",U1200 Junior
266076,272825,"3,7,4",U1000 Junior
266076,274913,"2,6,3",U1000 Junior
272825,274913,"7,3,7",U1000 Junior
275877,276158,"4,-5,10,8",U1000 Junior
275877,276436,"0,3,0",U1000 Junior
276158,276436,"3,-8,5,1",U1000 Junior
1172399,271215,"7,7,5",U1000 Junior
1172399,276153,"6,5,5",U1000 Junior
1172399,1180377,"2,6,8",U1000 Junior
271215,276153,"7,6,-12,-6,3",U1000 Junior
271215,1180377,"7,7,5",U1000 Junior
1180377,276153,"5,9,8",U1000 Junior
274722,1173545,"11,6,6",U1000 Junior
274722,999001,"4,5,4",U1000 Junior
1173545,999001,"7,3,6",U1000 Junior
271327,1173728,"6,6,4",U1000 Junior
271327,1174326,"6,9,-11,1",U1000 Junior
271327,1179189,"9,6,-8,11",U1000 Junior
1174326,1173728,"9,-3,7,9",U1000 Junior
1173728,1179189,"7,3,4",U1000 Junior
1179189,1174326,"5,9,-5,5",U1000 Junior
272059,273517,"9,7,6",U1000 Junior
273517,1174325,"2,6,10",U1000 Junior
273517,279274,"4,7,3",U1000 Junior
1174325,272059,"3,-9,9,-9,4",U1000 Junior
272059,279274,"4,-7,4,-12,5",U1000 Junior
1174325,279274,"4,10,4",U1000 Junior
1176550,276634,"7,7,8",U1000 Junior
1176550,276020,"9,5,1",U1000 Junior
276634,276020,"8,6,10",U1000 Junior
1175666,1176555,"7,9,-9,6",U1000 Junior
1175666,1176451,"8,-7,-7,8,7",U1000 Junior
1175666,277491,"3,4,6",U1000 Junior
1176451,1176555,"6,4,7",U1000 Junior
1176555,277491,"3,1,1",U1000 Junior
1176451,277491,"3,2,2",U1000 Junior
271070,1174811,"5,1,6",U1000 Junior
271070,1176556,"-9,5,9,7",U1000 Junior
271070,1180010,"-12,-8,4,5,2",U1000 Junior
1176556,1174811,"-8,12,7,10",U1000 Junior
1180010,1174811,"2,6,6",U1000 Junior
1176556,1180010,"8,-9,7,8",U1000 Junior
1169799,273785,"6,4,-8,5",U1000 Junior
274683,273785,"10,-10,-4,3,13",U1000 Junior
273785,1178096,"1,7,7",U1000 Junior
1169799,274683,"9,-9,6,5",U1000 Junior
1169799,1178096,"4,6,2",U1000 Junior
274683,1178096,"5,2,8",U1000 Junior
273260,1174322,"7,5,9",U1000 Junior
273260,276273,"3,8,-9,6",U1000 Junior
1174322,276273,"3,6,-8,7",U1000 Junior
220668,268857,"7,5,-8,2",U1000 Junior
268857,223763,"-5,8,7,-9,8",U1000 Junior
268857,275101,"6,4,9",U1000 Junior
220668,223763,"10,5,-8,-11,9",U1000 Junior
220668,275101,"7,9,8",U1000 Junior
223763,275101,"8,4,-15,2",U1000 Junior
1177302,223704,"7,9,-7,7",U1000 Junior
1177302,1172006,"1,3,5",U1000 Junior
1177302,273411,"7,3,15",U1000 Junior
223704,1172006,"10,9,6",U1000 Junior
273411,223704,"-6,6,2,9",U1000 Junior
273411,1172006,"3,5,4",U1000 Junior
274922,1172659,"-4,9,15,8",U1000 Junior
1172659,1178677,"6,5,4",U1000 Junior
1172659,1177045,"11,5,7",U1000 Junior
274922,1178677,"-9,6,11,8",U1000 Junior
1177045,274922,"-5,3,6,-6,7",U1000 Junior
1178677,1177045,"-10,5,4,7",U1000 Junior
218713,1173507,"9,7,4",U1000 Junior
1173507,271890,"6,5,1",U1000 Junior
270725,1173507,"4,-9,3,3",U1000 Junior
218713,271890,"6,3,1",U1000 Junior
218713,270725,"10,4,9",U1000 Junior
270725,271890,"10,5,7",U1000 Junior
1175980,274466,"10,-7,13,8",U1000 Junior
1175980,1177782,"11,8,11",U1000 Junior
1175980,1174324,"9,10,-9,-7,7",U1000 Junior
274466,1177782,"7,9,8",U1000 Junior
274466,1174324,"9,-6,9,-12,6",U1000 Junior
1174324,1177782,"8,6,8",U1000 Junior
270630,277242,"-5,10,-11,11,3",U1000 Junior
1174369,277242,"2,3,7",U1000 Junior
277242,1176859,"9,7,7",U1000 Junior
1174369,270630,"8,9,-8,8",U1000 Junior
270630,1176859,"6,5,-9,4",U1000 Junior
1174369,1176859,"2,1,6",U1000 Junior
219686,35087,"7,2,10",30 & Over Women's Singles
219686,219402,"3,4,6",30 & Over Women's Singles
35087,219402,"6,2,5",30 & Over Women's Singles
203096,202991,"7,8,7",30 & Over Women's Singles
202991,81398,"8,6,9",30 & Over Women's Singles
202991,273685,"1,6,9",30 & Over Women's Singles
203096,81398,"6,-10,7,6",30 & Over Women's Singles
203096,273685,"2,7,3",30 & Over Women's Singles
81398,273685,"5,-5,9,5",30 & Over Women's Singles
1171867,1170751,"7,7,13",U1600 Junior
270305,266071,"7,4,4",U1600 Junior
270305,1174461,"1,-9,-7,8,6",U1600 Junior
1174461,266071,"-11,8,8,7",U1600 Junior
1174318,268640,"3,2,9",U1600 Junior
268640,271785,"-10,5,8,5",U1600 Junior
268640,273411,"9,6,4",U1600 Junior
1174318,271785,"4,8,3",U1600 Junior
1174318,273411,"4,6,9",U1600 Junior
271785,273411,"8,-12,6,-8,8",U1600 Junior
927185,230221,"-6,7,6,5",U1600 Junior
927185,270703,"4,2,8",U1600 Junior
927185,270725,"8,5,7",U1600 Junior
270703,270725,"6,-8,8,9",U1600 Junior
1175371,1150978,"-3,3,10,6",U1600 Junior
1175371,1180010,"8,4,5",U1600 Junior
1150978,1180010,"-2,3,3,11",U1600 Junior
1175416,271883,"-9,7,-8,8,5",U1600 Junior
1175416,271147,"8,-9,7,7",U1600 Junior
1175416,276153,"2,8,6",U1600 Junior
271883,271147,"6,9,8",U1600 Junior
271883,276153,"0,6,2",U1600 Junior
271147,276153,"9,7,5",U1600 Junior
275694,230220,"5,9,5",U1600 Junior
275694,271322,"10,9,-11,10",U1600 Junior
275694,1177782,"5,-10,11,3",U1600 Junior
271322,230220,"9,14,5",U1600 Junior
230220,1177782,"4,7,7",U1600 Junior
271322,1177782,"6,3,5",U1600 Junior
1171107,1173129,"6,8,10",U1600 Junior
1171107,271344,"5,7,2",U1600 Junior
1171107,1173545,"6,5,-9,9",U1600 Junior
1173129,271344,"-6,9,8,15",U1600 Junior
1173129,1173545,"7,-9,9,6",U1600 Junior
271344,1173545,"10,7,-8,10",U1600 Junior
222909,272563,"6,-10,6,-11,9",U1600 Junior
222909,271149,"6,-4,8,7",U1600 Junior
222909,1177045,"3,3,12",U1600 Junior
272563,271149,"9,5,-10,5",U1600 Junior
272563,1177045,"2,4,5",U1600 Junior
271149,1177045,"4,6,2",U1600 Junior
1176795,270393,"-7,6,4,-7,12",U1600 Junior
273085,1176795,"-9,5,8,14",U1600 Junior
1176795,1175701,"-6,12,-6,8,8",U1600 Junior
270393,273085,"7,-7,8,8",U1600 Junior
270393,1175701,"-4,10,8,5",U1600 Junior
273085,1175701,"8,9,8",U1600 Junior
223757,1180072,"7,10,0",U1600 Junior
1180072,276273,"1,-6,5,3",U1600 Junior
223757,276273,"7,8,7",U1600 Junior
1174063,220128,"9,9,4",U1600 Junior
230294,1174063,"-9,-5,8,7,7",U1600 Junior
230294,231514,"8,-9,-8,5,10",U1600 Junior
1174063,231514,"13,9,-9,9",U1600 Junior
270991,1172686,"13,-7,9,-9,5",U1600 Junior
274722,1172686,"-10,4,6,8",U1600 Junior
270991,1173127,"4,-6,-3,10,10",U1600 Junior
1173127,274722,"5,6,-7,8",U1600 Junior
270991,274722,"5,5,9",U1600 Junior
219609,1172399,"9,-9,8,9",U1600 Junior
219609,271876,"8,9,8,-8",U1600 Junior
271876,1171342,"-9,12,7,-2,9",U1600 Junior
1172399,271876,"7,4,8",U1600 Junior
270900,1175139,"9,-9,8,6",U1600 Junior
229747,1175139,"9,8,-6,9",U1600 Junior
1175139,1176556,"4,3,9",U1600 Junior
270900,229747,"9,6,-8,-12,3",U1600 Junior
270900,1176556,"6,7,6",U1600 Junior
229747,1176556,"2,7,9",U1600 Junior
271424,1165565,"6,11,10",U1600 Junior
271424,271482,"4,8,3",U1600 Junior
271482,1165565,"6,5,4",U1600 Junior
1165565,1177780,"6,2,6",U1600 Junior
271482,1177780,"9,10,9",U1600 Junior
1171854,1170374,"-6,5,4,8",U1600 Junior
1170374,268857,"8,6,8",U1600 Junior
1176555,1170374,"9,6,-6,-1,8",U1600 Junior
1171854,268857,"5,3,6",U1600 Junior
1171854,1176555,"9,-8,11,4",U1600 Junior
1176555,268857,"-9,8,9,-6,6",U1600 Junior
270889,266075,"-6,10,-6,9,4",U1600 Junior
270889,1174062,"-9,9,3,5",U1600 Junior
270889,1165105,"7,6,7",U1600 Junior
1174062,266075,"6,10,-6,10",U1600 Junior
266075,1165105,"11,4,7",U1600 Junior
1174062,1165105,"5,5,9",U1600 Junior
1175984,271320,"10,7,9",U1600 Junior
1175984,270793,"-8,9,5,8",U1600 Junior
1175984,223704,"-7,7,-8,5,7",U1600 Junior
271320,270793,"6,9,8",U1600 Junior
271320,223704,"6,4,5",U1600 Junior
270793,223704,"-6,5,8,-10,6",U1600 Junior
271596,1171853,"-6,9,6,6",U1600 Junior
1171853,264196,"9,4,-9,5",U1600 Junior
1171853,1172659,"5,3,4",U1600 Junior
271596,264196,"9,8,-7,5",U1600 Junior
271596,1172659,"-5,8,9,5",U1600 Junior
264196,1172659,"-11,11,11,-11,11",U1600 Junior
220808,97890,"-7,-9,8,7,4",U19 Boys 5-8 Playoffs-Semis
84903,89837,"2,7,5",U19 Boys 5-8 Playoffs-Semis
220808,84903,"10,9,6",U19 Boys 5-8 Playoffs-Finals
97890,89837,"-8,11,7,3",U19 Boys 5-8 Playoffs-3rd/4th
202992,211608,"3,2,9",U19 Girl's 5-8 Playoff-Semis
220298,230237,"9,7,7",U19 Girl's 5-8 Playoff-Semis
220298,202992,"11,7,4",U19 Girl's 5-8 Playoff-Finals
211608,230237,"5,2,-7,-9,15",U19 Girl's 5-8 Playoff-3rd/4th
217130,198566,"-6,8,-1,11,9",U15 Boys 5-8 Playoff-Semis
217235,1177907,"8,-9,-7,9,6",U15 Boys 5-8 Playoff-Semis
217130,217235,"4,-10,9,5",U15 Boys 5-8 Playoff-Finals
198566,1177907,"-8,7,-6,5,11",U15 Boys 5-8 Playoff-3rd/4th
217532,1171128,"-7,8,5,4",U15 Girls 5-8 Playoff-Semis
220298,219210,"11,-4,8,7",U15 Girls 5-8 Playoff-Semis
220298,217532,"8,9,9",U15 Girls 5-8 Playoff-Finals
219210,1171128,"-8,8,8,6",U15 Girls 5-8 Playoff-3rd/4th
1165421,263284,"6,7,-11,3",U13 Boys 5-8 Playoff-Semis
1150995,1157612,"6,9,7",U13 Boys 5-8 Playoff-Semis
1150995,1165421,"6,8,-9,9",U13 Boys 5-8 Playoff-Finals
1157612,263284,"-5,11,8,-6,6",U13 Boys 5-8 Playoff-3rd/4th
224231,1171665,"7,-10,8,8",U13 Girls 5-8 Playoff-Semis
1169576,277188,"-7,9,9,5",U13 Girls 5-8 Playoff-Semis
224231,1169576,"-9,8,4,6",U13 Girls 5-8 Playoff-Finals
1171665,277188,"4,10,8",U13 Girls 5-8 Playoff-3rd/4th
269693,270911,"11,-7,7,7",U11 Boys 5-8 Playoff-Semis
271274,269570,"9,11,-1,9",U11 Boys 5-8 Playoff-Semis
269693,271274,"6,6,6",U11 Boys 5-8 Playoff-Finals
269570,270911,"2,-6,10,-9,8",U11 Boys 5-8 Playoff-3rd/4th
268979,1171853,"9,-11,8,8",U11 Girls 5-8 Playoff-Semis
277188,1170842,"7,-9,9,-11,8",U11 Girls 5-8 Playoff-Semis
277188,268979,"6,1,4",U11 Girls 5-8 Playoff-Finals
93758,215306,"5,6,8,0",Hsing Family Men's Singles-Prelims
202343,91906,"3,-4,11,9,0",Hsing Family Men's Singles-Prelims
220808,32497,"-6,6,-8,8,0,0",Hsing Family Men's Singles-Prelims
97329,211736,"8,-8,8,8,0",Hsing Family Men's Singles-Prelims
82211,91757,"-5,7,-6,11,8,0",Hsing Family Men's Singles-Prelims
202363,197388,"-7,8,8,2,0",Hsing Family Men's Singles-Prelims
203271,91905,"5,10,12,0",Hsing Family Men's Singles-Prelims
84904,93758,"6,10,5,0",Hsing Family Men's Singles-Prelims
95314,928116,"5,-7,9,-9,9,0",Hsing Family Men's Singles-Prelims
89837,202990,"-7,-7,9,8,7,0",Hsing Family Men's Singles-Prelims
84903,202343,"2,9,-9,3,0",Hsing Family Men's Singles-Prelims
91031,220808,"-5,6,8,10,0",Hsing Family Men's Singles-Prelims
91756,72387,"8,-8,-8,8,8,0",Hsing Family Men's Singles-Prelims
211982,221774,"9,7,-10,8,0",Hsing Family Men's Singles-Prelims
86560,97329,"8,-8,4,4,0",Hsing Family Men's Singles-Prelims
85814,82211,"7,6,6,0",Hsing Family Men's Singles-Prelims
77033,81774,"9,6,6,0",Hsing Family Men's Singles-Prelims
222276,59922,"6,8,-7,-10,6,0",Hsing Family Men's Singles-Prelims
94609,202363,"5,1,2,0",Hsing Family Men's Singles-Prelims
98262,203271,"5,5,13,0",Hsing Family Men's Singles-Prelims
82768,203212,"4,9,8,0",Hsing Family Men's Singles-Prelims
97890,82782,"7,8,-13,8,0",Hsing Family Men's Singles-Prelims
84326,95558,"7,-8,6,4,0",Hsing Family Men's Singles-Prelims
84904,95314,"10,8,5,0",Hsing Family Men's Singles-Prelims
84903,89837,"13,8,7,8",Hsing Family Men's Singles-Prelims
91031,91756,"9,-6,8,-9,7,8",Hsing Family Men's Singles-Prelims
86560,211982,"8,6,7,8",Hsing Family Men's Singles-Prelims
77033,85814,"7,10,-9,-12,9,9",Hsing Family Men's Singles-Prelims
94609,222276,"5,1,10,6",Hsing Family Men's Singles-Prelims
98262,82768,"6,7,5,7",Hsing Family Men's Singles-Prelims
84326,97890,"4,7,5,5",Hsing Family Men's Singles-Prelims
84904,84903,"6,-6,6,-6,10,-12,5",Hsing Family Men's Singles-Quarters
86560,91031,"4,4,6,6",Hsing Family Men's Singles-Quarters
94609,77033,"8,11,9,6",Hsing Family Men's Singles-Quarters
84326,98262,"5,4,5,10",Hsing Family Men's Singles-Quarters
86560,84904,"9,9,-6,4,-7,11",Hsing Family Men's Singles-Semis
84326,94609,"8,9,4,5",Hsing Family Men's Singles-Semis
84326,86560,"6,7,3,3",Hsing Family Men's Singles-Finals
98155,87830,"5,-5,-12,7,4",Hsing Family Women's Singles-Prelims
213603,89217,"-4,9,-8,9,13",Hsing Family Women's Singles-Prelims
76235,98155,"-7,4,-6,4,6,7",Hsing Family Women's Singles-Quarters
84582,91154,"-6,4,-3,9,8,13",Hsing Family Women's Singles-Quarters
94880,212153,"8,-4,6,8,-7,14",Hsing Family Women's Singles-Quarters
82232,213603,"6,9,8,-10,10",Hsing Family Women's Singles-Quarters
76235,84582,"-9,7,-10,5,11,6",Hsing Family Women's Singles-Semis
94880,82232,"-8,10,-10,10,9,-8,8",Hsing Family Women's Singles-Semis
76235,94880,"7,-8,11,9,6",Hsing Family Women's Singles-Finals
87830,270083,"6,7,2",Hsing Family U21 Women Singles-Prelims
98155,202992,"-6,5,9,8",Hsing Family U21 Women Singles-Prelims
96633,222763,"6,3,7",Hsing Family U21 Women Singles-Prelims
76235,87830,"4,10,6",Hsing Family U21 Women Singles-Quarters
89217,91154,"-9,6,-10,9,9",Hsing Family U21 Women Singles-Quarters
94880,98155,"9,11,-3,-9,7",Hsing Family U21 Women Singles-Quarters
82232,96633,"8,3,-9,7",Hsing Family U21 Women Singles-Quarters
76235,89217,"8,7,4",Hsing Family U21 Women Singles-Semis
94880,82232,"5,-6,-7,8,5",Hsing Family U21 Women Singles-Semis
94880,76235,"4,9,8",Hsing Family U21 Women Singles-Finals
202029,221774,"4,-7,4,4",U19 Boys' Singles - TRIALS P2-Prelims
202343,95284,"-7,3,5,6",U19 Boys' Singles - TRIALS P2-Prelims
202754,1171292,"7,-8,-9,7,3",U19 Boys' Singles - TRIALS P2-Prelims
220808,928116,"4,9,7",U19 Boys' Singles - TRIALS P2-Prelims
202990,98266,"-8,5,7,-9,10",U19 Boys' Singles - TRIALS P2-Prelims
218461,95558,"9,9,-10,-9,11",U19 Boys' Singles - TRIALS P2-Prelims
95314,92213,"3,5,6",U19 Boys' Singles - TRIALS P2-Prelims
198566,1164236,"5,6,6",U19 Boys' Singles - TRIALS P2-Prelims
215307,95282,"-9,5,4,4",U19 Boys' Singles - TRIALS P2-Prelims
91757,217235,"6,6,9",U19 Boys' Singles - TRIALS P2-Prelims
94523,216241,"2,-7,2,3",U19 Boys' Singles - TRIALS P2-Prelims
91756,96820,"-8,7,7,7",U19 Boys' Singles - TRIALS P2-Prelims
215306,1177907,"-7,9,5,6",U19 Boys' Singles - TRIALS P2-Prelims
98253,1165422,"9,4,4",U19 Boys' Singles - TRIALS P2-Prelims
217080,98301,"7,8,14",U19 Boys' Singles - TRIALS P2-Prelims
93758,222276,"-9,4,10,6",U19 Boys' Singles - TRIALS P2-Prelims
202363,96746,"-6,6,3,-11,7",U19 Boys' Singles - TRIALS P2-Prelims
197388,98257,"10,9,5",U19 Boys' Singles - TRIALS P2-Prelims
223375,91747,"9,8,-10,8",U19 Boys' Singles - TRIALS P2-Prelims
211982,218625,"9,7,5",U19 Boys' Singles - TRIALS P2-Prelims
211679,219405,"-8,9,9,10",U19 Boys' Singles - TRIALS P2-Prelims
203271,217130,"4,9,7",U19 Boys' Singles - TRIALS P2-Prelims
212806,91906,"9,-7,9,10",U19 Boys' Singles - TRIALS P2-Prelims
211736,219237,"-6,-9,7,13,4",U19 Boys' Singles - TRIALS P2-Prelims
92553,220032,"-9,10,2,-7,8",U19 Boys' Singles - TRIALS P2-Prelims
94028,1168516,"3,9,4",U19 Boys' Singles - TRIALS P2-Prelims
84904,202029,"3,5,11",U19 Boys' Singles - TRIALS P2-Prelims
202754,202343,"6,7,-6,8",U19 Boys' Singles - TRIALS P2-Prelims
220808,202990,"3,-9,4,-9,8",U19 Boys' Singles - TRIALS P2-Prelims
95314,218461,"7,6,-8,10",U19 Boys' Singles - TRIALS P2-Prelims
97890,198566,"6,5,7",U19 Boys' Singles - TRIALS P2-Prelims
91757,215307,"8,-7,8,-8,9",U19 Boys' Singles - TRIALS P2-Prelims
94523,91756,"9,7,-10,1",U19 Boys' Singles - TRIALS P2-Prelims
98262,215306,"5,7,5",U19 Boys' Singles - TRIALS P2-Prelims
91031,98253,"3,7,7",U19 Boys' Singles - TRIALS P2-Prelims
93758,217080,"6,4,9",U19 Boys' Singles - TRIALS P2-Prelims
202363,197388,"9,7,-8,7",U19 Boys' Singles - TRIALS P2-Prelims
89837,223375,"5,8,5",U19 Boys' Singles - TRIALS P2-Prelims
211982,211679,"7,-6,-6,9,13",U19 Boys' Singles - TRIALS P2-Prelims
203271,212806,"8,2,5",U19 Boys' Singles - TRIALS P2-Prelims
211736,92553,"19,10,-8,-6,9",U19 Boys' Singles - TRIALS P2-Prelims
84903,94028,"7,6,7",U19 Boys' Singles - TRIALS P2-Prelims
84904,202754,"8,7,6",U19 Boys' Singles - TRIALS P2-Prelims
220808,95314,"12,7,-7,7",U19 Boys' Singles - TRIALS P2-Prelims
97890,91757,"4,5,-7,-11,5",U19 Boys' Singles - TRIALS P2-Prelims
98262,94523,"4,11,9",U19 Boys' Singles - TRIALS P2-Prelims
91031,93758,"-9,4,9,13",U19 Boys' Singles - TRIALS P2-Prelims
89837,202363,"7,-12,9,4",U19 Boys' Singles - TRIALS P2-Prelims
211982,203271,"11,8,9",U19 Boys' Singles - TRIALS P2-Prelims
84903,211736,"6,7,8",U19 Boys' Singles - TRIALS P2-Prelims
84904,220808,"-7,6,-9,7,4",U19 Boys' Singles - TRIALS P2-Quarters
98262,97890,"-10,10,12,4",U19 Boys' Singles - TRIALS P2-Quarters
91031,89837,"-9,8,7,-9,9",U19 Boys' Singles - TRIALS P2-Quarters
211982,84903,"9,-5,8,9",U19 Boys' Singles - TRIALS P2-Quarters
84904,98262,"-5,7,9,8",U19 Boys' Singles - TRIALS P2-Semis
91031,211982,"-8,6,8,-8,9",U19 Boys' Singles - TRIALS P2-Semis
84904,91031,"-9,8,-9,6,9",U19 Boys' Singles - TRIALS P2-Finals
98262,211982,"-7,9,-8,7,9",U19 Boys' Singles - TRIALS P2-3rd/4th
91154,217532,"-15,11,10,9",U19 Girls' Singles - TRIALS P2-Prelims
94680,1131655,"8,12,6",U19 Girls' Singles - TRIALS P2-Prelims
94880,91154,"2,2,5",U19 Girls' Singles - TRIALS P2-Prelims
230429,217446,"5,8,-6,7",U19 Girls' Singles - TRIALS P2-Prelims
92550,96513,"-5,8,4,8",U19 Girls' Singles - TRIALS P2-Prelims
211608,84828,"8,9,4",U19 Girls' Singles - TRIALS P2-Prelims
202992,222763,"7,11,1",U19 Girls' Singles - TRIALS P2-Prelims
95295,98155,"7,-4,9,5",U19 Girls' Singles - TRIALS P2-Prelims
96508,218837,"7,11,8",U19 Girls' Singles - TRIALS P2-Prelims
212153,212114,"6,5,7",U19 Girls' Singles - TRIALS P2-Prelims
222815,89217,"4,10,-7,8",U19 Girls' Singles - TRIALS P2-Prelims
203187,215165,"-12,-9,9,7,10",U19 Girls' Singles - TRIALS P2-Prelims
220298,96618,"4,7,4",U19 Girls' Singles - TRIALS P2-Prelims
96633,224231,"5,8,-10,2",U19 Girls' Singles - TRIALS P2-Prelims
213603,222971,"4,7,-7,-9,8",U19 Girls' Singles - TRIALS P2-Prelims
219210,221340,"4,9,7",U19 Girls' Singles - TRIALS P2-Prelims
230237,96726,"-8,11,-9,9,7",U19 Girls' Singles - TRIALS P2-Prelims
94680,224135,"-8,6,-11,1,4",U19 Girls' Singles - TRIALS P2-Prelims
94880,230429,"9,-9,8,4",U19 Girls' Singles - TRIALS P2-Prelims
211608,92550,"-6,6,5,7",U19 Girls' Singles - TRIALS P2-Prelims
202992,95295,"2,-4,7,-9,8",U19 Girls' Singles - TRIALS P2-Prelims
212153,96508,"9,-4,8,6",U19 Girls' Singles - TRIALS P2-Prelims
203187,222815,"7,13,7",U19 Girls' Singles - TRIALS P2-Prelims
220298,96633,"-9,11,-2,7,11",U19 Girls' Singles - TRIALS P2-Prelims
213603,219210,"6,2,9",U19 Girls' Singles - TRIALS P2-Prelims
230237,94680,"11,8,-9,9",U19 Girls' Singles - TRIALS P2-Prelims
94880,211608,"3,6,2",U19 Girls' Singles - TRIALS P2-Quarters
212153,202992,"9,-9,10,9",U19 Girls' Singles - TRIALS P2-Quarters
203187,220298,"3,6,-6,5",U19 Girls' Singles - TRIALS P2-Quarters
213603,230237,"4,7,-6,6",U19 Girls' Singles - TRIALS P2-Quarters
94880,212153,"8,3,5",U19 Girls' Singles - TRIALS P2-Semis
213603,203187,"9,9,5",U19 Girls' Singles - TRIALS P2-Semis
94880,213603,"6,-10,6,8",U19 Girls' Singles - TRIALS P2-Finals
212153,203187,"9,7,1",U19 Girls' Singles - TRIALS P2-3rd/4th
202990,217865,"5,8,8",U17 Boys' Singles-Prelims
928116,1132341,"8,12,6",U17 Boys' Singles-Prelims
93758,221774,"10,11,9",U17 Boys' Singles-Prelims
96746,94028,"9,-8,7,3",U17 Boys' Singles-Prelims
95558,211679,"9,-6,10,-9,9",U17 Boys' Singles-Prelims
197388,94536,"5,4,7",U17 Boys' Singles-Prelims
211736,217130,"1,10,9",U17 Boys' Singles-Prelims
202754,215307,"6,6,-9,-9,6",U17 Boys' Singles-Prelims
91757,202029,"6,7,8",U17 Boys' Singles-Prelims
98266,219405,"8,-9,7,5",U17 Boys' Singles-Prelims
202990,1165421,"8,1,4",U17 Boys' Singles-Prelims
928116,198566,"8,7,5",U17 Boys' Singles-Prelims
93758,96746,"-6,9,12,6",U17 Boys' Singles-Prelims
95314,217235,"6,4,-9,-9,6",U17 Boys' Singles-Prelims
94523,95558,"3,8,6",U17 Boys' Singles-Prelims
197388,211736,"10,5,-8,-8,5",U17 Boys' Singles-Prelims
91757,202754,"5,-6,7,-8,9",U17 Boys' Singles-Prelims
211982,98266,"8,7,9",U17 Boys' Singles-Prelims
202990,928116,"-9,11,8,10",U17 Boys' Singles-Quarters
95314,93758,"9,9,-9,-9,9",U17 Boys' Singles-Quarters
197388,94523,"9,-6,6,14",U17 Boys' Singles-Quarters
211982,91757,"5,9,-9,9",U17 Boys' Singles-Quarters
202990,95314,"9,-4,10,4",U17 Boys' Singles-Semis
211982,197388,"9,6,8",U17 Boys' Singles-Semis
211982,202990,"3,4,6",U17 Boys' Singles-Finals
215165,221729,"8,-9,7,-8,4",U17 Girls' Singles-Prelims
96508,224135,"4,-13,7,9",U17 Girls' Singles-Prelims
96633,217446,"-8,4,3,7",U17 Girls' Singles-Prelims
220298,96618,"5,8,5",U17 Girls' Singles-Prelims
98155,222815,"4,7,8",U17 Girls' Singles-Prelims
203187,211608,"8,4,2",U17 Girls' Singles-Prelims
202992,92550,"4,5,7",U17 Girls' Singles-Prelims
212153,215165,"4,4,6",U17 Girls' Singles-Quarters
96633,96508,"7,7,6",U17 Girls' Singles-Quarters
98155,220298,"4,6,8",U17 Girls' Singles-Quarters
202992,203187,"5,12,-6,5",U17 Girls' Singles-Quarters
212153,96633,"7,-6,9,4",U17 Girls' Singles-Semis
98155,202992,"8,9,9",U17 Girls' Singles-Semis
212153,98155,"8,5,3",U17 Girls' Singles-Finals
216241,271539,"5,-5,2,6",U15 Boys' Singles - TRIALS P2-Prelims
223759,1150977,"8,5,8",U15 Boys' Singles - TRIALS P2-Prelims
222276,270911,"7,5,10",U15 Boys' Singles - TRIALS P2-Prelims
217130,271061,"7,7,5",U15 Boys' Singles - TRIALS P2-Prelims
264662,1157745,"7,6,5",U15 Boys' Singles - TRIALS P2-Prelims
219237,1178802,"8,2,3",U15 Boys' Singles - TRIALS P2-Prelims
1165422,223599,"9,2,8",U15 Boys' Singles - TRIALS P2-Prelims
1157612,1164236,"-9,9,9,9",U15 Boys' Singles - TRIALS P2-Prelims
1167521,1166449,"-9,5,7,9",U15 Boys' Singles - TRIALS P2-Prelims
1150995,219888,"5,-8,3,-9,6",U15 Boys' Singles - TRIALS P2-Prelims
263284,1168516,"7,8,10",U15 Boys' Singles - TRIALS P2-Prelims
230805,269693,"3,3,7",U15 Boys' Singles - TRIALS P2-Prelims
264276,219191,"9,3,8",U15 Boys' Singles - TRIALS P2-Prelims
218014,221549,"9,4,-12,5",U15 Boys' Singles - TRIALS P2-Prelims
256702,264093,"6,-8,8,-8,8",U15 Boys' Singles - TRIALS P2-Prelims
220032,269745,"3,5,3",U15 Boys' Singles - TRIALS P2-Prelims
218625,271274,"7,6,12",U15 Boys' Singles - TRIALS P2-Prelims
230483,1171728,"-10,-6,8,13,7",U15 Boys' Singles - TRIALS P2-Prelims
262852,223760,"4,8,5",U15 Boys' Singles - TRIALS P2-Prelims
1171292,223150,"4,9,10",U15 Boys' Singles - TRIALS P2-Prelims
221774,217143,"11,12,5",U15 Boys' Singles - TRIALS P2-Prelims
212806,265334,"8,10,-8,6",U15 Boys' Singles - TRIALS P2-Prelims
1165421,211614,"5,-9,4,-7,4",U15 Boys' Singles - TRIALS P2-Prelims
1177907,271489,"4,2,5",U15 Boys' Singles - TRIALS P2-Prelims
97890,216241,"5,6,7",U15 Boys' Singles - TRIALS P2-Prelims
222276,223759,"9,10,6",U15 Boys' Singles - TRIALS P2-Prelims
217130,264662,"7,8,4",U15 Boys' Singles - TRIALS P2-Prelims
217865,219237,"5,2,-9,11",U15 Boys' Singles - TRIALS P2-Prelims
198566,1165422,"8,3,3",U15 Boys' Singles - TRIALS P2-Prelims
1157612,1167521,"9,-6,-5,5,9",U15 Boys' Singles - TRIALS P2-Prelims
1150995,263284,"-8,7,6,3",U15 Boys' Singles - TRIALS P2-Prelims
202990,230805,"6,5,7",U15 Boys' Singles - TRIALS P2-Prelims
217235,264276,"5,4,-9,4",U15 Boys' Singles - TRIALS P2-Prelims
218014,256702,"10,5,-6,11",U15 Boys' Singles - TRIALS P2-Prelims
220032,218625,"-9,7,9,8",U15 Boys' Singles - TRIALS P2-Prelims
203271,230483,"8,8,5",U15 Boys' Singles - TRIALS P2-Prelims
202029,262852,"8,7,3",U15 Boys' Singles - TRIALS P2-Prelims
221774,1171292,"9,-11,3,4",U15 Boys' Singles - TRIALS P2-Prelims
212806,1165421,"-6,8,9,-6,5",U15 Boys' Singles - TRIALS P2-Prelims
1177907,202754,"8,-10,8,13",U15 Boys' Singles - TRIALS P2-Prelims
97890,222276,"6,7,-9,-10,7",U15 Boys' Singles - TRIALS P2-Prelims
217130,217865,"8,7,9",U15 Boys' Singles - TRIALS P2-Prelims
198566,1157612,"8,7,9",U15 Boys' Singles - TRIALS P2-Prelims
202990,1150995,"6,5,10",U15 Boys' Singles - TRIALS P2-Prelims
217235,218014,"-9,4,8,10",U15 Boys' Singles - TRIALS P2-Prelims
203271,220032,"3,7,-7,9",U15 Boys' Singles - TRIALS P2-Prelims
202029,221774,"6,4,8",U15 Boys' Singles - TRIALS P2-Prelims
1177907,212806,"9,7,-9,7",U15 Boys' Singles - TRIALS P2-Prelims
97890,217130,"6,4,-6,2",U15 Boys' Singles - TRIALS P2-Quarters
202990,198566,"3,4,10",U15 Boys' Singles - TRIALS P2-Quarters
203271,217235,"-10,7,5,-12,9",U15 Boys' Singles - TRIALS P2-Quarters
202029,1177907,"5,7,3",U15 Boys' Singles - TRIALS P2-Quarters
97890,202990,"4,13,6",U15 Boys' Singles - TRIALS P2-Semis
203271,202029,"9,6,9",U15 Boys' Singles - TRIALS P2-Semis
97890,203271,"2,10,6",U15 Boys' Singles - TRIALS P2-Finals
202990,202029,"-5,8,8,5",U15 Boys' Singles - TRIALS P2-3rd/4th
218649,1157628,"7,8,5",U15 Girls' Singles - TRIALS P2-Prelims
1171128,272586,"6,-10,4,5",U15 Girls' Singles - TRIALS P2-Prelims
1171855,1167527,"11,7,8",U15 Girls' Singles - TRIALS P2-Prelims
222971,1168381,"4,3,7",U15 Girls' Singles - TRIALS P2-Prelims
222763,222815,"11,7,9",U15 Girls' Singles - TRIALS P2-Prelims
224135,230237,"9,-5,5,6",U15 Girls' Singles - TRIALS P2-Prelims
224231,264013,"8,2,10",U15 Girls' Singles - TRIALS P2-Prelims
217532,279153,"-11,6,1,7",U15 Girls' Singles - TRIALS P2-Prelims
230429,1171854,"5,6,6",U15 Girls' Singles - TRIALS P2-Prelims
219240,1132458,"5,7,-8,5",U15 Girls' Singles - TRIALS P2-Prelims
215165,269965,"8,7,14",U15 Girls' Singles - TRIALS P2-Prelims
220298,275694,"8,6,7",U15 Girls' Singles - TRIALS P2-Prelims
1170759,1172448,"9,12,5",U15 Girls' Singles - TRIALS P2-Prelims
219210,1169576,"8,7,6",U15 Girls' Singles - TRIALS P2-Prelims
221340,267433,"8,11,7",U15 Girls' Singles - TRIALS P2-Prelims
212114,270846,"3,7,5",U15 Girls' Singles - TRIALS P2-Prelims
1171128,218649,"-5,10,8,5",U15 Girls' Singles - TRIALS P2-Prelims
222971,1171855,"-8,7,4,7",U15 Girls' Singles - TRIALS P2-Prelims
222763,224135,"10,9,-7,-9,9",U15 Girls' Singles - TRIALS P2-Prelims
217532,224231,"8,5,4",U15 Girls' Singles - TRIALS P2-Prelims
230429,219240,"7,9,-8,3",U15 Girls' Singles - TRIALS P2-Prelims
220298,215165,"13,7,-9,7",U15 Girls' Singles - TRIALS P2-Prelims
219210,1170759,"10,7,9",U15 Girls' Singles - TRIALS P2-Prelims
212114,221340,"3,5,5",U15 Girls' Singles - TRIALS P2-Prelims
222971,1171128,"6,3,6",U15 Girls' Singles - TRIALS P2-Quarters
222763,217532,"10,6,9",U15 Girls' Singles - TRIALS P2-Quarters
230429,220298,"12,1,6",U15 Girls' Singles - TRIALS P2-Quarters
212114,219210,"12,5,-8,8",U15 Girls' Singles - TRIALS P2-Quarters
222763,222971,"7,-7,-12,9,5",U15 Girls' Singles - TRIALS P2-Semis
212114,230429,"-8,3,-5,12,3",U15 Girls' Singles - TRIALS P2-Semis
212114,222763,"2,12,6",U15 Girls' Singles - TRIALS P2-Finals
222971,230429,"-8,6,9,-5,9",U15 Girls' Singles - TRIALS P2-3rd/4th
256702,1171468,"6,-6,8,8",U13 Boys' Singles - TRIALS P2-Prelims
271145,1170609,"5,11,5",U13 Boys' Singles - TRIALS P2-Prelims
219191,270889,"3,4,4",U13 Boys' Singles - TRIALS P2-Prelims
271274,270305,"6,10,-11,7",U13 Boys' Singles - TRIALS P2-Prelims
218523,270887,"-2,6,8,-9,8",U13 Boys' Singles - TRIALS P2-Prelims
271061,274994,"7,6,8",U13 Boys' Singles - TRIALS P2-Prelims
1171856,264897,"8,8,13",U13 Boys' Singles - TRIALS P2-Prelims
219888,224072,"9,6,8",U13 Boys' Singles - TRIALS P2-Prelims
223760,269745,"-8,1,7,8",U13 Boys' Singles - TRIALS P2-Prelims
1150977,271137,"11,8,-2,7",U13 Boys' Singles - TRIALS P2-Prelims
1166449,1171874,"5,8,7",U13 Boys' Singles - TRIALS P2-Prelims
275037,277720,"9,12,-8,9",U13 Boys' Singles - TRIALS P2-Prelims
271425,1173259,"6,5,8",U13 Boys' Singles - TRIALS P2-Prelims
269570,1174545,"-10,13,7,-8,7",U13 Boys' Singles - TRIALS P2-Prelims
270911,270915,"4,10,8",U13 Boys' Singles - TRIALS P2-Prelims
265238,270089,"6,6,8",U13 Boys' Singles - TRIALS P2-Prelims
265334,263695,"5,6,6",U13 Boys' Singles - TRIALS P2-Prelims
268653,1175417,"3,3,6",U13 Boys' Singles - TRIALS P2-Prelims
217865,256702,"5,6,6",U13 Boys' Singles - TRIALS P2-Prelims
219191,271145,"-7,4,8,9",U13 Boys' Singles - TRIALS P2-Prelims
1165421,271274,"9,6,-6,6",U13 Boys' Singles - TRIALS P2-Prelims
262852,218523,"3,6,6",U13 Boys' Singles - TRIALS P2-Prelims
223759,271061,"9,4,8",U13 Boys' Singles - TRIALS P2-Prelims
263284,1171856,"5,5,5",U13 Boys' Singles - TRIALS P2-Prelims
219888,264662,"7,9,-9,7",U13 Boys' Singles - TRIALS P2-Prelims
223760,223599,"-14,7,9,9",U13 Boys' Singles - TRIALS P2-Prelims
1167521,1150977,"5,5,-9,4",U13 Boys' Singles - TRIALS P2-Prelims
269693,1166449,"-7,-7,9,8,9",U13 Boys' Singles - TRIALS P2-Prelims
1157745,275037,"8,9,10",U13 Boys' Singles - TRIALS P2-Prelims
1157612,271425,"6,5,6",U13 Boys' Singles - TRIALS P2-Prelims
269570,1171728,"10,-10,6,12",U13 Boys' Singles - TRIALS P2-Prelims
221549,270911,"9,5,6",U13 Boys' Singles - TRIALS P2-Prelims
265238,265334,"5,-8,7,6",U13 Boys' Singles - TRIALS P2-Prelims
1150995,268653,"5,4,9",U13 Boys' Singles - TRIALS P2-Prelims
217865,219191,"5,-7,8,-6,5",U13 Boys' Singles - TRIALS P2-Prelims
1165421,262852,"9,-4,10,6",U13 Boys' Singles - TRIALS P2-Prelims
263284,223759,"9,9,8",U13 Boys' Singles - TRIALS P2-Prelims
223760,219888,"-9,7,6,8",U13 Boys' Singles - TRIALS P2-Prelims
1167521,269693,"6,3,7",U13 Boys' Singles - TRIALS P2-Prelims
1157612,1157745,"10,8,9",U13 Boys' Singles - TRIALS P2-Prelims
221549,269570,"5,6,4",U13 Boys' Singles - TRIALS P2-Prelims
1150995,265238,"7,8,4",U13 Boys' Singles - TRIALS P2-Prelims
217865,1165421,"-7,6,7,3",U13 Boys' Singles - TRIALS P2-Quarters
223760,263284,"8,-3,-10,8,8",U13 Boys' Singles - TRIALS P2-Quarters
1167521,1157612,"9,-16,-9,11,9",U13 Boys' Singles - TRIALS P2-Quarters
221549,1150995,"8,6,-11,-5,7",U13 Boys' Singles - TRIALS P2-Quarters
217865,223760,"3,4,6",U13 Boys' Singles - TRIALS P2-Semis
1167521,221549,"7,7,6",U13 Boys' Singles - TRIALS P2-Semis
217865,1167521,"6,9,-8,-8,9",U13 Boys' Singles - TRIALS P2-Finals
223760,221549,"8,7,-9,-7,8",U13 Boys' Singles - TRIALS P2-3rd/4th
222763,272956,"3,4,9",U13 Girls' Singles - TRIALS P2-Prelims
1171855,272586,"1,-10,9,6",U13 Girls' Singles - TRIALS P2-Prelims
256682,264013,"3,8,6",U13 Girls' Singles - TRIALS P2-Prelims
224231,1170842,"6,5,4",U13 Girls' Singles - TRIALS P2-Prelims
224135,1172448,"5,3,-6,-9,8",U13 Girls' Singles - TRIALS P2-Prelims
1171665,1167527,"7,9,9",U13 Girls' Singles - TRIALS P2-Prelims
270083,269985,"5,9,3",U13 Girls' Singles - TRIALS P2-Prelims
219210,270886,"5,6,5",U13 Girls' Singles - TRIALS P2-Prelims
230237,1168381,"5,7,7",U13 Girls' Singles - TRIALS P2-Prelims
1169576,214975,"9,9,7",U13 Girls' Singles - TRIALS P2-Prelims
1170759,1171872,"10,6,-9,5",U13 Girls' Singles - TRIALS P2-Prelims
221729,1172655,"2,5,2",U13 Girls' Singles - TRIALS P2-Prelims
1171854,1167748,"8,7,15",U13 Girls' Singles - TRIALS P2-Prelims
277188,1171643,"6,7,9",U13 Girls' Singles - TRIALS P2-Prelims
267433,1172725,"9,4,6",U13 Girls' Singles - TRIALS P2-Prelims
269965,1171469,"3,6,4",U13 Girls' Singles - TRIALS P2-Prelims
222763,1171855,"4,3,2",U13 Girls' Singles - TRIALS P2-Prelims
224231,256682,"-4,9,9,-8,4",U13 Girls' Singles - TRIALS P2-Prelims
1171665,224135,"-5,-9,5,9,8",U13 Girls' Singles - TRIALS P2-Prelims
219210,270083,"6,7,6",U13 Girls' Singles - TRIALS P2-Prelims
1169576,230237,"10,8,5",U13 Girls' Singles - TRIALS P2-Prelims
1170759,221729,"6,-7,3,11",U13 Girls' Singles - TRIALS P2-Prelims
277188,1171854,"10,8,8",U13 Girls' Singles - TRIALS P2-Prelims
267433,269965,"11,7,9",U13 Girls' Singles - TRIALS P2-Prelims
222763,224231,"9,3,5",U13 Girls' Singles - TRIALS P2-Quarters
219210,1171665,"9,-8,4,7",U13 Girls' Singles - TRIALS P2-Quarters
1170759,1169576,"8,1,5",U13 Girls' Singles - TRIALS P2-Quarters
267433,277188,"10,9,10",U13 Girls' Singles - TRIALS P2-Quarters
222763,219210,"4,8,4",U13 Girls' Singles - TRIALS P2-Semis
1170759,267433,"-9,7,8,-9,9",U13 Girls' Singles - TRIALS P2-Semis
222763,1170759,"9,8,5",U13 Girls' Singles - TRIALS P2-Finals
267433,219210,"-5,10,7,-11,10",U13 Girls' Singles - TRIALS P2-3rd/4th
270889,273085,"9,-11,7,10",U11 Boys' Singles - TRIALS P2-Prelims
1170751,270900,"-10,-12,8,6,9",U11 Boys' Singles - TRIALS P2-Prelims
277460,273762,"4,4,5",U11 Boys' Singles - TRIALS P2-Prelims
271876,271883,"-6,-3,12,11,7",U11 Boys' Singles - TRIALS P2-Prelims
1171728,270889,"7,6,4",U11 Boys' Singles - TRIALS P2-Prelims
271145,1175168,"6,7,5",U11 Boys' Singles - TRIALS P2-Prelims
1173259,271425,"-8,8,7,6",U11 Boys' Singles - TRIALS P2-Prelims
270911,1178109,"3,7,8",U11 Boys' Singles - TRIALS P2-Prelims
256702,264897,"8,5,7",U11 Boys' Singles - TRIALS P2-Prelims
1171874,271147,"-8,4,9,11",U11 Boys' Singles - TRIALS P2-Prelims
268653,270991,"6,4,1",U11 Boys' Singles - TRIALS P2-Prelims
269693,1170751,"5,6,6",U11 Boys' Singles - TRIALS P2-Prelims
1165421,277460,"11,-10,11,8",U11 Boys' Singles - TRIALS P2-Prelims
1171468,270746,"8,4,5",U11 Boys' Singles - TRIALS P2-Prelims
271061,274722,"-9,5,12,8",U11 Boys' Singles - TRIALS P2-Prelims
271274,1171107,"7,10,9",U11 Boys' Singles - TRIALS P2-Prelims
275877,1170609,"-4,8,8,-6,10",U11 Boys' Singles - TRIALS P2-Prelims
269570,268640,"5,5,4",U11 Boys' Singles - TRIALS P2-Prelims
221549,271876,"2,6,8",U11 Boys' Singles - TRIALS P2-Prelims
1171728,271145,"6,9,-11,5",U11 Boys' Singles - TRIALS P2-Prelims
270911,1173259,"12,8,8",U11 Boys' Singles - TRIALS P2-Prelims
256702,1171874,"7,7,5",U11 Boys' Singles - TRIALS P2-Prelims
269693,268653,"5,-7,8,10",U11 Boys' Singles - TRIALS P2-Prelims
1165421,1171468,"9,6,9",U11 Boys' Singles - TRIALS P2-Prelims
271274,271061,"6,-8,4,11",U11 Boys' Singles - TRIALS P2-Prelims
269570,275877,"8,4,8",U11 Boys' Singles - TRIALS P2-Prelims
221549,1171856,"6,-9,2,9",U11 Boys' Singles - TRIALS P2-Prelims
1171728,270911,"7,9,2",U11 Boys' Singles - TRIALS P2-Quarters
256702,269693,"10,-8,8,2",U11 Boys' Singles - TRIALS P2-Quarters
1165421,271274,"6,5,7",U11 Boys' Singles - TRIALS P2-Quarters
221549,269570,"9,5,9",U11 Boys' Singles - TRIALS P2-Quarters
256702,1171728,"9,9,-5,7",U11 Boys' Singles - TRIALS P2-Semis
221549,1165421,"4,5,-10,-6,6",U11 Boys' Singles - TRIALS P2-Semis
221549,256702,"10,6,11",U11 Boys' Singles - TRIALS P2-Finals
1165421,1171728,"-11,7,11,1",U11 Boys' Singles - TRIALS P2-3rd/4th
223311,1174322,"1,7,3",U11 Girls' Singles - TRIALS P2-Prelims
270393,271344,"7,-8,10,13",U11 Girls' Singles - TRIALS P2-Prelims
269965,223311,"9,6,3",U11 Girls' Singles - TRIALS P2-Prelims
1171853,1172725,"4,-4,8,5",U11 Girls' Singles - TRIALS P2-Prelims
268979,270846,"5,3,6",U11 Girls' Singles - TRIALS P2-Prelims
1170759,1171127,"3,9,7",U11 Girls' Singles - TRIALS P2-Prelims
256682,270725,"4,2,8",U11 Girls' Singles - TRIALS P2-Prelims
1170842,1171643,"5,8,8",U11 Girls' Singles - TRIALS P2-Prelims
277188,269985,"-8,4,6,6",U11 Girls' Singles - TRIALS P2-Prelims
1171665,270393,"8,7,7",U11 Girls' Singles - TRIALS P2-Prelims
269965,1171853,"8,3,5",U11 Girls' Singles - TRIALS P2-Quarters
1170759,268979,"-11,6,6,9",U11 Girls' Singles - TRIALS P2-Quarters
256682,1170842,"-6,6,2,10",U11 Girls' Singles - TRIALS P2-Quarters
1171665,277188,"8,4,10",U11 Girls' Singles - TRIALS P2-Quarters
269965,1170759,"8,3,2",U11 Girls' Singles - TRIALS P2-Semis
1171665,256682,"-5,9,17,7",U11 Girls' Singles - TRIALS P2-Semis
269965,1171665,"7,-9,6,6",U11 Girls' Singles - TRIALS P2-Finals
256682,1170759,"-8,8,6,5",U11 Girls' Singles - TRIALS P2-3rd/4th
8144,34825,"5,-5,-5,7,2",Men's 40+ Singles-Prelims
93106,5185,"6,4,7",Men's 40+ Singles-Prelims
12948,275943,"9,7,7",Men's 40+ Singles-Prelims
203212,34207,"4,8,-10,7",Men's 40+ Singles-Prelims
94469,23538,"9,-6,8,-7,9",Men's 40+ Singles-Prelims
47064,59330,"9,-9,8,9",Men's 40+ Singles-Prelims
32607,8144,"6,8,-11,3",Men's 40+ Singles-Quarters
93106,12948,"-5,8,-10,6,10",Men's 40+ Singles-Quarters
203212,94469,"6,6,6",Men's 40+ Singles-Quarters
59922,47064,"4,-9,8,-6,6",Men's 40+ Singles-Quarters
32607,93106,"4,9,4",Men's 40+ Singles-Semis
203212,59922,"-6,5,-5,3,5",Men's 40+ Singles-Semis
32607,203212,"8,-7,2,9",Men's 40+ Singles-Finals
272959,2655,"9,6,6",Men's 50+ Singles-Prelims
8144,10437,"5,4,4",Men's 50+ Singles-Prelims
52187,35094,"-9,9,9,-11,4",Men's 50+ Singles-Prelims
12948,78160,"-9,9,9,7",Men's 50+ Singles-Prelims
10533,6411,"9,-7,8,-7,5",Men's 50+ Singles-Prelims
4594,272959,"6,5,4",Men's 50+ Singles-Quarters
8144,43687,"3,10,9",Men's 50+ Singles-Quarters
12948,52187,"-9,9,9,9",Men's 50+ Singles-Quarters
8102,10533,"2,7,6",Men's 50+ Singles-Quarters
4594,8144,"4,6,6",Men's 50+ Singles-Semis
8102,12948,"1,4,-9,8",Men's 50+ Singles-Semis
4594,8102,"11,3,-10,6",Men's 50+ Singles-Finals
8146,5710,"8,4,8",Men's 80+ Singles-Semis
250233,90843,"11,-20,8,-8,9",Men's 80+ Singles-Semis
203271,215306,"7,7,6",U2600-Prelims
81774,214915,"6,5,4",U2600-Prelims
202363,92553,"8,-8,8,-8,8",U2600-Prelims
217235,47064,"5,8,-7,5",U2600-Prelims
93758,198566,"5,6,-8,6",U2600-Prelims
279227,202029,"10,-8,11,8",U2600-Prelims
82025,95558,"7,10,-8,9",U2600-Prelims
96746,82211,"3,-6,-8,8,9",U2600-Prelims
87830,91154,"9,9,10",U2600-Prelims
274343,203271,"5,4,8",U2600-Prelims
95314,97329,"8,-8,9,11",U2600-Prelims
91906,81774,"6,8,-15,5",U2600-Prelims
91136,202363,"9,9,6",U2600-Prelims
1171284,217235,"9,9,3",U2600-Prelims
82782,220808,"9,-9,9,-9,9",U2600-Prelims
91757,10533,"7,5,8",U2600-Prelims
93758,89837,"3,12,-5,-6,8",U2600-Prelims
279227,72387,"5,5,1",U2600-Prelims
94028,91909,"11,8,6",U2600-Prelims
91756,928116,"5,-8,10,-10,8",U2600-Prelims
97890,82025,"5,-6,5,-7,14",U2600-Prelims
96746,86553,"6,16,8",U2600-Prelims
211736,202343,"6,6,-10,7",U2600-Prelims
211679,203212,"-8,5,4,1",U2600-Prelims
274343,95314,"5,9,7",U2600-Prelims
91136,91906,"7,6,12",U2600-Prelims
1171284,82782,"-6,-5,4,6,5",U2600-Prelims
91757,93758,"9,-6,9,-7,7",U2600-Prelims
279227,94028,"9,1,6",U2600-Prelims
97890,91756,"-8,4,-7,7,4",U2600-Prelims
211736,96746,"-14,7,-9,4,3",U2600-Prelims
211679,87830,"-8,7,9,5",U2600-Prelims
274343,91136,"-8,9,10,7",U2600-Quarters
1171284,91757,"11,7,9",U2600-Quarters
279227,97890,"10,7,12",U2600-Quarters
211736,211679,"6,9,-9,7",U2600-Quarters
1171284,274343,"10,-9,-8,9,8",U2600-Semis
279227,211736,"11,-12,7,7",U2600-Semis
279227,1171284,"5,6,-6,8",U2600-Finals
93106,277121,"12,7,6",U2400-Prelims
203187,96726,"9,6,-8,-9,3",U2400-Prelims
270366,34825,"13,8,-8,9",U2400-Prelims
98301,223375,"10,6,3",U2400-Prelims
92213,94469,"5,5,12",U2400-Prelims
27825,219210,"10,5,-9,6",U2400-Prelims
94028,5185,"5,7,11",U2400-Prelims
90352,197388,"8,-4,8,-8,10",U2400-Prelims
95284,217080,"6,11,-8,-8,4",U2400-Prelims
219405,213603,"5,5,-6,-6,10",U2400-Prelims
230805,218837,"7,4,-7,-8,7",U2400-Prelims
98253,95282,"4,-12,7,0",U2400-Prelims
264276,94536,"5,-4,-7,7,8",U2400-Prelims
91905,219237,"5,-9,7,10",U2400-Prelims
82025,93102,"15,2,4",U2400-Prelims
218625,275510,"3,-9,14,7",U2400-Prelims
92553,77202,"8,7,9",U2400-Prelims
213810,12948,"8,-9,9,9",U2400-Prelims
91909,96820,"-7,11,9,7",U2400-Prelims
93106,91906,"10,9,-8,8",U2400-Prelims
270366,203187,"-7,7,9,-9,9",U2400-Prelims
98301,87830,"12,5,8",U2400-Prelims
96746,92213,"9,-9,-4,8,5",U2400-Prelims
211679,27825,"7,8,8",U2400-Prelims
215306,94028,"-7,6,5,5",U2400-Prelims
90352,59330,"10,8,-8,8",U2400-Prelims
8357,95284,"9,7,-8,9",U2400-Prelims
91756,219405,"10,8,7",U2400-Prelims
230805,98253,"9,13,7",U2400-Prelims
91905,95558,"-8,11,12,-6,6",U2400-Prelims
82025,202343,"-7,-7,7,7,7",U2400-Prelims
217865,218625,"5,-9,6,9",U2400-Prelims
92553,213810,"9,5,12",U2400-Prelims
217235,91909,"4,10,-9,4",U2400-Prelims
93106,270366,"9,1,9",U2400-Prelims
96746,98301,"6,7,-5,8",U2400-Prelims
215306,211679,"-3,7,5,13",U2400-Prelims
8357,90352,"4,9,3",U2400-Prelims
91756,230805,"2,4,3",U2400-Prelims
91905,82211,"-15,12,11,10",U2400-Prelims
82025,217865,"4,4,9",U2400-Prelims
92553,217235,"10,-8,-6,6,14",U2400-Prelims
96746,93106,"8,10,6",U2400-Quarters
215306,8357,"11,2,10",U2400-Quarters
91756,91905,"6,12,6",U2400-Quarters
82025,92553,"-7,7,-7,7,7",U2400-Quarters
96746,215306,"8,8,8",U2400-Semis
91756,82025,"3,9,4",U2400-Semis
96746,91756,"5,7,-7,-7,3",U2400-Finals
45824,222509,"8,-8,-2,12,7",U2200-Prelims
262852,1165421,"10,-6,7,9",U2200-Prelims
91765,1168516,"9,13,-7,9",U2200-Prelims
10437,272482,"14,-14,10,-1,9",U2200-Prelims
224231,270911,"6,10,9",U2200-Prelims
218625,264276,"-6,7,12,11",U2200-Prelims
231222,10533,"12,5,8",U2200-Prelims
216241,84087,"10,8,9",U2200-Prelims
98257,230237,"6,5,4",U2200-Prelims
90352,270366,"8,-8,8,-8,8",U2200-Prelims
217080,64766,"7,6,7",U2200-Prelims
85490,43687,"6,-7,7,7",U2200-Prelims
94469,221549,"12,-10,6,9",U2200-Prelims
25344,96618,"4,-10,10,10",U2200-Prelims
219405,223760,"7,10,8",U2200-Prelims
1171292,219347,"7,3,14",U2200-Prelims
27825,1157713,"-10,8,5,7",U2200-Prelims
213810,94680,"6,9,7",U2200-Prelims
94536,271145,"8,8,7",U2200-Prelims
217143,223599,"-9,10,10,9",U2200-Prelims
230483,203151,"6,6,6",U2200-Prelims
230805,214764,"4,7,9",U2200-Prelims
1177202,270083,"5,7,7",U2200-Prelims
85572,1171728,"10,-6,-6,6,5",U2200-Prelims
216131,91909,"7,9,8",U2200-Prelims
34207,219191,"9,5,7",U2200-Prelims
96820,45824,"7,7,9",U2200-Prelims
262852,91765,"7,1,-7,6",U2200-Prelims
10437,224231,"-5,7,8,-14,8",U2200-Prelims
218625,219210,"-12,7,9,7",U2200-Prelims
1176626,231222,"5,-1,9,8",U2200-Prelims
216241,98257,"-7,-6,10,6,6",U2200-Prelims
90352,217080,"8,6,9",U2200-Prelims
1150995,85490,"4,7,6",U2200-Prelims
94469,216497,"-5,9,6,5",U2200-Prelims
219405,25344,"-3,6,5,7",U2200-Prelims
27825,1171292,"7,8,9",U2200-Prelims
94536,213810,"-10,-8,9,4,7",U2200-Prelims
217143,230483,"-11,7,-1,6,9",U2200-Prelims
1177202,230805,"8,-8,7,8",U2200-Prelims
216131,85572,"7,7,7",U2200-Prelims
34207,13020,"12,6,7",U2200-Prelims
96820,262852,"8,8,-11,10",U2200-Prelims
218625,10437,"6,6,3",U2200-Prelims
1176626,216241,"-8,3,4,13",U2200-Prelims
1150995,90352,"8,10,-8,-13,-6",U2200-Prelims
94469,219405,"8,7,8",U2200-Prelims
27825,94536,"5,9,9",U2200-Prelims
1177202,217143,"5,6,4",U2200-Prelims
34207,216131,"4,4,-2,-4,8",U2200-Prelims
218625,96820,"-5,7,-9,5,8",U2200-Quarters
1150995,1176626,"3,7,10",U2200-Quarters
27825,94469,"3,3,4",U2200-Quarters
1177202,34207,"6,7,-5,-7,8",U2200-Quarters
1150995,218625,"8,-7,10,7",U2200-Semis
27825,1177202,"-5,7,-9,9,6",U2200-Semis
1150995,27825,"7,-8,11,11",U2200-Finals
1174103,84211,"9,6,4",U1600 Adult-Prelims
82256,220851,"8,8,1",U1600 Adult-Prelims
273335,1169425,"-7,-10,9,5,6",U1600 Adult-Prelims
214854,270099,"10,-9,12,9",U1600 Adult-Prelims
271601,266503,"4,8,-10,7",U1600 Adult-Prelims
211647,218218,"4,7,-7,7",U1600 Adult-Prelims
1174103,271451,"6,9,-7,7",U1600 Adult-Prelims
223775,1177578,"8,-9,-10,10,10",U1600 Adult-Prelims
271598,82256,"8,9,8",U1600 Adult-Prelims
98071,273335,"10,9,8",U1600 Adult-Prelims
271911,214854,"-10,3,6,4",U1600 Adult-Prelims
271601,1175389,"-10,11,3,6",U1600 Adult-Prelims
218150,1165461,"-7,5,0,10",U1600 Adult-Prelims
211647,265685,"6,-9,4,4",U1600 Adult-Prelims
1174103,223775,"8,3,-9,8",U1600 Adult-Quarters
271598,98071,"-9,8,8,5",U1600 Adult-Quarters
271911,271601,"-8,5,6,8",U1600 Adult-Quarters
211647,218150,"5,2,13",U1600 Adult-Quarters
271598,1174103,"7,7,8",U1600 Adult-Semis
211647,271911,"9,6,-8,-8,9",U1600 Adult-Semis
211647,271598,"9,6,9",U1600 Adult-Finals
250233,263946,"9,6,-5,8",U1200 Adult-Quarters
231598,1174319,"7,7,6",U1200 Adult-Quarters
229438,6421,"9,5,3",U1200 Adult-Quarters
1175981,250233,"5,5,14",U1200 Adult-Semis
229438,231598,"8,-9,7,7",U1200 Adult-Semis
1175981,229438,"4,-7,8,-9,13",U1200 Adult-Finals
43687,77202,"6,9,10",U2000 Adult-Prelims
1176554,221078,"4,8,8",U2000 Adult-Prelims
1171480,267363,"-9,8,7,-9,7",U2000 Adult-Prelims
28551,203151,"-12,8,-8,9,9",U2000 Adult-Prelims
131129,202979,"5,5,3",U2000 Adult-Prelims
82535,211647,"8,9,9",U2000 Adult-Prelims
25344,229498,"1,3,5",U2000 Adult-Prelims
271809,1171068,"11,4,-8,12",U2000 Adult-Prelims
45824,40278,"9,11,-7,6",U2000 Adult-Prelims
53058,270105,"-10,7,13,4",U2000 Adult-Prelims
268220,1173656,"-7,6,6,8",U2000 Adult-Prelims
202651,220260,"-10,4,7,4",U2000 Adult-Prelims
1157583,91169,"7,7,5",U2000 Adult-Prelims
88214,94668,"7,13,-11,9",U2000 Adult-Prelims
216497,43687,"11,8,-8,6",U2000 Adult-Prelims
1176554,1171480,"5,-12,9,10",U2000 Adult-Prelims
131129,28551,"-5,8,4,4",U2000 Adult-Prelims
25344,82535,"10,10,9",U2000 Adult-Prelims
271809,45824,"9,-9,-8,8,13",U2000 Adult-Prelims
53058,70476,"10,9,-6,12",U2000 Adult-Prelims
268220,202651,"9,8,6",U2000 Adult-Prelims
1157583,88214,"7,7,-6,-7,7",U2000 Adult-Prelims
1176554,216497,"-5,9,10,12",U2000 Adult-Quarters
25344,131129,"-5,8,5,-8,5",U2000 Adult-Quarters
53058,271809,"7,-6,-6,8,8",U2000 Adult-Quarters
1157583,268220,"7,6,-6,3",U2000 Adult-Quarters
1176554,25344,"-10,5,4,8",U2000 Adult-Semis
53058,1157583,"6,9,4",U2000 Adult-Semis
1176554,53058,"8,8,3",U2000 Adult-Finals
220984,415,"5,9,4",U1900 Adult-Prelims
202651,86888,"6,8,10",U1900 Adult-Prelims
28551,70476,"1,5,10",U1900 Adult-Prelims
203034,1165111,"5,8,9",U1900 Adult-Prelims
277585,1150994,"7,7,-7,-6,8",U1900 Adult-Prelims
1164157,220839,"-8,9,8,-13,6",U1900 Adult-Prelims
221166,97671,"7,3,7",U1900 Adult-Prelims
271911,220984,"11,9,6",U1900 Adult-Prelims
52189,267363,"8,7,10",U1900 Adult-Prelims
202651,82256,"3,4,2",U1900 Adult-Prelims
28551,81397,"7,7,3",U1900 Adult-Prelims
217073,203034,"9,1,4",U1900 Adult-Prelims
278163,277585,"12,4,1",U1900 Adult-Prelims
1164157,71722,"7,9,9",U1900 Adult-Prelims
98041,221166,"6,-9,7,8",U1900 Adult-Prelims
271911,52189,"-13,12,3,5",U1900 Adult-Quarters
202651,28551,"5,6,3",U1900 Adult-Quarters
217073,278163,"7,8,10",U1900 Adult-Quarters
98041,1164157,"11,8,-3,-8,9",U1900 Adult-Quarters
271911,202651,"6,10,5",U1900 Adult-Semis
98041,217073,"-10,7,-3,10,8",U1900 Adult-Semis
271911,98041,"-6,3,11,-9,9",U1900 Adult-Finals
271911,97671,"4,9,8",U1800 Adult-Prelims
270519,1166750,"8,10,-11,7",U1800 Adult-Prelims
86888,1174429,"-8,7,-6,5,5",U1800 Adult-Prelims
28804,219739,"-9,2,7,5",U1800 Adult-Prelims
95450,203231,"-4,13,6,6",U1800 Adult-Prelims
269595,1168517,"5,7,-6,-6,7",U1800 Adult-Prelims
264309,926905,"8,11,4",U1800 Adult-Prelims
271911,217073,"4,-10,6,4",U1800 Adult-Prelims
1164157,203034,"-5,-10,2,10,10",U1800 Adult-Prelims
270519,74222,"12,7,3",U1800 Adult-Prelims
86888,28551,"7,-9,8,11",U1800 Adult-Prelims
1150994,28804,"-9,6,-3,7,4",U1800 Adult-Prelims
1174103,95450,"-8,-2,6,5,9",U1800 Adult-Prelims
269595,216848,"-9,4,7,6",U1800 Adult-Prelims
271911,1164157,"9,7,9",U1800 Adult-Quarters
86888,270519,"9,-8,-7,8,6",U1800 Adult-Quarters
1150994,1174103,"7,6,-9,9",U1800 Adult-Quarters
264944,269595,"2,2,12",U1800 Adult-Quarters
271911,86888,"8,7,7",U1800 Adult-Semis
264944,1150994,"9,-5,-5,6,11",U1800 Adult-Semis
271911,264944,"3,5,9",U1800 Adult-Finals
8005,43687,"-8,7,6,8",Men's 60+ Singles-Prelims
63010,5458,"6,4,10",Men's 60+ Singles-Prelims
4780,8005,"7,8,9",Men's 60+ Singles-Quarters
45824,20092,"-8,5,-7,10,5",Men's 60+ Singles-Quarters
55345,1171480,"6,6,9",Men's 60+ Singles-Quarters
8429,63010,"9,4,10",Men's 60+ Singles-Quarters
4780,45824,"6,4,3",Men's 60+ Singles-Semis
55345,8429,"-4,7,-8,6,4",Men's 60+ Singles-Semis
4780,55345,"8,3,9",Men's 60+ Singles-Finals
55345,63010,"7,8,4",Men's 65+ Singles-Quarters
20092,278163,"10,9,-10,-15,11",Men's 65+ Singles-Quarters
13020,55345,"8,-9,-4,9,7",Men's 65+ Singles-Semis
8429,20092,"-8,9,4,7",Men's 65+ Singles-Semis
13020,8429,"-2,5,6,8",Men's 65+ Singles-Finals
63010,53058,"5,-7,8,-5,8",Men's 70+ Singles-Quarters
9668,20092,"-8,8,-9,10,9",Men's 70+ Singles-Quarters
13020,63010,"7,8,6",Men's 70+ Singles-Semis
8429,9668,"-10,9,10,-9,8",Men's 70+ Singles-Semis
13020,8429,"7,-9,4,4",Men's 70+ Singles-Finals
95288,30231,"-9,-9,6,4,11",Men's 75+ Singles-Semis
63010,95288,"4,-6,4,3",Men's 75+ Singles-Finals
202363,1132341,"5,-6,7,9",Hsing Family U21 Men's Singles-Prelims
215306,211679,"8,-9,-6,9,10",Hsing Family U21 Men's Singles-Prelims
928116,91756,"-5,5,7,5",Hsing Family U21 Men's Singles-Prelims
95314,197388,"4,6,5,-3",Hsing Family U21 Men's Singles-Prelims
97329,89837,"-3,8,-8,9,7",Hsing Family U21 Men's Singles-Prelims
94523,222276,"7,7,6",Hsing Family U21 Men's Singles-Prelims
215306,98266,"6,6,6",Hsing Family U21 Men's Singles-Prelims
211736,211982,"-8,6,7,5",Hsing Family U21 Men's Singles-Prelims
82768,220808,"9,-9,9,9",Hsing Family U21 Men's Singles-Prelims
84903,928116,"9,5,4",Hsing Family U21 Men's Singles-Prelims
202363,95314,"11,3,-7,9",Hsing Family U21 Men's Singles-Quarters
94523,97329,"4,8,9",Hsing Family U21 Men's Singles-Quarters
211736,215306,"-9,-8,6,9,4",Hsing Family U21 Men's Singles-Quarters
84903,82768,"5,4,-7,-6,4",Hsing Family U21 Men's Singles-Quarters
202363,94523,"7,-5,6,6",Hsing Family U21 Men's Singles-Semis
84903,211736,"4,-9,4,-12,13",Hsing Family U21 Men's Singles-Semis
84903,202363,"5,4,7",Hsing Family U21 Men's Singles-Finals
5185,216131,"-9,6,9,5",30 & Over Men's Singles-Prelims
93102,11877,"-8,7,-8,8,3",30 & Over Men's Singles-Prelims
64766,23538,"-4,6,-6,8,8",30 & Over Men's Singles-Prelims
203212,27825,"7,8,7",30 & Over Men's Singles-Prelims
8144,10437,"4,9,6",30 & Over Men's Singles-Prelims
47064,34207,"9,9,9",30 & Over Men's Singles-Prelims
77033,34825,"1,7,9",30 & Over Men's Singles-Prelims
31038,5185,"7,2,4",30 & Over Men's Singles-Quarters
93102,64766,"8,7,6",30 & Over Men's Singles-Quarters
203212,8144,"6,4,5",30 & Over Men's Singles-Quarters
77033,47064,"4,8,6",30 & Over Men's Singles-Quarters
31038,93102,"6,5,6",30 & Over Men's Singles-Semis
77033,203212,"4,4,9",30 & Over Men's Singles-Semis
77033,31038,"-9,7,-11,5,7",30 & Over Men's Singles-Finals
218150,266781,"8,-8,6,7",U1700 Adult-Prelims
220260,270105,"-5,5,2,4",U1700 Adult-Prelims
270519,271598,"6,8,5",U1700 Adult-Prelims
211647,1174429,"5,-8,-8,8,9",U1700 Adult-Prelims
1175389,1164150,"5,9,9",U1700 Adult-Prelims
271911,82256,"5,9,5",U1700 Adult-Prelims
98071,1178451,"8,5,3",U1700 Adult-Prelims
218218,81397,"2,5,5",U1700 Adult-Prelims
28551,218150,"12,8,7",U1700 Adult-Prelims
220260,1169425,"8,14,3",U1700 Adult-Prelims
270519,71722,"7,-9,9,0",U1700 Adult-Prelims
211647,203034,"7,11,-8,-7,9",U1700 Adult-Prelims
88195,1175389,"7,11,-8,11",U1700 Adult-Prelims
271911,1173656,"12,7,7",U1700 Adult-Prelims
98071,95450,"9,-10,5,8",U1700 Adult-Prelims
218218,88923,"4,8,6",U1700 Adult-Prelims
220260,28551,"-5,10,8,-7,8",U1700 Adult-Quarters
270519,211647,"6,10,10",U1700 Adult-Quarters
271911,88195,"6,7,5",U1700 Adult-Quarters
98071,218218,"-16,-16,9,9,9",U1700 Adult-Quarters
270519,220260,"4,10,9",U1700 Adult-Semis
271911,98071,"9,10,5",U1700 Adult-Semis
271911,270519,"4,5,5",U1700 Adult-Finals
216062,266503,"5,7,-7,9",U1500 Adult-Prelims
80797,216062,"5,6,8",U1500 Adult-Prelims
276927,1168383,"9,8,-10,12",U1500 Adult-Prelims
1165111,231598,"7,5,-3,5",U1500 Adult-Prelims
271913,201842,"4,7,5",U1500 Adult-Prelims
1167093,221912,"8,10,8",U1500 Adult-Prelims
269408,1164150,"9,8,4",U1500 Adult-Prelims
88195,270494,"6,3,4",U1500 Adult-Prelims
220246,273520,"-3,2,11,9",U1500 Adult-Prelims
80797,276927,"10,9,-8,9",U1500 Adult-Quarters
1165111,271913,"4,5,12",U1500 Adult-Quarters
269408,1167093,"6,8,12",U1500 Adult-Quarters
88195,220246,"8,7,9",U1500 Adult-Quarters
1165111,80797,"8,8,-6,6",U1500 Adult-Semis
269408,88195,"10,9,-8,8",U1500 Adult-Semis
1165111,269408,"8,-9,2,4",U1500 Adult-Finals
1177578,92651,"5,9,-3,-8,5",U1400 Adult-Prelims
275824,203245,"7,1,6",U1400 Adult-Prelims
1177292,201842,"2,4,2",U1400 Adult-Prelims
271911,1177578,"8,9,10",U1400 Adult-Quarters
1165461,1175982,"7,10,5",U1400 Adult-Quarters
275824,1164150,"5,6,9",U1400 Adult-Quarters
1177292,221365,"-9,10,3,10",U1400 Adult-Quarters
271911,1165461,"4,1,1",U1400 Adult-Semis
275824,1177292,"9,-6,-13,9,8",U1400 Adult-Semis
271911,275824,"-8,4,9,1",U1400 Adult-Finals
275298,6421,"11,6,11",U1300 Adult-Prelims
8939,271207,"8,5,9",U1300 Adult-Prelims
231598,275929,"-2,5,5,-9,12",U1300 Adult-Quarters
221365,273217,"8,-5,6,8",U1300 Adult-Quarters
274463,8939,"2,9,-12,7",U1300 Adult-Quarters
276927,231598,"6,8,-6,6",U1300 Adult-Semis
221365,274463,"5,-11,-8,3,10",U1300 Adult-Semis
276927,221365,"3,10,8",U1300 Adult-Finals
1174319,263946,"-9,5,3,10",U1000 Adult-Semis
1177293,220632,"9,7,7",U1000 Adult-Semis
1174319,1177293,"10,6,4",U1000 Adult-Finals
202548,1171856,"9,9,7",U2000 Junior-Prelims
203221,1164602,"8,-9,1,-7,6",U2000 Junior-Prelims
219179,1170842,"7,-7,7,4",U2000 Junior-Prelims
202548,272956,"4,5,-4,9",U2000 Junior-Prelims
270911,275694,"10,4,2",U2000 Junior-Prelims
256702,271061,"9,7,-8,4",U2000 Junior-Prelims
256412,1168516,"2,5,-7,12",U2000 Junior-Prelims
256682,1171855,"4,8,9",U2000 Junior-Prelims
1172448,271137,"7,9,9",U2000 Junior-Prelims
219347,1178802,"8,9,3",U2000 Junior-Prelims
269693,203221,"9,-6,-7,15,8",U2000 Junior-Prelims
265238,270393,"2,8,5",U2000 Junior-Prelims
229714,270389,"4,6,3",U2000 Junior-Prelims
271260,216225,"7,13,9",U2000 Junior-Prelims
196123,270887,"9,5,-10,7",U2000 Junior-Prelims
219240,270089,"8,2,6",U2000 Junior-Prelims
219888,268979,"7,4,7",U2000 Junior-Prelims
219179,270746,"6,3,6",U2000 Junior-Prelims
270911,202548,"-9,7,6,8",U2000 Junior-Prelims
256702,256412,"5,8,-9,4",U2000 Junior-Prelims
256682,1172448,"0,-6,4,-13,7",U2000 Junior-Prelims
219347,272586,"4,5,2",U2000 Junior-Prelims
265238,269693,"6,-8,8,-8,7",U2000 Junior-Prelims
229714,271260,"6,4,-10,8",U2000 Junior-Prelims
219240,196123,"5,11,6",U2000 Junior-Prelims
219179,219888,"-9,12,4,8",U2000 Junior-Prelims
256702,270911,"-10,7,10,8",U2000 Junior-Quarters
219347,256682,"7,6,9",U2000 Junior-Quarters
265238,229714,"4,9,15",U2000 Junior-Quarters
219179,219240,"-7,7,-7,9,7",U2000 Junior-Quarters
219347,256702,"5,6,-4,12",U2000 Junior-Semis
265238,219179,"-5,9,8,7",U2000 Junior-Semis
219347,265238,"10,4,8",U2000 Junior-Finals
97451,275037,"3,-8,7,7",U1900 Junior-Prelims
271137,1171856,"7,-9,9,-4,7",U1900 Junior-Prelims
1168381,1171468,"-8,9,-11,7,5",U1900 Junior-Prelims
263695,271425,"11,5,-8,6",U1900 Junior-Prelims
277460,220128,"6,5,1",U1900 Junior-Prelims
222509,270389,"8,-9,7,-5,8",U1900 Junior-Prelims
265238,271061,"6,6,7",U1900 Junior-Prelims
1168516,203221,"5,-6,6,-9,9",U1900 Junior-Prelims
270390,202548,"6,10,7",U1900 Junior-Prelims
1166449,229837,"7,7,6",U1900 Junior-Prelims
264897,230779,"8,6,8",U1900 Junior-Prelims
97451,1150977,"10,-7,9,6",U1900 Junior-Prelims
271137,1168381,"11,10,7",U1900 Junior-Prelims
263695,224072,"-3,-8,8,11,9",U1900 Junior-Prelims
219240,277460,"3,6,6",U1900 Junior-Prelims
222509,271260,"8,-7,5,-10,9",U1900 Junior-Prelims
1168516,265238,"7,3,5",U1900 Junior-Prelims
1166449,270390,"9,8,9",U1900 Junior-Prelims
269745,264897,"13,6,-4,8",U1900 Junior-Prelims
271137,97451,"9,-6,8,-11,7",U1900 Junior-Quarters
219240,263695,"5,4,5",U1900 Junior-Quarters
1168516,222509,"4,-9,-9,8,9",U1900 Junior-Quarters
1166449,269745,"12,7,6",U1900 Junior-Quarters
219240,271137,"5,6,8",U1900 Junior-Semis
1168516,1166449,"4,-10,7,9",U1900 Junior-Semis
1168516,219240,"8,-6,8,-6,7",U1900 Junior-Finals
265238,216225,"10,6,9",U1800 Junior-Prelims
224072,218722,"9,-13,-9,6,9",U1800 Junior-Prelims
1168381,1171854,"2,-7,6,-13,5",U1800 Junior-Prelims
270305,229714,"8,7,9",U1800 Junior-Prelims
270887,96758,"3,9,5",U1800 Junior-Prelims
222509,223243,"-6,9,7,-12,5",U1800 Junior-Prelims
270390,91267,"8,14,-8,9",U1800 Junior-Prelims
1165615,270089,"8,-8,6,8",U1800 Junior-Prelims
220237,273085,"3,8,3",U1800 Junior-Prelims
229837,1171874,"7,-9,5,6",U1800 Junior-Prelims
272956,927185,"-6,8,7,-10,9",U1800 Junior-Prelims
265238,271260,"13,6,12",U1800 Junior-Prelims
1168381,224072,"-6,-11,1,6,3",U1800 Junior-Prelims
270305,275037,"8,8,-13,4",U1800 Junior-Prelims
275694,270887,"6,-6,8,8",U1800 Junior-Prelims
222509,271061,"7,11,6",U1800 Junior-Prelims
270390,1165615,"-8,9,-8,11,9",U1800 Junior-Prelims
220237,229837,"-3,-7,3,5,4",U1800 Junior-Prelims
222909,272956,"9,9,9",U1800 Junior-Prelims
265238,1168381,"8,4,7",U1800 Junior-Quarters
275694,270305,"9,6,-8,4",U1800 Junior-Quarters
270390,222509,"2,9,-6,10",U1800 Junior-Quarters
220237,222909,"9,7,8",U1800 Junior-Quarters
265238,275694,"5,-9,-7,6,9",U1800 Junior-Semis
270390,220237,"5,-4,-8,8,12",U1800 Junior-Semis
270390,265238,"9,-7,-7,10,12",U1800 Junior-Finals
224072,231514,"7,9,5",U1700 Junior-Prelims
229837,266395,"9,2,8",U1700 Junior-Prelims
270390,223757,"6,6,5",U1700 Junior-Prelims
1171874,927185,"11,-5,8,-8,11",U1700 Junior-Prelims
271320,275694,"-5,7,7,11",U1700 Junior-Prelims
96758,1175702,"8,8,-5,5",U1700 Junior-Prelims
275037,222909,"8,7,8",U1700 Junior-Prelims
219240,214471,"7,10,7",U1700 Junior-Prelims
270305,1171736,"4,7,6",U1700 Junior-Prelims
271481,272956,"8,6,-4,10",U1700 Junior-Prelims
1178109,230779,"9,7,-7,9",U1700 Junior-Prelims
269985,1171853,"9,8,-8,7",U1700 Junior-Prelims
277460,264897,"-3,6,12,7",U1700 Junior-Prelims
1175416,220128,"10,5,6",U1700 Junior-Prelims
1171856,1175371,"6,11,6",U1700 Junior-Prelims
224072,271425,"-11,3,5,7",U1700 Junior-Prelims
270390,229837,"8,6,8",U1700 Junior-Prelims
271320,1171874,"9,7,-7,11",U1700 Junior-Prelims
275037,96758,"8,10,-12,8",U1700 Junior-Prelims
270305,219240,"6,6,-9,8",U1700 Junior-Prelims
271481,1178109,"-14,7,9,10",U1700 Junior-Prelims
277460,269985,"6,8,4",U1700 Junior-Prelims
1171856,1175416,"4,7,9",U1700 Junior-Prelims
224072,270390,"7,9,7",U1700 Junior-Quarters
271320,275037,"6,-9,-5,7,8",U1700 Junior-Quarters
270305,271481,"-10,9,9,8",U1700 Junior-Quarters
1171856,277460,"8,-12,3,3",U1700 Junior-Quarters
224072,271320,"3,7,3",U1700 Junior-Semis
1171856,270305,"-8,-10,4,6,8",U1700 Junior-Semis
1171856,224072,"7,10,-6,-8,5",U1700 Junior-Finals
270725,270703,"5,5,6",U1500 Junior-Prelims
272563,271320,"-7,10,6,6",U1500 Junior-Prelims
271883,271599,"1,9,5",U1500 Junior-Prelims
1175371,271147,"5,8,6",U1500 Junior-Prelims
274722,270889,"-6,6,9,-8,4",U1500 Junior-Prelims
1178109,270900,"9,3,4",U1500 Junior-Prelims
271596,1150978,"9,6,3",U1500 Junior-Prelims
1171867,219609,"6,-3,8,6",U1500 Junior-Prelims
273085,271424,"9,6,9",U1500 Junior-Prelims
1174063,271149,"-6,6,6,3",U1500 Junior-Prelims
1171872,270725,"-9,7,7,8",U1500 Junior-Prelims
271883,272563,"8,7,8",U1500 Junior-Prelims
1175371,1170374,"12,-4,4,8",U1500 Junior-Prelims
927185,274722,"5,-9,7,9",U1500 Junior-Prelims
1178109,1172399,"3,6,7",U1500 Junior-Prelims
1171867,271596,"7,6,6",U1500 Junior-Prelims
273085,1174063,"8,8,-8,9",U1500 Junior-Prelims
268640,1173127,"11,-9,5,10",U1500 Junior-Prelims
271883,1171872,"-8,7,4,-7,5",U1500 Junior-Quarters
927185,1175371,"9,13,13",U1500 Junior-Quarters
1178109,1171867,"-7,5,-10,11,3",U1500 Junior-Quarters
268640,273085,"-12,7,6,10",U1500 Junior-Quarters
927185,271883,"-9,10,1,-6,8",U1500 Junior-Semis
268640,1178109,"9,9,-5,10",U1500 Junior-Semis
927185,268640,"7,4,9",U1500 Junior-Finals
223757,1173545,"9,-7,8,8",U1400 Junior-Prelims
275877,274722,"3,7,-7,3",U1400 Junior-Prelims
270991,273762,"1,2,7",U1400 Junior-Prelims
271147,231514,"8,8,2",U1400 Junior-Prelims
927185,1170751,"5,20,7",U1400 Junior-Prelims
1174461,271320,"3,8,9",U1400 Junior-Prelims
1175371,223757,"-8,-10,8,8,2",U1400 Junior-Prelims
275877,271424,"13,-9,8,8",U1400 Junior-Prelims
270991,271596,"5,11,7",U1400 Junior-Prelims
1171867,1173127,"-7,12,-7,5,6",U1400 Junior-Prelims
271883,276273,"2,9,3",U1400 Junior-Prelims
271147,219609,"8,7,4",U1400 Junior-Prelims
927185,1174461,"5,-9,7,7",U1400 Junior-Quarters
1175371,275877,"9,-7,8,6",U1400 Junior-Quarters
270991,1171867,"8,-9,-9,7,6",U1400 Junior-Quarters
271883,271147,"4,-12,7,2",U1400 Junior-Quarters
927185,1175371,"10,-14,5,-9,9",U1400 Junior-Semis
271883,270991,"-9,4,-5,9,4",U1400 Junior-Semis
927185,271883,"11,5,-7,9",U1400 Junior-Finals
220782,275877,"6,3,7",U1300 Junior-Prelims
274722,264196,"-6,7,11,1",U1300 Junior-Prelims
270725,1172399,"-9,9,9,-10,8",U1300 Junior-Prelims
270703,271327,"8,3,7",U1300 Junior-Prelims
272196,272060,"8,10,-4,-6,6",U1300 Junior-Prelims
266076,1176556,"7,6,9",U1300 Junior-Prelims
271322,271482,"7,-8,6,-9,10",U1300 Junior-Prelims
270991,270832,"5,6,10",U1300 Junior-Prelims
220782,219609,"7,9,-10,6",U1300 Junior-Prelims
274722,1174461,"-6,-10,8,4,8",U1300 Junior-Prelims
270725,218713,"-11,-8,6,7,8",U1300 Junior-Prelims
271596,270703,"4,4,4",U1300 Junior-Prelims
1173127,272196,"8,-6,2,7",U1300 Junior-Prelims
1175371,266076,"9,7,8",U1300 Junior-Prelims
273762,271322,"8,-9,5,10",U1300 Junior-Prelims
270991,271424,"8,8,8",U1300 Junior-Prelims
274722,220782,"8,6,4",U1300 Junior-Quarters
271596,270725,"6,10,8",U1300 Junior-Quarters
1175371,1173127,"6,7,4",U1300 Junior-Quarters
270991,273762,"4,6,7",U1300 Junior-Quarters
271596,274722,"9,8,-10,6",U1300 Junior-Semis
1175371,270991,"-8,9,-3,7,9",U1300 Junior-Semis
1175371,271596,"-11,8,5,5",U1300 Junior-Finals
229747,275102,"8,7,10",U1200 Junior-Prelims
270793,220668,"10,-10,-10,6,5",U1200 Junior-Prelims
271596,229747,"-3,5,4,8",U1200 Junior-Prelims
218713,271327,"9,8,3",U1200 Junior-Prelims
1172399,1173545,"10,9,8",U1200 Junior-Prelims
271876,266076,"5,7,-9,5",U1200 Junior-Prelims
223757,1174062,"11,13,3",U1200 Junior-Prelims
274722,1174369,"6,7,9",U1200 Junior-Prelims
275877,273260,"8,8,6",U1200 Junior-Prelims
1175371,270793,"4,5,6",U1200 Junior-Prelims
271596,218713,"8,-10,9,-6,5",U1200 Junior-Quarters
1172399,271876,"7,4,8",U1200 Junior-Quarters
274722,223757,"6,6,-6,9",U1200 Junior-Quarters
1175371,275877,"5,10,7,-7",U1200 Junior-Quarters
271596,1172399,"-6,5,-9,10,8",U1200 Junior-Semis
1175371,274722,"-6,-8,8,9,14",U1200 Junior-Semis
1175371,271596,"7,-8,12,2",U1200 Junior-Finals
1174369,218713,"7,9,8",U1000 Junior-Prelims
1174369,266076,"-7,-9,7,7,9",U1000 Junior-Prelims
1176550,274922,"7,-6,-5,10,6",U1000 Junior-Prelims
1175666,1175980,"3,9,-11,6",U1000 Junior-Prelims
1172399,1177302,"8,5,7",U1000 Junior-Prelims
274722,273260,"-4,5,7,6",U1000 Junior-Prelims
1169799,271327,"9,11,-4,3",U1000 Junior-Prelims
272059,220668,"9,-11,-8,6,5",U1000 Junior-Prelims
275877,271070,"-5,-10,10,8,4",U1000 Junior-Prelims
1174369,1176550,"-8,10,-10,11,11",U1000 Junior-Quarters
1172399,1175666,"7,5,8",U1000 Junior-Quarters
274722,1169799,"6,7,5",U1000 Junior-Quarters
275877,272059,"11,0,4",U1000 Junior-Quarters
1172399,1174369,"7,2,4",U1000 Junior-Semis
274722,275877,"6,9,8",U1000 Junior-Semis
274722,1172399,"4,8,6",U1000 Junior-Finals
219686,202991,"-7,-6,4,5,9",30 & Over Women's Singles-Semis
203096,35087,"7,3,9",30 & Over Women's Singles-Semis
219686,203096,"7,8,4",30 & Over Women's Singles-Finals
230294,1175984,"5,-1,9,15",U1600 Junior-Prelims
270900,270889,"12,-5,-8,7,14",U1600 Junior-Prelims
271424,271596,"-4,-11,4,5,5",U1600 Junior-Prelims
1171854,222909,"7,-5,9,10",U1600 Junior-Prelims
1171867,230294,"9,9,11",U1600 Junior-Prelims
1175416,223757,"7,3,7",U1600 Junior-Prelims
219609,275694,"10,-3,5,-9,8",U1600 Junior-Prelims
1174318,270900,"8,-5,-5,1,6",U1600 Junior-Prelims
927185,271424,"10,4,5",U1600 Junior-Prelims
270991,1171107,"9,-10,8,-5,3",U1600 Junior-Prelims
1175371,270393,"10,8,-8,7",U1600 Junior-Prelims
270305,1171854,"-11,9,-9,6,10",U1600 Junior-Prelims
1171867,1175416,"9,7,7",U1600 Junior-Quarters
1174318,219609,"15,-10,8,5",U1600 Junior-Quarters
927185,270991,"-7,3,7,5",U1600 Junior-Quarters
270305,1175371,"9,9,11",U1600 Junior-Quarters
1171867,1174318,"7,-4,10,9",U1600 Junior-Semis
270305,927185,"7,-4,10,8",U1600 Junior-Semis
1171867,270305,"10,1,9",U1600 Junior-Finals
