Winner,Loser,Scores,Event
270900,275200,"3,4,4",U13 Boys' Singles
270494,1178073,"11,6,9",U1400 Adult
1171127,275877,"10,-8,-9,7,7",U2000 Junior
215307,98041,"8,7,6",Men's Singles Hsing Family
215165,1171665,"5,9,4",U15 Girls' Singles
1165422,97365,"8,8,7",U2400
5724,1174611,"4,3,4",Men's 70+ Singles
1171225,1175146,"-8,6,8,4",U15 Boys' Singles
59103,83562,"5,-7,3,8",U1800 Adult
82768,82025,"8,-8,-5,9,9",U2600-Prelims
231514,1176771,"10,7,-6,9",U2000 Junior
94133,1175637,"5,4,5",Men's Singles Hsing Family
219237,215307,"16,4,-3,9",Men's Singles Hsing Family-Prelims
272196,271883,"10,-6,14,-5,9",U2200
276927,1184714,"2,4,2",U1700 Adult
18298,1168381,"5,10,4",U2400
276835,1177767,"-10,9,8,9",U1600 Junior
269822,83562,"8,10,11",U1900 Adult
1175782,271322,"-9,8,9,2",U1600 Junior-Quarters
1172476,4373,"4,6,6",U1600 Adult
212806,271583,"9,6,9",U15 Boys' Singles
1165421,219888,"-5,9,5,-10,6",U15 Boys' Singles-Prelims
37020,1172476,"9,6,5",U2000 Adult
1173539,1172851,"2,8,9",U2600
1174322,271875,"1,4,1",U13 Girls' Singles
1170609,275965,"2,8,10",U2400
27767,28551,"-9,3,3,9",U1800 Adult-Semis
214471,1178096,"2,4,1",U1800 Junior
266395,1176771,"7,2,4",U2000 Junior
1181160,274328,"7,-3,-5,3,7",U1400 Adult
269822,19484,"4,3,4",U1900 Adult
273260,275657,"8,4,5",U1900 Junior
273646,98273,"11,8,5",U2200
1178677,1165105,"8,4,3",U1200 Junior
1165422,1176550,"11,10,9",U15 Boys' Singles
1131757,1172699,"-5,8,11,4",U1900 Adult
98257,97365,"4,7,8",U2200
269408,20719,"6,-9,12,-9,10",U1800 Adult
269745,1171867,"-8,3,7,8",U2200
273218,1176771,"-7,8,10,8",U1600 Junior
273132,277186,"4,-9,5,-12,9",U1300 Junior
78310,223480,"9,-9,3,11",U2400
1176700,277839,"-9,8,-11,2,8",U1500 Junior
80503,277359,"1,8,6",Para Class 6-7
223150,1165615,"3,10,-5,-10,7",U15 Boys' Singles
280414,1174330,"4,6,3",U19 Boys' Singles
267433,1176242,"1,6,6",U15 Girls' Singles
222815,1175371,"6,3,7",U19 Girls' Singles
31436,1181699,"7,-9,3,2",30 & Over Men's Singles
201842,229780,"8,5,5",U1300 Adult
264897,32895,"10,10,-9,11",U2400
98266,271890,"2,3,3",U17 Boys' Singles
273218,272825,"8,-5,5,10",U1700 Junior
229498,92451,"8,-5,8,6",U1800 Adult
220128,1179256,"7,1,3",U1600 Junior
5710,250233,"12,4,5",Men's 80+ Singles
270305,224072,"6,-9,5,10",U15 Boys' Singles
37020,269408,"4,6,7",U2000 Adult
1180947,1180148,"7,2,5",U1400 Junior
1173760,280414,"6,-7,6,7",U2600-Prelims
13411,277518,"7,11,4",U1600 Adult
198840,270083,"6,7,7",U19 Girls' Singles
1150994,1174461,"4,-9,3,-6,8",U2200
1170374,26027,"-12,10,9,-10,5",U2200
284225,1173092,"8,8,7",Women's 60+ Singles
272422,1185322,"6,10,-10,-9,0",U1700 Adult
1182631,277242,"4,6,2",U2000 Junior
272737,1182631,"8,8,6",U1700 Junior-Semis
270911,45824,"8,10,8",U2400
276927,1172476,"10,12,-3,8",U1900 Adult
55345,13020,"-8,9,10,-8,9",Men's 65+ Singles-Finals
269822,95193,"6,6,7",U1900 Adult
14730,78310,"3,7,-7,8",U1900 Adult
55345,24961,"5,6,0",Men's 65+ Singles
229714,223480,"10,5,7",U2400
1185322,270494,"13,10,9",U1400 Adult
220808,1178073,"5,5,3",Men's Singles Hsing Family
273646,223480,"7,4,7",U2200
1176771,271860,"3,5,9",U1600 Junior
270444,270837,"6,10,6",U2000 Junior
280415,9501,"3,-9,7,5",U2600
211820,1171941,"5,8,6",U2600
1177768,275200,"4,3,5",U2000 Junior
82025,1175638,"5,-10,3,6",Men's Singles Hsing Family
197388,222276,"9,-9,10,8",U2400-Semis
1179256,1184713,"6,5,6",U1000 Junior
10533,27961,"11,6,7",Men's 60+ Singles
98273,274555,"5,5,2",30 & Over Men's Singles
8144,10419,"9,2,4",Men's 50+ Singles
276539,92990,"2,-13,11,8",U1700 Adult
275292,1177782,"5,-9,5,6",U1000 Junior
10533,79101,"9,14,-9,9",Men's 50+ Singles-Quarters
1171128,272737,"-8,9,7,5",U2200
219210,1170759,"4,3,3",U15 Girls' Singles-Prelims
1170443,1175416,"7,3,4",U2000 Junior
77033,57949,"6,5,8",30 & Over Men's Singles-Semis
221939,272224,"8,3,3",U15 Boys' Singles
12948,1174103,"3,-11,6,9",U2200
81571,37020,"6,12,7",U2000 Adult-Prelims
1173545,272825,"5,6,3",U1800 Junior
1164236,1150978,"9,-8,9,7",U19 Boys' Singles
215165,223243,"6,4,7",U19 Girls' Singles
212806,280414,"14,9,11",U15 Boys' Singles-Prelims
223480,71560,"8,6,6",Men's Singles Hsing Family
198570,1170609,"6,6,8",Men's Singles Hsing Family
229498,95193,"5,9,-8,-6,7",U1800 Adult-Prelims
9501,274555,"8,6,6",Men's Singles Hsing Family
70273,3920,"8,4,5",U1700 Adult
275290,1184713,"3,4,2",U1500 Junior
927185,274350,"-8,5,4,-4,8",U1900 Junior-Prelims
1175782,271583,"8,5,-8,9",U1900 Junior
57949,30198,"3,8,5",Men's 40+ Singles-Prelims
59103,3920,"3,9,9",U1700 Adult
220128,273772,"8,8,4",U1600 Junior-Prelims
217235,1150995,"8,-13,9,5",U19 Boys' Singles-Prelims
1174545,1173259,"-8,-6,8,5,9",U13 Boys' Singles
270851,1176242,"6,7,3",U1900 Junior
91031,59330,"4,8,8",Men's Singles Hsing Family-Prelims
212806,274350,"5,8,8",U15 Boys' Singles
31436,37020,"5,9,-2,-9,10",30 & Over Men's Singles
215306,222276,"11,6,4",U17 Boys' Singles-Quarters
88195,27885,"2,8,10",U1500 Adult-Quarters
1168516,1174063,"7,-7,7,-7,7",U15 Boys' Singles
91031,83686,"5,4,5",Men's Singles Hsing Family
1177832,221595,"11,-7,7,6",U1500 Adult
32870,54175,"12,-6,5,9",Women's 65+ Singles-Finals
45824,6713,"6,4,6",Men's 60+ Singles
223243,272059,"6,8,7",U15 Girls' Singles
276835,1180947,"5,6,-8,6",U1800 Junior
1168381,270725,"8,8,1",U17 Girls' Singles
1174326,1178448,"4,7,0",U1200 Junior
277839,1172006,"1,6,3",U1000 Junior
271344,275290,"-9,9,7,8",U1800 Junior
221340,264013,"4,8,10",U17 Girls' Singles
5724,27885,"6,8,7",U1800 Adult
220237,278584,"9,10,3",U2000 Junior
927185,270710,"0,7,2",U1900 Junior
1165461,277518,"-8,5,8,8",U1500 Adult
274466,1176555,"8,5,3",U1500 Junior
1182438,274995,"7,1,7",U1300 Junior
282936,1175978,"5,-9,1,9",U1000 Adult
275037,95193,"4,8,9",U2200
221340,269985,"-8,9,4,4",U19 Girls' Singles
1180148,278871,"9,5,3",U1200 Junior
264662,1157745,"-9,-7,6,5,5",U13 Boys' Singles-Prelims
270911,266395,"-5,8,-10,5,4",U17 Boys' Singles
270393,1179018,"8,-11,5,6",U1700 Junior
1172851,217519,"-4,12,4,9",U2600
1168670,5724,"9,-10,-9,8,6",U1800 Adult
1183304,231503,"9,9,-7,3",U1500 Adult
220666,203187,"3,5,7",Women's Singles Hsing Family-Prelims
13020,20075,"-10,4,5,5",Men's 65+ Singles
98280,1175978,"7,3,6",U1400 Adult
28551,70273,"9,5,7",U2000 Adult
22286,217519,"1,5,7",Men's Singles Hsing Family
221340,1169576,"7,9,7",U15 Girls' Singles
198570,5442,"10,6,9",Men's 60+ Singles
275101,1178096,"4,-10,-13,5,10",U1200 Junior
222276,223480,"7,6,-7,6",U19 Boys' Singles-Prelims
1177767,1132453,"5,1,8",U1600 Junior
211820,273646,"8,-7,8,6",U19 Boys' Singles
270710,275947,"8,5,5",U1200 Junior-Quarters
1168382,224072,"7,3,-8,1",U1800 Junior
3836,1172476,"5,8,-10,7",Men's 40+ Singles
1171292,94469,"7,-10,9,13",U2600
1171107,274466,"5,10,-8,6",U15 Boys' Singles
1174103,26027,"10,6,3",U2000 Adult-Prelims
72193,98262,"-4,-10,-11,4,6,5,9",Men's Singles Hsing Family-Quarters
59922,271883,"6,9,4",U2400
12141,98280,"9,9,9",U1400 Adult
270851,927185,"8,9,4",U1900 Junior-Quarters
1150978,1182438,"4,7,6",U1900 Junior
268150,1177832,"8,8,8",U1600 Adult
1176550,270832,"3,5,4",U1600 Junior
269822,203231,"4,6,2",U1900 Adult-Prelims
256702,26027,"9,-8,6,7",U2400
1180983,283868,"1,2,3",U1400 Junior
222517,1175638,"11,-12,9,-7,10",U1800 Adult
280491,275101,"8,-8,9,12",U1400 Junior
274350,10393,"8,5,6",U2400
92994,280046,"10,5,9",U2200
211821,229714,"7,-5,-6,9,6",U2600
274994,271596,"7,6,12",U2400
217143,1171292,"9,-9,-6,9,7",U17 Boys' Singles-Prelims
4594,94469,"2,7,6",Men's 40+ Singles-Semis
217143,84273,"-6,-11,7,7,9",U2400-Prelims
1174326,279282,"-9,7,-8,6,8",U1300 Junior
79092,271596,"5,6,11",U2400
1171292,40278,"5,7,8",U2600
11877,1170751,"-5,3,5,7",U2200
273132,270710,"-4,9,7,7",U1300 Junior-Quarters
1182632,280046,"4,3,4",U11 Boys' Singles
88195,280607,"5,-9,5,-4,8",U1500 Adult-Prelims
279170,276835,"-9,10,6,4",U15 Boys' Singles
273218,270709,"8,11,3",U1600 Junior-Prelims
274683,275200,"7,5,5",U1600 Junior
270911,1178073,"1,9,4",Men's Singles Hsing Family
98155,230237,"10,6,6",U19 Girls' Singles
93758,95653,"2,4,7",Men's Singles Hsing Family
280415,1150995,"10,4,11",U17 Boys' Singles-Prelims
98280,231503,"4,-5,0,4",U1300 Adult-Quarters
275037,1150978,"8,7,8",Men's Singles Hsing Family
92943,223757,"-8,3,6,4",U2200
269408,85544,"7,7,8",U1800 Adult
220260,79603,"-8,9,5,-6,9",U2000 Adult
201842,1180500,"6,4,9",U1600 Adult
268640,1182632,"11,-10,9,3",U1800 Junior-Quarters
3841,5724,"-6,4,7,-5,5",Men's 70+ Singles
83332,264897,"4,6,-12,7",U2200
275694,1176700,"-6,3,-5,4,9",U1900 Junior
202990,265648,"4,10,5",U2600
1171856,1184523,"1,1,6",U15 Boys' Singles
270305,1177173,"9,4,2",U13 Boys' Singles
279803,277441,"8,10,10",U1600 Junior
220298,1171867,"8,8,9",U17 Girls' Singles
1157449,1181183,"-6,7,8,8",U1400 Adult
271596,264196,"2,8,10",U2000 Junior
1179255,275292,"7,5,5",U13 Boys' Singles
8146,87881,"0,2,2",Men's 80+ Singles
1166449,1175638,"7,7,4",Men's Singles Hsing Family
218158,1174431,"8,8,-7,6",Men's 60+ Singles
275292,279916,"3,5,-12,4",U1000 Junior
1177173,273218,"7,6,6",U1500 Junior-Quarters
1171941,230779,"6,9,6",U2200
45824,217364,"5,5,10",Men's 60+ Singles
32870,282830,"6,6,3",Women's 60+ Singles
1176242,270832,"4,-8,7,9",U1800 Junior
81571,198570,"3,-5,9,6",Men's 60+ Singles-Prelims
1182631,1178563,"3,6,3",U11 Boys' Singles
280415,1171292,"8,9,4",U19 Boys' Singles
5442,10419,"7,6,7",U2000 Adult
273218,1180947,"3,-11,8,7",U1500 Junior
220666,283878,"2,3,5",30 & Over Women's Singles
276426,1172006,"7,2,4",U1500 Junior
1165421,219237,"-4,-9,7,8,9",U17 Boys' Singles-Prelims
266075,279916,"7,5,7",U1400 Junior
272737,271489,"8,-7,-6,3,5",U1800 Junior-Prelims
269822,3727,"7,-11,7,7",U1900 Adult-Prelims
1174062,1174326,"7,8,9",U1700 Junior
58286,54175,"7,7,9",30 & Over Women's Singles
1171856,1150977,"7,6,-9,8",U15 Boys' Singles
13411,18868,"4,9,4",Men's 70+ Singles
270851,1172243,"9,-9,-9,8,9",U2600
203221,270437,"-9,10,10,2",U2000 Junior
266075,284007,"6,11,6",U1600 Junior
276927,1175891,"4,4,6",U1600 Adult
270444,280046,"7,6,8",Men's Singles Hsing Family
220260,79820,"6,-5,-7,8,12",U2000 Adult
267363,98041,"5,-10,3,5",U2000 Adult-Quarters
219210,270846,"3,8,3",U15 Girls' Singles
273646,272196,"7,8,8",U2000 Junior
84273,275694,"5,-7,8,6",U2400
274466,1176771,"8,-12,3,-9,8",U1700 Junior
277526,1150978,"-3,8,-9,8,3",U2000 Junior
265648,1176627,"7,6,7",U2400
211647,283841,"4,5,3",U1800 Adult
279820,1168670,"7,7,5",U2200
50664,271489,"4,4,4",U2400
16465,3841,"4,3,6",Men's 60+ Singles
19736,268620,"-9,5,-8,9,8",Men's Singles Hsing Family
223757,1175139,"-3,6,9,7",U1700 Junior
4485,283929,"4,5,14",Men's 75+ Singles
79092,220260,"5,-13,5,8",U2200
1174369,271149,"-9,-7,8,3,6",U11 Boys' Singles
272196,270437,"7,-8,-6,5,9",U17 Boys' Singles
229780,264741,"-12,4,2,6",U1600 Adult
1174369,230139,"1,7,5",U13 Boys' Singles
27767,28551,"-9,6,-7,9,6",U1900 Adult-Prelims
1176448,283868,"6,3,6",U1200 Junior
215306,273646,"5,4,8",U17 Boys' Singles
98266,223040,"5,5,7",U19 Boys' Singles
1177045,278846,"2,6,13",U1300 Junior
1176555,1180148,"5,8,5",U1400 Junior
12948,94462,"3,2,7",Men's 40+ Singles
1174369,274683,"6,5,10",U1700 Junior
230805,270887,"10,2,3",U21 Men's Singles Hsing Family
273762,274683,"6,2,-11,5",U1900 Junior
56456,272224,"5,5,4",Men's Singles Hsing Family
1176627,1175782,"-7,9,9,6",U1700 Junior
219888,276835,"7,1,-9,5",U13 Boys' Singles
270725,278846,"3,4,6",U11 Girls' Singles
212806,211820,"-9,4,10,12",U21 Men's Singles Hsing Family
271425,273762,"9,8,5",U1900 Junior-Prelims
76235,89217,"3,10,7,-7,4",Women's Singles Hsing Family-Semis
274466,263580,"9,8,-11,6",U1300 Junior-Quarters
1168381,1157628,"4,7,4",U17 Girls' Singles
1170443,1171867,"12,5,8",U2000 Junior
1177173,272059,"7,-8,2,4",U1700 Junior
270203,1178504,"6,9,9",U1600 Junior-Prelims
222815,230805,"-6,-8,10,7,6",U2600
270905,264741,"7,8,17",U1500 Adult
220237,221078,"-6,8,6,-6,10",U2200
89837,284216,"3,6,3",Men's Singles Hsing Family
224135,272059,"8,4,2",U15 Girls' Singles
90957,272548,"9,-6,5,6",U1800 Adult
284225,30833,"3,7,11",Women's 60+ Singles
270846,274995,"6,5,9",U11 Girls' Singles
269570,270832,"3,8,5",U11 Boys' Singles
280607,1173092,"8,-9,1,7",U1000 Adult
270851,223040,"4,3,5",U2000 Junior
26027,229635,"3,7,8",30 & Over Men's Singles
264196,1184533,"5,9,5",U1400 Junior
30199,283878,"4,9,4",Women's 40+ Singles
1185043,221078,"9,9,10",U2000 Adult
1180983,278872,"3,5,4",U1500 Junior
222971,221340,"14,6,4",U15 Girls' Singles-Quarters
1177302,1180947,"7,9,-8,7",U2000 Junior
203231,218150,"4,4,5",U1700 Adult
271883,1170751,"8,8,8",U2000 Junior-Prelims
277526,273260,"-2,4,6,7",U2000 Junior
1171107,231514,"8,6,4",U17 Boys' Singles
265648,274622,"14,6,4",U19 Boys' Singles
230805,279238,"5,4,7",U2400
1150995,275965,"6,9,4",U2400
1176627,220128,"-9,8,9,10",U1700 Junior-Prelims
280414,264276,"3,5,11",U17 Boys' Singles
1176556,277742,"-9,6,7,8",U1200 Junior
222696,46331,"4,3,4",U1700 Adult
1174322,278872,"7,5,5",U1200 Junior
1176627,273411,"-12,6,4,6",U13 Boys' Singles
249948,276539,"7,7,9",U2000 Adult
222276,221549,"-9,9,7,3",U2400-Prelims
198840,218837,"-13,7,7,7",U21 Women Singles Hsing Family-Prelims
220237,1132007,"7,8,-5,10",U2000 Junior-Quarters
266075,1180983,"-7,-13,10,10,8",U1400 Junior-Semis
86064,267363,"5,-13,11,-10,9",Men's Singles Hsing Family
270709,276835,"4,7,1",U1800 Junior
220237,203221,"-7,9,7,3",U2200-Prelims
8429,37020,"-9,-3,10,7,8",Men's 60+ Singles
1175416,1172200,"5,2,7",U17 Boys' Singles
1170842,1168382,"3,6,3",U15 Girls' Singles
95193,223775,"-9,5,4,7",U1700 Adult
271889,279803,"-7,9,-9,11,8",U1600 Junior
277441,275101,"8,6,6",U11 Girls' Singles
1168383,1165117,"-8,6,13,-7,13",U1800 Adult
12948,14730,"4,4,8",Men's 50+ Singles
79101,20719,"2,3,3",Men's 60+ Singles
1175782,218830,"10,-10,-6,6,11",U2000 Junior
272737,271489,"8,-8,9,-8,6",U1900 Junior
84903,89837,"5,5,-9,7",U21 Men's Singles Hsing Family-Quarters
1166449,98041,"8,-10,-8,10,8",U2200
277742,1184713,"5,8,6",U1000 Junior
275877,275292,"4,6,2",U11 Boys' Singles
1178675,1174103,"-8,6,9,-3,7",U1900 Adult-Prelims
218158,1168670,"3,5,-7,-9,5",U1900 Adult
276520,278846,"2,7,5",U1000 Junior
80797,88195,"5,6,7",U1800 Adult
1176550,270709,"9,6,-4,5",U1700 Junior-Prelims
283878,1173092,"8,3,4",Women's 50+ Singles
1178675,249948,"9,8,9",U2000 Adult
97365,229850,"10,-9,11,-9,9",U2000 Adult
277742,271875,"8,7,6",U1000 Junior
270710,1176448,"-13,8,8,8",U1200 Junior-Semis
198570,59103,"1,8,6",Men's 50+ Singles
282830,1174619,"9,7,4",U1200 Adult
8429,10916,"5,6,-8,4",Men's 70+ Singles-Semis
1173259,1174103,"6,7,3",Men's Singles Hsing Family
229498,83534,"2,4,5",U1900 Adult
275034,1185322,"-8,6,9,6",U1700 Adult
1171643,1179256,"1,4,4",U11 Girls' Singles
1172399,1177045,"7,4,2",U1900 Junior
90115,49321,"-7,11,4,11",U2000 Adult
272224,1169772,"11,9,-11,-9,5",U17 Boys' Singles
1174545,276539,"8,8,-8,6",Men's Singles Hsing Family
1171668,49321,"6,9,4",U1900 Adult
229780,223729,"-3,8,-10,9,12",U1000 Adult-Semis
202990,93758,"-7,-8,9,7,5",U2600-Prelims
272548,1175891,"13,9,-4,4",U1400 Adult
79101,55345,"-8,7,-7,10,4",Men's 60+ Singles-Quarters
94640,279471,"3,1,2",Men's Singles Hsing Family
197388,221939,"4,3,5",U2600
229498,217519,"-7,9,6,7",Men's Singles Hsing Family
276539,24961,"-8,4,4,5",U2000 Adult
266395,231514,"9,7,-10,4",U2000 Junior
1173545,276835,"10,9,-6,12",U1900 Junior
229714,79820,"4,-9,4,6",U2200
1180947,279282,"4,-12,2,6",U1500 Junior
1175371,223243,"-8,-6,9,7,7",U19 Girls' Singles
1165421,220824,"-9,4,7,6",U2400
284187,1171942,"8,-7,4,-7,10",U1300 Adult
230139,279282,"6,7,7",U1200 Junior
263284,272224,"5,5,10",U17 Boys' Singles
1173092,30833,"8,-7,-8,7,7",Women's 60+ Singles
220824,271425,"-10,10,9,6",U2200
96732,284007,"8,8,7",Men's Singles Hsing Family
231598,282830,"7,6,5",U1300 Adult
84897,1177832,"3,4,2",Men's Singles Hsing Family
223757,1179780,"10,8,6",U1800 Junior
224231,224135,"9,10,5",U19 Girls' Singles
98041,272224,"7,8,3",U2200
271489,266075,"-6,9,-8,7,8",U1800 Junior
277186,1178448,"7,8,6",U1000 Junior
59103,70273,"-10,7,-9,5,5",U1700 Adult
276162,277491,"5,7,3",U1300 Junior
277519,1175637,"-9,6,8,8",U1700 Adult
264543,270203,"7,-9,7,-3,11",U2400
271889,1175146,"-8,7,7,10",U1700 Junior
270887,1173129,"8,10,5",U2200
97365,269408,"7,9,9",U2400
212806,1166449,"7,-9,8,-9,9",U21 Men's Singles Hsing Family
1180983,1177045,"10,5,5",U1400 Junior
1176448,1179018,"6,8,10",U1400 Junior
274466,273260,"2,8,-9,8",U1500 Junior-Prelims
1132007,230779,"7,7,7",U2000 Junior
1165054,1168670,"7,5,7",U1700 Adult
264276,1174063,"8,7,-3,8",U19 Boys' Singles
280491,274995,"-6,3,9,6",U1300 Junior
12141,1174609,"-8,6,-7,6,7",U1700 Adult-Prelims
270393,277242,"9,5,5",U1700 Junior
1175371,276539,"4,9,4",U2200
269822,98041,"-9,9,7,7",U1900 Adult-Quarters
284187,284188,"6,10,2",Women's 40+ Singles
1180500,1182428,"4,7,9",U1400 Adult
271149,283868,"1,2,0",U11 Boys' Singles
1170374,268640,"7,5,10",U15 Boys' Singles
218158,1165461,"-8,8,7,9",U2000 Adult
50664,249948,"9,10,7",U2400
222276,1176771,"4,5,5",U2400
1177767,277242,"14,-14,-6,6,6",U1800 Junior
230779,275657,"4,3,-7,7",U1900 Junior
1172699,283839,"5,8,9",U1800 Adult
273772,274622,"10,10,7",U1700 Junior
85544,277518,"6,7,-7,7",U1600 Adult
265238,256412,"4,6,-10,-9,9",U2200
220808,275037,"4,2,8",U21 Men's Singles Hsing Family-Prelims
27961,218159,"6,3,9",Men's 60+ Singles
270305,1174461,"-8,8,7,-8,12",U2600
1181160,264741,"2,7,6",U1300 Adult
80241,264276,"2,9,4",U2600
92943,1175981,"8,6,4",Para Class 8 -10
273260,1174322,"-9,-8,9,7,10",U1700 Junior
212806,264662,"9,-9,-8,7,8",U15 Boys' Singles-Quarters
1170443,1175146,"1,5,11",U1800 Junior
267433,272586,"7,6,6",U13 Girls' Singles-Quarters
1182632,277242,"5,3,7",U13 Boys' Singles
1170374,1171107,"10,-5,8,6",U2000 Junior
14987,26027,"10,5,-7,-6,5",U2400
220298,271260,"7,7,7",U2400
40278,49321,"9,8,-8,6",U2000 Adult
1170751,263580,"6,2,-5,9",U13 Boys' Singles
1165422,269408,"-9,9,5,-9,5",U2400
272737,1180983,"9,6,-4,10",U1700 Junior-Prelims
270710,280046,"-7,9,-9,7,7",U11 Boys' Singles
1167093,1184629,"-11,7,5,7",U1600 Adult
25125,46331,"3,4,7",Women's 80+ Singles-Finals
17161,70273,"8,5,10",U2000 Adult
217235,270900,"5,3,6",U15 Boys' Singles
1157745,1174318,"1,-10,6,7",U15 Boys' Singles
50664,25587,"8,-7,3,7",Men's 50+ Singles
1174103,203231,"3,8,-6,5",U2000 Adult
1182631,1180148,"3,7,6",U1500 Junior
1176448,280491,"11,5,-7,-9,11",U1300 Junior-Prelims
1173545,231514,"-6,5,3,7",U1800 Junior
277526,1174062,"-5,-10,5,4,4",U1600 Junior
1184523,1184713,"2,5,2",U1600 Junior
1171128,1174322,"2,6,2",U15 Girls' Singles
269965,230237,"4,8,9",U17 Girls' Singles-Quarters
84897,86064,"8,6,7",Men's Singles Hsing Family
81571,83686,"10,-9,10,10",Men's Singles Hsing Family
270194,1175638,"6,7,6",U1900 Adult
81571,59103,"7,5,-5,6",Men's 50+ Singles
1175978,264741,"7,-7,-8,6,10",U1300 Adult
197388,218830,"4,7,3",Men's Singles Hsing Family
280491,279282,"-9,6,6,10",U1200 Junior
275290,272059,"8,4,8",U1800 Junior
98262,98266,"7,4,9",Men's Singles Hsing Family-Prelims
275037,219888,"-2,4,5,7",U19 Boys' Singles
10916,284002,"2,5,4",Men's 70+ Singles
1173760,1171292,"6,8,5",U2600-Prelims
82768,50664,"9,5,-10,0",Men's Singles Hsing Family
269985,267433,"10,-9,-4,7,10",U21 Women Singles Hsing Family
202987,94469,"4,9,9",U2400
1165421,1166389,"8,4,3",U19 Boys' Singles
222815,1176242,"6,4,4",U15 Girls' Singles
1182632,1180148,"5,7,6",U11 Boys' Singles
1150977,271883,"11,9,9",U13 Boys' Singles-Prelims
93758,1157745,"8,15,3",U19 Boys' Singles
19736,18298,"8,9,-7,8",30 & Over Men's Singles
222276,1170751,"7,7,7",U15 Boys' Singles
274994,1182632,"7,3,-9,4",U11 Boys' Singles-Quarters
81774,97365,"1,3,4",Men's Singles Hsing Family
57866,220260,"7,-4,8,-6,8",U1800 Adult
268150,1178073,"5,-7,6,-7,10",U1300 Adult
222763,1157628,"3,3,6",U19 Girls' Singles
94028,269440,"7,4,4",U17 Boys' Singles
1171107,223757,"8,6,6",U2200
1174103,279471,"7,8,7",Men's Singles Hsing Family
271596,1174322,"2,7,5",U15 Girls' Singles
1164236,1184533,"6,3,1",U15 Boys' Singles
996,19484,"-11,2,-10,5,7",U1800 Adult
271883,1173545,"-4,5,8,5",U2000 Junior-Prelims
270911,28551,"5,8,3",U2200
1165421,274466,"6,6,10",U13 Boys' Singles
271061,269440,"7,2,8",U2400
1170443,273772,"3,3,7",U1700 Junior
264662,270911,"8,-4,9,5",U13 Boys' Singles-Finals
219888,230139,"5,6,3",U17 Boys' Singles
1165461,270494,"12,7,9",U1600 Adult
8146,250233,"7,12,-9,9",Men's 80+ Singles-Semis
215165,1173129,"-11,4,9,5",U17 Girls' Singles
1170759,271596,"7,4,5",U13 Girls' Singles
1171226,1178096,"7,7,5",U1000 Junior
82256,231503,"4,8,7",U1700 Adult
8005,3841,"6,5,-4,5",Men's 70+ Singles-Quarters
274622,1172006,"6,9,4",U1500 Junior
270203,1177767,"3,6,7",U1900 Junior
1178675,20719,"-10,4,-8,7,7",U1900 Adult-Prelims
1182438,1178504,"5,8,7",U1700 Junior
98257,1171941,"8,7,5",U19 Boys' Singles
20101,42342,"7,6,8",U1900 Adult
1168670,27885,"8,6,6",U1800 Adult
272422,275034,"4,4,5",U1700 Adult
219347,1132007,"6,4,5",U2600
276193,221992,"6,-7,5,7",U1500 Adult
270846,1172006,"2,4,4",U15 Girls' Singles
219210,1170759,"9,-8,-10,7,7",U17 Girls' Singles-Prelims
98041,265134,"1,5,-9,4",U2000 Adult
1180148,277742,"9,9,14",U1200 Junior
217130,1150995,"9,7,-4,-7,6",U2400-Prelims
98280,1165117,"-8,3,9,6",U1300 Adult-Finals
272737,1174063,"8,-8,11,9",U1800 Junior
202029,1172476,"5,3,7",Men's Singles Hsing Family
98262,89837,"10,-4,7,6",U19 Boys' Singles-Semis
220237,273411,"8,2,3",U2200
1175139,275657,"10,8,6",U1700 Junior
1173728,223040,"9,13,5",U1800 Junior
1131757,1172476,"10,10,8",30 & Over Men's Singles
217235,223480,"7,2,4",U21 Men's Singles Hsing Family
274994,1171107,"3,4,8",U2400
270911,1166449,"4,4,-15,5",U15 Boys' Singles
1178504,1176556,"10,4,-13,3",U1600 Junior
221166,270194,"4,12,5",U1800 Adult-Semis
275947,1174063,"8,8,-5,12",U1800 Junior
1171941,1176550,"6,-3,7,8",U2000 Junior
1180947,1132453,"-7,8,12,7",U1500 Junior
269745,20075,"7,8,6",U2200
1172399,275200,"2,10,4",U2000 Junior
1176448,1177045,"7,-9,4,4",U1300 Junior
1168382,1184523,"9,-6,9,-3,6",U1900 Junior
267363,87893,"2,-5,-8,6,10",U2000 Adult-Prelims
1173259,276520,"3,9,5",U11 Boys' Singles
264897,1174545,"6,8,8",U11 Boys' Singles-Prelims
82768,264662,"-9,8,1,7",U21 Men's Singles Hsing Family
93102,215307,"-7,6,9,8",U2400-Prelims
1178071,19736,"6,9,7",U2600
274994,1170374,"11,8,6",U13 Boys' Singles
17161,57866,"7,5,8",Men's 50+ Singles
224072,1176555,"4,8,1",U1900 Junior
265238,1176771,"5,7,0",U2400
229850,270194,"6,7,14",U2000 Adult
1174103,1168670,"-2,9,6,-9,9",U2200
270911,273132,"7,4,8",U19 Boys' Singles
1171127,1174322,"6,9,4",U13 Girls' Singles
271425,1182438,"2,6,6",U2000 Junior
263580,283868,"2,0,2",U1500 Junior
1174318,1176550,"9,-12,12,-5,16",U1600 Junior-Quarters
230805,33384,"7,2,7",Men's Singles Hsing Family
276927,231598,"8,6,6",U1700 Adult
277359,282830,"3,7,7",U1300 Adult
1178504,1176555,"6,3,3",U1900 Junior
1171292,229498,"5,6,9",Men's Singles Hsing Family
1171292,1169772,"7,7,8",U17 Boys' Singles
1175782,1177173,"9,5,8",U1500 Junior-Semis
277839,1171226,"5,7,-9,7",U1000 Junior-Semis
1181160,92451,"2,2,8",U1500 Adult
198570,24961,"7,6,4",Men's 60+ Singles
91612,264741,"-9,10,10,5",U1200 Adult
27767,221166,"7,8,6",U1800 Adult-Finals
229714,1174063,"7,7,1",U19 Boys' Singles
220824,1174620,"7,6,5",U2400
222276,220237,"-5,3,8,9",U17 Boys' Singles
216131,275694,"0,5,10",U2600
8146,87881,"6,4,7",Men's 75+ Singles
79820,218150,"5,7,9",U2000 Adult
5442,24961,"7,6,4",Men's 60+ Singles
13020,8429,"-10,5,4,9",Men's 60+ Singles-Quarters
1174063,280046,"6,1,9",U17 Boys' Singles
219888,1178504,"6,6,8",U15 Boys' Singles
222815,230237,"4,4,10",U15 Girls' Singles-Prelims
275037,1175139,"-4,5,6,6",U19 Boys' Singles
230237,223757,"5,8,7",U17 Girls' Singles
91031,1157449,"4,3,3",Men's Singles Hsing Family
1171292,270846,"8,10,7",U2400
71560,1180500,"7,6,-9,6",U1900 Adult
59330,9501,"7,9,-9,8",Men's Singles Hsing Family
221549,1150994,"5,3,2",U2400
50664,229635,"6,-3,7,8",Men's 40+ Singles
1182631,272975,"-9,11,-5,5,7",U1700 Junior-Prelims
81571,223040,"-8,4,12,5",U2200
271344,278846,"4,3,4",U11 Girls' Singles
256702,223150,"6,6,4",U15 Boys' Singles-Prelims
1165105,278846,"9,4,5",U1000 Junior
1171643,1175371,"8,7,10",U15 Girls' Singles
1168381,223243,"-10,9,-7,7,7",U15 Girls' Singles
271425,1178504,"4,8,7",U13 Boys' Singles
229498,222696,"7,-8,8,-2,8",U1800 Adult
1166449,97365,"10,10,11",U21 Men's Singles Hsing Family
1173760,202990,"3,4,7",U2600-Quarters
276927,82256,"7,11,9",U1800 Adult
218150,262940,"1,8,6",U1700 Adult
90115,219958,"7,8,8",Men's Singles Hsing Family
283842,270393,"5,8,-10,4",U13 Girls' Singles
220808,1173263,"2,2,8",U19 Boys' Singles
28551,276539,"4,8,-7,-8,7",U1800 Adult
264196,1178677,"9,-8,-9,7,12",U1600 Junior
27767,223775,"3,4,3",U1800 Adult
267433,1171643,"-10,7,6,11",U13 Girls' Singles
4594,57949,"7,7,5",Men's 40+ Singles-Quarters
1178096,278871,"4,7,7",U1000 Junior
1173545,1172200,"8,7,4",U1900 Junior
275037,270305,"9,6,10",U2200-Prelims
274466,279591,"3,4,4",U1300 Junior
271260,1174330,"9,8,-4,-5,7",U2400
19736,95193,"4,5,9",Men's Singles Hsing Family
1165615,1177768,"9,12,-10,5",U2000 Junior
49321,222517,"6,9,6",U1800 Adult-Prelims
1179256,279282,"-7,3,9,8",U11 Girls' Singles
94133,1181160,"8,6,7",30 & Over Men's Singles
25587,1172243,"-7,9,8,-5,7",Men's Singles Hsing Family
27767,86433,"-8,-7,6,8,8",U1900 Adult-Quarters
1173545,284007,"-9,5,8,15",U1700 Junior
275292,1174326,"7,-6,9,8",U1300 Junior
264944,274555,"2,3,6",Men's 40+ Singles
267433,222971,"10,8,-6,10",U17 Girls' Singles
222763,270083,"7,2,5",U17 Girls' Singles
229714,272224,"4,7,7",Men's Singles Hsing Family
277441,271890,"-7,14,8,7",U1500 Junior
84903,217235,"7,7,6",U21 Men's Singles Hsing Family-Prelims
222276,1171225,"7,7,7",U19 Boys' Singles
1164236,270444,"7,8,9",U15 Boys' Singles
222763,198840,"11,8,7",U17 Girls' Singles-Finals
94640,222815,"7,10,-7,-8,8",U2600-Prelims
1171668,277519,"3,7,9",U2000 Adult
256412,271583,"-8,2,8,-7,5",U2200
1171856,218837,"6,-5,3,0",U2400
276158,277491,"4,9,-5,7",U1300 Junior
218713,279282,"9,6,12",U1400 Junior
1171226,278871,"2,4,3",U1000 Junior
229498,5021,"-8,9,-8,10,8",U2200
88195,1165054,"11,8,-6,9",30 & Over Men's Singles
1165117,280607,"6,13,-10,-6,9",U1600 Adult
270194,88195,"-7,3,6,9",U2000 Adult
1168383,1180500,"4,2,7",U1700 Adult
223243,276927,"-9,-7,4,9,7",U2200
927185,271890,"13,7,2",U17 Boys' Singles
230779,80797,"8,6,8",U2200
10419,83562,"6,6,4",U2000 Adult
221166,211647,"-17,6,-4,14,4",U1800 Adult-Prelims
264662,224072,"3,5,6",U15 Boys' Singles
1174609,265134,"-6,9,5,9",U1700 Adult
1177302,270203,"8,-9,8,6",U2000 Junior
217143,280046,"3,5,9",U17 Boys' Singles
1175416,263580,"-6,6,0,14",U15 Boys' Singles
269570,1171225,"5,6,6",U2200
230779,1174063,"3,3,-3,7",U1900 Junior-Prelims
269985,268640,"-9,-9,8,12,5",U2000 Junior
1180451,1175978,"7,8,8",U1000 Adult
220808,59922,"6,5,-7,5",Men's Singles Hsing Family-Prelims
277519,1181160,"4,4,3",U1600 Adult
1173263,270709,"7,-8,9,7",U15 Boys' Singles
276162,1176556,"12,-8,8,-11,4",U1300 Junior
1185322,222064,"9,11,-3,-8,8",U1500 Adult
270905,3920,"4,6,4",U1500 Adult
79092,274994,"9,-10,7,-9,3",U2400
277526,271322,"-6,7,9,10",U1700 Junior
1178675,24961,"5,8,4",U2000 Adult
1173263,1165615,"9,5,9",U2200
268640,275877,"9,5,7",U1800 Junior-Prelims
1180983,278871,"3,1,2",U1300 Junior
1174431,221595,"3,4,11",U1700 Adult
271883,86064,"-11,5,6,10",U2200
1176627,1177173,"8,8,6",U1900 Junior
270911,37020,"5,8,5",Men's Singles Hsing Family
1171226,278872,"1,9,11",U1300 Junior
224231,1171127,"8,10,5",U21 Women Singles Hsing Family
88195,46331,"5,5,6",U1700 Adult
218713,1175146,"7,11,-10,-4,12",U1400 Junior
274328,280607,"-9,7,-8,8,8",U1400 Adult
1174611,62073,"4,4,4",U1000 Adult
34134,1175981,"6,8,5",U1600 Adult-Prelims
217235,95193,"4,9,8",Men's Singles Hsing Family
270911,271489,"10,5,6",U15 Boys' Singles
91872,49321,"-7,6,9,-11,9",U1900 Adult
223757,1171225,"6,-9,-10,6,6",U1800 Junior
215165,264013,"9,7,6",U17 Girls' Singles
222815,1165105,"3,4,4",U15 Girls' Singles
1178504,277186,"-5,5,-10,7,9",U1600 Junior
273218,1177045,"2,-7,4,9",U1600 Junior
1173263,271260,"10,8,-3,5",U19 Boys' Singles
273772,1174062,"4,6,3",U13 Boys' Singles
30199,271501,"6,6,6",Women's 40+ Singles
280491,1179256,"7,7,8",U1300 Junior
222276,217143,"9,10,12",U15 Boys' Singles-Quarters
270083,274912,"2,5,1",Women's Singles Hsing Family
220260,231514,"10,8,7",U2200
270494,284188,"8,7,6",U1300 Adult
272196,272825,"8,-6,7,6",U1700 Junior
3836,21222,"7,8,7",Men's 60+ Singles
223040,276835,"5,6,-7,8",U15 Boys' Singles
22286,219904,"-5,8,-9,6,9",U2400-Prelims
1157745,1174545,"7,-9,6,9",Men's Singles Hsing Family
97365,1150978,"10,8,-9,9",U2200
271149,276835,"9,8,5",U17 Boys' Singles
1150977,1184523,"6,4,1",U15 Boys' Singles
220824,215792,"2,4,5",U2600
84897,26027,"3,5,7",30 & Over Men's Singles
1179736,219237,"10,9,6",U2600-Prelims
1176448,276426,"-8,-16,5,9,7",U1200 Junior-Quarters
59922,1168670,"6,4,4",U2400
230805,1174063,"8,7,7",U19 Boys' Singles
280415,98257,"8,-8,9,11",U2200-Semis
217143,1174063,"6,4,6",U17 Boys' Singles
3841,1174611,"4,1,4",Men's 70+ Singles
276927,34134,"6,10,-6,10",U1600 Adult-Finals
1168382,1184533,"-8,9,6,4",U1600 Junior
219888,270887,"7,6,9",U13 Boys' Singles
231503,283878,"9,9,6",U1300 Adult
274350,220128,"4,7,-5,9",U2000 Junior
277246,275200,"3,5,8",U1700 Junior
201842,80797,"-8,6,7,-9,10",U1900 Adult
270709,279591,"6,0,6",U1600 Junior
81571,88195,"6,5,5",Men's 50+ Singles
1174322,1182631,"7,-7,-10,8,9",U1500 Junior
220237,271883,"6,4,10",U2000 Junior-Semis
280415,229635,"8,7,7",U2200
262940,1174611,"9,4,9",U1200 Adult
269570,92994,"8,5,4",U2200
1174062,1184713,"2,7,8",U1500 Junior
218713,279591,"8,7,7",U1300 Junior
1174369,1175146,"3,1,8",U1900 Junior
12948,28551,"9,7,7",Men's 40+ Singles
273260,1180148,"5,3,7",U1600 Junior
18298,218830,"5,3,6",Men's Singles Hsing Family
1157453,20075,"6,7,9",Men's 65+ Singles
28551,269440,"9,8,-12,13",Men's Singles Hsing Family
5442,5021,"-9,9,6,4",Men's 50+ Singles
32870,30833,"5,6,6",Women's 65+ Singles
220128,1182438,"8,0,3",U1700 Junior
268150,1181160,"4,-8,9,8",U1200 Adult-Finals
76235,198840,"7,8,-5,4",Women's Singles Hsing Family-Prelims
85544,270494,"12,-9,9,6",U1700 Adult
256702,1172399,"11,4,9",U17 Boys' Singles
1170374,273762,"12,-9,4,7",U2000 Junior-Prelims
218158,24961,"7,3,4",Men's 65+ Singles
1170751,271889,"10,5,0",U2000 Junior
1178675,283841,"2,4,10",U1600 Adult
272737,1177767,"6,7,-15,5",U1700 Junior
219237,277242,"9,9,9",U17 Boys' Singles
273762,275877,"6,-9,6,11",U1900 Junior
220808,1172851,"5,2,2",U19 Boys' Singles-Prelims
264196,274466,"4,12,-8,9",U1500 Junior-Quarters
1168383,276539,"9,-7,-4,8,7",U1700 Adult
32870,275303,"2,4,3",Women's 70+ Singles
220298,95653,"7,8,7",U2600
265238,270444,"9,-8,5,-5,8",U2000 Junior
30199,85544,"3,3,6",Women's 50+ Singles-Semis
271500,1180174,"9,11,4",U1000 Adult
223775,1185322,"6,5,10",U1800 Adult
95193,1172699,"8,-3,-8,8,9",U1800 Adult
1176700,270832,"-7,-8,9,8,11",U1500 Junior
16465,79101,"8,6,-10,1",Men's 40+ Singles-Prelims
230237,1174322,"6,10,1",U15 Girls' Singles
1178504,271890,"7,8,9",U13 Boys' Singles
273085,280046,"5,6,11",U1800 Junior-Prelims
61392,83562,"1,3,5",Men's 50+ Singles
280415,268620,"4,8,6",U19 Boys' Singles
91612,1157449,"9,6,3",U1000 Adult
1165117,33931,"-7,10,10,-8,5",U1300 Adult-Semis
1179256,1184533,"-9,8,4,3",U1500 Junior
275929,91612,"6,6,-8,10",U1500 Adult
1171668,275739,"8,4,6",U1900 Adult-Prelims
276927,283252,"8,-8,10,-7,7",U1600 Adult-Semis
274995,278846,"7,5,1",U1200 Junior
270393,1179780,"6,10,7",U15 Girls' Singles
98041,1131757,"6,-9,4,9",U2200
218158,1169913,"6,-8,5,-9,4",U1800 Adult
220298,82025,"8,8,7",U2400-Prelims
1172399,270393,"3,12,-11,4",U1900 Junior
1177173,1184523,"7,8,6",U1600 Junior
270494,274328,"9,11,7",U1600 Adult
1174431,83562,"7,8,6",U1600 Adult
94028,1164236,"-9,7,9,9",U2600
1167093,1165461,"8,-8,6,-9,5",U1800 Adult
1174330,277839,"5,-2,5,9",U11 Boys' Singles
1173259,279471,"5,10,7",Men's Singles Hsing Family
269440,1176556,"7,2,2",U15 Boys' Singles
12948,3836,"6,2,7",Men's 50+ Singles-Prelims
231503,1173092,"3,5,4",U1500 Adult
1150995,1169772,"3,3,8",U19 Boys' Singles
265648,1171466,"4,5,4",U19 Boys' Singles
1166449,91267,"8,3,6",U17 Boys' Singles
92943,74947,"-6,6,12,8",U2200-Prelims
1171127,270846,"7,10,7",U11 Girls' Singles-Finals
1132007,270836,"6,5,7",U2000 Junior
8005,217364,"-7,12,5,4",Men's 65+ Singles
197388,220298,"-12,-8,9,6,12",U2400-Quarters
1175371,270437,"7,2,-5,5",U2200
221992,46331,"4,2,4",U1400 Adult
218837,31436,"5,8,6",U2400
1173994,230139,"8,5,7",U1500 Junior
1175782,264196,"9,8,6",U1500 Junior-Finals
21222,1174431,"11,8,10",Men's 65+ Singles
274466,1179779,"-12,4,7,4",U1300 Junior-Prelims
1166449,25344,"7,11,6",U2200-Prelims
223150,275694,"-5,5,-13,9,10",U2400
270444,1184533,"2,6,3",U15 Boys' Singles
230237,1170842,"3,6,6",Women's Singles Hsing Family
280414,271149,"11,6,5",U15 Boys' Singles-Prelims
217235,221549,"5,9,6",U15 Boys' Singles-Prelims
92990,1180500,"6,6,4",U1700 Adult
264944,283839,"3,4,3",30 & Over Men's Singles
1165054,274555,"7,10,5",U1700 Adult
1174611,1182428,"7,-7,-6,9,2",U1000 Adult
276426,278872,"7,2,1",U1200 Junior
274350,272224,"5,-9,8,7",U13 Boys' Singles
264897,273762,"7,-6,-10,10,12",U11 Boys' Singles
274995,1176556,"-8,8,9,-8,6",U1200 Junior-Prelims
98155,1176242,"4,8,1",U19 Girls' Singles
3727,274555,"0,5,6",U1900 Adult
89837,93758,"-18,2,5,1",U19 Boys' Singles-Quarters
96732,229498,"11,5,5",U2200
5724,283929,"5,7,4",Men's 75+ Singles
270851,284007,"7,9,6",U2000 Junior
98155,269985,"5,5,9",Women's Singles Hsing Family
1171466,269408,"-11,-5,5,6,4",U2400
221166,14730,"8,-4,8,-4,8",U1900 Adult-Prelims
264662,270305,"6,1,10",U15 Boys' Singles
1150995,219191,"6,7,11",U15 Boys' Singles-Prelims
1150995,1166449,"5,7,6",U17 Boys' Singles
275739,46331,"2,5,5",U1700 Adult
8429,13411,"7,6,10",Men's 70+ Singles
1176550,1180947,"11,11,3",U1600 Junior
219210,271344,"9,5,7",U13 Girls' Singles
268640,270710,"2,5,8",U1800 Junior
1181160,1177832,"6,4,-8,10",U1400 Adult
275877,271489,"10,6,7",U2000 Junior
270851,1168516,"9,-9,5,13",U2000 Junior-Prelims
1182632,271344,"-10,3,2,-11,6",U1900 Junior
276193,70273,"6,12,8",U1700 Adult
1178071,94028,"5,3,4",U2600-Prelims
57949,94133,"6,9,8",30 & Over Men's Singles
1182632,279591,"4,4,4",U1800 Junior
215307,280414,"3,2,-9,3",U19 Boys' Singles
90115,9501,"9,-3,5,8",30 & Over Men's Singles
279803,1176555,"3,7,8",U1300 Junior
273260,1176700,"9,9,-11,7",U1600 Junior
270991,273772,"7,5,-11,7",U1900 Junior
283252,83562,"6,5,9",U1600 Adult
1178555,1173994,"-7,3,12,-5,10",U1400 Junior
220824,1175371,"8,8,7",Women's Singles Hsing Family
202029,230139,"3,5,5",U17 Boys' Singles
10533,86586,"4,-8,7,-6,4",Men's 50+ Singles
1173259,1178675,"4,-11,6,7",U2200
222815,270725,"5,2,2",U17 Girls' Singles
1172851,223243,"5,7,-8,6",U2400
270837,275657,"5,-9,7,10",U2000 Junior
77033,93102,"5,7,8",30 & Over Men's Singles-Quarters
284007,263580,"8,-6,8,11",U1600 Junior
222276,269570,"6,11,7",U2400
1171226,1173994,"8,7,6",U1000 Junior
81774,217130,"7,8,12",U2600-Prelims
18298,275694,"8,9,6",U2200
1182438,230139,"8,7,8",U1500 Junior
221166,278584,"11,7,5",U2200
271883,1184523,"4,5,3",U13 Boys' Singles
5021,13411,"-4,-10,9,4,8",U1800 Adult
220808,271260,"10,5,7",U19 Boys' Singles
201842,13411,"-10,5,5,-7,9",U1700 Adult
223040,1176555,"3,7,8",U1800 Junior
11877,220237,"8,7,5",U2200-Prelims
98262,1175146,"2,1,3",U19 Boys' Singles
79101,229635,"4,2,2",Men's 50+ Singles
268150,280607,"7,8,3",U1200 Adult-Semis
275037,1165422,"12,9,-7,6",U17 Boys' Singles
270404,284188,"2,1,2",Women's 50+ Singles
92990,283841,"9,8,-10,-9,13",U1500 Adult
269985,270393,"7,-9,7,7",U2000 Junior
1173728,1176555,"8,1,-7,7",U1800 Junior
265134,19484,"8,9,6",30 & Over Men's Singles
264897,10393,"-8,6,-9,4,9",U2200
1180983,1176448,"7,10,5",U1300 Junior-Finals
1168670,274555,"-6,9,4,6",U1700 Adult
274913,279282,"-7,-7,7,6,5",U1300 Junior
270991,271344,"9,6,3",U1800 Junior-Prelims
1178555,277742,"5,3,4",U1000 Junior-Quarters
98262,220808,"-3,10,8,-4,6",U19 Boys' Singles-Finals
1171107,270900,"10,4,-7,8",U15 Boys' Singles
95653,276539,"5,-6,5,3",U1900 Adult
54175,284225,"2,0,6",Women's 60+ Singles
271322,275292,"7,2,5",U1600 Junior
280415,279170,"-8,2,11,5",U17 Boys' Singles
1170374,272737,"7,-9,8,-8,7",U2000 Junior
256702,269440,"2,4,6",U13 Boys' Singles
3727,61392,"-7,8,4,6",U1900 Adult
25344,1165054,"5,2,4",30 & Over Men's Singles
1178677,1184713,"9,8,6",U13 Girls' Singles
1131757,272224,"10,8,-7,6",U2200
220237,280046,"6,4,9",U2000 Junior
211821,272224,"8,7,5",U21 Men's Singles Hsing Family
1169576,274912,"2,3,4",U19 Girls' Singles
26027,24961,"5,3,2",U2200
280046,277441,"12,-4,9,-7,12",U1800 Junior
270305,1170609,"-8,-10,3,9,11",U13 Boys' Singles
1182632,1175146,"7,1,-6,7",U15 Boys' Singles
222276,264662,"5,7,3",U2400-Prelims
30199,1172775,"2,3,4",Women's 50+ Singles
218150,12141,"-5,6,8,-9,9",U1600 Adult
1166449,272224,"-9,5,5,-4,9",U2200
218837,98041,"10,-8,4,12",U2400
91612,46331,"7,5,9",U1400 Adult
280046,270832,"9,-6,10,8",U1800 Junior
283841,221992,"10,7,11",U1600 Adult
270900,274466,"7,8,-7,9",U15 Boys' Singles
37020,1178073,"1,3,3",Men's Singles Hsing Family
93758,217130,"5,-9,6,7",U17 Boys' Singles-Semis
1170443,277526,"5,8,9",U1700 Junior-Prelims
1168383,1157449,"1,7,5",U1400 Adult
229714,284008,"6,5,9",U2200
223729,282830,"6,8,6",U1200 Adult
219237,203221,"4,13,6",U2400
270393,1178677,"1,4,2",U1800 Junior
16465,20075,"3,14,7",Men's 40+ Singles
1171941,264013,"6,10,8",U2600
269985,277491,"1,3,5",U13 Girls' Singles
273132,275290,"5,6,6",U1300 Junior-Prelims
222763,224135,"9,9,-13,5",U21 Women Singles Hsing Family-Prelims
8429,80797,"10,2,9",Men's 65+ Singles
1176555,274683,"8,8,9",U1700 Junior
89217,92550,"9,-9,7,5,11",Women's Singles Hsing Family-Quarters
264897,1177173,"6,6,8",U15 Boys' Singles
276426,1179018,"-7,9,7,10",U1300 Junior
996,1165461,"9,7,-7,5",U1800 Adult
264013,1179780,"6,5,4",U19 Girls' Singles
1170751,230139,"6,8,5",U15 Boys' Singles
275947,1165105,"8,7,-7,7",U1300 Junior
94028,270437,"11,6,5",Men's Singles Hsing Family
1178071,4594,"7,6,9",U2600-Prelims
274466,218713,"7,-8,4,-10,2",U1300 Junior
231177,1177767,"-6,2,3,3",U1900 Junior
270083,231177,"6,7,5",U19 Girls' Singles
1182632,270710,"4,4,2",U11 Boys' Singles
1165117,229780,"7,7,7",U1400 Adult
274994,220824,"8,10,8",U2600
98041,31436,"8,-9,4,9",U2400
268150,272608,"6,12,9",U1200 Adult
89338,82025,"8,7,5",Men's Singles Hsing Family-Prelims
89837,1170609,"5,2,5",Men's Singles Hsing Family
91872,1177832,"6,-8,-10,6,6",U2000 Adult
268150,277518,"2,8,8",U1500 Adult
55345,8005,"6,9,6",Men's 65+ Singles-Semis
202029,1171466,"5,1,-8,6",Men's Singles Hsing Family
222815,1172243,"8,4,7",U2600
203231,85545,"-8,9,-4,9,9",U1900 Adult
1184523,273132,"2,6,11",U1500 Junior-Prelims
1169913,268150,"-9,9,9,8",U1600 Adult-Quarters
271425,272737,"7,6,7",U1900 Junior
270709,275200,"4,4,3",U1700 Junior
30198,57949,"7,-9,-3,6,7",Men's Singles Hsing Family
12948,274555,"4,11,1",Men's 50+ Singles
270887,198570,"8,5,8",U2400
218158,80797,"-5,-7,8,7,4",U1800 Adult-Prelims
1178675,283839,"8,9,6",U1800 Adult
220824,1175638,"2,5,3",U2200
1171668,217519,"9,3,5",Men's 50+ Singles
280414,211820,"-12,7,12,3",U2600
271344,1174318,"-8,5,9,9",U1800 Junior
269965,274912,"1,3,4",U17 Girls' Singles
93758,276835,"3,0,4",U19 Boys' Singles
270887,276835,"9,4,7",U13 Boys' Singles
92990,282830,"1,4,8",Women's 60+ Singles
273132,1182438,"10,7,-5,7",U1700 Junior
203187,1170759,"6,8,-7,3",U19 Girls' Singles
270393,274683,"7,2,3",U1800 Junior
231177,223243,"-9,9,9,-5,8",U17 Girls' Singles
270911,221549,"10,6,7",U13 Boys' Singles-Prelims
276162,1180141,"7,10,6",U1000 Junior
1168516,275694,"10,4,2",U2000 Junior
215307,1165054,"3,6,3",Men's Singles Hsing Family
280491,1182438,"-10,11,6,4",U1300 Junior
80797,87881,"7,2,2",Men's 75+ Singles
270991,1174062,"9,7,2",U1800 Junior
1174545,275200,"4,5,4",U15 Boys' Singles
219210,231177,"3,11,8",U17 Girls' Singles
76819,71260,"7,4,10",Men's 70+ Singles
264276,229850,"7,6,7",Men's Singles Hsing Family
198570,80797,"2,20,8",Men's 60+ Singles
264196,279282,"8,7,9",U1600 Junior
25344,88195,"6,3,7",30 & Over Men's Singles
275292,275200,"-13,7,6,7",U11 Boys' Singles
270437,1173545,"9,-8,12,-6,9",U1900 Junior
256702,271583,"6,-7,8,9",U17 Boys' Singles
37020,1181699,"3,4,4",30 & Over Men's Singles
1184523,271322,"-6,7,7,-8,7",U13 Boys' Singles
217235,268620,"9,7,6",Men's Singles Hsing Family
201842,1185321,"-7,7,10,5",U1700 Adult
222763,269985,"8,6,6",U15 Girls' Singles
22286,256412,"3,-7,7,7",U2400
10533,45824,"7,12,9",Men's 60+ Singles-Quarters
1166449,1172851,"8,4,6",U2400
269985,40278,"6,10,-9,11",U2200
3836,223775,"1,2,5",Men's 60+ Singles
1169576,275657,"5,5,5",U13 Girls' Singles
1172851,264013,"4,2,-10,11",U2200
1166449,1171466,"6,6,8",U2200-Prelims
220128,273132,"6,20,-8,-9,4",U1700 Junior
74947,201842,"2,3,6",U2000 Adult
284007,1176700,"9,9,-7,7",U1700 Junior
91031,81571,"4,4,7",Men's Singles Hsing Family
275694,1150978,"-6,7,7,10",U1900 Junior-Prelims
276927,1181699,"5,2,9",U1500 Adult
265648,231514,"3,7,5",U17 Boys' Singles
81571,229498,"7,-5,7,8",U2000 Adult
80797,270494,"8,-7,-4,7,9",U1700 Adult
275657,278846,"5,7,-11,4",U1500 Junior
221340,224231,"10,9,-4,11",U15 Girls' Singles-Prelims
82232,218837,"6,3,7",Women's Singles Hsing Family-Prelims
1174318,1178504,"4,8,5",U15 Boys' Singles
274466,279916,"2,6,2",U1300 Junior
202029,98266,"7,1,14",U19 Boys' Singles-Prelims
198840,222971,"-5,7,-8,7,6",U17 Girls' Singles-Semis
272737,1174326,"-10,9,5,7",U1700 Junior
1165461,19484,"9,-5,5,9",U1800 Adult
1171226,230139,"7,9,11",U1300 Junior
98262,1173539,"10,-14,4,12",U2600-Prelims
219347,1175416,"9,9,-9,8",U2200
276927,283878,"5,7,7",U1500 Adult
215792,32895,"9,13,-8,7",U2200
1171856,264897,"5,6,10",U11 Boys' Singles-Quarters
10393,42342,"8,2,5",U1900 Adult
270905,29853,"11,5,-9,4",U1600 Adult
1174609,280607,"5,4,3",U1700 Adult
1170443,1176448,"4,5,5",U1700 Junior
211982,82768,"9,-8,-7,11,7",U21 Men's Singles Hsing Family-Quarters
81774,215792,"7,1,5",U2600
1174062,1173129,"-9,9,8,9",U1900 Junior
277246,279282,"3,2,8",U1600 Junior
202029,280415,"4,6,2",U17 Boys' Singles-Prelims
222517,1165461,"1,3,9",30 & Over Men's Singles
219347,30198,"7,6,6",U2200-Prelims
271344,277491,"5,5,3",U11 Girls' Singles
82256,221595,"4,8,1",U1700 Adult
1150977,1171225,"-11,11,8,6",U2000 Junior
19736,82256,"3,3,4",30 & Over Men's Singles
98273,223480,"-7,4,8,-9,5",U2200
1174461,1182631,"9,9,13",U2000 Junior
219210,218837,"5,5,-8,-5,7",U17 Girls' Singles
217235,86064,"4,7,8",U2600
218830,272975,"11,4,3",U17 Boys' Singles
256702,1174063,"-11,5,2,4",U15 Boys' Singles
1179779,271875,"8,7,6",U1500 Junior
80797,283839,"3,7,-11,7",U1600 Adult
92994,85793,"-8,7,7,9",U2400
1175637,1175891,"6,6,6",U1600 Adult
277519,83562,"9,1,6",U1800 Adult
269745,1180947,"2,4,10",U2000 Junior
269440,274622,"6,4,5",U2000 Junior
27767,49321,"11,-9,6,6",U1800 Adult-Quarters
218713,274995,"7,4,7",U1400 Junior
59922,1178073,"7,0,2",30 & Over Men's Singles
272737,1176556,"-9,3,9,5",U1800 Junior
270393,1176556,"4,-9,6,4",U1700 Junior
1165117,272548,"10,5,10",U1300 Adult
271890,1176700,"5,11,8",U1700 Junior
1184523,1171867,"-1,9,-9,8,9",U1900 Junior
1184533,279591,"12,7,3",U1600 Junior
219210,274683,"4,5,2",U13 Girls' Singles
218158,5724,"13,7,4",Men's 65+ Singles
80797,1177832,"0,11,-6,6",U1600 Adult
198840,219210,"-9,-9,9,5,9",Women's Singles Hsing Family-Prelims
270194,1175637,"5,7,6",U1700 Adult
1169913,29853,"8,10,3",U1700 Adult
272548,12141,"-9,7,8,9",U1600 Adult
231177,273260,"11,7,8",U2000 Junior
215165,270393,"8,4,1",U15 Girls' Singles
1179018,271860,"7,6,1",U1200 Junior
27767,1185322,"3,3,1",U1800 Adult
264196,276426,"9,5,4",U1400 Junior
202990,88195,"6,3,7",Men's Singles Hsing Family
1168381,220298,"9,-7,13,-8,8",U19 Girls' Singles
1173263,275965,"8,3,4",U2400
20719,1175981,"4,6,9",U1900 Adult
265648,27767,"9,-6,7,9",U2400
219405,1170374,"9,12,10",U2200
271883,273411,"9,-7,10,4",U2000 Junior
1182632,1170751,"-9,12,9,-9,2",U11 Boys' Singles-Prelims
271260,215792,"3,6,10",U2200
276426,1180141,"8,3,0",U1000 Junior
94028,219347,"8,-8,8,3",U17 Boys' Singles
276520,275200,"6,3,4",U1500 Junior
79092,50664,"9,4,7",30 & Over Men's Singles
276158,280491,"8,10,-10,7",U1500 Junior
1176550,1179779,"-12,9,4,2",U1800 Junior
1174326,277246,"5,8,7",U1400 Junior
9501,269822,"-7,11,-7,7,8",U2200
1164236,92994,"5,11,4",U2400
220237,269985,"8,10,-6,-7,9",U2000 Junior-Prelims
1175782,275101,"9,5,7",U1500 Junior
1174322,275101,"-7,2,8,7",U1600 Junior
927185,274350,"8,6,-11,3",U2000 Junior-Prelims
273085,272975,"6,-12,8,-9,6",U1800 Junior
270991,1182438,"4,8,4",U1900 Junior
1171466,230779,"-9,10,7,5",U2200
1182632,271876,"4,-9,5,10",U1800 Junior
217130,92994,"7,3,8",U2600
220260,1180500,"1,5,5",U1900 Adult
217143,270911,"9,-7,-7,7,11",U15 Boys' Singles-Prelims
1172851,270444,"8,8,8",Men's Singles Hsing Family
22286,14730,"-8,6,4,-9,4",Men's 40+ Singles
74947,1165422,"-17,9,7,-10,6",U2200-Prelims
10533,284008,"5,4,8",U2200
273132,283868,"3,3,5",U1600 Junior
94609,82768,"9,-10,6,10",Men's Singles Hsing Family-Prelims
1176550,273218,"9,-8,4,10",U1600 Junior-Prelims
277186,1178555,"-7,7,-8,5,3",U1200 Junior
198570,6713,"5,-2,6,-5,2",Men's 50+ Singles-Prelims
223150,270305,"5,10,3",U19 Boys' Singles
3836,17161,"-7,12,7,-6,11",Men's 50+ Singles
1178555,279282,"9,7,5",U1000 Junior
76235,1132365,"6,10,12,3",Women's Singles Hsing Family-Quarters
270900,264944,"5,-6,-11,11,9",U2200
222815,1157628,"8,7,8",U17 Girls' Singles
220260,71560,"6,9,5",U1900 Adult
211647,1172476,"14,8,5",U1700 Adult
1177768,270393,"7,10,-5,9",U1800 Junior-Prelims
218713,1182438,"6,-8,7,7",U1400 Junior-Prelims
203187,79603,"-9,4,6,1",Women's Singles Hsing Family
222696,275739,"6,13,-7,5",U1700 Adult
214471,264196,"6,6,8",U1800 Junior
275965,1173728,"9,4,10",U1800 Junior
1174369,274913,"5,6,4",U11 Boys' Singles
270710,1132453,"7,4,10",U1600 Junior
215306,1175638,"2,5,4",U2600
279803,275101,"5,3,9",U1000 Junior
202990,14987,"8,-9,5,7",Men's Singles Hsing Family
219347,219958,"9,6,6",U17 Boys' Singles
1178677,1172006,"5,8,1",U1200 Junior
1169576,1176242,"1,2,4",U2200
284007,223040,"-9,-6,6,9,6",U2000 Junior
280414,270991,"1,3,5",U15 Boys' Singles
1172476,1167093,"7,8,-6,-3,7",U1700 Adult
54175,1172775,"1,3,5",Women's 65+ Singles
264543,95193,"11,8,7",U2000 Adult
266075,263580,"5,-9,12,8",U1600 Junior
1167093,19484,"7,6,2",U1800 Adult
88195,275739,"9,5,-4,-6,6",U1700 Adult
1176550,275947,"1,8,-8,6",U1700 Junior
1177302,1177173,"-10,4,-11,7,2",U1700 Junior
110466,83686,"2,6,6",Men's 40+ Singles
19736,264276,"7,6,6",U2400
212114,220824,"-11,1,7,6",U17 Girls' Singles
1178073,1175978,"4,7,-5,2",U1200 Adult
1165422,269985,"-6,15,8,-8,6",U2200
231177,1150978,"8,2,-7,5",U2000 Junior
5021,83562,"10,5,6",U2000 Adult
221166,1182746,"9,8,11",U2000 Adult-Quarters
270494,1174611,"8,5,4",U1200 Adult
275877,277441,"1,12,8",U1900 Junior
1182746,27767,"8,12,8",U2000 Adult-Prelims
13020,8429,"5,10,7",Men's 70+ Singles-Finals
1170609,271889,"7,8,8",U13 Boys' Singles
256702,1168516,"-11,6,-9,5,11",U15 Boys' Singles
79092,1171107,"9,7,3",U2400
220298,1174330,"4,6,11",U2400
1165422,40278,"-9,-11,4,5,2",U2200
1170443,270393,"-11,6,6,5",U1700 Junior-Semis
274683,274622,"-12,-6,7,9,12",U1500 Junior
271344,271322,"7,-8,8,9",U1900 Junior
224072,270437,"-9,-11,5,2,9",U1900 Junior-Prelims
31436,198570,"3,-1,-12,8,10",U2600
223729,1182428,"9,7,-5,9",U1000 Adult
201842,1185322,"7,2,7",U1400 Adult
271425,277242,"4,9,6",U1800 Junior
202029,222276,"7,7,-8,-5,8",U19 Boys' Singles-Quarters
1168516,271149,"-11,7,8,9",U17 Boys' Singles
84904,197388,"3,9,8",Men's Singles Hsing Family-Prelims
264276,10419,"4,-10,7,7",U2400
1177782,277186,"6,-10,7,6",U1200 Junior
222763,1168381,"3,7,7",U19 Girls' Singles-Prelims
271322,1180947,"4,8,6",U1700 Junior
284216,264944,"9,6,-10,-10,11",U2200
1157745,277242,"5,3,5",U17 Boys' Singles
224231,212114,"8,6,-9,9",U17 Girls' Singles
270709,278584,"5,-5,-5,10,7",U1900 Junior
269822,211647,"-7,4,6,12",U2000 Adult
1177768,270709,"7,-8,9,6",U1800 Junior
273646,270846,"6,7,-15,7",U2400
217519,272196,"-5,9,6,14",U2200
4594,17161,"5,6,2",Men's 40+ Singles
22286,40278,"9,2,10",Men's 50+ Singles
1185322,1178073,"9,-9,9,7",U1400 Adult
1174318,1179018,"3,5,3",U1600 Junior
223480,1170609,"-4,8,10,6",U21 Men's Singles Hsing Family
74947,1131757,"5,-6,2,-7,7",U2000 Adult-Prelims
1178555,230139,"9,-9,5,-9,8",U1300 Junior
211903,1178675,"-7,6,5,-5,4",U1700 Adult-Prelims
1177173,275290,"6,6,6",U1900 Junior
198840,215165,"7,7,-3,7",U17 Girls' Singles-Prelims
266075,1184533,"7,3,7",U1500 Junior
1173539,1171466,"2,10,1",U2600
274994,270305,"5,5,-9,3",U13 Boys' Singles-Prelims
1169772,277359,"3,4,-6,5",Para Class 6-7
270991,1171225,"6,8,-4,7",U2000 Junior
275037,269745,"8,8,-8,9",U15 Boys' Singles
265238,231514,"6,6,4",U15 Boys' Singles
211982,217130,"-11,-6,5,9,2",U21 Men's Singles Hsing Family-Prelims
1185043,1168670,"5,6,7",U2000 Adult
1172699,272422,"13,-6,10,9",U1700 Adult-Quarters
276162,270710,"10,-9,9,-7,7",U1200 Junior-Finals
80241,94028,"-14,7,-8,9,9",Men's Singles Hsing Family
95193,1178675,"5,-6,-9,6,9",U1800 Adult
1171107,1174369,"4,8,5",U13 Boys' Singles
94028,1174545,"5,6,3",U19 Boys' Singles
275290,1132453,"6,4,8",U1300 Junior
1165105,275292,"-7,5,7,10",U1500 Junior
20719,85544,"7,2,2",U1800 Adult
273218,271860,"7,5,11",U1600 Junior
202029,223150,"8,-8,5,8",U19 Boys' Singles
230237,224231,"-10,11,7,8",U21 Women Singles Hsing Family
1165421,271149,"7,5,9",U13 Boys' Singles-Prelims
59330,222696,"10,4,10",30 & Over Men's Singles
270203,1176555,"7,4,3",U1600 Junior
275290,275101,"2,3,4",U1300 Junior
218830,1179255,"-9,7,5,-6,11",U19 Boys' Singles
1170443,1174062,"5,5,4",U2000 Junior
1168383,1184629,"9,4,8",U1400 Adult
277441,271889,"5,2,-6,-9,9",U1600 Junior
1177767,219191,"8,6,-6,9",U17 Boys' Singles
1177302,274622,"6,8,4",U1800 Junior
80241,1174461,"5,-10,5,2",U2600
211820,1177767,"6,4,2",U17 Boys' Singles
1170759,275694,"5,10,5",U15 Girls' Singles
201842,1184629,"2,5,2",U1500 Adult
1184523,273772,"-4,12,3,3",U1500 Junior-Quarters
280607,91612,"-7,9,8,5",U1200 Adult
277839,1173728,"1,4,6",U1700 Junior
221939,1175146,"4,7,7",U19 Boys' Singles
275037,271890,"7,9,0",U15 Boys' Singles
271322,270710,"4,4,8",U1800 Junior
270305,5021,"-5,10,9,2",U2200
1182438,1179256,"7,6,3",U1300 Junior
1176555,279803,"6,6,2",U1400 Junior
8146,80797,"-9,-8,10,10,6",Men's 75+ Singles
1175782,277526,"6,9,10",U1600 Junior-Prelims
275947,279591,"8,-9,8,5",U1200 Junior
4594,1171668,"1,8,9",Men's 50+ Singles
267363,61392,"10,7,-6,6",U2000 Adult
272975,218713,"10,4,8",U1700 Junior
27767,218158,"3,4,9",U2000 Adult
274995,1179256,"5,10,2",U1300 Junior
217532,220824,"4,8,7",Women's Singles Hsing Family
219347,1170609,"1,6,7",U19 Boys' Singles
202990,270305,"4,6,11",U17 Boys' Singles
219888,81571,"9,9,7",U2200
79092,269408,"2,2,4",30 & Over Men's Singles
276927,1175637,"2,3,6",U1600 Adult
230237,203187,"7,9,10",U17 Girls' Singles
273085,270991,"8,4,-9,5",U1800 Junior-Semis
220128,1178563,"9,3,1",U1600 Junior
266395,1176556,"5,6,8",U15 Boys' Singles
270900,1178504,"8,8,7",U2000 Junior
1169913,270905,"8,8,7",U1600 Adult-Prelims
10533,265648,"7,11,-7,10",U2200-Prelims
276193,3920,"6,4,5",U1700 Adult
271489,273772,"7,6,9",U15 Boys' Singles
1179736,80241,"6,7,8",U2600-Prelims
37020,3841,"6,9,10",U2000 Adult
1132365,270083,"11,8,8",Women's Singles Hsing Family-Prelims
1176627,274913,"3,-13,4,7",U13 Boys' Singles
203231,277519,"-9,-12,9,7,8",U2000 Adult
277839,1165105,"-13,7,8,8",U1000 Junior-Quarters
1171127,275657,"1,5,7",U11 Girls' Singles
95653,1165615,"-4,-6,6,4,6",U2400
20075,277518,"3,13,5",U1800 Adult
54175,46331,"1,3,2",Women's 50+ Singles
274350,274683,"-9,-4,4,6,6",U2000 Junior
224135,264013,"4,3,3",Women's Singles Hsing Family
1132007,266395,"-8,-5,5,5,7",U2000 Junior-Prelims
224135,1169576,"10,-4,12,9",U17 Girls' Singles
229780,60268,"8,6,15",U1300 Adult
1166449,223243,"8,7,6",U2400
30199,284188,"7,3,7",30 & Over Women's Singles
93102,19736,"5,10,7",30 & Over Men's Singles-Prelims
211820,219191,"11,12,9",U17 Boys' Singles
82025,198570,"-3,7,7,7",U2600
198570,19484,"6,4,4",30 & Over Men's Singles
20101,284002,"7,2,4",Men's 70+ Singles
275965,277246,"-9,7,9,5",U1900 Junior
219210,223243,"1,5,4",U17 Girls' Singles
8429,1174431,"4,3,4",Men's 60+ Singles
272737,37020,"-7,10,8,-10,7",U2200
197388,1165615,"8,9,4",U2400
1173545,98273,"-7,5,8,7",U2200
56456,71560,"1,2,6",30 & Over Men's Singles
1174545,270832,"5,7,5",U13 Boys' Singles
277359,91612,"3,7,8",U1400 Adult
1178675,220260,"5,9,-9,-9,9",U1900 Adult-Quarters
272224,1178563,"2,6,9",U13 Boys' Singles
268640,1176771,"4,2,7",U1900 Junior
270710,1178555,"4,6,-9,9",U1300 Junior-Prelims
1174063,1176556,"10,-11,10,5",U1800 Junior
77033,96732,"6,7,4",Men's Singles Hsing Family
83686,88195,"4,8,6",30 & Over Men's Singles
13411,1185321,"10,7,7",U1700 Adult
33931,284188,"3,0,5",U1300 Adult
94640,1173259,"6,4,1",Men's Singles Hsing Family
264897,1180141,"4,3,3",U11 Boys' Singles
215306,212806,"7,7,9",U17 Boys' Singles-Prelims
272422,83562,"3,5,5",U1800 Adult
230805,264276,"-11,2,8,7",U19 Boys' Singles
92990,1182089,"2,7,3",Women's 60+ Singles
273132,1179018,"-7,10,-9,4,3",U1600 Junior
270990,1184714,"8,8,-9,4",U1300 Adult
271322,271890,"6,5,11",U1600 Junior
82768,223480,"2,5,2",U2600
224135,275694,"3,-7,4,7",U19 Girls' Singles
1165421,270887,"14,10,4",U15 Boys' Singles
276193,1175891,"2,10,2",U1200 Adult
268620,274622,"1,9,1",U15 Boys' Singles
20075,1168383,"10,15,10",U2000 Adult
229714,264276,"7,-7,6,7",U19 Boys' Singles
229780,1173092,"9,6,6",U1400 Adult
91031,98262,"6,6,9",U21 Men's Singles Hsing Family-Quarters
273218,279282,"3,8,5",U1500 Junior
1176627,230139,"1,4,8",U15 Boys' Singles
203187,223757,"5,5,3",U17 Girls' Singles
217143,219405,"8,5,9",U17 Boys' Singles
1178675,201842,"6,5,4",U1700 Adult
276927,1168383,"11,9,-6,5",U1600 Adult-Prelims
270905,1169913,"11,9,4",U1900 Adult
224231,219405,"5,-11,9,5",U2200-Prelims
217130,87893,"6,-9,5,6",U2400
1169913,264741,"4,3,9",U1600 Adult
281823,262940,"-10,-9,11,7,9",U1500 Adult
275824,268150,"4,2,6",U1500 Adult-Prelims
264543,1185043,"6,7,6",U1900 Adult
1174369,283868,"1,4,4",U11 Boys' Singles
264196,276426,"8,9,2",U1500 Junior-Prelims
219904,1157745,"6,7,8",U2400
223757,276158,"7,9,-7,4",U1600 Junior
276158,1132453,"3,1,6",U1200 Junior
271425,1177767,"7,6,8",U1800 Junior
211647,82256,"6,4,4",U2000 Adult
1177767,1174326,"8,-10,-6,6,6",U1700 Junior
222276,1175416,"6,5,9",U17 Boys' Singles
262940,282199,"7,9,7",U1200 Adult
1179255,1168382,"-8,8,7,-8,8",U1900 Junior
279916,277491,"10,4,3",U1200 Junior
1168382,1171867,"5,7,-4,6",U1900 Junior
89837,273132,"5,2,4",U19 Boys' Singles
275824,88195,"8,-7,10,7",U1500 Adult-Semis
264662,275292,"5,6,12",U13 Boys' Singles
1131757,283841,"5,5,8",U1900 Adult
1176550,273132,"6,6,6",U2000 Junior
94028,1175416,"3,9,5",U2400
1168670,280607,"1,-9,8,9",U1600 Adult
271876,275200,"4,4,4",U1700 Junior
82232,281942,"7,-9,1,6,3",Women's Singles Hsing Family-Quarters
273218,1176550,"6,7,2",U1500 Junior-Prelims
54175,25125,"5,5,2",Women's 70+ Singles
1172476,3841,"10,-5,7,8",U2000 Adult
272975,1178504,"10,8,5",U1800 Junior
93102,1181699,"2,4,3",30 & Over Men's Singles
1178675,218150,"9,6,3",U1900 Adult
231598,277359,"-6,4,9,-4,9",U1300 Adult
27885,1178073,"-6,-10,7,9,8",U1600 Adult
212114,1170842,"3,3,0",Women's Singles Hsing Family
1171856,1173129,"4,6,6",U2200
94469,276539,"2,5,6",Men's 40+ Singles
223150,31436,"-8,5,9,9",U2200
1173263,277242,"5,9,4",U15 Boys' Singles
95193,83562,"5,7,4",U1900 Adult
263580,271876,"8,-8,-4,8,5",U1600 Junior
25125,275303,"2,3,4",Women's 70+ Singles
1165422,1171466,"9,-9,9,-9,9",U2400
268150,201842,"6,-6,-5,11,8",U1400 Adult-Semis
34134,1165117,"9,8,8",U1600 Adult
1180983,277526,"7,4,4",U1500 Junior-Prelims
223757,1177045,"-7,6,7,2",U1700 Junior
1157745,220237,"8,9,-7,8",U19 Boys' Singles
268150,1181160,"2,8,7",U1300 Adult-Quarters
220298,264013,"5,9,8",U19 Girls' Singles
1174103,9501,"9,10,8",U2600
95331,276927,"-9,5,7,-9,9",U2000 Adult
280414,264013,"1,6,5",U2600
34134,1169913,"5,-8,8,-8,9",U1600 Adult-Semis
1171128,279820,"6,10,6",U17 Girls' Singles
272825,277839,"-7,9,-11,6,8",U1600 Junior
273132,1172006,"6,4,8",U1300 Junior
266075,1174318,"6,9,-3,7",U1700 Junior
273260,1178555,"2,8,-4,-8,7",U1500 Junior
13020,231503,"5,4,8",Men's 65+ Singles
1174063,219405,"5,6,5",U17 Boys' Singles
279591,279916,"6,9,-4,6",U1300 Junior
250233,1174619,"3,2,3",Men's 80+ Singles
10533,3920,"9,7,9",Men's 60+ Singles
1164236,266062,"4,6,5",U17 Boys' Singles
1176556,276158,"4,5,1",U1300 Junior
98155,1171127,"1,9,9",U19 Girls' Singles
88195,231503,"4,3,4",U1800 Adult
12141,90957,"9,-5,3,8",U1700 Adult
77033,1171941,"5,5,7",Men's Singles Hsing Family
223775,1181160,"10,7,10",U1700 Adult
13020,1157453,"4,5,6",Men's 65+ Singles
230779,1177173,"6,9,6",U1800 Junior
32870,1182089,"7,5,6",Women's 60+ Singles
268620,270437,"5,11,-7,7",U19 Boys' Singles
277186,1176556,"5,-9,-6,8,7",U1600 Junior
94028,278584,"8,8,6",U2400
1175139,275290,"1,4,7",U2000 Junior
1171466,80797,"6,6,5",U2200
1173263,271489,"7,7,5",U2200
1176555,275200,"5,6,6",U1300 Junior
269965,279820,"4,3,8",U15 Girls' Singles
74947,83562,"5,6,4",30 & Over Men's Singles
40278,222517,"2,7,11",Men's 40+ Singles
197388,1164236,"5,7,-5,10",U19 Boys' Singles-Prelims
264897,263580,"6,5,4",U17 Boys' Singles
274994,215792,"2,3,4",U2600
12141,1184714,"9,4,8",U1400 Adult
265238,271583,"3,4,6",U2200
217143,224135,"4,-9,6,6",U2400
224231,1168516,"6,3,-13,6",U2200
1174318,283868,"0,1,0",U1600 Junior
273132,270836,"8,-10,6,-13,8",U1500 Junior
1180451,62073,"2,3,8",U1200 Adult
3727,277519,"5,4,-9,6",U1900 Adult
203221,275965,"5,10,8",U2000 Junior
45824,20101,"7,6,-11,3",Men's 60+ Singles
271425,1171643,"6,3,8",U2000 Junior-Prelims
271260,270444,"4,5,6",U2200
272608,282830,"7,4,9",U1300 Adult
1174326,278872,"3,-9,5,14",U1500 Junior
59922,9501,"4,4,7",30 & Over Men's Singles
72193,89837,"-10,3,10,5",Men's Singles Hsing Family-Prelims
1172851,1150977,"4,5,7",U19 Boys' Singles
14730,274555,"3,6,5",Men's 50+ Singles
80797,76819,"-6,5,-9,7,7",Men's 65+ Singles
11877,86586,"-9,6,-10,9,4",30 & Over Men's Singles
1179255,25587,"12,8,6",U2200
10393,229498,"-12,6,12,-12,3",U2000 Adult
81774,274994,"5,4,8",U2600
10533,79820,"7,8,0",U2200
80241,198570,"4,-8,5,5",U2400
279803,276158,"12,7,7",U1200 Junior
59922,217143,"7,9,3",U2400-Prelims
1150978,270991,"9,10,-10,9",U1900 Junior
1170374,223757,"2,7,5",U1900 Junior
272737,275947,"1,7,11",U1800 Junior
1174318,272059,"9,-12,2,9",U1800 Junior
34134,1168670,"7,3,-8,6",U1600 Adult
277242,272059,"3,4,7",U1600 Junior
256702,268640,"2,6,7",U13 Boys' Singles
231514,1178563,"6,6,5",U1700 Junior
276927,1167093,"5,3,5",U1700 Adult-Prelims
264196,1178096,"6,3,8",U1800 Junior
5724,8146,"6,7,-9,5",Men's 75+ Singles
212114,1169576,"9,4,1",U19 Girls' Singles
202029,94640,"9,7,6",U2600-Prelims
219191,275037,"9,-6,-13,7,10",U15 Boys' Singles-Prelims
97365,269985,"4,5,-9,11",U2600
92990,284188,"6,5,2",Women's 50+ Singles
215307,270887,"1,5,4",U21 Men's Singles Hsing Family
270437,276539,"-7,-5,8,7,8",U2200
1176627,276835,"5,4,6",U1700 Junior
1171665,1179780,"1,3,7",U15 Girls' Singles
1169576,269985,"9,11,-11,3",U13 Girls' Singles
270832,280491,"5,-5,7,6",U11 Boys' Singles
263580,1174322,"3,-6,5,8",U1300 Junior
222971,269965,"6,-8,5,5",U15 Girls' Singles-Finals
277839,270832,"8,6,6",U1500 Junior
12948,271583,"3,8,4",U2600
271149,272224,"15,3,7",U15 Boys' Singles
1175416,271876,"5,2,5",U13 Boys' Singles
277441,271875,"9,1,1",U11 Girls' Singles
275037,1180500,"7,5,4",U21 Men's Singles Hsing Family
98280,1184714,"6,9,-10,8",U1400 Adult
91267,1175139,"5,3,-9,3",U17 Boys' Singles
1179780,275292,"8,5,7",U1500 Junior
10533,10393,"7,5,9",U2400
273218,279591,"3,4,3",U1700 Junior
1171106,281823,"-9,3,2,4",U1800 Adult
219210,1169576,"7,7,6",U13 Girls' Singles-Quarters
1150978,273772,"8,10,4",U1900 Junior
273772,275101,"9,8,8",U1600 Junior
280414,1179018,"2,2,5",U15 Boys' Singles
1170443,272196,"-11,6,8,-6,9",U1700 Junior-Quarters
1131757,217364,"-7,9,6,10",U2000 Adult
1175637,1164626,"9,-9,9,6",U1300 Adult
10393,1167093,"10,3,5",U1800 Adult-Prelims
215307,271260,"11,-9,5,8",U17 Boys' Singles
1176550,277441,"-12,9,7,5",U1700 Junior
219191,269440,"-18,4,3,4",U2200
1169576,270725,"5,9,2",U15 Girls' Singles
273260,1178096,"7,3,9",U1800 Junior
92994,20075,"7,4,5",Men's 40+ Singles
81571,1157449,"1,3,3",Men's Singles Hsing Family
1150995,266395,"-8,3,7,9",U15 Boys' Singles
74947,92994,"7,10,-9,4",U2000 Adult-Quarters
280607,271500,"-7,6,0,8",U1000 Adult-Quarters
27767,222696,"9,-8,2,6",Men's 40+ Singles
271501,46331,"8,1,0",Women's 50+ Singles
84897,267363,"8,7,7",Men's Singles Hsing Family
274683,1177782,"8,-8,5,15",U1700 Junior
1157745,276539,"9,6,6",Men's Singles Hsing Family
222696,92451,"1,3,2",U1800 Adult
8144,273411,"3,8,6",Men's Singles Hsing Family
94028,219237,"-7,2,13,-8,9",U19 Boys' Singles
223243,56456,"-9,3,5,11",U2200
17161,1165054,"2,6,-10,6",U2000 Adult
1181160,270494,"10,9,-5,6",U1200 Adult-Semis
1182632,272737,"6,13,-7,-12,7",U1800 Junior-Prelims
198570,211903,"9,3,10",U2400
1175416,220128,"10,-6,8,-12,7",U2200
222276,217130,"4,6,7",U2400-Quarters
229635,1157449,"7,2,4",30 & Over Men's Singles
222064,30833,"4,-9,2,6",U1500 Adult
57949,25344,"10,-8,7,4",30 & Over Men's Singles-Quarters
230139,278872,"7,9,6",U1300 Junior
1175371,277441,"8,-6,7,-6,6",U15 Girls' Singles
10533,97365,"5,6,6",U2600
1182631,277839,"-7,-9,10,5,4",U1700 Junior
1177302,271876,"6,9,10",U1900 Junior
5442,81571,"9,6,9",U2000 Adult-Quarters
1173263,1150977,"9,-3,7,9",U17 Boys' Singles
32895,270444,"11,8,2",U2200
275877,275200,"2,7,3",U11 Boys' Singles
272737,1174062,"8,7,7",U1700 Junior
211820,275037,"-8,7,8,-7,4",U17 Boys' Singles-Prelims
273260,275290,"-4,8,4,6",U1700 Junior
89837,215306,"7,5,-11,9",Men's Singles Hsing Family-Prelims
269965,215165,"7,7,9",U15 Girls' Singles-Quarters
215165,79603,"6,5,9",Women's Singles Hsing Family
57949,269985,"4,1,7",U2600
272975,272737,"12,-4,13,-7,8",U2000 Junior
1182631,1174062,"9,7,6",U1900 Junior
270905,27885,"8,6,10",U1600 Adult
1165421,264662,"7,16,10",U17 Boys' Singles
217364,275929,"7,6,10",U1800 Adult
284216,270900,"10,9,-9,-9,8",U2200
54175,30833,"0,10,1",Women's 60+ Singles
1150977,1174062,"3,6,7",U13 Boys' Singles
229780,275739,"8,-8,8,8",U1600 Adult
88195,30833,"12,7,6",U1500 Adult
1173760,98262,"7,6,6",U2600-Semis
217364,91872,"5,-8,5,6",U1800 Adult
275694,271583,"-11,-11,12,6,4",U1900 Junior
215307,98266,"9,-11,10,6",U17 Boys' Singles-Prelims
217130,230805,"-12,9,5,4",Men's Singles Hsing Family-Prelims
203231,283841,"2,5,7",U1800 Adult
273132,276158,"7,-9,4,5",U1500 Junior
265238,270393,"9,5,5",U1900 Junior
45824,3920,"4,3,2",Men's 40+ Singles
264543,1172699,"6,11,-6,1",U1700 Adult-Semis
1174326,1180141,"5,-6,6,2",U11 Boys' Singles
271061,231514,"5,4,1",U15 Boys' Singles
1174369,231514,"5,6,4",U1900 Junior
273411,279803,"3,3,-10,-7,11",U11 Boys' Singles
61392,274555,"4,6,5",U1900 Adult
3841,21222,"8,-7,5,3",Men's 65+ Singles
219347,1172243,"6,4,9",U2200
8144,22286,"9,8,10",Men's 50+ Singles-Semis
1174369,1182438,"6,10,7",U2000 Junior
271149,274913,"7,7,7",U11 Boys' Singles
219888,82256,"7,4,1",U2400
280607,13411,"-7,7,11,11",U1500 Adult
219405,219958,"4,4,7",U19 Boys' Singles
59922,92943,"2,5,3",Para Class 8 -10
270837,1168382,"7,5,5",U1800 Junior
80241,219347,"9,-8,4,8",U2400-Prelims
1174431,3920,"8,-10,8,8",U1600 Adult
283252,1165461,"-6,3,10,9",U1600 Adult-Prelims
217235,270837,"6,5,8",U19 Boys' Singles
1171128,219405,"8,10,-8,-9,2",U2400
82768,94133,"7,2,6",Men's Singles Hsing Family
1164236,86064,"-6,3,6,5",U2400-Prelims
203231,1165117,"7,6,2",U1700 Adult
271890,1175146,"7,11,5",U1600 Junior
219888,271883,"7,4,8",U17 Boys' Singles
1171225,278584,"-13,2,9,-8,11",U17 Boys' Singles
57949,229635,"4,3,10",Men's 40+ Singles
275877,1177302,"8,5,7",U1800 Junior
98262,202990,"8,5,-6,-8,8",U19 Boys' Singles-Quarters
27767,1131757,"6,-7,4,7",U1900 Adult-Prelims
231598,92451,"13,11,-7,7",U1800 Adult
219888,1174318,"7,5,9",U15 Boys' Singles
275292,1175146,"6,7,10",U1600 Junior
271322,1175146,"3,5,3",U1600 Junior
264741,1175891,"7,10,5",U1300 Adult
1172851,271583,"9,9,8",U17 Boys' Singles
270846,271875,"1,4,5",U13 Girls' Singles
220666,58286,"9,9,9",30 & Over Women's Singles-Finals
268640,272825,"5,7,7",U1900 Junior
30199,270404,"10,7,-8,6",30 & Over Women's Singles
219191,1175416,"9,7,7",U2400
274995,1173994,"-9,7,-14,6,9",U1200 Junior
79092,927185,"8,8,3",U2200
1164236,218830,"3,-4,8,-9,5",U15 Boys' Singles
273085,202987,"10,5,-7,7",U2000 Junior
270725,271344,"-5,10,-5,9,6",U11 Girls' Singles
98280,268150,"10,19,8",U1300 Adult-Semis
1172851,45824,"6,-2,7,9",U2200
1171665,1178448,"3,2,2",U13 Girls' Singles
272586,1171127,"7,6,-7,6",U17 Girls' Singles
270911,273772,"2,2,3",U15 Boys' Singles
1177173,1184713,"11,3,8",U1600 Junior
223150,25587,"5,11,3",Men's Singles Hsing Family
84897,1157449,"1,1,1",30 & Over Men's Singles
267363,5442,"8,10,19",U2000 Adult-Semis
272059,270710,"9,6,9",U1700 Junior
273260,279803,"-6,8,9,-8,8",U1500 Junior
98041,276927,"9,10,9",U1900 Adult-Prelims
203221,1177302,"8,8,-9,13",U2200
1164236,221549,"8,-3,8,-9,9",U17 Boys' Singles-Prelims
271489,249948,"-6,6,3,9",U2400
1180983,1177302,"-7,10,3,-6,8",U1800 Junior
91031,274622,"5,1,5",U19 Boys' Singles
1176448,1180141,"6,-7,6,5",U1400 Junior
224072,270837,"9,6,-8,7",U1800 Junior
1178677,283868,"4,7,3",U1500 Junior
3836,26027,"9,9,5",Men's 40+ Singles
229714,12948,"5,5,9",U2400
203245,91612,"7,6,7",U1500 Adult
1175638,1168383,"8,9,-9,9",U1800 Adult
222696,283841,"2,4,5",U1900 Adult
12141,1181160,"7,6,8",U1400 Adult-Semis
1171292,268620,"3,9,8",U19 Boys' Singles
277526,283868,"2,3,4",U1500 Junior
274912,279803,"-6,8,4,8",U1500 Junior
219904,270203,"7,4,4",U2400
268150,284187,"9,8,8",U1300 Adult
271344,1178563,"7,-8,5,3",U1900 Junior
94609,91031,"7,5,-9,9,11",Men's Singles Hsing Family-Semis
1131757,82256,"-9,6,8,5",U1800 Adult
282936,229780,"13,-9,7,2",U1000 Adult-Finals
273085,271876,"7,7,12",U1900 Junior
278584,280046,"6,10,-5,6",U2000 Junior
201842,277359,"8,6,8",U1400 Adult-Quarters
1171225,1182632,"5,5,12",U15 Boys' Singles
270393,266075,"10,4,-10,7",U1700 Junior-Prelims
230805,94028,"7,-5,-6,10,13",U2400-Prelims
1168516,82256,"6,6,7",U2400
89837,263284,"5,-9,5,6",U19 Boys' Singles
276927,277519,"7,6,-7,12",U1600 Adult-Quarters
265648,1171107,"-9,1,5,-8,4",U17 Boys' Singles
277186,283868,"8,5,3",U1400 Junior
1177767,280046,"7,-10,9,9",U15 Boys' Singles
1184533,276426,"-7,7,-6,10,8",U1400 Junior
215307,1172200,"3,4,8",U2400
222696,71560,"-8,6,-9,7,9",30 & Over Men's Singles
94028,267363,"3,-10,8,5",U2600
89338,202029,"5,2,8",Men's Singles Hsing Family-Prelims
20101,80797,"7,-7,-6,5,11",Men's 70+ Singles
10533,274350,"4,3,6",U2400
1177045,283868,"4,3,2",U1400 Junior
270710,1171226,"4,5,-5,-10,7",U1200 Junior-Prelims
231514,1177045,"10,5,9",U1800 Junior
98280,284187,"6,6,3",U1200 Adult
93758,215307,"-7,9,3,9",U17 Boys' Singles-Quarters
222696,1172699,"-15,8,6,4",U1900 Adult
5442,5021,"7,7,8",U2000 Adult
268640,1176550,"4,7,3",U1900 Junior
1174103,279820,"8,4,8",U2200
273772,1165105,"5,9,8",U1500 Junior
215306,219888,"5,5,6",U19 Boys' Singles
265238,224072,"4,6,10",U1900 Junior-Prelims
271149,271425,"2,5,7",U13 Boys' Singles-Prelims
1180141,283868,"5,9,3",U1000 Junior
1175782,1182438,"8,11,4",U1600 Junior-Prelims
1178448,275101,"8,9,9",U1000 Junior
24961,221992,"6,-10,6,7",U1800 Adult
276162,1176555,"6,-5,8,-7,5",U1500 Junior
229780,71260,"-7,4,2,5",U1500 Adult
10393,20101,"4,7,7",U1900 Adult
1174062,277186,"5,8,9",U1500 Junior
1171856,98041,"4,6,6",U2400
275037,1179255,"4,8,10",U2400
16465,219888,"3,11,4",U2400
275290,1179256,"3,6,7",U1600 Junior
271344,202987,"7,6,2",U2000 Junior
280415,218830,"6,2,-6,6",U2200
218830,1184533,"5,8,2",U15 Boys' Singles
276162,276158,"5,4,4",U1300 Junior
80241,270437,"5,3,5",Men's Singles Hsing Family
221939,270437,"6,5,9",U2200
59330,222517,"-6,-12,8,6,5",Men's 40+ Singles
1179018,1180148,"5,4,6",U1300 Junior
275965,273260,"8,5,7",U1700 Junior
269965,268979,"-9,8,-5,9,5",U13 Girls' Singles-Quarters
1171665,1173129,"6,6,4",U13 Girls' Singles
82025,83686,"4,5,6",U2400
6713,27767,"6,10,-6,-9,5",Men's 40+ Singles
79820,284008,"-9,5,6,2",U2200
270851,223243,"-5,6,-6,8,5",U2200-Prelims
279471,1184714,"8,6,-8,8",U1700 Adult
8144,264944,"4,8,2",Men's 40+ Singles
269985,14730,"9,9,9",U2400
1166449,95331,"8,9,9",U2400
201842,1178073,"6,6,-8,8",U1400 Adult
218713,278846,"3,9,4",U1600 Junior
279803,277839,"8,8,9",U1000 Junior-Finals
219405,280046,"3,4,3",U17 Boys' Singles
8144,275037,"9,9,4",Men's Singles Hsing Family
1171668,1165461,"7,5,-9,7",U1900 Adult
20075,61392,"7,-9,9,9",U1800 Adult
49321,57866,"10,7,8",U2000 Adult
270911,1172200,"4,4,6",U13 Boys' Singles
1173545,271322,"14,6,8",U2000 Junior
224135,269985,"6,8,4",U2400
276162,279916,"12,4,-5,9",U1200 Junior-Quarters
4594,5442,"3,3,4",Men's 40+ Singles
18298,40278,"8,6,4",U2400
220128,1178504,"4,-8,10,6",U1700 Junior
271061,17161,"6,7,2",U2200
277246,276520,"7,11,6",U1400 Junior
219347,1171128,"7,-9,-6,12,5",U2200-Prelims
220666,76235,"5,6,-8,7,5",Women's Singles Hsing Family-Finals
1173994,278846,"9,6,4",U1200 Junior
219191,87893,"-12,9,6,4",U2200
271501,283878,"8,9,4",Women's 40+ Singles
1176627,266062,"5,-10,5,8",U17 Boys' Singles
222763,222815,"9,8,-9,4",U17 Girls' Singles-Prelims
40278,1171225,"6,7,5",U2400
270851,224072,"5,9,4",U2000 Junior
1175782,1174318,"-3,7,3,10",U1600 Junior-Semis
1168383,1181183,"5,10,5",U1400 Adult
269570,273772,"1,9,4",U13 Boys' Singles
1173259,271876,"6,4,5",U15 Boys' Singles
1132007,221078,"10,5,-6,15",U2200
277246,1132453,"7,5,10",U1400 Junior
279916,271860,"-10,7,6,8",U1000 Junior
92943,1171107,"-13,3,8,6",U2200
272422,277519,"4,11,-8,4",U1800 Adult
8005,49321,"5,-11,6,-6,7",Men's 65+ Singles
217130,202990,"-9,9,10,2",U17 Boys' Singles-Quarters
230805,221939,"7,6,6",U17 Boys' Singles
269965,272586,"9,6,8",U17 Girls' Singles
230805,221166,"7,9,8",Men's Singles Hsing Family
273411,1184523,"6,-9,8,-8,5",U15 Boys' Singles
273085,278584,"8,8,6",U2200
275292,279282,"-3,8,7,-8,5",U1300 Junior
1164236,1174330,"6,8,2",Men's Singles Hsing Family
85544,1181699,"9,-7,10,10",U1800 Adult
219210,1176242,"3,5,1",Women's Singles Hsing Family
275965,17161,"-7,6,4,-3,9",U2200
33931,280607,"3,-9,5,-9,7",U1300 Adult-Quarters
1170759,1171665,"9,-7,-9,6,8",U19 Girls' Singles
92943,230237,"-6,9,6,-10,8",U2400
27885,262940,"5,6,6",U1500 Adult
270709,1168382,"-9,-8,6,7,5",U1600 Junior
1177832,4181,"6,5,5",U1300 Adult
1132007,229850,"8,-10,7,7",U2600
269408,1172476,"7,-7,9,7",U2000 Adult
271061,1170751,"7,6,3",U13 Boys' Singles
283842,274995,"4,7,-10,3",U11 Girls' Singles
267363,222696,"7,3,6",U2000 Adult
1176555,274622,"6,7,-7,8",U1600 Junior
275947,276162,"10,9,-5,5",U1300 Junior-Prelims
271425,271489,"-6,7,10,3",U1900 Junior
6713,70273,"2,5,4",Men's 50+ Singles
215306,202029,"11,12,-1,-10,5",U17 Boys' Singles-Semis
279803,1178555,"12,-7,-12,11,9",U1500 Junior
1176700,1180148,"6,4,9",U1600 Junior
220237,1175416,"0,7,5",U17 Boys' Singles
211982,82768,"10,-10,8,6",U2600-Prelims
1182631,1173728,"8,8,-7,1",U1700 Junior
45824,223775,"5,5,5",Men's 65+ Singles
79092,14987,"-3,6,10,6",U2400-Prelims
274994,278872,"1,0,0",U13 Boys' Singles
1170374,278872,"3,2,4",U13 Boys' Singles
86586,83562,"5,7,7",30 & Over Men's Singles
275947,1184713,"4,6,-2,7",U1700 Junior
273762,1174326,"8,3,5",U11 Boys' Singles
20719,10419,"8,8,-6,6",U1900 Adult
270990,280607,"-10,6,7,8",U1300 Adult
274994,1172399,"1,6,5",U15 Boys' Singles
1165117,218150,"-13,-4,4,4,5",U1700 Adult
223729,1174611,"2,6,8",U1000 Adult
93758,59922,"-10,10,9,10",U2600-Prelims
1180983,1165105,"7,3,13",U1600 Junior
62089,1174103,"3,-10,7,7",U2600
32870,81895,"4,7,4",Women's 65+ Singles
280607,282199,"9,7,6",U1000 Adult
217130,1157745,"8,8,7",Men's Singles Hsing Family
222064,221992,"9,5,6",U1600 Adult
1166449,271489,"8,6,6",U15 Boys' Singles
54175,275303,"4,2,3",Women's 70+ Singles
1150977,1177045,"4,8,6",U2000 Junior
270437,1178677,"8,8,7",U1800 Junior
91031,84904,"10,-7,-4,4,5,-4,4",Men's Singles Hsing Family-Quarters
276520,274913,"8,7,-9,-10,10",U1200 Junior
1185043,57866,"7,7,5",U1900 Adult
1175371,1176242,"5,7,3",U17 Girls' Singles
197388,270911,"11,8,5",U21 Men's Singles Hsing Family
58286,79603,"6,7,7",Women's 40+ Singles
45824,264543,"8,7,9",U2000 Adult-Prelims
273218,284007,"-8,6,5,-7,8",U1800 Junior
271061,271596,"6,-10,3,6",U2200
58286,270404,"6,5,7",Women's 40+ Singles-Semis
270990,92451,"3,6,5",U1700 Adult
1178096,283868,"4,4,1",U1200 Junior
98262,215307,"4,15,2",U19 Boys' Singles-Prelims
98041,1175638,"9,8,9",U2000 Adult
272196,1174062,"7,5,-10,7",U1800 Junior
212806,265648,"-6,6,10,3",U17 Boys' Singles
28551,94462,"7,7,9",Men's 40+ Singles
1165117,1173092,"3,3,6",U1400 Adult
86064,94469,"7,11,-3,15",U2400
30833,1172775,"10,8,5",Women's 50+ Singles
5724,3920,"4,9,5",Men's 70+ Singles
98280,4181,"6,2,8",U1300 Adult
58286,1182428,"1,2,4",30 & Over Women's Singles
1165421,211820,"6,7,-12,10",U19 Boys' Singles
271883,271322,"4,-9,-3,8,6",U13 Boys' Singles
26027,31436,"-7,4,9,-8,9",U2000 Adult
1168670,1175891,"9,2,6",U1500 Adult
273411,1177045,"6,9,10",U11 Boys' Singles
80797,284002,"1,2,4",Men's 70+ Singles
92994,1171225,"6,7,5",U2200
1166389,223040,"11,12,-7,10",U17 Boys' Singles
13020,71260,"4,6,7",Men's 70+ Singles
280415,270911,"8,9,7",U2400
1174461,1172200,"9,-8,8,-8,8",U2200
198570,88195,"4,2,3",Men's 50+ Singles
211982,219237,"9,5,7",Men's Singles Hsing Family-Prelims
219405,217519,"16,10,8",U2400
219237,95653,"4,9,7",U2600
273085,1165615,"7,-6,-5,8,3",U1900 Junior-Semis
220237,276835,"8,9,8",U19 Boys' Singles
1176448,275947,"10,-9,5,-5,7",U1300 Junior-Quarters
220298,1171643,"7,-7,10,4",U15 Girls' Singles
279820,275694,"11,-5,9,5",U17 Girls' Singles
1171643,278871,"4,0,2",U13 Girls' Singles
272586,269985,"6,4,5",Women's Singles Hsing Family
1164236,229635,"9,8,4",U2600
87893,269440,"8,5,6",U2200
1173545,1177045,"5,7,3",U1800 Junior
198570,1165054,"8,8,4",U2200
1171225,1179780,"-8,11,6,5",U1800 Junior
1171292,274994,"7,6,13",U15 Boys' Singles-Prelims
98257,229498,"3,6,5",U2600
271501,280607,"4,-1,6,-6,6",U1300 Adult
1175638,1165117,"9,10,7",U1800 Adult
90957,270905,"-4,10,7,8",U1700 Adult
268150,1182428,"3,4,8",U1400 Adult
1171128,1171668,"5,8,6",U2200
77033,223150,"2,6,1",Men's Singles Hsing Family-Prelims
94640,1174103,"3,6,4",Men's Singles Hsing Family
1165421,273646,"4,4,9",U19 Boys' Singles
59922,79092,"6,7,7",30 & Over Men's Singles-Quarters
203187,1157628,"3,-3,4,7",Women's Singles Hsing Family
230237,229850,"4,7,6",U2400
275292,271860,"9,4,5",U1000 Junior
14730,13411,"2,8,5",U1900 Adult
270305,273646,"11,-5,7,-9,12",U2200-Prelims
1182631,271876,"8,4,6",U13 Boys' Singles
274994,1173259,"-4,-10,8,6,4",U11 Boys' Singles-Semis
45824,49321,"3,-9,4,4",U2200
270911,1172399,"5,9,3",U2200
60268,277518,"7,-6,-4,7,9",U1500 Adult
1173259,270194,"5,6,5",U2200
281823,283841,"9,6,-3,6",U1400 Adult
1173994,278871,"5,2,2",U1000 Junior
1177173,271876,"7,2,-9,-10,6",U15 Boys' Singles
271596,1178448,"4,1,2",U11 Girls' Singles
270494,1173092,"6,6,3",U1300 Adult
269985,202987,"8,9,5",U19 Girls' Singles
86064,272196,"-9,10,7,7",U2200
269745,271890,"4,4,6",U15 Boys' Singles
1131757,222696,"4,-9,8,-2,10",U1900 Adult
1171127,270846,"-5,9,7,-8,7",U13 Girls' Singles
1172851,218830,"14,6,1",U19 Boys' Singles-Prelims
217130,229714,"-9,5,4,7",U2400-Prelims
19736,284008,"9,1,9",U2600
1178675,221992,"5,6,4",U1600 Adult
264662,219237,"-9,-9,3,9,7",U2400-Prelims
224135,92550,"-5,5,12,8",U17 Girls' Singles
98266,927185,"2,2,5",U17 Boys' Singles
274995,276158,"8,5,-23,4",U1600 Junior
1178504,276835,"10,9,4",U1600 Junior-Prelims
34134,280607,"4,3,10",U1600 Adult
1165615,275694,"-5,5,8,4",U1900 Junior-Prelims
266075,1176771,"6,11,9",U1700 Junior
198840,220298,"3,-10,7,8",U21 Women Singles Hsing Family-Semis
59103,277519,"4,6,9",U1800 Adult
274994,1172200,"1,2,3",U15 Boys' Singles
1170443,272737,"6,9,-9,7",U1700 Junior-Finals
1175782,1180983,"10,9,-11,10",U1500 Junior-Quarters
270911,263284,"7,-9,10,5",U19 Boys' Singles
1182632,1178563,"5,5,4",U1900 Junior
83332,224072,"6,9,5",U2200
264196,273260,"15,-8,8,-13,10",U1800 Junior
275657,1177782,"-10,8,7,7",U1500 Junior
1166449,284008,"7,3,4",U2600
222696,270905,"9,5,8",U2000 Adult
94469,59922,"9,11,-7,6",Men's 40+ Singles-Quarters
230805,1172243,"6,5,7",U2600
1176049,276158,"7,-6,8,-7,13",U1600 Junior
275037,220260,"8,-9,7,9",U2400
1181699,98280,"-8,-8,9,9,9",U1700 Adult
59103,88195,"9,-11,7,5",Men's 50+ Singles
279820,1173129,"5,-8,-9,7,9",U15 Girls' Singles
71560,283841,"8,2,5",U1800 Adult
1150994,1172200,"8,6,5",U2200
1178677,274995,"-8,13,6,-10,8",U11 Girls' Singles
217865,266395,"5,6,8",U17 Boys' Singles
203221,275694,"-7,7,8,9",U2200
275929,1167093,"9,9,6",U1500 Adult-Prelims
8429,9501,"8,-3,-6,8,9",Men's 65+ Singles-Quarters
94469,34027,"6,9,8",Men's 40+ Singles-Prelims
11877,274350,"8,8,4",U2200
22286,14987,"8,7,10",Men's 40+ Singles
1175416,1176550,"9,6,-7,8",U15 Boys' Singles
268150,281823,"8,2,3",U1400 Adult-Quarters
221939,270444,"6,6,5",U2600
271425,1174330,"10,-9,5,5",U2000 Junior
1184629,1157449,"1,8,6",U1400 Adult
1177045,271875,"6,4,3",U1300 Junior
85814,8144,"9,5,10",Men's Singles Hsing Family-Prelims
1171107,230139,"6,4,5",U13 Boys' Singles
273085,1177302,"8,8,-9,7",U1900 Junior
1172699,1165054,"10,5,9",U1700 Adult-Prelims
279803,1180148,"4,7,4",U1400 Junior
1168516,271876,"10,6,8",U2000 Junior
1173539,59922,"7,6,5",U2400-Semis
219888,223040,"7,7,7",U2200
95193,1178073,"5,2,6",U1700 Adult
1172851,1171466,"-6,5,9,5",U2600
1171292,272224,"5,4,6",U17 Boys' Singles
30198,271583,"6,6,4",Men's Singles Hsing Family
275101,271875,"7,10,-10,4",U11 Girls' Singles
1171867,20075,"4,6,-10,8",U2200
219888,1165421,"7,3,7",U13 Boys' Singles-Quarters
230779,273260,"3,5,4",U1900 Junior
1174322,1178096,"5,8,8",U1300 Junior
49321,264013,"4,6,9",U2200
1181160,1175978,"2,7,6",U1300 Adult
1171225,1177045,"-9,7,2,7",U2000 Junior
273646,1177302,"3,6,-9,5",U2400
95193,71560,"-9,-9,2,9,8",U2000 Adult
230779,270836,"6,8,7",U2000 Junior
1174461,277242,"4,7,7",U2000 Junior
1176627,95193,"5,9,-8,-4,6",U2200
1185322,30833,"-8,-9,7,6,2",U1500 Adult
82256,279238,"-9,11,12,7",U2000 Adult
1174062,275657,"5,-7,-7,11,9",U1800 Junior
271322,218830,"-10,9,5,8",U2000 Junior
270905,46331,"3,3,2",U1500 Adult
283841,12141,"-8,5,-4,9,9",U1700 Adult
1182746,1168670,"6,6,9",U2000 Adult
221992,91612,"9,-8,9,9",U1400 Adult
25344,270709,"3,8,9",U2200
277526,1178677,"7,7,-9,-10,6",U1500 Junior
1174461,1176555,"6,2,7",U1900 Junior
84904,84903,"-9,4,10,9",U21 Men's Singles Hsing Family-Finals
83332,10393,"-9,6,10,3",U2200
220260,927185,"-8,8,5,3",U2200
272422,59103,"-8,3,9,7",U1800 Adult
13020,76819,"2,8,8",Men's 70+ Singles
275694,1177302,"5,7,10",U2200
282936,280607,"6,9,2",U1000 Adult-Semis
275037,272196,"8,10,-13,6",U17 Boys' Singles
1132365,273085,"8,-8,-10,10,7",U2400
211820,1166449,"4,10,11",U21 Men's Singles Hsing Family
74947,83332,"10,6,5",U2200-Prelims
28551,1167093,"7,9,8",U1900 Adult
273762,277441,"-12,7,9,-9,2",U1900 Junior
30198,284216,"7,8,5",U2200
1168516,1172200,"9,6,5",U2000 Junior
85545,1174431,"8,5,2",Men's 65+ Singles
93758,274328,"2,4,0",Men's Singles Hsing Family
217130,276539,"5,5,8",Men's Singles Hsing Family
110466,22286,"10,6,10",Men's 40+ Singles-Quarters
1175782,272975,"10,9,5",U1500 Junior-Prelims
218830,1177768,"4,4,7",U2400
1171466,97365,"-12,5,-5,3,7",U2400
203187,1171665,"5,4,5",U19 Girls' Singles
1171128,1169576,"9,6,7",U19 Girls' Singles
1181160,283252,"6,9,8",U1400 Adult-Prelims
1168382,279591,"5,3,8",U1600 Junior
264543,71560,"3,5,5",U2000 Adult
280415,219347,"3,9,8",U2200-Quarters
61392,270905,"-13,10,6,10",U2000 Adult
1174461,1178504,"-10,10,6,5",U1900 Junior
283252,203245,"-3,-9,5,8,12",U1400 Adult
84897,229635,"6,5,3",30 & Over Men's Singles
271876,279591,"13,7,6",U1800 Junior
217364,201842,"9,3,6",U1800 Adult
275877,274622,"5,5,5",U1800 Junior
271260,32895,"-7,-7,6,11,8",U2200
197388,219958,"3,6,2",U19 Boys' Singles
276162,1176049,"-10,8,10,-8,8",U1700 Junior
276927,264543,"4,-3,-7,8,7",U1700 Adult-Finals
215165,1157628,"10,9,5",Women's Singles Hsing Family
27885,281823,"12,6,3",U1500 Adult
223775,996,"9,-7,8,-9,10",Men's 65+ Singles
276927,279471,"10,8,8",U1700 Adult
276927,222696,"-6,6,-4,8,9",U1700 Adult-Semis
1176627,1182631,"-5,7,5,8",U2000 Junior
222763,218837,"8,14,9",U19 Girls' Singles
270725,276158,"9,5,-8,5",U15 Girls' Singles
8429,35006,"3,6,6",Men's 75+ Singles
274350,1169772,"-7,2,1,-9,10",U2000 Junior
283841,92451,"5,4,-10,10",U1500 Adult
218837,202987,"-5,7,-9,4,4",Women's Singles Hsing Family
270194,218159,"8,-2,7,7",U1800 Adult-Prelims
224135,217532,"4,14,3",U19 Girls' Singles
13020,8429,"7,10,5",Men's 65+ Singles-Semis
263580,1178096,"2,4,4",U1300 Junior
270709,263580,"4,5,5",U1700 Junior-Prelims
284188,230772,"-8,9,-9,5,6",U1000 Adult
217130,271149,"6,9,7",U17 Boys' Singles
1179779,1178677,"10,-7,-6,9,7",U1300 Junior
269985,269440,"9,10,8",U2000 Junior-Prelims
98262,1179736,"8,5,-11,12",U2600-Quarters
263284,273132,"7,4,8",U19 Boys' Singles
202990,90115,"2,7,4",Men's Singles Hsing Family-Prelims
1171643,271596,"9,6,8",U11 Girls' Singles-Quarters
265134,280607,"4,10,1",U1700 Adult
222763,203187,"6,-10,7,8",U19 Girls' Singles-Semis
1169576,276158,"4,7,2",U15 Girls' Singles
275965,223040,"-9,9,9,6",U1800 Junior
197388,1169576,"9,4,8",U2400-Prelims
275739,82256,"8,-7,11,5",U1900 Adult
927185,271596,"9,-9,9,8",U2000 Junior
1175146,271860,"6,8,5",U1300 Junior
264196,1184523,"9,10,10",U1500 Junior-Semis
270444,271489,"10,11,-9,7",U17 Boys' Singles
279282,277491,"2,7,7",U1000 Junior
271860,283868,"7,7,6",U1300 Junior
222971,98155,"10,9,-9,9",Women's Singles Hsing Family-Prelims
273772,1174322,"-9,9,2,7",U1600 Junior
265238,1172399,"8,-9,11,-6,6",U1900 Junior
1178073,29853,"8,11,7",U1600 Adult
273085,271322,"5,7,-6,8",U13 Boys' Singles
1170759,223243,"5,-10,3,8",Women's Singles Hsing Family
272224,272975,"7,8,-4,8",U15 Boys' Singles
1181160,92990,"10,7,-5,-6,8",U1500 Adult
1184523,1177782,"-16,5,8,8",U1500 Junior
271260,218830,"8,7,-9,-7,7",U17 Boys' Singles
273085,1177767,"3,9,12",U15 Boys' Singles
224135,14730,"4,3,4",U2400
1170759,222815,"7,-8,-6,10,8",Women's Singles Hsing Family
95653,274328,"5,4,4",Men's Singles Hsing Family
30198,50664,"9,2,-8,5",Men's 50+ Singles-Prelims
263580,277742,"2,-9,7,5",U1300 Junior
74947,222517,"5,12,8",U2000 Adult
284008,1173092,"1,8,8",U1000 Adult
1171292,270437,"6,5,6",U19 Boys' Singles
270851,87893,"5,9,5",U2400
1171226,1172006,"8,6,5",U1200 Junior
219191,216131,"8,2,5",U2200-Prelims
270194,1178675,"10,8,3",U2200
219347,1172851,"7,6,7",U21 Men's Singles Hsing Family
1176627,284007,"9,6,5",U1800 Junior
62089,9501,"8,-8,6,5",U2600
93102,271489,"10,1,5",U2400
1166449,229635,"9,9,6",Men's Singles Hsing Family
281823,1175637,"9,8,9",U1700 Adult
202990,1175146,"2,2,6",U17 Boys' Singles
40278,231598,"6,6,3",U2200
277526,274913,"8,8,7",U1700 Junior
277186,1172006,"2,6,3",U1300 Junior
274466,276162,"7,9,8",U1500 Junior
203245,264741,"9,-8,-5,9,7",U1400 Adult
25344,94469,"4,-5,7,9",30 & Over Men's Singles-Prelims
1179779,1173994,"7,9,10",U1300 Junior
1172399,1172200,"6,6,10",U15 Boys' Singles
271149,271876,"8,8,4",U13 Boys' Singles
89837,198570,"3,5,6",Men's Singles Hsing Family
59922,1175981,"8,6,4",Para Class 8 -10
197388,270444,"8,3,1",U2600
27767,279238,"6,3,6",U1900 Adult
264013,269985,"6,6,-9,6",U15 Girls' Singles
12948,33384,"7,6,7",Men's Singles Hsing Family
223757,1176448,"-7,8,-9,10,7",U1600 Junior-Prelims
1164236,223150,"4,11,-3,10",U17 Boys' Singles
1182631,1171225,"7,7,9",U1800 Junior
270832,277441,"-9,7,11,-8,9",U1800 Junior
217130,216131,"-1,8,-8,3,4",U2600
276426,1180148,"6,4,6",U1300 Junior
1165054,1172476,"9,6,-6,10",U1800 Adult
275037,273411,"5,5,9",Men's Singles Hsing Family
91031,265648,"5,4,4",U19 Boys' Singles
282936,284187,"9,2,6",U1200 Adult
33931,270494,"9,-11,8,6",U1300 Adult
1171107,272975,"6,9,-7,4",U2000 Junior
1171665,267433,"5,6,6",U17 Girls' Singles
217130,275694,"6,8,7",U2600
1150977,273411,"6,5,7",U15 Boys' Singles
217364,49321,"-6,6,7,9",Men's 65+ Singles
1170751,88195,"8,5,8",U2200
1174330,1182438,"8,4,8",U2000 Junior
1170443,274622,"2,7,5",U1700 Junior
272825,1178448,"10,5,-9,6",U11 Girls' Singles
223757,1172006,"7,1,4",U15 Girls' Singles
273646,1173545,"6,9,8",U2200
1174103,277519,"4,-9,6,2",U2000 Adult
1170443,1165615,"-9,4,-8,11,8",U2000 Junior-Prelims
1171856,273411,"2,7,2",U15 Boys' Singles
98266,1171466,"1,4,10",U17 Boys' Singles
269965,272825,"1,2,3",U13 Girls' Singles
92994,1174620,"8,6,8",U2000 Adult
265238,1174318,"6,9,8",U2200
1172851,265238,"-10,7,9,6",U2200-Prelims
59922,59330,"0,6,8",Para Class 8 -10
1184714,271501,"11,-9,2,8",U1300 Adult
271883,1168670,"3,5,4",U2400
1150977,28551,"11,5,9",U2200
6713,222696,"5,5,5",Men's 40+ Singles
95193,19484,"9,9,8",U1900 Adult
1177045,277186,"8,9,5",U1400 Junior
1174322,275947,"-11,-7,9,7,8",U1600 Junior
80241,217235,"9,-13,7,9",U2600-Prelims
203221,270851,"-5,4,13,7",U2000 Junior-Semis
272548,218150,"10,9,-10,10",U1600 Adult
9501,20101,"1,5,3",Men's 65+ Singles
270851,273085,"4,-12,8,5",U1900 Junior-Finals
218830,229635,"8,8,9",U2200
219347,229850,"-7,-9,6,7,6",U2600
273772,275292,"3,0,7",U1500 Junior
6713,217364,"5,6,-3,7",Men's 60+ Singles
13411,1172476,"7,12,12",U1800 Adult
8005,275034,"6,4,5",Men's 70+ Singles
1165421,268620,"3,4,3",U2400
1168383,78310,"-10,6,5,7",U1900 Adult
211903,1169913,"7,-11,7,8",U1700 Adult
273260,274912,"4,6,5",U1500 Junior
270887,277526,"4,5,3",U13 Boys' Singles
94028,92943,"7,-8,3,9",U2400-Prelims
267363,229635,"3,-8,-7,8,4",U2600
270710,279916,"9,3,6",U1400 Junior
1181699,283878,"2,6,4",U1500 Adult
83686,45824,"8,9,5",Men's 40+ Singles
266395,31436,"-8,-8,14,9,6",U2200
270851,1170443,"5,11,-6,12",U1900 Junior
223757,1182631,"7,8,9",U1800 Junior
277526,276835,"9,9,9",U13 Boys' Singles
1172699,34134,"-6,7,-8,7,13",U1700 Adult
217865,268640,"6,1,7",U15 Boys' Singles
91612,284187,"8,7,2",U1000 Adult
211820,270444,"8,4,1",Men's Singles Hsing Family
273772,1179780,"5,6,7",U1500 Junior
256702,211821,"-9,11,9,7",Men's Singles Hsing Family
271583,276426,"8,-9,5,5",U15 Boys' Singles
86586,83534,"13,5,7",Men's 50+ Singles
1174616,35006,"6,5,-9,2",Men's 75+ Singles
4594,211821,"3,7,4",U2600-Prelims
270203,1180947,"3,7,6",U2000 Junior
229850,5442,"-8,12,5,6",U2200
263580,1178677,"5,-6,9,8",U1500 Junior
1173259,270991,"7,6,6",U13 Boys' Singles
220298,202987,"6,5,7",Women's Singles Hsing Family
220298,277441,"7,3,7",U15 Girls' Singles
1172699,1178675,"9,9,8",U1800 Adult
273646,271583,"9,-9,3,3",U2000 Junior
264196,1176556,"10,5,4",U1500 Junior
221078,273411,"6,5,11",U2200
270836,1173728,"7,13,-3,-2,11",U1700 Junior
22286,218830,"8,9,5",U2400
263284,273411,"5,4,8",U13 Boys' Singles
1150977,269570,"10,6,-6,-2,10",U13 Boys' Singles
95653,269822,"-8,7,3,-7,11",U1900 Adult-Semis
8144,283841,"2,0,6",Men's 50+ Singles
270203,266075,"9,8,2",U1900 Junior
275824,276927,"-9,-5,10,10,10",U1500 Adult-Quarters
1171128,1169576,"10,-4,7,-6,9",U2200-Prelims
273085,1173545,"7,-8,6,-6,9",U1800 Junior-Quarters
80797,82256,"6,9,7",U1700 Adult-Prelims
266395,223150,"8,-8,-9,6,7",U2200
30198,79820,"6,6,6",Men's 50+ Singles
198570,284216,"4,9,11",Men's Singles Hsing Family
230805,94028,"-4,11,7,8",U17 Boys' Singles-Prelims
216131,269822,"10,1,8",U2200
277839,280491,"5,-9,9,6",U1000 Junior
19736,10419,"2,3,7",U2400
1175637,283878,"-9,9,9,6",U1300 Adult
270393,1177045,"7,6,3",U1900 Junior
59922,229714,"6,4,3",Men's Singles Hsing Family
219347,269440,"5,6,3",U17 Boys' Singles
98280,34134,"8,10,7",U1700 Adult
25344,268620,"7,9,6",U2200
1171665,1170759,"9,-7,7,-8,9",U13 Girls' Singles-Quarters
5442,98273,"-11,2,7,5",30 & Over Men's Singles
270905,1168383,"7,7,12",U1500 Adult-Semis
198840,1184713,"1,1,1",U19 Girls' Singles
1178555,278872,"3,4,2",U1300 Junior
272975,1180983,"4,4,-6,7",U1600 Junior-Prelims
86433,1168670,"2,6,6",U1900 Adult
1131757,88195,"6,10,7",Men's Singles Hsing Family
215165,222815,"10,-9,10,9",U19 Girls' Singles
30198,14730,"7,3,9",Men's Singles Hsing Family
95653,1176242,"-9,4,9,7",U2200
222763,1176242,"4,5,1",U17 Girls' Singles
270194,277519,"3,4,-9,4",U1700 Adult
94028,270444,"3,8,4",U19 Boys' Singles
284008,1177832,"7,9,-5,11",U1500 Adult
197388,80503,"11,2,-6,2",Men's Singles Hsing Family-Prelims
1171942,282830,"3,3,-9,6",U1000 Adult
284008,1168383,"5,-8,5,8",U1500 Adult
1177173,268640,"-9,9,8,8",U2000 Junior
198570,264944,"9,6,-8,-5,9",Men's 40+ Singles
1175139,5442,"-12,11,-12,11,5",U2200
1180174,230772,"5,8,5",U1000 Adult
271425,1175638,"6,4,4",U2200
270905,98280,"4,-7,7,3",U1500 Adult-Quarters
274350,269745,"9,-1,9,-5,10",U2000 Junior-Prelims
277742,1178096,"-7,12,6,13",U1300 Junior
212114,230237,"7,9,9",Women's Singles Hsing Family
25344,90115,"5,7,11",U2200
277242,1179018,"5,8,-7,7",U1700 Junior
271149,272975,"8,5,6",U15 Boys' Singles
1171127,274912,"6,9,7",U17 Girls' Singles
273260,231514,"12,9,-8,9",U15 Boys' Singles
1164236,85793,"2,4,8",U2400
12141,270905,"9,9,10",U1700 Adult
6713,5021,"3,9,3",Men's 50+ Singles
83562,3920,"6,3,9",U1600 Adult
273085,221166,"1,3,8",U2200
1166449,95193,"5,9,6",U19 Boys' Singles
222971,1171665,"7,5,9",U17 Girls' Singles
12948,26027,"7,3,8",Men's 50+ Singles
271061,274350,"7,10,4",U11 Boys' Singles-Quarters
280415,270437,"7,12,5",U19 Boys' Singles
1170751,220128,"9,7,-8,-8,8",U1900 Junior
92943,94133,"9,9,9",U2200
272825,1177045,"10,-5,8,-13,10",U1800 Junior
74947,1172476,"4,1,11",Men's Singles Hsing Family
276927,5724,"7,8,-6,11",U1900 Adult
10533,94462,"5,-7,4,2",Men's 50+ Singles
221166,33384,"9,9,6",Men's Singles Hsing Family
270194,57866,"4,6,8",U1800 Adult
1184629,282830,"9,6,7",U1200 Adult
273762,1174330,"4,6,-11,7",U13 Boys' Singles
27767,1177832,"6,2,2",U1900 Adult
277839,274995,"-9,9,5,9",U1200 Junior-Quarters
1166449,273772,"7,7,7",U15 Boys' Singles
223150,1172243,"5,5,3",Men's Singles Hsing Family
217130,256412,"9,10,9",U21 Men's Singles Hsing Family
59922,1132007,"6,4,3",U2600
271889,1177173,"9,-7,10,8",U13 Boys' Singles
221340,270725,"9,3,5",U15 Girls' Singles
263580,276426,"9,7,3",U1300 Junior-Prelims
267363,1175638,"6,8,6",U2400
217235,218837,"9,-7,9,4",U2600
264276,270305,"9,-9,5,-9,9",U2600
231503,1180500,"9,8,-9,6",U1400 Adult
215307,272975,"4,5,2",U17 Boys' Singles
86586,95653,"-7,5,6,8",U2000 Adult
1171127,271489,"4,5,5",U2000 Junior
272059,1173994,"8,-8,11,8",U1600 Junior
271061,273260,"6,3,4",U15 Boys' Singles
1157453,231503,"-9,10,5,-8,1",Men's 65+ Singles
1177768,1172399,"7,8,6",U2000 Junior
1173539,217519,"4,6,7",U2600
56456,1182632,"4,6,-5,-9,9",U2200
1176627,273218,"6,6,8",U1800 Junior
54175,81895,"5,3,0",Women's 65+ Singles-Semis
223757,274995,"-11,1,9,-8,4",U1600 Junior
1168516,203231,"7,7,7",U2200
1177782,1178555,"-8,9,5,-9,10",U1200 Junior
1165421,1174620,"3,5,3",U2400
268979,1171127,"1,-7,7,9",U13 Girls' Singles-Prelims
274913,283868,"10,6,2",U11 Boys' Singles
1182631,1175146,"7,6,7",U1500 Junior
34027,218159,"5,6,8",Men's 40+ Singles
271500,230772,"2,5,5",U1000 Adult
18298,82256,"5,7,1",30 & Over Men's Singles
220298,224231,"6,-6,10,9",U21 Women Singles Hsing Family-Prelims
1168383,92990,"9,6,9",U1700 Adult
1176550,220128,"9,-8,-10,10,9",U1800 Junior
8429,218158,"4,5,3",Men's 60+ Singles
79101,59330,"6,5,5",Men's 40+ Singles
1150995,1173263,"7,-9,6,6",U2400
1165105,278872,"5,-10,10,8",U1000 Junior
86064,1177832,"3,7,8",Men's Singles Hsing Family
95653,221166,"-10,13,9,9",U1900 Adult-Prelims
91872,201842,"-5,9,11,9",U1800 Adult
126009,279238,"10,2,7",U2400
272422,1185321,"2,4,7",U1600 Adult
1170443,1173545,"2,11,-9,8",U1700 Junior-Prelims
25587,223775,"-7,-7,5,9,9",U1800 Adult
221549,19736,"9,5,6",U2400-Prelims
927185,219958,"4,8,8",U2400
274350,1178563,"5,7,6",U13 Boys' Singles
1174330,1174369,"9,11,6",U2000 Junior
1176448,275290,"8,6,5",U1400 Junior-Quarters
1172399,271890,"9,7,7",U1800 Junior
265648,1176626,"-2,8,-4,9,10",U2600
1182632,275290,"8,8,5",U2000 Junior
14987,1131757,"8,7,4",Men's Singles Hsing Family
10533,98273,"5,8,9",30 & Over Men's Singles
10533,229714,"-9,7,3,7",U2200
1171856,270887,"-13,10,5,4",U2200
32895,222517,"7,9,-7,8",30 & Over Men's Singles
221078,1168670,"6,-9,5,-6,6",U2000 Adult
10419,1175981,"8,10,-12,5",U1900 Adult
27767,269822,"6,-10,-6,6,7",U2000 Adult-Prelims
74947,1171466,"-9,4,12,5",Men's Singles Hsing Family
1171127,279916,"3,7,5",U11 Girls' Singles
275290,1174322,"4,-6,8,4",U1700 Junior
1172851,272224,"-9,8,9,7",U19 Boys' Singles
277839,270836,"-8,8,9,6",U1700 Junior
215306,256412,"5,9,2",Men's Singles Hsing Family
263284,273085,"9,8,-7,-10,14",U15 Boys' Singles
270203,266075,"8,-8,5,2",U1600 Junior-Quarters
1179018,1174326,"-11,9,9,9",U1500 Junior
1131757,276927,"4,8,-8,4",U1800 Adult
221340,1173129,"5,7,1",U17 Girls' Singles
212806,231514,"3,4,8",U17 Boys' Singles
220298,1179780,"5,13,3",U19 Girls' Singles
215306,284007,"4,3,8",U21 Men's Singles Hsing Family
271489,274622,"5,-7,10,8",U1900 Junior
273772,1182438,"3,-9,10,-9,6",U1900 Junior
231514,272825,"9,-6,-12,2,9",U1800 Junior
268979,20075,"5,6,5",U2400
1171668,1181160,"5,1,5",30 & Over Men's Singles
273772,276520,"7,8,8",U11 Boys' Singles
84897,77033,"9,9,-7,-7,7",30 & Over Men's Singles-Finals
1171127,95331,"3,7,-9,9",U21 Women Singles Hsing Family
20075,231503,"5,8,4",Men's 65+ Singles
229714,277242,"4,8,8",U17 Boys' Singles
91612,231503,"9,9,7",U1600 Adult
1182438,275657,"8,7,6",U1600 Junior
263580,271889,"8,-9,-9,8,8",U1700 Junior
223729,1184629,"8,9,9",U1200 Adult
270709,277242,"5,-6,6,4",U15 Boys' Singles
198840,224135,"6,-7,4,-9,10",Women's Singles Hsing Family
1177173,264196,"10,4,-4,5",U1600 Junior-Prelims
1178555,275947,"12,9,2",U11 Boys' Singles
267433,278871,"3,1,3",U13 Girls' Singles
203221,1171292,"-8,9,8,-8,8",U2600
10393,24961,"4,7,4",U1800 Adult
222971,219210,"7,12,-9,12",U17 Girls' Singles-Quarters
1176448,276520,"8,7,5",U1500 Junior
80503,28551,"6,-8,7,-7,5",Men's Singles Hsing Family
1178555,274912,"7,8,-7,9",U1500 Junior
13411,85544,"8,4,6",U1600 Adult
90115,1171128,"8,-9,9,7",U2400
1180141,1179256,"9,8,-9,-9,5",U1400 Junior
27767,283841,"4,3,4",Men's 50+ Singles
221549,229498,"7,6,8",U2400
1175782,1182631,"5,9,6",U1600 Junior
271875,278846,"7,5,5",U1300 Junior
279170,223040,"8,7,-8,6",U15 Boys' Singles
5724,24961,"6,8,7",Men's 65+ Singles
1171127,1176242,"2,3,5",U19 Girls' Singles
84897,256412,"6,7,10",U2600
277526,1180947,"-9,5,5,6",U1700 Junior
110466,45824,"4,5,7",Men's 40+ Singles
274995,1175146,"-7,-8,9,14,9",U1400 Junior
270725,272825,"6,5,1",U13 Girls' Singles
1178677,279282,"6,2,9",U1600 Junior
221166,26027,"9,8,7",U2400
274350,277839,"4,4,3",U11 Boys' Singles
271061,265238,"-11,6,-8,6,8",U15 Boys' Singles
279170,1179255,"5,8,-8,-9,8",U17 Boys' Singles
1175371,221939,"7,6,7",U2200
270725,279820,"5,4,5",U11 Girls' Singles-Quarters
275965,1176555,"3,11,3",U1800 Junior
1171856,1174369,"7,3,6",U13 Boys' Singles
269745,270203,"6,7,9",U2000 Junior
265648,1173263,"-11,7,5,6",U2200-Prelims
284187,1172775,"7,9,-9,-10,5",Women's 50+ Singles
277186,271875,"3,3,1",U1200 Junior
270305,96732,"9,-13,9,4",U2200
12948,280415,"14,11,-11,-5,8",U2200-Finals
1175416,1182631,"9,4,6",U13 Boys' Singles
229635,86586,"-3,6,8,5",Men's 40+ Singles
220128,1179779,"7,8,7",U1800 Junior
273085,58927,"3,9,-12,6",U2400
272737,274622,"7,0,8",U1900 Junior
223775,1178073,"4,5,8",U1700 Adult
57949,268979,"6,6,5",U2400
219237,229714,"11,-7,9,9",U17 Boys' Singles
1176448,1178096,"7,8,10",U1200 Junior
1167093,211647,"8,6,7",U1700 Adult
273762,1175139,"6,7,8",U2000 Junior
10419,283841,"1,7,5",Men's 50+ Singles
50664,57866,"6,7,3",30 & Over Men's Singles
216131,19484,"4,4,6",30 & Over Men's Singles
1172851,211820,"7,8,8",Men's Singles Hsing Family
1178071,284008,"4,2,2",U2600
271061,1168381,"9,2,-4,5",U2200-Prelims
270991,275657,"3,11,9",U1800 Junior
279820,275101,"8,3,-6,-10,4",U11 Girls' Singles
267187,284187,"10,4,8",U1000 Adult
229714,280415,"6,9,8",U2400-Prelims
219347,280046,"3,6,3",U19 Boys' Singles
84903,93758,"3,8,4",Men's Singles Hsing Family-Prelims
267363,270905,"4,5,-6,7",U2000 Adult
273772,271876,"-7,4,-4,10,9",U1800 Junior
268620,1174620,"4,-7,3,8",U2400
72193,81774,"10,7,10",Men's Singles Hsing Family-Prelims
220298,275694,"7,12,5",Women's Singles Hsing Family
221595,231503,"4,-9,5,10",U1700 Adult
79101,222517,"10,4,7",Men's 40+ Singles
268620,95193,"1,4,9",Men's Singles Hsing Family
222971,198840,"6,10,-8,-10,7",U21 Women Singles Hsing Family-Finals
1176626,273085,"3,1,-9,8",U2200-Prelims
270709,271876,"6,5,-7,4",U1700 Junior
275877,1180983,"2,7,-10,6",U1800 Junior
221078,1169913,"5,11,5",U1800 Adult
217235,212806,"4,9,1",U15 Boys' Singles-Semis
1171867,1174062,"3,-9,9,8",U2000 Junior
282569,1165461,"-13,-8,9,8,7",U1600 Adult
92943,1171856,"7,8,9",U2200-Prelims
98041,10393,"10,6,-4,8",U1900 Adult
267433,1165105,"4,1,7",U15 Girls' Singles
277518,1175891,"-5,4,7,12",U1400 Adult
98280,1181160,"7,7,8",U1500 Adult-Prelims
223480,1173545,"-5,6,-11,8,10",U2200
85545,265134,"4,4,8",U2000 Adult
229714,78310,"3,5,11",U2400
211821,94133,"9,-10,8,7",U2600
86064,202987,"6,5,7",U2400
1171941,80797,"4,4,7",U2200
1171225,280046,"4,8,12",U2200
203231,262940,"4,11,1",U1700 Adult
231177,1150977,"3,5,9",U2000 Junior-Prelims
264276,10393,"7,-10,9,7",Men's Singles Hsing Family
90115,219405,"9,-8,5,-7,11",U2400
1177782,271875,"4,6,6",U1200 Junior
59922,90115,"8,7,8",30 & Over Men's Singles
1165615,275200,"2,1,3",U2000 Junior
202990,197388,"8,7,-10,-7,9",U19 Boys' Singles-Prelims
217130,1174545,"6,7,7",Men's Singles Hsing Family
9501,5021,"6,-8,9,5",Men's 60+ Singles
270194,281823,"8,7,9",U1700 Adult
277518,284188,"-9,4,4,5",30 & Over Women's Singles
266395,71560,"3,5,7",U2200
279803,1132453,"2,9,3",U1200 Junior
279803,1180141,"8,-8,8,8",U1200 Junior
270911,1174330,"4,5,7",U21 Men's Singles Hsing Family
272196,270203,"10,8,9",U1600 Junior-Semis
37020,25587,"-7,3,10,8",Men's 50+ Singles
1132365,58927,"6,7,9",U2400
10393,30198,"6,8,-5,-9,7",Men's 50+ Singles
202029,271883,"10,4,8",U17 Boys' Singles
229635,27885,"7,5,3",Men's 50+ Singles
219210,269985,"5,8,-9,2",U19 Girls' Singles
1176627,267363,"4,8,-7,10",U2200
224231,215165,"9,7,-2,-8,9",U19 Girls' Singles-Quarters
271149,1175416,"4,9,9",U13 Boys' Singles
1171106,215792,"8,10,6",U1800 Adult
222696,231598,"-11,7,8,-8,7",U1800 Adult
282936,60268,"2,4,11",U1200 Adult
1180983,1174326,"6,6,6",U1500 Junior
270911,274622,"5,8,2",U17 Boys' Singles
220298,1171856,"10,4,-10,6",U2400-Prelims
270710,280491,"9,9,-7,5",U1200 Junior
278872,278846,"6,6,-4,-4,3",U1000 Junior
217235,1171107,"3,5,8",U15 Boys' Singles
82768,224135,"6,6,6",U2600
57949,50664,"5,9,6",Men's 40+ Singles
267363,1150994,"9,7,7",U2000 Adult-Prelims
81895,30833,"10,5,8",Women's 65+ Singles
1176448,1176700,"7,6,5",U1600 Junior
276426,274622,"-2,4,-8,5,5",U1500 Junior
276520,1180148,"4,6,9",U1300 Junior
221939,272975,"6,9,5",U15 Boys' Singles
219191,277242,"3,6,2",U15 Boys' Singles
1170759,1168382,"7,6,3",U15 Girls' Singles
84897,59922,"8,6,-8,4",30 & Over Men's Singles-Semis
269822,279238,"7,5,4",U2000 Adult
59330,56456,"-11,8,7,6",30 & Over Men's Singles
87893,269408,"5,10,-9,7",U2200
220260,218150,"8,4,-10,4",U2000 Adult
87893,218159,"-6,-8,7,6,9",U2000 Adult
222517,1165117,"5,5,-5,8",U1800 Adult
90115,270709,"-7,8,6,9",U2200
1184523,1179255,"-6,9,10,-11,8",U1900 Junior
276426,275290,"2,5,-6,9",U1500 Junior-Prelims
94609,211982,"6,4,4,5",Men's Singles Hsing Family-Quarters
1171466,274622,"4,5,13",U19 Boys' Singles
1171665,270393,"2,13,4",U15 Girls' Singles
271883,273085,"5,-9,-7,7,7",U13 Boys' Singles
212806,276426,"5,6,3",U15 Boys' Singles
1171856,31436,"7,6,7",U2400
37020,40278,"5,-6,6,-6,2",U2000 Adult-Prelims
272059,274913,"7,-10,4,6",U1600 Junior
3920,1174611,"7,6,12",Men's 70+ Singles
58927,1168383,"9,6,2",U2400
49321,20075,"5,8,5",U1800 Adult
927185,264196,"-14,2,6,8",U2000 Junior
82025,229635,"5,7,2",Men's Singles Hsing Family
1175782,218713,"4,-9,-4,2,7",U1500 Junior
1173539,1164236,"4,5,7",U2400-Prelims
79101,218159,"1,4,2",Men's 50+ Singles
927185,231514,"9,14,4",U2200
212806,97365,"9,7,10",U21 Men's Singles Hsing Family
222971,272586,"4,9,1",U19 Girls' Singles
224072,1178504,"6,6,11",U1900 Junior
61392,277519,"-7,9,-6,6,7",U1900 Adult
263580,1175146,"8,7,10",U1700 Junior
217143,269985,"9,7,3",U2400
223775,21222,"7,4,9",Men's 60+ Singles
1132007,1170374,"5,6,-3,7",U2000 Junior-Prelims
270991,1179018,"1,9,9",U15 Boys' Singles
217364,20075,"-5,7,6,10",U1900 Adult
270709,268620,"5,10,-6,4",U2200
271596,271860,"2,1,3",U11 Girls' Singles
1176550,1184713,"2,4,1",U1700 Junior
219888,277526,"8,4,9",U13 Boys' Singles
14730,1174620,"-7,8,10,8",U2000 Adult
1132007,273411,"7,3,8",U2200
1173263,1178504,"8,3,8",U19 Boys' Singles
12948,270851,"6,-11,5,11",U2200-Prelims
230779,1169772,"10,7,4",U1900 Junior
266395,274622,"6,8,7",U17 Boys' Singles
270203,276162,"10,-9,3,4",U1700 Junior
270991,223040,"4,10,-9,7",U2200
1171942,1173092,"7,13,4",U1200 Adult
265238,275657,"6,3,2",U2000 Junior
81327,221992,"5,-8,4,8",U1800 Adult
278846,277491,"6,8,8",U11 Girls' Singles
269570,276835,"4,6,9",U15 Boys' Singles
8429,18868,"2,4,4",Men's 70+ Singles
203231,1171668,"9,-6,9,7",U2000 Adult
12141,1175978,"9,6,8",U1400 Adult
1173728,1184533,"3,7,-8,8",U1500 Junior
79092,1166449,"5,9,8",U2200-Prelims
1178555,271875,"5,6,3",U1200 Junior
1174322,1180148,"6,3,1",U1500 Junior
1174615,1178448,"8,-10,9,-10,7",U1200 Junior
272825,279591,"5,7,5",U1700 Junior
274994,271883,"6,-4,5,5",U15 Boys' Singles
271596,275965,"8,8,11",U2200
1176627,275290,"4,10,4",U1900 Junior
219210,1171665,"7,8,6",U13 Girls' Singles-Semis
217865,274622,"3,4,0",U17 Boys' Singles
1150977,270911,"9,-4,8,8",U2200
25344,83686,"-7,8,9,-11,9",30 & Over Men's Singles
276539,1178073,"3,3,-10,4",U1800 Adult
9501,1174609,"-7,4,7,6",Men's 65+ Singles
1174103,1175638,"-8,-9,6,5,9",U1900 Adult
1175782,271860,"3,2,10",U1500 Junior
272196,277441,"4,-9,8,7",U2000 Junior
79101,16465,"5,6,-11,7",Men's 60+ Singles-Semis
222971,220298,"4,8,9",U15 Girls' Singles-Semis
83686,3920,"9,2,0",Men's 40+ Singles
220298,79820,"6,3,4",U2400
231514,218713,"5,-7,9,7",U1700 Junior
284008,221595,"8,-8,8,8",U1500 Adult
271322,1178563,"3,4,3",U1900 Junior
1132365,272586,"-6,7,4,6",U21 Women Singles Hsing Family-Prelims
79820,79603,"3,7,7",U2000 Adult
270194,284008,"7,8,0",U1800 Adult
276158,1180141,"9,-7,11,-7,6",U1200 Junior
1179018,1176556,"-6,8,-8,6,11",U1700 Junior
215306,219347,"8,10,6",U21 Men's Singles Hsing Family
215306,1172200,"2,4,3",Men's Singles Hsing Family
279820,271875,"3,1,5",U11 Girls' Singles
1179255,273646,"6,7,8",U2000 Junior-Prelims
92994,95653,"4,3,-4,-2,6",Men's Singles Hsing Family
1171856,1170443,"8,5,9",U2200
1171643,277441,"9,5,6",U15 Girls' Singles
57866,40278,"10,8,-4,-10,9",U2000 Adult
271860,1184713,"-6,6,7,7",U1200 Junior
1173259,1174369,"5,4,6",U11 Boys' Singles-Quarters
275657,1177045,"7,13,5",U1700 Junior
27961,3920,"3,2,-10,4",Men's 60+ Singles
1173259,270832,"6,9,9",U13 Boys' Singles
1182631,1179780,"8,3,7",U1800 Junior
198840,281942,"-6,9,9,8",U21 Women Singles Hsing Family-Quarters
271061,220824,"3,7,10",U2200-Prelims
219210,202987,"6,8,9",U19 Girls' Singles
12948,79092,"11,5,4",U2200-Semis
203187,270725,"7,3,4",U19 Girls' Singles
270444,275657,"7,2,10",U2000 Junior
92550,1169576,"8,8,6",U17 Girls' Singles
59922,56456,"10,-10,2,4",Men's Singles Hsing Family
1173259,273772,"3,9,5",U11 Boys' Singles
269965,270725,"7,5,2",U13 Girls' Singles
1179256,279591,"7,5,6",U1200 Junior
1172851,49321,"8,5,8",U2200
268620,1177767,"5,-9,9,8",U17 Boys' Singles
92451,1165461,"-4,7,-10,12,4",U1700 Adult
270991,1170443,"-10,-4,6,9,11",U1800 Junior-Quarters
93758,217235,"6,11,9",U19 Boys' Singles-Prelims
270404,282830,"2,4,3",Women's 50+ Singles
197388,95653,"8,-5,9,6",U2400
1165117,276193,"-4,8,-7,8,3",U1500 Adult
1164236,269440,"5,3,5",U19 Boys' Singles
1175416,1172243,"12,9,-10,6",U2200
1175146,283868,"4,5,1",U1300 Junior
1171292,1177302,"6,5,7",U2400
1175782,220128,"-11,8,-5,6,5",U1800 Junior
280607,223729,"-7,8,-9,6,5",U1200 Adult-Quarters
1168381,1150994,"8,6,8",U2200
270851,1165054,"8,5,10",U2200
22286,12948,"7,10,7",Men's 40+ Singles-Prelims
1182089,282830,"10,8,7",Women's 60+ Singles
1176448,275200,"8,6,2",U1500 Junior
271322,274913,"5,0,4",U1700 Junior
1172200,271876,"-8,-9,8,6,9",U2000 Junior
270911,277242,"5,3,6",U13 Boys' Singles
50664,94133,"-9,8,-10,4,7",Men's Singles Hsing Family
275877,1170374,"10,-9,7,8",U13 Boys' Singles
82256,1174431,"9,-9,5,-3,7",U1700 Adult
1168383,1184714,"8,7,-10,-8,7",U1600 Adult
74947,221166,"4,12,7",U2000 Adult-Semis
269965,222763,"-7,9,5,-6,1",U15 Girls' Singles-Semis
224231,219888,"6,6,7",U2200-Prelims
11877,74947,"5,-11,-9,7,5",30 & Over Men's Singles
276162,279803,"4,-10,8,-5,8",U1200 Junior-Prelims
1150994,18868,"4,7,8",U2000 Adult
32870,85544,"6,5,-6,10",Women's 65+ Singles-Semis
203221,1174461,"-9,-9,8,8,8",U2000 Junior-Prelims
1182746,1185043,"5,9,5",U2000 Adult
218837,269985,"8,10,8",U21 Women Singles Hsing Family
79101,27885,"4,5,2",Men's 50+ Singles
268150,98280,"8,9,9",U1200 Adult-Quarters
270832,278584,"8,-9,-4,7,8",U11 Boys' Singles
270305,271889,"8,8,11",U13 Boys' Singles
277441,274683,"-7,2,4,1",U1900 Junior
217364,3920,"2,2,4",Men's 65+ Singles
272196,278846,"6,3,4",U1600 Junior
217235,1170609,"5,7,3",U21 Men's Singles Hsing Family
84903,1172851,"1,2,1",Men's Singles Hsing Family-Prelims
221166,5724,"7,6,6",U1800 Adult
1168381,1179780,"2,1,5",U19 Girls' Singles
1171941,1176242,"10,5,6",U2000 Junior
271260,1175638,"4,8,-10,4",U2600
279916,274913,"8,-3,9,-8,7",U1200 Junior
1165615,271425,"9,10,8",U1900 Junior-Quarters
1171466,217519,"9,5,6",U2600
273772,275947,"5,7,7",U1600 Junior
218713,1178563,"5,6,8",U1700 Junior
80797,85544,"3,8,7",U1700 Adult
1171643,270709,"-9,-8,6,4,5",U2000 Junior
1150994,95331,"6,5,9",U2000 Adult
266075,264196,"-9,7,4,-9,4",U1400 Junior-Finals
230237,271596,"7,6,6",U15 Girls' Singles
97365,1168383,"6,3,14",U2200
211982,202029,"9,8,-9,7",U2600-Quarters
270887,1176555,"9,4,9",U15 Boys' Singles
95331,18868,"1,4,4",U2000 Adult
271596,1176700,"10,8,8",U13 Girls' Singles
274683,1165105,"5,4,7",U1600 Junior
275101,1176556,"-5,-10,9,5,6",U1400 Junior
270494,282199,"5,8,7",U1200 Adult
279803,1184713,"2,4,7",U1300 Junior
1168381,1171225,"8,-9,4,7",U2400
1170374,273411,"4,5,7",U1900 Junior
218159,1167093,"9,-10,9,8",U1900 Adult
1179018,276520,"8,8,9",U1300 Junior
223243,1182632,"5,3,8",U2200
270991,214471,"6,4,4",U1800 Junior-Prelims
218159,265134,"7,8,10",U1800 Adult
270851,265238,"8,-9,11,9",U1900 Junior-Semis
1176627,277242,"3,3,8",U2000 Junior
272548,71260,"5,10,7",U1500 Adult
275101,283868,"2,6,11",U1200 Junior
271883,1150977,"9,-7,9,9",U2400
219888,1171856,"8,6,8",U13 Boys' Singles-Prelims
12948,223480,"2,7,5",U2400
89837,270911,"5,5,5",U19 Boys' Singles
275101,271860,"3,-9,5,5",U1500 Junior
1170443,1176242,"6,4,7",U1900 Junior
94640,229498,"1,1,1",U2600
221939,276539,"7,8,2",U2200
221549,1174330,"-6,5,4,6",U13 Boys' Singles
1171292,275200,"1,2,4",U15 Boys' Singles
272059,278871,"2,5,2",U13 Girls' Singles
203187,1170842,"7,3,7",U17 Girls' Singles
94469,203221,"5,2,-11,8",U2600
1177782,271860,"6,-7,8,6",U1000 Junior
82768,30198,"9,9,9",Men's Singles Hsing Family-Prelims
276835,1132453,"6,8,-8,-10,4",U1600 Junior
30199,277518,"5,2,8",30 & Over Women's Singles
1174318,273132,"12,5,9",U1600 Junior
264543,1165461,"8,8,7",U1700 Adult
1169576,18298,"4,8,-9,9",U2400-Prelims
92994,274328,"7,5,0",Men's Singles Hsing Family
12948,11877,"4,8,-4,3",U2200-Quarters
270725,277491,"3,5,3",U11 Girls' Singles
1173259,1174461,"8,5,5",U2400
256412,211821,"12,-7,6,9",U21 Men's Singles Hsing Family
1176448,278846,"1,3,3",U1300 Junior
215307,280414,"-7,10,11,-9,4",U17 Boys' Singles-Prelims
8144,1150978,"1,5,4",Men's Singles Hsing Family
230237,1171127,"8,7,2",U19 Girls' Singles
270393,270437,"-8,4,11,-2,8",U1800 Junior
269985,231598,"8,4,-6,4",U2200
198840,275694,"12,4,6",U17 Girls' Singles
1173129,273772,"9,5,-7,3",U2000 Junior
3727,1174609,"6,-5,8,-10,5",Men's 65+ Singles
1178073,1180500,"9,5,2",U1200 Adult
277242,270710,"-5,3,-2,8,9",U1900 Junior
271889,273772,"10,4,9",U2000 Junior
1150978,275694,"1,-6,9,6",U2400
266075,274466,"-9,8,2,7",U1700 Junior
58286,30199,"6,7,6",30 & Over Women's Singles-Semis
94028,229635,"7,6,6",U2600
218159,272548,"7,5,9",U1800 Adult
1178675,1185321,"7,9,6",U1700 Adult
217130,272224,"6,7,4",U21 Men's Singles Hsing Family
1175891,1184629,"6,9,12",U1500 Adult
274994,1178555,"5,2,6",U11 Boys' Singles
270991,272196,"8,5,0",U1800 Junior
269440,1150978,"-5,9,-7,8,9",U19 Boys' Singles
273646,264897,"7,6,10",U17 Boys' Singles
1174063,1175638,"3,5,11",U2200
74947,1178675,"8,5,3",U2200
59922,229850,"5,0,6",U2600
277441,275947,"12,6,5",U1700 Junior
1132365,1168383,"8,3,7",U2400
219237,1157745,"8,8,-8,4",U17 Boys' Singles
220298,1175371,"8,7,-4,2",U15 Girls' Singles
222971,1157628,"10,4,3",U15 Girls' Singles
215306,263580,"3,3,3",U17 Boys' Singles
94469,1131757,"3,6,3",30 & Over Men's Singles
270393,1176550,"12,7,7",U1700 Junior-Quarters
219237,264276,"9,-4,7,7",Men's Singles Hsing Family
94028,219191,"8,6,6",U2400
32870,25125,"3,3,2",Women's 70+ Singles
219191,1173263,"9,2,3",U15 Boys' Singles
276193,283878,"10,8,-7,3",U1200 Adult
220666,82232,"5,8,-9,8,6",Women's Singles Hsing Family-Semis
276927,79820,"7,9,11",U1900 Adult
267363,1177832,"6,7,1",Men's Singles Hsing Family
57949,271583,"-11,9,3,2",Men's Singles Hsing Family
30199,284187,"7,3,4",Women's 50+ Singles
32895,1172200,"8,10,7",U2400
219237,270444,"6,6,9",U19 Boys' Singles
271425,275965,"5,4,7",U1800 Junior-Prelims
271425,274622,"9,7,7",U1900 Junior
222276,256702,"9,1,8",U15 Boys' Singles-Prelims
1165054,13411,"5,6,-7,3",U1800 Adult
222815,1168381,"2,3,3",U17 Girls' Singles
91612,1184714,"-5,10,10,4",U1500 Adult
95193,27961,"6,-9,-9,7,6",U2000 Adult
256412,1172200,"7,2,9",Men's Singles Hsing Family
198570,265134,"4,9,5",30 & Over Men's Singles
1177832,274328,"13,-9,8,7",U1400 Adult
219237,10393,"5,8,7",Men's Singles Hsing Family
82025,1166449,"3,-10,9,9",Men's Singles Hsing Family
266075,1173728,"6,5,8",U1500 Junior
1171856,1182631,"6,-10,5,8",U11 Boys' Singles
215307,264897,"3,4,1",U2400
42342,80797,"4,-8,-4,9,15",Men's 65+ Singles
1177832,29853,"-9,6,-7,7,9",U1700 Adult
222763,1175371,"6,6,5",U17 Girls' Singles
249948,1172200,"5,4,9",Men's Singles Hsing Family
1176550,1176771,"3,10,10",U1900 Junior
1165422,270437,"6,9,-10,8",U17 Boys' Singles
98280,282936,"-11,9,3,9",U1200 Adult
203221,231177,"-15,7,9,-9,8",U2000 Junior-Prelims
98266,71560,"3,3,4",Men's Singles Hsing Family
1169576,1175638,"3,5,2",U2400
89837,197388,"8,-4,6,7",U21 Men's Singles Hsing Family-Prelims
1181183,62073,"2,2,5",U1200 Adult
90115,268620,"8,9,-8,9",U2200
79820,5724,"4,5,10",U1900 Adult
1176242,273132,"-9,9,6,5",U2000 Junior
1170751,275200,"8,7,5",U11 Boys' Singles
280414,1171941,"2,6,-9,3",U2600
203245,1175637,"-6,6,7,6",U1600 Adult
271890,1178096,"6,4,7",U1500 Junior
40278,83562,"1,8,6",Men's 50+ Singles
1170443,1179255,"6,8,9",U2000 Junior-Prelims
1157745,274350,"4,11,3",U13 Boys' Singles
272196,264196,"-9,9,9,-3,9",U15 Boys' Singles
14730,14987,"-7,-4,9,8,8",Men's 40+ Singles
79603,283878,"10,2,-9,7",30 & Over Women's Singles
94028,1174620,"2,5,3",Men's Singles Hsing Family
1166449,1175139,"8,8,6",U17 Boys' Singles
215306,271260,"6,6,9",U2600
1182438,1176556,"10,6,3",U1400 Junior
1180451,1181183,"6,2,3",U1200 Adult
270911,276539,"6,4,5",U2400
264013,1171867,"5,-6,8,-6,10",Women's Singles Hsing Family
1172006,1165105,"4,8,9",U1200 Junior
59922,272224,"4,6,2",Men's Singles Hsing Family
198840,1171128,"5,5,8",U17 Girls' Singles
277742,1179256,"-11,6,7,2",U1000 Junior
222276,270887,"8,-12,7,6",U19 Boys' Singles
268150,231503,"6,3,8",U1400 Adult
272737,275965,"2,-8,8,3",U1700 Junior-Quarters
98262,215306,"9,5,-8,8",U2600-Prelims
1173728,279282,"-9,8,3,6",U11 Girls' Singles
264662,1179255,"7,12,0",U13 Boys' Singles
280046,1180148,"9,8,5",U11 Boys' Singles
223757,275657,"11,5,5",U1700 Junior
1132007,1175146,"4,8,5",U1900 Junior
1164236,1165422,"9,1,7",U19 Boys' Singles
212114,1171128,"6,-8,5,-9,4",U19 Girls' Singles
222064,283841,"3,-8,6,-4,8",U1600 Adult
217130,230805,"8,10,6",U17 Boys' Singles-Prelims
34134,1167093,"9,8,10",U1600 Adult-Quarters
229635,10419,"-6,7,5,6",U2400
275739,13411,"-7,10,-7,6,9",U1500 Adult
220666,222971,"4,-4,3,-10,7,3",Women's Singles Hsing Family-Quarters
270404,284187,"2,1,5",Women's 40+ Singles
270494,262940,"3,4,4",U1200 Adult
8005,223775,"7,7,7",Men's 70+ Singles
1169772,274683,"-9,-4,4,6,6",U2000 Junior
271489,1172399,"-5,-9,8,6,9",U1800 Junior
215165,198840,"8,7,-11,11",U19 Girls' Singles-Prelims
217532,1175371,"5,8,2",Women's Singles Hsing Family
1174063,275290,"5,6,-9,14",U1900 Junior
94640,98257,"6,10,-10,7",U2600
927185,276835,"5,2,6",U2000 Junior
1157628,79603,"5,8,2",Women's Singles Hsing Family
1180500,1175978,"10,-8,7,7",U1200 Adult
270851,1170443,"9,4,7",U2000 Junior-Quarters
1171225,18298,"11,10,-10,-8,8",U2400
1170609,1173263,"10,8,-8,16",U2400
95653,27767,"-10,9,10,-10,7",U1900 Adult-Finals
212806,1171107,"3,7,4",U17 Boys' Singles
271883,1172200,"6,6,5",U15 Boys' Singles
80241,211903,"8,4,3",U2400
1157745,1178563,"7,2,2",U13 Boys' Singles
12141,1165117,"8,9,8",U1400 Adult-Quarters
219210,222763,"9,-9,6,8",U19 Girls' Singles-Finals
12948,275037,"-6,8,6,4",U2200-Prelims
50664,1175637,"2,4,5",Men's Singles Hsing Family
269822,270393,"9,9,6",U2200
218159,1172476,"8,6,8",30 & Over Men's Singles
222971,89217,"-8,-3,9,3,7",U21 Women Singles Hsing Family-Semis
59330,274555,"4,4,7",Men's Singles Hsing Family
30198,1176626,"8,-3,9,6",U2200-Prelims
280414,1171225,"6,5,5",U17 Boys' Singles
1170374,272975,"8,4,3",U2000 Junior
1174620,1177832,"-7,11,9,-4,9",U1900 Adult
96732,1171941,"9,9,-6,-10,11",Men's Singles Hsing Family
270851,198570,"4,6,-8,9",U2200
230805,12948,"-9,9,8,8",Men's Singles Hsing Family
216131,270393,"3,4,5",U2200
1170751,1173129,"6,-9,-9,9,11",U2000 Junior
277242,1176556,"11,-6,-9,9,7",U1700 Junior
280491,1180148,"9,1,5",U1000 Junior
80503,219958,"4,7,6",U2400
224135,1171867,"5,8,3",Women's Singles Hsing Family
1175782,272196,"5,-7,8,6",U1600 Junior-Finals
1171856,274994,"11,7,-8,14",U11 Boys' Singles-Finals
98041,97365,"-8,7,7,8",U2000 Adult-Prelims
217532,275694,"4,7,5",U19 Girls' Singles
1165615,271889,"8,10,7",U1900 Junior
80241,270887,"4,9,4",U2400
1176242,277441,"-7,3,-10,6,11",U1800 Junior
219210,221340,"6,6,8",U19 Girls' Singles
272059,1177302,"3,10,-4,13",U1700 Junior
201842,60268,"6,5,6",U1300 Adult
275037,270437,"6,7,11",U17 Boys' Singles
220128,1180947,"3,3,4",U1900 Junior
79092,10533,"8,-4,3,7",30 & Over Men's Singles-Prelims
222696,88195,"6,8,6",U1700 Adult
54175,92990,"3,4,8",Women's 60+ Singles-Semis
1165117,262940,"1,3,6",U1700 Adult
6713,20101,"3,7,3",Men's 60+ Singles
268150,1171942,"7,7,6",U1300 Adult
211820,1166389,"-8,9,7,6",U19 Boys' Singles
270404,92990,"6,7,5",Women's 50+ Singles
219347,271583,"5,6,5",U2400
1174609,268150,"6,7,4",U1700 Adult
277186,1184533,"-7,8,7,8",U1300 Junior
212806,256702,"7,-6,1,10",U17 Boys' Singles-Prelims
1184523,266075,"-9,11,-4,7,7",U1500 Junior-Prelims
269985,1177173,"9,4,5",U2000 Junior
927185,1171941,"-6,-6,7,8,4",U2000 Junior-Prelims
219210,231177,"3,10,9",Women's Singles Hsing Family
110466,3920,"3,3,2",Men's 40+ Singles
1175782,271322,"2,7,7",U2000 Junior
223757,1170842,"6,7,4",U17 Girls' Singles
230805,126009,"6,7,7",U2400
5442,85793,"6,9,11",Men's 40+ Singles
98041,42342,"2,6,8",U1900 Adult
270887,1171225,"2,8,8",U19 Boys' Singles
97365,88195,"-5,6,9,12",U2000 Adult
275694,92994,"6,-9,10,5",U2600
256702,1172851,"6,9,-7,-7,8",U17 Boys' Singles
265134,268150,"-9,-9,4,8,5",U1700 Adult
82025,269745,"7,7,7",U2400
275101,277186,"6,4,9",U1000 Junior
11877,59330,"5,9,10",30 & Over Men's Singles-Prelims
269745,1177302,"7,6,5",U2000 Junior
269570,280491,"0,7,1",U11 Boys' Singles
217143,1175146,"8,7,3",U15 Boys' Singles
1175981,91612,"9,7,9",U1600 Adult
1177832,280607,"7,7,8",U1400 Adult
270911,219888,"8,-7,-8,7,7",U13 Boys' Singles-Semis
202991,1172775,"2,3,6",Women's 40+ Singles
50664,269408,"4,9,1",30 & Over Men's Singles
223757,268620,"8,-9,10,-8,5",U2000 Junior
273762,1182632,"9,-8,-8,8,4",U2000 Junior
221549,263284,"2,4,10",U15 Boys' Singles-Prelims
211647,71560,"3,5,-10,5",U1800 Adult
1179779,1180141,"4,4,4",U1300 Junior
1166449,1165615,"8,8,4",U19 Boys' Singles
92994,14730,"10,8,2",U2000 Adult
1131757,1167093,"7,6,8",U2000 Adult
1171292,273646,"9,6,7",U2400
54175,32870,"5,7,8",Women's 60+ Singles-Finals
8146,5710,"7,8,7",Men's 80+ Singles-Finals
13020,94462,"3,-11,4,5",Men's 60+ Singles
269440,219958,"6,7,-9,-9,6",U17 Boys' Singles
270203,1176049,"7,5,3",U1700 Junior
34027,10419,"8,10,5",Men's 40+ Singles
270836,280491,"-7,6,6,-10,3",U1500 Junior
217143,14730,"10,8,8",U2400
79820,271260,"7,6,7",U2400
1157745,270203,"6,3,4",U2400
284187,1157449,"6,2,3",U1000 Adult
197388,1171292,"5,4,9",U2400-Prelims
219347,10533,"8,10,7",U2400-Prelims
256412,18298,"7,5,8",U2600
1168383,13411,"10,11,5",U1900 Adult
18298,1177302,"6,6,5",U2200
212114,274912,"2,3,2",U19 Girls' Singles
79092,221939,"6,5,7",U2600
220298,1165421,"-9,7,7,5",U2400-Prelims
275657,278871,"2,1,3",U11 Girls' Singles
32870,92990,"7,11,6",Women's 60+ Singles
1184629,1181183,"-7,4,4,9",U1400 Adult
270709,1178504,"7,9,0",U2000 Junior
269570,59330,"9,4,11",U2200-Prelims
276426,283868,"3,6,2",U1000 Junior
222763,224135,"2,5,-6,2",U17 Girls' Singles-Quarters
5442,1174103,"8,5,10",U2000 Adult-Prelims
1165421,1166449,"7,9,8",U2400-Prelims
270710,1175146,"7,-8,-8,8,5",U1300 Junior
27767,10419,"-5,9,2,6",Men's 50+ Singles
271260,1178504,"7,9,7",U19 Boys' Singles
1169772,271583,"5,3,10",U19 Boys' Singles
273085,271425,"-9,-10,7,5,4",U2000 Junior-Prelims
1150978,1168383,"8,8,5",U2200
211820,264013,"13,2,6",U2600
1173092,282199,"4,13,7",U1000 Adult
271883,1174063,"-5,7,7,5",U2000 Junior
271061,1178504,"9,4,2",U11 Boys' Singles
55345,218158,"4,5,1",Men's 65+ Singles
219191,10533,"8,8,13",U2200-Prelims
198840,279820,"5,6,3",U17 Girls' Singles
273762,1180141,"2,5,2",U11 Boys' Singles
215307,230805,"5,-3,5,-9,9",U21 Men's Singles Hsing Family
84897,11877,"11,13,12",30 & Over Men's Singles-Quarters
229780,272548,"4,-12,7,-11,11",U1500 Adult
264543,270194,"11,-8,9,11",U1700 Adult-Prelims
1165615,270836,"-9,9,5,9",U1900 Junior
1173129,271889,"4,8,9",U2000 Junior
281942,217532,"5,8,-6,-11,7",Women's Singles Hsing Family-Prelims
1176448,271875,"6,2,4",U1300 Junior
221166,1169913,"5,8,5",U1900 Adult
14987,1171668,"-7,7,9,-10,8",Men's 40+ Singles
10533,5442,"6,-11,7,9",30 & Over Men's Singles
90115,1178073,"3,5,8",30 & Over Men's Singles
230805,1178504,"10,7,4",U17 Boys' Singles
5442,17161,"-7,5,-9,9,1",Men's 40+ Singles
1171128,37020,"9,10,-4,10",U2200
82768,202029,"-8,12,8,10",U21 Men's Singles Hsing Family-Prelims
85544,1173092,"7,5,3",Women's 50+ Singles
5442,83562,"6,-6,6,4",U2000 Adult
1175782,1176550,"10,7,-7,7",U1800 Junior
1170759,270725,"6,2,12",U19 Girls' Singles
90115,57866,"6,11,6",U2000 Adult
263284,1177767,"2,4,2",U15 Boys' Singles
1175146,279282,"8,8,-7,5",U1400 Junior
1179018,1184713,"2,4,4",U1200 Junior
220298,269985,"5,8,-11,2",U17 Girls' Singles
272825,1174326,"9,9,7",U1600 Junior
4594,85793,"9,11,10",Men's 40+ Singles
8144,256702,"8,-6,5,5",Men's Singles Hsing Family-Prelims
279803,275200,"-8,1,10,2",U1300 Junior
224072,218713,"8,6,3",U1800 Junior
1170751,275877,"6,4,-7,-4,9",U11 Boys' Singles
37020,1174431,"-7,2,4,2",Men's 60+ Singles
30198,27767,"9,-6,5,8",Men's 40+ Singles
85545,201842,"4,6,9",U1900 Adult
221939,1178504,"3,5,7",U17 Boys' Singles
1171643,270900,"8,-7,2,-9,6",U2000 Junior
80503,90115,"6,7,8",U2400-Prelims
215792,281823,"-9,9,3,8",U1800 Adult
95331,223243,"5,5,4",U2400
276162,283868,"5,3,1",U1000 Junior
274350,271583,"1,13,7",U15 Boys' Singles
27767,203231,"4,11,2",U2200
1165422,1150978,"9,-3,-7,7,7",U19 Boys' Singles
220824,268620,"9,9,7",U2400
273085,1184523,"-9,2,7,6",U13 Boys' Singles
86064,1174103,"-8,4,7,7",U2400
27885,229780,"8,9,7",U1500 Adult-Prelims
1171226,1165105,"-7,2,6,6",U1200 Junior
1184533,1172006,"7,6,8",U1300 Junior
276927,80797,"7,6,7",U1700 Adult-Quarters
283252,3920,"2,7,8",U1600 Adult
54175,32870,"-9,-5,9,5,7",Women's 70+ Singles
223150,264196,"3,7,8",U15 Boys' Singles
270710,1180148,"3,3,4",U11 Boys' Singles
217130,280046,"1,8,8",U19 Boys' Singles
256702,1171226,"5,5,2",U13 Boys' Singles
31436,1168383,"7,8,8",U2000 Adult
20719,85545,"5,3,10",Men's 60+ Singles
13020,10533,"-8,9,4,5",Men's 60+ Singles-Semis
271875,1184713,"5,6,9",U1000 Junior
98266,84897,"13,8,-7,8",Men's Singles Hsing Family-Prelims
1182631,1178555,"4,6,8",U1600 Junior
270305,1175146,"10,-8,9,8",U17 Boys' Singles
1174609,20101,"8,2,4",Men's 65+ Singles
256702,222517,"4,9,7",Men's Singles Hsing Family
270305,272224,"8,-8,6,-8,6",U2400
98280,1178073,"9,-9,5,-11,5",U1500 Adult
1173129,1170443,"9,4,7",U2200
12948,279820,"4,6,9",U2200
272586,270393,"7,3,7",U13 Girls' Singles
270846,283842,"7,8,4",U11 Girls' Singles
265648,1175139,"6,6,8",U2200
211821,1169772,"1,4,4",Men's Singles Hsing Family
270911,1182632,"5,4,8",U13 Boys' Singles
222276,280415,"7,-6,6,-11,8",U19 Boys' Singles-Prelims
271344,274683,"5,5,5",U13 Girls' Singles
217235,1171941,"10,8,4",U19 Boys' Singles
280415,1179255,"2,10,6",U17 Boys' Singles
1176550,1176242,"1,5,6",U2000 Junior
83686,1157449,"3,7,6",Men's Singles Hsing Family
8005,3920,"5,5,2",Men's 65+ Singles
218159,27885,"7,-8,6,-9,6",Men's 50+ Singles
19736,229635,"5,7,7",U2400
203187,215165,"9,5,10",Women's Singles Hsing Family
79603,218150,"6,-8,-9,9,8",U2000 Adult
270846,223757,"11,10,5",U15 Girls' Singles
16465,92994,"3,9,8",Men's 40+ Singles
27767,1165461,"4,3,4",U2000 Adult
1172851,284007,"-9,7,5,8",U21 Men's Singles Hsing Family
270710,279282,"6,-8,5,-6,4",U1200 Junior
1180141,1132453,"8,-8,6,-7,7",U1200 Junior
1175430,283878,"5,7,7",U1500 Adult
276520,278872,"-5,9,10,8",U1000 Junior
96732,5021,"-6,10,4,7",U2200
92943,59330,"5,8,6",Para Class 8 -10
1179255,1171867,"-8,5,6,-6,9",U1900 Junior
1179255,275200,"10,7,5",U15 Boys' Singles
273646,1166389,"8,-5,7,8",U19 Boys' Singles
276835,1175782,"-9,-7,10,12,7",U1700 Junior
221549,230779,"4,-7,4,5",U15 Boys' Singles
266075,1174326,"4,5,-9,10",U1400 Junior-Quarters
224135,220824,"9,5,-9,3",U21 Women Singles Hsing Family
279282,1132453,"-8,8,-4,8,7",U1500 Junior
5710,1174619,"3,2,2",Men's 80+ Singles
268640,270393,"9,-9,4,-8,7",U2000 Junior
224135,223243,"8,2,7",U15 Girls' Singles
219210,222971,"-5,9,5,8",U19 Girls' Singles-Quarters
1175139,1177045,"5,7,7",U1700 Junior
211982,1173760,"9,-9,11,8",U2600-Finals
270991,81571,"6,-9,5,7",U2200
217130,1168516,"9,8,6",U17 Boys' Singles
275290,1174062,"5,8,7",U1500 Junior
1171127,230237,"-12,-7,9,7,9",U21 Women Singles Hsing Family
1180983,275200,"5,13,3",U1600 Junior
1171226,276426,"10,-4,10,8",U1000 Junior-Quarters
30198,6713,"8,22,4",Men's 40+ Singles
212806,272224,"4,5,6",U2400
275037,267363,"10,-7,3,7",U2200
197388,1174330,"3,3,7",U21 Men's Singles Hsing Family
1176627,1175139,"4,6,-10,7",U1800 Junior
218713,275101,"8,8,-10,5",U1500 Junior
77033,284007,"2,0,6",Men's Singles Hsing Family
270990,1165461,"6,-11,9,5",U1700 Adult
280491,273132,"-5,9,-5,4,9",U1500 Junior
79603,92990,"8,5,-8,4",Women's 40+ Singles
273132,1184533,"8,6,8",U1300 Junior
202029,219888,"8,8,-8,5",U17 Boys' Singles
274994,269570,"10,7,2",U15 Boys' Singles-Prelims
57949,97365,"-9,5,6,7",U2600
271583,277441,"-7,7,5,6",U2000 Junior
203231,201842,"7,1,-8,7",U1900 Adult
19736,276539,"1,0,4",30 & Over Men's Singles
272586,1171665,"-9,9,6,7",U21 Women Singles Hsing Family
27961,71560,"-5,3,9,5",U2000 Adult
1180983,277186,"7,9,6",U1400 Junior
1168383,4373,"8,5,5",U1600 Adult
1176448,273260,"8,-9,6,11",U1600 Junior
1157628,270725,"3,-5,-7,2,3",U17 Girls' Singles
98041,20101,"6,3,9",U1900 Adult
274350,1174330,"5,-7,10,6",U11 Boys' Singles
1168381,1174461,"6,4,4",U2200
270991,1177045,"5,6,6",U2000 Junior
1132453,275101,"9,-6,6,9",U1300 Junior
219888,1175139,"4,9,4",U19 Boys' Singles
59922,1150977,"-7,4,7,8",U2400
25587,1185322,"-7,9,5,-9,14",U1800 Adult
221340,1176242,"1,0,2",Women's Singles Hsing Family
1165422,1175416,"8,-10,8,9",U15 Boys' Singles
230139,276162,"9,-4,10,7",U1600 Junior
50664,37020,"2,4,7",Men's 50+ Singles
217130,276835,"8,5,7",U17 Boys' Singles
230779,268620,"6,-6,4,7",U15 Boys' Singles
1181160,1180500,"4,5,6",U1600 Adult
279803,1178448,"6,5,5",U1000 Junior
272975,277839,"7,7,6",U1600 Junior
5442,274555,"8,6,3",30 & Over Men's Singles
1169913,229780,"5,8,-7,8",U1600 Adult
264897,271876,"6,4,6",U15 Boys' Singles
215307,32895,"5,5,3",U2400
90957,283841,"2,8,3",U1700 Adult
229850,88195,"8,4,6",U2000 Adult
215165,1175371,"5,7,-10,7",U19 Girls' Singles
264543,27961,"8,6,4",U2000 Adult
1172699,283841,"8,2,8",U1900 Adult
1181160,280607,"1,4,4",U1400 Adult
264662,270444,"1,5,5",U17 Boys' Singles
272825,1176771,"8,6,6",U1900 Junior
272586,279820,"4,-9,4,5",U13 Girls' Singles
1174318,271583,"3,5,9",U2200
24961,80797,"8,8,-8,-7,5",Men's 60+ Singles
272975,1178563,"10,11,3",U1700 Junior
269965,1171127,"9,-10,8,5",U17 Girls' Singles
79101,13020,"8,1,-9,6",Men's 60+ Singles-Finals
91872,218159,"8,9,11",U2000 Adult
59922,3836,"7,6,8",Men's 40+ Singles
280414,278584,"5,3,2",U17 Boys' Singles
211903,29853,"7,4,4",U1700 Adult
22286,1177768,"1,5,4",U2400
927185,1171466,"-4,8,8,-8,6",U17 Boys' Singles
1165105,275200,"-10,4,8,6",U1600 Junior
284187,60268,"-8,1,7,8",U1200 Adult
1177173,1175146,"8,-7,8,13",U1800 Junior
270194,229498,"6,-7,2,6",U1800 Adult-Quarters
8429,1174616,"2,5,3",Men's 75+ Singles
1176556,271875,"5,5,4",U1500 Junior
265134,272548,"-10,11,-5,5,6",U1800 Adult
270494,229780,"10,1,-7,8",U1200 Adult-Quarters
1182631,1176627,"12,-10,8,7",U1700 Junior-Quarters
74947,1173259,"9,-9,8,-8,5",U2200
277242,1173994,"3,6,11",U1600 Junior
215307,1165421,"9,-11,-10,4,3",U19 Boys' Singles-Prelims
256412,1177768,"5,4,7",U2400
216131,198570,"9,7,10",30 & Over Men's Singles
217143,1165422,"3,9,9",U15 Boys' Singles-Prelims
280607,1184714,"8,-5,6,9",U1300 Adult
59330,25587,"-6,7,7,5",U2200
270832,1180947,"7,8,7",U1600 Junior
264662,1165422,"-10,9,6,-11,4",U2400-Prelims
1184714,4373,"4,5,6",U1600 Adult
221166,45824,"7,5,10",U2000 Adult-Prelims
275290,1173994,"5,11,6",U1400 Junior
275694,1172200,"5,5,2",U2000 Junior
93758,220237,"7,5,-9,2",U19 Boys' Singles
276927,203245,"4,2,7",U1600 Adult
1167093,231503,"3,11,5",U1500 Adult
202990,1166449,"8,10,5",U19 Boys' Singles
1172699,98280,"11,10,-12,-8,12",U1700 Adult
1171127,271875,"5,0,2",U13 Girls' Singles
95193,283839,"5,9,8",U1800 Adult
218159,1131757,"4,-8,11,7",30 & Over Men's Singles
1179255,220260,"3,-9,9,-9,6",U2400
264543,270990,"7,4,6",U1700 Adult
274913,1180947,"7,10,-8,7",U1700 Junior
1168381,1172200,"2,3,7",U2200
34134,1181699,"10,4,7",U1700 Adult
1165461,274328,"-8,8,9,8",U1600 Adult
1172851,95331,"10,-7,-8,7,7",U2400
222815,223243,"3,4,2",Women's Singles Hsing Family
273085,1168383,"-7,7,3,8",U2400
270437,276835,"9,5,5",U1900 Junior
94469,1172476,"3,3,4",30 & Over Men's Singles
275965,270837,"9,-4,7,8",U1800 Junior-Prelims
277359,221992,"2,10,8",U1400 Adult
1171127,278871,"4,3,0",U11 Girls' Singles
230805,270851,"7,7,-6,10",U2600
1180983,270203,"4,8,8",U1700 Junior
1178071,220808,"8,9,6",U2600-Quarters
1172775,4373,"10,-5,7,9",Parkinson Open
270444,215792,"9,5,-8,7",U2200
264196,276835,"6,7,-5,3",U2000 Junior
1173545,271890,"10,6,6",U1700 Junior
279803,275292,"2,1,-6,8",U1300 Junior-Prelims
1174545,273411,"4,7,-10,9",U11 Boys' Singles
1165422,272196,"-10,10,7,-9,9",U17 Boys' Singles
59330,71560,"0,5,6",30 & Over Men's Singles
220128,1174318,"-5,7,-9,8,8",U1900 Junior
1176556,277491,"2,3,5",U1300 Junior
1132007,81571,"7,-10,3,-9,9",U2400
1157745,272224,"9,6,6",U13 Boys' Singles
54175,1173092,"3,6,1",Women's 60+ Singles
272196,279591,"6,0,1",U1700 Junior
269570,278584,"-10,7,1,6",U11 Boys' Singles
1168382,218713,"8,8,6",U1800 Junior
84904,215307,"14,4,6",U21 Men's Singles Hsing Family-Prelims
57949,216131,"7,-5,10,-8,8",30 & Over Men's Singles-Prelims
57949,10533,"-9,4,10,4",U2600
1157745,276835,"5,4,6",U19 Boys' Singles
55345,85545,"8,4,5",Men's 65+ Singles-Quarters
1174545,1177045,"6,5,8",U11 Boys' Singles
1176555,1177782,"6,7,-3,-9,10",U1700 Junior
201842,1168670,"9,-10,5,-9,8",U1500 Adult
202029,74947,"5,8,3",Men's Singles Hsing Family
270437,1174620,"-4,5,6,-3,4",Men's Singles Hsing Family
40278,61392,"-10,8,4,5",Men's 50+ Singles
1169913,275739,"6,11,11",U1600 Adult
220260,249948,"-8,7,4,-10,9",U2000 Adult-Prelims
1174318,272975,"4,8,6",U1600 Junior-Prelims
229780,62073,"3,3,5",U1200 Adult
218713,271860,"7,9,11",U1500 Junior
272975,272825,"-11,10,10,-9,3",U1600 Junior
230779,274622,"8,1,2",U15 Boys' Singles
279916,278871,"7,5,5",U11 Girls' Singles
270837,1179255,"15,-5,11,-7,8",U17 Boys' Singles
54175,1184714,"8,11,4",30 & Over Women's Singles
221549,273762,"9,2,7",U13 Boys' Singles
79092,92943,"6,9,9",U2200-Quarters
27767,10393,"5,7,5",U1800 Adult-Prelims
98266,1168516,"5,6,6",U19 Boys' Singles
203245,1175891,"-10,-13,6,4,8",U1600 Adult
1179018,283868,"2,-3,6,2",U1600 Junior
214471,273260,"9,5,10",U1800 Junior
93102,275037,"-8,6,8,9",U2400-Prelims
275824,1165117,"5,2,7",U1500 Adult
13020,262940,"7,3,1",Men's 60+ Singles
1179255,278584,"11,8,4",U13 Boys' Singles
1179256,271875,"10,3,9",U1000 Junior
224231,275694,"6,8,2",U19 Girls' Singles
98041,85545,"10,-7,5,9",U2000 Adult
230805,229714,"-9,4,-5,1,4",U19 Boys' Singles
95193,1165615,"9,-12,10,5",U19 Boys' Singles
1173545,1176700,"-6,4,6,3",U1700 Junior
98257,1150978,"-10,8,8,8",U2200
276162,277839,"9,8,8",U1200 Junior-Semis
270305,229498,"5,-8,9,9",U2200
1150995,1175139,"6,6,4",U17 Boys' Singles
217143,1182632,"20,9,5",U15 Boys' Singles
275739,270494,"8,-9,9,8",U1500 Adult
1181160,1168383,"9,7,3",U1400 Adult-Quarters
1171643,1178504,"2,3,7",U2000 Junior
224231,270083,"6,-6,7,-9,9",U15 Girls' Singles
277839,278872,"7,2,7",U11 Boys' Singles
30198,222517,"14,11,7",30 & Over Men's Singles
5442,70273,"6,4,4",Men's 50+ Singles
275037,1176627,"7,3,7",U2200
277441,1178096,"3,7,9",U1500 Junior
1175139,284007,"-7,-5,4,8,6",U1800 Junior
270846,1177302,"8,7,8",U2400
17161,85793,"-6,4,5,6",Men's 40+ Singles
203221,270832,"4,-7,8,8",U2000 Junior
270887,1177768,"8,7,9",U15 Boys' Singles
215165,224135,"6,5,4",U15 Girls' Singles-Prelims
5710,1170064,"6,-8,-9,7,3",85+ Singles-Finals
277441,1178448,"8,8,8",U13 Girls' Singles
256412,218830,"9,-11,-4,5,12",U2400
222276,230139,"7,7,7",U15 Boys' Singles
218159,90957,"7,7,8",U1800 Adult
219237,229850,"9,9,8",Men's Singles Hsing Family
271260,272975,"13,8,6",U17 Boys' Singles
1170609,280046,"-7,3,5,4",U19 Boys' Singles
26027,274555,"3,1,8",Men's 50+ Singles
90115,217519,"6,8,7",U2400
94133,229714,"12,7,-5,-8,6",U2600
224231,27767,"4,5,9",U2200
28551,1171106,"-5,12,7,8",U1800 Adult-Quarters
231598,272608,"7,-7,5,5",U1300 Adult
270710,283868,"4,3,0",U1300 Junior
219191,278584,"7,7,8",U2400
3727,20101,"10,4,10",Men's 65+ Singles
282569,274328,"10,-15,-10,8,7",U1600 Adult
280414,1173259,"9,4,3",U2400
1176627,27767,"8,8,-9,8",U2400
28551,17161,"8,6,9",U2000 Adult
93102,37020,"4,6,3",30 & Over Men's Singles
268150,1164626,"8,3,-9,5",U1200 Adult
279803,277186,"1,5,4",U1000 Junior
82025,31436,"-9,1,6,8",U2600
83686,1165054,"7,4,6",30 & Over Men's Singles
1170751,1132007,"-10,6,-5,8,7",U1900 Junior-Prelims
211820,280046,"5,3,7",Men's Singles Hsing Family
1176626,269745,"-7,2,0,-5,9",U2200
98266,264662,"5,-7,8,4",U19 Boys' Singles
265648,5442,"2,10,-9,5",U2200
1171107,94133,"7,-6,9,8",U2200
211647,279238,"5,1,-9,5",U2000 Adult
221166,270905,"-10,2,7,7",U1900 Adult
268150,1180500,"3,6,8",U1400 Adult
77033,283839,"6,3,0",30 & Over Men's Singles
231177,277526,"8,4,10",U2000 Junior
222276,1172200,"5,5,5",U17 Boys' Singles
94640,1173263,"3,4,4",U2600
1178675,83534,"6,7,7",U1900 Adult
270437,275965,"6,-9,-9,3,12",U2000 Junior
80503,1169772,"6,-7,8,1",Para Class 6-7
283841,60268,"10,-9,2,6",U1400 Adult
219888,1157745,"4,10,-9,10",U15 Boys' Singles
32870,284225,"3,-7,5,6",Women's 60+ Singles-Semis
220808,270911,"8,5,5",Men's Singles Hsing Family
1174611,282199,"7,6,-10,4",U1200 Adult
1150995,269440,"6,4,7",U15 Boys' Singles
1166449,1131757,"6,8,9",U2200
1174103,202987,"8,9,-6,-10,6",U2400
93102,249948,"3,5,4",U2400
224072,284007,"5,9,-8,9",U2000 Junior
1181160,1171942,"5,8,2",U1200 Adult
1180983,276162,"7,-5,5,8",U1700 Junior
98155,272586,"8,5,5",Women's Singles Hsing Family
270846,1178677,"6,5,7",U11 Girls' Singles
1150977,1172399,"6,7,9",U2200
26027,1157449,"2,2,4",30 & Over Men's Singles
1173539,212806,"9,10,5",U2400-Quarters
88195,222064,"6,8,6",U1500 Adult
217235,98257,"-8,8,6,8",U19 Boys' Singles
211982,202990,"9,7,9",Men's Singles Hsing Family-Prelims
1165461,91872,"-7,9,5,8",U1900 Adult
1171856,230139,"7,6,4",U13 Boys' Singles
8144,274555,"2,3,2",Men's 40+ Singles
280415,1174103,"7,7,5",U2600
266075,270710,"9,-3,9,10",U1400 Junior
1184714,1172476,"12,8,0",U1600 Adult
275947,275101,"-8,9,4,9",U1600 Junior
221340,276158,"5,3,2",U15 Girls' Singles
1173539,1132007,"7,7,7",U2400
274350,278872,"3,3,1",U11 Boys' Singles
61392,277518,"3,1,2",U1800 Adult
274350,1182631,"11,4,7",U1900 Junior-Prelims
223150,71560,"2,9,3",U2200
215306,1175139,"8,6,5",U19 Boys' Singles
1180983,1176555,"-7,10,9,3",U1400 Junior-Quarters
1174103,1171668,"7,9,-14,7",U2000 Adult
280491,230139,"4,8,7",U1200 Junior
224135,223480,"6,9,5",U2600
1175981,231503,"3,8,9",U1600 Adult
275037,94028,"11,-4,12,-5,6",U21 Men's Singles Hsing Family
264543,92451,"6,6,4",U1700 Adult
8429,76819,"6,7,6",Men's 65+ Singles
269570,280046,"4,5,4",U2200
1165461,60268,"4,8,9",U1500 Adult
201842,270494,"-6,8,4,8",U1400 Adult
81774,80241,"8,5,-9,10",Men's Singles Hsing Family-Prelims
198840,264013,"6,6,6",Women's Singles Hsing Family
203245,1184714,"-9,4,3,9",U1500 Adult
1150995,1170609,"3,11,5",U2400
20719,1181699,"4,3,8",U1800 Adult
220260,284008,"7,-7,7,-7,7",U1800 Adult
1150978,273260,"9,4,5",U2000 Junior
59330,1175981,"5,9,3",Para Class 8 -10
270404,277518,"3,2,7",30 & Over Women's Singles
224231,220824,"10,5,9",U17 Girls' Singles
219191,266395,"5,4,5",U2200-Prelims
10419,5021,"10,6,5",U2000 Adult
269745,278584,"7,8,7",U15 Boys' Singles
263284,280046,"2,5,7",U15 Boys' Singles
230237,1171128,"-6,9,3,10",U15 Girls' Singles
224135,1168381,"6,-10,11,-2,7",U15 Girls' Singles
1174545,1178504,"4,2,5",U17 Boys' Singles
59103,276193,"-9,9,-9,7,9",U1700 Adult
223150,266062,"4,5,4",U17 Boys' Singles
264741,46331,"3,1,3",U1500 Adult
92550,1170759,"3,5,4",Women's Singles Hsing Family-Prelims
202029,270305,"3,3,3",U19 Boys' Singles
1165117,201842,"-9,8,-7,9,7",U1300 Adult-Quarters
88195,224099,"-7,-5,5,4,7",U1800 Adult
223775,275034,"11,5,8",Men's 70+ Singles
1164626,231503,"-7,6,6,-9,6",U1300 Adult
1174318,1176771,"3,7,8",U1700 Junior
94028,1168516,"6,6,4",U2400-Prelims
275037,224072,"8,4,10",U13 Boys' Singles
1177173,1173994,"4,5,3",U1500 Junior
1174322,275292,"-9,-9,7,10,7",U1200 Junior
264196,277246,"7,8,-6,13",U1600 Junior
927185,277242,"3,4,-7,2",U1900 Junior
218837,223243,"10,6,-7,3",U17 Girls' Singles
275694,202987,"6,7,13",Women's Singles Hsing Family
275965,1174369,"-4,-9,2,10,7",U1700 Junior-Prelims
1174103,270194,"11,9,2",U1900 Adult
6713,5442,"7,5,10",Men's 50+ Singles
12948,78310,"3,8,8",U2400
1165117,222064,"-8,-11,9,7,8",U1400 Adult
217143,198570,"-6,6,-8,2,5",U2600
1165615,272196,"7,9,9",U15 Boys' Singles
13411,270494,"5,-10,11,9",U1500 Adult
8005,45824,"3,7,-8,-5,7",Men's 65+ Singles-Quarters
22286,83562,"2,2,3",Men's 50+ Singles
25125,275303,"2,3,4",Women's 75+ Singles
1175891,283878,"4,-12,12,7",U1200 Adult
222971,222763,"8,9,-8,6",U21 Women Singles Hsing Family-Quarters
220128,223757,"-9,6,5,5",U1700 Junior-Prelims
1176556,278871,"4,8,6",U1200 Junior
74947,86586,"7,6,-8,3",30 & Over Men's Singles
216131,92994,"5,-9,1,8",U2600
1176448,274466,"-5,7,11,-4,9",U1300 Junior-Semis
82768,1175637,"1,1,5",Men's Singles Hsing Family
1172476,1178073,"3,-6,-8,3,4",U1500 Adult
1179018,278872,"7,5,4",U1500 Junior
224231,203231,"-3,10,2,7",U2200
268150,280607,"-9,1,-12,7,5",U1700 Adult
271889,270836,"9,9,7",U1900 Junior
1184533,278846,"5,7,3",U1200 Junior
231177,271583,"7,3,4",U2400
277839,1165105,"1,4,-7,-9,6",U1300 Junior
1150977,270991,"11,7,-5,-8,8",U2000 Junior
1165117,231598,"-9,5,10,9",U1300 Adult-Prelims
49321,277518,"5,9,7",U1800 Adult
1174063,1176627,"4,7,-10,-7,3",U1900 Junior
1132007,1174369,"9,9,7",U1900 Junior
264196,271875,"8,2,2",U1500 Junior
271890,279591,"3,2,4",U1500 Junior
269965,1173129,"5,2,3",U15 Girls' Singles
229498,218150,"7,12,7",U1900 Adult
273085,1170374,"10,8,8",U1900 Junior-Quarters
276426,276520,"8,7,3",U1300 Junior
270194,220260,"9,10,6",U1800 Adult
218837,1171867,"6,1,6",U19 Girls' Singles
1150995,1165421,"5,6,11",U15 Boys' Singles-Quarters
279591,1178096,"-8,11,16,9",U1500 Junior
1180983,274683,"7,9,8",U1600 Junior
222276,1164236,"9,9,10",U17 Boys' Singles-Prelims
203187,212114,"-7,3,7,-10,8",U19 Girls' Singles-Quarters
267433,220824,"8,-9,6,3",U19 Girls' Singles
1170759,269985,"7,4,3",U17 Girls' Singles
270709,1184533,"7,10,14",U1600 Junior
1175139,273218,"9,-9,9,-7,8",U1800 Junior
221166,86586,"-9,6,7,-9,8",U2000 Adult
269570,279170,"6,11,3",U15 Boys' Singles
215306,98266,"-3,6,8,-6,9",U2600-Prelims
267363,95193,"6,-4,-10,2,8",U2200
256702,1169772,"10,8,-7,6",Men's Singles Hsing Family
217143,1171225,"7,7,-7,7",U15 Boys' Singles
270494,280607,"3,4,6",U1500 Adult
57949,1181160,"4,2,2",30 & Over Men's Singles
86064,218837,"-8,8,9,7",U2600
8146,10959,"-9,10,4,2",Men's 80+ Singles
1168381,264013,"7,9,7",U19 Girls' Singles
89217,212114,"-8,3,12,4",Women's Singles Hsing Family-Prelims
270083,1175371,"8,6,7",U17 Girls' Singles
275200,1184713,"4,3,5",U1300 Junior
1150995,79092,"7,-8,2,9",U2400-Prelims
211820,268620,"6,-9,6,6",U17 Boys' Singles
1174063,273411,"7,10,-5,3",U2000 Junior
272196,218713,"9,6,8",U1600 Junior
263284,1169772,"5,6,6",U17 Boys' Singles
264662,256702,"9,5,8",U13 Boys' Singles-Semis
267187,1157449,"5,6,3",U1000 Adult
276835,1172200,"10,9,8",U1900 Junior
59922,219347,"6,9,-9,-8,9",U2600
1168516,276835,"5,9,6",U17 Boys' Singles
265238,273260,"3,7,6",U15 Boys' Singles
98257,270837,"7,5,9",U19 Boys' Singles
270083,1176242,"1,4,3",U17 Girls' Singles
10533,59330,"-5,-5,8,6,9",U2400
28551,269408,"-5,1,6,-10,17",U1800 Adult-Prelims
5021,1172476,"6,9,7",U1800 Adult
40278,203221,"8,4,-8,6",U2600
270709,1180947,"7,9,6",U1800 Junior
219210,269965,"6,-8,-7,6,9",U13 Girls' Singles-Finals
270905,201842,"8,4,8",U1500 Adult-Prelims
219191,268620,"7,4,7",U17 Boys' Singles
55345,5021,"-5,-8,4,7,1",Men's 60+ Singles
270846,270725,"5,3,3",U11 Girls' Singles-Semis
274995,1184533,"9,-8,3,3",U1200 Junior
57949,14730,"6,4,4",Men's Singles Hsing Family
277359,46331,"7,8,6",U1400 Adult
198840,1171867,"2,3,4",Women's Singles Hsing Family
1150977,272224,"6,4,7",U19 Boys' Singles
271149,221939,"10,9,8",U15 Boys' Singles
1165422,231598,"5,9,13",U2200
215792,34134,"5,6,9",U1800 Adult
277186,1184713,"4,2,6",U1500 Junior
1171106,34134,"9,8,-9,4",U1800 Adult
267433,272059,"4,3,1",U13 Girls' Singles
272825,271860,"7,8,7",U11 Girls' Singles
276426,274683,"9,9,4",U1500 Junior
1175638,85545,"-2,6,7,8",U2000 Adult
229635,218159,"3,9,2",Men's 50+ Singles
84903,91031,"9,9,-10,-8,6",U21 Men's Singles Hsing Family-Semis
1167093,996,"7,7,-5,8",U1800 Adult
271500,284188,"4,5,7",U1000 Adult
230779,1175146,"5,5,6",U1800 Junior
1176550,1177045,"3,6,10",U1500 Junior
1175978,1184714,"9,5,-3,9",U1400 Adult
222696,211903,"-8,7,9,8",U1700 Adult-Quarters
1174330,278872,"2,5,5",U11 Boys' Singles
220237,1132007,"8,7,4",U2200
1173728,1179256,"4,1,13",U1500 Junior
98266,271583,"-8,4,2,2",U2600
81774,220824,"1,7,2",U2600
94133,1171668,"9,9,8",30 & Over Men's Singles
1177782,279916,"4,-4,6,-9,10",U1000 Junior
269408,1181699,"4,8,5",U1800 Adult
273762,275290,"2,4,8",U2000 Junior
57949,1131757,"8,8,4",U2400
1169913,1184629,"6,4,3",U1800 Adult
269408,269440,"-6,6,10,10",U2200
218837,1157628,"6,8,11",U19 Girls' Singles
1170759,220298,"9,-3,5,-4,4",U17 Girls' Singles
229498,231598,"5,-8,1,6",U1800 Adult
271583,1172399,"4,-5,-9,9,8",U17 Boys' Singles
1170443,270887,"-6,4,9,8",U2200
1184523,278846,"2,8,5",U1500 Junior
217143,31436,"8,7,6",U2600
270851,230779,"5,-7,7,5",U1900 Junior-Prelims
270991,270832,"5,4,6",U13 Boys' Singles
264897,1172200,"9,6,7",U2400
230805,1174545,"5,6,1",U17 Boys' Singles
223150,1150978,"3,6,6",U2400
1150995,1176556,"7,7,9",U15 Boys' Singles
8144,27767,"2,8,6",Men's 50+ Singles
59330,40278,"-8,5,2,-9,4",Men's 40+ Singles
230237,1169772,"-8,5,4,3",U2400
50664,86586,"3,6,3",Men's 40+ Singles
198840,231177,"9,8,-9,9",U19 Girls' Singles
276158,270836,"-4,-8,7,8,9",U1500 Junior
277441,1184713,"3,6,5",U1700 Junior
14730,1171668,"-6,-6,9,10,2",Men's 40+ Singles
1150978,273411,"-9,7,6,5",Men's Singles Hsing Family
18298,276539,"5,6,4",30 & Over Men's Singles
197388,79092,"9,6,7",U2600
271890,266075,"4,7,12",U1800 Junior
219210,223757,"6,4,7",U15 Girls' Singles
1174322,277742,"-9,10,6,5",U1300 Junior
217865,270911,"7,6,11",U17 Boys' Singles
1170374,1182632,"6,9,-8,10",U1900 Junior-Prelims
98262,221939,"4,2,5",U19 Boys' Singles
268150,283839,"3,2,8",U1600 Adult
30198,270900,"9,7,2",U2200
272586,1170842,"9,-7,-8,11,6",U19 Girls' Singles
277242,274913,"3,9,8",U1600 Junior
1173545,1175782,"8,7,6",U1800 Junior-Prelims
85545,21222,"6,-9,4,10",Men's 65+ Singles
277246,1178677,"-3,8,-8,10,9",U1600 Junior
1157745,1178504,"8,6,5",U15 Boys' Singles
1171466,1171941,"15,6,10",U2200
221340,202987,"6,1,2",U19 Girls' Singles
1171292,263284,"-8,7,6,8",U17 Boys' Singles
1180983,274622,"5,-6,5,7",U1800 Junior
269570,1176771,"4,5,4",U2400
222815,223243,"3,10,2",U19 Girls' Singles
84904,220808,"9,-10,6,10",U21 Men's Singles Hsing Family-Quarters
215306,264897,"5,3,6",U17 Boys' Singles
224231,272825,"2,2,5",U15 Girls' Singles
1177173,230139,"4,5,3",U1500 Junior
218158,1184629,"5,1,2",U1800 Adult
74947,267363,"8,-8,4,-5,11",U2000 Adult-Finals
264543,12141,"9,-6,7,11",U1700 Adult-Quarters
222763,1171867,"3,9,8",U19 Girls' Singles
1173092,284188,"8,-10,7,2",U1300 Adult
87893,91872,"6,5,6",U2000 Adult
1165421,271489,"5,8,1",U17 Boys' Singles
1174318,274622,"7,9,7",U2000 Junior
202990,95193,"4,9,4",U19 Boys' Singles
1176556,1173728,"5,-9,7,-11,9",U1600 Junior
276927,203231,"-6,3,5,6",U1700 Adult-Prelims
30199,30833,"3,5,3",Women's 50+ Singles
86064,217519,"-6,7,2,8",U2200
270837,279170,"6,6,-2,-1,9",U17 Boys' Singles
265238,1170751,"7,-11,10,6",U1900 Junior-Quarters
229635,1175638,"7,4,6",Men's Singles Hsing Family
271583,274466,"9,-16,10,-9,8",U13 Boys' Singles
1182632,1172200,"6,8,6",U13 Boys' Singles
277526,276162,"7,7,5",U1600 Junior
1182632,271322,"5,4,9",U1900 Junior
273772,1176448,"8,11,8",U1700 Junior
12948,1168670,"2,3,3",U2200
217364,1167093,"8,3,5",U2000 Adult
50664,222696,"7,3,7",Men's 50+ Singles
272548,277518,"6,8,4",U1400 Adult
271596,272825,"7,9,6",U11 Girls' Singles
216131,9501,"-7,1,5,-12,6",U2200
1169772,229850,"10,7,-7,-6,9",U2400
89837,94028,"1,9,-9,9",U19 Boys' Singles-Prelims
277839,271860,"6,5,9",U1200 Junior
1165615,271489,"5,-4,6,4",U2200
224231,95331,"5,9,10",U21 Women Singles Hsing Family
84273,1150978,"4,4,7",U2400
1178555,277491,"7,6,8",U1000 Junior
10533,218159,"10,7,9",Men's 60+ Singles
264196,1179779,"-7,8,6,7",U1500 Junior
264013,1173129,"8,8,-8,7",U17 Girls' Singles
1173259,1177173,"7,7,11",U15 Boys' Singles
10393,221992,"6,1,7",U1800 Adult
54175,1182428,"4,8,1",30 & Over Women's Singles
28551,218159,"3,4,9",U1900 Adult
264897,1174326,"5,8,5",U11 Boys' Singles
77033,264944,"4,3,4",30 & Over Men's Singles
1177768,273085,"4,4,-7,5",U1800 Junior-Finals
272586,283842,"6,3,9",U13 Girls' Singles
276426,1177782,"7,8,-5,8",U1200 Junior-Prelims
217364,20101,"-7,9,3,8",Men's 60+ Singles
256412,1174318,"3,7,0",U2200
91031,1171466,"6,8,6",U19 Boys' Singles
1165615,264196,"4,-6,6,4",U15 Boys' Singles
283842,279820,"12,-6,5,-5,9",U13 Girls' Singles
1177767,1174062,"-10,9,-9,6,9",U1700 Junior
3836,57866,"8,11,8",Men's 50+ Singles
3920,264741,"9,-6,9,9",U1500 Adult
1165615,1166389,"-14,7,9,-8,9",U2200
270990,271501,"7,10,10",U1300 Adult
279916,276520,"-8,7,6,5",U1200 Junior
10393,224072,"8,-10,8,1",U2200
273411,274913,"2,8,3",U13 Boys' Singles
1173129,277441,"6,-7,1,3",U13 Girls' Singles
16465,8144,"8,-11,8,-9,9",Men's 40+ Singles-Quarters
84904,77033,"6,6,-4,14",Men's Singles Hsing Family-Prelims
1150994,229498,"8,10,5",U2400
274350,269570,"10,-8,14,8",U11 Boys' Singles-Prelims
14987,221166,"8,-9,8,6",U2400
89217,1132365,"3,7,9",U21 Women Singles Hsing Family-Quarters
1171292,1173259,"-9,8,-7,1,9",U15 Boys' Singles-Prelims
276927,1175430,"-2,5,9,5",U1500 Adult
86433,218158,"-7,6,-10,6,7",U1900 Adult
268640,271322,"11,4,5",U1800 Junior
1168381,272059,"9,6,-9,8",U15 Girls' Singles
219347,284007,"9,6,2",U21 Men's Singles Hsing Family
1174369,1177782,"5,4,7",U1700 Junior
273772,1176700,"4,5,9",U1500 Junior-Prelims
1174063,1177173,"6,4,8",U1900 Junior
1175782,1178555,"4,6,6",U1600 Junior
16465,61392,"5,3,3",Men's 60+ Singles
280414,271061,"5,4,-3,4",U2400-Prelims
93102,31436,"5,8,5",30 & Over Men's Singles
275929,201842,"4,7,6",U1800 Adult
1176556,1180148,"9,6,6",U1200 Junior
1178555,1171226,"8,11,8",U1300 Junior
14987,88195,"5,7,4",Men's Singles Hsing Family
270887,211903,"10,7,7",U2400
1172775,1180174,"10,10,8",Parkinson Open
98262,215306,"10,7,-9,-6,6",U21 Men's Singles Hsing Family-Prelims
79092,231514,"6,1,3",U2200
277519,201842,"9,-3,6,-9,9",U1600 Adult
1150977,1175371,"-9,7,7,11",U2200-Prelims
1170443,230779,"-10,9,-7,8,11",U1800 Junior
202029,57949,"4,7,5",U2600-Prelims
22286,229498,"4,9,2",Men's Singles Hsing Family
1170374,24961,"3,6,7",U2200
203221,273085,"8,-7,5,4",U2000 Junior-Quarters
1176448,1180148,"7,3,5",U1600 Junior
1176555,1184713,"1,6,3",U1300 Junior
9501,270393,"2,5,5",U2200
1181160,283841,"6,5,5",U1500 Adult
279803,1180947,"7,-9,8,7",U1400 Junior
1184629,1174619,"6,11,10",U1200 Adult
265648,229850,"2,6,-8,1",U2200
272975,231514,"8,5,-10,10",U1700 Junior
219904,264543,"4,4,2",U2400
98280,1172476,"-9,6,-5,5,0",U1500 Adult
1171856,1171107,"3,8,7",U13 Boys' Singles
201842,1181160,"6,7,6",U1600 Adult
272196,273218,"-9,8,4,0",U1700 Junior
274683,1172006,"9,9,1",U1500 Junior
1171107,272737,"5,4,-9,5",U2000 Junior
1182428,62073,"3,2,11",U1000 Adult
80503,269440,"1,7,-13,3",Men's Singles Hsing Family
22286,1171668,"2,1,4",Men's 40+ Singles
275929,91872,"-3,6,-3,3,9",U1800 Adult
1173545,218830,"8,-7,8,-10,5",U2000 Junior
79101,85545,"1,2,8",Men's 60+ Singles
92990,92451,"6,-11,5,2",U1500 Adult
1169913,1177832,"7,4,6",U1700 Adult
275929,203245,"9,6,-8,9",U1500 Adult
1176556,280491,"10,6,-8,6",U1400 Junior
1176771,1177045,"6,5,9",U1600 Junior
202990,1165615,"7,8,7",U19 Boys' Singles
1174369,1176555,"4,2,8",U1700 Junior
284008,57866,"15,9,3",U1800 Adult
1181160,276193,"7,-11,-8,9,6",U1200 Adult-Quarters
274350,270709,"-8,4,8,10",U1900 Junior
1168516,27767,"4,9,-9,7",U2200
10959,87881,"5,7,8",Men's 80+ Singles
274913,1173994,"7,7,8",U1600 Junior
220260,264543,"-9,-8,10,8,3",U1900 Adult-Prelims
83562,19484,"10,-8,16,-5,9",U1900 Adult
1173539,22286,"-6,6,6,6",U2400-Prelims
1174062,230139,"7,5,5",U1600 Junior
31436,20075,"7,4,4",U2000 Adult
1171941,270837,"6,6,-10,8",U19 Boys' Singles
201842,1175891,"4,7,8",U1500 Adult
277359,272548,"10,9,10",U1400 Adult-Prelims
217532,224231,"8,-8,8,-5,8",U19 Girls' Singles
89159,272422,"4,5,8",Para Classes 3-5-Finals
1168381,40278,"7,4,5",U2400
1177832,283839,"4,-10,4,10",U1600 Adult
218159,1177832,"4,-8,16,-6,4",U2000 Adult
256702,1150977,"7,8,8",U13 Boys' Singles-Prelims
3920,46331,"10,6,2",U1500 Adult
27767,25587,"6,5,5",U1800 Adult
231514,1175146,"2,6,-8,5",U1900 Junior
98257,219191,"-11,4,15,8",U2200-Quarters
1174545,270444,"2,11,14",U19 Boys' Singles
217130,1170609,"7,10,0",U19 Boys' Singles
95193,1181160,"8,5,11",U1700 Adult
92943,229850,"4,9,6",U2400
269822,82256,"-8,5,3,4",U2000 Adult
218158,221078,"-7,8,7,-7,16",U1800 Adult
1174318,1180947,"5,9,5",U1900 Junior
202990,1165421,"6,8,5",U17 Boys' Singles-Prelims
198570,274555,"4,8,2",Men's 40+ Singles
215307,218830,"4,2,3",U17 Boys' Singles
284187,1178073,"7,-13,10,9",U1300 Adult
1182746,221078,"4,7,-8,6",U2000 Adult
45824,996,"9,9,8",Men's 65+ Singles
1176550,274913,"3,3,1",U1500 Junior
222763,269965,"9,4,4",U17 Girls' Singles-Semis
271890,275292,"8,-7,7,6",U1600 Junior
272196,1177173,"-2,8,5,-6,5",U1600 Junior-Prelims
1184523,275657,"9,6,-6,7",U1500 Junior
277742,278871,"7,3,6",U1200 Junior
219210,224231,"11,9,-7,7",U19 Girls' Singles-Semis
1170759,1171867,"-5,5,4,9",U17 Girls' Singles
82025,217143,"-9,9,9,-9,9",U2600
1177173,270710,"4,-8,9,3",U1700 Junior
1171128,217519,"5,-6,10,3",U2400
203231,80797,"8,1,7",U1900 Adult
215306,223150,"2,7,3",U2600
1167093,272422,"-7,9,9,7",U1600 Adult-Prelims
223150,271260,"6,4,6",U2600
98257,1173263,"6,-9,8,5",U2600
219191,270709,"4,3,4",U15 Boys' Singles
95653,269408,"4,-7,-8,2,7",U1900 Adult
256412,272224,"4,3,3",U21 Men's Singles Hsing Family
219191,269408,"7,10,8",U2200
1180983,1176049,"-5,4,10,5",U1700 Junior
1170751,1171127,"5,-8,10,-9,10",U2000 Junior-Prelims
98041,1165054,"-8,7,8,3",Men's Singles Hsing Family
219210,1172006,"3,1,2",U15 Girls' Singles
1165117,221992,"-11,7,5,3",U1500 Adult
275290,1178555,"8,6,-11,9",U1400 Junior
277519,272548,"-7,7,10,6",U1600 Adult-Prelims
1179018,1180141,"7,5,3",U1400 Junior
256412,249948,"5,6,4",Men's Singles Hsing Family
1173263,229498,"4,5,3",U2600
215306,275037,"5,7,1",U19 Boys' Singles
26027,20075,"9,7,7",U2000 Adult
1177768,271425,"4,-8,5,5",U1800 Junior-Quarters
220808,37020,"5,6,3",Men's Singles Hsing Family
273772,279591,"3,10,4",U1800 Junior
32895,1165461,"4,8,8",30 & Over Men's Singles
277526,230139,"6,10,4",U1600 Junior
202991,30199,"-3,5,7,8",Women's 40+ Singles-Semis
212806,270305,"9,-8,8,9",U2400
1178677,1180141,"10,7,9",U1300 Junior
1132007,231514,"5,10,7",U1900 Junior
278584,280491,"5,7,9",U11 Boys' Singles
54175,85544,"6,1,9",Women's 65+ Singles
220808,202029,"3,6,5",U19 Boys' Singles-Semis
37020,218158,"4,4,8",Men's 60+ Singles
94462,86586,"8,3,-9,7",Men's 50+ Singles
229780,91612,"7,9,7",U1000 Adult-Quarters
1164236,267363,"6,9,8",U2600
222276,265238,"-7,7,7,7",U2400
81571,21222,"4,9,4",Men's 60+ Singles
211820,97365,"6,6,8",U21 Men's Singles Hsing Family
1171643,1173728,"3,6,6",U11 Girls' Singles
92990,282830,"5,4,8",Women's 50+ Singles
28551,1178073,"2,6,5",U1800 Adult
1171292,1179255,"14,-9,-10,12,5",U15 Boys' Singles
1176626,1171867,"7,7,8",U2200
1184714,1182428,"-8,-9,6,7,4",30 & Over Women's Singles
202990,1131757,"9,1,9",Men's Singles Hsing Family
1150977,1168670,"3,4,6",U2400
221078,1184629,"1,8,8",U1800 Adult
1175146,1180148,"-7,5,5,8",U1500 Junior
277519,1180500,"6,5,-9,-3,8",U1600 Adult
221166,218158,"9,5,6",U1800 Adult-Quarters
223729,62073,"4,1,0",U1000 Adult
91031,85814,"9,7,13",Men's Singles Hsing Family-Prelims
197388,85793,"7,6,7",Men's Singles Hsing Family
91267,1150995,"4,-4,-8,7,9",U17 Boys' Singles
58286,1184714,"3,2,4",30 & Over Women's Singles
85545,3841,"-11,6,7,8",Men's 65+ Singles
277839,1174326,"5,7,-9,3",U1600 Junior
98257,271061,"-10,-9,4,9,1",U2200-Prelims
265238,1177045,"6,7,8",U1900 Junior
1171668,91872,"7,8,7",U1900 Adult
1176550,272825,"8,-8,9,9",U1900 Junior
1178675,222064,"2,5,5",U1600 Adult
1178563,1179256,"6,10,-9,1",U1600 Junior
49321,61392,"-9,5,9,-6,6",U1800 Adult
221166,272422,"-8,9,-9,6,9",U1800 Adult-Prelims
1171292,1174545,"4,9,3",U15 Boys' Singles
1171106,5021,"4,-7,7,9",U1800 Adult-Prelims
276426,1174322,"5,5,6",U1200 Junior
1174318,274466,"7,7,-8,-9,7",U1700 Junior
222696,1168383,"13,6,9",U1700 Adult-Prelims
1165421,1132365,"-7,4,-8,7,6",U2400-Prelims
1177173,1182438,"7,-9,7,11",U1500 Junior
222815,267433,"6,4,6",U15 Girls' Singles
5442,80797,"4,5,9",Men's 60+ Singles
55345,5724,"5,7,11",Men's 65+ Singles
84273,223150,"8,4,14",U2400
271596,17161,"13,8,5",U2200
211647,217364,"3,10,5",U1900 Adult
221166,1168670,"6,6,2",U1800 Adult
273085,280046,"7,-10,7,9",U15 Boys' Singles
279803,1177045,"2,3,9",U11 Boys' Singles
211903,1177832,"1,5,5",U1700 Adult
264741,262940,"3,9,3",U1400 Adult
1182631,270836,"13,4,-16,6",U1700 Junior
274913,277491,"9,7,10",U1200 Junior
216131,265134,"8,6,8",30 & Over Men's Singles
98280,1178073,"5,5,6",U1200 Adult-Prelims
10533,274555,"7,1,4",30 & Over Men's Singles
231177,1157628,"14,3,-9,4",U15 Girls' Singles
1164236,266395,"10,5,7",U2400
283252,1178675,"8,9,12",U1600 Adult-Quarters
80797,224099,"7,7,-10,10",U1800 Adult
1173994,1178677,"12,4,-9,8",U1300 Junior
1165421,271583,"5,6,8",U13 Boys' Singles
271583,1176550,"-8,5,8,-9,7",U13 Boys' Singles
270404,284188,"1,1,3",Women's 40+ Singles
94609,220808,"3,2,-10,9",Men's Singles Hsing Family-Prelims
56456,222696,"4,3,5",30 & Over Men's Singles
1164236,1176627,"8,6,7",U17 Boys' Singles
264196,1176448,"11,7,-7,-7,6",U1400 Junior-Semis
58286,92990,"5,4,9",Women's 40+ Singles
10533,269985,"9,1,5",U2600
45824,78310,"-6,10,9,8",U2000 Adult
1182438,270836,"6,8,-6,-8,3",U1600 Junior
1171643,272059,"4,6,3",U13 Girls' Singles
5710,10959,"9,10,8",Men's 80+ Singles-Semis
223243,231514,"10,-7,11,8",U2000 Junior
1168516,265238,"11,-4,8,6",U2000 Junior-Prelims
274350,278584,"9,8,2",U1900 Junior
1131757,20075,"10,3,-4,7",U2400
33931,1173092,"9,6,4",U1300 Adult
275877,278872,"2,7,9",U13 Boys' Singles
203221,220237,"-1,-2,8,6,8",U2000 Junior-Finals
93758,211820,"-7,5,9,10",U17 Boys' Singles-Prelims
264543,57866,"8,8,3",U1900 Adult
1165422,269440,"-7,6,10,6",U19 Boys' Singles
30199,270404,"4,-14,4,14,-6",Women's 50+ Singles-Finals
276539,1180500,"2,2,6",U1700 Adult
1181160,1178073,"6,-6,10,8",U1700 Adult
272975,275200,"8,-5,6,6",U1500 Junior
269965,267433,"12,5,10",U13 Girls' Singles-Semis
1169576,95653,"2,5,5",U2200
222696,61392,"10,-2,10,5",U2000 Adult
93758,1173263,"6,5,4",U17 Boys' Singles
272737,1171668,"-6,5,-8,9,7",U2200
218837,220298,"11,12,5",Women's Singles Hsing Family
1171128,271596,"8,18,-11,-11,8",U15 Girls' Singles
266075,271876,"5,5,6",U1600 Junior
264013,45824,"8,13,-3,11",U2200
271061,275965,"5,2,7",U2200
220237,1172200,"5,9,9",U17 Boys' Singles
222064,1173092,"8,4,7",U1400 Adult
266075,277242,"8,-10,-8,8,10",U1600 Junior-Prelims
280415,270837,"5,5,8",U17 Boys' Singles
81774,264196,"4,7,6",Men's Singles Hsing Family
3841,269408,"-8,12,9,6",U2000 Adult
264662,271061,"-9,9,-8,8,7",U15 Boys' Singles-Prelims
279803,275292,"8,7,5",U1000 Junior-Quarters
4594,110466,"10,6,-7,4",Men's 40+ Singles-Finals
1178504,1173728,"5,5,11",U1600 Junior
266395,223243,"9,-5,-8,7,7",U2000 Junior
1169772,275657,"6,9,7",U1900 Junior
59922,230805,"6,9,10",U2400-Quarters
275947,1176556,"7,9,-7,3",U1800 Junior
221166,95653,"-6,9,11,4",U2000 Adult
1168670,1184629,"4,6,8",U1500 Adult
220808,91031,"-9,8,7,5",U19 Boys' Singles-Quarters
30198,222696,"9,6,3",Men's 40+ Singles
1171292,57949,"12,9,-4,8",U2400-Prelims
217130,270851,"3,9,8",U2400
1168383,1177832,"6,-8,8,4",U1500 Adult
221166,27885,"6,8,-8,6",U1800 Adult
72193,94609,"4,-9,12,7,4",Men's Singles Hsing Family-Finals
1172851,280046,"9,5,6",Men's Singles Hsing Family
264662,27767,"1,3,7",U2400
198840,224231,"8,-8,-8,8,8",U17 Girls' Singles-Quarters
1171128,274912,"1,3,3",U19 Girls' Singles
275824,221992,"3,8,3",U1500 Adult
1177768,268640,"8,5,2",U1800 Junior-Semis
1173545,1175782,"-8,11,7,-8,6",U2000 Junior
3841,3920,"5,5,4",Men's 70+ Singles
91031,230805,"5,10,4",U19 Boys' Singles-Prelims
222276,1176627,"7,7,7",U15 Boys' Singles
1171643,279282,"2,2,2",U11 Girls' Singles
1167093,1173092,"5,4,3",U1500 Adult
280607,275739,"6,-8,3,8",U1500 Adult
264662,265648,"3,9,7",U2400
270194,95193,"-2,9,2,4",U1700 Adult-Prelims
91612,267187,"2,8,3",U1000 Adult
277441,279591,"2,5,4",U1500 Junior
277839,1184713,"4,8,5",U1200 Junior
224072,1174461,"6,6,-8,5",U1900 Junior
1150995,222276,"-2,10,-9,6,9",U15 Boys' Singles-Semis
276426,276162,"9,-7,4,-8,6",U1000 Junior
1175978,1175891,"5,8,-1,-8,4",U1300 Adult
79101,40278,"6,7,7",Men's 40+ Singles
277839,1179018,"-8,6,10,-9,13",U1200 Junior
1175782,1179779,"3,6,4",U1800 Junior
275290,1178563,"8,7,5",U1600 Junior
276426,275292,"-8,8,2,3",U1200 Junior
55345,9501,"5,-8,6,7",Men's 60+ Singles
265238,270837,"8,3,6",U2000 Junior
275877,274683,"8,5,3",U1900 Junior
279820,277441,"5,8,7",U11 Girls' Singles
1172851,1172399,"5,8,6",U17 Boys' Singles
270709,270900,"-10,9,9,9",U2000 Junior
280607,264741,"6,-13,9,9",U1200 Adult
1173263,1166389,"5,12,4",U2200
202990,1176626,"8,-7,3,3",U2600
283252,264741,"2,9,6",U1400 Adult
57949,1171668,"-12,3,3,5",30 & Over Men's Singles
10916,20101,"-9,3,2,-8,8",Men's 70+ Singles
223243,1176771,"6,6,-8,4",U2000 Junior
14730,271583,"5,10,8",Men's Singles Hsing Family
85544,1172775,"6,4,8",Women's 65+ Singles
224072,223040,"10,9,7",U2000 Junior
1176626,20075,"6,8,7",U2200
256412,284007,"7,-11,6,6",U19 Boys' Singles
230237,1170842,"9,1,5",U17 Girls' Singles
270991,1174545,"-8,8,-7,8,6",U13 Boys' Singles
59922,1172476,"3,7,8",Men's 40+ Singles
275929,1184714,"8,6,1",U1500 Adult
1180148,1172006,"9,-6,8,7",U1000 Junior
1174326,1174615,"4,8,7",U1200 Junior
1171466,271890,"4,5,9",U17 Boys' Singles
283252,1174431,"7,9,6",U1600 Adult
229714,1165422,"8,6,7",U2600
1168383,221595,"8,7,-11,8",U1500 Adult
277526,263580,"7,-5,8,7",U1500 Junior
274913,1174326,"7,7,-6,-6,7",U1300 Junior
273646,277441,"8,9,5",U2000 Junior
1171466,1172476,"5,8,7",Men's Singles Hsing Family
40278,90115,"-7,-3,7,8,6",U2000 Adult
275739,264741,"-9,9,6,6",U1600 Adult
1170443,1176627,"10,-12,6,6",U1800 Junior-Prelims
274995,279282,"6,5,4",U1400 Junior
264662,270832,"-8,4,6,6",U15 Boys' Singles
269570,1174062,"4,8,6",U13 Boys' Singles
54175,271501,"6,6,2",Women's 50+ Singles
97365,264196,"8,5,5",Men's Singles Hsing Family
58286,202991,"7,9,7",Women's 40+ Singles-Finals
1175430,1181699,"9,-3,8,-5,10",U1500 Adult
263284,1176627,"14,6,4",U13 Boys' Singles
1180983,1177782,"11,8,6",U1300 Junior
270404,54175,"-8,6,8,0",Women's 50+ Singles-Semis
86433,211647,"-12,-8,6,9,8",U1900 Adult-Prelims
14730,1168383,"3,7,-6,3",U1900 Adult
274350,1170751,"8,3,8",U2200
271876,277246,"5,-9,7,9",U1700 Junior
224231,1171867,"12,2,8",U15 Girls' Singles
270710,271860,"3,5,8",U1300 Junior
1174431,231503,"5,-6,7,8",U1700 Adult
202029,217143,"-6,10,10,5",U17 Boys' Singles-Quarters
1177782,278846,"1,6,6",U1500 Junior
222763,264013,"6,9,8",U15 Girls' Singles
220808,1178504,"5,6,8",U19 Boys' Singles
270444,218830,"2,-10,5,-8,8",U15 Boys' Singles
84897,18298,"5,9,7",U2600
211982,1178071,"7,-6,9,3",U2600-Semis
219347,231177,"-8,7,6,4",U2400
80797,231503,"6,5,5",U1800 Adult
280415,269570,"5,4,3",U2200-Prelims
10533,83534,"6,5,5",Men's 50+ Singles
215307,229714,"9,-9,7,9",U21 Men's Singles Hsing Family-Prelims
1165421,1177768,"4,8,6",U15 Boys' Singles
94469,218159,"4,4,3",30 & Over Men's Singles
87893,1177832,"4,9,9",U2000 Adult
93758,92994,"7,6,5",Men's Singles Hsing Family
5021,1165054,"7,-6,7,6",U1800 Adult
221549,268620,"5,3,5",U15 Boys' Singles
1175146,1174322,"6,11,9",U1500 Junior
1182438,275101,"7,6,6",U1400 Junior
1164626,283878,"2,7,6",U1300 Adult
268620,1179255,"-5,7,8,7",U2000 Junior
1170609,1177173,"7,8,10",U13 Boys' Singles
270911,274994,"-6,9,7,-5,8",U13 Boys' Singles-Quarters
1170609,284216,"3,5,-8,-9,14",Men's Singles Hsing Family
270710,230139,"5,9,7",U1200 Junior
219347,220128,"5,6,5",U2200
217235,274466,"5,9,7",U15 Boys' Singles
277359,272608,"-5,7,7,9",U1300 Adult
220808,62089,"9,6,6",U2600-Prelims
94469,40278,"-6,6,7,13",U2600
268150,1165461,"8,-9,2,7",U1500 Adult
231177,1184713,"0,7,2",U19 Girls' Singles
72193,84903,"9,4,10,10",Men's Singles Hsing Family-Semis
275965,270832,"9,-9,9,10",U2000 Junior
1171226,1178677,"7,12,10",U1200 Junior
229780,1181183,"-10,6,7,4",U1200 Adult
93758,215306,"-8,-7,7,8,8",U17 Boys' Singles-Finals
274683,1178677,"6,5,9",U1800 Junior
224072,270900,"9,-10,9,-9,2",U13 Boys' Singles
276539,1178675,"8,7,8",U2000 Adult
273762,270900,"11,10,-8,-9,9",U1900 Junior-Prelims
1176448,1179256,"7,-9,6,4",U1400 Junior
59922,26027,"8,8,5",Men's 40+ Singles
1180983,279803,"-4,3,9,-8,8",U1300 Junior-Quarters
270437,1172200,"6,9,-7,9",U1900 Junior
249948,24961,"6,9,6",U2000 Adult
219210,98155,"9,8,4",U19 Girls' Singles-Prelims
1170759,1170842,"4,7,4",U15 Girls' Singles
1169772,273260,"8,7,7",U1900 Junior
284007,271890,"-5,6,10,6",U1700 Junior
8144,198570,"6,8,2",Men's 40+ Singles
1178073,1171942,"9,6,7",U1300 Adult
98280,60268,"2,6,4",U1200 Adult
1173728,277186,"5,5,8",U1600 Junior
1178675,13411,"5,2,5",U1700 Adult
1171867,1157628,"10,7,-6,-8,7",U19 Girls' Singles
71560,203231,"6,-6,8,9",U1800 Adult
98280,1177832,"9,6,8",U1300 Adult
1173994,1178096,"10,9,4",U1000 Junior
1177045,274913,"8,-8,-9,3,11",U1500 Junior
282936,1180451,"9,3,-9,5",U1000 Adult
280415,276539,"5,4,9",U2400
275965,1174322,"5,9,4",U1700 Junior
1164626,272608,"8,9,6",U1200 Adult
271876,275694,"-3,14,10,6",U2000 Junior
1175416,278584,"9,5,-8,7",U2400
229780,282830,"3,7,3",U1000 Adult
270404,284188,"1,1,6",30 & Over Women's Singles
229780,1180451,"4,3,10",U1200 Adult
22286,61392,"2,3,2",Men's 50+ Singles
1170751,273772,"7,11,-7,8",U2000 Junior
1177768,1180947,"5,5,8",U1800 Junior
90957,265134,"6,9,7",U1800 Adult
264662,223040,"4,7,9",U19 Boys' Singles
1177173,270393,"-9,-7,7,5,8",U2000 Junior
284008,282199,"9,2,6",U1000 Adult
211647,20075,"3,4,5",U1900 Adult
274995,1176049,"4,6,8",U1600 Junior
91031,212806,"5,7,4",U21 Men's Singles Hsing Family-Prelims
269570,223040,"6,2,2",U15 Boys' Singles
79820,1172476,"6,2,2",U1900 Adult
1174330,86586,"13,-9,-8,4,10",Men's Singles Hsing Family
230805,80503,"12,9,8",U2400-Prelims
1165422,263580,"-9,7,8,9",U15 Boys' Singles
1174545,279803,"8,7,3",U11 Boys' Singles
270203,274622,"-12,2,6,7",U1600 Junior
269985,1171867,"5,6,-8,-6,8",U17 Girls' Singles
268620,272224,"9,-7,6,9",U2000 Junior
231177,270203,"9,-7,-8,8,7",U1900 Junior
280414,1174461,"9,2,2",U2400
3841,1174431,"8,7,6",Men's 65+ Singles
81571,223775,"8,5,2",Men's 60+ Singles
229780,222064,"5,-8,5,7",U1400 Adult
85545,80797,"7,5,5",U1900 Adult
16465,82256,"7,5,5",U2400
1171668,37020,"-7,7,-7,8,3",U2200
1173994,1184533,"-6,8,8,9",U1200 Junior
1176242,1165105,"4,7,7",U15 Girls' Singles
1171106,1131757,"6,5,-7,-9,9",U1800 Adult-Prelims
229780,1171942,"6,-9,6,6",U1000 Adult
276162,1174615,"7,5,5",U1200 Junior
273646,263580,"2,3,3",U17 Boys' Singles
1170759,1176700,"4,3,1",U13 Girls' Singles
93102,50664,"8,5,-8,7",U2400
274350,88195,"4,8,4",U2200
264662,278584,"2,5,2",U13 Boys' Singles
268979,1184713,"1,5,0",U13 Girls' Singles
270846,1174322,"4,7,5",U13 Girls' Singles
85544,283878,"5,7,10",Women's 50+ Singles
94028,1180500,"4,2,3",U21 Men's Singles Hsing Family
263284,274913,"4,6,7",U13 Boys' Singles
26027,14730,"-10,8,3,7",Men's 50+ Singles
223757,272224,"5,7,-8,-9,10",U2000 Junior
8144,198570,"4,5,4",Men's 50+ Singles-Quarters
275824,270905,"5,5,10",U1500 Adult-Finals
264662,271489,"1,5,5",U17 Boys' Singles
98041,28551,"17,8,4",U2000 Adult-Prelims
1157745,264543,"4,12,10",U2400
274994,275947,"1,4,3",U11 Boys' Singles
1168516,16465,"10,9,-6,8",U2400
275947,1179256,"4,7,6",U1200 Junior
276927,18868,"3,2,8",U2000 Adult
1171127,1171643,"2,6,9,-8",U11 Girls' Singles-Semis
1168516,223040,"6,6,4",U19 Boys' Singles
275965,275290,"4,4,7",U1700 Junior
271596,276835,"-10,6,5,7",U2000 Junior
280415,45824,"2,4,1",U2400
219237,220298,"-8,8,10,7",U2600
219237,83332,"-9,8,2,7",U2400
1180947,1176555,"-8,9,-11,12,3",U1400 Junior
275290,277186,"7,5,10",U1500 Junior
273085,271344,"8,8,-7,-9,8",U2000 Junior
1171856,271061,"6,-8,6,4",U11 Boys' Singles-Semis
1171292,217519,"6,5,7",Men's Singles Hsing Family
229714,56456,"7,4,9",Men's Singles Hsing Family
1166449,19736,"5,7,-4,-10,5",U2600
16465,81571,"4,8,7",Men's 60+ Singles-Quarters
270083,272825,"0,3,4",U15 Girls' Singles
5724,4485,"7,-8,4,7",Men's 75+ Singles
273085,1178504,"8,8,8",U1800 Junior
79820,1174330,"-5,6,7,3",U2400
1182632,276927,"8,7,9",U2200
197388,219405,"5,8,-10,3",U19 Boys' Singles
74947,270194,"5,6,6",U2200
271883,271260,"-8,5,8,6",U2200-Prelims
220666,79603,"3,3,3",30 & Over Women's Singles
84903,89338,"-7,-6,6,6,6,10",Men's Singles Hsing Family-Quarters
1168670,1165117,"15,-14,10,7",U1600 Adult
218159,10419,"7,7,6",Men's 40+ Singles
1171665,277441,"7,5,3",U13 Girls' Singles
276162,1178448,"8,5,6",U1200 Junior
1180174,4373,"3,5,8",Parkinson Open
79092,57866,"9,3,9",30 & Over Men's Singles
9501,3727,"-7,8,9,7",Men's 65+ Singles
221549,1166389,"5,4,3",U17 Boys' Singles
94462,83534,"4,4,9",Men's 50+ Singles
222971,231177,"9,4,4",U15 Girls' Singles
271883,927185,"14,-8,7,9",U2000 Junior-Quarters
222763,267433,"5,9,9",U19 Girls' Singles-Quarters
217130,219347,"-10,7,-10,5,7",U19 Boys' Singles
211821,222517,"3,3,6",Men's Singles Hsing Family
1171867,272825,"5,4,10",U15 Girls' Singles
1177768,276835,"5,9,9",U1800 Junior
97365,270194,"7,9,9",U2000 Adult
275037,275200,"2,7,4",U13 Boys' Singles
275292,274913,"8,3,-1,9",U1300 Junior
273772,279803,"12,12,-5,4",U1600 Junior-Prelims
59330,1179255,"2,10,6",U2200
224072,270832,"6,3,5",U15 Boys' Singles
1174461,1176627,"-7,4,9,12",U2000 Junior
1150994,276927,"10,10,6",U2000 Adult
271883,1172399,"-8,10,7,-8,10",U15 Boys' Singles
264196,218713,"13,2,2",U1400 Junior-Quarters
1170443,1177173,"4,-3,9,12",U1800 Junior
11877,224231,"7,7,8",U2200-Prelims
59922,30198,"2,9,5",30 & Over Men's Singles-Prelims
276162,1174326,"9,6,-9,-5,9",U1200 Junior
45824,276539,"5,5,9",U2400
215307,1174330,"2,5,4",U19 Boys' Singles
217235,19736,"1,9,5",Men's Singles Hsing Family
30198,264944,"-10,5,8,9",U2200
1150995,1171856,"-8,-3,7,2,5",U15 Boys' Singles-Prelims
1180983,273132,"-7,-10,12,10,8",U1300 Junior-Semis
273218,277441,"2,7,4",U1500 Junior-Prelims
91612,1165117,"-7,8,7,9",U1300 Adult
81571,3836,"-8,14,-6,8,9",Men's 60+ Singles
220128,275290,"-6,-9,1,8,4",U1600 Junior
272975,1174326,"10,4,4",U1600 Junior
271583,1176700,"8,-1,1,3",U1900 Junior
11877,83562,"4,1,5",30 & Over Men's Singles
92994,220260,"-3,9,7,5",U2000 Adult-Prelims
269440,268640,"7,-5,9,10",U13 Boys' Singles
219210,221340,"9,3,8",Women's Singles Hsing Family
1182438,1173994,"8,-7,5,-7,5",U1500 Junior
1173129,1182631,"7,-6,-11,7,6",U1900 Junior
1169772,222517,"-3,6,8,6",Men's Singles Hsing Family
88195,1185322,"-10,-5,9,8,7",U1500 Adult
1166389,271489,"-6,4,-8,10,7",U2200
223150,272196,"8,2,4",U15 Boys' Singles
79092,1150977,"8,3,-7,5",U2200-Prelims
271425,1174369,"7,10,5",U2000 Junior
1167093,1183304,"3,5,3",U1500 Adult
219405,26027,"-8,6,-4,8,6",U2200
272196,220128,"-4,6,-9,7,9",U1600 Junior-Quarters
203221,18298,"-9,5,-5,7,9",U2200
98257,271883,"1,4,10",U2200-Prelims
275657,277491,"8,1,6",U13 Girls' Singles
1182632,273772,"5,-6,6,10",U1800 Junior
224099,231503,"3,4,9",U1800 Adult
264276,1174461,"2,6,8",U2600
94133,1165422,"7,8,7",U2600
13020,8005,"9,8,9",Men's 70+ Singles-Semis
34134,281823,"2,8,2",U1800 Adult
1180983,1179018,"6,9,10",U1500 Junior
270905,283841,"9,9,9",U1700 Adult
223480,256412,"-5,4,-7,9,10",U19 Boys' Singles
1182438,280491,"6,8,9",U1400 Junior
1173539,81571,"3,3,7",U2400
81571,10393,"4,3,9",U2000 Adult
270710,276835,"8,-4,9,-4,8",U1600 Junior
270905,1178073,"-9,5,9,8",U1600 Adult
202990,197388,"8,13,7",U2600-Prelims
56456,276927,"4,8,7",U2200
270393,279820,"-4,7,6,8",U13 Girls' Singles
26027,1168383,"11,7,5",U2000 Adult
272422,59103,"6,6,5",U1700 Adult-Prelims
218150,83534,"8,4,5",U1900 Adult
1183304,1173092,"5,-9,9,3",U1500 Adult
270836,275657,"10,5,-9,11",U1600 Junior
284188,1180174,"7,6,8",U1000 Adult
272548,91612,"10,5,-9,7",U1300 Adult
198570,81571,"9,-10,9,-8,6",Men's 50+ Singles
271425,1174063,"4,4,3",U2200
1178448,271860,"-5,9,9,7",U11 Girls' Singles
1172699,1181699,"7,3,8",U1700 Adult
271425,271890,"10,4,7",U13 Boys' Singles
1150977,273772,"5,-6,1,9",U13 Boys' Singles
222815,270851,"7,8,8",U2600
222763,222815,"2,10,10",U15 Girls' Singles-Quarters
264662,275037,"6,6,6",U13 Boys' Singles-Quarters
271344,272059,"-11,-11,4,7,6",U1800 Junior
215165,221340,"-8,9,1,6",U17 Girls' Singles
268979,1131757,"9,1,-8,2",U2400
1176556,1179779,"-6,10,-9,8,7",U1500 Junior
272196,1177173,"7,5,8",U1700 Junior-Prelims
269440,1171226,"6,4,-5,8",U13 Boys' Singles
283842,1178677,"-7,10,11,6",U11 Girls' Singles
273085,231177,"7,-9,10,8",U1900 Junior-Prelims
271489,271890,"7,-9,9,-8,4",U1800 Junior
98262,217130,"4,-10,4,6",Men's Singles Hsing Family-Prelims
1176448,275101,"3,4,5",U1200 Junior
18298,85793,"9,6,-8,3",Men's Singles Hsing Family
280046,1176242,"-6,-11,7,8,13",U1800 Junior
1170751,275292,"5,4,4",U11 Boys' Singles
221549,274622,"3,4,3",U15 Boys' Singles
78310,13411,"-7,10,8,-5,14",U1900 Adult
27767,1178675,"-4,6,6,-6,10",U1900 Adult-Semis
223729,1174619,"6,7,7",U1200 Adult
270900,275965,"-9,8,8,6",U1900 Junior
98266,12948,"7,9,-12,-12,6",U2600
277839,1180148,"8,6,7",U1000 Junior
272975,1176448,"4,-5,8,-7,10",U1500 Junior
98257,1168383,"5,10,1",U2200
4594,217519,"7,6,5",Men's 50+ Singles
264662,1168516,"4,9,8",U19 Boys' Singles
221549,223040,"2,8,3",U17 Boys' Singles
11877,88195,"6,1,6",U2200
30198,1165461,"4,3,5",30 & Over Men's Singles
62089,280415,"7,5,-9,5",U2600
81327,24961,"9,6,7",U1800 Adult
1173728,1179256,"9,7,2",U11 Girls' Singles
10393,229850,"-7,2,9,8",Men's Singles Hsing Family
1178071,1166449,"5,1,6",U2600
222517,1168383,"-9,7,7,7",U1800 Adult
275824,276193,"5,3,8",U1500 Adult
80241,1174620,"2,0,9",Men's Singles Hsing Family
268640,1171226,"5,5,9",U13 Boys' Singles
1173129,1178448,"3,2,5",U13 Girls' Singles
264276,278584,"5,8,8",U17 Boys' Singles
270709,277246,"7,4,5",U1700 Junior
284007,271876,"-10,11,8,7",U1600 Junior
27885,29853,"9,12,5",U1600 Adult
268150,12141,"6,-6,12,-7,7",U1400 Adult-Finals
42342,76819,"-8,10,9,-6,10",Men's 65+ Singles
1175638,265134,"9,-8,-9,8,7",U2000 Adult
1181160,1175891,"1,5,1",U1300 Adult
218713,279916,"-9,7,-7,2,5",U1300 Junior
4594,10533,"5,7,5",Men's 50+ Singles-Semis
215165,1179780,"2,4,3",U15 Girls' Singles
1177782,278871,"8,4,4",U1300 Junior
269985,275657,"7,11,5",U13 Girls' Singles
219888,270991,"-10,7,7,7",U2200
218159,217364,"5,6,6",U1800 Adult-Prelims
279803,1178555,"7,-9,-5,4,8",U1000 Junior-Semis
268150,60268,"3,4,7",U1500 Adult
223757,1176049,"3,7,7",U1600 Junior
223480,284007,"-15,9,8,10",U19 Boys' Singles
31436,71560,"5,6,4",U2200
22286,12948,"7,8,-9,-7,7",Men's 50+ Singles-Quarters
264276,1171225,"5,-6,7,9",U17 Boys' Singles
220298,219210,"-9,7,7,13",U15 Girls' Singles-Quarters
1165421,1176555,"5,4,6",U15 Boys' Singles
98266,223480,"3,2,3",Men's Singles Hsing Family
280046,223757,"9,9,-11,7",U1800 Junior-Prelims
277519,281823,"6,2,-9,6",U1700 Adult
94133,223757,"8,3,-11,4",U2200
211821,1165422,"9,7,9",U2600
1171292,22286,"-5,6,9,8",Men's Singles Hsing Family
284187,30833,"4,8,-2,7",Women's 50+ Singles
218830,85793,"7,6,9",Men's Singles Hsing Family
217235,1150995,"-9,2,9,5",U15 Boys' Singles-Finals
1164236,86586,"7,5,3",Men's Singles Hsing Family
284008,280607,"-8,5,9,6",U1000 Adult
270305,270832,"11,5,9",U15 Boys' Singles
273218,1132453,"7,2,2",U1500 Junior
1176627,1170751,"8,6,-7,-9,8",U15 Boys' Singles
1179255,223757,"6,7,8",U2000 Junior
275947,277839,"8,-9,7,8",U1300 Junior
57949,20075,"6,2,2",U2400
197388,18298,"7,9,5",Men's Singles Hsing Family
94469,1174103,"7,7,3",U2400
218837,267433,"5,-8,5,4",U21 Women Singles Hsing Family
1170751,1180947,"-8,9,6,3",U1900 Junior
93758,94640,"3,13,8",Men's Singles Hsing Family-Prelims
266395,269440,"6,4,5",U15 Boys' Singles
10393,81327,"3,8,3",U1800 Adult
231503,1182428,"3,4,3",U1400 Adult
264276,229635,"8,7,8",U2400
217865,1170374,"5,4,2",U15 Boys' Singles
283252,262940,"4,5,2",U1400 Adult
26027,1172476,"7,10,7",Men's 40+ Singles
220824,1174063,"8,-9,10,5",U2200
197388,1173539,"9,-5,6,8",U2400-Finals
79092,270444,"5,6,5",U2600
1174545,221939,"7,7,8",U17 Boys' Singles
264897,224072,"5,3,8",U2200
217130,211821,"5,9,9",U21 Men's Singles Hsing Family
1172476,5724,"7,8,9",U1900 Adult
282830,284188,"-9,-5,9,9,6",Women's 50+ Singles
280415,1172851,"1,5,9",U2200-Prelims
1173259,264897,"10,9,-8,9",U15 Boys' Singles
275292,278872,"3,4,2",U1200 Junior
1169576,277491,"6,5,2",U13 Girls' Singles
80503,927185,"10,7,13",U2400
271883,217519,"-6,7,6,9",U2200
1174326,276520,"-8,8,4,2",U1400 Junior
222517,201842,"-9,8,6,8",U2000 Adult
231503,1175637,"-7,5,10,9",U1300 Adult
82256,276539,"-9,9,12,-8,8",30 & Over Men's Singles
79820,10393,"8,9,5",Men's 50+ Singles
270437,274683,"7,5,11",U1800 Junior
1169576,267363,"-9,2,8,9",U2400
269440,1174318,"12,-9,6,8",U2000 Junior
222971,1170842,"7,8,4",U19 Girls' Singles
110466,16465,"-6,4,4,4",Men's 40+ Singles-Semis
28551,1165054,"6,8,-9,1",U2000 Adult
280491,1172006,"7,3,4",U1000 Junior
274350,276426,"1,3,3",U15 Boys' Singles
212806,93102,"-6,8,3,-8,10",U2400-Prelims
270437,270832,"10,-9,4,5",U2000 Junior
212806,280414,"-9,7,3,11",U2400-Prelims
1169772,220128,"4,6,-4,8",U2000 Junior
231177,1176242,"4,4,2",Women's Singles Hsing Family
219237,1174545,"7,-9,9,7",U19 Boys' Singles
217235,1171292,"-6,8,5,2",U15 Boys' Singles-Quarters
1185321,229852,"-8,12,8,-8,3",U1600 Adult
268150,80797,"4,8,7",U1600 Adult
1178504,273132,"-5,4,4,-4,7",U1700 Junior
8429,42342,"4,2,4",Men's 65+ Singles
256702,263284,"-9,8,6,6",U13 Boys' Singles-Quarters
94028,219958,"9,-3,7,-7,7",U17 Boys' Singles
10916,80797,"8,-10,12,9",Men's 70+ Singles
215306,1172851,"6,10,2",U21 Men's Singles Hsing Family
1150995,271583,"5,11,5",U19 Boys' Singles
272196,275657,"8,8,-11,3",U1800 Junior
1171128,275694,"7,-9,8,8",U17 Girls' Singles
218837,231177,"1,9,2",U17 Girls' Singles
1177302,270710,"9,10,7",U1700 Junior
264662,1164236,"7,7,8",U15 Boys' Singles-Prelims
1174318,275290,"5,-6,10,7",U1800 Junior
230237,95331,"-6,6,6,6",U21 Women Singles Hsing Family
271061,263580,"6,11,9",U13 Boys' Singles
281823,60268,"9,7,7",U1400 Adult
272422,229852,"7,7,7",U1600 Adult
263580,1176550,"-5,11,5,-8,7",U15 Boys' Singles
268979,1178677,"6,8,6",U13 Girls' Singles
92943,1169772,"4,6,6",U2400
279916,275657,"-9,9,9,9",U11 Girls' Singles
221340,231177,"9,4,8",Women's Singles Hsing Family
59330,10393,"2,9,-7,10",U2400
1177767,270710,"9,-8,7,6",U1600 Junior
1179255,272224,"8,7,8",U2000 Junior
1179018,1179256,"2,3,3",U1400 Junior
276539,269408,"9,5,8",U1900 Adult
1171941,273132,"2,3,3",U2000 Junior
275037,278584,"8,7,9",U15 Boys' Singles
272586,274912,"4,6,5",U17 Girls' Singles
270900,277246,"8,4,7",U1900 Junior
271322,223757,"4,6,9",U1600 Junior-Prelims
1177173,1182631,"4,6,-6,6",U1500 Junior-Prelims
220808,81774,"6,4,8",U2600-Prelims
93758,1150977,"4,2,9",U17 Boys' Singles
271883,230139,"5,4,6",U17 Boys' Singles
84904,211982,"7,10,5",U21 Men's Singles Hsing Family-Semis
270837,218713,"1,6,6",U1800 Junior
265238,269570,"5,6,7",U2400
211647,203231,"-6,10,3,-10,8",U1800 Adult
274994,275877,"9,-9,3,5",U13 Boys' Singles
1181160,1173092,"6,1,3",U1200 Adult
1176448,274622,"-5,9,7,8",U1700 Junior
1157745,229714,"-7,9,-10,8,9",U17 Boys' Singles
271149,1182631,"2,4,5",U13 Boys' Singles
266075,1179256,"2,7,4",U1500 Junior
1178675,229498,"8,6,6",U1900 Adult
1179780,1165105,"4,9,-6,7",U1500 Junior
272196,271583,"11,11,9",U2000 Junior
270083,1171867,"5,-12,8,8",U15 Girls' Singles
57949,86586,"5,7,8",Men's 40+ Singles
61392,3841,"8,-5,4,6",Men's 60+ Singles
269408,57866,"4,9,6",30 & Over Men's Singles
264662,1176627,"7,5,7",U2400
220128,274683,"8,6,3",U2000 Junior
1170842,275694,"7,-10,-5,6,9",U15 Girls' Singles
1171856,1178563,"1,6,3",U11 Boys' Singles
219405,24961,"3,2,10",U2200
80241,270305,"9,4,9",U2600
9501,1178073,"4,6,4",30 & Over Men's Singles
266075,1172399,"7,-4,5,-6,7",U1800 Junior
202029,217235,"-4,7,-7,7,10",Men's Singles Hsing Family-Prelims
223150,1176627,"-9,-9,8,2,8",U17 Boys' Singles
94462,262940,"6,6,7",Men's 60+ Singles
1182632,1175139,"10,5,9",U2000 Junior
1165105,276520,"9,7,-11,7",U1000 Junior
1170751,1184523,"14,3,6",U1900 Junior-Prelims
28551,1172399,"3,8,8",U2200
218837,275694,"2,6,7",Women's Singles Hsing Family
231177,268640,"-7,8,-7,8,6",U1900 Junior-Prelims
1165421,270444,"9,8,9",U17 Boys' Singles
82025,1164236,"-5,-10,5,6,9",Men's Singles Hsing Family-Prelims
277519,274555,"8,9,-9,8",U1900 Adult
230805,217130,"-8,7,7,9",U19 Boys' Singles-Prelims
1174545,1179255,"9,10,-4,8",U15 Boys' Singles
270494,282569,"-6,-7,8,12,9",U1600 Adult
1168383,275929,"-7,7,-8,9,13",U1500 Adult-Quarters
30198,32895,"-10,8,9,10",30 & Over Men's Singles
218159,3920,"3,2,3",Men's 60+ Singles
223150,1175638,"3,3,5",U2600
12948,221166,"4,-7,8,9",Men's Singles Hsing Family
270083,1184713,"2,3,2",U19 Girls' Singles
230237,1176242,"8,7,4",U19 Girls' Singles
1165615,1172399,"8,-10,7,-4,5",U2000 Junior
215306,249948,"3,1,5",Men's Singles Hsing Family
27767,1174620,"4,3,6",U1900 Adult
203245,262940,"3,3,5",U1400 Adult
272975,276520,"-10,6,9,8",U1500 Junior
